datetime,open,high,low,close
2021-01-01 00:00:00,1.344655,1.344655,1.344655,1.344655
2021-01-01 04:00:00,1.344655,1.344655,1.344655,1.344655
2021-01-01 08:00:00,1.344655,1.344655,1.344655,1.344655
2021-01-01 12:00:00,1.344655,1.344655,1.344655,1.344655
2021-01-01 16:00:00,1.344655,1.344655,1.344655,1.344655
2021-01-01 20:00:00,1.344655,1.344655,1.344655,1.344655
2021-01-03 20:00:00,1.36579,1.36835,1.36558,1.36809
2021-01-04 00:00:00,1.36821,1.3696,1.366,1.36952
2021-01-04 04:00:00,1.36958,1.37024,1.36686,1.36879
2021-01-04 08:00:00,1.36815,1.37026,1.36647,1.36702
2021-01-04 12:00:00,1.36703,1.38398,1.3562,1.35766
2021-01-04 16:00:00,1.35766,1.35942,1.35421,1.35675
2021-01-04 20:00:00,1.35667,1.36397,1.334765,1.35713
2021-01-05 00:00:00,1.35712,1.3595,1.35624,1.35858
2021-01-05 04:00:00,1.35856,1.36107,1.35626,1.35704
2021-01-05 08:00:00,1.35714,1.36072,1.3555,1.35924
2021-01-05 12:00:00,1.35905,1.3604,1.35607,1.35941
2021-01-05 16:00:00,1.3593,1.36411,1.3593,1.36282
2021-01-05 20:00:00,1.36289,1.36337,1.3375,1.36271
2021-01-06 00:00:00,1.36271,1.36449,1.35927,1.36008
2021-01-06 04:00:00,1.3601,1.36585,1.36008,1.36585
2021-01-06 08:00:00,1.36577,1.36708,1.36209,1.36494
2021-01-06 12:00:00,1.36481,1.36536,1.35397,1.35503
2021-01-06 16:00:00,1.35503,1.36199,1.35421,1.36012
2021-01-06 20:00:00,1.35992,1.36274,1.33656,1.3624
2021-01-07 00:00:00,1.36241,1.36333,1.35732,1.36016
2021-01-07 04:00:00,1.36016,1.36094,1.35656,1.35813
2021-01-07 08:00:00,1.35811,1.3625,1.3563,1.35682
2021-01-07 12:00:00,1.35682,1.36132,1.35398,1.35467
2021-01-07 16:00:00,1.3549,1.35776,1.35334,1.35709
2021-01-07 20:00:00,1.35712,1.35727,1.33442,1.3569
2021-01-08 00:00:00,1.35677,1.35721,1.35395,1.35627
2021-01-08 04:00:00,1.35627,1.35879,1.35564,1.3578
2021-01-08 08:00:00,1.35777,1.3604,1.3559,1.35932
2021-01-08 12:00:00,1.35932,1.36358,1.35489,1.35931
2021-01-08 16:00:00,1.35917,1.3598,1.35439,1.35636
2021-01-08 20:00:00,1.35636,1.35695,1.35533,1.35656
2021-01-10 20:00:00,1.334395,1.35679,1.33435,1.35191
2021-01-11 00:00:00,1.35191,1.35293,1.34974,1.3506
2021-01-11 04:00:00,1.35062,1.35131,1.34832,1.34866
2021-01-11 08:00:00,1.34886,1.35156,1.34847,1.34852
2021-01-11 12:00:00,1.34857,1.34949,1.34522,1.34869
2021-01-11 16:00:00,1.34869,1.3535,1.34793,1.35263
2021-01-11 20:00:00,1.35263,1.35279,1.33192,1.35236
2021-01-12 00:00:00,1.35243,1.35305,1.35051,1.35221
2021-01-12 04:00:00,1.35212,1.35676,1.35157,1.35532
2021-01-12 08:00:00,1.35532,1.36057,1.35394,1.35873
2021-01-12 12:00:00,1.35871,1.36304,1.35804,1.36183
2021-01-12 16:00:00,1.3618,1.36672,1.36162,1.36639
2021-01-12 20:00:00,1.36633,1.367,1.33941,1.36675
2021-01-13 00:00:00,1.36677,1.388085,1.36677,1.36876
2021-01-13 04:00:00,1.36878,1.36998,1.36713,1.36812
2021-01-13 08:00:00,1.36794,1.36999,1.36537,1.36697
2021-01-13 12:00:00,1.36698,1.36935,1.36349,1.36366
2021-01-13 16:00:00,1.3637,1.36521,1.36132,1.36308
2021-01-13 20:00:00,1.36301,1.36506,1.33805,1.36477
2021-01-14 00:00:00,1.36474,1.36553,1.36167,1.36377
2021-01-14 04:00:00,1.36373,1.36582,1.36284,1.36552
2021-01-14 08:00:00,1.36566,1.36796,1.36345,1.36484
2021-01-14 12:00:00,1.36485,1.36829,1.36213,1.36824
2021-01-14 16:00:00,1.36778,1.37093,1.36693,1.36823
2021-01-14 20:00:00,1.36818,1.37017,1.36811,1.36831
2021-01-15 00:00:00,1.36825,1.36981,1.36751,1.36816
2021-01-15 04:00:00,1.36821,1.36842,1.36584,1.3662
2021-01-15 08:00:00,1.36629,1.3669,1.36376,1.36396
2021-01-15 12:00:00,1.36391,1.36417,1.35729,1.35843
2021-01-15 16:00:00,1.35851,1.36064,1.35755,1.35809
2021-01-15 20:00:00,1.35804,1.35895,1.35767,1.35836
2021-01-17 20:00:00,1.35887,1.35986,1.35699,1.35699
2021-01-18 00:00:00,1.35707,1.35897,1.35691,1.3576
2021-01-18 04:00:00,1.35767,1.35767,1.35519,1.35546
2021-01-18 08:00:00,1.35546,1.35605,1.35205,1.3549
2021-01-18 12:00:00,1.35488,1.35779,1.3531,1.35751
2021-01-18 16:00:00,1.35749,1.35877,1.35699,1.35858
2021-01-18 20:00:00,1.35868,1.35883,1.35767,1.35823
2021-01-19 00:00:00,1.35827,1.36148,1.35818,1.36062
2021-01-19 04:00:00,1.36061,1.36104,1.35848,1.36025
2021-01-19 08:00:00,1.36064,1.36265,1.35905,1.36142
2021-01-19 12:00:00,1.36142,1.36241,1.36044,1.36184
2021-01-19 16:00:00,1.36174,1.36362,1.36107,1.36323
2021-01-19 20:00:00,1.36315,1.3647,1.36273,1.36436
2021-01-20 00:00:00,1.36436,1.36571,1.36356,1.36513
2021-01-20 04:00:00,1.36515,1.36708,1.36475,1.36693
2021-01-20 08:00:00,1.36695,1.37165,1.36604,1.36779
2021-01-20 12:00:00,1.36784,1.3685,1.36249,1.36307
2021-01-20 16:00:00,1.36322,1.36597,1.36241,1.36448
2021-01-20 20:00:00,1.36448,1.36741,1.36435,1.36673
2021-01-21 00:00:00,1.36668,1.36843,1.36595,1.36811
2021-01-21 04:00:00,1.36812,1.37097,1.36792,1.36968
2021-01-21 08:00:00,1.36969,1.37458,1.36953,1.37174
2021-01-21 12:00:00,1.37199,1.37395,1.3708,1.3725
2021-01-21 16:00:00,1.3725,1.37355,1.37037,1.37235
2021-01-21 20:00:00,1.37246,1.37383,1.37215,1.37288
2021-01-22 00:00:00,1.37288,1.37359,1.37087,1.37172
2021-01-22 04:00:00,1.3717,1.37195,1.36637,1.36663
2021-01-22 08:00:00,1.36694,1.36992,1.36524,1.36675
2021-01-22 12:00:00,1.36683,1.36762,1.36373,1.36692
2021-01-22 16:00:00,1.36702,1.36932,1.36625,1.36833
2021-01-22 20:00:00,1.36833,1.36881,1.3674,1.3683
2021-01-24 20:00:00,1.36838,1.36912,1.36788,1.36857
2021-01-25 00:00:00,1.36857,1.370625,1.36778,1.37009
2021-01-25 04:00:00,1.37012,1.37233,1.36999,1.37181
2021-01-25 08:00:00,1.37179,1.372,1.36666,1.36901
2021-01-25 12:00:00,1.36901,1.36947,1.36528,1.36709
2021-01-25 16:00:00,1.36709,1.36822,1.36493,1.36632
2021-01-25 20:00:00,1.36632,1.36799,1.366,1.36768
2021-01-26 00:00:00,1.36768,1.36772,1.36605,1.36642
2021-01-26 04:00:00,1.36643,1.36665,1.36103,1.36117
2021-01-26 08:00:00,1.36132,1.36763,1.36115,1.36746
2021-01-26 12:00:00,1.36751,1.37443,1.36718,1.37422
2021-01-26 16:00:00,1.37413,1.37427,1.37197,1.37321
2021-01-26 20:00:00,1.37316,1.37422,1.37315,1.37412
2021-01-27 00:00:00,1.37414,1.37518,1.37271,1.37293
2021-01-27 04:00:00,1.37291,1.37589,1.37232,1.37536
2021-01-27 08:00:00,1.37522,1.37575,1.36994,1.37121
2021-01-27 12:00:00,1.37114,1.37223,1.36598,1.37058
2021-01-27 16:00:00,1.3703,1.37269,1.36824,1.36874
2021-01-27 20:00:00,1.36866,1.36961,1.36664,1.36709
2021-01-28 00:00:00,1.36713,1.36834,1.36516,1.36681
2021-01-28 04:00:00,1.36689,1.36804,1.364,1.36567
2021-01-28 08:00:00,1.36567,1.36753,1.36308,1.36484
2021-01-28 12:00:00,1.36489,1.37331,1.36387,1.37186
2021-01-28 16:00:00,1.37208,1.37457,1.37117,1.37412
2021-01-28 20:00:00,1.37412,1.37457,1.36949,1.37247
2021-01-29 00:00:00,1.37247,1.37264,1.37039,1.37056
2021-01-29 04:00:00,1.37046,1.37189,1.36933,1.36979
2021-01-29 08:00:00,1.36981,1.37138,1.36632,1.37114
2021-01-29 12:00:00,1.37103,1.37513,1.37004,1.37298
2021-01-29 16:00:00,1.37268,1.37345,1.36968,1.37015
2021-01-29 20:00:00,1.37014,1.37163,1.36924,1.37019
2021-01-31 20:00:00,1.37053,1.37077,1.36948,1.36977
2021-02-01 00:00:00,1.36977,1.3737,1.36951,1.37364
2021-02-01 04:00:00,1.37361,1.3753,1.37255,1.37371
2021-02-01 08:00:00,1.37365,1.37579,1.36981,1.37087
2021-02-01 12:00:00,1.37099,1.3727,1.36626,1.36666
2021-02-01 16:00:00,1.3666,1.36871,1.36643,1.36725
2021-02-01 20:00:00,1.36725,1.36801,1.36572,1.36759
2021-02-02 00:00:00,1.36751,1.3698,1.36663,1.36933
2021-02-02 04:00:00,1.36933,1.36937,1.36712,1.36765
2021-02-02 08:00:00,1.36773,1.37104,1.36644,1.36731
2021-02-02 12:00:00,1.36705,1.3681,1.36122,1.36285
2021-02-02 16:00:00,1.36291,1.36563,1.36278,1.36535
2021-02-02 20:00:00,1.36539,1.36693,1.36468,1.36593
2021-02-03 00:00:00,1.36593,1.36826,1.36593,1.36677
2021-02-03 04:00:00,1.36673,1.36723,1.36455,1.36723
2021-02-03 08:00:00,1.36698,1.38643,1.36288,1.36314
2021-02-03 12:00:00,1.36308,1.36679,1.36196,1.36443
2021-02-03 16:00:00,1.36463,1.3662,1.36361,1.3642
2021-02-03 20:00:00,1.36422,1.36528,1.36327,1.36498
2021-02-04 00:00:00,1.36498,1.36518,1.36066,1.36115
2021-02-04 04:00:00,1.36117,1.36165,1.35863,1.35916
2021-02-04 08:00:00,1.35915,1.36011,1.35669,1.3569
2021-02-04 12:00:00,1.35704,1.36976,1.35704,1.36575
2021-02-04 16:00:00,1.36579,1.3677,1.36515,1.36746
2021-02-04 20:00:00,1.36752,1.36788,1.36644,1.36722
2021-02-05 00:00:00,1.36722,1.36896,1.36666,1.36716
2021-02-05 04:00:00,1.36715,1.36876,1.36715,1.368
2021-02-05 08:00:00,1.36846,1.37119,1.36728,1.36885
2021-02-05 12:00:00,1.36889,1.374,1.36842,1.37226
2021-02-05 16:00:00,1.37242,1.37336,1.37119,1.37278
2021-02-05 20:00:00,1.37278,1.37389,1.37276,1.37359
2021-02-07 20:00:00,1.37282,1.374,1.37255,1.37381
2021-02-08 00:00:00,1.37381,1.3741,1.37234,1.37337
2021-02-08 04:00:00,1.37336,1.37414,1.37257,1.37356
2021-02-08 08:00:00,1.37347,1.37406,1.36836,1.36836
2021-02-08 12:00:00,1.36836,1.37444,1.36822,1.37423
2021-02-08 16:00:00,1.37422,1.37555,1.37228,1.37548
2021-02-08 20:00:00,1.37534,1.37575,1.37498,1.37564
2021-02-09 00:00:00,1.3757,1.3784,1.37489,1.37768
2021-02-09 04:00:00,1.37768,1.37876,1.37694,1.37827
2021-02-09 08:00:00,1.37822,1.37894,1.37615,1.37799
2021-02-09 12:00:00,1.37782,1.37978,1.37693,1.37962
2021-02-09 16:00:00,1.37961,1.3816,1.37818,1.38128
2021-02-09 20:00:00,1.38129,1.38202,1.38079,1.38156
2021-02-10 00:00:00,1.38157,1.38277,1.38027,1.38229
2021-02-10 04:00:00,1.38228,1.38293,1.38104,1.38285
2021-02-10 08:00:00,1.38286,1.38556,1.38199,1.3838
2021-02-10 12:00:00,1.38379,1.38662,1.38284,1.38446
2021-02-10 16:00:00,1.38448,1.38531,1.3839,1.3841
2021-02-10 20:00:00,1.38409,1.38411,1.382615,1.38308
2021-02-11 00:00:00,1.38309,1.3831,1.38208,1.38261
2021-02-11 16:00:00,1.38195,1.38206,1.38016,1.38042
2021-02-11 20:00:00,1.38043,1.38199,1.38039,1.38114
2021-02-12 00:00:00,1.38115,1.38144,1.37866,1.37906
2021-02-12 04:00:00,1.37907,1.38017,1.37855,1.37929
2021-02-12 08:00:00,1.37928,1.38072,1.37759,1.37824
2021-02-12 12:00:00,1.37825,1.38497,1.37809,1.38483
2021-02-12 16:00:00,1.38484,1.38626,1.3844,1.38492
2021-02-12 20:00:00,1.38493,1.38574,1.38459,1.38533
2021-02-14 20:00:00,1.38534,1.3871,1.38508,1.38691
2021-02-15 00:00:00,1.38692,1.39024,1.38658,1.38984
2021-02-15 04:00:00,1.38983,1.39098,1.38842,1.39034
2021-02-15 08:00:00,1.39033,1.39144,1.38907,1.39064
2021-02-15 12:00:00,1.39065,1.39129,1.38939,1.39126
2021-02-15 16:00:00,1.39127,1.39192,1.39025,1.39074
2021-02-15 20:00:00,1.39075,1.39151,1.39012,1.39141
2021-02-16 00:00:00,1.3914,1.39518,1.39122,1.39493
2021-02-16 04:00:00,1.39494,1.39494,1.39111,1.39114
2021-02-16 08:00:00,1.39113,1.39418,1.39085,1.39257
2021-02-16 12:00:00,1.39256,1.39347,1.38694,1.39272
2021-02-16 16:00:00,1.39272,1.39345,1.39001,1.39112
2021-02-16 20:00:00,1.39113,1.39145,1.3885,1.38854
2021-02-17 00:00:00,1.38853,1.38916,1.38621,1.38856
2021-02-17 04:00:00,1.38855,1.38988,1.38705,1.38796
2021-02-17 08:00:00,1.38795,1.39039,1.38555,1.38614
2021-02-17 12:00:00,1.38615,1.38853,1.38366,1.38513
2021-02-17 16:00:00,1.38512,1.38646,1.38297,1.38605
2021-02-17 20:00:00,1.38604,1.38663,1.38532,1.38662
2021-02-18 00:00:00,1.38661,1.38774,1.38471,1.38499
2021-02-18 04:00:00,1.38498,1.38681,1.38399,1.38641
2021-02-18 08:00:00,1.38642,1.39494,1.38619,1.39423
2021-02-18 12:00:00,1.39424,1.39862,1.3927,1.39463
2021-02-18 16:00:00,1.39454,1.39762,1.39439,1.39751
2021-02-18 20:00:00,1.3975,1.39806,1.39657,1.39675
2021-02-19 00:00:00,1.39674,1.39757,1.39516,1.39526
2021-02-19 04:00:00,1.39525,1.39857,1.39525,1.39827
2021-02-19 08:00:00,1.39826,1.40077,1.39725,1.3996
2021-02-19 12:00:00,1.3996,1.40357,1.399,1.4015
2021-02-19 16:00:00,1.40164,1.4027,1.40064,1.40135
2021-02-19 20:00:00,1.40136,1.40145,1.40014,1.40093
2021-02-21 20:00:00,1.40183,1.40316,1.40067,1.40275
2021-02-22 00:00:00,1.40276,1.40524,1.40116,1.40182
2021-02-22 04:00:00,1.40183,1.40268,1.39808,1.3992
2021-02-22 08:00:00,1.39919,1.40439,1.39856,1.40235
2021-02-22 12:00:00,1.40234,1.40689,1.40156,1.40517
2021-02-22 16:00:00,1.40526,1.40868,1.4045,1.40763
2021-02-22 20:00:00,1.40762,1.40763,1.4058,1.40679
2021-02-23 00:00:00,1.40678,1.40835,1.40628,1.40717
2021-02-23 04:00:00,1.40718,1.40864,1.40594,1.40845
2021-02-23 08:00:00,1.40844,1.40979,1.40668,1.40885
2021-02-23 12:00:00,1.40886,1.41137,1.40546,1.41057
2021-02-23 16:00:00,1.41066,1.4117,1.40896,1.41077
2021-02-23 20:00:00,1.41076,1.41208,1.41045,1.41193
2021-02-24 00:00:00,1.41194,1.42406,1.4116,1.41586
2021-02-24 04:00:00,1.41585,1.42077,1.41504,1.41799
2021-02-24 08:00:00,1.41798,1.41958,1.412,1.41362
2021-02-24 12:00:00,1.41361,1.41515,1.40922,1.4103
2021-02-24 16:00:00,1.41035,1.41256,1.40824,1.41238
2021-02-24 20:00:00,1.41237,1.41477,1.4119,1.41466
2021-02-25 00:00:00,1.41465,1.41508,1.4127,1.41445
2021-02-25 04:00:00,1.41444,1.41699,1.4122,1.41488
2021-02-25 08:00:00,1.41491,1.41754,1.41272,1.41346
2021-02-25 12:00:00,1.41345,1.4182,1.41307,1.41367
2021-02-25 16:00:00,1.41365,1.41366,1.40005,1.4034
2021-02-25 20:00:00,1.40348,1.40415,1.40038,1.40038
2021-02-26 00:00:00,1.40037,1.40219,1.39507,1.39859
2021-02-26 04:00:00,1.3986,1.39889,1.39147,1.39162
2021-02-26 08:00:00,1.3912,1.39611,1.38883,1.39271
2021-02-26 12:00:00,1.39272,1.39871,1.3908,1.39864
2021-02-26 16:00:00,1.39863,1.39863,1.39213,1.39436
2021-02-26 20:00:00,1.39467,1.39469,1.39206,1.3925
2021-02-28 20:00:00,1.39341,1.39797,1.39309,1.3974
2021-03-01 00:00:00,1.39741,1.39992,1.39708,1.39865
2021-03-01 04:00:00,1.39864,1.39988,1.39603,1.39632
2021-03-01 08:00:00,1.39631,1.39785,1.39275,1.3939
2021-03-01 12:00:00,1.39399,1.39619,1.39043,1.39368
2021-03-01 16:00:00,1.39368,1.39564,1.39042,1.39211
2021-03-01 20:00:00,1.39212,1.39305,1.39166,1.39291
2021-03-02 00:00:00,1.3929,1.39321,1.38718,1.38919
2021-03-02 04:00:00,1.3892,1.38948,1.38663,1.38764
2021-03-02 08:00:00,1.38801,1.39287,1.38592,1.39278
2021-03-02 12:00:00,1.39274,1.39516,1.38966,1.39477
2021-03-02 16:00:00,1.39478,1.3977,1.39418,1.39641
2021-03-02 20:00:00,1.39642,1.39719,1.39512,1.39542
2021-03-03 00:00:00,1.39543,1.39663,1.39503,1.39626
2021-03-03 04:00:00,1.39627,1.39888,1.39373,1.39815
2021-03-03 08:00:00,1.39814,1.40062,1.3946,1.39526
2021-03-03 12:00:00,1.39527,1.39784,1.39209,1.39745
2021-03-03 16:00:00,1.39746,1.3992,1.39538,1.39564
2021-03-03 20:00:00,1.39563,1.39664,1.39213,1.39213
2021-03-04 00:00:00,1.39214,1.39446,1.39212,1.39386
2021-03-04 04:00:00,1.39385,1.39685,1.39323,1.39556
2021-03-04 08:00:00,1.39543,1.39656,1.39172,1.39386
2021-03-04 12:00:00,1.39385,1.39985,1.39382,1.3991
2021-03-04 16:00:00,1.39915,1.40172,1.38835,1.38876
2021-03-04 20:00:00,1.3888,1.38994,1.38805,1.38937
2021-03-05 00:00:00,1.38936,1.39067,1.38677,1.39051
2021-03-05 04:00:00,1.39052,1.39057,1.38601,1.38722
2021-03-05 08:00:00,1.38721,1.38753,1.37887,1.38153
2021-03-05 12:00:00,1.38154,1.38694,1.37792,1.38169
2021-03-05 16:00:00,1.38181,1.38468,1.37948,1.38418
2021-03-05 20:00:00,1.38419,1.3854,1.38259,1.38426
2021-03-07 20:00:00,1.38126,1.38656,1.38126,1.3851
2021-03-08 00:00:00,1.38511,1.38593,1.38106,1.38124
2021-03-08 04:00:00,1.38125,1.38398,1.38004,1.3818
2021-03-08 08:00:00,1.3818,1.38525,1.38073,1.38349
2021-03-08 12:00:00,1.38348,1.38566,1.38064,1.38116
2021-03-08 16:00:00,1.3812,1.38469,1.38033,1.38374
2021-03-08 20:00:00,1.38373,1.38375,1.38152,1.38219
2021-03-09 00:00:00,1.3822,1.385065,1.3802,1.38469
2021-03-09 04:00:00,1.3847,1.3885,1.38276,1.38776
2021-03-09 08:00:00,1.38763,1.38995,1.38576,1.38734
2021-03-09 12:00:00,1.38733,1.39255,1.38663,1.38932
2021-03-09 16:00:00,1.38931,1.39029,1.38812,1.38974
2021-03-09 20:00:00,1.38973,1.39052,1.38841,1.38875
2021-03-10 00:00:00,1.38874,1.38927,1.38614,1.38676
2021-03-10 04:00:00,1.38677,1.38854,1.38457,1.38841
2021-03-10 08:00:00,1.38839,1.39144,1.38659,1.38694
2021-03-10 12:00:00,1.38695,1.39345,1.3855,1.39025
2021-03-10 16:00:00,1.39034,1.39345,1.38803,1.39327
2021-03-10 20:00:00,1.39329,1.39383,1.39266,1.39304
2021-03-11 00:00:00,1.39303,1.39407,1.3919,1.39335
2021-03-11 04:00:00,1.39336,1.3955,1.39255,1.39424
2021-03-11 08:00:00,1.39425,1.39638,1.39304,1.39593
2021-03-11 12:00:00,1.39592,1.39796,1.39398,1.39691
2021-03-11 16:00:00,1.3969,1.39883,1.39613,1.39876
2021-03-11 20:00:00,1.39875,1.39955,1.39838,1.39879
2021-03-12 00:00:00,1.39878,1.4005,1.3973,1.39777
2021-03-12 04:00:00,1.39778,1.39844,1.39356,1.39431
2021-03-12 08:00:00,1.3943,1.39533,1.38796,1.38853
2021-03-12 12:00:00,1.38852,1.39078,1.38636,1.38958
2021-03-12 16:00:00,1.38958,1.39354,1.38855,1.39232
2021-03-12 20:00:00,1.39231,1.39328,1.39156,1.3923
2021-03-14 20:00:00,1.39198,1.39321,1.39178,1.39299
2021-03-15 00:00:00,1.393,1.39498,1.39213,1.39269
2021-03-15 04:00:00,1.39267,1.39321,1.38961,1.39199
2021-03-15 08:00:00,1.39198,1.39476,1.3907,1.39088
2021-03-15 12:00:00,1.39089,1.393,1.38532,1.38626
2021-03-15 16:00:00,1.38625,1.39002,1.38618,1.39002
2021-03-15 20:00:00,1.39001,1.39048,1.38893,1.38985
2021-03-16 00:00:00,1.38986,1.39007,1.38659,1.38715
2021-03-16 04:00:00,1.38713,1.38764,1.38212,1.38268
2021-03-16 08:00:00,1.38269,1.38723,1.38093,1.38627
2021-03-16 12:00:00,1.38628,1.38951,1.38613,1.38903
2021-03-16 16:00:00,1.38902,1.39063,1.38841,1.38983
2021-03-16 20:00:00,1.38982,1.39044,1.38895,1.39024
2021-03-17 00:00:00,1.39023,1.39055,1.38785,1.389
2021-03-17 04:00:00,1.38899,1.39296,1.38783,1.39165
2021-03-17 08:00:00,1.39166,1.39241,1.38923,1.38974
2021-03-17 12:00:00,1.38975,1.39122,1.38673,1.38882
2021-03-17 16:00:00,1.38847,1.39665,1.38512,1.39636
2021-03-17 20:00:00,1.39637,1.39763,1.39545,1.39756
2021-03-18 00:00:00,1.39756,1.39777,1.39417,1.39428
2021-03-18 04:00:00,1.39427,1.40017,1.39362,1.39577
2021-03-18 08:00:00,1.39578,1.39939,1.39471,1.39601
2021-03-18 12:00:00,1.39602,1.39664,1.38975,1.39375
2021-03-18 16:00:00,1.39376,1.39526,1.39151,1.39233
2021-03-18 20:00:00,1.39221,1.39386,1.3922,1.39245
2021-03-19 04:00:00,1.39241,1.39567,1.39065,1.39499
2021-03-19 08:00:00,1.39541,1.39594,1.39083,1.39087
2021-03-19 12:00:00,1.39086,1.39174,1.38306,1.38713
2021-03-19 16:00:00,1.38707,1.38847,1.38616,1.38647
2021-03-19 20:00:00,1.38638,1.38715,1.38586,1.38677
2021-03-21 20:00:00,1.38414,1.38496,1.38297,1.38336
2021-03-22 00:00:00,1.38337,1.38476,1.3818,1.384045
2021-03-22 04:00:00,1.38403,1.38622,1.38368,1.38488
2021-03-22 08:00:00,1.38489,1.3877,1.38399,1.38706
2021-03-22 12:00:00,1.38707,1.38732,1.38213,1.38538
2021-03-22 16:00:00,1.38536,1.38717,1.38505,1.38589
2021-03-22 20:00:00,1.38588,1.38678,1.38568,1.38593
2021-03-23 00:00:00,1.38594,1.38625,1.38347,1.38475
2021-03-23 04:00:00,1.38474,1.3853,1.38218,1.38437
2021-03-23 08:00:00,1.38438,1.38439,1.37517,1.3775
2021-03-23 12:00:00,1.37749,1.38023,1.37691,1.37935
2021-03-23 16:00:00,1.37927,1.37928,1.37487,1.37498
2021-03-23 20:00:00,1.37489,1.37582,1.3724,1.37315
2021-03-24 00:00:00,1.37314,1.37429,1.37243,1.37271
2021-03-24 04:00:00,1.3727,1.37297,1.36742,1.3688
2021-03-24 08:00:00,1.36942,1.37332,1.3679,1.37117
2021-03-24 12:00:00,1.37116,1.37256,1.36963,1.37223
2021-03-24 16:00:00,1.37219,1.37334,1.36852,1.36871
2021-03-24 20:00:00,1.3687,1.36907,1.36801,1.36886
2021-03-25 00:00:00,1.36887,1.37084,1.36793,1.37001
2021-03-25 04:00:00,1.37,1.37043,1.36705,1.36785
2021-03-25 08:00:00,1.36784,1.3731,1.36709,1.36994
2021-03-25 12:00:00,1.36993,1.37417,1.36926,1.37221
2021-03-25 16:00:00,1.37222,1.37456,1.37167,1.37369
2021-03-25 20:00:00,1.37371,1.37485,1.37308,1.37467
2021-03-26 00:00:00,1.3747,1.37659,1.37455,1.37637
2021-03-26 04:00:00,1.37636,1.37734,1.37422,1.37649
2021-03-26 08:00:00,1.37648,1.37916,1.37632,1.3776
2021-03-26 12:00:00,1.37759,1.38127,1.37515,1.37915
2021-03-26 16:00:00,1.37916,1.37997,1.37761,1.37903
2021-03-26 20:00:00,1.37904,1.37966,1.37881,1.37905
2021-03-28 20:00:00,1.37877,1.37989,1.37838,1.37905
2021-03-29 00:00:00,1.37904,1.3791,1.37659,1.37789
2021-03-29 04:00:00,1.37788,1.38052,1.37569,1.37965
2021-03-29 08:00:00,1.37966,1.38453,1.37867,1.38429
2021-03-29 12:00:00,1.38428,1.3847,1.37647,1.37934
2021-03-29 16:00:00,1.37935,1.37977,1.37554,1.37657
2021-03-29 20:00:00,1.37658,1.37763,1.37588,1.37745
2021-03-30 00:00:00,1.37745,1.37814,1.37602,1.37773
2021-03-30 04:00:00,1.37774,1.37835,1.37423,1.37557
2021-03-30 08:00:00,1.37558,1.37799,1.3731,1.37335
2021-03-30 12:00:00,1.37334,1.3755,1.37063,1.37286
2021-03-30 16:00:00,1.37285,1.37324,1.37131,1.3726
2021-03-30 20:00:00,1.37261,1.37489,1.37233,1.37461
2021-03-31 00:00:00,1.3746,1.37513,1.37185,1.37275
2021-03-31 04:00:00,1.37277,1.37604,1.37178,1.37419
2021-03-31 08:00:00,1.37418,1.37948,1.37397,1.37699
2021-03-31 12:00:00,1.37698,1.38091,1.37555,1.37938
2021-03-31 16:00:00,1.37939,1.38122,1.37767,1.37845
2021-03-31 20:00:00,1.37844,1.37889,1.37755,1.37858
2021-04-01 00:00:00,1.37857,1.37909,1.3777,1.37818
2021-04-01 04:00:00,1.37817,1.37883,1.37462,1.3786
2021-04-01 08:00:00,1.37859,1.37961,1.37584,1.37857
2021-04-01 12:00:00,1.37858,1.38344,1.37821,1.38245
2021-04-01 16:00:00,1.38246,1.38367,1.3818,1.38337
2021-04-01 20:00:00,1.38337,1.38379,1.38278,1.38338
2021-04-02 00:00:00,1.38339,1.38505,1.38338,1.38454
2021-04-02 04:00:00,1.38453,1.38526,1.38331,1.38382
2021-04-02 08:00:00,1.38381,1.38417,1.38276,1.38298
2021-04-02 12:00:00,1.38297,1.38426,1.38128,1.38223
2021-04-02 16:00:00,1.38222,1.38398,1.38176,1.38358
2021-04-02 20:00:00,1.38357,1.38362,1.38198,1.38309
2021-04-04 20:00:00,1.382615,1.38322,1.38177,1.38305
2021-04-05 00:00:00,1.38304,1.38429,1.38224,1.38368
2021-04-05 04:00:00,1.38367,1.38404,1.38132,1.38383
2021-04-05 08:00:00,1.38382,1.38713,1.38369,1.38639
2021-04-05 12:00:00,1.38641,1.39137,1.38626,1.39064
2021-04-05 16:00:00,1.39063,1.39076,1.38983,1.39051
2021-04-05 20:00:00,1.39052,1.39155,1.38987,1.39127
2021-04-06 00:00:00,1.39125,1.39147,1.38898,1.3893
2021-04-06 04:00:00,1.38929,1.39188,1.38687,1.38803
2021-04-06 08:00:00,1.38804,1.38804,1.38179,1.38254
2021-04-06 12:00:00,1.38253,1.38664,1.3823,1.38483
2021-04-06 16:00:00,1.38482,1.38496,1.38021,1.38299
2021-04-06 20:00:00,1.383,1.38343,1.38201,1.38303
2021-04-07 00:00:00,1.38304,1.38401,1.382,1.3825
2021-04-07 04:00:00,1.38249,1.38321,1.37727,1.38062
2021-04-07 08:00:00,1.38061,1.3838,1.37931,1.38143
2021-04-07 12:00:00,1.38142,1.38142,1.37293,1.37556
2021-04-07 16:00:00,1.37555,1.37594,1.37246,1.3732
2021-04-07 20:00:00,1.37321,1.37439,1.37291,1.37417
2021-04-08 00:00:00,1.37416,1.37606,1.37327,1.3756
2021-04-08 04:00:00,1.37561,1.37826,1.37537,1.37643
2021-04-08 08:00:00,1.37641,1.37705,1.37186,1.37662
2021-04-08 12:00:00,1.37661,1.37739,1.37229,1.3738
2021-04-08 16:00:00,1.37379,1.37504,1.3728,1.37298
2021-04-08 20:00:00,1.37299,1.37377,1.37225,1.37337
2021-04-09 00:00:00,1.37338,1.37508,1.37294,1.37373
2021-04-09 04:00:00,1.37375,1.37376,1.36704,1.37035
2021-04-09 08:00:00,1.37034,1.37284,1.3691,1.37205
2021-04-09 12:00:00,1.37204,1.37448,1.36963,1.37312
2021-04-09 16:00:00,1.37313,1.37341,1.37103,1.37103
2021-04-09 20:00:00,1.37104,1.37121,1.37022,1.3708
2021-04-11 20:00:00,1.37105,1.37156,1.37011,1.37077
2021-04-12 00:00:00,1.37076,1.37134,1.36811,1.36903
2021-04-12 04:00:00,1.36904,1.37364,1.36693,1.37284
2021-04-12 08:00:00,1.37283,1.37689,1.37283,1.37625
2021-04-12 12:00:00,1.37626,1.37769,1.37314,1.37404
2021-04-12 16:00:00,1.37405,1.37512,1.37345,1.37381
2021-04-12 20:00:00,1.3738,1.37562,1.3738,1.37538
2021-04-13 00:00:00,1.37537,1.37537,1.37298,1.3732
2021-04-13 04:00:00,1.37319,1.37667,1.37261,1.37503
2021-04-13 08:00:00,1.37504,1.3769,1.37143,1.37241
2021-04-13 12:00:00,1.3724,1.37555,1.36945,1.37415
2021-04-13 16:00:00,1.37416,1.37579,1.37364,1.37577
2021-04-13 20:00:00,1.37576,1.3763,1.37497,1.37592
2021-04-14 00:00:00,1.37593,1.37732,1.375,1.37677
2021-04-14 04:00:00,1.37682,1.38002,1.37656,1.37838
2021-04-14 08:00:00,1.37837,1.38087,1.37547,1.37548
2021-04-14 12:00:00,1.37547,1.37994,1.37509,1.37894
2021-04-14 16:00:00,1.37895,1.37983,1.37786,1.37841
2021-04-14 20:00:00,1.3784,1.3784,1.3775,1.37781
2021-04-15 00:00:00,1.37779,1.37948,1.37676,1.37725
2021-04-15 04:00:00,1.37726,1.37987,1.37651,1.379325
2021-04-15 08:00:00,1.37933,1.3809,1.37616,1.37867
2021-04-15 12:00:00,1.37868,1.3807,1.37717,1.37796
2021-04-15 16:00:00,1.37797,1.37947,1.37735,1.37885
2021-04-15 20:00:00,1.37884,1.37884,1.37785,1.37836
2021-04-16 00:00:00,1.37835,1.37858,1.37527,1.37585
2021-04-16 04:00:00,1.37584,1.37687,1.37161,1.37561
2021-04-16 08:00:00,1.37566,1.38042,1.37441,1.3801
2021-04-16 12:00:00,1.38011,1.38271,1.37907,1.38248
2021-04-16 16:00:00,1.38249,1.38391,1.38171,1.3839
2021-04-16 20:00:00,1.38389,1.38457,1.38349,1.38358
2021-04-18 20:00:00,1.38345,1.38375,1.38174,1.38177
2021-04-19 00:00:00,1.38178,1.38401,1.38099,1.38333
2021-04-19 04:00:00,1.38332,1.38786,1.38328,1.38765
2021-04-19 08:00:00,1.38764,1.39315,1.38682,1.39296
2021-04-19 12:00:00,1.39297,1.3993,1.39243,1.39767
2021-04-19 16:00:00,1.39766,1.3991,1.39725,1.39882
2021-04-19 20:00:00,1.39881,1.39927,1.3982,1.39916
2021-04-20 00:00:00,1.39917,1.40084,1.39757,1.40013
2021-04-20 04:00:00,1.40014,1.40093,1.39864,1.39877
2021-04-20 08:00:00,1.39878,1.40006,1.39678,1.39716
2021-04-20 12:00:00,1.39715,1.39734,1.39337,1.39536
2021-04-20 16:00:00,1.39537,1.39548,1.39264,1.39356
2021-04-20 20:00:00,1.39357,1.39438,1.39319,1.3938
2021-04-21 00:00:00,1.39381,1.39498,1.39258,1.39291
2021-04-21 04:00:00,1.3929,1.39462,1.39103,1.39356
2021-04-21 08:00:00,1.39357,1.39474,1.3919,1.39206
2021-04-21 12:00:00,1.39207,1.39429,1.38857,1.3935
2021-04-21 16:00:00,1.39349,1.39395,1.39244,1.39284
2021-04-21 20:00:00,1.39283,1.39346,1.39231,1.39313
2021-04-22 00:00:00,1.39312,1.39497,1.39256,1.39372
2021-04-22 04:00:00,1.39374,1.39463,1.39243,1.39263
2021-04-22 08:00:00,1.39262,1.39265,1.38878,1.38947
2021-04-22 12:00:00,1.38946,1.38947,1.38269,1.3849
2021-04-22 16:00:00,1.38489,1.38583,1.38237,1.38371
2021-04-22 20:00:00,1.3837,1.38449,1.3835,1.3839
2021-04-23 00:00:00,1.38389,1.38636,1.38366,1.38584
2021-04-23 04:00:00,1.38583,1.38908,1.3853,1.38886
2021-04-23 08:00:00,1.38887,1.38955,1.38632,1.38864
2021-04-23 12:00:00,1.38865,1.38926,1.38358,1.38436
2021-04-23 16:00:00,1.38437,1.38902,1.38437,1.38854
2021-04-23 20:00:00,1.38855,1.38876,1.38756,1.38784
2021-04-25 20:00:00,1.38759,1.38813,1.38647,1.3865
2021-04-26 00:00:00,1.38651,1.39075,1.38651,1.39007
2021-04-26 04:00:00,1.39006,1.39295,1.38909,1.39248
2021-04-26 08:00:00,1.39249,1.39293,1.38823,1.38899
2021-04-26 12:00:00,1.389,1.39047,1.38659,1.38899
2021-04-26 16:00:00,1.389,1.39084,1.38776,1.39066
2021-04-26 20:00:00,1.39065,1.39065,1.38927,1.38949
2021-04-27 00:00:00,1.38948,1.39023,1.38749,1.38808
2021-04-27 04:00:00,1.3881,1.3901,1.38698,1.38866
2021-04-27 08:00:00,1.38865,1.39179,1.38588,1.3907
2021-04-27 12:00:00,1.39071,1.39241,1.38866,1.39075
2021-04-27 16:00:00,1.39076,1.39148,1.38967,1.39048
2021-04-27 20:00:00,1.39047,1.39121,1.38992,1.3903
2021-04-28 00:00:00,1.39031,1.39034,1.38739,1.38749
2021-04-28 04:00:00,1.3875,1.38921,1.38626,1.38738
2021-04-28 08:00:00,1.38739,1.3897,1.38611,1.38783
2021-04-28 12:00:00,1.38782,1.3923,1.38643,1.39157
2021-04-28 16:00:00,1.39158,1.39504,1.38895,1.3946
2021-04-28 20:00:00,1.39459,1.39565,1.3935,1.39544
2021-04-29 00:00:00,1.39545,1.39767,1.39399,1.39446
2021-04-29 04:00:00,1.39447,1.39699,1.39426,1.39629
2021-04-29 08:00:00,1.3963,1.39674,1.39323,1.39489
2021-04-29 12:00:00,1.39488,1.39663,1.39379,1.39546
2021-04-29 16:00:00,1.39545,1.39548,1.39348,1.39504
2021-04-29 20:00:00,1.39505,1.39526,1.39383,1.39503
2021-04-30 00:00:00,1.39504,1.39585,1.39424,1.39465
2021-04-30 04:00:00,1.39464,1.3951,1.3909,1.39147
2021-04-30 08:00:00,1.39148,1.39236,1.39012,1.39065
2021-04-30 12:00:00,1.39064,1.39134,1.38074,1.38367
2021-04-30 16:00:00,1.3837,1.38421,1.38034,1.38112
2021-04-30 20:00:00,1.38111,1.38218,1.38111,1.38172
2021-05-02 20:00:00,1.38148,1.38228,1.38117,1.38188
2021-05-03 00:00:00,1.38189,1.38358,1.3812,1.38254
2021-05-03 04:00:00,1.38255,1.38462,1.3801,1.38415
2021-05-03 08:00:00,1.38416,1.38785,1.38363,1.38709
2021-05-03 12:00:00,1.3871,1.39319,1.38668,1.39118
2021-05-03 16:00:00,1.39119,1.3915,1.39049,1.39071
2021-05-03 20:00:00,1.39072,1.39149,1.38993,1.39032
2021-05-04 00:00:00,1.39031,1.39054,1.38761,1.38786
2021-05-04 04:00:00,1.38787,1.38924,1.38514,1.38674
2021-05-04 08:00:00,1.38675,1.38913,1.38559,1.38635
2021-05-04 12:00:00,1.38634,1.38917,1.38386,1.38719
2021-05-04 16:00:00,1.38718,1.38975,1.38696,1.38896
2021-05-04 20:00:00,1.38895,1.38948,1.38847,1.38875
2021-05-05 00:00:00,1.38876,1.39147,1.38874,1.39115
2021-05-05 04:00:00,1.39114,1.39144,1.3886,1.38965
2021-05-05 08:00:00,1.38966,1.39265,1.38764,1.39124
2021-05-05 12:00:00,1.39186,1.39244,1.38905,1.39126
2021-05-05 16:00:00,1.39127,1.39145,1.38982,1.39097
2021-05-05 20:00:00,1.39096,1.39108,1.39013,1.3909
2021-05-06 00:00:00,1.39089,1.39137,1.38857,1.38954
2021-05-06 04:00:00,1.38955,1.39137,1.38936,1.39035
2021-05-06 08:00:00,1.39036,1.39407,1.38583,1.39166
2021-05-06 12:00:00,1.39167,1.39284,1.3863,1.38792
2021-05-06 16:00:00,1.38793,1.38996,1.3878,1.38995
2021-05-06 20:00:00,1.38995,1.38996,1.3889,1.38956
2021-05-07 00:00:00,1.38955,1.3912,1.38903,1.39098
2021-05-07 04:00:00,1.39097,1.3929,1.38952,1.39197
2021-05-07 12:00:00,1.38995,1.40007,1.3891,1.40002
2021-05-07 16:00:00,1.40001,1.40058,1.39718,1.40026
2021-05-07 20:00:00,1.40025,1.40055,1.39864,1.3993
2021-05-09 20:00:00,1.40055,1.40445,1.39972,1.40406
2021-05-10 00:00:00,1.40404,1.40407,1.40175,1.40206
2021-05-10 04:00:00,1.40205,1.40796,1.40152,1.40765
2021-05-10 08:00:00,1.40764,1.41198,1.40637,1.41106
2021-05-10 12:00:00,1.41107,1.41585,1.41076,1.41517
2021-05-10 16:00:00,1.41516,1.41554,1.41282,1.41325
2021-05-10 20:00:00,1.41326,1.41351,1.41154,1.41308
2021-05-11 00:00:00,1.41309,1.41347,1.41131,1.412
2021-05-11 04:00:00,1.41206,1.4137,1.4107,1.41244
2021-05-11 08:00:00,1.41245,1.41514,1.41043,1.41459
2021-05-11 12:00:00,1.41458,1.41582,1.41177,1.41484
2021-05-11 16:00:00,1.41485,1.41667,1.41409,1.41429
2021-05-11 20:00:00,1.4143,1.41474,1.41339,1.41356
2021-05-12 00:00:00,1.41355,1.41425,1.41078,1.4109
2021-05-12 04:00:00,1.41089,1.41407,1.41079,1.41362
2021-05-12 20:00:00,1.40602,1.40703,1.40579,1.40624
2021-05-13 00:00:00,1.40625,1.40782,1.40507,1.40611
2021-05-13 04:00:00,1.4061,1.40717,1.40351,1.40498
2021-05-13 08:00:00,1.40497,1.40644,1.40057,1.40283
2021-05-13 12:00:00,1.40284,1.40626,1.40242,1.40314
2021-05-13 16:00:00,1.40313,1.40554,1.40163,1.40545
2021-05-13 20:00:00,1.40544,1.40556,1.4045,1.40463
2021-05-14 00:00:00,1.40464,1.40521,1.40363,1.40452
2021-05-14 04:00:00,1.40456,1.40768,1.40388,1.40635
2021-05-14 08:00:00,1.40634,1.40859,1.40541,1.40773
2021-05-14 12:00:00,1.40774,1.41102,1.40738,1.40949
2021-05-14 16:00:00,1.4095,1.4104,1.40858,1.40962
2021-05-14 20:00:00,1.40961,1.41024,1.40918,1.41006
2021-05-16 20:00:00,1.41006,1.41046,1.40953,1.41011
2021-05-17 00:00:00,1.4101,1.4101,1.40783,1.40862
2021-05-17 04:00:00,1.40861,1.41196,1.40803,1.40949
2021-05-17 08:00:00,1.40948,1.41163,1.40869,1.40921
2021-05-17 12:00:00,1.40921,1.41293,1.40773,1.41262
2021-05-17 16:00:00,1.41261,1.41469,1.41251,1.41423
2021-05-17 20:00:00,1.41423,1.4148,1.41336,1.4148
2021-05-18 00:00:00,1.41478,1.41782,1.41457,1.41761
2021-05-18 04:00:00,1.41762,1.42035,1.41651,1.42011
2021-05-18 08:00:00,1.4201,1.42204,1.41834,1.42039
2021-05-18 12:00:00,1.42038,1.42148,1.41821,1.41832
2021-05-18 16:00:00,1.41833,1.4198,1.41813,1.41899
2021-05-18 20:00:00,1.41898,1.41923,1.4183,1.41875
2021-05-19 00:00:00,1.41876,1.42007,1.41797,1.41878
2021-05-19 04:00:00,1.41879,1.42011,1.41726,1.4176
2021-05-19 08:00:00,1.41761,1.41892,1.41418,1.41551
2021-05-19 12:00:00,1.41552,1.41803,1.4131,1.41678
2021-05-19 16:00:00,1.41679,1.41711,1.40995,1.41193
2021-05-19 20:00:00,1.4119,1.41259,1.41042,1.41073
2021-05-20 00:00:00,1.41072,1.41216,1.41014,1.41146
2021-05-20 04:00:00,1.41145,1.41404,1.411,1.41386
2021-05-20 08:00:00,1.41385,1.41416,1.41026,1.4128
2021-05-20 12:00:00,1.41279,1.41834,1.41212,1.41807
2021-05-20 16:00:00,1.41806,1.41926,1.41726,1.41898
2021-05-20 20:00:00,1.41897,1.41943,1.41843,1.41848
2021-05-21 00:00:00,1.41849,1.41919,1.41695,1.41772
2021-05-21 04:00:00,1.41771,1.42008,1.41687,1.41816
2021-05-21 08:00:00,1.41817,1.4234,1.41806,1.4188
2021-05-21 12:00:00,1.41882,1.42081,1.4155,1.41562
2021-05-21 16:00:00,1.41563,1.41604,1.41407,1.41542
2021-05-21 20:00:00,1.41543,1.41576,1.41477,1.41524
2021-05-23 20:00:00,1.41584,1.41623,1.41393,1.41402
2021-05-24 00:00:00,1.41403,1.41523,1.41366,1.41457
2021-05-24 04:00:00,1.41456,1.41719,1.41447,1.41677
2021-05-24 08:00:00,1.41678,1.41698,1.41116,1.41239
2021-05-24 12:00:00,1.4124,1.41679,1.41224,1.41467
2021-05-24 16:00:00,1.41468,1.41612,1.41465,1.41593
2021-05-24 20:00:00,1.41592,1.416,1.4153,1.41554
2021-05-25 00:00:00,1.41553,1.41824,1.41529,1.41796
2021-05-25 04:00:00,1.41797,1.4211,1.41712,1.41868
2021-05-25 08:00:00,1.41867,1.4194,1.41501,1.41637
2021-05-25 12:00:00,1.41636,1.4172,1.41157,1.41226
2021-05-25 16:00:00,1.41225,1.41612,1.41182,1.41446
2021-05-25 20:00:00,1.41445,1.41532,1.41405,1.41428
2021-05-26 00:00:00,1.41429,1.41627,1.41414,1.4162
2021-05-26 04:00:00,1.41621,1.41719,1.41333,1.4143
2021-05-26 08:00:00,1.41431,1.41761,1.41384,1.41542
2021-05-26 12:00:00,1.41541,1.41678,1.41165,1.41289
2021-05-26 16:00:00,1.41288,1.41313,1.41124,1.41237
2021-05-26 20:00:00,1.41236,1.41258,1.41144,1.41154
2021-05-27 00:00:00,1.41152,1.41169,1.40918,1.4115
2021-05-27 04:00:00,1.41156,1.41369,1.4101,1.41237
2021-05-27 08:00:00,1.41236,1.41836,1.41143,1.41726
2021-05-27 12:00:00,1.41727,1.41962,1.41536,1.41717
2021-05-27 16:00:00,1.41718,1.42192,1.41691,1.4204
2021-05-27 20:00:00,1.42041,1.421,1.42001,1.42033
2021-05-28 00:00:00,1.42032,1.42042,1.41824,1.41934
2021-05-28 04:00:00,1.41933,1.42001,1.41734,1.41895
2021-05-28 08:00:00,1.41896,1.4206,1.41546,1.41627
2021-05-28 12:00:00,1.41625,1.4192,1.41364,1.4188
2021-05-28 16:00:00,1.41881,1.41999,1.4187,1.41895
2021-05-28 20:00:00,1.41894,1.41951,1.4186,1.41889
2021-05-30 20:00:00,1.41858,1.41941,1.41795,1.41796
2021-05-31 00:00:00,1.41795,1.42007,1.41735,1.41965
2021-05-31 04:00:00,1.41966,1.41986,1.41748,1.4178
2021-05-31 08:00:00,1.41779,1.41838,1.4164,1.41836
2021-06-01 00:00:00,1.42425,1.4247,1.42338,1.42369
2021-06-01 04:00:00,1.4237,1.42432,1.42131,1.42228
2021-06-01 08:00:00,1.42227,1.42253,1.41667,1.41699
2021-06-01 12:00:00,1.41698,1.41924,1.41555,1.41672
2021-06-01 16:00:00,1.41671,1.41706,1.4151,1.41516
2021-06-01 20:00:00,1.41517,1.4156,1.41457,1.41556
2021-06-02 00:00:00,1.41557,1.41642,1.41524,1.41598
2021-06-02 04:00:00,1.41599,1.41607,1.41286,1.41397
2021-06-02 08:00:00,1.41396,1.41475,1.41118,1.41406
2021-06-02 12:00:00,1.41407,1.41834,1.41393,1.41764
2021-06-02 16:00:00,1.41765,1.41803,1.41633,1.41717
2021-06-02 20:00:00,1.41716,1.41762,1.41663,1.41712
2021-06-03 00:00:00,1.41711,1.41795,1.41652,1.41695
2021-06-03 04:00:00,1.41696,1.41706,1.41436,1.41464
2021-06-03 08:00:00,1.41463,1.42032,1.41458,1.41863
2021-06-03 12:00:00,1.41866,1.4189,1.40999,1.41081
2021-06-03 16:00:00,1.41079,1.41106,1.40867,1.41075
2021-06-03 20:00:00,1.41076,1.41124,1.41015,1.41081
2021-06-04 00:00:00,1.41082,1.41108,1.40952,1.40974
2021-06-04 04:00:00,1.40975,1.41171,1.40835,1.4115
2021-06-04 08:00:00,1.41151,1.41319,1.41112,1.41304
2021-06-04 12:00:00,1.41303,1.42004,1.41299,1.41767
2021-06-04 16:00:00,1.41768,1.41785,1.41554,1.41666
2021-06-04 20:00:00,1.41665,1.41678,1.41577,1.41584
2021-06-07 00:00:00,1.41417,1.41457,1.41415,1.41435
2021-06-07 04:00:00,1.41436,1.41495,1.41114,1.41353
2021-06-07 08:00:00,1.41352,1.41757,1.41182,1.41735
2021-06-07 12:00:00,1.41736,1.41852,1.41626,1.41772
2021-06-07 16:00:00,1.41773,1.41911,1.4177,1.41824
2021-06-07 20:00:00,1.41826,1.41844,1.41755,1.41757
2021-06-08 00:00:00,1.41758,1.41846,1.41584,1.41606
2021-06-08 04:00:00,1.41605,1.41653,1.41312,1.4139
2021-06-08 08:00:00,1.41389,1.41547,1.41287,1.41464
2021-06-08 12:00:00,1.41463,1.41588,1.41211,1.41465
2021-06-08 16:00:00,1.41464,1.41645,1.41436,1.41567
2021-06-08 20:00:00,1.41566,1.41579,1.41471,1.41493
2021-06-09 00:00:00,1.41492,1.41686,1.41478,1.41602
2021-06-09 04:00:00,1.41601,1.41828,1.41512,1.41727
2021-06-09 08:00:00,1.41728,1.41891,1.4165,1.41744
2021-06-09 12:00:00,1.41743,1.41754,1.41143,1.41236
2021-06-09 16:00:00,1.41235,1.41252,1.41101,1.41107
2021-06-09 20:00:00,1.41108,1.41191,1.41101,1.41113
2021-06-10 00:00:00,1.41112,1.4125,1.41095,1.41186
2021-06-10 04:00:00,1.41187,1.41187,1.40734,1.4088
2021-06-10 08:00:00,1.40879,1.41044,1.40767,1.40952
2021-06-10 12:00:00,1.40971,1.41719,1.40853,1.41666
2021-06-10 16:00:00,1.41665,1.41762,1.41418,1.41678
2021-06-10 20:00:00,1.41677,1.41783,1.41673,1.41705
2021-06-11 00:00:00,1.41706,1.41795,1.41685,1.41786
2021-06-11 04:00:00,1.41787,1.41854,1.41604,1.41676
2021-06-11 08:00:00,1.41675,1.41705,1.41419,1.41518
2021-06-11 12:00:00,1.41519,1.41588,1.41051,1.41129
2021-06-11 16:00:00,1.41128,1.41177,1.40959,1.4116
2021-06-11 20:00:00,1.41161,1.41189,1.41108,1.41125
2021-06-13 20:00:00,1.4108,1.41192,1.41051,1.41176
2021-06-14 00:00:00,1.41177,1.41185,1.41054,1.41113
2021-06-14 04:00:00,1.41112,1.41166,1.40932,1.41024
2021-06-14 08:00:00,1.41023,1.41098,1.40704,1.41014
2021-06-14 12:00:00,1.41015,1.4124,1.41003,1.41152
2021-06-14 16:00:00,1.41151,1.41201,1.41065,1.41089
2021-06-14 20:00:00,1.41088,1.41157,1.41042,1.41097
2021-06-15 00:00:00,1.41098,1.41169,1.40992,1.41114
2021-06-15 04:00:00,1.41115,1.4129,1.41066,1.41161
2021-06-15 08:00:00,1.4116,1.41179,1.40344,1.40415
2021-06-15 12:00:00,1.40414,1.40947,1.40411,1.40726
2021-06-15 16:00:00,1.40727,1.40854,1.40707,1.40821
2021-06-15 20:00:00,1.40822,1.40867,1.4079,1.4081
2021-06-16 00:00:00,1.40809,1.4085,1.40767,1.40826
2021-06-16 04:00:00,1.40827,1.41234,1.40818,1.41185
2021-06-16 08:00:00,1.41184,1.41198,1.4099,1.41166
2021-06-16 12:00:00,1.41167,1.41328,1.41002,1.41088
2021-06-16 16:00:00,1.41089,1.41138,1.40025,1.40049
2021-06-16 20:00:00,1.40026,1.4023,1.39827,1.39892
2021-06-17 00:00:00,1.39891,1.40033,1.39713,1.39926
2021-06-17 04:00:00,1.39925,1.40088,1.39662,1.39753
2021-06-17 08:00:00,1.3975,1.39964,1.39342,1.39482
2021-06-17 12:00:00,1.39476,1.39626,1.39202,1.39343
2021-06-17 16:00:00,1.39339,1.39377,1.3896,1.39283
2021-06-17 20:00:00,1.39249,1.39395,1.39174,1.39381
2021-06-18 00:00:00,1.3938,1.39447,1.39259,1.39272
2021-06-18 04:00:00,1.39271,1.3928,1.38555,1.38902
2021-06-18 08:00:00,1.38903,1.39105,1.38701,1.38911
2021-06-18 12:00:00,1.38912,1.38913,1.38165,1.38248
2021-06-18 16:00:00,1.38249,1.38332,1.37953,1.38147
2021-06-18 20:00:00,1.38146,1.38148,1.37923,1.38031
2021-06-20 20:00:00,1.38101,1.38235,1.37964,1.38166
2021-06-21 00:00:00,1.38167,1.38292,1.37867,1.37948
2021-06-21 04:00:00,1.37949,1.38346,1.37901,1.38334
2021-06-21 08:00:00,1.38333,1.38878,1.38322,1.38769
2021-06-21 12:00:00,1.3877,1.39191,1.3867,1.39139
2021-06-21 16:00:00,1.3914,1.39371,1.3913,1.39321
2021-06-21 20:00:00,1.3932,1.39371,1.39244,1.39245
2021-06-22 00:00:00,1.39244,1.39256,1.39013,1.39139
2021-06-22 04:00:00,1.39138,1.39172,1.38784,1.38855
2021-06-22 08:00:00,1.38856,1.39084,1.38604,1.39007
2021-06-22 12:00:00,1.39008,1.39307,1.38804,1.39204
2021-06-22 16:00:00,1.39203,1.39637,1.39194,1.39497
2021-06-22 20:00:00,1.39498,1.39565,1.39441,1.39495
2021-06-23 00:00:00,1.39494,1.39529,1.3924,1.39306
2021-06-23 04:00:00,1.39307,1.39876,1.39246,1.39797
2021-06-23 08:00:00,1.39796,1.39842,1.39534,1.39718
2021-06-23 12:00:00,1.39718,1.40015,1.39583,1.39762
2021-06-23 16:00:00,1.39761,1.39805,1.39518,1.39587
2021-06-23 20:00:00,1.39588,1.3969,1.39569,1.3967
2021-06-24 00:00:00,1.39669,1.39683,1.39533,1.39555
2021-06-24 04:00:00,1.39556,1.39741,1.39488,1.39567
2021-06-24 08:00:00,1.39566,1.39867,1.39051,1.39091
2021-06-24 12:00:00,1.3909,1.39303,1.38907,1.39062
2021-06-24 16:00:00,1.39061,1.39356,1.38898,1.39289
2021-06-24 20:00:00,1.3929,1.39394,1.39162,1.39163
2021-06-25 00:00:00,1.39162,1.39356,1.39133,1.39299
2021-06-25 04:00:00,1.39298,1.39325,1.38989,1.39116
2021-06-25 08:00:00,1.39115,1.39176,1.3891,1.38965
2021-06-25 12:00:00,1.38966,1.39278,1.3892,1.39245
2021-06-25 16:00:00,1.39244,1.39312,1.38715,1.38753
2021-06-25 20:00:00,1.38752,1.38923,1.3874,1.38857
2021-06-27 20:00:00,1.38938,1.38963,1.38787,1.38933
2021-06-28 00:00:00,1.38934,1.38966,1.38765,1.38862
2021-06-28 04:00:00,1.38861,1.39398,1.3886,1.39266
2021-06-28 08:00:00,1.39265,1.39299,1.38875,1.38889
2021-06-28 12:00:00,1.3889,1.39268,1.38855,1.39059
2021-06-28 16:00:00,1.3906,1.39093,1.38741,1.38746
2021-06-28 20:00:00,1.38745,1.38848,1.3871,1.38787
2021-06-29 00:00:00,1.38786,1.38808,1.38589,1.38655
2021-06-29 04:00:00,1.38654,1.38796,1.38547,1.38587
2021-06-29 08:00:00,1.38586,1.38649,1.38218,1.38271
2021-06-29 12:00:00,1.3827,1.38487,1.38144,1.38446
2021-06-29 16:00:00,1.38445,1.38534,1.38373,1.38507
2021-06-29 20:00:00,1.38508,1.38516,1.38351,1.38404
2021-06-30 00:00:00,1.38403,1.38607,1.38396,1.38523
2021-06-30 04:00:00,1.38526,1.38565,1.38196,1.38319
2021-06-30 08:00:00,1.38318,1.38731,1.38152,1.38676
2021-06-30 12:00:00,1.38677,1.3868,1.38049,1.38057
2021-06-30 16:00:00,1.38058,1.38349,1.37987,1.38335
2021-06-30 20:00:00,1.38334,1.3838,1.38256,1.38286
2021-07-01 00:00:00,1.38287,1.38296,1.38109,1.38184
2021-07-01 04:00:00,1.38188,1.38338,1.38056,1.38199
2021-07-01 08:00:00,1.38199,1.38343,1.37652,1.38097
2021-07-01 12:00:00,1.38098,1.38207,1.37638,1.37787
2021-07-01 16:00:00,1.37788,1.37799,1.37529,1.3758
2021-07-01 20:00:00,1.37579,1.37683,1.37519,1.37592
2021-07-02 00:00:00,1.37591,1.37732,1.37579,1.37682
2021-07-02 04:00:00,1.37681,1.37766,1.37442,1.37603
2021-07-02 08:00:00,1.37604,1.37672,1.37375,1.37417
2021-07-02 12:00:00,1.37416,1.37968,1.37341,1.37929
2021-07-02 16:00:00,1.37928,1.38447,1.37909,1.38351
2021-07-02 20:00:00,1.38352,1.38378,1.38299,1.38299
2021-07-05 00:00:00,1.38235,1.38276,1.38211,1.38216
2021-07-05 04:00:00,1.38217,1.38482,1.38185,1.38475
2021-07-05 08:00:00,1.38476,1.3862,1.38457,1.38558
2021-07-05 12:00:00,1.38557,1.38567,1.38379,1.38529
2021-07-05 16:00:00,1.38528,1.38591,1.3847,1.38501
2021-07-05 20:00:00,1.38502,1.38589,1.38421,1.38534
2021-07-06 00:00:00,1.3853,1.38888,1.38517,1.38843
2021-07-06 04:00:00,1.38844,1.38985,1.38686,1.38708
2021-07-06 08:00:00,1.38706,1.38738,1.38347,1.38551
2021-07-06 12:00:00,1.3855,1.3875,1.3788,1.37931
2021-07-06 16:00:00,1.37932,1.38081,1.37731,1.37993
2021-07-06 20:00:00,1.37994,1.38061,1.37957,1.38042
2021-07-07 00:00:00,1.38043,1.38062,1.37899,1.3801
2021-07-07 04:00:00,1.38009,1.38155,1.37866,1.38009
2021-07-07 08:00:00,1.3801,1.38359,1.37774,1.38305
2021-07-07 12:00:00,1.38306,1.3842,1.3754,1.37921
2021-07-07 16:00:00,1.3792,1.38161,1.37876,1.37993
2021-07-07 20:00:00,1.37994,1.38059,1.37959,1.37998
2021-07-08 00:00:00,1.37999,1.38022,1.37749,1.37832
2021-07-08 04:00:00,1.37831,1.37948,1.37602,1.37779
2021-07-08 08:00:00,1.37786,1.37931,1.37524,1.37609
2021-07-08 12:00:00,1.3761,1.37973,1.37419,1.37666
2021-07-08 16:00:00,1.37665,1.37854,1.37619,1.37851
2021-07-08 20:00:00,1.37852,1.37945,1.37807,1.37899
2021-07-09 00:00:00,1.379,1.37948,1.37671,1.37797
2021-07-09 04:00:00,1.37802,1.37879,1.37558,1.37789
2021-07-09 08:00:00,1.3779,1.38246,1.37715,1.38174
2021-07-09 12:00:00,1.38175,1.38768,1.38173,1.38408
2021-07-09 16:00:00,1.38407,1.38931,1.38407,1.38916
2021-07-09 20:00:00,1.38918,1.39091,1.38916,1.38996
2021-07-11 20:00:00,1.38967,1.39016,1.38888,1.38988
2021-07-12 00:00:00,1.38986,1.39104,1.38851,1.38868
2021-07-12 04:00:00,1.38869,1.38941,1.3875,1.3875
2021-07-12 08:00:00,1.38634,1.38729,1.38403,1.3844
2021-07-12 12:00:00,1.38441,1.39053,1.38391,1.38855
2021-07-12 16:00:00,1.38856,1.38858,1.38722,1.38837
2021-07-12 20:00:00,1.38836,1.38888,1.38813,1.38865
2021-07-13 00:00:00,1.38867,1.39052,1.38832,1.38987
2021-07-13 04:00:00,1.38986,1.38994,1.38628,1.38635
2021-07-13 08:00:00,1.38636,1.38645,1.38391,1.38498
2021-07-13 12:00:00,1.38497,1.38575,1.38009,1.3846
2021-07-13 16:00:00,1.38461,1.38563,1.38091,1.38121
2021-07-13 20:00:00,1.3812,1.38212,1.38051,1.38057
2021-07-14 00:00:00,1.38056,1.38244,1.38016,1.38197
2021-07-14 04:00:00,1.38196,1.38537,1.38156,1.38377
2021-07-14 08:00:00,1.38378,1.38759,1.38352,1.38596
2021-07-14 12:00:00,1.38597,1.38921,1.38485,1.38528
2021-07-14 16:00:00,1.38529,1.38675,1.38504,1.38578
2021-07-14 20:00:00,1.38577,1.38651,1.38562,1.38565
2021-07-15 00:00:00,1.38566,1.3858,1.38219,1.38341
2021-07-15 04:00:00,1.38342,1.38668,1.38135,1.38175
2021-07-15 08:00:00,1.38176,1.38991,1.38134,1.38721
2021-07-15 12:00:00,1.3872,1.38742,1.38387,1.38481
2021-07-15 16:00:00,1.3848,1.38516,1.38051,1.38244
2021-07-15 20:00:00,1.38245,1.38348,1.38206,1.38282
2021-07-16 00:00:00,1.38281,1.38397,1.38243,1.38391
2021-07-16 04:00:00,1.3839,1.38407,1.37914,1.38095
2021-07-16 08:00:00,1.38094,1.38622,1.38002,1.38129
2021-07-16 12:00:00,1.3813,1.38394,1.37728,1.37837
2021-07-16 16:00:00,1.37838,1.37895,1.37609,1.37614
2021-07-16 20:00:00,1.37613,1.37679,1.37611,1.37679
2021-07-18 20:00:00,1.3774,1.37776,1.37575,1.37635
2021-07-19 00:00:00,1.37634,1.37635,1.37474,1.37562
2021-07-19 04:00:00,1.37563,1.37615,1.37129,1.3723
2021-07-19 08:00:00,1.37231,1.37455,1.37006,1.37155
2021-07-19 12:00:00,1.37155,1.3722,1.36626,1.36898
2021-07-19 16:00:00,1.36896,1.36899,1.36548,1.36692
2021-07-19 20:00:00,1.36691,1.36799,1.36677,1.36691
2021-07-20 00:00:00,1.3669,1.36896,1.36611,1.36713
2021-07-20 04:00:00,1.36712,1.36732,1.36272,1.36374
2021-07-20 08:00:00,1.36373,1.36771,1.36068,1.36239
2021-07-20 12:00:00,1.3624,1.36254,1.35721,1.36138
2021-07-20 16:00:00,1.36139,1.36315,1.36123,1.363
2021-07-20 20:00:00,1.36299,1.36347,1.36232,1.36345
2021-07-21 00:00:00,1.36344,1.36424,1.3607,1.36192
2021-07-21 04:00:00,1.36193,1.36199,1.35922,1.3609
2021-07-21 08:00:00,1.36091,1.36387,1.35961,1.36213
2021-07-21 12:00:00,1.36214,1.36945,1.36194,1.36939
2021-07-21 16:00:00,1.3694,1.37232,1.36838,1.37189
2021-07-21 20:00:00,1.3719,1.37202,1.37103,1.37121
2021-07-22 00:00:00,1.3712,1.37139,1.36906,1.37092
2021-07-22 04:00:00,1.37091,1.37583,1.37091,1.37408
2021-07-22 08:00:00,1.37409,1.37744,1.37149,1.37732
2021-07-22 12:00:00,1.37733,1.37872,1.37432,1.37468
2021-07-22 16:00:00,1.37469,1.37788,1.37402,1.37672
2021-07-22 20:00:00,1.37673,1.37763,1.37566,1.37729
2021-07-23 00:00:00,1.37728,1.37803,1.37567,1.37612
2021-07-23 04:00:00,1.37611,1.37664,1.37331,1.37433
2021-07-23 08:00:00,1.37434,1.37453,1.37202,1.37355
2021-07-23 12:00:00,1.37354,1.3773,1.37353,1.37496
2021-07-23 16:00:00,1.37497,1.37634,1.37484,1.37497
2021-07-23 20:00:00,1.37498,1.37521,1.37453,1.37499
2021-07-25 20:00:00,1.37596,1.37645,1.37506,1.37571
2021-07-26 00:00:00,1.37572,1.37579,1.3741,1.3748
2021-07-26 04:00:00,1.37481,1.3773,1.37372,1.37573
2021-07-26 08:00:00,1.37574,1.37995,1.37414,1.37945
2021-07-26 12:00:00,1.37946,1.38328,1.37738,1.38294
2021-07-26 16:00:00,1.38293,1.38336,1.38111,1.38224
2021-07-26 20:00:00,1.38223,1.38291,1.38164,1.38263
2021-07-27 00:00:00,1.38262,1.38318,1.38191,1.38282
2021-07-27 04:00:00,1.38283,1.38294,1.3778,1.37941
2021-07-27 08:00:00,1.37939,1.38026,1.37669,1.3802
2021-07-27 12:00:00,1.38021,1.38926,1.38015,1.38838
2021-07-27 16:00:00,1.38839,1.38944,1.38762,1.38851
2021-07-27 20:00:00,1.3885,1.38868,1.3877,1.38822
2021-07-28 00:00:00,1.38821,1.38902,1.38743,1.38751
2021-07-28 04:00:00,1.3875,1.38951,1.3864,1.38729
2021-07-28 08:00:00,1.3873,1.3895,1.38621,1.38798
2021-07-28 12:00:00,1.38797,1.38869,1.38454,1.38837
2021-07-28 16:00:00,1.38836,1.39102,1.38448,1.39082
2021-07-28 20:00:00,1.39081,1.3911,1.3902,1.3906
2021-07-29 00:00:00,1.39061,1.39298,1.38983,1.39273
2021-07-29 04:00:00,1.39272,1.39511,1.39252,1.39388
2021-07-29 08:00:00,1.39387,1.39703,1.39352,1.39629
2021-07-29 12:00:00,1.3963,1.39821,1.39516,1.3966
2021-07-29 16:00:00,1.39659,1.3971,1.39579,1.39638
2021-07-29 20:00:00,1.39639,1.39714,1.3959,1.39639
2021-07-30 00:00:00,1.39638,1.3964,1.3942,1.39427
2021-07-30 04:00:00,1.3943,1.39695,1.39347,1.39661
2021-07-30 08:00:00,1.3966,1.39835,1.39542,1.39565
2021-07-30 12:00:00,1.39566,1.3969,1.38909,1.39125
2021-07-30 16:00:00,1.39126,1.39134,1.38883,1.38983
2021-07-30 20:00:00,1.38984,1.39127,1.38951,1.39054
2021-08-01 20:00:00,1.38996,1.39077,1.38938,1.38958
2021-08-02 00:00:00,1.38959,1.39048,1.38865,1.38986
2021-08-02 04:00:00,1.38987,1.39299,1.38965,1.39176
2021-08-02 08:00:00,1.39177,1.39327,1.38937,1.39002
2021-08-02 12:00:00,1.39003,1.39183,1.38842,1.38847
2021-08-02 16:00:00,1.38848,1.3898,1.3876,1.38916
2021-08-02 20:00:00,1.38915,1.38937,1.38792,1.3891
2021-08-03 00:00:00,1.38909,1.39016,1.38872,1.38934
2021-08-03 04:00:00,1.38933,1.39212,1.38885,1.39134
2021-08-03 08:00:00,1.39135,1.3925,1.39083,1.39084
2021-08-03 20:00:00,1.3916,1.39181,1.39145,1.39172
2021-08-04 00:00:00,1.39171,1.39333,1.39009,1.39252
2021-08-04 04:00:00,1.39253,1.39475,1.39216,1.39422
2021-08-04 08:00:00,1.39423,1.3943,1.39185,1.39282
2021-08-04 12:00:00,1.39283,1.39579,1.39003,1.39121
2021-08-04 16:00:00,1.3912,1.39122,1.38875,1.38876
2021-08-04 20:00:00,1.38877,1.38909,1.38856,1.38897
2021-08-05 00:00:00,1.38898,1.38979,1.38781,1.3891
2021-08-05 04:00:00,1.38909,1.39248,1.38725,1.39246
2021-08-05 08:00:00,1.39245,1.39452,1.39025,1.39253
2021-08-05 12:00:00,1.39254,1.39491,1.38994,1.39284
2021-08-05 16:00:00,1.39283,1.39383,1.39241,1.39315
2021-08-05 20:00:00,1.39314,1.39331,1.39262,1.39276
2021-08-06 00:00:00,1.39277,1.39291,1.39154,1.39212
2021-08-06 04:00:00,1.39211,1.39332,1.39104,1.39214
2021-08-06 08:00:00,1.39212,1.39303,1.39052,1.39174
2021-08-06 12:00:00,1.39175,1.39288,1.38614,1.38713
2021-08-06 16:00:00,1.38714,1.38815,1.38651,1.38778
2021-08-06 20:00:00,1.38777,1.3881,1.38728,1.38736
2021-08-08 20:00:00,1.38769,1.38839,1.38584,1.38634
2021-08-09 00:00:00,1.38633,1.38702,1.38555,1.3869
2021-08-09 04:00:00,1.38689,1.38906,1.3865,1.38706
2021-08-09 08:00:00,1.38705,1.38945,1.38506,1.38765
2021-08-09 12:00:00,1.38766,1.38895,1.38461,1.38531
2021-08-09 16:00:00,1.3853,1.38612,1.38412,1.38465
2021-08-09 20:00:00,1.38466,1.3852,1.38447,1.38469
2021-08-10 00:00:00,1.38468,1.38517,1.38363,1.38475
2021-08-10 04:00:00,1.38474,1.3861,1.38405,1.38525
2021-08-10 08:00:00,1.38524,1.38726,1.38517,1.38605
2021-08-11 08:00:00,1.38136,1.38311,1.38123,1.38297
2021-08-11 12:00:00,1.38298,1.38761,1.38273,1.38654
2021-08-11 16:00:00,1.38653,1.38881,1.38636,1.38712
2021-08-11 20:00:00,1.38711,1.3872,1.38638,1.38665
2021-08-12 00:00:00,1.38664,1.38746,1.38644,1.38746
2021-08-12 04:00:00,1.38747,1.38787,1.38557,1.38779
2021-08-12 08:00:00,1.38778,1.38778,1.38426,1.38478
2021-08-12 12:00:00,1.38477,1.38557,1.38229,1.38324
2021-08-12 16:00:00,1.38325,1.38346,1.3795,1.38061
2021-08-12 20:00:00,1.3806,1.3814,1.38034,1.38111
2021-08-13 00:00:00,1.38112,1.38169,1.38041,1.38141
2021-08-13 04:00:00,1.3814,1.38158,1.37977,1.38081
2021-08-13 08:00:00,1.38082,1.38231,1.37909,1.38185
2021-08-13 12:00:00,1.38186,1.38625,1.38186,1.38565
2021-08-13 16:00:00,1.38564,1.38751,1.38562,1.38706
2021-08-13 20:00:00,1.38705,1.38712,1.38654,1.3869
2021-08-15 20:00:00,1.3865,1.38736,1.38569,1.38642
2021-08-16 00:00:00,1.38642,1.38677,1.38516,1.3853
2021-08-16 04:00:00,1.38531,1.38624,1.38388,1.38551
2021-08-16 08:00:00,1.3855,1.38786,1.38487,1.38655
2021-08-16 12:00:00,1.38656,1.38727,1.3828,1.38478
2021-08-16 16:00:00,1.38479,1.38531,1.38363,1.38393
2021-08-16 20:00:00,1.38392,1.3846,1.38361,1.38409
2021-08-17 00:00:00,1.38408,1.38411,1.38149,1.38156
2021-08-17 04:00:00,1.38157,1.38302,1.37882,1.37999
2021-08-17 08:00:00,1.38,1.38135,1.37855,1.37889
2021-08-17 12:00:00,1.3789,1.37958,1.37339,1.37382
2021-08-17 16:00:00,1.37381,1.3746,1.37263,1.3739
2021-08-17 20:00:00,1.37389,1.37461,1.37294,1.37402
2021-08-18 00:00:00,1.37401,1.37592,1.37372,1.37531
2021-08-18 04:00:00,1.37532,1.37549,1.37316,1.37418
2021-08-18 08:00:00,1.37417,1.37694,1.37382,1.3769
2021-08-18 12:00:00,1.37689,1.3771,1.3746,1.37471
2021-08-18 16:00:00,1.37472,1.37866,1.37452,1.37578
2021-08-18 20:00:00,1.37577,1.37584,1.37432,1.37432
2021-08-19 00:00:00,1.37433,1.375,1.3712,1.37202
2021-08-19 04:00:00,1.37203,1.37232,1.36909,1.36972
2021-08-19 08:00:00,1.36971,1.36993,1.36656,1.36815
2021-08-19 12:00:00,1.36816,1.36924,1.36528,1.36714
2021-08-19 16:00:00,1.36715,1.36734,1.36321,1.36344
2021-08-19 20:00:00,1.36345,1.36438,1.36282,1.36303
2021-08-20 00:00:00,1.36308,1.36412,1.36182,1.36301
2021-08-20 04:00:00,1.363,1.36353,1.36096,1.36179
2021-08-20 08:00:00,1.3618,1.36301,1.36064,1.3612
2021-08-20 12:00:00,1.36122,1.36355,1.36023,1.36263
2021-08-20 16:00:00,1.36262,1.36341,1.36188,1.36253
2021-08-20 20:00:00,1.36252,1.36284,1.36222,1.36242
2021-08-22 20:00:00,1.36226,1.36313,1.36144,1.36247
2021-08-23 00:00:00,1.36248,1.3655,1.36246,1.36485
2021-08-23 04:00:00,1.36484,1.36623,1.36326,1.36496
2021-08-23 08:00:00,1.36497,1.36858,1.36451,1.36823
2021-08-23 12:00:00,1.36824,1.37215,1.36804,1.37161
2021-08-23 16:00:00,1.3716,1.37323,1.37158,1.37287
2021-08-23 20:00:00,1.37286,1.37307,1.37175,1.37236
2021-08-24 00:00:00,1.37233,1.3726,1.37109,1.37173
2021-08-24 04:00:00,1.3717,1.3748,1.3714,1.37167
2021-08-24 08:00:00,1.37166,1.37324,1.3694,1.37211
2021-08-24 12:00:00,1.3721,1.37476,1.37067,1.3715
2021-08-24 16:00:00,1.37151,1.37319,1.3712,1.37316
2021-08-24 20:00:00,1.37315,1.37338,1.37225,1.37249
2021-08-25 00:00:00,1.3725,1.3732,1.3714,1.37188
2021-08-25 04:00:00,1.37189,1.3727,1.37069,1.37187
2021-08-25 08:00:00,1.37188,1.37433,1.37121,1.37155
2021-08-25 12:00:00,1.37156,1.37366,1.36968,1.37218
2021-08-25 16:00:00,1.37217,1.3767,1.37211,1.37603
2021-08-25 20:00:00,1.37602,1.37653,1.37539,1.37645
2021-08-26 00:00:00,1.37644,1.37681,1.37499,1.37521
2021-08-26 04:00:00,1.37522,1.37592,1.3738,1.37478
2021-08-26 08:00:00,1.37479,1.375,1.37314,1.37343
2021-08-26 12:00:00,1.37344,1.37352,1.37099,1.37121
2021-08-26 16:00:00,1.37122,1.37163,1.36896,1.37003
2021-08-26 20:00:00,1.37002,1.37034,1.36975,1.37004
2021-08-27 00:00:00,1.37003,1.37003,1.36801,1.36976
2021-08-27 04:00:00,1.36975,1.37212,1.36955,1.37163
2021-08-27 08:00:00,1.37164,1.37216,1.36944,1.37201
2021-08-27 12:00:00,1.37202,1.37803,1.37023,1.37676
2021-08-27 16:00:00,1.37677,1.378,1.3762,1.37641
2021-08-27 20:00:00,1.37642,1.37653,1.3756,1.37617
2021-08-29 20:00:00,1.3761,1.37662,1.37526,1.37628
2021-08-30 00:00:00,1.37627,1.37754,1.37563,1.37701
2021-08-30 04:00:00,1.377,1.37752,1.37511,1.37672
2021-08-30 08:00:00,1.37671,1.37721,1.37484,1.37602
2021-08-30 12:00:00,1.37601,1.37679,1.3734,1.3758
2021-08-30 16:00:00,1.37579,1.37677,1.37538,1.3761
2021-08-30 20:00:00,1.37609,1.37655,1.37528,1.3759
2021-08-31 00:00:00,1.37589,1.37779,1.3756,1.37769
2021-08-31 04:00:00,1.37768,1.38014,1.37745,1.37842
2021-08-31 08:00:00,1.37843,1.37922,1.37594,1.37887
2021-08-31 12:00:00,1.37886,1.38079,1.3743,1.3748
2021-08-31 16:00:00,1.37479,1.37597,1.37449,1.37487
2021-08-31 20:00:00,1.37486,1.37586,1.37479,1.37524
2021-09-01 00:00:00,1.37525,1.37562,1.37314,1.37379
2021-09-01 04:00:00,1.37378,1.37651,1.37315,1.37565
2021-09-01 08:00:00,1.37566,1.37654,1.37442,1.37576
2021-09-01 12:00:00,1.37575,1.37985,1.37575,1.37894
2021-09-01 16:00:00,1.37895,1.37942,1.3768,1.37695
2021-09-01 20:00:00,1.37696,1.37769,1.3767,1.37714
2021-09-02 00:00:00,1.37715,1.37806,1.37675,1.37744
2021-09-02 04:00:00,1.37743,1.37916,1.37711,1.37893
2021-09-02 08:00:00,1.37892,1.38015,1.37792,1.37903
2021-09-02 12:00:00,1.37902,1.38366,1.37819,1.38236
2021-09-02 16:00:00,1.38237,1.38399,1.38232,1.38367
2021-09-02 20:00:00,1.38366,1.38385,1.38327,1.38364
2021-09-03 00:00:00,1.38365,1.38455,1.38327,1.3835
2021-09-03 04:00:00,1.38349,1.38382,1.38251,1.38256
2021-09-03 08:00:00,1.38255,1.38414,1.38182,1.38325
2021-09-03 12:00:00,1.38324,1.38748,1.38244,1.38615
2021-09-03 16:00:00,1.38614,1.38919,1.38604,1.38631
2021-09-03 20:00:00,1.3863,1.38677,1.38583,1.38677
2021-09-05 20:00:00,1.38636,1.3869,1.38574,1.38578
2021-09-06 00:00:00,1.38579,1.38598,1.38492,1.38523
2021-09-06 04:00:00,1.38524,1.3856,1.38366,1.38396
2021-09-06 08:00:00,1.38397,1.38466,1.38314,1.38458
2021-09-06 12:00:00,1.38459,1.38468,1.38188,1.38274
2021-09-06 16:00:00,1.38273,1.38385,1.38273,1.38345
2021-09-06 20:00:00,1.38344,1.38409,1.3832,1.38388
2021-09-07 00:00:00,1.38391,1.38567,1.38386,1.38474
2021-09-07 04:00:00,1.38473,1.38535,1.38209,1.38318
2021-09-07 08:00:00,1.38319,1.38326,1.3768,1.37748
2021-09-07 12:00:00,1.37747,1.38003,1.37681,1.37906
2021-09-07 16:00:00,1.37907,1.37962,1.37793,1.37813
2021-09-07 20:00:00,1.37814,1.37881,1.3779,1.37793
2021-09-08 00:00:00,1.37792,1.37906,1.37754,1.37796
2021-09-08 04:00:00,1.37797,1.37827,1.37563,1.37652
2021-09-08 08:00:00,1.37653,1.37785,1.37507,1.37688
2021-09-08 12:00:00,1.37687,1.37771,1.37267,1.37631
2021-09-08 16:00:00,1.37631,1.37846,1.37576,1.37743
2021-09-08 20:00:00,1.37744,1.37767,1.37645,1.3767
2021-09-09 00:00:00,1.37669,1.37736,1.37594,1.37637
2021-09-09 04:00:00,1.37638,1.37935,1.37537,1.37873
2021-09-09 08:00:00,1.37872,1.3838,1.37868,1.38369
2021-09-09 12:00:00,1.3837,1.3854,1.38214,1.3854
2021-09-09 16:00:00,1.38539,1.38629,1.38357,1.38378
2021-09-09 20:00:00,1.3838,1.3843,1.38329,1.38385
2021-09-10 00:00:00,1.38386,1.38521,1.38332,1.38511
2021-09-10 04:00:00,1.38513,1.3879,1.38401,1.38737
2021-09-10 08:00:00,1.38736,1.38854,1.38642,1.38843
2021-09-10 12:00:00,1.38842,1.38887,1.38418,1.38468
2021-09-10 16:00:00,1.38467,1.38595,1.38314,1.38325
2021-09-10 20:00:00,1.38324,1.38409,1.38271,1.38397
2021-09-12 20:00:00,1.38418,1.38528,1.38332,1.3839
2021-09-13 00:00:00,1.38391,1.38461,1.38265,1.38403
2021-09-13 04:00:00,1.38402,1.38408,1.37973,1.38166
2021-09-13 08:00:00,1.38165,1.38326,1.38073,1.38152
2021-09-13 12:00:00,1.38316,1.38513,1.38139,1.38437
2021-09-13 16:00:00,1.38438,1.38451,1.38268,1.38354
2021-09-13 20:00:00,1.38353,1.38422,1.38348,1.38376
2021-09-14 00:00:00,1.38377,1.38505,1.38349,1.38458
2021-09-14 04:00:00,1.38457,1.38827,1.38298,1.38763
2021-09-14 08:00:00,1.38764,1.38812,1.38527,1.38535
2021-09-14 12:00:00,1.38536,1.39132,1.38398,1.38471
2021-09-14 16:00:00,1.3847,1.38572,1.38037,1.38071
2021-09-14 20:00:00,1.38072,1.3815,1.38037,1.3808
2021-09-15 00:00:00,1.38081,1.38129,1.37929,1.38052
2021-09-15 04:00:00,1.38051,1.3838,1.37981,1.38271
2021-09-15 08:00:00,1.3827,1.3843,1.38152,1.38241
2021-09-15 12:00:00,1.38242,1.3854,1.38131,1.38356
2021-09-15 16:00:00,1.38355,1.38468,1.38255,1.38463
2021-09-15 20:00:00,1.38462,1.38529,1.38348,1.38485
2021-09-16 00:00:00,1.38484,1.38497,1.38346,1.38346
2021-09-16 04:00:00,1.38347,1.3838,1.38122,1.38226
2021-09-16 08:00:00,1.38225,1.38414,1.38062,1.38382
2021-09-16 12:00:00,1.38381,1.38383,1.37647,1.37838
2021-09-16 16:00:00,1.37839,1.38029,1.37751,1.37931
2021-09-16 20:00:00,1.37932,1.37999,1.37851,1.3798
2021-09-17 00:00:00,1.37979,1.38001,1.37838,1.37972
2021-09-17 04:00:00,1.37967,1.381,1.37891,1.37916
2021-09-17 08:00:00,1.37917,1.3813,1.37759,1.37978
2021-09-17 12:00:00,1.37979,1.38075,1.37417,1.3755
2021-09-17 16:00:00,1.37551,1.37645,1.37356,1.37365
2021-09-17 20:00:00,1.37364,1.37373,1.37279,1.3737
2021-09-19 20:00:00,1.37401,1.37523,1.37245,1.37289
2021-09-20 00:00:00,1.37287,1.37303,1.37012,1.37101
2021-09-20 04:00:00,1.37102,1.37157,1.36662,1.367
2021-09-20 08:00:00,1.36701,1.37002,1.36569,1.36585
2021-09-20 12:00:00,1.36584,1.36854,1.36463,1.36565
2021-09-20 16:00:00,1.36564,1.36663,1.36409,1.36651
2021-09-20 20:00:00,1.3665,1.36654,1.36516,1.36622
2021-09-21 00:00:00,1.36623,1.36736,1.36493,1.36697
2021-09-21 04:00:00,1.36701,1.36887,1.36628,1.36835
2021-09-21 08:00:00,1.36834,1.36931,1.36745,1.36789
2021-09-21 12:00:00,1.36788,1.36894,1.36415,1.36631
2021-09-21 16:00:00,1.36632,1.36745,1.36503,1.36638
2021-09-21 20:00:00,1.36637,1.36643,1.36564,1.36576
2021-09-22 00:00:00,1.36575,1.36783,1.36484,1.365
2021-09-22 04:00:00,1.36502,1.36605,1.36342,1.36363
2021-09-22 08:00:00,1.36364,1.36504,1.36306,1.36404
2021-09-22 12:00:00,1.36403,1.3669,1.36161,1.36679
2021-09-22 16:00:00,1.36678,1.36897,1.36096,1.36188
2021-09-22 20:00:00,1.36187,1.36295,1.36149,1.36163
2021-09-23 00:00:00,1.36166,1.36455,1.36124,1.3642
2021-09-23 04:00:00,1.36421,1.3658,1.36338,1.36563
2021-09-23 08:00:00,1.36564,1.37197,1.36486,1.37186
2021-09-23 12:00:00,1.37187,1.37496,1.37033,1.37448
2021-09-23 16:00:00,1.37447,1.37509,1.3723,1.37247
2021-09-23 20:00:00,1.37246,1.37286,1.37169,1.37211
2021-09-24 00:00:00,1.3721,1.37365,1.37168,1.37242
2021-09-24 04:00:00,1.37241,1.37274,1.37029,1.37092
2021-09-24 08:00:00,1.37093,1.37212,1.36724,1.36757
2021-09-24 12:00:00,1.36756,1.36953,1.36581,1.36807
2021-09-24 16:00:00,1.36806,1.36904,1.36595,1.36708
2021-09-24 20:00:00,1.36707,1.36774,1.36701,1.36774
2021-09-26 20:00:00,1.36661,1.36759,1.36624,1.36686
2021-09-27 00:00:00,1.36687,1.36802,1.36674,1.36713
2021-09-27 04:00:00,1.36768,1.36961,1.36583,1.36808
2021-09-27 08:00:00,1.36809,1.37139,1.36798,1.36869
2021-09-27 12:00:00,1.36868,1.37291,1.3681,1.37122
2021-09-27 16:00:00,1.37121,1.37161,1.37001,1.37045
2021-09-27 20:00:00,1.37043,1.37075,1.36971,1.37009
2021-09-28 00:00:00,1.37008,1.37073,1.36884,1.37046
2021-09-28 04:00:00,1.37045,1.37176,1.36657,1.36777
2021-09-28 08:00:00,1.36778,1.36783,1.359375,1.35979
2021-09-28 12:00:00,1.35978,1.35979,1.35234,1.35359
2021-09-28 16:00:00,1.35359,1.35467,1.35209,1.35399
2021-09-28 20:00:00,1.35398,1.35463,1.35328,1.35417
2021-09-29 00:00:00,1.35416,1.35477,1.35301,1.35461
2021-09-29 04:00:00,1.35462,1.35548,1.35047,1.35185
2021-09-29 08:00:00,1.35184,1.35301,1.34725,1.34901
2021-09-29 12:00:00,1.349,1.34905,1.34226,1.34375
2021-09-29 16:00:00,1.34376,1.34425,1.34125,1.34212
2021-09-29 20:00:00,1.34257,1.34304,1.34255,1.34273
2021-09-30 00:00:00,1.34274,1.34586,1.34251,1.3456
2021-09-30 04:00:00,1.34561,1.34598,1.34158,1.34428
2021-09-30 08:00:00,1.34429,1.34691,1.34301,1.34497
2021-09-30 12:00:00,1.34496,1.35163,1.34495,1.3468
2021-09-30 16:00:00,1.3468,1.34847,1.34475,1.34726
2021-09-30 20:00:00,1.34725,1.34806,1.3467,1.34688
2021-10-01 00:00:00,1.34687,1.34729,1.34449,1.3455
2021-10-01 04:00:00,1.34551,1.34668,1.34339,1.34615
2021-10-01 08:00:00,1.34613,1.35423,1.34492,1.35406
2021-10-01 12:00:00,1.35405,1.35759,1.35254,1.35706
2021-10-01 16:00:00,1.35707,1.35754,1.35472,1.35519
2021-10-01 20:00:00,1.35518,1.35533,1.3543,1.35455
2021-10-03 20:00:00,1.35547,1.35758,1.35451,1.35702
2021-10-04 00:00:00,1.35701,1.35773,1.35339,1.3535
2021-10-04 04:00:00,1.35349,1.35646,1.3532,1.35627
2021-10-04 08:00:00,1.35628,1.3607,1.35436,1.36054
2021-10-04 12:00:00,1.36053,1.36406,1.35949,1.36008
2021-10-04 16:00:00,1.36009,1.36184,1.35989,1.36134
2021-10-04 20:00:00,1.36135,1.36163,1.36053,1.36068
2021-10-05 00:00:00,1.36069,1.36123,1.35846,1.35958
2021-10-05 04:00:00,1.35957,1.36174,1.35853,1.36085
2021-10-05 08:00:00,1.36086,1.36433,1.36058,1.36199
2021-10-05 12:00:00,1.36198,1.3648,1.35997,1.36399
2021-10-05 16:00:00,1.36398,1.36448,1.36224,1.36242
2021-10-05 20:00:00,1.36243,1.36344,1.36211,1.36264
2021-10-06 00:00:00,1.36263,1.36314,1.36096,1.36144
2021-10-06 04:00:00,1.36143,1.36153,1.35636,1.35636
2021-10-06 08:00:00,1.35635,1.35786,1.35441,1.35716
2021-10-06 12:00:00,1.35715,1.35912,1.35503,1.35665
2021-10-06 16:00:00,1.35664,1.35895,1.35537,1.35891
2021-10-06 20:00:00,1.3589,1.35932,1.35811,1.35923
2021-10-07 00:00:00,1.35922,1.35978,1.35775,1.35843
2021-10-07 04:00:00,1.35844,1.36053,1.35732,1.35823
2021-10-07 08:00:00,1.35822,1.36181,1.35707,1.36069
2021-10-07 12:00:00,1.3607,1.36388,1.35856,1.36322
2021-10-07 16:00:00,1.36323,1.36381,1.36135,1.36167
2021-10-07 20:00:00,1.36168,1.36199,1.36119,1.36195
2021-10-08 00:00:00,1.36192,1.36233,1.36068,1.36095
2021-10-08 04:00:00,1.361,1.36133,1.35836,1.35927
2021-10-08 08:00:00,1.35926,1.36379,1.35868,1.36236
2021-10-08 12:00:00,1.36235,1.36589,1.36121,1.36294
2021-10-08 16:00:00,1.36295,1.36295,1.36098,1.36201
2021-10-08 20:00:00,1.362,1.36211,1.36122,1.36147
2021-10-10 20:00:00,1.36199,1.36273,1.36122,1.36161
2021-10-11 00:00:00,1.36163,1.36561,1.36157,1.3637
2021-10-11 04:00:00,1.36369,1.3674,1.36347,1.36481
2021-10-11 08:00:00,1.36481,1.3657,1.36113,1.36299
2021-10-11 12:00:00,1.36298,1.36512,1.36187,1.36248
2021-10-11 16:00:00,1.36249,1.3625,1.35859,1.35867
2021-10-11 20:00:00,1.35866,1.35974,1.35846,1.35912
2021-10-12 00:00:00,1.35915,1.36027,1.35811,1.3597
2021-10-12 04:00:00,1.35969,1.36122,1.35839,1.35852
2021-10-12 08:00:00,1.35851,1.36302,1.35688,1.36257
2021-10-12 12:00:00,1.36256,1.36374,1.35695,1.36033
2021-10-12 16:00:00,1.36032,1.36058,1.35768,1.35934
2021-10-12 20:00:00,1.35933,1.35936,1.35761,1.3577
2021-10-13 00:00:00,1.35769,1.36184,1.3576,1.36146
2021-10-13 04:00:00,1.36147,1.36283,1.36022,1.3621
2021-10-13 08:00:00,1.36211,1.36443,1.3617,1.36211
2021-10-13 12:00:00,1.3621,1.36484,1.35878,1.36444
2021-10-13 16:00:00,1.36445,1.36649,1.36318,1.36615
2021-10-13 20:00:00,1.36616,1.36693,1.3656,1.36685
2021-10-14 00:00:00,1.36686,1.36726,1.36585,1.36696
2021-10-14 04:00:00,1.36698,1.36994,1.36614,1.36974
2021-10-14 08:00:00,1.36975,1.37345,1.36959,1.37164
2021-10-14 12:00:00,1.37163,1.37202,1.36755,1.36845
2021-10-14 16:00:00,1.36844,1.36913,1.36703,1.36715
2021-10-14 20:00:00,1.36716,1.36771,1.36676,1.36683
2021-10-15 00:00:00,1.36684,1.36888,1.36683,1.36857
2021-10-15 04:00:00,1.36856,1.37291,1.3675,1.37207
2021-10-15 08:00:00,1.37206,1.37581,1.37162,1.37511
2021-10-15 12:00:00,1.3751,1.37732,1.37335,1.37558
2021-10-15 16:00:00,1.37559,1.37642,1.37405,1.37432
2021-10-15 20:00:00,1.37433,1.37498,1.37398,1.37498
2021-10-17 20:00:00,1.37512,1.37653,1.37449,1.37608
2021-10-18 00:00:00,1.37609,1.37638,1.37279,1.37299
2021-10-18 04:00:00,1.373,1.37474,1.37198,1.37473
2021-10-18 08:00:00,1.37474,1.37476,1.37167,1.37344
2021-10-18 12:00:00,1.37343,1.37461,1.37092,1.3727
2021-10-18 16:00:00,1.37271,1.37399,1.37237,1.37318
2021-10-18 20:00:00,1.37319,1.37366,1.37239,1.37358
2021-10-19 00:00:00,1.37359,1.37667,1.37359,1.37659
2021-10-19 04:00:00,1.37658,1.37879,1.37658,1.378
2021-10-19 08:00:00,1.37799,1.38339,1.3779,1.38251
2021-10-19 12:00:00,1.38252,1.38326,1.37919,1.3806
2021-10-19 16:00:00,1.38061,1.38129,1.37918,1.37919
2021-10-19 20:00:00,1.3792,1.38016,1.3789,1.37925
2021-10-20 00:00:00,1.37926,1.38151,1.37884,1.38078
2021-10-20 04:00:00,1.38077,1.38134,1.37686,1.37736
2021-10-20 08:00:00,1.37735,1.37897,1.37425,1.3743
2021-10-20 12:00:00,1.37429,1.38246,1.37428,1.38207
2021-10-20 16:00:00,1.38206,1.38347,1.38173,1.38257
2021-10-20 20:00:00,1.38258,1.38282,1.38164,1.38221
2021-10-21 00:00:00,1.38222,1.38333,1.3822,1.38321
2021-10-21 04:00:00,1.38322,1.38329,1.37915,1.38159
2021-10-21 08:00:00,1.3816,1.38174,1.3786,1.38118
2021-10-21 12:00:00,1.38116,1.38245,1.37953,1.38104
2021-10-21 16:00:00,1.38103,1.38134,1.37764,1.37877
2021-10-21 20:00:00,1.37875,1.3796,1.37849,1.37915
2021-10-22 00:00:00,1.37914,1.38095,1.37831,1.37957
2021-10-22 04:00:00,1.37956,1.38037,1.37776,1.37779
2021-10-22 08:00:00,1.37778,1.38154,1.37713,1.37835
2021-10-22 12:00:00,1.37834,1.37939,1.37371,1.37434
2021-10-22 16:00:00,1.37433,1.37623,1.37362,1.37622
2021-10-22 20:00:00,1.37621,1.37621,1.37542,1.37552
2021-10-24 20:00:00,1.37509,1.37651,1.37495,1.37622
2021-10-25 00:00:00,1.37629,1.37851,1.37599,1.37815
2021-10-25 04:00:00,1.37816,1.37911,1.37598,1.37878
2021-10-25 08:00:00,1.37879,1.37922,1.3743,1.37543
2021-10-25 12:00:00,1.37544,1.37801,1.3742,1.37733
2021-10-25 16:00:00,1.37734,1.37759,1.37567,1.37666
2021-10-25 20:00:00,1.37665,1.37697,1.3759,1.37638
2021-10-26 00:00:00,1.37641,1.37721,1.3757,1.37657
2021-10-26 04:00:00,1.37658,1.37881,1.37575,1.37708
2021-10-26 08:00:00,1.37709,1.38298,1.37659,1.3807
2021-10-26 12:00:00,1.38069,1.381,1.37657,1.37698
2021-10-26 16:00:00,1.37697,1.37709,1.37585,1.37636
2021-10-26 20:00:00,1.37637,1.37699,1.37619,1.37657
2021-10-27 00:00:00,1.37656,1.37787,1.37656,1.37699
2021-10-27 04:00:00,1.377,1.37811,1.37436,1.37465
2021-10-27 08:00:00,1.37464,1.37598,1.37105,1.37329
2021-10-27 12:00:00,1.37328,1.37548,1.37097,1.37385
2021-10-27 16:00:00,1.37386,1.37592,1.37322,1.37371
2021-10-27 20:00:00,1.37372,1.37437,1.37312,1.3732
2021-10-28 00:00:00,1.3732,1.37464,1.37224,1.37459
2021-10-28 04:00:00,1.37461,1.37745,1.37355,1.37595
2021-10-28 08:00:00,1.37596,1.37668,1.37391,1.375
2021-10-28 12:00:00,1.37499,1.38151,1.37304,1.38037
2021-10-28 16:00:00,1.38036,1.38068,1.37858,1.3789
2021-10-28 20:00:00,1.37889,1.38008,1.37873,1.37988
2021-10-29 00:00:00,1.37989,1.38041,1.37879,1.3795
2021-10-29 04:00:00,1.37949,1.38019,1.37778,1.37899
2021-10-29 08:00:00,1.379,1.38007,1.37642,1.37896
2021-10-29 12:00:00,1.37895,1.37902,1.36806,1.36849
2021-10-29 16:00:00,1.3685,1.36987,1.36684,1.36853
2021-10-29 20:00:00,1.36852,1.36957,1.3676,1.3676
2021-10-31 20:00:00,1.368445,1.36897,1.36809,1.36828
2021-11-01 00:00:00,1.36829,1.36881,1.36662,1.36797
2021-11-01 04:00:00,1.36796,1.36878,1.36429,1.36512
2021-11-01 08:00:00,1.36511,1.36785,1.36422,1.36766
2021-11-01 12:00:00,1.36767,1.36933,1.36616,1.36781
2021-11-01 16:00:00,1.3678,1.36818,1.36531,1.36629
2021-11-01 20:00:00,1.36628,1.3675,1.36547,1.36547
2021-11-02 00:00:00,1.36548,1.36596,1.3646,1.36512
2021-11-02 04:00:00,1.36511,1.36678,1.36401,1.36591
2021-11-02 08:00:00,1.3659,1.36611,1.36257,1.36484
2021-11-02 12:00:00,1.36485,1.36639,1.36087,1.36115
2021-11-02 16:00:00,1.36116,1.36253,1.36058,1.36163
2021-11-02 20:00:00,1.36162,1.36209,1.36114,1.36164
2021-11-03 00:00:00,1.36182,1.36336,1.36108,1.36323
2021-11-03 04:00:00,1.36324,1.36347,1.36195,1.36204
2021-11-03 08:00:00,1.36203,1.36546,1.36075,1.36536
2021-11-03 12:00:00,1.36537,1.36666,1.36335,1.36592
2021-11-03 16:00:00,1.36591,1.369,1.36429,1.36825
2021-11-03 20:00:00,1.36824,1.36985,1.36788,1.36941
2021-11-04 00:00:00,1.3694,1.36944,1.366,1.36622
2021-11-04 04:00:00,1.36623,1.36704,1.36518,1.36583
2021-11-04 08:00:00,1.36584,1.36607,1.36167,1.36407
2021-11-04 12:00:00,1.36406,1.36407,1.34712,1.3492
2021-11-04 16:00:00,1.34922,1.35162,1.34845,1.35034
2021-11-04 20:00:00,1.35033,1.35083,1.34915,1.3508
2021-11-05 00:00:00,1.35079,1.35079,1.34842,1.35001
2021-11-05 04:00:00,1.35002,1.3509,1.34899,1.3505
2021-11-05 08:00:00,1.35051,1.35052,1.34245,1.34424
2021-11-05 12:00:00,1.34425,1.34995,1.34318,1.34904
2021-11-05 16:00:00,1.34904,1.35071,1.34771,1.3493
2021-11-05 20:00:00,1.34929,1.34977,1.3488,1.34977
2021-11-07 20:00:00,1.34936,1.34984,1.34861,1.34907
2021-11-08 00:00:00,1.34906,1.34947,1.34722,1.34793
2021-11-08 04:00:00,1.34794,1.34963,1.34732,1.3481
2021-11-08 08:00:00,1.34811,1.35165,1.34503,1.35154
2021-11-08 12:00:00,1.35153,1.358,1.35042,1.3562
2021-11-08 16:00:00,1.35619,1.3569,1.35494,1.35554
2021-11-08 20:00:00,1.35555,1.35684,1.35527,1.35639
2021-11-09 00:00:00,1.35638,1.35649,1.35485,1.35506
2021-11-10 00:00:00,1.35521,1.35651,1.35463,1.3558
2021-11-10 04:00:00,1.35581,1.35639,1.35441,1.35541
2021-11-10 08:00:00,1.3554,1.35582,1.35008,1.35106
2021-11-10 12:00:00,1.35105,1.35385,1.34685,1.34751
2021-11-10 16:00:00,1.3475,1.34996,1.34134,1.34139
2021-11-10 20:00:00,1.34138,1.34159,1.34015,1.34122
2021-11-11 00:00:00,1.34121,1.342,1.33929,1.34073
2021-11-11 04:00:00,1.34072,1.34333,1.33877,1.33915
2021-11-11 08:00:00,1.33916,1.34105,1.33642,1.33986
2021-11-11 12:00:00,1.33985,1.34172,1.33826,1.33915
2021-11-11 16:00:00,1.33917,1.33962,1.33602,1.33637
2021-11-11 20:00:00,1.33636,1.33751,1.33588,1.3365
2021-11-12 00:00:00,1.33649,1.3372,1.33535,1.33606
2021-11-12 04:00:00,1.33605,1.33892,1.33594,1.33892
2021-11-12 08:00:00,1.33888,1.34118,1.33777,1.33925
2021-11-12 12:00:00,1.33926,1.3424,1.33791,1.33941
2021-11-12 16:00:00,1.3394,1.34263,1.33924,1.34145
2021-11-12 20:00:00,1.34147,1.34227,1.3409,1.34185
2021-11-14 20:00:00,1.34157,1.34206,1.34115,1.34163
2021-11-15 00:00:00,1.34164,1.34392,1.34131,1.34281
2021-11-15 04:00:00,1.3428,1.34399,1.34224,1.34266
2021-11-15 08:00:00,1.34267,1.34439,1.34033,1.34405
2021-11-15 12:00:00,1.34404,1.34496,1.34213,1.34317
2021-11-15 16:00:00,1.34319,1.34442,1.3417,1.34275
2021-11-15 20:00:00,1.34274,1.34312,1.34054,1.34102
2021-11-16 00:00:00,1.34103,1.34387,1.34103,1.34337
2021-11-16 04:00:00,1.34338,1.34651,1.34171,1.34641
2021-11-16 08:00:00,1.3464,1.3473,1.34325,1.3447
2021-11-16 12:00:00,1.34469,1.34629,1.34149,1.3421
2021-11-16 16:00:00,1.34211,1.34435,1.3419,1.34286
2021-11-16 20:00:00,1.34287,1.34316,1.34204,1.34253
2021-11-17 00:00:00,1.34254,1.34369,1.33967,1.34143
2021-11-17 04:00:00,1.34142,1.34743,1.3411,1.3447
2021-11-17 08:00:00,1.34479,1.34569,1.3417,1.34538
2021-11-17 12:00:00,1.34539,1.34916,1.34519,1.34649
2021-11-17 16:00:00,1.34648,1.34963,1.34594,1.34853
2021-11-17 20:00:00,1.34854,1.34959,1.34821,1.34886
2021-11-18 00:00:00,1.34889,1.3504,1.34848,1.34929
2021-11-18 04:00:00,1.3493,1.35136,1.34839,1.35103
2021-11-18 08:00:00,1.35102,1.3513,1.34845,1.34877
2021-11-18 12:00:00,1.34876,1.3494,1.34641,1.34767
2021-11-18 16:00:00,1.34777,1.35051,1.34704,1.3497
2021-11-18 20:00:00,1.34969,1.35045,1.34939,1.3499
2021-11-19 00:00:00,1.34982,1.34991,1.34832,1.34861
2021-11-19 04:00:00,1.3486,1.35099,1.34811,1.34913
2021-11-19 08:00:00,1.34914,1.34975,1.34077,1.34498
2021-11-19 12:00:00,1.34515,1.34734,1.34139,1.34601
2021-11-19 16:00:00,1.346,1.34751,1.34432,1.34469
2021-11-19 20:00:00,1.34468,1.3452,1.34405,1.34511
2021-11-21 20:00:00,1.34562,1.34589,1.34304,1.34332
2021-11-22 00:00:00,1.34331,1.34489,1.34276,1.34357
2021-11-22 04:00:00,1.34356,1.34492,1.34281,1.34286
2021-11-22 08:00:00,1.34286,1.34476,1.34193,1.34423
2021-11-22 12:00:00,1.34422,1.345,1.33901,1.33985
2021-11-22 16:00:00,1.34001,1.34212,1.33845,1.3385
2021-11-22 20:00:00,1.33851,1.33993,1.33849,1.33976
2021-11-23 00:00:00,1.33979,1.34056,1.33856,1.3397
2021-11-23 04:00:00,1.33971,1.34094,1.33802,1.33983
2021-11-23 08:00:00,1.33966,1.33966,1.33565,1.33577
2021-11-23 12:00:00,1.33578,1.33804,1.33425,1.33695
2021-11-23 16:00:00,1.33694,1.33884,1.33594,1.33807
2021-11-23 20:00:00,1.33808,1.33855,1.33737,1.33753
2021-11-24 00:00:00,1.33752,1.33833,1.33674,1.33702
2021-11-24 04:00:00,1.33701,1.33901,1.33693,1.33714
2021-11-24 08:00:00,1.33715,1.33842,1.33522,1.3371
2021-11-24 12:00:00,1.33709,1.33792,1.33252,1.33306
2021-11-24 16:00:00,1.33305,1.33381,1.33159,1.33212
2021-11-24 20:00:00,1.33211,1.33333,1.33195,1.33299
2021-11-25 00:00:00,1.33301,1.33526,1.33282,1.33483
2021-11-25 04:00:00,1.33484,1.33518,1.33415,1.33495
2021-11-25 08:00:00,1.33496,1.33537,1.33158,1.33235
2021-11-25 12:00:00,1.33236,1.33278,1.33057,1.33196
2021-11-25 16:00:00,1.33207,1.333,1.33182,1.33241
2021-11-25 20:00:00,1.33243,1.33263,1.33124,1.33126
2021-11-26 00:00:00,1.33125,1.33177,1.32991,1.33015
2021-11-26 04:00:00,1.33016,1.33088,1.32961,1.33026
2021-11-26 08:00:00,1.33028,1.33389,1.32789,1.33297
2021-11-26 12:00:00,1.33298,1.33494,1.33185,1.33357
2021-11-26 16:00:00,1.33358,1.33466,1.33077,1.3337
2021-11-26 20:00:00,1.33376,1.3364,1.33319,1.33383
2021-11-28 20:00:00,1.33356,1.33415,1.33286,1.33406
2021-11-29 00:00:00,1.33405,1.33421,1.33277,1.33344
2021-11-29 04:00:00,1.33343,1.33416,1.33197,1.33298
2021-11-29 08:00:00,1.33297,1.33631,1.33192,1.33416
2021-11-29 12:00:00,1.33415,1.33466,1.32922,1.32948
2021-11-29 16:00:00,1.32947,1.3309,1.32877,1.32915
2021-11-29 20:00:00,1.32916,1.33236,1.32915,1.33144
2021-11-30 00:00:00,1.33143,1.33298,1.33099,1.33215
2021-11-30 04:00:00,1.33216,1.33309,1.33075,1.33284
2021-11-30 08:00:00,1.33286,1.33707,1.33276,1.33412
2021-11-30 12:00:00,1.33411,1.3367,1.32281,1.32329
2021-11-30 16:00:00,1.32314,1.3288,1.31967,1.32843
2021-11-30 20:00:00,1.32842,1.33147,1.32797,1.32955
2021-12-01 00:00:00,1.32956,1.33156,1.32884,1.33133
2021-12-01 04:00:00,1.33131,1.33325,1.33083,1.33185
2021-12-01 08:00:00,1.33181,1.33299,1.32765,1.33225
2021-12-01 12:00:00,1.33224,1.33519,1.33076,1.33128
2021-12-01 16:00:00,1.33127,1.33247,1.32787,1.32788
2021-12-01 20:00:00,1.32789,1.32829,1.32618,1.32777
2021-12-02 00:00:00,1.32776,1.3306,1.32718,1.32975
2021-12-02 04:00:00,1.32976,1.32996,1.32766,1.32834
2021-12-02 08:00:00,1.32835,1.33336,1.32806,1.33289
2021-12-02 12:00:00,1.3329,1.33339,1.32997,1.33081
2021-12-02 16:00:00,1.33071,1.3321,1.32897,1.32982
2021-12-02 20:00:00,1.32983,1.33059,1.32942,1.32997
2021-12-03 00:00:00,1.33,1.3301,1.32835,1.32864
2021-12-03 04:00:00,1.32863,1.32993,1.32692,1.32776
2021-12-03 08:00:00,1.32777,1.32899,1.32546,1.32737
2021-12-03 12:00:00,1.32738,1.33097,1.32097,1.32203
2021-12-03 16:00:00,1.32196,1.32531,1.32133,1.32301
2021-12-03 20:00:00,1.32304,1.3244,1.32277,1.32392
2021-12-05 20:00:00,1.32412,1.32506,1.32335,1.32356
2021-12-06 00:00:00,1.32352,1.32409,1.32277,1.32358
2021-12-06 04:00:00,1.32359,1.32369,1.32227,1.32327
2021-12-06 08:00:00,1.32329,1.32837,1.32304,1.32786
2021-12-06 12:00:00,1.32787,1.32861,1.32308,1.32367
2021-12-06 16:00:00,1.32364,1.32679,1.32333,1.32573
2021-12-06 20:00:00,1.32572,1.32665,1.32538,1.32625
2021-12-07 00:00:00,1.32626,1.32847,1.32564,1.32844
2021-12-07 04:00:00,1.32843,1.32895,1.32703,1.32828
2021-12-07 08:00:00,1.32827,1.32882,1.32444,1.32522
2021-12-07 12:00:00,1.32521,1.32587,1.32092,1.32345
2021-12-07 16:00:00,1.32346,1.32506,1.32216,1.32377
2021-12-07 20:00:00,1.32376,1.32486,1.32333,1.32455
2021-12-08 00:00:00,1.32457,1.32615,1.32393,1.32606
2021-12-08 04:00:00,1.32607,1.32612,1.32337,1.32418
2021-12-08 08:00:00,1.3242,1.32562,1.31611,1.32145
2021-12-08 12:00:00,1.32144,1.32185,1.31832,1.32157
2021-12-08 16:00:00,1.32158,1.32444,1.32153,1.32345
2021-12-08 20:00:00,1.32344,1.32378,1.31914,1.32091
2021-12-09 00:00:00,1.3209,1.32122,1.31934,1.32077
2021-12-09 04:00:00,1.32076,1.32164,1.32005,1.32007
2021-12-09 08:00:00,1.32006,1.32112,1.31781,1.31866
2021-12-09 12:00:00,1.31864,1.32129,1.31709,1.32064
2021-12-09 16:00:00,1.32063,1.32197,1.31859,1.32077
2021-12-09 20:00:00,1.32078,1.32247,1.32078,1.32244
2021-12-10 00:00:00,1.32243,1.32335,1.32134,1.32294
2021-12-10 04:00:00,1.32293,1.32296,1.32103,1.32152
2021-12-10 08:00:00,1.32151,1.32191,1.31874,1.3199
2021-12-10 12:00:00,1.31989,1.32417,1.31959,1.3229
2021-12-10 16:00:00,1.32297,1.32758,1.32256,1.32572
2021-12-10 20:00:00,1.32573,1.32728,1.32562,1.32728
2021-12-12 20:00:00,1.32577,1.32617,1.32545,1.32574
2021-12-13 00:00:00,1.32573,1.32612,1.32481,1.32507
2021-12-13 04:00:00,1.32506,1.32538,1.32217,1.32338
2021-12-13 08:00:00,1.32337,1.32612,1.32222,1.32602
2021-12-13 12:00:00,1.32601,1.3269,1.32288,1.32298
2021-12-13 16:00:00,1.32297,1.32416,1.32092,1.32183
2021-12-13 20:00:00,1.32184,1.32214,1.32076,1.32133
2021-12-14 00:00:00,1.32134,1.32135,1.31915,1.31918
2021-12-14 04:00:00,1.31917,1.32169,1.31913,1.32016
2021-12-14 08:00:00,1.32017,1.32564,1.31982,1.32516
2021-12-14 12:00:00,1.32515,1.32569,1.32256,1.32327
2021-12-14 16:00:00,1.32326,1.32407,1.32201,1.32206
2021-12-14 20:00:00,1.32205,1.3237,1.32194,1.32299
2021-12-15 00:00:00,1.323,1.32368,1.32272,1.32309
2021-12-15 04:00:00,1.3231,1.3264,1.3231,1.32513
2021-12-15 08:00:00,1.32514,1.32829,1.3246,1.32621
2021-12-15 12:00:00,1.3262,1.32627,1.32066,1.32155
2021-12-15 16:00:00,1.32145,1.32417,1.31723,1.32397
2021-12-15 20:00:00,1.32387,1.32737,1.32314,1.32624
2021-12-16 00:00:00,1.32623,1.32638,1.32485,1.32527
2021-12-16 04:00:00,1.32528,1.32665,1.32416,1.32646
2021-12-16 08:00:00,1.32646,1.33033,1.32588,1.32784
2021-12-16 12:00:00,1.32785,1.33746,1.32784,1.3331
2021-12-16 16:00:00,1.33311,1.33336,1.33045,1.33096
2021-12-16 20:00:00,1.33095,1.33285,1.33026,1.33229
2021-12-17 00:00:00,1.3323,1.33315,1.33188,1.33208
2021-12-17 04:00:00,1.33209,1.33387,1.33065,1.33091
2021-12-17 08:00:00,1.33092,1.33397,1.32814,1.32876
2021-12-17 12:00:00,1.32877,1.33039,1.32623,1.32629
2021-12-17 16:00:00,1.32629,1.3274,1.3247,1.32508
2021-12-17 20:00:00,1.32508,1.3252,1.32317,1.32405
2021-12-19 20:00:00,1.32401,1.32461,1.32225,1.32291
2021-12-20 00:00:00,1.32292,1.32361,1.32217,1.32266
2021-12-20 04:00:00,1.32267,1.32281,1.32027,1.32137
2021-12-20 08:00:00,1.32136,1.32137,1.31736,1.32034
2021-12-20 12:00:00,1.32035,1.32448,1.3202,1.32213
2021-12-20 16:00:00,1.32212,1.32291,1.32017,1.32017
2021-12-20 20:00:00,1.32018,1.32156,1.32005,1.32095
2021-12-21 00:00:00,1.32096,1.32143,1.31977,1.32124
2021-12-21 04:00:00,1.32125,1.32241,1.32081,1.32209
2021-12-21 08:00:00,1.3221,1.32622,1.32185,1.32448
2021-12-21 12:00:00,1.32449,1.32617,1.3231,1.32331
2021-12-21 16:00:00,1.32332,1.32674,1.32312,1.32645
2021-12-21 20:00:00,1.32644,1.32711,1.32577,1.32685
2021-12-22 00:00:00,1.32684,1.32751,1.32561,1.32563
2021-12-22 04:00:00,1.32564,1.32745,1.32405,1.32733
2021-12-22 08:00:00,1.32734,1.33255,1.32642,1.33138
2021-12-22 12:00:00,1.33137,1.33465,1.33014,1.33442
2021-12-22 16:00:00,1.33443,1.33627,1.33416,1.33592
2021-12-22 20:00:00,1.33593,1.33635,1.33472,1.33509
2021-12-23 00:00:00,1.33508,1.33607,1.3343,1.33492
2021-12-23 04:00:00,1.33491,1.33707,1.33478,1.33701
2021-12-23 08:00:00,1.337,1.34346,1.33669,1.34335
2021-12-23 12:00:00,1.34336,1.34381,1.33945,1.34101
2021-12-23 16:00:00,1.341,1.34207,1.33998,1.34193
2021-12-23 20:00:00,1.34192,1.34209,1.34045,1.34064
2021-12-24 00:00:00,1.34062,1.34145,1.34025,1.34072
2021-12-24 04:00:00,1.34071,1.34152,1.33904,1.34083
2021-12-24 08:00:00,1.34082,1.34168,1.33944,1.34131
2021-12-24 12:00:00,1.34132,1.34195,1.33958,1.33988
2021-12-24 16:00:00,1.33989,1.34083,1.33878,1.33985
2021-12-24 20:00:00,1.33984,1.34145,1.33908,1.33931
2021-12-26 20:00:00,1.33932,1.34094,1.33918,1.34028
2021-12-27 00:00:00,1.34026,1.34156,1.33918,1.34147
2021-12-27 04:00:00,1.34146,1.34147,1.33927,1.3411
2021-12-27 08:00:00,1.34109,1.34192,1.3394,1.34034
2021-12-27 12:00:00,1.34032,1.34426,1.33973,1.34167
2021-12-27 16:00:00,1.34166,1.34439,1.34148,1.34419
2021-12-27 20:00:00,1.34418,1.34454,1.3437,1.34417
2021-12-28 00:00:00,1.34419,1.34419,1.34283,1.34315
2021-12-28 04:00:00,1.34314,1.34397,1.343,1.34326
2021-12-28 08:00:00,1.34327,1.34575,1.3431,1.34558
2021-12-28 12:00:00,1.34557,1.34618,1.34152,1.34252
2021-12-28 16:00:00,1.34251,1.34425,1.34211,1.34242
2021-12-28 20:00:00,1.34241,1.34404,1.34235,1.34335
2021-12-29 00:00:00,1.34334,1.34377,1.34215,1.34335
2021-12-29 04:00:00,1.34336,1.34356,1.34164,1.3426
2021-12-29 08:00:00,1.34261,1.34405,1.34091,1.34388
2021-12-29 12:00:00,1.34387,1.34998,1.34236,1.34853
2021-12-29 16:00:00,1.34854,1.34927,1.34691,1.34898
2021-12-29 20:00:00,1.34899,1.34973,1.34815,1.34971
2021-12-30 00:00:00,1.3497,1.35052,1.34871,1.34871
2021-12-30 04:00:00,1.3487,1.34903,1.34644,1.34731
2021-12-30 08:00:00,1.34732,1.34916,1.34545,1.34864
2021-12-30 12:00:00,1.34872,1.3522,1.34785,1.34989
2021-12-30 16:00:00,1.3499,1.35095,1.34802,1.35094
2021-12-30 20:00:00,1.35093,1.35135,1.34952,1.34977
2021-12-31 00:00:00,1.34976,1.35064,1.34951,1.34972
2021-12-31 04:00:00,1.34973,1.35071,1.34941,1.35064
2021-12-31 08:00:00,1.35065,1.352,1.34757,1.34766
2021-12-31 12:00:00,1.34765,1.35502,1.34658,1.35483
2021-12-31 16:00:00,1.35483,1.35485,1.35275,1.35332
2021-12-31 20:00:00,1.35333,1.35346,1.35204,1.35303
2022-01-02 20:00:00,1.35288,1.35348,1.35207,1.35218
2022-01-03 00:00:00,1.35217,1.35298,1.34955,1.34997
2022-01-03 04:00:00,1.34999,1.3508,1.34955,1.3506
2022-01-03 08:00:00,1.35059,1.35285,1.35036,1.35106
2022-01-03 12:00:00,1.35107,1.35126,1.34311,1.34472
2022-01-03 16:00:00,1.34473,1.3486,1.34368,1.34846
2022-01-03 20:00:00,1.34847,1.34859,1.34708,1.34826
2022-01-04 00:00:00,1.34825,1.34845,1.34633,1.34645
2022-01-04 04:00:00,1.34646,1.34891,1.34596,1.34888
2022-01-04 08:00:00,1.34887,1.35148,1.34834,1.34959
2022-01-04 12:00:00,1.3496,1.35576,1.34789,1.35531
2022-01-04 16:00:00,1.35532,1.35538,1.35208,1.35351
2022-01-04 20:00:00,1.35352,1.3538,1.35258,1.35304
2022-01-05 00:00:00,1.35302,1.35402,1.35269,1.35329
2022-01-05 04:00:00,1.35328,1.3542,1.35228,1.35361
2022-01-05 08:00:00,1.35362,1.35548,1.35282,1.35416
2022-01-05 12:00:00,1.35417,1.35678,1.3532,1.35654
2022-01-05 16:00:00,1.35649,1.35987,1.35575,1.35618
2022-01-05 20:00:00,1.35602,1.35602,1.35485,1.3555
2022-01-06 00:00:00,1.35549,1.35555,1.35326,1.35385
2022-01-06 04:00:00,1.35386,1.35386,1.34945,1.34992
2022-01-06 08:00:00,1.34993,1.35465,1.34905,1.35373
2022-01-06 12:00:00,1.35374,1.35593,1.35163,1.35281
2022-01-06 16:00:00,1.35277,1.35414,1.35224,1.35253
2022-01-06 20:00:00,1.35254,1.35378,1.35252,1.3533
2022-01-07 00:00:00,1.35331,1.35532,1.35287,1.35486
2022-01-07 04:00:00,1.35485,1.35485,1.35323,1.35395
2022-01-07 08:00:00,1.35393,1.35576,1.35275,1.35513
2022-01-07 12:00:00,1.35512,1.35742,1.35301,1.35723
2022-01-07 16:00:00,1.35722,1.35972,1.3561,1.35961
2022-01-07 20:00:00,1.3596,1.35977,1.35889,1.35895
2022-01-09 20:00:00,1.35826,1.3594,1.35794,1.35917
2022-01-10 00:00:00,1.35918,1.35978,1.35819,1.35838
2022-01-10 04:00:00,1.35839,1.35943,1.35788,1.35858
2022-01-10 08:00:00,1.35859,1.36038,1.35745,1.35826
2022-01-10 12:00:00,1.35827,1.35899,1.35321,1.356095
2022-01-10 16:00:00,1.356095,1.35747,1.355385,1.357085
2022-01-10 20:00:00,1.35709,1.3581,1.35689,1.357985
2022-01-11 00:00:00,1.35799,1.359775,1.357805,1.35929
2022-01-11 04:00:00,1.359295,1.360025,1.35801,1.35978
2022-01-11 08:00:00,1.359775,1.361975,1.358475,1.358575
2022-01-11 12:00:00,1.35858,1.360505,1.35617,1.360445
2022-01-11 16:00:00,1.36049,1.362875,1.360485,1.36278
2022-01-11 20:00:00,1.362775,1.363675,1.36248,1.36329
2022-01-12 00:00:00,1.363285,1.364585,1.362855,1.364455
2022-01-12 04:00:00,1.36445,1.36454,1.36259,1.362985
2022-01-12 08:00:00,1.36298,1.36409,1.36211,1.3634
2022-01-12 12:00:00,1.363405,1.36958,1.363395,1.368735
2022-01-12 16:00:00,1.36873,1.371325,1.368465,1.37124
2022-01-12 20:00:00,1.37126,1.371475,1.370085,1.37063
2022-01-13 00:00:00,1.370625,1.371925,1.370465,1.37115
2022-01-13 04:00:00,1.371155,1.373205,1.370555,1.373205
2022-01-13 08:00:00,1.373215,1.374885,1.37243,1.372835
2022-01-13 12:00:00,1.37284,1.374815,1.371355,1.37342
2022-01-13 16:00:00,1.37347,1.37401,1.37087,1.37202
2022-01-13 20:00:00,1.37203,1.37204,1.370105,1.371345
2022-01-14 00:00:00,1.37134,1.37298,1.37053,1.37267
2022-01-14 04:00:00,1.372675,1.37376,1.371615,1.37255
2022-01-14 08:00:00,1.37254,1.374315,1.37194,1.371945
2022-01-14 12:00:00,1.371885,1.372675,1.36738,1.368305
2022-01-14 16:00:00,1.36831,1.368925,1.36535,1.36767
2022-01-14 20:00:00,1.367665,1.3684,1.36746,1.36756
2022-01-16 20:00:00,1.36761,1.36807,1.36659,1.36731
2022-01-17 00:00:00,1.36731,1.368195,1.36634,1.36784
2022-01-17 04:00:00,1.36785,1.3686,1.367,1.368395
2022-01-17 08:00:00,1.36839,1.368995,1.365675,1.36615
2022-01-17 12:00:00,1.366145,1.366575,1.36375,1.36488
2022-01-17 16:00:00,1.364885,1.36568,1.36438,1.364475
2022-01-17 20:00:00,1.36448,1.36479,1.36424,1.36476
2022-01-18 00:00:00,1.364765,1.36616,1.362165,1.362885
2022-01-18 04:00:00,1.36289,1.364945,1.36284,1.364465
2022-01-18 08:00:00,1.36447,1.365265,1.36023,1.36031
2022-01-18 12:00:00,1.360315,1.36035,1.35736,1.35823
2022-01-18 16:00:00,1.358225,1.360395,1.357315,1.35973
2022-01-18 20:00:00,1.359725,1.36016,1.358475,1.35997
2022-01-19 00:00:00,1.35998,1.360535,1.35883,1.35987
2022-01-19 04:00:00,1.359865,1.36187,1.35886,1.358975
2022-01-19 08:00:00,1.35897,1.36448,1.358815,1.363055
2022-01-19 12:00:00,1.36306,1.36492,1.36209,1.362825
2022-01-19 16:00:00,1.362845,1.36351,1.362085,1.36259
2022-01-19 20:00:00,1.362595,1.36281,1.36072,1.3609
2022-01-20 00:00:00,1.360995,1.3636,1.36097,1.36271
2022-01-20 04:00:00,1.362715,1.36341,1.362005,1.362695
2022-01-20 08:00:00,1.3627,1.363725,1.36047,1.360775
2022-01-20 12:00:00,1.36077,1.3662,1.359955,1.36559
2022-01-20 16:00:00,1.36559,1.366015,1.361265,1.361265
2022-01-20 20:00:00,1.36127,1.361595,1.35871,1.359695
2022-01-21 00:00:00,1.3597,1.36023,1.35794,1.35958
2022-01-21 04:00:00,1.359575,1.35971,1.35709,1.357625
2022-01-21 08:00:00,1.35762,1.35762,1.35526,1.355735
2022-01-21 12:00:00,1.35573,1.35765,1.354575,1.355405
2022-01-21 16:00:00,1.35553,1.35679,1.355045,1.355495
2022-01-21 20:00:00,1.35549,1.35589,1.35483,1.355315
2022-01-23 20:00:00,1.355285,1.355555,1.354675,1.35552
2022-01-24 00:00:00,1.355525,1.35656,1.35493,1.355555
2022-01-24 04:00:00,1.35556,1.355845,1.35337,1.354275
2022-01-24 08:00:00,1.35428,1.355515,1.348625,1.34878
2022-01-24 12:00:00,1.348965,1.34949,1.344465,1.34644
2022-01-24 16:00:00,1.346445,1.348345,1.34405,1.34827
2022-01-24 20:00:00,1.348215,1.34938,1.34801,1.34885
2022-01-25 00:00:00,1.348845,1.348945,1.34673,1.347635
2022-01-25 04:00:00,1.34764,1.34871,1.347125,1.34826
2022-01-25 08:00:00,1.348255,1.349655,1.344385,1.34464
2022-01-25 12:00:00,1.344645,1.34936,1.343645,1.348295
2022-01-25 16:00:00,1.34844,1.351895,1.34785,1.3518
2022-01-25 20:00:00,1.3518,1.35182,1.350065,1.35098
2022-01-26 00:00:00,1.350985,1.35212,1.35062,1.350935
2022-01-26 04:00:00,1.35093,1.35145,1.349725,1.350235
2022-01-26 08:00:00,1.35024,1.352375,1.34937,1.351235
2022-01-26 12:00:00,1.35124,1.35204,1.34918,1.351005
2022-01-26 16:00:00,1.35101,1.352495,1.345915,1.346735
2022-01-26 20:00:00,1.346465,1.346835,1.34447,1.34675
2022-01-27 00:00:00,1.346745,1.346745,1.343565,1.343665
2022-01-27 04:00:00,1.34367,1.34418,1.341195,1.34136
2022-01-27 08:00:00,1.341355,1.34333,1.3375,1.33868
2022-01-27 12:00:00,1.338695,1.34069,1.33581,1.339
2022-01-27 16:00:00,1.338995,1.340485,1.336705,1.337365
2022-01-27 20:00:00,1.33735,1.338925,1.33733,1.338755
2022-01-28 00:00:00,1.33876,1.34044,1.33795,1.34
2022-01-28 04:00:00,1.339995,1.34154,1.3382,1.338695
2022-01-28 08:00:00,1.3387,1.33948,1.33653,1.338985
2022-01-28 12:00:00,1.33898,1.34317,1.337345,1.34144
2022-01-28 16:00:00,1.34154,1.3433,1.33738,1.338545
2022-01-28 20:00:00,1.33855,1.34024,1.338175,1.340045
2022-01-30 20:00:00,1.33971,1.340505,1.338695,1.34027
2022-01-31 00:00:00,1.340275,1.34145,1.33995,1.341065
2022-01-31 04:00:00,1.34106,1.34356,1.341,1.343465
2022-01-31 08:00:00,1.34347,1.344885,1.340375,1.340375
2022-01-31 12:00:00,1.34038,1.34549,1.339325,1.34175
2022-01-31 16:00:00,1.341915,1.34595,1.34063,1.345765
2022-01-31 20:00:00,1.34577,1.346065,1.34402,1.344485
2022-02-01 00:00:00,1.34449,1.34484,1.343475,1.34407
2022-02-01 04:00:00,1.344065,1.34796,1.344055,1.347835
2022-02-01 08:00:00,1.34783,1.351435,1.347085,1.34944
2022-02-01 12:00:00,1.349445,1.35162,1.34763,1.35062
2022-02-01 16:00:00,1.350565,1.35221,1.34937,1.35177
2022-02-01 20:00:00,1.351765,1.352825,1.351655,1.352485
2022-02-02 00:00:00,1.35248,1.35277,1.3517,1.3517
2022-02-02 04:00:00,1.351695,1.353815,1.351695,1.353525
2022-02-02 08:00:00,1.35352,1.35667,1.352715,1.356325
2022-02-02 12:00:00,1.35633,1.358765,1.355465,1.356555
2022-02-02 16:00:00,1.35656,1.35867,1.35546,1.358435
2022-02-02 20:00:00,1.35843,1.35863,1.356415,1.356435
2022-02-03 00:00:00,1.356425,1.356755,1.35549,1.356475
2022-02-03 04:00:00,1.35648,1.356535,1.35475,1.355835
2022-02-03 08:00:00,1.35583,1.356835,1.35383,1.356475
2022-02-03 12:00:00,1.356565,1.3628,1.354275,1.36095
2022-02-03 16:00:00,1.360885,1.36199,1.358545,1.35889
2022-02-03 20:00:00,1.35888,1.36053,1.358535,1.35981
2022-02-04 00:00:00,1.35977,1.3615,1.35947,1.360935
2022-02-04 04:00:00,1.36094,1.361245,1.357985,1.358195
2022-02-04 08:00:00,1.35808,1.358745,1.35508,1.357235
2022-02-04 12:00:00,1.35724,1.35799,1.35051,1.353025
2022-02-04 16:00:00,1.35303,1.355145,1.35244,1.35289
2022-02-04 20:00:00,1.352895,1.353805,1.3524,1.353335
2022-02-06 20:00:00,1.353785,1.354835,1.35305,1.353305
2022-02-07 00:00:00,1.35331,1.35368,1.35158,1.3524
2022-02-07 04:00:00,1.35239,1.354455,1.351815,1.35439
2022-02-07 08:00:00,1.354385,1.355095,1.349055,1.35109
2022-02-07 12:00:00,1.351085,1.353205,1.3502,1.35305
2022-02-07 16:00:00,1.353045,1.353835,1.35152,1.353805
2022-02-07 20:00:00,1.35381,1.353815,1.35216,1.35371
2022-02-08 00:00:00,1.353715,1.353915,1.35242,1.353455
2022-02-08 04:00:00,1.35345,1.35353,1.35079,1.35236
2022-02-08 08:00:00,1.352365,1.356415,1.35231,1.35471
2022-02-08 12:00:00,1.354705,1.35552,1.351595,1.355325
2022-02-08 16:00:00,1.35533,1.35567,1.353765,1.35428
2022-02-08 20:00:00,1.354275,1.355305,1.353995,1.3547
2022-02-09 00:00:00,1.354715,1.356675,1.354265,1.35594
2022-02-09 04:00:00,1.355935,1.35628,1.35378,1.355325
2022-02-09 08:00:00,1.35532,1.358935,1.35446,1.35766
2022-02-09 12:00:00,1.357665,1.35858,1.3546,1.354645
2022-02-09 16:00:00,1.3546,1.355685,1.35301,1.35355
2022-02-09 20:00:00,1.35355,1.35386,1.352695,1.35327
2022-02-10 00:00:00,1.353275,1.353655,1.352655,1.353235
2022-02-10 04:00:00,1.35323,1.35473,1.35289,1.35472
2022-02-10 08:00:00,1.354725,1.35793,1.354345,1.35691
2022-02-10 12:00:00,1.356905,1.36193,1.35235,1.361545
2022-02-10 16:00:00,1.36157,1.364385,1.357205,1.357325
2022-02-10 20:00:00,1.35744,1.35785,1.354125,1.35493
2022-02-11 00:00:00,1.354925,1.35557,1.353325,1.353935
2022-02-11 04:00:00,1.35393,1.35441,1.351435,1.353485
2022-02-11 08:00:00,1.35348,1.35707,1.352005,1.356275
2022-02-11 12:00:00,1.35628,1.360975,1.35605,1.360315
2022-02-11 16:00:00,1.36032,1.36059,1.35418,1.354925
2022-02-11 20:00:00,1.35493,1.356405,1.354205,1.355725
2022-02-13 20:00:00,1.35542,1.35718,1.355265,1.35692
2022-02-14 00:00:00,1.356915,1.357215,1.35347,1.35354
2022-02-14 04:00:00,1.35353,1.35484,1.352765,1.353895
2022-02-14 08:00:00,1.3539,1.35399,1.34952,1.351465
2022-02-14 12:00:00,1.35147,1.354775,1.3502,1.351315
2022-02-14 16:00:00,1.35132,1.354115,1.350935,1.35201
2022-02-14 20:00:00,1.35201,1.3535,1.35164,1.35324
2022-02-15 00:00:00,1.353245,1.354635,1.35321,1.353745
2022-02-15 04:00:00,1.35375,1.35435,1.352795,1.353145
2022-02-15 08:00:00,1.353195,1.356715,1.35283,1.3539
2022-02-15 12:00:00,1.353905,1.35534,1.348665,1.352135
2022-02-15 16:00:00,1.35214,1.35419,1.352085,1.353535
2022-02-15 20:00:00,1.35354,1.354465,1.352925,1.354065
2022-02-16 00:00:00,1.35407,1.35496,1.35393,1.353995
2022-02-16 04:00:00,1.354,1.35629,1.353885,1.35589
2022-02-16 08:00:00,1.355885,1.35748,1.3554,1.35585
2022-02-16 12:00:00,1.355845,1.35916,1.35411,1.358005
2022-02-16 16:00:00,1.357995,1.36008,1.35706,1.360015
2022-02-16 20:00:00,1.36002,1.36013,1.35786,1.358175
2022-02-17 00:00:00,1.35817,1.35976,1.356095,1.35619
2022-02-17 04:00:00,1.35616,1.35975,1.35558,1.359635
2022-02-17 08:00:00,1.35964,1.361955,1.35684,1.36088
2022-02-17 12:00:00,1.360885,1.36381,1.36031,1.362055
2022-02-17 16:00:00,1.36205,1.3632,1.36175,1.36232
2022-02-17 20:00:00,1.362315,1.362395,1.361135,1.361495
2022-02-18 00:00:00,1.36147,1.361865,1.360025,1.36124
2022-02-18 04:00:00,1.361235,1.36271,1.360535,1.362385
2022-02-18 08:00:00,1.36239,1.36429,1.3611,1.36168
2022-02-18 12:00:00,1.36169,1.362575,1.35811,1.358305
2022-02-18 16:00:00,1.35831,1.360625,1.357325,1.36019
2022-02-18 20:00:00,1.360185,1.360515,1.35884,1.35884
2022-02-20 20:00:00,1.35922,1.359855,1.35879,1.359145
2022-02-21 00:00:00,1.359155,1.362385,1.358775,1.361965
2022-02-21 04:00:00,1.36196,1.363255,1.361525,1.36287
2022-02-21 08:00:00,1.362865,1.363865,1.36107,1.36194
2022-02-21 12:00:00,1.361935,1.362295,1.35941,1.36074
2022-02-21 16:00:00,1.360735,1.36185,1.359705,1.360445
2022-02-21 20:00:00,1.36044,1.360595,1.3582,1.35951
2022-02-22 00:00:00,1.359515,1.35998,1.357975,1.358685
2022-02-22 04:00:00,1.35868,1.35987,1.35665,1.356655
2022-02-22 08:00:00,1.35666,1.359695,1.354525,1.35542
2022-02-22 12:00:00,1.355415,1.36032,1.353855,1.35909
2022-02-22 16:00:00,1.359105,1.36049,1.35761,1.35921
2022-02-22 20:00:00,1.359205,1.359515,1.357975,1.35886
2022-02-23 00:00:00,1.35891,1.360405,1.358525,1.359405
2022-02-23 04:00:00,1.3594,1.36102,1.35885,1.360785
2022-02-23 08:00:00,1.36078,1.362075,1.3585,1.358615
2022-02-23 12:00:00,1.35861,1.360715,1.35554,1.35601
2022-02-23 16:00:00,1.356015,1.356385,1.3536,1.353815
2022-02-23 20:00:00,1.35381,1.35502,1.353685,1.35451
2022-02-24 00:00:00,1.354505,1.354695,1.35115,1.351425
2022-02-24 04:00:00,1.35143,1.35173,1.3463,1.34786
2022-02-24 08:00:00,1.347865,1.3494,1.338375,1.339685
2022-02-24 12:00:00,1.339685,1.341975,1.327375,1.327495
2022-02-24 16:00:00,1.32751,1.34051,1.3273,1.338175
2022-02-24 20:00:00,1.33818,1.34033,1.33714,1.33716
2022-02-25 00:00:00,1.337165,1.342265,1.33693,1.342265
2022-02-25 04:00:00,1.342255,1.343885,1.34095,1.34186
2022-02-25 08:00:00,1.341865,1.34276,1.336795,1.338575
2022-02-25 12:00:00,1.33858,1.34217,1.336675,1.34168
2022-02-25 16:00:00,1.341675,1.342465,1.33818,1.34112
2022-02-25 20:00:00,1.341115,1.341985,1.34081,1.34099
2022-02-27 20:00:00,1.333705,1.33748,1.33287,1.33722
2022-02-28 00:00:00,1.337215,1.3382,1.33449,1.334735
2022-02-28 04:00:00,1.33473,1.338805,1.33416,1.337375
2022-02-28 08:00:00,1.33738,1.3412,1.33521,1.339355
2022-02-28 12:00:00,1.33936,1.34318,1.338745,1.342005
2022-02-28 16:00:00,1.342,1.342245,1.338655,1.34129
2022-02-28 20:00:00,1.341285,1.342695,1.340355,1.34221
2022-03-01 00:00:00,1.342205,1.34234,1.340575,1.34065
2022-03-01 04:00:00,1.340655,1.34375,1.340535,1.34236
2022-03-01 08:00:00,1.342365,1.34361,1.338695,1.3407
2022-03-01 12:00:00,1.340695,1.342,1.335005,1.3352
2022-03-01 16:00:00,1.335195,1.335575,1.33024,1.33129
2022-03-01 20:00:00,1.331305,1.33363,1.330745,1.33356
2022-03-02 00:00:00,1.33355,1.33394,1.33147,1.331895
2022-03-02 04:00:00,1.3319,1.332185,1.32717,1.32911
2022-03-02 08:00:00,1.329115,1.33366,1.3276,1.33289
2022-03-02 12:00:00,1.33291,1.335625,1.33101,1.3314
2022-03-02 16:00:00,1.33141,1.338615,1.331145,1.337525
2022-03-02 20:00:00,1.337535,1.340785,1.33745,1.33966
2022-03-03 00:00:00,1.33966,1.34022,1.33776,1.33929
2022-03-03 04:00:00,1.33931,1.3418,1.3391,1.339215
2022-03-03 08:00:00,1.33921,1.340015,1.33628,1.337035
2022-03-03 12:00:00,1.33703,1.33931,1.33378,1.333995
2022-03-03 16:00:00,1.33399,1.335715,1.331765,1.333475
2022-03-03 20:00:00,1.33347,1.33554,1.333185,1.335055
2022-03-04 00:00:00,1.335035,1.335235,1.331585,1.33362
2022-03-04 04:00:00,1.333615,1.334855,1.331935,1.332365
2022-03-04 08:00:00,1.33237,1.332745,1.328245,1.328715
2022-03-04 12:00:00,1.32872,1.32916,1.32025,1.32189
2022-03-04 16:00:00,1.321885,1.32459,1.32053,1.321955
2022-03-04 20:00:00,1.32195,1.32497,1.32175,1.32302
2022-03-06 20:00:00,1.32269,1.32441,1.320205,1.321175
2022-03-07 00:00:00,1.32117,1.32229,1.318525,1.32086
2022-03-07 04:00:00,1.320865,1.322865,1.32009,1.32024
2022-03-07 08:00:00,1.320235,1.32108,1.314155,1.316955
2022-03-07 12:00:00,1.31695,1.321465,1.311805,1.31351
2022-03-07 16:00:00,1.313515,1.313895,1.310205,1.31046
2022-03-07 20:00:00,1.310465,1.311695,1.31022,1.31135
2022-03-08 00:00:00,1.311355,1.31311,1.31017,1.312495
2022-03-08 04:00:00,1.312485,1.312885,1.30823,1.309165
2022-03-08 08:00:00,1.30917,1.313375,1.30877,1.31185
2022-03-08 12:00:00,1.311845,1.314475,1.308565,1.311145
2022-03-08 16:00:00,1.31115,1.314415,1.30899,1.310775
2022-03-08 20:00:00,1.31078,1.311435,1.308845,1.309875
2022-03-09 00:00:00,1.30987,1.311785,1.30986,1.310755
2022-03-09 04:00:00,1.31075,1.312775,1.310745,1.311145
2022-03-09 08:00:00,1.31114,1.318095,1.3105,1.315155
2022-03-09 12:00:00,1.31515,1.3184,1.31373,1.31578
2022-03-09 16:00:00,1.315785,1.318765,1.31534,1.318135
2022-03-09 20:00:00,1.31814,1.31901,1.317275,1.31849
2022-03-10 00:00:00,1.3185,1.31878,1.31437,1.31671
2022-03-10 04:00:00,1.316705,1.319445,1.31649,1.31943
2022-03-10 08:00:00,1.319435,1.31948,1.31416,1.315925
2022-03-10 12:00:00,1.31592,1.319415,1.311915,1.312975
2022-03-10 16:00:00,1.31297,1.31324,1.309185,1.309755
2022-03-10 20:00:00,1.30976,1.310455,1.30818,1.31027
2022-03-11 00:00:00,1.31027,1.31043,1.30751,1.30911
2022-03-11 04:00:00,1.3091,1.31021,1.30675,1.30722
2022-03-11 08:00:00,1.307225,1.312,1.305125,1.310835
2022-03-11 12:00:00,1.31084,1.312515,1.30734,1.3086
2022-03-11 16:00:00,1.308605,1.3089,1.303585,1.30385
2022-03-11 20:00:00,1.303845,1.303985,1.30276,1.303535
2022-03-13 20:00:00,1.304305,1.30527,1.303245,1.30497
2022-03-14 00:00:00,1.304975,1.304985,1.30116,1.3014
2022-03-14 04:00:00,1.30139,1.304315,1.30099,1.303945
2022-03-14 08:00:00,1.30394,1.30575,1.301935,1.302285
2022-03-14 12:00:00,1.30229,1.307935,1.302285,1.30475
2022-03-14 16:00:00,1.304745,1.30628,1.300125,1.30021
2022-03-14 20:00:00,1.30022,1.301105,1.30014,1.301005
2022-03-15 00:00:00,1.301,1.30459,1.30006,1.304585
2022-03-15 04:00:00,1.30461,1.30514,1.30265,1.30329
2022-03-15 08:00:00,1.3033,1.305945,1.3018,1.3051
2022-03-15 12:00:00,1.305105,1.308885,1.305105,1.306675
2022-03-15 16:00:00,1.30667,1.306885,1.30213,1.304785
2022-03-15 20:00:00,1.30479,1.30492,1.303295,1.304425
2022-03-16 00:00:00,1.30443,1.305735,1.303615,1.305285
2022-03-16 04:00:00,1.305255,1.306425,1.3036,1.303925
2022-03-16 08:00:00,1.30393,1.310575,1.303865,1.309365
2022-03-16 12:00:00,1.30936,1.311665,1.30747,1.309535
2022-03-16 16:00:00,1.30953,1.31556,1.30435,1.31532
2022-03-16 20:00:00,1.315325,1.31567,1.312625,1.314025
2022-03-17 00:00:00,1.31402,1.31636,1.313445,1.315565
2022-03-17 04:00:00,1.315455,1.3181,1.314865,1.31808
2022-03-17 08:00:00,1.318065,1.32112,1.31545,1.320395
2022-03-17 12:00:00,1.320385,1.320385,1.30878,1.31579
2022-03-17 16:00:00,1.31579,1.31739,1.31457,1.3154
2022-03-17 20:00:00,1.315415,1.315935,1.31447,1.315895
2022-03-18 00:00:00,1.31589,1.318385,1.315135,1.315935
2022-03-18 04:00:00,1.31593,1.31733,1.31425,1.31555
2022-03-18 08:00:00,1.315545,1.315845,1.31222,1.31292
2022-03-18 12:00:00,1.31291,1.317705,1.312835,1.31702
2022-03-18 16:00:00,1.317025,1.3197,1.31663,1.31815
2022-03-18 20:00:00,1.31815,1.31857,1.31747,1.31783
2022-03-20 20:00:00,1.31787,1.31797,1.315915,1.315975
2022-03-21 00:00:00,1.31597,1.31713,1.3155,1.31579
2022-03-21 04:00:00,1.315785,1.316735,1.314615,1.31534
2022-03-21 08:00:00,1.315335,1.31704,1.312705,1.314165
2022-03-21 12:00:00,1.31417,1.32101,1.31365,1.31998
2022-03-21 16:00:00,1.319985,1.320675,1.31555,1.316405
2022-03-21 20:00:00,1.316405,1.31695,1.315775,1.31694
2022-03-22 00:00:00,1.316935,1.316935,1.31552,1.315595
2022-03-22 20:00:00,1.325805,1.327205,1.325785,1.32661
2022-03-23 00:00:00,1.326615,1.32987,1.326605,1.328565
2022-03-23 04:00:00,1.32856,1.329175,1.32568,1.326115
2022-03-23 08:00:00,1.326125,1.326285,1.320015,1.32079
2022-03-23 12:00:00,1.320775,1.32145,1.31754,1.321195
2022-03-23 16:00:00,1.32119,1.32144,1.319795,1.320975
2022-03-23 20:00:00,1.32098,1.321135,1.319605,1.320555
2022-03-24 00:00:00,1.32056,1.32131,1.31838,1.319325
2022-03-24 04:00:00,1.31932,1.320565,1.318105,1.318235
2022-03-24 08:00:00,1.31824,1.32121,1.31572,1.32027
2022-03-24 12:00:00,1.320265,1.32143,1.3167,1.318435
2022-03-24 16:00:00,1.31843,1.31957,1.316735,1.319105
2022-03-24 20:00:00,1.31911,1.319735,1.318315,1.31944
2022-03-25 00:00:00,1.319435,1.321355,1.31841,1.320635
2022-03-25 04:00:00,1.32063,1.322505,1.31868,1.319
2022-03-25 08:00:00,1.31899,1.320015,1.31594,1.31976
2022-03-25 12:00:00,1.319765,1.32228,1.3179,1.319125
2022-03-25 16:00:00,1.31912,1.31991,1.317935,1.319035
2022-03-25 20:00:00,1.31903,1.319045,1.31797,1.31815
2022-03-27 20:00:00,1.318205,1.318685,1.31689,1.31733
2022-03-28 00:00:00,1.317325,1.317685,1.31457,1.31544
2022-03-28 04:00:00,1.315435,1.316475,1.31308,1.314655
2022-03-28 08:00:00,1.31466,1.31678,1.310545,1.311465
2022-03-28 12:00:00,1.31146,1.31173,1.30669,1.30912
2022-03-28 16:00:00,1.30911,1.30996,1.308225,1.30939
2022-03-28 20:00:00,1.309385,1.310655,1.308925,1.309945
2022-03-29 00:00:00,1.30994,1.31061,1.30785,1.309655
2022-03-29 04:00:00,1.30961,1.310435,1.30875,1.3101
2022-03-29 20:00:00,1.30919,1.3103,1.30908,1.30932
2022-03-30 00:00:00,1.30931,1.311175,1.30888,1.310715
2022-03-30 04:00:00,1.31072,1.313435,1.309905,1.31267
2022-03-30 08:00:00,1.312675,1.31616,1.31177,1.315945
2022-03-30 12:00:00,1.31594,1.31827,1.314645,1.315005
2022-03-30 16:00:00,1.315,1.315515,1.312715,1.313405
2022-03-30 20:00:00,1.313395,1.31396,1.313225,1.313755
2022-03-31 00:00:00,1.31375,1.31439,1.31149,1.31166
2022-03-31 04:00:00,1.311665,1.31483,1.311015,1.31356
2022-03-31 08:00:00,1.313555,1.31434,1.31106,1.31258
2022-03-31 12:00:00,1.312575,1.31758,1.31064,1.315025
2022-03-31 16:00:00,1.31502,1.31528,1.313055,1.313715
2022-03-31 20:00:00,1.31372,1.315195,1.31352,1.314565
2022-04-01 00:00:00,1.31457,1.31468,1.312215,1.313465
2022-04-01 04:00:00,1.31346,1.31391,1.311315,1.31235
2022-04-01 08:00:00,1.312355,1.314585,1.31157,1.31308
2022-04-01 12:00:00,1.313075,1.313475,1.30865,1.31129
2022-04-01 16:00:00,1.311295,1.311455,1.309455,1.311385
2022-04-01 20:00:00,1.31138,1.3116,1.31094,1.311475
2022-04-03 20:00:00,1.31061,1.31122,1.30995,1.310465
2022-04-04 00:00:00,1.31047,1.312035,1.31027,1.31154
2022-04-04 04:00:00,1.31155,1.31372,1.31147,1.31278
2022-04-04 08:00:00,1.312785,1.31292,1.30933,1.309635
2022-04-04 12:00:00,1.30964,1.312915,1.309525,1.31157
2022-04-04 16:00:00,1.311565,1.31207,1.3097,1.31151
2022-04-04 20:00:00,1.311515,1.31171,1.31118,1.31129
2022-04-05 00:00:00,1.311285,1.31228,1.31062,1.31141
2022-04-05 04:00:00,1.311415,1.314505,1.310705,1.31262
2022-04-05 08:00:00,1.312615,1.314265,1.311555,1.313475
2022-04-05 12:00:00,1.31348,1.316705,1.309805,1.309965
2022-04-05 16:00:00,1.30997,1.310175,1.306705,1.3078
2022-04-05 20:00:00,1.307805,1.3084,1.30704,1.307695
2022-04-06 00:00:00,1.30769,1.30781,1.30568,1.30731
2022-04-06 04:00:00,1.30728,1.307615,1.30458,1.30664
2022-04-06 08:00:00,1.306645,1.310835,1.306355,1.308565
2022-04-06 12:00:00,1.30857,1.309975,1.306845,1.308075
2022-04-06 16:00:00,1.30807,1.310315,1.304835,1.307425
2022-04-06 20:00:00,1.30741,1.30764,1.3062,1.306945
2022-04-07 00:00:00,1.306935,1.308395,1.30689,1.307895
2022-04-07 04:00:00,1.3079,1.31068,1.307535,1.309015
2022-04-07 08:00:00,1.30902,1.309535,1.306315,1.308195
2022-04-07 12:00:00,1.3082,1.308735,1.3052,1.30593
2022-04-07 16:00:00,1.305925,1.307575,1.30528,1.30743
2022-04-07 20:00:00,1.307435,1.30854,1.30663,1.30691
2022-04-08 00:00:00,1.306905,1.30774,1.3065,1.306995
2022-04-08 04:00:00,1.30699,1.307415,1.30263,1.304125
2022-04-08 08:00:00,1.30412,1.30547,1.302215,1.30314
2022-04-08 12:00:00,1.303135,1.303225,1.29822,1.3031
2022-04-08 16:00:00,1.303095,1.303975,1.302175,1.30337
2022-04-08 20:00:00,1.303375,1.30382,1.30325,1.303665
2022-04-10 20:00:00,1.303125,1.303975,1.302485,1.30302
2022-04-11 00:00:00,1.303015,1.30319,1.3009,1.30143
2022-04-11 04:00:00,1.301435,1.30295,1.298925,1.3028
2022-04-11 08:00:00,1.302785,1.305695,1.30192,1.303005
2022-04-11 12:00:00,1.30301,1.30468,1.30185,1.303215
2022-04-11 16:00:00,1.30321,1.303865,1.30197,1.302335
2022-04-11 20:00:00,1.30233,1.30319,1.30216,1.30229
2022-04-12 00:00:00,1.302295,1.303815,1.300455,1.302375
2022-04-12 04:00:00,1.30237,1.303485,1.3002,1.30153
2022-04-12 08:00:00,1.301525,1.30222,1.299395,1.302215
2022-04-12 12:00:00,1.30222,1.305405,1.30082,1.303055
2022-04-12 16:00:00,1.30305,1.304545,1.29993,1.30022
2022-04-12 20:00:00,1.300215,1.30101,1.299945,1.300185
2022-04-13 00:00:00,1.30019,1.301485,1.29876,1.301295
2022-04-13 04:00:00,1.30129,1.30262,1.2973,1.299985
2022-04-13 08:00:00,1.29999,1.30248,1.299395,1.299985
2022-04-13 12:00:00,1.29999,1.307515,1.299065,1.307105
2022-04-13 16:00:00,1.30711,1.3115,1.307085,1.310975
2022-04-13 20:00:00,1.310975,1.31234,1.310815,1.31189
2022-04-14 00:00:00,1.311885,1.314155,1.3113,1.31351
2022-04-14 04:00:00,1.313505,1.314755,1.31277,1.313155
2022-04-14 08:00:00,1.31316,1.31466,1.31162,1.311665
2022-04-14 12:00:00,1.31167,1.31249,1.30336,1.305105
2022-04-14 16:00:00,1.3051,1.308275,1.305045,1.307575
2022-04-15 00:00:00,1.305355,1.30704,1.305285,1.306435
2022-04-15 04:00:00,1.306425,1.30748,1.305125,1.307395
2022-04-15 08:00:00,1.30739,1.30753,1.305815,1.306665
2022-04-15 12:00:00,1.306675,1.307115,1.305965,1.306115
2022-04-15 16:00:00,1.30612,1.306785,1.30589,1.306365
2022-04-15 20:00:00,1.30636,1.306705,1.305715,1.306155
2022-04-17 20:00:00,1.305475,1.306475,1.30502,1.305715
2022-04-18 00:00:00,1.30571,1.30578,1.302575,1.30272
2022-04-18 04:00:00,1.302715,1.303105,1.30066,1.300955
2022-04-18 08:00:00,1.30095,1.30401,1.300895,1.303935
2022-04-18 12:00:00,1.30394,1.304515,1.30141,1.301825
2022-04-18 16:00:00,1.30183,1.301835,1.301825,1.30183
2022-04-18 20:00:00,1.3012,1.3014,1.300145,1.30078
2022-04-19 00:00:00,1.300785,1.30192,1.298965,1.300495
2022-04-19 04:00:00,1.3005,1.301615,1.29881,1.3015
2022-04-19 08:00:00,1.301505,1.3041,1.300555,1.30165
2022-04-19 12:00:00,1.301655,1.302455,1.298075,1.300995
2022-04-19 16:00:00,1.30099,1.3015,1.2992,1.3003
2022-04-19 20:00:00,1.300295,1.30143,1.29932,1.30141
2022-04-20 00:00:00,1.30141,1.30456,1.30112,1.30411
2022-04-20 04:00:00,1.304115,1.3044,1.300065,1.30011
2022-04-20 08:00:00,1.30012,1.306655,1.29966,1.305225
2022-04-20 12:00:00,1.30523,1.306575,1.303285,1.305385
2022-04-20 16:00:00,1.30538,1.307075,1.30466,1.306355
2022-04-20 20:00:00,1.30635,1.30741,1.30557,1.306845
2022-04-21 00:00:00,1.306795,1.30684,1.30426,1.30454
2022-04-21 04:00:00,1.304545,1.308285,1.304525,1.307485
2022-04-21 08:00:00,1.30748,1.30905,1.30298,1.30327
2022-04-21 12:00:00,1.303275,1.30764,1.302255,1.30435
2022-04-21 16:00:00,1.30436,1.3048,1.3023,1.30293
2022-04-21 20:00:00,1.30292,1.30355,1.30241,1.30248
2022-04-22 00:00:00,1.302485,1.303195,1.3011,1.302015
2022-04-22 04:00:00,1.30201,1.303315,1.29013,1.290745
2022-04-22 08:00:00,1.29074,1.29172,1.28625,1.29031
2022-04-22 12:00:00,1.290305,1.290325,1.28389,1.28467
2022-04-22 16:00:00,1.28467,1.284825,1.2823,1.28281
2022-04-22 20:00:00,1.282815,1.284145,1.282735,1.28381
2022-04-24 20:00:00,1.28388,1.28428,1.28264,1.282845
2022-04-25 00:00:00,1.28284,1.282995,1.27925,1.28055
2022-04-25 04:00:00,1.280555,1.2808,1.27291,1.274945
2022-04-25 08:00:00,1.27494,1.27659,1.270535,1.275025
2022-04-25 12:00:00,1.27502,1.275505,1.270115,1.27012
2022-04-25 16:00:00,1.270115,1.274395,1.26976,1.274055
2022-04-25 20:00:00,1.274045,1.274505,1.272985,1.273795
2022-04-26 00:00:00,1.27379,1.277245,1.27309,1.276655
2022-04-26 04:00:00,1.27665,1.27684,1.2711,1.271275
2022-04-26 08:00:00,1.27128,1.273085,1.268585,1.268585
2022-04-26 12:00:00,1.26858,1.26978,1.260925,1.26149
2022-04-26 16:00:00,1.261485,1.262215,1.2581,1.25895
2022-04-26 20:00:00,1.258955,1.258955,1.25603,1.25817
2022-04-27 00:00:00,1.258175,1.259165,1.25696,1.25799
2022-04-27 04:00:00,1.258035,1.259765,1.2542,1.25724
2022-04-27 08:00:00,1.257235,1.260205,1.253615,1.25664
2022-04-27 12:00:00,1.256645,1.257875,1.250275,1.254435
2022-04-27 16:00:00,1.25444,1.257385,1.253555,1.25459
2022-04-27 20:00:00,1.25459,1.2548,1.253395,1.253995
2022-04-28 00:00:00,1.25399,1.25458,1.250895,1.25112
2022-04-28 04:00:00,1.251155,1.257005,1.24915,1.25563
2022-04-28 08:00:00,1.255635,1.25571,1.242395,1.24258
2022-04-28 12:00:00,1.24259,1.247545,1.24115,1.243915
2022-04-28 16:00:00,1.24391,1.24738,1.243825,1.24672
2022-04-28 20:00:00,1.246745,1.2469,1.245365,1.24651
2022-04-29 00:00:00,1.24652,1.24971,1.24652,1.24831
2022-04-29 04:00:00,1.248305,1.25707,1.24771,1.25597
2022-04-29 08:00:00,1.255965,1.258595,1.254115,1.25563
2022-04-29 12:00:00,1.25561,1.25736,1.253035,1.256505
2022-04-29 16:00:00,1.2565,1.261475,1.255695,1.257585
2022-04-29 20:00:00,1.257585,1.258355,1.25696,1.25761
2022-05-01 20:00:00,1.258375,1.258905,1.256975,1.257055
2022-05-02 00:00:00,1.25706,1.259735,1.25518,1.25588
2022-05-02 04:00:00,1.255875,1.258105,1.253995,1.257395
2022-05-02 08:00:00,1.257405,1.258795,1.255615,1.25613
2022-05-02 12:00:00,1.256125,1.256745,1.25037,1.252145
2022-05-02 16:00:00,1.25214,1.252475,1.2473,1.249025
2022-05-02 20:00:00,1.24902,1.250015,1.24851,1.24997
2022-05-03 00:00:00,1.249965,1.253275,1.249755,1.253165
2022-05-03 04:00:00,1.25317,1.254545,1.25057,1.25375
2022-05-03 08:00:00,1.253755,1.25556,1.24929,1.253295
2022-05-03 12:00:00,1.253295,1.256745,1.250595,1.251
2022-05-03 16:00:00,1.251,1.251465,1.247065,1.249675
2022-05-03 20:00:00,1.249665,1.250365,1.248895,1.24987
2022-05-04 00:00:00,1.249865,1.2506,1.248275,1.248375
2022-05-04 04:00:00,1.24838,1.251495,1.246705,1.251295
2022-05-04 08:00:00,1.25129,1.25245,1.250235,1.25105
2022-05-04 12:00:00,1.251045,1.25377,1.24677,1.248805
2022-05-04 16:00:00,1.24881,1.263815,1.245195,1.261695
2022-05-04 20:00:00,1.2617,1.263815,1.260585,1.26166
2022-05-05 00:00:00,1.261665,1.26333,1.25794,1.258015
2022-05-05 04:00:00,1.25801,1.25811,1.25175,1.254265
2022-05-05 08:00:00,1.25427,1.258125,1.23804,1.23948
2022-05-05 12:00:00,1.23946,1.24138,1.23271,1.23285
2022-05-05 16:00:00,1.232845,1.236955,1.23251,1.23653
2022-05-05 20:00:00,1.23654,1.237355,1.23544,1.23627
2022-05-06 00:00:00,1.236265,1.23805,1.23336,1.236955
2022-05-06 04:00:00,1.236955,1.23735,1.22764,1.23134
2022-05-06 08:00:00,1.23132,1.237975,1.23055,1.23364
2022-05-06 12:00:00,1.233635,1.23759,1.23012,1.23446
2022-05-06 16:00:00,1.23447,1.23627,1.23229,1.23428
2022-05-06 20:00:00,1.234275,1.234275,1.233145,1.23385
2022-05-08 20:00:00,1.23395,1.234765,1.23246,1.23259
2022-05-09 00:00:00,1.232585,1.23272,1.22844,1.229095
2022-05-09 04:00:00,1.22909,1.229935,1.22611,1.22882
2022-05-09 08:00:00,1.228815,1.23716,1.226905,1.23663
2022-05-09 12:00:00,1.236625,1.24063,1.23008,1.23341
2022-05-09 16:00:00,1.233405,1.238075,1.2326,1.23315
2022-05-09 20:00:00,1.23315,1.234225,1.2324,1.23361
2022-05-10 00:00:00,1.233645,1.23726,1.2318,1.23669
2022-05-10 04:00:00,1.23668,1.237585,1.231715,1.231735
2022-05-10 08:00:00,1.23174,1.23589,1.23044,1.23383
2022-05-10 12:00:00,1.233835,1.23421,1.229305,1.231285
2022-05-10 16:00:00,1.23128,1.23309,1.22918,1.23185
2022-05-10 20:00:00,1.23186,1.2323,1.23073,1.230745
2022-05-11 00:00:00,1.23074,1.23404,1.23051,1.233125
2022-05-11 04:00:00,1.23313,1.233335,1.23258,1.23332
2022-05-11 08:00:00,1.235875,1.239,1.232435,1.235685
2022-05-11 12:00:00,1.23568,1.240055,1.22773,1.23151
2022-05-11 16:00:00,1.231505,1.232465,1.22377,1.224325
2022-05-11 20:00:00,1.22431,1.22555,1.22322,1.22337
2022-05-12 00:00:00,1.22335,1.22487,1.22105,1.22287
2022-05-12 04:00:00,1.222875,1.22323,1.21807,1.220065
2022-05-12 08:00:00,1.22007,1.22197,1.21654,1.21958
2022-05-12 12:00:00,1.21959,1.224785,1.21901,1.21958
2022-05-12 16:00:00,1.219585,1.221985,1.217365,1.2193
2022-05-12 20:00:00,1.219305,1.22079,1.21909,1.22046
2022-05-13 00:00:00,1.22045,1.222715,1.219325,1.221775
2022-05-13 04:00:00,1.22177,1.22315,1.21996,1.22173
2022-05-13 08:00:00,1.221725,1.22281,1.21746,1.21918
2022-05-13 12:00:00,1.219195,1.22451,1.21557,1.224365
2022-05-13 16:00:00,1.224355,1.2249,1.22205,1.22425
2022-05-13 20:00:00,1.22425,1.22626,1.224085,1.22618
2022-05-16 00:00:00,1.22608,1.22969,1.22334,1.223645
2022-05-16 04:00:00,1.22365,1.22535,1.22174,1.22194
2022-05-16 08:00:00,1.221945,1.227095,1.22193,1.22594
2022-05-16 12:00:00,1.22595,1.227455,1.22362,1.226985
2022-05-16 16:00:00,1.22698,1.23298,1.22658,1.231775
2022-05-16 20:00:00,1.23177,1.232795,1.23147,1.23257
2022-05-17 00:00:00,1.23258,1.23447,1.23209,1.233575
2022-05-17 04:00:00,1.23358,1.24322,1.23317,1.24241
2022-05-17 08:00:00,1.242415,1.24991,1.242135,1.24834
2022-05-17 12:00:00,1.248345,1.24959,1.24498,1.24696
2022-05-17 16:00:00,1.246965,1.24939,1.245285,1.24841
2022-05-17 20:00:00,1.248415,1.249655,1.24806,1.24872
2022-05-18 00:00:00,1.24874,1.250125,1.24633,1.24691
2022-05-18 04:00:00,1.246905,1.24967,1.23938,1.239585
2022-05-18 08:00:00,1.23959,1.24244,1.23719,1.24195
2022-05-18 12:00:00,1.241955,1.24361,1.23865,1.23932
2022-05-18 16:00:00,1.23939,1.23962,1.23389,1.2341
2022-05-18 20:00:00,1.23416,1.235705,1.233,1.23445
2022-05-19 00:00:00,1.23444,1.2384,1.23394,1.23838
2022-05-19 04:00:00,1.23839,1.23952,1.23383,1.23838
2022-05-19 08:00:00,1.238385,1.24379,1.237,1.24322
2022-05-19 12:00:00,1.24321,1.252475,1.24105,1.25033
2022-05-19 16:00:00,1.250335,1.25182,1.248645,1.24954
2022-05-19 20:00:00,1.249545,1.24959,1.24585,1.24631
2022-05-20 00:00:00,1.246315,1.24701,1.24375,1.244865
2022-05-20 04:00:00,1.244855,1.24968,1.24433,1.24742
2022-05-20 08:00:00,1.24741,1.249105,1.245935,1.246915
2022-05-20 12:00:00,1.24691,1.24955,1.24524,1.24911
2022-05-20 16:00:00,1.2491,1.24939,1.245325,1.24889
2022-05-20 20:00:00,1.248905,1.24972,1.24851,1.24937
2022-05-22 20:00:00,1.24831,1.251005,1.24764,1.25036
2022-05-23 00:00:00,1.250355,1.25497,1.25001,1.254335
2022-05-23 04:00:00,1.25433,1.25736,1.25408,1.255015
2022-05-23 08:00:00,1.25501,1.26013,1.25491,1.2575
2022-05-23 12:00:00,1.25751,1.25936,1.255645,1.25704
2022-05-23 16:00:00,1.257035,1.25825,1.25586,1.25786
2022-05-23 20:00:00,1.25787,1.25896,1.25666,1.25672
2022-05-24 00:00:00,1.25663,1.25696,1.25476,1.25657
2022-05-24 04:00:00,1.25656,1.25988,1.255655,1.258255
2022-05-24 08:00:00,1.25825,1.25923,1.247525,1.24989
2022-05-24 12:00:00,1.249895,1.25435,1.24718,1.25422
2022-05-24 16:00:00,1.25423,1.255495,1.25104,1.25337
2022-05-24 20:00:00,1.253395,1.25496,1.253015,1.25417
2022-05-25 00:00:00,1.25417,1.254395,1.251445,1.253535
2022-05-25 04:00:00,1.25353,1.25602,1.252525,1.25398
2022-05-25 08:00:00,1.253985,1.25497,1.24813,1.24911
2022-05-25 12:00:00,1.24912,1.255845,1.248375,1.253935
2022-05-25 16:00:00,1.25394,1.259095,1.25248,1.257695
2022-05-25 20:00:00,1.2577,1.25947,1.257115,1.258615
2022-05-26 00:00:00,1.25862,1.261245,1.257495,1.2587
2022-05-26 04:00:00,1.258705,1.25978,1.255205,1.25867
2022-05-26 08:00:00,1.258675,1.26211,1.255505,1.25957
2022-05-26 12:00:00,1.259565,1.25974,1.25531,1.25808
2022-05-26 16:00:00,1.25809,1.26005,1.25682,1.25995
2022-05-26 20:00:00,1.259945,1.26191,1.25913,1.2617
2022-05-27 00:00:00,1.26169,1.26169,1.26169,1.26169
2022-05-29 20:00:00,1.26245,1.263655,1.262285,1.26246
2022-05-30 00:00:00,1.262475,1.265795,1.26216,1.26461
2022-05-30 04:00:00,1.264605,1.26518,1.26201,1.26208
2022-05-30 08:00:00,1.26211,1.26555,1.26164,1.26397
2022-05-30 12:00:00,1.263965,1.266,1.26252,1.26585
2022-05-30 16:00:00,1.26586,1.266,1.264665,1.26548
2022-05-30 20:00:00,1.26549,1.26578,1.26424,1.26458
2022-05-31 00:00:00,1.26459,1.26487,1.25984,1.26164
2022-05-31 04:00:00,1.261635,1.262375,1.25913,1.260695
2022-05-31 08:00:00,1.26068,1.26316,1.25777,1.25893
2022-05-31 12:00:00,1.258935,1.26304,1.25606,1.26257
2022-05-31 16:00:00,1.26256,1.262855,1.25988,1.260155
2022-05-31 20:00:00,1.26015,1.26122,1.25997,1.26097
2022-06-01 00:00:00,1.26098,1.26168,1.259065,1.25945
2022-06-01 04:00:00,1.25946,1.261225,1.25755,1.25949
2022-06-01 08:00:00,1.259475,1.261195,1.25593,1.25727
2022-06-01 12:00:00,1.257285,1.259975,1.24588,1.247
2022-06-01 16:00:00,1.24704,1.25026,1.2467,1.24831
2022-06-01 20:00:00,1.248305,1.249825,1.247685,1.248395
2022-06-02 00:00:00,1.2484,1.24919,1.24713,1.24788
2022-06-02 04:00:00,1.24787,1.25385,1.246965,1.25285
2022-06-02 08:00:00,1.252855,1.25599,1.25274,1.25568
2022-06-02 12:00:00,1.255685,1.25716,1.25249,1.25567
2022-06-02 16:00:00,1.25566,1.25867,1.255385,1.25745
2022-06-02 20:00:00,1.25744,1.25796,1.25701,1.25785
2022-06-03 00:00:00,1.25784,1.259,1.25708,1.25721
2022-06-03 04:00:00,1.25722,1.258365,1.25594,1.25745
2022-06-03 08:00:00,1.257455,1.25822,1.25654,1.25712
2022-06-03 12:00:00,1.252165,1.25239,1.24919,1.24927
2022-06-03 16:00:00,1.249275,1.25156,1.24927,1.24982
2022-06-03 20:00:00,1.249815,1.24987,1.24858,1.248945
2022-06-05 20:00:00,1.24902,1.250285,1.248735,1.24904
2022-06-06 00:00:00,1.24905,1.25008,1.24769,1.24956
2022-06-06 04:00:00,1.249555,1.2547,1.24909,1.25469
2022-06-06 08:00:00,1.25468,1.25777,1.25448,1.25701
2022-06-06 12:00:00,1.257,1.257065,1.252555,1.25442
2022-06-06 16:00:00,1.254415,1.25483,1.25257,1.25358
2022-06-06 20:00:00,1.253585,1.25402,1.25156,1.25236
2022-06-07 00:00:00,1.25235,1.25248,1.24928,1.25074
2022-06-07 04:00:00,1.250735,1.252285,1.24306,1.248085
2022-06-07 08:00:00,1.24809,1.253455,1.24809,1.24921
2022-06-07 12:00:00,1.249205,1.25959,1.24823,1.259425
2022-06-07 16:00:00,1.25943,1.25995,1.25726,1.259765
2022-06-07 20:00:00,1.25977,1.25977,1.258485,1.25877
2022-06-08 00:00:00,1.258775,1.25894,1.25637,1.25676
2022-06-08 04:00:00,1.256755,1.258395,1.25451,1.25484
2022-06-08 08:00:00,1.25485,1.256,1.25155,1.25504
2022-06-08 12:00:00,1.255035,1.25617,1.25217,1.25617
2022-06-08 16:00:00,1.25616,1.25645,1.25351,1.253885
2022-06-08 20:00:00,1.25389,1.25444,1.253415,1.25406
2022-06-09 00:00:00,1.254055,1.254865,1.25202,1.25415
2022-06-09 04:00:00,1.254145,1.25422,1.249685,1.249715
2022-06-09 08:00:00,1.24972,1.25475,1.24923,1.25408
2022-06-09 12:00:00,1.25409,1.25587,1.2511,1.251285
2022-06-09 16:00:00,1.25129,1.25228,1.24898,1.24906
2022-06-09 20:00:00,1.249065,1.251175,1.24865,1.24927
2022-06-10 00:00:00,1.249275,1.250185,1.24796,1.24958
2022-06-10 04:00:00,1.249575,1.25178,1.24701,1.24701
2022-06-10 08:00:00,1.247015,1.2486,1.242245,1.24379
2022-06-10 12:00:00,1.243785,1.245055,1.23122,1.23292
2022-06-10 16:00:00,1.232925,1.23294,1.230125,1.23107
2022-06-10 20:00:00,1.231065,1.231735,1.23071,1.23167
2022-06-12 20:00:00,1.23194,1.23257,1.22723,1.22771
2022-06-13 00:00:00,1.227705,1.22901,1.226245,1.22901
2022-06-13 04:00:00,1.22902,1.23008,1.22354,1.22396
2022-06-13 08:00:00,1.224,1.22429,1.21618,1.21619
2022-06-13 12:00:00,1.21619,1.22086,1.21236,1.21688
2022-06-13 16:00:00,1.216885,1.220045,1.21075,1.212575
2022-06-13 20:00:00,1.21259,1.2145,1.21229,1.21427
2022-06-14 00:00:00,1.214265,1.21791,1.213275,1.2177
2022-06-14 04:00:00,1.217705,1.22085,1.215635,1.218035
2022-06-14 08:00:00,1.21804,1.218515,1.206415,1.20683
2022-06-14 12:00:00,1.206825,1.209855,1.19894,1.20156
2022-06-14 16:00:00,1.201555,1.20313,1.19339,1.19849
2022-06-14 20:00:00,1.1985,1.20123,1.19827,1.201115
2022-06-15 00:00:00,1.20112,1.20413,1.199945,1.20225
2022-06-15 04:00:00,1.202245,1.20409,1.198965,1.20325
2022-06-15 08:00:00,1.203245,1.2125,1.20285,1.21127
2022-06-15 12:00:00,1.211265,1.211875,1.204605,1.20575
2022-06-15 16:00:00,1.205755,1.22051,1.20289,1.218855
2022-06-15 20:00:00,1.21885,1.21981,1.215815,1.21749
2022-06-16 00:00:00,1.21748,1.217485,1.21748,1.217485
2022-06-16 08:00:00,1.21702,1.217695,1.20414,1.21324
2022-06-16 12:00:00,1.21326,1.23465,1.21302,1.234265
2022-06-16 16:00:00,1.23427,1.24068,1.23188,1.23585
2022-06-16 20:00:00,1.235845,1.236075,1.233795,1.235055
2022-06-17 00:00:00,1.235055,1.235055,1.228585,1.228845
2022-06-17 04:00:00,1.22884,1.23182,1.22522,1.22997
2022-06-17 08:00:00,1.229965,1.23433,1.226095,1.226335
2022-06-17 12:00:00,1.22633,1.22868,1.21729,1.220045
2022-06-17 16:00:00,1.22005,1.22307,1.21826,1.22136
2022-06-17 20:00:00,1.221355,1.223325,1.221,1.222135
2022-06-19 20:00:00,1.222455,1.22317,1.22084,1.2228
2022-06-20 00:00:00,1.22279,1.22537,1.219955,1.22497
2022-06-20 04:00:00,1.22498,1.225355,1.22183,1.22264
2022-06-20 08:00:00,1.222635,1.228065,1.22246,1.22624
2022-06-20 12:00:00,1.226235,1.227115,1.222615,1.225
2022-06-20 16:00:00,1.225005,1.22599,1.223155,1.225905
2022-06-20 20:00:00,1.225905,1.225955,1.22418,1.22483
2022-06-21 00:00:00,1.22482,1.22836,1.22475,1.22799
2022-06-21 04:00:00,1.227985,1.230885,1.2245,1.22974
2022-06-21 08:00:00,1.229735,1.232475,1.22514,1.22691
2022-06-21 12:00:00,1.22692,1.22947,1.224845,1.22765
2022-06-21 16:00:00,1.227635,1.228215,1.22582,1.22693
2022-06-21 20:00:00,1.22693,1.228035,1.2264,1.22641
2022-06-22 00:00:00,1.226415,1.22668,1.22354,1.22443
2022-06-22 04:00:00,1.22442,1.22474,1.21613,1.219655
2022-06-22 08:00:00,1.21965,1.22726,1.21887,1.22369
2022-06-22 12:00:00,1.2237,1.23148,1.22366,1.2278
2022-06-22 16:00:00,1.227795,1.22877,1.22572,1.22644
2022-06-22 20:00:00,1.22645,1.22677,1.22484,1.22525
2022-06-23 00:00:00,1.225245,1.22644,1.223185,1.22575
2022-06-23 04:00:00,1.225755,1.22642,1.217245,1.21762
2022-06-23 08:00:00,1.21761,1.22277,1.21701,1.22255
2022-06-23 12:00:00,1.222555,1.22947,1.221965,1.22388
2022-06-23 16:00:00,1.22389,1.2273,1.22198,1.22659
2022-06-23 20:00:00,1.226595,1.227125,1.22542,1.22601
2022-06-24 00:00:00,1.226015,1.228495,1.22412,1.22753
2022-06-24 04:00:00,1.227525,1.22847,1.225865,1.226785
2022-06-24 08:00:00,1.22679,1.23098,1.224325,1.226715
2022-06-24 12:00:00,1.22672,1.23208,1.22621,1.22709
2022-06-24 16:00:00,1.227085,1.228785,1.22502,1.228635
2022-06-24 20:00:00,1.228655,1.22874,1.227055,1.22756
2022-06-26 20:00:00,1.22683,1.22969,1.22664,1.22827
2022-06-27 00:00:00,1.22826,1.22909,1.226635,1.227525
2022-06-27 04:00:00,1.22752,1.233255,1.22648,1.23218
2022-06-27 08:00:00,1.232185,1.232455,1.23051,1.23098
2022-06-27 16:00:00,1.22791,1.22811,1.22634,1.22649
2022-06-27 20:00:00,1.226485,1.22713,1.226145,1.226655
2022-06-28 00:00:00,1.22665,1.2284,1.22612,1.22755
2022-06-28 04:00:00,1.227545,1.22917,1.225105,1.22712
2022-06-28 08:00:00,1.22711,1.228765,1.222875,1.223965
2022-06-28 12:00:00,1.22397,1.22452,1.21852,1.219925
2022-06-28 16:00:00,1.21992,1.221445,1.21806,1.21886
2022-06-28 20:00:00,1.21885,1.21914,1.21753,1.218795
2022-06-29 00:00:00,1.21879,1.22135,1.21858,1.22046
2022-06-29 04:00:00,1.220465,1.22103,1.21732,1.21962
2022-06-29 08:00:00,1.219625,1.22117,1.2142,1.21549
2022-06-29 12:00:00,1.215495,1.21767,1.210575,1.215465
2022-06-29 16:00:00,1.21545,1.215455,1.211415,1.21173
2022-06-29 20:00:00,1.211725,1.213035,1.21142,1.21291
2022-06-30 00:00:00,1.21292,1.21414,1.2108,1.212785
2022-06-30 04:00:00,1.21278,1.21649,1.21251,1.21308
2022-06-30 08:00:00,1.21309,1.21662,1.20922,1.211255
2022-06-30 12:00:00,1.21125,1.21882,1.21026,1.216375
2022-06-30 16:00:00,1.21637,1.21887,1.21564,1.21729
2022-06-30 20:00:00,1.217295,1.21799,1.21582,1.21606
2022-07-01 00:00:00,1.216055,1.21617,1.21175,1.21237
2022-07-01 04:00:00,1.21236,1.213895,1.20938,1.21103
2022-07-01 08:00:00,1.211035,1.21206,1.203135,1.2041
2022-07-01 12:00:00,1.204105,1.205925,1.19757,1.2047
2022-07-01 16:00:00,1.204705,1.21072,1.20374,1.20966
2022-07-01 20:00:00,1.20966,1.210155,1.20909,1.210155
2022-07-03 20:00:00,1.21025,1.21235,1.20981,1.210035
2022-07-04 00:00:00,1.21003,1.211465,1.20851,1.20882
2022-07-04 04:00:00,1.208825,1.21271,1.20873,1.212465
2022-07-04 08:00:00,1.21246,1.21639,1.210525,1.21542
2022-07-04 12:00:00,1.2154,1.21654,1.210135,1.21064
2022-07-04 16:00:00,1.21065,1.21135,1.20962,1.2104
2022-07-04 20:00:00,1.210405,1.211935,1.209945,1.21137
2022-07-05 00:00:00,1.21134,1.212285,1.20985,1.211275
2022-07-05 04:00:00,1.21127,1.21255,1.206595,1.20806
2022-07-05 08:00:00,1.20805,1.20857,1.198935,1.2
2022-07-05 12:00:00,1.20001,1.20009,1.18988,1.193435
2022-07-05 16:00:00,1.19343,1.19592,1.19071,1.19569
2022-07-05 20:00:00,1.19566,1.196295,1.1946,1.19515
2022-07-06 00:00:00,1.195145,1.1972,1.19445,1.195705
2022-07-06 04:00:00,1.1957,1.19864,1.19114,1.19676
2022-07-06 08:00:00,1.19675,1.198965,1.18858,1.18988
2022-07-06 12:00:00,1.189885,1.194095,1.18762,1.190555
2022-07-06 16:00:00,1.19055,1.194575,1.18883,1.19255
2022-07-06 20:00:00,1.192555,1.19284,1.19157,1.19224
2022-07-07 00:00:00,1.192235,1.195375,1.19093,1.19476
2022-07-07 04:00:00,1.19475,1.19647,1.19335,1.19384
2022-07-07 08:00:00,1.19383,1.20236,1.193615,1.19751
2022-07-07 12:00:00,1.197515,1.19821,1.19589,1.19713
2022-07-07 16:00:00,1.20075,1.20299,1.19967,1.2026
2022-07-07 20:00:00,1.20259,1.203395,1.20197,1.2029
2022-07-08 00:00:00,1.20291,1.205615,1.20189,1.20236
2022-07-08 04:00:00,1.20237,1.202535,1.19241,1.194335
2022-07-08 08:00:00,1.19435,1.20067,1.19198,1.19981
2022-07-08 12:00:00,1.199805,1.20482,1.19516,1.20362
2022-07-08 16:00:00,1.20363,1.20376,1.201235,1.20322
2022-07-08 20:00:00,1.20319,1.203675,1.20247,1.20338
2022-07-11 00:00:00,1.20104,1.20124,1.19774,1.198635
2022-07-11 04:00:00,1.19864,1.19935,1.19539,1.19593
2022-07-11 08:00:00,1.195925,1.198265,1.192935,1.19352
2022-07-11 12:00:00,1.193515,1.19452,1.18667,1.190445
2022-07-11 16:00:00,1.19045,1.19099,1.18808,1.18949
2022-07-11 20:00:00,1.189485,1.190185,1.18897,1.18994
2022-07-12 00:00:00,1.18993,1.191015,1.18606,1.1878
2022-07-12 04:00:00,1.18779,1.18783,1.18276,1.183975
2022-07-12 08:00:00,1.18397,1.18821,1.18074,1.18348
2022-07-12 12:00:00,1.18347,1.19132,1.18336,1.19061
2022-07-12 16:00:00,1.190605,1.19161,1.188205,1.18885
2022-07-12 20:00:00,1.188845,1.18951,1.18751,1.18776
2022-07-13 00:00:00,1.187755,1.19196,1.18705,1.1906
2022-07-13 04:00:00,1.190605,1.19375,1.18888,1.19048
2022-07-13 08:00:00,1.19047,1.19351,1.187675,1.19348
2022-07-13 12:00:00,1.193475,1.19676,1.18277,1.1916
2022-07-13 16:00:00,1.191595,1.19404,1.18878,1.18935
2022-07-13 20:00:00,1.189355,1.18954,1.185555,1.18639
2022-07-14 00:00:00,1.186405,1.188455,1.184665,1.18717
2022-07-14 04:00:00,1.187175,1.18754,1.182405,1.18643
2022-07-14 08:00:00,1.186435,1.18772,1.18138,1.182485
2022-07-14 12:00:00,1.18248,1.1848,1.176005,1.18262
2022-07-14 16:00:00,1.18265,1.18389,1.17754,1.18238
2022-07-14 20:00:00,1.182385,1.1841,1.18212,1.184085
2022-07-15 00:00:00,1.18408,1.18517,1.18191,1.182995
2022-07-15 04:00:00,1.18299,1.18453,1.18045,1.183175
2022-07-15 08:00:00,1.183235,1.18531,1.18183,1.183455
2022-07-15 12:00:00,1.18346,1.187485,1.180745,1.18597
2022-07-15 16:00:00,1.18598,1.18675,1.18411,1.186665
2022-07-15 20:00:00,1.18666,1.1872,1.18622,1.18691
2022-07-17 20:00:00,1.18687,1.18908,1.186285,1.189
2022-07-18 00:00:00,1.189,1.1907,1.18746,1.18984
2022-07-18 04:00:00,1.18983,1.19496,1.18784,1.19491
2022-07-18 08:00:00,1.194905,1.19919,1.19347,1.19694
2022-07-18 12:00:00,1.19696,1.203375,1.19528,1.19887
2022-07-18 16:00:00,1.19888,1.19999,1.19464,1.19551
2022-07-18 20:00:00,1.195515,1.1961,1.19427,1.194905
2022-07-19 00:00:00,1.1949,1.19512,1.19252,1.19417
2022-07-19 04:00:00,1.19416,1.20103,1.193765,1.20095
2022-07-19 08:00:00,1.20096,1.203995,1.200025,1.20199
2022-07-19 12:00:00,1.201985,1.204555,1.20001,1.202145
2022-07-19 16:00:00,1.20214,1.20255,1.1986,1.19988
2022-07-19 20:00:00,1.199875,1.20079,1.199605,1.20026
2022-07-20 00:00:00,1.200255,1.2032,1.20018,1.2026
2022-07-20 04:00:00,1.20259,1.20377,1.1989,1.199055
2022-07-20 08:00:00,1.19906,1.20327,1.196495,1.19735
2022-07-20 12:00:00,1.197345,1.20065,1.19556,1.19878
2022-07-20 16:00:00,1.198775,1.198935,1.19538,1.19759
2022-07-20 20:00:00,1.19761,1.198265,1.19677,1.196815
2022-07-21 00:00:00,1.19681,1.199275,1.196335,1.19802
2022-07-21 04:00:00,1.198025,1.2004,1.193695,1.1942
2022-07-21 08:00:00,1.19421,1.19709,1.192085,1.19219
2022-07-21 12:00:00,1.192185,1.1993,1.18904,1.19695
2022-07-21 16:00:00,1.196945,1.19824,1.19471,1.198135
2022-07-21 20:00:00,1.19801,1.200545,1.19741,1.199565
2022-07-22 00:00:00,1.199555,1.19968,1.19594,1.19643
2022-07-22 04:00:00,1.196425,1.19899,1.19168,1.19284
2022-07-22 08:00:00,1.192845,1.19764,1.19232,1.19533
2022-07-22 12:00:00,1.19532,1.20642,1.19405,1.20202
2022-07-22 16:00:00,1.202025,1.202435,1.19712,1.199785
2022-07-22 20:00:00,1.19979,1.20081,1.19924,1.20073
2022-07-24 20:00:00,1.199165,1.19919,1.198535,1.19856
2022-07-25 00:00:00,1.198565,1.199615,1.196065,1.19862
2022-07-25 04:00:00,1.19861,1.19993,1.196305,1.19938
2022-07-25 08:00:00,1.19937,1.2083,1.198085,1.20596
2022-07-25 12:00:00,1.20595,1.20867,1.202505,1.20404
2022-07-25 16:00:00,1.204045,1.20595,1.20349,1.205335
2022-07-25 20:00:00,1.20534,1.2055,1.204155,1.20539
2022-07-26 00:00:00,1.2054,1.20904,1.20537,1.20678
2022-07-26 04:00:00,1.206775,1.20712,1.20347,1.20454
2022-07-26 08:00:00,1.20452,1.204825,1.19723,1.198135
2022-07-26 12:00:00,1.19813,1.20543,1.196415,1.20354
2022-07-26 16:00:00,1.203535,1.20422,1.20161,1.20213
2022-07-26 20:00:00,1.202125,1.20417,1.20211,1.20357
2022-07-27 00:00:00,1.203545,1.205755,1.20352,1.20499
2022-07-27 04:00:00,1.204995,1.20747,1.203635,1.20515
2022-07-27 08:00:00,1.20514,1.2088,1.20457,1.206515
2022-07-27 12:00:00,1.20652,1.20689,1.20207,1.20252
2022-07-27 16:00:00,1.20253,1.21863,1.202385,1.216635
2022-07-27 20:00:00,1.21663,1.21688,1.214915,1.21623
2022-07-28 00:00:00,1.216235,1.21867,1.21426,1.21653
2022-07-28 04:00:00,1.21652,1.21842,1.21542,1.21834
2022-07-28 08:00:00,1.218345,1.21917,1.21047,1.212095
2022-07-28 12:00:00,1.21209,1.216635,1.21036,1.212665
2022-07-28 16:00:00,1.21267,1.2168,1.21108,1.21669
2022-07-28 20:00:00,1.216695,1.2184,1.21628,1.21731
2022-07-29 00:00:00,1.217315,1.219705,1.21632,1.21903
2022-07-29 04:00:00,1.219015,1.22458,1.21851,1.221455
2022-07-29 08:00:00,1.22145,1.22146,1.21376,1.21528
2022-07-29 12:00:00,1.215275,1.21867,1.20632,1.218195
2022-07-29 16:00:00,1.21819,1.218395,1.21519,1.21783
2022-07-29 20:00:00,1.21784,1.218915,1.21749,1.218105
2022-07-31 20:00:00,1.21726,1.217945,1.215705,1.2168
2022-08-01 00:00:00,1.216805,1.21983,1.21631,1.21829
2022-08-01 04:00:00,1.218285,1.22065,1.21746,1.21972
2022-08-01 08:00:00,1.21973,1.226155,1.21951,1.22264
2022-08-01 12:00:00,1.222645,1.229355,1.22196,1.22756
2022-08-01 16:00:00,1.22755,1.22844,1.22414,1.22565
2022-08-01 20:00:00,1.22563,1.22639,1.22499,1.22574
2022-08-02 00:00:00,1.22576,1.22794,1.22454,1.2258
2022-08-02 04:00:00,1.225805,1.2263,1.21894,1.22019
2022-08-02 08:00:00,1.2202,1.22278,1.21861,1.22174
2022-08-02 12:00:00,1.22173,1.224125,1.21804,1.22197
2022-08-02 16:00:00,1.22198,1.222565,1.216685,1.21679
2022-08-02 20:00:00,1.216795,1.217355,1.21409,1.21436
2022-08-03 00:00:00,1.214405,1.21889,1.2135,1.218685
2022-08-03 04:00:00,1.218675,1.220345,1.21575,1.21908
2022-08-03 08:00:00,1.219055,1.22078,1.21669,1.21914
2022-08-03 12:00:00,1.21913,1.21967,1.21002,1.213155
2022-08-03 16:00:00,1.213155,1.21556,1.21245,1.21463
2022-08-03 20:00:00,1.214635,1.2151,1.21369,1.21387
2022-08-04 00:00:00,1.21417,1.216815,1.213725,1.215065
2022-08-04 04:00:00,1.21507,1.21762,1.21287,1.216665
2022-08-04 08:00:00,1.21666,1.221705,1.20659,1.2086
2022-08-04 12:00:00,1.20861,1.21441,1.20722,1.21401
2022-08-04 16:00:00,1.214005,1.2176,1.213685,1.21692
2022-08-04 20:00:00,1.216915,1.21709,1.215485,1.21586
2022-08-05 00:00:00,1.215865,1.215865,1.21304,1.214385
2022-08-05 04:00:00,1.21438,1.21693,1.21358,1.215505
2022-08-05 08:00:00,1.215515,1.21571,1.21248,1.21396
2022-08-05 12:00:00,1.213965,1.21489,1.20037,1.206045
2022-08-05 16:00:00,1.20605,1.209435,1.20552,1.20692
2022-08-05 20:00:00,1.206935,1.20776,1.20682,1.20716
2022-08-07 20:00:00,1.206905,1.20718,1.205745,1.20611
2022-08-08 00:00:00,1.206115,1.208065,1.204775,1.207945
2022-08-08 04:00:00,1.20795,1.21232,1.20692,1.21173
2022-08-08 08:00:00,1.211725,1.21177,1.20717,1.21169
2022-08-08 12:00:00,1.211695,1.21377,1.20927,1.20961
2022-08-08 16:00:00,1.2096,1.20991,1.206905,1.20799
2022-08-08 20:00:00,1.207995,1.20907,1.20762,1.20855
2022-08-09 00:00:00,1.208545,1.20892,1.20705,1.208355
2022-08-09 04:00:00,1.20835,1.20926,1.20658,1.208815
2022-08-09 08:00:00,1.20881,1.21304,1.208665,1.20979
2022-08-09 12:00:00,1.209805,1.21292,1.20791,1.20876
2022-08-09 16:00:00,1.208755,1.20943,1.20634,1.20731
2022-08-09 20:00:00,1.207305,1.207725,1.20708,1.207165
2022-08-10 00:00:00,1.20716,1.20838,1.20652,1.20822
2022-08-10 04:00:00,1.208215,1.20909,1.20679,1.20872
2022-08-10 08:00:00,1.208725,1.212525,1.20814,1.21245
2022-08-10 12:00:00,1.212445,1.2277,1.21003,1.22438
2022-08-10 16:00:00,1.224385,1.226155,1.22118,1.22187
2022-08-10 20:00:00,1.221875,1.22211,1.22057,1.221045
2022-08-11 00:00:00,1.22104,1.22178,1.218255,1.21927
2022-08-11 04:00:00,1.21928,1.22321,1.218375,1.22252
2022-08-11 08:00:00,1.222525,1.224575,1.21946,1.22097
2022-08-11 12:00:00,1.220965,1.22496,1.21968,1.222815
2022-08-11 16:00:00,1.22282,1.223055,1.21856,1.21908
2022-08-11 20:00:00,1.21907,1.22041,1.21898,1.219485
2022-08-12 00:00:00,1.21948,1.22016,1.21777,1.218975
2022-08-12 04:00:00,1.218965,1.221645,1.21679,1.2181
2022-08-12 08:00:00,1.21809,1.218425,1.2116,1.213025
2022-08-12 12:00:00,1.21303,1.2149,1.20999,1.21306
2022-08-12 16:00:00,1.213065,1.214685,1.21257,1.2137
2022-08-12 20:00:00,1.213695,1.21382,1.213235,1.21375
2022-08-14 20:00:00,1.2136,1.21396,1.21266,1.212725
2022-08-15 00:00:00,1.21273,1.21484,1.210835,1.212215
2022-08-15 04:00:00,1.21222,1.2126,1.20903,1.21047
2022-08-15 08:00:00,1.210465,1.21098,1.20504,1.208395
2022-08-15 12:00:00,1.20839,1.21148,1.20722,1.20881
2022-08-15 16:00:00,1.20882,1.20885,1.20534,1.20551
2022-08-15 20:00:00,1.205505,1.206035,1.20508,1.20565
2022-08-16 00:00:00,1.20564,1.206055,1.203555,1.204875
2022-08-16 04:00:00,1.20488,1.20585,1.2008,1.205565
2022-08-16 08:00:00,1.20556,1.205605,1.20132,1.20216
2022-08-16 12:00:00,1.20215,1.21182,1.201865,1.20893
2022-08-16 16:00:00,1.20892,1.21047,1.20745,1.20946
2022-08-16 20:00:00,1.209465,1.21019,1.209015,1.209475
2022-08-17 00:00:00,1.20948,1.21162,1.20944,1.21074
2022-08-17 04:00:00,1.210745,1.214375,1.20815,1.20979
2022-08-17 08:00:00,1.209795,1.21201,1.20615,1.20794
2022-08-17 12:00:00,1.20793,1.209565,1.20283,1.20285
2022-08-17 16:00:00,1.202855,1.208805,1.202825,1.20509
2022-08-17 20:00:00,1.2051,1.20585,1.20425,1.20456
2022-08-18 00:00:00,1.20457,1.20605,1.20307,1.20353
2022-08-18 04:00:00,1.203535,1.20506,1.199485,1.20264
2022-08-18 08:00:00,1.202645,1.20798,1.202645,1.206345
2022-08-18 12:00:00,1.20634,1.20716,1.19683,1.19688
2022-08-18 16:00:00,1.19689,1.197625,1.1923,1.19371
2022-08-18 20:00:00,1.1937,1.19381,1.19286,1.19308
2022-08-19 00:00:00,1.19309,1.19335,1.19052,1.19163
2022-08-19 04:00:00,1.19164,1.192605,1.189425,1.191225
2022-08-19 08:00:00,1.19122,1.19123,1.18157,1.18336
2022-08-19 12:00:00,1.18335,1.18576,1.17921,1.18074
2022-08-19 16:00:00,1.180745,1.183435,1.18074,1.18304
2022-08-19 20:00:00,1.183055,1.18332,1.1824,1.183035
2022-08-21 20:00:00,1.182325,1.18341,1.181145,1.1819
2022-08-22 00:00:00,1.18191,1.18369,1.18057,1.18302
2022-08-22 04:00:00,1.18303,1.18365,1.178775,1.17945
2022-08-22 08:00:00,1.179455,1.18197,1.178245,1.18051
2022-08-22 12:00:00,1.180505,1.18269,1.174235,1.17495
2022-08-22 16:00:00,1.17496,1.17843,1.17492,1.17647
2022-08-22 20:00:00,1.176475,1.17702,1.17603,1.17656
2022-08-23 00:00:00,1.17657,1.17853,1.17577,1.177165
2022-08-23 04:00:00,1.17716,1.1779,1.17176,1.176525
2022-08-23 08:00:00,1.17654,1.17826,1.17419,1.17681
2022-08-23 12:00:00,1.1768,1.1878,1.17496,1.18444
2022-08-23 16:00:00,1.18445,1.18532,1.18167,1.18293
2022-08-23 20:00:00,1.182925,1.183825,1.18251,1.183005
2022-08-24 00:00:00,1.18301,1.18358,1.179945,1.18086
2022-08-24 04:00:00,1.180865,1.18339,1.1801,1.182745
2022-08-24 08:00:00,1.18274,1.18334,1.17679,1.17768
2022-08-24 12:00:00,1.177665,1.182575,1.175585,1.18009
2022-08-24 16:00:00,1.1801,1.180635,1.177955,1.179965
2022-08-24 20:00:00,1.17995,1.180145,1.178955,1.179075
2022-08-25 00:00:00,1.17907,1.18253,1.1784,1.18176
2022-08-25 04:00:00,1.18175,1.18644,1.18158,1.18423
2022-08-25 08:00:00,1.18422,1.18569,1.18218,1.18354
2022-08-25 12:00:00,1.183535,1.18504,1.179315,1.1802
2022-08-25 16:00:00,1.180205,1.18389,1.17947,1.18358
2022-08-25 20:00:00,1.183585,1.1839,1.18223,1.18232
2022-08-26 00:00:00,1.182315,1.18316,1.18064,1.1826
2022-08-26 04:00:00,1.182595,1.18262,1.17754,1.17937
2022-08-26 08:00:00,1.17936,1.184535,1.17769,1.18182
2022-08-26 12:00:00,1.181815,1.19011,1.17521,1.177595
2022-08-26 16:00:00,1.17759,1.17864,1.17338,1.17365
2022-08-26 20:00:00,1.17364,1.17425,1.17337,1.17403
2022-08-28 20:00:00,1.16925,1.169255,1.168835,1.1689
2022-08-29 00:00:00,1.16907,1.17006,1.165575,1.166785
2022-08-29 04:00:00,1.166775,1.16826,1.16484,1.16734
2022-08-29 08:00:00,1.16732,1.1705,1.16565,1.16995
2022-08-29 12:00:00,1.169955,1.1744,1.16863,1.171445
2022-08-29 16:00:00,1.17146,1.17295,1.169875,1.17046
2022-08-29 20:00:00,1.17044,1.17237,1.16997,1.17218
2022-08-30 00:00:00,1.17216,1.17269,1.16876,1.170155
2022-08-30 04:00:00,1.17015,1.17448,1.169845,1.17358
2022-08-30 08:00:00,1.173575,1.17605,1.170425,1.171685
2022-08-30 12:00:00,1.1717,1.17222,1.16219,1.16508
2022-08-30 16:00:00,1.16509,1.16701,1.1647,1.16553
2022-08-30 20:00:00,1.16554,1.16609,1.165165,1.16586
2022-08-31 00:00:00,1.16587,1.16779,1.165425,1.167745
2022-08-31 04:00:00,1.167735,1.169395,1.16416,1.16416
2022-08-31 08:00:00,1.164145,1.1657,1.16131,1.1623
2022-08-31 12:00:00,1.16229,1.16536,1.15995,1.16425
2022-08-31 16:00:00,1.16426,1.16454,1.16069,1.161505
2022-08-31 20:00:00,1.16151,1.162335,1.15941,1.15973
2022-09-01 00:00:00,1.159735,1.15974,1.15685,1.15789
2022-09-01 04:00:00,1.157885,1.16168,1.156875,1.16041
2022-09-01 08:00:00,1.16042,1.16142,1.1552,1.15664
2022-09-01 12:00:00,1.15667,1.15789,1.14994,1.15383
2022-09-01 16:00:00,1.15384,1.15554,1.1533,1.154155
2022-09-01 20:00:00,1.154145,1.154875,1.15368,1.15474
2022-09-02 00:00:00,1.154735,1.155995,1.154085,1.15492
2022-09-02 04:00:00,1.154915,1.15697,1.15327,1.15576
2022-09-02 08:00:00,1.155765,1.15823,1.15473,1.156005
2022-09-02 12:00:00,1.15599,1.158885,1.15266,1.15808
2022-09-02 16:00:00,1.158075,1.15827,1.14962,1.15094
2022-09-02 20:00:00,1.150945,1.15177,1.15054,1.15145
2022-09-05 00:00:00,1.14789,1.14801,1.14731,1.14731
2022-09-05 04:00:00,1.1473,1.148715,1.144405,1.14782
2022-09-05 08:00:00,1.147825,1.15189,1.14714,1.15066
2022-09-05 12:00:00,1.150655,1.151995,1.14805,1.15176
2022-09-05 16:00:00,1.15175,1.15212,1.15126,1.15174
2022-09-05 20:00:00,1.151735,1.1567,1.151415,1.15646
2022-09-06 00:00:00,1.156455,1.16005,1.15603,1.15655
2022-09-06 04:00:00,1.15656,1.16095,1.156,1.15846
2022-09-06 08:00:00,1.15847,1.16086,1.15493,1.157405
2022-09-06 12:00:00,1.1574,1.15814,1.149465,1.15481
2022-09-06 16:00:00,1.154815,1.15491,1.151285,1.15168
2022-09-06 20:00:00,1.151675,1.152225,1.150235,1.15106
2022-09-07 00:00:00,1.151065,1.15159,1.14518,1.14661
2022-09-07 04:00:00,1.146575,1.1519,1.145385,1.15143
2022-09-07 08:00:00,1.151435,1.15235,1.14166,1.14242
2022-09-07 12:00:00,1.142425,1.148425,1.14054,1.146945
2022-09-07 16:00:00,1.14695,1.153295,1.1469,1.153115
2022-09-07 20:00:00,1.15312,1.15413,1.151675,1.152235
2022-09-08 00:00:00,1.15224,1.15266,1.149125,1.14999
2022-09-08 04:00:00,1.149985,1.1522,1.14802,1.14873
2022-09-08 08:00:00,1.148725,1.15609,1.14762,1.155465
2022-09-08 12:00:00,1.15546,1.155995,1.14606,1.148275
2022-09-08 16:00:00,1.14828,1.1517,1.14627,1.150195
2022-09-08 20:00:00,1.1502,1.152255,1.14963,1.15204
2022-09-09 00:00:00,1.152035,1.158605,1.15158,1.15849
2022-09-09 04:00:00,1.158495,1.163555,1.15787,1.163175
2022-09-09 08:00:00,1.16317,1.164845,1.15553,1.155905
2022-09-09 12:00:00,1.1559,1.15998,1.1551,1.15996
2022-09-09 16:00:00,1.159965,1.16023,1.15807,1.15915
2022-09-09 20:00:00,1.15913,1.15946,1.158385,1.15878
2022-09-11 20:00:00,1.1627,1.163905,1.16025,1.16202
2022-09-12 00:00:00,1.162015,1.16292,1.16041,1.1611
2022-09-12 04:00:00,1.161095,1.16953,1.16008,1.168555
2022-09-12 08:00:00,1.16856,1.17,1.16632,1.169015
2022-09-12 12:00:00,1.16901,1.171075,1.16638,1.1697
2022-09-12 16:00:00,1.16971,1.17093,1.167585,1.16767
2022-09-12 20:00:00,1.16766,1.16894,1.16761,1.16892
2022-09-13 00:00:00,1.168925,1.17062,1.16806,1.16886
2022-09-13 04:00:00,1.168865,1.17314,1.16792,1.17264
2022-09-13 08:00:00,1.17265,1.17377,1.17009,1.17327
2022-09-13 12:00:00,1.17328,1.17384,1.15185,1.15249
2022-09-13 16:00:00,1.1525,1.15413,1.149695,1.14996
2022-09-13 20:00:00,1.149955,1.150785,1.14821,1.15026
2022-09-14 00:00:00,1.150255,1.151255,1.148795,1.150665
2022-09-14 04:00:00,1.15066,1.1532,1.148035,1.15259
2022-09-14 08:00:00,1.152585,1.15726,1.15197,1.15455
2022-09-14 12:00:00,1.15454,1.158985,1.1538,1.15631
2022-09-14 16:00:00,1.156315,1.1576,1.15268,1.15406
2022-09-14 20:00:00,1.15405,1.15514,1.15386,1.154465
2022-09-15 00:00:00,1.15447,1.1548,1.15232,1.15315
2022-09-15 04:00:00,1.15316,1.15382,1.150645,1.15344
2022-09-15 08:00:00,1.153445,1.15361,1.14875,1.149515
2022-09-15 12:00:00,1.14952,1.15176,1.14693,1.14708
2022-09-15 16:00:00,1.14707,1.149885,1.14618,1.146965
2022-09-15 20:00:00,1.14697,1.147505,1.14513,1.1452
2022-09-16 00:00:00,1.145205,1.14807,1.145205,1.14631
2022-09-16 04:00:00,1.146315,1.14718,1.13507,1.13732
2022-09-16 08:00:00,1.137315,1.14135,1.13539,1.13984
2022-09-16 12:00:00,1.139845,1.144685,1.137655,1.14171
2022-09-16 16:00:00,1.141715,1.14266,1.13864,1.14245
2022-09-16 20:00:00,1.14246,1.142675,1.14156,1.142385
2022-09-18 20:00:00,1.14181,1.14412,1.14122,1.14343
2022-09-19 00:00:00,1.14342,1.14423,1.13949,1.14016
2022-09-19 04:00:00,1.140155,1.14057,1.13764,1.13795
2022-09-19 08:00:00,1.137945,1.13926,1.13555,1.13721
2022-09-19 12:00:00,1.137225,1.1421,1.13632,1.14018
2022-09-19 16:00:00,1.14019,1.143865,1.14018,1.14368
2022-09-19 20:00:00,1.14367,1.14459,1.14294,1.144485
2022-09-20 00:00:00,1.14448,1.1461,1.14096,1.143375
2022-09-20 04:00:00,1.14338,1.14607,1.14128,1.14588
2022-09-20 08:00:00,1.14587,1.145975,1.14098,1.1429
2022-09-20 12:00:00,1.142905,1.1434,1.13819,1.14032
2022-09-20 16:00:00,1.140315,1.1408,1.13575,1.13858
2022-09-20 20:00:00,1.138575,1.13876,1.136445,1.13806
2022-09-21 00:00:00,1.138055,1.13847,1.136585,1.13776
2022-09-21 04:00:00,1.13777,1.13828,1.130445,1.133605
2022-09-21 08:00:00,1.1336,1.13499,1.13265,1.13364
2022-09-21 12:00:00,1.133645,1.13507,1.13229,1.13297
2022-09-21 16:00:00,1.13296,1.13574,1.123665,1.12851
2022-09-21 20:00:00,1.128035,1.12928,1.12462,1.125735
2022-09-22 00:00:00,1.12582,1.125875,1.12206,1.1232
2022-09-22 04:00:00,1.123195,1.12811,1.121185,1.127265
2022-09-22 08:00:00,1.12727,1.136465,1.126815,1.131455
2022-09-22 12:00:00,1.131445,1.134855,1.12412,1.12683
2022-09-22 16:00:00,1.126825,1.127545,1.12502,1.12577
2022-09-22 20:00:00,1.12576,1.126445,1.12509,1.12627
2022-09-23 00:00:00,1.12626,1.127415,1.12265,1.12315
2022-09-23 04:00:00,1.123155,1.12448,1.11694,1.118435
2022-09-23 08:00:00,1.11843,1.121,1.10209,1.105575
2022-09-23 12:00:00,1.10557,1.109665,1.089705,1.09141
2022-09-23 16:00:00,1.09061,1.09202,1.08395,1.08671
2022-09-23 20:00:00,1.0867,1.08732,1.084305,1.085105
2022-09-25 20:00:00,1.081385,1.084625,1.07804,1.079335
2022-09-26 00:00:00,1.07933,1.08109,1.03437,1.049845
2022-09-26 04:00:00,1.04985,1.075075,1.04713,1.06765
2022-09-26 08:00:00,1.067635,1.07996,1.066915,1.073375
2022-09-26 12:00:00,1.07448,1.09311,1.063635,1.069975
2022-09-26 16:00:00,1.069985,1.072085,1.06318,1.069725
2022-09-26 20:00:00,1.069725,1.07772,1.06613,1.076635
2022-09-27 00:00:00,1.076685,1.0791,1.07389,1.077645
2022-09-27 04:00:00,1.07765,1.083815,1.07642,1.08046
2022-09-27 08:00:00,1.080455,1.08336,1.07804,1.07893
2022-09-27 12:00:00,1.078925,1.08167,1.07359,1.07511
2022-09-27 16:00:00,1.075115,1.07523,1.06594,1.07188
2022-09-27 20:00:00,1.07189,1.07399,1.07055,1.07262
2022-09-28 00:00:00,1.07263,1.07391,1.06317,1.06578
2022-09-28 04:00:00,1.06579,1.0712,1.06323,1.07016
2022-09-28 08:00:00,1.07017,1.08404,1.054,1.05797
2022-09-28 12:00:00,1.057965,1.08326,1.05721,1.08298
2022-09-28 16:00:00,1.08299,1.09158,1.07948,1.08834
2022-09-28 20:00:00,1.08836,1.08946,1.0829,1.08313
2022-09-29 00:00:00,1.08313,1.0836,1.07824,1.07907
2022-09-29 04:00:00,1.07908,1.08172,1.07624,1.07817
2022-09-29 08:00:00,1.07818,1.08974,1.07706,1.08741
2022-09-29 12:00:00,1.08853,1.10751,1.08819,1.10461
2022-09-29 16:00:00,1.1046,1.11087,1.10384,1.10778
2022-09-29 20:00:00,1.10779,1.12042,1.107,1.11717
2022-09-30 00:00:00,1.11718,1.1178,1.107095,1.108155
2022-09-30 04:00:00,1.10816,1.11846,1.10803,1.11783
2022-09-30 08:00:00,1.11786,1.12345,1.10255,1.10421
2022-09-30 12:00:00,1.1042,1.1177,1.10257,1.11327
2022-09-30 16:00:00,1.11328,1.11805,1.11003,1.11675
2022-09-30 20:00:00,1.11674,1.11675,1.11441,1.11628
2022-10-02 20:00:00,1.11708,1.11949,1.11283,1.11358
2022-10-03 00:00:00,1.11359,1.116355,1.11105,1.11185
2022-10-03 04:00:00,1.11186,1.12814,1.10861,1.120705
2022-10-03 08:00:00,1.1207,1.12445,1.117,1.12184
2022-10-03 12:00:00,1.12183,1.13346,1.12003,1.12704
2022-10-03 16:00:00,1.12705,1.13257,1.12598,1.13234
2022-10-03 20:00:00,1.13232,1.13417,1.13119,1.13383
2022-10-04 00:00:00,1.13384,1.13436,1.12807,1.13184
2022-10-04 04:00:00,1.13185,1.14295,1.1299,1.13923
2022-10-04 08:00:00,1.13922,1.13943,1.12995,1.13321
2022-10-04 12:00:00,1.13323,1.14466,1.13231,1.14442
2022-10-04 16:00:00,1.14443,1.14894,1.14276,1.14753
2022-10-04 20:00:00,1.14752,1.14885,1.14504,1.14508
2022-10-05 00:00:00,1.14509,1.14726,1.14145,1.14327
2022-10-05 04:00:00,1.14328,1.14957,1.13961,1.14068
2022-10-05 08:00:00,1.14069,1.14331,1.13222,1.13319
2022-10-05 12:00:00,1.1332,1.13529,1.12272,1.12737
2022-10-05 16:00:00,1.12738,1.1357,1.12642,1.13264
2022-10-05 20:00:00,1.13263,1.13567,1.1306,1.13563
2022-10-06 00:00:00,1.13564,1.1384,1.13331,1.13655
2022-10-06 04:00:00,1.13656,1.13691,1.13128,1.13276
2022-10-06 08:00:00,1.13278,1.13307,1.12419,1.12583
2022-10-06 12:00:00,1.12583,1.12877,1.11315,1.1132
2022-10-06 16:00:00,1.11319,1.11935,1.11131,1.11566
2022-10-06 20:00:00,1.11564,1.11722,1.11524,1.116195
2022-10-07 00:00:00,1.11619,1.119,1.11351,1.11716
2022-10-07 04:00:00,1.11714,1.1191,1.11155,1.1168
2022-10-07 08:00:00,1.11679,1.12254,1.11608,1.11943
2022-10-07 12:00:00,1.11944,1.12136,1.10907,1.11144
2022-10-07 16:00:00,1.11143,1.11321,1.1056,1.10803
2022-10-07 20:00:00,1.10804,1.10942,1.10781,1.10939
2022-10-09 20:00:00,1.10933,1.10951,1.10621,1.10728
2022-10-10 00:00:00,1.10729,1.11115,1.10585,1.10795
2022-10-10 04:00:00,1.10794,1.11108,1.10558,1.10729
2022-10-10 08:00:00,1.10728,1.10996,1.10273,1.10663
2022-10-10 12:00:00,1.10662,1.10812,1.10255,1.10399
2022-10-10 16:00:00,1.104,1.10817,1.10199,1.10565
2022-10-10 20:00:00,1.10566,1.10791,1.10544,1.10791
2022-10-11 00:00:00,1.10793,1.10957,1.10233,1.10378
2022-10-11 04:00:00,1.10379,1.105585,1.09984,1.10192
2022-10-11 08:00:00,1.10191,1.11013,1.10163,1.10821
2022-10-11 12:00:00,1.10888,1.1176,1.10443,1.11665
2022-10-11 16:00:00,1.11666,1.118,1.09651,1.09874
2022-10-11 20:00:00,1.09872,1.099265,1.09531,1.09641
2022-10-12 00:00:00,1.096405,1.09858,1.09238,1.09464
2022-10-12 04:00:00,1.09463,1.105775,1.09443,1.09736
2022-10-12 08:00:00,1.09735,1.1099,1.09708,1.10523
2022-10-12 12:00:00,1.10526,1.10996,1.10228,1.10936
2022-10-12 16:00:00,1.10937,1.11341,1.10551,1.1094
2022-10-12 20:00:00,1.10941,1.11063,1.10849,1.11011
2022-10-13 00:00:00,1.1101,1.11207,1.10782,1.10804
2022-10-13 04:00:00,1.10803,1.10943,1.10573,1.10888
2022-10-13 08:00:00,1.10889,1.12986,1.10728,1.12622
2022-10-13 12:00:00,1.12621,1.136665,1.11527,1.13425
2022-10-13 16:00:00,1.13426,1.13808,1.13017,1.1317
2022-10-13 20:00:00,1.1317,1.13436,1.12982,1.13016
2022-10-14 00:00:00,1.13016,1.13667,1.12902,1.13287
2022-10-14 04:00:00,1.13288,1.13352,1.12547,1.13066
2022-10-14 08:00:00,1.13065,1.131055,1.11669,1.11946
2022-10-14 12:00:00,1.119465,1.12885,1.11586,1.12066
2022-10-14 16:00:00,1.12067,1.12256,1.11521,1.11852
2022-10-14 20:00:00,1.11851,1.11863,1.11626,1.117995
2022-10-16 20:00:00,1.1226,1.12507,1.12134,1.12419
2022-10-17 00:00:00,1.12418,1.12524,1.12165,1.12339
2022-10-17 04:00:00,1.1234,1.13055,1.12162,1.12582
2022-10-17 08:00:00,1.12583,1.13316,1.12245,1.12954
2022-10-17 12:00:00,1.12955,1.14398,1.12885,1.14253
2022-10-17 16:00:00,1.14252,1.14308,1.13439,1.13495
2022-10-17 20:00:00,1.13497,1.13696,1.13471,1.1352
2022-10-18 00:00:00,1.135205,1.13764,1.13315,1.13735
2022-10-18 04:00:00,1.13736,1.14109,1.13032,1.13551
2022-10-18 08:00:00,1.1355,1.13611,1.1256,1.13089
2022-10-18 12:00:00,1.1309,1.13467,1.12803,1.13058
2022-10-18 16:00:00,1.13056,1.13336,1.12804,1.13265
2022-10-18 20:00:00,1.13265,1.13582,1.13165,1.13427
2022-10-19 00:00:00,1.13426,1.13513,1.13287,1.13345
2022-10-19 04:00:00,1.13346,1.13375,1.12608,1.12781
2022-10-19 08:00:00,1.12782,1.12863,1.12222,1.12474
2022-10-19 12:00:00,1.12471,1.12783,1.12221,1.12308
2022-10-19 16:00:00,1.12309,1.12372,1.11854,1.12266
2022-10-19 20:00:00,1.12267,1.12275,1.12171,1.12175
2022-10-21 08:00:00,1.11052,1.11403,1.11035,1.11095
2022-10-21 12:00:00,1.11096,1.129585,1.10609,1.12896
2022-10-21 16:00:00,1.12898,1.13118,1.12185,1.1302
2022-10-21 20:00:00,1.13019,1.13152,1.12937,1.12979
2022-10-23 20:00:00,1.13807,1.140935,1.13077,1.13364
2022-10-24 00:00:00,1.13367,1.13557,1.13006,1.13058
2022-10-24 04:00:00,1.13059,1.13827,1.13059,1.1326
2022-10-24 08:00:00,1.13261,1.13487,1.12738,1.13088
2022-10-24 12:00:00,1.13089,1.13444,1.1273,1.12925
2022-10-24 16:00:00,1.12926,1.13004,1.12583,1.12795
2022-10-24 20:00:00,1.12792,1.13164,1.12763,1.13061
2022-10-25 00:00:00,1.13062,1.13256,1.1293,1.13021
2022-10-25 04:00:00,1.1302,1.1307,1.12715,1.12937
2022-10-25 08:00:00,1.12938,1.13408,1.12912,1.13135
2022-10-25 12:00:00,1.13136,1.14998,1.13055,1.14678
2022-10-25 16:00:00,1.14677,1.14887,1.14601,1.14714
2022-10-25 20:00:00,1.14713,1.147875,1.14511,1.14589
2022-10-26 00:00:00,1.14588,1.14682,1.14308,1.14591
2022-10-26 04:00:00,1.14592,1.15788,1.14456,1.15694
2022-10-26 08:00:00,1.15693,1.162,1.15479,1.15637
2022-10-26 12:00:00,1.15635,1.16256,1.15444,1.16141
2022-10-26 16:00:00,1.1614,1.16391,1.15979,1.16274
2022-10-26 20:00:00,1.16273,1.16407,1.16149,1.16393
2022-10-27 00:00:00,1.16392,1.16459,1.16052,1.16111
2022-10-27 04:00:00,1.16112,1.16366,1.15859,1.1593
2022-10-27 08:00:00,1.15931,1.16093,1.15493,1.15833
2022-10-27 12:00:00,1.15832,1.16346,1.15494,1.15724
2022-10-27 16:00:00,1.15725,1.16023,1.1558,1.15754
2022-10-27 20:00:00,1.15753,1.15776,1.15586,1.15646
2022-10-28 00:00:00,1.156485,1.15949,1.1545,1.15813
2022-10-28 04:00:00,1.15812,1.15838,1.15097,1.15159
2022-10-28 08:00:00,1.1516,1.15751,1.1504,1.15527
2022-10-28 12:00:00,1.15526,1.16005,1.15221,1.15722
2022-10-28 16:00:00,1.15721,1.1624,1.15568,1.16179
2022-10-28 20:00:00,1.16176,1.16218,1.16089,1.16139
2022-10-30 20:00:00,1.15942,1.16068,1.15869,1.1595
2022-10-31 00:00:00,1.15951,1.16139,1.1586,1.16062
2022-10-31 04:00:00,1.16061,1.16097,1.15746,1.15779
2022-10-31 08:00:00,1.15778,1.15786,1.15161,1.15406
2022-10-31 12:00:00,1.15405,1.1542,1.1476,1.15133
2022-10-31 16:00:00,1.15134,1.15167,1.14606,1.14682
2022-10-31 20:00:00,1.14681,1.14766,1.14592,1.14677
2022-11-01 00:00:00,1.14679,1.15167,1.14648,1.15071
2022-11-01 04:00:00,1.15072,1.15501,1.14959,1.15181
2022-11-01 08:00:00,1.15182,1.15547,1.15133,1.15493
2022-11-01 12:00:00,1.15494,1.15663,1.14448,1.14594
2022-11-01 16:00:00,1.14591,1.15084,1.14374,1.14836
2022-11-01 20:00:00,1.14835,1.14945,1.14748,1.14889
2022-11-02 00:00:00,1.14892,1.15271,1.14862,1.15161
2022-11-02 04:00:00,1.15163,1.15227,1.148485,1.1494
2022-11-02 08:00:00,1.14941,1.15241,1.14858,1.15022
2022-11-02 12:00:00,1.1502,1.15163,1.14571,1.14662
2022-11-02 16:00:00,1.14663,1.15645,1.13953,1.13957
2022-11-02 20:00:00,1.13956,1.14028,1.13753,1.13838
2022-11-03 00:00:00,1.13837,1.14222,1.13754,1.14164
2022-11-03 04:00:00,1.14165,1.1421,1.13295,1.13454
2022-11-03 08:00:00,1.13453,1.13454,1.12293,1.12496
2022-11-03 12:00:00,1.12501,1.12821,1.1157,1.11818
2022-11-03 16:00:00,1.11817,1.12034,1.11547,1.11645
2022-11-03 20:00:00,1.11644,1.11719,1.11495,1.11704
2022-11-04 00:00:00,1.11705,1.1215,1.11689,1.12099
2022-11-04 04:00:00,1.12098,1.12426,1.11922,1.12014
2022-11-04 08:00:00,1.12015,1.12497,1.11962,1.12117
2022-11-04 12:00:00,1.12118,1.13374,1.11467,1.12779
2022-11-04 16:00:00,1.1278,1.13824,1.12627,1.13736
2022-11-04 20:00:00,1.13735,1.13815,1.13703,1.13754
2022-11-06 20:00:00,1.13141,1.13419,1.13055,1.13311
2022-11-07 00:00:00,1.13312,1.13439,1.13059,1.13306
2022-11-07 04:00:00,1.13305,1.13503,1.12908,1.13034
2022-11-07 08:00:00,1.13035,1.14767,1.12972,1.1445
2022-11-07 12:00:00,1.14449,1.14849,1.1427,1.14659
2022-11-07 16:00:00,1.1466,1.15418,1.14497,1.15328
2022-11-07 20:00:00,1.15327,1.15385,1.15075,1.151315
2022-11-08 00:00:00,1.15131,1.15369,1.14986,1.15111
2022-11-08 04:00:00,1.1511,1.15138,1.14602,1.14703
2022-11-08 08:00:00,1.14704,1.14944,1.14444,1.14655
2022-11-08 12:00:00,1.14654,1.15733,1.14303,1.15638
2022-11-08 16:00:00,1.15639,1.15992,1.15129,1.15352
2022-11-08 20:00:00,1.15353,1.15585,1.1533,1.15519
2022-11-09 00:00:00,1.1552,1.15597,1.15232,1.15467
2022-11-09 04:00:00,1.15466,1.15522,1.151835,1.15237
2022-11-09 08:00:00,1.15238,1.15672,1.14191,1.146255
2022-11-09 12:00:00,1.14628,1.14715,1.13561,1.13759
2022-11-09 16:00:00,1.1376,1.14224,1.1334,1.13432
2022-11-09 20:00:00,1.13431,1.13696,1.13422,1.13682
2022-11-10 00:00:00,1.13683,1.14096,1.1365,1.14047
2022-11-10 04:00:00,1.14046,1.14132,1.13655,1.13834
2022-11-10 08:00:00,1.13835,1.14063,1.13634,1.13743
2022-11-10 12:00:00,1.13756,1.16867,1.13734,1.16802
2022-11-10 16:00:00,1.168,1.1697,1.16275,1.1697
2022-11-10 20:00:00,1.16969,1.17316,1.16883,1.16948
2022-11-11 00:00:00,1.16946,1.17036,1.16475,1.16735
2022-11-11 04:00:00,1.16736,1.17601,1.16594,1.17461
2022-11-11 08:00:00,1.1746,1.17743,1.17108,1.17609
2022-11-11 12:00:00,1.1761,1.17967,1.17095,1.17763
2022-11-11 16:00:00,1.17762,1.18549,1.17611,1.18535
2022-11-11 20:00:00,1.18534,1.18541,1.18323,1.18335
2022-11-13 20:00:00,1.18177,1.18177,1.17671,1.17971
2022-11-14 00:00:00,1.1797,1.18179,1.177395,1.17772
2022-11-14 04:00:00,1.17771,1.17899,1.17437,1.17896
2022-11-14 08:00:00,1.17895,1.1829,1.17466,1.17702
2022-11-14 12:00:00,1.17701,1.18132,1.17105,1.17309
2022-11-14 16:00:00,1.17308,1.18028,1.17142,1.17798
2022-11-14 20:00:00,1.17799,1.1786,1.17435,1.17518
2022-11-15 00:00:00,1.17519,1.17743,1.17412,1.17663
2022-11-15 04:00:00,1.17662,1.18394,1.17549,1.18308
2022-11-15 08:00:00,1.18307,1.18825,1.18087,1.18722
2022-11-15 12:00:00,1.18723,1.20295,1.18549,1.18966
2022-11-15 16:00:00,1.18965,1.19037,1.17909,1.18749
2022-11-15 20:00:00,1.18748,1.18876,1.18492,1.18796
2022-11-16 00:00:00,1.18797,1.18877,1.18329,1.18481
2022-11-16 04:00:00,1.1848,1.19032,1.18315,1.18929
2022-11-16 08:00:00,1.189295,1.19424,1.18567,1.19026
2022-11-16 12:00:00,1.19025,1.19165,1.18324,1.18921
2022-11-16 16:00:00,1.1892,1.19158,1.18665,1.19114
2022-11-16 20:00:00,1.19112,1.19251,1.19016,1.19144
2022-11-17 00:00:00,1.19143,1.19197,1.18668,1.18787
2022-11-17 04:00:00,1.18788,1.19377,1.18775,1.19345
2022-11-17 08:00:00,1.19346,1.19582,1.18016,1.18523
2022-11-17 12:00:00,1.18522,1.18729,1.17629,1.17778
2022-11-17 16:00:00,1.17779,1.18649,1.17658,1.18521
2022-11-17 20:00:00,1.18522,1.18693,1.18425,1.1859
2022-11-18 00:00:00,1.18593,1.19317,1.18586,1.19197
2022-11-18 04:00:00,1.19196,1.19237,1.1882,1.19181
2022-11-18 08:00:00,1.1918,1.19511,1.18827,1.19106
2022-11-18 12:00:00,1.19105,1.19412,1.1874,1.19301
2022-11-18 16:00:00,1.19299,1.19342,1.18732,1.18908
2022-11-18 20:00:00,1.18907,1.19011,1.18797,1.1883
2022-11-20 20:00:00,1.19016,1.19016,1.1881,1.18854
2022-11-21 00:00:00,1.18852,1.18867,1.18367,1.18546
2022-11-21 04:00:00,1.18547,1.18564,1.18076,1.18185
2022-11-21 08:00:00,1.18186,1.18367,1.17931,1.18092
2022-11-21 12:00:00,1.18091,1.18276,1.17807,1.17846
2022-11-21 16:00:00,1.17847,1.18244,1.17788,1.18154
2022-11-21 20:00:00,1.18153,1.18278,1.18054,1.18266
2022-11-22 00:00:00,1.18267,1.1864,1.182245,1.1858
2022-11-22 04:00:00,1.18579,1.18581,1.18249,1.18474
2022-11-22 08:00:00,1.18475,1.18843,1.18287,1.18761
2022-11-22 12:00:00,1.18762,1.1903,1.18664,1.18797
2022-11-22 16:00:00,1.18796,1.18941,1.18557,1.18839
2022-11-22 20:00:00,1.18838,1.18942,1.18806,1.18936
2022-11-23 00:00:00,1.18938,1.19103,1.1876,1.18796
2022-11-23 04:00:00,1.18797,1.19127,1.18728,1.19041
2022-11-23 08:00:00,1.1904,1.19464,1.18745,1.19389
2022-11-23 12:00:00,1.1939,1.20812,1.19282,1.20669
2022-11-23 16:00:00,1.2067,1.20745,1.20201,1.20655
2022-11-23 20:00:00,1.20656,1.20784,1.20491,1.2077
2022-11-24 00:00:00,1.20771,1.21057,1.20591,1.21031
2022-11-24 04:00:00,1.2103,1.21133,1.20794,1.20823
2022-11-24 08:00:00,1.20825,1.21315,1.20603,1.21263
2022-11-24 12:00:00,1.21264,1.21538,1.21044,1.21407
2022-11-24 16:00:00,1.21406,1.21423,1.21109,1.21195
2022-11-24 20:00:00,1.21194,1.21215,1.21109,1.21127
2022-11-25 00:00:00,1.21126,1.21165,1.20972,1.21115
2022-11-25 04:00:00,1.21114,1.21276,1.20914,1.20916
2022-11-25 08:00:00,1.20915,1.21201,1.20726,1.20864
2022-11-25 12:00:00,1.20865,1.21013,1.20585,1.20952
2022-11-25 16:00:00,1.20951,1.21109,1.20718,1.20952
2022-11-25 20:00:00,1.20957,1.21008,1.20854,1.20969
2022-11-27 20:00:00,1.20722,1.20789,1.20512,1.20541
2022-11-28 00:00:00,1.2054,1.20751,1.2026,1.20467
2022-11-28 04:00:00,1.20466,1.20826,1.20432,1.20654
2022-11-28 08:00:00,1.20655,1.21184,1.20529,1.2095
2022-11-28 12:00:00,1.209495,1.21006,1.20304,1.20381
2022-11-28 16:00:00,1.2038,1.2042,1.19508,1.19522
2022-11-28 20:00:00,1.19523,1.19654,1.19405,1.19597
2022-11-29 00:00:00,1.19598,1.20116,1.19532,1.20036
2022-11-29 04:00:00,1.20035,1.20394,1.198085,1.20345
2022-11-29 08:00:00,1.20344,1.20646,1.19801,1.20264
2022-11-29 12:00:00,1.20263,1.20353,1.19534,1.19998
2022-11-29 16:00:00,1.19999,1.20028,1.19454,1.19528
2022-11-29 20:00:00,1.19529,1.19617,1.19422,1.19463
2022-11-30 00:00:00,1.19464,1.19909,1.19427,1.19788
2022-11-30 04:00:00,1.19789,1.19937,1.1949,1.19666
2022-11-30 08:00:00,1.19667,1.20294,1.19545,1.20115
2022-11-30 12:00:00,1.20116,1.20255,1.1908,1.19115
2022-11-30 16:00:00,1.19116,1.20607,1.19005,1.20584
2022-11-30 20:00:00,1.20583,1.20887,1.204595,1.20752
2022-12-01 00:00:00,1.20751,1.21051,1.20735,1.209
2022-12-01 04:00:00,1.20899,1.2119,1.20699,1.20753
2022-12-01 08:00:00,1.20754,1.21665,1.20753,1.21644
2022-12-01 12:00:00,1.21645,1.23068,1.21637,1.22678
2022-12-01 16:00:00,1.22677,1.22762,1.22256,1.22594
2022-12-01 20:00:00,1.22595,1.228,1.22395,1.22587
2022-12-02 00:00:00,1.22588,1.22588,1.22314,1.2251
2022-12-02 04:00:00,1.22509,1.22682,1.2225,1.22619
2022-12-02 08:00:00,1.2262,1.22978,1.22477,1.22776
2022-12-02 12:00:00,1.22777,1.22941,1.213455,1.22164
2022-12-02 16:00:00,1.22163,1.23003,1.22079,1.22887
2022-12-02 20:00:00,1.22888,1.22992,1.22767,1.22933
2022-12-04 20:00:00,1.22789,1.229715,1.2271,1.22965
2022-12-05 00:00:00,1.22964,1.23418,1.22881,1.23376
2022-12-05 04:00:00,1.23377,1.23448,1.22861,1.22956
2022-12-05 08:00:00,1.22957,1.23001,1.22335,1.22764
2022-12-05 12:00:00,1.22763,1.23205,1.21888,1.22152
2022-12-05 16:00:00,1.22151,1.22241,1.21619,1.21738
2022-12-05 20:00:00,1.21737,1.21986,1.21656,1.21927
2022-12-06 00:00:00,1.21928,1.2224,1.21928,1.21978
2022-12-06 04:00:00,1.21977,1.22091,1.21676,1.22025
2022-12-06 08:00:00,1.22026,1.22232,1.21591,1.22151
2022-12-06 12:00:00,1.2215,1.22415,1.21534,1.22202
2022-12-06 16:00:00,1.22204,1.22697,1.21371,1.21429
2022-12-06 20:00:00,1.21431,1.21478,1.2127,1.2133
2022-12-07 00:00:00,1.21329,1.21505,1.21218,1.21392
2022-12-07 04:00:00,1.21391,1.21449,1.21069,1.21322
2022-12-07 08:00:00,1.21323,1.2187,1.21151,1.21486
2022-12-07 12:00:00,1.21485,1.22263,1.21398,1.21957
2022-12-07 16:00:00,1.21958,1.22348,1.21723,1.22139
2022-12-07 20:00:00,1.22138,1.22194,1.21983,1.22098
2022-12-08 00:00:00,1.22099,1.22141,1.21804,1.21954
2022-12-08 04:00:00,1.21955,1.221515,1.21783,1.22017
2022-12-08 08:00:00,1.22018,1.2207,1.21549,1.21742
2022-12-08 12:00:00,1.21741,1.22472,1.21628,1.22179
2022-12-08 16:00:00,1.2218,1.22474,1.22058,1.22431
2022-12-08 20:00:00,1.2243,1.2243,1.22287,1.22341
2022-12-09 00:00:00,1.22338,1.22768,1.22267,1.22742
2022-12-09 04:00:00,1.22743,1.22772,1.22531,1.2256
2022-12-09 08:00:00,1.22561,1.22768,1.2232,1.22646
2022-12-09 12:00:00,1.22647,1.23002,1.22033,1.22949
2022-12-09 16:00:00,1.2295,1.23228,1.22689,1.22724
2022-12-09 20:00:00,1.22725,1.22758,1.22526,1.22654
2022-12-11 20:00:00,1.22613,1.22724,1.22332,1.2236
2022-12-12 00:00:00,1.22359,1.2241,1.22122,1.22302
2022-12-12 04:00:00,1.22301,1.22601,1.22071,1.22574
2022-12-12 08:00:00,1.22573,1.22958,1.22314,1.22766
2022-12-12 12:00:00,1.22767,1.22991,1.22502,1.22535
2022-12-12 16:00:00,1.22536,1.22886,1.22411,1.22581
2022-12-12 20:00:00,1.2258,1.22731,1.22573,1.22694
2022-12-13 00:00:00,1.22693,1.2291,1.22558,1.22592
2022-12-13 04:00:00,1.22593,1.23036,1.22524,1.22845
2022-12-13 08:00:00,1.22846,1.23033,1.22485,1.2291
2022-12-13 12:00:00,1.22909,1.24442,1.22782,1.23939
2022-12-13 16:00:00,1.2394,1.24149,1.23455,1.23731
2022-12-13 20:00:00,1.2373,1.23789,1.23545,1.23549
2022-12-14 00:00:00,1.23548,1.23585,1.23424,1.23526
2022-12-14 04:00:00,1.23525,1.23748,1.23426,1.23642
2022-12-14 08:00:00,1.23643,1.24045,1.23525,1.23735
2022-12-14 12:00:00,1.23734,1.24169,1.23554,1.24033
2022-12-14 16:00:00,1.24035,1.24449,1.23457,1.24039
2022-12-14 20:00:00,1.2404,1.24466,1.2398,1.24185
2022-12-15 00:00:00,1.24186,1.24261,1.23868,1.23875
2022-12-15 04:00:00,1.23876,1.24025,1.23771,1.23805
2022-12-15 08:00:00,1.23806,1.23849,1.22964,1.23341
2022-12-15 12:00:00,1.23339,1.23571,1.2215,1.22163
2022-12-15 16:00:00,1.22164,1.22251,1.21564,1.21907
2022-12-15 20:00:00,1.21908,1.21963,1.21723,1.2191
2022-12-16 00:00:00,1.21909,1.22232,1.21889,1.22049
2022-12-16 04:00:00,1.2205,1.22229,1.21726,1.21768
2022-12-16 08:00:00,1.2177,1.22159,1.21202,1.21913
2022-12-16 12:00:00,1.21912,1.22225,1.21476,1.21542
2022-12-16 16:00:00,1.21543,1.21949,1.21457,1.21669
2022-12-16 20:00:00,1.2167,1.21819,1.21427,1.21442
2022-12-18 20:00:00,1.21532,1.21697,1.21526,1.21596
2022-12-19 00:00:00,1.21597,1.22023,1.21545,1.21822
2022-12-19 04:00:00,1.21823,1.21942,1.21677,1.21908
2022-12-19 08:00:00,1.21907,1.22422,1.218105,1.21863
2022-12-19 12:00:00,1.21864,1.21941,1.21208,1.21308
2022-12-19 16:00:00,1.21307,1.21932,1.21299,1.21424
2022-12-19 20:00:00,1.21425,1.2156,1.21401,1.21545
2022-12-20 00:00:00,1.21546,1.22238,1.21339,1.21396
2022-12-20 04:00:00,1.21395,1.21647,1.20857,1.21455
2022-12-20 08:00:00,1.21454,1.21975,1.213445,1.21613
2022-12-20 12:00:00,1.21614,1.21683,1.20982,1.21398
2022-12-20 16:00:00,1.21397,1.21708,1.21241,1.21696
2022-12-20 20:00:00,1.21695,1.2193,1.21594,1.21885
2022-12-21 00:00:00,1.21886,1.219,1.21611,1.21695
2022-12-21 04:00:00,1.21694,1.2183,1.21505,1.21809
2022-12-21 08:00:00,1.2181,1.21829,1.20933,1.20992
2022-12-21 12:00:00,1.20993,1.21642,1.20862,1.21091
2022-12-21 16:00:00,1.2109,1.21127,1.20554,1.20819
2022-12-21 20:00:00,1.20818,1.20951,1.20743,1.20767
2022-12-22 00:00:00,1.20766,1.21348,1.20762,1.21338
2022-12-22 04:00:00,1.21337,1.21345,1.21015,1.21312
2022-12-22 08:00:00,1.21311,1.21475,1.20417,1.20449
2022-12-22 12:00:00,1.2045,1.206305,1.19931,1.20276
2022-12-22 16:00:00,1.20275,1.2044,1.20013,1.20307
2022-12-22 20:00:00,1.20306,1.20474,1.20301,1.20381
2022-12-23 00:00:00,1.20383,1.20529,1.20189,1.20501
2022-12-23 04:00:00,1.20502,1.20715,1.20292,1.20648
2022-12-23 08:00:00,1.20649,1.20904,1.20423,1.20697
2022-12-23 12:00:00,1.20696,1.20864,1.20234,1.20606
2022-12-23 16:00:00,1.20605,1.20701,1.20281,1.20404
2022-12-23 20:00:00,1.20405,1.20533,1.20351,1.205245
2022-12-25 20:00:00,1.20678,1.20688,1.20537,1.20667
2022-12-26 00:00:00,1.20664,1.20803,1.20531,1.20665
2022-12-26 04:00:00,1.2066,1.20729,1.20614,1.20625
2022-12-26 08:00:00,1.20626,1.2077,1.20533,1.20734
2022-12-26 12:00:00,1.20743,1.20821,1.20637,1.20652
2022-12-26 16:00:00,1.20653,1.20691,1.20576,1.20635
2022-12-26 20:00:00,1.20634,1.20928,1.20594,1.20828
2022-12-27 00:00:00,1.20827,1.21032,1.207285,1.20828
2022-12-27 04:00:00,1.20826,1.21127,1.20807,1.2092
2022-12-27 08:00:00,1.20921,1.20921,1.20309,1.20375
2022-12-27 12:00:00,1.20374,1.20481,1.20025,1.20209
2022-12-27 16:00:00,1.20207,1.20367,1.20086,1.20305
2022-12-27 20:00:00,1.20306,1.20331,1.20225,1.20269
2022-12-28 00:00:00,1.202695,1.20316,1.20026,1.2006
2022-12-28 04:00:00,1.20061,1.2055,1.200535,1.2045
2022-12-28 08:00:00,1.20451,1.20906,1.20176,1.2077
2022-12-28 12:00:00,1.20771,1.2126,1.20306,1.20354
2022-12-28 16:00:00,1.20355,1.20545,1.202225,1.20274
2022-12-28 20:00:00,1.20273,1.20326,1.20164,1.20281
2022-12-29 00:00:00,1.2028,1.2051,1.2028,1.20377
2022-12-29 04:00:00,1.2038,1.20429,1.20148,1.20344
2022-12-29 08:00:00,1.20345,1.20636,1.20223,1.20295
2022-12-29 12:00:00,1.20296,1.20789,1.202,1.20546
2022-12-29 16:00:00,1.20547,1.20761,1.20485,1.20716
2022-12-29 20:00:00,1.20717,1.20725,1.20488,1.20553
2022-12-30 00:00:00,1.20554,1.20672,1.20413,1.2046
2022-12-30 04:00:00,1.20458,1.20721,1.2029,1.20676
2022-12-30 08:00:00,1.20675,1.20755,1.20275,1.20389
2022-12-30 12:00:00,1.20388,1.21079,1.20099,1.20292
2022-12-30 16:00:00,1.20291,1.21001,1.202575,1.20642
2022-12-30 20:00:00,1.20641,1.20999,1.20634,1.20938
2023-01-02 00:00:00,1.2087,1.21002,1.20719,1.20822
2023-01-02 04:00:00,1.20787,1.20807,1.20609,1.20615
2023-01-02 08:00:00,1.20631,1.20798,1.20434,1.20519
2023-01-02 12:00:00,1.20518,1.20533,1.20424,1.20433
2023-01-02 16:00:00,1.20432,1.20489,1.2035,1.20462
2023-01-02 20:00:00,1.20461,1.20759,1.20457,1.20633
2023-01-03 00:00:00,1.20634,1.20854,1.20351,1.20743
2023-01-03 04:00:00,1.20742,1.2085,1.20222,1.20286
2023-01-03 08:00:00,1.20287,1.20325,1.19007,1.19314
2023-01-03 12:00:00,1.19313,1.20578,1.19242,1.20092
2023-01-03 16:00:00,1.20093,1.20118,1.19529,1.19841
2023-01-03 20:00:00,1.19842,1.19917,1.19579,1.19665
2023-01-04 00:00:00,1.19666,1.20016,1.19661,1.19894
2023-01-04 04:00:00,1.19895,1.20408,1.19717,1.20269
2023-01-04 08:00:00,1.20268,1.20878,1.20259,1.20548
2023-01-04 12:00:00,1.20549,1.20739,1.2014,1.20452
2023-01-04 16:00:00,1.20451,1.20768,1.20195,1.20595
2023-01-04 20:00:00,1.20594,1.20674,1.2055,1.20565
2023-01-05 00:00:00,1.20566,1.20782,1.20355,1.20369
2023-01-05 04:00:00,1.20368,1.20508,1.20002,1.20077
2023-01-05 08:00:00,1.20076,1.20385,1.20001,1.20226
2023-01-05 12:00:00,1.20227,1.20359,1.18734,1.18812
2023-01-05 16:00:00,1.18811,1.19357,1.18787,1.19179
2023-01-05 20:00:00,1.1918,1.19194,1.1904,1.19094
2023-01-06 00:00:00,1.19095,1.1936,1.1908,1.19288
2023-01-06 04:00:00,1.19287,1.19345,1.1886,1.18912
2023-01-06 08:00:00,1.18913,1.19177,1.18414,1.18475
2023-01-06 12:00:00,1.18476,1.20539,1.18455,1.20465
2023-01-06 16:00:00,1.20467,1.20997,1.2035,1.20969
2023-01-06 20:00:00,1.20968,1.20981,1.20882,1.20936
2023-01-08 20:00:00,1.20881,1.21206,1.20869,1.212
2023-01-09 00:00:00,1.21199,1.21369,1.20939,1.21227
2023-01-09 04:00:00,1.21226,1.21673,1.2122,1.21401
2023-01-09 08:00:00,1.214,1.21744,1.21122,1.21442
2023-01-09 12:00:00,1.21441,1.22102,1.21311,1.21913
2023-01-09 16:00:00,1.21912,1.22089,1.21741,1.2204
2023-01-09 20:00:00,1.22039,1.2204,1.21777,1.2184
2023-01-10 00:00:00,1.21841,1.21983,1.21573,1.21682
2023-01-10 04:00:00,1.21683,1.21781,1.21399,1.21498
2023-01-10 08:00:00,1.21499,1.21849,1.2149,1.21549
2023-01-10 12:00:00,1.21548,1.21813,1.21102,1.21481
2023-01-10 16:00:00,1.2148,1.21811,1.21423,1.2164
2023-01-10 20:00:00,1.21641,1.21642,1.21474,1.21538
2023-01-11 00:00:00,1.21537,1.21642,1.21416,1.21541
2023-01-11 04:00:00,1.21542,1.21785,1.21526,1.21573
2023-01-11 08:00:00,1.21574,1.21625,1.21174,1.21303
2023-01-11 12:00:00,1.21302,1.21537,1.21004,1.21265
2023-01-11 16:00:00,1.21266,1.21564,1.2114,1.21548
2023-01-11 20:00:00,1.21549,1.21626,1.21423,1.21589
2023-01-12 00:00:00,1.2159,1.21672,1.21501,1.21651
2023-01-12 04:00:00,1.2165,1.21706,1.21338,1.21483
2023-01-12 08:00:00,1.21485,1.2191,1.21351,1.2161
2023-01-12 12:00:00,1.21611,1.22427,1.20876,1.21557
2023-01-12 16:00:00,1.21558,1.2247,1.21463,1.22232
2023-01-12 20:00:00,1.22233,1.22234,1.22061,1.22169
2023-01-13 00:00:00,1.22171,1.2233,1.21901,1.2199
2023-01-13 04:00:00,1.21989,1.22133,1.21762,1.22131
2023-01-13 08:00:00,1.2213,1.22489,1.21711,1.21732
2023-01-13 12:00:00,1.21733,1.22223,1.21507,1.22157
2023-01-13 16:00:00,1.22156,1.22348,1.21826,1.22285
2023-01-13 20:00:00,1.22287,1.22399,1.22265,1.22354
2023-01-15 20:00:00,1.22228,1.22344,1.22212,1.22236
2023-01-16 00:00:00,1.22235,1.22895,1.22218,1.22695
2023-01-16 04:00:00,1.22694,1.22734,1.22221,1.22311
2023-01-16 08:00:00,1.22309,1.2231,1.217155,1.22045
2023-01-16 12:00:00,1.22044,1.22114,1.21806,1.22052
2023-01-16 16:00:00,1.22051,1.22115,1.2183,1.2195
2023-01-16 20:00:00,1.21951,1.22096,1.21917,1.22083
2023-01-17 00:00:00,1.22084,1.22133,1.21725,1.21909
2023-01-17 04:00:00,1.21908,1.22198,1.21696,1.22153
2023-01-17 08:00:00,1.22152,1.22592,1.21923,1.22546
2023-01-17 12:00:00,1.22547,1.22994,1.22336,1.22788
2023-01-17 16:00:00,1.22792,1.2286,1.22465,1.22746
2023-01-17 20:00:00,1.22748,1.2292,1.2273,1.2284
2023-01-18 00:00:00,1.22841,1.22904,1.22551,1.22684
2023-01-18 04:00:00,1.22683,1.23359,1.22633,1.23153
2023-01-18 08:00:00,1.23154,1.23888,1.23109,1.23728
2023-01-18 12:00:00,1.23727,1.24361,1.2353,1.23945
2023-01-18 16:00:00,1.23946,1.23946,1.23275,1.23415
2023-01-18 20:00:00,1.23414,1.23502,1.23325,1.2347
2023-01-19 00:00:00,1.23472,1.235,1.23189,1.23341
2023-01-19 04:00:00,1.2334,1.23452,1.23133,1.23341
2023-01-19 08:00:00,1.2334,1.23591,1.23196,1.23527
2023-01-19 12:00:00,1.23526,1.2366,1.23156,1.23591
2023-01-19 16:00:00,1.2359,1.23943,1.23529,1.23922
2023-01-19 20:00:00,1.23921,1.23985,1.23869,1.23926
2023-01-20 00:00:00,1.23925,1.23975,1.23771,1.23811
2023-01-20 04:00:00,1.23812,1.23829,1.23519,1.23641
2023-01-20 08:00:00,1.2364,1.23814,1.23365,1.23528
2023-01-20 12:00:00,1.23529,1.23957,1.23357,1.237
2023-01-20 16:00:00,1.23701,1.24015,1.23667,1.23964
2023-01-20 20:00:00,1.23965,1.24046,1.23911,1.23999
2023-01-22 20:00:00,1.24005,1.24147,1.23983,1.24063
2023-01-23 00:00:00,1.240635,1.24481,1.24036,1.24332
2023-01-23 04:00:00,1.24331,1.24332,1.23946,1.24177
2023-01-23 08:00:00,1.24176,1.24242,1.23508,1.23542
2023-01-23 12:00:00,1.23541,1.23773,1.23237,1.23707
2023-01-23 16:00:00,1.23708,1.23881,1.23564,1.23659
2023-01-23 20:00:00,1.2366,1.23856,1.23638,1.2379
2023-01-24 00:00:00,1.23791,1.23913,1.2374,1.23813
2023-01-24 04:00:00,1.23812,1.24128,1.23751,1.24048
2023-01-24 08:00:00,1.24047,1.24141,1.23019,1.23144
2023-01-24 12:00:00,1.23145,1.23211,1.22633,1.23148
2023-01-24 16:00:00,1.2315,1.23406,1.23099,1.23373
2023-01-24 20:00:00,1.23374,1.23424,1.23259,1.23315
2023-01-25 00:00:00,1.23316,1.23373,1.23119,1.2326
2023-01-25 04:00:00,1.23261,1.23392,1.23043,1.23175
2023-01-25 08:00:00,1.23176,1.23316,1.22832,1.23064
2023-01-25 12:00:00,1.23063,1.23997,1.23054,1.23582
2023-01-25 16:00:00,1.23581,1.23997,1.23336,1.23993
2023-01-25 20:00:00,1.23994,1.24187,1.23896,1.24108
2023-01-26 00:00:00,1.24106,1.24174,1.23936,1.23952
2023-01-26 04:00:00,1.23953,1.24117,1.23852,1.24088
2023-01-26 08:00:00,1.24087,1.24305,1.23743,1.23917
2023-01-26 12:00:00,1.23916,1.24195,1.23457,1.23557
2023-01-26 16:00:00,1.23556,1.24085,1.23449,1.24084
2023-01-26 20:00:00,1.24085,1.24191,1.23977,1.24144
2023-01-27 00:00:00,1.24145,1.24188,1.23876,1.2388
2023-01-27 04:00:00,1.23879,1.2388,1.23632,1.2376
2023-01-27 08:00:00,1.23759,1.23898,1.23596,1.23702
2023-01-27 12:00:00,1.23703,1.23979,1.23456,1.23582
2023-01-27 16:00:00,1.23583,1.23984,1.2357,1.23932
2023-01-27 20:00:00,1.23933,1.23999,1.2387,1.2399
2023-01-29 20:00:00,1.23918,1.24012,1.23781,1.24006
2023-01-30 00:00:00,1.24005,1.24045,1.23813,1.23907
2023-01-30 04:00:00,1.23908,1.2406,1.23718,1.23796
2023-01-30 08:00:00,1.23797,1.24177,1.23685,1.23846
2023-01-30 12:00:00,1.23847,1.23988,1.23664,1.23805
2023-01-30 16:00:00,1.23804,1.23837,1.23372,1.23465
2023-01-30 20:00:00,1.23464,1.23579,1.23421,1.23498
2023-01-31 00:00:00,1.23499,1.23713,1.23434,1.23436
2023-01-31 04:00:00,1.23437,1.23627,1.23315,1.23494
2023-01-31 08:00:00,1.23493,1.23548,1.23083,1.23258
2023-01-31 12:00:00,1.23259,1.23304,1.22845,1.2305
2023-01-31 16:00:00,1.23049,1.23376,1.23047,1.23234
2023-01-31 20:00:00,1.23235,1.23294,1.23085,1.23086
2023-02-01 00:00:00,1.23085,1.23164,1.23035,1.23135
2023-02-01 04:00:00,1.23134,1.23284,1.23093,1.23198
2023-02-01 08:00:00,1.23199,1.23347,1.23113,1.2327
2023-02-01 12:00:00,1.23269,1.23463,1.23161,1.23253
2023-02-01 16:00:00,1.23252,1.238585,1.227315,1.23692
2023-02-01 20:00:00,1.23694,1.24021,1.2352,1.23878
2023-02-02 00:00:00,1.23877,1.24006,1.23707,1.23854
2023-02-02 04:00:00,1.23853,1.23975,1.23722,1.23735
2023-02-02 08:00:00,1.23734,1.23938,1.23106,1.23336
2023-02-02 12:00:00,1.23338,1.2392,1.22393,1.22926
2023-02-02 16:00:00,1.22927,1.23006,1.22292,1.22321
2023-02-02 20:00:00,1.2232,1.2243,1.22197,1.22212
2023-02-03 00:00:00,1.22213,1.22213,1.22025,1.22131
2023-02-03 04:00:00,1.2213,1.2224,1.21848,1.21986
2023-02-03 08:00:00,1.21987,1.22658,1.21833,1.22596
2023-02-03 12:00:00,1.22595,1.22642,1.20626,1.21047
2023-02-03 16:00:00,1.21046,1.21162,1.20531,1.20556
2023-02-03 20:00:00,1.20557,1.20572,1.20475,1.20537
2023-02-05 20:00:00,1.20367,1.20574,1.20356,1.20437
2023-02-06 00:00:00,1.20434,1.20634,1.20311,1.2053
2023-02-06 04:00:00,1.20531,1.20689,1.20518,1.20537
2023-02-06 08:00:00,1.20536,1.20702,1.20218,1.20511
2023-02-06 12:00:00,1.2049,1.20775,1.2007,1.20132
2023-02-06 16:00:00,1.2013,1.2039,1.20059,1.20238
2023-02-06 20:00:00,1.20237,1.2031,1.20174,1.20265
2023-02-07 00:00:00,1.20266,1.20556,1.20249,1.20463
2023-02-07 04:00:00,1.20462,1.20575,1.20192,1.20228
2023-02-07 08:00:00,1.20229,1.20403,1.19729,1.1985
2023-02-07 12:00:00,1.19852,1.20118,1.19613,1.20111
2023-02-07 16:00:00,1.20112,1.20957,1.19872,1.20337
2023-02-07 20:00:00,1.20338,1.20548,1.20217,1.20538
2023-02-08 00:00:00,1.20537,1.20618,1.20404,1.20553
2023-02-08 04:00:00,1.20552,1.21051,1.20386,1.20997
2023-02-08 08:00:00,1.20996,1.21098,1.20773,1.20925
2023-02-08 12:00:00,1.20926,1.21086,1.20547,1.20794
2023-02-08 16:00:00,1.20795,1.20976,1.20645,1.20712
2023-02-08 20:00:00,1.20711,1.20749,1.20602,1.2071
2023-02-09 00:00:00,1.20709,1.20845,1.20572,1.20813
2023-02-09 04:00:00,1.20812,1.21065,1.20793,1.20951
2023-02-09 08:00:00,1.2095,1.21589,1.2095,1.21477
2023-02-09 12:00:00,1.21476,1.21941,1.21466,1.21706
2023-02-09 16:00:00,1.21705,1.2171,1.21157,1.21183
2023-02-09 20:00:00,1.21184,1.21254,1.21114,1.21157
2023-02-10 00:00:00,1.21158,1.21171,1.209,1.20918
2023-02-10 04:00:00,1.20919,1.21228,1.20898,1.21204
2023-02-10 08:00:00,1.21205,1.21394,1.20801,1.21088
2023-02-10 12:00:00,1.21087,1.21304,1.20698,1.20759
2023-02-10 16:00:00,1.2076,1.20882,1.20474,1.20493
2023-02-10 20:00:00,1.20494,1.20606,1.20473,1.20586
2023-02-12 20:00:00,1.20657,1.20664,1.20468,1.20515
2023-02-13 00:00:00,1.20514,1.20535,1.20337,1.20417
2023-02-13 04:00:00,1.20418,1.20669,1.20413,1.20637
2023-02-13 08:00:00,1.20638,1.20648,1.20309,1.20581
2023-02-13 12:00:00,1.20582,1.21453,1.20581,1.21367
2023-02-13 16:00:00,1.21368,1.21522,1.21208,1.2132
2023-02-13 20:00:00,1.21321,1.21524,1.21293,1.21504
2023-02-14 00:00:00,1.21505,1.21517,1.21343,1.21463
2023-02-14 04:00:00,1.21464,1.21712,1.21344,1.21392
2023-02-14 08:00:00,1.21393,1.22162,1.2137,1.2202
2023-02-14 12:00:00,1.22019,1.22687,1.21175,1.2156
2023-02-14 16:00:00,1.21559,1.21905,1.21446,1.21748
2023-02-14 20:00:00,1.21749,1.21805,1.21653,1.21737
2023-02-15 00:00:00,1.21738,1.21819,1.21458,1.21475
2023-02-15 04:00:00,1.21474,1.21608,1.20822,1.2083
2023-02-15 08:00:00,1.20829,1.2106,1.20568,1.20572
2023-02-15 12:00:00,1.20573,1.20693,1.199,1.20025
2023-02-15 16:00:00,1.20026,1.20344,1.19958,1.20213
2023-02-15 20:00:00,1.20214,1.20386,1.20187,1.2037
2023-02-16 00:00:00,1.20371,1.20532,1.20147,1.20477
2023-02-16 04:00:00,1.20478,1.20524,1.20283,1.20469
2023-02-16 08:00:00,1.20468,1.20744,1.20391,1.20543
2023-02-16 12:00:00,1.20542,1.20566,1.19658,1.20127
2023-02-16 16:00:00,1.20128,1.20272,1.19985,1.20126
2023-02-16 20:00:00,1.20125,1.20143,1.19709,1.19743
2023-02-17 00:00:00,1.19744,1.19771,1.19471,1.19551
2023-02-17 04:00:00,1.1955,1.19587,1.19319,1.1938
2023-02-17 08:00:00,1.19381,1.19494,1.19151,1.19347
2023-02-17 12:00:00,1.19348,1.20338,1.19213,1.19976
2023-02-17 16:00:00,1.19977,1.20477,1.19897,1.2046
2023-02-17 20:00:00,1.20461,1.20494,1.20387,1.20429
2023-02-19 20:00:00,1.20291,1.20376,1.20251,1.20291
2023-02-20 00:00:00,1.2029,1.20327,1.20149,1.20269
2023-02-20 04:00:00,1.20268,1.20564,1.20262,1.20523
2023-02-20 08:00:00,1.20522,1.20568,1.20187,1.20321
2023-02-20 12:00:00,1.20322,1.2043,1.20203,1.20295
2023-02-20 16:00:00,1.20296,1.20423,1.20266,1.20422
2023-02-20 20:00:00,1.20423,1.20443,1.20351,1.20386
2023-02-21 00:00:00,1.20387,1.20394,1.20133,1.20236
2023-02-21 04:00:00,1.20235,1.20316,1.19967,1.20152
2023-02-21 08:00:00,1.20153,1.21189,1.19863,1.21098
2023-02-21 12:00:00,1.21097,1.21476,1.20656,1.21424
2023-02-21 16:00:00,1.21422,1.21428,1.20974,1.21082
2023-02-21 20:00:00,1.21083,1.21152,1.20995,1.21092
2023-02-22 00:00:00,1.21093,1.21358,1.21063,1.21204
2023-02-22 04:00:00,1.21203,1.21288,1.20983,1.21145
2023-02-22 08:00:00,1.21144,1.21202,1.20635,1.2084
2023-02-22 12:00:00,1.20843,1.21206,1.20635,1.20672
2023-02-22 16:00:00,1.20673,1.20828,1.20348,1.20368
2023-02-22 20:00:00,1.20369,1.20502,1.20359,1.20471
2023-02-23 00:00:00,1.2047,1.20683,1.20459,1.20642
2023-02-23 04:00:00,1.20641,1.2075,1.20524,1.20605
2023-02-23 08:00:00,1.20606,1.20626,1.20143,1.20302
2023-02-23 12:00:00,1.20301,1.20692,1.20135,1.20241
2023-02-23 16:00:00,1.2024,1.20322,1.19923,1.20177
2023-02-23 20:00:00,1.20175,1.20239,1.20084,1.2017
2023-02-24 00:00:00,1.20169,1.20333,1.20075,1.20228
2023-02-24 04:00:00,1.20229,1.2028,1.20111,1.20271
2023-02-24 08:00:00,1.2027,1.20422,1.19812,1.19874
2023-02-24 12:00:00,1.19875,1.19887,1.19284,1.19415
2023-02-24 16:00:00,1.19414,1.19606,1.19373,1.19438
2023-02-24 20:00:00,1.19437,1.19548,1.19388,1.19407
2023-02-26 20:00:00,1.19523,1.19572,1.19454,1.19501
2023-02-27 00:00:00,1.19502,1.19646,1.19381,1.19451
2023-02-27 04:00:00,1.19452,1.19578,1.19228,1.19553
2023-02-27 08:00:00,1.19552,1.19892,1.19406,1.19847
2023-02-27 12:00:00,1.19848,1.20567,1.19745,1.20258
2023-02-27 16:00:00,1.20259,1.20662,1.20162,1.20582
2023-02-27 20:00:00,1.20581,1.20679,1.20509,1.20625
2023-02-28 00:00:00,1.20624,1.20683,1.20492,1.20518
2023-02-28 04:00:00,1.20519,1.2054,1.20314,1.20369
2023-02-28 08:00:00,1.2037,1.2109,1.20273,1.20958
2023-02-28 12:00:00,1.20957,1.21435,1.20868,1.21075
2023-02-28 16:00:00,1.21074,1.21248,1.2053,1.2054
2023-02-28 20:00:00,1.20541,1.2056,1.20136,1.20331
2023-03-01 00:00:00,1.20332,1.20421,1.20142,1.20394
2023-03-01 04:00:00,1.20393,1.20862,1.20358,1.20785
2023-03-01 08:00:00,1.20784,1.2089,1.20136,1.205
2023-03-01 12:00:00,1.20501,1.20743,1.19653,1.20068
2023-03-01 16:00:00,1.20069,1.20451,1.19894,1.20161
2023-03-01 20:00:00,1.2016,1.20298,1.20116,1.20266
2023-03-02 00:00:00,1.20265,1.20367,1.19984,1.20047
2023-03-02 04:00:00,1.20048,1.20098,1.1962,1.19783
2023-03-02 08:00:00,1.19784,1.20096,1.19556,1.19814
2023-03-02 12:00:00,1.19815,1.1988,1.19251,1.19537
2023-03-02 16:00:00,1.19536,1.19632,1.19253,1.19431
2023-03-02 20:00:00,1.1943,1.1958,1.19366,1.19496
2023-03-03 00:00:00,1.19494,1.19771,1.19485,1.1965
2023-03-03 04:00:00,1.19651,1.19888,1.19617,1.19727
2023-03-03 08:00:00,1.19728,1.20039,1.19718,1.19974
2023-03-03 12:00:00,1.19973,1.20189,1.19626,1.19764
2023-03-03 16:00:00,1.19763,1.20471,1.19673,1.20448
2023-03-03 20:00:00,1.20449,1.20487,1.20387,1.20442
2023-03-05 20:00:00,1.20413,1.20413,1.20271,1.20275
2023-03-06 00:00:00,1.20276,1.20483,1.20245,1.20437
2023-03-06 04:00:00,1.20436,1.20452,1.2024,1.20371
2023-03-06 08:00:00,1.2037,1.20459,1.1993,1.19992
2023-03-06 12:00:00,1.19993,1.20381,1.19963,1.20274
2023-03-06 16:00:00,1.20273,1.2049,1.20156,1.20161
2023-03-06 20:00:00,1.2016,1.20292,1.20137,1.20253
2023-03-07 00:00:00,1.20251,1.20459,1.20173,1.20452
2023-03-07 04:00:00,1.20451,1.20654,1.20345,1.20494
2023-03-07 08:00:00,1.20493,1.20495,1.19813,1.19894
2023-03-07 12:00:00,1.19895,1.19995,1.18663,1.18755
2023-03-07 16:00:00,1.18756,1.18881,1.18216,1.18295
2023-03-07 20:00:00,1.18294,1.18394,1.18232,1.18271
2023-03-08 00:00:00,1.18272,1.18362,1.18103,1.18123
2023-03-08 04:00:00,1.18124,1.18331,1.18109,1.18249
2023-03-08 08:00:00,1.1825,1.18467,1.18155,1.18349
2023-03-08 12:00:00,1.18362,1.18592,1.18031,1.18362
2023-03-08 16:00:00,1.18364,1.18524,1.18251,1.18427
2023-03-08 20:00:00,1.18426,1.18502,1.18373,1.18494
2023-03-09 00:00:00,1.18495,1.1855,1.18323,1.18474
2023-03-09 04:00:00,1.18473,1.1866,1.1844,1.18499
2023-03-09 08:00:00,1.185,1.19024,1.18384,1.18893
2023-03-09 12:00:00,1.18892,1.19364,1.18764,1.19109
2023-03-09 16:00:00,1.1911,1.19391,1.19049,1.19102
2023-03-09 20:00:00,1.19103,1.19252,1.19039,1.19231
2023-03-10 00:00:00,1.19229,1.19335,1.19082,1.19248
2023-03-10 04:00:00,1.19247,1.19609,1.19199,1.19554
2023-03-10 08:00:00,1.19555,1.20096,1.19267,1.19931
2023-03-10 12:00:00,1.19933,1.21138,1.19758,1.20992
2023-03-10 16:00:00,1.2099,1.20991,1.20178,1.20326
2023-03-10 20:00:00,1.20321,1.20376,1.20214,1.20314
2023-03-12 20:00:00,1.2074,1.21041,1.20694,1.20759
2023-03-13 00:00:00,1.2076,1.21416,1.20547,1.21238
2023-03-13 04:00:00,1.21239,1.21296,1.20951,1.21027
2023-03-13 08:00:00,1.21028,1.21221,1.20469,1.20767
2023-03-13 12:00:00,1.20769,1.2179,1.20575,1.21587
2023-03-13 16:00:00,1.21588,1.21996,1.21406,1.21856
2023-03-13 20:00:00,1.21855,1.21887,1.21672,1.21672
2023-03-14 00:00:00,1.21673,1.21702,1.21452,1.21548
2023-03-14 04:00:00,1.21547,1.21835,1.2146,1.21549
2023-03-14 08:00:00,1.21548,1.21697,1.21411,1.21669
2023-03-14 12:00:00,1.21668,1.22041,1.21367,1.21452
2023-03-14 16:00:00,1.21451,1.2185,1.21409,1.21783
2023-03-14 20:00:00,1.21784,1.21791,1.21502,1.21511
2023-03-15 00:00:00,1.21509,1.21819,1.21469,1.21728
2023-03-15 04:00:00,1.21727,1.21752,1.21384,1.21571
2023-03-15 08:00:00,1.21572,1.21645,1.20594,1.20671
2023-03-15 12:00:00,1.20669,1.21135,1.20187,1.20309
2023-03-15 16:00:00,1.2031,1.20855,1.20106,1.20602
2023-03-15 20:00:00,1.20601,1.20718,1.20478,1.20673
2023-03-16 00:00:00,1.20674,1.2082,1.20614,1.20757
2023-03-16 04:00:00,1.20755,1.21003,1.20632,1.20955
2023-03-16 08:00:00,1.20956,1.21133,1.20322,1.20492
2023-03-16 12:00:00,1.20493,1.21167,1.20275,1.21103
2023-03-16 16:00:00,1.211,1.2128,1.21011,1.21162
2023-03-16 20:00:00,1.21161,1.21218,1.210545,1.21098
2023-03-17 00:00:00,1.21099,1.21484,1.21022,1.21404
2023-03-17 04:00:00,1.21403,1.21767,1.21395,1.21636
2023-03-17 08:00:00,1.21638,1.21719,1.21135,1.21312
2023-03-17 12:00:00,1.21313,1.21667,1.21242,1.21398
2023-03-17 16:00:00,1.21397,1.22006,1.21357,1.21702
2023-03-17 20:00:00,1.21705,1.2179,1.2169,1.21779
2023-03-19 20:00:00,1.22115,1.22139,1.217785,1.218745
2023-03-20 00:00:00,1.21875,1.22005,1.21693,1.21736
2023-03-20 04:00:00,1.21735,1.21996,1.21672,1.21895
2023-03-20 08:00:00,1.219,1.22341,1.21687,1.22318
2023-03-20 12:00:00,1.2232,1.22662,1.22172,1.22554
2023-03-20 16:00:00,1.22556,1.22851,1.22534,1.22774
2023-03-20 20:00:00,1.22773,1.2281,1.22711,1.22742
2023-03-21 00:00:00,1.22741,1.2283,1.22572,1.22598
2023-03-21 04:00:00,1.22597,1.2263,1.22353,1.2237
2023-03-21 08:00:00,1.22373,1.2259,1.2229,1.22498
2023-03-21 12:00:00,1.22503,1.22567,1.21798,1.21947
2023-03-21 16:00:00,1.21948,1.22191,1.21791,1.22178
2023-03-21 20:00:00,1.22183,1.22256,1.22119,1.22252
2023-03-22 00:00:00,1.2225,1.22337,1.22085,1.22309
2023-03-22 04:00:00,1.22308,1.22707,1.22243,1.22597
2023-03-22 08:00:00,1.225995,1.22975,1.22588,1.22693
2023-03-22 12:00:00,1.22694,1.228,1.22214,1.22305
2023-03-22 16:00:00,1.22306,1.23352,1.22267,1.22729
2023-03-22 20:00:00,1.22728,1.22799,1.2263,1.22779
2023-03-23 00:00:00,1.22783,1.23247,1.22775,1.23163
2023-03-23 04:00:00,1.23162,1.23435,1.23054,1.23105
2023-03-23 08:00:00,1.23107,1.23321,1.22825,1.23043
2023-03-23 12:00:00,1.23014,1.23378,1.22652,1.23209
2023-03-23 16:00:00,1.23208,1.23293,1.22619,1.22903
2023-03-23 20:00:00,1.22904,1.22923,1.2278,1.22809
2023-03-24 00:00:00,1.22805,1.22866,1.22618,1.22828
2023-03-24 04:00:00,1.22829,1.22887,1.226775,1.22716
2023-03-24 08:00:00,1.22714,1.22741,1.21905,1.22191
2023-03-24 12:00:00,1.22188,1.22318,1.21966,1.22237
2023-03-24 16:00:00,1.22238,1.22345,1.22126,1.22263
2023-03-24 20:00:00,1.22264,1.22336,1.22256,1.22309
2023-03-26 20:00:00,1.22338,1.22503,1.22296,1.22453
2023-03-27 00:00:00,1.22451,1.22513,1.22308,1.22446
2023-03-27 04:00:00,1.22448,1.22593,1.22192,1.2235
2023-03-27 08:00:00,1.22348,1.22733,1.2233,1.22644
2023-03-27 12:00:00,1.22645,1.22934,1.22402,1.22774
2023-03-27 16:00:00,1.22773,1.22932,1.22724,1.22886
2023-03-27 20:00:00,1.22888,1.22981,1.22825,1.22967
2023-03-28 00:00:00,1.22969,1.23216,1.22937,1.23185
2023-03-28 04:00:00,1.23186,1.23306,1.23089,1.23097
2023-03-28 08:00:00,1.23093,1.23272,1.22812,1.23213
2023-03-28 12:00:00,1.23212,1.23494,1.22998,1.23404
2023-03-28 16:00:00,1.23405,1.23485,1.23297,1.23424
2023-03-28 20:00:00,1.23423,1.23434,1.23283,1.23302
2023-03-29 00:00:00,1.23305,1.23414,1.23212,1.23255
2023-03-29 04:00:00,1.23253,1.23346,1.23092,1.23212
2023-03-29 08:00:00,1.23219,1.2362,1.23053,1.23392
2023-03-29 12:00:00,1.23396,1.23455,1.23031,1.23106
2023-03-29 16:00:00,1.23109,1.23232,1.23049,1.23131
2023-03-29 20:00:00,1.2313,1.2319,1.23102,1.23105
2023-03-30 00:00:00,1.23106,1.2312,1.2294,1.23041
2023-03-30 04:00:00,1.23042,1.23532,1.23035,1.23509
2023-03-30 08:00:00,1.23508,1.23638,1.23289,1.23384
2023-03-30 12:00:00,1.23385,1.23846,1.23384,1.23673
2023-03-30 16:00:00,1.23674,1.23932,1.23657,1.239
2023-03-30 20:00:00,1.23899,1.23917,1.23847,1.23866
2023-03-31 00:00:00,1.2387,1.24233,1.23838,1.23979
2023-03-31 04:00:00,1.2398,1.24033,1.23608,1.23672
2023-03-31 08:00:00,1.23673,1.23911,1.23539,1.2374
2023-03-31 12:00:00,1.23744,1.23976,1.23448,1.23681
2023-03-31 16:00:00,1.23682,1.23685,1.23244,1.23369
2023-03-31 20:00:00,1.2337,1.2337,1.23266,1.23291
2023-04-02 20:00:00,1.23315,1.23332,1.22843,1.22861
2023-04-03 00:00:00,1.22863,1.23082,1.22768,1.22768
2023-04-03 04:00:00,1.22769,1.23264,1.22746,1.2323
2023-04-03 08:00:00,1.23234,1.23834,1.23092,1.23831
2023-04-03 12:00:00,1.23833,1.24208,1.23783,1.24021
2023-04-03 16:00:00,1.24021,1.24234,1.23853,1.24225
2023-04-03 20:00:00,1.24223,1.24257,1.24106,1.24205
2023-04-04 00:00:00,1.24208,1.24231,1.23991,1.24046
2023-04-04 04:00:00,1.24047,1.24746,1.23954,1.24699
2023-04-04 08:00:00,1.24697,1.25213,1.24621,1.24813
2023-04-04 12:00:00,1.24816,1.25254,1.24662,1.24983
2023-04-04 16:00:00,1.24976,1.25021,1.24873,1.24993
2023-04-04 20:00:00,1.24991,1.25086,1.24961,1.24996
2023-04-05 00:00:00,1.24992,1.25106,1.24835,1.24907
2023-04-05 04:00:00,1.2491,1.25143,1.24791,1.24867
2023-04-05 08:00:00,1.24868,1.24942,1.24559,1.24729
2023-04-05 12:00:00,1.2473,1.25074,1.24331,1.2468
2023-04-05 16:00:00,1.24681,1.24707,1.2447,1.24592
2023-04-05 20:00:00,1.24594,1.2467,1.2456,1.24625
2023-04-06 00:00:00,1.24626,1.24647,1.24374,1.24452
2023-04-06 04:00:00,1.24453,1.24869,1.24415,1.24689
2023-04-06 08:00:00,1.24688,1.24819,1.24525,1.24792
2023-04-06 12:00:00,1.24789,1.24813,1.24131,1.24544
2023-04-06 16:00:00,1.24546,1.24675,1.24404,1.24436
2023-04-06 20:00:00,1.24437,1.24442,1.24326,1.24383
2023-04-07 00:00:00,1.24382,1.24498,1.24349,1.24478
2023-04-07 04:00:00,1.24479,1.2456,1.24336,1.24364
2023-04-07 08:00:00,1.24361,1.24456,1.2429,1.24374
2023-04-07 12:00:00,1.24373,1.24373,1.23895,1.24206
2023-04-07 16:00:00,1.24205,1.24286,1.24159,1.24265
2023-04-07 20:00:00,1.24268,1.24307,1.24164,1.24174
2023-04-09 20:00:00,1.24171,1.24317,1.24171,1.24309
2023-04-10 00:00:00,1.2431,1.24345,1.24077,1.24087
2023-04-10 04:00:00,1.24086,1.2427,1.2397,1.24269
2023-04-10 08:00:00,1.24271,1.24427,1.24092,1.24125
2023-04-10 12:00:00,1.24117,1.24161,1.23447,1.23576
2023-04-10 16:00:00,1.23577,1.23853,1.23566,1.23851
2023-04-10 20:00:00,1.2385,1.23928,1.23806,1.23915
2023-04-11 00:00:00,1.23918,1.24134,1.23869,1.24063
2023-04-11 04:00:00,1.24064,1.24368,1.2401,1.24245
2023-04-11 08:00:00,1.24248,1.24564,1.24182,1.24283
2023-04-11 12:00:00,1.24282,1.24405,1.24074,1.24083
2023-04-11 16:00:00,1.24084,1.24275,1.24056,1.24253
2023-04-11 20:00:00,1.24254,1.24314,1.24239,1.24295
2023-04-12 00:00:00,1.24297,1.24405,1.24217,1.2433
2023-04-12 04:00:00,1.24332,1.24464,1.24171,1.24239
2023-04-12 08:00:00,1.24238,1.24281,1.23988,1.24051
2023-04-12 12:00:00,1.24054,1.24844,1.24,1.24693
2023-04-12 16:00:00,1.24693,1.24951,1.24677,1.24839
2023-04-12 20:00:00,1.24843,1.24955,1.24807,1.2492
2023-04-13 00:00:00,1.24922,1.24964,1.24821,1.2487
2023-04-13 04:00:00,1.24869,1.25067,1.2479,1.24959
2023-04-13 08:00:00,1.2496,1.25293,1.24959,1.2503
2023-04-13 12:00:00,1.25031,1.25375,1.25007,1.253
2023-04-13 16:00:00,1.25301,1.25355,1.25211,1.25248
2023-04-13 20:00:00,1.25247,1.25302,1.25151,1.25247
2023-04-14 00:00:00,1.25248,1.25465,1.25177,1.25419
2023-04-14 04:00:00,1.2542,1.25456,1.25255,1.25268
2023-04-14 08:00:00,1.25269,1.25282,1.24865,1.24927
2023-04-14 12:00:00,1.24928,1.25249,1.24113,1.24163
2023-04-14 16:00:00,1.24161,1.24258,1.23994,1.24164
2023-04-14 20:00:00,1.24163,1.24188,1.2413,1.24154
2023-04-16 20:00:00,1.24133,1.24214,1.23981,1.24016
2023-04-17 00:00:00,1.24012,1.24127,1.23839,1.24036
2023-04-17 04:00:00,1.2403,1.24285,1.24004,1.24138
2023-04-17 08:00:00,1.24135,1.24275,1.23746,1.24246
2023-04-17 12:00:00,1.24247,1.24383,1.23564,1.23564
2023-04-17 16:00:00,1.23566,1.23789,1.23536,1.23786
2023-04-17 20:00:00,1.23783,1.23821,1.2373,1.23736
2023-04-18 00:00:00,1.23738,1.23879,1.23677,1.23828
2023-04-18 04:00:00,1.23826,1.24318,1.2381,1.24298
2023-04-18 08:00:00,1.24297,1.24488,1.2426,1.24413
2023-04-18 12:00:00,1.24414,1.245,1.24126,1.24197
2023-04-18 16:00:00,1.24197,1.24321,1.24174,1.24259
2023-04-18 20:00:00,1.2426,1.24322,1.24229,1.24248
2023-04-19 00:00:00,1.24251,1.24345,1.24099,1.24199
2023-04-19 04:00:00,1.242,1.24727,1.24023,1.24596
2023-04-19 08:00:00,1.24595,1.24617,1.23925,1.2405
2023-04-19 12:00:00,1.24051,1.24744,1.24003,1.24394
2023-04-19 16:00:00,1.24395,1.24547,1.24369,1.24398
2023-04-19 20:00:00,1.24397,1.24439,1.24247,1.24282
2023-04-20 00:00:00,1.24283,1.24353,1.24206,1.24288
2023-04-20 04:00:00,1.24289,1.24525,1.24194,1.24215
2023-04-20 08:00:00,1.24217,1.24519,1.24158,1.24289
2023-04-20 12:00:00,1.24291,1.24677,1.2405,1.24471
2023-04-20 16:00:00,1.24472,1.24528,1.24297,1.24377
2023-04-20 20:00:00,1.24378,1.24438,1.24361,1.24405
2023-04-21 00:00:00,1.24403,1.24464,1.24299,1.24369
2023-04-21 04:00:00,1.24367,1.24373,1.23784,1.23984
2023-04-21 08:00:00,1.2398,1.24163,1.23774,1.23954
2023-04-21 12:00:00,1.23955,1.24253,1.23672,1.24178
2023-04-21 16:00:00,1.24179,1.24449,1.24159,1.24443
2023-04-21 20:00:00,1.24444,1.24483,1.24401,1.2442
2023-04-24 12:00:00,1.24474,1.24696,1.24428,1.24568
2023-04-24 16:00:00,1.24571,1.24855,1.24569,1.24824
2023-04-24 20:00:00,1.24825,1.24999,1.24813,1.24991
2023-04-25 00:00:00,1.2499,1.25073,1.24841,1.24851
2023-04-25 04:00:00,1.24853,1.24913,1.24563,1.24626
2023-04-25 08:00:00,1.24627,1.24794,1.24263,1.24277
2023-04-25 12:00:00,1.24275,1.24426,1.2387,1.23956
2023-04-25 16:00:00,1.23952,1.24142,1.23915,1.2403
2023-04-25 20:00:00,1.24029,1.2418,1.24021,1.24143
2023-04-26 00:00:00,1.24142,1.24189,1.2403,1.24142
2023-04-26 04:00:00,1.24144,1.24619,1.24131,1.24593
2023-04-26 08:00:00,1.24594,1.2491,1.24488,1.24727
2023-04-26 12:00:00,1.24728,1.25154,1.24601,1.24844
2023-04-26 16:00:00,1.24841,1.24871,1.24542,1.24636
2023-04-26 20:00:00,1.24639,1.24735,1.24615,1.2471
2023-04-27 00:00:00,1.24709,1.24777,1.24632,1.24697
2023-04-27 04:00:00,1.24696,1.24883,1.24618,1.24628
2023-04-27 08:00:00,1.2463,1.24796,1.24406,1.24778
2023-04-27 12:00:00,1.24777,1.24995,1.24365,1.24692
2023-04-27 16:00:00,1.24697,1.24974,1.24618,1.24903
2023-04-27 20:00:00,1.24902,1.24997,1.2489,1.24971
2023-04-28 00:00:00,1.2497,1.2504,1.24862,1.24938
2023-04-28 04:00:00,1.24939,1.24965,1.24647,1.24917
2023-04-28 08:00:00,1.2492,1.24938,1.24468,1.24709
2023-04-28 12:00:00,1.2471,1.25809,1.24562,1.25806
2023-04-28 16:00:00,1.25805,1.25841,1.25581,1.25678
2023-04-28 20:00:00,1.25676,1.25694,1.25632,1.2567
2023-04-30 20:00:00,1.25624,1.25705,1.25565,1.25582
2023-05-01 00:00:00,1.25583,1.25691,1.25509,1.2569
2023-05-01 04:00:00,1.25691,1.25692,1.25305,1.25358
2023-05-01 08:00:00,1.25357,1.25393,1.25148,1.25233
2023-05-01 12:00:00,1.25231,1.256,1.24866,1.24931
2023-05-01 16:00:00,1.24932,1.24974,1.24807,1.24918
2023-05-01 20:00:00,1.24914,1.24983,1.2484,1.24849
2023-05-02 00:00:00,1.24848,1.25125,1.24847,1.24977
2023-05-02 04:00:00,1.24976,1.25119,1.24859,1.24906
2023-05-02 08:00:00,1.24905,1.24909,1.24537,1.24805
2023-05-02 12:00:00,1.24804,1.249,1.24359,1.24736
2023-05-02 16:00:00,1.24733,1.24824,1.24674,1.24754
2023-05-02 20:00:00,1.24756,1.24779,1.24662,1.24767
2023-05-03 00:00:00,1.2477,1.24935,1.24681,1.24928
2023-05-03 04:00:00,1.24927,1.25233,1.24817,1.25112
2023-05-03 08:00:00,1.2511,1.25338,1.2502,1.25024
2023-05-03 12:00:00,1.25025,1.25532,1.24857,1.25449
2023-05-03 16:00:00,1.25448,1.25897,1.25385,1.25524
2023-05-03 20:00:00,1.25519,1.25774,1.25515,1.2569
2023-05-04 00:00:00,1.25697,1.25924,1.25676,1.2584
2023-05-04 04:00:00,1.25841,1.25934,1.25604,1.25702
2023-05-04 08:00:00,1.25699,1.2586,1.25528,1.25855
2023-05-04 12:00:00,1.25856,1.25986,1.25483,1.25776
2023-05-04 16:00:00,1.25775,1.25986,1.25732,1.25737
2023-05-04 20:00:00,1.25736,1.25847,1.25692,1.25832
2023-05-05 00:00:00,1.25831,1.26145,1.2577,1.26104
2023-05-05 04:00:00,1.26105,1.26345,1.25976,1.26106
2023-05-05 08:00:00,1.26107,1.26177,1.25995,1.26047
2023-05-05 12:00:00,1.26048,1.26525,1.25604,1.2648
2023-05-05 16:00:00,1.26482,1.26525,1.26281,1.26353
2023-05-05 20:00:00,1.26353,1.26366,1.26308,1.26316
2023-05-07 20:00:00,1.26368,1.26375,1.26251,1.26299
2023-05-08 00:00:00,1.26301,1.26472,1.26271,1.26461
2023-05-08 04:00:00,1.26462,1.26575,1.26319,1.26372
2023-05-08 08:00:00,1.26371,1.2669,1.2632,1.26499
2023-05-08 12:00:00,1.26501,1.26553,1.26271,1.26312
2023-05-08 16:00:00,1.26311,1.26446,1.26133,1.26157
2023-05-08 20:00:00,1.26158,1.26288,1.2611,1.26127
2023-05-09 00:00:00,1.26126,1.26182,1.26043,1.26173
2023-05-09 04:00:00,1.26174,1.26399,1.25978,1.26022
2023-05-09 08:00:00,1.2602,1.26253,1.25969,1.26011
2023-05-09 12:00:00,1.26013,1.26214,1.25782,1.26178
2023-05-09 16:00:00,1.26177,1.26293,1.26075,1.26203
2023-05-09 20:00:00,1.26204,1.26282,1.26164,1.26244
2023-05-10 00:00:00,1.26242,1.26348,1.26237,1.26308
2023-05-10 04:00:00,1.26309,1.26447,1.26116,1.26226
2023-05-10 08:00:00,1.26225,1.2634,1.26027,1.26077
2023-05-10 12:00:00,1.26076,1.26798,1.26044,1.26121
2023-05-10 16:00:00,1.26122,1.26312,1.26068,1.26261
2023-05-10 20:00:00,1.2626,1.26298,1.26234,1.26259
2023-05-11 00:00:00,1.26258,1.26409,1.26175,1.26181
2023-05-11 04:00:00,1.2618,1.26251,1.25654,1.25659
2023-05-11 08:00:00,1.2566,1.26155,1.25659,1.25859
2023-05-11 12:00:00,1.2586,1.26112,1.24969,1.25001
2023-05-11 16:00:00,1.25,1.25179,1.24997,1.25123
2023-05-11 20:00:00,1.25124,1.25147,1.25075,1.25077
2023-05-12 00:00:00,1.25076,1.25219,1.25076,1.25218
2023-05-12 04:00:00,1.25217,1.25407,1.25065,1.25179
2023-05-12 08:00:00,1.25178,1.25409,1.25145,1.25197
2023-05-12 12:00:00,1.25195,1.25205,1.24588,1.24627
2023-05-12 16:00:00,1.24628,1.24628,1.2445,1.2451
2023-05-12 20:00:00,1.24513,1.24522,1.24456,1.24481
2023-05-14 20:00:00,1.24589,1.24595,1.2445,1.24514
2023-05-15 00:00:00,1.24513,1.24665,1.24454,1.24581
2023-05-15 04:00:00,1.2458,1.24913,1.24538,1.24819
2023-05-15 08:00:00,1.24818,1.25146,1.2477,1.25108
2023-05-15 12:00:00,1.25109,1.25253,1.25037,1.25246
2023-05-15 16:00:00,1.25244,1.25346,1.25194,1.25319
2023-05-15 20:00:00,1.25319,1.2532,1.25247,1.2525
2023-05-16 00:00:00,1.25249,1.25323,1.2515,1.25279
2023-05-16 04:00:00,1.25277,1.253,1.24657,1.25144
2023-05-16 08:00:00,1.25145,1.25465,1.25143,1.25184
2023-05-16 12:00:00,1.25186,1.25361,1.24774,1.24924
2023-05-16 16:00:00,1.24923,1.24974,1.24771,1.24805
2023-05-16 20:00:00,1.24804,1.24855,1.24797,1.24844
2023-05-17 00:00:00,1.24842,1.24938,1.24773,1.24823
2023-05-17 04:00:00,1.24824,1.24837,1.24217,1.24219
2023-05-17 08:00:00,1.2422,1.24707,1.24218,1.24609
2023-05-17 12:00:00,1.2461,1.24866,1.24445,1.2475
2023-05-17 16:00:00,1.24749,1.25106,1.24747,1.24925
2023-05-17 20:00:00,1.24923,1.24936,1.24823,1.24825
2023-05-18 00:00:00,1.24824,1.24932,1.24785,1.24806
2023-05-18 04:00:00,1.24805,1.24809,1.24466,1.24507
2023-05-18 08:00:00,1.24506,1.24598,1.24265,1.24431
2023-05-18 12:00:00,1.24432,1.24477,1.23975,1.24216
2023-05-18 16:00:00,1.24217,1.24245,1.23917,1.24092
2023-05-18 20:00:00,1.24094,1.24145,1.24054,1.24118
2023-05-19 00:00:00,1.24117,1.24167,1.23924,1.24029
2023-05-19 04:00:00,1.24028,1.24274,1.23945,1.24069
2023-05-19 08:00:00,1.24072,1.24435,1.23967,1.24435
2023-05-19 12:00:00,1.24436,1.24839,1.2422,1.24618
2023-05-19 16:00:00,1.24616,1.24746,1.24362,1.24492
2023-05-19 20:00:00,1.24493,1.24519,1.24428,1.24474
2023-05-21 20:00:00,1.24482,1.24613,1.24468,1.2461
2023-05-22 00:00:00,1.24611,1.24724,1.24556,1.24584
2023-05-22 04:00:00,1.24583,1.24634,1.24141,1.24339
2023-05-22 08:00:00,1.24335,1.2465,1.24232,1.2463
2023-05-22 12:00:00,1.24629,1.24709,1.24143,1.24224
2023-05-22 16:00:00,1.24225,1.2444,1.24198,1.2432
2023-05-22 20:00:00,1.24319,1.24387,1.24311,1.24339
2023-05-23 00:00:00,1.24344,1.24468,1.24259,1.24362
2023-05-23 04:00:00,1.24361,1.24374,1.24009,1.24092
2023-05-23 08:00:00,1.24091,1.24135,1.2373,1.23838
2023-05-23 12:00:00,1.23836,1.24343,1.23768,1.2421
2023-05-23 16:00:00,1.24207,1.24244,1.24072,1.24098
2023-05-23 20:00:00,1.24099,1.24221,1.24093,1.24164
2023-05-24 00:00:00,1.24165,1.24295,1.2415,1.24267
2023-05-24 04:00:00,1.24268,1.24698,1.24027,1.24103
2023-05-24 08:00:00,1.24107,1.24308,1.23642,1.23986
2023-05-24 12:00:00,1.23988,1.24151,1.23581,1.23652
2023-05-24 16:00:00,1.23654,1.23778,1.23583,1.23606
2023-05-24 20:00:00,1.23607,1.23713,1.23587,1.23698
2023-05-25 00:00:00,1.23699,1.23699,1.23325,1.23402
2023-05-25 04:00:00,1.23403,1.23668,1.23333,1.23542
2023-05-25 08:00:00,1.23544,1.2387,1.23532,1.23633
2023-05-25 12:00:00,1.23634,1.23768,1.23189,1.23234
2023-05-25 16:00:00,1.23231,1.23331,1.23082,1.23187
2023-05-25 20:00:00,1.23188,1.23272,1.23165,1.23169
2023-05-26 00:00:00,1.23168,1.23369,1.23113,1.23312
2023-05-26 04:00:00,1.23311,1.23617,1.23308,1.23504
2023-05-26 08:00:00,1.23505,1.23956,1.23465,1.23872
2023-05-26 12:00:00,1.23873,1.23912,1.23216,1.23396
2023-05-26 16:00:00,1.23395,1.2357,1.23376,1.23516
2023-05-26 20:00:00,1.23517,1.23528,1.23477,1.23482
2023-05-28 20:00:00,1.23443,1.23521,1.2343,1.23455
2023-05-29 00:00:00,1.23454,1.23579,1.23414,1.23472
2023-05-29 04:00:00,1.23473,1.23718,1.23354,1.23405
2023-05-29 08:00:00,1.23406,1.23529,1.23358,1.23404
2023-05-29 12:00:00,1.23402,1.23626,1.23367,1.23617
2023-05-29 16:00:00,1.23619,1.2362,1.23563,1.23567
2023-05-29 20:00:00,1.23565,1.236,1.23474,1.23479
2023-05-30 00:00:00,1.23478,1.23792,1.23434,1.23492
2023-05-30 04:00:00,1.23491,1.23574,1.23274,1.23558
2023-05-30 08:00:00,1.23557,1.24366,1.23546,1.24346
2023-05-30 12:00:00,1.24347,1.24464,1.2397,1.24015
2023-05-30 16:00:00,1.24016,1.24091,1.238365,1.2409
2023-05-30 20:00:00,1.24087,1.24139,1.24046,1.24125
2023-05-31 00:00:00,1.24126,1.24263,1.23822,1.23884
2023-05-31 04:00:00,1.23882,1.23996,1.23606,1.23615
2023-05-31 08:00:00,1.23614,1.2375,1.23481,1.23616
2023-05-31 12:00:00,1.23618,1.24141,1.2357,1.2394
2023-05-31 16:00:00,1.23942,1.24397,1.23762,1.2437
2023-05-31 20:00:00,1.24366,1.24496,1.24355,1.24456
2023-06-01 00:00:00,1.24455,1.24482,1.24279,1.24327
2023-06-01 04:00:00,1.24328,1.2442,1.24041,1.24079
2023-06-01 08:00:00,1.24081,1.24827,1.24012,1.24753
2023-06-01 12:00:00,1.24752,1.25374,1.24487,1.25339
2023-06-01 16:00:00,1.25331,1.25398,1.25219,1.25305
2023-06-01 20:00:00,1.25304,1.25315,1.25202,1.25265
2023-06-02 00:00:00,1.25266,1.25447,1.25232,1.25384
2023-06-02 04:00:00,1.25383,1.25436,1.2523,1.25262
2023-06-02 08:00:00,1.25258,1.25415,1.25193,1.25222
2023-06-02 12:00:00,1.2522,1.25354,1.24575,1.24663
2023-06-02 16:00:00,1.24665,1.24672,1.24418,1.24502
2023-06-02 20:00:00,1.24503,1.24538,1.24474,1.24507
2023-06-04 20:00:00,1.24552,1.24562,1.24273,1.24305
2023-06-05 00:00:00,1.24306,1.24398,1.24264,1.24396
2023-06-05 04:00:00,1.24394,1.24395,1.23881,1.23988
2023-06-05 08:00:00,1.2399,1.24129,1.23772,1.23836
2023-06-05 12:00:00,1.23835,1.24385,1.23687,1.24382
2023-06-05 16:00:00,1.24386,1.24437,1.24273,1.24315
2023-06-05 20:00:00,1.24317,1.243685,1.24267,1.24324
2023-06-06 00:00:00,1.24322,1.24513,1.24313,1.24415
2023-06-06 04:00:00,1.24418,1.24588,1.24256,1.24337
2023-06-06 08:00:00,1.24338,1.2439,1.24003,1.24006
2023-06-06 12:00:00,1.24007,1.24239,1.23919,1.24165
2023-06-06 16:00:00,1.24164,1.24313,1.24137,1.24257
2023-06-06 20:00:00,1.24256,1.243,1.24199,1.24293
2023-06-07 00:00:00,1.24292,1.24383,1.24175,1.24253
2023-06-07 04:00:00,1.24252,1.24301,1.23951,1.2411
2023-06-07 08:00:00,1.24111,1.24721,1.24073,1.24714
2023-06-07 12:00:00,1.24713,1.25003,1.24454,1.24484
2023-06-07 16:00:00,1.24483,1.24554,1.24274,1.24303
2023-06-07 20:00:00,1.24304,1.24453,1.24304,1.24446
2023-06-08 00:00:00,1.24447,1.24528,1.24426,1.24492
2023-06-08 04:00:00,1.24493,1.24619,1.24418,1.24568
2023-06-08 08:00:00,1.24569,1.24813,1.24536,1.24669
2023-06-08 12:00:00,1.24673,1.25577,1.24656,1.25449
2023-06-08 16:00:00,1.2545,1.25587,1.25404,1.25571
2023-06-08 20:00:00,1.25571,1.25638,1.2557,1.25582
2023-06-09 00:00:00,1.25583,1.25621,1.25472,1.2548
2023-06-09 04:00:00,1.25477,1.25679,1.25423,1.25505
2023-06-09 08:00:00,1.25507,1.25699,1.25344,1.25653
2023-06-09 12:00:00,1.25654,1.25903,1.25606,1.25784
2023-06-09 16:00:00,1.25777,1.25845,1.25722,1.25773
2023-06-09 20:00:00,1.25772,1.25811,1.25767,1.25803
2023-06-11 20:00:00,1.25729,1.25843,1.25724,1.25797
2023-06-12 00:00:00,1.258,1.25801,1.25653,1.25714
2023-06-12 04:00:00,1.25712,1.25935,1.25667,1.25894
2023-06-12 08:00:00,1.25892,1.25995,1.256,1.2563
2023-06-12 12:00:00,1.25631,1.25708,1.24872,1.24888
2023-06-12 16:00:00,1.2489,1.25127,1.24884,1.25117
2023-06-12 20:00:00,1.25115,1.25173,1.25083,1.25148
2023-06-13 00:00:00,1.25149,1.25358,1.25135,1.25338
2023-06-13 04:00:00,1.25337,1.25771,1.25284,1.25656
2023-06-13 08:00:00,1.25657,1.25763,1.25542,1.25722
2023-06-13 12:00:00,1.25723,1.26211,1.25633,1.26101
2023-06-13 16:00:00,1.26102,1.26249,1.25933,1.26086
2023-06-13 20:00:00,1.26086,1.26177,1.26041,1.2607
2023-06-14 00:00:00,1.26069,1.26177,1.26016,1.26132
2023-06-14 04:00:00,1.26131,1.26219,1.26011,1.26194
2023-06-14 08:00:00,1.26193,1.26498,1.26148,1.2648
2023-06-14 12:00:00,1.26479,1.26992,1.26468,1.26944
2023-06-14 16:00:00,1.26945,1.26988,1.26267,1.26585
2023-06-14 20:00:00,1.26582,1.26708,1.26567,1.26708
2023-06-15 00:00:00,1.26709,1.26741,1.26301,1.26443
2023-06-15 04:00:00,1.26442,1.26581,1.26322,1.26549
2023-06-15 08:00:00,1.26548,1.26725,1.26438,1.26439
2023-06-15 12:00:00,1.26438,1.27655,1.26409,1.27599
2023-06-15 16:00:00,1.276,1.27857,1.27593,1.27842
2023-06-15 20:00:00,1.2784,1.27907,1.27804,1.27851
2023-06-16 00:00:00,1.27852,1.27932,1.27687,1.27759
2023-06-16 04:00:00,1.27758,1.28181,1.27736,1.27874
2023-06-16 08:00:00,1.27876,1.28259,1.27818,1.28248
2023-06-16 12:00:00,1.2825,1.28484,1.28041,1.28144
2023-06-16 16:00:00,1.28145,1.28356,1.28133,1.28212
2023-06-16 20:00:00,1.28206,1.28257,1.28202,1.28234
2023-06-18 20:00:00,1.28224,1.28331,1.28224,1.28311
2023-06-19 00:00:00,1.2831,1.28372,1.28121,1.2817
2023-06-19 04:00:00,1.28169,1.28308,1.28097,1.28136
2023-06-19 08:00:00,1.28137,1.28232,1.28022,1.28111
2023-06-19 12:00:00,1.28112,1.28138,1.2785,1.27935
2023-06-19 16:00:00,1.27934,1.27975,1.277045,1.27805
2023-06-19 20:00:00,1.27806,1.2807,1.27763,1.27933
2023-06-20 00:00:00,1.27932,1.28049,1.27817,1.27914
2023-06-20 04:00:00,1.27915,1.28064,1.27627,1.28028
2023-06-20 08:00:00,1.28027,1.28043,1.27495,1.27534
2023-06-20 12:00:00,1.27533,1.27611,1.27139,1.27297
2023-06-20 16:00:00,1.27296,1.2767,1.27217,1.27639
2023-06-20 20:00:00,1.27638,1.27689,1.27582,1.27656
2023-06-21 00:00:00,1.27655,1.27677,1.27543,1.27602
2023-06-21 04:00:00,1.27603,1.28027,1.27308,1.27364
2023-06-21 08:00:00,1.27366,1.27459,1.26913,1.27286
2023-06-21 12:00:00,1.27285,1.27553,1.27024,1.27354
2023-06-21 16:00:00,1.27353,1.27855,1.27326,1.2776
2023-06-21 20:00:00,1.27761,1.27774,1.27642,1.27707
2023-06-22 00:00:00,1.27708,1.27741,1.27624,1.27684
2023-06-22 04:00:00,1.27683,1.27721,1.2739,1.27653
2023-06-22 08:00:00,1.27654,1.28447,1.273825,1.27735
2023-06-22 12:00:00,1.27734,1.27838,1.27277,1.27477
2023-06-22 16:00:00,1.27476,1.27498,1.27259,1.27459
2023-06-22 20:00:00,1.2746,1.27499,1.27413,1.27468
2023-06-23 00:00:00,1.27469,1.27492,1.27096,1.27122
2023-06-23 04:00:00,1.27121,1.27304,1.26949,1.271
2023-06-23 08:00:00,1.27099,1.27366,1.26857,1.27211
2023-06-23 12:00:00,1.27212,1.27366,1.26975,1.26985
2023-06-23 16:00:00,1.26984,1.27202,1.2689,1.27189
2023-06-23 20:00:00,1.27188,1.27222,1.27137,1.27161
2023-06-25 20:00:00,1.2712,1.27315,1.27099,1.27292
2023-06-26 00:00:00,1.27293,1.2739,1.27254,1.27317
2023-06-26 04:00:00,1.27316,1.27489,1.27107,1.2743
2023-06-26 08:00:00,1.27429,1.27468,1.26882,1.2715
2023-06-26 12:00:00,1.27151,1.27277,1.26949,1.2722
2023-06-26 16:00:00,1.27221,1.2726,1.27102,1.27102
2023-06-26 20:00:00,1.27103,1.27148,1.27069,1.2711
2023-06-27 00:00:00,1.27111,1.27368,1.27038,1.2728
2023-06-27 04:00:00,1.27279,1.27584,1.27268,1.2735
2023-06-27 08:00:00,1.27349,1.27394,1.27121,1.27282
2023-06-27 12:00:00,1.27281,1.27596,1.27167,1.27496
2023-06-27 16:00:00,1.27497,1.27576,1.27437,1.2754
2023-06-27 20:00:00,1.27539,1.27539,1.2744,1.2746
2023-06-28 00:00:00,1.27461,1.27521,1.2725,1.27313
2023-06-28 04:00:00,1.27314,1.27374,1.27168,1.27309
2023-06-28 08:00:00,1.2731,1.2736,1.2662,1.26645
2023-06-28 12:00:00,1.26644,1.26654,1.26067,1.26356
2023-06-28 16:00:00,1.26355,1.26539,1.26333,1.26412
2023-06-28 20:00:00,1.26413,1.2646,1.26352,1.26419
2023-06-29 00:00:00,1.26418,1.26468,1.26211,1.26258
2023-06-29 04:00:00,1.26259,1.26493,1.26151,1.2646
2023-06-29 08:00:00,1.26461,1.26647,1.26358,1.26559
2023-06-29 12:00:00,1.26558,1.26669,1.25914,1.26153
2023-06-29 16:00:00,1.26152,1.26275,1.26095,1.26141
2023-06-29 20:00:00,1.2614,1.26156,1.26084,1.26132
2023-06-30 00:00:00,1.26133,1.26236,1.26108,1.26189
2023-06-30 04:00:00,1.2619,1.26511,1.25995,1.26403
2023-06-30 08:00:00,1.26404,1.26543,1.26113,1.2648
2023-06-30 12:00:00,1.26481,1.27278,1.26473,1.27088
2023-06-30 16:00:00,1.27089,1.27224,1.26923,1.26991
2023-06-30 20:00:00,1.26992,1.27012,1.26937,1.26986
2023-07-02 20:00:00,1.27039,1.27058,1.26928,1.26938
2023-07-03 00:00:00,1.26939,1.27057,1.26879,1.27002
2023-07-03 04:00:00,1.27001,1.27072,1.26587,1.26654
2023-07-03 08:00:00,1.26655,1.26818,1.26598,1.26751
2023-07-03 12:00:00,1.2675,1.27234,1.26688,1.26933
2023-07-03 16:00:00,1.26934,1.27048,1.26811,1.26892
2023-07-03 20:00:00,1.26893,1.26956,1.26883,1.26922
2023-07-04 00:00:00,1.26921,1.27018,1.26851,1.26881
2023-07-04 04:00:00,1.26882,1.27109,1.26836,1.26966
2023-07-04 08:00:00,1.26967,1.27251,1.26905,1.27166
2023-07-04 12:00:00,1.27167,1.27394,1.27116,1.27309
2023-07-04 16:00:00,1.2731,1.27311,1.27139,1.2715
2023-07-04 20:00:00,1.27149,1.27177,1.27108,1.27173
2023-07-05 00:00:00,1.27174,1.27215,1.27004,1.27062
2023-07-05 04:00:00,1.27061,1.27227,1.2697,1.27105
2023-07-05 08:00:00,1.27104,1.27179,1.26884,1.26987
2023-07-05 12:00:00,1.26986,1.27354,1.26922,1.27077
2023-07-05 16:00:00,1.27076,1.27178,1.26919,1.27009
2023-07-05 20:00:00,1.2701,1.27074,1.26991,1.27043
2023-07-06 00:00:00,1.27044,1.27121,1.26912,1.26948
2023-07-06 04:00:00,1.26949,1.27312,1.26898,1.27241
2023-07-06 08:00:00,1.2724,1.27799,1.26989,1.27738
2023-07-06 12:00:00,1.2774,1.27811,1.26736,1.27188
2023-07-06 16:00:00,1.27189,1.27442,1.27182,1.27423
2023-07-06 20:00:00,1.27422,1.27454,1.27342,1.27421
2023-07-07 00:00:00,1.27422,1.27446,1.27271,1.27362
2023-07-07 04:00:00,1.27363,1.27499,1.273,1.27319
2023-07-07 08:00:00,1.27318,1.27719,1.2726,1.27618
2023-07-07 12:00:00,1.27617,1.28386,1.27518,1.28382
2023-07-07 16:00:00,1.28383,1.28495,1.28301,1.28303
2023-07-07 20:00:00,1.28302,1.284,1.28301,1.28398
2023-07-09 20:00:00,1.2835,1.2842,1.28314,1.28379
2023-07-10 00:00:00,1.2838,1.28396,1.28096,1.28121
2023-07-10 04:00:00,1.2812,1.28255,1.27984,1.28137
2023-07-10 08:00:00,1.28138,1.28244,1.27739,1.27782
2023-07-10 12:00:00,1.27783,1.28387,1.27506,1.28356
2023-07-10 16:00:00,1.28357,1.28685,1.28313,1.28622
2023-07-10 20:00:00,1.28621,1.28665,1.28573,1.28642
2023-07-11 00:00:00,1.28643,1.28796,1.28583,1.28782
2023-07-11 04:00:00,1.28781,1.29134,1.28678,1.28741
2023-07-11 08:00:00,1.2874,1.29351,1.28709,1.29146
2023-07-11 12:00:00,1.29147,1.29165,1.28864,1.28996
2023-07-11 16:00:00,1.28995,1.2932,1.28975,1.29313
2023-07-11 20:00:00,1.29314,1.29397,1.2929,1.29339
2023-07-12 00:00:00,1.2934,1.29695,1.29321,1.29594
2023-07-12 04:00:00,1.29595,1.29671,1.29353,1.29406
2023-07-12 08:00:00,1.29405,1.29457,1.29064,1.29111
2023-07-12 12:00:00,1.29112,1.30006,1.29042,1.29905
2023-07-12 16:00:00,1.29904,1.29994,1.29766,1.2993
2023-07-12 20:00:00,1.29931,1.29964,1.29851,1.29959
2023-07-13 00:00:00,1.2996,1.3019,1.2989,1.30121
2023-07-13 04:00:00,1.30122,1.303,1.29845,1.30266
2023-07-13 08:00:00,1.30265,1.30793,1.30261,1.30628
2023-07-13 12:00:00,1.30629,1.31143,1.30452,1.30956
2023-07-13 16:00:00,1.30957,1.31409,1.30938,1.3133
2023-07-13 20:00:00,1.31329,1.31395,1.3127,1.31286
2023-07-14 00:00:00,1.31285,1.31424,1.31172,1.31386
2023-07-14 04:00:00,1.31385,1.31385,1.30936,1.31158
2023-07-14 08:00:00,1.31157,1.31424,1.31021,1.31134
2023-07-14 12:00:00,1.31135,1.31305,1.30945,1.31111
2023-07-14 16:00:00,1.3111,1.31174,1.30925,1.30935
2023-07-14 20:00:00,1.30936,1.30937,1.30899,1.30929
2023-07-16 20:00:00,1.30986,1.31003,1.30864,1.30896
2023-07-17 00:00:00,1.30897,1.30968,1.30823,1.30879
2023-07-17 04:00:00,1.30878,1.31075,1.30654,1.31028
2023-07-17 08:00:00,1.31029,1.31089,1.30715,1.30844
2023-07-17 12:00:00,1.30843,1.30926,1.30513,1.30758
2023-07-17 16:00:00,1.30759,1.30873,1.30731,1.30789
2023-07-17 20:00:00,1.3079,1.3079,1.30705,1.3072
2023-07-18 00:00:00,1.30719,1.30958,1.30679,1.30946
2023-07-18 04:00:00,1.30947,1.31069,1.3072,1.30896
2023-07-18 08:00:00,1.30897,1.31258,1.30728,1.31063
2023-07-18 12:00:00,1.31064,1.31224,1.30503,1.30518
2023-07-18 16:00:00,1.30519,1.30527,1.30282,1.3041
2023-07-18 20:00:00,1.30409,1.30438,1.30307,1.30339
2023-07-19 00:00:00,1.3034,1.30389,1.3013,1.30227
2023-07-19 04:00:00,1.30228,1.30347,1.29305,1.29481
2023-07-19 08:00:00,1.2948,1.29617,1.28976,1.2898
2023-07-19 12:00:00,1.28981,1.29203,1.2868,1.28959
2023-07-19 16:00:00,1.2896,1.29373,1.28925,1.29367
2023-07-19 20:00:00,1.29368,1.29406,1.29282,1.29374
2023-07-20 00:00:00,1.29373,1.29646,1.29339,1.29526
2023-07-20 04:00:00,1.29523,1.29534,1.29055,1.29103
2023-07-20 08:00:00,1.29104,1.29329,1.28895,1.28917
2023-07-20 12:00:00,1.28918,1.28919,1.28401,1.28477
2023-07-20 16:00:00,1.28478,1.28684,1.28403,1.28653
2023-07-20 20:00:00,1.28652,1.28745,1.28637,1.28726
2023-07-21 00:00:00,1.28727,1.28863,1.28667,1.28764
2023-07-21 04:00:00,1.28763,1.29042,1.28655,1.28699
2023-07-21 08:00:00,1.28698,1.28749,1.28242,1.28247
2023-07-21 12:00:00,1.28248,1.28615,1.28162,1.28519
2023-07-21 16:00:00,1.28518,1.28664,1.28461,1.28563
2023-07-21 20:00:00,1.28564,1.28615,1.28518,1.28529
2023-07-23 20:00:00,1.28531,1.28582,1.28482,1.28524
2023-07-24 00:00:00,1.28525,1.28703,1.28497,1.28621
2023-07-24 04:00:00,1.28622,1.28839,1.28425,1.28491
2023-07-24 08:00:00,1.28492,1.28593,1.28074,1.28523
2023-07-24 12:00:00,1.28524,1.28539,1.27981,1.28263
2023-07-24 16:00:00,1.28264,1.2841,1.28154,1.28176
2023-07-24 20:00:00,1.28175,1.28298,1.28113,1.28122
2023-07-25 00:00:00,1.28123,1.28431,1.28097,1.28395
2023-07-25 04:00:00,1.28394,1.28647,1.28294,1.28575
2023-07-25 08:00:00,1.28574,1.28607,1.28203,1.28302
2023-07-25 12:00:00,1.28301,1.28796,1.28124,1.28737
2023-07-25 16:00:00,1.28736,1.29034,1.28694,1.28993
2023-07-25 20:00:00,1.28994,1.2905,1.28933,1.28936
2023-07-26 00:00:00,1.28935,1.28968,1.28757,1.289
2023-07-26 04:00:00,1.28899,1.2911,1.28813,1.29046
2023-07-26 08:00:00,1.29045,1.29246,1.28954,1.29106
2023-07-26 12:00:00,1.29107,1.29366,1.29035,1.29295
2023-07-26 16:00:00,1.29296,1.29605,1.28995,1.29481
2023-07-26 20:00:00,1.2948,1.29481,1.29244,1.29272
2023-07-27 00:00:00,1.29273,1.2977,1.29269,1.29619
2023-07-27 04:00:00,1.2962,1.29854,1.29395,1.29834
2023-07-27 08:00:00,1.29835,1.29959,1.29492,1.29648
2023-07-27 12:00:00,1.29647,1.29649,1.28261,1.28676
2023-07-27 16:00:00,1.28675,1.28728,1.27823,1.27841
2023-07-27 20:00:00,1.2784,1.28009,1.2783,1.27935
2023-07-28 00:00:00,1.27934,1.280805,1.27866,1.27916
2023-07-28 04:00:00,1.27915,1.28093,1.27632,1.27768
2023-07-28 08:00:00,1.27767,1.28784,1.27738,1.28704
2023-07-28 12:00:00,1.28703,1.28869,1.28381,1.28665
2023-07-28 16:00:00,1.28664,1.28816,1.28513,1.28568
2023-07-28 20:00:00,1.28567,1.28575,1.28463,1.28482
2023-07-30 20:00:00,1.2849,1.28587,1.28485,1.28537
2023-07-31 00:00:00,1.28536,1.28602,1.28444,1.28504
2023-07-31 04:00:00,1.28505,1.28676,1.28445,1.28565
2023-07-31 08:00:00,1.28566,1.28726,1.28356,1.28615
2023-07-31 12:00:00,1.28616,1.28704,1.28286,1.2855
2023-07-31 16:00:00,1.28551,1.28672,1.28321,1.28345
2023-07-31 20:00:00,1.28346,1.28417,1.28316,1.28318
2023-08-01 00:00:00,1.28317,1.28364,1.28158,1.28224
2023-08-01 04:00:00,1.28218,1.28389,1.28146,1.28184
2023-08-01 08:00:00,1.28183,1.28329,1.27797,1.27847
2023-08-01 12:00:00,1.27848,1.27956,1.27413,1.27477
2023-08-01 16:00:00,1.27478,1.27808,1.27448,1.27749
2023-08-01 20:00:00,1.2775,1.28059,1.27703,1.27948
2023-08-02 00:00:00,1.27949,1.27956,1.27636,1.27746
2023-08-02 04:00:00,1.27747,1.27952,1.27608,1.27923
2023-08-02 08:00:00,1.27924,1.27991,1.27637,1.27637
2023-08-02 12:00:00,1.27638,1.27726,1.26804,1.27113
2023-08-02 16:00:00,1.27112,1.2739,1.27095,1.27142
2023-08-02 20:00:00,1.27141,1.27223,1.27079,1.27192
2023-08-03 00:00:00,1.27191,1.27284,1.271,1.27187
2023-08-03 04:00:00,1.27186,1.27186,1.26838,1.26882
2023-08-03 08:00:00,1.26881,1.27001,1.26205,1.26474
2023-08-03 12:00:00,1.26473,1.27236,1.26372,1.27075
2023-08-03 16:00:00,1.27076,1.27244,1.26971,1.27034
2023-08-03 20:00:00,1.27033,1.27168,1.27024,1.27159
2023-08-04 00:00:00,1.27157,1.27416,1.27107,1.2733
2023-08-04 04:00:00,1.27329,1.27362,1.27027,1.27061
2023-08-04 08:00:00,1.2706,1.27117,1.26947,1.26955
2023-08-04 12:00:00,1.26954,1.27839,1.26858,1.27734
2023-08-04 16:00:00,1.27735,1.27925,1.2742,1.27437
2023-08-04 20:00:00,1.27436,1.27517,1.27411,1.27509
2023-08-06 20:00:00,1.27528,1.27622,1.27456,1.27489
2023-08-07 00:00:00,1.27488,1.27614,1.27372,1.27375
2023-08-07 04:00:00,1.27374,1.27445,1.27133,1.27434
2023-08-07 08:00:00,1.27433,1.27448,1.2717,1.27439
2023-08-07 12:00:00,1.27441,1.2787,1.27403,1.2767
2023-08-07 16:00:00,1.27669,1.27893,1.2764,1.27857
2023-08-07 20:00:00,1.27856,1.27856,1.27762,1.27815
2023-08-08 00:00:00,1.27816,1.27857,1.27512,1.2755
2023-08-08 04:00:00,1.27549,1.2772,1.27383,1.27552
2023-08-08 08:00:00,1.27553,1.27572,1.26963,1.26977
2023-08-08 12:00:00,1.26976,1.27294,1.26845,1.27264
2023-08-08 16:00:00,1.27265,1.27517,1.27262,1.27441
2023-08-08 20:00:00,1.27442,1.27489,1.27379,1.27435
2023-08-09 00:00:00,1.27436,1.27595,1.27395,1.27534
2023-08-09 04:00:00,1.27535,1.27822,1.2751,1.27708
2023-08-09 08:00:00,1.27706,1.27725,1.27293,1.27345
2023-08-09 12:00:00,1.27344,1.27516,1.27122,1.27141
2023-08-09 16:00:00,1.2714,1.27383,1.27134,1.27207
2023-08-09 20:00:00,1.27206,1.27247,1.27168,1.27198
2023-08-10 00:00:00,1.27197,1.27239,1.27079,1.27134
2023-08-10 04:00:00,1.27135,1.27588,1.27117,1.27449
2023-08-10 08:00:00,1.2745,1.27758,1.27434,1.27635
2023-08-10 12:00:00,1.27636,1.28191,1.27159,1.2724
2023-08-10 16:00:00,1.27241,1.27259,1.26699,1.26752
2023-08-10 20:00:00,1.26758,1.26836,1.26698,1.26705
2023-08-11 00:00:00,1.26704,1.2691,1.26665,1.26857
2023-08-11 04:00:00,1.26856,1.27231,1.26798,1.27054
2023-08-11 08:00:00,1.27053,1.27354,1.26938,1.27333
2023-08-11 12:00:00,1.27332,1.27389,1.26818,1.26934
2023-08-11 16:00:00,1.26935,1.27032,1.26859,1.26996
2023-08-11 20:00:00,1.26997,1.27019,1.26964,1.26976
2023-08-13 20:00:00,1.26931,1.27069,1.26868,1.26941
2023-08-14 00:00:00,1.26942,1.26972,1.26665,1.26701
2023-08-14 04:00:00,1.26702,1.26985,1.26679,1.26938
2023-08-14 08:00:00,1.26937,1.2715,1.26878,1.26932
2023-08-14 12:00:00,1.26931,1.26971,1.26166,1.26897
2023-08-14 16:00:00,1.26896,1.27065,1.26735,1.26807
2023-08-14 20:00:00,1.26806,1.26992,1.26797,1.26855
2023-08-15 00:00:00,1.26854,1.26939,1.26755,1.26885
2023-08-15 04:00:00,1.26886,1.27214,1.26796,1.26923
2023-08-15 08:00:00,1.26922,1.27301,1.26851,1.27068
2023-08-15 12:00:00,1.27069,1.27527,1.26816,1.27425
2023-08-15 16:00:00,1.27426,1.2744,1.26944,1.27033
2023-08-15 20:00:00,1.27032,1.27054,1.2697,1.27005
2023-08-16 00:00:00,1.27006,1.27042,1.26875,1.26977
2023-08-16 04:00:00,1.26976,1.27453,1.26971,1.27413
2023-08-16 08:00:00,1.27414,1.27664,1.27348,1.27407
2023-08-16 12:00:00,1.27406,1.27607,1.27186,1.27472
2023-08-16 16:00:00,1.27473,1.27506,1.27118,1.27191
2023-08-16 20:00:00,1.2719,1.27327,1.27186,1.27277
2023-08-17 00:00:00,1.27276,1.27278,1.27115,1.2714
2023-08-17 04:00:00,1.27141,1.27437,1.27122,1.27353
2023-08-17 08:00:00,1.27352,1.27649,1.27028,1.27625
2023-08-17 12:00:00,1.27626,1.27877,1.27377,1.27501
2023-08-17 16:00:00,1.27504,1.27658,1.2727,1.27456
2023-08-17 20:00:00,1.27455,1.27504,1.27431,1.27475
2023-08-18 00:00:00,1.27474,1.2766,1.27458,1.27515
2023-08-18 04:00:00,1.27516,1.27551,1.27075,1.27141
2023-08-18 08:00:00,1.2714,1.27421,1.27013,1.27023
2023-08-18 12:00:00,1.27022,1.27495,1.26894,1.27369
2023-08-18 16:00:00,1.27368,1.27564,1.27337,1.27371
2023-08-18 20:00:00,1.2737,1.27409,1.27282,1.27337
2023-08-20 20:00:00,1.27339,1.27428,1.2732,1.27413
2023-08-21 00:00:00,1.27412,1.27505,1.27304,1.27367
2023-08-21 04:00:00,1.27366,1.27456,1.2723,1.27296
2023-08-21 08:00:00,1.27295,1.27652,1.27106,1.27599
2023-08-21 12:00:00,1.27598,1.27651,1.27231,1.27355
2023-08-21 16:00:00,1.27354,1.2767,1.27353,1.27586
2023-08-21 20:00:00,1.27587,1.27657,1.27521,1.276
2023-08-22 00:00:00,1.27599,1.27781,1.27562,1.27741
2023-08-22 04:00:00,1.27742,1.28004,1.27692,1.2796
2023-08-22 08:00:00,1.27963,1.27991,1.27564,1.27667
2023-08-22 12:00:00,1.27668,1.27702,1.27187,1.27311
2023-08-22 16:00:00,1.27312,1.27434,1.27281,1.27304
2023-08-22 20:00:00,1.27305,1.27375,1.27279,1.27317
2023-08-23 00:00:00,1.27316,1.2748,1.27295,1.27479
2023-08-23 04:00:00,1.2748,1.27648,1.27064,1.27203
2023-08-23 08:00:00,1.27202,1.27364,1.26225,1.26293
2023-08-23 12:00:00,1.26294,1.27185,1.26149,1.27132
2023-08-23 16:00:00,1.27133,1.27332,1.2709,1.27183
2023-08-23 20:00:00,1.27182,1.27279,1.2714,1.27202
2023-08-24 00:00:00,1.27201,1.27289,1.27059,1.27145
2023-08-24 04:00:00,1.27147,1.27282,1.26924,1.27029
2023-08-24 08:00:00,1.27028,1.27132,1.26566,1.26581
2023-08-24 12:00:00,1.26582,1.26628,1.26265,1.26322
2023-08-24 16:00:00,1.26321,1.2635,1.25932,1.25932
2023-08-24 20:00:00,1.25932,1.26072,1.25863,1.25929
2023-08-25 00:00:00,1.25928,1.25979,1.25643,1.25659
2023-08-25 04:00:00,1.2566,1.25885,1.25602,1.25757
2023-08-25 08:00:00,1.25756,1.26221,1.25722,1.26161
2023-08-25 12:00:00,1.2616,1.26547,1.25482,1.25693
2023-08-25 16:00:00,1.25692,1.26015,1.25692,1.25887
2023-08-25 20:00:00,1.25888,1.25905,1.25762,1.25799
2023-08-28 00:00:00,1.25978,1.26005,1.25964,1.25993
2023-08-28 04:00:00,1.25988,1.26021,1.25988,1.26002
2023-08-28 12:00:00,1.25949,1.25976,1.25729,1.25902
2023-08-28 16:00:00,1.25903,1.26077,1.25886,1.26046
2023-08-28 20:00:00,1.26045,1.26158,1.25963,1.26109
2023-08-29 00:00:00,1.2611,1.26323,1.26105,1.26283
2023-08-29 04:00:00,1.26282,1.26359,1.26082,1.2612
2023-08-29 08:00:00,1.26119,1.26191,1.25833,1.2587
2023-08-29 12:00:00,1.25871,1.26342,1.25629,1.26118
2023-08-29 16:00:00,1.26117,1.2655,1.26084,1.26508
2023-08-29 20:00:00,1.26507,1.26507,1.26355,1.26359
2023-08-30 00:00:00,1.26358,1.26431,1.26254,1.26308
2023-08-30 04:00:00,1.26309,1.26478,1.2619,1.26423
2023-08-30 08:00:00,1.26422,1.26698,1.26275,1.2657
2023-08-30 12:00:00,1.26571,1.27467,1.26538,1.27241
2023-08-30 16:00:00,1.2724,1.27291,1.27069,1.27176
2023-08-30 20:00:00,1.27175,1.27234,1.27111,1.27113
2023-08-31 00:00:00,1.27115,1.27346,1.2711,1.27205
2023-08-31 04:00:00,1.27204,1.27246,1.2701,1.2709
2023-08-31 08:00:00,1.27091,1.27167,1.26636,1.26807
2023-08-31 12:00:00,1.26808,1.269675,1.26527,1.26655
2023-08-31 16:00:00,1.26654,1.26743,1.2657,1.26678
2023-08-31 20:00:00,1.26679,1.2677,1.26666,1.26715
2023-09-01 00:00:00,1.26714,1.26835,1.26585,1.26604
2023-09-01 04:00:00,1.26603,1.26897,1.26402,1.26845
2023-09-01 08:00:00,1.26846,1.26862,1.26694,1.26707
2023-09-01 12:00:00,1.26706,1.27126,1.25912,1.25916
2023-09-01 16:00:00,1.25915,1.25991,1.25775,1.25863
2023-09-01 20:00:00,1.25868,1.25915,1.25867,1.25876
2023-09-03 20:00:00,1.25932,1.25939,1.25867,1.25911
2023-09-04 00:00:00,1.25912,1.26057,1.25879,1.26034
2023-09-04 04:00:00,1.26035,1.26295,1.26003,1.26206
2023-09-04 08:00:00,1.26208,1.26425,1.26208,1.26282
2023-09-04 12:00:00,1.26281,1.26394,1.26151,1.26245
2023-09-04 16:00:00,1.26246,1.26327,1.26212,1.26286
2023-09-04 20:00:00,1.26287,1.2632,1.26225,1.26227
2023-09-05 00:00:00,1.26226,1.2632,1.26128,1.26178
2023-09-05 04:00:00,1.26177,1.26285,1.25605,1.25631
2023-09-05 08:00:00,1.2563,1.25673,1.25283,1.25496
2023-09-05 12:00:00,1.25495,1.25828,1.25405,1.25808
2023-09-05 16:00:00,1.25807,1.25871,1.25588,1.2562
2023-09-05 20:00:00,1.25619,1.25732,1.25608,1.25701
2023-09-06 00:00:00,1.25702,1.25741,1.25498,1.25712
2023-09-06 04:00:00,1.25711,1.2588,1.25537,1.25547
2023-09-06 08:00:00,1.25546,1.25653,1.25435,1.2565
2023-09-06 12:00:00,1.25649,1.25674,1.24821,1.24979
2023-09-06 16:00:00,1.2498,1.25114,1.24959,1.25046
2023-09-06 20:00:00,1.25047,1.25091,1.24962,1.24983
2023-09-07 00:00:00,1.24982,1.25065,1.24914,1.25049
2023-09-07 04:00:00,1.25048,1.25085,1.24622,1.24731
2023-09-07 08:00:00,1.24732,1.24878,1.24508,1.24609
2023-09-07 12:00:00,1.2461,1.24899,1.24457,1.24843
2023-09-07 16:00:00,1.24844,1.2487,1.24679,1.24707
2023-09-07 20:00:00,1.24708,1.24763,1.24686,1.24754
2023-09-08 00:00:00,1.24755,1.25016,1.24738,1.2496
2023-09-08 04:00:00,1.24961,1.25101,1.24786,1.24934
2023-09-08 08:00:00,1.24933,1.25003,1.24673,1.24826
2023-09-08 12:00:00,1.24827,1.25144,1.24696,1.24742
2023-09-08 16:00:00,1.24741,1.24766,1.24513,1.24556
2023-09-08 20:00:00,1.24556,1.24643,1.24551,1.24625
2023-09-10 20:00:00,1.24732,1.24925,1.24724,1.24886
2023-09-11 00:00:00,1.24887,1.25038,1.2482,1.25015
2023-09-11 04:00:00,1.25016,1.25278,1.2501,1.25228
2023-09-11 08:00:00,1.25229,1.25376,1.2501,1.25151
2023-09-11 12:00:00,1.25152,1.25482,1.25117,1.25268
2023-09-11 16:00:00,1.25269,1.25429,1.25076,1.25122
2023-09-11 20:00:00,1.25121,1.25166,1.25076,1.25082
2023-09-12 00:00:00,1.25083,1.25235,1.25012,1.2517
2023-09-12 04:00:00,1.25169,1.253,1.24773,1.24854
2023-09-12 08:00:00,1.24855,1.24889,1.246,1.24708
2023-09-12 12:00:00,1.24707,1.24839,1.24597,1.24756
2023-09-12 16:00:00,1.24757,1.24929,1.24755,1.24921
2023-09-12 20:00:00,1.24922,1.24988,1.2489,1.2491
2023-09-13 00:00:00,1.24911,1.25022,1.24814,1.24886
2023-09-13 04:00:00,1.24887,1.24983,1.24417,1.24688
2023-09-13 08:00:00,1.24687,1.24866,1.2456,1.24728
2023-09-13 12:00:00,1.24729,1.2512,1.24346,1.24873
2023-09-13 16:00:00,1.24874,1.25064,1.24813,1.2488
2023-09-13 20:00:00,1.24879,1.24928,1.24857,1.24898
2023-09-14 00:00:00,1.24897,1.25046,1.24851,1.24974
2023-09-14 04:00:00,1.24975,1.25064,1.24796,1.24862
2023-09-14 08:00:00,1.24861,1.24935,1.24608,1.24761
2023-09-14 12:00:00,1.24762,1.24806,1.24011,1.24078
2023-09-14 16:00:00,1.24079,1.24205,1.23967,1.24067
2023-09-14 20:00:00,1.24065,1.24127,1.23999,1.24011
2023-09-15 00:00:00,1.24012,1.24224,1.23998,1.24223
2023-09-15 04:00:00,1.24222,1.24366,1.24164,1.24358
2023-09-15 08:00:00,1.24357,1.24458,1.23989,1.24064
2023-09-15 12:00:00,1.24065,1.24255,1.23852,1.23891
2023-09-15 16:00:00,1.2389,1.24011,1.2379,1.23845
2023-09-15 20:00:00,1.23849,1.23862,1.23792,1.23843
2023-09-17 20:00:00,1.23862,1.2398,1.23849,1.23975
2023-09-18 00:00:00,1.23974,1.24043,1.23869,1.2388
2023-09-18 04:00:00,1.23879,1.24049,1.23768,1.23795
2023-09-18 08:00:00,1.23796,1.24104,1.23704,1.23836
2023-09-18 12:00:00,1.23837,1.24051,1.2373,1.24012
2023-09-18 16:00:00,1.24013,1.24027,1.23745,1.23823
2023-09-18 20:00:00,1.23822,1.23915,1.23817,1.23832
2023-09-19 00:00:00,1.23831,1.23917,1.23753,1.23782
2023-09-19 04:00:00,1.23783,1.2393,1.23699,1.23891
2023-09-19 08:00:00,1.2389,1.24125,1.23713,1.24122
2023-09-19 12:00:00,1.24123,1.24251,1.23821,1.23904
2023-09-19 16:00:00,1.23903,1.23969,1.23838,1.23958
2023-09-19 20:00:00,1.23957,1.23974,1.23899,1.2393
2023-09-20 00:00:00,1.23928,1.23952,1.23826,1.23862
2023-09-20 04:00:00,1.23861,1.23957,1.23331,1.23606
2023-09-20 08:00:00,1.23605,1.23767,1.23541,1.2368
2023-09-20 12:00:00,1.23681,1.24104,1.23646,1.23874
2023-09-20 16:00:00,1.23872,1.24214,1.23388,1.23401
2023-09-20 20:00:00,1.234,1.23476,1.23238,1.23272
2023-09-21 00:00:00,1.23271,1.23289,1.23043,1.2322
2023-09-21 04:00:00,1.23221,1.23317,1.22949,1.23132
2023-09-21 08:00:00,1.23131,1.23205,1.22342,1.22685
2023-09-21 12:00:00,1.22686,1.23047,1.224435,1.2297
2023-09-21 16:00:00,1.22971,1.23076,1.22885,1.22929
2023-09-21 20:00:00,1.22926,1.22988,1.22894,1.22929
2023-09-22 00:00:00,1.2293,1.22938,1.2273,1.22784
2023-09-22 04:00:00,1.22785,1.22883,1.22513,1.2266
2023-09-22 08:00:00,1.22659,1.22707,1.2233,1.2255
2023-09-22 12:00:00,1.22551,1.22849,1.22453,1.22552
2023-09-22 16:00:00,1.22551,1.22602,1.22308,1.22391
2023-09-22 20:00:00,1.2239,1.22421,1.22364,1.22384
2023-09-24 20:00:00,1.22481,1.22563,1.22394,1.22413
2023-09-25 00:00:00,1.22412,1.22499,1.22376,1.22391
2023-09-25 04:00:00,1.22391,1.22506,1.22333,1.2242
2023-09-25 08:00:00,1.22418,1.22451,1.22127,1.22209
2023-09-25 12:00:00,1.22208,1.22275,1.21941,1.22159
2023-09-25 16:00:00,1.2216,1.22222,1.22057,1.22117
2023-09-25 20:00:00,1.22118,1.22156,1.22096,1.22127
2023-09-26 00:00:00,1.22126,1.2215,1.21939,1.21976
2023-09-26 04:00:00,1.21977,1.22074,1.21676,1.21729
2023-09-26 08:00:00,1.2173,1.21942,1.21698,1.21771
2023-09-26 12:00:00,1.2177,1.21926,1.21592,1.21654
2023-09-26 16:00:00,1.21655,1.21762,1.21544,1.21558
2023-09-26 20:00:00,1.21559,1.21639,1.21438,1.21463
2023-09-27 00:00:00,1.21462,1.21578,1.21406,1.21418
2023-09-27 04:00:00,1.21417,1.2159,1.21355,1.21483
2023-09-27 08:00:00,1.21482,1.21645,1.21311,1.21389
2023-09-27 12:00:00,1.2139,1.21594,1.2124,1.21309
2023-09-27 16:00:00,1.21308,1.21534,1.21105,1.21391
2023-09-27 20:00:00,1.2139,1.21434,1.21312,1.21355
2023-09-28 00:00:00,1.21356,1.21451,1.21306,1.21374
2023-09-28 04:00:00,1.21373,1.21615,1.21202,1.21533
2023-09-28 08:00:00,1.21534,1.22138,1.21493,1.22076
2023-09-28 12:00:00,1.22075,1.22249,1.21757,1.22209
2023-09-28 16:00:00,1.2221,1.22235,1.21879,1.21995
2023-09-28 20:00:00,1.21994,1.22113,1.21972,1.22043
2023-09-29 00:00:00,1.22042,1.22284,1.21964,1.22193
2023-09-29 04:00:00,1.22192,1.22544,1.22179,1.22431
2023-09-29 08:00:00,1.22432,1.22719,1.22294,1.22549
2023-09-29 12:00:00,1.22548,1.22667,1.21805,1.22121
2023-09-29 16:00:00,1.2212,1.2219,1.21861,1.22
2023-09-29 20:00:00,1.22001,1.22051,1.21998,1.22036
2023-10-01 20:00:00,1.22039,1.22087,1.21803,1.21931
2023-10-02 00:00:00,1.21932,1.21967,1.21875,1.21905
2023-10-02 04:00:00,1.21904,1.22202,1.21755,1.21943
2023-10-02 08:00:00,1.21942,1.21974,1.21481,1.21524
2023-10-02 12:00:00,1.21525,1.21674,1.21142,1.21276
2023-10-02 16:00:00,1.21277,1.21286,1.2092,1.20928
2023-10-02 20:00:00,1.20927,1.20947,1.20844,1.20903
2023-10-03 00:00:00,1.20904,1.20908,1.20711,1.20775
2023-10-03 04:00:00,1.20774,1.20889,1.20611,1.20883
2023-10-03 08:00:00,1.20838,1.20971,1.20526,1.20659
2023-10-03 12:00:00,1.20658,1.21021,1.20536,1.20659
2023-10-03 16:00:00,1.20658,1.20916,1.20658,1.20784
2023-10-03 20:00:00,1.20785,1.20816,1.20724,1.20775
2023-10-04 00:00:00,1.20776,1.20845,1.20605,1.20625
2023-10-04 04:00:00,1.20626,1.20852,1.20374,1.20838
2023-10-04 08:00:00,1.20837,1.21413,1.20818,1.21198
2023-10-04 12:00:00,1.21197,1.21772,1.21064,1.21548
2023-10-04 16:00:00,1.21549,1.21663,1.2131,1.21508
2023-10-04 20:00:00,1.21507,1.21514,1.21357,1.21372
2023-10-05 00:00:00,1.21371,1.21633,1.21311,1.21594
2023-10-05 04:00:00,1.21593,1.21633,1.21307,1.21312
2023-10-05 08:00:00,1.21311,1.21521,1.2116,1.21492
2023-10-05 12:00:00,1.21493,1.21744,1.21078,1.21689
2023-10-05 16:00:00,1.2169,1.21961,1.2166,1.2194
2023-10-05 20:00:00,1.21941,1.21956,1.21871,1.21874
2023-10-06 00:00:00,1.21873,1.21895,1.2177,1.21808
2023-10-06 04:00:00,1.21807,1.22071,1.21641,1.22039
2023-10-06 08:00:00,1.22038,1.22198,1.21926,1.22122
2023-10-06 12:00:00,1.22123,1.22616,1.21059,1.22533
2023-10-06 16:00:00,1.22532,1.22556,1.22311,1.22424
2023-10-06 20:00:00,1.22425,1.22427,1.22326,1.22382
2023-10-08 20:00:00,1.22039,1.22218,1.220065,1.22199
2023-10-09 00:00:00,1.222,1.22249,1.21975,1.21984
2023-10-09 04:00:00,1.21985,1.22172,1.2168,1.21707
2023-10-09 08:00:00,1.21706,1.21913,1.2164,1.21692
2023-10-09 12:00:00,1.21691,1.22205,1.21633,1.22036
2023-10-09 16:00:00,1.22037,1.22429,1.21965,1.22429
2023-10-09 20:00:00,1.22428,1.2252,1.22344,1.22496
2023-10-10 00:00:00,1.22495,1.22569,1.22351,1.22372
2023-10-10 04:00:00,1.22371,1.22372,1.22119,1.2231
2023-10-10 08:00:00,1.22311,1.2276,1.22251,1.22399
2023-10-10 12:00:00,1.224,1.22886,1.22375,1.22865
2023-10-10 16:00:00,1.22866,1.22917,1.22639,1.22845
2023-10-10 20:00:00,1.22846,1.22949,1.22776,1.22895
2023-10-11 00:00:00,1.22896,1.23037,1.22876,1.22928
2023-10-11 04:00:00,1.22929,1.23043,1.22703,1.22763
2023-10-11 08:00:00,1.22762,1.22983,1.22699,1.22899
2023-10-11 12:00:00,1.22898,1.23376,1.22686,1.2302
2023-10-11 16:00:00,1.23019,1.23123,1.22752,1.23089
2023-10-11 20:00:00,1.23089,1.23194,1.23088,1.23154
2023-10-12 00:00:00,1.23153,1.2323,1.23108,1.23181
2023-10-12 04:00:00,1.2318,1.23315,1.22943,1.22954
2023-10-12 08:00:00,1.22955,1.23133,1.22931,1.23129
2023-10-12 12:00:00,1.2313,1.23146,1.22014,1.22117
2023-10-12 16:00:00,1.22118,1.22242,1.21717,1.21758
2023-10-12 20:00:00,1.21757,1.21845,1.2173,1.21826
2023-10-13 00:00:00,1.21827,1.2208,1.21827,1.22033
2023-10-13 04:00:00,1.22032,1.22254,1.21852,1.22113
2023-10-13 08:00:00,1.22114,1.22197,1.21601,1.21846
2023-10-13 12:00:00,1.21848,1.22014,1.21316,1.21366
2023-10-13 16:00:00,1.21367,1.21466,1.21226,1.21403
2023-10-13 20:00:00,1.21404,1.21417,1.21339,1.21389
2023-10-15 20:00:00,1.21442,1.21575,1.21364,1.21548
2023-10-16 00:00:00,1.2155,1.21591,1.21451,1.21562
2023-10-16 04:00:00,1.21561,1.21781,1.21549,1.21753
2023-10-16 08:00:00,1.21752,1.21808,1.21429,1.21788
2023-10-16 12:00:00,1.21789,1.21998,1.21537,1.21965
2023-10-16 16:00:00,1.21966,1.22196,1.21907,1.22175
2023-10-16 20:00:00,1.22176,1.22188,1.22085,1.22116
2023-10-17 00:00:00,1.22115,1.2216,1.21935,1.22029
2023-10-17 04:00:00,1.22028,1.2203,1.21646,1.21764
2023-10-17 08:00:00,1.21761,1.21912,1.21497,1.21846
2023-10-17 12:00:00,1.21843,1.2204,1.21331,1.22037
2023-10-17 16:00:00,1.22036,1.2212,1.21711,1.21848
2023-10-17 20:00:00,1.21849,1.21873,1.217645,1.21782
2023-10-18 00:00:00,1.21781,1.218,1.21587,1.21758
2023-10-18 04:00:00,1.21759,1.22114,1.21747,1.21898
2023-10-18 08:00:00,1.21897,1.22104,1.21762,1.21892
2023-10-18 12:00:00,1.21893,1.22065,1.21389,1.21486
2023-10-18 16:00:00,1.21485,1.21765,1.21372,1.21401
2023-10-18 20:00:00,1.21402,1.21464,1.21383,1.21417
2023-10-19 00:00:00,1.21416,1.21462,1.2127,1.21278
2023-10-19 04:00:00,1.21277,1.2145,1.21113,1.2118
2023-10-19 08:00:00,1.21179,1.21262,1.20903,1.21211
2023-10-19 12:00:00,1.21212,1.21622,1.21194,1.21433
2023-10-19 16:00:00,1.21432,1.21918,1.21258,1.21493
2023-10-19 20:00:00,1.21492,1.21495,1.21338,1.21356
2023-10-20 00:00:00,1.21357,1.21446,1.21181,1.21377
2023-10-20 04:00:00,1.21378,1.21385,1.20934,1.21039
2023-10-20 08:00:00,1.21037,1.21454,1.2097,1.21406
2023-10-20 12:00:00,1.21407,1.21612,1.21203,1.21505
2023-10-20 16:00:00,1.21506,1.21704,1.21353,1.21607
2023-10-20 20:00:00,1.21606,1.21661,1.21596,1.21639
2023-10-22 20:00:00,1.21626,1.21663,1.21582,1.21632
2023-10-23 00:00:00,1.21631,1.2164,1.21481,1.21481
2023-10-23 04:00:00,1.21479,1.21713,1.21445,1.21683
2023-10-23 08:00:00,1.21684,1.2185,1.21434,1.21701
2023-10-23 12:00:00,1.217,1.22371,1.21506,1.22326
2023-10-23 16:00:00,1.22325,1.22585,1.22206,1.22446
2023-10-23 20:00:00,1.22445,1.22539,1.22421,1.22491
2023-10-24 00:00:00,1.22492,1.22741,1.2247,1.22657
2023-10-24 04:00:00,1.22658,1.22888,1.22589,1.22627
2023-10-24 08:00:00,1.22626,1.2266,1.22106,1.22195
2023-10-24 12:00:00,1.22194,1.22216,1.21589,1.21682
2023-10-24 16:00:00,1.21681,1.21727,1.21535,1.21632
2023-10-24 20:00:00,1.21633,1.2167,1.21563,1.21622
2023-10-25 00:00:00,1.21623,1.21754,1.2161,1.21713
2023-10-25 04:00:00,1.21714,1.21763,1.21378,1.21416
2023-10-25 08:00:00,1.21417,1.21508,1.21136,1.21184
2023-10-25 12:00:00,1.21183,1.21563,1.21163,1.21379
2023-10-25 16:00:00,1.21377,1.21403,1.21124,1.21125
2023-10-25 20:00:00,1.21126,1.21145,1.2095,1.21024
2023-10-26 00:00:00,1.21025,1.2105,1.2077,1.20806
2023-10-26 04:00:00,1.20807,1.20933,1.20698,1.20894
2023-10-26 08:00:00,1.20893,1.20963,1.20745,1.20857
2023-10-26 12:00:00,1.20856,1.21338,1.20788,1.21113
2023-10-26 16:00:00,1.21113,1.21398,1.20983,1.21219
2023-10-26 20:00:00,1.21217,1.21391,1.21183,1.21364
2023-10-27 00:00:00,1.21363,1.21393,1.21225,1.21343
2023-10-27 04:00:00,1.21344,1.21416,1.21123,1.21192
2023-10-27 08:00:00,1.21193,1.2143,1.21057,1.21089
2023-10-27 12:00:00,1.2109,1.21627,1.21066,1.21499
2023-10-27 16:00:00,1.21501,1.21544,1.21106,1.21204
2023-10-27 20:00:00,1.21205,1.21233,1.21178,1.21229
2023-10-29 20:00:00,1.21233,1.21266,1.21105,1.21131
2023-10-30 00:00:00,1.2113,1.21214,1.21064,1.21205
2023-10-30 04:00:00,1.21206,1.21334,1.20922,1.20985
2023-10-30 08:00:00,1.20982,1.21419,1.20903,1.21256
2023-10-30 12:00:00,1.21255,1.2165,1.21202,1.2156
2023-10-30 16:00:00,1.21558,1.21747,1.21414,1.21736
2023-10-30 20:00:00,1.21735,1.21735,1.2163,1.21638
2023-10-31 00:00:00,1.21637,1.21638,1.21371,1.21443
2023-10-31 04:00:00,1.21443,1.21614,1.21388,1.21563
2023-10-31 08:00:00,1.21564,1.22006,1.21458,1.21799
2023-10-31 12:00:00,1.21797,1.2186,1.21198,1.21334
2023-10-31 16:00:00,1.21335,1.21555,1.21235,1.21529
2023-10-31 20:00:00,1.2153,1.21548,1.21421,1.21504
2023-11-01 00:00:00,1.21505,1.21523,1.21341,1.21451
2023-11-01 04:00:00,1.2145,1.21611,1.21317,1.21524
2023-11-01 08:00:00,1.21523,1.21609,1.21234,1.21258
2023-11-01 12:00:00,1.2126,1.21645,1.20959,1.21263
2023-11-01 16:00:00,1.21262,1.21569,1.20978,1.21484
2023-11-01 20:00:00,1.21483,1.21817,1.21426,1.21817
2023-11-02 00:00:00,1.21822,1.21966,1.21795,1.21921
2023-11-02 04:00:00,1.21922,1.21925,1.21641,1.21697
2023-11-02 08:00:00,1.21699,1.21996,1.21554,1.21949
2023-11-02 12:00:00,1.2195,1.22256,1.21677,1.21733
2023-11-02 16:00:00,1.21732,1.22095,1.21688,1.22084
2023-11-02 20:00:00,1.22083,1.22092,1.21894,1.21895
2023-11-03 00:00:00,1.21896,1.22046,1.21847,1.22
2023-11-03 04:00:00,1.22001,1.22138,1.21971,1.21997
2023-11-03 08:00:00,1.21998,1.22309,1.21861,1.22267
2023-11-03 12:00:00,1.22268,1.23748,1.22252,1.23716
2023-11-03 16:00:00,1.23714,1.23895,1.23583,1.23735
2023-11-03 20:00:00,1.23736,1.23832,1.23732,1.23804
2023-11-05 20:00:00,1.23744,1.23778,1.23676,1.23721
2023-11-06 00:00:00,1.23722,1.2376,1.23654,1.23753
2023-11-06 04:00:00,1.23754,1.23963,1.23708,1.23826
2023-11-06 08:00:00,1.23822,1.24265,1.23766,1.24236
2023-11-06 12:00:00,1.24238,1.24285,1.23714,1.239
2023-11-06 16:00:00,1.23899,1.23981,1.2351,1.23517
2023-11-06 20:00:00,1.23512,1.23522,1.23382,1.23438
2023-11-07 00:00:00,1.23439,1.23472,1.23334,1.23342
2023-11-07 04:00:00,1.23343,1.2337,1.23118,1.2315
2023-11-07 08:00:00,1.23151,1.23322,1.22755,1.2289
2023-11-07 12:00:00,1.22892,1.23111,1.22837,1.22988
2023-11-07 16:00:00,1.22989,1.23119,1.22627,1.22962
2023-11-07 20:00:00,1.22961,1.23031,1.22878,1.22912
2023-11-08 00:00:00,1.22913,1.22964,1.22782,1.22808
2023-11-08 04:00:00,1.22809,1.22845,1.22649,1.22726
2023-11-08 08:00:00,1.22728,1.22766,1.22419,1.22678
2023-11-08 12:00:00,1.22679,1.22892,1.22509,1.22867
2023-11-08 16:00:00,1.22868,1.23016,1.22823,1.22839
2023-11-08 20:00:00,1.22838,1.22905,1.22814,1.22853
2023-11-09 00:00:00,1.22854,1.22941,1.22748,1.22822
2023-11-09 04:00:00,1.2282,1.22896,1.22758,1.22824
2023-11-09 08:00:00,1.22823,1.23087,1.22537,1.22618
2023-11-09 12:00:00,1.22617,1.22954,1.22523,1.2287
2023-11-09 16:00:00,1.22869,1.22893,1.22129,1.22203
2023-11-09 20:00:00,1.22206,1.22299,1.22155,1.22162
2023-11-10 00:00:00,1.22163,1.22285,1.22123,1.22214
2023-11-10 04:00:00,1.22215,1.2238,1.22167,1.22275
2023-11-10 08:00:00,1.22276,1.22354,1.22031,1.22076
2023-11-10 12:00:00,1.22074,1.22273,1.21873,1.21964
2023-11-10 16:00:00,1.21965,1.22316,1.21927,1.22181
2023-11-10 20:00:00,1.2218,1.22287,1.22152,1.22268
2023-11-12 20:00:00,1.22264,1.22324,1.22159,1.22296
2023-11-13 00:00:00,1.22297,1.22362,1.22233,1.22275
2023-11-13 04:00:00,1.22273,1.22443,1.2227,1.22371
2023-11-13 08:00:00,1.22367,1.22557,1.22317,1.22502
2023-11-13 12:00:00,1.225,1.2259,1.22296,1.22527
2023-11-13 16:00:00,1.22528,1.22795,1.22479,1.22782
2023-11-13 20:00:00,1.22781,1.22809,1.22719,1.228
2023-11-14 00:00:00,1.22802,1.22806,1.22693,1.22711
2023-11-14 04:00:00,1.2271,1.23012,1.22653,1.22954
2023-11-14 08:00:00,1.22955,1.23078,1.22762,1.22807
2023-11-14 12:00:00,1.22808,1.24748,1.22803,1.24569
2023-11-14 16:00:00,1.24568,1.25,1.24559,1.24997
2023-11-14 20:00:00,1.24996,1.2506,1.24911,1.24936
2023-11-15 00:00:00,1.24937,1.2496,1.24794,1.24949
2023-11-15 04:00:00,1.24951,1.24978,1.24646,1.24699
2023-11-15 08:00:00,1.247,1.24765,1.24538,1.2472
2023-11-15 12:00:00,1.24721,1.247965,1.24037,1.24424
2023-11-15 16:00:00,1.24423,1.24542,1.24105,1.24185
2023-11-15 20:00:00,1.24184,1.24223,1.24068,1.24221
2023-11-16 00:00:00,1.2422,1.24243,1.23804,1.23883
2023-11-16 04:00:00,1.23884,1.23991,1.23768,1.23801
2023-11-16 08:00:00,1.238,1.24134,1.23767,1.24043
2023-11-16 12:00:00,1.24044,1.2456,1.23823,1.24405
2023-11-16 16:00:00,1.24406,1.24491,1.24142,1.2418
2023-11-16 20:00:00,1.24179,1.24187,1.24062,1.24144
2023-11-17 00:00:00,1.24145,1.24226,1.24041,1.24075
2023-11-17 04:00:00,1.24076,1.24188,1.23741,1.23844
2023-11-17 08:00:00,1.23845,1.24378,1.2379,1.24292
2023-11-17 12:00:00,1.24291,1.24403,1.24052,1.24343
2023-11-17 16:00:00,1.24342,1.24578,1.24177,1.24487
2023-11-17 20:00:00,1.24485,1.24649,1.24469,1.24617
2023-11-20 00:00:00,1.24696,1.24857,1.24688,1.24847
2023-11-20 04:00:00,1.24848,1.24957,1.24714,1.24749
2023-11-20 08:00:00,1.2475,1.25104,1.24614,1.24711
2023-11-20 12:00:00,1.24708,1.24946,1.24623,1.24927
2023-11-20 16:00:00,1.24928,1.25176,1.24902,1.25104
2023-11-20 20:00:00,1.25103,1.25139,1.24999,1.25084
2023-11-21 00:00:00,1.25083,1.25388,1.25047,1.25385
2023-11-21 04:00:00,1.25383,1.25402,1.25216,1.25242
2023-11-21 08:00:00,1.25244,1.25536,1.25202,1.25292
2023-11-21 12:00:00,1.25293,1.25593,1.25269,1.25369
2023-11-21 16:00:00,1.25368,1.25513,1.25178,1.25412
2023-11-21 20:00:00,1.25408,1.25455,1.25299,1.25435
2023-11-22 00:00:00,1.25436,1.25496,1.2532,1.2539
2023-11-22 04:00:00,1.25387,1.25412,1.25133,1.25265
2023-11-22 08:00:00,1.25268,1.2538,1.25071,1.25354
2023-11-22 12:00:00,1.25353,1.25485,1.24492,1.24588
2023-11-22 16:00:00,1.24589,1.24951,1.24531,1.24905
2023-11-22 20:00:00,1.24904,1.24972,1.2488,1.24893
2023-11-23 00:00:00,1.24894,1.25066,1.24891,1.25058
2023-11-23 04:00:00,1.25057,1.25189,1.25005,1.25178
2023-11-23 08:00:00,1.25179,1.25727,1.25037,1.25568
2023-11-23 12:00:00,1.25564,1.25586,1.25253,1.25389
2023-11-23 16:00:00,1.25387,1.25394,1.25287,1.25345
2023-11-23 20:00:00,1.25344,1.2537,1.253085,1.25328
2023-11-24 00:00:00,1.25329,1.25448,1.25246,1.25358
2023-11-24 04:00:00,1.25359,1.2546,1.25266,1.25325
2023-11-24 08:00:00,1.25322,1.25704,1.25294,1.25682
2023-11-24 12:00:00,1.25685,1.26154,1.25616,1.26127
2023-11-24 16:00:00,1.26128,1.26148,1.25962,1.260895
2023-11-24 20:00:00,1.260905,1.2612,1.26026,1.26089
2023-11-26 20:00:00,1.26034,1.2607,1.25986,1.25996
2023-11-27 00:00:00,1.25997,1.26103,1.25913,1.26058
2023-11-27 04:00:00,1.26057,1.26271,1.26,1.26175
2023-11-27 08:00:00,1.26173,1.26365,1.26024,1.26348
2023-11-27 12:00:00,1.26349,1.26443,1.26032,1.26058
2023-11-27 16:00:00,1.26059,1.26339,1.26008,1.26328
2023-11-27 20:00:00,1.26327,1.26351,1.26236,1.2635
2023-11-28 00:00:00,1.26349,1.2642,1.26296,1.26319
2023-11-28 04:00:00,1.26318,1.26329,1.26092,1.26119
2023-11-28 08:00:00,1.26123,1.264,1.2607,1.262
2023-11-28 12:00:00,1.26199,1.26987,1.26083,1.2683
2023-11-28 16:00:00,1.26831,1.2715,1.26733,1.26988
2023-11-28 20:00:00,1.26987,1.27129,1.26804,1.27129
2023-11-29 00:00:00,1.27128,1.27333,1.27038,1.27079
2023-11-29 04:00:00,1.27078,1.27218,1.26902,1.26979
2023-11-29 08:00:00,1.26976,1.27138,1.26738,1.26888
2023-11-29 12:00:00,1.26887,1.2711,1.26648,1.26969
2023-11-29 16:00:00,1.26967,1.27278,1.26701,1.27077
2023-11-29 20:00:00,1.27076,1.27084,1.26902,1.2695
2023-11-30 00:00:00,1.26951,1.2706,1.26907,1.26987
2023-11-30 04:00:00,1.26986,1.2709,1.26785,1.26938
2023-11-30 08:00:00,1.2694,1.27108,1.26316,1.26396
2023-11-30 12:00:00,1.26397,1.2678,1.26035,1.26574
2023-11-30 16:00:00,1.26573,1.2664,1.26132,1.26235
2023-11-30 20:00:00,1.26234,1.26334,1.26124,1.26313
2023-12-01 00:00:00,1.26314,1.26565,1.26306,1.26344
2023-12-01 04:00:00,1.26343,1.26455,1.26292,1.26335
2023-12-01 08:00:00,1.26334,1.26751,1.26302,1.26462
2023-12-01 12:00:00,1.26463,1.26556,1.26139,1.26364
2023-12-01 16:00:00,1.26365,1.27161,1.26255,1.27002
2023-12-01 20:00:00,1.27003,1.27123,1.26981,1.27108
2023-12-03 20:00:00,1.2706,1.27249,1.26979,1.27113
2023-12-04 00:00:00,1.27115,1.27125,1.26673,1.26776
2023-12-04 04:00:00,1.26775,1.26856,1.26618,1.26645
2023-12-04 08:00:00,1.26644,1.26876,1.26533,1.26835
2023-12-04 12:00:00,1.26834,1.26846,1.2604,1.26105
2023-12-04 16:00:00,1.26104,1.26357,1.26055,1.26224
2023-12-04 20:00:00,1.26226,1.26346,1.26215,1.26335
2023-12-05 00:00:00,1.26336,1.26445,1.26278,1.26335
2023-12-05 04:00:00,1.26334,1.26414,1.26064,1.26095
2023-12-05 08:00:00,1.26098,1.26457,1.26092,1.26226
2023-12-05 12:00:00,1.26225,1.2652,1.25992,1.26129
2023-12-05 16:00:00,1.26131,1.26193,1.25774,1.25828
2023-12-05 20:00:00,1.25827,1.25985,1.25798,1.25945
2023-12-06 00:00:00,1.25946,1.26127,1.25925,1.26108
2023-12-06 04:00:00,1.26107,1.26138,1.25939,1.26076
2023-12-06 08:00:00,1.26075,1.26118,1.25819,1.25874
2023-12-06 12:00:00,1.25875,1.26048,1.25816,1.25929
2023-12-06 16:00:00,1.25928,1.26048,1.25584,1.25616
2023-12-06 20:00:00,1.25615,1.25643,1.25518,1.25578
2023-12-07 00:00:00,1.25581,1.25649,1.25484,1.25491
2023-12-07 04:00:00,1.2549,1.25859,1.25445,1.25811
2023-12-07 08:00:00,1.25812,1.25934,1.2562,1.25712
2023-12-07 12:00:00,1.25711,1.25938,1.25457,1.25741
2023-12-07 16:00:00,1.25742,1.26125,1.25692,1.25921
2023-12-07 20:00:00,1.25919,1.25997,1.25834,1.25876
2023-12-08 00:00:00,1.25879,1.26015,1.25846,1.25913
2023-12-08 04:00:00,1.25914,1.25963,1.25603,1.25655
2023-12-08 08:00:00,1.25654,1.25869,1.25547,1.25797
2023-12-08 12:00:00,1.25796,1.25844,1.25025,1.25461
2023-12-08 16:00:00,1.25463,1.2556,1.25232,1.25503
2023-12-08 20:00:00,1.25502,1.25504,1.25434,1.25491
2023-12-10 20:00:00,1.25409,1.25546,1.25357,1.25544
2023-12-11 00:00:00,1.25545,1.25589,1.25406,1.25413
2023-12-11 04:00:00,1.25412,1.25478,1.25352,1.25407
2023-12-11 08:00:00,1.25408,1.259,1.25394,1.259
2023-12-11 12:00:00,1.25904,1.2591,1.25485,1.25503
2023-12-11 16:00:00,1.25504,1.25678,1.25384,1.25552
2023-12-11 20:00:00,1.25551,1.25606,1.25521,1.25535
2023-12-12 00:00:00,1.25537,1.2576,1.25533,1.25754
2023-12-12 04:00:00,1.25753,1.25844,1.25604,1.25639
2023-12-12 08:00:00,1.2564,1.25813,1.25427,1.25709
2023-12-12 12:00:00,1.2571,1.26161,1.25144,1.25606
2023-12-12 16:00:00,1.25608,1.25717,1.25422,1.25633
2023-12-12 20:00:00,1.25634,1.25721,1.2558,1.25689
2023-12-13 00:00:00,1.2569,1.2571,1.25485,1.25524
2023-12-13 04:00:00,1.25522,1.25606,1.25185,1.2521
2023-12-13 08:00:00,1.25211,1.25372,1.25096,1.25279
2023-12-13 12:00:00,1.25278,1.25488,1.25055,1.25256
2023-12-13 16:00:00,1.25255,1.26315,1.25009,1.26273
2023-12-13 20:00:00,1.26271,1.2635,1.26091,1.26214
2023-12-14 00:00:00,1.26213,1.26527,1.26197,1.26455
2023-12-14 04:00:00,1.26456,1.26469,1.26121,1.262
2023-12-14 08:00:00,1.26201,1.26801,1.26155,1.26631
2023-12-14 12:00:00,1.26635,1.27634,1.26632,1.27595
2023-12-14 16:00:00,1.27594,1.27942,1.27484,1.2758
2023-12-14 20:00:00,1.27581,1.27719,1.27544,1.27708
2023-12-15 00:00:00,1.27707,1.2771,1.27475,1.27666
2023-12-15 04:00:00,1.27667,1.27741,1.27528,1.27683
2023-12-15 08:00:00,1.27681,1.27904,1.27404,1.27714
2023-12-15 12:00:00,1.27713,1.27752,1.26953,1.26991
2023-12-15 16:00:00,1.26992,1.27161,1.26686,1.26902
2023-12-15 20:00:00,1.26901,1.26966,1.26702,1.26808
2023-12-17 20:00:00,1.26756,1.26782,1.26658,1.26716
2023-12-18 00:00:00,1.26717,1.26996,1.26712,1.26945
2023-12-18 04:00:00,1.26944,1.27039,1.26858,1.26909
2023-12-18 08:00:00,1.2691,1.26955,1.26459,1.26546
2023-12-18 12:00:00,1.26545,1.26727,1.2636,1.26444
2023-12-18 16:00:00,1.26445,1.26562,1.26288,1.264
2023-12-18 20:00:00,1.26401,1.26529,1.26381,1.26529
2023-12-19 00:00:00,1.2653,1.26643,1.26495,1.26603
2023-12-19 04:00:00,1.26602,1.26776,1.26513,1.26677
2023-12-19 08:00:00,1.26675,1.27132,1.26647,1.27023
2023-12-19 12:00:00,1.27024,1.27579,1.27022,1.27387
2023-12-19 16:00:00,1.27388,1.2762,1.27201,1.27229
2023-12-19 20:00:00,1.2723,1.27346,1.27163,1.27303
2023-12-20 00:00:00,1.27302,1.27304,1.27159,1.27197
2023-12-20 04:00:00,1.27198,1.27259,1.26477,1.26635
2023-12-20 08:00:00,1.26636,1.26797,1.26495,1.2651
2023-12-20 12:00:00,1.26509,1.2682,1.26301,1.2668
2023-12-20 16:00:00,1.26681,1.26754,1.26403,1.26422
2023-12-20 20:00:00,1.26421,1.26507,1.26252,1.264
2023-12-21 00:00:00,1.26401,1.26505,1.26306,1.26343
2023-12-21 04:00:00,1.26344,1.26511,1.26316,1.26373
2023-12-21 08:00:00,1.26369,1.26748,1.26124,1.26662
2023-12-21 12:00:00,1.26664,1.26959,1.26444,1.26557
2023-12-21 16:00:00,1.26556,1.26925,1.26432,1.26852
2023-12-21 20:00:00,1.26852,1.26926,1.26785,1.26831
2023-12-22 00:00:00,1.26833,1.26917,1.26791,1.26835
2023-12-22 04:00:00,1.26837,1.2715,1.26814,1.26946
2023-12-22 08:00:00,1.26943,1.27436,1.26827,1.27338
2023-12-22 12:00:00,1.27341,1.27444,1.26932,1.27159
2023-12-22 16:00:00,1.2716,1.27285,1.26903,1.27034
2023-12-22 20:00:00,1.27035,1.27054,1.26962,1.26978
2023-12-25 20:00:00,1.269,1.27125,1.26881,1.27042
2023-12-26 00:00:00,1.27043,1.27131,1.26991,1.2712
2023-12-26 04:00:00,1.27121,1.27132,1.26906,1.26949
2023-12-26 08:00:00,1.2695,1.27036,1.26867,1.26943
2023-12-26 12:00:00,1.26942,1.27202,1.26846,1.27047
2023-12-26 16:00:00,1.27049,1.27241,1.27023,1.27232
2023-12-26 20:00:00,1.27231,1.27306,1.27172,1.27263
2023-12-27 00:00:00,1.27262,1.27288,1.27165,1.27246
2023-12-27 04:00:00,1.27247,1.27354,1.27244,1.27259
2023-12-27 08:00:00,1.27258,1.2739,1.26989,1.27355
2023-12-27 12:00:00,1.27354,1.27886,1.27315,1.27886
2023-12-27 16:00:00,1.27887,1.28028,1.27837,1.27941
2023-12-27 20:00:00,1.27942,1.28031,1.27909,1.28002
2023-12-28 00:00:00,1.28001,1.28147,1.27989,1.2813
2023-12-28 04:00:00,1.28129,1.28277,1.2805,1.28186
2023-12-28 08:00:00,1.28191,1.28191,1.27878,1.27918
2023-12-28 12:00:00,1.27917,1.2792,1.27376,1.27708
2023-12-28 16:00:00,1.27709,1.27711,1.27127,1.27269
2023-12-28 20:00:00,1.27268,1.27403,1.27249,1.27345
2023-12-29 00:00:00,1.27346,1.27472,1.27295,1.27377
2023-12-29 04:00:00,1.27378,1.27728,1.27368,1.27469
2023-12-29 08:00:00,1.2747,1.27571,1.27007,1.2746
2023-12-29 12:00:00,1.27459,1.27597,1.2701,1.27475
2023-12-29 16:00:00,1.27476,1.2767,1.27307,1.27465
2023-12-29 20:00:00,1.27466,1.27561,1.27305,1.27312
2024-01-01 20:00:00,1.27276,1.27351,1.27206,1.27277
2024-01-02 00:00:00,1.27276,1.27336,1.271,1.27188
2024-01-02 04:00:00,1.2719,1.2744,1.27111,1.27324
2024-01-02 08:00:00,1.27327,1.276,1.26543,1.26626
2024-01-02 12:00:00,1.26629,1.26632,1.26154,1.26253
2024-01-02 16:00:00,1.26252,1.26371,1.26109,1.26202
2024-01-02 20:00:00,1.26203,1.26267,1.26161,1.2623
2024-01-03 00:00:00,1.26231,1.26412,1.26202,1.26409
2024-01-03 04:00:00,1.26408,1.2647,1.26245,1.26436
2024-01-03 08:00:00,1.26437,1.26526,1.26188,1.26272
2024-01-03 12:00:00,1.26271,1.26565,1.26163,1.2628
2024-01-03 16:00:00,1.26281,1.26768,1.26273,1.26642
2024-01-03 20:00:00,1.26644,1.2674,1.26548,1.26734
2024-01-04 00:00:00,1.26733,1.26737,1.26571,1.26737
2024-01-04 04:00:00,1.26736,1.26939,1.26632,1.26929
2024-01-04 08:00:00,1.26931,1.27298,1.2682,1.26904
2024-01-04 12:00:00,1.26903,1.27107,1.26649,1.26991
2024-01-04 16:00:00,1.26993,1.27043,1.26728,1.26832
2024-01-04 20:00:00,1.26833,1.26928,1.26774,1.26816
2024-01-05 00:00:00,1.26815,1.26965,1.26793,1.26813
2024-01-05 04:00:00,1.26812,1.26864,1.26651,1.26789
2024-01-05 08:00:00,1.26788,1.26893,1.26505,1.26536
2024-01-05 12:00:00,1.26537,1.27709,1.26115,1.2752
2024-01-05 16:00:00,1.27521,1.27554,1.27104,1.27235
2024-01-05 20:00:00,1.27234,1.27239,1.27159,1.27188
2024-01-07 20:00:00,1.27214,1.27224,1.27088,1.27172
2024-01-08 00:00:00,1.27173,1.273,1.26993,1.27019
2024-01-08 04:00:00,1.2702,1.27202,1.26982,1.27084
2024-01-08 08:00:00,1.27083,1.27135,1.26735,1.26984
2024-01-08 12:00:00,1.26985,1.27559,1.26984,1.275
2024-01-08 16:00:00,1.27503,1.27672,1.27402,1.27591
2024-01-08 20:00:00,1.27588,1.27588,1.27407,1.27415
2024-01-09 00:00:00,1.27414,1.2765,1.27408,1.27562
2024-01-09 04:00:00,1.27563,1.27563,1.27343,1.27472
2024-01-09 08:00:00,1.27471,1.27473,1.27074,1.27133
2024-01-09 12:00:00,1.27134,1.27357,1.27014,1.27034
2024-01-09 16:00:00,1.27034,1.27189,1.26897,1.26998
2024-01-09 20:00:00,1.26999,1.27124,1.26999,1.27111
2024-01-10 00:00:00,1.27114,1.27182,1.26988,1.26996
2024-01-10 04:00:00,1.26993,1.27058,1.26864,1.26976
2024-01-10 08:00:00,1.26977,1.27346,1.26969,1.27256
2024-01-10 12:00:00,1.27255,1.2741,1.27133,1.27364
2024-01-10 16:00:00,1.27365,1.27427,1.27186,1.27426
2024-01-10 20:00:00,1.27425,1.27447,1.27304,1.27444
2024-01-11 00:00:00,1.27445,1.27699,1.27443,1.27667
2024-01-11 04:00:00,1.27666,1.27745,1.27597,1.27649
2024-01-11 08:00:00,1.2765,1.27684,1.27339,1.27658
2024-01-11 12:00:00,1.27661,1.27856,1.26903,1.2714
2024-01-11 16:00:00,1.27141,1.27654,1.26998,1.27628
2024-01-11 20:00:00,1.27627,1.27793,1.27419,1.27789
2024-01-12 00:00:00,1.2779,1.27849,1.27659,1.27764
2024-01-12 04:00:00,1.27763,1.27785,1.27545,1.2756
2024-01-12 08:00:00,1.27558,1.27795,1.27252,1.27256
2024-01-12 12:00:00,1.27251,1.27857,1.27197,1.27618
2024-01-12 16:00:00,1.27617,1.27688,1.27325,1.27477
2024-01-12 20:00:00,1.27476,1.27548,1.27428,1.27544
2024-01-14 20:00:00,1.27466,1.27521,1.27351,1.27357
2024-01-15 00:00:00,1.27359,1.27656,1.27288,1.27588
2024-01-15 04:00:00,1.27589,1.27602,1.27413,1.27437
2024-01-15 08:00:00,1.27439,1.27593,1.27131,1.27315
2024-01-15 12:00:00,1.27313,1.27394,1.27132,1.27309
2024-01-15 16:00:00,1.2731,1.27386,1.27263,1.27267
2024-01-15 20:00:00,1.27268,1.2731,1.27148,1.27155
2024-01-16 00:00:00,1.27154,1.27168,1.26786,1.26823
2024-01-16 04:00:00,1.26824,1.26871,1.26612,1.26731
2024-01-16 08:00:00,1.2673,1.26767,1.26205,1.26463
2024-01-16 12:00:00,1.26462,1.26727,1.26375,1.26656
2024-01-16 16:00:00,1.26657,1.26792,1.26197,1.26318
2024-01-16 20:00:00,1.26319,1.26401,1.26281,1.26379
2024-01-17 00:00:00,1.2638,1.26439,1.26167,1.26193
2024-01-17 04:00:00,1.26191,1.26572,1.25967,1.26566
2024-01-17 08:00:00,1.26567,1.26965,1.26439,1.26918
2024-01-17 12:00:00,1.26919,1.26926,1.26386,1.26574
2024-01-17 16:00:00,1.26573,1.26857,1.26562,1.2678
2024-01-17 20:00:00,1.26779,1.26871,1.26736,1.26772
2024-01-18 00:00:00,1.2677,1.26956,1.26713,1.26823
2024-01-18 04:00:00,1.26822,1.27041,1.2678,1.26981
2024-01-18 08:00:00,1.26979,1.26985,1.26728,1.26851
2024-01-18 12:00:00,1.26852,1.26916,1.26482,1.26734
2024-01-18 16:00:00,1.26733,1.27018,1.26704,1.26862
2024-01-18 20:00:00,1.26863,1.27122,1.26848,1.27113
2024-01-19 00:00:00,1.27114,1.27146,1.27002,1.2713
2024-01-19 04:00:00,1.27131,1.27133,1.26725,1.26863
2024-01-19 08:00:00,1.2686,1.26909,1.26657,1.26812
2024-01-19 12:00:00,1.26814,1.26867,1.26615,1.26801
2024-01-19 16:00:00,1.268,1.26994,1.26655,1.2697
2024-01-19 20:00:00,1.26971,1.27065,1.26948,1.27042
2024-01-21 20:00:00,1.26915,1.27088,1.26908,1.26995
2024-01-22 00:00:00,1.26996,1.27184,1.26962,1.27131
2024-01-22 04:00:00,1.2713,1.27248,1.26979,1.27035
2024-01-22 08:00:00,1.27034,1.27147,1.26871,1.27143
2024-01-22 12:00:00,1.27142,1.27318,1.27101,1.27203
2024-01-22 16:00:00,1.27204,1.2733,1.26981,1.2705
2024-01-22 20:00:00,1.27052,1.27143,1.27003,1.27063
2024-01-23 00:00:00,1.27064,1.27288,1.27061,1.27249
2024-01-23 04:00:00,1.2725,1.27474,1.27235,1.27424
2024-01-23 08:00:00,1.27425,1.27444,1.27001,1.27066
2024-01-23 12:00:00,1.27065,1.27184,1.26586,1.26658
2024-01-23 16:00:00,1.26657,1.26827,1.26494,1.26806
2024-01-23 20:00:00,1.26805,1.26944,1.26787,1.26915
2024-01-24 00:00:00,1.26914,1.27006,1.26858,1.26964
2024-01-24 04:00:00,1.26965,1.27129,1.26961,1.27045
2024-01-24 08:00:00,1.27046,1.27735,1.2704,1.27406
2024-01-24 12:00:00,1.27407,1.27749,1.27283,1.2753
2024-01-24 16:00:00,1.27529,1.27546,1.27136,1.27255
2024-01-24 20:00:00,1.27256,1.27312,1.27147,1.27184
2024-01-25 00:00:00,1.27183,1.27195,1.27035,1.27132
2024-01-25 04:00:00,1.27131,1.2734,1.27074,1.27319
2024-01-25 08:00:00,1.2732,1.27428,1.27204,1.2733
2024-01-25 12:00:00,1.27332,1.27405,1.26953,1.26997
2024-01-25 16:00:00,1.26996,1.27072,1.26819,1.2701
2024-01-25 20:00:00,1.27009,1.27125,1.2696,1.27062
2024-01-26 00:00:00,1.27063,1.27162,1.2701,1.27109
2024-01-26 04:00:00,1.27108,1.27118,1.26757,1.26823
2024-01-26 08:00:00,1.26822,1.27466,1.26814,1.27423
2024-01-26 12:00:00,1.27424,1.27585,1.27205,1.27227
2024-01-26 16:00:00,1.27228,1.27243,1.2699,1.27051
2024-01-26 20:00:00,1.27053,1.27099,1.27001,1.27022
2024-01-28 20:00:00,1.26989,1.27049,1.26912,1.26968
2024-01-29 00:00:00,1.26969,1.27063,1.26916,1.2703
2024-01-29 04:00:00,1.27031,1.27191,1.2701,1.2711
2024-01-29 08:00:00,1.27109,1.27148,1.26922,1.26952
2024-01-29 12:00:00,1.26951,1.27129,1.26622,1.26781
2024-01-29 16:00:00,1.2678,1.2693,1.26739,1.26921
2024-01-29 20:00:00,1.26928,1.27176,1.26928,1.27125
2024-01-30 00:00:00,1.27126,1.27212,1.27057,1.27079
2024-01-30 04:00:00,1.2708,1.2712,1.26838,1.2696
2024-01-30 08:00:00,1.26962,1.26992,1.26717,1.26782
2024-01-30 12:00:00,1.26781,1.26879,1.26403,1.26656
2024-01-30 16:00:00,1.26654,1.26966,1.26596,1.26958
2024-01-30 20:00:00,1.26959,1.27015,1.26895,1.26949
2024-01-31 00:00:00,1.2695,1.2701,1.26728,1.26767
2024-01-31 04:00:00,1.26766,1.26829,1.26668,1.26752
2024-01-31 08:00:00,1.26751,1.26974,1.26673,1.26845
2024-01-31 12:00:00,1.26847,1.27508,1.26788,1.27331
2024-01-31 16:00:00,1.2733,1.27395,1.26856,1.27117
2024-01-31 20:00:00,1.27124,1.27128,1.26584,1.26797
2024-02-01 00:00:00,1.26798,1.26982,1.26745,1.26847
2024-02-01 04:00:00,1.26848,1.26862,1.26424,1.26546
2024-02-01 08:00:00,1.26544,1.26589,1.26255,1.26419
2024-02-01 12:00:00,1.26418,1.26857,1.2636,1.26821
2024-02-01 16:00:00,1.2682,1.27557,1.26796,1.27473
2024-02-01 20:00:00,1.27475,1.27508,1.27421,1.27462
2024-02-02 00:00:00,1.27463,1.2755,1.27425,1.27485
2024-02-02 04:00:00,1.27484,1.27573,1.27434,1.27508
2024-02-02 08:00:00,1.27509,1.27724,1.27423,1.27592
2024-02-02 12:00:00,1.27594,1.27692,1.26336,1.26566
2024-02-02 16:00:00,1.26568,1.26587,1.26142,1.26389
2024-02-02 20:00:00,1.26388,1.2643,1.26317,1.26333
2024-02-04 20:00:00,1.26354,1.26387,1.261145,1.26218
2024-02-05 00:00:00,1.26215,1.26264,1.25989,1.26118
2024-02-05 04:00:00,1.26116,1.26238,1.26036,1.26167
2024-02-05 08:00:00,1.26166,1.26296,1.25722,1.25742
2024-02-05 12:00:00,1.25743,1.25763,1.25183,1.25202
2024-02-05 16:00:00,1.25201,1.25443,1.25196,1.25346
2024-02-05 20:00:00,1.25344,1.25399,1.25265,1.25339
2024-02-06 00:00:00,1.2534,1.25494,1.25337,1.25419
2024-02-06 04:00:00,1.25418,1.25653,1.25418,1.25551
2024-02-06 08:00:00,1.25552,1.25647,1.25364,1.25545
2024-02-06 12:00:00,1.25543,1.25844,1.2541,1.25769
2024-02-06 16:00:00,1.2577,1.26007,1.25731,1.25943
2024-02-06 20:00:00,1.25942,1.26061,1.25936,1.26038
2024-02-07 00:00:00,1.26039,1.2613,1.25972,1.26017
2024-02-07 04:00:00,1.26016,1.26284,1.25983,1.26281
2024-02-07 08:00:00,1.2628,1.2638,1.26163,1.26316
2024-02-07 12:00:00,1.26315,1.26419,1.262,1.26313
2024-02-07 16:00:00,1.26314,1.26344,1.26166,1.26286
2024-02-07 20:00:00,1.26285,1.26328,1.26224,1.26268
2024-02-08 00:00:00,1.26267,1.26387,1.26253,1.26326
2024-02-08 04:00:00,1.26327,1.26379,1.26244,1.26279
2024-02-08 08:00:00,1.26276,1.26347,1.26004,1.26061
2024-02-08 12:00:00,1.2606,1.26118,1.25719,1.26047
2024-02-08 16:00:00,1.26048,1.26297,1.26037,1.26156
2024-02-08 20:00:00,1.26157,1.26211,1.26131,1.26207
2024-02-09 00:00:00,1.26206,1.26225,1.26132,1.26154
2024-02-09 04:00:00,1.26156,1.26344,1.26117,1.26326
2024-02-09 08:00:00,1.26325,1.26349,1.26014,1.26084
2024-02-09 12:00:00,1.26083,1.26431,1.25991,1.26345
2024-02-09 16:00:00,1.26346,1.26377,1.26215,1.26285
2024-02-09 20:00:00,1.26287,1.26357,1.26253,1.26281
2024-02-11 20:00:00,1.26252,1.26373,1.26244,1.26366
2024-02-12 00:00:00,1.26367,1.2644,1.26267,1.26288
2024-02-12 04:00:00,1.26289,1.26547,1.26273,1.26468
2024-02-12 08:00:00,1.26467,1.26468,1.26102,1.26157
2024-02-12 12:00:00,1.26158,1.26262,1.26063,1.26153
2024-02-12 16:00:00,1.26152,1.26406,1.26135,1.26244
2024-02-12 20:00:00,1.26245,1.26311,1.26245,1.26268
2024-02-13 00:00:00,1.26269,1.2628,1.26107,1.26109
2024-02-13 04:00:00,1.26107,1.26557,1.26092,1.26522
2024-02-13 08:00:00,1.26521,1.26765,1.26364,1.26677
2024-02-13 12:00:00,1.26678,1.26949,1.25758,1.26012
2024-02-13 16:00:00,1.26013,1.26083,1.25732,1.25745
2024-02-13 20:00:00,1.25743,1.2597,1.25741,1.25903
2024-02-14 00:00:00,1.25902,1.26022,1.25846,1.25998
2024-02-14 04:00:00,1.25995,1.26111,1.25562,1.25643
2024-02-14 08:00:00,1.25642,1.25642,1.25358,1.25526
2024-02-14 12:00:00,1.25524,1.25682,1.25398,1.25493
2024-02-14 16:00:00,1.25494,1.25708,1.25486,1.25611
2024-02-14 20:00:00,1.2561,1.25688,1.25605,1.25677
2024-02-15 00:00:00,1.25676,1.25735,1.25586,1.25643
2024-02-15 04:00:00,1.25642,1.25733,1.25429,1.25452
2024-02-15 08:00:00,1.25453,1.25607,1.2542,1.25498
2024-02-15 12:00:00,1.25497,1.25967,1.25412,1.25841
2024-02-15 16:00:00,1.2584,1.26005,1.25736,1.2596
2024-02-15 20:00:00,1.25961,1.26053,1.25934,1.25985
2024-02-16 00:00:00,1.25986,1.26005,1.25793,1.25815
2024-02-16 04:00:00,1.25816,1.26058,1.25772,1.25905
2024-02-16 08:00:00,1.25904,1.26011,1.25748,1.25996
2024-02-16 12:00:00,1.25995,1.26008,1.25508,1.25843
2024-02-16 16:00:00,1.25844,1.26246,1.25833,1.26064
2024-02-16 20:00:00,1.26065,1.26066,1.25975,1.26025
2024-02-18 20:00:00,1.26067,1.26112,1.2599,1.26108
2024-02-19 00:00:00,1.26107,1.26273,1.26106,1.26125
2024-02-19 04:00:00,1.26126,1.26298,1.26116,1.26201
2024-02-19 08:00:00,1.26202,1.26279,1.26072,1.26113
2024-02-19 12:00:00,1.26112,1.26157,1.25844,1.25875
2024-02-19 16:00:00,1.25876,1.25996,1.25837,1.25978
2024-02-19 20:00:00,1.25977,1.26011,1.25855,1.25877
2024-02-20 00:00:00,1.25872,1.2593,1.25805,1.25847
2024-02-20 04:00:00,1.25848,1.25941,1.25795,1.25904
2024-02-20 08:00:00,1.25905,1.2616,1.25816,1.25904
2024-02-20 12:00:00,1.25903,1.26687,1.25885,1.26626
2024-02-20 16:00:00,1.26625,1.26628,1.26166,1.2619
2024-02-20 20:00:00,1.26189,1.26277,1.26167,1.26251
2024-02-21 00:00:00,1.26252,1.26376,1.26195,1.26374
2024-02-21 04:00:00,1.26375,1.26375,1.26185,1.26305
2024-02-21 08:00:00,1.26303,1.26332,1.26029,1.2616
2024-02-21 12:00:00,1.26159,1.26347,1.261,1.26123
2024-02-21 16:00:00,1.26122,1.26418,1.26055,1.26321
2024-02-21 20:00:00,1.2632,1.26415,1.2625,1.26385
2024-02-22 00:00:00,1.26384,1.26469,1.26313,1.26374
2024-02-22 04:00:00,1.26373,1.2676,1.26345,1.2674
2024-02-22 08:00:00,1.26741,1.27095,1.26673,1.26803
2024-02-22 12:00:00,1.26804,1.2683,1.26117,1.26209
2024-02-22 16:00:00,1.26211,1.26646,1.2621,1.26591
2024-02-22 20:00:00,1.2659,1.26652,1.26548,1.26619
2024-02-23 00:00:00,1.26618,1.26666,1.26486,1.26643
2024-02-23 04:00:00,1.26644,1.26721,1.26595,1.26697
2024-02-23 08:00:00,1.26698,1.26847,1.26492,1.26806
2024-02-23 12:00:00,1.26807,1.27013,1.26673,1.26774
2024-02-23 16:00:00,1.26773,1.26862,1.26657,1.26747
2024-02-23 20:00:00,1.26748,1.26757,1.26666,1.26713
2024-02-25 20:00:00,1.26768,1.26828,1.26691,1.26704
2024-02-26 00:00:00,1.26705,1.26729,1.26568,1.26587
2024-02-26 04:00:00,1.26588,1.26784,1.26577,1.26767
2024-02-26 08:00:00,1.26768,1.26968,1.26667,1.26941
2024-02-26 12:00:00,1.26942,1.26995,1.26723,1.26836
2024-02-26 16:00:00,1.26835,1.26846,1.26709,1.2678
2024-02-26 20:00:00,1.26779,1.26883,1.26775,1.26842
2024-02-27 00:00:00,1.26843,1.26852,1.26746,1.26801
2024-02-27 04:00:00,1.26802,1.26955,1.26782,1.26909
2024-02-27 08:00:00,1.26906,1.2697,1.26716,1.26871
2024-02-27 12:00:00,1.26872,1.26949,1.26604,1.26827
2024-02-27 16:00:00,1.26826,1.26951,1.26787,1.26801
2024-02-27 20:00:00,1.268,1.26886,1.26783,1.26804
2024-02-28 00:00:00,1.26805,1.26844,1.26662,1.26685
2024-02-28 04:00:00,1.26686,1.26697,1.26453,1.26598
2024-02-28 08:00:00,1.26599,1.26614,1.26218,1.26526
2024-02-28 12:00:00,1.26527,1.26581,1.26294,1.26531
2024-02-28 16:00:00,1.2653,1.26735,1.26509,1.26534
2024-02-28 20:00:00,1.26535,1.2664,1.26522,1.26615
2024-02-29 00:00:00,1.26616,1.26697,1.2657,1.26681
2024-02-29 04:00:00,1.26679,1.26716,1.26527,1.26541
2024-02-29 08:00:00,1.26539,1.26745,1.26478,1.26513
2024-02-29 12:00:00,1.26509,1.26819,1.26352,1.26498
2024-02-29 16:00:00,1.26499,1.26512,1.26128,1.26134
2024-02-29 20:00:00,1.26135,1.26271,1.26135,1.26271
2024-03-01 00:00:00,1.2627,1.26356,1.26236,1.26321
2024-03-01 04:00:00,1.2632,1.26366,1.26244,1.26315
2024-03-01 08:00:00,1.26316,1.26464,1.26177,1.2643
2024-03-01 12:00:00,1.26428,1.26563,1.26,1.26528
2024-03-01 16:00:00,1.26529,1.2664,1.26354,1.26626
2024-03-01 20:00:00,1.26625,1.26626,1.26514,1.26523
2024-03-03 20:00:00,1.26535,1.26624,1.2651,1.26605
2024-03-04 00:00:00,1.26604,1.26666,1.26561,1.26649
2024-03-04 04:00:00,1.2665,1.26785,1.26611,1.26785
2024-03-04 08:00:00,1.26784,1.26799,1.26657,1.26776
2024-03-04 12:00:00,1.26777,1.27002,1.2666,1.2698
2024-03-04 16:00:00,1.26981,1.27066,1.269,1.2691
2024-03-04 20:00:00,1.2691,1.2694,1.2686,1.26896
2024-03-05 00:00:00,1.26897,1.26948,1.26826,1.26899
2024-03-05 04:00:00,1.26898,1.26908,1.26716,1.26767
2024-03-05 08:00:00,1.2677,1.26896,1.26713,1.26781
2024-03-05 12:00:00,1.26783,1.2735,1.26743,1.27324
2024-03-05 16:00:00,1.27323,1.27332,1.26998,1.27023
2024-03-05 20:00:00,1.27022,1.27086,1.26962,1.27043
2024-03-06 00:00:00,1.27044,1.27046,1.26902,1.26993
2024-03-06 04:00:00,1.26994,1.27156,1.26978,1.27107
2024-03-06 08:00:00,1.27106,1.27316,1.2709,1.27233
2024-03-06 12:00:00,1.27234,1.27479,1.27056,1.27426
2024-03-06 16:00:00,1.27425,1.27616,1.27366,1.27414
2024-03-06 20:00:00,1.27412,1.27414,1.27258,1.27361
2024-03-07 00:00:00,1.2736,1.27399,1.27233,1.27339
2024-03-07 04:00:00,1.27337,1.27443,1.27319,1.2736
2024-03-07 08:00:00,1.27359,1.27628,1.27296,1.27552
2024-03-07 12:00:00,1.27551,1.27909,1.27451,1.27893
2024-03-07 16:00:00,1.27891,1.28085,1.27842,1.28052
2024-03-07 20:00:00,1.28051,1.28135,1.28002,1.28133
2024-03-08 00:00:00,1.28134,1.282,1.28043,1.28077
2024-03-08 04:00:00,1.2808,1.28137,1.28013,1.28037
2024-03-08 08:00:00,1.28038,1.28403,1.28013,1.28301
2024-03-08 12:00:00,1.283,1.28936,1.28259,1.28807
2024-03-08 16:00:00,1.28808,1.28816,1.28404,1.28567
2024-03-08 20:00:00,1.28568,1.28588,1.28488,1.28581
2024-03-10 20:00:00,1.28615,1.28644,1.2848,1.28555
2024-03-11 00:00:00,1.28556,1.28622,1.28455,1.28506
2024-03-11 04:00:00,1.28505,1.28583,1.28435,1.28456
2024-03-11 08:00:00,1.28455,1.2854,1.28318,1.28509
2024-03-11 12:00:00,1.2851,1.2851,1.27953,1.28052
2024-03-11 16:00:00,1.28053,1.28132,1.27987,1.28092
2024-03-11 20:00:00,1.28093,1.28196,1.28088,1.28184
2024-03-12 00:00:00,1.28183,1.28228,1.2814,1.28188
2024-03-12 04:00:00,1.28187,1.28238,1.27895,1.27903
2024-03-12 08:00:00,1.27905,1.27989,1.27765,1.27918
2024-03-12 12:00:00,1.27917,1.2808,1.27463,1.27841
2024-03-12 16:00:00,1.27842,1.27941,1.27707,1.27941
2024-03-12 20:00:00,1.2794,1.27962,1.27889,1.2795
2024-03-13 00:00:00,1.27951,1.27993,1.27916,1.27947
2024-03-13 04:00:00,1.27946,1.27967,1.2776,1.2786
2024-03-13 08:00:00,1.27861,1.28091,1.27748,1.28081
2024-03-13 12:00:00,1.28082,1.28089,1.27873,1.2797
2024-03-13 16:00:00,1.27969,1.28114,1.27907,1.27965
2024-03-13 20:00:00,1.27963,1.28028,1.27944,1.28013
2024-03-14 00:00:00,1.28014,1.28047,1.27892,1.279
2024-03-14 04:00:00,1.27898,1.28056,1.2787,1.28034
2024-03-14 08:00:00,1.28033,1.28229,1.28026,1.28101
2024-03-14 12:00:00,1.28102,1.28138,1.27308,1.27471
2024-03-14 16:00:00,1.27475,1.27575,1.27429,1.27556
2024-03-14 20:00:00,1.2756,1.27579,1.27434,1.27453
2024-03-15 00:00:00,1.27454,1.27476,1.27303,1.27369
2024-03-15 04:00:00,1.27368,1.27454,1.27334,1.27357
2024-03-15 08:00:00,1.27356,1.27587,1.27336,1.27546
2024-03-15 12:00:00,1.27545,1.27579,1.27319,1.27393
2024-03-15 16:00:00,1.27395,1.2741,1.27254,1.27386
2024-03-15 20:00:00,1.27384,1.27395,1.27342,1.27358
2024-03-17 20:00:00,1.27317,1.2738,1.27295,1.27312
2024-03-18 00:00:00,1.27314,1.27381,1.27262,1.27268
2024-03-18 04:00:00,1.27269,1.27425,1.27267,1.27414
2024-03-18 08:00:00,1.27413,1.2747,1.27277,1.27429
2024-03-18 12:00:00,1.27428,1.27458,1.27224,1.27321
2024-03-18 16:00:00,1.27326,1.27333,1.2718,1.27268
2024-03-18 20:00:00,1.27267,1.27308,1.27242,1.27266
2024-03-19 00:00:00,1.27267,1.27291,1.2714,1.27229
2024-03-19 04:00:00,1.2723,1.27257,1.26949,1.26992
2024-03-19 08:00:00,1.26993,1.27019,1.26679,1.26924
2024-03-19 12:00:00,1.26927,1.27165,1.26904,1.27109
2024-03-19 16:00:00,1.2711,1.2733,1.27088,1.27214
2024-03-19 20:00:00,1.27213,1.2723,1.27178,1.27179
2024-03-20 00:00:00,1.2718,1.27244,1.27105,1.27239
2024-03-20 04:00:00,1.2724,1.27299,1.26998,1.27141
2024-03-20 08:00:00,1.2714,1.27146,1.26871,1.26935
2024-03-20 12:00:00,1.26934,1.27131,1.26846,1.27105
2024-03-20 16:00:00,1.27106,1.27869,1.27092,1.27831
2024-03-20 20:00:00,1.2783,1.27984,1.2781,1.2798
2024-03-21 00:00:00,1.27981,1.28027,1.27889,1.27963
2024-03-21 04:00:00,1.27964,1.28035,1.27836,1.27851
2024-03-21 08:00:00,1.27852,1.27905,1.2744,1.27477
2024-03-21 12:00:00,1.2748,1.27494,1.26586,1.26674
2024-03-21 16:00:00,1.26675,1.26732,1.26509,1.26513
2024-03-21 20:00:00,1.26512,1.26636,1.26509,1.26607
2024-03-22 00:00:00,1.26608,1.26753,1.26346,1.26428
2024-03-22 04:00:00,1.26427,1.26454,1.25991,1.26071
2024-03-22 08:00:00,1.2607,1.26089,1.25753,1.25835
2024-03-22 12:00:00,1.25834,1.26239,1.25819,1.26013
2024-03-22 16:00:00,1.26015,1.26064,1.25861,1.25943
2024-03-22 20:00:00,1.25944,1.26013,1.25922,1.26004
2024-03-24 20:00:00,1.26046,1.26073,1.25933,1.25975
2024-03-25 00:00:00,1.25976,1.26171,1.25919,1.26064
2024-03-25 04:00:00,1.26063,1.26146,1.25996,1.26026
2024-03-25 08:00:00,1.26025,1.26399,1.25953,1.26366
2024-03-25 12:00:00,1.26367,1.26524,1.26362,1.26446
2024-03-25 16:00:00,1.26445,1.26453,1.26354,1.26385
2024-03-25 20:00:00,1.26384,1.2644,1.26355,1.26366
2024-03-26 00:00:00,1.26365,1.26474,1.26345,1.26373
2024-03-26 04:00:00,1.26374,1.26591,1.2637,1.26509
2024-03-26 08:00:00,1.26508,1.26681,1.26404,1.26533
2024-03-26 12:00:00,1.26532,1.26566,1.26235,1.26284
2024-03-26 16:00:00,1.26283,1.26356,1.26221,1.26238
2024-03-26 20:00:00,1.26239,1.26309,1.26231,1.26278
2024-03-27 00:00:00,1.26277,1.26279,1.2609,1.26141
2024-03-27 04:00:00,1.2614,1.26318,1.26131,1.26298
2024-03-27 08:00:00,1.26299,1.26387,1.26111,1.26156
2024-03-27 12:00:00,1.26154,1.26299,1.26056,1.2629
2024-03-27 16:00:00,1.26291,1.26381,1.26229,1.26374
2024-03-27 20:00:00,1.26373,1.26411,1.26145,1.26169
2024-03-28 00:00:00,1.2617,1.26351,1.26111,1.26279
2024-03-28 04:00:00,1.26278,1.26371,1.26115,1.26163
2024-03-28 08:00:00,1.26165,1.2626,1.2586,1.26123
2024-03-28 12:00:00,1.26122,1.26546,1.26113,1.26321
2024-03-28 16:00:00,1.26318,1.26451,1.26157,1.26208
2024-03-28 20:00:00,1.2621,1.26339,1.26179,1.26219
2024-03-29 00:00:00,1.2622,1.26311,1.26163,1.2623
2024-03-29 04:00:00,1.26229,1.26264,1.26174,1.26182
2024-03-29 08:00:00,1.26181,1.26271,1.261,1.26148
2024-03-29 12:00:00,1.26147,1.26451,1.26134,1.26365
2024-03-29 16:00:00,1.26364,1.26364,1.26168,1.26196
2024-03-29 20:00:00,1.26197,1.26283,1.2618,1.26244
2024-03-31 20:00:00,1.26297,1.2643,1.26248,1.26376
2024-04-01 00:00:00,1.26377,1.26421,1.26257,1.26343
2024-04-01 04:00:00,1.26344,1.26355,1.26177,1.26206
2024-04-01 08:00:00,1.26207,1.2628,1.2609,1.26145
2024-04-01 12:00:00,1.26146,1.26167,1.25397,1.25426
2024-04-01 16:00:00,1.25425,1.25501,1.25413,1.25477
2024-04-01 20:00:00,1.25478,1.25568,1.25431,1.2546
2024-04-02 00:00:00,1.25458,1.25494,1.25411,1.25416
2024-04-02 04:00:00,1.25417,1.2557,1.25395,1.25541
2024-04-02 08:00:00,1.25539,1.2576,1.25484,1.25736
2024-04-02 12:00:00,1.25735,1.25779,1.25526,1.25739
2024-04-02 16:00:00,1.2574,1.25773,1.25664,1.25768
2024-04-02 20:00:00,1.25769,1.25814,1.2573,1.25759
2024-04-03 00:00:00,1.2576,1.25806,1.25671,1.25791
2024-04-03 04:00:00,1.25792,1.2583,1.25627,1.2566
2024-04-03 08:00:00,1.25659,1.25884,1.25648,1.2578
2024-04-03 12:00:00,1.25778,1.26359,1.25676,1.2633
2024-04-03 16:00:00,1.26331,1.26558,1.26254,1.26494
2024-04-03 20:00:00,1.26493,1.26564,1.26483,1.26514
2024-04-04 00:00:00,1.26513,1.26549,1.26448,1.26527
2024-04-04 04:00:00,1.26529,1.26696,1.26513,1.26628
2024-04-04 08:00:00,1.26629,1.26687,1.2648,1.26508
2024-04-04 12:00:00,1.26509,1.26836,1.26482,1.26665
2024-04-04 16:00:00,1.26666,1.26731,1.26354,1.2638
2024-04-04 20:00:00,1.26381,1.26455,1.26357,1.26394
2024-04-05 00:00:00,1.26393,1.26487,1.26217,1.26258
2024-04-05 04:00:00,1.26259,1.26317,1.26146,1.26273
2024-04-05 08:00:00,1.26272,1.26408,1.26217,1.26324
2024-04-05 12:00:00,1.26323,1.26453,1.25745,1.26308
2024-04-05 16:00:00,1.2631,1.26409,1.26267,1.26348
2024-04-05 20:00:00,1.26349,1.26385,1.26332,1.26378
2024-04-07 20:00:00,1.26304,1.26351,1.26211,1.26242
2024-04-08 00:00:00,1.26241,1.26397,1.2615,1.26306
2024-04-08 04:00:00,1.26307,1.26348,1.26211,1.26272
2024-04-08 08:00:00,1.26271,1.26361,1.26157,1.26193
2024-04-08 12:00:00,1.26192,1.26561,1.26135,1.26536
2024-04-08 16:00:00,1.26535,1.26641,1.26436,1.26549
2024-04-08 20:00:00,1.2655,1.26598,1.26529,1.26576
2024-04-09 00:00:00,1.26577,1.26617,1.26525,1.26548
2024-04-09 04:00:00,1.26547,1.26645,1.26489,1.26538
2024-04-09 08:00:00,1.26541,1.26906,1.26496,1.26801
2024-04-09 12:00:00,1.26802,1.27094,1.26671,1.26724
2024-04-09 16:00:00,1.26723,1.26755,1.26633,1.26754
2024-04-09 20:00:00,1.26755,1.26799,1.26724,1.26769
2024-04-10 00:00:00,1.2677,1.26789,1.26688,1.26763
2024-04-10 04:00:00,1.26761,1.26894,1.26732,1.26887
2024-04-10 08:00:00,1.26888,1.27047,1.26837,1.26943
2024-04-10 12:00:00,1.26942,1.27083,1.25344,1.25423
2024-04-10 16:00:00,1.25422,1.25542,1.25206,1.25417
2024-04-10 20:00:00,1.25416,1.2543,1.25345,1.25365
2024-04-11 00:00:00,1.25366,1.25495,1.25324,1.25453
2024-04-11 04:00:00,1.25454,1.25624,1.25328,1.25608
2024-04-11 08:00:00,1.25609,1.25698,1.25303,1.25389
2024-04-11 12:00:00,1.2539,1.25788,1.25109,1.25343
2024-04-11 16:00:00,1.25345,1.25641,1.25295,1.25598
2024-04-11 20:00:00,1.25597,1.25598,1.25524,1.25548
2024-04-12 00:00:00,1.25547,1.2559,1.25441,1.25451
2024-04-12 04:00:00,1.2545,1.25459,1.25057,1.25194
2024-04-12 08:00:00,1.25195,1.25224,1.2463,1.24712
2024-04-12 12:00:00,1.24713,1.24756,1.24267,1.2456
2024-04-12 16:00:00,1.24561,1.24622,1.2443,1.24467
2024-04-12 20:00:00,1.24466,1.24526,1.24463,1.24499
2024-04-14 20:00:00,1.24462,1.24631,1.24415,1.24597
2024-04-15 00:00:00,1.24598,1.24651,1.24409,1.24609
2024-04-15 04:00:00,1.24608,1.24776,1.2455,1.24757
2024-04-15 08:00:00,1.24756,1.24987,1.2475,1.24785
2024-04-15 12:00:00,1.24784,1.24965,1.2445,1.2464
2024-04-15 16:00:00,1.24641,1.24687,1.2436,1.24484
2024-04-15 20:00:00,1.24483,1.24497,1.24412,1.24464
2024-04-16 00:00:00,1.24463,1.24484,1.24208,1.24284
2024-04-16 04:00:00,1.24285,1.24481,1.24089,1.24382
2024-04-16 08:00:00,1.24383,1.24604,1.2435,1.24582
2024-04-16 12:00:00,1.24583,1.2472,1.24296,1.24353
2024-04-16 16:00:00,1.24352,1.2451,1.2406,1.24317
2024-04-16 20:00:00,1.24316,1.24334,1.24236,1.24306
2024-04-17 00:00:00,1.24305,1.24398,1.24252,1.24304
2024-04-17 04:00:00,1.24303,1.2479,1.24171,1.24551
2024-04-17 08:00:00,1.24552,1.24821,1.2454,1.24572
2024-04-17 12:00:00,1.24573,1.24695,1.24396,1.24418
2024-04-17 16:00:00,1.24417,1.24654,1.24243,1.24529
2024-04-17 20:00:00,1.2453,1.24612,1.24521,1.24533
2024-04-18 00:00:00,1.24532,1.24701,1.24477,1.24697
2024-04-18 04:00:00,1.24696,1.24844,1.24626,1.24725
2024-04-18 08:00:00,1.24727,1.24822,1.24657,1.24721
2024-04-18 12:00:00,1.2472,1.24745,1.24364,1.2463
2024-04-18 16:00:00,1.24631,1.24661,1.24338,1.24376
2024-04-18 20:00:00,1.24375,1.24402,1.24322,1.24348
2024-04-19 00:00:00,1.24349,1.24364,1.23892,1.24174
2024-04-19 04:00:00,1.24177,1.24518,1.24038,1.24496
2024-04-19 08:00:00,1.24495,1.24559,1.24298,1.244
2024-04-19 12:00:00,1.24401,1.24683,1.23966,1.2397
2024-04-19 16:00:00,1.23971,1.24017,1.2367,1.2372
2024-04-19 20:00:00,1.23722,1.23736,1.23685,1.23706
2024-04-21 20:00:00,1.23771,1.23825,1.236625,1.23757
2024-04-22 00:00:00,1.2376,1.23925,1.23724,1.23816
2024-04-22 04:00:00,1.23817,1.23903,1.23512,1.23683
2024-04-22 08:00:00,1.23684,1.23726,1.23093,1.23152
2024-04-22 12:00:00,1.23153,1.23406,1.22998,1.23389
2024-04-22 16:00:00,1.23391,1.2362,1.23391,1.23529
2024-04-22 20:00:00,1.2353,1.23543,1.23476,1.23497
2024-04-23 00:00:00,1.23498,1.23588,1.23479,1.23528
2024-04-23 04:00:00,1.23529,1.23724,1.2332,1.2365
2024-04-23 08:00:00,1.23646,1.24015,1.23459,1.24007
2024-04-23 12:00:00,1.24009,1.24585,1.23813,1.24314
2024-04-23 16:00:00,1.24316,1.24585,1.24289,1.24496
2024-04-23 20:00:00,1.24499,1.24548,1.24459,1.24544
2024-04-24 00:00:00,1.24543,1.24648,1.24495,1.24562
2024-04-24 04:00:00,1.24559,1.24582,1.24279,1.243
2024-04-24 08:00:00,1.24299,1.24441,1.24228,1.24354
2024-04-24 12:00:00,1.24355,1.24554,1.24269,1.24316
2024-04-24 16:00:00,1.24315,1.24698,1.24306,1.24634
2024-04-24 20:00:00,1.24635,1.24641,1.24529,1.24592
2024-04-25 00:00:00,1.24593,1.24687,1.24543,1.24637
2024-04-25 04:00:00,1.24636,1.25099,1.2463,1.25062
2024-04-25 08:00:00,1.25063,1.25232,1.25046,1.25124
2024-04-25 12:00:00,1.25123,1.25277,1.24572,1.24924
2024-04-25 16:00:00,1.24923,1.25229,1.24877,1.25133
2024-04-25 20:00:00,1.25131,1.25155,1.25068,1.25075
2024-04-26 00:00:00,1.25076,1.25087,1.24942,1.24997
2024-04-26 04:00:00,1.24999,1.25158,1.24972,1.25054
2024-04-26 08:00:00,1.25053,1.25409,1.25033,1.2511
2024-04-26 12:00:00,1.25111,1.25407,1.24494,1.24718
2024-04-26 16:00:00,1.2472,1.2504,1.24706,1.24977
2024-04-26 20:00:00,1.24976,1.25005,1.24921,1.24936
2024-04-28 20:00:00,1.24843,1.25098,1.24834,1.25094
2024-04-29 00:00:00,1.25095,1.25283,1.25074,1.25227
2024-04-29 04:00:00,1.25226,1.25486,1.25144,1.25304
2024-04-29 08:00:00,1.25302,1.25408,1.25077,1.2532
2024-04-29 12:00:00,1.25321,1.25549,1.25146,1.2551
2024-04-29 16:00:00,1.25509,1.25696,1.25507,1.25614
2024-04-29 20:00:00,1.25615,1.25648,1.25571,1.25598
2024-04-30 00:00:00,1.25596,1.25613,1.25422,1.25459
2024-04-30 04:00:00,1.25458,1.25466,1.25244,1.25416
2024-04-30 08:00:00,1.25418,1.25548,1.25271,1.25406
2024-04-30 12:00:00,1.25407,1.25461,1.25027,1.25117
2024-04-30 16:00:00,1.25116,1.25153,1.24935,1.2496
2024-04-30 20:00:00,1.24958,1.24994,1.24883,1.24891
2024-05-01 00:00:00,1.24892,1.24914,1.24723,1.24737
2024-05-01 04:00:00,1.24736,1.24864,1.24665,1.24847
2024-05-01 08:00:00,1.24846,1.24983,1.24764,1.2485
2024-05-01 12:00:00,1.24849,1.25001,1.24774,1.24875
2024-05-01 16:00:00,1.24874,1.25503,1.24784,1.24935
2024-05-01 20:00:00,1.24932,1.25405,1.24896,1.25365
2024-05-02 00:00:00,1.25364,1.25397,1.25207,1.25305
2024-05-02 04:00:00,1.25307,1.25446,1.2519,1.25285
2024-05-02 08:00:00,1.25286,1.25332,1.25051,1.25149
2024-05-02 12:00:00,1.2515,1.25327,1.2472,1.25067
2024-05-02 16:00:00,1.25069,1.25389,1.25024,1.25365
2024-05-02 20:00:00,1.25364,1.254195,1.2529,1.25396
2024-05-03 00:00:00,1.25395,1.2557,1.25312,1.25527
2024-05-03 04:00:00,1.25526,1.2555,1.25394,1.25481
2024-05-03 08:00:00,1.2548,1.25675,1.25463,1.25551
2024-05-03 12:00:00,1.25549,1.26349,1.25296,1.25475
2024-05-03 16:00:00,1.25476,1.2555,1.25389,1.25493
2024-05-03 20:00:00,1.25492,1.2551,1.25468,1.25471
2024-05-05 20:00:00,1.25457,1.25542,1.25405,1.25409
2024-05-06 00:00:00,1.25407,1.25571,1.25385,1.25473
2024-05-06 04:00:00,1.25474,1.25738,1.25424,1.25684
2024-05-06 08:00:00,1.25683,1.25842,1.2564,1.25763
2024-05-06 12:00:00,1.25764,1.25945,1.25683,1.25732
2024-05-06 16:00:00,1.25731,1.25737,1.25581,1.25605
2024-05-06 20:00:00,1.25604,1.2569,1.25571,1.25592
2024-05-07 00:00:00,1.25593,1.25708,1.25514,1.25574
2024-05-07 04:00:00,1.25575,1.25577,1.25346,1.25378
2024-05-07 08:00:00,1.25375,1.2548,1.25296,1.25445
2024-05-07 12:00:00,1.25446,1.25638,1.25318,1.25326
2024-05-07 16:00:00,1.25327,1.25381,1.25009,1.25091
2024-05-07 20:00:00,1.25092,1.25176,1.24986,1.25019
2024-05-08 00:00:00,1.25016,1.25033,1.24845,1.24869
2024-05-08 04:00:00,1.2487,1.2493,1.24717,1.24728
2024-05-08 08:00:00,1.24724,1.2501,1.24679,1.24844
2024-05-08 12:00:00,1.24843,1.25049,1.24733,1.25023
2024-05-08 16:00:00,1.25022,1.25027,1.24909,1.2497
2024-05-08 20:00:00,1.2497,1.25005,1.24923,1.24935
2024-05-09 00:00:00,1.24934,1.25018,1.24875,1.24968
2024-05-09 04:00:00,1.24967,1.24987,1.24709,1.24773
2024-05-09 08:00:00,1.24772,1.24973,1.24462,1.247
2024-05-09 12:00:00,1.24701,1.25211,1.24689,1.25034
2024-05-09 16:00:00,1.25035,1.25269,1.25035,1.25233
2024-05-09 20:00:00,1.25231,1.25299,1.25217,1.25249
2024-05-10 00:00:00,1.2525,1.25262,1.25124,1.2517
2024-05-10 04:00:00,1.25171,1.25412,1.25144,1.25303
2024-05-10 08:00:00,1.25304,1.25362,1.25233,1.25283
2024-05-10 12:00:00,1.25281,1.25375,1.25027,1.2526
2024-05-10 16:00:00,1.25259,1.25372,1.25225,1.25282
2024-05-10 20:00:00,1.25281,1.25305,1.25229,1.25244
2024-05-12 20:00:00,1.25194,1.25277,1.25179,1.25222
2024-05-13 00:00:00,1.25221,1.25279,1.2518,1.25274
2024-05-13 04:00:00,1.25275,1.25359,1.25179,1.25235
2024-05-13 08:00:00,1.25234,1.2554,1.25191,1.25461
2024-05-13 12:00:00,1.2546,1.25688,1.25455,1.25607
2024-05-13 16:00:00,1.25606,1.25672,1.25531,1.25551
2024-05-13 20:00:00,1.25552,1.25622,1.25534,1.256
2024-05-14 00:00:00,1.25601,1.25608,1.25529,1.25593
2024-05-14 04:00:00,1.25594,1.25635,1.25464,1.25523
2024-05-14 08:00:00,1.25524,1.25591,1.25095,1.2552
2024-05-14 12:00:00,1.25521,1.2593,1.25203,1.25881
2024-05-14 16:00:00,1.2588,1.25923,1.25812,1.259
2024-05-14 20:00:00,1.25899,1.25924,1.25842,1.25843
2024-05-15 00:00:00,1.25842,1.25996,1.25839,1.25982
2024-05-15 04:00:00,1.25983,1.26004,1.25871,1.25948
2024-05-15 08:00:00,1.25945,1.26249,1.25945,1.26135
2024-05-15 12:00:00,1.26136,1.26731,1.26124,1.26558
2024-05-15 16:00:00,1.26559,1.26838,1.26496,1.26824
2024-05-15 20:00:00,1.26823,1.26944,1.26795,1.26887
2024-05-16 00:00:00,1.2689,1.27008,1.26833,1.26921
2024-05-16 04:00:00,1.2692,1.2692,1.26744,1.26801
2024-05-16 08:00:00,1.268,1.26832,1.26544,1.26563
2024-05-16 12:00:00,1.26564,1.26802,1.26436,1.26799
2024-05-16 16:00:00,1.26798,1.26798,1.26673,1.26693
2024-05-16 20:00:00,1.26693,1.26727,1.26684,1.26714
2024-05-17 00:00:00,1.26715,1.26726,1.26523,1.26581
2024-05-17 04:00:00,1.26582,1.26698,1.26544,1.26566
2024-05-17 08:00:00,1.26567,1.26586,1.2645,1.2654
2024-05-17 12:00:00,1.26541,1.27082,1.26516,1.27014
2024-05-17 16:00:00,1.27015,1.27118,1.2699,1.27069
2024-05-17 20:00:00,1.27067,1.27068,1.27003,1.27007
2024-05-19 20:00:00,1.26974,1.2708,1.26939,1.2706
2024-05-20 00:00:00,1.27061,1.27086,1.26971,1.27047
2024-05-20 04:00:00,1.27046,1.27112,1.26894,1.26946
2024-05-20 08:00:00,1.26945,1.27071,1.26927,1.26955
2024-05-20 12:00:00,1.26956,1.27121,1.26925,1.27048
2024-05-20 16:00:00,1.27049,1.27255,1.27044,1.27077
2024-05-20 20:00:00,1.27076,1.27112,1.27037,1.27098
2024-05-21 00:00:00,1.27099,1.27116,1.26974,1.27062
2024-05-21 04:00:00,1.27061,1.27208,1.27057,1.27125
2024-05-21 08:00:00,1.27128,1.27239,1.27039,1.27204
2024-05-21 12:00:00,1.27205,1.2727,1.26865,1.27084
2024-05-21 16:00:00,1.27085,1.2716,1.27019,1.27135
2024-05-21 20:00:00,1.27134,1.27139,1.27054,1.27098
2024-05-22 00:00:00,1.27099,1.2723,1.27098,1.27128
2024-05-22 04:00:00,1.27127,1.27614,1.27082,1.27477
2024-05-22 08:00:00,1.27481,1.27485,1.27003,1.27096
2024-05-22 12:00:00,1.27097,1.27478,1.27089,1.27348
2024-05-22 16:00:00,1.27349,1.27505,1.27105,1.27168
2024-05-22 20:00:00,1.27169,1.27215,1.27141,1.27203
2024-05-23 00:00:00,1.27202,1.27291,1.2717,1.27289
2024-05-23 04:00:00,1.27288,1.27345,1.27164,1.27244
2024-05-23 08:00:00,1.27242,1.27418,1.27053,1.27405
2024-05-23 12:00:00,1.27407,1.27467,1.27061,1.27167
2024-05-23 16:00:00,1.27168,1.27228,1.26855,1.26938
2024-05-23 20:00:00,1.26939,1.27001,1.26925,1.26932
2024-05-24 00:00:00,1.26931,1.2698,1.26874,1.26886
2024-05-24 04:00:00,1.26887,1.27053,1.26758,1.26988
2024-05-24 08:00:00,1.26986,1.27253,1.26952,1.27179
2024-05-24 12:00:00,1.2718,1.2751,1.27104,1.27443
2024-05-24 16:00:00,1.27444,1.27507,1.27323,1.27399
2024-05-24 20:00:00,1.27399,1.27404,1.27353,1.27374
2024-05-26 20:00:00,1.27372,1.27434,1.27341,1.27342
2024-05-27 00:00:00,1.27343,1.27437,1.27342,1.27424
2024-05-27 04:00:00,1.27425,1.2747,1.2736,1.27415
2024-05-27 08:00:00,1.27417,1.27577,1.27343,1.2752
2024-05-27 12:00:00,1.27519,1.27777,1.27438,1.27721
2024-05-27 16:00:00,1.27722,1.27743,1.27675,1.27711
2024-05-27 20:00:00,1.2771,1.27722,1.27683,1.2772
2024-05-28 00:00:00,1.27721,1.27834,1.27706,1.27811
2024-05-28 04:00:00,1.27812,1.27822,1.27687,1.27733
2024-05-28 08:00:00,1.27732,1.2789,1.27626,1.27858
2024-05-28 12:00:00,1.27859,1.28007,1.27722,1.27843
2024-05-28 16:00:00,1.27842,1.27851,1.27543,1.27637
2024-05-28 20:00:00,1.27638,1.27654,1.27571,1.27581
2024-05-29 00:00:00,1.2758,1.27599,1.27474,1.2751
2024-05-29 04:00:00,1.27511,1.27718,1.27469,1.27639
2024-05-29 08:00:00,1.27637,1.27657,1.27357,1.27487
2024-05-29 12:00:00,1.27488,1.27557,1.27053,1.27121
2024-05-29 16:00:00,1.2712,1.27186,1.26996,1.27022
2024-05-29 20:00:00,1.27024,1.27055,1.26964,1.26979
2024-05-30 00:00:00,1.2698,1.27034,1.26907,1.26954
2024-05-30 04:00:00,1.26955,1.27094,1.26811,1.27084
2024-05-30 08:00:00,1.27086,1.27227,1.2696,1.271
2024-05-30 12:00:00,1.27099,1.27472,1.27056,1.27371
2024-05-30 16:00:00,1.27372,1.2744,1.27264,1.27313
2024-05-30 20:00:00,1.27312,1.27354,1.2728,1.2729
2024-05-31 00:00:00,1.27291,1.27341,1.27154,1.27228
2024-05-31 04:00:00,1.27227,1.27237,1.27003,1.27062
2024-05-31 08:00:00,1.27065,1.27277,1.27055,1.27144
2024-05-31 12:00:00,1.27143,1.27662,1.27075,1.27348
2024-05-31 16:00:00,1.27347,1.27469,1.27213,1.27441
2024-05-31 20:00:00,1.27443,1.27458,1.27412,1.27417
2024-06-02 20:00:00,1.27402,1.27456,1.273715,1.27441
2024-06-03 00:00:00,1.27442,1.27558,1.27381,1.27395
2024-06-03 04:00:00,1.27394,1.27454,1.27136,1.27144
2024-06-03 08:00:00,1.27143,1.27332,1.26945,1.27289
2024-06-03 12:00:00,1.2729,1.27943,1.27267,1.2793
2024-06-03 16:00:00,1.27931,1.28007,1.27756,1.28004
2024-06-03 20:00:00,1.28003,1.28125,1.28003,1.28098
2024-06-04 00:00:00,1.28099,1.28175,1.2804,1.28096
2024-06-04 04:00:00,1.28095,1.28127,1.27864,1.2791
2024-06-04 08:00:00,1.27912,1.27925,1.27431,1.2761
2024-06-04 12:00:00,1.27611,1.27897,1.27583,1.27827
2024-06-04 16:00:00,1.27828,1.27973,1.27715,1.27717
2024-06-04 20:00:00,1.27718,1.27771,1.27675,1.27725
2024-06-05 00:00:00,1.27726,1.2781,1.27684,1.27716
2024-06-05 04:00:00,1.27715,1.27829,1.27649,1.27725
2024-06-05 08:00:00,1.27724,1.27796,1.27669,1.27786
2024-06-05 12:00:00,1.27787,1.27953,1.27556,1.27695
2024-06-05 16:00:00,1.27692,1.27946,1.2763,1.27918
2024-06-05 20:00:00,1.27917,1.27943,1.27847,1.27938
2024-06-06 00:00:00,1.27939,1.28092,1.27935,1.27988
2024-06-06 04:00:00,1.27989,1.28006,1.27864,1.2792
2024-06-06 08:00:00,1.27921,1.27922,1.27676,1.27707
2024-06-06 12:00:00,1.27706,1.27914,1.27627,1.27838
2024-06-06 16:00:00,1.2784,1.27958,1.27763,1.27898
2024-06-06 20:00:00,1.27899,1.27949,1.27895,1.27921
2024-06-07 00:00:00,1.27924,1.27926,1.27837,1.2789
2024-06-07 04:00:00,1.27889,1.28023,1.27821,1.28006
2024-06-07 08:00:00,1.28005,1.28089,1.27826,1.28075
2024-06-07 12:00:00,1.28073,1.28158,1.27162,1.27246
2024-06-07 16:00:00,1.27247,1.27302,1.27181,1.27212
2024-06-07 20:00:00,1.27211,1.27233,1.27181,1.27181
2024-06-09 20:00:00,1.27288,1.27324,1.27183,1.27283
2024-06-10 00:00:00,1.27284,1.2731,1.27138,1.27143
2024-06-10 04:00:00,1.27147,1.27244,1.27072,1.27232
2024-06-10 08:00:00,1.27233,1.27248,1.26881,1.27146
2024-06-10 12:00:00,1.27148,1.27311,1.27041,1.2731
2024-06-10 16:00:00,1.27309,1.27373,1.27246,1.27309
2024-06-10 20:00:00,1.2731,1.27341,1.27248,1.27259
2024-06-11 00:00:00,1.2726,1.27366,1.27247,1.27362
2024-06-11 04:00:00,1.27361,1.27405,1.27139,1.27229
2024-06-11 08:00:00,1.2723,1.27495,1.27205,1.27383
2024-06-11 12:00:00,1.27384,1.27478,1.2706,1.27218
2024-06-11 16:00:00,1.27219,1.27518,1.27181,1.27416
2024-06-11 20:00:00,1.27417,1.27429,1.27369,1.27399
2024-06-12 00:00:00,1.27398,1.27452,1.27331,1.27432
2024-06-12 04:00:00,1.27431,1.27531,1.27371,1.27507
2024-06-12 08:00:00,1.27508,1.27675,1.27489,1.27601
2024-06-12 12:00:00,1.27602,1.28604,1.27567,1.28401
2024-06-12 16:00:00,1.28402,1.28504,1.27914,1.27973
2024-06-12 20:00:00,1.27975,1.28014,1.27934,1.27963
2024-06-13 00:00:00,1.27964,1.27995,1.27841,1.27852
2024-06-13 04:00:00,1.27851,1.27916,1.27727,1.27885
2024-06-13 08:00:00,1.27886,1.28008,1.27638,1.27645
2024-06-13 12:00:00,1.27646,1.28076,1.27521,1.27628
2024-06-13 16:00:00,1.27626,1.27672,1.27382,1.27653
2024-06-13 20:00:00,1.27652,1.27666,1.27537,1.27539
2024-06-14 00:00:00,1.27538,1.27636,1.27498,1.27527
2024-06-14 04:00:00,1.27526,1.27542,1.2722,1.27303
2024-06-14 08:00:00,1.27302,1.27324,1.26933,1.27041
2024-06-14 12:00:00,1.2704,1.27056,1.26571,1.26833
2024-06-14 16:00:00,1.26834,1.26929,1.26765,1.26899
2024-06-14 20:00:00,1.269,1.26908,1.26842,1.26864
2024-06-16 20:00:00,1.26885,1.26886,1.26784,1.26835
2024-06-17 00:00:00,1.26834,1.26885,1.26768,1.26824
2024-06-17 04:00:00,1.26823,1.2685,1.26613,1.26687
2024-06-17 08:00:00,1.26685,1.26787,1.26591,1.26628
2024-06-17 12:00:00,1.26629,1.26898,1.26619,1.26873
2024-06-17 16:00:00,1.26872,1.27098,1.26872,1.27036
2024-06-17 20:00:00,1.27037,1.27144,1.27007,1.27139
2024-06-18 00:00:00,1.2714,1.27153,1.26937,1.26973
2024-06-18 04:00:00,1.26974,1.2702,1.26765,1.26793
2024-06-18 08:00:00,1.26792,1.269,1.26713,1.26743
2024-06-18 12:00:00,1.26746,1.2721,1.2669,1.26955
2024-06-18 16:00:00,1.26957,1.27096,1.2692,1.27083
2024-06-18 20:00:00,1.27082,1.27124,1.27069,1.27071
2024-06-19 00:00:00,1.2707,1.27138,1.27031,1.27085
2024-06-19 04:00:00,1.27084,1.27329,1.27003,1.27275
2024-06-19 08:00:00,1.27276,1.274,1.27251,1.27331
2024-06-19 12:00:00,1.27332,1.27344,1.27158,1.2724
2024-06-19 16:00:00,1.27239,1.27257,1.27143,1.27184
2024-06-19 20:00:00,1.27183,1.27245,1.27177,1.27203
2024-06-20 00:00:00,1.27202,1.27206,1.27103,1.27153
2024-06-20 04:00:00,1.27155,1.27181,1.27028,1.27071
2024-06-20 08:00:00,1.27069,1.27086,1.26784,1.26809
2024-06-20 12:00:00,1.2681,1.26943,1.26668,1.2668
2024-06-20 16:00:00,1.26681,1.26825,1.26593,1.26634
2024-06-20 20:00:00,1.26633,1.26652,1.26548,1.26599
2024-06-21 00:00:00,1.26598,1.26654,1.2655,1.26609
2024-06-21 04:00:00,1.26608,1.26784,1.26373,1.26431
2024-06-21 08:00:00,1.26429,1.26617,1.26312,1.26433
2024-06-21 12:00:00,1.26434,1.26511,1.26223,1.26428
2024-06-21 16:00:00,1.26429,1.26511,1.26358,1.26485
2024-06-21 20:00:00,1.26484,1.26514,1.2639,1.26436
2024-06-23 20:00:00,1.26406,1.26455,1.26359,1.26381
2024-06-24 00:00:00,1.26382,1.26446,1.26326,1.2642
2024-06-24 04:00:00,1.26419,1.26565,1.26416,1.26544
2024-06-24 08:00:00,1.26543,1.2672,1.26542,1.26633
2024-06-24 12:00:00,1.26632,1.26982,1.26608,1.2682
2024-06-24 16:00:00,1.26818,1.26938,1.26732,1.26858
2024-06-24 20:00:00,1.26859,1.269,1.268,1.2682
2024-06-25 00:00:00,1.26821,1.26966,1.26821,1.26965
2024-06-25 04:00:00,1.26964,1.26992,1.26829,1.2689
2024-06-25 08:00:00,1.26889,1.27027,1.26759,1.26827
2024-06-25 12:00:00,1.26826,1.26877,1.26704,1.26745
2024-06-25 16:00:00,1.26744,1.26961,1.26736,1.26895
2024-06-25 20:00:00,1.26894,1.26898,1.26833,1.26841
2024-06-26 00:00:00,1.2684,1.26936,1.26794,1.2687
2024-06-26 04:00:00,1.26869,1.26885,1.26674,1.26709
2024-06-26 08:00:00,1.26708,1.26733,1.26396,1.26598
2024-06-26 12:00:00,1.26599,1.26631,1.26183,1.26234
2024-06-26 16:00:00,1.26235,1.2638,1.26157,1.26251
2024-06-26 20:00:00,1.26249,1.26257,1.26192,1.26211
2024-06-27 00:00:00,1.26212,1.26327,1.26131,1.26303
2024-06-27 04:00:00,1.26304,1.26475,1.26293,1.26334
2024-06-27 08:00:00,1.26333,1.26542,1.26265,1.26413
2024-06-27 12:00:00,1.26414,1.26708,1.26412,1.26513
2024-06-27 16:00:00,1.26514,1.26563,1.26378,1.26384
2024-06-27 20:00:00,1.26383,1.26459,1.26381,1.26443
2024-06-28 00:00:00,1.26445,1.26469,1.26229,1.263
2024-06-28 04:00:00,1.26301,1.265,1.2622,1.26437
2024-06-28 08:00:00,1.26438,1.26586,1.26311,1.26421
2024-06-28 12:00:00,1.26422,1.26659,1.26198,1.26372
2024-06-28 16:00:00,1.26373,1.26544,1.26309,1.26411
2024-06-28 20:00:00,1.26412,1.26463,1.2639,1.26453
2024-06-30 20:00:00,1.26568,1.26576,1.26409,1.26488
2024-07-01 00:00:00,1.26489,1.26661,1.26468,1.2656
2024-07-01 04:00:00,1.26561,1.26895,1.26547,1.26636
2024-07-01 08:00:00,1.26635,1.26803,1.26615,1.26773
2024-07-01 12:00:00,1.26774,1.27107,1.26365,1.26467
2024-07-01 16:00:00,1.26468,1.26581,1.26334,1.26436
2024-07-01 20:00:00,1.26435,1.26549,1.26426,1.26453
2024-07-02 00:00:00,1.26454,1.26476,1.26323,1.26342
2024-07-02 04:00:00,1.26343,1.26397,1.26155,1.26249
2024-07-02 08:00:00,1.2625,1.26538,1.2622,1.26538
2024-07-02 12:00:00,1.26539,1.26856,1.26539,1.26756
2024-07-02 16:00:00,1.26755,1.26879,1.26653,1.26877
2024-07-02 20:00:00,1.26876,1.26917,1.26794,1.26876
2024-07-03 00:00:00,1.26877,1.26934,1.26817,1.26865
2024-07-03 04:00:00,1.26864,1.26981,1.26784,1.26936
2024-07-03 08:00:00,1.26937,1.27085,1.26886,1.27064
2024-07-03 12:00:00,1.27063,1.27773,1.27025,1.27641
2024-07-03 16:00:00,1.27639,1.27662,1.27338,1.27402
2024-07-03 20:00:00,1.27403,1.27556,1.27396,1.27474
2024-07-04 00:00:00,1.27475,1.27538,1.27414,1.27421
2024-07-04 04:00:00,1.27422,1.27537,1.27414,1.27534
2024-07-04 08:00:00,1.27535,1.27638,1.27473,1.27528
2024-07-04 12:00:00,1.27529,1.27677,1.27473,1.27605
2024-07-04 16:00:00,1.27606,1.27629,1.27592,1.27615
2024-07-04 20:00:00,1.27616,1.27625,1.27545,1.27552
2024-07-05 00:00:00,1.27553,1.27717,1.27552,1.27713
2024-07-05 04:00:00,1.27714,1.27807,1.27635,1.27806
2024-07-05 08:00:00,1.27804,1.27913,1.27737,1.27846
2024-07-05 12:00:00,1.27845,1.28143,1.27631,1.28069
2024-07-05 16:00:00,1.2807,1.28173,1.27961,1.28161
2024-07-05 20:00:00,1.28162,1.28164,1.28144,1.28146
2024-07-07 20:00:00,1.27993,1.2816,1.27926,1.28062
2024-07-08 00:00:00,1.2806,1.28189,1.28027,1.28145
2024-07-08 04:00:00,1.28146,1.28166,1.27999,1.28141
2024-07-08 08:00:00,1.28143,1.28327,1.28129,1.28326
2024-07-08 12:00:00,1.28328,1.28458,1.28245,1.28256
2024-07-08 16:00:00,1.28255,1.28266,1.2808,1.28097
2024-07-08 20:00:00,1.28098,1.28157,1.28056,1.28153
2024-07-09 00:00:00,1.28155,1.28167,1.27989,1.28053
2024-07-09 04:00:00,1.28054,1.28127,1.27967,1.27982
2024-07-09 08:00:00,1.27981,1.28252,1.27939,1.27999
2024-07-09 12:00:00,1.28,1.28214,1.2778,1.27845
2024-07-09 16:00:00,1.27844,1.27905,1.27784,1.27899
2024-07-09 20:00:00,1.279,1.27908,1.27839,1.27883
2024-07-10 00:00:00,1.27882,1.27948,1.27844,1.27927
2024-07-10 04:00:00,1.27926,1.28021,1.27888,1.27925
2024-07-10 08:00:00,1.27926,1.28128,1.27896,1.28063
2024-07-10 12:00:00,1.28062,1.28469,1.28053,1.28412
2024-07-10 16:00:00,1.28415,1.2847,1.28347,1.28465
2024-07-10 20:00:00,1.28464,1.28544,1.28452,1.28539
2024-07-11 00:00:00,1.2854,1.28643,1.28495,1.28608
2024-07-11 04:00:00,1.28606,1.28708,1.28555,1.28663
2024-07-11 08:00:00,1.28664,1.28821,1.28664,1.28772
2024-07-11 12:00:00,1.28771,1.29493,1.28691,1.29164
2024-07-11 16:00:00,1.29163,1.29184,1.28989,1.2912
2024-07-11 20:00:00,1.29118,1.29243,1.29082,1.29239
2024-07-12 00:00:00,1.29237,1.29245,1.29023,1.2908
2024-07-12 04:00:00,1.29079,1.29302,1.29029,1.2928
2024-07-12 08:00:00,1.29281,1.29663,1.29279,1.2961
2024-07-12 12:00:00,1.29611,1.29909,1.29317,1.29843
2024-07-12 16:00:00,1.29844,1.29905,1.29809,1.29858
2024-07-12 20:00:00,1.29859,1.29894,1.29848,1.29887
2024-07-14 20:00:00,1.29721,1.29836,1.2963,1.29673
2024-07-15 00:00:00,1.29674,1.29747,1.29622,1.29743
2024-07-15 04:00:00,1.29742,1.29832,1.29637,1.2982
2024-07-15 08:00:00,1.29821,1.29913,1.29698,1.29736
2024-07-15 12:00:00,1.29737,1.2995,1.29675,1.29826
2024-07-15 16:00:00,1.29825,1.29896,1.29622,1.29686
2024-07-15 20:00:00,1.29685,1.29764,1.29643,1.29695
2024-07-16 00:00:00,1.29696,1.29702,1.29616,1.29639
2024-07-16 04:00:00,1.29638,1.29729,1.29518,1.2969
2024-07-16 08:00:00,1.29689,1.29722,1.29558,1.29692
2024-07-16 12:00:00,1.29691,1.29799,1.29385,1.29559
2024-07-16 16:00:00,1.2956,1.29769,1.29486,1.29747
2024-07-16 20:00:00,1.29746,1.29778,1.29702,1.29775
2024-07-17 00:00:00,1.29776,1.29787,1.29668,1.29755
2024-07-17 04:00:00,1.29756,1.30133,1.29664,1.30082
2024-07-17 08:00:00,1.30083,1.30444,1.30075,1.30332
2024-07-17 12:00:00,1.30331,1.30364,1.29993,1.30054
2024-07-17 16:00:00,1.30055,1.30122,1.29991,1.30084
2024-07-17 20:00:00,1.30083,1.30121,1.30048,1.30083
2024-07-18 00:00:00,1.30084,1.30108,1.29993,1.30023
2024-07-18 04:00:00,1.30022,1.30128,1.29844,1.3
2024-07-18 08:00:00,1.29999,1.30037,1.29781,1.29814
2024-07-18 12:00:00,1.29815,1.29897,1.29687,1.2973
2024-07-18 16:00:00,1.29728,1.29774,1.29404,1.29456
2024-07-18 20:00:00,1.29457,1.29508,1.29422,1.29492
2024-07-19 00:00:00,1.29491,1.29492,1.29344,1.29407
2024-07-19 04:00:00,1.29406,1.29429,1.29245,1.29289
2024-07-19 08:00:00,1.2929,1.29298,1.29013,1.29275
2024-07-19 12:00:00,1.29276,1.29288,1.29119,1.2921
2024-07-19 16:00:00,1.29209,1.29249,1.29067,1.29109
2024-07-19 20:00:00,1.29108,1.2914,1.29088,1.29128
2024-07-21 20:00:00,1.2918,1.29396,1.29112,1.29327
2024-07-22 00:00:00,1.29326,1.29335,1.29123,1.29229
2024-07-22 04:00:00,1.29228,1.29313,1.29101,1.29241
2024-07-22 08:00:00,1.2924,1.29423,1.29218,1.29249
2024-07-22 12:00:00,1.2925,1.29293,1.29056,1.29086
2024-07-22 16:00:00,1.29087,1.29296,1.29061,1.29293
2024-07-22 20:00:00,1.29294,1.2935,1.29259,1.2931
2024-07-23 00:00:00,1.29311,1.29349,1.29248,1.29309
2024-07-23 04:00:00,1.29308,1.29322,1.29115,1.29164
2024-07-23 08:00:00,1.29163,1.29288,1.28879,1.29123
2024-07-23 12:00:00,1.29122,1.29199,1.29042,1.29142
2024-07-23 16:00:00,1.29143,1.29169,1.29004,1.29034
2024-07-23 20:00:00,1.29033,1.29103,1.28999,1.29011
2024-07-24 00:00:00,1.2901,1.29017,1.28869,1.28892
2024-07-24 04:00:00,1.28891,1.29018,1.28824,1.2887
2024-07-24 08:00:00,1.28869,1.29199,1.28775,1.29186
2024-07-24 12:00:00,1.29185,1.29378,1.29148,1.2923
2024-07-24 16:00:00,1.29231,1.29275,1.28996,1.29031
2024-07-24 20:00:00,1.29029,1.29094,1.28972,1.2898
2024-07-25 00:00:00,1.28981,1.28988,1.28863,1.28932
2024-07-25 04:00:00,1.28933,1.28969,1.28744,1.28934
2024-07-25 08:00:00,1.28933,1.29135,1.28708,1.28722
2024-07-25 12:00:00,1.28725,1.28922,1.286,1.28814
2024-07-25 16:00:00,1.28813,1.28899,1.28524,1.28528
2024-07-25 20:00:00,1.28529,1.28581,1.28499,1.28553
2024-07-26 00:00:00,1.28554,1.28654,1.28542,1.28642
2024-07-26 04:00:00,1.28641,1.2873,1.28572,1.28637
2024-07-26 08:00:00,1.28638,1.2874,1.28598,1.2872
2024-07-26 12:00:00,1.28722,1.28733,1.285,1.28622
2024-07-26 16:00:00,1.28623,1.28781,1.28617,1.28738
2024-07-26 20:00:00,1.28737,1.2875,1.2865,1.28682
2024-07-28 20:00:00,1.28629,1.28736,1.28629,1.28668
2024-07-29 00:00:00,1.28664,1.28882,1.28629,1.28811
2024-07-29 04:00:00,1.2881,1.28815,1.28301,1.2833
2024-07-29 08:00:00,1.28331,1.28466,1.28067,1.28269
2024-07-29 12:00:00,1.2827,1.28564,1.28226,1.285
2024-07-29 16:00:00,1.28501,1.2868,1.28462,1.2865
2024-07-29 20:00:00,1.28651,1.28663,1.2859,1.28598
2024-07-30 00:00:00,1.28596,1.28596,1.28454,1.28553
2024-07-30 04:00:00,1.28554,1.28598,1.28436,1.28509
2024-07-30 08:00:00,1.28511,1.28646,1.28439,1.28449
2024-07-30 12:00:00,1.28446,1.28468,1.28202,1.28281
2024-07-30 16:00:00,1.28282,1.28391,1.28258,1.28322
2024-07-30 20:00:00,1.28324,1.28423,1.28296,1.28378
2024-07-31 00:00:00,1.28379,1.28528,1.28321,1.28408
2024-07-31 04:00:00,1.28407,1.28473,1.28268,1.28395
2024-07-31 08:00:00,1.28393,1.28488,1.28211,1.2835
2024-07-31 12:00:00,1.28349,1.28555,1.283,1.28395
2024-07-31 16:00:00,1.28394,1.28644,1.28215,1.28539
2024-07-31 20:00:00,1.28543,1.286335,1.28505,1.28531
2024-08-01 00:00:00,1.2853,1.28608,1.28481,1.28529
2024-08-01 04:00:00,1.2853,1.28591,1.27894,1.2792
2024-08-01 08:00:00,1.27921,1.27998,1.27512,1.27932
2024-08-01 12:00:00,1.27936,1.28399,1.27666,1.27676
2024-08-01 16:00:00,1.27677,1.27768,1.27269,1.27422
2024-08-01 20:00:00,1.27421,1.27422,1.27279,1.2728
2024-08-02 00:00:00,1.27279,1.2729,1.27129,1.27207
2024-08-02 04:00:00,1.27208,1.27398,1.27074,1.27132
2024-08-02 08:00:00,1.27134,1.2751,1.27134,1.27415
2024-08-02 12:00:00,1.27416,1.28402,1.27412,1.27972
2024-08-02 16:00:00,1.27971,1.28127,1.2784,1.28093
2024-08-02 20:00:00,1.28091,1.28112,1.28007,1.28042
2024-08-04 20:00:00,1.28102,1.28122,1.2782,1.27878
2024-08-05 00:00:00,1.27879,1.28025,1.27782,1.28002
2024-08-05 04:00:00,1.28003,1.28128,1.27102,1.27948
2024-08-05 08:00:00,1.27947,1.28171,1.27274,1.27663
2024-08-05 12:00:00,1.27664,1.279635,1.27463,1.2764
2024-08-05 16:00:00,1.27639,1.27857,1.27444,1.27739
2024-08-05 20:00:00,1.27741,1.27933,1.27665,1.27881
2024-08-06 00:00:00,1.27882,1.28032,1.27779,1.27793
2024-08-06 04:00:00,1.27792,1.27801,1.27344,1.27402
2024-08-06 08:00:00,1.27399,1.27477,1.26801,1.26929
2024-08-06 12:00:00,1.2693,1.27265,1.26728,1.26943
2024-08-06 16:00:00,1.26944,1.27124,1.26849,1.2692
2024-08-06 20:00:00,1.26918,1.26988,1.2681,1.26844
2024-08-07 00:00:00,1.26843,1.27146,1.26816,1.27144
2024-08-07 04:00:00,1.27145,1.27182,1.26874,1.26986
2024-08-07 08:00:00,1.26987,1.27359,1.26938,1.27269
2024-08-07 12:00:00,1.27272,1.27305,1.27074,1.27156
2024-08-07 16:00:00,1.27155,1.27155,1.26835,1.26897
2024-08-07 20:00:00,1.26896,1.26974,1.26784,1.26827
2024-08-08 00:00:00,1.2683,1.27004,1.26786,1.26995
2024-08-08 04:00:00,1.26996,1.27136,1.26898,1.27006
2024-08-08 08:00:00,1.27007,1.271,1.26652,1.26958
2024-08-08 12:00:00,1.2696,1.27429,1.26657,1.27411
2024-08-08 16:00:00,1.27412,1.27525,1.27313,1.27447
2024-08-08 20:00:00,1.27448,1.27512,1.27423,1.27458
2024-08-09 00:00:00,1.27457,1.27588,1.27381,1.27585
2024-08-09 04:00:00,1.27586,1.27723,1.2748,1.27635
2024-08-09 08:00:00,1.27636,1.27717,1.27293,1.27413
2024-08-09 12:00:00,1.27414,1.27738,1.27264,1.27643
2024-08-09 16:00:00,1.27644,1.27702,1.27541,1.27602
2024-08-09 20:00:00,1.27601,1.27626,1.27556,1.27579
2024-08-11 20:00:00,1.27625,1.27663,1.27486,1.27489
2024-08-12 00:00:00,1.2749,1.27634,1.27471,1.27583
2024-08-12 04:00:00,1.27584,1.27823,1.27584,1.27689
2024-08-12 08:00:00,1.27691,1.2773,1.27529,1.27699
2024-08-12 12:00:00,1.27701,1.27941,1.27587,1.27723
2024-08-12 16:00:00,1.27721,1.27724,1.27556,1.27688
2024-08-12 20:00:00,1.27689,1.2771,1.27619,1.27708
2024-08-13 00:00:00,1.27709,1.2778,1.27637,1.27741
2024-08-13 04:00:00,1.27739,1.28131,1.27738,1.28092
2024-08-13 08:00:00,1.28093,1.28094,1.27794,1.27918
2024-08-13 12:00:00,1.2792,1.28379,1.27798,1.28273
2024-08-13 16:00:00,1.28272,1.28732,1.28261,1.28662
2024-08-13 20:00:00,1.28663,1.28686,1.28582,1.28654
2024-08-14 00:00:00,1.28655,1.28686,1.28543,1.28562
2024-08-14 04:00:00,1.2856,1.28624,1.28174,1.28387
2024-08-14 08:00:00,1.28386,1.28537,1.28233,1.28485
2024-08-14 12:00:00,1.28486,1.2864,1.28271,1.28482
2024-08-14 16:00:00,1.28483,1.28486,1.28212,1.28275
2024-08-14 20:00:00,1.28276,1.2832,1.2823,1.28246
2024-08-15 00:00:00,1.28245,1.28341,1.28199,1.28338
2024-08-15 04:00:00,1.28337,1.28581,1.28335,1.28508
2024-08-15 08:00:00,1.28507,1.28637,1.28407,1.28617
2024-08-15 12:00:00,1.28616,1.28717,1.27989,1.28627
2024-08-15 16:00:00,1.28628,1.28716,1.28482,1.28548
2024-08-15 20:00:00,1.28549,1.28602,1.28518,1.2859
2024-08-16 00:00:00,1.28591,1.28753,1.28576,1.28679
2024-08-16 04:00:00,1.28678,1.28867,1.28668,1.28801
2024-08-16 08:00:00,1.28803,1.29106,1.28801,1.29088
2024-08-16 12:00:00,1.29089,1.29142,1.28817,1.29055
2024-08-16 16:00:00,1.29054,1.29458,1.29049,1.29448
2024-08-16 20:00:00,1.29447,1.29461,1.2942,1.29446
2024-08-18 20:00:00,1.29392,1.2951,1.29372,1.29465
2024-08-19 00:00:00,1.29466,1.29603,1.29428,1.29544
2024-08-19 04:00:00,1.29545,1.29691,1.29523,1.29651
2024-08-19 08:00:00,1.29652,1.29757,1.29426,1.29572
2024-08-19 12:00:00,1.2957,1.29974,1.29403,1.29802
2024-08-19 16:00:00,1.29798,1.29963,1.29732,1.299
2024-08-19 20:00:00,1.29901,1.2994,1.29873,1.29894
2024-08-20 00:00:00,1.29895,1.29931,1.29771,1.29789
2024-08-20 04:00:00,1.29788,1.30041,1.29745,1.30029
2024-08-20 08:00:00,1.30031,1.30158,1.29916,1.30078
2024-08-20 12:00:00,1.30077,1.30526,1.30069,1.3026
2024-08-20 16:00:00,1.30263,1.3036,1.30178,1.3033
2024-08-20 20:00:00,1.30331,1.30373,1.30292,1.3034
2024-08-21 00:00:00,1.30339,1.30385,1.30239,1.30273
2024-08-21 04:00:00,1.3027,1.30316,1.30111,1.30154
2024-08-21 08:00:00,1.30155,1.30437,1.30128,1.30319
2024-08-21 12:00:00,1.3032,1.30796,1.30273,1.30762
2024-08-21 16:00:00,1.30761,1.31196,1.30723,1.30901
2024-08-21 20:00:00,1.30902,1.30957,1.30848,1.30926
2024-08-22 00:00:00,1.30924,1.3097,1.30827,1.30869
2024-08-22 04:00:00,1.30868,1.31067,1.30814,1.30979
2024-08-22 08:00:00,1.30978,1.31289,1.30935,1.31119
2024-08-22 12:00:00,1.31121,1.313,1.30819,1.30939
2024-08-22 16:00:00,1.3094,1.31024,1.30767,1.30848
2024-08-22 20:00:00,1.30847,1.3098,1.30845,1.30968
2024-08-23 00:00:00,1.30969,1.31078,1.30921,1.3103
2024-08-23 04:00:00,1.31029,1.31258,1.31029,1.31178
2024-08-23 08:00:00,1.31179,1.31369,1.3111,1.31218
2024-08-23 12:00:00,1.31217,1.32302,1.31086,1.31944
2024-08-23 16:00:00,1.31943,1.32211,1.3175,1.32104
2024-08-23 20:00:00,1.32103,1.32193,1.32067,1.32172
2024-08-25 20:00:00,1.32173,1.32219,1.320445,1.3214
2024-08-26 00:00:00,1.32143,1.32224,1.32022,1.32031
2024-08-26 04:00:00,1.32032,1.321,1.31901,1.31952
2024-08-26 08:00:00,1.31951,1.32056,1.31802,1.31893
2024-08-26 12:00:00,1.31891,1.32096,1.31807,1.31849
2024-08-26 16:00:00,1.31848,1.32072,1.31806,1.31849
2024-08-26 20:00:00,1.3185,1.31948,1.31822,1.31917
2024-08-27 00:00:00,1.31918,1.31954,1.31802,1.31909
2024-08-27 04:00:00,1.31907,1.32159,1.31902,1.32002
2024-08-27 08:00:00,1.32001,1.32468,1.31987,1.32207
2024-08-27 12:00:00,1.32208,1.32423,1.3204,1.32343
2024-08-27 16:00:00,1.32345,1.32653,1.32268,1.32626
2024-08-27 20:00:00,1.32624,1.32665,1.32552,1.32553
2024-08-28 00:00:00,1.32554,1.32606,1.32426,1.32482
2024-08-28 04:00:00,1.32481,1.32496,1.32172,1.32321
2024-08-28 08:00:00,1.3232,1.32437,1.32068,1.32095
2024-08-28 12:00:00,1.32096,1.32307,1.31904,1.32003
2024-08-28 16:00:00,1.32002,1.32002,1.31679,1.31843
2024-08-28 20:00:00,1.31844,1.3195,1.31835,1.31931
2024-08-29 00:00:00,1.31932,1.32118,1.3193,1.32072
2024-08-29 04:00:00,1.32073,1.3227,1.3206,1.32203
2024-08-29 08:00:00,1.32199,1.32199,1.31686,1.31853
2024-08-29 12:00:00,1.31852,1.31855,1.31455,1.31848
2024-08-29 16:00:00,1.31849,1.31906,1.31635,1.31662
2024-08-29 20:00:00,1.31661,1.31716,1.31631,1.31654
2024-08-30 00:00:00,1.31656,1.31715,1.31624,1.31639
2024-08-30 04:00:00,1.31638,1.31985,1.31605,1.31909
2024-08-30 08:00:00,1.31908,1.32,1.31692,1.31792
2024-08-30 12:00:00,1.31791,1.31871,1.31257,1.31309
2024-08-30 16:00:00,1.31307,1.31344,1.31098,1.31322
2024-08-30 20:00:00,1.31318,1.31364,1.31258,1.31262
2024-09-01 20:00:00,1.31342,1.31363,1.31262,1.31299
2024-09-02 00:00:00,1.31298,1.31382,1.31202,1.31281
2024-09-02 04:00:00,1.3128,1.31457,1.31227,1.31347
2024-09-02 08:00:00,1.31346,1.31462,1.31275,1.31297
2024-09-02 12:00:00,1.31296,1.31552,1.31295,1.31451
2024-09-02 16:00:00,1.3145,1.31473,1.3136,1.31463
2024-09-02 20:00:00,1.31462,1.31495,1.31381,1.31403
2024-09-03 00:00:00,1.31405,1.31473,1.31279,1.31292
2024-09-03 04:00:00,1.3129,1.31399,1.31089,1.31221
2024-09-03 08:00:00,1.3122,1.31285,1.311,1.31224
2024-09-03 12:00:00,1.31226,1.31464,1.30886,1.3103
2024-09-03 16:00:00,1.31029,1.31081,1.30878,1.31077
2024-09-03 20:00:00,1.3108,1.31171,1.31052,1.31129
2024-09-04 00:00:00,1.31128,1.31154,1.31016,1.31115
2024-09-04 04:00:00,1.31113,1.31208,1.31012,1.31158
2024-09-04 08:00:00,1.31159,1.31276,1.31094,1.31197
2024-09-04 12:00:00,1.31198,1.31753,1.31067,1.31415
2024-09-04 16:00:00,1.31412,1.3153,1.31275,1.31441
2024-09-04 20:00:00,1.3144,1.31495,1.31415,1.3144
2024-09-05 00:00:00,1.31442,1.31565,1.31411,1.31472
2024-09-05 04:00:00,1.3147,1.31568,1.31372,1.31479
2024-09-05 08:00:00,1.3148,1.31737,1.31448,1.31597
2024-09-05 12:00:00,1.31598,1.318,1.31514,1.31644
2024-09-05 16:00:00,1.31647,1.31856,1.31636,1.3171
2024-09-05 20:00:00,1.31709,1.31823,1.31708,1.3176
2024-09-06 00:00:00,1.31761,1.31819,1.3173,1.31771
2024-09-06 04:00:00,1.31772,1.31931,1.31719,1.31819
2024-09-06 08:00:00,1.3182,1.31843,1.31599,1.31772
2024-09-06 12:00:00,1.31773,1.3239,1.31272,1.3132
2024-09-06 16:00:00,1.31318,1.31395,1.31102,1.31335
2024-09-06 20:00:00,1.31339,1.31345,1.31282,1.31302
2024-09-08 20:00:00,1.31254,1.31385,1.31254,1.31317
2024-09-09 00:00:00,1.31314,1.31434,1.31295,1.31306
2024-09-09 04:00:00,1.31305,1.31331,1.30912,1.31056
2024-09-09 08:00:00,1.31057,1.31083,1.30731,1.30873
2024-09-09 12:00:00,1.30874,1.31011,1.30682,1.30824
2024-09-09 16:00:00,1.30823,1.31024,1.30727,1.30734
2024-09-09 20:00:00,1.30733,1.30772,1.30693,1.30709
2024-09-10 00:00:00,1.30708,1.30745,1.30579,1.30728
2024-09-10 04:00:00,1.3073,1.31077,1.30717,1.30897
2024-09-10 08:00:00,1.30898,1.31047,1.30789,1.30893
2024-09-10 12:00:00,1.30892,1.3095,1.30497,1.30649
2024-09-10 16:00:00,1.30648,1.30867,1.30565,1.30858
2024-09-10 20:00:00,1.30857,1.30862,1.30759,1.30798
2024-09-11 00:00:00,1.30797,1.30977,1.30704,1.30943
2024-09-11 04:00:00,1.30942,1.31114,1.30777,1.30828
2024-09-11 08:00:00,1.30827,1.30981,1.30751,1.30914
2024-09-11 12:00:00,1.30915,1.30934,1.30022,1.30237
2024-09-11 16:00:00,1.30236,1.305,1.30206,1.30436
2024-09-11 20:00:00,1.30437,1.30468,1.30381,1.30382
2024-09-12 00:00:00,1.30381,1.30433,1.30322,1.30432
2024-09-12 04:00:00,1.30433,1.30567,1.30377,1.30391
2024-09-12 08:00:00,1.3039,1.30606,1.30328,1.30383
2024-09-12 12:00:00,1.30382,1.30845,1.30377,1.30802
2024-09-12 16:00:00,1.30803,1.31197,1.30801,1.31184
2024-09-12 20:00:00,1.31185,1.31329,1.31153,1.31327
2024-09-13 00:00:00,1.31328,1.31499,1.31312,1.31489
2024-09-13 04:00:00,1.3149,1.31509,1.31245,1.31461
2024-09-13 08:00:00,1.31458,1.31523,1.31162,1.3122
2024-09-13 12:00:00,1.31221,1.31578,1.31149,1.31394
2024-09-13 16:00:00,1.31393,1.31396,1.3118,1.31244
2024-09-13 20:00:00,1.31243,1.31272,1.312265,1.31248
2024-09-15 20:00:00,1.3123,1.31368,1.31209,1.31354
2024-09-16 00:00:00,1.31353,1.31635,1.31353,1.31602
2024-09-16 04:00:00,1.31601,1.3174,1.31527,1.3171
2024-09-16 08:00:00,1.31709,1.3204,1.31698,1.32
2024-09-16 12:00:00,1.32002,1.32142,1.31877,1.32011
2024-09-16 16:00:00,1.32013,1.32137,1.3195,1.32129
2024-09-16 20:00:00,1.32128,1.32189,1.32051,1.32103
2024-09-17 00:00:00,1.32104,1.32118,1.32004,1.32028
2024-09-17 04:00:00,1.32027,1.32187,1.31986,1.32173
2024-09-17 08:00:00,1.32171,1.32298,1.32073,1.32208
2024-09-17 12:00:00,1.32209,1.32253,1.31586,1.31633
2024-09-17 16:00:00,1.31632,1.31693,1.31462,1.31624
2024-09-17 20:00:00,1.31625,1.31682,1.3155,1.31672
2024-09-18 00:00:00,1.31675,1.31724,1.31616,1.3165
2024-09-18 04:00:00,1.31649,1.31999,1.31567,1.31982
2024-09-18 08:00:00,1.31983,1.32274,1.31952,1.32107
2024-09-18 12:00:00,1.32108,1.3254,1.31952,1.31981
2024-09-18 16:00:00,1.31979,1.32978,1.31754,1.31879
2024-09-18 20:00:00,1.31875,1.32183,1.3186,1.3203
2024-09-19 00:00:00,1.32031,1.32138,1.31537,1.3211
2024-09-19 04:00:00,1.32111,1.32586,1.3201,1.32471
2024-09-19 08:00:00,1.32472,1.33145,1.32452,1.32854
2024-09-19 12:00:00,1.32855,1.32909,1.322,1.3279
2024-09-19 16:00:00,1.32791,1.32895,1.32738,1.32821
2024-09-19 20:00:00,1.3282,1.32865,1.32767,1.32813
2024-09-20 00:00:00,1.32814,1.33019,1.32721,1.3294
2024-09-20 04:00:00,1.32941,1.33404,1.32871,1.33124
2024-09-20 08:00:00,1.33122,1.33169,1.32811,1.32998
2024-09-20 12:00:00,1.32999,1.33236,1.32684,1.33044
2024-09-20 16:00:00,1.33046,1.33317,1.33027,1.33162
2024-09-20 20:00:00,1.33161,1.33237,1.33136,1.33228
2024-09-22 20:00:00,1.33161,1.3323,1.33121,1.33122
2024-09-23 00:00:00,1.33119,1.33198,1.33083,1.33095
2024-09-23 04:00:00,1.33094,1.33204,1.32604,1.32629
2024-09-23 08:00:00,1.32627,1.33188,1.32486,1.33128
2024-09-23 12:00:00,1.33129,1.33595,1.32998,1.33508
2024-09-23 16:00:00,1.33507,1.33542,1.33373,1.33473
2024-09-23 20:00:00,1.33474,1.33506,1.33424,1.33489
2024-09-24 00:00:00,1.33491,1.33572,1.33403,1.33532
2024-09-24 04:00:00,1.33533,1.33664,1.3332,1.33494
2024-09-24 08:00:00,1.33493,1.33831,1.33493,1.33701
2024-09-24 12:00:00,1.33702,1.33989,1.33679,1.33753
2024-09-24 16:00:00,1.33755,1.34154,1.33754,1.34149
2024-09-24 20:00:00,1.34148,1.34276,1.34109,1.3427
2024-09-25 00:00:00,1.34271,1.34298,1.34108,1.34231
2024-09-25 04:00:00,1.34232,1.34238,1.33831,1.33894
2024-09-25 08:00:00,1.33893,1.33939,1.33641,1.33758
2024-09-25 12:00:00,1.33759,1.34126,1.33349,1.3338
2024-09-25 16:00:00,1.33379,1.33419,1.33129,1.3316
2024-09-25 20:00:00,1.33159,1.33247,1.33126,1.33139
2024-09-26 00:00:00,1.33138,1.33407,1.33127,1.33388
2024-09-26 04:00:00,1.33389,1.33582,1.33348,1.33443
2024-09-26 08:00:00,1.33439,1.33893,1.33345,1.33744
2024-09-26 12:00:00,1.33745,1.34343,1.33512,1.34284
2024-09-26 16:00:00,1.34283,1.34283,1.34051,1.34148
2024-09-26 20:00:00,1.34149,1.34177,1.34066,1.34108
2024-09-27 00:00:00,1.34107,1.3411,1.3385,1.33932
2024-09-27 04:00:00,1.33931,1.33969,1.33608,1.33674
2024-09-27 08:00:00,1.33675,1.33977,1.33601,1.33882
2024-09-27 12:00:00,1.33883,1.34276,1.33803,1.33937
2024-09-27 16:00:00,1.3394,1.33962,1.33728,1.33765
2024-09-27 20:00:00,1.33766,1.33771,1.33698,1.33725
2024-09-29 20:00:00,1.33748,1.3384,1.33722,1.33828
2024-09-30 00:00:00,1.33827,1.33896,1.33738,1.33844
2024-09-30 04:00:00,1.33845,1.33993,1.33744,1.33989
2024-09-30 08:00:00,1.33992,1.34231,1.33858,1.34026
2024-09-30 12:00:00,1.34025,1.34172,1.33602,1.33975
2024-09-30 16:00:00,1.33976,1.34083,1.33501,1.33712
2024-09-30 20:00:00,1.33713,1.33827,1.33674,1.33774
2024-10-01 00:00:00,1.33776,1.33898,1.33694,1.33707
2024-10-01 04:00:00,1.33706,1.33851,1.33345,1.33384
2024-10-01 08:00:00,1.33387,1.33492,1.33111,1.33203
2024-10-01 12:00:00,1.33202,1.33284,1.32638,1.32794
2024-10-01 16:00:00,1.32793,1.32902,1.32374,1.32808
2024-10-01 20:00:00,1.32809,1.32886,1.32723,1.32743
2024-10-02 00:00:00,1.32744,1.32961,1.32744,1.32858
2024-10-02 04:00:00,1.32859,1.33008,1.32608,1.32881
2024-10-02 08:00:00,1.3288,1.33057,1.32754,1.32936
2024-10-02 12:00:00,1.32937,1.32964,1.32459,1.32704
2024-10-02 16:00:00,1.32705,1.32785,1.32584,1.32714
2024-10-02 20:00:00,1.32713,1.32834,1.32619,1.3263
2024-10-03 00:00:00,1.32629,1.32651,1.32467,1.32505
2024-10-03 04:00:00,1.32504,1.32522,1.31485,1.31546
2024-10-03 08:00:00,1.31545,1.3156,1.30929,1.31131
2024-10-03 12:00:00,1.3113,1.31268,1.30924,1.31117
2024-10-03 16:00:00,1.31119,1.31319,1.31105,1.31213
2024-10-03 20:00:00,1.31209,1.3132,1.3119,1.31288
2024-10-04 00:00:00,1.31287,1.31358,1.31235,1.31284
2024-10-04 04:00:00,1.31285,1.31675,1.31239,1.31587
2024-10-04 08:00:00,1.31588,1.31745,1.31451,1.31699
2024-10-04 12:00:00,1.317,1.3175,1.30699,1.3106
2024-10-04 16:00:00,1.31063,1.31286,1.3096,1.31267
2024-10-04 20:00:00,1.31266,1.31296,1.31186,1.31254
2024-10-06 20:00:00,1.31149,1.3125,1.31106,1.31232
2024-10-07 00:00:00,1.31231,1.31346,1.31189,1.31294
2024-10-07 04:00:00,1.31295,1.3131,1.30998,1.31124
2024-10-07 08:00:00,1.31125,1.31167,1.30593,1.3082
2024-10-07 12:00:00,1.30821,1.30943,1.30666,1.30798
2024-10-07 16:00:00,1.30799,1.30968,1.30691,1.30825
2024-10-07 20:00:00,1.30827,1.30883,1.30805,1.30844
2024-10-08 00:00:00,1.30845,1.31038,1.30845,1.30927
2024-10-08 04:00:00,1.30928,1.31033,1.30643,1.31021
2024-10-08 08:00:00,1.31022,1.31073,1.30862,1.31053
2024-10-08 12:00:00,1.31051,1.31134,1.30812,1.30923
2024-10-08 16:00:00,1.30922,1.31011,1.30761,1.30999
2024-10-08 20:00:00,1.31001,1.31056,1.30931,1.30932
2024-10-09 00:00:00,1.3093,1.31033,1.30832,1.30852
2024-10-09 04:00:00,1.30853,1.31019,1.30558,1.30831
2024-10-09 08:00:00,1.3083,1.30955,1.30682,1.30844
2024-10-09 12:00:00,1.30845,1.30894,1.30659,1.30719
2024-10-09 16:00:00,1.30768,1.30785,1.30624,1.30645
2024-10-09 20:00:00,1.30646,1.307555,1.306,1.30664
2024-10-10 00:00:00,1.30665,1.30782,1.30649,1.30759
2024-10-10 04:00:00,1.30758,1.30891,1.30678,1.30833
2024-10-10 08:00:00,1.30834,1.3094,1.30666,1.3067
2024-10-10 12:00:00,1.30671,1.30905,1.30234,1.30527
2024-10-10 16:00:00,1.30528,1.30595,1.3022,1.30556
2024-10-10 20:00:00,1.30558,1.30644,1.30555,1.30614
2024-10-11 00:00:00,1.30613,1.30668,1.3052,1.30549
2024-10-11 04:00:00,1.3055,1.30752,1.30419,1.3075
2024-10-11 08:00:00,1.30751,1.30816,1.30518,1.30609
2024-10-11 12:00:00,1.3061,1.30832,1.30551,1.30694
2024-10-11 16:00:00,1.30693,1.30783,1.30645,1.30647
2024-10-11 20:00:00,1.30645,1.30722,1.30631,1.30692
2024-10-13 20:00:00,1.30685,1.30688,1.30466,1.30486
2024-10-14 00:00:00,1.30484,1.30628,1.30409,1.30594
2024-10-14 04:00:00,1.30592,1.30722,1.30563,1.30619
2024-10-14 08:00:00,1.30616,1.30683,1.30374,1.30388
2024-10-14 12:00:00,1.30385,1.30603,1.30302,1.30493
2024-10-14 16:00:00,1.3049,1.30614,1.30419,1.30555
2024-10-14 20:00:00,1.30554,1.30677,1.30542,1.30672
2024-10-15 00:00:00,1.30673,1.30685,1.30539,1.30544
2024-10-15 04:00:00,1.30545,1.30739,1.30356,1.30736
2024-10-15 08:00:00,1.30735,1.30968,1.30675,1.30763
2024-10-15 12:00:00,1.30765,1.3103,1.30743,1.30822
2024-10-15 16:00:00,1.30823,1.30851,1.30608,1.30674
2024-10-15 20:00:00,1.30673,1.3077,1.30634,1.3065
2024-10-16 00:00:00,1.30649,1.30775,1.30601,1.30711
2024-10-16 04:00:00,1.30712,1.30767,1.29827,1.30007
2024-10-16 08:00:00,1.30008,1.30325,1.29919,1.3031
2024-10-16 12:00:00,1.30313,1.30379,1.29959,1.29997
2024-10-16 16:00:00,1.29998,1.30056,1.2977,1.29825
2024-10-16 20:00:00,1.29824,1.29969,1.29817,1.29912
2024-10-17 00:00:00,1.29911,1.30014,1.29807,1.29868
2024-10-17 04:00:00,1.29869,1.29929,1.2974,1.29844
2024-10-17 08:00:00,1.29843,1.30175,1.29752,1.30159
2024-10-17 12:00:00,1.30158,1.30234,1.29799,1.30075
2024-10-17 16:00:00,1.30076,1.30155,1.2999,1.30129
2024-10-17 20:00:00,1.3013,1.30171,1.3008,1.30148
2024-10-18 00:00:00,1.30147,1.30265,1.3011,1.30209
2024-10-18 04:00:00,1.3021,1.30711,1.30199,1.30525
2024-10-18 08:00:00,1.30526,1.30534,1.30344,1.30452
2024-10-18 12:00:00,1.30455,1.30669,1.30202,1.30215
2024-10-18 16:00:00,1.30214,1.30458,1.30201,1.3043
2024-10-18 20:00:00,1.30428,1.30526,1.30417,1.30521
2024-10-20 20:00:00,1.30462,1.3058,1.3043,1.30521
2024-10-21 00:00:00,1.30522,1.30533,1.30425,1.30503
2024-10-21 04:00:00,1.30502,1.30503,1.30203,1.30221
2024-10-21 08:00:00,1.3022,1.30337,1.30124,1.30192
2024-10-21 12:00:00,1.30191,1.30335,1.29797,1.29798
2024-10-21 16:00:00,1.29795,1.29906,1.29773,1.2984
2024-10-21 20:00:00,1.29841,1.29885,1.29806,1.29827
2024-10-22 00:00:00,1.29826,1.29954,1.29799,1.29952
2024-10-22 04:00:00,1.29953,1.30152,1.2994,1.30095
2024-10-22 08:00:00,1.30094,1.30106,1.29662,1.29792
2024-10-22 12:00:00,1.29793,1.2985,1.29448,1.29682
2024-10-22 16:00:00,1.29681,1.29844,1.2966,1.29835
2024-10-22 20:00:00,1.29832,1.29891,1.29738,1.29811
2024-10-23 00:00:00,1.2981,1.29918,1.29715,1.29854
2024-10-23 04:00:00,1.29855,1.2995,1.29629,1.29643
2024-10-23 08:00:00,1.29641,1.29888,1.29502,1.2951
2024-10-23 12:00:00,1.29511,1.29619,1.29353,1.29437
2024-10-23 16:00:00,1.29438,1.2948,1.29074,1.29327
2024-10-23 20:00:00,1.29329,1.29336,1.29092,1.29156
2024-10-24 00:00:00,1.29158,1.29287,1.29119,1.29255
2024-10-24 04:00:00,1.29253,1.29688,1.29245,1.29621
2024-10-24 08:00:00,1.2962,1.29814,1.29485,1.29731
2024-10-24 12:00:00,1.29733,1.2988,1.29538,1.29632
2024-10-24 16:00:00,1.29633,1.29778,1.29482,1.29755
2024-10-24 20:00:00,1.29756,1.29776,1.29692,1.29717
2024-10-25 00:00:00,1.29718,1.29739,1.29611,1.29633
2024-10-25 04:00:00,1.29632,1.29766,1.29561,1.29704
2024-10-25 08:00:00,1.29703,1.29925,1.29687,1.2987
2024-10-25 12:00:00,1.29869,1.29987,1.29768,1.29774
2024-10-25 16:00:00,1.29773,1.29801,1.29585,1.29599
2024-10-25 20:00:00,1.296,1.29629,1.29583,1.29619
2024-10-27 20:00:00,1.29646,1.29693,1.29563,1.29575
2024-10-28 00:00:00,1.29574,1.29639,1.29427,1.2943
2024-10-28 04:00:00,1.29429,1.2972,1.29397,1.29705
2024-10-28 08:00:00,1.29704,1.29944,1.29605,1.29917
2024-10-28 12:00:00,1.29916,1.30016,1.29784,1.29803
2024-10-28 16:00:00,1.29802,1.29888,1.29678,1.29737
2024-10-28 20:00:00,1.29736,1.29756,1.29651,1.29747
2024-10-29 00:00:00,1.29746,1.29772,1.29583,1.29602
2024-10-29 04:00:00,1.29603,1.29741,1.29583,1.29714
2024-10-29 08:00:00,1.29715,1.29928,1.29698,1.29862
2024-10-29 12:00:00,1.29861,1.30072,1.29673,1.30041
2024-10-29 16:00:00,1.30042,1.30119,1.29899,1.30061
2024-10-29 20:00:00,1.30059,1.30171,1.30041,1.30113
2024-10-30 00:00:00,1.30111,1.30204,1.29966,1.2999
2024-10-30 04:00:00,1.29991,1.30138,1.29961,1.30086
2024-10-30 08:00:00,1.30083,1.30271,1.29626,1.29712
2024-10-30 12:00:00,1.29709,1.30435,1.2937,1.30116
2024-10-30 16:00:00,1.30115,1.30185,1.29672,1.29699
2024-10-30 20:00:00,1.29698,1.29705,1.29542,1.29582
2024-10-31 00:00:00,1.29583,1.296,1.2943,1.29494
2024-10-31 04:00:00,1.29497,1.29994,1.29468,1.29958
2024-10-31 08:00:00,1.2996,1.29998,1.29583,1.29785
2024-10-31 12:00:00,1.29784,1.29979,1.28438,1.28556
2024-10-31 16:00:00,1.28557,1.28942,1.28549,1.28924
2024-10-31 20:00:00,1.28921,1.29032,1.28919,1.28971
2024-11-01 00:00:00,1.2897,1.29025,1.28888,1.28988
2024-11-01 04:00:00,1.28989,1.29028,1.28847,1.28984
2024-11-01 08:00:00,1.28983,1.29231,1.28882,1.29202
2024-11-01 12:00:00,1.29201,1.29804,1.29167,1.29594
2024-11-01 16:00:00,1.29592,1.2963,1.29201,1.29206
2024-11-01 20:00:00,1.29207,1.29238,1.29162,1.29201
2024-11-03 20:00:00,1.29703,1.2971,1.29502,1.29527
2024-11-04 00:00:00,1.29526,1.29801,1.29517,1.29779
2024-11-04 12:00:00,1.29656,1.29933,1.29633,1.29808
2024-11-04 16:00:00,1.29809,1.29815,1.29344,1.29539
2024-11-04 20:00:00,1.29538,1.29606,1.29499,1.2954
2024-11-05 00:00:00,1.29541,1.29618,1.29483,1.29536
2024-11-05 04:00:00,1.29534,1.29819,1.29529,1.29771
2024-11-05 08:00:00,1.29772,1.29945,1.29714,1.29913
2024-11-05 12:00:00,1.29915,1.3021,1.29791,1.3002
2024-11-05 16:00:00,1.30019,1.30374,1.30005,1.30212
2024-11-05 20:00:00,1.3021,1.30479,1.30162,1.30427
2024-11-06 00:00:00,1.30428,1.30437,1.286365,1.28886
2024-11-06 04:00:00,1.28884,1.29277,1.28464,1.28665
2024-11-06 08:00:00,1.28663,1.29238,1.28514,1.28567
2024-11-06 12:00:00,1.28566,1.28899,1.28344,1.28898
2024-11-06 16:00:00,1.28895,1.29196,1.28706,1.28903
2024-11-06 20:00:00,1.28904,1.28985,1.28755,1.28826
2024-11-07 00:00:00,1.28825,1.29239,1.2876,1.29224
2024-11-07 04:00:00,1.29225,1.29474,1.2915,1.29302
2024-11-07 08:00:00,1.29304,1.29395,1.28994,1.29054
2024-11-07 12:00:00,1.29056,1.30093,1.28993,1.29962
2024-11-07 16:00:00,1.29963,1.30011,1.29486,1.29653
2024-11-07 20:00:00,1.29656,1.29916,1.29609,1.29831
2024-11-08 00:00:00,1.2983,1.29843,1.2963,1.29647
2024-11-08 04:00:00,1.29646,1.29744,1.29617,1.2965
2024-11-08 08:00:00,1.29649,1.29768,1.29355,1.29679
2024-11-08 12:00:00,1.2968,1.29686,1.29224,1.29384
2024-11-08 16:00:00,1.29383,1.2945,1.28836,1.29127
2024-11-08 20:00:00,1.29126,1.29255,1.29097,1.29195
2024-11-10 20:00:00,1.29091,1.29178,1.29062,1.29156
2024-11-11 00:00:00,1.29153,1.2926,1.29097,1.29143
2024-11-11 04:00:00,1.29142,1.29224,1.28912,1.28956
2024-11-11 08:00:00,1.28953,1.29069,1.28772,1.28854
2024-11-11 12:00:00,1.28853,1.28903,1.28561,1.28696
2024-11-11 16:00:00,1.28697,1.28782,1.28573,1.28621
2024-11-11 20:00:00,1.2862,1.28737,1.2862,1.28737
2024-11-12 00:00:00,1.28736,1.28737,1.28413,1.28417
2024-11-12 04:00:00,1.28414,1.28473,1.28009,1.28142
2024-11-12 08:00:00,1.28141,1.28315,1.27927,1.28211
2024-11-12 12:00:00,1.2821,1.28291,1.27561,1.27632
2024-11-12 16:00:00,1.27631,1.27657,1.27194,1.27364
2024-11-12 20:00:00,1.27362,1.27525,1.27356,1.2737
2024-11-13 00:00:00,1.27372,1.27549,1.27311,1.27441
2024-11-13 04:00:00,1.2744,1.27478,1.273,1.27357
2024-11-13 08:00:00,1.27356,1.27559,1.273,1.27545
2024-11-13 12:00:00,1.27547,1.27695,1.26866,1.27241
2024-11-13 16:00:00,1.27242,1.27266,1.27002,1.27049
2024-11-13 20:00:00,1.2705,1.27133,1.27004,1.27073
2024-11-14 00:00:00,1.27076,1.27105,1.26832,1.26837
2024-11-14 04:00:00,1.26838,1.26955,1.26733,1.26869
2024-11-14 08:00:00,1.2687,1.2693,1.26299,1.26587
2024-11-14 12:00:00,1.2659,1.27117,1.26459,1.27079
2024-11-14 16:00:00,1.27081,1.27202,1.2683,1.26872
2024-11-14 20:00:00,1.26871,1.26882,1.26474,1.2667
2024-11-15 00:00:00,1.26671,1.26825,1.26567,1.26757
2024-11-15 04:00:00,1.26756,1.26905,1.26665,1.26666
2024-11-15 08:00:00,1.26665,1.26973,1.2649,1.26898
2024-11-15 12:00:00,1.26897,1.26927,1.26145,1.26284
2024-11-15 16:00:00,1.26283,1.26425,1.26117,1.2612
2024-11-15 20:00:00,1.26119,1.26217,1.25974,1.26201
2024-11-17 20:00:00,1.26247,1.26247,1.26098,1.26193
2024-11-18 00:00:00,1.26194,1.26425,1.26153,1.26251
2024-11-18 04:00:00,1.26252,1.26409,1.26194,1.26264
2024-11-18 08:00:00,1.26265,1.26366,1.26133,1.26185
2024-11-18 12:00:00,1.26184,1.26437,1.26166,1.26396
2024-11-18 16:00:00,1.26395,1.26866,1.26394,1.26716
2024-11-18 20:00:00,1.26715,1.26817,1.26712,1.26788
2024-11-19 00:00:00,1.26787,1.26893,1.2666,1.26853
2024-11-19 04:00:00,1.26854,1.26895,1.26633,1.26733
2024-11-19 08:00:00,1.26731,1.26796,1.26133,1.26349
2024-11-19 12:00:00,1.26351,1.2671,1.26276,1.26646
2024-11-19 16:00:00,1.26645,1.26822,1.26618,1.26764
2024-11-19 20:00:00,1.26763,1.26942,1.26744,1.26942
2024-11-20 00:00:00,1.26943,1.26956,1.26803,1.2682
2024-11-20 04:00:00,1.26819,1.27148,1.26778,1.26955
2024-11-20 08:00:00,1.26954,1.26968,1.26492,1.26629
2024-11-20 12:00:00,1.26628,1.26754,1.26384,1.26533
2024-11-20 16:00:00,1.26536,1.26621,1.26311,1.26474
2024-11-20 20:00:00,1.26464,1.26556,1.26431,1.26556
2024-11-21 00:00:00,1.26555,1.26597,1.26505,1.26589
2024-11-21 04:00:00,1.2659,1.26603,1.26372,1.26486
2024-11-21 08:00:00,1.26488,1.26516,1.26232,1.26383
2024-11-21 12:00:00,1.26382,1.26576,1.26172,1.2618
2024-11-21 16:00:00,1.26178,1.26223,1.25765,1.26016
2024-11-21 20:00:00,1.26015,1.26055,1.25835,1.25849
2024-11-22 00:00:00,1.25848,1.25943,1.25809,1.25842
2024-11-22 04:00:00,1.25841,1.25874,1.25518,1.25723
2024-11-22 08:00:00,1.25722,1.25818,1.24873,1.25128
2024-11-22 12:00:00,1.25129,1.25378,1.2502,1.25267
2024-11-22 16:00:00,1.2527,1.25353,1.25075,1.25254
2024-11-22 20:00:00,1.25255,1.25342,1.25221,1.25329
2024-11-24 20:00:00,1.25922,1.25973,1.25752,1.25932
2024-11-25 00:00:00,1.25929,1.2607,1.25879,1.25932
2024-11-25 04:00:00,1.25931,1.26052,1.25711,1.25718
2024-11-25 08:00:00,1.25715,1.25832,1.25485,1.2565
2024-11-25 12:00:00,1.25652,1.26134,1.25477,1.2551
2024-11-25 16:00:00,1.25509,1.25773,1.25418,1.25745
2024-11-25 20:00:00,1.25746,1.25786,1.253,1.25324
2024-11-26 00:00:00,1.25323,1.25494,1.25073,1.2549
2024-11-26 04:00:00,1.25491,1.25627,1.25428,1.25438
2024-11-26 08:00:00,1.25436,1.25929,1.2538,1.2584
2024-11-26 12:00:00,1.25838,1.26165,1.2555,1.25632
2024-11-26 16:00:00,1.25631,1.25669,1.25249,1.25461
2024-11-26 20:00:00,1.2546,1.25742,1.2545,1.25738
2024-11-27 00:00:00,1.25737,1.25801,1.25695,1.2572
2024-11-27 04:00:00,1.25719,1.25981,1.25667,1.25923
2024-11-27 08:00:00,1.25924,1.26193,1.25893,1.26103
2024-11-27 12:00:00,1.26102,1.26879,1.26077,1.26772
2024-11-27 16:00:00,1.26771,1.26945,1.2665,1.26729
2024-11-27 20:00:00,1.2673,1.26832,1.26697,1.26772
2024-11-28 00:00:00,1.26773,1.26783,1.26614,1.2663
2024-11-28 04:00:00,1.26633,1.26695,1.26458,1.2652
2024-11-28 08:00:00,1.26519,1.2674,1.26452,1.26667
2024-11-28 12:00:00,1.26668,1.2683,1.26598,1.26822
2024-11-28 16:00:00,1.2682,1.26901,1.26762,1.26899
2024-11-28 20:00:00,1.26897,1.26959,1.26843,1.26956
2024-11-29 00:00:00,1.26955,1.27152,1.26932,1.27132
2024-11-29 04:00:00,1.27131,1.27501,1.27057,1.27229
2024-11-29 08:00:00,1.2723,1.27264,1.26824,1.26977
2024-11-29 12:00:00,1.26978,1.27144,1.26722,1.27088
2024-11-29 16:00:00,1.2709,1.27398,1.26915,1.27395
2024-11-29 20:00:00,1.27396,1.27459,1.27352,1.27369
2024-12-01 20:00:00,1.27296,1.27362,1.26962,1.27014
2024-12-02 00:00:00,1.27015,1.27058,1.26805,1.26892
2024-12-02 04:00:00,1.26891,1.27088,1.26802,1.26828
2024-12-02 08:00:00,1.26827,1.27227,1.2679,1.27112
2024-12-02 12:00:00,1.27114,1.27138,1.26173,1.26279
2024-12-02 16:00:00,1.2628,1.26546,1.26177,1.265
2024-12-02 20:00:00,1.26499,1.26707,1.26476,1.26587
2024-12-03 00:00:00,1.26586,1.26605,1.26386,1.26464
2024-12-03 04:00:00,1.26463,1.26727,1.26398,1.2663
2024-12-03 08:00:00,1.26628,1.26971,1.26605,1.26627
2024-12-03 12:00:00,1.26628,1.26736,1.26369,1.26621
2024-12-03 16:00:00,1.26619,1.26998,1.26513,1.2668
2024-12-03 20:00:00,1.26679,1.26772,1.26655,1.26742
2024-12-04 00:00:00,1.26741,1.26782,1.2652,1.26558
2024-12-04 04:00:00,1.26557,1.27017,1.26521,1.26816
2024-12-04 08:00:00,1.26813,1.26951,1.26301,1.26799
2024-12-04 12:00:00,1.26798,1.27122,1.26608,1.27082
2024-12-04 16:00:00,1.27081,1.27216,1.26871,1.27005
2024-12-04 20:00:00,1.27006,1.27079,1.26942,1.2701
2024-12-05 00:00:00,1.27011,1.27099,1.26931,1.27093
2024-12-05 04:00:00,1.27092,1.27312,1.27015,1.27296
2024-12-05 08:00:00,1.27297,1.27405,1.27141,1.2732
2024-12-05 12:00:00,1.27321,1.27709,1.27142,1.2757
2024-12-05 16:00:00,1.27569,1.27623,1.27321,1.2757
2024-12-05 20:00:00,1.27569,1.27633,1.27497,1.27604
2024-12-06 00:00:00,1.27605,1.27606,1.274,1.27511
2024-12-06 04:00:00,1.2751,1.27654,1.27411,1.27639
2024-12-06 08:00:00,1.2764,1.27743,1.27497,1.27706
2024-12-06 12:00:00,1.27705,1.28112,1.27283,1.27439
2024-12-06 16:00:00,1.2744,1.27559,1.27215,1.27354
2024-12-06 20:00:00,1.27355,1.27434,1.27347,1.27412
2024-12-08 20:00:00,1.27373,1.27518,1.27371,1.27484
2024-12-09 00:00:00,1.27486,1.27487,1.2723,1.27237
2024-12-09 04:00:00,1.27236,1.27631,1.27172,1.27627
2024-12-09 08:00:00,1.27628,1.27835,1.2756,1.27652
2024-12-09 12:00:00,1.27651,1.27985,1.27517,1.27955
2024-12-09 16:00:00,1.27956,1.2799,1.27486,1.27536
2024-12-09 20:00:00,1.27538,1.27563,1.27433,1.27486
2024-12-10 00:00:00,1.27487,1.27539,1.27357,1.27475
2024-12-10 04:00:00,1.27476,1.27635,1.27405,1.27413
2024-12-10 08:00:00,1.27414,1.27659,1.27372,1.27592
2024-12-10 12:00:00,1.27593,1.27628,1.27241,1.27383
2024-12-10 16:00:00,1.27384,1.27779,1.27365,1.27737
2024-12-10 20:00:00,1.27736,1.27796,1.2768,1.27796
2024-12-11 00:00:00,1.27795,1.27818,1.27715,1.27736
2024-12-11 04:00:00,1.27737,1.27746,1.27308,1.27335
2024-12-11 08:00:00,1.27334,1.27564,1.27134,1.27362
2024-12-11 12:00:00,1.27363,1.27817,1.27329,1.27437
2024-12-11 16:00:00,1.27438,1.27664,1.2733,1.27454
2024-12-11 20:00:00,1.27455,1.27657,1.27424,1.27653
2024-12-12 00:00:00,1.27654,1.27718,1.27608,1.2766
2024-12-12 04:00:00,1.27656,1.27881,1.27612,1.27629
2024-12-12 08:00:00,1.27628,1.27681,1.27367,1.27404
2024-12-12 12:00:00,1.27403,1.27437,1.26713,1.26893
2024-12-12 16:00:00,1.26894,1.27196,1.26701,1.26707
2024-12-12 20:00:00,1.26706,1.26784,1.26666,1.26769
2024-12-13 00:00:00,1.2677,1.26794,1.26598,1.26613
2024-12-13 04:00:00,1.26611,1.26654,1.26191,1.26268
2024-12-13 08:00:00,1.26267,1.26545,1.26206,1.26449
2024-12-13 12:00:00,1.26448,1.26685,1.26083,1.26143
2024-12-13 16:00:00,1.26142,1.26352,1.26123,1.26168
2024-12-13 20:00:00,1.26171,1.26246,1.26135,1.26201
2024-12-15 20:00:00,1.26158,1.26273,1.26115,1.26266
2024-12-16 00:00:00,1.26265,1.26396,1.26265,1.26326
2024-12-16 04:00:00,1.26327,1.26416,1.26312,1.26328
2024-12-16 08:00:00,1.26324,1.26718,1.26297,1.26483
2024-12-16 12:00:00,1.26482,1.26925,1.26363,1.26907
2024-12-16 16:00:00,1.2691,1.26988,1.2679,1.26838
2024-12-16 20:00:00,1.26839,1.2692,1.26791,1.26901
2024-12-17 00:00:00,1.26902,1.26986,1.26823,1.26832
2024-12-17 04:00:00,1.26833,1.27069,1.26661,1.26988
2024-12-17 08:00:00,1.26987,1.27063,1.26708,1.26993
2024-12-17 12:00:00,1.26992,1.27161,1.26842,1.27101
2024-12-17 16:00:00,1.271,1.27288,1.27025,1.27106
2024-12-17 20:00:00,1.27107,1.2718,1.2703,1.27104
2024-12-18 00:00:00,1.27103,1.27135,1.26965,1.26971
2024-12-18 04:00:00,1.2697,1.2727,1.26852,1.26918
2024-12-18 08:00:00,1.26917,1.27225,1.26799,1.2707
2024-12-18 12:00:00,1.27064,1.27209,1.26854,1.26926
2024-12-18 16:00:00,1.26925,1.27184,1.25923,1.25943
2024-12-18 20:00:00,1.25945,1.26007,1.25623,1.25673
2024-12-19 00:00:00,1.25674,1.25968,1.25673,1.25877
2024-12-19 04:00:00,1.25879,1.26149,1.25817,1.26137
2024-12-19 08:00:00,1.26135,1.2667,1.2606,1.26312
2024-12-19 12:00:00,1.26308,1.2631,1.25454,1.25504
2024-12-19 16:00:00,1.25503,1.25632,1.25034,1.25044
2024-12-19 20:00:00,1.25045,1.25117,1.24951,1.24971
2024-12-20 00:00:00,1.24972,1.25021,1.2475,1.24803
2024-12-20 04:00:00,1.24804,1.25113,1.24776,1.25034
2024-12-20 08:00:00,1.25035,1.25205,1.2492,1.2506
2024-12-20 12:00:00,1.25061,1.25608,1.25031,1.25407
2024-12-20 16:00:00,1.25408,1.26142,1.25381,1.25986
2024-12-20 20:00:00,1.25985,1.26036,1.25651,1.25685
2024-12-22 20:00:00,1.257,1.25744,1.25607,1.25703
2024-12-23 00:00:00,1.25704,1.25882,1.25703,1.25784
2024-12-23 04:00:00,1.25783,1.25845,1.25557,1.25587
2024-12-23 08:00:00,1.25589,1.25835,1.25293,1.25329
2024-12-23 12:00:00,1.2533,1.25387,1.25125,1.25181
2024-12-23 16:00:00,1.25182,1.2537,1.251,1.25352
2024-12-23 20:00:00,1.25351,1.25396,1.2529,1.25328
2024-12-24 00:00:00,1.25329,1.2542,1.25252,1.25314
2024-12-24 04:00:00,1.25315,1.25406,1.25311,1.25324
2024-12-24 08:00:00,1.25325,1.25451,1.25268,1.25338
2024-12-24 12:00:00,1.25337,1.25749,1.25316,1.25397
2024-12-24 16:00:00,1.25398,1.25438,1.2519,1.25311
2024-12-24 20:00:00,1.25312,1.25549,1.25302,1.25321
2024-12-25 20:00:00,1.25483,1.25511,1.25398,1.25435
2024-12-26 00:00:00,1.25434,1.25485,1.25379,1.25464
2024-12-26 04:00:00,1.25465,1.2548,1.2522,1.25307
2024-12-26 08:00:00,1.25306,1.25349,1.2524,1.25309
2024-12-26 12:00:00,1.25308,1.2531,1.25013,1.25107
2024-12-26 16:00:00,1.25108,1.25367,1.25092,1.25254
2024-12-26 20:00:00,1.25253,1.25321,1.25215,1.25279
2024-12-27 00:00:00,1.25278,1.25309,1.25186,1.25263
2024-12-27 04:00:00,1.25264,1.25325,1.25185,1.25304
2024-12-27 08:00:00,1.25303,1.25563,1.25053,1.25522
2024-12-27 12:00:00,1.25524,1.25927,1.25489,1.2577
2024-12-27 16:00:00,1.25771,1.25918,1.25559,1.25817
2024-12-27 20:00:00,1.25816,1.25818,1.25732,1.25764
2024-12-29 20:00:00,1.25783,1.25881,1.25666,1.2578
2024-12-30 00:00:00,1.25781,1.2584,1.25729,1.25798
2024-12-30 04:00:00,1.25796,1.25892,1.25712,1.25803
2024-12-30 08:00:00,1.25802,1.26074,1.25617,1.25985
2024-12-30 12:00:00,1.25984,1.26062,1.25065,1.25124
2024-12-30 16:00:00,1.25123,1.2559,1.25078,1.25439
2024-12-30 20:00:00,1.25438,1.25543,1.25368,1.25483
2024-12-31 00:00:00,1.25482,1.256,1.25381,1.25518
2024-12-31 04:00:00,1.25517,1.25658,1.25418,1.2562
2024-12-31 08:00:00,1.25621,1.25694,1.25323,1.25394
2024-12-31 12:00:00,1.25395,1.25546,1.25192,1.25279
2024-12-31 16:00:00,1.2528,1.25335,1.25056,1.25097
2024-12-31 20:00:00,1.25098,1.25276,1.25097,1.25138
2025-01-01 20:00:00,1.25159,1.25199,1.25078,1.25198
2025-01-02 00:00:00,1.25197,1.25367,1.25096,1.25366
2025-01-02 04:00:00,1.25367,1.25406,1.25206,1.25217
2025-01-02 08:00:00,1.25218,1.25241,1.24352,1.24536
2025-01-02 12:00:00,1.24537,1.24572,1.23704,1.2375
2025-01-02 16:00:00,1.23751,1.23806,1.2353,1.23689
2025-01-02 20:00:00,1.2369,1.23854,1.2369,1.23799
2025-01-03 00:00:00,1.23797,1.23961,1.23783,1.23941
2025-01-03 04:00:00,1.2394,1.24067,1.23863,1.23998
2025-01-03 08:00:00,1.23999,1.24167,1.23868,1.24071
2025-01-03 12:00:00,1.2407,1.24172,1.23882,1.24048
2025-01-03 16:00:00,1.24047,1.24341,1.24028,1.24277
2025-01-03 20:00:00,1.24276,1.24342,1.24201,1.24222
2025-01-05 20:00:00,1.24178,1.2434,1.24166,1.24246
2025-01-06 00:00:00,1.24247,1.24428,1.24178,1.24358
2025-01-06 04:00:00,1.24357,1.24567,1.24323,1.24527
2025-01-06 08:00:00,1.24528,1.25478,1.24523,1.25437
2025-01-06 12:00:00,1.25435,1.25511,1.246885,1.25082
2025-01-06 16:00:00,1.25084,1.25352,1.25017,1.25126
2025-01-06 20:00:00,1.25125,1.25238,1.25095,1.25099
2025-01-07 00:00:00,1.25101,1.25331,1.2504,1.25329
2025-01-07 04:00:00,1.2533,1.25631,1.25293,1.25524
2025-01-07 08:00:00,1.25523,1.25758,1.25318,1.25399
2025-01-07 12:00:00,1.25398,1.25486,1.248,1.24971
2025-01-07 16:00:00,1.24974,1.25073,1.24837,1.24905
2025-01-07 20:00:00,1.24904,1.24907,1.24729,1.24761
2025-01-08 00:00:00,1.24762,1.24884,1.24759,1.24786
2025-01-08 04:00:00,1.24785,1.24942,1.24637,1.24685
2025-01-08 08:00:00,1.24686,1.24717,1.23247,1.23724
2025-01-08 12:00:00,1.23719,1.2374,1.23211,1.23431
2025-01-08 16:00:00,1.23432,1.23772,1.2334,1.23576
2025-01-08 20:00:00,1.23574,1.23666,1.23517,1.23585
2025-01-09 00:00:00,1.23586,1.23653,1.23432,1.23442
2025-01-09 04:00:00,1.23441,1.23448,1.22525,1.22589
2025-01-09 08:00:00,1.22591,1.23048,1.22386,1.2289
2025-01-09 12:00:00,1.22891,1.23233,1.22706,1.2303
2025-01-09 16:00:00,1.23029,1.23135,1.22874,1.23089
2025-01-09 20:00:00,1.2309,1.23154,1.22985,1.22987
2025-01-10 00:00:00,1.2299,1.23086,1.22945,1.2301
2025-01-10 04:00:00,1.23009,1.23039,1.22667,1.22907
2025-01-10 08:00:00,1.22906,1.23082,1.22838,1.23027
2025-01-10 12:00:00,1.23029,1.23219,1.21918,1.22299
2025-01-10 16:00:00,1.22298,1.22317,1.21952,1.22104
2025-01-10 20:00:00,1.22103,1.22136,1.22022,1.22084
2025-01-12 20:00:00,1.22017,1.22112,1.22004,1.22041
2025-01-13 00:00:00,1.22036,1.22074,1.2138,1.21436
2025-01-13 04:00:00,1.2144,1.21605,1.21234,1.21384
2025-01-13 08:00:00,1.21383,1.21713,1.21017,1.21102
2025-01-13 12:00:00,1.21101,1.21599,1.20998,1.21516
2025-01-13 16:00:00,1.21515,1.21835,1.21428,1.21673
2025-01-13 20:00:00,1.21674,1.22504,1.21658,1.22318
2025-01-14 00:00:00,1.22316,1.22318,1.21923,1.22093
2025-01-14 04:00:00,1.22092,1.22288,1.21976,1.22103
2025-01-14 08:00:00,1.22102,1.22461,1.21705,1.21768
2025-01-14 12:00:00,1.21767,1.22025,1.21394,1.22005
2025-01-14 16:00:00,1.22004,1.22127,1.21684,1.21995
2025-01-14 20:00:00,1.21996,1.22169,1.21951,1.22107
2025-01-15 00:00:00,1.22103,1.22103,1.21926,1.22036
2025-01-15 04:00:00,1.22037,1.22412,1.21621,1.22341
2025-01-15 08:00:00,1.22345,1.22401,1.22007,1.22246
2025-01-15 12:00:00,1.22245,1.23065,1.22016,1.22581
2025-01-15 16:00:00,1.2258,1.22592,1.21936,1.22308
2025-01-15 20:00:00,1.22307,1.2245,1.22293,1.22426
2025-01-16 00:00:00,1.22427,1.22482,1.22199,1.22262
2025-01-16 04:00:00,1.2226,1.22312,1.22002,1.2219
2025-01-16 08:00:00,1.22193,1.22233,1.21898,1.22098
2025-01-16 12:00:00,1.22096,1.22386,1.21751,1.22344
2025-01-16 16:00:00,1.22345,1.22604,1.22172,1.22354
2025-01-16 20:00:00,1.22353,1.22419,1.22277,1.22347
2025-01-17 00:00:00,1.22346,1.22445,1.22294,1.22333
2025-01-17 04:00:00,1.22332,1.22346,1.2161,1.21743
2025-01-17 08:00:00,1.21746,1.22168,1.21746,1.21963
2025-01-17 12:00:00,1.21962,1.22281,1.21611,1.21981
2025-01-17 16:00:00,1.2198,1.21989,1.21648,1.21683
2025-01-17 20:00:00,1.21682,1.21748,1.21655,1.2168
2025-01-19 20:00:00,1.21762,1.21774,1.21607,1.2175
2025-01-20 00:00:00,1.21751,1.22057,1.2175,1.22051
2025-01-20 04:00:00,1.22052,1.22219,1.2201,1.22156
2025-01-20 08:00:00,1.22159,1.22195,1.21656,1.22061
2025-01-20 12:00:00,1.22062,1.23266,1.21839,1.22925
2025-01-20 16:00:00,1.22926,1.23384,1.22559,1.23357
2025-01-20 20:00:00,1.23356,1.23447,1.23194,1.2332
2025-01-21 00:00:00,1.23323,1.2345,1.22483,1.22952
2025-01-21 04:00:00,1.22956,1.23089,1.22536,1.22672
2025-01-21 08:00:00,1.22671,1.22695,1.22295,1.2236
2025-01-21 12:00:00,1.22361,1.23131,1.22331,1.22997
2025-01-21 16:00:00,1.22996,1.23399,1.2297,1.23278
2025-01-21 20:00:00,1.23279,1.23604,1.23232,1.23384
2025-01-22 00:00:00,1.233845,1.2354,1.23292,1.23325
2025-01-22 04:00:00,1.23324,1.2348,1.23117,1.23189
2025-01-22 08:00:00,1.2319,1.23761,1.23166,1.23562
2025-01-22 12:00:00,1.23561,1.2369,1.23125,1.23185
2025-01-22 16:00:00,1.23183,1.23313,1.23075,1.23258
2025-01-22 20:00:00,1.23256,1.23296,1.23077,1.23137
2025-01-23 00:00:00,1.23138,1.23236,1.23021,1.23151
2025-01-23 04:00:00,1.2315,1.23213,1.22954,1.23051
2025-01-23 08:00:00,1.23052,1.23308,1.22935,1.23083
2025-01-23 12:00:00,1.23082,1.2336,1.23001,1.23234
2025-01-23 16:00:00,1.23236,1.23757,1.23004,1.23596
2025-01-23 20:00:00,1.23594,1.23659,1.2347,1.23541
2025-01-24 00:00:00,1.2354,1.24042,1.23488,1.23935
2025-01-24 04:00:00,1.23934,1.24188,1.23767,1.2387
2025-01-24 08:00:00,1.23871,1.24479,1.23839,1.24153
2025-01-24 12:00:00,1.24151,1.24859,1.24008,1.24836
2025-01-24 16:00:00,1.24834,1.2502,1.24793,1.24831
2025-01-24 20:00:00,1.2483,1.24896,1.24779,1.24822
2025-01-26 20:00:00,1.24706,1.24741,1.24565,1.24582
2025-01-27 00:00:00,1.24583,1.24653,1.24424,1.24556
2025-01-27 04:00:00,1.24559,1.24606,1.24292,1.24292
2025-01-27 08:00:00,1.24291,1.25147,1.24262,1.24967
2025-01-27 12:00:00,1.24969,1.25232,1.24694,1.24735
2025-01-27 16:00:00,1.24736,1.24905,1.24675,1.24901
2025-01-27 20:00:00,1.24902,1.25005,1.24367,1.24512
2025-01-28 00:00:00,1.24514,1.24657,1.24393,1.24409
2025-01-28 04:00:00,1.24408,1.24536,1.24265,1.24374
2025-01-28 08:00:00,1.24373,1.24559,1.24253,1.24262
2025-01-28 12:00:00,1.24263,1.24471,1.24146,1.24324
2025-01-28 16:00:00,1.24323,1.24453,1.24222,1.24439
2025-01-28 20:00:00,1.24438,1.24456,1.24362,1.24409
2025-01-29 00:00:00,1.24408,1.24507,1.24347,1.2448
2025-01-29 04:00:00,1.24481,1.24633,1.24461,1.24487
2025-01-29 08:00:00,1.24486,1.24574,1.24105,1.24194
2025-01-29 12:00:00,1.24195,1.2446,1.23935,1.24339
2025-01-29 16:00:00,1.24338,1.24583,1.24124,1.24445
2025-01-29 20:00:00,1.2444,1.24591,1.24306,1.24548
2025-01-30 00:00:00,1.24546,1.246,1.24453,1.24517
2025-01-30 04:00:00,1.24516,1.24543,1.2432,1.24521
2025-01-30 08:00:00,1.24525,1.24626,1.24254,1.24277
2025-01-30 12:00:00,1.24276,1.24769,1.24247,1.24669
2025-01-30 16:00:00,1.24668,1.24715,1.24356,1.24592
2025-01-30 20:00:00,1.24593,1.24643,1.2408,1.24222
2025-01-31 00:00:00,1.24223,1.24313,1.24073,1.24174
2025-01-31 04:00:00,1.24175,1.24398,1.24144,1.24353
2025-01-31 08:00:00,1.24352,1.24385,1.24011,1.24093
2025-01-31 12:00:00,1.24094,1.24318,1.23878,1.24253
2025-01-31 16:00:00,1.24252,1.24718,1.23862,1.24031
2025-01-31 20:00:00,1.23986,1.24111,1.23874,1.23933
2025-02-02 20:00:00,1.2296,1.23241,1.22832,1.22903
2025-02-03 00:00:00,1.22902,1.231265,1.22498,1.22631
2025-02-03 04:00:00,1.2263,1.23003,1.22494,1.22842
2025-02-03 08:00:00,1.22839,1.23231,1.22731,1.23195
2025-02-03 12:00:00,1.23196,1.24352,1.23171,1.24123
2025-02-03 16:00:00,1.2412,1.24364,1.23818,1.23948
2025-02-03 20:00:00,1.23949,1.245515,1.23932,1.24334
2025-02-04 00:00:00,1.24335,1.24372,1.24097,1.24143
2025-02-04 04:00:00,1.24142,1.2421,1.23792,1.24154
2025-02-04 08:00:00,1.24151,1.2437,1.24027,1.24044
2025-02-04 12:00:00,1.24045,1.24859,1.23959,1.24764
2025-02-04 16:00:00,1.24766,1.24933,1.2471,1.24822
2025-02-04 20:00:00,1.24823,1.24906,1.24751,1.24758
2025-02-05 00:00:00,1.24757,1.24898,1.2469,1.24749
2025-02-05 04:00:00,1.24748,1.25064,1.24636,1.25014
2025-02-05 08:00:00,1.25013,1.255,1.24885,1.25318
2025-02-05 12:00:00,1.25317,1.2545,1.25018,1.2518
2025-02-05 16:00:00,1.25178,1.25238,1.25034,1.25058
2025-02-05 20:00:00,1.25057,1.2507,1.24982,1.25016
2025-02-06 00:00:00,1.25015,1.25096,1.24898,1.24947
2025-02-06 04:00:00,1.24946,1.24968,1.24713,1.24738
2025-02-06 08:00:00,1.24739,1.24751,1.24074,1.24219
2025-02-06 12:00:00,1.24235,1.24305,1.23608,1.2414
2025-02-06 16:00:00,1.24141,1.24556,1.24139,1.2436
2025-02-06 20:00:00,1.24358,1.24412,1.24312,1.24344
2025-02-07 00:00:00,1.24345,1.24431,1.24228,1.24283
2025-02-07 04:00:00,1.24284,1.24458,1.24196,1.24415
2025-02-07 08:00:00,1.24414,1.24687,1.24398,1.24537
2025-02-07 12:00:00,1.24535,1.24939,1.23925,1.24244
2025-02-07 16:00:00,1.24245,1.2426,1.23765,1.24139
2025-02-07 20:00:00,1.2414,1.2417,1.23984,1.24054
2025-02-09 20:00:00,1.23757,1.23948,1.23746,1.23895
2025-02-10 00:00:00,1.23896,1.24007,1.238,1.23968
2025-02-10 04:00:00,1.23967,1.24146,1.23953,1.24046
2025-02-10 08:00:00,1.24045,1.24222,1.23913,1.24021
2025-02-10 12:00:00,1.24022,1.2404,1.23715,1.23895
2025-02-10 16:00:00,1.23894,1.23938,1.23643,1.23668
2025-02-10 20:00:00,1.23669,1.23713,1.23546,1.23598
2025-02-11 00:00:00,1.23599,1.23653,1.23455,1.23538
2025-02-11 04:00:00,1.23539,1.23662,1.23389,1.23397
2025-02-11 08:00:00,1.23396,1.23781,1.23326,1.23665
2025-02-11 12:00:00,1.23664,1.24172,1.23592,1.24053
2025-02-11 16:00:00,1.24054,1.24549,1.24045,1.24385
2025-02-11 20:00:00,1.24384,1.24522,1.24366,1.24515
2025-02-12 00:00:00,1.24518,1.24588,1.24384,1.2451
2025-02-12 04:00:00,1.24509,1.24608,1.2441,1.24573
2025-02-12 08:00:00,1.24574,1.24656,1.24353,1.24566
2025-02-12 12:00:00,1.24565,1.24593,1.23779,1.24344
2025-02-12 16:00:00,1.24342,1.24836,1.24025,1.24464
2025-02-12 20:00:00,1.24465,1.24523,1.24358,1.24506
2025-02-13 00:00:00,1.24507,1.24801,1.24427,1.24772
2025-02-13 04:00:00,1.24773,1.25175,1.24765,1.25096
2025-02-13 08:00:00,1.25095,1.25112,1.24699,1.24759
2025-02-13 12:00:00,1.24714,1.25263,1.24529,1.25233
2025-02-13 16:00:00,1.25234,1.25443,1.24774,1.25373
2025-02-13 20:00:00,1.25372,1.25702,1.2535,1.25647
2025-02-14 00:00:00,1.25649,1.25721,1.25557,1.25587
2025-02-14 04:00:00,1.25586,1.25753,1.255,1.25635
2025-02-14 08:00:00,1.25634,1.25961,1.25634,1.25817
2025-02-14 12:00:00,1.25819,1.26301,1.25722,1.26176
2025-02-14 16:00:00,1.26174,1.26219,1.25936,1.25954
2025-02-14 20:00:00,1.25953,1.25953,1.258385,1.25862
2025-02-16 20:00:00,1.25911,1.25915,1.25785,1.25842
2025-02-17 00:00:00,1.25843,1.26007,1.25793,1.25917
2025-02-17 04:00:00,1.25916,1.25995,1.25835,1.25955
2025-02-17 08:00:00,1.25956,1.26069,1.25839,1.2602
2025-02-17 12:00:00,1.26023,1.2608,1.25857,1.26064
2025-02-17 16:00:00,1.26065,1.2635,1.26035,1.26278
2025-02-17 20:00:00,1.26277,1.26294,1.26165,1.26209
2025-02-18 00:00:00,1.2621,1.26224,1.26001,1.26032
2025-02-18 04:00:00,1.26033,1.2622,1.25932,1.26147
2025-02-18 08:00:00,1.26146,1.26232,1.25915,1.26005
2025-02-18 12:00:00,1.26006,1.26209,1.25825,1.26153
2025-02-18 16:00:00,1.26152,1.26194,1.25928,1.25978
2025-02-18 20:00:00,1.25977,1.2636,1.25942,1.26246
2025-02-19 00:00:00,1.26247,1.2628,1.26076,1.26161
2025-02-19 04:00:00,1.26162,1.26381,1.26101,1.26183
2025-02-19 08:00:00,1.26186,1.26296,1.25755,1.25846
2025-02-19 12:00:00,1.25844,1.26066,1.2578,1.25898
2025-02-19 16:00:00,1.25897,1.25905,1.25634,1.25844
2025-02-19 20:00:00,1.25841,1.25887,1.2579,1.25832
2025-02-20 00:00:00,1.25833,1.25952,1.25806,1.25926
2025-02-20 04:00:00,1.25925,1.26024,1.25892,1.25955
2025-02-20 08:00:00,1.25953,1.26198,1.25952,1.26089
2025-02-20 12:00:00,1.26091,1.26437,1.25973,1.26406
2025-02-20 16:00:00,1.26405,1.26706,1.2632,1.26698
2025-02-20 20:00:00,1.26697,1.26742,1.26633,1.26694
2025-02-21 00:00:00,1.26693,1.26744,1.26539,1.26702
2025-02-21 04:00:00,1.26703,1.26788,1.2657,1.26694
2025-02-21 08:00:00,1.26695,1.2671,1.26423,1.2645
2025-02-21 12:00:00,1.26451,1.26683,1.26303,1.26384
2025-02-21 16:00:00,1.26383,1.26498,1.2625,1.26315
2025-02-21 20:00:00,1.26312,1.26366,1.26272,1.26334
2025-02-23 20:00:00,1.2637,1.2658,1.26342,1.26489
2025-02-24 00:00:00,1.2649,1.26907,1.26443,1.26812
2025-02-24 04:00:00,1.26815,1.26824,1.26383,1.26445
2025-02-24 08:00:00,1.26447,1.26575,1.26259,1.26398
2025-02-24 12:00:00,1.26397,1.26508,1.2612,1.26202
2025-02-24 16:00:00,1.26203,1.26508,1.26178,1.26327
2025-02-24 20:00:00,1.26325,1.26368,1.26157,1.26173
2025-02-25 00:00:00,1.26172,1.26364,1.26171,1.26325
2025-02-25 04:00:00,1.26326,1.2639,1.26114,1.2613
2025-02-25 08:00:00,1.26131,1.26538,1.26061,1.26535
2025-02-25 12:00:00,1.26533,1.2678,1.26477,1.26543
2025-02-25 16:00:00,1.26544,1.26751,1.26409,1.26695
2025-02-25 20:00:00,1.26693,1.26775,1.26632,1.26719
2025-02-26 00:00:00,1.2672,1.26779,1.26486,1.26499
2025-02-26 04:00:00,1.26498,1.26573,1.26354,1.26483
2025-02-26 08:00:00,1.26484,1.26647,1.26399,1.26486
2025-02-26 12:00:00,1.26487,1.26985,1.26414,1.26948
2025-02-26 16:00:00,1.26949,1.27159,1.26726,1.26842
2025-02-26 20:00:00,1.26843,1.26845,1.267,1.26806
2025-02-27 00:00:00,1.26807,1.26807,1.26563,1.26568
2025-02-27 04:00:00,1.26569,1.26713,1.26504,1.26665
2025-02-27 08:00:00,1.26667,1.26891,1.26639,1.26728
2025-02-27 12:00:00,1.26727,1.26885,1.26223,1.2628
2025-02-27 16:00:00,1.26282,1.26343,1.26053,1.26083
2025-02-27 20:00:00,1.26082,1.26129,1.2595,1.25966
2025-02-28 00:00:00,1.25967,1.26105,1.25822,1.25848
2025-02-28 04:00:00,1.25849,1.25959,1.25732,1.25885
2025-02-28 08:00:00,1.25882,1.26072,1.25838,1.2596
2025-02-28 12:00:00,1.25945,1.26207,1.25935,1.25937
2025-02-28 16:00:00,1.25922,1.26049,1.25595,1.25719
2025-02-28 20:00:00,1.2572,1.25839,1.25686,1.25782
2025-03-02 20:00:00,1.2585,1.26086,1.25817,1.26023
2025-03-03 00:00:00,1.26022,1.26139,1.25945,1.26025
2025-03-03 04:00:00,1.26024,1.26079,1.25911,1.26014
2025-03-03 08:00:00,1.26013,1.26631,1.25825,1.26607
2025-03-03 12:00:00,1.26606,1.27144,1.26604,1.26989
2025-03-03 16:00:00,1.2699,1.27248,1.26874,1.26908
2025-03-03 20:00:00,1.26909,1.27097,1.26802,1.27018
2025-03-04 00:00:00,1.27019,1.27087,1.26849,1.26875
2025-03-04 04:00:00,1.26876,1.27091,1.2679,1.27041
2025-03-04 08:00:00,1.2704,1.27416,1.26926,1.27408
2025-03-04 12:00:00,1.2741,1.27539,1.26999,1.27161
2025-03-04 16:00:00,1.27159,1.2789,1.27044,1.27877
2025-03-04 20:00:00,1.27876,1.27997,1.27835,1.27955
2025-03-05 00:00:00,1.27956,1.27961,1.27679,1.27868
2025-03-05 04:00:00,1.27867,1.28218,1.27856,1.28208
2025-03-05 08:00:00,1.28206,1.28545,1.28154,1.28236
2025-03-05 12:00:00,1.28238,1.28733,1.28042,1.2867
2025-03-05 16:00:00,1.28662,1.28979,1.28552,1.28969
2025-03-05 20:00:00,1.28968,1.29009,1.28874,1.28899
2025-03-06 00:00:00,1.28898,1.29086,1.28864,1.28867
2025-03-06 04:00:00,1.28868,1.29239,1.28834,1.29089
2025-03-06 08:00:00,1.29088,1.29145,1.28663,1.28797
2025-03-06 12:00:00,1.28798,1.29187,1.28755,1.28903
2025-03-06 16:00:00,1.28904,1.29135,1.2877,1.28944
2025-03-06 20:00:00,1.28943,1.28954,1.28709,1.28839
2025-03-07 00:00:00,1.28838,1.28927,1.28764,1.28875
2025-03-07 04:00:00,1.28874,1.29112,1.28799,1.29044
2025-03-07 08:00:00,1.29045,1.29447,1.29021,1.29197
2025-03-07 12:00:00,1.29196,1.2942,1.29009,1.29235
2025-03-07 16:00:00,1.29236,1.29282,1.28949,1.29207
2025-03-07 20:00:00,1.29208,1.29297,1.2919,1.29212
2025-03-09 20:00:00,1.29201,1.29385,1.29079,1.2932
2025-03-10 00:00:00,1.29321,1.29459,1.291,1.29117
2025-03-10 04:00:00,1.29118,1.29228,1.28891,1.28957
2025-03-10 08:00:00,1.2896,1.2934,1.28743,1.29226
2025-03-10 12:00:00,1.29228,1.29466,1.28987,1.29047
2025-03-10 16:00:00,1.2905,1.29101,1.28616,1.28771
2025-03-10 20:00:00,1.28772,1.28812,1.28656,1.28753
2025-03-11 00:00:00,1.28754,1.2895,1.28743,1.28902
2025-03-11 04:00:00,1.28901,1.29178,1.28734,1.29092
2025-03-11 08:00:00,1.29093,1.29417,1.2906,1.29246
2025-03-11 12:00:00,1.29245,1.29566,1.29181,1.29459
2025-03-11 16:00:00,1.29458,1.29661,1.29338,1.29522
2025-03-11 20:00:00,1.29523,1.29554,1.29434,1.2944
2025-03-12 00:00:00,1.29441,1.29462,1.29225,1.29225
2025-03-12 04:00:00,1.29226,1.29327,1.29145,1.29289
2025-03-12 08:00:00,1.29288,1.29613,1.29236,1.29442
2025-03-12 12:00:00,1.29441,1.298945,1.29247,1.29682
2025-03-12 16:00:00,1.29679,1.29827,1.29633,1.29674
2025-03-12 20:00:00,1.29675,1.29706,1.29602,1.29645
2025-03-13 00:00:00,1.29644,1.29735,1.29579,1.29582
2025-03-13 04:00:00,1.29581,1.29626,1.29417,1.29529
2025-03-13 08:00:00,1.29531,1.29663,1.29267,1.29323
2025-03-13 12:00:00,1.29322,1.2968,1.29211,1.29436
2025-03-13 16:00:00,1.29435,1.29587,1.29364,1.29446
2025-03-13 20:00:00,1.29445,1.29577,1.29428,1.29571
2025-03-14 00:00:00,1.2957,1.2959,1.2936,1.29442
2025-03-14 04:00:00,1.29443,1.29499,1.29175,1.29253
2025-03-14 08:00:00,1.2925,1.29541,1.29202,1.29393
2025-03-14 12:00:00,1.29392,1.29528,1.29111,1.2915
2025-03-14 16:00:00,1.29151,1.29364,1.29125,1.29354
2025-03-14 20:00:00,1.29353,1.29396,1.29315,1.29347
2025-03-16 20:00:00,1.29282,1.2936,1.29256,1.29272
2025-03-17 00:00:00,1.29273,1.29447,1.29272,1.29359
2025-03-17 04:00:00,1.29358,1.29448,1.29283,1.29362
2025-03-17 08:00:00,1.2936,1.29775,1.29305,1.29713
2025-03-17 12:00:00,1.29712,1.29951,1.29592,1.2985
2025-03-17 16:00:00,1.29849,1.29988,1.29816,1.29916
2025-03-17 20:00:00,1.29917,1.29982,1.29841,1.29841
2025-03-18 00:00:00,1.29842,1.29874,1.2971,1.2974
2025-03-18 04:00:00,1.29742,1.29892,1.29679,1.29869
2025-03-18 08:00:00,1.29868,1.30049,1.29648,1.29652
2025-03-18 12:00:00,1.29653,1.29928,1.29517,1.29845
2025-03-18 16:00:00,1.29846,1.30099,1.29774,1.30057
2025-03-18 20:00:00,1.30059,1.30067,1.29984,1.30004
2025-03-19 00:00:00,1.30002,1.30029,1.29892,1.29945
2025-03-19 04:00:00,1.29944,1.29946,1.29577,1.29712
2025-03-19 08:00:00,1.29713,1.29825,1.29574,1.2977
2025-03-19 12:00:00,1.29771,1.29825,1.29552,1.29667
2025-03-19 16:00:00,1.29668,1.30113,1.29559,1.29975
2025-03-19 20:00:00,1.29976,1.3012,1.29954,1.30103
2025-03-20 00:00:00,1.30104,1.30148,1.29987,1.30077
2025-03-20 04:00:00,1.3008,1.30084,1.29627,1.29716
2025-03-20 08:00:00,1.29717,1.29798,1.29363,1.29553
2025-03-20 12:00:00,1.2955,1.29797,1.29363,1.2973
2025-03-20 16:00:00,1.29731,1.29733,1.29566,1.29662
2025-03-20 20:00:00,1.29663,1.29721,1.29609,1.29651
2025-03-21 00:00:00,1.29652,1.29706,1.29451,1.29462
2025-03-21 04:00:00,1.29463,1.29474,1.29247,1.29354
2025-03-21 08:00:00,1.29353,1.29474,1.29225,1.29457
2025-03-21 12:00:00,1.29456,1.29557,1.28935,1.28936
2025-03-21 16:00:00,1.28937,1.29296,1.28879,1.29191
2025-03-21 20:00:00,1.2919,1.29209,1.29098,1.29171
2025-03-23 20:00:00,1.2901,1.29263,1.28985,1.29254
2025-03-24 00:00:00,1.29255,1.2935,1.29129,1.29138
2025-03-24 04:00:00,1.29136,1.29523,1.29115,1.29477
2025-03-24 08:00:00,1.29476,1.29742,1.29399,1.29448
2025-03-24 12:00:00,1.29446,1.295,1.2908,1.29117
2025-03-24 16:00:00,1.29116,1.29301,1.28957,1.29214
2025-03-24 20:00:00,1.29212,1.29276,1.2917,1.29231
2025-03-25 00:00:00,1.2923,1.29256,1.29119,1.29248
2025-03-25 04:00:00,1.29249,1.29289,1.29034,1.29061
2025-03-25 08:00:00,1.29062,1.2958,1.29021,1.29429
2025-03-25 12:00:00,1.2943,1.29608,1.29332,1.29479
2025-03-25 16:00:00,1.29478,1.29669,1.29398,1.2947
2025-03-25 20:00:00,1.29471,1.29493,1.29409,1.29451
2025-03-26 00:00:00,1.2945,1.29463,1.29273,1.2936
2025-03-26 04:00:00,1.29361,1.29433,1.29033,1.29112
2025-03-26 08:00:00,1.2911,1.29137,1.28864,1.2897
2025-03-26 12:00:00,1.28968,1.29094,1.28745,1.28861
2025-03-26 16:00:00,1.28862,1.29025,1.28796,1.28883
2025-03-26 20:00:00,1.28884,1.28937,1.28712,1.28773
2025-03-27 00:00:00,1.28772,1.29167,1.28765,1.29113
2025-03-27 04:00:00,1.29114,1.29294,1.29031,1.29127
2025-03-27 08:00:00,1.29126,1.29419,1.29016,1.29312
2025-03-27 12:00:00,1.29313,1.29922,1.29228,1.29629
2025-03-27 16:00:00,1.29631,1.29726,1.29458,1.29492
2025-03-27 20:00:00,1.2949,1.29604,1.29437,1.29514
2025-03-28 00:00:00,1.29513,1.2953,1.2941,1.2946
2025-03-28 04:00:00,1.29459,1.29684,1.29378,1.29509
2025-03-28 08:00:00,1.2951,1.296,1.29225,1.29297
2025-03-28 12:00:00,1.29296,1.29681,1.2924,1.29413
2025-03-28 16:00:00,1.29414,1.29498,1.29295,1.2945
2025-03-28 20:00:00,1.29449,1.2948,1.29392,1.29421
2025-03-30 20:00:00,1.29425,1.29429,1.29223,1.29377
2025-03-31 00:00:00,1.29378,1.29718,1.29371,1.29572
2025-03-31 04:00:00,1.29574,1.29727,1.2949,1.29567
2025-03-31 08:00:00,1.29566,1.29613,1.29184,1.29528
2025-03-31 12:00:00,1.29527,1.29587,1.28901,1.2891
2025-03-31 16:00:00,1.28912,1.29244,1.28865,1.29187
2025-03-31 20:00:00,1.29186,1.29214,1.29133,1.29196
2025-04-01 00:00:00,1.29198,1.29364,1.29179,1.29334
2025-04-01 04:00:00,1.29332,1.29409,1.29026,1.29086
2025-04-01 08:00:00,1.29084,1.29382,1.289,1.28909
2025-04-01 12:00:00,1.28908,1.29298,1.28794,1.29212
2025-04-01 16:00:00,1.29211,1.2933,1.29085,1.2921
2025-04-01 20:00:00,1.29211,1.29332,1.29181,1.29216
2025-04-02 00:00:00,1.29218,1.29305,1.29065,1.29214
2025-04-02 04:00:00,1.29213,1.29222,1.29006,1.29132
2025-04-02 08:00:00,1.29131,1.295,1.29103,1.29481
2025-04-02 12:00:00,1.29482,1.29789,1.29341,1.29734
2025-04-02 16:00:00,1.29733,1.29869,1.29631,1.29815
2025-04-02 20:00:00,1.29813,1.30524,1.295395,1.30455
2025-04-03 00:00:00,1.30453,1.30772,1.30261,1.3071
2025-04-03 04:00:00,1.30711,1.31394,1.30562,1.31366
2025-04-03 08:00:00,1.31368,1.32077,1.31317,1.31745
2025-04-03 12:00:00,1.31746,1.31961,1.31055,1.31106
2025-04-03 16:00:00,1.31107,1.31216,1.308,1.30818
2025-04-03 20:00:00,1.30817,1.31083,1.30804,1.30894
2025-04-04 00:00:00,1.30893,1.31098,1.30808,1.31045
2025-04-04 04:00:00,1.31044,1.31139,1.3005,1.3008
2025-04-04 08:00:00,1.30078,1.30325,1.29624,1.30206
2025-04-04 12:00:00,1.30205,1.305045,1.29078,1.29263
2025-04-04 16:00:00,1.29264,1.29289,1.2857,1.28733
2025-04-04 20:00:00,1.28735,1.29018,1.28528,1.29007
2025-04-06 20:00:00,1.28476,1.2933,1.28213,1.29093
2025-04-07 00:00:00,1.29096,1.291735,1.28501,1.28866
2025-04-07 04:00:00,1.28865,1.29341,1.28833,1.28947
2025-04-07 08:00:00,1.28949,1.29133,1.28035,1.28245
2025-04-07 12:00:00,1.28246,1.28531,1.27253,1.27255
2025-04-07 16:00:00,1.27256,1.27787,1.27105,1.2717
2025-04-07 20:00:00,1.27174,1.27385,1.27084,1.27331
2025-04-08 00:00:00,1.27332,1.27921,1.27332,1.27773
2025-04-08 04:00:00,1.27772,1.27965,1.27494,1.27506
2025-04-08 08:00:00,1.27505,1.27832,1.27247,1.27789
2025-04-08 12:00:00,1.2779,1.27962,1.2744,1.27682
2025-04-08 16:00:00,1.27683,1.28147,1.27552,1.2774
2025-04-08 20:00:00,1.27739,1.27916,1.27553,1.27867
2025-04-09 00:00:00,1.27866,1.2846,1.27752,1.2818
2025-04-09 04:00:00,1.28179,1.28642,1.27921,1.28001
2025-04-09 08:00:00,1.28,1.28371,1.27731,1.27741
2025-04-09 12:00:00,1.2774,1.28149,1.27516,1.27696
2025-04-09 16:00:00,1.27699,1.28378,1.27438,1.28037
2025-04-09 20:00:00,1.2804,1.28339,1.27936,1.2825
2025-04-10 00:00:00,1.28251,1.2853,1.28224,1.28469
2025-04-10 04:00:00,1.28466,1.28817,1.28415,1.28769
2025-04-10 08:00:00,1.2877,1.29383,1.28606,1.29319
2025-04-10 12:00:00,1.29318,1.29787,1.28924,1.29381
2025-04-10 16:00:00,1.29384,1.29961,1.29256,1.29698
2025-04-10 20:00:00,1.29695,1.29978,1.29534,1.29918
2025-04-11 00:00:00,1.29917,1.30479,1.29881,1.30362
2025-04-11 04:00:00,1.30364,1.30754,1.29851,1.30678
2025-04-11 08:00:00,1.30677,1.31453,1.30549,1.30883
2025-04-11 12:00:00,1.3088,1.31346,1.30394,1.30477
2025-04-11 16:00:00,1.30476,1.30837,1.30304,1.30748
2025-04-11 20:00:00,1.30747,1.30885,1.30647,1.30845
2025-04-13 20:00:00,1.30941,1.31007,1.30637,1.30843
2025-04-14 00:00:00,1.30844,1.31284,1.30839,1.31068
2025-04-14 04:00:00,1.31069,1.31741,1.30968,1.3166
2025-04-14 08:00:00,1.31661,1.32012,1.31615,1.3176
2025-04-14 12:00:00,1.31762,1.31926,1.31231,1.31737
2025-04-14 16:00:00,1.31738,1.31997,1.31662,1.31902
2025-04-14 20:00:00,1.31901,1.31995,1.31681,1.31727
2025-04-15 00:00:00,1.31726,1.31995,1.31645,1.31979
2025-04-15 04:00:00,1.31984,1.32276,1.31845,1.32239
2025-04-15 08:00:00,1.32238,1.32521,1.32187,1.32316
2025-04-15 12:00:00,1.32318,1.32466,1.32057,1.32204
2025-04-15 16:00:00,1.32205,1.32297,1.32063,1.32265
2025-04-15 20:00:00,1.32266,1.32384,1.32203,1.32309
2025-04-16 00:00:00,1.3231,1.32634,1.32297,1.32634
2025-04-16 04:00:00,1.32633,1.32894,1.32573,1.32839
2025-04-16 08:00:00,1.3284,1.32922,1.32587,1.32722
2025-04-16 12:00:00,1.32724,1.32728,1.32266,1.32449
2025-04-16 16:00:00,1.32447,1.32495,1.32123,1.3238
2025-04-16 20:00:00,1.32382,1.32549,1.32307,1.32328
2025-04-17 00:00:00,1.32329,1.32338,1.3203,1.32139
2025-04-17 04:00:00,1.32138,1.32457,1.32039,1.32426
2025-04-17 08:00:00,1.32427,1.3248,1.322,1.32275
2025-04-17 12:00:00,1.32273,1.32733,1.32196,1.32576
2025-04-17 16:00:00,1.32577,1.32727,1.32469,1.32665
2025-04-17 20:00:00,1.32663,1.32716,1.32543,1.32694
2025-04-18 00:00:00,1.32687,1.32866,1.32631,1.32716
2025-04-18 04:00:00,1.32706,1.328015,1.32654,1.32663
2025-04-18 08:00:00,1.32664,1.32805,1.32593,1.32751
2025-04-18 12:00:00,1.3275,1.32863,1.32727,1.3277
2025-04-18 16:00:00,1.32769,1.32916,1.32758,1.32901
2025-04-18 20:00:00,1.32898,1.32993,1.32853,1.32946
2025-04-20 20:00:00,1.32759,1.33202,1.32752,1.33148
2025-04-21 00:00:00,1.33147,1.3387,1.33147,1.33819
2025-04-21 04:00:00,1.33818,1.34146,1.33669,1.34113
2025-04-21 08:00:00,1.34111,1.34221,1.33795,1.33966
2025-04-21 12:00:00,1.33965,1.34085,1.33782,1.33813
2025-04-21 16:00:00,1.33812,1.33845,1.3363,1.33753
2025-04-21 20:00:00,1.33755,1.33851,1.33728,1.33798
2025-04-22 00:00:00,1.33799,1.34102,1.3362,1.34047
2025-04-22 04:00:00,1.34048,1.34237,1.33714,1.33776
2025-04-22 08:00:00,1.3378,1.33907,1.33628,1.33777
2025-04-22 12:00:00,1.33776,1.33906,1.33557,1.3374
2025-04-22 16:00:00,1.33741,1.33774,1.33302,1.33319
2025-04-22 20:00:00,1.3332,1.33393,1.32342,1.32724
2025-04-23 00:00:00,1.32721,1.33176,1.32711,1.32929
2025-04-23 04:00:00,1.32928,1.33284,1.32883,1.3306
2025-04-23 08:00:00,1.33061,1.33391,1.32813,1.32995
2025-04-23 12:00:00,1.32994,1.33197,1.32547,1.32552
2025-04-23 16:00:00,1.32553,1.32774,1.32504,1.3266
2025-04-23 20:00:00,1.32661,1.327415,1.32504,1.32649
2025-04-24 00:00:00,1.3265,1.32869,1.32589,1.32702
2025-04-24 04:00:00,1.32701,1.32966,1.32648,1.32945
2025-04-24 08:00:00,1.32946,1.33211,1.32909,1.33086
2025-04-24 12:00:00,1.33087,1.33327,1.32905,1.33052
2025-04-24 16:00:00,1.33053,1.33447,1.33025,1.33375
2025-04-24 20:00:00,1.33376,1.33493,1.33245,1.33276
2025-04-25 00:00:00,1.33275,1.33275,1.32863,1.32871
2025-04-25 04:00:00,1.32872,1.33141,1.32744,1.32984
2025-04-25 08:00:00,1.32985,1.3318,1.32874,1.33069
2025-04-25 12:00:00,1.3307,1.33301,1.32982,1.33291
2025-04-25 16:00:00,1.3329,1.33325,1.33163,1.33192
2025-04-25 20:00:00,1.33193,1.3323,1.33061,1.33114
2025-04-27 20:00:00,1.33068,1.33125,1.32884,1.32902
2025-04-28 00:00:00,1.32903,1.33057,1.32804,1.32954
2025-04-28 04:00:00,1.32952,1.33276,1.32883,1.33057
2025-04-28 08:00:00,1.33056,1.33548,1.33049,1.33384
2025-04-28 12:00:00,1.33385,1.34206,1.33382,1.33933
2025-04-28 16:00:00,1.33932,1.34427,1.3393,1.34392
2025-04-28 20:00:00,1.3439,1.34444,1.34299,1.34351
2025-04-29 00:00:00,1.3435,1.34424,1.34091,1.34128
2025-04-29 04:00:00,1.34129,1.34226,1.33942,1.34221
2025-04-29 08:00:00,1.34223,1.34255,1.33806,1.33837
2025-04-29 12:00:00,1.33838,1.3421,1.33826,1.33963
2025-04-29 16:00:00,1.33962,1.342,1.33934,1.34035
2025-04-29 20:00:00,1.34036,1.34147,1.34024,1.34121
2025-04-30 00:00:00,1.3412,1.34147,1.3383,1.33843
2025-04-30 04:00:00,1.33844,1.34064,1.3381,1.33857
2025-04-30 08:00:00,1.33856,1.33886,1.33544,1.3357
2025-04-30 12:00:00,1.33572,1.33672,1.33092,1.33418
2025-04-30 16:00:00,1.33421,1.33582,1.33268,1.33286
2025-04-30 20:00:00,1.33288,1.33324,1.33192,1.33212
2025-05-01 00:00:00,1.33211,1.33264,1.32933,1.33011
2025-05-01 04:00:00,1.33012,1.33074,1.3275,1.3306
2025-05-01 08:00:00,1.33059,1.33455,1.33058,1.33243
2025-05-01 12:00:00,1.3324,1.33403,1.32649,1.32728
2025-05-01 16:00:00,1.32725,1.32868,1.32605,1.3279
2025-05-01 20:00:00,1.32791,1.32867,1.32743,1.32857
2025-05-02 00:00:00,1.32858,1.33104,1.32741,1.33102
2025-05-02 04:00:00,1.33101,1.3322,1.32987,1.32993
2025-05-02 08:00:00,1.32994,1.3316,1.32826,1.32943
2025-05-02 12:00:00,1.32945,1.33308,1.32626,1.32808
2025-05-02 16:00:00,1.32809,1.32973,1.32677,1.32776
2025-05-02 20:00:00,1.32774,1.3279,1.326375,1.3272
2025-05-04 20:00:00,1.32636,1.32764,1.32601,1.32699
2025-05-05 00:00:00,1.327,1.33009,1.32619,1.32888
2025-05-05 04:00:00,1.32889,1.33069,1.32756,1.3281
2025-05-05 08:00:00,1.32807,1.33252,1.32771,1.33167
2025-05-05 12:00:00,1.33166,1.33366,1.32805,1.3282
2025-05-05 16:00:00,1.32819,1.32996,1.32705,1.32932
2025-05-05 20:00:00,1.32931,1.33006,1.3289,1.32908
2025-05-06 00:00:00,1.32907,1.32969,1.32604,1.32949
2025-05-06 04:00:00,1.3295,1.33287,1.32856,1.33199
2025-05-06 08:00:00,1.33198,1.33748,1.3308,1.33699
2025-05-06 12:00:00,1.33701,1.3403,1.33567,1.33671
2025-05-06 16:00:00,1.33674,1.33868,1.33519,1.3379
2025-05-06 20:00:00,1.33789,1.3382,1.33439,1.33523
2025-05-07 00:00:00,1.33522,1.33621,1.33335,1.33461
2025-05-07 04:00:00,1.33462,1.33673,1.33411,1.33519
2025-05-07 08:00:00,1.33521,1.33579,1.33229,1.33481
2025-05-07 12:00:00,1.33482,1.33772,1.33389,1.3343
2025-05-07 16:00:00,1.33429,1.33534,1.32899,1.3297
2025-05-07 20:00:00,1.32969,1.32981,1.32802,1.32904
2025-05-08 00:00:00,1.32905,1.33565,1.329,1.33449
2025-05-08 04:00:00,1.3345,1.33476,1.32673,1.32906
2025-05-08 08:00:00,1.32909,1.33329,1.32425,1.33263
2025-05-08 12:00:00,1.33265,1.3345,1.32735,1.32844
2025-05-08 16:00:00,1.32843,1.32855,1.32366,1.32443
2025-05-08 20:00:00,1.32442,1.32535,1.32334,1.32395
2025-05-09 00:00:00,1.32394,1.32435,1.32122,1.32316
2025-05-09 04:00:00,1.32321,1.32695,1.32238,1.32624
2025-05-09 08:00:00,1.32625,1.32857,1.32542,1.32764
2025-05-09 12:00:00,1.32765,1.33176,1.32728,1.33158
2025-05-09 16:00:00,1.33157,1.33227,1.33023,1.33118
2025-05-09 20:00:00,1.33116,1.33116,1.3297,1.33042
2025-05-11 20:00:00,1.32672,1.32954,1.32646,1.32851
2025-05-12 00:00:00,1.3285,1.32931,1.32748,1.32911
2025-05-12 04:00:00,1.32912,1.32994,1.31634,1.31688
2025-05-12 08:00:00,1.31691,1.32044,1.31399,1.31771
2025-05-12 12:00:00,1.3177,1.32152,1.31724,1.31913
2025-05-12 16:00:00,1.31915,1.31974,1.31624,1.31787
2025-05-12 20:00:00,1.31786,1.31824,1.31696,1.31778
2025-05-13 00:00:00,1.31777,1.32001,1.31737,1.31985
2025-05-13 04:00:00,1.31986,1.32119,1.31896,1.32118
2025-05-13 08:00:00,1.32117,1.32204,1.32007,1.32136
2025-05-13 12:00:00,1.32137,1.32805,1.32125,1.32774
2025-05-13 16:00:00,1.32775,1.33079,1.32715,1.33058
2025-05-13 20:00:00,1.33059,1.33164,1.33022,1.33039
2025-05-14 00:00:00,1.33037,1.33201,1.32986,1.3309
2025-05-14 04:00:00,1.33091,1.33308,1.32911,1.3329
2025-05-14 08:00:00,1.33291,1.33604,1.33272,1.33338
2025-05-14 12:00:00,1.33337,1.3339,1.32873,1.33007
2025-05-14 16:00:00,1.33006,1.331,1.32535,1.32602
2025-05-14 20:00:00,1.32601,1.32689,1.32565,1.32637
2025-05-15 00:00:00,1.32636,1.32868,1.32596,1.3281
2025-05-15 04:00:00,1.32809,1.33052,1.32626,1.32677
2025-05-15 08:00:00,1.32676,1.32995,1.32634,1.32704
2025-05-15 12:00:00,1.32705,1.33198,1.32637,1.32896
2025-05-15 16:00:00,1.32897,1.33078,1.32824,1.33057
2025-05-15 20:00:00,1.33056,1.331,1.32987,1.33035
2025-05-16 00:00:00,1.33032,1.33189,1.33017,1.33123
2025-05-16 04:00:00,1.33122,1.33326,1.3309,1.33148
2025-05-16 08:00:00,1.33149,1.33169,1.32821,1.32828
2025-05-16 12:00:00,1.32827,1.32991,1.32536,1.32561
2025-05-16 16:00:00,1.3256,1.32838,1.32508,1.32762
2025-05-16 20:00:00,1.3276,1.32881,1.32752,1.32805
2025-05-18 20:00:00,1.32732,1.33052,1.32731,1.33052
2025-05-19 00:00:00,1.33057,1.33138,1.32907,1.32973
2025-05-19 04:00:00,1.32974,1.33726,1.32919,1.33679
2025-05-19 08:00:00,1.33681,1.3404,1.33483,1.33821
2025-05-19 12:00:00,1.3382,1.33834,1.33534,1.33549
2025-05-19 16:00:00,1.3355,1.33612,1.3345,1.33598
2025-05-19 20:00:00,1.33597,1.33646,1.33542,1.33591
2025-05-20 00:00:00,1.3359,1.33739,1.33451,1.33671
2025-05-20 04:00:00,1.3367,1.33949,1.33617,1.33921
2025-05-20 08:00:00,1.3392,1.33936,1.33539,1.33619
2025-05-20 12:00:00,1.33618,1.33744,1.3335,1.33695
2025-05-20 16:00:00,1.33696,1.33911,1.33592,1.33878
2025-05-20 20:00:00,1.33879,1.3398,1.33832,1.33972
2025-05-21 00:00:00,1.33974,1.34358,1.33946,1.34307
2025-05-21 04:00:00,1.34306,1.3469,1.34102,1.34126
2025-05-21 08:00:00,1.34125,1.3438,1.33887,1.34144
2025-05-21 12:00:00,1.34145,1.34497,1.34007,1.34453
2025-05-21 16:00:00,1.34452,1.34528,1.34161,1.34165
2025-05-21 20:00:00,1.34166,1.34239,1.3405,1.34207
2025-05-22 00:00:00,1.34209,1.3441,1.34168,1.34252
2025-05-22 04:00:00,1.3425,1.3433,1.34101,1.34326
2025-05-22 08:00:00,1.34323,1.34408,1.33911,1.34202
2025-05-22 12:00:00,1.34206,1.34366,1.34018,1.34251
2025-05-22 16:00:00,1.3425,1.34366,1.34039,1.34187
2025-05-22 20:00:00,1.34184,1.34269,1.34118,1.34198
2025-05-23 00:00:00,1.34196,1.34484,1.34186,1.34478
2025-05-23 04:00:00,1.34477,1.34849,1.34441,1.34799
2025-05-23 08:00:00,1.34798,1.35158,1.3474,1.34885
2025-05-23 12:00:00,1.34886,1.35335,1.34769,1.35088
2025-05-23 16:00:00,1.35087,1.35395,1.3505,1.35346
2025-05-23 20:00:00,1.35345,1.35425,1.35324,1.35395
2025-05-25 20:00:00,1.35286,1.35425,1.35241,1.35382
2025-05-26 00:00:00,1.35381,1.35933,1.35363,1.35792
2025-05-26 04:00:00,1.35791,1.35927,1.35659,1.35669
2025-05-26 08:00:00,1.35671,1.35712,1.35545,1.35598
2025-05-26 12:00:00,1.35599,1.35682,1.35513,1.35632
2025-05-26 16:00:00,1.35633,1.35651,1.3558,1.35642
2025-05-26 20:00:00,1.35644,1.35686,1.35563,1.35655
2025-05-27 00:00:00,1.35658,1.35869,1.35658,1.35694
2025-05-27 04:00:00,1.35692,1.35753,1.35221,1.3525
2025-05-27 08:00:00,1.35252,1.35538,1.3523,1.35485
2025-05-27 12:00:00,1.35488,1.3565,1.35005,1.35025
2025-05-27 16:00:00,1.35024,1.35153,1.35011,1.35052
2025-05-27 20:00:00,1.35051,1.35149,1.35032,1.3514
2025-05-28 00:00:00,1.35139,1.35224,1.34765,1.34829
2025-05-28 04:00:00,1.34827,1.35045,1.34614,1.34986
2025-05-28 08:00:00,1.34987,1.35195,1.34766,1.34794
2025-05-28 12:00:00,1.34795,1.34893,1.34502,1.34596
2025-05-28 16:00:00,1.34597,1.34797,1.34596,1.34645
2025-05-28 20:00:00,1.34644,1.34719,1.34156,1.34286
2025-05-29 00:00:00,1.34283,1.34469,1.3419,1.34364
2025-05-29 04:00:00,1.34362,1.34707,1.34266,1.3465
2025-05-29 08:00:00,1.34649,1.34842,1.34546,1.34606
2025-05-29 12:00:00,1.34607,1.35073,1.34607,1.34884
2025-05-29 16:00:00,1.34876,1.35051,1.34872,1.34948
2025-05-29 20:00:00,1.34947,1.3501,1.3489,1.34993
2025-05-30 00:00:00,1.34991,1.3511,1.34685,1.34709
2025-05-30 04:00:00,1.3471,1.34857,1.34551,1.34782
2025-05-30 08:00:00,1.34783,1.34848,1.34628,1.34756
2025-05-30 12:00:00,1.34757,1.34995,1.34482,1.34673
2025-05-30 16:00:00,1.34672,1.34768,1.3455,1.3473
2025-05-30 20:00:00,1.34733,1.34756,1.34529,1.34543
2025-06-01 20:00:00,1.34649,1.34737,1.3454,1.34685
2025-06-02 00:00:00,1.34686,1.35059,1.34679,1.34827
2025-06-02 04:00:00,1.34828,1.35574,1.34814,1.35485
2025-06-02 08:00:00,1.35487,1.35554,1.35273,1.35359
2025-06-02 12:00:00,1.35358,1.35597,1.35187,1.35477
2025-06-02 16:00:00,1.35429,1.35482,1.35176,1.35466
2025-06-02 20:00:00,1.35465,1.35594,1.35381,1.35573
2025-06-03 00:00:00,1.35572,1.35578,1.3515,1.35186
2025-06-03 04:00:00,1.35185,1.35376,1.35121,1.35198
2025-06-03 08:00:00,1.35197,1.35267,1.34952,1.35036
2025-06-03 12:00:00,1.35037,1.35336,1.3492,1.352
2025-06-03 16:00:00,1.35202,1.35295,1.35105,1.35158
2025-06-03 20:00:00,1.35157,1.35317,1.35139,1.35307
2025-06-04 00:00:00,1.35308,1.35448,1.35142,1.35165
2025-06-04 04:00:00,1.35166,1.35412,1.35014,1.35287
2025-06-04 08:00:00,1.3529,1.35458,1.35132,1.35139
2025-06-04 12:00:00,1.35138,1.358,1.3512,1.35681
2025-06-04 16:00:00,1.35682,1.35739,1.35462,1.35464
2025-06-04 20:00:00,1.35463,1.35599,1.35454,1.3551
2025-06-05 00:00:00,1.35514,1.35659,1.35408,1.35451
2025-06-05 04:00:00,1.3545,1.35742,1.35429,1.35603
2025-06-05 08:00:00,1.35604,1.35848,1.35604,1.35707
2025-06-05 12:00:00,1.35706,1.36166,1.35665,1.35822
2025-06-05 16:00:00,1.3582,1.35896,1.35668,1.35739
2025-06-05 20:00:00,1.35738,1.35811,1.35698,1.35791
2025-06-06 00:00:00,1.3579,1.35848,1.35658,1.35721
2025-06-06 04:00:00,1.3572,1.35769,1.35352,1.35457
2025-06-06 08:00:00,1.35458,1.35552,1.35298,1.35512
2025-06-06 12:00:00,1.35511,1.35639,1.35076,1.3531
2025-06-06 16:00:00,1.35311,1.35359,1.35161,1.35321
2025-06-06 20:00:00,1.35323,1.35325,1.352375,1.35269
2025-06-08 20:00:00,1.35325,1.35392,1.35252,1.35371
2025-06-09 00:00:00,1.35372,1.35657,1.35282,1.35519
2025-06-09 04:00:00,1.35516,1.35722,1.35489,1.35648
2025-06-09 08:00:00,1.35649,1.35814,1.35552,1.35619
2025-06-09 12:00:00,1.35621,1.35647,1.35247,1.35623
2025-06-09 16:00:00,1.35626,1.35659,1.35519,1.3558
2025-06-09 20:00:00,1.35579,1.35579,1.35444,1.35545
2025-06-10 00:00:00,1.35546,1.35643,1.35197,1.35436
2025-06-10 04:00:00,1.35437,1.35462,1.34563,1.34724
2025-06-10 08:00:00,1.34725,1.35088,1.34724,1.35055
2025-06-10 12:00:00,1.35056,1.35369,1.34983,1.35072
2025-06-10 16:00:00,1.35073,1.35094,1.34904,1.35021
2025-06-10 20:00:00,1.35022,1.35102,1.34933,1.35075
2025-06-11 00:00:00,1.35076,1.35098,1.34748,1.34824
2025-06-11 04:00:00,1.34825,1.34915,1.34644,1.34834
2025-06-11 08:00:00,1.34833,1.35057,1.34803,1.34953
2025-06-11 12:00:00,1.34954,1.3558,1.34885,1.35552
2025-06-11 16:00:00,1.35551,1.35675,1.35362,1.35383
2025-06-11 20:00:00,1.35382,1.35729,1.35382,1.35679
2025-06-12 00:00:00,1.35683,1.35936,1.35627,1.35836
2025-06-12 04:00:00,1.35835,1.359,1.35229,1.35428
2025-06-12 08:00:00,1.35429,1.35994,1.35381,1.35925
2025-06-12 12:00:00,1.35926,1.36236,1.35802,1.35864
2025-06-12 16:00:00,1.35865,1.36048,1.35824,1.36031
2025-06-12 20:00:00,1.36032,1.36303,1.36013,1.36289
2025-06-13 00:00:00,1.36287,1.36325,1.35409,1.35529
2025-06-13 04:00:00,1.3553,1.35706,1.35217,1.35594
2025-06-13 08:00:00,1.35593,1.35692,1.35235,1.35393
2025-06-13 12:00:00,1.35395,1.3603,1.35167,1.35922
2025-06-13 16:00:00,1.35921,1.36012,1.35588,1.35704
2025-06-13 20:00:00,1.35705,1.35754,1.35597,1.3574
2025-06-15 20:00:00,1.35686,1.35705,1.3541,1.35491
2025-06-16 00:00:00,1.35492,1.35585,1.35351,1.35365
2025-06-16 04:00:00,1.35364,1.35929,1.35362,1.35844
2025-06-16 08:00:00,1.35845,1.3591,1.35759,1.35778
2025-06-16 12:00:00,1.35779,1.36223,1.3574,1.35974
2025-06-16 16:00:00,1.35975,1.36111,1.35739,1.35744
2025-06-16 20:00:00,1.35743,1.35834,1.35637,1.35684
2025-06-17 00:00:00,1.35685,1.35763,1.35576,1.35741
2025-06-17 04:00:00,1.35742,1.35796,1.35538,1.35654
2025-06-17 08:00:00,1.35653,1.35715,1.35417,1.3562
2025-06-17 12:00:00,1.35619,1.35738,1.34959,1.35141
2025-06-17 16:00:00,1.35143,1.35169,1.34229,1.34263
2025-06-17 20:00:00,1.34264,1.34366,1.34155,1.34291
2025-06-18 00:00:00,1.34292,1.34464,1.34271,1.34383
2025-06-18 04:00:00,1.34384,1.34766,1.34359,1.34589
2025-06-18 08:00:00,1.3459,1.34686,1.34384,1.34511
2025-06-18 12:00:00,1.34514,1.34736,1.34355,1.34691
2025-06-18 16:00:00,1.34693,1.34764,1.34005,1.34097
2025-06-18 20:00:00,1.34095,1.34277,1.34079,1.34144
2025-06-19 00:00:00,1.34143,1.34177,1.33875,1.34076
2025-06-19 04:00:00,1.34075,1.34176,1.33832,1.34024
2025-06-19 08:00:00,1.34025,1.34494,1.33978,1.34474
2025-06-19 12:00:00,1.34475,1.34487,1.34175,1.34298
2025-06-19 16:00:00,1.34296,1.347,1.34224,1.34689
2025-06-19 20:00:00,1.34684,1.34798,1.34527,1.34766
2025-06-20 00:00:00,1.34765,1.34997,1.34763,1.34976
2025-06-20 04:00:00,1.34975,1.3501,1.34626,1.34765
2025-06-20 08:00:00,1.34764,1.35006,1.34713,1.34978
2025-06-20 12:00:00,1.34977,1.35112,1.34538,1.34645
2025-06-20 16:00:00,1.34646,1.34801,1.34459,1.34462
2025-06-20 20:00:00,1.34461,1.34529,1.34412,1.34501
2025-06-22 20:00:00,1.34065,1.34416,1.33996,1.34351
2025-06-23 00:00:00,1.34352,1.34387,1.34035,1.34174
2025-06-23 04:00:00,1.34173,1.34487,1.34058,1.34397
2025-06-23 08:00:00,1.34396,1.34464,1.33706,1.33945
2025-06-23 12:00:00,1.33946,1.3506,1.3374,1.34896
2025-06-23 16:00:00,1.349,1.35312,1.34707,1.35271
2025-06-23 20:00:00,1.35273,1.35549,1.35145,1.35455
2025-06-24 00:00:00,1.35454,1.35665,1.35357,1.35641
2025-06-24 04:00:00,1.35642,1.35944,1.35583,1.358
2025-06-24 08:00:00,1.35797,1.36265,1.35788,1.36136
2025-06-24 12:00:00,1.36135,1.36485,1.35911,1.36142
2025-06-24 16:00:00,1.3614,1.36392,1.36107,1.36202
2025-06-24 20:00:00,1.36201,1.36281,1.36114,1.36153
2025-06-25 00:00:00,1.36154,1.36294,1.36119,1.36125
2025-06-25 04:00:00,1.36124,1.36336,1.36065,1.36142
2025-06-25 08:00:00,1.36144,1.36243,1.36019,1.36075
2025-06-25 12:00:00,1.36065,1.36277,1.35908,1.36247
2025-06-25 16:00:00,1.36248,1.36717,1.36248,1.36657
2025-06-25 20:00:00,1.36656,1.36918,1.36559,1.36901
2025-06-26 00:00:00,1.369,1.37211,1.36772,1.37112
2025-06-26 04:00:00,1.37111,1.37406,1.36969,1.37367
2025-06-26 08:00:00,1.37368,1.37649,1.36998,1.37076
2025-06-26 12:00:00,1.37074,1.37537,1.36999,1.37521
2025-06-26 16:00:00,1.3752,1.37707,1.37284,1.37325
2025-06-26 20:00:00,1.37326,1.37363,1.37169,1.37252
2025-06-27 00:00:00,1.37253,1.37498,1.3724,1.37363
2025-06-27 04:00:00,1.37364,1.37495,1.37205,1.37397
2025-06-27 08:00:00,1.37399,1.37504,1.37213,1.37375
2025-06-27 12:00:00,1.37376,1.37525,1.37037,1.37178
2025-06-27 16:00:00,1.37177,1.37247,1.36831,1.37071
2025-06-27 20:00:00,1.3707,1.37226,1.37067,1.37206
2025-06-29 20:00:00,1.37089,1.37286,1.37072,1.37188
2025-06-30 00:00:00,1.37187,1.37297,1.37079,1.37129
2025-06-30 04:00:00,1.37128,1.37409,1.37023,1.37028
2025-06-30 08:00:00,1.37026,1.37119,1.36909,1.37058
2025-06-30 12:00:00,1.37057,1.37229,1.36744,1.372
2025-06-30 16:00:00,1.37199,1.37279,1.36986,1.37259
2025-06-30 20:00:00,1.37261,1.37371,1.37218,1.37309
2025-07-01 00:00:00,1.3731,1.37489,1.37244,1.37379
2025-07-01 04:00:00,1.3738,1.37685,1.37324,1.37677
2025-07-01 08:00:00,1.37674,1.37887,1.37541,1.37543
2025-07-01 12:00:00,1.37545,1.37601,1.3704,1.37244
2025-07-01 16:00:00,1.37245,1.37429,1.37124,1.37403
2025-07-01 20:00:00,1.37404,1.37505,1.37393,1.37459
2025-07-02 00:00:00,1.37458,1.37527,1.37326,1.37458
2025-07-02 04:00:00,1.37459,1.37463,1.37057,1.37058
2025-07-02 08:00:00,1.37056,1.3713,1.36555,1.36628
2025-07-02 12:00:00,1.36626,1.36677,1.35629,1.36211
2025-07-02 16:00:00,1.3621,1.36445,1.36138,1.36352
2025-07-02 20:00:00,1.36353,1.36673,1.3627,1.36493
2025-07-03 00:00:00,1.36491,1.36537,1.36252,1.3628
2025-07-03 04:00:00,1.36278,1.36752,1.3624,1.36551
2025-07-03 08:00:00,1.3655,1.36758,1.36461,1.36575
2025-07-03 12:00:00,1.36577,1.36739,1.35862,1.36529
2025-07-03 16:00:00,1.3653,1.36548,1.3636,1.36466
2025-07-03 20:00:00,1.36467,1.36687,1.36438,1.36658
2025-07-04 00:00:00,1.36657,1.36678,1.36454,1.36581
2025-07-04 04:00:00,1.36579,1.36813,1.36571,1.36586
2025-07-04 08:00:00,1.36585,1.36672,1.36419,1.36478
2025-07-04 12:00:00,1.3648,1.36535,1.3635,1.36445
2025-07-04 16:00:00,1.36446,1.36549,1.3642,1.36507
2025-07-04 20:00:00,1.36506,1.36588,1.36426,1.36458
2025-07-06 20:00:00,1.36556,1.36643,1.36467,1.3651
2025-07-07 00:00:00,1.36511,1.36577,1.36258,1.36281
2025-07-07 04:00:00,1.3628,1.363,1.36031,1.36046
2025-07-07 08:00:00,1.36045,1.36216,1.35754,1.36156
2025-07-07 12:00:00,1.36157,1.36477,1.36116,1.36362
2025-07-07 16:00:00,1.36364,1.36409,1.35894,1.36099
2025-07-07 20:00:00,1.36098,1.36251,1.35984,1.3624
2025-07-08 00:00:00,1.36242,1.36391,1.36182,1.36334
2025-07-08 04:00:00,1.36332,1.36466,1.36238,1.36411
2025-07-08 08:00:00,1.36412,1.36412,1.35732,1.35736
2025-07-08 12:00:00,1.35735,1.35847,1.35257,1.35728
2025-07-08 16:00:00,1.35729,1.35976,1.35638,1.35896
2025-07-08 20:00:00,1.35894,1.35958,1.35836,1.3585
2025-07-09 00:00:00,1.35849,1.35932,1.35644,1.3569
2025-07-09 04:00:00,1.35688,1.36063,1.35667,1.35861
2025-07-09 08:00:00,1.35859,1.36085,1.35757,1.35773
2025-07-09 12:00:00,1.35774,1.36199,1.35765,1.35834
2025-07-09 16:00:00,1.35833,1.36008,1.35793,1.35954
2025-07-09 20:00:00,1.35958,1.35988,1.3584,1.35981
2025-07-10 00:00:00,1.35979,1.36134,1.3595,1.36046
2025-07-10 04:00:00,1.36044,1.36196,1.36002,1.36124
2025-07-10 08:00:00,1.36126,1.36164,1.35723,1.35806
2025-07-10 12:00:00,1.35807,1.35865,1.35331,1.35674
2025-07-10 16:00:00,1.35671,1.35828,1.35602,1.35759
2025-07-10 20:00:00,1.35758,1.35856,1.3574,1.35804
2025-07-11 00:00:00,1.35805,1.35817,1.35451,1.35653
2025-07-11 04:00:00,1.35654,1.35658,1.35325,1.35415
2025-07-11 08:00:00,1.35414,1.35529,1.34978,1.35033
2025-07-11 12:00:00,1.35032,1.352,1.34813,1.35026
2025-07-11 16:00:00,1.35025,1.35176,1.34963,1.34975
2025-07-11 20:00:00,1.34976,1.34977,1.34846,1.34908
2025-07-13 20:00:00,1.34954,1.3497,1.34821,1.34956
2025-07-14 00:00:00,1.34954,1.35044,1.34722,1.3482
2025-07-14 04:00:00,1.34819,1.34884,1.34518,1.34837
2025-07-14 08:00:00,1.34836,1.34936,1.34719,1.34828
2025-07-14 12:00:00,1.34827,1.34922,1.34311,1.34336
2025-07-14 16:00:00,1.34335,1.34429,1.34245,1.34265
2025-07-14 20:00:00,1.34267,1.34331,1.34215,1.3428
2025-07-15 00:00:00,1.34283,1.34408,1.34265,1.34297
2025-07-15 04:00:00,1.34299,1.34532,1.34278,1.34524
2025-07-15 08:00:00,1.34525,1.34596,1.34411,1.34436
2025-07-15 12:00:00,1.34435,1.34678,1.33805,1.33956
2025-07-15 16:00:00,1.33957,1.33991,1.3379,1.33864
2025-07-15 20:00:00,1.33862,1.33936,1.33811,1.33932
2025-07-16 00:00:00,1.33933,1.34007,1.33826,1.33883
2025-07-16 04:00:00,1.33885,1.34167,1.33869,1.33936
2025-07-16 08:00:00,1.33935,1.34118,1.33841,1.3401
2025-07-16 12:00:00,1.34009,1.34859,1.33651,1.34246
2025-07-16 16:00:00,1.34246,1.34469,1.34048,1.34179
2025-07-16 20:00:00,1.34177,1.34269,1.34091,1.34102
2025-07-17 00:00:00,1.34103,1.34111,1.33844,1.33927
2025-07-17 04:00:00,1.33926,1.34024,1.33744,1.33833
2025-07-17 08:00:00,1.33832,1.34136,1.33807,1.33923
2025-07-17 12:00:00,1.33924,1.34191,1.33804,1.34129
2025-07-17 16:00:00,1.34128,1.34208,1.33971,1.34188
2025-07-17 20:00:00,1.34186,1.34348,1.34136,1.34313
2025-07-18 00:00:00,1.34315,1.34406,1.34273,1.34295
2025-07-18 04:00:00,1.34296,1.34397,1.34108,1.34304
2025-07-18 08:00:00,1.34305,1.34572,1.34302,1.34571
2025-07-18 12:00:00,1.34572,1.34752,1.34342,1.34375
2025-07-18 16:00:00,1.34374,1.34388,1.34089,1.34138
2025-07-18 20:00:00,1.34133,1.34162,1.340615,1.341
2025-07-20 20:00:00,1.34143,1.34301,1.34083,1.34152
2025-07-21 00:00:00,1.34153,1.34202,1.34025,1.34161
2025-07-21 04:00:00,1.34162,1.34477,1.34141,1.34451
2025-07-21 08:00:00,1.34453,1.34799,1.34413,1.34785
2025-07-21 12:00:00,1.34783,1.35106,1.34669,1.3496
2025-07-21 16:00:00,1.34959,1.35,1.34837,1.34841
2025-07-21 20:00:00,1.34839,1.34931,1.34833,1.34894
2025-07-22 00:00:00,1.34896,1.34902,1.34769,1.3479
2025-07-22 04:00:00,1.34789,1.34821,1.34621,1.34672
2025-07-22 08:00:00,1.3467,1.34997,1.34651,1.34862
2025-07-22 12:00:00,1.34863,1.35197,1.34712,1.35194
2025-07-22 16:00:00,1.35195,1.35329,1.35178,1.35314
2025-07-22 20:00:00,1.35314,1.35349,1.35189,1.35212
2025-07-23 00:00:00,1.35213,1.3535,1.35166,1.35278
2025-07-23 04:00:00,1.35277,1.35488,1.35155,1.35436
2025-07-23 08:00:00,1.35435,1.35489,1.35331,1.35399
2025-07-23 12:00:00,1.35398,1.35765,1.35237,1.35707
2025-07-23 16:00:00,1.35687,1.35839,1.35574,1.35818
2025-07-23 20:00:00,1.35819,1.35873,1.35756,1.35789
2025-07-24 00:00:00,1.35788,1.35886,1.35714,1.35785
2025-07-24 04:00:00,1.35786,1.35819,1.35569,1.35603
2025-07-24 08:00:00,1.35604,1.3566,1.35356,1.35515
2025-07-24 12:00:00,1.35516,1.35628,1.35223,1.35239
2025-07-24 16:00:00,1.35238,1.3528,1.35051,1.35077
2025-07-24 20:00:00,1.3508,1.35151,1.35032,1.35086
2025-07-25 00:00:00,1.35087,1.35124,1.34885,1.34945
2025-07-25 04:00:00,1.34944,1.35045,1.3467,1.34685
2025-07-25 08:00:00,1.34687,1.34766,1.3439,1.34508
2025-07-25 12:00:00,1.3451,1.34547,1.34164,1.34271
2025-07-25 16:00:00,1.34272,1.34381,1.3417,1.34381
2025-07-25 20:00:00,1.3438,1.34391,1.34299,1.34362
2025-07-27 20:00:00,1.34309,1.34491,1.34297,1.34381
2025-07-28 00:00:00,1.34382,1.34527,1.34303,1.34428
2025-07-28 04:00:00,1.3443,1.34451,1.34063,1.34092
2025-07-28 08:00:00,1.34091,1.34298,1.3403,1.3427
2025-07-28 12:00:00,1.34273,1.344,1.33913,1.33913
2025-07-28 16:00:00,1.33912,1.3392,1.33514,1.33548
2025-07-28 20:00:00,1.33547,1.33617,1.33524,1.33597
2025-07-29 00:00:00,1.33598,1.33598,1.33409,1.33411
2025-07-29 04:00:00,1.3341,1.33537,1.33157,1.33331
2025-07-29 08:00:00,1.3333,1.33619,1.33272,1.33404
2025-07-29 12:00:00,1.33403,1.33439,1.33078,1.33386
2025-07-29 16:00:00,1.33385,1.33646,1.33357,1.33567
2025-07-29 20:00:00,1.33568,1.33602,1.33467,1.33535
2025-07-30 00:00:00,1.33536,1.33694,1.33527,1.33597
2025-07-30 04:00:00,1.33598,1.33686,1.3342,1.33609
2025-07-30 08:00:00,1.3361,1.33858,1.33575,1.33732
2025-07-30 12:00:00,1.33733,1.33798,1.32715,1.3273
2025-07-30 16:00:00,1.32732,1.3313,1.32279,1.32456
2025-07-30 20:00:00,1.32454,1.3259,1.32338,1.3256
2025-07-31 00:00:00,1.32559,1.32632,1.3242,1.32595
2025-07-31 04:00:00,1.32596,1.32821,1.32448,1.32592
2025-07-31 08:00:00,1.32594,1.3261,1.321,1.32394
2025-07-31 12:00:00,1.32391,1.32404,1.31859,1.32198
2025-07-31 16:00:00,1.32197,1.32372,1.31994,1.32062
2025-07-31 20:00:00,1.32062,1.3213,1.319985,1.3208
2025-08-01 00:00:00,1.32079,1.32135,1.31902,1.3201
2025-08-01 04:00:00,1.32008,1.32131,1.31862,1.31945
2025-08-01 08:00:00,1.31946,1.31948,1.31417,1.31583
2025-08-01 12:00:00,1.31584,1.33107,1.3145,1.32582
2025-08-01 16:00:00,1.3258,1.32771,1.3216,1.32614
2025-08-01 20:00:00,1.32617,1.32926,1.32614,1.32789
2025-08-03 20:00:00,1.32851,1.32923,1.32736,1.32912
2025-08-04 00:00:00,1.32911,1.32931,1.32539,1.32831
2025-08-04 04:00:00,1.3283,1.32913,1.32647,1.3277
2025-08-04 08:00:00,1.32771,1.33141,1.3266,1.3295
2025-08-04 12:00:00,1.32951,1.3331,1.32784,1.32875
2025-08-04 16:00:00,1.32876,1.32928,1.32726,1.32765
2025-08-04 20:00:00,1.32766,1.32998,1.32751,1.32979
2025-08-05 00:00:00,1.3298,1.3303,1.32767,1.32772
2025-08-05 04:00:00,1.32771,1.32954,1.32599,1.32729
2025-08-05 08:00:00,1.32728,1.32951,1.32666,1.32808
2025-08-05 12:00:00,1.32809,1.33091,1.32686,1.33075
2025-08-05 16:00:00,1.33076,1.33161,1.32891,1.32962
2025-08-05 20:00:00,1.32963,1.33019,1.32919,1.32984
2025-08-06 00:00:00,1.32983,1.331,1.3295,1.33093
2025-08-06 04:00:00,1.33091,1.33141,1.32902,1.33032
2025-08-06 08:00:00,1.33034,1.33303,1.32816,1.33179
2025-08-06 12:00:00,1.3318,1.33587,1.33081,1.33584
2025-08-06 16:00:00,1.33585,1.33683,1.33423,1.33572
2025-08-06 20:00:00,1.33571,1.336095,1.33499,1.33577
2025-08-07 00:00:00,1.33575,1.3361,1.33459,1.33598
2025-08-07 04:00:00,1.33597,1.338,1.33581,1.33745
2025-08-07 08:00:00,1.33743,1.3432,1.33633,1.34132
2025-08-07 12:00:00,1.34131,1.34367,1.33909,1.34312
2025-08-07 16:00:00,1.34314,1.34442,1.34039,1.34432
2025-08-07 20:00:00,1.34435,1.34526,1.34374,1.34513
2025-08-08 00:00:00,1.34514,1.34534,1.34345,1.34392
2025-08-08 04:00:00,1.34391,1.3449,1.34245,1.34421
2025-08-08 08:00:00,1.34426,1.34534,1.34274,1.34407
2025-08-08 12:00:00,1.34405,1.34544,1.34181,1.34423
2025-08-08 16:00:00,1.34424,1.3459,1.3439,1.34501
2025-08-08 20:00:00,1.34502,1.34534,1.34446,1.34519
2025-08-10 20:00:00,1.34501,1.3454,1.34392,1.34434
2025-08-11 00:00:00,1.34435,1.34662,1.34368,1.34655
2025-08-11 04:00:00,1.34654,1.34769,1.34483,1.34536
2025-08-11 08:00:00,1.34537,1.34694,1.34255,1.34301
2025-08-11 12:00:00,1.34302,1.34328,1.33994,1.34146
2025-08-11 16:00:00,1.34147,1.34373,1.34147,1.34276
2025-08-11 20:00:00,1.34275,1.3436,1.34271,1.3434
2025-08-12 00:00:00,1.34338,1.34397,1.34284,1.34329
2025-08-12 04:00:00,1.34328,1.34601,1.34204,1.34589
2025-08-12 08:00:00,1.3459,1.34724,1.34466,1.34572
2025-08-12 12:00:00,1.34573,1.35239,1.34561,1.35067
2025-08-12 16:00:00,1.35068,1.35211,1.34883,1.34957
2025-08-12 20:00:00,1.34956,1.35062,1.34926,1.35045
2025-08-13 00:00:00,1.35044,1.35078,1.34929,1.35034
2025-08-13 04:00:00,1.35032,1.35475,1.34997,1.35449
2025-08-13 08:00:00,1.35447,1.35786,1.35434,1.35768
2025-08-13 12:00:00,1.35769,1.3585,1.35538,1.35713
2025-08-13 16:00:00,1.35711,1.35791,1.35637,1.35738
2025-08-13 20:00:00,1.35737,1.35854,1.35722,1.35854
2025-08-14 00:00:00,1.35853,1.35919,1.3571,1.35738
2025-08-14 04:00:00,1.35735,1.35913,1.3569,1.35733
2025-08-14 08:00:00,1.35734,1.35949,1.35633,1.35742
2025-08-14 12:00:00,1.35744,1.35824,1.35274,1.35302
2025-08-14 16:00:00,1.35303,1.35394,1.3521,1.3537
2025-08-14 20:00:00,1.35371,1.35387,1.35262,1.35299
2025-08-15 00:00:00,1.353,1.35513,1.35273,1.35476
2025-08-15 04:00:00,1.35475,1.35603,1.35429,1.35553
2025-08-15 08:00:00,1.35552,1.35647,1.35462,1.35599
2025-08-15 12:00:00,1.35598,1.35752,1.35461,1.35626
2025-08-15 16:00:00,1.35627,1.35642,1.35502,1.35553
2025-08-15 20:00:00,1.35552,1.35601,1.35546,1.35557
2025-08-17 20:00:00,1.35562,1.35672,1.3552,1.35563
2025-08-18 00:00:00,1.35562,1.35624,1.35493,1.35564
2025-08-18 04:00:00,1.35563,1.35651,1.35384,1.35391
2025-08-18 08:00:00,1.3539,1.35543,1.35312,1.35383
2025-08-18 12:00:00,1.35382,1.35465,1.35114,1.35192
2025-08-18 16:00:00,1.35193,1.35215,1.35031,1.35062
2025-08-18 20:00:00,1.3506,1.35174,1.35017,1.35079
2025-08-19 00:00:00,1.35081,1.35101,1.34872,1.35009
2025-08-19 04:00:00,1.35008,1.35228,1.34967,1.35211
2025-08-19 08:00:00,1.35212,1.35312,1.35109,1.35215
2025-08-19 12:00:00,1.35216,1.35259,1.34907,1.34932
2025-08-19 16:00:00,1.34934,1.34956,1.34778,1.34898
2025-08-19 20:00:00,1.34897,1.3493,1.34843,1.3485
2025-08-20 00:00:00,1.34851,1.3486,1.3462,1.34725
2025-08-20 04:00:00,1.34724,1.35094,1.3472,1.3509
2025-08-20 08:00:00,1.35091,1.35095,1.34718,1.34719
2025-08-20 12:00:00,1.3472,1.34957,1.34474,1.34491
2025-08-20 16:00:00,1.34493,1.3472,1.34484,1.34541
2025-08-20 20:00:00,1.34542,1.3467,1.34499,1.3466
2025-08-21 00:00:00,1.34658,1.34659,1.34467,1.34538
2025-08-21 04:00:00,1.34539,1.34588,1.34356,1.34559
2025-08-21 08:00:00,1.34556,1.34827,1.34513,1.34547
2025-08-21 12:00:00,1.34548,1.34729,1.341,1.34145
2025-08-21 16:00:00,1.34146,1.34268,1.34058,1.34127
2025-08-21 20:00:00,1.34126,1.34198,1.34107,1.34181
2025-08-22 00:00:00,1.3418,1.34234,1.34009,1.34017
2025-08-22 04:00:00,1.34018,1.34104,1.33907,1.34063
2025-08-22 08:00:00,1.34062,1.34193,1.34053,1.34154
2025-08-22 12:00:00,1.34155,1.35443,1.34117,1.35256
2025-08-22 16:00:00,1.35255,1.35443,1.35173,1.35185
2025-08-22 20:00:00,1.35186,1.35302,1.35181,1.35268
2025-08-24 20:00:00,1.3519,1.35308,1.35085,1.35088
2025-08-25 00:00:00,1.35089,1.35128,1.34897,1.35114
2025-08-25 04:00:00,1.35113,1.35273,1.35029,1.35037
2025-08-25 08:00:00,1.35036,1.35195,1.34841,1.35195
2025-08-25 12:00:00,1.35196,1.35208,1.34848,1.34894
2025-08-25 16:00:00,1.34895,1.34929,1.34462,1.34539
2025-08-25 20:00:00,1.34538,1.34731,1.345,1.34545
2025-08-26 00:00:00,1.34546,1.34906,1.34485,1.34518
2025-08-26 04:00:00,1.34517,1.34681,1.34348,1.34556
2025-08-26 08:00:00,1.34557,1.34934,1.34556,1.34882
2025-08-26 12:00:00,1.34881,1.34929,1.34706,1.34818
2025-08-26 16:00:00,1.3482,1.34931,1.34684,1.34788
2025-08-26 20:00:00,1.34787,1.34827,1.34729,1.3477
2025-08-27 00:00:00,1.34769,1.3478,1.34556,1.34576
2025-08-27 04:00:00,1.34577,1.34658,1.34418,1.34534
2025-08-27 08:00:00,1.34533,1.34534,1.34168,1.34288
2025-08-27 12:00:00,1.34322,1.34735,1.34312,1.34664
2025-08-27 16:00:00,1.34665,1.3502,1.34664,1.34979
2025-08-27 20:00:00,1.34977,1.3506,1.34904,1.35038
2025-08-28 00:00:00,1.35037,1.35185,1.34976,1.35083
2025-08-28 04:00:00,1.35082,1.35135,1.3488,1.34993
2025-08-28 08:00:00,1.34992,1.35266,1.34833,1.35148
2025-08-28 12:00:00,1.35147,1.35274,1.34892,1.35133
2025-08-28 16:00:00,1.35148,1.35308,1.35109,1.35121
2025-08-28 20:00:00,1.3512,1.35136,1.35068,1.35083
2025-08-29 00:00:00,1.35084,1.35117,1.34958,1.34988
2025-08-29 04:00:00,1.34989,1.35033,1.3484,1.34916
2025-08-29 08:00:00,1.34915,1.34944,1.34505,1.34534
2025-08-29 12:00:00,1.34535,1.35163,1.34464,1.35077
2025-08-29 16:00:00,1.35076,1.35155,1.34998,1.35154
2025-08-29 20:00:00,1.35155,1.35171,1.35002,1.35049
2025-08-31 20:00:00,1.34978,1.35092,1.34972,1.35034
2025-09-01 00:00:00,1.35033,1.3529,1.35026,1.35233
2025-09-01 04:00:00,1.35232,1.35406,1.35152,1.35305
2025-09-01 08:00:00,1.35304,1.35372,1.35228,1.35242
2025-09-01 12:00:00,1.35241,1.35499,1.3524,1.35417
2025-09-01 16:00:00,1.35416,1.35494,1.35399,1.35487
2025-09-01 20:00:00,1.35484,1.35501,1.3541,1.35465
2025-09-02 00:00:00,1.35468,1.35485,1.3524,1.3526
2025-09-02 04:00:00,1.35259,1.35336,1.33943,1.34031
2025-09-02 08:00:00,1.34033,1.34341,1.33696,1.33838
2025-09-02 12:00:00,1.33839,1.34188,1.33393,1.33897
2025-09-02 16:00:00,1.33898,1.3394,1.3375,1.33906
2025-09-02 20:00:00,1.33907,1.33977,1.33816,1.33816
2025-09-03 00:00:00,1.33817,1.33836,1.33617,1.33617
2025-09-03 04:00:00,1.33616,1.33909,1.33336,1.33665
2025-09-03 08:00:00,1.33664,1.34174,1.33664,1.34118
2025-09-03 12:00:00,1.34119,1.34541,1.34091,1.34477
2025-09-03 16:00:00,1.34478,1.34584,1.34348,1.34386
2025-09-03 20:00:00,1.34385,1.3447,1.34376,1.34409
2025-09-04 00:00:00,1.34411,1.34498,1.34262,1.34282
2025-09-04 04:00:00,1.34283,1.3441,1.34193,1.34273
2025-09-04 08:00:00,1.34272,1.34594,1.34256,1.34336
2025-09-04 12:00:00,1.34337,1.34561,1.34173,1.34389
2025-09-04 16:00:00,1.34388,1.34398,1.34174,1.3436
2025-09-04 20:00:00,1.34361,1.34449,1.34294,1.3444
2025-09-05 00:00:00,1.34441,1.34572,1.34421,1.34539
2025-09-05 04:00:00,1.3454,1.34719,1.34483,1.34645
2025-09-05 08:00:00,1.34642,1.34854,1.34619,1.34624
2025-09-05 12:00:00,1.34623,1.35547,1.34579,1.35414
2025-09-05 16:00:00,1.35416,1.35424,1.35011,1.35029
2025-09-05 20:00:00,1.35032,1.35115,1.35022,1.35098
2025-09-07 20:00:00,1.35035,1.35104,1.34824,1.34927
2025-09-08 00:00:00,1.34928,1.35057,1.34836,1.34958
2025-09-08 04:00:00,1.34957,1.35261,1.3487,1.35161
2025-09-08 08:00:00,1.35162,1.35361,1.35022,1.35295
2025-09-08 12:00:00,1.35294,1.35565,1.35274,1.35464
2025-09-08 16:00:00,1.35465,1.35551,1.35274,1.35509
2025-09-08 20:00:00,1.35507,1.35578,1.35443,1.35528
2025-09-09 00:00:00,1.35529,1.35714,1.35505,1.35597
2025-09-09 04:00:00,1.35598,1.35827,1.35582,1.35655
2025-09-09 08:00:00,1.35653,1.35905,1.35575,1.35583
2025-09-09 12:00:00,1.35584,1.35744,1.35243,1.35315
2025-09-09 16:00:00,1.35314,1.35467,1.35185,1.35195
2025-09-09 20:00:00,1.35194,1.35308,1.35185,1.35207
2025-09-10 00:00:00,1.35205,1.35365,1.35149,1.35329
2025-09-10 04:00:00,1.35334,1.35436,1.35134,1.35335
2025-09-10 08:00:00,1.35336,1.35454,1.35198,1.35341
2025-09-10 12:00:00,1.35342,1.356555,1.35236,1.35466
2025-09-10 16:00:00,1.35465,1.35496,1.35217,1.35308
2025-09-10 20:00:00,1.35307,1.35402,1.35255,1.35332
2025-09-11 00:00:00,1.35331,1.3534,1.35226,1.35275
2025-09-11 04:00:00,1.35276,1.35285,1.35034,1.35155
2025-09-11 08:00:00,1.35156,1.35229,1.34943,1.35076
2025-09-11 12:00:00,1.35075,1.35791,1.34936,1.3566
2025-09-11 16:00:00,1.35662,1.3583,1.35659,1.35779
2025-09-11 20:00:00,1.35781,1.35806,1.3568,1.35742
2025-09-12 00:00:00,1.3574,1.35758,1.35536,1.35552
2025-09-12 04:00:00,1.35551,1.35751,1.35452,1.35642
2025-09-12 08:00:00,1.35641,1.35641,1.35303,1.35489
2025-09-12 12:00:00,1.3549,1.35699,1.35242,1.35453
2025-09-12 16:00:00,1.35454,1.35709,1.35407,1.35617
2025-09-12 20:00:00,1.35615,1.35615,1.35532,1.35573
2025-09-14 20:00:00,1.35507,1.35676,1.35495,1.35528
2025-09-15 00:00:00,1.3553,1.35677,1.35489,1.35651
2025-09-15 04:00:00,1.3565,1.35941,1.35534,1.35821
2025-09-15 08:00:00,1.35819,1.36196,1.35788,1.36152
2025-09-15 12:00:00,1.36154,1.36203,1.35848,1.36071
2025-09-15 16:00:00,1.36073,1.36113,1.35948,1.36093
2025-09-15 20:00:00,1.36094,1.36112,1.35968,1.36012
2025-09-16 00:00:00,1.36011,1.36251,1.35983,1.36175
2025-09-16 04:00:00,1.36174,1.36431,1.36125,1.36283
2025-09-16 08:00:00,1.36284,1.36498,1.36244,1.36433
2025-09-16 12:00:00,1.36431,1.3672,1.36248,1.36531
2025-09-16 16:00:00,1.36532,1.36682,1.36505,1.36513
2025-09-16 20:00:00,1.36512,1.36558,1.36424,1.36527
2025-09-17 00:00:00,1.3653,1.36593,1.36395,1.36431
2025-09-17 04:00:00,1.3643,1.36529,1.36301,1.36349
2025-09-17 08:00:00,1.36348,1.36565,1.36323,1.3647
2025-09-17 12:00:00,1.36471,1.36696,1.36436,1.3659
2025-09-17 16:00:00,1.36591,1.37266,1.3625,1.36374
2025-09-17 20:00:00,1.36373,1.36385,1.36197,1.36295
2025-09-18 00:00:00,1.36294,1.36308,1.36103,1.36209
2025-09-18 04:00:00,1.36208,1.36405,1.35864,1.36333
2025-09-18 08:00:00,1.36332,1.36608,1.3613,1.36218
2025-09-18 12:00:00,1.36219,1.36233,1.35343,1.3548
2025-09-18 16:00:00,1.35481,1.35633,1.35421,1.35487
2025-09-18 20:00:00,1.35486,1.35567,1.35453,1.35549
2025-09-19 00:00:00,1.3555,1.35592,1.35313,1.35507
2025-09-19 04:00:00,1.35509,1.35597,1.34852,1.34912
2025-09-19 08:00:00,1.34911,1.35105,1.34732,1.34776
2025-09-19 12:00:00,1.34775,1.34983,1.34634,1.34824
2025-09-19 16:00:00,1.34825,1.34853,1.34669,1.34726
2025-09-19 20:00:00,1.34725,1.34747,1.34675,1.34705
2025-09-21 20:00:00,1.3472,1.34732,1.34627,1.34629
2025-09-22 00:00:00,1.34628,1.34746,1.34577,1.34624
2025-09-22 04:00:00,1.34621,1.34829,1.34533,1.34787
2025-09-22 08:00:00,1.34786,1.35067,1.34769,1.34981
2025-09-22 12:00:00,1.34982,1.35163,1.34902,1.35024
2025-09-22 16:00:00,1.35025,1.35205,1.35001,1.35162
2025-09-22 20:00:00,1.35161,1.3517,1.3501,1.35142
2025-09-23 00:00:00,1.35141,1.35275,1.35033,1.35158
2025-09-23 04:00:00,1.35157,1.3523,1.35027,1.35202
2025-09-23 08:00:00,1.35204,1.35282,1.34872,1.35146
2025-09-23 12:00:00,1.35147,1.35366,1.35061,1.35166
2025-09-23 16:00:00,1.35168,1.35273,1.35074,1.35252
2025-09-23 20:00:00,1.35253,1.3529,1.35199,1.35243
2025-09-24 00:00:00,1.35244,1.35263,1.35066,1.35071
2025-09-24 04:00:00,1.3507,1.35121,1.34817,1.34847
2025-09-24 08:00:00,1.34846,1.34878,1.34552,1.34576
2025-09-24 12:00:00,1.34575,1.3471,1.34267,1.34473
2025-09-24 16:00:00,1.34474,1.34558,1.34392,1.34464
2025-09-24 20:00:00,1.34463,1.34536,1.34437,1.34495
2025-09-25 00:00:00,1.34492,1.34628,1.34488,1.34616
2025-09-25 04:00:00,1.34617,1.34672,1.34366,1.34378
2025-09-25 08:00:00,1.34377,1.34594,1.3418,1.34216
2025-09-25 12:00:00,1.34217,1.34232,1.33413,1.33485
2025-09-25 16:00:00,1.33486,1.33573,1.33236,1.33368
2025-09-25 20:00:00,1.33367,1.33498,1.33326,1.33354
2025-09-26 00:00:00,1.33353,1.33555,1.33297,1.3354
2025-09-26 04:00:00,1.33539,1.33697,1.33455,1.33527
2025-09-26 08:00:00,1.33526,1.33707,1.33434,1.33504
2025-09-26 12:00:00,1.33503,1.34132,1.33485,1.34015
2025-09-26 16:00:00,1.34027,1.34115,1.33968,1.3408
2025-09-26 20:00:00,1.34079,1.34094,1.33987,1.34012
2025-09-28 20:00:00,1.33998,1.34112,1.3396,1.34076
2025-09-29 00:00:00,1.34075,1.34346,1.34068,1.34322
2025-09-29 04:00:00,1.34321,1.34499,1.34287,1.34465
2025-09-29 08:00:00,1.34466,1.34506,1.34249,1.34475
2025-09-29 12:00:00,1.34476,1.34568,1.34161,1.34323
2025-09-29 16:00:00,1.34324,1.3439,1.34233,1.34361
2025-09-29 20:00:00,1.3436,1.34379,1.34268,1.34351
2025-09-30 00:00:00,1.34349,1.34388,1.34207,1.34355
2025-09-30 04:00:00,1.34354,1.34518,1.34279,1.34469
2025-09-30 08:00:00,1.34468,1.34524,1.34248,1.34372
2025-09-30 12:00:00,1.34373,1.34673,1.34137,1.34431
2025-09-30 16:00:00,1.34432,1.34638,1.34397,1.34491
2025-09-30 20:00:00,1.3449,1.34522,1.34398,1.34427
2025-10-01 00:00:00,1.34425,1.34441,1.34352,1.3441
2025-10-01 04:00:00,1.34412,1.34778,1.34412,1.34673
2025-10-01 08:00:00,1.34674,1.34887,1.34581,1.34821
2025-10-01 12:00:00,1.34813,1.35276,1.34698,1.34729
2025-10-01 16:00:00,1.34709,1.34894,1.34657,1.34799
2025-10-01 20:00:00,1.348,1.34834,1.3472,1.34784
2025-10-02 00:00:00,1.34785,1.34879,1.34676,1.34783
2025-10-02 04:00:00,1.34782,1.35008,1.34691,1.34943
2025-10-02 08:00:00,1.34944,1.35104,1.34709,1.34765
2025-10-02 12:00:00,1.34764,1.34832,1.3401,1.34212
2025-10-02 16:00:00,1.3421,1.34521,1.34204,1.34433
2025-10-02 20:00:00,1.34432,1.34551,1.34347,1.34464
2025-10-03 00:00:00,1.34463,1.34508,1.34334,1.34449
2025-10-03 04:00:00,1.34448,1.34612,1.3429,1.34604
2025-10-03 08:00:00,1.34605,1.34686,1.3442,1.34491
2025-10-03 12:00:00,1.34492,1.34853,1.34373,1.34795
2025-10-03 16:00:00,1.34794,1.34847,1.34631,1.34831
2025-10-03 20:00:00,1.34832,1.34869,1.34768,1.34814
2025-10-05 20:00:00,1.34413,1.34541,1.34235,1.3432
2025-10-06 00:00:00,1.34322,1.34584,1.34279,1.3452
2025-10-06 04:00:00,1.34519,1.34643,1.34308,1.34436
2025-10-06 08:00:00,1.34435,1.34452,1.34166,1.3425
2025-10-06 12:00:00,1.34249,1.34844,1.34234,1.3475
2025-10-06 16:00:00,1.34751,1.34901,1.3466,1.34818
2025-10-06 20:00:00,1.34817,1.3487,1.34794,1.34842
2025-10-07 00:00:00,1.34844,1.34847,1.34728,1.34763
2025-10-07 04:00:00,1.34762,1.34806,1.34289,1.34369
2025-10-07 08:00:00,1.34368,1.34453,1.33923,1.34014
2025-10-07 12:00:00,1.34013,1.34545,1.33939,1.34403
2025-10-07 16:00:00,1.34405,1.3452,1.3416,1.34214
2025-10-07 20:00:00,1.34213,1.34319,1.34187,1.34204
2025-10-08 00:00:00,1.34205,1.34216,1.33905,1.33996
2025-10-08 04:00:00,1.33995,1.34177,1.33844,1.34174
2025-10-08 08:00:00,1.34175,1.34274,1.34005,1.34074
2025-10-08 12:00:00,1.34075,1.34386,1.3387,1.33889
2025-10-08 16:00:00,1.33891,1.34007,1.33713,1.33998
2025-10-08 20:00:00,1.33997,1.34079,1.33894,1.34003
2025-10-09 00:00:00,1.34002,1.34192,1.33993,1.3415
2025-10-09 04:00:00,1.34151,1.34168,1.33494,1.33526
2025-10-09 08:00:00,1.33527,1.33902,1.33428,1.33751
2025-10-09 12:00:00,1.33752,1.3396,1.32912,1.33092
2025-10-09 16:00:00,1.33093,1.3315,1.32799,1.32966
2025-10-09 20:00:00,1.32965,1.33096,1.32931,1.3303
2025-10-10 00:00:00,1.33028,1.3314,1.32962,1.33119
2025-10-10 04:00:00,1.33118,1.33144,1.32794,1.33032
2025-10-10 08:00:00,1.33031,1.3313,1.32616,1.32721
2025-10-10 12:00:00,1.32722,1.33708,1.32687,1.334245
2025-10-10 16:00:00,1.33425,1.33575,1.33317,1.33501
2025-10-10 20:00:00,1.335,1.33628,1.33356,1.33576
2025-10-12 20:00:00,1.33474,1.33543,1.3331,1.33358
2025-10-13 00:00:00,1.33357,1.33632,1.33352,1.33535
2025-10-13 04:00:00,1.33534,1.33663,1.33302,1.3335
2025-10-13 08:00:00,1.33349,1.33526,1.33151,1.3331
2025-10-13 12:00:00,1.33311,1.33399,1.33202,1.33285
2025-10-13 16:00:00,1.33286,1.33405,1.3326,1.33309
2025-10-13 20:00:00,1.3331,1.33413,1.33269,1.33323
2025-10-14 00:00:00,1.33321,1.33501,1.33258,1.33453
2025-10-14 04:00:00,1.33454,1.33525,1.32527,1.3257
2025-10-14 08:00:00,1.32569,1.32842,1.32535,1.32688
2025-10-14 12:00:00,1.32689,1.33191,1.32485,1.33179
2025-10-14 16:00:00,1.33181,1.33323,1.3307,1.33256
2025-10-14 20:00:00,1.33255,1.33272,1.33143,1.33219
2025-10-15 00:00:00,1.33215,1.3354,1.33202,1.33513
2025-10-15 04:00:00,1.33516,1.33736,1.33421,1.33501
2025-10-15 08:00:00,1.335,1.33667,1.33363,1.3352
2025-10-15 12:00:00,1.33521,1.34033,1.3335,1.3394
2025-10-15 16:00:00,1.33941,1.33947,1.33704,1.33935
2025-10-15 20:00:00,1.33934,1.34082,1.33919,1.34034
2025-10-16 00:00:00,1.34033,1.34423,1.34,1.34222
2025-10-16 04:00:00,1.34221,1.34281,1.34042,1.34267
2025-10-16 08:00:00,1.34268,1.34484,1.34217,1.34406
2025-10-16 12:00:00,1.34407,1.34547,1.34119,1.3423
2025-10-16 16:00:00,1.34229,1.34479,1.3415,1.34344
2025-10-16 20:00:00,1.34342,1.34454,1.34311,1.3444
2025-10-17 00:00:00,1.34441,1.34524,1.34312,1.34485
2025-10-17 04:00:00,1.34486,1.34715,1.34247,1.34323
2025-10-17 08:00:00,1.34324,1.34433,1.34113,1.34349
2025-10-17 12:00:00,1.3435,1.34359,1.3391,1.34221
2025-10-17 16:00:00,1.34222,1.34389,1.34109,1.34379
2025-10-17 20:00:00,1.34377,1.34379,1.3421,1.34274
2025-10-19 20:00:00,1.34325,1.3433,1.34236,1.3425
2025-10-20 00:00:00,1.34251,1.34432,1.34219,1.34401
2025-10-20 04:00:00,1.34402,1.3443,1.34058,1.3416
2025-10-20 08:00:00,1.34159,1.34389,1.34001,1.34119
2025-10-20 12:00:00,1.34121,1.34299,1.34021,1.34201
2025-10-20 16:00:00,1.342,1.34237,1.34003,1.34064
2025-10-20 20:00:00,1.34065,1.3415,1.3403,1.34045
2025-10-21 00:00:00,1.34043,1.34162,1.33899,1.33931
2025-10-21 04:00:00,1.3393,1.33973,1.33721,1.33931
2025-10-21 08:00:00,1.33929,1.33946,1.33662,1.33845
2025-10-21 12:00:00,1.33847,1.33942,1.33612,1.33888
2025-10-21 16:00:00,1.33889,1.33983,1.33654,1.33721
2025-10-21 20:00:00,1.33722,1.33773,1.33642,1.33653
2025-10-22 00:00:00,1.33652,1.33803,1.3364,1.33743
2025-10-22 04:00:00,1.33742,1.33871,1.33195,1.33223
2025-10-22 08:00:00,1.33222,1.33334,1.33058,1.33281
2025-10-22 12:00:00,1.33279,1.33746,1.33102,1.33704
2025-10-22 16:00:00,1.33706,1.33764,1.33527,1.33568
2025-10-22 20:00:00,1.33567,1.33621,1.33497,1.33508
2025-10-23 00:00:00,1.33507,1.33507,1.33328,1.33332
2025-10-23 04:00:00,1.33331,1.33571,1.33297,1.33509
2025-10-23 08:00:00,1.33511,1.33554,1.33338,1.33361
2025-10-23 12:00:00,1.33362,1.33503,1.33111,1.33211
2025-10-23 16:00:00,1.33212,1.33268,1.33082,1.33242
2025-10-23 20:00:00,1.33241,1.33302,1.3321,1.33268
2025-10-24 00:00:00,1.33269,1.33324,1.33177,1.33254
2025-10-24 04:00:00,1.33255,1.33335,1.33115,1.33157
2025-10-24 08:00:00,1.33154,1.33266,1.33,1.33061
2025-10-24 12:00:00,1.33062,1.33659,1.32911,1.32963
2025-10-24 16:00:00,1.32962,1.33126,1.32875,1.33119
2025-10-24 20:00:00,1.33121,1.33179,1.33068,1.33112
2025-10-26 20:00:00,1.3325,1.3329,1.33181,1.33217
2025-10-27 00:00:00,1.33216,1.3336,1.33177,1.33218
2025-10-27 04:00:00,1.33219,1.33346,1.33107,1.33157
2025-10-27 08:00:00,1.33156,1.33531,1.33108,1.3348
2025-10-27 12:00:00,1.33481,1.33519,1.33178,1.33291
2025-10-27 16:00:00,1.3329,1.3339,1.33242,1.3335
2025-10-27 20:00:00,1.33351,1.33446,1.33327,1.33405
2025-10-28 00:00:00,1.33406,1.33585,1.33369,1.3356
2025-10-28 04:00:00,1.33561,1.33697,1.33318,1.33363
2025-10-28 08:00:00,1.33362,1.33382,1.33006,1.33085
2025-10-28 12:00:00,1.33088,1.33138,1.32473,1.32772
2025-10-28 16:00:00,1.32773,1.32914,1.32701,1.32731
2025-10-28 20:00:00,1.32732,1.3279,1.32695,1.32785
2025-10-29 00:00:00,1.32786,1.32806,1.32508,1.32525
2025-10-29 04:00:00,1.32526,1.32548,1.32209,1.32282
2025-10-29 08:00:00,1.32281,1.32294,1.31979,1.32178
2025-10-29 12:00:00,1.32179,1.32474,1.31947,1.32415
2025-10-29 16:00:00,1.32414,1.32445,1.31404,1.31942
2025-10-29 20:00:00,1.31944,1.32012,1.31808,1.31948
2025-10-30 00:00:00,1.31947,1.32105,1.31876,1.32026
2025-10-30 04:00:00,1.32028,1.32188,1.31921,1.31978
2025-10-30 08:00:00,1.31979,1.32112,1.31744,1.31784
2025-10-30 12:00:00,1.31785,1.31854,1.31168,1.31464
2025-10-30 16:00:00,1.31463,1.31602,1.31349,1.31445
2025-10-30 20:00:00,1.31447,1.31603,1.31433,1.31588
2025-10-31 00:00:00,1.31587,1.31648,1.31502,1.31518
2025-10-31 04:00:00,1.31517,1.31572,1.31252,1.31454
2025-10-31 08:00:00,1.31455,1.31483,1.3115,1.31287
2025-10-31 12:00:00,1.31286,1.31393,1.30972,1.31385
2025-10-31 16:00:00,1.31386,1.3144,1.31232,1.31364
2025-10-31 20:00:00,1.31364,1.31501,1.3136,1.31489
2025-11-02 20:00:00,1.31324,1.31432,1.31314,1.3134
2025-11-03 00:00:00,1.31341,1.31423,1.31301,1.31392
2025-11-03 04:00:00,1.31393,1.3149,1.31343,1.31382
2025-11-03 08:00:00,1.31381,1.3139,1.31174,1.31279
2025-11-03 12:00:00,1.31281,1.31473,1.31084,1.31463
2025-11-03 16:00:00,1.31465,1.31623,1.31348,1.31378
2025-11-03 20:00:00,1.31379,1.31456,1.31343,1.31346
2025-11-04 00:00:00,1.31345,1.31345,1.31181,1.31281
2025-11-04 04:00:00,1.31282,1.31393,1.31165,1.31212
2025-11-04 08:00:00,1.31211,1.31216,1.30571,1.30588
2025-11-04 12:00:00,1.30587,1.3068,1.30336,1.30461
2025-11-04 16:00:00,1.30463,1.30518,1.30136,1.3015
2025-11-04 20:00:00,1.30151,1.3029,1.30103,1.30212
2025-11-05 00:00:00,1.30211,1.30244,1.30104,1.30201
2025-11-05 04:00:00,1.30203,1.3031,1.30196,1.30271
2025-11-05 08:00:00,1.30273,1.30534,1.3012,1.30353
2025-11-05 12:00:00,1.30355,1.30473,1.30137,1.30415
2025-11-05 16:00:00,1.30414,1.30493,1.30312,1.30451
2025-11-05 20:00:00,1.30452,1.30543,1.30451,1.30522
2025-11-06 00:00:00,1.30521,1.30653,1.30506,1.30636
2025-11-06 04:00:00,1.30637,1.30718,1.30533,1.30629
2025-11-06 08:00:00,1.3063,1.30951,1.30592,1.30916
2025-11-06 12:00:00,1.3092,1.31254,1.30597,1.3102
2025-11-06 16:00:00,1.31022,1.31426,1.30971,1.31321
2025-11-06 20:00:00,1.31323,1.31422,1.31301,1.31401
2025-11-07 00:00:00,1.31403,1.3142,1.31158,1.31189
2025-11-07 04:00:00,1.31188,1.31252,1.31135,1.31251
2025-11-07 08:00:00,1.3125,1.31276,1.3095,1.31207
2025-11-07 12:00:00,1.31206,1.31746,1.31097,1.31515
2025-11-07 16:00:00,1.31516,1.31749,1.31511,1.31579
2025-11-07 20:00:00,1.31578,1.3167,1.31531,1.31643
2025-11-09 20:00:00,1.31595,1.31649,1.31403,1.31415
2025-11-10 00:00:00,1.31416,1.31551,1.31368,1.3147
2025-11-10 04:00:00,1.31471,1.31669,1.31393,1.31571
2025-11-10 08:00:00,1.3157,1.31845,1.3152,1.31761
2025-11-10 12:00:00,1.3176,1.31912,1.31458,1.3148
2025-11-10 16:00:00,1.31479,1.31851,1.31472,1.318
2025-11-10 20:00:00,1.31801,1.31844,1.31716,1.31721
2025-11-11 00:00:00,1.31722,1.31752,1.31579,1.31683
2025-11-11 04:00:00,1.31682,1.3172,1.3121,1.31259
2025-11-11 08:00:00,1.3126,1.31522,1.31166,1.31486
2025-11-11 12:00:00,1.31485,1.31847,1.31392,1.31733
2025-11-11 16:00:00,1.31734,1.31794,1.31652,1.31669
2025-11-11 20:00:00,1.3167,1.31717,1.31477,1.31522
2025-11-12 00:00:00,1.31521,1.31532,1.31354,1.314
2025-11-12 04:00:00,1.31399,1.31491,1.31289,1.31456
2025-11-12 08:00:00,1.31457,1.31555,1.31108,1.31375
2025-11-12 12:00:00,1.31374,1.31401,1.30845,1.31306
2025-11-12 16:00:00,1.31307,1.3144,1.3128,1.31299
2025-11-12 20:00:00,1.31297,1.31344,1.31247,1.31279
2025-11-13 00:00:00,1.3128,1.31288,1.31108,1.31261
2025-11-13 04:00:00,1.3126,1.31435,1.31008,1.31408
2025-11-13 08:00:00,1.31412,1.3171,1.31307,1.31479
2025-11-13 12:00:00,1.3148,1.31991,1.31471,1.31983
2025-11-13 16:00:00,1.31985,1.3216,1.31895,1.319
2025-11-13 20:00:00,1.31903,1.3199,1.3137,1.31528
2025-11-14 00:00:00,1.31529,1.31612,1.31357,1.31458
2025-11-14 04:00:00,1.31457,1.31588,1.31265,1.31467
2025-11-14 08:00:00,1.31469,1.32006,1.31083,1.31383
2025-11-14 12:00:00,1.31384,1.31811,1.31253,1.31393
2025-11-14 16:00:00,1.31394,1.31677,1.31389,1.31649
2025-11-14 20:00:00,1.3165,1.31768,1.31619,1.31744
2025-11-16 20:00:00,1.31613,1.31717,1.31563,1.31592
2025-11-17 00:00:00,1.31591,1.31652,1.31417,1.31452
2025-11-17 04:00:00,1.31451,1.31771,1.31361,1.31755
2025-11-17 08:00:00,1.3176,1.31808,1.31494,1.31805
2025-11-17 12:00:00,1.31804,1.31932,1.31613,1.31774
2025-11-17 16:00:00,1.31772,1.31792,1.31458,1.31465
2025-11-17 20:00:00,1.31464,1.31618,1.31448,1.31554
2025-11-18 00:00:00,1.31553,1.31555,1.31455,1.31492
2025-11-18 04:00:00,1.31491,1.31643,1.31453,1.31503
2025-11-18 08:00:00,1.31504,1.31771,1.31376,1.3141
2025-11-18 12:00:00,1.31409,1.31714,1.31339,1.31443
2025-11-18 16:00:00,1.31441,1.3157,1.31355,1.31551
2025-11-18 20:00:00,1.31552,1.31565,1.31434,1.31472
2025-11-19 00:00:00,1.31473,1.31492,1.31292,1.31402
2025-11-19 04:00:00,1.31403,1.31552,1.3132,1.31423
2025-11-19 08:00:00,1.31424,1.31484,1.30927,1.31271
2025-11-19 12:00:00,1.31272,1.31302,1.30714,1.30798
2025-11-19 16:00:00,1.30799,1.30855,1.30438,1.30458
2025-11-19 20:00:00,1.30457,1.30624,1.30444,1.30601
2025-11-20 00:00:00,1.30602,1.30602,1.30381,1.3047
2025-11-20 04:00:00,1.30471,1.30706,1.30443,1.30694
2025-11-20 08:00:00,1.30695,1.30848,1.30599,1.30643
2025-11-20 12:00:00,1.30646,1.31238,1.30493,1.30947
2025-11-20 16:00:00,1.30948,1.31028,1.3066,1.30873
2025-11-20 20:00:00,1.30873,1.30876,1.3068,1.30843
2025-11-21 00:00:00,1.30799,1.30883,1.30726,1.30868
2025-11-21 04:00:00,1.30867,1.30974,1.3066,1.30813
2025-11-21 08:00:00,1.30812,1.31032,1.30422,1.30453
2025-11-21 12:00:00,1.30451,1.30998,1.30389,1.30852
2025-11-21 16:00:00,1.30851,1.31096,1.30732,1.31027
2025-11-21 20:00:00,1.31028,1.31086,1.30942,1.30973
2025-11-23 20:00:00,1.31024,1.31048,1.30917,1.30961
2025-11-24 00:00:00,1.30962,1.31021,1.30858,1.30979
2025-11-24 04:00:00,1.30978,1.3112,1.30889,1.30903
2025-11-24 08:00:00,1.30904,1.31103,1.30879,1.30913
2025-11-24 12:00:00,1.30912,1.3118,1.30807,1.30984
2025-11-24 16:00:00,1.30983,1.31167,1.3086,1.3109
2025-11-24 20:00:00,1.31091,1.31119,1.31038,1.31059
2025-11-25 00:00:00,1.31058,1.3116,1.30994,1.31001
2025-11-25 04:00:00,1.31002,1.31288,1.30958,1.3122
2025-11-25 08:00:00,1.31221,1.31408,1.31087,1.31122
2025-11-25 12:00:00,1.3112,1.31958,1.31091,1.31769
2025-11-25 16:00:00,1.31768,1.3214,1.31711,1.3212
2025-11-25 20:00:00,1.32119,1.32144,1.31538,1.31582
2025-11-26 00:00:00,1.31584,1.31972,1.31584,1.31963
2025-11-26 04:00:00,1.31962,1.31981,1.31655,1.31792
2025-11-26 08:00:00,1.31793,1.3202,1.31506,1.31728
2025-11-26 12:00:00,1.31722,1.3235,1.31248,1.32259
2025-11-26 16:00:00,1.32261,1.32383,1.32193,1.32346
2025-11-26 20:00:00,1.32343,1.3249,1.32326,1.32448
2025-11-27 00:00:00,1.32445,1.32628,1.32438,1.32558
2025-11-27 04:00:00,1.32559,1.32688,1.32295,1.32388
2025-11-27 08:00:00,1.32389,1.32421,1.32101,1.32298
2025-11-27 12:00:00,1.32299,1.32524,1.32258,1.32512
2025-11-27 16:00:00,1.32511,1.3255,1.32308,1.32372
2025-11-27 20:00:00,1.32371,1.32411,1.32329,1.32403
2025-11-28 00:00:00,1.32404,1.3246,1.32287,1.32369
2025-11-28 04:00:00,1.32376,1.32458,1.32109,1.32134
2025-11-28 08:00:00,1.32128,1.32311,1.31975,1.3202
2025-11-28 12:00:00,1.32021,1.32547,1.32011,1.32513
2025-11-28 16:00:00,1.32512,1.32521,1.32272,1.32459
2025-11-28 20:00:00,1.32458,1.32469,1.32304,1.32329
2025-11-30 20:00:00,1.32235,1.32491,1.32235,1.32391
2025-12-01 00:00:00,1.32393,1.32469,1.32223,1.32308
2025-12-01 04:00:00,1.32309,1.32366,1.32108,1.32204
2025-12-01 08:00:00,1.32203,1.32368,1.32057,1.32337
2025-12-01 12:00:00,1.32338,1.3276,1.32303,1.32521
2025-12-01 16:00:00,1.32523,1.32526,1.32084,1.32128
2025-12-01 20:00:00,1.32125,1.32172,1.3209,1.3209
2025-12-02 00:00:00,1.32091,1.32181,1.32033,1.32172
2025-12-02 04:00:00,1.32173,1.32218,1.3208,1.32154
2025-12-02 08:00:00,1.32155,1.32211,1.31809,1.31987
2025-12-02 12:00:00,1.31986,1.32135,1.31857,1.32011
2025-12-02 16:00:00,1.32012,1.32135,1.31797,1.32099
2025-12-02 20:00:00,1.32102,1.32213,1.32046,1.322
2025-12-03 00:00:00,1.32201,1.32322,1.32176,1.32292
2025-12-03 04:00:00,1.32291,1.32528,1.3227,1.32429
2025-12-03 08:00:00,1.32434,1.32965,1.32376,1.32964
2025-12-03 12:00:00,1.32963,1.33316,1.32925,1.33311
2025-12-03 16:00:00,1.33312,1.33535,1.33288,1.3351
2025-12-03 20:00:00,1.33508,1.335415,1.33452,1.33478
2025-12-04 00:00:00,1.33475,1.33475,1.33277,1.33321
2025-12-04 04:00:00,1.3332,1.33412,1.33317,1.33368
2025-12-04 08:00:00,1.3337,1.33638,1.33338,1.33603
2025-12-04 12:00:00,1.33605,1.33855,1.33218,1.33731
2025-12-04 16:00:00,1.3373,1.33734,1.33361,1.33401
2025-12-04 20:00:00,1.334,1.334,1.33207,1.33222
2025-12-05 00:00:00,1.33223,1.33343,1.33222,1.33271
2025-12-05 04:00:00,1.33273,1.33625,1.33272,1.33531
2025-12-05 08:00:00,1.33532,1.33605,1.33282,1.33402
2025-12-05 12:00:00,1.33401,1.33619,1.33388,1.33428
2025-12-05 16:00:00,1.33429,1.33437,1.33164,1.3334
2025-12-05 20:00:00,1.33341,1.33371,1.33261,1.33331
2025-12-07 20:00:00,1.3329,1.33342,1.33218,1.33258
2025-12-08 00:00:00,1.3326,1.33424,1.33227,1.33372
2025-12-08 04:00:00,1.33371,1.33466,1.33222,1.3325
2025-12-08 08:00:00,1.33251,1.33337,1.33139,1.33178
2025-12-08 12:00:00,1.33179,1.33384,1.33058,1.3312
2025-12-08 16:00:00,1.33122,1.33308,1.33088,1.33268
2025-12-08 20:00:00,1.33269,1.33297,1.331855,1.33271
2025-12-09 00:00:00,1.3327,1.33349,1.33186,1.33284
2025-12-09 04:00:00,1.33283,1.3337,1.33236,1.33283
2025-12-09 08:00:00,1.33284,1.33562,1.33242,1.33289
2025-12-09 12:00:00,1.3329,1.33309,1.32873,1.32968
2025-12-09 16:00:00,1.32969,1.33196,1.32929,1.33018
2025-12-09 20:00:00,1.33017,1.3307,1.32968,1.33029
2025-12-10 00:00:00,1.33031,1.33052,1.32962,1.33028
2025-12-10 04:00:00,1.33029,1.33206,1.33029,1.33205
2025-12-10 08:00:00,1.3314,1.33165,1.33016,1.33103
2025-12-10 12:00:00,1.33104,1.33367,1.33049,1.33209
2025-12-10 16:00:00,1.33207,1.337,1.33156,1.33651
2025-12-10 20:00:00,1.33646,1.33916,1.33598,1.33886
2025-12-11 00:00:00,1.33887,1.33918,1.33662,1.33672
2025-12-11 04:00:00,1.33673,1.33793,1.33596,1.33701
2025-12-11 08:00:00,1.33702,1.33874,1.33547,1.33857
2025-12-11 12:00:00,1.33856,1.34355,1.33789,1.34345
2025-12-11 16:00:00,1.34346,1.34383,1.33898,1.33906
2025-12-11 20:00:00,1.33905,1.3396,1.33826,1.33933
2025-12-12 00:00:00,1.33934,1.33999,1.33896,1.3391
2025-12-12 04:00:00,1.33911,1.3399,1.33747,1.33849
2025-12-12 08:00:00,1.33847,1.33887,1.33677,1.33751
2025-12-12 12:00:00,1.33752,1.33835,1.33525,1.33549
2025-12-12 16:00:00,1.3355,1.33771,1.33424,1.33659
2025-12-12 20:00:00,1.33658,1.33748,1.33642,1.33722
2025-12-14 20:00:00,1.33773,1.33779,1.336,1.33674
2025-12-15 00:00:00,1.33676,1.33743,1.33553,1.33568
2025-12-15 04:00:00,1.33567,1.33703,1.3355,1.33639
2025-12-15 08:00:00,1.33638,1.33899,1.33616,1.33835
2025-12-15 12:00:00,1.33834,1.34017,1.33813,1.33948
2025-12-15 16:00:00,1.33949,1.33956,1.33599,1.33731
2025-12-15 20:00:00,1.3373,1.33811,1.3369,1.33791
2025-12-16 00:00:00,1.33792,1.33834,1.33618,1.33658
2025-12-16 04:00:00,1.33657,1.33785,1.33554,1.33754
2025-12-16 08:00:00,1.33753,1.34313,1.33749,1.3431
2025-12-16 12:00:00,1.34311,1.34561,1.34041,1.34158
2025-12-16 16:00:00,1.34157,1.34404,1.34001,1.34259
2025-12-16 20:00:00,1.34258,1.34359,1.34194,1.34256
2025-12-17 00:00:00,1.34255,1.34269,1.34068,1.34099
2025-12-17 04:00:00,1.34098,1.34099,1.33155,1.33228
2025-12-17 08:00:00,1.33231,1.33363,1.33117,1.33275
2025-12-17 12:00:00,1.33274,1.34004,1.33262,1.33995
2025-12-17 16:00:00,1.33993,1.34069,1.33727,1.33769
2025-12-17 20:00:00,1.3377,1.33842,1.337335,1.33738
2025-12-18 00:00:00,1.33737,1.33791,1.33618,1.33648
2025-12-18 04:00:00,1.33647,1.33752,1.33626,1.33663
2025-12-18 08:00:00,1.33662,1.33734,1.33411,1.33538
2025-12-18 12:00:00,1.33539,1.34466,1.33489,1.33948
2025-12-18 16:00:00,1.33946,1.34054,1.33704,1.33863
2025-12-18 20:00:00,1.33862,1.33898,1.33776,1.33835
2025-12-19 00:00:00,1.33834,1.33868,1.33736,1.3378
2025-12-19 04:00:00,1.33781,1.33858,1.33632,1.33655
2025-12-19 08:00:00,1.33656,1.33879,1.33651,1.33726
2025-12-19 12:00:00,1.33725,1.3387,1.33572,1.33618
2025-12-19 16:00:00,1.33619,1.33918,1.33598,1.33908
2025-12-19 20:00:00,1.33907,1.33942,1.33728,1.33757
2025-12-21 20:00:00,1.33817,1.3385,1.33743,1.33797
2025-12-22 00:00:00,1.338,1.33998,1.33793,1.33931
2025-12-22 04:00:00,1.3393,1.34193,1.33918,1.34139
2025-12-22 08:00:00,1.34137,1.34423,1.34098,1.34388
2025-12-22 12:00:00,1.34387,1.3459,1.34263,1.34541
2025-12-22 16:00:00,1.3454,1.34776,1.34469,1.34586
2025-12-22 20:00:00,1.34587,1.34696,1.34547,1.3468
2025-12-23 00:00:00,1.34679,1.34899,1.34679,1.34891
2025-12-23 04:00:00,1.34893,1.35028,1.34799,1.35017
2025-12-23 08:00:00,1.35015,1.35188,1.34963,1.35036
2025-12-23 12:00:00,1.35035,1.35128,1.34725,1.34838
2025-12-23 16:00:00,1.34837,1.34975,1.34712,1.34971
2025-12-23 20:00:00,1.3497,1.35243,1.34946,1.35132
2025-12-24 00:00:00,1.35133,1.35342,1.35072,1.35163
2025-12-24 04:00:00,1.35164,1.35242,1.35095,1.35107
2025-12-24 08:00:00,1.35106,1.35281,1.35028,1.35143
2025-12-24 12:00:00,1.35144,1.35146,1.34922,1.35071
2025-12-24 16:00:00,1.35069,1.35109,1.34928,1.35013
2025-12-24 20:00:00,1.35014,1.35096,1.34995,1.35094
2025-12-25 20:00:00,1.35092,1.35121,1.35011,1.35083
2025-12-26 00:00:00,1.35082,1.35228,1.3505,1.35058
2025-12-26 04:00:00,1.35055,1.35083,1.348,1.34828
2025-12-26 08:00:00,1.34827,1.34983,1.34774,1.34947
2025-12-26 12:00:00,1.34946,1.35274,1.34887,1.3507
2025-12-26 16:00:00,1.35069,1.35076,1.34821,1.35003
2025-12-26 20:00:00,1.35002,1.35065,1.34927,1.35004
2025-12-28 20:00:00,1.34992,1.35042,1.34883,1.34971
2025-12-29 00:00:00,1.34972,1.3512,1.34971,1.35069
2025-12-29 04:00:00,1.35068,1.3507,1.3482,1.34853
2025-12-29 08:00:00,1.34851,1.35113,1.34737,1.34893
2025-12-29 12:00:00,1.34892,1.35127,1.34693,1.35006
2025-12-29 16:00:00,1.35005,1.35083,1.34816,1.3507
2025-12-29 20:00:00,1.35069,1.35158,1.3502,1.35089
2025-12-30 00:00:00,1.35088,1.35119,1.34979,1.35053
2025-12-30 04:00:00,1.35051,1.35219,1.35008,1.35058
2025-12-30 08:00:00,1.3506,1.35309,1.35032,1.35045
2025-12-30 12:00:00,1.35046,1.35086,1.34498,1.34737
2025-12-30 16:00:00,1.34736,1.34837,1.34624,1.34656
2025-12-30 20:00:00,1.34658,1.34692,1.34614,1.34665
2025-12-31 00:00:00,1.34666,1.34677,1.34586,1.34641
2025-12-31 04:00:00,1.3464,1.34643,1.34515,1.34564
2025-12-31 08:00:00,1.34565,1.34656,1.34261,1.34555
2025-12-31 12:00:00,1.34554,1.34766,1.34018,1.34506
2025-12-31 16:00:00,1.34507,1.34609,1.34378,1.34598
2025-12-31 20:00:00,1.34597,1.34837,1.34597,1.34743
2026-01-01 20:00:00,1.34749,1.34749,1.34707,1.34741
2026-01-02 00:00:00,1.3474,1.34912,1.3472,1.34869
2026-01-02 04:00:00,1.3487,1.34878,1.34578,1.34643
2026-01-02 08:00:00,1.34642,1.34687,1.34343,1.34409
2026-01-02 12:00:00,1.34407,1.35021,1.34363,1.3497
2026-01-02 16:00:00,1.34969,1.34988,1.34464,1.34548
2026-01-02 20:00:00,1.34549,1.3467,1.34496,1.346
2026-01-04 20:00:00,1.34545,1.34602,1.34375,1.34379
2026-01-05 00:00:00,1.34378,1.34488,1.34141,1.3416
2026-01-05 04:00:00,1.34157,1.34372,1.34143,1.34229
2026-01-05 08:00:00,1.34228,1.34712,1.34176,1.34597
2026-01-05 12:00:00,1.34596,1.35041,1.34252,1.35028
2026-01-05 16:00:00,1.35029,1.35459,1.35029,1.35431
2026-01-05 20:00:00,1.35432,1.35482,1.3532,1.35326
2026-01-06 00:00:00,1.35325,1.35623,1.35282,1.35589
2026-01-06 04:00:00,1.35588,1.35678,1.35461,1.35507
2026-01-06 08:00:00,1.35505,1.35668,1.35176,1.35206
2026-01-06 12:00:00,1.35207,1.35346,1.34941,1.35075
2026-01-06 16:00:00,1.35076,1.35121,1.34921,1.35006
2026-01-06 20:00:00,1.35007,1.35062,1.34956,1.34996
2026-01-07 00:00:00,1.34997,1.35169,1.34978,1.35145
2026-01-07 04:00:00,1.35144,1.3517,1.34916,1.34927
2026-01-07 08:00:00,1.34926,1.35057,1.34853,1.35004
2026-01-07 12:00:00,1.35005,1.3503,1.34728,1.34809
2026-01-07 16:00:00,1.34808,1.34862,1.34623,1.34646
2026-01-07 20:00:00,1.34647,1.34681,1.34564,1.34585
2026-01-08 00:00:00,1.34584,1.34654,1.34508,1.34635
2026-01-08 04:00:00,1.34634,1.34635,1.34455,1.34459
2026-01-08 08:00:00,1.34458,1.34506,1.34323,1.34446
2026-01-08 12:00:00,1.34444,1.34476,1.34159,1.34411
2026-01-08 16:00:00,1.34412,1.34442,1.34197,1.34312
2026-01-08 20:00:00,1.34311,1.34454,1.34298,1.3436
2026-01-09 00:00:00,1.34359,1.34377,1.34247,1.34368
2026-01-09 04:00:00,1.34367,1.34381,1.34149,1.34289
2026-01-09 08:00:00,1.34291,1.34343,1.34042,1.34133
2026-01-09 12:00:00,1.34134,1.34511,1.33926,1.3418
2026-01-09 16:00:00,1.34179,1.34229,1.33982,1.34068
2026-01-09 20:00:00,1.34069,1.34099,1.33965,1.34035
2026-01-11 20:00:00,1.34016,1.3406,1.33925,1.33938
2026-01-12 00:00:00,1.33937,1.34411,1.33908,1.34205
2026-01-12 04:00:00,1.34204,1.34469,1.34164,1.34443
2026-01-12 08:00:00,1.34444,1.34748,1.34429,1.34598
2026-01-12 12:00:00,1.34597,1.34859,1.34576,1.34755
2026-01-12 16:00:00,1.34756,1.34775,1.34555,1.3466
2026-01-12 20:00:00,1.34661,1.34703,1.34619,1.34661
2026-01-13 00:00:00,1.3466,1.3478,1.34627,1.34705
2026-01-13 04:00:00,1.34704,1.34771,1.34626,1.34672
2026-01-13 08:00:00,1.34671,1.34856,1.34635,1.34727
2026-01-13 12:00:00,1.34725,1.34946,1.34352,1.34421
2026-01-13 16:00:00,1.3442,1.34453,1.34242,1.3435
2026-01-13 20:00:00,1.34351,1.34363,1.34205,1.34258
2026-01-14 00:00:00,1.34257,1.34482,1.34199,1.3445
2026-01-14 04:00:00,1.34449,1.34497,1.34347,1.34396
2026-01-14 08:00:00,1.34395,1.34589,1.34373,1.34494
2026-01-14 12:00:00,1.34493,1.34642,1.3439,1.34562
2026-01-14 16:00:00,1.34561,1.34586,1.34248,1.34311
2026-01-14 20:00:00,1.34312,1.34476,1.343,1.34401
2026-01-15 00:00:00,1.344,1.34401,1.3426,1.34277
2026-01-15 04:00:00,1.34278,1.34433,1.34233,1.34348
2026-01-15 08:00:00,1.34346,1.34454,1.3416,1.34183
2026-01-15 12:00:00,1.34182,1.34208,1.33629,1.33862
2026-01-15 16:00:00,1.33861,1.33941,1.33799,1.33859
2026-01-15 20:00:00,1.33858,1.33861,1.33746,1.33812
2026-01-16 00:00:00,1.33811,1.33911,1.33707,1.33909
2026-01-16 04:00:00,1.3391,1.33922,1.33772,1.33908
2026-01-16 08:00:00,1.33907,1.34132,1.33898,1.34078
2026-01-16 12:00:00,1.34077,1.34101,1.33664,1.33781
2026-01-16 16:00:00,1.3378,1.33902,1.33738,1.33818
2026-01-16 20:00:00,1.33819,1.33863,1.33744,1.33785
2026-01-18 20:00:00,1.33547,1.34072,1.33428,1.34022
2026-01-19 00:00:00,1.34021,1.34091,1.33815,1.33884
2026-01-19 04:00:00,1.33885,1.34102,1.33845,1.33891
2026-01-19 08:00:00,1.33893,1.34157,1.33872,1.34085
2026-01-19 12:00:00,1.34086,1.34287,1.3405,1.34219
2026-01-19 16:00:00,1.3422,1.34354,1.34208,1.3426
2026-01-19 20:00:00,1.34259,1.34294,1.34166,1.34191
2026-01-20 00:00:00,1.34192,1.34399,1.34101,1.34352
2026-01-20 04:00:00,1.34353,1.34827,1.34259,1.34748
2026-01-20 08:00:00,1.34751,1.34917,1.34595,1.34633
2026-01-20 12:00:00,1.34634,1.34793,1.34396,1.34571
2026-01-20 16:00:00,1.3457,1.34757,1.34269,1.34278
2026-01-20 20:00:00,1.34277,1.34502,1.34254,1.34405
2026-01-21 00:00:00,1.34403,1.34566,1.34334,1.34404
2026-01-21 04:00:00,1.34405,1.34465,1.34296,1.3443
2026-01-21 08:00:00,1.34429,1.34479,1.34015,1.34096
2026-01-21 12:00:00,1.34097,1.34593,1.34017,1.34273
2026-01-21 16:00:00,1.34271,1.34408,1.34098,1.34256
2026-01-21 20:00:00,1.34255,1.34342,1.34126,1.3418
2026-01-22 00:00:00,1.34181,1.34355,1.3417,1.34325
2026-01-22 04:00:00,1.34324,1.34395,1.34205,1.34315
2026-01-22 08:00:00,1.34314,1.34527,1.34015,1.34207
2026-01-22 12:00:00,1.34206,1.34849,1.34087,1.34777
2026-01-22 16:00:00,1.34776,1.35024,1.3474,1.34909
2026-01-22 20:00:00,1.34908,1.35089,1.34885,1.34996
2026-01-23 00:00:00,1.34995,1.35046,1.34887,1.34904
2026-01-23 04:00:00,1.34905,1.35123,1.3483,1.34925
2026-01-23 08:00:00,1.34924,1.35368,1.34826,1.35179
2026-01-23 12:00:00,1.35181,1.35676,1.35179,1.35645
2026-01-23 16:00:00,1.35646,1.36294,1.35611,1.36237
2026-01-23 20:00:00,1.36238,1.36459,1.36218,1.36424
2026-01-25 20:00:00,1.36647,1.36819,1.36549,1.36647
2026-01-26 00:00:00,1.36648,1.36798,1.36434,1.36599
2026-01-26 04:00:00,1.36601,1.36763,1.36447,1.36468
2026-01-26 08:00:00,1.36466,1.36772,1.36431,1.36662
2026-01-26 12:00:00,1.36661,1.37129,1.36434,1.37078
2026-01-26 16:00:00,1.37077,1.37132,1.3676,1.36824
2026-01-26 20:00:00,1.36825,1.36868,1.36738,1.3675
2026-01-27 00:00:00,1.36749,1.37008,1.36704,1.36832
2026-01-27 04:00:00,1.36831,1.36903,1.36703,1.36745
2026-01-27 08:00:00,1.36743,1.37123,1.36641,1.37108
2026-01-27 12:00:00,1.37105,1.37912,1.37082,1.37517
2026-01-27 16:00:00,1.37516,1.37911,1.37511,1.37835
2026-01-27 20:00:00,1.37833,1.38698,1.37763,1.38268
2026-01-28 00:00:00,1.38269,1.38313,1.37921,1.37999
2026-01-28 04:00:00,1.38002,1.38312,1.37892,1.38014
2026-01-28 08:00:00,1.38015,1.38113,1.37679,1.37698
2026-01-28 12:00:00,1.37699,1.38014,1.37498,1.37899
2026-01-28 16:00:00,1.37898,1.37966,1.37527,1.37934
2026-01-28 20:00:00,1.37933,1.38303,1.37864,1.38273
2026-01-29 00:00:00,1.38271,1.38351,1.37934,1.3833
2026-01-29 04:00:00,1.38332,1.38481,1.38241,1.38318
2026-01-29 08:00:00,1.38317,1.38464,1.37808,1.37943
2026-01-29 12:00:00,1.37944,1.3834,1.37425,1.37638
2026-01-29 16:00:00,1.37634,1.38075,1.37601,1.37934
2026-01-29 20:00:00,1.37933,1.38148,1.37886,1.38082
2026-01-30 00:00:00,1.38083,1.38144,1.37318,1.37532
2026-01-30 04:00:00,1.37531,1.37832,1.37405,1.37697
2026-01-30 08:00:00,1.377,1.37804,1.37254,1.37792
2026-01-30 12:00:00,1.3779,1.37879,1.37102,1.37199
2026-01-30 16:00:00,1.37198,1.37293,1.36807,1.36982
2026-01-30 20:00:00,1.36979,1.36982,1.36795,1.36847
2026-02-01 20:00:00,1.36899,1.36981,1.36624,1.36762
2026-02-02 00:00:00,1.36763,1.3706,1.36763,1.36844
2026-02-02 04:00:00,1.36845,1.36889,1.36607,1.36798
2026-02-02 08:00:00,1.36796,1.37153,1.36784,1.37003
2026-02-02 12:00:00,1.37002,1.37068,1.36269,1.36281
2026-02-02 16:00:00,1.36282,1.36628,1.36232,1.36593
2026-02-02 20:00:00,1.36594,1.36731,1.36539,1.36731
2026-02-03 00:00:00,1.3673,1.36889,1.36712,1.36849
2026-02-03 04:00:00,1.3685,1.37067,1.36833,1.36971
2026-02-03 08:00:00,1.36969,1.36998,1.36507,1.36508
2026-02-03 12:00:00,1.36507,1.37044,1.36507,1.37033
2026-02-03 16:00:00,1.37032,1.37074,1.36733,1.3688
2026-02-03 20:00:00,1.36882,1.37023,1.36842,1.36972
2026-02-04 00:00:00,1.36971,1.37127,1.36913,1.37043
2026-02-04 04:00:00,1.37044,1.37219,1.37032,1.37159
2026-02-04 08:00:00,1.37157,1.37333,1.36951,1.37091
2026-02-04 12:00:00,1.3709,1.37291,1.36613,1.36642
2026-02-04 16:00:00,1.36641,1.36725,1.36425,1.36632
2026-02-04 20:00:00,1.36631,1.36638,1.36434,1.36461
2026-02-05 00:00:00,1.36462,1.3654,1.36192,1.36251
2026-02-05 04:00:00,1.36252,1.36296,1.36068,1.36203
2026-02-05 08:00:00,1.36201,1.36328,1.35569,1.36127
2026-02-05 12:00:00,1.36133,1.36134,1.35217,1.35283
2026-02-05 16:00:00,1.35282,1.35574,1.35177,1.35491
2026-02-05 20:00:00,1.35492,1.3552,1.35207,1.35212
2026-02-06 00:00:00,1.35213,1.35502,1.35086,1.35464
2026-02-06 04:00:00,1.35465,1.35788,1.35454,1.35666
2026-02-06 08:00:00,1.35667,1.35923,1.35584,1.35843
2026-02-06 12:00:00,1.3584,1.36155,1.35819,1.36145
2026-02-06 16:00:00,1.36144,1.36234,1.3602,1.36163
2026-02-06 20:00:00,1.36162,1.36222,1.36064,1.36106
2026-02-08 20:00:00,1.35977,1.36118,1.35882,1.36099
2026-02-09 00:00:00,1.361,1.36205,1.35909,1.35992
2026-02-09 04:00:00,1.35991,1.36289,1.35885,1.3595
2026-02-09 08:00:00,1.36008,1.36455,1.35867,1.36375
2026-02-09 12:00:00,1.36374,1.36877,1.36217,1.36779
2026-02-09 16:00:00,1.3678,1.37004,1.36626,1.36972
2026-02-09 20:00:00,1.36971,1.37002,1.3682,1.36827
2026-02-10 00:00:00,1.36826,1.36962,1.36723,1.36855
2026-02-10 04:00:00,1.36854,1.36866,1.36675,1.36723
2026-02-10 08:00:00,1.36725,1.36845,1.3658,1.36633
2026-02-10 12:00:00,1.36635,1.36968,1.36535,1.36741
2026-02-10 16:00:00,1.36742,1.36744,1.36403,1.36568
2026-02-10 20:00:00,1.36566,1.36575,1.36317,1.36329
2026-02-11 00:00:00,1.36328,1.3668,1.36319,1.36654
2026-02-11 04:00:00,1.36652,1.3678,1.36582,1.36743
2026-02-11 08:00:00,1.36744,1.37125,1.36691,1.36914
2026-02-11 12:00:00,1.36915,1.36923,1.36097,1.36336
2026-02-11 16:00:00,1.36338,1.36677,1.36285,1.36328
2026-02-11 20:00:00,1.36329,1.36348,1.3619,1.3623
2026-02-12 00:00:00,1.36231,1.36423,1.36157,1.36319
2026-02-12 04:00:00,1.36318,1.36359,1.36047,1.36328
2026-02-12 08:00:00,1.3633,1.3654,1.3627,1.36494
2026-02-12 12:00:00,1.36495,1.36716,1.36221,1.3654
2026-02-12 16:00:00,1.36541,1.36579,1.36051,1.36241
2026-02-12 20:00:00,1.36239,1.36291,1.36149,1.36187
2026-02-13 00:00:00,1.36186,1.36241,1.36122,1.36153
2026-02-13 04:00:00,1.36152,1.36173,1.35913,1.36146
2026-02-13 08:00:00,1.36142,1.36298,1.36012,1.36031
2026-02-13 12:00:00,1.3603,1.36474,1.3599,1.36129
2026-02-13 16:00:00,1.3613,1.36595,1.3607,1.36432
2026-02-13 20:00:00,1.36433,1.36601,1.36413,1.36553
2026-02-15 20:00:00,1.36484,1.36518,1.36431,1.36473
2026-02-16 00:00:00,1.36472,1.36484,1.36372,1.36418
2026-02-16 04:00:00,1.36419,1.36511,1.36356,1.3644
2026-02-16 08:00:00,1.36441,1.36621,1.36402,1.3644
2026-02-16 12:00:00,1.36484,1.36514,1.36279,1.36328
2026-02-16 16:00:00,1.36329,1.36352,1.3626,1.36324
2026-02-16 20:00:00,1.36323,1.363585,1.362295,1.36273
2026-02-17 00:00:00,1.362735,1.362935,1.360615,1.361285
2026-02-17 04:00:00,1.36129,1.361495,1.355245,1.356285
2026-02-17 08:00:00,1.35629,1.36062,1.355975,1.356495
2026-02-17 12:00:00,1.35649,1.357155,1.349585,1.350315
2026-02-17 16:00:00,1.350305,1.356305,1.350275,1.356145
2026-02-17 20:00:00,1.35614,1.35728,1.355515,1.356305
2026-02-18 00:00:00,1.356315,1.356635,1.355195,1.355335
2026-02-18 04:00:00,1.355345,1.357765,1.355005,1.356145
2026-02-18 08:00:00,1.356155,1.358215,1.355715,1.357365
2026-02-18 12:00:00,1.35737,1.35816,1.353305,1.354585
2026-02-18 16:00:00,1.35459,1.355755,1.349725,1.35001
2026-02-18 20:00:00,1.350005,1.350485,1.34906,1.34951
2026-02-19 00:00:00,1.349515,1.35002,1.348825,1.349095
2026-02-19 04:00:00,1.3491,1.35122,1.348075,1.35103
2026-02-19 08:00:00,1.351035,1.351695,1.346555,1.346625
2026-02-19 12:00:00,1.346615,1.347415,1.34341,1.345425
2026-02-19 16:00:00,1.345415,1.346615,1.343875,1.345165
2026-02-19 20:00:00,1.345175,1.34735,1.345175,1.346
2026-02-20 00:00:00,1.346005,1.346405,1.343505,1.344245
2026-02-20 04:00:00,1.344255,1.346715,1.34375,1.344595
2026-02-20 08:00:00,1.34459,1.348285,1.343635,1.347045
2026-02-20 12:00:00,1.347035,1.351515,1.346085,1.350075
2026-02-20 16:00:00,1.350085,1.351475,1.347495,1.348575
2026-02-20 20:00:00,1.34858,1.349715,1.347725,1.348165
2026-02-22 20:00:00,1.349055,1.353355,1.348245,1.35324
2026-02-23 00:00:00,1.35326,1.35328,1.35105,1.351775
2026-02-23 04:00:00,1.35178,1.353515,1.351265,1.352605
2026-02-23 08:00:00,1.35262,1.35286,1.348655,1.349105
2026-02-23 12:00:00,1.349095,1.352515,1.347585,1.34949
2026-02-23 16:00:00,1.34948,1.3515,1.348475,1.348945
2026-02-23 20:00:00,1.34894,1.35003,1.3488,1.349585
2026-02-24 00:00:00,1.34958,1.350145,1.347805,1.348845
2026-02-24 04:00:00,1.348835,1.3492,1.347345,1.34785
2026-02-24 08:00:00,1.347845,1.35063,1.347015,1.348645
2026-02-24 12:00:00,1.348635,1.35247,1.34767,1.35146
2026-02-24 16:00:00,1.351465,1.353655,1.350075,1.350165
2026-02-24 20:00:00,1.350185,1.350885,1.34877,1.349575
2026-02-25 00:00:00,1.34958,1.352155,1.349155,1.35129
2026-02-25 04:00:00,1.351295,1.353015,1.351085,1.352665
2026-02-25 08:00:00,1.35266,1.353395,1.349125,1.35054
2026-02-25 12:00:00,1.350535,1.35373,1.350345,1.353385
2026-02-25 16:00:00,1.35338,1.35661,1.353205,1.355055
2026-02-25 20:00:00,1.355045,1.356165,1.354975,1.355765
2026-02-26 00:00:00,1.355775,1.357535,1.355355,1.355595
2026-02-26 04:00:00,1.355605,1.356265,1.354455,1.354665
2026-02-26 08:00:00,1.354685,1.354755,1.351925,1.352925
2026-02-26 12:00:00,1.35292,1.355675,1.349755,1.351455
2026-02-26 16:00:00,1.35145,1.35155,1.344545,1.348745
2026-02-26 20:00:00,1.34875,1.34934,1.348025,1.349155
2026-02-27 00:00:00,1.34916,1.34959,1.34767,1.349175
2026-02-27 04:00:00,1.34917,1.350135,1.34618,1.348815
2026-02-27 08:00:00,1.348825,1.350815,1.34654,1.346645
2026-02-27 12:00:00,1.34665,1.347935,1.343985,1.34438
2026-02-27 16:00:00,1.344375,1.348305,1.344115,1.348105
2026-02-27 20:00:00,1.348095,1.349075,1.34709,1.348795
2026-03-01 20:00:00,1.340815,1.343605,1.340265,1.34053
2026-03-02 00:00:00,1.340515,1.345605,1.340075,1.344765
2026-03-02 04:00:00,1.344755,1.34509,1.334445,1.335385
2026-03-02 08:00:00,1.33668,1.342655,1.33145,1.341205
2026-03-02 12:00:00,1.341195,1.342565,1.336555,1.337185
2026-03-02 16:00:00,1.33719,1.343195,1.335965,1.342845
2026-03-02 20:00:00,1.34285,1.342985,1.338625,1.340835
2026-03-03 00:00:00,1.34083,1.342525,1.339215,1.339945
2026-03-03 04:00:00,1.339955,1.340325,1.333385,1.333585
2026-03-03 08:00:00,1.333575,1.33374,1.326275,1.32932
2026-03-03 12:00:00,1.329315,1.332765,1.325315,1.330195
2026-03-03 16:00:00,1.33019,1.33686,1.329735,1.33557
2026-03-03 20:00:00,1.335585,1.336995,1.334595,1.33515
2026-03-04 00:00:00,1.33518,1.335265,1.330355,1.3339
2026-03-04 04:00:00,1.33391,1.33765,1.33056,1.335955
2026-03-04 08:00:00,1.335965,1.340345,1.333275,1.337825
2026-03-04 12:00:00,1.33784,1.33891,1.334865,1.336465
2026-03-04 16:00:00,1.336475,1.337725,1.334635,1.337455
2026-03-04 20:00:00,1.337465,1.33807,1.33662,1.336935
2026-03-05 00:00:00,1.33693,1.33872,1.3338,1.334125
2026-03-05 04:00:00,1.33412,1.335785,1.330615,1.334195
2026-03-05 08:00:00,1.334185,1.337685,1.331545,1.335915
2026-03-05 12:00:00,1.33591,1.337385,1.330955,1.332295
2026-03-05 16:00:00,1.33229,1.334,1.329755,1.331995
2026-03-05 20:00:00,1.332005,1.336565,1.331865,1.335595
2026-03-06 00:00:00,1.335605,1.337325,1.335465,1.337175
2026-03-06 04:00:00,1.33718,1.337235,1.335245,1.336945
2026-03-06 08:00:00,1.336955,1.337955,1.33179,1.331855
2026-03-06 12:00:00,1.331865,1.338915,1.331165,1.33592
2026-03-06 16:00:00,1.335915,1.340965,1.33591,1.338675
2026-03-06 20:00:00,1.33868,1.341195,1.337875,1.341145
2026-03-08 20:00:00,1.333935,1.335665,1.330015,1.330525
2026-03-09 00:00:00,1.33053,1.33177,1.328305,1.32953
2026-03-09 04:00:00,1.329535,1.33474,1.329375,1.334465
2026-03-09 08:00:00,1.334475,1.336355,1.33026,1.334775
2026-03-09 12:00:00,1.33477,1.340085,1.334565,1.339265
2026-03-09 16:00:00,1.339275,1.344585,1.338205,1.342935
2026-03-09 20:00:00,1.34296,1.344885,1.342055,1.342415
2026-03-10 00:00:00,1.342395,1.344445,1.341385,1.34166
2026-03-10 04:00:00,1.341655,1.34804,1.341415,1.34776
2026-03-10 08:00:00,1.347745,1.348345,1.343865,1.34444
2026-03-10 12:00:00,1.344455,1.347295,1.343045,1.345785
2026-03-10 16:00:00,1.34579,1.348125,1.34121,1.341845
2026-03-10 20:00:00,1.34185,1.342275,1.341135,1.341965
2026-03-11 00:00:00,1.341975,1.34533,1.341465,1.345215
2026-03-11 04:00:00,1.345195,1.34576,1.342935,1.343505
2026-03-11 08:00:00,1.343525,1.344965,1.340205,1.342795
2026-03-11 12:00:00,1.342805,1.344355,1.339355,1.33978
2026-03-11 16:00:00,1.339765,1.34224,1.339455,1.341865
2026-03-11 20:00:00,1.341855,1.341865,1.337625,1.33825
2026-03-12 00:00:00,1.338245,1.33973,1.336555,1.33717
2026-03-12 04:00:00,1.337175,1.33924,1.336135,1.33924
2026-03-12 08:00:00,1.339245,1.340975,1.33704,1.33977
2026-03-12 12:00:00,1.339775,1.339875,1.333935,1.334825
2026-03-12 16:00:00,1.334835,1.336575,1.333815,1.334785
2026-03-12 20:00:00,1.3348,1.33558,1.334075,1.33518
2026-03-13 00:00:00,1.33517,1.33697,1.33399,1.33466
2026-03-13 04:00:00,1.33464,1.33464,1.32743,1.32799
2026-03-13 08:00:00,1.32801,1.32807,1.32456,1.32549
2026-03-13 12:00:00,1.32548,1.32895,1.32305,1.32386
2026-03-13 16:00:00,1.32384,1.32531,1.3225,1.32272
2026-03-13 20:00:00,1.32271,1.32287,1.32188,1.32204
2026-03-15 20:00:00,1.32409,1.32484,1.32256,1.32466
2026-03-16 00:00:00,1.32465,1.32662,1.32462,1.32616
2026-03-16 04:00:00,1.32615,1.32625,1.32306,1.32437
2026-03-16 08:00:00,1.32439,1.32842,1.32345,1.32798
2026-03-16 12:00:00,1.32797,1.33176,1.32771,1.33024
2026-03-16 16:00:00,1.33023,1.33398,1.32889,1.33264
2026-03-16 20:00:00,1.33265,1.33284,1.33084,1.33128
2026-03-17 00:00:00,1.33127,1.33147,1.32956,1.33023
2026-03-17 04:00:00,1.33022,1.33156,1.32737,1.33054
2026-03-17 08:00:00,1.33055,1.33398,1.32992,1.33175
2026-03-17 12:00:00,1.33177,1.33603,1.33117,1.33429
2026-03-17 16:00:00,1.33428,1.33647,1.33335,1.3354
2026-03-17 20:00:00,1.33541,1.33624,1.33517,1.33577
2026-03-18 00:00:00,1.33579,1.33638,1.33504,1.33588
2026-03-18 04:00:00,1.33589,1.33747,1.33482,1.33551
2026-03-18 08:00:00,1.33552,1.33714,1.33414,1.336
2026-03-18 12:00:00,1.33599,1.33631,1.33029,1.33224
2026-03-18 16:00:00,1.33223,1.33508,1.32741,1.32774
2026-03-18 20:00:00,1.32773,1.32793,1.32513,1.32644
2026-03-19 00:00:00,1.32645,1.32983,1.32635,1.3282
2026-03-19 04:00:00,1.32819,1.32819,1.32518,1.32636
2026-03-19 08:00:00,1.32635,1.32938,1.32462,1.329
2026-03-19 12:00:00,1.32929,1.33899,1.32784,1.33589
2026-03-19 16:00:00,1.3359,1.34674,1.33537,1.34306
2026-03-19 20:00:00,1.34308,1.34425,1.34165,1.34245
2026-03-20 00:00:00,1.34246,1.34294,1.34039,1.3404
2026-03-20 04:00:00,1.34041,1.34312,1.33982,1.34271
2026-03-20 08:00:00,1.34272,1.34368,1.33636,1.33944
2026-03-20 12:00:00,1.33945,1.34097,1.32989,1.33018
2026-03-20 16:00:00,1.33017,1.33536,1.33009,1.33338
2026-03-20 20:00:00,1.33337,1.33461,1.33325,1.33399
2026-03-22 20:00:00,1.33115,1.33355,1.3304,1.33346
2026-03-23 00:00:00,1.33347,1.33432,1.33093,1.33149
2026-03-23 04:00:00,1.3315,1.33271,1.32817,1.32897
2026-03-23 08:00:00,1.32898,1.34344,1.32571,1.3357
2026-03-23 12:00:00,1.33567,1.34794,1.33432,1.33849
2026-03-23 16:00:00,1.33848,1.34582,1.33777,1.34316
2026-03-23 20:00:00,1.34315,1.3439,1.34228,1.3426
2026-03-24 00:00:00,1.34259,1.34269,1.33866,1.33985
2026-03-24 04:00:00,1.33984,1.34458,1.3386,1.3431
2026-03-24 08:00:00,1.34309,1.34311,1.33804,1.33968
2026-03-24 12:00:00,1.33969,1.34254,1.33652,1.33812
2026-03-24 16:00:00,1.3381,1.33955,1.33523,1.33828
2026-03-24 20:00:00,1.33826,1.34322,1.33802,1.34153
2026-03-25 00:00:00,1.34155,1.34362,1.33977,1.33989
2026-03-25 04:00:00,1.3399,1.34001,1.33702,1.33908
2026-03-25 08:00:00,1.33909,1.34245,1.33876,1.34154
2026-03-25 12:00:00,1.34155,1.34272,1.33589,1.33715
2026-03-25 16:00:00,1.33714,1.33928,1.33591,1.33665
2026-03-25 20:00:00,1.33664,1.33715,1.33583,1.33634
2026-03-26 00:00:00,1.33631,1.33673,1.33487,1.33652
2026-03-26 04:00:00,1.3365,1.33679,1.33465,1.33501
2026-03-26 08:00:00,1.33503,1.33618,1.33263,1.33265
2026-03-26 12:00:00,1.33266,1.33784,1.33219,1.33508
2026-03-26 16:00:00,1.33509,1.33528,1.3313,1.33135
2026-03-26 20:00:00,1.33134,1.33686,1.33104,1.33348
2026-03-27 00:00:00,1.33347,1.33469,1.33222,1.33407
2026-03-27 04:00:00,1.33406,1.33475,1.33119,1.33135
2026-03-27 08:00:00,1.33134,1.3321,1.32826,1.32833
2026-03-27 12:00:00,1.32831,1.33326,1.32722,1.32912
2026-03-27 16:00:00,1.32911,1.32979,1.32602,1.3272
2026-03-27 20:00:00,1.32719,1.32766,1.32621,1.32622
2026-03-29 20:00:00,1.32616,1.32712,1.32341,1.32379
2026-03-30 00:00:00,1.32381,1.32726,1.32327,1.32717
2026-03-30 04:00:00,1.32717,1.32826,1.32416,1.32456
2026-03-30 08:00:00,1.32457,1.32538,1.32246,1.32312
2026-03-30 12:00:00,1.32313,1.32374,1.3174,1.31902
2026-03-30 16:00:00,1.31898,1.31973,1.31743,1.31852
2026-03-30 20:00:00,1.31852,1.31891,1.31693,1.31724
2026-03-31 00:00:00,1.31723,1.32244,1.31595,1.32001
2026-03-31 04:00:00,1.32002,1.32123,1.3191,1.32051
2026-03-31 08:00:00,1.32052,1.32352,1.31921,1.32346
2026-03-31 12:00:00,1.32349,1.32487,1.32291,1.32457
