date,ticker,close,high,low,open
2021-04-05 00:00:00+00:00,audusd,0.76155,0.762005,0.761505,0.761955
2021-04-05 00:15:00+00:00,audusd,0.76179,0.761855,0.76145,0.76154
2021-04-05 00:30:00+00:00,audusd,0.761935,0.76226,0.761435,0.761785
2021-04-05 00:45:00+00:00,audusd,0.76204,0.76231,0.76177,0.76194
2021-04-05 01:00:00+00:00,audusd,0.76185,0.76219,0.76184,0.762035
2021-04-05 01:15:00+00:00,audusd,0.761795,0.762085,0.76173,0.761855
2021-04-05 01:30:00+00:00,audusd,0.76198,0.7621,0.761715,0.76179
2021-04-05 01:45:00+00:00,audusd,0.76209,0.76253,0.76188,0.761975
2021-04-05 02:00:00+00:00,audusd,0.762135,0.76229,0.762,0.762085
2021-04-05 02:15:00+00:00,audusd,0.762215,0.76237,0.76194,0.76213
2021-04-05 02:30:00+00:00,audusd,0.76205,0.76227,0.76195,0.7622
2021-04-05 02:45:00+00:00,audusd,0.76206,0.76223,0.76196,0.762055
2021-04-05 03:00:00+00:00,audusd,0.762105,0.762175,0.76194,0.76205
2021-04-05 03:15:00+00:00,audusd,0.762325,0.762395,0.76208,0.7621
2021-04-05 03:30:00+00:00,audusd,0.76201,0.762395,0.76199,0.76232
2021-04-05 03:45:00+00:00,audusd,0.76216,0.76219,0.761895,0.762005
2021-04-05 04:00:00+00:00,audusd,0.76181,0.76217,0.7618,0.762165
2021-04-05 04:15:00+00:00,audusd,0.76156,0.761805,0.76152,0.761805
2021-04-05 04:30:00+00:00,audusd,0.761495,0.76167,0.761405,0.76155
2021-04-05 04:45:00+00:00,audusd,0.76129,0.76155,0.76128,0.76149
2021-04-05 05:00:00+00:00,audusd,0.76126,0.761415,0.76115,0.761285
2021-04-05 05:15:00+00:00,audusd,0.76142,0.761465,0.76119,0.761255
2021-04-05 05:30:00+00:00,audusd,0.76117,0.761415,0.761155,0.76141
2021-04-05 05:45:00+00:00,audusd,0.76047,0.76133,0.76046,0.761165
2021-04-05 06:00:00+00:00,audusd,0.76029,0.76057,0.76006,0.760465
2021-04-05 06:15:00+00:00,audusd,0.76052,0.76071,0.76028,0.760295
2021-04-05 06:30:00+00:00,audusd,0.76064,0.76071,0.76038,0.76051
2021-04-05 06:45:00+00:00,audusd,0.76054,0.76077,0.760425,0.760635
2021-04-05 07:00:00+00:00,audusd,0.76033,0.76063,0.759855,0.76053
2021-04-05 07:15:00+00:00,audusd,0.76099,0.76102,0.76015,0.760325
2021-04-05 07:30:00+00:00,audusd,0.761125,0.76118,0.76076,0.761
2021-04-05 07:45:00+00:00,audusd,0.76147,0.76148,0.760835,0.76113
2021-04-05 08:00:00+00:00,audusd,0.762075,0.76213,0.76136,0.761475
2021-04-05 08:15:00+00:00,audusd,0.76227,0.76237,0.761975,0.76207
2021-04-05 08:30:00+00:00,audusd,0.76233,0.76255,0.76205,0.76226
2021-04-05 08:45:00+00:00,audusd,0.76234,0.762435,0.76214,0.76234
2021-04-05 09:00:00+00:00,audusd,0.76218,0.76238,0.762,0.76235
2021-04-05 09:15:00+00:00,audusd,0.76188,0.76231,0.76188,0.76219
2021-04-05 09:30:00+00:00,audusd,0.76207,0.76216,0.76189,0.76189
2021-04-05 09:45:00+00:00,audusd,0.76193,0.762115,0.76181,0.76208
2021-04-05 10:00:00+00:00,audusd,0.76201,0.762055,0.761695,0.76194
2021-04-05 10:15:00+00:00,audusd,0.76243,0.76255,0.76202,0.76202
2021-04-05 10:30:00+00:00,audusd,0.76237,0.7625,0.762175,0.76244
2021-04-05 10:45:00+00:00,audusd,0.76232,0.76243,0.76219,0.76238
2021-04-05 11:00:00+00:00,audusd,0.76275,0.762785,0.76226,0.762325
2021-04-05 11:15:00+00:00,audusd,0.762745,0.76289,0.76259,0.762755
2021-04-05 11:30:00+00:00,audusd,0.76266,0.76298,0.76257,0.76275
2021-04-05 11:45:00+00:00,audusd,0.76272,0.762785,0.762565,0.762665
2021-04-05 12:00:00+00:00,audusd,0.7629,0.76294,0.762565,0.762725
2021-04-05 12:15:00+00:00,audusd,0.762795,0.76311,0.762715,0.76289
2021-04-05 12:30:00+00:00,audusd,0.76364,0.76391,0.76272,0.76279
2021-04-05 12:45:00+00:00,audusd,0.763615,0.763935,0.76342,0.76365
2021-04-05 13:00:00+00:00,audusd,0.76358,0.764,0.7633,0.76361
2021-04-05 13:15:00+00:00,audusd,0.76358,0.76371,0.763415,0.763575
2021-04-05 13:30:00+00:00,audusd,0.7639,0.76413,0.76356,0.76357
2021-04-05 13:45:00+00:00,audusd,0.76433,0.76495,0.763905,0.763905
2021-04-05 14:00:00+00:00,audusd,0.76504,0.765245,0.764275,0.764325
2021-04-05 14:15:00+00:00,audusd,0.76574,0.76586,0.76504,0.765045
2021-04-05 14:30:00+00:00,audusd,0.76551,0.76606,0.76535,0.765745
2021-04-05 14:45:00+00:00,audusd,0.764745,0.76566,0.76463,0.765515
2021-04-05 15:00:00+00:00,audusd,0.7651,0.76523,0.76442,0.76474
2021-04-05 15:15:00+00:00,audusd,0.765335,0.76558,0.765,0.765095
2021-04-05 15:30:00+00:00,audusd,0.76555,0.76559,0.76526,0.76533
2021-04-05 15:45:00+00:00,audusd,0.76565,0.76566,0.76547,0.76556
2021-04-05 16:00:00+00:00,audusd,0.7655,0.765705,0.76547,0.765655
2021-04-05 16:15:00+00:00,audusd,0.76572,0.76575,0.76546,0.765495
2021-04-05 16:30:00+00:00,audusd,0.765505,0.76575,0.76543,0.765725
2021-04-05 16:45:00+00:00,audusd,0.7655,0.7657,0.76541,0.76551
2021-04-05 17:00:00+00:00,audusd,0.76524,0.765505,0.765055,0.765505
2021-04-05 17:15:00+00:00,audusd,0.765345,0.7655,0.7652,0.765245
2021-04-05 17:30:00+00:00,audusd,0.76533,0.76543,0.76519,0.76535
2021-04-05 17:45:00+00:00,audusd,0.76549,0.7655,0.76526,0.765325
2021-04-05 18:00:00+00:00,audusd,0.76545,0.76551,0.76529,0.765495
2021-04-05 18:15:00+00:00,audusd,0.7654,0.76558,0.76535,0.76546
2021-04-05 18:30:00+00:00,audusd,0.7652,0.76545,0.76517,0.765395
2021-04-05 18:45:00+00:00,audusd,0.76537,0.76541,0.765085,0.765205
2021-04-05 19:00:00+00:00,audusd,0.7651,0.76541,0.765,0.765365
2021-04-05 19:15:00+00:00,audusd,0.76504,0.765145,0.76493,0.765105
2021-04-05 19:30:00+00:00,audusd,0.76511,0.76515,0.76491,0.76505
2021-04-05 19:45:00+00:00,audusd,0.76515,0.76521,0.765025,0.765105
2021-04-05 20:00:00+00:00,audusd,0.76512,0.76524,0.765075,0.765155
2021-04-05 20:15:00+00:00,audusd,0.76495,0.7652,0.76493,0.765125
2021-04-05 20:30:00+00:00,audusd,0.765135,0.76514,0.764955,0.764955
2021-04-05 20:45:00+00:00,audusd,0.76512,0.76545,0.76506,0.76513
2021-04-05 21:00:00+00:00,audusd,0.76492,0.76512,0.76488,0.764935
2021-04-05 21:15:00+00:00,audusd,0.765115,0.7652,0.76484,0.76484
2021-04-05 21:30:00+00:00,audusd,0.765375,0.76541,0.76514,0.76514
2021-04-05 21:45:00+00:00,audusd,0.76525,0.76541,0.76494,0.76537
2021-04-05 22:00:00+00:00,audusd,0.76539,0.76551,0.76512,0.765255
2021-04-05 22:15:00+00:00,audusd,0.76541,0.76541,0.76527,0.765395
2021-04-05 22:30:00+00:00,audusd,0.7654,0.765465,0.76506,0.765415
2021-04-05 22:45:00+00:00,audusd,0.76577,0.76586,0.76535,0.76541
2021-04-05 23:00:00+00:00,audusd,0.7657,0.76588,0.76557,0.76578
2021-04-05 23:15:00+00:00,audusd,0.7658,0.76595,0.76568,0.765695
2021-04-05 23:30:00+00:00,audusd,0.76576,0.76605,0.765705,0.765795
2021-04-05 23:45:00+00:00,audusd,0.76574,0.76585,0.765465,0.765755
2021-04-06 00:00:00+00:00,audusd,0.76585,0.7661,0.76566,0.76573
2021-04-06 00:15:00+00:00,audusd,0.76562,0.76588,0.76551,0.765845
2021-04-06 00:30:00+00:00,audusd,0.76507,0.76574,0.76507,0.76563
2021-04-06 00:45:00+00:00,audusd,0.765475,0.76556,0.76507,0.765075
2021-04-06 01:00:00+00:00,audusd,0.76519,0.76594,0.765125,0.76547
2021-04-06 01:15:00+00:00,audusd,0.76514,0.76535,0.76504,0.76518
2021-04-06 01:30:00+00:00,audusd,0.76494,0.76532,0.764935,0.765135
2021-04-06 01:45:00+00:00,audusd,0.76475,0.765325,0.76463,0.76495
2021-04-06 02:00:00+00:00,audusd,0.76476,0.76487,0.76455,0.76474
2021-04-06 02:15:00+00:00,audusd,0.76442,0.76492,0.764155,0.764765
2021-04-06 02:30:00+00:00,audusd,0.76429,0.76446,0.76413,0.764415
2021-04-06 02:45:00+00:00,audusd,0.764055,0.764285,0.763965,0.764285
2021-04-06 03:00:00+00:00,audusd,0.763815,0.764155,0.76362,0.76406
2021-04-06 03:15:00+00:00,audusd,0.76366,0.76382,0.76357,0.76382
2021-04-06 03:30:00+00:00,audusd,0.7632,0.763665,0.76317,0.763665
2021-04-06 03:45:00+00:00,audusd,0.763315,0.76356,0.76308,0.76319
2021-04-06 04:00:00+00:00,audusd,0.76363,0.76371,0.76329,0.76332
2021-04-06 04:15:00+00:00,audusd,0.76411,0.76421,0.76361,0.763625
2021-04-06 04:30:00+00:00,audusd,0.76472,0.76499,0.76404,0.764095
2021-04-06 04:45:00+00:00,audusd,0.76389,0.764725,0.76374,0.764725
2021-04-06 05:00:00+00:00,audusd,0.76445,0.76458,0.76372,0.7639
2021-04-06 05:15:00+00:00,audusd,0.76485,0.76495,0.76438,0.764455
2021-04-06 05:30:00+00:00,audusd,0.76448,0.76488,0.76425,0.76486
2021-04-06 05:45:00+00:00,audusd,0.764665,0.76489,0.76439,0.764475
2021-04-06 06:00:00+00:00,audusd,0.76529,0.76529,0.76463,0.76467
2021-04-06 06:15:00+00:00,audusd,0.76543,0.76561,0.76525,0.765285
2021-04-06 06:30:00+00:00,audusd,0.76423,0.76542,0.76423,0.76542
2021-04-06 06:45:00+00:00,audusd,0.76345,0.764305,0.76313,0.764235
2021-04-06 07:00:00+00:00,audusd,0.76265,0.76349,0.76234,0.763445
2021-04-06 07:15:00+00:00,audusd,0.76305,0.76332,0.762545,0.76265
2021-04-06 07:30:00+00:00,audusd,0.76327,0.76348,0.76274,0.763045
2021-04-06 07:45:00+00:00,audusd,0.76347,0.76353,0.763105,0.76328
2021-04-06 08:00:00+00:00,audusd,0.763025,0.76348,0.762955,0.763465
2021-04-06 08:15:00+00:00,audusd,0.76239,0.763025,0.762265,0.76302
2021-04-06 08:30:00+00:00,audusd,0.76223,0.76274,0.76197,0.7624
2021-04-06 08:45:00+00:00,audusd,0.76276,0.763055,0.76218,0.762235
2021-04-06 09:00:00+00:00,audusd,0.76274,0.76298,0.762325,0.762765
2021-04-06 09:15:00+00:00,audusd,0.76159,0.76286,0.761585,0.762735
2021-04-06 09:30:00+00:00,audusd,0.7614,0.76177,0.76116,0.761585
2021-04-06 09:45:00+00:00,audusd,0.76129,0.76181,0.7607,0.761395
2021-04-06 10:00:00+00:00,audusd,0.76133,0.76158,0.76105,0.761285
2021-04-06 10:15:00+00:00,audusd,0.76111,0.761335,0.76095,0.761335
2021-04-06 10:30:00+00:00,audusd,0.761365,0.76145,0.7606,0.7611
2021-04-06 10:45:00+00:00,audusd,0.761455,0.76157,0.76129,0.76136
2021-04-06 11:00:00+00:00,audusd,0.76153,0.76183,0.76141,0.76145
2021-04-06 11:15:00+00:00,audusd,0.76219,0.76219,0.761475,0.761535
2021-04-06 11:30:00+00:00,audusd,0.76222,0.7624,0.76194,0.762185
2021-04-06 11:45:00+00:00,audusd,0.76256,0.76265,0.7619,0.762225
2021-04-06 12:00:00+00:00,audusd,0.762995,0.76315,0.7623,0.76255
2021-04-06 12:15:00+00:00,audusd,0.76362,0.76364,0.76287,0.76299
2021-04-06 12:30:00+00:00,audusd,0.7638,0.76428,0.76343,0.763625
2021-04-06 12:45:00+00:00,audusd,0.76368,0.76429,0.76338,0.76379
2021-04-06 13:00:00+00:00,audusd,0.76352,0.76382,0.76316,0.763675
2021-04-06 13:15:00+00:00,audusd,0.763625,0.76412,0.76337,0.763515
2021-04-06 13:30:00+00:00,audusd,0.76428,0.76434,0.76362,0.76362
2021-04-06 13:45:00+00:00,audusd,0.76437,0.76458,0.76398,0.76429
2021-04-06 14:00:00+00:00,audusd,0.76414,0.76463,0.763965,0.76438
2021-04-06 14:15:00+00:00,audusd,0.764175,0.76459,0.76377,0.764135
2021-04-06 14:30:00+00:00,audusd,0.76462,0.76467,0.76409,0.76417
2021-04-06 14:45:00+00:00,audusd,0.765745,0.76618,0.76446,0.76463
2021-04-06 15:00:00+00:00,audusd,0.76584,0.76601,0.76545,0.76573
2021-04-06 15:15:00+00:00,audusd,0.76572,0.76599,0.76557,0.765835
2021-04-06 15:30:00+00:00,audusd,0.76599,0.76606,0.76555,0.76571
2021-04-06 15:45:00+00:00,audusd,0.76594,0.76623,0.76575,0.765985
2021-04-06 16:00:00+00:00,audusd,0.765765,0.76604,0.76555,0.765945
2021-04-06 16:15:00+00:00,audusd,0.76595,0.766065,0.76569,0.76577
2021-04-06 16:30:00+00:00,audusd,0.76625,0.76634,0.765955,0.765955
2021-04-06 16:45:00+00:00,audusd,0.76619,0.76635,0.76613,0.766255
2021-04-06 17:00:00+00:00,audusd,0.76609,0.76633,0.76604,0.76618
2021-04-06 17:15:00+00:00,audusd,0.76534,0.76621,0.7652,0.766085
2021-04-06 17:30:00+00:00,audusd,0.76509,0.76544,0.76504,0.765345
2021-04-06 17:45:00+00:00,audusd,0.76565,0.76574,0.76503,0.765085
2021-04-06 18:00:00+00:00,audusd,0.76605,0.76616,0.76551,0.765645
2021-04-06 18:15:00+00:00,audusd,0.766345,0.7665,0.765975,0.766045
2021-04-06 18:30:00+00:00,audusd,0.766425,0.76652,0.766105,0.76635
2021-04-06 18:45:00+00:00,audusd,0.766445,0.766725,0.76626,0.76643
2021-04-06 19:00:00+00:00,audusd,0.76629,0.76654,0.766045,0.76645
2021-04-06 19:15:00+00:00,audusd,0.76644,0.76652,0.76617,0.766285
2021-04-06 19:30:00+00:00,audusd,0.76612,0.76645,0.766105,0.76643
2021-04-06 19:45:00+00:00,audusd,0.76651,0.766525,0.765845,0.766125
2021-04-06 20:00:00+00:00,audusd,0.76666,0.76669,0.76649,0.7665
2021-04-06 20:15:00+00:00,audusd,0.76678,0.76685,0.76666,0.76667
2021-04-06 20:30:00+00:00,audusd,0.766625,0.76679,0.766625,0.766785
2021-04-06 20:45:00+00:00,audusd,0.76636,0.76669,0.76629,0.76662
2021-04-06 21:00:00+00:00,audusd,0.76643,0.76643,0.76632,0.76636
2021-04-06 21:15:00+00:00,audusd,0.76643,0.76647,0.7663,0.7663
2021-04-06 21:30:00+00:00,audusd,0.76642,0.7666,0.765755,0.76644
2021-04-06 21:45:00+00:00,audusd,0.76619,0.76643,0.76614,0.766415
2021-04-06 22:00:00+00:00,audusd,0.76632,0.76646,0.76618,0.766195
2021-04-06 22:15:00+00:00,audusd,0.766335,0.76659,0.76624,0.76633
2021-04-06 22:30:00+00:00,audusd,0.766175,0.76644,0.76608,0.76634
2021-04-06 22:45:00+00:00,audusd,0.765745,0.76617,0.765735,0.76617
2021-04-06 23:00:00+00:00,audusd,0.76597,0.76606,0.765685,0.76574
2021-04-06 23:15:00+00:00,audusd,0.76611,0.76618,0.76595,0.765975
2021-04-06 23:30:00+00:00,audusd,0.76636,0.76641,0.76604,0.76612
2021-04-06 23:45:00+00:00,audusd,0.76664,0.76677,0.76637,0.76637
2021-04-07 00:00:00+00:00,audusd,0.76609,0.76669,0.76598,0.766635
2021-04-07 00:15:00+00:00,audusd,0.76635,0.766505,0.76604,0.766095
2021-04-07 00:30:00+00:00,audusd,0.76666,0.7667,0.76607,0.76634
2021-04-07 00:45:00+00:00,audusd,0.76704,0.7673,0.7665,0.766655
2021-04-07 01:00:00+00:00,audusd,0.76758,0.76771,0.76702,0.767035
2021-04-07 01:15:00+00:00,audusd,0.76722,0.767695,0.76694,0.76757
2021-04-07 01:30:00+00:00,audusd,0.76687,0.76752,0.76685,0.767225
2021-04-07 01:45:00+00:00,audusd,0.76635,0.76696,0.76634,0.76686
2021-04-07 02:00:00+00:00,audusd,0.76597,0.766715,0.76595,0.766355
2021-04-07 02:15:00+00:00,audusd,0.76546,0.76607,0.76546,0.765965
2021-04-07 02:30:00+00:00,audusd,0.765785,0.76592,0.7654,0.76548
2021-04-07 02:45:00+00:00,audusd,0.76515,0.76578,0.76513,0.76578
2021-04-07 03:00:00+00:00,audusd,0.76568,0.7658,0.76506,0.76514
2021-04-07 03:15:00+00:00,audusd,0.76557,0.76577,0.76535,0.765675
2021-04-07 03:30:00+00:00,audusd,0.76541,0.76572,0.76525,0.76558
2021-04-07 03:45:00+00:00,audusd,0.765275,0.76552,0.76517,0.765405
2021-04-07 04:00:00+00:00,audusd,0.76534,0.76555,0.765105,0.76527
2021-04-07 04:15:00+00:00,audusd,0.765355,0.76544,0.76519,0.76535
2021-04-07 04:30:00+00:00,audusd,0.76557,0.76563,0.76524,0.76535
2021-04-07 04:45:00+00:00,audusd,0.765615,0.76567,0.76553,0.765575
2021-04-07 05:00:00+00:00,audusd,0.76584,0.765935,0.76557,0.76562
2021-04-07 05:15:00+00:00,audusd,0.765575,0.76588,0.76536,0.765845
2021-04-07 05:30:00+00:00,audusd,0.76542,0.76563,0.76533,0.76558
2021-04-07 05:45:00+00:00,audusd,0.76566,0.7658,0.76516,0.765415
2021-04-07 06:00:00+00:00,audusd,0.764965,0.766355,0.76472,0.765665
2021-04-07 06:15:00+00:00,audusd,0.764645,0.76502,0.7642,0.76497
2021-04-07 06:30:00+00:00,audusd,0.76469,0.76498,0.76423,0.76464
2021-04-07 06:45:00+00:00,audusd,0.76405,0.765,0.76388,0.7647
2021-04-07 07:00:00+00:00,audusd,0.7638,0.76467,0.76357,0.764045
2021-04-07 07:15:00+00:00,audusd,0.763675,0.76417,0.76344,0.763795
2021-04-07 07:30:00+00:00,audusd,0.76333,0.76405,0.76322,0.76367
2021-04-07 07:45:00+00:00,audusd,0.76372,0.76383,0.76319,0.763325
2021-04-07 08:00:00+00:00,audusd,0.76294,0.76374,0.76291,0.76371
2021-04-07 08:15:00+00:00,audusd,0.762815,0.76294,0.76209,0.762935
2021-04-07 08:30:00+00:00,audusd,0.7633,0.76363,0.762715,0.76282
2021-04-07 08:45:00+00:00,audusd,0.763655,0.7638,0.76325,0.763295
2021-04-07 09:00:00+00:00,audusd,0.76309,0.76374,0.763085,0.76366
2021-04-07 09:15:00+00:00,audusd,0.7629,0.76314,0.76241,0.76308
2021-04-07 09:30:00+00:00,audusd,0.7623,0.76303,0.76223,0.762905
2021-04-07 09:45:00+00:00,audusd,0.7624,0.7626,0.76216,0.76229
2021-04-07 10:00:00+00:00,audusd,0.76302,0.76303,0.76204,0.762395
2021-04-07 10:15:00+00:00,audusd,0.76269,0.76303,0.76252,0.76301
2021-04-07 10:30:00+00:00,audusd,0.76263,0.76311,0.76244,0.762695
2021-04-07 10:45:00+00:00,audusd,0.762785,0.76307,0.76256,0.762625
2021-04-07 11:00:00+00:00,audusd,0.76282,0.76291,0.76249,0.76279
2021-04-07 11:15:00+00:00,audusd,0.76332,0.763435,0.76272,0.76281
2021-04-07 11:30:00+00:00,audusd,0.763675,0.763675,0.76312,0.76331
2021-04-07 11:45:00+00:00,audusd,0.763,0.76382,0.7627,0.76368
2021-04-07 12:00:00+00:00,audusd,0.76267,0.762995,0.762465,0.762995
2021-04-07 12:15:00+00:00,audusd,0.76182,0.762675,0.761615,0.762675
2021-04-07 12:30:00+00:00,audusd,0.76178,0.76213,0.76149,0.761815
2021-04-07 12:45:00+00:00,audusd,0.76169,0.76198,0.761475,0.76177
2021-04-07 13:00:00+00:00,audusd,0.76159,0.761975,0.76147,0.761695
2021-04-07 13:15:00+00:00,audusd,0.76243,0.76268,0.76125,0.761585
2021-04-07 13:30:00+00:00,audusd,0.76196,0.76268,0.76146,0.762425
2021-04-07 13:45:00+00:00,audusd,0.7623,0.762715,0.76173,0.761955
2021-04-07 14:00:00+00:00,audusd,0.76275,0.76316,0.76192,0.762295
2021-04-07 14:15:00+00:00,audusd,0.76344,0.76379,0.76246,0.76276
2021-04-07 14:30:00+00:00,audusd,0.763815,0.76389,0.76299,0.763435
2021-04-07 14:45:00+00:00,audusd,0.76451,0.76452,0.763465,0.76381
2021-04-07 15:00:00+00:00,audusd,0.76438,0.76458,0.76379,0.7645
2021-04-07 15:15:00+00:00,audusd,0.7632,0.764465,0.76292,0.764385
2021-04-07 15:30:00+00:00,audusd,0.76211,0.763195,0.762015,0.763195
2021-04-07 15:45:00+00:00,audusd,0.762575,0.76263,0.76202,0.762115
2021-04-07 16:00:00+00:00,audusd,0.76274,0.7628,0.76238,0.76258
2021-04-07 16:15:00+00:00,audusd,0.76203,0.76277,0.76201,0.762735
2021-04-07 16:30:00+00:00,audusd,0.76209,0.762185,0.76185,0.762025
2021-04-07 16:45:00+00:00,audusd,0.76183,0.76244,0.76179,0.762095
2021-04-07 17:00:00+00:00,audusd,0.76169,0.76186,0.76144,0.76182
2021-04-07 17:15:00+00:00,audusd,0.761645,0.76198,0.761635,0.76168
2021-04-07 17:30:00+00:00,audusd,0.76193,0.76204,0.76162,0.76165
2021-04-07 17:45:00+00:00,audusd,0.76188,0.762,0.761735,0.761935
2021-04-07 18:00:00+00:00,audusd,0.76214,0.76218,0.76161,0.761875
2021-04-07 18:15:00+00:00,audusd,0.76123,0.76222,0.761075,0.76215
2021-04-07 18:30:00+00:00,audusd,0.760935,0.76129,0.76075,0.761235
2021-04-07 18:45:00+00:00,audusd,0.76055,0.76095,0.7604,0.76093
2021-04-07 19:00:00+00:00,audusd,0.760705,0.760855,0.76042,0.760545
2021-04-07 19:15:00+00:00,audusd,0.76039,0.76071,0.76028,0.7607
2021-04-07 19:30:00+00:00,audusd,0.76049,0.76054,0.76008,0.760395
2021-04-07 19:45:00+00:00,audusd,0.7609,0.76092,0.76049,0.760495
2021-04-07 20:00:00+00:00,audusd,0.761365,0.76144,0.76088,0.760895
2021-04-07 20:15:00+00:00,audusd,0.76103,0.76149,0.76099,0.76136
2021-04-07 20:30:00+00:00,audusd,0.76125,0.76127,0.76097,0.761025
2021-04-07 20:45:00+00:00,audusd,0.76138,0.761395,0.76118,0.761255
2021-04-07 21:00:00+00:00,audusd,0.76085,0.761865,0.76085,0.761235
2021-04-07 21:15:00+00:00,audusd,0.76093,0.76106,0.76081,0.76088
2021-04-07 21:30:00+00:00,audusd,0.76102,0.76113,0.76087,0.760925
2021-04-07 21:45:00+00:00,audusd,0.76098,0.76113,0.76073,0.76103
2021-04-07 22:00:00+00:00,audusd,0.761225,0.76123,0.76093,0.760985
2021-04-07 22:15:00+00:00,audusd,0.76131,0.76135,0.76123,0.76123
2021-04-07 22:30:00+00:00,audusd,0.76134,0.76144,0.76121,0.761315
2021-04-07 22:45:00+00:00,audusd,0.76101,0.761485,0.761,0.761345
2021-04-07 23:00:00+00:00,audusd,0.76093,0.761235,0.76083,0.761005
2021-04-07 23:15:00+00:00,audusd,0.76112,0.76113,0.760855,0.760935
2021-04-07 23:30:00+00:00,audusd,0.76137,0.76148,0.76103,0.761125
2021-04-07 23:45:00+00:00,audusd,0.76136,0.76162,0.761275,0.76136
2021-04-08 00:00:00+00:00,audusd,0.76147,0.76154,0.76093,0.76137
2021-04-08 00:15:00+00:00,audusd,0.7615,0.76154,0.761095,0.761475
2021-04-08 00:30:00+00:00,audusd,0.761365,0.76165,0.76134,0.761495
2021-04-08 00:45:00+00:00,audusd,0.76125,0.76175,0.76122,0.76137
2021-04-08 01:00:00+00:00,audusd,0.7608,0.761295,0.76072,0.761245
2021-04-08 01:15:00+00:00,audusd,0.76077,0.76084,0.76029,0.76081
2021-04-08 01:30:00+00:00,audusd,0.76131,0.76136,0.76065,0.760775
2021-04-08 01:45:00+00:00,audusd,0.76099,0.76148,0.76084,0.761305
2021-04-08 02:00:00+00:00,audusd,0.76116,0.76118,0.76073,0.760995
2021-04-08 02:15:00+00:00,audusd,0.760965,0.76118,0.76063,0.761165
2021-04-08 02:30:00+00:00,audusd,0.7612,0.76124,0.7607,0.76097
2021-04-08 02:45:00+00:00,audusd,0.76168,0.7617,0.76095,0.76121
2021-04-08 03:00:00+00:00,audusd,0.76212,0.76215,0.761685,0.761685
2021-04-08 03:15:00+00:00,audusd,0.76224,0.76241,0.76205,0.76211
2021-04-08 03:30:00+00:00,audusd,0.76204,0.76235,0.762,0.762245
2021-04-08 03:45:00+00:00,audusd,0.76196,0.76223,0.76188,0.762035
2021-04-08 04:00:00+00:00,audusd,0.76219,0.76229,0.76185,0.76194
2021-04-08 04:15:00+00:00,audusd,0.76239,0.76245,0.76212,0.7622
2021-04-08 04:30:00+00:00,audusd,0.76234,0.76241,0.76208,0.762395
2021-04-08 04:45:00+00:00,audusd,0.76285,0.76285,0.76233,0.762335
2021-04-08 05:00:00+00:00,audusd,0.7631,0.76355,0.76285,0.762855
2021-04-08 05:15:00+00:00,audusd,0.76343,0.7635,0.7631,0.76311
2021-04-08 05:30:00+00:00,audusd,0.7637,0.76391,0.7634,0.763435
2021-04-08 05:45:00+00:00,audusd,0.76369,0.76391,0.76351,0.76371
2021-04-08 06:00:00+00:00,audusd,0.763725,0.7638,0.76345,0.763685
2021-04-08 06:15:00+00:00,audusd,0.76337,0.7638,0.76312,0.76373
2021-04-08 06:30:00+00:00,audusd,0.76319,0.7634,0.76289,0.763375
2021-04-08 06:45:00+00:00,audusd,0.76373,0.76373,0.76302,0.7632
2021-04-08 07:00:00+00:00,audusd,0.76452,0.764845,0.76352,0.76372
2021-04-08 07:15:00+00:00,audusd,0.76409,0.76477,0.764005,0.76453
2021-04-08 07:30:00+00:00,audusd,0.76387,0.76424,0.76382,0.764085
2021-04-08 07:45:00+00:00,audusd,0.763615,0.763915,0.76336,0.763865
2021-04-08 08:00:00+00:00,audusd,0.76276,0.7637,0.76274,0.76361
2021-04-08 08:15:00+00:00,audusd,0.763,0.76334,0.762705,0.762765
2021-04-08 08:30:00+00:00,audusd,0.7628,0.76328,0.76255,0.76301
2021-04-08 08:45:00+00:00,audusd,0.762905,0.76295,0.76235,0.76279
2021-04-08 09:00:00+00:00,audusd,0.76292,0.76311,0.76273,0.76291
2021-04-08 09:15:00+00:00,audusd,0.76256,0.76293,0.76244,0.76293
2021-04-08 09:30:00+00:00,audusd,0.7631,0.76316,0.76253,0.762565
2021-04-08 09:45:00+00:00,audusd,0.76292,0.763195,0.7629,0.763095
2021-04-08 10:00:00+00:00,audusd,0.76371,0.76372,0.76275,0.76291
2021-04-08 10:15:00+00:00,audusd,0.76388,0.76399,0.76348,0.763715
2021-04-08 10:30:00+00:00,audusd,0.76385,0.76406,0.76369,0.763885
2021-04-08 10:45:00+00:00,audusd,0.76337,0.76392,0.76335,0.763845
2021-04-08 11:00:00+00:00,audusd,0.76364,0.7637,0.763165,0.76336
2021-04-08 11:15:00+00:00,audusd,0.76399,0.764075,0.76353,0.763635
2021-04-08 11:30:00+00:00,audusd,0.76428,0.76446,0.76381,0.763985
2021-04-08 11:45:00+00:00,audusd,0.764735,0.76479,0.76418,0.764285
2021-04-08 12:00:00+00:00,audusd,0.76408,0.76474,0.76403,0.76474
2021-04-08 12:15:00+00:00,audusd,0.764205,0.76451,0.76405,0.76409
2021-04-08 12:30:00+00:00,audusd,0.764165,0.7647,0.76413,0.76421
2021-04-08 12:45:00+00:00,audusd,0.76445,0.76445,0.76388,0.76416
2021-04-08 13:15:00+00:00,audusd,0.76427,0.7643,0.76424,0.76427
2021-04-08 13:30:00+00:00,audusd,0.764165,0.764325,0.763595,0.76427
2021-04-08 13:45:00+00:00,audusd,0.76442,0.76498,0.76389,0.76417
2021-04-08 14:00:00+00:00,audusd,0.76406,0.76489,0.76394,0.764425
2021-04-08 14:15:00+00:00,audusd,0.76412,0.76459,0.763885,0.764055
2021-04-08 14:30:00+00:00,audusd,0.76404,0.76442,0.76366,0.764115
2021-04-08 14:45:00+00:00,audusd,0.76373,0.76415,0.76325,0.764045
2021-04-08 15:00:00+00:00,audusd,0.76392,0.764015,0.76351,0.763725
2021-04-08 15:15:00+00:00,audusd,0.76377,0.763915,0.76321,0.763915
2021-04-08 15:30:00+00:00,audusd,0.76386,0.76396,0.76366,0.763775
2021-04-08 15:45:00+00:00,audusd,0.76396,0.76418,0.76385,0.763865
2021-04-08 16:00:00+00:00,audusd,0.7648,0.7648,0.76387,0.76395
2021-04-08 16:15:00+00:00,audusd,0.76578,0.7658,0.764785,0.76481
2021-04-08 16:30:00+00:00,audusd,0.76561,0.76606,0.765605,0.765785
2021-04-08 16:45:00+00:00,audusd,0.7652,0.765665,0.7652,0.765605
2021-04-08 17:00:00+00:00,audusd,0.76522,0.76537,0.76507,0.765195
2021-04-08 17:15:00+00:00,audusd,0.76536,0.76538,0.7651,0.76521
2021-04-08 17:30:00+00:00,audusd,0.76511,0.76556,0.76511,0.765355
2021-04-08 17:45:00+00:00,audusd,0.76496,0.76516,0.76495,0.76512
2021-04-08 18:00:00+00:00,audusd,0.76494,0.765015,0.764815,0.76499
2021-04-08 18:15:00+00:00,audusd,0.764955,0.76506,0.7649,0.764945
2021-04-08 18:30:00+00:00,audusd,0.76502,0.76521,0.764915,0.76496
2021-04-08 18:45:00+00:00,audusd,0.76509,0.76511,0.76489,0.765015
2021-04-08 19:00:00+00:00,audusd,0.76506,0.765125,0.76492,0.765085
2021-04-08 19:15:00+00:00,audusd,0.7653,0.76546,0.765065,0.765065
2021-04-08 19:30:00+00:00,audusd,0.765115,0.76532,0.76507,0.765305
2021-04-08 19:45:00+00:00,audusd,0.76515,0.76531,0.76511,0.76511
2021-04-08 20:00:00+00:00,audusd,0.765555,0.76565,0.76504,0.76514
2021-04-08 20:15:00+00:00,audusd,0.7656,0.76563,0.7655,0.76555
2021-04-08 20:30:00+00:00,audusd,0.76546,0.76562,0.76545,0.76561
2021-04-08 20:45:00+00:00,audusd,0.765245,0.7656,0.76524,0.765455
2021-04-08 21:00:00+00:00,audusd,0.76528,0.76569,0.76484,0.76525
2021-04-08 21:15:00+00:00,audusd,0.76525,0.76534,0.76514,0.76525
2021-04-08 21:30:00+00:00,audusd,0.765185,0.76532,0.76515,0.76524
2021-04-08 21:45:00+00:00,audusd,0.76519,0.765255,0.76514,0.76518
2021-04-08 22:00:00+00:00,audusd,0.76514,0.76535,0.76505,0.76518
2021-04-08 22:15:00+00:00,audusd,0.76468,0.76523,0.76467,0.765145
2021-04-08 22:30:00+00:00,audusd,0.76499,0.765185,0.76462,0.764675
2021-04-08 22:45:00+00:00,audusd,0.76529,0.76545,0.76497,0.764995
2021-04-08 23:00:00+00:00,audusd,0.76561,0.76577,0.76521,0.76528
2021-04-08 23:15:00+00:00,audusd,0.765465,0.76567,0.76533,0.765615
2021-04-08 23:30:00+00:00,audusd,0.76569,0.76584,0.76546,0.76547
2021-04-08 23:45:00+00:00,audusd,0.76567,0.76581,0.76556,0.765685
2021-04-09 00:00:00+00:00,audusd,0.76587,0.76613,0.765395,0.76566
2021-04-09 00:15:00+00:00,audusd,0.76561,0.76599,0.765585,0.765865
2021-04-09 00:30:00+00:00,audusd,0.766,0.766055,0.7656,0.765615
2021-04-09 00:45:00+00:00,audusd,0.76597,0.76601,0.76565,0.766005
2021-04-09 01:00:00+00:00,audusd,0.76518,0.76598,0.76513,0.76596
2021-04-09 01:15:00+00:00,audusd,0.76509,0.76529,0.764585,0.765185
2021-04-09 01:30:00+00:00,audusd,0.76425,0.7651,0.76416,0.765085
2021-04-09 01:45:00+00:00,audusd,0.76438,0.76452,0.76378,0.764245
2021-04-09 02:00:00+00:00,audusd,0.76402,0.76442,0.76393,0.76439
2021-04-09 02:15:00+00:00,audusd,0.76402,0.76436,0.764,0.764015
2021-04-09 02:30:00+00:00,audusd,0.76409,0.7642,0.763765,0.764025
2021-04-09 02:45:00+00:00,audusd,0.76371,0.76417,0.76367,0.7641
2021-04-09 03:00:00+00:00,audusd,0.76382,0.76392,0.76352,0.763715
2021-04-09 03:15:00+00:00,audusd,0.76412,0.76413,0.76371,0.763825
2021-04-09 03:30:00+00:00,audusd,0.764165,0.76423,0.76393,0.764125
2021-04-09 03:45:00+00:00,audusd,0.76402,0.76418,0.76386,0.76416
2021-04-09 04:00:00+00:00,audusd,0.7639,0.76405,0.76371,0.764015
2021-04-09 04:15:00+00:00,audusd,0.76356,0.763945,0.76348,0.763905
2021-04-09 04:30:00+00:00,audusd,0.76336,0.763565,0.76331,0.763555
2021-04-09 04:45:00+00:00,audusd,0.76325,0.763365,0.76308,0.763355
2021-04-09 05:00:00+00:00,audusd,0.76268,0.76327,0.76266,0.763255
2021-04-09 05:15:00+00:00,audusd,0.76243,0.762905,0.76239,0.762675
2021-04-09 05:30:00+00:00,audusd,0.76206,0.76253,0.762035,0.762425
2021-04-09 05:45:00+00:00,audusd,0.76117,0.76206,0.761165,0.762055
2021-04-09 06:00:00+00:00,audusd,0.76102,0.76156,0.76095,0.761165
2021-04-09 06:15:00+00:00,audusd,0.7603,0.76101,0.7603,0.76101
2021-04-09 06:30:00+00:00,audusd,0.75925,0.760295,0.75883,0.760295
2021-04-09 06:45:00+00:00,audusd,0.75957,0.75971,0.75913,0.759255
2021-04-09 07:00:00+00:00,audusd,0.759975,0.76004,0.75937,0.759565
2021-04-09 07:15:00+00:00,audusd,0.76082,0.76099,0.759705,0.75998
2021-04-09 07:30:00+00:00,audusd,0.760775,0.7609,0.76007,0.760825
2021-04-09 07:45:00+00:00,audusd,0.76147,0.761565,0.76075,0.76077
2021-04-09 08:00:00+00:00,audusd,0.76066,0.7615,0.76061,0.761475
2021-04-09 08:15:00+00:00,audusd,0.761225,0.76127,0.76056,0.760665
2021-04-09 08:30:00+00:00,audusd,0.761505,0.76173,0.76114,0.76122
2021-04-09 08:45:00+00:00,audusd,0.7618,0.76189,0.76112,0.7615
2021-04-09 09:00:00+00:00,audusd,0.761965,0.76198,0.76122,0.76179
2021-04-09 09:15:00+00:00,audusd,0.761535,0.76197,0.76147,0.76197
2021-04-09 09:30:00+00:00,audusd,0.76149,0.76173,0.76136,0.76154
2021-04-09 09:45:00+00:00,audusd,0.76173,0.761835,0.76146,0.761495
2021-04-09 10:00:00+00:00,audusd,0.76173,0.76189,0.761495,0.761725
2021-04-09 10:15:00+00:00,audusd,0.76241,0.7625,0.76152,0.76172
2021-04-09 10:30:00+00:00,audusd,0.763,0.76304,0.762315,0.762415
2021-04-09 10:45:00+00:00,audusd,0.76275,0.7632,0.76257,0.763005
2021-04-09 11:00:00+00:00,audusd,0.76363,0.763705,0.76258,0.76276
2021-04-09 11:15:00+00:00,audusd,0.76368,0.76414,0.76357,0.763635
2021-04-09 11:30:00+00:00,audusd,0.76348,0.764095,0.76345,0.763685
2021-04-09 11:45:00+00:00,audusd,0.76344,0.76379,0.76327,0.763485
2021-04-09 12:00:00+00:00,audusd,0.76307,0.76352,0.763,0.763445
2021-04-09 12:15:00+00:00,audusd,0.76218,0.763155,0.761925,0.763075
2021-04-09 12:30:00+00:00,audusd,0.76178,0.762705,0.761735,0.76217
2021-04-09 12:45:00+00:00,audusd,0.761845,0.76206,0.76106,0.761785
2021-04-09 13:00:00+00:00,audusd,0.761225,0.762055,0.76103,0.76185
2021-04-09 13:15:00+00:00,audusd,0.76237,0.762545,0.76107,0.76123
2021-04-09 13:30:00+00:00,audusd,0.762545,0.762995,0.76205,0.76238
2021-04-09 13:45:00+00:00,audusd,0.76232,0.76288,0.76219,0.76255
2021-04-09 14:00:00+00:00,audusd,0.76216,0.7626,0.76195,0.762325
2021-04-09 14:15:00+00:00,audusd,0.7624,0.76276,0.76207,0.76215
2021-04-09 14:30:00+00:00,audusd,0.7624,0.76272,0.762,0.76239
2021-04-09 14:45:00+00:00,audusd,0.76272,0.76319,0.76221,0.762395
2021-04-09 15:00:00+00:00,audusd,0.76263,0.76295,0.76253,0.762715
2021-04-09 15:15:00+00:00,audusd,0.76226,0.76283,0.76226,0.762635
2021-04-09 15:30:00+00:00,audusd,0.76267,0.762845,0.76217,0.762265
2021-04-09 15:45:00+00:00,audusd,0.763095,0.76314,0.76262,0.762675
2021-04-09 16:00:00+00:00,audusd,0.76279,0.76316,0.76272,0.763105
2021-04-09 16:15:00+00:00,audusd,0.76257,0.76284,0.762515,0.7628
2021-04-09 16:30:00+00:00,audusd,0.76254,0.76266,0.762435,0.76256
2021-04-09 16:45:00+00:00,audusd,0.76249,0.76258,0.76236,0.76255
2021-04-09 17:00:00+00:00,audusd,0.7625,0.762585,0.76241,0.76248
2021-04-09 17:15:00+00:00,audusd,0.762535,0.76281,0.7625,0.762505
2021-04-09 17:30:00+00:00,audusd,0.76266,0.76281,0.76254,0.76254
2021-04-09 17:45:00+00:00,audusd,0.762535,0.76282,0.76252,0.76267
2021-04-09 18:00:00+00:00,audusd,0.762505,0.762575,0.76237,0.76254
2021-04-09 18:15:00+00:00,audusd,0.76246,0.76261,0.76241,0.7625
2021-04-09 18:30:00+00:00,audusd,0.762515,0.76256,0.76233,0.762455
2021-04-09 18:45:00+00:00,audusd,0.762555,0.76267,0.76243,0.76252
2021-04-09 19:00:00+00:00,audusd,0.76256,0.762745,0.762485,0.76256
2021-04-09 19:15:00+00:00,audusd,0.76251,0.76263,0.762465,0.762555
2021-04-09 19:30:00+00:00,audusd,0.76241,0.762565,0.7624,0.762515
2021-04-09 19:45:00+00:00,audusd,0.76266,0.76273,0.7624,0.7624
2021-04-09 20:00:00+00:00,audusd,0.7625,0.76276,0.76246,0.762655
2021-04-09 20:15:00+00:00,audusd,0.7623,0.762675,0.76229,0.762495
2021-04-09 20:30:00+00:00,audusd,0.76185,0.762505,0.76185,0.762305
2021-04-09 20:45:00+00:00,audusd,0.76231,0.76231,0.76179,0.76186
2021-04-11 21:00:00+00:00,audusd,0.76211,0.76238,0.76207,0.762195
2021-04-11 21:15:00+00:00,audusd,0.76232,0.76236,0.76162,0.7622
2021-04-11 21:30:00+00:00,audusd,0.76221,0.76268,0.76215,0.76231
2021-04-11 21:45:00+00:00,audusd,0.761825,0.762205,0.761325,0.762205
2021-04-11 22:00:00+00:00,audusd,0.76204,0.76208,0.76173,0.76183
2021-04-11 22:15:00+00:00,audusd,0.762,0.762195,0.76192,0.762045
2021-04-11 22:30:00+00:00,audusd,0.76214,0.762215,0.761875,0.762005
2021-04-11 22:45:00+00:00,audusd,0.76215,0.76237,0.76207,0.76213
2021-04-11 23:00:00+00:00,audusd,0.76214,0.76221,0.76201,0.762155
2021-04-11 23:15:00+00:00,audusd,0.762435,0.76259,0.762095,0.762145
2021-04-11 23:30:00+00:00,audusd,0.76269,0.76272,0.76241,0.76244
2021-04-11 23:45:00+00:00,audusd,0.76216,0.7628,0.76216,0.762695
2021-04-12 00:00:00+00:00,audusd,0.761745,0.76228,0.76162,0.76217
2021-04-12 00:15:00+00:00,audusd,0.76157,0.762,0.76134,0.76175
2021-04-12 00:30:00+00:00,audusd,0.76213,0.76224,0.761555,0.761565
2021-04-12 00:45:00+00:00,audusd,0.76166,0.762155,0.76151,0.76212
2021-04-12 01:00:00+00:00,audusd,0.76104,0.761655,0.760915,0.761655
2021-04-12 01:15:00+00:00,audusd,0.760645,0.76125,0.76052,0.761045
2021-04-12 01:30:00+00:00,audusd,0.76074,0.76089,0.760205,0.76066
2021-04-12 01:45:00+00:00,audusd,0.76026,0.760895,0.75995,0.76073
2021-04-12 02:00:00+00:00,audusd,0.75997,0.76032,0.759715,0.76027
2021-04-12 02:15:00+00:00,audusd,0.7597,0.760025,0.75949,0.759965
2021-04-12 02:30:00+00:00,audusd,0.75992,0.75995,0.7597,0.759705
2021-04-12 02:45:00+00:00,audusd,0.7604,0.76042,0.759775,0.75993
2021-04-12 03:00:00+00:00,audusd,0.7603,0.76044,0.76017,0.76041
2021-04-12 03:15:00+00:00,audusd,0.76064,0.760705,0.76029,0.760305
2021-04-12 03:30:00+00:00,audusd,0.76056,0.76083,0.76052,0.76065
2021-04-12 03:45:00+00:00,audusd,0.76091,0.76092,0.76048,0.76055
2021-04-12 04:00:00+00:00,audusd,0.760905,0.76096,0.760705,0.76092
2021-04-12 04:15:00+00:00,audusd,0.76071,0.760905,0.76051,0.7609
2021-04-12 04:30:00+00:00,audusd,0.76046,0.760775,0.760415,0.7607
2021-04-12 04:45:00+00:00,audusd,0.76038,0.76054,0.76031,0.76047
2021-04-12 05:00:00+00:00,audusd,0.76002,0.760385,0.75998,0.760385
2021-04-12 05:15:00+00:00,audusd,0.75982,0.76012,0.759725,0.760015
2021-04-12 05:30:00+00:00,audusd,0.76016,0.760225,0.75974,0.759815
2021-04-12 05:45:00+00:00,audusd,0.76039,0.760585,0.76012,0.760165
2021-04-12 06:00:00+00:00,audusd,0.76091,0.76101,0.76022,0.760395
2021-04-12 06:15:00+00:00,audusd,0.7609,0.76132,0.76067,0.7609
2021-04-12 06:30:00+00:00,audusd,0.76123,0.76145,0.76083,0.760895
2021-04-12 06:45:00+00:00,audusd,0.76107,0.76148,0.76095,0.761225
2021-04-12 07:00:00+00:00,audusd,0.761615,0.76179,0.76079,0.76108
2021-04-12 07:15:00+00:00,audusd,0.76088,0.76188,0.76079,0.76161
2021-04-12 07:30:00+00:00,audusd,0.76103,0.76187,0.76085,0.760875
2021-04-12 07:45:00+00:00,audusd,0.761355,0.76159,0.76083,0.76104
2021-04-12 08:00:00+00:00,audusd,0.7615,0.76163,0.761085,0.76136
2021-04-12 08:15:00+00:00,audusd,0.76126,0.761695,0.76123,0.76151
2021-04-12 08:30:00+00:00,audusd,0.76172,0.76178,0.7612,0.761265
2021-04-12 08:45:00+00:00,audusd,0.76168,0.76207,0.76161,0.761725
2021-04-12 09:00:00+00:00,audusd,0.76197,0.762005,0.76168,0.76169
2021-04-12 09:15:00+00:00,audusd,0.76291,0.76293,0.761975,0.761975
2021-04-12 09:30:00+00:00,audusd,0.76328,0.76333,0.76281,0.76292
2021-04-12 09:45:00+00:00,audusd,0.76303,0.76337,0.76288,0.76329
2021-04-12 10:00:00+00:00,audusd,0.76309,0.76322,0.7628,0.76305
2021-04-12 10:15:00+00:00,audusd,0.7629,0.76313,0.76263,0.763095
2021-04-12 10:30:00+00:00,audusd,0.76334,0.76335,0.76286,0.762905
2021-04-12 10:45:00+00:00,audusd,0.76283,0.76356,0.76258,0.763335
2021-04-12 11:00:00+00:00,audusd,0.7632,0.76322,0.762575,0.76282
2021-04-12 11:15:00+00:00,audusd,0.76342,0.76351,0.763095,0.763195
2021-04-12 11:30:00+00:00,audusd,0.7631,0.76353,0.763,0.76341
2021-04-12 11:45:00+00:00,audusd,0.762875,0.763195,0.76283,0.76311
2021-04-12 12:00:00+00:00,audusd,0.76243,0.763,0.76236,0.76288
2021-04-12 12:15:00+00:00,audusd,0.762715,0.76278,0.76237,0.76244
2021-04-12 12:30:00+00:00,audusd,0.76317,0.76318,0.76256,0.76271
2021-04-12 12:45:00+00:00,audusd,0.76313,0.76332,0.763035,0.763165
2021-04-12 13:00:00+00:00,audusd,0.763,0.763575,0.7629,0.763135
2021-04-12 13:15:00+00:00,audusd,0.76249,0.76317,0.76247,0.763005
2021-04-12 13:30:00+00:00,audusd,0.76272,0.76298,0.762225,0.7625
2021-04-12 13:45:00+00:00,audusd,0.76209,0.76277,0.76191,0.762725
2021-04-12 14:00:00+00:00,audusd,0.76216,0.76252,0.76192,0.7621
2021-04-12 14:15:00+00:00,audusd,0.762005,0.76264,0.76194,0.76215
2021-04-12 14:30:00+00:00,audusd,0.76129,0.76211,0.76128,0.76201
2021-04-12 14:45:00+00:00,audusd,0.76213,0.7623,0.7612,0.76128
2021-04-12 15:00:00+00:00,audusd,0.762,0.76244,0.76183,0.762125
2021-04-12 15:15:00+00:00,audusd,0.76239,0.76247,0.76187,0.76199
2021-04-12 15:30:00+00:00,audusd,0.76211,0.76243,0.76197,0.762395
2021-04-12 15:45:00+00:00,audusd,0.761925,0.762225,0.761725,0.762105
2021-04-12 16:00:00+00:00,audusd,0.762095,0.76217,0.76184,0.76193
2021-04-12 16:15:00+00:00,audusd,0.76244,0.76249,0.76197,0.76209
2021-04-12 16:30:00+00:00,audusd,0.76255,0.762675,0.762445,0.76245
2021-04-12 16:45:00+00:00,audusd,0.76259,0.76272,0.76248,0.762555
2021-04-12 17:00:00+00:00,audusd,0.76251,0.76267,0.762415,0.7626
2021-04-12 17:15:00+00:00,audusd,0.762575,0.762575,0.76237,0.762515
2021-04-12 17:30:00+00:00,audusd,0.76229,0.76258,0.76222,0.76257
2021-04-12 17:45:00+00:00,audusd,0.76207,0.76246,0.761995,0.762295
2021-04-12 18:00:00+00:00,audusd,0.76211,0.76217,0.76198,0.762065
2021-04-12 18:15:00+00:00,audusd,0.7617,0.76215,0.76158,0.762115
2021-04-12 18:30:00+00:00,audusd,0.76158,0.76189,0.76158,0.761705
2021-04-12 18:45:00+00:00,audusd,0.76161,0.761655,0.76144,0.761585
2021-04-12 19:00:00+00:00,audusd,0.76138,0.7617,0.76137,0.761605
2021-04-12 19:15:00+00:00,audusd,0.76151,0.76158,0.761165,0.761385
2021-04-12 19:30:00+00:00,audusd,0.76183,0.761875,0.76147,0.761505
2021-04-12 19:45:00+00:00,audusd,0.761965,0.76198,0.76165,0.76184
2021-04-12 20:00:00+00:00,audusd,0.76235,0.76236,0.76196,0.76196
2021-04-12 20:15:00+00:00,audusd,0.76222,0.76238,0.762215,0.76236
2021-04-12 20:30:00+00:00,audusd,0.76219,0.76243,0.76219,0.76221
2021-04-12 20:45:00+00:00,audusd,0.76226,0.76242,0.76218,0.76218
2021-04-12 21:00:00+00:00,audusd,0.76232,0.76282,0.76231,0.76234
2021-04-12 21:15:00+00:00,audusd,0.762505,0.762525,0.76224,0.76227
2021-04-12 21:30:00+00:00,audusd,0.76217,0.762665,0.76217,0.76251
2021-04-12 21:45:00+00:00,audusd,0.76218,0.762325,0.76201,0.762175
2021-04-12 22:00:00+00:00,audusd,0.762475,0.76251,0.76217,0.762185
2021-04-12 22:15:00+00:00,audusd,0.76252,0.76252,0.76226,0.76247
2021-04-12 22:30:00+00:00,audusd,0.762385,0.76252,0.76227,0.76251
2021-04-12 22:45:00+00:00,audusd,0.76238,0.76247,0.762285,0.76238
2021-04-12 23:00:00+00:00,audusd,0.76228,0.76255,0.76227,0.76239
2021-04-12 23:15:00+00:00,audusd,0.76244,0.76245,0.76228,0.762285
2021-04-12 23:30:00+00:00,audusd,0.76298,0.763075,0.76241,0.76245
2021-04-12 23:45:00+00:00,audusd,0.762745,0.763025,0.76269,0.762985
2021-04-13 00:00:00+00:00,audusd,0.76178,0.76276,0.76146,0.76274
2021-04-13 00:15:00+00:00,audusd,0.76167,0.761865,0.76135,0.761785
2021-04-13 00:30:00+00:00,audusd,0.7617,0.761875,0.76161,0.76166
2021-04-13 00:45:00+00:00,audusd,0.761195,0.761735,0.76107,0.761705
2021-04-13 01:00:00+00:00,audusd,0.761005,0.76124,0.76066,0.76119
2021-04-13 01:15:00+00:00,audusd,0.76096,0.76111,0.76041,0.761
2021-04-13 01:30:00+00:00,audusd,0.76111,0.76135,0.7609,0.760965
2021-04-13 01:45:00+00:00,audusd,0.761115,0.7615,0.76097,0.76112
2021-04-13 02:00:00+00:00,audusd,0.76139,0.7615,0.76108,0.76111
2021-04-13 02:15:00+00:00,audusd,0.76145,0.76157,0.761165,0.761385
2021-04-13 02:30:00+00:00,audusd,0.76098,0.7615,0.76076,0.76146
2021-04-13 02:45:00+00:00,audusd,0.761055,0.761205,0.76067,0.760975
2021-04-13 03:00:00+00:00,audusd,0.76095,0.76119,0.76049,0.76106
2021-04-13 03:15:00+00:00,audusd,0.7603,0.760945,0.760215,0.760945
2021-04-13 03:30:00+00:00,audusd,0.760435,0.760595,0.760155,0.760305
2021-04-13 03:45:00+00:00,audusd,0.76,0.76056,0.76,0.76043
2021-04-13 04:00:00+00:00,audusd,0.76042,0.76045,0.7599,0.759955
2021-04-13 04:15:00+00:00,audusd,0.76021,0.760415,0.75985,0.760415
2021-04-13 04:30:00+00:00,audusd,0.75995,0.7602,0.75993,0.7602
2021-04-13 04:45:00+00:00,audusd,0.7599,0.76005,0.75963,0.75996
2021-04-13 05:00:00+00:00,audusd,0.75977,0.75991,0.7596,0.75989
2021-04-13 05:15:00+00:00,audusd,0.759855,0.7599,0.7595,0.759765
2021-04-13 05:30:00+00:00,audusd,0.76001,0.76007,0.75959,0.75986
2021-04-13 05:45:00+00:00,audusd,0.7604,0.760445,0.7597,0.760015
2021-04-13 06:00:00+00:00,audusd,0.76085,0.76085,0.759805,0.760405
2021-04-13 06:15:00+00:00,audusd,0.76097,0.76138,0.76077,0.76084
2021-04-13 06:30:00+00:00,audusd,0.76042,0.76105,0.760355,0.760965
2021-04-13 06:45:00+00:00,audusd,0.76035,0.76061,0.76007,0.76041
2021-04-13 07:00:00+00:00,audusd,0.76084,0.76089,0.76024,0.76036
2021-04-13 07:15:00+00:00,audusd,0.760965,0.76102,0.76053,0.76085
2021-04-13 07:30:00+00:00,audusd,0.7608,0.76124,0.76078,0.76097
2021-04-13 07:45:00+00:00,audusd,0.76085,0.76128,0.76079,0.760795
2021-04-13 08:00:00+00:00,audusd,0.76142,0.7616,0.76022,0.760845
2021-04-13 08:15:00+00:00,audusd,0.76133,0.76165,0.761155,0.76143
2021-04-13 08:30:00+00:00,audusd,0.76191,0.76225,0.76115,0.761335
2021-04-13 08:45:00+00:00,audusd,0.7617,0.76194,0.76165,0.761905
2021-04-13 09:00:00+00:00,audusd,0.76178,0.76179,0.76149,0.761705
2021-04-13 09:15:00+00:00,audusd,0.76193,0.76216,0.76173,0.761785
2021-04-13 09:30:00+00:00,audusd,0.762035,0.762035,0.76174,0.76192
2021-04-13 09:45:00+00:00,audusd,0.76161,0.762155,0.76157,0.76204
2021-04-13 10:00:00+00:00,audusd,0.76176,0.76198,0.761575,0.761605
2021-04-13 10:15:00+00:00,audusd,0.76148,0.76182,0.76147,0.761755
2021-04-13 10:30:00+00:00,audusd,0.76099,0.761475,0.76099,0.761475
2021-04-13 10:45:00+00:00,audusd,0.761,0.76127,0.76077,0.760985
2021-04-13 11:00:00+00:00,audusd,0.76087,0.76127,0.76061,0.76099
2021-04-13 11:15:00+00:00,audusd,0.76007,0.7609,0.75989,0.760865
2021-04-13 11:30:00+00:00,audusd,0.76023,0.76039,0.75987,0.760065
2021-04-13 11:45:00+00:00,audusd,0.760235,0.76029,0.75986,0.760235
2021-04-13 12:00:00+00:00,audusd,0.76,0.76034,0.759335,0.76023
2021-04-13 12:15:00+00:00,audusd,0.75969,0.760035,0.75942,0.760005
2021-04-13 12:30:00+00:00,audusd,0.761605,0.76175,0.75854,0.75967
2021-04-13 12:45:00+00:00,audusd,0.7613,0.76201,0.76124,0.76154
2021-04-13 13:00:00+00:00,audusd,0.761685,0.761995,0.76114,0.761285
2021-04-13 13:15:00+00:00,audusd,0.761775,0.76196,0.761225,0.761685
2021-04-13 13:30:00+00:00,audusd,0.76224,0.762565,0.76177,0.76178
2021-04-13 13:45:00+00:00,audusd,0.76272,0.76303,0.76217,0.762245
2021-04-13 14:00:00+00:00,audusd,0.76263,0.76324,0.76243,0.76283
2021-04-13 14:15:00+00:00,audusd,0.76221,0.762625,0.76152,0.762625
2021-04-13 14:30:00+00:00,audusd,0.76227,0.76247,0.76201,0.762205
2021-04-13 14:45:00+00:00,audusd,0.76266,0.76297,0.76215,0.76228
2021-04-13 15:00:00+00:00,audusd,0.76235,0.76283,0.762305,0.762655
2021-04-13 15:15:00+00:00,audusd,0.76267,0.76274,0.76214,0.762355
2021-04-13 15:30:00+00:00,audusd,0.76275,0.762925,0.76244,0.762675
2021-04-13 15:45:00+00:00,audusd,0.76283,0.76291,0.76248,0.76276
2021-04-13 16:00:00+00:00,audusd,0.76351,0.763535,0.76282,0.762825
2021-04-13 16:15:00+00:00,audusd,0.763335,0.76365,0.763185,0.763515
2021-04-13 16:30:00+00:00,audusd,0.763545,0.76355,0.76333,0.76333
2021-04-13 16:45:00+00:00,audusd,0.76319,0.76359,0.76306,0.76354
2021-04-13 17:00:00+00:00,audusd,0.76375,0.76392,0.76318,0.763185
2021-04-13 17:15:00+00:00,audusd,0.76387,0.76401,0.76373,0.763745
2021-04-13 17:30:00+00:00,audusd,0.76384,0.764055,0.76373,0.76386
2021-04-13 17:45:00+00:00,audusd,0.763805,0.763915,0.76363,0.763845
2021-04-13 18:00:00+00:00,audusd,0.76428,0.76432,0.76381,0.76381
2021-04-13 18:15:00+00:00,audusd,0.76418,0.76441,0.76414,0.764285
2021-04-13 18:30:00+00:00,audusd,0.76414,0.76442,0.76403,0.764185
2021-04-13 18:45:00+00:00,audusd,0.76426,0.76435,0.764095,0.764145
2021-04-13 19:00:00+00:00,audusd,0.76433,0.76458,0.76418,0.764255
2021-04-13 19:15:00+00:00,audusd,0.76442,0.76453,0.76429,0.764335
2021-04-13 19:30:00+00:00,audusd,0.76475,0.76478,0.764425,0.764425
2021-04-13 19:45:00+00:00,audusd,0.764795,0.76486,0.7645,0.76476
2021-04-13 20:00:00+00:00,audusd,0.76468,0.76483,0.76458,0.764795
2021-04-13 20:15:00+00:00,audusd,0.764635,0.76487,0.76462,0.76469
2021-04-13 20:30:00+00:00,audusd,0.76458,0.76479,0.76458,0.76464
2021-04-13 20:45:00+00:00,audusd,0.764305,0.7646,0.76428,0.764575
2021-04-13 21:00:00+00:00,audusd,0.76418,0.76438,0.764175,0.76436
2021-04-13 21:15:00+00:00,audusd,0.76431,0.764315,0.76412,0.76414
2021-04-13 21:30:00+00:00,audusd,0.76428,0.764385,0.76425,0.7643
2021-04-13 21:45:00+00:00,audusd,0.764325,0.76435,0.764205,0.764275
2021-04-13 22:00:00+00:00,audusd,0.76444,0.76449,0.7642,0.76433
2021-04-13 22:15:00+00:00,audusd,0.76451,0.764575,0.76435,0.764445
2021-04-13 22:30:00+00:00,audusd,0.7643,0.76454,0.76419,0.764515
2021-04-13 22:45:00+00:00,audusd,0.76432,0.764435,0.76425,0.764305
2021-04-13 23:00:00+00:00,audusd,0.76453,0.76476,0.76428,0.76431
2021-04-13 23:15:00+00:00,audusd,0.76437,0.76456,0.764285,0.764525
2021-04-13 23:30:00+00:00,audusd,0.76462,0.76466,0.764375,0.764375
2021-04-13 23:45:00+00:00,audusd,0.76473,0.7653,0.764465,0.764625
2021-04-14 00:00:00+00:00,audusd,0.7647,0.76495,0.764585,0.76476
2021-04-14 00:15:00+00:00,audusd,0.76458,0.764835,0.76444,0.764695
2021-04-14 00:30:00+00:00,audusd,0.76447,0.76466,0.76433,0.764575
2021-04-14 00:45:00+00:00,audusd,0.76399,0.76469,0.76389,0.764475
2021-04-14 01:00:00+00:00,audusd,0.76456,0.76463,0.76379,0.764
2021-04-14 01:15:00+00:00,audusd,0.76433,0.764875,0.76433,0.764555
2021-04-14 01:30:00+00:00,audusd,0.76443,0.76449,0.76348,0.76432
2021-04-14 01:45:00+00:00,audusd,0.764545,0.765065,0.76444,0.76444
2021-04-14 02:00:00+00:00,audusd,0.764155,0.76473,0.76407,0.76455
2021-04-14 02:15:00+00:00,audusd,0.76493,0.765,0.76408,0.76416
2021-04-14 02:30:00+00:00,audusd,0.76555,0.76588,0.76489,0.764935
2021-04-14 02:45:00+00:00,audusd,0.76593,0.766415,0.765555,0.765555
2021-04-14 03:00:00+00:00,audusd,0.765825,0.76602,0.765695,0.76594
2021-04-14 03:15:00+00:00,audusd,0.76583,0.76623,0.765695,0.76582
2021-04-14 03:30:00+00:00,audusd,0.765865,0.76598,0.76568,0.765825
2021-04-14 03:45:00+00:00,audusd,0.765755,0.76592,0.76546,0.76586
2021-04-14 04:00:00+00:00,audusd,0.76603,0.766035,0.765735,0.76575
2021-04-14 04:15:00+00:00,audusd,0.76615,0.766385,0.76588,0.76604
2021-04-14 04:30:00+00:00,audusd,0.76664,0.7668,0.76609,0.766145
2021-04-14 04:45:00+00:00,audusd,0.76635,0.76674,0.76633,0.76663
2021-04-14 05:00:00+00:00,audusd,0.76648,0.76689,0.76624,0.766355
2021-04-14 05:15:00+00:00,audusd,0.76709,0.76711,0.76634,0.766485
2021-04-14 05:30:00+00:00,audusd,0.76653,0.76711,0.76648,0.767085
2021-04-14 05:45:00+00:00,audusd,0.76717,0.767175,0.76643,0.766535
2021-04-14 06:00:00+00:00,audusd,0.76721,0.76751,0.76701,0.76718
2021-04-14 06:15:00+00:00,audusd,0.76754,0.76779,0.76715,0.767185
2021-04-14 06:30:00+00:00,audusd,0.76789,0.7682,0.767455,0.767535
2021-04-14 06:45:00+00:00,audusd,0.76819,0.76821,0.76771,0.767885
2021-04-14 07:00:00+00:00,audusd,0.76825,0.76839,0.76761,0.768195
2021-04-14 07:15:00+00:00,audusd,0.768105,0.76858,0.76774,0.768245
2021-04-14 07:30:00+00:00,audusd,0.76791,0.76865,0.76764,0.7681
2021-04-14 07:45:00+00:00,audusd,0.767745,0.76822,0.76728,0.767915
2021-04-14 08:00:00+00:00,audusd,0.76785,0.7681,0.76758,0.76774
2021-04-14 08:15:00+00:00,audusd,0.76835,0.76835,0.76773,0.767845
2021-04-14 08:30:00+00:00,audusd,0.76914,0.769275,0.768355,0.76836
2021-04-14 08:45:00+00:00,audusd,0.76896,0.76926,0.7687,0.76915
2021-04-14 09:00:00+00:00,audusd,0.76934,0.769575,0.76885,0.768965
2021-04-14 09:15:00+00:00,audusd,0.76885,0.76945,0.768775,0.76935
2021-04-14 09:30:00+00:00,audusd,0.7688,0.76954,0.7687,0.768855
2021-04-14 09:45:00+00:00,audusd,0.768885,0.769,0.76862,0.76879
2021-04-14 10:00:00+00:00,audusd,0.768905,0.768925,0.76848,0.76889
2021-04-14 10:15:00+00:00,audusd,0.76872,0.769075,0.76865,0.7689
2021-04-14 10:30:00+00:00,audusd,0.76867,0.76886,0.76835,0.768715
2021-04-14 10:45:00+00:00,audusd,0.76852,0.7687,0.76829,0.768665
2021-04-14 11:00:00+00:00,audusd,0.76847,0.76862,0.768265,0.768515
2021-04-14 11:15:00+00:00,audusd,0.768745,0.76879,0.76836,0.768465
2021-04-14 11:30:00+00:00,audusd,0.76895,0.76895,0.76844,0.76875
2021-04-14 11:45:00+00:00,audusd,0.76874,0.76898,0.76851,0.76896
2021-04-14 12:00:00+00:00,audusd,0.76884,0.76903,0.76847,0.76875
2021-04-14 12:15:00+00:00,audusd,0.76869,0.768835,0.76804,0.768835
2021-04-14 12:30:00+00:00,audusd,0.769005,0.76909,0.76841,0.76868
2021-04-14 12:45:00+00:00,audusd,0.7685,0.76909,0.76839,0.769
2021-04-14 13:00:00+00:00,audusd,0.76875,0.76903,0.76829,0.768505
2021-04-14 13:15:00+00:00,audusd,0.76875,0.76893,0.76833,0.768755
2021-04-14 13:30:00+00:00,audusd,0.769975,0.77045,0.76865,0.768755
2021-04-14 13:45:00+00:00,audusd,0.76939,0.770075,0.76932,0.76998
2021-04-14 14:00:00+00:00,audusd,0.77006,0.77023,0.76909,0.769395
2021-04-14 14:15:00+00:00,audusd,0.77046,0.770465,0.76977,0.770055
2021-04-14 14:30:00+00:00,audusd,0.77165,0.77179,0.77035,0.770465
2021-04-14 14:45:00+00:00,audusd,0.771915,0.77249,0.77172,0.77174
2021-04-14 15:00:00+00:00,audusd,0.7724,0.7724,0.77169,0.77191
2021-04-14 15:15:00+00:00,audusd,0.77265,0.7727,0.77199,0.772395
2021-04-14 15:30:00+00:00,audusd,0.772955,0.77325,0.77265,0.772655
2021-04-14 15:45:00+00:00,audusd,0.77303,0.7731,0.7728,0.77295
2021-04-14 16:00:00+00:00,audusd,0.77276,0.77313,0.772675,0.77302
2021-04-14 16:15:00+00:00,audusd,0.77271,0.77337,0.772705,0.772765
2021-04-14 16:30:00+00:00,audusd,0.77348,0.77351,0.772715,0.77272
2021-04-14 16:45:00+00:00,audusd,0.77346,0.7738,0.77339,0.773485
2021-04-14 17:00:00+00:00,audusd,0.77315,0.77348,0.77312,0.773465
2021-04-14 17:15:00+00:00,audusd,0.77328,0.77329,0.772975,0.773145
2021-04-14 17:30:00+00:00,audusd,0.773245,0.77332,0.77281,0.77327
2021-04-14 17:45:00+00:00,audusd,0.77273,0.773425,0.77261,0.77324
2021-04-14 18:00:00+00:00,audusd,0.77252,0.7728,0.771895,0.772725
2021-04-14 18:15:00+00:00,audusd,0.772565,0.77271,0.77227,0.77251
2021-04-14 18:30:00+00:00,audusd,0.7727,0.77282,0.77231,0.77257
2021-04-14 18:45:00+00:00,audusd,0.77259,0.77281,0.77235,0.77271
2021-04-14 19:00:00+00:00,audusd,0.772825,0.77283,0.77232,0.772585
2021-04-14 19:15:00+00:00,audusd,0.772855,0.77289,0.77256,0.77282
2021-04-14 19:30:00+00:00,audusd,0.772755,0.77292,0.772465,0.77286
2021-04-14 19:45:00+00:00,audusd,0.772955,0.77296,0.77243,0.77276
2021-04-14 20:00:00+00:00,audusd,0.77251,0.773,0.772465,0.77296
2021-04-14 20:15:00+00:00,audusd,0.77245,0.77256,0.772315,0.77252
2021-04-14 20:30:00+00:00,audusd,0.7724,0.77252,0.77236,0.77244
2021-04-14 20:45:00+00:00,audusd,0.77251,0.7726,0.7723,0.77239
2021-04-14 21:00:00+00:00,audusd,0.77277,0.772865,0.77228,0.77256
2021-04-14 21:15:00+00:00,audusd,0.77222,0.773,0.77199,0.77268
2021-04-14 21:30:00+00:00,audusd,0.77224,0.77226,0.772175,0.77223
2021-04-14 21:45:00+00:00,audusd,0.7722,0.77235,0.772195,0.77225
2021-04-14 22:00:00+00:00,audusd,0.77269,0.77273,0.772205,0.77221
2021-04-14 22:15:00+00:00,audusd,0.77277,0.77282,0.77257,0.772685
2021-04-14 22:30:00+00:00,audusd,0.77279,0.7728,0.77252,0.772765
2021-04-14 22:45:00+00:00,audusd,0.77251,0.77278,0.77235,0.77278
2021-04-14 23:00:00+00:00,audusd,0.77251,0.77266,0.77231,0.772515
2021-04-14 23:15:00+00:00,audusd,0.77238,0.77253,0.77232,0.772505
2021-04-14 23:30:00+00:00,audusd,0.77255,0.77264,0.77237,0.772375
2021-04-14 23:45:00+00:00,audusd,0.77249,0.77281,0.77249,0.77254
2021-04-15 00:00:00+00:00,audusd,0.77352,0.77365,0.772305,0.772475
2021-04-15 00:15:00+00:00,audusd,0.77331,0.77379,0.773245,0.773525
2021-04-15 00:30:00+00:00,audusd,0.77366,0.77387,0.77315,0.773305
2021-04-15 00:45:00+00:00,audusd,0.77395,0.77398,0.7734,0.77365
2021-04-15 01:00:00+00:00,audusd,0.77391,0.77439,0.77361,0.773945
2021-04-15 01:15:00+00:00,audusd,0.77383,0.77423,0.77355,0.773905
2021-04-15 01:30:00+00:00,audusd,0.77254,0.77455,0.77244,0.77382
2021-04-15 01:45:00+00:00,audusd,0.772495,0.77258,0.77194,0.772535
2021-04-15 02:00:00+00:00,audusd,0.77229,0.77249,0.7719,0.77249
2021-04-15 02:15:00+00:00,audusd,0.77195,0.77239,0.77191,0.772295
2021-04-15 02:30:00+00:00,audusd,0.77217,0.77234,0.7719,0.771945
2021-04-15 02:45:00+00:00,audusd,0.77163,0.77236,0.77161,0.772165
2021-04-15 03:00:00+00:00,audusd,0.77171,0.771925,0.77158,0.771625
2021-04-15 03:15:00+00:00,audusd,0.771785,0.77189,0.77159,0.771715
2021-04-15 03:30:00+00:00,audusd,0.7709,0.771815,0.7709,0.77179
2021-04-15 03:45:00+00:00,audusd,0.77123,0.77129,0.770825,0.770905
2021-04-15 04:00:00+00:00,audusd,0.77106,0.77133,0.77099,0.77125
2021-04-15 04:15:00+00:00,audusd,0.77126,0.77129,0.77097,0.771065
2021-04-15 04:30:00+00:00,audusd,0.77111,0.7713,0.77097,0.77127
2021-04-15 04:45:00+00:00,audusd,0.770815,0.771135,0.77058,0.7711
2021-04-15 05:00:00+00:00,audusd,0.77129,0.77155,0.7708,0.77081
2021-04-15 05:15:00+00:00,audusd,0.771315,0.7716,0.77106,0.7713
2021-04-15 05:30:00+00:00,audusd,0.77133,0.77133,0.77114,0.7713
2021-04-15 05:45:00+00:00,audusd,0.771535,0.772095,0.77131,0.77132
2021-04-15 06:00:00+00:00,audusd,0.77206,0.77217,0.77139,0.77153
2021-04-15 06:15:00+00:00,audusd,0.77194,0.77243,0.77183,0.77209
2021-04-15 06:30:00+00:00,audusd,0.7728,0.77282,0.77163,0.77193
2021-04-15 06:45:00+00:00,audusd,0.77269,0.7732,0.772485,0.77279
2021-04-15 07:00:00+00:00,audusd,0.77346,0.7736,0.7727,0.7727
2021-04-15 07:15:00+00:00,audusd,0.774715,0.77505,0.773465,0.773465
2021-04-15 07:30:00+00:00,audusd,0.77521,0.77544,0.774655,0.77471
2021-04-15 07:45:00+00:00,audusd,0.77521,0.7754,0.77465,0.77522
2021-04-15 08:00:00+00:00,audusd,0.77503,0.775305,0.77479,0.775215
2021-04-15 08:15:00+00:00,audusd,0.77477,0.77507,0.77448,0.775035
2021-04-15 08:30:00+00:00,audusd,0.775705,0.775925,0.77459,0.774765
2021-04-15 08:45:00+00:00,audusd,0.77547,0.77583,0.7753,0.775695
2021-04-15 09:00:00+00:00,audusd,0.77531,0.77566,0.77496,0.77546
2021-04-15 09:15:00+00:00,audusd,0.775655,0.77612,0.775255,0.775315
2021-04-15 09:30:00+00:00,audusd,0.77535,0.775735,0.775155,0.77565
2021-04-15 09:45:00+00:00,audusd,0.77511,0.775435,0.77499,0.775355
2021-04-15 10:00:00+00:00,audusd,0.77488,0.77517,0.77469,0.775115
2021-04-15 10:15:00+00:00,audusd,0.774815,0.77505,0.77468,0.774885
2021-04-15 10:30:00+00:00,audusd,0.77416,0.77487,0.77414,0.77482
2021-04-15 10:45:00+00:00,audusd,0.77405,0.77468,0.774,0.77417
2021-04-15 11:00:00+00:00,audusd,0.774415,0.77443,0.77405,0.774055
2021-04-15 11:15:00+00:00,audusd,0.77434,0.77453,0.77421,0.77442
2021-04-15 11:30:00+00:00,audusd,0.77438,0.7744,0.7739,0.774335
2021-04-15 11:45:00+00:00,audusd,0.77444,0.77454,0.77414,0.77437
2021-04-15 12:00:00+00:00,audusd,0.77484,0.77521,0.77436,0.774445
2021-04-15 12:15:00+00:00,audusd,0.77444,0.77499,0.77425,0.77483
2021-04-15 12:30:00+00:00,audusd,0.77553,0.77581,0.77407,0.77443
2021-04-15 12:45:00+00:00,audusd,0.77438,0.77603,0.77437,0.77552
2021-04-15 13:00:00+00:00,audusd,0.774685,0.77484,0.77429,0.774645
2021-04-15 13:15:00+00:00,audusd,0.77539,0.77542,0.77453,0.77468
2021-04-15 13:30:00+00:00,audusd,0.774945,0.77556,0.77471,0.775385
2021-04-15 13:45:00+00:00,audusd,0.77489,0.77556,0.77464,0.77495
2021-04-15 14:00:00+00:00,audusd,0.77526,0.77532,0.77416,0.774895
2021-04-15 14:15:00+00:00,audusd,0.77554,0.77568,0.77488,0.77531
2021-04-15 14:30:00+00:00,audusd,0.77571,0.775825,0.7752,0.775535
2021-04-15 14:45:00+00:00,audusd,0.77557,0.77573,0.77464,0.775705
2021-04-15 15:00:00+00:00,audusd,0.77505,0.77561,0.775,0.77557
2021-04-15 15:15:00+00:00,audusd,0.77426,0.775195,0.77412,0.775045
2021-04-15 15:30:00+00:00,audusd,0.774195,0.77432,0.773875,0.774275
2021-04-15 15:45:00+00:00,audusd,0.77451,0.77487,0.77407,0.7742
2021-04-15 16:00:00+00:00,audusd,0.77466,0.7749,0.774505,0.774505
2021-04-15 16:15:00+00:00,audusd,0.77475,0.774885,0.77456,0.77467
2021-04-15 16:30:00+00:00,audusd,0.77504,0.77515,0.77471,0.774755
2021-04-15 16:45:00+00:00,audusd,0.775,0.77507,0.77482,0.77505
2021-04-15 17:00:00+00:00,audusd,0.773905,0.775005,0.77385,0.775005
2021-04-15 17:15:00+00:00,audusd,0.774355,0.77444,0.7739,0.7739
2021-04-15 17:30:00+00:00,audusd,0.77458,0.77459,0.77428,0.77434
2021-04-15 17:45:00+00:00,audusd,0.77503,0.77518,0.77449,0.77459
2021-04-15 18:00:00+00:00,audusd,0.77536,0.77545,0.775,0.77504
2021-04-15 18:15:00+00:00,audusd,0.775575,0.77565,0.775345,0.77535
2021-04-15 18:30:00+00:00,audusd,0.7755,0.77559,0.77531,0.77557
2021-04-15 18:45:00+00:00,audusd,0.77548,0.77555,0.775245,0.775505
2021-04-15 19:00:00+00:00,audusd,0.77503,0.775645,0.774925,0.77548
2021-04-15 19:15:00+00:00,audusd,0.77498,0.77515,0.77481,0.775035
2021-04-15 19:30:00+00:00,audusd,0.77543,0.775485,0.774985,0.774985
2021-04-15 19:45:00+00:00,audusd,0.77564,0.77567,0.77528,0.77544
2021-04-15 20:00:00+00:00,audusd,0.77551,0.77575,0.77551,0.775645
2021-04-15 20:15:00+00:00,audusd,0.7754,0.7756,0.77537,0.775515
2021-04-15 20:30:00+00:00,audusd,0.77537,0.77545,0.775345,0.775405
2021-04-15 20:45:00+00:00,audusd,0.7752,0.77544,0.77488,0.77538
2021-04-15 21:00:00+00:00,audusd,0.77545,0.77558,0.77521,0.775245
2021-04-15 21:15:00+00:00,audusd,0.774955,0.77551,0.77494,0.77551
2021-04-15 21:30:00+00:00,audusd,0.775225,0.77543,0.77484,0.77496
2021-04-15 21:45:00+00:00,audusd,0.775145,0.775235,0.77513,0.77522
2021-04-15 22:00:00+00:00,audusd,0.77525,0.775355,0.77515,0.77515
2021-04-15 22:15:00+00:00,audusd,0.77526,0.7755,0.77518,0.775255
2021-04-15 22:30:00+00:00,audusd,0.77535,0.77546,0.77525,0.775255
2021-04-15 22:45:00+00:00,audusd,0.775,0.77537,0.77495,0.77536
2021-04-15 23:00:00+00:00,audusd,0.77502,0.77527,0.77489,0.774995
2021-04-15 23:15:00+00:00,audusd,0.775195,0.775195,0.775,0.775025
2021-04-15 23:30:00+00:00,audusd,0.77516,0.77521,0.77498,0.7752
2021-04-15 23:45:00+00:00,audusd,0.77514,0.77532,0.77499,0.775165
2021-04-16 00:00:00+00:00,audusd,0.77517,0.7755,0.77499,0.775135
2021-04-16 00:15:00+00:00,audusd,0.77456,0.775265,0.77454,0.775175
2021-04-16 00:30:00+00:00,audusd,0.77435,0.77479,0.77419,0.774555
2021-04-16 00:45:00+00:00,audusd,0.77389,0.7746,0.77384,0.774355
2021-04-16 01:00:00+00:00,audusd,0.77343,0.77404,0.773415,0.7739
2021-04-16 01:15:00+00:00,audusd,0.77324,0.77363,0.77303,0.773425
2021-04-16 01:30:00+00:00,audusd,0.77301,0.77363,0.772925,0.773235
2021-04-16 01:45:00+00:00,audusd,0.77355,0.773765,0.77295,0.773
2021-04-16 02:00:00+00:00,audusd,0.77283,0.77364,0.772425,0.77354
2021-04-16 02:15:00+00:00,audusd,0.773045,0.773305,0.7727,0.77284
2021-04-16 02:30:00+00:00,audusd,0.77301,0.77324,0.7729,0.77305
2021-04-16 02:45:00+00:00,audusd,0.7729,0.773285,0.77275,0.773005
2021-04-16 04:45:00+00:00,audusd,0.77386,0.77387,0.77354,0.773585
2021-04-16 05:00:00+00:00,audusd,0.77368,0.7741,0.77364,0.773865
2021-04-16 05:15:00+00:00,audusd,0.773845,0.77404,0.77359,0.773685
2021-04-16 05:30:00+00:00,audusd,0.77404,0.77429,0.77358,0.77385
2021-04-16 05:45:00+00:00,audusd,0.774695,0.7747,0.774045,0.774045
2021-04-16 06:00:00+00:00,audusd,0.77445,0.77469,0.77415,0.77469
2021-04-16 06:15:00+00:00,audusd,0.7738,0.77453,0.77348,0.77446
2021-04-16 06:30:00+00:00,audusd,0.77358,0.773985,0.77348,0.773795
2021-04-16 06:45:00+00:00,audusd,0.773235,0.773665,0.77278,0.77359
2021-04-16 07:00:00+00:00,audusd,0.77368,0.77424,0.7731,0.77324
2021-04-16 07:15:00+00:00,audusd,0.77401,0.77422,0.773485,0.77369
2021-04-16 07:30:00+00:00,audusd,0.77399,0.7745,0.77378,0.774005
2021-04-16 07:45:00+00:00,audusd,0.77441,0.77455,0.774,0.774
2021-04-16 08:00:00+00:00,audusd,0.77416,0.774645,0.77405,0.774415
2021-04-16 08:15:00+00:00,audusd,0.774055,0.774445,0.7738,0.77415
2021-04-16 08:30:00+00:00,audusd,0.77357,0.77409,0.77347,0.77405
2021-04-16 08:45:00+00:00,audusd,0.774195,0.77427,0.77355,0.773575
2021-04-16 09:00:00+00:00,audusd,0.77367,0.7743,0.77365,0.77419
2021-04-16 09:15:00+00:00,audusd,0.7741,0.774125,0.77366,0.773665
2021-04-16 09:30:00+00:00,audusd,0.77457,0.77468,0.774105,0.774105
2021-04-16 09:45:00+00:00,audusd,0.77469,0.77491,0.77423,0.77456
2021-04-16 10:00:00+00:00,audusd,0.77519,0.77529,0.77459,0.77468
2021-04-16 10:15:00+00:00,audusd,0.77505,0.77531,0.77493,0.775185
2021-04-16 10:30:00+00:00,audusd,0.77526,0.77535,0.77503,0.77506
2021-04-16 10:45:00+00:00,audusd,0.77524,0.77568,0.7752,0.77527
2021-04-16 11:00:00+00:00,audusd,0.77563,0.77592,0.775245,0.775245
2021-04-16 11:15:00+00:00,audusd,0.77515,0.77564,0.7749,0.775635
2021-04-16 11:30:00+00:00,audusd,0.77521,0.775355,0.7746,0.77514
2021-04-16 11:45:00+00:00,audusd,0.77526,0.775525,0.774965,0.7752
2021-04-16 12:00:00+00:00,audusd,0.77533,0.77559,0.775065,0.77525
2021-04-16 12:15:00+00:00,audusd,0.77457,0.77533,0.77454,0.775325
2021-04-16 12:30:00+00:00,audusd,0.77429,0.77473,0.77418,0.774575
2021-04-16 12:45:00+00:00,audusd,0.77459,0.77475,0.77419,0.774295
2021-04-16 13:00:00+00:00,audusd,0.77396,0.77463,0.77394,0.7746
2021-04-16 13:15:00+00:00,audusd,0.77415,0.77438,0.77393,0.773965
2021-04-16 13:30:00+00:00,audusd,0.77421,0.774375,0.77371,0.774155
2021-04-16 13:45:00+00:00,audusd,0.77342,0.77425,0.77336,0.774215
2021-04-16 14:00:00+00:00,audusd,0.77402,0.7742,0.773215,0.77341
2021-04-16 14:15:00+00:00,audusd,0.77398,0.77463,0.77394,0.774015
2021-04-16 14:30:00+00:00,audusd,0.77361,0.7742,0.77356,0.77399
2021-04-16 14:45:00+00:00,audusd,0.7736,0.773935,0.77355,0.773605
2021-04-16 15:00:00+00:00,audusd,0.773505,0.77391,0.77332,0.773595
2021-04-16 15:15:00+00:00,audusd,0.77331,0.77368,0.773185,0.7735
2021-04-16 15:30:00+00:00,audusd,0.773265,0.773385,0.77301,0.773305
2021-04-16 15:45:00+00:00,audusd,0.77336,0.77348,0.7732,0.77326
2021-04-16 16:00:00+00:00,audusd,0.77333,0.77353,0.77314,0.773355
2021-04-16 16:15:00+00:00,audusd,0.773325,0.77339,0.77313,0.773325
2021-04-16 16:30:00+00:00,audusd,0.77345,0.77355,0.7732,0.77332
2021-04-16 16:45:00+00:00,audusd,0.77358,0.77359,0.77335,0.773455
2021-04-16 17:00:00+00:00,audusd,0.77355,0.773595,0.77326,0.77357
2021-04-16 17:15:00+00:00,audusd,0.77355,0.77374,0.77348,0.773545
2021-04-16 17:30:00+00:00,audusd,0.77349,0.773645,0.77344,0.773555
2021-04-16 17:45:00+00:00,audusd,0.773295,0.77353,0.77319,0.77348
2021-04-16 18:00:00+00:00,audusd,0.77312,0.7735,0.7731,0.77329
2021-04-16 18:15:00+00:00,audusd,0.77334,0.773445,0.773085,0.77311
2021-04-16 18:30:00+00:00,audusd,0.773335,0.7735,0.77319,0.773345
2021-04-16 18:45:00+00:00,audusd,0.77324,0.77351,0.77321,0.77334
2021-04-16 19:00:00+00:00,audusd,0.77315,0.77329,0.77309,0.77323
2021-04-16 19:15:00+00:00,audusd,0.77335,0.77335,0.7731,0.77314
2021-04-16 19:30:00+00:00,audusd,0.77345,0.77354,0.77328,0.77334
2021-04-16 19:45:00+00:00,audusd,0.7732,0.773545,0.77311,0.773445
2021-04-16 20:00:00+00:00,audusd,0.773025,0.77326,0.77302,0.773195
2021-04-16 20:15:00+00:00,audusd,0.77325,0.77328,0.77301,0.77301
2021-04-16 20:30:00+00:00,audusd,0.77324,0.77335,0.77315,0.773255
2021-04-16 20:45:00+00:00,audusd,0.77334,0.77368,0.77323,0.773245
2021-04-18 21:00:00+00:00,audusd,0.77304,0.77313,0.772955,0.77309
2021-04-18 21:15:00+00:00,audusd,0.77296,0.77327,0.77292,0.77296
2021-04-18 21:30:00+00:00,audusd,0.77274,0.773,0.77262,0.773
2021-04-18 21:45:00+00:00,audusd,0.772675,0.77277,0.77261,0.772745
2021-04-18 22:00:00+00:00,audusd,0.77232,0.77296,0.7723,0.77267
2021-04-18 22:15:00+00:00,audusd,0.77255,0.77255,0.77223,0.77233
2021-04-18 22:30:00+00:00,audusd,0.77253,0.77262,0.77242,0.77254
2021-04-18 22:45:00+00:00,audusd,0.772335,0.77259,0.7723,0.772525
2021-04-18 23:00:00+00:00,audusd,0.7723,0.77238,0.7719,0.77233
2021-04-18 23:15:00+00:00,audusd,0.77189,0.77244,0.771885,0.772295
2021-04-18 23:30:00+00:00,audusd,0.77219,0.7722,0.77176,0.7719
2021-04-18 23:45:00+00:00,audusd,0.77135,0.77232,0.771345,0.772185
2021-04-19 00:00:00+00:00,audusd,0.77142,0.77175,0.77125,0.771345
2021-04-19 00:15:00+00:00,audusd,0.7718,0.77192,0.77141,0.771415
2021-04-19 00:30:00+00:00,audusd,0.77226,0.77234,0.77145,0.771795
2021-04-19 00:45:00+00:00,audusd,0.771445,0.772695,0.771445,0.772255
2021-04-19 01:00:00+00:00,audusd,0.771495,0.77166,0.77126,0.77145
2021-04-19 01:15:00+00:00,audusd,0.77109,0.77158,0.77084,0.77149
2021-04-19 01:30:00+00:00,audusd,0.77178,0.77178,0.77062,0.77108
2021-04-19 01:45:00+00:00,audusd,0.77178,0.7723,0.7716,0.771785
2021-04-19 02:00:00+00:00,audusd,0.77287,0.773025,0.77165,0.771775
2021-04-19 02:15:00+00:00,audusd,0.77256,0.77305,0.7725,0.772865
2021-04-19 02:30:00+00:00,audusd,0.7731,0.77316,0.77241,0.772555
2021-04-19 02:45:00+00:00,audusd,0.77286,0.77335,0.77265,0.773095
2021-04-19 03:00:00+00:00,audusd,0.77301,0.77329,0.772795,0.77287
2021-04-19 03:15:00+00:00,audusd,0.7729,0.77323,0.77284,0.773005
2021-04-19 03:30:00+00:00,audusd,0.77258,0.7729,0.77256,0.772895
2021-04-19 03:45:00+00:00,audusd,0.77293,0.77297,0.77251,0.77257
2021-04-19 04:00:00+00:00,audusd,0.77355,0.773585,0.772935,0.772935
2021-04-19 04:15:00+00:00,audusd,0.77366,0.77381,0.77347,0.77356
2021-04-19 04:30:00+00:00,audusd,0.77327,0.77381,0.77316,0.773665
2021-04-19 04:45:00+00:00,audusd,0.77356,0.77362,0.77327,0.773275
2021-04-19 05:00:00+00:00,audusd,0.773315,0.77363,0.77316,0.773565
2021-04-19 05:15:00+00:00,audusd,0.773075,0.77337,0.772935,0.77331
2021-04-19 05:30:00+00:00,audusd,0.77355,0.77364,0.77302,0.77307
2021-04-19 05:45:00+00:00,audusd,0.7738,0.77389,0.77353,0.773545
2021-04-19 06:00:00+00:00,audusd,0.77383,0.77401,0.77326,0.773795
2021-04-19 06:15:00+00:00,audusd,0.77404,0.77439,0.773865,0.773935
2021-04-19 06:30:00+00:00,audusd,0.77428,0.77437,0.773805,0.774035
2021-04-19 06:45:00+00:00,audusd,0.77409,0.774445,0.7737,0.77429
2021-04-19 07:00:00+00:00,audusd,0.77437,0.77457,0.77396,0.77408
2021-04-19 07:15:00+00:00,audusd,0.774525,0.7746,0.774145,0.77436
2021-04-19 07:30:00+00:00,audusd,0.77497,0.775065,0.774455,0.77453
2021-04-19 07:45:00+00:00,audusd,0.776675,0.77672,0.77473,0.77496
2021-04-19 08:00:00+00:00,audusd,0.77681,0.776935,0.77637,0.77667
2021-04-19 08:15:00+00:00,audusd,0.77755,0.77756,0.77675,0.776805
2021-04-19 08:30:00+00:00,audusd,0.77797,0.77817,0.77745,0.777555
2021-04-19 08:45:00+00:00,audusd,0.77788,0.77847,0.77776,0.777965
2021-04-19 09:00:00+00:00,audusd,0.777685,0.778,0.77752,0.77789
2021-04-19 09:15:00+00:00,audusd,0.777955,0.77821,0.777615,0.77768
2021-04-19 09:30:00+00:00,audusd,0.77798,0.7783,0.77775,0.77796
2021-04-19 09:45:00+00:00,audusd,0.77822,0.77835,0.77772,0.777985
2021-04-19 10:00:00+00:00,audusd,0.77786,0.7783,0.77777,0.778225
2021-04-19 10:15:00+00:00,audusd,0.77799,0.77804,0.77751,0.777855
2021-04-19 10:30:00+00:00,audusd,0.77758,0.77814,0.77747,0.77798
2021-04-19 10:45:00+00:00,audusd,0.777885,0.77807,0.777145,0.777585
2021-04-19 11:00:00+00:00,audusd,0.77778,0.77805,0.77772,0.77789
2021-04-19 11:15:00+00:00,audusd,0.7774,0.77781,0.77734,0.777785
2021-04-19 11:30:00+00:00,audusd,0.77735,0.77762,0.777255,0.777395
2021-04-19 11:45:00+00:00,audusd,0.77757,0.77758,0.77697,0.777355
2021-04-19 12:00:00+00:00,audusd,0.77689,0.77758,0.77689,0.777565
2021-04-19 12:15:00+00:00,audusd,0.77696,0.777,0.77642,0.776895
2021-04-19 12:30:00+00:00,audusd,0.777025,0.77711,0.7768,0.77695
2021-04-19 12:45:00+00:00,audusd,0.77757,0.77759,0.7769,0.77703
2021-04-19 13:00:00+00:00,audusd,0.77716,0.7777,0.77715,0.77756
2021-04-19 13:15:00+00:00,audusd,0.77667,0.7772,0.7764,0.777155
2021-04-19 13:30:00+00:00,audusd,0.777015,0.7772,0.776625,0.776665
2021-04-19 13:45:00+00:00,audusd,0.77725,0.77728,0.77666,0.777025
2021-04-19 14:00:00+00:00,audusd,0.776305,0.77734,0.77572,0.77724
2021-04-19 14:15:00+00:00,audusd,0.77653,0.77692,0.776015,0.7763
2021-04-19 14:30:00+00:00,audusd,0.77685,0.7771,0.776445,0.77654
2021-04-19 14:45:00+00:00,audusd,0.77693,0.77693,0.77595,0.776845
2021-04-19 15:00:00+00:00,audusd,0.776485,0.777055,0.77634,0.77687
2021-04-19 15:15:00+00:00,audusd,0.77638,0.77665,0.77626,0.77649
2021-04-19 15:30:00+00:00,audusd,0.77572,0.77644,0.7757,0.776385
2021-04-19 15:45:00+00:00,audusd,0.77579,0.77621,0.77551,0.77573
2021-04-19 16:00:00+00:00,audusd,0.77601,0.77649,0.77563,0.7758
2021-04-19 16:15:00+00:00,audusd,0.775895,0.77629,0.775775,0.77602
2021-04-19 16:30:00+00:00,audusd,0.77555,0.775895,0.77525,0.77589
2021-04-19 16:45:00+00:00,audusd,0.77571,0.77578,0.775345,0.775555
2021-04-19 17:00:00+00:00,audusd,0.77575,0.77589,0.775625,0.775705
2021-04-19 17:15:00+00:00,audusd,0.77553,0.77584,0.77551,0.77576
2021-04-19 17:30:00+00:00,audusd,0.77553,0.77585,0.775425,0.775535
2021-04-19 17:45:00+00:00,audusd,0.77554,0.77562,0.77535,0.775535
2021-04-19 18:00:00+00:00,audusd,0.77559,0.77577,0.77545,0.775545
2021-04-19 18:15:00+00:00,audusd,0.77579,0.77579,0.77555,0.775585
2021-04-19 18:30:00+00:00,audusd,0.77559,0.7758,0.77539,0.77578
2021-04-19 18:45:00+00:00,audusd,0.77594,0.77609,0.77558,0.775595
2021-04-19 19:00:00+00:00,audusd,0.77555,0.77603,0.77554,0.77593
2021-04-19 19:15:00+00:00,audusd,0.77525,0.7756,0.77519,0.775555
2021-04-19 19:30:00+00:00,audusd,0.77539,0.775425,0.77506,0.775245
2021-04-19 19:45:00+00:00,audusd,0.7757,0.7757,0.77515,0.775395
2021-04-19 20:00:00+00:00,audusd,0.77563,0.775695,0.77543,0.775695
2021-04-19 20:15:00+00:00,audusd,0.77553,0.775625,0.77547,0.775625
2021-04-19 20:30:00+00:00,audusd,0.77592,0.77595,0.77554,0.77554
2021-04-19 20:45:00+00:00,audusd,0.77572,0.77593,0.77569,0.775925
2021-04-19 21:00:00+00:00,audusd,0.775775,0.77589,0.775715,0.775715
2021-04-19 21:15:00+00:00,audusd,0.77562,0.77579,0.77535,0.775785
2021-04-19 21:30:00+00:00,audusd,0.77562,0.77564,0.77556,0.77563
2021-04-19 21:45:00+00:00,audusd,0.77544,0.77646,0.77537,0.77563
2021-04-19 22:00:00+00:00,audusd,0.77605,0.77608,0.77542,0.77545
2021-04-19 22:15:00+00:00,audusd,0.77619,0.77621,0.77595,0.77604
2021-04-19 22:30:00+00:00,audusd,0.776095,0.77629,0.776075,0.776195
2021-04-19 22:45:00+00:00,audusd,0.77621,0.776225,0.77594,0.7761
2021-04-19 23:00:00+00:00,audusd,0.77606,0.77626,0.776015,0.776215
2021-04-19 23:15:00+00:00,audusd,0.77596,0.77606,0.7758,0.776055
2021-04-19 23:30:00+00:00,audusd,0.77652,0.77655,0.77592,0.77597
2021-04-19 23:45:00+00:00,audusd,0.77649,0.776685,0.77633,0.776515
2021-04-20 00:00:00+00:00,audusd,0.77716,0.77723,0.77649,0.776495
2021-04-20 00:15:00+00:00,audusd,0.77687,0.77716,0.776725,0.77715
2021-04-20 00:30:00+00:00,audusd,0.77697,0.77707,0.77678,0.776875
2021-04-20 00:45:00+00:00,audusd,0.77685,0.777045,0.77664,0.776965
2021-04-20 01:00:00+00:00,audusd,0.77666,0.77706,0.77659,0.776845
2021-04-20 01:15:00+00:00,audusd,0.777145,0.77721,0.77648,0.77665
2021-04-20 01:30:00+00:00,audusd,0.77741,0.77811,0.77711,0.77714
2021-04-20 01:45:00+00:00,audusd,0.77865,0.77886,0.77734,0.7774
2021-04-20 02:00:00+00:00,audusd,0.77827,0.77866,0.7782,0.77864
2021-04-20 02:15:00+00:00,audusd,0.779155,0.779305,0.77824,0.77826
2021-04-20 02:30:00+00:00,audusd,0.77892,0.77917,0.7788,0.77916
2021-04-20 02:45:00+00:00,audusd,0.77944,0.7795,0.77882,0.778915
2021-04-20 03:00:00+00:00,audusd,0.77968,0.78002,0.77923,0.779445
2021-04-20 03:15:00+00:00,audusd,0.77998,0.78004,0.77953,0.77967
2021-04-20 03:30:00+00:00,audusd,0.77947,0.77997,0.77947,0.77997
2021-04-20 03:45:00+00:00,audusd,0.78001,0.78002,0.77939,0.779475
2021-04-20 04:00:00+00:00,audusd,0.77921,0.780035,0.779115,0.78
2021-04-20 04:15:00+00:00,audusd,0.77957,0.77961,0.77921,0.77922
2021-04-20 04:30:00+00:00,audusd,0.77952,0.779745,0.779415,0.77956
2021-04-20 04:45:00+00:00,audusd,0.77978,0.779885,0.7793,0.779515
2021-04-20 05:00:00+00:00,audusd,0.77952,0.77992,0.77939,0.779775
2021-04-20 05:15:00+00:00,audusd,0.77956,0.77966,0.77932,0.77953
2021-04-20 05:30:00+00:00,audusd,0.7792,0.779595,0.77897,0.779565
2021-04-20 05:45:00+00:00,audusd,0.78018,0.78043,0.77915,0.779205
2021-04-20 06:00:00+00:00,audusd,0.77995,0.78036,0.77987,0.780175
2021-04-20 06:15:00+00:00,audusd,0.78004,0.78014,0.77939,0.779945
2021-04-20 06:30:00+00:00,audusd,0.78024,0.78087,0.77973,0.78003
2021-04-20 06:45:00+00:00,audusd,0.78081,0.78083,0.78014,0.780275
2021-04-20 07:00:00+00:00,audusd,0.780885,0.780955,0.78022,0.78081
2021-04-20 07:15:00+00:00,audusd,0.78084,0.78113,0.78041,0.78089
2021-04-20 07:30:00+00:00,audusd,0.78148,0.78159,0.78083,0.780845
2021-04-20 07:45:00+00:00,audusd,0.78057,0.7816,0.780535,0.78149
2021-04-20 08:00:00+00:00,audusd,0.78022,0.78068,0.78011,0.78058
2021-04-20 08:15:00+00:00,audusd,0.78019,0.78047,0.77988,0.780215
2021-04-20 08:30:00+00:00,audusd,0.779455,0.780255,0.77935,0.780195
2021-04-20 08:45:00+00:00,audusd,0.77944,0.77975,0.77922,0.77946
2021-04-20 09:00:00+00:00,audusd,0.77917,0.77958,0.77906,0.779445
2021-04-20 09:15:00+00:00,audusd,0.778355,0.77922,0.77827,0.77918
2021-04-20 09:30:00+00:00,audusd,0.7777,0.7784,0.77755,0.77835
2021-04-20 09:45:00+00:00,audusd,0.77787,0.778065,0.77717,0.77771
2021-04-20 10:00:00+00:00,audusd,0.77755,0.77801,0.77745,0.777875
2021-04-20 10:15:00+00:00,audusd,0.77748,0.7776,0.77714,0.77754
2021-04-20 10:30:00+00:00,audusd,0.77681,0.77761,0.77676,0.777475
2021-04-20 10:45:00+00:00,audusd,0.7769,0.77697,0.77639,0.776815
2021-04-20 11:00:00+00:00,audusd,0.77693,0.77694,0.77659,0.776905
2021-04-20 11:15:00+00:00,audusd,0.77709,0.77729,0.77676,0.776935
2021-04-20 11:30:00+00:00,audusd,0.77794,0.77794,0.77707,0.7771
2021-04-20 11:45:00+00:00,audusd,0.77793,0.77809,0.77773,0.777935
2021-04-20 12:00:00+00:00,audusd,0.77792,0.77806,0.777685,0.777925
2021-04-20 12:15:00+00:00,audusd,0.77714,0.77825,0.7771,0.777915
2021-04-20 12:30:00+00:00,audusd,0.77647,0.77716,0.77606,0.777145
2021-04-20 12:45:00+00:00,audusd,0.77712,0.77721,0.77632,0.776465
2021-04-20 13:00:00+00:00,audusd,0.77751,0.77756,0.77671,0.777115
2021-04-20 13:15:00+00:00,audusd,0.77732,0.77757,0.77721,0.7775
2021-04-20 13:30:00+00:00,audusd,0.77814,0.77824,0.777325,0.77733
2021-04-20 13:45:00+00:00,audusd,0.77809,0.778345,0.777865,0.77815
2021-04-20 14:00:00+00:00,audusd,0.77785,0.77809,0.77763,0.778085
2021-04-20 14:15:00+00:00,audusd,0.77824,0.77836,0.77764,0.77784
2021-04-20 14:30:00+00:00,audusd,0.77629,0.77823,0.776285,0.77823
2021-04-20 14:45:00+00:00,audusd,0.77492,0.77639,0.7742,0.77628
2021-04-20 15:00:00+00:00,audusd,0.77464,0.77493,0.77427,0.77489
2021-04-20 15:15:00+00:00,audusd,0.77377,0.77468,0.77332,0.77463
2021-04-20 15:30:00+00:00,audusd,0.773485,0.77393,0.77296,0.77376
2021-04-20 15:45:00+00:00,audusd,0.77413,0.77413,0.77336,0.77348
2021-04-20 16:00:00+00:00,audusd,0.77449,0.774525,0.77387,0.77412
2021-04-20 16:15:00+00:00,audusd,0.774395,0.77466,0.77421,0.774485
2021-04-20 16:30:00+00:00,audusd,0.773315,0.7744,0.77329,0.7744
2021-04-20 16:45:00+00:00,audusd,0.77331,0.77347,0.77302,0.77332
2021-04-20 17:00:00+00:00,audusd,0.773075,0.7734,0.7729,0.773315
2021-04-20 17:15:00+00:00,audusd,0.77244,0.77333,0.77238,0.77307
2021-04-20 17:30:00+00:00,audusd,0.772485,0.77263,0.77236,0.772445
2021-04-20 17:45:00+00:00,audusd,0.772725,0.77288,0.77244,0.77248
2021-04-20 18:00:00+00:00,audusd,0.772525,0.77286,0.77252,0.77272
2021-04-20 18:15:00+00:00,audusd,0.77186,0.77257,0.77186,0.77252
2021-04-20 18:30:00+00:00,audusd,0.7711,0.77188,0.77093,0.771855
2021-04-20 18:45:00+00:00,audusd,0.77145,0.771665,0.77093,0.77109
2021-04-20 19:00:00+00:00,audusd,0.77222,0.77226,0.77144,0.771455
2021-04-20 19:15:00+00:00,audusd,0.77234,0.77236,0.7719,0.77221
2021-04-20 19:30:00+00:00,audusd,0.77247,0.772525,0.77216,0.772335
2021-04-20 19:45:00+00:00,audusd,0.77212,0.77252,0.77211,0.772475
2021-04-20 20:00:00+00:00,audusd,0.77233,0.77239,0.771755,0.772125
2021-04-20 20:15:00+00:00,audusd,0.7725,0.77253,0.77228,0.772325
2021-04-20 20:30:00+00:00,audusd,0.77237,0.77254,0.77233,0.772495
2021-04-20 20:45:00+00:00,audusd,0.77251,0.77271,0.77236,0.77236
2021-04-20 21:00:00+00:00,audusd,0.7727,0.772835,0.77262,0.77264
2021-04-20 21:15:00+00:00,audusd,0.77228,0.77274,0.77226,0.7726
2021-04-20 21:30:00+00:00,audusd,0.77261,0.77271,0.77225,0.77229
2021-04-20 21:45:00+00:00,audusd,0.772535,0.77296,0.77233,0.772615
2021-04-20 22:00:00+00:00,audusd,0.77246,0.77254,0.77239,0.77253
2021-04-20 22:15:00+00:00,audusd,0.77287,0.77289,0.772425,0.772455
2021-04-20 22:30:00+00:00,audusd,0.77292,0.77292,0.77266,0.772865
2021-04-20 22:45:00+00:00,audusd,0.77303,0.773235,0.77282,0.77291
2021-04-20 23:00:00+00:00,audusd,0.77231,0.773025,0.77218,0.773025
2021-04-20 23:15:00+00:00,audusd,0.77236,0.77237,0.77203,0.772305
2021-04-20 23:30:00+00:00,audusd,0.77248,0.7726,0.77217,0.772355
2021-04-20 23:45:00+00:00,audusd,0.77223,0.77269,0.77209,0.772485
2021-04-21 00:00:00+00:00,audusd,0.772555,0.77278,0.772085,0.772225
2021-04-21 00:15:00+00:00,audusd,0.77301,0.77311,0.77256,0.77256
2021-04-21 00:30:00+00:00,audusd,0.77328,0.77363,0.773015,0.773015
2021-04-21 00:45:00+00:00,audusd,0.77251,0.773425,0.77232,0.773285
2021-04-21 01:00:00+00:00,audusd,0.77274,0.77311,0.77244,0.772505
2021-04-21 01:15:00+00:00,audusd,0.77211,0.77288,0.77197,0.772735
2021-04-21 01:30:00+00:00,audusd,0.77313,0.77329,0.77163,0.7721
2021-04-21 01:45:00+00:00,audusd,0.7718,0.773155,0.77173,0.773135
2021-04-21 02:00:00+00:00,audusd,0.77196,0.77212,0.77149,0.771795
2021-04-21 02:15:00+00:00,audusd,0.77156,0.77198,0.77127,0.77195
2021-04-21 02:30:00+00:00,audusd,0.771475,0.77191,0.77133,0.77155
2021-04-21 02:45:00+00:00,audusd,0.77165,0.7718,0.7714,0.77148
2021-04-21 03:00:00+00:00,audusd,0.772,0.77224,0.77151,0.771655
2021-04-21 03:15:00+00:00,audusd,0.77195,0.77209,0.77182,0.77201
2021-04-21 03:30:00+00:00,audusd,0.77168,0.77211,0.77155,0.77194
2021-04-21 03:45:00+00:00,audusd,0.77167,0.77186,0.77117,0.771675
2021-04-21 04:00:00+00:00,audusd,0.77142,0.77178,0.77136,0.771675
2021-04-21 04:15:00+00:00,audusd,0.771035,0.77145,0.77103,0.771425
2021-04-21 04:30:00+00:00,audusd,0.77076,0.771365,0.77072,0.77104
2021-04-21 04:45:00+00:00,audusd,0.77101,0.77109,0.770505,0.770755
2021-04-21 05:00:00+00:00,audusd,0.77073,0.77124,0.7705,0.771015
2021-04-21 05:15:00+00:00,audusd,0.771365,0.77137,0.77048,0.770735
2021-04-21 05:30:00+00:00,audusd,0.77149,0.771625,0.7713,0.77137
2021-04-21 05:45:00+00:00,audusd,0.77142,0.77188,0.77138,0.771485
2021-04-21 06:00:00+00:00,audusd,0.77157,0.77174,0.77093,0.771415
2021-04-21 06:15:00+00:00,audusd,0.77153,0.77165,0.771135,0.771565
2021-04-21 06:30:00+00:00,audusd,0.77213,0.77234,0.771425,0.771525
2021-04-21 06:45:00+00:00,audusd,0.77189,0.77218,0.77162,0.772125
2021-04-21 07:00:00+00:00,audusd,0.77219,0.7724,0.77111,0.77188
2021-04-21 07:15:00+00:00,audusd,0.77127,0.77234,0.771215,0.7722
2021-04-21 07:30:00+00:00,audusd,0.77045,0.77155,0.76996,0.77128
2021-04-21 07:45:00+00:00,audusd,0.77175,0.771965,0.77041,0.770445
2021-04-21 08:00:00+00:00,audusd,0.772,0.77222,0.77152,0.771745
2021-04-21 08:15:00+00:00,audusd,0.77214,0.77268,0.77201,0.77201
2021-04-21 08:30:00+00:00,audusd,0.77193,0.772485,0.77193,0.77215
2021-04-21 08:45:00+00:00,audusd,0.77132,0.77214,0.77108,0.771935
2021-04-21 09:00:00+00:00,audusd,0.7719,0.772,0.77124,0.771335
2021-04-21 09:15:00+00:00,audusd,0.772175,0.772255,0.77181,0.77189
2021-04-21 09:30:00+00:00,audusd,0.77155,0.77222,0.77123,0.77218
2021-04-21 09:45:00+00:00,audusd,0.77202,0.77204,0.77129,0.771545
2021-04-21 10:00:00+00:00,audusd,0.77182,0.77205,0.771625,0.77201
2021-04-21 10:15:00+00:00,audusd,0.771635,0.772,0.77137,0.77183
2021-04-21 10:30:00+00:00,audusd,0.77239,0.772405,0.77164,0.77164
2021-04-21 10:45:00+00:00,audusd,0.77287,0.77303,0.77213,0.7724
2021-04-21 11:00:00+00:00,audusd,0.77271,0.77296,0.77261,0.77288
2021-04-21 11:15:00+00:00,audusd,0.77266,0.77294,0.77257,0.772705
2021-04-21 11:30:00+00:00,audusd,0.77243,0.77291,0.77242,0.772665
2021-04-21 11:45:00+00:00,audusd,0.77241,0.77253,0.77217,0.77242
2021-04-21 12:00:00+00:00,audusd,0.77203,0.77253,0.77184,0.77242
2021-04-21 12:15:00+00:00,audusd,0.77226,0.77239,0.77185,0.772025
2021-04-21 12:30:00+00:00,audusd,0.77182,0.77229,0.77105,0.772255
2021-04-21 12:45:00+00:00,audusd,0.771825,0.77197,0.77152,0.771815
2021-04-21 13:00:00+00:00,audusd,0.771,0.77192,0.7709,0.77182
2021-04-21 13:15:00+00:00,audusd,0.77083,0.77145,0.77083,0.770995
2021-04-21 13:30:00+00:00,audusd,0.771395,0.771425,0.770675,0.770835
2021-04-21 13:45:00+00:00,audusd,0.77196,0.772015,0.771195,0.77139
2021-04-21 14:00:00+00:00,audusd,0.772515,0.77294,0.77194,0.77197
2021-04-21 14:15:00+00:00,audusd,0.77404,0.774045,0.772185,0.772545
2021-04-21 14:30:00+00:00,audusd,0.77422,0.774445,0.77353,0.773965
2021-04-21 14:45:00+00:00,audusd,0.77492,0.7752,0.77428,0.774395
2021-04-21 15:00:00+00:00,audusd,0.775995,0.77624,0.77472,0.77492
2021-04-21 15:15:00+00:00,audusd,0.775525,0.77607,0.775335,0.77599
2021-04-21 15:30:00+00:00,audusd,0.77566,0.77605,0.775445,0.77552
2021-04-21 15:45:00+00:00,audusd,0.77545,0.77586,0.77533,0.77567
2021-04-21 16:00:00+00:00,audusd,0.77526,0.77567,0.77526,0.775455
2021-04-21 16:15:00+00:00,audusd,0.77492,0.775345,0.77488,0.775265
2021-04-21 16:30:00+00:00,audusd,0.77508,0.7752,0.77493,0.77493
2021-04-21 16:45:00+00:00,audusd,0.77498,0.775275,0.77486,0.775085
2021-04-21 17:00:00+00:00,audusd,0.77537,0.77539,0.77497,0.774975
2021-04-21 17:15:00+00:00,audusd,0.77529,0.77549,0.77518,0.77538
2021-04-21 17:30:00+00:00,audusd,0.77547,0.77557,0.77528,0.7753
2021-04-21 17:45:00+00:00,audusd,0.77557,0.77572,0.77543,0.775465
2021-04-21 18:00:00+00:00,audusd,0.775675,0.7757,0.77553,0.775575
2021-04-21 18:15:00+00:00,audusd,0.77537,0.77568,0.775365,0.77567
2021-04-21 18:30:00+00:00,audusd,0.77528,0.7755,0.77527,0.775365
2021-04-21 18:45:00+00:00,audusd,0.77517,0.77533,0.77503,0.77529
2021-04-21 19:00:00+00:00,audusd,0.7753,0.775325,0.77511,0.77518
2021-04-21 19:15:00+00:00,audusd,0.77543,0.77544,0.775115,0.775295
2021-04-21 19:30:00+00:00,audusd,0.77545,0.77557,0.775405,0.775435
2021-04-21 19:45:00+00:00,audusd,0.77547,0.77567,0.77521,0.77546
2021-04-21 20:00:00+00:00,audusd,0.77532,0.77547,0.77522,0.77546
2021-04-21 20:15:00+00:00,audusd,0.775075,0.77538,0.77504,0.775325
2021-04-21 20:30:00+00:00,audusd,0.77526,0.775325,0.77507,0.77507
2021-04-21 20:45:00+00:00,audusd,0.7752,0.77544,0.77511,0.775265
2021-04-21 21:00:00+00:00,audusd,0.775165,0.775605,0.77507,0.77558
2021-04-21 21:15:00+00:00,audusd,0.7752,0.77535,0.775045,0.7753
2021-04-21 21:30:00+00:00,audusd,0.77527,0.77529,0.77507,0.77518
2021-04-21 21:45:00+00:00,audusd,0.77524,0.77529,0.775195,0.775265
2021-04-21 22:00:00+00:00,audusd,0.7754,0.77553,0.77525,0.77525
2021-04-21 22:15:00+00:00,audusd,0.775265,0.77542,0.77526,0.77539
2021-04-21 22:30:00+00:00,audusd,0.77513,0.77542,0.77507,0.77526
2021-04-21 22:45:00+00:00,audusd,0.77523,0.77533,0.77482,0.77512
2021-04-21 23:00:00+00:00,audusd,0.775405,0.77541,0.77514,0.77522
2021-04-21 23:15:00+00:00,audusd,0.775475,0.77567,0.77531,0.77541
2021-04-21 23:30:00+00:00,audusd,0.77545,0.77572,0.775325,0.77547
2021-04-21 23:45:00+00:00,audusd,0.77543,0.77572,0.77525,0.775445
2021-04-22 00:00:00+00:00,audusd,0.775425,0.77587,0.77539,0.775425
2021-04-22 00:15:00+00:00,audusd,0.77506,0.77542,0.77493,0.77542
2021-04-22 00:30:00+00:00,audusd,0.77568,0.77579,0.775065,0.775065
2021-04-22 00:45:00+00:00,audusd,0.775895,0.77648,0.775565,0.77567
2021-04-22 01:00:00+00:00,audusd,0.77576,0.77631,0.775615,0.77589
2021-04-22 01:15:00+00:00,audusd,0.77563,0.77582,0.77539,0.775765
2021-04-22 01:30:00+00:00,audusd,0.77592,0.77608,0.775605,0.775625
2021-04-22 01:45:00+00:00,audusd,0.77528,0.77614,0.77502,0.775915
2021-04-22 02:00:00+00:00,audusd,0.77568,0.77572,0.77526,0.775275
2021-04-22 02:15:00+00:00,audusd,0.7757,0.775725,0.77537,0.77569
2021-04-22 02:30:00+00:00,audusd,0.77577,0.77589,0.77564,0.775695
2021-04-22 02:45:00+00:00,audusd,0.776035,0.776035,0.77558,0.775775
2021-04-22 03:00:00+00:00,audusd,0.776075,0.77628,0.77587,0.77603
2021-04-22 03:15:00+00:00,audusd,0.7757,0.77637,0.77564,0.77607
2021-04-22 03:30:00+00:00,audusd,0.775225,0.77571,0.7752,0.775695
2021-04-22 03:45:00+00:00,audusd,0.77532,0.775515,0.77517,0.77522
2021-04-22 04:00:00+00:00,audusd,0.77527,0.77547,0.77522,0.77538
2021-04-22 04:15:00+00:00,audusd,0.77467,0.77526,0.77463,0.77526
2021-04-22 04:30:00+00:00,audusd,0.77454,0.77484,0.77414,0.77466
2021-04-22 04:45:00+00:00,audusd,0.77435,0.77454,0.77417,0.774535
2021-04-22 05:00:00+00:00,audusd,0.77428,0.77452,0.77395,0.774355
2021-04-22 05:15:00+00:00,audusd,0.77428,0.77441,0.77402,0.77427
2021-04-22 05:30:00+00:00,audusd,0.774485,0.77453,0.77403,0.77429
2021-04-22 05:45:00+00:00,audusd,0.774415,0.77478,0.77427,0.77448
2021-04-22 06:00:00+00:00,audusd,0.77428,0.77484,0.77428,0.77441
2021-04-22 06:15:00+00:00,audusd,0.774865,0.77497,0.77386,0.774285
2021-04-22 06:30:00+00:00,audusd,0.775175,0.77558,0.774795,0.77486
2021-04-22 06:45:00+00:00,audusd,0.77559,0.775895,0.775125,0.77517
2021-04-22 07:00:00+00:00,audusd,0.77602,0.77624,0.77536,0.775595
2021-04-22 07:15:00+00:00,audusd,0.775965,0.77618,0.775695,0.776015
2021-04-22 07:30:00+00:00,audusd,0.7755,0.77597,0.77528,0.77596
2021-04-22 07:45:00+00:00,audusd,0.77499,0.776,0.77489,0.775495
2021-04-22 08:00:00+00:00,audusd,0.77499,0.77532,0.77477,0.774985
2021-04-22 08:15:00+00:00,audusd,0.77498,0.775105,0.77474,0.77498
2021-04-22 08:30:00+00:00,audusd,0.77443,0.77523,0.77441,0.774975
2021-04-22 08:45:00+00:00,audusd,0.77398,0.77469,0.77396,0.774435
2021-04-22 09:00:00+00:00,audusd,0.7744,0.77454,0.77395,0.773975
2021-04-22 09:15:00+00:00,audusd,0.77444,0.77463,0.77437,0.774405
2021-04-22 09:30:00+00:00,audusd,0.77454,0.77471,0.77432,0.774445
2021-04-22 09:45:00+00:00,audusd,0.77483,0.77487,0.77438,0.774535
2021-04-22 10:00:00+00:00,audusd,0.77522,0.7754,0.774785,0.77482
2021-04-22 10:15:00+00:00,audusd,0.77477,0.77526,0.77477,0.775225
2021-04-22 10:30:00+00:00,audusd,0.774785,0.775,0.77464,0.77478
2021-04-22 10:45:00+00:00,audusd,0.77442,0.77488,0.77412,0.77478
2021-04-22 11:00:00+00:00,audusd,0.77495,0.77496,0.77402,0.774425
2021-04-22 11:15:00+00:00,audusd,0.77516,0.77527,0.77487,0.774955
2021-04-22 11:30:00+00:00,audusd,0.774845,0.77522,0.774775,0.775155
2021-04-22 11:45:00+00:00,audusd,0.7744,0.77518,0.77406,0.77484
2021-04-22 12:00:00+00:00,audusd,0.77316,0.77443,0.77313,0.774395
2021-04-22 12:15:00+00:00,audusd,0.77352,0.77378,0.77315,0.773155
2021-04-22 12:30:00+00:00,audusd,0.77333,0.77378,0.77307,0.77351
2021-04-22 12:45:00+00:00,audusd,0.77369,0.77393,0.77333,0.773335
2021-04-22 13:00:00+00:00,audusd,0.77316,0.77388,0.77292,0.77369
2021-04-22 13:15:00+00:00,audusd,0.77271,0.77363,0.772535,0.77315
2021-04-22 13:30:00+00:00,audusd,0.77193,0.7727,0.77163,0.7727
2021-04-22 13:45:00+00:00,audusd,0.77209,0.77232,0.771505,0.77194
2021-04-22 14:00:00+00:00,audusd,0.77157,0.77217,0.77156,0.772105
2021-04-22 14:15:00+00:00,audusd,0.77117,0.77163,0.77096,0.771605
2021-04-22 14:30:00+00:00,audusd,0.77193,0.77217,0.771115,0.771165
2021-04-22 14:45:00+00:00,audusd,0.77296,0.77298,0.771695,0.771935
2021-04-22 15:00:00+00:00,audusd,0.77297,0.77349,0.77247,0.77297
2021-04-22 15:15:00+00:00,audusd,0.77235,0.77313,0.77234,0.772975
2021-04-22 15:30:00+00:00,audusd,0.77245,0.77249,0.77213,0.772345
2021-04-22 15:45:00+00:00,audusd,0.772435,0.77273,0.77233,0.772445
2021-04-22 16:00:00+00:00,audusd,0.77253,0.772555,0.77211,0.77243
2021-04-22 16:15:00+00:00,audusd,0.77317,0.77344,0.7725,0.77252
2021-04-22 16:30:00+00:00,audusd,0.77263,0.77329,0.77256,0.773175
2021-04-22 16:45:00+00:00,audusd,0.77242,0.77268,0.77231,0.772635
2021-04-22 17:00:00+00:00,audusd,0.771075,0.77247,0.77059,0.77243
2021-04-22 17:15:00+00:00,audusd,0.77155,0.77181,0.77022,0.771055
2021-04-22 17:30:00+00:00,audusd,0.7707,0.77156,0.77068,0.77154
2021-04-22 17:45:00+00:00,audusd,0.77086,0.77107,0.77053,0.770695
2021-04-22 18:00:00+00:00,audusd,0.77003,0.77085,0.76906,0.77085
2021-04-22 18:15:00+00:00,audusd,0.77015,0.77015,0.76947,0.770035
2021-04-22 18:30:00+00:00,audusd,0.77058,0.77058,0.76992,0.770145
2021-04-22 18:45:00+00:00,audusd,0.77081,0.77087,0.77034,0.77058
2021-04-22 19:00:00+00:00,audusd,0.77082,0.77102,0.77052,0.7708
2021-04-22 19:15:00+00:00,audusd,0.77063,0.77085,0.770365,0.770825
2021-04-22 19:30:00+00:00,audusd,0.7709,0.77112,0.77061,0.770635
2021-04-22 19:45:00+00:00,audusd,0.77069,0.77132,0.77059,0.770895
2021-04-22 20:00:00+00:00,audusd,0.77119,0.77119,0.77063,0.77068
2021-04-22 20:15:00+00:00,audusd,0.77087,0.77121,0.770855,0.7712
2021-04-22 20:30:00+00:00,audusd,0.77075,0.77094,0.77068,0.770865
2021-04-22 20:45:00+00:00,audusd,0.770885,0.770885,0.770555,0.770745
2021-04-22 21:00:00+00:00,audusd,0.77051,0.77082,0.77051,0.77076
2021-04-22 21:15:00+00:00,audusd,0.77052,0.7717,0.769875,0.770515
2021-04-22 21:30:00+00:00,audusd,0.77054,0.7706,0.770495,0.77054
2021-04-22 21:45:00+00:00,audusd,0.77122,0.77122,0.77026,0.770515
2021-04-22 22:00:00+00:00,audusd,0.77044,0.771205,0.77044,0.771205
2021-04-22 22:15:00+00:00,audusd,0.77024,0.7706,0.770135,0.770435
2021-04-22 22:30:00+00:00,audusd,0.77047,0.77054,0.76997,0.77025
2021-04-22 22:45:00+00:00,audusd,0.77057,0.770775,0.77041,0.77046
2021-04-22 23:00:00+00:00,audusd,0.77091,0.77091,0.77047,0.77056
2021-04-22 23:15:00+00:00,audusd,0.7706,0.77095,0.77047,0.770915
2021-04-22 23:30:00+00:00,audusd,0.770285,0.77072,0.77026,0.77059
2021-04-22 23:45:00+00:00,audusd,0.77042,0.77057,0.770095,0.77028
2021-04-23 00:00:00+00:00,audusd,0.77106,0.77106,0.770035,0.77043
2021-04-23 00:15:00+00:00,audusd,0.77132,0.77137,0.77095,0.771055
2021-04-23 00:30:00+00:00,audusd,0.771,0.7714,0.770905,0.77131
2021-04-23 00:45:00+00:00,audusd,0.77113,0.77117,0.77077,0.77099
2021-04-23 01:00:00+00:00,audusd,0.77152,0.77152,0.77084,0.771125
2021-04-23 01:15:00+00:00,audusd,0.771695,0.77183,0.77143,0.771525
2021-04-23 01:30:00+00:00,audusd,0.77216,0.77228,0.77124,0.7717
2021-04-23 01:45:00+00:00,audusd,0.77216,0.77232,0.77202,0.772165
2021-04-23 02:00:00+00:00,audusd,0.77172,0.7723,0.77172,0.772165
2021-04-23 02:15:00+00:00,audusd,0.771865,0.77198,0.771515,0.771725
2021-04-23 02:30:00+00:00,audusd,0.77207,0.77207,0.77172,0.77186
2021-04-23 02:45:00+00:00,audusd,0.77197,0.77217,0.77166,0.772075
2021-04-23 03:00:00+00:00,audusd,0.77231,0.77232,0.77187,0.77198
2021-04-23 03:15:00+00:00,audusd,0.7724,0.772635,0.77221,0.77232
2021-04-23 03:30:00+00:00,audusd,0.77247,0.77267,0.772355,0.77241
2021-04-23 03:45:00+00:00,audusd,0.77286,0.77286,0.77232,0.77248
2021-04-23 04:00:00+00:00,audusd,0.77316,0.77348,0.77285,0.77285
2021-04-23 04:15:00+00:00,audusd,0.77332,0.773425,0.77313,0.773165
2021-04-23 04:30:00+00:00,audusd,0.773225,0.77338,0.77314,0.77333
2021-04-23 04:45:00+00:00,audusd,0.77348,0.77366,0.77314,0.77323
2021-04-23 05:00:00+00:00,audusd,0.77358,0.77371,0.77346,0.773485
2021-04-23 05:15:00+00:00,audusd,0.77296,0.7737,0.77293,0.773585
2021-04-23 05:30:00+00:00,audusd,0.77293,0.77332,0.77283,0.772965
2021-04-23 05:45:00+00:00,audusd,0.773175,0.77333,0.77291,0.77294
2021-04-23 06:00:00+00:00,audusd,0.77312,0.77338,0.77302,0.77317
2021-04-23 06:15:00+00:00,audusd,0.772775,0.77324,0.77261,0.77313
2021-04-23 06:30:00+00:00,audusd,0.77282,0.773,0.77258,0.77278
2021-04-23 06:45:00+00:00,audusd,0.77312,0.7732,0.77271,0.772825
2021-04-23 07:00:00+00:00,audusd,0.77358,0.77358,0.77274,0.77313
2021-04-23 07:15:00+00:00,audusd,0.773805,0.77409,0.77351,0.77359
2021-04-23 07:30:00+00:00,audusd,0.77407,0.77411,0.77327,0.77381
2021-04-23 07:45:00+00:00,audusd,0.773975,0.77447,0.77389,0.77408
2021-04-23 08:00:00+00:00,audusd,0.77353,0.77405,0.773335,0.77397
2021-04-23 08:15:00+00:00,audusd,0.773385,0.77387,0.773385,0.773535
2021-04-23 08:30:00+00:00,audusd,0.77373,0.77382,0.77337,0.77338
2021-04-23 08:45:00+00:00,audusd,0.773525,0.77393,0.773525,0.773735
2021-04-23 09:00:00+00:00,audusd,0.77276,0.77367,0.77276,0.77353
2021-04-23 09:15:00+00:00,audusd,0.772865,0.77332,0.772755,0.772765
2021-04-23 09:30:00+00:00,audusd,0.77299,0.77313,0.77271,0.77287
2021-04-23 09:45:00+00:00,audusd,0.77326,0.773535,0.77298,0.772995
2021-04-23 10:00:00+00:00,audusd,0.77337,0.77375,0.773265,0.773265
2021-04-23 10:15:00+00:00,audusd,0.7734,0.77364,0.77304,0.773375
2021-04-23 10:30:00+00:00,audusd,0.77327,0.77342,0.77312,0.773405
2021-04-23 10:45:00+00:00,audusd,0.773575,0.77378,0.77328,0.77328
2021-04-23 11:00:00+00:00,audusd,0.77326,0.77363,0.77302,0.77358
2021-04-23 11:15:00+00:00,audusd,0.773465,0.77347,0.77294,0.77327
2021-04-23 11:30:00+00:00,audusd,0.773505,0.77382,0.77343,0.77347
2021-04-23 11:45:00+00:00,audusd,0.7739,0.77416,0.77347,0.77351
2021-04-23 12:00:00+00:00,audusd,0.77395,0.77437,0.77378,0.77391
2021-04-23 12:15:00+00:00,audusd,0.77414,0.77427,0.77356,0.773945
2021-04-23 12:30:00+00:00,audusd,0.774215,0.77435,0.77391,0.77415
2021-04-23 12:45:00+00:00,audusd,0.77408,0.77447,0.77401,0.77422
2021-04-23 13:00:00+00:00,audusd,0.77322,0.774355,0.773,0.774085
2021-04-23 13:15:00+00:00,audusd,0.773175,0.77355,0.77309,0.773215
2021-04-23 13:30:00+00:00,audusd,0.77363,0.773905,0.77309,0.77318
2021-04-23 13:45:00+00:00,audusd,0.77347,0.77392,0.77308,0.77362
2021-04-23 14:00:00+00:00,audusd,0.77342,0.77405,0.77341,0.77348
2021-04-23 14:15:00+00:00,audusd,0.77374,0.77396,0.77292,0.773425
2021-04-23 14:30:00+00:00,audusd,0.77324,0.77452,0.77321,0.773745
2021-04-23 14:45:00+00:00,audusd,0.77271,0.7735,0.77253,0.773235
2021-04-23 15:00:00+00:00,audusd,0.773135,0.77329,0.77256,0.772715
2021-04-23 15:15:00+00:00,audusd,0.77356,0.7737,0.77314,0.77314
2021-04-23 15:30:00+00:00,audusd,0.7736,0.77361,0.77319,0.773555
2021-04-23 15:45:00+00:00,audusd,0.77378,0.7741,0.77359,0.77361
2021-04-23 16:00:00+00:00,audusd,0.77344,0.774155,0.7734,0.773785
2021-04-23 16:15:00+00:00,audusd,0.77358,0.773815,0.7734,0.773445
2021-04-23 16:30:00+00:00,audusd,0.77379,0.77382,0.77352,0.773585
2021-04-23 16:45:00+00:00,audusd,0.77405,0.77413,0.77379,0.773795
2021-04-23 17:00:00+00:00,audusd,0.774465,0.77453,0.774,0.774055
2021-04-23 17:15:00+00:00,audusd,0.774515,0.77466,0.774335,0.77447
2021-04-23 17:30:00+00:00,audusd,0.774835,0.774965,0.774515,0.77452
2021-04-23 17:45:00+00:00,audusd,0.77475,0.77487,0.77452,0.77483
2021-04-23 18:00:00+00:00,audusd,0.77491,0.77518,0.774755,0.774755
2021-04-23 18:15:00+00:00,audusd,0.775165,0.775165,0.77475,0.77492
2021-04-23 18:30:00+00:00,audusd,0.77535,0.77538,0.7751,0.77516
2021-04-23 18:45:00+00:00,audusd,0.77569,0.77576,0.77525,0.775355
2021-04-23 19:00:00+00:00,audusd,0.77572,0.77575,0.77541,0.775695
2021-04-23 19:15:00+00:00,audusd,0.77594,0.77595,0.77566,0.77571
2021-04-23 19:30:00+00:00,audusd,0.77581,0.77605,0.77581,0.77593
2021-04-23 19:45:00+00:00,audusd,0.77568,0.7758,0.77552,0.7758
2021-04-23 20:00:00+00:00,audusd,0.77553,0.77568,0.77543,0.775675
2021-04-23 20:15:00+00:00,audusd,0.77562,0.775625,0.77537,0.775525
2021-04-23 20:30:00+00:00,audusd,0.7751,0.77577,0.77507,0.775625
2021-04-23 20:45:00+00:00,audusd,0.774145,0.77525,0.774145,0.775105
2021-04-25 21:00:00+00:00,audusd,0.77434,0.77444,0.77414,0.77428
2021-04-25 21:15:00+00:00,audusd,0.77444,0.77452,0.77423,0.77435
2021-04-25 21:30:00+00:00,audusd,0.77498,0.77518,0.774425,0.77443
2021-04-25 21:45:00+00:00,audusd,0.774725,0.77515,0.77466,0.774985
2021-04-25 22:00:00+00:00,audusd,0.77461,0.77521,0.77457,0.77473
2021-04-25 22:15:00+00:00,audusd,0.774885,0.77495,0.774615,0.774615
2021-04-25 22:30:00+00:00,audusd,0.77474,0.77531,0.77463,0.77489
2021-04-25 22:45:00+00:00,audusd,0.77471,0.774965,0.77471,0.77475
2021-04-25 23:00:00+00:00,audusd,0.7749,0.77507,0.77446,0.774715
2021-04-25 23:15:00+00:00,audusd,0.77482,0.77491,0.77464,0.774895
2021-04-25 23:30:00+00:00,audusd,0.77497,0.774975,0.774635,0.774825
2021-04-25 23:45:00+00:00,audusd,0.77425,0.77497,0.77424,0.77496
2021-04-26 00:00:00+00:00,audusd,0.77501,0.77511,0.77424,0.77426
2021-04-26 00:15:00+00:00,audusd,0.77542,0.775495,0.77481,0.775
2021-04-26 00:30:00+00:00,audusd,0.775885,0.77617,0.77541,0.77541
2021-04-26 00:45:00+00:00,audusd,0.77571,0.77596,0.77561,0.77589
2021-04-26 01:00:00+00:00,audusd,0.77603,0.77651,0.77562,0.775715
2021-04-26 01:15:00+00:00,audusd,0.77659,0.77666,0.775815,0.776035
2021-04-26 01:30:00+00:00,audusd,0.776295,0.77667,0.77611,0.77658
2021-04-26 01:45:00+00:00,audusd,0.77705,0.77741,0.7763,0.7763
2021-04-26 02:00:00+00:00,audusd,0.77736,0.77738,0.77668,0.777045
2021-04-26 02:15:00+00:00,audusd,0.777595,0.77767,0.77696,0.777355
2021-04-26 02:30:00+00:00,audusd,0.77732,0.77764,0.77717,0.7776
2021-04-26 02:45:00+00:00,audusd,0.77757,0.777675,0.7771,0.777315
2021-04-26 03:00:00+00:00,audusd,0.77773,0.77778,0.77737,0.777565
2021-04-26 03:15:00+00:00,audusd,0.77768,0.77811,0.7775,0.777735
2021-04-26 03:30:00+00:00,audusd,0.777535,0.77772,0.777375,0.777685
2021-04-26 03:45:00+00:00,audusd,0.777425,0.777625,0.77731,0.77754
2021-04-26 04:00:00+00:00,audusd,0.77765,0.7781,0.777405,0.77742
2021-04-26 04:15:00+00:00,audusd,0.77749,0.77771,0.77743,0.77766
2021-04-26 04:30:00+00:00,audusd,0.77751,0.77765,0.77741,0.777495
2021-04-26 04:45:00+00:00,audusd,0.77743,0.777665,0.77741,0.777515
2021-04-26 05:00:00+00:00,audusd,0.77718,0.77751,0.77707,0.777435
2021-04-26 05:15:00+00:00,audusd,0.77734,0.77766,0.77718,0.777185
2021-04-26 05:30:00+00:00,audusd,0.77736,0.77794,0.77727,0.77735
2021-04-26 05:45:00+00:00,audusd,0.77707,0.77757,0.77707,0.777355
2021-04-26 06:00:00+00:00,audusd,0.77694,0.777175,0.776555,0.77707
2021-04-26 06:15:00+00:00,audusd,0.77716,0.77717,0.77659,0.776945
2021-04-26 06:30:00+00:00,audusd,0.77702,0.77723,0.77656,0.77717
2021-04-26 06:45:00+00:00,audusd,0.77672,0.77714,0.77659,0.77701
2021-04-26 07:00:00+00:00,audusd,0.777855,0.777935,0.776595,0.776715
2021-04-26 07:15:00+00:00,audusd,0.77763,0.77797,0.77746,0.77786
2021-04-26 07:30:00+00:00,audusd,0.77748,0.77768,0.77697,0.777625
2021-04-26 07:45:00+00:00,audusd,0.777875,0.77792,0.77737,0.777485
2021-04-26 08:00:00+00:00,audusd,0.77817,0.77848,0.77757,0.77788
2021-04-26 08:15:00+00:00,audusd,0.77791,0.77841,0.77784,0.77818
2021-04-26 08:30:00+00:00,audusd,0.777725,0.77809,0.77747,0.777915
2021-04-26 08:45:00+00:00,audusd,0.77771,0.77784,0.77727,0.77773
2021-04-26 09:00:00+00:00,audusd,0.77814,0.77816,0.77752,0.77772
2021-04-26 09:15:00+00:00,audusd,0.77891,0.77909,0.778145,0.778145
2021-04-26 09:30:00+00:00,audusd,0.77907,0.779075,0.77852,0.778915
2021-04-26 09:45:00+00:00,audusd,0.77916,0.77934,0.779,0.779075
2021-04-26 10:00:00+00:00,audusd,0.779425,0.77976,0.77912,0.779155
2021-04-26 10:15:00+00:00,audusd,0.779415,0.77952,0.77904,0.77943
2021-04-26 10:30:00+00:00,audusd,0.77893,0.77944,0.7788,0.77942
2021-04-26 10:45:00+00:00,audusd,0.77857,0.77898,0.77856,0.77894
2021-04-26 11:00:00+00:00,audusd,0.77867,0.77885,0.77815,0.778575
2021-04-26 11:15:00+00:00,audusd,0.77872,0.77887,0.77848,0.778675
2021-04-26 11:30:00+00:00,audusd,0.77808,0.778855,0.77803,0.778715
2021-04-26 11:45:00+00:00,audusd,0.77818,0.77844,0.77788,0.77809
2021-04-26 12:00:00+00:00,audusd,0.77881,0.77889,0.77813,0.77819
2021-04-26 12:15:00+00:00,audusd,0.77838,0.779005,0.77835,0.778805
2021-04-26 12:30:00+00:00,audusd,0.77894,0.77912,0.77828,0.778385
2021-04-26 12:45:00+00:00,audusd,0.77914,0.77962,0.77875,0.778945
2021-04-26 13:00:00+00:00,audusd,0.77893,0.77928,0.77857,0.77913
2021-04-26 13:15:00+00:00,audusd,0.77929,0.77929,0.77856,0.778935
2021-04-26 13:30:00+00:00,audusd,0.77928,0.779835,0.778815,0.779305
2021-04-26 13:45:00+00:00,audusd,0.77912,0.77933,0.77873,0.77929
2021-04-26 14:00:00+00:00,audusd,0.77992,0.78004,0.77909,0.779125
2021-04-26 14:15:00+00:00,audusd,0.77997,0.78026,0.77983,0.779925
2021-04-26 14:30:00+00:00,audusd,0.7802,0.78027,0.77986,0.779965
2021-04-26 14:45:00+00:00,audusd,0.78093,0.78139,0.780205,0.780205
2021-04-26 15:00:00+00:00,audusd,0.78033,0.78152,0.7802,0.78093
2021-04-26 15:15:00+00:00,audusd,0.7804,0.78045,0.78019,0.780335
2021-04-26 15:30:00+00:00,audusd,0.78016,0.780555,0.77987,0.78041
2021-04-26 15:45:00+00:00,audusd,0.78012,0.78019,0.77975,0.780155
2021-04-26 16:00:00+00:00,audusd,0.779775,0.78013,0.77962,0.780125
2021-04-26 16:15:00+00:00,audusd,0.78,0.78008,0.77963,0.77977
2021-04-26 16:30:00+00:00,audusd,0.780065,0.78023,0.779955,0.780005
2021-04-26 16:45:00+00:00,audusd,0.78013,0.78025,0.77998,0.78007
2021-04-26 17:00:00+00:00,audusd,0.78025,0.78045,0.78014,0.78014
2021-04-26 17:15:00+00:00,audusd,0.780255,0.78031,0.78007,0.780255
2021-04-26 17:30:00+00:00,audusd,0.78016,0.78041,0.780065,0.78026
2021-04-26 17:45:00+00:00,audusd,0.78029,0.78033,0.780115,0.780155
2021-04-26 18:00:00+00:00,audusd,0.78051,0.7807,0.78027,0.78028
2021-04-26 18:15:00+00:00,audusd,0.78051,0.78063,0.78039,0.78052
2021-04-26 18:30:00+00:00,audusd,0.78019,0.78054,0.78014,0.780505
2021-04-26 18:45:00+00:00,audusd,0.780575,0.78061,0.78014,0.780195
2021-04-26 19:00:00+00:00,audusd,0.78055,0.78059,0.78035,0.78057
2021-04-26 19:15:00+00:00,audusd,0.78005,0.7806,0.780025,0.780555
2021-04-26 19:30:00+00:00,audusd,0.78017,0.78036,0.77982,0.78004
2021-04-26 19:45:00+00:00,audusd,0.78029,0.78029,0.78001,0.780165
2021-04-26 20:00:00+00:00,audusd,0.78003,0.78029,0.7799,0.780285
2021-04-26 20:15:00+00:00,audusd,0.77979,0.780025,0.779775,0.780025
2021-04-26 20:30:00+00:00,audusd,0.78005,0.780055,0.7798,0.7798
2021-04-26 20:45:00+00:00,audusd,0.77999,0.78025,0.77988,0.780055
2021-04-26 21:00:00+00:00,audusd,0.77985,0.77985,0.77965,0.77983
2021-04-26 21:15:00+00:00,audusd,0.78025,0.78032,0.779835,0.779835
2021-04-26 21:30:00+00:00,audusd,0.78029,0.78038,0.77987,0.78024
2021-04-26 21:45:00+00:00,audusd,0.78018,0.78041,0.77986,0.78028
2021-04-26 22:00:00+00:00,audusd,0.77968,0.780305,0.77967,0.78017
2021-04-26 22:15:00+00:00,audusd,0.77977,0.77981,0.77962,0.779685
2021-04-26 22:30:00+00:00,audusd,0.77994,0.78,0.7797,0.7798
2021-04-26 22:45:00+00:00,audusd,0.77974,0.77996,0.77972,0.779935
2021-04-26 23:00:00+00:00,audusd,0.77961,0.77987,0.77957,0.77973
2021-04-26 23:15:00+00:00,audusd,0.77966,0.77969,0.77947,0.779615
2021-04-26 23:30:00+00:00,audusd,0.77982,0.77996,0.77954,0.779655
2021-04-26 23:45:00+00:00,audusd,0.77969,0.77994,0.77969,0.77981
2021-04-27 00:00:00+00:00,audusd,0.78012,0.780385,0.77946,0.779685
2021-04-27 00:15:00+00:00,audusd,0.77988,0.78015,0.77977,0.78011
2021-04-27 00:30:00+00:00,audusd,0.77903,0.779875,0.77894,0.779875
2021-04-27 00:45:00+00:00,audusd,0.77935,0.77946,0.778945,0.779025
2021-04-27 01:00:00+00:00,audusd,0.779045,0.77968,0.7788,0.77934
2021-04-27 01:15:00+00:00,audusd,0.77895,0.77908,0.77868,0.77905
2021-04-27 01:30:00+00:00,audusd,0.77904,0.779305,0.77862,0.77896
2021-04-27 01:45:00+00:00,audusd,0.77906,0.779345,0.77891,0.779035
2021-04-27 02:00:00+00:00,audusd,0.77885,0.7791,0.77849,0.779065
2021-04-27 02:15:00+00:00,audusd,0.77818,0.778955,0.77816,0.77884
2021-04-27 02:30:00+00:00,audusd,0.77831,0.778355,0.778015,0.778175
2021-04-27 02:45:00+00:00,audusd,0.7785,0.7786,0.778185,0.7783
2021-04-27 03:00:00+00:00,audusd,0.779,0.779,0.77835,0.77849
2021-04-27 03:15:00+00:00,audusd,0.77896,0.77924,0.77896,0.778995
2021-04-27 03:30:00+00:00,audusd,0.7787,0.779105,0.7787,0.778955
2021-04-27 03:45:00+00:00,audusd,0.77845,0.77869,0.77832,0.77869
2021-04-27 04:00:00+00:00,audusd,0.77861,0.77873,0.77829,0.77842
2021-04-27 04:15:00+00:00,audusd,0.778975,0.77907,0.77857,0.77862
2021-04-27 04:30:00+00:00,audusd,0.77883,0.7791,0.7788,0.77897
2021-04-27 04:45:00+00:00,audusd,0.77904,0.77912,0.778785,0.778825
2021-04-27 05:00:00+00:00,audusd,0.77914,0.779325,0.77891,0.779035
2021-04-27 05:15:00+00:00,audusd,0.77944,0.77948,0.77902,0.779135
2021-04-27 05:30:00+00:00,audusd,0.7798,0.78,0.77942,0.779435
2021-04-27 05:45:00+00:00,audusd,0.7799,0.7799,0.7796,0.779795
2021-04-27 06:00:00+00:00,audusd,0.77949,0.779985,0.77944,0.779905
2021-04-27 06:15:00+00:00,audusd,0.77949,0.77966,0.77914,0.77948
2021-04-27 06:30:00+00:00,audusd,0.778805,0.77952,0.778695,0.77948
2021-04-27 06:45:00+00:00,audusd,0.77893,0.77893,0.77857,0.7788
2021-04-27 07:00:00+00:00,audusd,0.77865,0.7793,0.778475,0.77894
2021-04-27 07:15:00+00:00,audusd,0.77844,0.77894,0.77833,0.77866
2021-04-27 07:30:00+00:00,audusd,0.77847,0.77881,0.77821,0.778445
2021-04-27 07:45:00+00:00,audusd,0.77838,0.77853,0.77821,0.778465
2021-04-27 08:00:00+00:00,audusd,0.77739,0.77845,0.77721,0.778375
2021-04-27 08:15:00+00:00,audusd,0.77762,0.77791,0.777295,0.777385
2021-04-27 08:30:00+00:00,audusd,0.77739,0.77765,0.777245,0.777615
2021-04-27 08:45:00+00:00,audusd,0.77711,0.777495,0.77702,0.777385
2021-04-27 09:00:00+00:00,audusd,0.77673,0.77733,0.77667,0.777115
2021-04-27 09:15:00+00:00,audusd,0.77728,0.77732,0.77667,0.77672
2021-04-27 09:30:00+00:00,audusd,0.77681,0.77732,0.77677,0.77727
2021-04-27 09:45:00+00:00,audusd,0.777,0.77701,0.77659,0.776815
2021-04-27 10:00:00+00:00,audusd,0.7773,0.77749,0.776895,0.777005
2021-04-27 10:15:00+00:00,audusd,0.77725,0.77748,0.77706,0.777295
2021-04-27 10:30:00+00:00,audusd,0.77784,0.77784,0.77722,0.777245
2021-04-27 10:45:00+00:00,audusd,0.77825,0.77834,0.77763,0.777835
2021-04-27 11:00:00+00:00,audusd,0.778205,0.7783,0.77785,0.778255
2021-04-27 11:15:00+00:00,audusd,0.77845,0.778465,0.77811,0.77821
2021-04-27 11:30:00+00:00,audusd,0.77845,0.778695,0.7783,0.77844
2021-04-27 11:45:00+00:00,audusd,0.77865,0.77875,0.77829,0.778455
2021-04-27 12:00:00+00:00,audusd,0.77824,0.77866,0.778005,0.778655
2021-04-27 12:15:00+00:00,audusd,0.77812,0.77841,0.77805,0.77825
2021-04-27 12:30:00+00:00,audusd,0.777655,0.778115,0.77747,0.778115
2021-04-27 12:45:00+00:00,audusd,0.77768,0.77809,0.77758,0.77766
2021-04-27 13:00:00+00:00,audusd,0.777645,0.77802,0.7774,0.777685
2021-04-27 13:15:00+00:00,audusd,0.777335,0.77771,0.777145,0.77765
2021-04-27 13:30:00+00:00,audusd,0.7772,0.77764,0.7771,0.77733
2021-04-27 13:45:00+00:00,audusd,0.77712,0.77766,0.77698,0.777195
2021-04-27 14:00:00+00:00,audusd,0.77754,0.77754,0.7767,0.777115
2021-04-27 14:15:00+00:00,audusd,0.77754,0.77759,0.777125,0.777535
2021-04-27 14:30:00+00:00,audusd,0.77665,0.77772,0.77641,0.777535
2021-04-27 14:45:00+00:00,audusd,0.777295,0.77774,0.776515,0.77664
2021-04-27 15:00:00+00:00,audusd,0.77718,0.77738,0.77696,0.7773
2021-04-27 15:15:00+00:00,audusd,0.77708,0.77736,0.77703,0.777185
2021-04-27 15:30:00+00:00,audusd,0.77728,0.7774,0.77703,0.777095
2021-04-27 15:45:00+00:00,audusd,0.77744,0.77765,0.77695,0.777275
2021-04-27 16:00:00+00:00,audusd,0.777325,0.77756,0.77721,0.777435
2021-04-27 16:15:00+00:00,audusd,0.77696,0.77735,0.77689,0.77733
2021-04-27 16:30:00+00:00,audusd,0.77729,0.77729,0.77694,0.77697
2021-04-27 16:45:00+00:00,audusd,0.77672,0.77729,0.77661,0.77728
2021-04-27 17:00:00+00:00,audusd,0.77712,0.77724,0.7766,0.776725
2021-04-27 17:15:00+00:00,audusd,0.77699,0.77724,0.77691,0.777115
2021-04-27 17:30:00+00:00,audusd,0.7769,0.7771,0.77685,0.77698
2021-04-27 17:45:00+00:00,audusd,0.77682,0.776935,0.77671,0.77689
2021-04-27 18:00:00+00:00,audusd,0.77624,0.77685,0.776175,0.77683
2021-04-27 18:15:00+00:00,audusd,0.77689,0.776895,0.77623,0.77623
2021-04-27 18:30:00+00:00,audusd,0.77671,0.7769,0.77666,0.776885
2021-04-27 18:45:00+00:00,audusd,0.77656,0.77677,0.77652,0.7767
2021-04-27 19:00:00+00:00,audusd,0.77681,0.77684,0.7765,0.77655
2021-04-27 19:15:00+00:00,audusd,0.776655,0.77689,0.776615,0.776815
2021-04-27 19:30:00+00:00,audusd,0.77678,0.776875,0.77664,0.77665
2021-04-27 19:45:00+00:00,audusd,0.77662,0.77686,0.77661,0.776785
2021-04-27 20:00:00+00:00,audusd,0.77679,0.77683,0.77662,0.776625
2021-04-27 20:15:00+00:00,audusd,0.776715,0.77684,0.77671,0.776785
2021-04-27 20:30:00+00:00,audusd,0.77696,0.77697,0.7767,0.77671
2021-04-27 20:45:00+00:00,audusd,0.77658,0.776965,0.77657,0.77695
2021-04-27 21:00:00+00:00,audusd,0.7765,0.7768,0.776435,0.776765
2021-04-27 21:15:00+00:00,audusd,0.7768,0.77681,0.77648,0.776515
2021-04-27 21:30:00+00:00,audusd,0.776905,0.77703,0.776785,0.776805
2021-04-27 21:45:00+00:00,audusd,0.77697,0.77718,0.77688,0.7769
2021-04-27 22:00:00+00:00,audusd,0.77669,0.77699,0.77666,0.77698
2021-04-27 22:15:00+00:00,audusd,0.77665,0.77681,0.77665,0.776695
2021-04-27 22:30:00+00:00,audusd,0.77661,0.7767,0.77638,0.77666
2021-04-27 22:45:00+00:00,audusd,0.776775,0.7769,0.77658,0.7766
2021-04-27 23:00:00+00:00,audusd,0.77681,0.777065,0.77677,0.77677
2021-04-27 23:15:00+00:00,audusd,0.77684,0.77695,0.77676,0.77682
2021-04-27 23:30:00+00:00,audusd,0.77681,0.77703,0.77681,0.77685
2021-04-27 23:45:00+00:00,audusd,0.776755,0.776985,0.77671,0.776815
2021-04-28 00:00:00+00:00,audusd,0.7763,0.776775,0.77592,0.77676
2021-04-28 00:15:00+00:00,audusd,0.77588,0.77639,0.77588,0.77631
2021-04-28 00:30:00+00:00,audusd,0.77541,0.77598,0.775175,0.77587
2021-04-28 00:45:00+00:00,audusd,0.77546,0.77563,0.7752,0.775415
2021-04-28 01:00:00+00:00,audusd,0.7756,0.776065,0.77536,0.77545
2021-04-28 01:15:00+00:00,audusd,0.77563,0.77596,0.775355,0.775605
2021-04-28 01:30:00+00:00,audusd,0.77338,0.77563,0.772535,0.77557
2021-04-28 01:45:00+00:00,audusd,0.77365,0.773845,0.77322,0.773385
2021-04-28 02:00:00+00:00,audusd,0.77412,0.77418,0.77345,0.773645
2021-04-28 02:15:00+00:00,audusd,0.77393,0.774395,0.77385,0.774125
2021-04-28 02:30:00+00:00,audusd,0.773555,0.773955,0.77346,0.773925
2021-04-28 02:45:00+00:00,audusd,0.773885,0.77403,0.77343,0.77356
2021-04-28 03:00:00+00:00,audusd,0.77379,0.7741,0.77371,0.77388
2021-04-28 03:15:00+00:00,audusd,0.774085,0.774085,0.77374,0.773795
2021-04-28 03:30:00+00:00,audusd,0.77426,0.77435,0.77405,0.77408
2021-04-28 03:45:00+00:00,audusd,0.7741,0.77425,0.774,0.77425
2021-04-28 04:00:00+00:00,audusd,0.77434,0.77446,0.77404,0.774095
2021-04-28 04:15:00+00:00,audusd,0.77492,0.77493,0.774295,0.774335
2021-04-28 04:30:00+00:00,audusd,0.77449,0.774915,0.77446,0.774915
2021-04-28 04:45:00+00:00,audusd,0.77442,0.77466,0.77436,0.774485
2021-04-28 05:00:00+00:00,audusd,0.774445,0.77456,0.77435,0.77443
2021-04-28 05:15:00+00:00,audusd,0.774615,0.77472,0.77442,0.77444
2021-04-28 05:30:00+00:00,audusd,0.774175,0.77481,0.77417,0.77461
2021-04-28 05:45:00+00:00,audusd,0.7744,0.77459,0.7741,0.77418
2021-04-28 06:00:00+00:00,audusd,0.77454,0.77466,0.77409,0.77439
2021-04-28 06:15:00+00:00,audusd,0.774365,0.775005,0.77414,0.774545
2021-04-28 06:30:00+00:00,audusd,0.77422,0.77441,0.77407,0.77436
2021-04-28 06:45:00+00:00,audusd,0.77355,0.77429,0.77355,0.77423
2021-04-28 07:00:00+00:00,audusd,0.77363,0.774,0.77353,0.773555
2021-04-28 07:15:00+00:00,audusd,0.7733,0.773945,0.7733,0.773625
2021-04-28 07:30:00+00:00,audusd,0.77394,0.77421,0.7732,0.773305
2021-04-28 07:45:00+00:00,audusd,0.77421,0.774475,0.77379,0.773935
2021-04-28 08:00:00+00:00,audusd,0.77407,0.77446,0.77402,0.774215
2021-04-28 08:15:00+00:00,audusd,0.774365,0.77438,0.77371,0.77405
2021-04-28 08:30:00+00:00,audusd,0.77462,0.775,0.77431,0.77437
2021-04-28 08:45:00+00:00,audusd,0.77456,0.77473,0.77438,0.774625
2021-04-28 09:00:00+00:00,audusd,0.774455,0.774685,0.77421,0.774555
2021-04-28 09:15:00+00:00,audusd,0.77418,0.77448,0.77409,0.77446
2021-04-28 09:30:00+00:00,audusd,0.7747,0.7747,0.77412,0.774175
2021-04-28 09:45:00+00:00,audusd,0.77472,0.774875,0.77431,0.774705
2021-04-28 10:00:00+00:00,audusd,0.7749,0.77501,0.77455,0.774715
2021-04-28 10:15:00+00:00,audusd,0.7748,0.774895,0.77463,0.774895
2021-04-28 10:30:00+00:00,audusd,0.77457,0.77485,0.774525,0.774795
2021-04-28 10:45:00+00:00,audusd,0.77479,0.77497,0.77455,0.77458
2021-04-28 11:00:00+00:00,audusd,0.77434,0.774825,0.77433,0.774785
2021-04-28 11:15:00+00:00,audusd,0.77416,0.77455,0.77412,0.77433
2021-04-28 11:30:00+00:00,audusd,0.77493,0.77529,0.774045,0.774155
2021-04-28 11:45:00+00:00,audusd,0.77464,0.77506,0.774555,0.774935
2021-04-28 12:00:00+00:00,audusd,0.7749,0.77532,0.77458,0.77463
2021-04-28 12:15:00+00:00,audusd,0.77455,0.77528,0.77454,0.774905
2021-04-28 12:30:00+00:00,audusd,0.77467,0.77502,0.77444,0.774545
2021-04-28 12:45:00+00:00,audusd,0.774745,0.7748,0.7743,0.77466
2021-04-28 13:00:00+00:00,audusd,0.7747,0.77509,0.77441,0.77474
2021-04-28 13:15:00+00:00,audusd,0.77445,0.77486,0.77438,0.774695
2021-04-28 13:30:00+00:00,audusd,0.77454,0.7747,0.774115,0.77446
2021-04-28 13:45:00+00:00,audusd,0.77538,0.7754,0.77453,0.77453
2021-04-28 14:00:00+00:00,audusd,0.77644,0.77645,0.77534,0.77539
2021-04-28 14:15:00+00:00,audusd,0.77686,0.77714,0.77626,0.776445
2021-04-28 14:30:00+00:00,audusd,0.77728,0.77735,0.77679,0.776885
2021-04-28 14:45:00+00:00,audusd,0.77658,0.777305,0.77628,0.777275
2021-04-28 15:00:00+00:00,audusd,0.77687,0.77703,0.776425,0.776645
2021-04-28 15:15:00+00:00,audusd,0.77703,0.77733,0.77679,0.776855
2021-04-28 15:30:00+00:00,audusd,0.77693,0.77722,0.77676,0.777025
2021-04-28 15:45:00+00:00,audusd,0.776765,0.776955,0.77658,0.77692
2021-04-28 16:00:00+00:00,audusd,0.77672,0.77692,0.77656,0.77676
2021-04-28 16:15:00+00:00,audusd,0.7769,0.776925,0.77667,0.77671
2021-04-28 16:30:00+00:00,audusd,0.77672,0.77702,0.776705,0.776905
2021-04-28 16:45:00+00:00,audusd,0.77672,0.77695,0.77671,0.776715
2021-04-28 17:00:00+00:00,audusd,0.77647,0.77682,0.77644,0.77671
2021-04-28 17:15:00+00:00,audusd,0.77649,0.77651,0.77612,0.77648
2021-04-28 17:30:00+00:00,audusd,0.77628,0.776505,0.7762,0.776495
2021-04-28 17:45:00+00:00,audusd,0.77622,0.77647,0.77609,0.776275
2021-04-28 18:00:00+00:00,audusd,0.776685,0.777195,0.77525,0.776215
2021-04-28 18:15:00+00:00,audusd,0.77774,0.77799,0.7766,0.77668
2021-04-28 18:30:00+00:00,audusd,0.77962,0.780095,0.77723,0.77773
2021-04-28 18:45:00+00:00,audusd,0.77938,0.78012,0.77887,0.779625
2021-04-28 19:00:00+00:00,audusd,0.77828,0.77947,0.778015,0.779375
2021-04-28 19:15:00+00:00,audusd,0.77874,0.77881,0.77822,0.77829
2021-04-28 19:30:00+00:00,audusd,0.77926,0.77949,0.778525,0.778745
2021-04-28 19:45:00+00:00,audusd,0.77928,0.77932,0.77887,0.77925
2021-04-28 20:00:00+00:00,audusd,0.77902,0.77963,0.77899,0.7793
2021-04-28 20:15:00+00:00,audusd,0.77899,0.77923,0.77899,0.77903
2021-04-28 20:30:00+00:00,audusd,0.77906,0.77922,0.77888,0.778985
2021-04-28 20:45:00+00:00,audusd,0.77907,0.77939,0.779025,0.779055
2021-04-28 21:00:00+00:00,audusd,0.779255,0.779255,0.77858,0.779025
2021-04-28 21:15:00+00:00,audusd,0.77873,0.77927,0.77865,0.77921
2021-04-28 21:30:00+00:00,audusd,0.77901,0.77904,0.77874,0.77874
2021-04-28 21:45:00+00:00,audusd,0.77902,0.77903,0.7789,0.77902
2021-04-28 22:00:00+00:00,audusd,0.77927,0.77929,0.77893,0.779015
2021-04-28 22:15:00+00:00,audusd,0.77983,0.78003,0.77923,0.77926
2021-04-28 22:30:00+00:00,audusd,0.77999,0.78021,0.77971,0.779835
2021-04-28 22:45:00+00:00,audusd,0.78023,0.78063,0.78,0.78
2021-04-28 23:00:00+00:00,audusd,0.78013,0.78036,0.78003,0.780235
2021-04-28 23:15:00+00:00,audusd,0.77988,0.78026,0.779875,0.78014
2021-04-28 23:30:00+00:00,audusd,0.77993,0.78009,0.77984,0.779875
2021-04-28 23:45:00+00:00,audusd,0.78012,0.78024,0.779865,0.779935
2021-04-29 00:00:00+00:00,audusd,0.78047,0.780805,0.78009,0.780125
2021-04-29 00:15:00+00:00,audusd,0.780265,0.78064,0.78023,0.780465
2021-04-29 00:30:00+00:00,audusd,0.780065,0.78042,0.78006,0.78027
2021-04-29 00:45:00+00:00,audusd,0.78054,0.780715,0.78003,0.78006
2021-04-29 01:00:00+00:00,audusd,0.78063,0.78085,0.780315,0.78055
2021-04-29 01:15:00+00:00,audusd,0.78076,0.78082,0.780315,0.78064
2021-04-29 01:30:00+00:00,audusd,0.781315,0.78142,0.78076,0.780765
2021-04-29 01:45:00+00:00,audusd,0.781465,0.7818,0.78128,0.78131
2021-04-29 02:00:00+00:00,audusd,0.78082,0.781675,0.78074,0.78147
2021-04-29 02:15:00+00:00,audusd,0.780185,0.78084,0.78016,0.780815
2021-04-29 02:30:00+00:00,audusd,0.78006,0.78042,0.78005,0.78018
2021-04-29 02:45:00+00:00,audusd,0.77907,0.78013,0.77901,0.78007
2021-04-29 03:00:00+00:00,audusd,0.77888,0.77922,0.77846,0.77908
2021-04-29 03:15:00+00:00,audusd,0.77894,0.77916,0.7788,0.778875
2021-04-29 03:30:00+00:00,audusd,0.77856,0.77896,0.77834,0.778945
2021-04-29 03:45:00+00:00,audusd,0.77858,0.77868,0.77828,0.77855
2021-04-29 04:00:00+00:00,audusd,0.77871,0.77882,0.77847,0.77857
2021-04-29 04:15:00+00:00,audusd,0.77866,0.77886,0.77849,0.77872
2021-04-29 04:30:00+00:00,audusd,0.77877,0.77879,0.77847,0.778665
2021-04-29 04:45:00+00:00,audusd,0.77877,0.77906,0.77875,0.778775
2021-04-29 05:00:00+00:00,audusd,0.779165,0.77943,0.77872,0.77878
2021-04-29 05:15:00+00:00,audusd,0.77906,0.77934,0.779055,0.77916
2021-04-29 05:30:00+00:00,audusd,0.77912,0.77926,0.77892,0.779065
2021-04-29 05:45:00+00:00,audusd,0.77956,0.779665,0.7791,0.77911
2021-04-29 06:00:00+00:00,audusd,0.779325,0.77973,0.77907,0.77955
2021-04-29 06:15:00+00:00,audusd,0.778955,0.77957,0.77882,0.77932
2021-04-29 06:30:00+00:00,audusd,0.77865,0.779145,0.778305,0.77896
2021-04-29 06:45:00+00:00,audusd,0.77865,0.77871,0.77821,0.778645
2021-04-29 07:00:00+00:00,audusd,0.77893,0.77906,0.778585,0.77866
2021-04-29 07:15:00+00:00,audusd,0.7792,0.77941,0.77873,0.77894
2021-04-29 07:30:00+00:00,audusd,0.77936,0.77967,0.778955,0.77921
2021-04-29 07:45:00+00:00,audusd,0.778725,0.77947,0.7786,0.779365
2021-04-29 08:00:00+00:00,audusd,0.77882,0.77935,0.77865,0.77872
2021-04-29 08:15:00+00:00,audusd,0.7778,0.779,0.77764,0.778815
2021-04-29 08:30:00+00:00,audusd,0.77764,0.77787,0.777335,0.77781
2021-04-29 08:45:00+00:00,audusd,0.77777,0.777915,0.77752,0.777635
2021-04-29 09:00:00+00:00,audusd,0.77771,0.77791,0.77751,0.77776
2021-04-29 09:15:00+00:00,audusd,0.77781,0.77792,0.77755,0.7777
2021-04-29 09:30:00+00:00,audusd,0.77766,0.77817,0.77749,0.7778
2021-04-29 09:45:00+00:00,audusd,0.77792,0.77841,0.77756,0.777655
2021-04-29 10:00:00+00:00,audusd,0.77849,0.77856,0.777865,0.777915
2021-04-29 10:15:00+00:00,audusd,0.77839,0.77871,0.7783,0.77848
2021-04-29 10:30:00+00:00,audusd,0.77846,0.77859,0.77825,0.7784
2021-04-29 10:45:00+00:00,audusd,0.778925,0.77893,0.778415,0.77847
2021-04-29 11:00:00+00:00,audusd,0.77932,0.7795,0.778765,0.77892
2021-04-29 11:15:00+00:00,audusd,0.77984,0.77984,0.77927,0.77933
2021-04-29 11:30:00+00:00,audusd,0.77997,0.780255,0.77968,0.77983
2021-04-29 11:45:00+00:00,audusd,0.77978,0.78005,0.77965,0.779965
2021-04-29 12:00:00+00:00,audusd,0.77978,0.78002,0.779575,0.779785
2021-04-29 12:15:00+00:00,audusd,0.77933,0.779885,0.77912,0.779785
2021-04-29 12:30:00+00:00,audusd,0.78005,0.780175,0.77929,0.77934
2021-04-29 12:45:00+00:00,audusd,0.77938,0.78008,0.77932,0.780055
2021-04-29 13:00:00+00:00,audusd,0.77799,0.77948,0.77774,0.77937
2021-04-29 13:15:00+00:00,audusd,0.77851,0.77859,0.777525,0.777985
2021-04-29 13:30:00+00:00,audusd,0.77803,0.77869,0.777835,0.778515
2021-04-29 13:45:00+00:00,audusd,0.77707,0.77815,0.7767,0.77802
2021-04-29 14:00:00+00:00,audusd,0.776645,0.777085,0.77622,0.777075
2021-04-29 14:15:00+00:00,audusd,0.77608,0.776655,0.77556,0.77664
2021-04-29 14:30:00+00:00,audusd,0.77592,0.77603,0.77523,0.775875
2021-04-29 14:45:00+00:00,audusd,0.77656,0.7768,0.77569,0.77593
2021-04-29 15:00:00+00:00,audusd,0.7771,0.77712,0.776365,0.776595
2021-04-29 15:15:00+00:00,audusd,0.77682,0.77709,0.7767,0.77709
2021-04-29 15:30:00+00:00,audusd,0.77605,0.77684,0.77596,0.77683
2021-04-29 15:45:00+00:00,audusd,0.77582,0.776445,0.775695,0.776055
2021-04-29 16:00:00+00:00,audusd,0.77559,0.775905,0.77505,0.77581
2021-04-29 16:15:00+00:00,audusd,0.77569,0.77575,0.77534,0.77558
2021-04-29 16:30:00+00:00,audusd,0.77626,0.7763,0.77559,0.775695
2021-04-29 16:45:00+00:00,audusd,0.7764,0.77656,0.77619,0.77625
2021-04-29 17:00:00+00:00,audusd,0.776405,0.776565,0.77621,0.77639
2021-04-29 17:15:00+00:00,audusd,0.77635,0.776495,0.77624,0.7764
2021-04-29 17:30:00+00:00,audusd,0.776275,0.776445,0.77599,0.776355
2021-04-29 17:45:00+00:00,audusd,0.77627,0.77643,0.77611,0.77627
2021-04-29 18:00:00+00:00,audusd,0.776345,0.77645,0.7761,0.77626
2021-04-29 18:15:00+00:00,audusd,0.77661,0.77661,0.776305,0.77634
2021-04-29 18:30:00+00:00,audusd,0.77726,0.77726,0.77662,0.77662
2021-04-29 18:45:00+00:00,audusd,0.777565,0.77767,0.777245,0.777265
2021-04-29 19:00:00+00:00,audusd,0.77755,0.77772,0.777495,0.77757
2021-04-29 19:15:00+00:00,audusd,0.7771,0.77755,0.77705,0.777545
2021-04-29 19:30:00+00:00,audusd,0.77729,0.77735,0.77706,0.77711
2021-04-29 19:45:00+00:00,audusd,0.7774,0.7775,0.77724,0.777295
2021-04-29 20:00:00+00:00,audusd,0.77729,0.777395,0.77718,0.777395
2021-04-29 20:15:00+00:00,audusd,0.77661,0.77742,0.77659,0.777285
2021-04-29 20:30:00+00:00,audusd,0.77659,0.77667,0.776505,0.776615
2021-04-29 20:45:00+00:00,audusd,0.77667,0.77669,0.776455,0.776585
2021-04-29 21:00:00+00:00,audusd,0.77688,0.77696,0.77648,0.77652
2021-04-29 21:15:00+00:00,audusd,0.77677,0.77714,0.77664,0.77689
2021-04-29 21:30:00+00:00,audusd,0.77678,0.77712,0.77667,0.77676
2021-04-29 21:45:00+00:00,audusd,0.77689,0.77706,0.77673,0.77677
2021-04-29 22:00:00+00:00,audusd,0.77672,0.77694,0.77668,0.7769
2021-04-29 22:15:00+00:00,audusd,0.77673,0.7768,0.77666,0.776725
2021-04-29 22:30:00+00:00,audusd,0.7769,0.776905,0.77671,0.776735
2021-04-29 22:45:00+00:00,audusd,0.77716,0.77716,0.77666,0.77689
2021-04-29 23:00:00+00:00,audusd,0.77724,0.777285,0.77703,0.777155
2021-04-29 23:15:00+00:00,audusd,0.77753,0.7776,0.7771,0.77723
2021-04-29 23:30:00+00:00,audusd,0.77766,0.77774,0.77746,0.777525
2021-04-29 23:45:00+00:00,audusd,0.77773,0.77787,0.77754,0.777655
2021-04-30 00:00:00+00:00,audusd,0.7773,0.77791,0.77704,0.777745
2021-04-30 00:15:00+00:00,audusd,0.77797,0.77809,0.777215,0.777295
2021-04-30 00:30:00+00:00,audusd,0.77823,0.77825,0.777905,0.77798
2021-04-30 00:45:00+00:00,audusd,0.77786,0.778425,0.7778,0.778235
2021-04-30 01:00:00+00:00,audusd,0.7776,0.77823,0.77744,0.777865
2021-04-30 01:15:00+00:00,audusd,0.77754,0.77781,0.77732,0.777595
2021-04-30 01:30:00+00:00,audusd,0.777445,0.778,0.77742,0.777535
2021-04-30 01:45:00+00:00,audusd,0.77774,0.77784,0.77735,0.77745
2021-04-30 02:00:00+00:00,audusd,0.77737,0.777745,0.77731,0.777745
2021-04-30 02:15:00+00:00,audusd,0.77719,0.77745,0.77715,0.777365
2021-04-30 02:30:00+00:00,audusd,0.77729,0.77733,0.77701,0.777195
2021-04-30 02:45:00+00:00,audusd,0.77734,0.7774,0.77709,0.777295
2021-04-30 03:00:00+00:00,audusd,0.77759,0.77775,0.77729,0.777335
2021-04-30 03:15:00+00:00,audusd,0.77737,0.77764,0.77725,0.777595
2021-04-30 03:30:00+00:00,audusd,0.77773,0.77779,0.77721,0.77736
2021-04-30 03:45:00+00:00,audusd,0.77804,0.77809,0.7777,0.777735
2021-04-30 04:00:00+00:00,audusd,0.77824,0.77825,0.77793,0.778035
2021-04-30 04:15:00+00:00,audusd,0.778295,0.77837,0.77808,0.778245
2021-04-30 04:30:00+00:00,audusd,0.77799,0.7783,0.77796,0.77829
2021-04-30 04:45:00+00:00,audusd,0.777975,0.778035,0.77777,0.778
2021-04-30 05:00:00+00:00,audusd,0.77779,0.77804,0.77775,0.77797
2021-04-30 05:15:00+00:00,audusd,0.77769,0.778,0.77754,0.777785
2021-04-30 05:30:00+00:00,audusd,0.77757,0.77769,0.77729,0.777685
2021-04-30 05:45:00+00:00,audusd,0.77744,0.77759,0.77725,0.77758
2021-04-30 06:00:00+00:00,audusd,0.77744,0.77785,0.77741,0.77743
2021-04-30 06:15:00+00:00,audusd,0.777735,0.77802,0.77734,0.777445
2021-04-30 06:30:00+00:00,audusd,0.77762,0.77796,0.7775,0.77773
2021-04-30 06:45:00+00:00,audusd,0.7775,0.7779,0.77748,0.77763
2021-04-30 07:00:00+00:00,audusd,0.777045,0.77756,0.77666,0.777495
2021-04-30 07:15:00+00:00,audusd,0.77681,0.77731,0.77649,0.77704
2021-04-30 07:30:00+00:00,audusd,0.776735,0.77707,0.77659,0.77682
2021-04-30 07:45:00+00:00,audusd,0.77676,0.77716,0.776645,0.77673
2021-04-30 08:00:00+00:00,audusd,0.7764,0.776765,0.77599,0.776765
2021-04-30 08:15:00+00:00,audusd,0.77697,0.77705,0.77629,0.77641
2021-04-30 08:30:00+00:00,audusd,0.77688,0.77698,0.7764,0.776975
2021-04-30 08:45:00+00:00,audusd,0.77689,0.77723,0.77673,0.776885
2021-04-30 09:00:00+00:00,audusd,0.7769,0.7771,0.77676,0.7769
2021-04-30 09:15:00+00:00,audusd,0.776815,0.77704,0.776675,0.77691
2021-04-30 09:30:00+00:00,audusd,0.77665,0.77685,0.77639,0.77681
2021-04-30 09:45:00+00:00,audusd,0.77684,0.77723,0.77658,0.776655
2021-04-30 10:00:00+00:00,audusd,0.776925,0.77701,0.77653,0.776835
2021-04-30 10:15:00+00:00,audusd,0.77693,0.7771,0.77679,0.77693
2021-04-30 10:30:00+00:00,audusd,0.776295,0.77734,0.77624,0.776935
2021-04-30 10:45:00+00:00,audusd,0.77571,0.776345,0.77569,0.7763
2021-04-30 11:00:00+00:00,audusd,0.77626,0.77634,0.7757,0.775715
2021-04-30 11:15:00+00:00,audusd,0.77643,0.77644,0.77617,0.77627
2021-04-30 11:30:00+00:00,audusd,0.77629,0.77659,0.77618,0.77642
2021-04-30 11:45:00+00:00,audusd,0.7758,0.77635,0.77549,0.7763
2021-04-30 12:00:00+00:00,audusd,0.7754,0.77588,0.7753,0.77581
2021-04-30 12:15:00+00:00,audusd,0.775645,0.776005,0.77535,0.775395
2021-04-30 12:30:00+00:00,audusd,0.77555,0.77567,0.77475,0.77564
2021-04-30 12:45:00+00:00,audusd,0.77582,0.77585,0.77504,0.77554
2021-04-30 13:00:00+00:00,audusd,0.77632,0.7764,0.77575,0.77583
2021-04-30 13:15:00+00:00,audusd,0.77605,0.776335,0.77593,0.776315
2021-04-30 13:30:00+00:00,audusd,0.776,0.77646,0.775465,0.776055
2021-04-30 13:45:00+00:00,audusd,0.77564,0.776205,0.77535,0.775985
2021-04-30 14:00:00+00:00,audusd,0.77391,0.7757,0.7739,0.775645
2021-04-30 14:15:00+00:00,audusd,0.774415,0.774595,0.77343,0.77392
2021-04-30 14:30:00+00:00,audusd,0.77401,0.77454,0.773125,0.77441
2021-04-30 14:45:00+00:00,audusd,0.77258,0.77429,0.77251,0.774005
2021-04-30 15:00:00+00:00,audusd,0.771215,0.77269,0.7711,0.772585
2021-04-30 15:15:00+00:00,audusd,0.77055,0.771215,0.77041,0.77121
2021-04-30 15:30:00+00:00,audusd,0.771305,0.77135,0.77044,0.77054
2021-04-30 15:45:00+00:00,audusd,0.771535,0.77172,0.77121,0.771295
2021-04-30 16:00:00+00:00,audusd,0.77175,0.77194,0.771115,0.77153
2021-04-30 16:15:00+00:00,audusd,0.77164,0.77179,0.77143,0.771745
2021-04-30 16:30:00+00:00,audusd,0.77123,0.77163,0.77104,0.77163
2021-04-30 16:45:00+00:00,audusd,0.77109,0.77137,0.77095,0.77122
2021-04-30 17:00:00+00:00,audusd,0.77089,0.771185,0.77077,0.77108
2021-04-30 17:15:00+00:00,audusd,0.770935,0.771,0.7708,0.770885
2021-04-30 17:30:00+00:00,audusd,0.77119,0.771445,0.77085,0.77093
2021-04-30 17:45:00+00:00,audusd,0.77065,0.77121,0.77049,0.771195
2021-04-30 18:00:00+00:00,audusd,0.7707,0.77078,0.77045,0.770655
2021-04-30 18:15:00+00:00,audusd,0.770985,0.771035,0.77069,0.77069
2021-04-30 18:30:00+00:00,audusd,0.771055,0.771055,0.77076,0.77099
2021-04-30 18:45:00+00:00,audusd,0.77036,0.77109,0.77034,0.77106
2021-04-30 19:00:00+00:00,audusd,0.77018,0.770685,0.77018,0.770365
2021-04-30 19:15:00+00:00,audusd,0.7702,0.77023,0.76962,0.77019
2021-04-30 19:30:00+00:00,audusd,0.7701,0.77044,0.7701,0.77021
2021-04-30 19:45:00+00:00,audusd,0.770485,0.7705,0.76985,0.770095
2021-04-30 20:00:00+00:00,audusd,0.7709,0.77095,0.77049,0.77049
2021-04-30 20:15:00+00:00,audusd,0.77096,0.77114,0.77089,0.77089
2021-04-30 20:30:00+00:00,audusd,0.771005,0.771155,0.77092,0.770955
2021-04-30 20:45:00+00:00,audusd,0.77129,0.77139,0.77098,0.77101
2021-05-02 21:00:00+00:00,audusd,0.772175,0.772275,0.77179,0.77193
2021-05-02 21:15:00+00:00,audusd,0.772025,0.7723,0.7719,0.772185
2021-05-02 21:30:00+00:00,audusd,0.77212,0.77215,0.77192,0.772005
2021-05-02 21:45:00+00:00,audusd,0.77175,0.77216,0.77174,0.77213
2021-05-02 22:00:00+00:00,audusd,0.77131,0.771865,0.77131,0.771745
2021-05-02 22:15:00+00:00,audusd,0.77171,0.771795,0.77131,0.771315
2021-05-02 22:30:00+00:00,audusd,0.77171,0.77185,0.771475,0.771715
2021-05-02 22:45:00+00:00,audusd,0.771635,0.77187,0.771625,0.7717
2021-05-02 23:00:00+00:00,audusd,0.77161,0.77182,0.77155,0.77164
2021-05-02 23:15:00+00:00,audusd,0.771515,0.77171,0.77151,0.771615
2021-05-02 23:30:00+00:00,audusd,0.77176,0.77176,0.77151,0.77152
2021-05-02 23:45:00+00:00,audusd,0.77203,0.77205,0.77176,0.771765
2021-05-03 00:00:00+00:00,audusd,0.77212,0.77216,0.77134,0.77204
2021-05-03 00:15:00+00:00,audusd,0.77289,0.7729,0.77212,0.772125
2021-05-03 00:30:00+00:00,audusd,0.772975,0.773125,0.77271,0.7729
2021-05-03 00:45:00+00:00,audusd,0.773165,0.77328,0.77261,0.77297
2021-05-03 01:00:00+00:00,audusd,0.772845,0.77331,0.77276,0.77316
2021-05-03 01:15:00+00:00,audusd,0.77282,0.77306,0.7726,0.77284
2021-05-03 01:30:00+00:00,audusd,0.772615,0.77294,0.77248,0.772825
2021-05-03 01:45:00+00:00,audusd,0.77224,0.772615,0.77207,0.77261
2021-05-03 02:00:00+00:00,audusd,0.77175,0.77232,0.77165,0.772245
2021-05-03 02:15:00+00:00,audusd,0.77196,0.77216,0.77166,0.77176
2021-05-03 02:30:00+00:00,audusd,0.7719,0.77211,0.77178,0.77197
2021-05-03 02:45:00+00:00,audusd,0.771565,0.77197,0.771425,0.771905
2021-05-03 03:00:00+00:00,audusd,0.77206,0.772085,0.77154,0.771575
2021-05-03 03:15:00+00:00,audusd,0.77193,0.77207,0.77177,0.772055
2021-05-03 03:30:00+00:00,audusd,0.77216,0.77217,0.77187,0.77194
2021-05-03 03:45:00+00:00,audusd,0.77247,0.77248,0.772055,0.772165
2021-05-03 04:00:00+00:00,audusd,0.772215,0.77249,0.772055,0.772465
2021-05-03 04:15:00+00:00,audusd,0.77186,0.772245,0.77186,0.77222
2021-05-03 04:30:00+00:00,audusd,0.771825,0.771925,0.7718,0.77187
2021-05-03 04:45:00+00:00,audusd,0.7719,0.77203,0.771815,0.77182
2021-05-03 05:00:00+00:00,audusd,0.77172,0.77194,0.771525,0.771905
2021-05-03 05:15:00+00:00,audusd,0.77121,0.77174,0.771175,0.77173
2021-05-03 05:30:00+00:00,audusd,0.77152,0.77153,0.77105,0.771215
2021-05-03 05:45:00+00:00,audusd,0.77132,0.77159,0.77127,0.771525
2021-05-03 06:00:00+00:00,audusd,0.771125,0.77134,0.77063,0.77133
2021-05-03 06:15:00+00:00,audusd,0.771375,0.77138,0.77088,0.77113
2021-05-03 06:30:00+00:00,audusd,0.771975,0.77198,0.77109,0.77137
2021-05-03 06:45:00+00:00,audusd,0.772215,0.77238,0.77169,0.77198
2021-05-03 07:00:00+00:00,audusd,0.77283,0.77287,0.77217,0.77221
2021-05-03 07:15:00+00:00,audusd,0.77272,0.77317,0.77265,0.77282
2021-05-03 07:30:00+00:00,audusd,0.77268,0.77286,0.77242,0.772715
2021-05-03 07:45:00+00:00,audusd,0.77233,0.772915,0.77229,0.772685
2021-05-03 08:00:00+00:00,audusd,0.77196,0.772375,0.77185,0.772335
2021-05-03 08:15:00+00:00,audusd,0.77209,0.77221,0.77187,0.771955
2021-05-03 08:30:00+00:00,audusd,0.77248,0.77259,0.77202,0.7721
2021-05-03 08:45:00+00:00,audusd,0.77259,0.772855,0.77231,0.772475
2021-05-03 09:00:00+00:00,audusd,0.77259,0.772775,0.772495,0.772595
2021-05-03 09:15:00+00:00,audusd,0.77236,0.77272,0.77232,0.772585
2021-05-03 09:30:00+00:00,audusd,0.77197,0.772415,0.771805,0.772365
2021-05-03 09:45:00+00:00,audusd,0.77239,0.7724,0.77189,0.771975
2021-05-03 10:00:00+00:00,audusd,0.772355,0.772465,0.77214,0.7724
2021-05-03 10:15:00+00:00,audusd,0.77277,0.77298,0.77234,0.77236
2021-05-03 10:30:00+00:00,audusd,0.77353,0.77353,0.77275,0.772775
2021-05-03 10:45:00+00:00,audusd,0.773645,0.77376,0.77346,0.773525
2021-05-03 11:00:00+00:00,audusd,0.77331,0.773705,0.77316,0.77365
2021-05-03 11:15:00+00:00,audusd,0.77318,0.77357,0.77314,0.773305
2021-05-03 11:30:00+00:00,audusd,0.7731,0.7734,0.77301,0.77319
2021-05-03 11:45:00+00:00,audusd,0.7734,0.77372,0.77302,0.773105
2021-05-03 12:00:00+00:00,audusd,0.77335,0.773725,0.77327,0.773395
2021-05-03 12:15:00+00:00,audusd,0.77439,0.77449,0.77332,0.773355
2021-05-03 12:30:00+00:00,audusd,0.77374,0.77449,0.77363,0.7744
2021-05-03 12:45:00+00:00,audusd,0.77306,0.77384,0.77305,0.773745
2021-05-03 13:00:00+00:00,audusd,0.77375,0.77381,0.77304,0.773065
2021-05-03 13:15:00+00:00,audusd,0.77399,0.77401,0.773415,0.77376
2021-05-03 13:30:00+00:00,audusd,0.77375,0.7741,0.77344,0.773995
2021-05-03 13:45:00+00:00,audusd,0.77411,0.77446,0.7735,0.773745
2021-05-03 14:00:00+00:00,audusd,0.77515,0.77516,0.77417,0.77421
2021-05-03 14:15:00+00:00,audusd,0.77525,0.77551,0.774895,0.775145
2021-05-03 14:30:00+00:00,audusd,0.77541,0.77575,0.7752,0.77526
2021-05-03 14:45:00+00:00,audusd,0.776095,0.776235,0.77527,0.775405
2021-05-03 15:00:00+00:00,audusd,0.77559,0.77653,0.77559,0.77609
2021-05-03 15:15:00+00:00,audusd,0.77586,0.775865,0.77542,0.7756
2021-05-03 15:30:00+00:00,audusd,0.77614,0.77644,0.77561,0.775865
2021-05-03 15:45:00+00:00,audusd,0.77575,0.77616,0.77566,0.776135
2021-05-03 16:00:00+00:00,audusd,0.77514,0.77579,0.77513,0.775755
2021-05-03 16:15:00+00:00,audusd,0.775345,0.775505,0.775,0.775145
2021-05-03 16:30:00+00:00,audusd,0.7758,0.77586,0.77524,0.77534
2021-05-03 16:45:00+00:00,audusd,0.775745,0.77587,0.775575,0.775805
2021-05-03 17:00:00+00:00,audusd,0.77615,0.77621,0.77571,0.77575
2021-05-03 17:15:00+00:00,audusd,0.77624,0.77637,0.7761,0.776145
2021-05-03 17:30:00+00:00,audusd,0.77645,0.77656,0.77618,0.776245
2021-05-03 17:45:00+00:00,audusd,0.776045,0.776555,0.776005,0.776445
2021-05-03 18:00:00+00:00,audusd,0.77642,0.77643,0.77599,0.77604
2021-05-03 18:15:00+00:00,audusd,0.77651,0.77665,0.77634,0.776415
2021-05-03 18:30:00+00:00,audusd,0.77648,0.77656,0.77627,0.77652
2021-05-03 18:45:00+00:00,audusd,0.77667,0.77669,0.77637,0.77649
2021-05-03 19:00:00+00:00,audusd,0.77625,0.77667,0.77615,0.776665
2021-05-03 19:15:00+00:00,audusd,0.7763,0.77637,0.77605,0.776245
2021-05-03 19:30:00+00:00,audusd,0.77636,0.776395,0.77621,0.776305
2021-05-03 19:45:00+00:00,audusd,0.7762,0.77639,0.77601,0.77635
2021-05-03 20:00:00+00:00,audusd,0.776105,0.77627,0.7761,0.77619
2021-05-03 20:15:00+00:00,audusd,0.77611,0.776115,0.775945,0.7761
2021-05-03 20:30:00+00:00,audusd,0.77641,0.776415,0.7761,0.7761
2021-05-03 20:45:00+00:00,audusd,0.77627,0.77645,0.77617,0.776415
2021-05-03 21:00:00+00:00,audusd,0.776015,0.776145,0.775945,0.776025
2021-05-03 21:15:00+00:00,audusd,0.7763,0.77634,0.7759,0.77607
2021-05-03 21:30:00+00:00,audusd,0.77644,0.77645,0.77624,0.776305
2021-05-03 21:45:00+00:00,audusd,0.77609,0.77645,0.77601,0.77645
2021-05-03 22:00:00+00:00,audusd,0.776105,0.7764,0.776075,0.776085
2021-05-03 22:15:00+00:00,audusd,0.776115,0.77623,0.776035,0.77611
2021-05-03 22:30:00+00:00,audusd,0.77594,0.77625,0.7759,0.77612
2021-05-03 22:45:00+00:00,audusd,0.77591,0.77596,0.7759,0.77595
2021-05-03 23:00:00+00:00,audusd,0.776005,0.77608,0.77586,0.77592
2021-05-03 23:15:00+00:00,audusd,0.77582,0.776,0.775695,0.776
2021-05-03 23:30:00+00:00,audusd,0.7759,0.776,0.7757,0.775815
2021-05-03 23:45:00+00:00,audusd,0.77584,0.77591,0.775795,0.775895
2021-05-04 00:00:00+00:00,audusd,0.77525,0.77611,0.775145,0.77585
2021-05-04 00:15:00+00:00,audusd,0.77492,0.7755,0.774895,0.775245
2021-05-04 00:30:00+00:00,audusd,0.775405,0.77545,0.774755,0.77491
2021-05-04 00:45:00+00:00,audusd,0.77547,0.77577,0.7752,0.7754
2021-05-04 01:00:00+00:00,audusd,0.77502,0.77548,0.77491,0.775465
2021-05-04 01:15:00+00:00,audusd,0.77448,0.77506,0.774245,0.775015
2021-05-04 01:30:00+00:00,audusd,0.77436,0.774695,0.77425,0.77447
2021-05-04 01:45:00+00:00,audusd,0.774225,0.77466,0.77419,0.774355
2021-05-04 02:00:00+00:00,audusd,0.77437,0.7745,0.77404,0.77422
2021-05-04 02:15:00+00:00,audusd,0.7742,0.77442,0.77419,0.774365
2021-05-04 02:30:00+00:00,audusd,0.773755,0.77424,0.77374,0.774195
2021-05-04 02:45:00+00:00,audusd,0.7739,0.77399,0.77355,0.77375
2021-05-04 03:00:00+00:00,audusd,0.77367,0.77405,0.77365,0.77391
2021-05-04 03:15:00+00:00,audusd,0.77384,0.773865,0.77355,0.773665
2021-05-04 03:30:00+00:00,audusd,0.77418,0.77421,0.77375,0.773845
2021-05-04 03:45:00+00:00,audusd,0.774105,0.77425,0.77395,0.77417
2021-05-04 04:00:00+00:00,audusd,0.77397,0.77421,0.77395,0.77411
2021-05-04 04:15:00+00:00,audusd,0.77422,0.7745,0.773975,0.773975
2021-05-04 04:30:00+00:00,audusd,0.774585,0.7755,0.77412,0.77421
2021-05-04 04:45:00+00:00,audusd,0.77441,0.7747,0.77426,0.77458
2021-05-04 05:00:00+00:00,audusd,0.774195,0.77471,0.77413,0.77442
2021-05-04 05:15:00+00:00,audusd,0.77374,0.7743,0.77355,0.7742
2021-05-04 05:30:00+00:00,audusd,0.77406,0.77406,0.77347,0.773745
2021-05-04 05:45:00+00:00,audusd,0.77405,0.77423,0.77385,0.77405
2021-05-04 06:00:00+00:00,audusd,0.7747,0.7749,0.77404,0.774045
2021-05-04 06:15:00+00:00,audusd,0.77402,0.774705,0.77402,0.774705
2021-05-04 06:30:00+00:00,audusd,0.774395,0.77445,0.77382,0.774025
2021-05-04 06:45:00+00:00,audusd,0.77416,0.77439,0.77382,0.77439
2021-05-04 07:00:00+00:00,audusd,0.77314,0.7745,0.77311,0.774155
2021-05-04 07:15:00+00:00,audusd,0.772895,0.7735,0.77245,0.77315
2021-05-04 07:30:00+00:00,audusd,0.77189,0.77289,0.771185,0.77289
2021-05-04 07:45:00+00:00,audusd,0.77215,0.77225,0.771575,0.771895
2021-05-04 08:00:00+00:00,audusd,0.772535,0.772645,0.771945,0.77216
2021-05-04 08:15:00+00:00,audusd,0.77259,0.772835,0.772455,0.77254
2021-05-04 08:30:00+00:00,audusd,0.772625,0.772795,0.77229,0.772585
2021-05-04 08:45:00+00:00,audusd,0.77162,0.77271,0.77161,0.77262
2021-05-04 09:00:00+00:00,audusd,0.77156,0.771765,0.77115,0.771615
2021-05-04 09:15:00+00:00,audusd,0.77156,0.77166,0.771005,0.771565
2021-05-04 09:30:00+00:00,audusd,0.771845,0.772015,0.771515,0.771555
2021-05-04 09:45:00+00:00,audusd,0.771725,0.77191,0.77159,0.77184
2021-05-04 10:00:00+00:00,audusd,0.77105,0.77184,0.77094,0.77173
2021-05-04 10:15:00+00:00,audusd,0.77177,0.77181,0.77105,0.771055
2021-05-04 10:30:00+00:00,audusd,0.7716,0.771935,0.77154,0.77176
2021-05-04 10:45:00+00:00,audusd,0.77199,0.7721,0.77154,0.771595
2021-05-04 11:00:00+00:00,audusd,0.77195,0.77227,0.77172,0.771985
2021-05-04 11:15:00+00:00,audusd,0.771705,0.77197,0.77163,0.771945
2021-05-04 11:30:00+00:00,audusd,0.77121,0.771715,0.77097,0.77171
2021-05-04 11:45:00+00:00,audusd,0.77067,0.771195,0.76972,0.771155
2021-05-04 12:00:00+00:00,audusd,0.77015,0.77071,0.76982,0.770665
2021-05-04 12:15:00+00:00,audusd,0.77026,0.77052,0.76991,0.77014
2021-05-04 12:30:00+00:00,audusd,0.77106,0.77117,0.77025,0.77027
2021-05-04 12:45:00+00:00,audusd,0.77108,0.771405,0.770615,0.771055
2021-05-04 13:00:00+00:00,audusd,0.77158,0.77175,0.770855,0.771085
2021-05-04 13:15:00+00:00,audusd,0.771635,0.77172,0.77096,0.77158
2021-05-04 13:30:00+00:00,audusd,0.77167,0.77225,0.77151,0.77163
2021-05-04 13:45:00+00:00,audusd,0.77096,0.771685,0.77082,0.771675
2021-05-04 14:00:00+00:00,audusd,0.770755,0.771565,0.77036,0.77095
2021-05-04 14:15:00+00:00,audusd,0.77141,0.77166,0.77045,0.77075
2021-05-04 14:30:00+00:00,audusd,0.77061,0.77131,0.7705,0.77123
2021-05-04 14:45:00+00:00,audusd,0.770715,0.771065,0.770385,0.7706
2021-05-04 15:00:00+00:00,audusd,0.76775,0.771025,0.767685,0.77071
2021-05-04 15:15:00+00:00,audusd,0.7696,0.7696,0.76752,0.76774
2021-05-04 15:30:00+00:00,audusd,0.76966,0.76985,0.7693,0.769585
2021-05-04 15:45:00+00:00,audusd,0.768815,0.76972,0.76841,0.769665
2021-05-04 16:00:00+00:00,audusd,0.77002,0.770365,0.76862,0.76882
2021-05-04 16:15:00+00:00,audusd,0.769785,0.770075,0.76955,0.770015
2021-05-04 16:30:00+00:00,audusd,0.76966,0.7698,0.7693,0.76979
2021-05-04 16:45:00+00:00,audusd,0.76965,0.77016,0.76954,0.769665
2021-05-04 17:00:00+00:00,audusd,0.770205,0.77042,0.76955,0.76964
2021-05-04 17:15:00+00:00,audusd,0.77015,0.77028,0.7699,0.7702
2021-05-04 17:30:00+00:00,audusd,0.77019,0.77044,0.77004,0.770155
2021-05-04 17:45:00+00:00,audusd,0.77044,0.77063,0.76991,0.770185
2021-05-04 18:00:00+00:00,audusd,0.77086,0.77086,0.77025,0.77043
2021-05-04 18:15:00+00:00,audusd,0.7704,0.7709,0.770235,0.770865
2021-05-04 18:30:00+00:00,audusd,0.77082,0.770945,0.77036,0.770395
2021-05-04 18:45:00+00:00,audusd,0.77076,0.77116,0.77074,0.77081
2021-05-04 19:00:00+00:00,audusd,0.77047,0.770765,0.77035,0.77075
2021-05-04 19:15:00+00:00,audusd,0.77065,0.77066,0.77031,0.770465
2021-05-04 19:30:00+00:00,audusd,0.7706,0.77085,0.77044,0.770645
2021-05-04 19:45:00+00:00,audusd,0.77117,0.771185,0.77055,0.770605
2021-05-04 20:00:00+00:00,audusd,0.77139,0.7715,0.77099,0.771175
2021-05-04 20:15:00+00:00,audusd,0.77115,0.7715,0.77112,0.771395
2021-05-04 20:30:00+00:00,audusd,0.77115,0.77131,0.771095,0.77116
2021-05-04 20:45:00+00:00,audusd,0.770795,0.77124,0.770795,0.771145
2021-05-04 21:00:00+00:00,audusd,0.77116,0.77127,0.77068,0.770685
2021-05-04 21:15:00+00:00,audusd,0.77127,0.7713,0.770815,0.77112
2021-05-04 21:30:00+00:00,audusd,0.7712,0.7713,0.77102,0.77125
2021-05-04 21:45:00+00:00,audusd,0.77121,0.77121,0.771195,0.771195
2021-05-04 22:00:00+00:00,audusd,0.771105,0.77122,0.7709,0.7712
2021-05-04 22:15:00+00:00,audusd,0.77108,0.771255,0.77089,0.771105
2021-05-04 22:30:00+00:00,audusd,0.771,0.771145,0.77095,0.77109
2021-05-04 22:45:00+00:00,audusd,0.77145,0.77179,0.77101,0.77101
2021-05-04 23:00:00+00:00,audusd,0.77119,0.771505,0.7711,0.77146
2021-05-04 23:15:00+00:00,audusd,0.771175,0.771265,0.77099,0.771195
2021-05-04 23:30:00+00:00,audusd,0.77132,0.77132,0.771035,0.77118
2021-05-04 23:45:00+00:00,audusd,0.77135,0.77144,0.77121,0.771315
2021-05-05 00:00:00+00:00,audusd,0.7714,0.77173,0.771185,0.77136
2021-05-05 00:15:00+00:00,audusd,0.771785,0.77206,0.771405,0.771405
2021-05-05 00:30:00+00:00,audusd,0.77229,0.7724,0.77179,0.77179
2021-05-05 00:45:00+00:00,audusd,0.77265,0.77292,0.77229,0.772295
2021-05-05 01:00:00+00:00,audusd,0.77255,0.7729,0.772455,0.772655
2021-05-05 01:15:00+00:00,audusd,0.77257,0.77266,0.77244,0.772555
2021-05-05 01:30:00+00:00,audusd,0.77305,0.7731,0.7724,0.77258
2021-05-05 01:45:00+00:00,audusd,0.773305,0.773365,0.77296,0.77306
2021-05-05 02:00:00+00:00,audusd,0.77335,0.77358,0.77323,0.773305
2021-05-05 02:15:00+00:00,audusd,0.77344,0.77355,0.77322,0.773355
2021-05-05 02:30:00+00:00,audusd,0.77351,0.77372,0.77335,0.773445
2021-05-05 02:45:00+00:00,audusd,0.77325,0.7737,0.77325,0.773515
2021-05-05 03:00:00+00:00,audusd,0.773495,0.77369,0.77324,0.773255
2021-05-05 03:15:00+00:00,audusd,0.773715,0.77383,0.77347,0.77349
2021-05-05 03:30:00+00:00,audusd,0.77362,0.773815,0.77348,0.77372
2021-05-05 03:45:00+00:00,audusd,0.77348,0.77369,0.77344,0.773625
2021-05-05 04:00:00+00:00,audusd,0.77347,0.77357,0.77336,0.77349
2021-05-05 04:15:00+00:00,audusd,0.773265,0.7735,0.77324,0.773475
2021-05-05 04:30:00+00:00,audusd,0.773475,0.77356,0.77327,0.77327
2021-05-05 04:45:00+00:00,audusd,0.77319,0.77354,0.77307,0.77348
2021-05-05 05:00:00+00:00,audusd,0.77267,0.77335,0.7726,0.773195
2021-05-05 05:15:00+00:00,audusd,0.77239,0.772795,0.77237,0.77268
2021-05-05 05:30:00+00:00,audusd,0.77226,0.77264,0.77214,0.772395
2021-05-05 05:45:00+00:00,audusd,0.77253,0.77256,0.77224,0.772255
2021-05-05 06:00:00+00:00,audusd,0.77206,0.77275,0.77194,0.77252
2021-05-05 06:15:00+00:00,audusd,0.77159,0.77206,0.771495,0.77205
2021-05-05 06:30:00+00:00,audusd,0.77162,0.7718,0.77129,0.771595
2021-05-05 06:45:00+00:00,audusd,0.77153,0.77185,0.77118,0.77163
2021-05-05 07:00:00+00:00,audusd,0.7711,0.77195,0.77043,0.771535
2021-05-05 07:15:00+00:00,audusd,0.77088,0.77134,0.77063,0.771095
2021-05-05 07:30:00+00:00,audusd,0.77121,0.77146,0.77062,0.77089
2021-05-05 07:45:00+00:00,audusd,0.771825,0.77204,0.77119,0.7712
2021-05-05 08:00:00+00:00,audusd,0.7714,0.77196,0.77129,0.77183
2021-05-05 08:15:00+00:00,audusd,0.772155,0.77224,0.771405,0.771405
2021-05-05 08:30:00+00:00,audusd,0.77206,0.77265,0.77191,0.77216
2021-05-05 08:45:00+00:00,audusd,0.77204,0.77233,0.77194,0.772065
2021-05-05 09:00:00+00:00,audusd,0.77223,0.77235,0.77196,0.77203
2021-05-05 09:15:00+00:00,audusd,0.77234,0.77255,0.77219,0.772235
2021-05-05 09:30:00+00:00,audusd,0.77212,0.77259,0.772,0.772345
2021-05-05 09:45:00+00:00,audusd,0.77239,0.77253,0.77209,0.772125
2021-05-05 10:00:00+00:00,audusd,0.7727,0.772815,0.7723,0.7724
2021-05-05 10:15:00+00:00,audusd,0.773695,0.7737,0.77271,0.77271
2021-05-05 10:30:00+00:00,audusd,0.7739,0.77415,0.77339,0.7737
2021-05-05 10:45:00+00:00,audusd,0.77373,0.77405,0.77372,0.77389
2021-05-05 11:00:00+00:00,audusd,0.77359,0.7739,0.77353,0.773735
2021-05-05 11:15:00+00:00,audusd,0.77375,0.773845,0.7735,0.773595
2021-05-05 11:30:00+00:00,audusd,0.77399,0.77421,0.773595,0.773745
2021-05-05 11:45:00+00:00,audusd,0.77357,0.774015,0.77349,0.774
2021-05-05 12:00:00+00:00,audusd,0.77399,0.7742,0.77356,0.773565
2021-05-05 12:15:00+00:00,audusd,0.77309,0.77444,0.77304,0.774
2021-05-05 12:30:00+00:00,audusd,0.77339,0.77349,0.77277,0.7731
2021-05-05 12:45:00+00:00,audusd,0.773785,0.77398,0.77324,0.773395
2021-05-05 13:00:00+00:00,audusd,0.77389,0.7742,0.77363,0.77378
2021-05-05 13:15:00+00:00,audusd,0.7736,0.77395,0.77354,0.773885
2021-05-05 13:30:00+00:00,audusd,0.77393,0.774205,0.77358,0.77358
2021-05-05 13:45:00+00:00,audusd,0.7737,0.77411,0.77339,0.77394
2021-05-05 14:00:00+00:00,audusd,0.773205,0.77374,0.77275,0.77371
2021-05-05 14:15:00+00:00,audusd,0.773455,0.773565,0.77301,0.7732
2021-05-05 14:30:00+00:00,audusd,0.77485,0.77498,0.77332,0.77345
2021-05-05 14:45:00+00:00,audusd,0.77506,0.7755,0.774635,0.774855
2021-05-05 15:00:00+00:00,audusd,0.77505,0.77535,0.774885,0.775055
2021-05-05 15:15:00+00:00,audusd,0.77484,0.775085,0.77456,0.775045
2021-05-05 15:30:00+00:00,audusd,0.77491,0.775145,0.774845,0.774845
2021-05-05 15:45:00+00:00,audusd,0.77488,0.774975,0.77475,0.77492
2021-05-05 16:00:00+00:00,audusd,0.77476,0.77506,0.7747,0.774885
2021-05-05 16:15:00+00:00,audusd,0.774625,0.77485,0.7744,0.774765
2021-05-05 16:30:00+00:00,audusd,0.77431,0.77464,0.77411,0.77462
2021-05-05 16:45:00+00:00,audusd,0.77411,0.774405,0.77406,0.77432
2021-05-05 17:00:00+00:00,audusd,0.774235,0.77436,0.774035,0.774115
2021-05-05 17:15:00+00:00,audusd,0.77446,0.77449,0.77406,0.77423
2021-05-05 17:30:00+00:00,audusd,0.77446,0.77461,0.774405,0.774455
2021-05-05 17:45:00+00:00,audusd,0.77445,0.77456,0.77431,0.774465
2021-05-05 18:00:00+00:00,audusd,0.77436,0.77448,0.77425,0.774445
2021-05-05 18:15:00+00:00,audusd,0.7745,0.774535,0.77433,0.774355
2021-05-05 18:30:00+00:00,audusd,0.77446,0.77456,0.77435,0.77451
2021-05-05 18:45:00+00:00,audusd,0.77451,0.774665,0.77435,0.774455
2021-05-05 19:00:00+00:00,audusd,0.77421,0.77451,0.77414,0.7745
2021-05-05 19:15:00+00:00,audusd,0.77415,0.774255,0.7739,0.7742
2021-05-05 19:30:00+00:00,audusd,0.7743,0.77431,0.77402,0.77414
2021-05-05 19:45:00+00:00,audusd,0.77476,0.77479,0.7742,0.77429
2021-05-05 20:00:00+00:00,audusd,0.774905,0.774975,0.774585,0.77475
2021-05-05 20:15:00+00:00,audusd,0.774555,0.77495,0.77455,0.7749
2021-05-05 20:30:00+00:00,audusd,0.77461,0.77461,0.77454,0.77455
2021-05-05 20:45:00+00:00,audusd,0.77472,0.77484,0.774615,0.774615
2021-05-05 21:00:00+00:00,audusd,0.77462,0.77478,0.774425,0.77473
2021-05-05 21:15:00+00:00,audusd,0.77465,0.77491,0.77455,0.77461
2021-05-05 21:30:00+00:00,audusd,0.77471,0.77471,0.77466,0.77466
2021-05-05 21:45:00+00:00,audusd,0.774605,0.77471,0.77453,0.7747
2021-05-05 22:00:00+00:00,audusd,0.774825,0.775,0.77458,0.7746
2021-05-05 22:15:00+00:00,audusd,0.77493,0.77493,0.77451,0.77483
2021-05-05 22:30:00+00:00,audusd,0.77465,0.775055,0.77465,0.77494
2021-05-05 22:45:00+00:00,audusd,0.77456,0.77473,0.77455,0.774655
2021-05-05 23:00:00+00:00,audusd,0.77485,0.77488,0.77455,0.774565
2021-05-05 23:15:00+00:00,audusd,0.77502,0.77506,0.77473,0.774845
2021-05-05 23:30:00+00:00,audusd,0.77489,0.77502,0.77466,0.775015
2021-05-05 23:45:00+00:00,audusd,0.775125,0.7754,0.77477,0.774895
2021-05-06 00:00:00+00:00,audusd,0.774865,0.77536,0.77483,0.77512
2021-05-06 00:15:00+00:00,audusd,0.7748,0.77511,0.77477,0.77486
2021-05-06 00:30:00+00:00,audusd,0.77436,0.77482,0.774255,0.774805
2021-05-06 00:45:00+00:00,audusd,0.77424,0.77455,0.7742,0.774365
2021-05-06 01:00:00+00:00,audusd,0.77492,0.77511,0.77417,0.774235
2021-05-06 01:15:00+00:00,audusd,0.77571,0.7758,0.77484,0.774915
2021-05-06 01:30:00+00:00,audusd,0.77541,0.77574,0.77529,0.7757
2021-05-06 01:45:00+00:00,audusd,0.77558,0.77568,0.77526,0.775415
2021-05-06 02:00:00+00:00,audusd,0.77516,0.77565,0.7751,0.775575
2021-05-06 02:15:00+00:00,audusd,0.7747,0.775205,0.77468,0.77515
2021-05-06 02:30:00+00:00,audusd,0.77219,0.77471,0.77166,0.774695
2021-05-06 02:45:00+00:00,audusd,0.77172,0.77231,0.77014,0.772185
2021-05-06 03:00:00+00:00,audusd,0.77184,0.77197,0.77132,0.77171
2021-05-06 03:15:00+00:00,audusd,0.771535,0.771835,0.7711,0.771835
2021-05-06 03:30:00+00:00,audusd,0.772235,0.77228,0.77146,0.77153
2021-05-06 03:45:00+00:00,audusd,0.772375,0.77257,0.77203,0.77224
2021-05-06 04:00:00+00:00,audusd,0.7726,0.77264,0.77236,0.77237
2021-05-06 04:15:00+00:00,audusd,0.77272,0.77281,0.77243,0.772595
2021-05-06 04:30:00+00:00,audusd,0.77277,0.7728,0.77261,0.77271
2021-05-06 04:45:00+00:00,audusd,0.77247,0.77277,0.77227,0.772765
2021-05-06 05:00:00+00:00,audusd,0.772835,0.77308,0.77238,0.77246
2021-05-06 05:15:00+00:00,audusd,0.77353,0.77362,0.77277,0.77283
2021-05-06 05:30:00+00:00,audusd,0.77377,0.77377,0.77337,0.773535
2021-05-06 05:45:00+00:00,audusd,0.77401,0.77411,0.77362,0.77378
2021-05-06 06:00:00+00:00,audusd,0.77414,0.77424,0.773835,0.774005
2021-05-06 06:15:00+00:00,audusd,0.77386,0.77428,0.77376,0.774145
2021-05-06 06:30:00+00:00,audusd,0.77478,0.77483,0.7738,0.77385
2021-05-06 06:45:00+00:00,audusd,0.77459,0.774815,0.77447,0.77477
2021-05-06 07:00:00+00:00,audusd,0.77531,0.775595,0.77441,0.774595
2021-05-06 07:15:00+00:00,audusd,0.77481,0.77537,0.7748,0.7753
2021-05-06 07:30:00+00:00,audusd,0.77486,0.774925,0.774255,0.774815
2021-05-06 07:45:00+00:00,audusd,0.77397,0.77487,0.773715,0.774865
2021-05-06 08:00:00+00:00,audusd,0.77447,0.774485,0.77381,0.773965
2021-05-06 08:15:00+00:00,audusd,0.774365,0.77451,0.77405,0.774465
2021-05-06 08:30:00+00:00,audusd,0.774205,0.77461,0.77394,0.77437
2021-05-06 08:45:00+00:00,audusd,0.77456,0.7746,0.77382,0.7742
2021-05-06 09:00:00+00:00,audusd,0.77436,0.77502,0.77421,0.774565
2021-05-06 09:15:00+00:00,audusd,0.77466,0.77474,0.77386,0.774355
2021-05-06 09:30:00+00:00,audusd,0.7748,0.77491,0.77444,0.77464
2021-05-06 09:45:00+00:00,audusd,0.77512,0.77536,0.77473,0.77479
2021-05-06 10:00:00+00:00,audusd,0.77506,0.77538,0.775,0.775115
2021-05-06 10:15:00+00:00,audusd,0.77523,0.77545,0.774925,0.775055
2021-05-06 10:30:00+00:00,audusd,0.77527,0.77539,0.77522,0.77522
2021-05-06 10:45:00+00:00,audusd,0.77477,0.77532,0.77473,0.77526
2021-05-06 11:00:00+00:00,audusd,0.77548,0.7755,0.77452,0.774775
2021-05-06 11:15:00+00:00,audusd,0.775365,0.77584,0.77536,0.775485
2021-05-06 11:30:00+00:00,audusd,0.77514,0.77547,0.77502,0.77536
2021-05-06 11:45:00+00:00,audusd,0.77543,0.77567,0.77512,0.775135
2021-05-06 12:00:00+00:00,audusd,0.77573,0.776085,0.77541,0.775435
2021-05-06 12:15:00+00:00,audusd,0.77479,0.77578,0.774765,0.775735
2021-05-06 12:30:00+00:00,audusd,0.774855,0.77501,0.77419,0.774795
2021-05-06 12:45:00+00:00,audusd,0.77437,0.77484,0.77423,0.77484
2021-05-06 13:00:00+00:00,audusd,0.774215,0.77454,0.77388,0.77436
2021-05-06 13:15:00+00:00,audusd,0.77463,0.77467,0.77397,0.77422
2021-05-06 13:30:00+00:00,audusd,0.77587,0.77619,0.774395,0.774625
2021-05-06 13:45:00+00:00,audusd,0.77561,0.77667,0.77547,0.77586
2021-05-06 14:00:00+00:00,audusd,0.77498,0.77587,0.77491,0.775615
2021-05-06 14:15:00+00:00,audusd,0.77501,0.77532,0.77441,0.77497
2021-05-06 14:30:00+00:00,audusd,0.77617,0.77638,0.774995,0.775005
2021-05-06 14:45:00+00:00,audusd,0.77672,0.77672,0.776155,0.77618
2021-05-06 15:45:00+00:00,audusd,0.77667,0.776735,0.776455,0.7765
2021-05-06 16:00:00+00:00,audusd,0.77692,0.77702,0.7765,0.776675
2021-05-06 16:15:00+00:00,audusd,0.77753,0.77758,0.77693,0.77693
2021-05-06 16:30:00+00:00,audusd,0.77737,0.77762,0.77721,0.777535
2021-05-06 16:45:00+00:00,audusd,0.77726,0.7774,0.77715,0.77736
2021-05-06 17:00:00+00:00,audusd,0.77723,0.77744,0.77722,0.77725
2021-05-06 17:15:00+00:00,audusd,0.777435,0.77754,0.77712,0.77724
2021-05-06 17:30:00+00:00,audusd,0.77747,0.77749,0.77721,0.77744
2021-05-06 17:45:00+00:00,audusd,0.77741,0.77757,0.77736,0.777465
2021-05-06 18:00:00+00:00,audusd,0.777665,0.77795,0.77737,0.777415
2021-05-06 18:15:00+00:00,audusd,0.777425,0.77777,0.77735,0.77766
2021-05-06 18:30:00+00:00,audusd,0.777375,0.77762,0.77723,0.77742
2021-05-06 18:45:00+00:00,audusd,0.77728,0.77757,0.77728,0.77738
2021-05-06 19:00:00+00:00,audusd,0.77788,0.77788,0.777245,0.777285
2021-05-06 19:15:00+00:00,audusd,0.778275,0.77837,0.77777,0.77787
2021-05-06 19:30:00+00:00,audusd,0.77833,0.778405,0.77812,0.77827
2021-05-06 19:45:00+00:00,audusd,0.77878,0.77878,0.77802,0.778335
2021-05-06 20:00:00+00:00,audusd,0.77817,0.77879,0.77812,0.77879
2021-05-06 20:15:00+00:00,audusd,0.77823,0.77823,0.77812,0.77818
2021-05-06 20:30:00+00:00,audusd,0.77846,0.778505,0.77818,0.778225
2021-05-06 20:45:00+00:00,audusd,0.77822,0.77863,0.77812,0.77847
2021-05-06 21:00:00+00:00,audusd,0.77822,0.778325,0.77822,0.77827
2021-05-06 21:15:00+00:00,audusd,0.7783,0.77836,0.77823,0.77826
2021-05-06 21:30:00+00:00,audusd,0.77841,0.778425,0.778295,0.77831
2021-05-06 21:45:00+00:00,audusd,0.77813,0.77854,0.77802,0.778405
2021-05-06 22:00:00+00:00,audusd,0.77821,0.778395,0.778135,0.778135
2021-05-06 22:15:00+00:00,audusd,0.77822,0.77838,0.77819,0.778205
2021-05-06 22:30:00+00:00,audusd,0.77824,0.77828,0.77798,0.778225
2021-05-06 22:45:00+00:00,audusd,0.77824,0.778325,0.778085,0.77824
2021-05-06 23:00:00+00:00,audusd,0.77844,0.7785,0.778215,0.778235
2021-05-06 23:15:00+00:00,audusd,0.778525,0.77853,0.77825,0.778435
2021-05-06 23:30:00+00:00,audusd,0.77867,0.77873,0.77852,0.77853
2021-05-06 23:45:00+00:00,audusd,0.77871,0.77885,0.77858,0.77868
2021-05-07 00:00:00+00:00,audusd,0.77846,0.77886,0.778375,0.778705
2021-05-07 00:15:00+00:00,audusd,0.77835,0.77866,0.77828,0.77845
2021-05-07 00:30:00+00:00,audusd,0.778175,0.77857,0.778075,0.778355
2021-05-07 00:45:00+00:00,audusd,0.778075,0.7784,0.77793,0.77818
2021-05-07 01:00:00+00:00,audusd,0.778085,0.77818,0.77779,0.77807
2021-05-07 01:15:00+00:00,audusd,0.77788,0.77837,0.777765,0.77809
2021-05-07 01:30:00+00:00,audusd,0.77888,0.77892,0.77772,0.777875
2021-05-07 01:45:00+00:00,audusd,0.77882,0.7792,0.77857,0.77887
2021-05-07 02:00:00+00:00,audusd,0.77822,0.7792,0.778215,0.778815
2021-05-07 02:15:00+00:00,audusd,0.77802,0.77821,0.77777,0.77821
2021-05-07 02:30:00+00:00,audusd,0.777575,0.778015,0.77741,0.778015
2021-05-07 02:45:00+00:00,audusd,0.77773,0.77776,0.77741,0.77758
2021-05-07 03:00:00+00:00,audusd,0.77742,0.77805,0.77732,0.777735
2021-05-07 03:15:00+00:00,audusd,0.777985,0.77807,0.77741,0.777425
2021-05-07 03:30:00+00:00,audusd,0.77776,0.77799,0.77756,0.77798
2021-05-07 03:45:00+00:00,audusd,0.777685,0.77784,0.77767,0.77777
2021-05-07 04:00:00+00:00,audusd,0.777765,0.77779,0.7776,0.77768
2021-05-07 04:15:00+00:00,audusd,0.77762,0.77784,0.77759,0.77777
2021-05-07 04:30:00+00:00,audusd,0.77772,0.77778,0.77751,0.777615
2021-05-07 04:45:00+00:00,audusd,0.77753,0.77775,0.777515,0.777725
2021-05-07 05:00:00+00:00,audusd,0.77753,0.77766,0.77743,0.77752
2021-05-07 05:15:00+00:00,audusd,0.777545,0.77778,0.77747,0.777525
2021-05-07 05:30:00+00:00,audusd,0.77757,0.7777,0.77746,0.77755
2021-05-07 05:45:00+00:00,audusd,0.77757,0.777725,0.7773,0.777565
2021-05-07 06:00:00+00:00,audusd,0.77741,0.777955,0.777375,0.777575
2021-05-07 06:15:00+00:00,audusd,0.77618,0.77741,0.77612,0.777405
2021-05-07 06:30:00+00:00,audusd,0.776605,0.77668,0.77616,0.776175
2021-05-07 06:45:00+00:00,audusd,0.77658,0.77668,0.77637,0.7766
2021-05-07 07:00:00+00:00,audusd,0.77743,0.777545,0.776485,0.776575
2021-05-07 07:15:00+00:00,audusd,0.77691,0.77766,0.77691,0.77745
2021-05-07 12:00:00+00:00,audusd,0.77686,0.777295,0.776685,0.777285
2021-05-07 12:15:00+00:00,audusd,0.777005,0.777165,0.77678,0.776855
2021-05-07 12:30:00+00:00,audusd,0.7816,0.78199,0.77698,0.776985
2021-05-07 12:45:00+00:00,audusd,0.7824,0.782405,0.78038,0.78149
2021-05-07 13:00:00+00:00,audusd,0.781945,0.78347,0.78152,0.782465
2021-05-07 13:15:00+00:00,audusd,0.78053,0.78209,0.78021,0.781975
2021-05-07 13:30:00+00:00,audusd,0.78025,0.780535,0.77927,0.780515
2021-05-07 13:45:00+00:00,audusd,0.78186,0.78195,0.77977,0.780255
2021-05-07 14:00:00+00:00,audusd,0.7829,0.78308,0.78169,0.78187
2021-05-07 14:15:00+00:00,audusd,0.78283,0.78324,0.782525,0.78291
2021-05-07 14:30:00+00:00,audusd,0.783575,0.783725,0.78284,0.78284
2021-05-07 14:45:00+00:00,audusd,0.7842,0.78437,0.78336,0.78358
2021-05-07 15:00:00+00:00,audusd,0.78478,0.784795,0.78381,0.784195
2021-05-07 15:15:00+00:00,audusd,0.7848,0.78501,0.78442,0.784785
2021-05-07 15:30:00+00:00,audusd,0.78606,0.78625,0.78475,0.784795
2021-05-07 15:45:00+00:00,audusd,0.78605,0.78615,0.78559,0.786055
2021-05-07 16:00:00+00:00,audusd,0.78486,0.78606,0.78474,0.78606
2021-05-07 16:15:00+00:00,audusd,0.78491,0.78517,0.78476,0.78487
2021-05-07 16:30:00+00:00,audusd,0.7841,0.78492,0.783955,0.784905
2021-05-07 16:45:00+00:00,audusd,0.78441,0.78451,0.78387,0.784105
2021-05-07 17:00:00+00:00,audusd,0.784755,0.784885,0.78431,0.784405
2021-05-07 17:15:00+00:00,audusd,0.78408,0.78476,0.78404,0.78476
2021-05-07 17:30:00+00:00,audusd,0.784435,0.78453,0.78397,0.784075
2021-05-07 17:45:00+00:00,audusd,0.78424,0.78496,0.78422,0.78443
2021-05-07 18:00:00+00:00,audusd,0.78418,0.78429,0.78382,0.784245
2021-05-07 18:15:00+00:00,audusd,0.78399,0.78427,0.78383,0.78417
2021-05-07 18:30:00+00:00,audusd,0.78415,0.78436,0.7839,0.783985
2021-05-07 18:45:00+00:00,audusd,0.78474,0.78474,0.78412,0.78416
2021-05-07 19:00:00+00:00,audusd,0.78495,0.784955,0.78458,0.784735
2021-05-07 19:15:00+00:00,audusd,0.78513,0.78516,0.78489,0.78496
2021-05-07 19:30:00+00:00,audusd,0.78479,0.78523,0.78475,0.785125
2021-05-07 19:45:00+00:00,audusd,0.78497,0.78508,0.78478,0.784785
2021-05-07 20:00:00+00:00,audusd,0.78461,0.78498,0.78459,0.78498
2021-05-07 20:15:00+00:00,audusd,0.78445,0.78462,0.78437,0.784605
2021-05-07 20:30:00+00:00,audusd,0.78443,0.78453,0.78427,0.784455
2021-05-07 20:45:00+00:00,audusd,0.78458,0.78459,0.78428,0.784425
2021-05-09 21:00:00+00:00,audusd,0.784905,0.785515,0.78481,0.785445
2021-05-09 21:15:00+00:00,audusd,0.784835,0.7851,0.784835,0.78487
2021-05-09 21:30:00+00:00,audusd,0.78476,0.78484,0.78473,0.78483
2021-05-09 21:45:00+00:00,audusd,0.784915,0.78494,0.78476,0.78477
2021-05-09 22:00:00+00:00,audusd,0.785645,0.78569,0.78491,0.78492
2021-05-09 22:15:00+00:00,audusd,0.78519,0.785855,0.78518,0.78565
2021-05-09 22:30:00+00:00,audusd,0.78512,0.7853,0.78505,0.78518
2021-05-09 22:45:00+00:00,audusd,0.78532,0.78532,0.78499,0.78511
2021-05-09 23:00:00+00:00,audusd,0.78566,0.78568,0.78509,0.785315
2021-05-09 23:15:00+00:00,audusd,0.78564,0.7857,0.78533,0.785665
2021-05-09 23:30:00+00:00,audusd,0.78584,0.78595,0.78533,0.785635
2021-05-09 23:45:00+00:00,audusd,0.78584,0.786245,0.78579,0.78583
2021-05-10 00:00:00+00:00,audusd,0.786,0.78626,0.78549,0.78584
2021-05-10 00:15:00+00:00,audusd,0.785245,0.78605,0.785155,0.786005
2021-05-10 00:30:00+00:00,audusd,0.785135,0.785725,0.78504,0.78525
2021-05-10 00:45:00+00:00,audusd,0.7849,0.78561,0.784895,0.78516
2021-05-10 01:00:00+00:00,audusd,0.785295,0.78535,0.78481,0.78489
2021-05-10 01:15:00+00:00,audusd,0.784905,0.78531,0.78473,0.7853
2021-05-10 01:30:00+00:00,audusd,0.78506,0.78517,0.78473,0.7849
2021-05-10 01:45:00+00:00,audusd,0.78489,0.78529,0.7847,0.78507
2021-05-10 02:00:00+00:00,audusd,0.78492,0.78533,0.78486,0.784895
2021-05-10 02:15:00+00:00,audusd,0.78417,0.78504,0.78399,0.784925
2021-05-10 02:30:00+00:00,audusd,0.784145,0.78445,0.78399,0.784165
2021-05-10 02:45:00+00:00,audusd,0.78397,0.78425,0.783805,0.78415
2021-05-10 03:00:00+00:00,audusd,0.7841,0.78412,0.783915,0.783975
2021-05-10 03:15:00+00:00,audusd,0.78454,0.784545,0.784085,0.78411
2021-05-10 03:30:00+00:00,audusd,0.78449,0.78472,0.78448,0.784535
2021-05-10 03:45:00+00:00,audusd,0.78449,0.7846,0.78429,0.784485
2021-05-10 04:00:00+00:00,audusd,0.78454,0.78469,0.78409,0.78448
2021-05-10 04:15:00+00:00,audusd,0.78445,0.784535,0.78423,0.784535
2021-05-10 04:30:00+00:00,audusd,0.78466,0.78484,0.784415,0.784455
2021-05-10 04:45:00+00:00,audusd,0.78465,0.78498,0.78459,0.78465
2021-05-10 05:00:00+00:00,audusd,0.78494,0.78499,0.78464,0.784645
2021-05-10 05:15:00+00:00,audusd,0.785215,0.78546,0.784755,0.78493
2021-05-10 05:30:00+00:00,audusd,0.78561,0.78566,0.785195,0.78521
2021-05-10 05:45:00+00:00,audusd,0.7855,0.7857,0.78532,0.78562
2021-05-10 06:00:00+00:00,audusd,0.78557,0.78561,0.78533,0.785495
2021-05-10 06:15:00+00:00,audusd,0.78618,0.78621,0.7856,0.78567
2021-05-10 06:30:00+00:00,audusd,0.786,0.78647,0.78565,0.78619
2021-05-10 06:45:00+00:00,audusd,0.786125,0.78618,0.78572,0.78599
2021-05-10 07:00:00+00:00,audusd,0.78494,0.786195,0.78479,0.78613
2021-05-10 07:15:00+00:00,audusd,0.785,0.78539,0.78461,0.784945
2021-05-10 07:30:00+00:00,audusd,0.78486,0.78508,0.78467,0.784995
2021-05-10 07:45:00+00:00,audusd,0.78536,0.785455,0.78479,0.784855
2021-05-10 08:00:00+00:00,audusd,0.78543,0.78559,0.78522,0.785355
2021-05-10 08:15:00+00:00,audusd,0.78675,0.78677,0.78537,0.785425
2021-05-10 08:30:00+00:00,audusd,0.78738,0.78748,0.78629,0.786755
2021-05-10 08:45:00+00:00,audusd,0.78717,0.78747,0.78703,0.787385
2021-05-10 09:00:00+00:00,audusd,0.7872,0.78756,0.78686,0.787165
2021-05-10 09:15:00+00:00,audusd,0.7873,0.7875,0.787,0.787195
2021-05-10 09:30:00+00:00,audusd,0.78751,0.787605,0.78708,0.78729
2021-05-10 09:45:00+00:00,audusd,0.78746,0.78754,0.78722,0.787505
2021-05-10 10:00:00+00:00,audusd,0.7877,0.78809,0.787105,0.787465
2021-05-10 10:15:00+00:00,audusd,0.78805,0.78805,0.78751,0.787695
2021-05-10 10:30:00+00:00,audusd,0.78842,0.78845,0.78776,0.788045
2021-05-10 10:45:00+00:00,audusd,0.78824,0.78866,0.78819,0.788415
2021-05-10 11:00:00+00:00,audusd,0.78838,0.78857,0.78808,0.788235
2021-05-10 11:15:00+00:00,audusd,0.78811,0.78866,0.78801,0.788385
2021-05-10 11:30:00+00:00,audusd,0.78897,0.78898,0.787975,0.78812
2021-05-10 11:45:00+00:00,audusd,0.7882,0.788975,0.78819,0.788975
2021-05-10 12:00:00+00:00,audusd,0.788515,0.788555,0.78776,0.788195
2021-05-10 12:15:00+00:00,audusd,0.788805,0.78885,0.7884,0.78852
2021-05-10 12:30:00+00:00,audusd,0.788945,0.78908,0.7886,0.78881
2021-05-10 12:45:00+00:00,audusd,0.78881,0.7891,0.78874,0.78894
2021-05-10 13:00:00+00:00,audusd,0.78817,0.78888,0.788035,0.788805
2021-05-10 13:15:00+00:00,audusd,0.788815,0.78882,0.787635,0.788165
2021-05-10 13:30:00+00:00,audusd,0.7878,0.78896,0.78737,0.78882
2021-05-10 13:45:00+00:00,audusd,0.7866,0.78781,0.78641,0.78779
2021-05-10 14:00:00+00:00,audusd,0.787945,0.787975,0.78625,0.7866
2021-05-10 14:15:00+00:00,audusd,0.7871,0.787945,0.78698,0.78789
2021-05-10 14:30:00+00:00,audusd,0.7874,0.78755,0.78661,0.78709
2021-05-10 14:45:00+00:00,audusd,0.78685,0.787395,0.78618,0.787395
2021-05-10 15:00:00+00:00,audusd,0.78632,0.786875,0.786165,0.786875
2021-05-10 15:15:00+00:00,audusd,0.78717,0.78717,0.78619,0.78631
2021-05-10 15:30:00+00:00,audusd,0.78739,0.78744,0.786985,0.787175
2021-05-10 15:45:00+00:00,audusd,0.78748,0.78759,0.78716,0.787385
2021-05-10 16:00:00+00:00,audusd,0.78714,0.787545,0.78714,0.787485
2021-05-10 16:15:00+00:00,audusd,0.786895,0.7872,0.78682,0.787135
2021-05-10 16:30:00+00:00,audusd,0.78625,0.78694,0.78622,0.78689
2021-05-10 16:45:00+00:00,audusd,0.786345,0.7864,0.78615,0.786245
2021-05-10 17:00:00+00:00,audusd,0.786095,0.78636,0.78598,0.78635
2021-05-10 17:15:00+00:00,audusd,0.7863,0.7863,0.785895,0.78609
2021-05-10 17:30:00+00:00,audusd,0.785865,0.786395,0.78582,0.7863
2021-05-10 17:45:00+00:00,audusd,0.78595,0.78606,0.78566,0.78586
2021-05-10 18:00:00+00:00,audusd,0.78586,0.785955,0.7856,0.78594
2021-05-10 18:15:00+00:00,audusd,0.78499,0.785855,0.784705,0.785855
2021-05-10 18:30:00+00:00,audusd,0.784425,0.784985,0.78431,0.784985
2021-05-10 18:45:00+00:00,audusd,0.78419,0.78453,0.7838,0.78443
2021-05-10 19:00:00+00:00,audusd,0.78444,0.78451,0.78411,0.784195
2021-05-10 19:15:00+00:00,audusd,0.78454,0.78464,0.78421,0.78443
2021-05-10 19:30:00+00:00,audusd,0.78413,0.78459,0.78412,0.78453
2021-05-10 19:45:00+00:00,audusd,0.783945,0.78428,0.78374,0.784135
2021-05-10 20:00:00+00:00,audusd,0.78398,0.78413,0.78383,0.78394
2021-05-10 20:15:00+00:00,audusd,0.78372,0.78398,0.78357,0.783975
2021-05-10 20:30:00+00:00,audusd,0.78294,0.783715,0.78292,0.783715
2021-05-10 20:45:00+00:00,audusd,0.78307,0.78346,0.78273,0.78295
2021-05-10 21:00:00+00:00,audusd,0.78329,0.7836,0.78329,0.78351
2021-05-10 21:15:00+00:00,audusd,0.78314,0.78343,0.783105,0.78322
2021-05-10 21:30:00+00:00,audusd,0.78335,0.783355,0.78311,0.78313
2021-05-10 21:45:00+00:00,audusd,0.783225,0.7836,0.782965,0.783345
2021-05-10 22:00:00+00:00,audusd,0.78304,0.78339,0.78296,0.78322
2021-05-10 22:15:00+00:00,audusd,0.78354,0.78354,0.78299,0.783045
2021-05-10 22:30:00+00:00,audusd,0.78378,0.78385,0.78336,0.783535
2021-05-10 22:45:00+00:00,audusd,0.78395,0.78396,0.78355,0.78377
2021-05-10 23:00:00+00:00,audusd,0.78334,0.783945,0.78329,0.783945
2021-05-10 23:15:00+00:00,audusd,0.78352,0.78363,0.78324,0.78335
2021-05-10 23:30:00+00:00,audusd,0.78369,0.783775,0.783445,0.783515
2021-05-10 23:45:00+00:00,audusd,0.78405,0.78405,0.783685,0.783685
2021-05-11 00:00:00+00:00,audusd,0.78389,0.78426,0.78349,0.78404
2021-05-11 00:15:00+00:00,audusd,0.78309,0.78399,0.782795,0.783895
2021-05-11 00:30:00+00:00,audusd,0.78299,0.7835,0.782925,0.783095
2021-05-11 00:45:00+00:00,audusd,0.78266,0.78346,0.78232,0.783
2021-05-11 01:00:00+00:00,audusd,0.78305,0.78307,0.7822,0.78267
2021-05-11 01:15:00+00:00,audusd,0.782955,0.783885,0.78286,0.78306
2021-05-11 01:30:00+00:00,audusd,0.78281,0.78329,0.78263,0.78295
2021-05-11 01:45:00+00:00,audusd,0.783235,0.78364,0.7828,0.782815
2021-05-11 02:00:00+00:00,audusd,0.78355,0.78378,0.783,0.78324
2021-05-11 02:15:00+00:00,audusd,0.78395,0.78406,0.783455,0.78354
2021-05-11 02:30:00+00:00,audusd,0.78431,0.784505,0.78388,0.783945
2021-05-11 02:45:00+00:00,audusd,0.78415,0.78439,0.78386,0.7843
2021-05-11 03:00:00+00:00,audusd,0.78377,0.78422,0.78372,0.784145
2021-05-11 03:15:00+00:00,audusd,0.78374,0.78401,0.78373,0.783765
2021-05-11 03:30:00+00:00,audusd,0.78339,0.78402,0.78339,0.78375
2021-05-11 03:45:00+00:00,audusd,0.78327,0.78348,0.7831,0.783385
2021-05-11 04:00:00+00:00,audusd,0.78333,0.783485,0.78325,0.783265
2021-05-11 04:15:00+00:00,audusd,0.783285,0.783375,0.78312,0.783335
2021-05-11 04:30:00+00:00,audusd,0.78305,0.7833,0.78301,0.78328
2021-05-11 04:45:00+00:00,audusd,0.782495,0.78306,0.78241,0.78304
2021-05-11 05:00:00+00:00,audusd,0.78315,0.78316,0.78249,0.78249
2021-05-11 05:15:00+00:00,audusd,0.78346,0.78373,0.78308,0.783155
2021-05-11 05:30:00+00:00,audusd,0.78395,0.784005,0.78338,0.783455
2021-05-11 05:45:00+00:00,audusd,0.78394,0.7842,0.78361,0.783945
2021-05-11 06:00:00+00:00,audusd,0.78301,0.78396,0.783,0.783945
2021-05-11 06:15:00+00:00,audusd,0.7831,0.783535,0.7828,0.7829
2021-05-11 06:30:00+00:00,audusd,0.78381,0.78384,0.78302,0.78311
2021-05-11 06:45:00+00:00,audusd,0.78312,0.783905,0.78298,0.783805
2021-05-11 07:00:00+00:00,audusd,0.78285,0.7838,0.78269,0.783125
2021-05-11 07:15:00+00:00,audusd,0.78276,0.78328,0.782475,0.782855
2021-05-11 07:30:00+00:00,audusd,0.7831,0.78336,0.78256,0.782755
2021-05-11 07:45:00+00:00,audusd,0.78302,0.78311,0.78215,0.783105
2021-05-11 08:00:00+00:00,audusd,0.78359,0.78388,0.78283,0.783025
2021-05-11 08:15:00+00:00,audusd,0.78337,0.78381,0.78326,0.7836
2021-05-11 08:30:00+00:00,audusd,0.78437,0.784565,0.783275,0.78338
2021-05-11 08:45:00+00:00,audusd,0.78476,0.7848,0.7842,0.784375
2021-05-11 09:00:00+00:00,audusd,0.78447,0.784965,0.7843,0.784765
2021-05-11 09:15:00+00:00,audusd,0.78435,0.78473,0.78426,0.784475
2021-05-11 09:30:00+00:00,audusd,0.7846,0.78472,0.784295,0.784345
2021-05-11 09:45:00+00:00,audusd,0.78467,0.78482,0.78446,0.784595
2021-05-11 10:00:00+00:00,audusd,0.78498,0.78498,0.784115,0.78468
2021-05-11 10:15:00+00:00,audusd,0.78485,0.78532,0.78455,0.784975
2021-05-11 10:30:00+00:00,audusd,0.783915,0.784865,0.78386,0.784855
2021-05-11 10:45:00+00:00,audusd,0.784315,0.78441,0.783815,0.78392
2021-05-11 11:00:00+00:00,audusd,0.78462,0.784685,0.7842,0.78431
2021-05-11 11:15:00+00:00,audusd,0.78477,0.78492,0.784495,0.784615
2021-05-11 11:30:00+00:00,audusd,0.78492,0.785,0.78451,0.784765
2021-05-11 11:45:00+00:00,audusd,0.78467,0.78499,0.78448,0.78493
2021-05-11 12:00:00+00:00,audusd,0.78473,0.78508,0.78458,0.784675
2021-05-11 12:15:00+00:00,audusd,0.78407,0.78501,0.78399,0.784735
2021-05-11 12:45:00+00:00,audusd,0.7834,0.7834,0.783385,0.783385
2021-05-11 13:00:00+00:00,audusd,0.782655,0.78376,0.78263,0.78375
2021-05-11 13:15:00+00:00,audusd,0.78267,0.78298,0.78206,0.78266
2021-05-11 13:30:00+00:00,audusd,0.7839,0.78395,0.78239,0.782455
2021-05-11 13:45:00+00:00,audusd,0.78556,0.785675,0.783785,0.78388
2021-05-11 14:00:00+00:00,audusd,0.78449,0.78557,0.7843,0.785555
2021-05-11 14:15:00+00:00,audusd,0.7839,0.78487,0.78368,0.78448
2021-05-11 14:30:00+00:00,audusd,0.78368,0.78394,0.78329,0.783905
2021-05-11 14:45:00+00:00,audusd,0.783225,0.783985,0.78309,0.78369
2021-05-11 15:00:00+00:00,audusd,0.78389,0.7839,0.78283,0.78334
2021-05-11 15:15:00+00:00,audusd,0.78493,0.78495,0.78363,0.783885
2021-05-11 15:30:00+00:00,audusd,0.78414,0.784945,0.784135,0.78492
2021-05-11 15:45:00+00:00,audusd,0.78429,0.78454,0.78403,0.78415
2021-05-11 16:00:00+00:00,audusd,0.784035,0.78466,0.78384,0.7843
2021-05-11 16:15:00+00:00,audusd,0.78353,0.784335,0.78341,0.78404
2021-05-11 16:30:00+00:00,audusd,0.78349,0.78406,0.783385,0.78354
2021-05-11 16:45:00+00:00,audusd,0.7839,0.7839,0.78348,0.7835
2021-05-11 17:00:00+00:00,audusd,0.78372,0.78425,0.78364,0.78389
2021-05-11 17:15:00+00:00,audusd,0.784285,0.78429,0.78354,0.78373
2021-05-11 17:30:00+00:00,audusd,0.784585,0.784595,0.78393,0.78428
2021-05-11 17:45:00+00:00,audusd,0.78448,0.78474,0.784175,0.78459
2021-05-11 18:00:00+00:00,audusd,0.78388,0.784635,0.783775,0.784495
2021-05-11 18:15:00+00:00,audusd,0.78464,0.78465,0.78379,0.783875
2021-05-11 18:30:00+00:00,audusd,0.78433,0.78469,0.78404,0.784635
2021-05-11 18:45:00+00:00,audusd,0.78442,0.78453,0.7841,0.784325
2021-05-11 19:00:00+00:00,audusd,0.784125,0.78448,0.78399,0.784425
2021-05-11 19:15:00+00:00,audusd,0.78468,0.78484,0.78412,0.78413
2021-05-11 19:30:00+00:00,audusd,0.784185,0.78468,0.78393,0.78467
2021-05-11 19:45:00+00:00,audusd,0.78404,0.78439,0.783975,0.78418
2021-05-11 20:00:00+00:00,audusd,0.78378,0.78414,0.78378,0.784045
2021-05-11 20:15:00+00:00,audusd,0.78389,0.78395,0.78376,0.783785
2021-05-11 20:30:00+00:00,audusd,0.78393,0.784,0.78384,0.783895
2021-05-11 20:45:00+00:00,audusd,0.78417,0.784555,0.78392,0.783935
2021-05-11 21:00:00+00:00,audusd,0.78424,0.78458,0.7842,0.78454
2021-05-11 21:15:00+00:00,audusd,0.78416,0.784485,0.78416,0.784215
2021-05-11 21:30:00+00:00,audusd,0.78424,0.78452,0.78383,0.78415
2021-05-11 21:45:00+00:00,audusd,0.78427,0.784495,0.78421,0.78423
2021-05-11 22:00:00+00:00,audusd,0.784075,0.78433,0.783985,0.78428
2021-05-11 22:15:00+00:00,audusd,0.78397,0.78416,0.78384,0.78408
2021-05-11 22:30:00+00:00,audusd,0.78398,0.78409,0.783785,0.78396
2021-05-11 22:45:00+00:00,audusd,0.78394,0.783985,0.78374,0.783985
2021-05-11 23:00:00+00:00,audusd,0.78387,0.78399,0.78368,0.78395
2021-05-11 23:15:00+00:00,audusd,0.78382,0.78389,0.78373,0.783875
2021-05-11 23:30:00+00:00,audusd,0.783975,0.784,0.78374,0.78381
2021-05-11 23:45:00+00:00,audusd,0.78378,0.78407,0.783745,0.78398
2021-05-12 00:00:00+00:00,audusd,0.78404,0.78425,0.783775,0.78379
2021-05-12 00:15:00+00:00,audusd,0.78373,0.78403,0.78363,0.78403
2021-05-12 00:30:00+00:00,audusd,0.78264,0.78375,0.78256,0.783735
2021-05-12 00:45:00+00:00,audusd,0.78232,0.7829,0.781915,0.782635
2021-05-12 01:00:00+00:00,audusd,0.78225,0.7827,0.78204,0.78233
2021-05-12 01:15:00+00:00,audusd,0.78234,0.78271,0.782225,0.782255
2021-05-12 01:30:00+00:00,audusd,0.78182,0.78272,0.78143,0.78233
2021-05-12 01:45:00+00:00,audusd,0.7815,0.78194,0.78142,0.781825
2021-05-12 02:00:00+00:00,audusd,0.78167,0.781805,0.78106,0.781495
2021-05-12 02:15:00+00:00,audusd,0.781385,0.78168,0.78127,0.78166
2021-05-12 02:30:00+00:00,audusd,0.781065,0.781475,0.780765,0.78138
2021-05-12 02:45:00+00:00,audusd,0.78074,0.7812,0.780705,0.78106
2021-05-12 03:00:00+00:00,audusd,0.780545,0.78082,0.78044,0.78075
2021-05-12 03:15:00+00:00,audusd,0.780195,0.78061,0.77995,0.78054
2021-05-12 03:30:00+00:00,audusd,0.77989,0.78044,0.77958,0.7802
2021-05-12 03:45:00+00:00,audusd,0.77873,0.779905,0.77858,0.7799
2021-05-12 04:00:00+00:00,audusd,0.77913,0.7792,0.77867,0.77872
2021-05-12 04:15:00+00:00,audusd,0.779045,0.779195,0.77863,0.77912
2021-05-12 04:30:00+00:00,audusd,0.779275,0.779275,0.77892,0.77904
2021-05-12 04:45:00+00:00,audusd,0.77906,0.77944,0.77906,0.77927
2021-05-12 05:00:00+00:00,audusd,0.779985,0.77999,0.779005,0.779055
2021-05-12 05:15:00+00:00,audusd,0.77984,0.77999,0.77959,0.77998
2021-05-12 05:30:00+00:00,audusd,0.7796,0.77994,0.77949,0.779845
2021-05-12 05:45:00+00:00,audusd,0.779445,0.77974,0.77911,0.779605
2021-05-12 06:00:00+00:00,audusd,0.78014,0.78028,0.77942,0.77944
2021-05-12 06:15:00+00:00,audusd,0.78055,0.780915,0.78014,0.78015
2021-05-12 06:30:00+00:00,audusd,0.78062,0.78091,0.78019,0.78056
2021-05-12 06:45:00+00:00,audusd,0.78086,0.78114,0.78045,0.780625
2021-05-12 07:00:00+00:00,audusd,0.78077,0.78132,0.78062,0.78087
2021-05-12 22:15:00+00:00,audusd,0.77314,0.77316,0.77299,0.77302
2021-05-12 22:30:00+00:00,audusd,0.77325,0.77325,0.77309,0.77315
2021-05-12 22:45:00+00:00,audusd,0.77305,0.77326,0.77298,0.773245
2021-05-12 23:00:00+00:00,audusd,0.773235,0.77325,0.772825,0.77306
2021-05-12 23:15:00+00:00,audusd,0.77309,0.77333,0.77309,0.77324
2021-05-12 23:30:00+00:00,audusd,0.77317,0.77333,0.77301,0.773085
2021-05-12 23:45:00+00:00,audusd,0.773225,0.77345,0.7731,0.77316
2021-05-13 00:00:00+00:00,audusd,0.77212,0.77328,0.77176,0.773225
2021-05-13 00:15:00+00:00,audusd,0.77264,0.77272,0.77202,0.77211
2021-05-13 00:30:00+00:00,audusd,0.77298,0.77298,0.77247,0.772635
2021-05-13 00:45:00+00:00,audusd,0.77311,0.77354,0.77294,0.77297
2021-05-13 01:00:00+00:00,audusd,0.77305,0.77338,0.77231,0.773105
2021-05-13 01:15:00+00:00,audusd,0.77354,0.77356,0.77299,0.77306
2021-05-13 01:30:00+00:00,audusd,0.77454,0.77462,0.77341,0.773535
2021-05-13 01:45:00+00:00,audusd,0.77423,0.77463,0.77392,0.77455
2021-05-13 02:00:00+00:00,audusd,0.77351,0.77422,0.773365,0.77422
2021-05-13 02:15:00+00:00,audusd,0.77347,0.77363,0.77332,0.773505
2021-05-13 02:30:00+00:00,audusd,0.77322,0.773585,0.7728,0.773465
2021-05-13 02:45:00+00:00,audusd,0.77296,0.77327,0.772565,0.773215
2021-05-13 03:00:00+00:00,audusd,0.77292,0.773115,0.77253,0.772965
2021-05-13 03:15:00+00:00,audusd,0.77221,0.77297,0.772125,0.772915
2021-05-13 03:30:00+00:00,audusd,0.77206,0.77238,0.771875,0.772215
2021-05-13 03:45:00+00:00,audusd,0.772225,0.77229,0.77188,0.772065
2021-05-13 04:00:00+00:00,audusd,0.77183,0.77237,0.77176,0.77223
2021-05-13 04:15:00+00:00,audusd,0.771985,0.77212,0.77171,0.771835
2021-05-13 04:30:00+00:00,audusd,0.7722,0.77221,0.771905,0.77198
2021-05-13 04:45:00+00:00,audusd,0.77256,0.77259,0.77217,0.772205
2021-05-13 05:00:00+00:00,audusd,0.77218,0.77273,0.77216,0.772555
2021-05-13 05:15:00+00:00,audusd,0.77152,0.77221,0.77145,0.772175
2021-05-13 05:30:00+00:00,audusd,0.771415,0.77176,0.77139,0.771525
2021-05-13 05:45:00+00:00,audusd,0.770795,0.77147,0.770665,0.77141
2021-05-13 06:00:00+00:00,audusd,0.77193,0.77201,0.770785,0.7708
2021-05-13 06:15:00+00:00,audusd,0.772365,0.772565,0.771855,0.771925
2021-05-13 06:30:00+00:00,audusd,0.77298,0.77312,0.77223,0.77237
2021-05-13 06:45:00+00:00,audusd,0.77318,0.77372,0.77295,0.772985
2021-05-13 07:00:00+00:00,audusd,0.77353,0.773625,0.77262,0.773185
2021-05-13 07:15:00+00:00,audusd,0.77299,0.77352,0.77266,0.773505
2021-05-13 07:30:00+00:00,audusd,0.7721,0.772985,0.772,0.772985
2021-05-13 07:45:00+00:00,audusd,0.770725,0.77233,0.770315,0.77209
2021-05-13 08:00:00+00:00,audusd,0.77128,0.771765,0.77061,0.77074
2021-05-13 08:15:00+00:00,audusd,0.771065,0.77166,0.77093,0.771285
2021-05-13 08:30:00+00:00,audusd,0.77101,0.77137,0.770735,0.771105
2021-05-13 08:45:00+00:00,audusd,0.77071,0.77107,0.76957,0.771015
2021-05-13 09:00:00+00:00,audusd,0.77107,0.77139,0.77068,0.77072
2021-05-13 09:15:00+00:00,audusd,0.77168,0.77168,0.770725,0.771075
2021-05-13 09:30:00+00:00,audusd,0.77107,0.77176,0.77088,0.771675
2021-05-13 09:45:00+00:00,audusd,0.77017,0.77114,0.77001,0.771075
2021-05-13 10:00:00+00:00,audusd,0.769385,0.770435,0.76899,0.770175
2021-05-13 10:15:00+00:00,audusd,0.76943,0.76985,0.76885,0.76939
2021-05-13 10:30:00+00:00,audusd,0.76943,0.769765,0.76928,0.769435
2021-05-13 10:45:00+00:00,audusd,0.76984,0.76991,0.76929,0.76942
2021-05-13 11:00:00+00:00,audusd,0.76963,0.76995,0.76951,0.769835
2021-05-13 11:15:00+00:00,audusd,0.77084,0.77089,0.769475,0.76964
2021-05-13 11:30:00+00:00,audusd,0.77094,0.771425,0.77072,0.77083
2021-05-13 11:45:00+00:00,audusd,0.770215,0.770945,0.77013,0.770945
2021-05-13 12:00:00+00:00,audusd,0.77082,0.77095,0.77022,0.77022
2021-05-13 12:15:00+00:00,audusd,0.77066,0.770925,0.77043,0.770815
2021-05-13 12:30:00+00:00,audusd,0.77213,0.77213,0.76984,0.77067
2021-05-13 12:45:00+00:00,audusd,0.77194,0.77235,0.77137,0.772145
2021-05-13 13:00:00+00:00,audusd,0.77202,0.77261,0.77193,0.77193
2021-05-13 13:15:00+00:00,audusd,0.77172,0.772565,0.77154,0.772015
2021-05-13 13:30:00+00:00,audusd,0.77211,0.772935,0.771725,0.77175
2021-05-13 13:45:00+00:00,audusd,0.77372,0.773735,0.77204,0.772115
2021-05-13 14:00:00+00:00,audusd,0.77367,0.77416,0.773185,0.77373
2021-05-13 14:15:00+00:00,audusd,0.77309,0.774,0.77273,0.773675
2021-05-13 14:30:00+00:00,audusd,0.773555,0.773765,0.77312,0.773125
2021-05-13 14:45:00+00:00,audusd,0.77313,0.77398,0.77277,0.77356
2021-05-13 15:00:00+00:00,audusd,0.77234,0.773195,0.77223,0.773135
2021-05-13 15:15:00+00:00,audusd,0.772095,0.77275,0.771945,0.772345
2021-05-13 15:30:00+00:00,audusd,0.77166,0.77288,0.77165,0.77209
2021-05-13 15:45:00+00:00,audusd,0.772225,0.77259,0.77165,0.771655
2021-05-13 16:00:00+00:00,audusd,0.77263,0.77275,0.772095,0.77223
2021-05-13 16:15:00+00:00,audusd,0.77307,0.77311,0.77238,0.772625
2021-05-13 16:30:00+00:00,audusd,0.77314,0.7736,0.77304,0.773065
2021-05-13 16:45:00+00:00,audusd,0.77275,0.77378,0.772685,0.773145
2021-05-13 17:00:00+00:00,audusd,0.77243,0.77278,0.77212,0.772755
2021-05-13 17:15:00+00:00,audusd,0.77161,0.77251,0.771495,0.772425
2021-05-13 17:30:00+00:00,audusd,0.77112,0.77171,0.77079,0.7716
2021-05-13 17:45:00+00:00,audusd,0.77137,0.77161,0.77073,0.77111
2021-05-13 18:00:00+00:00,audusd,0.77247,0.772565,0.77134,0.771365
2021-05-13 18:15:00+00:00,audusd,0.77275,0.77279,0.77223,0.772475
2021-05-13 18:30:00+00:00,audusd,0.77304,0.77324,0.77255,0.772755
2021-05-13 18:45:00+00:00,audusd,0.77249,0.773135,0.77245,0.773045
2021-05-13 19:00:00+00:00,audusd,0.77268,0.77313,0.77243,0.772495
2021-05-13 19:15:00+00:00,audusd,0.77331,0.773345,0.772665,0.77269
2021-05-13 19:30:00+00:00,audusd,0.7735,0.77357,0.77329,0.77332
2021-05-13 19:45:00+00:00,audusd,0.773195,0.77361,0.77304,0.773495
2021-05-13 20:00:00+00:00,audusd,0.77304,0.7732,0.77283,0.77319
2021-05-13 20:15:00+00:00,audusd,0.7728,0.77307,0.77274,0.773045
2021-05-13 20:30:00+00:00,audusd,0.77285,0.773,0.77279,0.77279
2021-05-13 20:45:00+00:00,audusd,0.772815,0.772955,0.772685,0.772845
2021-05-13 21:00:00+00:00,audusd,0.77266,0.77269,0.77247,0.77251
2021-05-13 21:15:00+00:00,audusd,0.77285,0.77305,0.772645,0.772675
2021-05-13 21:30:00+00:00,audusd,0.772805,0.77291,0.772785,0.77286
2021-05-13 21:45:00+00:00,audusd,0.77276,0.77313,0.7727,0.7728
2021-05-13 22:00:00+00:00,audusd,0.772965,0.77327,0.77264,0.77275
2021-05-13 22:15:00+00:00,audusd,0.772965,0.77314,0.77292,0.77297
2021-05-13 22:30:00+00:00,audusd,0.77287,0.77301,0.77268,0.77297
2021-05-13 22:45:00+00:00,audusd,0.77261,0.77294,0.77256,0.77288
2021-05-13 23:00:00+00:00,audusd,0.77248,0.77273,0.77236,0.77262
2021-05-13 23:15:00+00:00,audusd,0.77275,0.77285,0.77245,0.77247
2021-05-13 23:30:00+00:00,audusd,0.77273,0.77286,0.77249,0.772755
2021-05-13 23:45:00+00:00,audusd,0.77239,0.77275,0.77238,0.772735
2021-05-14 00:00:00+00:00,audusd,0.77207,0.7725,0.77198,0.7724
2021-05-14 00:15:00+00:00,audusd,0.77149,0.77244,0.77143,0.772075
2021-05-14 00:30:00+00:00,audusd,0.772,0.772,0.77141,0.771495
2021-05-14 00:45:00+00:00,audusd,0.772145,0.77237,0.77164,0.772005
2021-05-14 01:00:00+00:00,audusd,0.771915,0.77256,0.77178,0.77215
2021-05-14 01:15:00+00:00,audusd,0.77336,0.77336,0.77177,0.77191
2021-05-14 01:30:00+00:00,audusd,0.77272,0.77335,0.77254,0.77335
2021-05-14 01:45:00+00:00,audusd,0.772455,0.77295,0.77195,0.772725
2021-05-14 02:00:00+00:00,audusd,0.77294,0.77294,0.77215,0.77246
2021-05-14 02:15:00+00:00,audusd,0.77246,0.77296,0.77245,0.772935
2021-05-14 02:30:00+00:00,audusd,0.772345,0.77274,0.77221,0.77247
2021-05-14 02:45:00+00:00,audusd,0.77248,0.77265,0.7722,0.77235
2021-05-14 03:00:00+00:00,audusd,0.77237,0.77275,0.77204,0.77249
2021-05-14 03:15:00+00:00,audusd,0.77184,0.77247,0.77182,0.772375
2021-05-14 03:30:00+00:00,audusd,0.77216,0.77226,0.771845,0.771845
2021-05-14 03:45:00+00:00,audusd,0.77216,0.77231,0.77195,0.772155
2021-05-14 04:00:00+00:00,audusd,0.772765,0.77277,0.772145,0.772155
2021-05-14 04:15:00+00:00,audusd,0.77267,0.77283,0.77255,0.77277
2021-05-14 04:30:00+00:00,audusd,0.7726,0.77276,0.77253,0.77268
2021-05-14 04:45:00+00:00,audusd,0.772605,0.772665,0.77241,0.77261
2021-05-14 05:00:00+00:00,audusd,0.77285,0.77285,0.77249,0.77261
2021-05-14 05:15:00+00:00,audusd,0.773045,0.77306,0.77276,0.772855
2021-05-14 05:30:00+00:00,audusd,0.77329,0.773335,0.77287,0.77305
2021-05-14 05:45:00+00:00,audusd,0.7737,0.77371,0.773095,0.7733
2021-05-14 06:00:00+00:00,audusd,0.77302,0.77379,0.77279,0.77371
2021-05-14 06:15:00+00:00,audusd,0.77385,0.77387,0.77287,0.77301
2021-05-14 06:30:00+00:00,audusd,0.774175,0.77433,0.7735,0.773855
2021-05-14 06:45:00+00:00,audusd,0.77434,0.7746,0.77405,0.77417
2021-05-14 07:00:00+00:00,audusd,0.77439,0.77466,0.77409,0.77433
2021-05-14 07:15:00+00:00,audusd,0.77349,0.7744,0.77349,0.774385
2021-05-14 07:30:00+00:00,audusd,0.77334,0.7736,0.77302,0.773485
2021-05-14 07:45:00+00:00,audusd,0.77369,0.77398,0.77321,0.773335
2021-05-14 08:00:00+00:00,audusd,0.77345,0.77379,0.77306,0.773695
2021-05-14 08:15:00+00:00,audusd,0.77417,0.77424,0.77341,0.773445
2021-05-14 08:30:00+00:00,audusd,0.77424,0.77453,0.77413,0.774165
2021-05-14 08:45:00+00:00,audusd,0.77444,0.77449,0.773945,0.774235
2021-05-14 09:00:00+00:00,audusd,0.77447,0.77465,0.77423,0.774445
2021-05-14 09:15:00+00:00,audusd,0.77399,0.77454,0.7738,0.774465
2021-05-14 09:30:00+00:00,audusd,0.77385,0.77403,0.77344,0.773995
2021-05-14 09:45:00+00:00,audusd,0.77362,0.77402,0.77354,0.773855
2021-05-14 10:00:00+00:00,audusd,0.7736,0.77373,0.773455,0.77361
2021-05-14 10:15:00+00:00,audusd,0.77379,0.77401,0.773605,0.773605
2021-05-14 10:30:00+00:00,audusd,0.77391,0.774,0.77368,0.773785
2021-05-14 10:45:00+00:00,audusd,0.77399,0.774315,0.77377,0.773905
2021-05-14 11:00:00+00:00,audusd,0.77445,0.77448,0.77385,0.773995
2021-05-14 11:15:00+00:00,audusd,0.77424,0.77479,0.774165,0.774455
2021-05-14 11:30:00+00:00,audusd,0.77505,0.775085,0.77414,0.774235
2021-05-14 11:45:00+00:00,audusd,0.775,0.77529,0.77489,0.775055
2021-05-14 12:00:00+00:00,audusd,0.775455,0.775595,0.7749,0.775005
2021-05-14 12:15:00+00:00,audusd,0.775445,0.77561,0.77495,0.77546
2021-05-14 12:30:00+00:00,audusd,0.77536,0.77619,0.774715,0.77544
2021-05-14 12:45:00+00:00,audusd,0.77581,0.77633,0.77516,0.775365
2021-05-14 13:00:00+00:00,audusd,0.77588,0.77611,0.77551,0.77582
2021-05-14 13:15:00+00:00,audusd,0.77601,0.77652,0.77578,0.77589
2021-05-14 13:30:00+00:00,audusd,0.776305,0.77647,0.77566,0.776015
2021-05-14 13:45:00+00:00,audusd,0.777235,0.777665,0.77622,0.776375
2021-05-14 14:00:00+00:00,audusd,0.77792,0.77806,0.77645,0.77724
2021-05-14 14:15:00+00:00,audusd,0.77712,0.77813,0.77712,0.777925
2021-05-14 14:30:00+00:00,audusd,0.77666,0.77765,0.77662,0.77713
2021-05-14 14:45:00+00:00,audusd,0.77696,0.777465,0.77665,0.77667
2021-05-14 15:00:00+00:00,audusd,0.777135,0.77731,0.77656,0.776955
2021-05-14 15:15:00+00:00,audusd,0.77745,0.77769,0.77714,0.77714
2021-05-14 15:30:00+00:00,audusd,0.7774,0.77756,0.7772,0.777455
2021-05-14 15:45:00+00:00,audusd,0.77763,0.77785,0.777405,0.777405
2021-05-14 16:00:00+00:00,audusd,0.77768,0.77793,0.77749,0.77762
2021-05-14 16:15:00+00:00,audusd,0.7777,0.77785,0.77752,0.77769
2021-05-14 16:30:00+00:00,audusd,0.77734,0.77783,0.7773,0.77771
2021-05-14 16:45:00+00:00,audusd,0.77769,0.77788,0.7773,0.777335
2021-05-14 17:00:00+00:00,audusd,0.77751,0.77785,0.777405,0.7777
2021-05-14 17:15:00+00:00,audusd,0.77765,0.777755,0.777455,0.7775
2021-05-14 17:30:00+00:00,audusd,0.77744,0.7778,0.77741,0.77764
2021-05-14 17:45:00+00:00,audusd,0.77762,0.77766,0.77741,0.777435
2021-05-14 18:00:00+00:00,audusd,0.77814,0.77817,0.77753,0.77761
2021-05-14 18:15:00+00:00,audusd,0.778095,0.778155,0.77795,0.778135
2021-05-14 18:30:00+00:00,audusd,0.77842,0.77842,0.778095,0.7781
2021-05-14 18:45:00+00:00,audusd,0.778665,0.778755,0.77839,0.77841
2021-05-14 19:00:00+00:00,audusd,0.77843,0.778715,0.77818,0.77866
2021-05-14 19:15:00+00:00,audusd,0.77836,0.77855,0.77823,0.77842
2021-05-14 19:30:00+00:00,audusd,0.77801,0.77836,0.77797,0.77835
2021-05-14 19:45:00+00:00,audusd,0.77796,0.77826,0.77792,0.778
2021-05-14 20:00:00+00:00,audusd,0.77801,0.77816,0.777935,0.777965
2021-05-14 20:15:00+00:00,audusd,0.778145,0.7782,0.77801,0.778015
2021-05-14 20:30:00+00:00,audusd,0.77826,0.77829,0.77796,0.77815
2021-05-14 20:45:00+00:00,audusd,0.77798,0.77842,0.77778,0.778265
2021-05-16 21:00:00+00:00,audusd,0.777585,0.778055,0.77734,0.777375
2021-05-16 21:15:00+00:00,audusd,0.777475,0.77767,0.77741,0.77762
2021-05-16 21:30:00+00:00,audusd,0.77746,0.777605,0.77701,0.77748
2021-05-16 21:45:00+00:00,audusd,0.77744,0.77748,0.77743,0.777465
2021-05-16 22:00:00+00:00,audusd,0.77819,0.7783,0.777425,0.77743
2021-05-16 22:15:00+00:00,audusd,0.77812,0.77839,0.77806,0.778195
2021-05-16 22:30:00+00:00,audusd,0.77789,0.77828,0.77782,0.77813
2021-05-16 22:45:00+00:00,audusd,0.77779,0.7781,0.777735,0.7779
2021-05-16 23:00:00+00:00,audusd,0.77826,0.77826,0.77775,0.777795
2021-05-16 23:15:00+00:00,audusd,0.77814,0.778295,0.77804,0.778255
2021-05-16 23:30:00+00:00,audusd,0.77826,0.7783,0.77794,0.778145
2021-05-16 23:45:00+00:00,audusd,0.77785,0.77825,0.77772,0.77825
2021-05-17 00:00:00+00:00,audusd,0.776645,0.77784,0.77655,0.7778
2021-05-17 00:15:00+00:00,audusd,0.776245,0.77677,0.776145,0.77664
2021-05-17 00:30:00+00:00,audusd,0.77615,0.77635,0.77582,0.77625
2021-05-17 00:45:00+00:00,audusd,0.77605,0.77636,0.77595,0.77614
2021-05-17 01:00:00+00:00,audusd,0.77629,0.776535,0.7758,0.77606
2021-05-17 01:15:00+00:00,audusd,0.77628,0.77636,0.7756,0.7763
2021-05-17 01:30:00+00:00,audusd,0.776145,0.77659,0.77614,0.77627
2021-05-17 01:45:00+00:00,audusd,0.77574,0.77631,0.77569,0.77615
2021-05-17 02:00:00+00:00,audusd,0.77565,0.77582,0.775095,0.775745
2021-05-17 02:15:00+00:00,audusd,0.77523,0.77566,0.77521,0.775655
2021-05-17 02:30:00+00:00,audusd,0.77585,0.77588,0.77509,0.775235
2021-05-17 02:45:00+00:00,audusd,0.775885,0.77604,0.77569,0.775855
2021-05-17 03:00:00+00:00,audusd,0.77604,0.77634,0.77567,0.77588
2021-05-17 03:15:00+00:00,audusd,0.77579,0.7762,0.775685,0.77603
2021-05-17 03:30:00+00:00,audusd,0.77571,0.7758,0.77542,0.775795
2021-05-17 03:45:00+00:00,audusd,0.77516,0.775705,0.775145,0.775705
2021-05-17 04:00:00+00:00,audusd,0.77524,0.77539,0.77509,0.77517
2021-05-17 04:15:00+00:00,audusd,0.774825,0.77541,0.774815,0.775235
2021-05-17 04:30:00+00:00,audusd,0.77537,0.77545,0.77479,0.77482
2021-05-17 04:45:00+00:00,audusd,0.775205,0.77558,0.775185,0.775365
2021-05-17 05:00:00+00:00,audusd,0.77559,0.77574,0.775195,0.7752
2021-05-17 05:15:00+00:00,audusd,0.77524,0.7757,0.77523,0.775595
2021-05-17 05:30:00+00:00,audusd,0.77564,0.77572,0.77519,0.77525
2021-05-17 05:45:00+00:00,audusd,0.77503,0.775675,0.77499,0.775635
2021-05-17 06:00:00+00:00,audusd,0.775755,0.77579,0.77497,0.77502
2021-05-17 06:15:00+00:00,audusd,0.775845,0.77608,0.775745,0.77575
2021-05-17 06:30:00+00:00,audusd,0.77632,0.77671,0.775715,0.77585
2021-05-17 06:45:00+00:00,audusd,0.77625,0.7766,0.7762,0.776315
2021-05-17 07:00:00+00:00,audusd,0.77657,0.77671,0.776095,0.776245
2021-05-17 07:15:00+00:00,audusd,0.77564,0.7766,0.77564,0.776575
2021-05-17 07:30:00+00:00,audusd,0.77502,0.775745,0.77502,0.775635
2021-05-17 07:45:00+00:00,audusd,0.77524,0.77532,0.77454,0.775025
2021-05-17 08:00:00+00:00,audusd,0.77545,0.77571,0.77515,0.77523
2021-05-17 08:15:00+00:00,audusd,0.77494,0.7755,0.77489,0.775455
2021-05-17 08:30:00+00:00,audusd,0.7756,0.7756,0.77495,0.77495
2021-05-17 08:45:00+00:00,audusd,0.776085,0.77615,0.77552,0.775605
2021-05-17 09:00:00+00:00,audusd,0.77588,0.77626,0.77568,0.77608
2021-05-17 09:15:00+00:00,audusd,0.77553,0.7759,0.77541,0.77587
2021-05-17 09:30:00+00:00,audusd,0.77539,0.77564,0.77535,0.77552
2021-05-17 09:45:00+00:00,audusd,0.775935,0.775985,0.77534,0.775395
2021-05-17 10:00:00+00:00,audusd,0.77612,0.776205,0.77588,0.77593
2021-05-17 10:15:00+00:00,audusd,0.77575,0.776115,0.77541,0.776115
2021-05-17 10:30:00+00:00,audusd,0.775505,0.77602,0.77549,0.77574
2021-05-17 10:45:00+00:00,audusd,0.775155,0.7756,0.77487,0.7755
2021-05-17 11:00:00+00:00,audusd,0.77534,0.77558,0.7751,0.77516
2021-05-17 11:15:00+00:00,audusd,0.77496,0.77539,0.77473,0.775345
2021-05-17 11:30:00+00:00,audusd,0.77471,0.77512,0.774615,0.77497
2021-05-17 11:45:00+00:00,audusd,0.774155,0.774705,0.77395,0.774705
2021-05-17 12:00:00+00:00,audusd,0.77427,0.774555,0.77415,0.77416
2021-05-17 12:15:00+00:00,audusd,0.773405,0.774275,0.77306,0.77426
2021-05-17 12:30:00+00:00,audusd,0.77431,0.77441,0.77336,0.77339
2021-05-17 12:45:00+00:00,audusd,0.77383,0.77434,0.77382,0.7743
2021-05-17 13:00:00+00:00,audusd,0.77492,0.77498,0.773645,0.773825
2021-05-17 13:15:00+00:00,audusd,0.775215,0.77526,0.77491,0.774915
2021-05-17 13:30:00+00:00,audusd,0.77549,0.77591,0.77521,0.77521
2021-05-17 13:45:00+00:00,audusd,0.775545,0.77561,0.77504,0.775485
2021-05-17 14:00:00+00:00,audusd,0.7748,0.77554,0.77451,0.77554
2021-05-17 14:15:00+00:00,audusd,0.77524,0.77595,0.77455,0.77481
2021-05-17 14:30:00+00:00,audusd,0.77579,0.77615,0.77514,0.77525
2021-05-17 14:45:00+00:00,audusd,0.77651,0.77702,0.77564,0.77578
2021-05-17 15:00:00+00:00,audusd,0.77601,0.77659,0.77561,0.776525
2021-05-17 15:15:00+00:00,audusd,0.775955,0.77634,0.77579,0.776005
2021-05-17 15:30:00+00:00,audusd,0.77616,0.77634,0.7755,0.77596
2021-05-17 15:45:00+00:00,audusd,0.77656,0.7767,0.77606,0.776155
2021-05-17 16:00:00+00:00,audusd,0.77666,0.77689,0.77635,0.77655
2021-05-17 16:15:00+00:00,audusd,0.776845,0.777005,0.77656,0.77665
2021-05-17 16:30:00+00:00,audusd,0.777055,0.77712,0.77668,0.77685
2021-05-17 16:45:00+00:00,audusd,0.77694,0.77714,0.776785,0.77706
2021-05-17 17:00:00+00:00,audusd,0.77721,0.77737,0.77693,0.77693
2021-05-17 17:15:00+00:00,audusd,0.77685,0.777205,0.77676,0.777205
2021-05-17 17:30:00+00:00,audusd,0.776305,0.77685,0.77615,0.776845
2021-05-17 17:45:00+00:00,audusd,0.776555,0.77673,0.77631,0.77631
2021-05-17 18:00:00+00:00,audusd,0.77675,0.7769,0.77655,0.77656
2021-05-17 18:15:00+00:00,audusd,0.7768,0.77697,0.77661,0.776755
2021-05-17 18:30:00+00:00,audusd,0.77671,0.77704,0.77658,0.776805
2021-05-17 18:45:00+00:00,audusd,0.777035,0.77713,0.77661,0.776715
2021-05-17 19:00:00+00:00,audusd,0.777075,0.77715,0.77691,0.77703
2021-05-17 19:15:00+00:00,audusd,0.77685,0.77708,0.776685,0.77707
2021-05-17 19:30:00+00:00,audusd,0.777,0.77702,0.776735,0.776845
2021-05-17 19:45:00+00:00,audusd,0.777095,0.777165,0.776895,0.77699
2021-05-17 20:00:00+00:00,audusd,0.77696,0.77711,0.77689,0.7771
2021-05-17 20:15:00+00:00,audusd,0.777,0.77705,0.776955,0.776955
2021-05-17 20:30:00+00:00,audusd,0.77698,0.77706,0.776895,0.77699
2021-05-17 20:45:00+00:00,audusd,0.77648,0.77701,0.77648,0.776985
2021-05-17 21:00:00+00:00,audusd,0.77639,0.776525,0.77592,0.776185
2021-05-17 21:15:00+00:00,audusd,0.77687,0.7771,0.77636,0.776375
2021-05-17 21:30:00+00:00,audusd,0.77677,0.77688,0.77648,0.776875
2021-05-17 21:45:00+00:00,audusd,0.77684,0.77698,0.77671,0.776775
2021-05-17 22:00:00+00:00,audusd,0.77696,0.77706,0.77682,0.77683
2021-05-17 22:15:00+00:00,audusd,0.77685,0.77699,0.77685,0.77697
2021-05-17 22:30:00+00:00,audusd,0.776895,0.777,0.77682,0.77686
2021-05-17 22:45:00+00:00,audusd,0.77675,0.77695,0.776745,0.7769
2021-05-17 23:00:00+00:00,audusd,0.7769,0.77692,0.776445,0.77676
2021-05-17 23:15:00+00:00,audusd,0.77708,0.77709,0.77673,0.77691
2021-05-17 23:30:00+00:00,audusd,0.77725,0.77728,0.77704,0.77707
2021-05-17 23:45:00+00:00,audusd,0.77737,0.777445,0.77719,0.777245
2021-05-18 00:00:00+00:00,audusd,0.77716,0.777395,0.7768,0.77736
2021-05-18 00:15:00+00:00,audusd,0.77748,0.77794,0.77716,0.777165
2021-05-18 00:30:00+00:00,audusd,0.77775,0.777775,0.77727,0.777485
2021-05-18 00:45:00+00:00,audusd,0.777715,0.77797,0.77751,0.77776
2021-05-18 01:00:00+00:00,audusd,0.77856,0.7786,0.77759,0.777705
2021-05-18 01:15:00+00:00,audusd,0.77929,0.779355,0.77855,0.778555
2021-05-18 01:30:00+00:00,audusd,0.77873,0.77934,0.7786,0.779295
2021-05-18 01:45:00+00:00,audusd,0.77873,0.7791,0.77859,0.778735
2021-05-18 02:00:00+00:00,audusd,0.77939,0.779685,0.7787,0.778725
2021-05-18 02:15:00+00:00,audusd,0.77889,0.77941,0.77884,0.779395
2021-05-18 02:30:00+00:00,audusd,0.778785,0.77893,0.77854,0.778895
2021-05-18 02:45:00+00:00,audusd,0.77884,0.778845,0.77848,0.77878
2021-05-18 03:00:00+00:00,audusd,0.77897,0.77914,0.77873,0.77885
2021-05-18 03:15:00+00:00,audusd,0.77873,0.77925,0.77868,0.778975
2021-05-18 03:30:00+00:00,audusd,0.779525,0.77953,0.778675,0.778735
2021-05-18 03:45:00+00:00,audusd,0.77961,0.77972,0.77938,0.77953
2021-05-18 04:00:00+00:00,audusd,0.7792,0.77963,0.77893,0.779615
2021-05-18 04:15:00+00:00,audusd,0.77925,0.779435,0.778945,0.779205
2021-05-18 04:30:00+00:00,audusd,0.77869,0.77956,0.778535,0.77926
2021-05-18 04:45:00+00:00,audusd,0.778745,0.778955,0.77863,0.7787
2021-05-18 05:00:00+00:00,audusd,0.778705,0.77885,0.778575,0.77875
2021-05-18 05:15:00+00:00,audusd,0.778915,0.779025,0.77859,0.77871
2021-05-18 05:30:00+00:00,audusd,0.778875,0.77903,0.77882,0.77892
2021-05-18 05:45:00+00:00,audusd,0.77856,0.77889,0.77849,0.778875
2021-05-18 06:00:00+00:00,audusd,0.779425,0.779545,0.77839,0.77857
2021-05-18 06:15:00+00:00,audusd,0.78017,0.78045,0.77941,0.77942
2021-05-18 06:30:00+00:00,audusd,0.78021,0.78029,0.779415,0.780175
2021-05-18 06:45:00+00:00,audusd,0.78042,0.7808,0.78013,0.78022
2021-05-18 07:00:00+00:00,audusd,0.78079,0.78092,0.78038,0.780425
2021-05-18 07:15:00+00:00,audusd,0.78088,0.78119,0.78062,0.780795
2021-05-18 07:30:00+00:00,audusd,0.78034,0.78137,0.78034,0.780885
2021-05-18 07:45:00+00:00,audusd,0.78025,0.78068,0.78018,0.780335
2021-05-18 08:00:00+00:00,audusd,0.77968,0.78049,0.77959,0.780245
2021-05-18 08:15:00+00:00,audusd,0.78034,0.78046,0.77968,0.77969
2021-05-18 08:30:00+00:00,audusd,0.78036,0.7806,0.77999,0.780345
2021-05-18 08:45:00+00:00,audusd,0.7801,0.78055,0.77991,0.780355
2021-05-18 09:00:00+00:00,audusd,0.77994,0.78039,0.77989,0.780095
2021-05-18 09:15:00+00:00,audusd,0.780035,0.7805,0.77971,0.779935
2021-05-18 09:30:00+00:00,audusd,0.780045,0.78022,0.7799,0.78003
2021-05-18 09:45:00+00:00,audusd,0.77983,0.78005,0.77959,0.78005
2021-05-18 10:00:00+00:00,audusd,0.77945,0.78012,0.77929,0.779825
2021-05-18 10:15:00+00:00,audusd,0.779495,0.77962,0.77938,0.779445
2021-05-18 10:30:00+00:00,audusd,0.78015,0.78021,0.77949,0.77949
2021-05-18 10:45:00+00:00,audusd,0.77952,0.78021,0.77944,0.78014
2021-05-18 11:00:00+00:00,audusd,0.77965,0.779795,0.779475,0.779515
2021-05-18 11:15:00+00:00,audusd,0.77943,0.77969,0.77922,0.77966
2021-05-18 11:30:00+00:00,audusd,0.779935,0.78,0.77934,0.779425
2021-05-18 11:45:00+00:00,audusd,0.78,0.78034,0.77985,0.779945
2021-05-18 12:00:00+00:00,audusd,0.78085,0.78089,0.77994,0.77999
2021-05-18 12:15:00+00:00,audusd,0.78054,0.78097,0.78049,0.78084
2021-05-18 12:30:00+00:00,audusd,0.780775,0.78099,0.78022,0.780535
2021-05-18 12:45:00+00:00,audusd,0.780545,0.78077,0.78023,0.78077
2021-05-18 13:00:00+00:00,audusd,0.779745,0.78068,0.779505,0.78055
2021-05-18 13:15:00+00:00,audusd,0.77999,0.78027,0.779645,0.77975
2021-05-18 13:30:00+00:00,audusd,0.77964,0.78025,0.77946,0.78
2021-05-18 13:45:00+00:00,audusd,0.77917,0.77994,0.779145,0.779645
2021-05-18 14:00:00+00:00,audusd,0.77834,0.77924,0.77822,0.779175
2021-05-18 14:15:00+00:00,audusd,0.778895,0.77909,0.77827,0.77835
2021-05-18 14:30:00+00:00,audusd,0.778695,0.779095,0.77855,0.7789
2021-05-18 14:45:00+00:00,audusd,0.7795,0.77963,0.77869,0.778695
2021-05-18 15:00:00+00:00,audusd,0.77911,0.779785,0.77911,0.77951
2021-05-18 15:15:00+00:00,audusd,0.778845,0.77919,0.77875,0.77914
2021-05-18 15:30:00+00:00,audusd,0.7784,0.77889,0.77809,0.77884
2021-05-18 15:45:00+00:00,audusd,0.77813,0.7785,0.77807,0.778405
2021-05-18 16:00:00+00:00,audusd,0.77829,0.7784,0.77788,0.77812
2021-05-18 16:15:00+00:00,audusd,0.778835,0.77886,0.77813,0.778285
2021-05-18 16:30:00+00:00,audusd,0.779105,0.7793,0.778695,0.77884
2021-05-18 16:45:00+00:00,audusd,0.77965,0.77967,0.7791,0.77911
2021-05-18 17:00:00+00:00,audusd,0.77961,0.78001,0.77955,0.77966
2021-05-18 17:15:00+00:00,audusd,0.7798,0.77981,0.77944,0.7796
2021-05-18 17:30:00+00:00,audusd,0.77987,0.77996,0.77961,0.779805
2021-05-18 17:45:00+00:00,audusd,0.780135,0.78026,0.77967,0.779875
2021-05-18 18:00:00+00:00,audusd,0.78046,0.78052,0.77985,0.78013
2021-05-18 18:15:00+00:00,audusd,0.780405,0.78051,0.78016,0.780465
2021-05-18 18:30:00+00:00,audusd,0.77983,0.78047,0.77964,0.78041
2021-05-18 18:45:00+00:00,audusd,0.780205,0.78021,0.77961,0.779835
2021-05-18 19:00:00+00:00,audusd,0.78015,0.78045,0.780065,0.7802
2021-05-18 19:15:00+00:00,audusd,0.78035,0.78035,0.78007,0.780155
2021-05-18 19:30:00+00:00,audusd,0.78049,0.78056,0.78021,0.78036
2021-05-18 19:45:00+00:00,audusd,0.77977,0.78051,0.77973,0.7805
2021-05-18 20:00:00+00:00,audusd,0.77946,0.77987,0.77936,0.779765
2021-05-18 20:15:00+00:00,audusd,0.77955,0.77956,0.7794,0.779465
2021-05-18 20:30:00+00:00,audusd,0.77911,0.77961,0.77899,0.779545
2021-05-18 20:45:00+00:00,audusd,0.77917,0.77923,0.77897,0.77912
2021-05-18 21:00:00+00:00,audusd,0.779725,0.780105,0.77912,0.77931
2021-05-18 21:15:00+00:00,audusd,0.77924,0.78,0.77913,0.77918
2021-05-18 21:30:00+00:00,audusd,0.77912,0.77968,0.7789,0.779245
2021-05-18 21:45:00+00:00,audusd,0.77928,0.77937,0.77911,0.77913
2021-05-18 22:00:00+00:00,audusd,0.77936,0.77945,0.779255,0.779275
2021-05-18 22:15:00+00:00,audusd,0.77928,0.77941,0.77914,0.779365
2021-05-18 22:30:00+00:00,audusd,0.77961,0.77962,0.77923,0.779275
2021-05-18 22:45:00+00:00,audusd,0.77951,0.779725,0.7795,0.7796
2021-05-18 23:00:00+00:00,audusd,0.77944,0.779675,0.77933,0.77952
2021-05-18 23:15:00+00:00,audusd,0.779515,0.77962,0.779445,0.779445
2021-05-18 23:30:00+00:00,audusd,0.77946,0.77969,0.779315,0.77952
2021-05-18 23:45:00+00:00,audusd,0.77877,0.779465,0.77866,0.779455
2021-05-19 00:00:00+00:00,audusd,0.778735,0.77894,0.77839,0.778775
2021-05-19 00:15:00+00:00,audusd,0.7791,0.779315,0.77859,0.77873
2021-05-19 00:30:00+00:00,audusd,0.77921,0.77932,0.779005,0.779105
2021-05-19 00:45:00+00:00,audusd,0.77919,0.77977,0.77909,0.779205
2021-05-19 01:00:00+00:00,audusd,0.77877,0.779265,0.77826,0.7792
2021-05-19 01:15:00+00:00,audusd,0.7789,0.778955,0.77797,0.77876
2021-05-19 01:30:00+00:00,audusd,0.77859,0.778955,0.77841,0.77891
2021-05-19 01:45:00+00:00,audusd,0.77841,0.778655,0.778245,0.778595
2021-05-19 02:00:00+00:00,audusd,0.77822,0.778405,0.77787,0.778405
2021-05-19 02:15:00+00:00,audusd,0.77856,0.77866,0.77818,0.778215
2021-05-19 02:30:00+00:00,audusd,0.77876,0.77888,0.77839,0.778555
2021-05-19 02:45:00+00:00,audusd,0.7783,0.77901,0.77809,0.77875
2021-05-19 03:00:00+00:00,audusd,0.77853,0.77875,0.77806,0.778295
2021-05-19 03:15:00+00:00,audusd,0.778725,0.77895,0.77842,0.77854
2021-05-19 03:30:00+00:00,audusd,0.77887,0.77901,0.77872,0.77873
2021-05-19 03:45:00+00:00,audusd,0.779075,0.779195,0.77885,0.778875
2021-05-19 04:00:00+00:00,audusd,0.77929,0.77948,0.77907,0.77908
2021-05-19 04:15:00+00:00,audusd,0.77941,0.779465,0.779225,0.779295
2021-05-19 04:30:00+00:00,audusd,0.7785,0.77945,0.778495,0.77942
2021-05-19 04:45:00+00:00,audusd,0.778475,0.77855,0.778205,0.778495
2021-05-19 05:00:00+00:00,audusd,0.7786,0.778605,0.77829,0.77847
2021-05-19 05:15:00+00:00,audusd,0.77856,0.77867,0.778475,0.778605
2021-05-19 05:30:00+00:00,audusd,0.77861,0.77868,0.77832,0.77855
2021-05-19 05:45:00+00:00,audusd,0.77905,0.77932,0.77852,0.778605
2021-05-19 06:00:00+00:00,audusd,0.77889,0.779195,0.77876,0.779045
2021-05-19 06:15:00+00:00,audusd,0.77909,0.77922,0.77867,0.778885
2021-05-19 06:30:00+00:00,audusd,0.77837,0.77911,0.77809,0.77908
2021-05-19 06:45:00+00:00,audusd,0.77834,0.77874,0.77824,0.778375
2021-05-19 07:00:00+00:00,audusd,0.777905,0.778345,0.77761,0.778345
2021-05-19 07:15:00+00:00,audusd,0.7769,0.777915,0.77677,0.7779
2021-05-19 07:30:00+00:00,audusd,0.77687,0.777325,0.776645,0.776895
2021-05-19 07:45:00+00:00,audusd,0.77637,0.77693,0.776065,0.776875
2021-05-19 08:00:00+00:00,audusd,0.77597,0.77648,0.77594,0.776365
2021-05-19 08:15:00+00:00,audusd,0.77522,0.77596,0.77467,0.77596
2021-05-19 08:30:00+00:00,audusd,0.77537,0.77556,0.77509,0.775225
2021-05-19 08:45:00+00:00,audusd,0.775565,0.77559,0.77483,0.77536
2021-05-19 09:00:00+00:00,audusd,0.77602,0.776135,0.77547,0.77557
2021-05-19 09:15:00+00:00,audusd,0.77524,0.77638,0.77517,0.77601
2021-05-19 09:30:00+00:00,audusd,0.77522,0.775565,0.77483,0.775235
2021-05-19 09:45:00+00:00,audusd,0.77437,0.775215,0.77431,0.775215
2021-05-19 10:00:00+00:00,audusd,0.77468,0.7749,0.77433,0.774375
2021-05-19 10:15:00+00:00,audusd,0.77482,0.77495,0.77451,0.77469
2021-05-19 10:30:00+00:00,audusd,0.77507,0.77524,0.77462,0.77481
2021-05-19 10:45:00+00:00,audusd,0.77497,0.7753,0.77487,0.775065
2021-05-19 11:00:00+00:00,audusd,0.77427,0.77509,0.77347,0.774965
2021-05-19 11:15:00+00:00,audusd,0.77354,0.77428,0.77323,0.77426
2021-05-19 11:30:00+00:00,audusd,0.77357,0.773935,0.7733,0.773535
2021-05-19 11:45:00+00:00,audusd,0.77408,0.77429,0.77349,0.77356
2021-05-19 12:00:00+00:00,audusd,0.77467,0.77478,0.77393,0.774075
2021-05-19 12:15:00+00:00,audusd,0.77442,0.77504,0.77432,0.77466
2021-05-19 12:30:00+00:00,audusd,0.77385,0.77463,0.77376,0.774415
2021-05-19 12:45:00+00:00,audusd,0.77346,0.77393,0.77318,0.77386
2021-05-19 13:00:00+00:00,audusd,0.774,0.7746,0.77324,0.773465
2021-05-19 13:15:00+00:00,audusd,0.77438,0.77466,0.77371,0.773995
2021-05-19 13:30:00+00:00,audusd,0.775385,0.77542,0.774115,0.77437
2021-05-19 13:45:00+00:00,audusd,0.775765,0.776325,0.77509,0.77538
2021-05-19 14:00:00+00:00,audusd,0.774265,0.775775,0.77371,0.775775
2021-05-19 14:15:00+00:00,audusd,0.77532,0.77532,0.77367,0.77426
2021-05-19 14:30:00+00:00,audusd,0.77419,0.77539,0.77372,0.77531
2021-05-19 14:45:00+00:00,audusd,0.774585,0.774765,0.77361,0.77428
2021-05-19 15:00:00+00:00,audusd,0.77476,0.77508,0.77405,0.77459
2021-05-19 15:15:00+00:00,audusd,0.77493,0.77526,0.77439,0.77475
2021-05-19 15:30:00+00:00,audusd,0.77491,0.77511,0.77463,0.774935
2021-05-19 15:45:00+00:00,audusd,0.77531,0.77551,0.77466,0.7749
2021-05-19 16:00:00+00:00,audusd,0.77546,0.77567,0.77506,0.775315
2021-05-19 16:15:00+00:00,audusd,0.77551,0.77587,0.7754,0.77545
2021-05-19 16:30:00+00:00,audusd,0.77577,0.77608,0.775515,0.775515
2021-05-19 16:45:00+00:00,audusd,0.775715,0.77595,0.775645,0.775765
2021-05-19 17:00:00+00:00,audusd,0.77607,0.77621,0.775665,0.77571
2021-05-19 17:15:00+00:00,audusd,0.77581,0.77616,0.77555,0.77608
2021-05-19 17:30:00+00:00,audusd,0.775505,0.77585,0.775395,0.775805
2021-05-19 17:45:00+00:00,audusd,0.775515,0.77586,0.77535,0.7755
2021-05-19 18:00:00+00:00,audusd,0.77286,0.776,0.77164,0.77551
2021-05-19 18:15:00+00:00,audusd,0.77362,0.77419,0.77193,0.772865
2021-05-19 18:30:00+00:00,audusd,0.77214,0.77384,0.77209,0.7737
2021-05-19 18:45:00+00:00,audusd,0.7716,0.77245,0.77134,0.77219
2021-05-19 19:00:00+00:00,audusd,0.772125,0.77226,0.77116,0.771605
2021-05-19 19:15:00+00:00,audusd,0.7728,0.77292,0.77201,0.77211
2021-05-19 19:30:00+00:00,audusd,0.772115,0.77282,0.77205,0.772795
2021-05-19 19:45:00+00:00,audusd,0.772555,0.772575,0.77164,0.77211
2021-05-19 20:00:00+00:00,audusd,0.773,0.77305,0.77246,0.77256
2021-05-19 20:15:00+00:00,audusd,0.77285,0.77302,0.77278,0.77301
2021-05-19 20:30:00+00:00,audusd,0.77266,0.77294,0.77263,0.77286
2021-05-19 20:45:00+00:00,audusd,0.77271,0.772805,0.7725,0.77267
2021-05-19 21:00:00+00:00,audusd,0.77292,0.772925,0.77255,0.77288
2021-05-19 21:15:00+00:00,audusd,0.77256,0.773,0.772445,0.77289
2021-05-19 21:30:00+00:00,audusd,0.77236,0.77306,0.77221,0.772565
2021-05-19 21:45:00+00:00,audusd,0.772335,0.77246,0.77224,0.77235
2021-05-19 22:00:00+00:00,audusd,0.77242,0.772635,0.77232,0.77233
2021-05-19 22:15:00+00:00,audusd,0.77208,0.77247,0.772075,0.77241
2021-05-19 22:30:00+00:00,audusd,0.772105,0.7723,0.77206,0.77207
2021-05-19 22:45:00+00:00,audusd,0.77204,0.77211,0.77198,0.77211
2021-05-19 23:00:00+00:00,audusd,0.77227,0.77237,0.77177,0.772035
2021-05-19 23:15:00+00:00,audusd,0.77228,0.772525,0.77223,0.772275
2021-05-19 23:30:00+00:00,audusd,0.772145,0.77237,0.77207,0.772285
2021-05-19 23:45:00+00:00,audusd,0.77202,0.77227,0.77191,0.77215
2021-05-20 00:00:00+00:00,audusd,0.77238,0.772495,0.77181,0.77201
2021-05-20 00:15:00+00:00,audusd,0.77322,0.773325,0.77239,0.77239
2021-05-20 00:30:00+00:00,audusd,0.77354,0.77378,0.77323,0.77323
2021-05-20 00:45:00+00:00,audusd,0.77357,0.77367,0.773175,0.773545
2021-05-20 01:00:00+00:00,audusd,0.772875,0.77374,0.77274,0.773565
2021-05-20 01:15:00+00:00,audusd,0.773375,0.77363,0.77253,0.77287
2021-05-20 01:30:00+00:00,audusd,0.77363,0.77413,0.77168,0.77337
2021-05-20 01:45:00+00:00,audusd,0.77382,0.774425,0.77358,0.773635
2021-05-20 02:00:00+00:00,audusd,0.77336,0.77398,0.773205,0.773815
2021-05-20 02:15:00+00:00,audusd,0.77321,0.773455,0.77312,0.773365
2021-05-20 02:30:00+00:00,audusd,0.77363,0.77373,0.77314,0.7732
2021-05-20 02:45:00+00:00,audusd,0.77332,0.77383,0.7733,0.77362
2021-05-20 03:00:00+00:00,audusd,0.77382,0.77388,0.77319,0.773325
2021-05-20 03:15:00+00:00,audusd,0.77407,0.77423,0.77372,0.773825
2021-05-20 03:30:00+00:00,audusd,0.77397,0.77409,0.77387,0.77406
2021-05-20 03:45:00+00:00,audusd,0.7739,0.77402,0.77368,0.773965
2021-05-20 04:00:00+00:00,audusd,0.77377,0.77401,0.773615,0.773895
2021-05-20 04:15:00+00:00,audusd,0.774285,0.77439,0.77378,0.77378
2021-05-20 04:30:00+00:00,audusd,0.77483,0.77484,0.77425,0.77429
2021-05-20 04:45:00+00:00,audusd,0.77492,0.775005,0.77451,0.774835
2021-05-20 05:00:00+00:00,audusd,0.77451,0.77501,0.77445,0.77491
2021-05-20 05:15:00+00:00,audusd,0.77476,0.77476,0.77432,0.774515
2021-05-20 05:30:00+00:00,audusd,0.77488,0.77514,0.77463,0.77477
2021-05-20 05:45:00+00:00,audusd,0.77481,0.77494,0.77465,0.774875
2021-05-20 06:00:00+00:00,audusd,0.77535,0.775465,0.77439,0.774805
2021-05-20 06:15:00+00:00,audusd,0.77549,0.77552,0.77485,0.775355
2021-05-20 06:30:00+00:00,audusd,0.77518,0.77594,0.77517,0.77548
2021-05-20 06:45:00+00:00,audusd,0.7747,0.7754,0.77452,0.775175
2021-05-20 07:00:00+00:00,audusd,0.77554,0.775545,0.77471,0.77471
2021-05-20 07:15:00+00:00,audusd,0.77573,0.775885,0.77532,0.775535
2021-05-20 07:30:00+00:00,audusd,0.775875,0.77629,0.77551,0.775725
2021-05-20 07:45:00+00:00,audusd,0.77602,0.77618,0.77541,0.77588
2021-05-20 08:00:00+00:00,audusd,0.7762,0.77626,0.77568,0.77601
2021-05-20 08:15:00+00:00,audusd,0.77554,0.77638,0.775415,0.77619
2021-05-20 08:30:00+00:00,audusd,0.77439,0.77563,0.77438,0.775535
2021-05-20 08:45:00+00:00,audusd,0.77421,0.77456,0.77365,0.77438
2021-05-20 09:00:00+00:00,audusd,0.77433,0.77449,0.77397,0.774205
2021-05-20 09:15:00+00:00,audusd,0.77394,0.77434,0.773445,0.774335
2021-05-20 09:30:00+00:00,audusd,0.77392,0.77405,0.77378,0.77395
2021-05-20 09:45:00+00:00,audusd,0.77444,0.774445,0.77378,0.77391
2021-05-20 10:00:00+00:00,audusd,0.77425,0.77469,0.77413,0.774445
2021-05-20 10:15:00+00:00,audusd,0.77463,0.77465,0.774135,0.774255
2021-05-20 10:30:00+00:00,audusd,0.77512,0.77542,0.77451,0.774635
2021-05-20 10:45:00+00:00,audusd,0.77519,0.77533,0.7748,0.77513
2021-05-20 11:00:00+00:00,audusd,0.77541,0.77554,0.77513,0.7752
2021-05-20 11:15:00+00:00,audusd,0.775375,0.77564,0.775255,0.77542
2021-05-20 11:30:00+00:00,audusd,0.775385,0.77553,0.77523,0.77538
2021-05-20 11:45:00+00:00,audusd,0.77572,0.77586,0.77531,0.77538
2021-05-20 12:00:00+00:00,audusd,0.7754,0.77617,0.77534,0.775725
2021-05-20 12:15:00+00:00,audusd,0.7758,0.7758,0.77532,0.775405
2021-05-20 12:30:00+00:00,audusd,0.77609,0.77653,0.77571,0.775795
2021-05-20 12:45:00+00:00,audusd,0.77597,0.7762,0.77567,0.77608
2021-05-20 13:00:00+00:00,audusd,0.776395,0.77644,0.77567,0.77598
2021-05-20 13:15:00+00:00,audusd,0.77679,0.777,0.77633,0.7764
2021-05-20 13:30:00+00:00,audusd,0.77722,0.77743,0.77674,0.7768
2021-05-20 13:45:00+00:00,audusd,0.777195,0.77779,0.77707,0.77723
2021-05-20 14:00:00+00:00,audusd,0.77738,0.77783,0.77707,0.7772
2021-05-20 14:15:00+00:00,audusd,0.77723,0.77801,0.777205,0.77739
2021-05-20 14:30:00+00:00,audusd,0.77673,0.77727,0.77662,0.777235
2021-05-20 14:45:00+00:00,audusd,0.77669,0.77712,0.776315,0.77674
2021-05-20 15:00:00+00:00,audusd,0.77723,0.77769,0.776695,0.776695
2021-05-20 15:15:00+00:00,audusd,0.777045,0.77747,0.776895,0.77726
2021-05-20 15:30:00+00:00,audusd,0.778,0.778135,0.776945,0.77705
2021-05-20 15:45:00+00:00,audusd,0.777825,0.77815,0.777675,0.777995
2021-05-20 16:00:00+00:00,audusd,0.77696,0.77792,0.7769,0.77783
2021-05-20 16:15:00+00:00,audusd,0.77696,0.77709,0.77668,0.776965
2021-05-20 16:30:00+00:00,audusd,0.77662,0.77714,0.77638,0.776955
2021-05-20 16:45:00+00:00,audusd,0.77687,0.77717,0.776625,0.776625
2021-05-20 17:00:00+00:00,audusd,0.7771,0.777185,0.77677,0.77686
2021-05-20 17:15:00+00:00,audusd,0.77703,0.77721,0.776965,0.777105
2021-05-20 17:30:00+00:00,audusd,0.77682,0.77705,0.77676,0.777045
2021-05-20 17:45:00+00:00,audusd,0.77657,0.77691,0.77628,0.776815
2021-05-20 18:00:00+00:00,audusd,0.77677,0.77711,0.77655,0.77656
2021-05-20 18:15:00+00:00,audusd,0.77697,0.777,0.776625,0.77678
2021-05-20 18:30:00+00:00,audusd,0.776575,0.77703,0.77651,0.77698
2021-05-20 18:45:00+00:00,audusd,0.77725,0.77726,0.77652,0.776575
2021-05-20 19:00:00+00:00,audusd,0.77742,0.77742,0.77696,0.777255
2021-05-20 19:15:00+00:00,audusd,0.77768,0.777785,0.7774,0.77741
2021-05-20 19:30:00+00:00,audusd,0.77741,0.777675,0.77725,0.777675
2021-05-20 19:45:00+00:00,audusd,0.77736,0.77746,0.77701,0.777405
2021-05-20 20:00:00+00:00,audusd,0.77726,0.77741,0.77716,0.777355
2021-05-20 20:15:00+00:00,audusd,0.77706,0.77733,0.77704,0.777255
2021-05-20 20:30:00+00:00,audusd,0.77724,0.77724,0.77705,0.777055
2021-05-20 20:45:00+00:00,audusd,0.7773,0.77756,0.77721,0.777235
2021-05-20 21:00:00+00:00,audusd,0.77738,0.777475,0.77738,0.77738
2021-05-20 21:15:00+00:00,audusd,0.77736,0.7774,0.77691,0.77735
2021-05-20 21:30:00+00:00,audusd,0.77723,0.77745,0.777225,0.777355
2021-05-20 21:45:00+00:00,audusd,0.77728,0.77731,0.77697,0.777225
2021-05-20 22:00:00+00:00,audusd,0.77753,0.77762,0.77727,0.777285
2021-05-20 22:15:00+00:00,audusd,0.77741,0.777585,0.77722,0.777535
2021-05-20 22:30:00+00:00,audusd,0.777405,0.77761,0.77732,0.7774
2021-05-20 22:45:00+00:00,audusd,0.77716,0.77743,0.77716,0.7774
2021-05-20 23:00:00+00:00,audusd,0.77731,0.777315,0.77714,0.777165
2021-05-20 23:15:00+00:00,audusd,0.77746,0.77749,0.77729,0.7773
2021-05-20 23:30:00+00:00,audusd,0.77732,0.77754,0.77721,0.777465
2021-05-20 23:45:00+00:00,audusd,0.77697,0.77746,0.776955,0.77731
2021-05-21 00:00:00+00:00,audusd,0.77781,0.77782,0.77688,0.77698
2021-05-21 00:15:00+00:00,audusd,0.77741,0.777805,0.777085,0.777805
2021-05-21 00:30:00+00:00,audusd,0.77716,0.77744,0.777055,0.777415
2021-05-21 00:45:00+00:00,audusd,0.7768,0.77725,0.77654,0.777165
2021-05-21 01:00:00+00:00,audusd,0.77691,0.776925,0.77655,0.77679
2021-05-21 01:15:00+00:00,audusd,0.77655,0.77695,0.77631,0.77692
2021-05-21 01:30:00+00:00,audusd,0.77622,0.7768,0.77594,0.776555
2021-05-21 01:45:00+00:00,audusd,0.77611,0.77658,0.77604,0.776215
2021-05-21 02:00:00+00:00,audusd,0.77543,0.77613,0.77542,0.776105
2021-05-21 02:15:00+00:00,audusd,0.77547,0.77559,0.77532,0.77542
2021-05-21 02:30:00+00:00,audusd,0.77566,0.77569,0.77534,0.775465
2021-05-21 02:45:00+00:00,audusd,0.77602,0.776085,0.77555,0.77565
2021-05-21 03:00:00+00:00,audusd,0.77562,0.776175,0.77562,0.776025
2021-05-21 03:15:00+00:00,audusd,0.77573,0.77581,0.77555,0.77561
2021-05-21 03:30:00+00:00,audusd,0.77574,0.77592,0.77546,0.77572
2021-05-21 03:45:00+00:00,audusd,0.77565,0.77576,0.77537,0.775735
2021-05-21 04:00:00+00:00,audusd,0.775695,0.77576,0.77542,0.77571
2021-05-21 04:15:00+00:00,audusd,0.77587,0.77592,0.77561,0.7757
2021-05-21 04:30:00+00:00,audusd,0.77549,0.775975,0.77546,0.77586
2021-05-21 04:45:00+00:00,audusd,0.77567,0.77577,0.7755,0.7755
2021-05-21 05:00:00+00:00,audusd,0.77576,0.7761,0.775675,0.775675
2021-05-21 05:15:00+00:00,audusd,0.77571,0.7758,0.77555,0.77575
2021-05-21 05:30:00+00:00,audusd,0.77532,0.77576,0.7752,0.775715
2021-05-21 05:45:00+00:00,audusd,0.77536,0.77549,0.77525,0.77531
2021-05-21 06:00:00+00:00,audusd,0.77559,0.77612,0.775295,0.775365
2021-05-21 06:15:00+00:00,audusd,0.77512,0.77595,0.77512,0.775585
2021-05-21 06:30:00+00:00,audusd,0.774375,0.77536,0.77416,0.775125
2021-05-21 06:45:00+00:00,audusd,0.77452,0.7748,0.77436,0.77438
2021-05-21 07:00:00+00:00,audusd,0.77441,0.77479,0.77421,0.77451
2021-05-21 07:15:00+00:00,audusd,0.77457,0.77482,0.77434,0.77443
2021-05-21 07:30:00+00:00,audusd,0.77415,0.77456,0.77386,0.77456
2021-05-21 07:45:00+00:00,audusd,0.77442,0.77442,0.77372,0.77414
2021-05-21 08:00:00+00:00,audusd,0.7744,0.77464,0.77422,0.774425
2021-05-21 08:15:00+00:00,audusd,0.77447,0.77457,0.774255,0.774395
2021-05-21 08:30:00+00:00,audusd,0.77468,0.77473,0.77407,0.774475
2021-05-21 08:45:00+00:00,audusd,0.77537,0.77538,0.77467,0.77469
2021-05-21 09:00:00+00:00,audusd,0.77583,0.77592,0.77535,0.775365
2021-05-21 09:15:00+00:00,audusd,0.77602,0.776235,0.77556,0.775835
2021-05-21 09:30:00+00:00,audusd,0.77638,0.77649,0.77591,0.776015
2021-05-21 09:45:00+00:00,audusd,0.77655,0.77682,0.77627,0.776385
2021-05-21 10:00:00+00:00,audusd,0.77718,0.77729,0.77653,0.77654
2021-05-21 10:15:00+00:00,audusd,0.7775,0.77763,0.77703,0.777175
2021-05-21 10:30:00+00:00,audusd,0.7771,0.77759,0.7771,0.77751
2021-05-21 10:45:00+00:00,audusd,0.77718,0.77766,0.77709,0.777095
2021-05-21 11:00:00+00:00,audusd,0.77797,0.77798,0.777175,0.777185
2021-05-21 11:15:00+00:00,audusd,0.77783,0.77827,0.777505,0.777975
2021-05-21 11:30:00+00:00,audusd,0.777535,0.77817,0.77747,0.777835
2021-05-21 11:45:00+00:00,audusd,0.77685,0.77768,0.776775,0.77754
2021-05-21 12:00:00+00:00,audusd,0.77647,0.77713,0.77599,0.776845
2021-05-21 12:15:00+00:00,audusd,0.77686,0.77694,0.77643,0.77648
2021-05-21 12:30:00+00:00,audusd,0.77778,0.77799,0.776805,0.77685
2021-05-21 12:45:00+00:00,audusd,0.77788,0.77798,0.77762,0.77779
2021-05-21 13:00:00+00:00,audusd,0.77718,0.778285,0.7771,0.77789
2021-05-21 13:15:00+00:00,audusd,0.77662,0.77722,0.77648,0.777185
2021-05-21 13:30:00+00:00,audusd,0.776485,0.77683,0.77617,0.776615
2021-05-21 13:45:00+00:00,audusd,0.77584,0.776505,0.775375,0.77649
2021-05-21 14:00:00+00:00,audusd,0.774235,0.77608,0.77402,0.77585
2021-05-21 14:15:00+00:00,audusd,0.77394,0.77442,0.77375,0.77424
2021-05-21 14:30:00+00:00,audusd,0.77363,0.774105,0.77285,0.77393
2021-05-21 14:45:00+00:00,audusd,0.77367,0.77387,0.77302,0.77362
2021-05-21 15:00:00+00:00,audusd,0.77393,0.77398,0.77337,0.773585
2021-05-21 15:15:00+00:00,audusd,0.773465,0.77409,0.77344,0.773935
2021-05-21 15:30:00+00:00,audusd,0.77376,0.77402,0.7734,0.77346
2021-05-21 15:45:00+00:00,audusd,0.77307,0.773765,0.77301,0.773765
2021-05-21 16:00:00+00:00,audusd,0.77282,0.77346,0.772465,0.773065
2021-05-21 16:15:00+00:00,audusd,0.77285,0.772965,0.77267,0.77281
2021-05-21 16:30:00+00:00,audusd,0.77285,0.7729,0.77252,0.772845
2021-05-21 16:45:00+00:00,audusd,0.77208,0.77287,0.77191,0.772855
2021-05-21 17:00:00+00:00,audusd,0.77252,0.77273,0.77206,0.772075
2021-05-21 17:15:00+00:00,audusd,0.77252,0.77272,0.77231,0.772515
2021-05-21 17:30:00+00:00,audusd,0.77271,0.77283,0.77246,0.77251
2021-05-21 17:45:00+00:00,audusd,0.77292,0.77298,0.772625,0.772715
2021-05-21 18:00:00+00:00,audusd,0.77317,0.77321,0.77284,0.772925
2021-05-21 18:15:00+00:00,audusd,0.77317,0.77318,0.77298,0.773175
2021-05-21 18:30:00+00:00,audusd,0.77283,0.773275,0.772755,0.773175
2021-05-21 18:45:00+00:00,audusd,0.77322,0.77338,0.772835,0.772835
2021-05-21 19:00:00+00:00,audusd,0.77369,0.773825,0.77312,0.773225
2021-05-21 19:15:00+00:00,audusd,0.77362,0.77379,0.77356,0.77368
2021-05-21 19:30:00+00:00,audusd,0.77332,0.773615,0.77327,0.773615
2021-05-21 19:45:00+00:00,audusd,0.773355,0.77368,0.77326,0.773315
2021-05-21 20:00:00+00:00,audusd,0.77357,0.77367,0.77332,0.77335
2021-05-21 20:15:00+00:00,audusd,0.77347,0.7736,0.77345,0.773565
2021-05-21 20:30:00+00:00,audusd,0.77334,0.77348,0.77317,0.77348
2021-05-21 20:45:00+00:00,audusd,0.77354,0.77373,0.77289,0.773345
2021-05-23 21:00:00+00:00,audusd,0.77293,0.773145,0.7728,0.77314
2021-05-23 21:15:00+00:00,audusd,0.77266,0.77312,0.77266,0.7729
2021-05-23 21:30:00+00:00,audusd,0.77271,0.772975,0.772535,0.77267
2021-05-23 21:45:00+00:00,audusd,0.77288,0.77294,0.772695,0.772705
2021-05-23 22:00:00+00:00,audusd,0.77259,0.77287,0.77247,0.77287
2021-05-23 22:15:00+00:00,audusd,0.77272,0.77273,0.772325,0.772595
2021-05-23 22:30:00+00:00,audusd,0.77294,0.773005,0.77256,0.772715
2021-05-23 22:45:00+00:00,audusd,0.77263,0.77312,0.7726,0.77295
2021-05-23 23:00:00+00:00,audusd,0.77293,0.77319,0.77262,0.772635
2021-05-23 23:15:00+00:00,audusd,0.77307,0.77313,0.772895,0.77294
2021-05-23 23:30:00+00:00,audusd,0.77307,0.77314,0.7729,0.773065
2021-05-23 23:45:00+00:00,audusd,0.772515,0.77306,0.77248,0.77306
2021-05-24 00:00:00+00:00,audusd,0.773555,0.77364,0.77245,0.77251
2021-05-24 00:15:00+00:00,audusd,0.773215,0.77369,0.77311,0.77356
2021-05-24 00:30:00+00:00,audusd,0.7726,0.77332,0.77259,0.77322
2021-05-24 00:45:00+00:00,audusd,0.772625,0.77289,0.77238,0.7726
2021-05-24 01:00:00+00:00,audusd,0.77243,0.77299,0.77222,0.77263
2021-05-24 01:15:00+00:00,audusd,0.77175,0.77244,0.77138,0.772425
2021-05-24 01:30:00+00:00,audusd,0.77217,0.77223,0.77173,0.771745
2021-05-24 01:45:00+00:00,audusd,0.772375,0.77253,0.772105,0.772165
2021-05-24 02:00:00+00:00,audusd,0.772165,0.77268,0.77206,0.77238
2021-05-24 02:15:00+00:00,audusd,0.772175,0.77228,0.771815,0.77217
2021-05-24 02:30:00+00:00,audusd,0.77243,0.77253,0.77212,0.77218
2021-05-24 02:45:00+00:00,audusd,0.77253,0.772535,0.77207,0.77244
2021-05-24 03:00:00+00:00,audusd,0.77262,0.77263,0.77211,0.772535
2021-05-24 03:15:00+00:00,audusd,0.772615,0.772655,0.772345,0.77261
2021-05-24 03:30:00+00:00,audusd,0.77252,0.77278,0.77243,0.77262
2021-05-24 03:45:00+00:00,audusd,0.77266,0.77269,0.7725,0.772515
2021-05-24 04:00:00+00:00,audusd,0.77284,0.77286,0.77256,0.77265
2021-05-24 04:15:00+00:00,audusd,0.77273,0.77289,0.77267,0.772835
2021-05-24 04:30:00+00:00,audusd,0.77278,0.77285,0.77248,0.77272
2021-05-24 04:45:00+00:00,audusd,0.77287,0.77299,0.7727,0.772785
2021-05-24 05:00:00+00:00,audusd,0.77364,0.7738,0.77286,0.772865
2021-05-24 05:15:00+00:00,audusd,0.77398,0.77402,0.77362,0.773645
2021-05-24 05:30:00+00:00,audusd,0.77359,0.77399,0.77352,0.773975
2021-05-24 05:45:00+00:00,audusd,0.77382,0.77384,0.77352,0.773585
2021-05-24 06:00:00+00:00,audusd,0.77395,0.77398,0.7735,0.773825
2021-05-24 06:15:00+00:00,audusd,0.77385,0.77419,0.77379,0.773945
2021-05-24 06:30:00+00:00,audusd,0.774,0.77436,0.773835,0.77386
2021-05-24 06:45:00+00:00,audusd,0.77357,0.773995,0.77357,0.773995
2021-05-24 07:00:00+00:00,audusd,0.77357,0.77397,0.77344,0.77358
2021-05-24 07:15:00+00:00,audusd,0.77391,0.77417,0.77353,0.773575
2021-05-24 07:30:00+00:00,audusd,0.77392,0.774425,0.77386,0.77392
2021-05-24 07:45:00+00:00,audusd,0.773975,0.77428,0.773865,0.77393
2021-05-24 08:00:00+00:00,audusd,0.77362,0.77401,0.773525,0.77397
2021-05-24 08:15:00+00:00,audusd,0.77344,0.77371,0.77329,0.773625
2021-05-24 08:30:00+00:00,audusd,0.77148,0.773495,0.77061,0.773445
2021-05-24 08:45:00+00:00,audusd,0.77192,0.77207,0.77137,0.771475
2021-05-24 09:00:00+00:00,audusd,0.771715,0.771945,0.77128,0.771915
2021-05-24 09:15:00+00:00,audusd,0.771525,0.772035,0.77151,0.77172
2021-05-24 09:30:00+00:00,audusd,0.77169,0.771745,0.77112,0.77152
2021-05-24 09:45:00+00:00,audusd,0.77302,0.77302,0.771675,0.771695
2021-05-24 10:00:00+00:00,audusd,0.77274,0.77311,0.77263,0.773025
2021-05-24 10:15:00+00:00,audusd,0.77269,0.77307,0.77258,0.772745
2021-05-24 10:30:00+00:00,audusd,0.77295,0.77299,0.772485,0.7727
2021-05-24 10:45:00+00:00,audusd,0.77255,0.77296,0.77239,0.772955
2021-05-24 11:00:00+00:00,audusd,0.77244,0.7727,0.77225,0.77256
2021-05-24 11:15:00+00:00,audusd,0.771955,0.77253,0.77191,0.772445
2021-05-24 11:30:00+00:00,audusd,0.77243,0.77246,0.77196,0.77196
2021-05-24 11:45:00+00:00,audusd,0.772625,0.7727,0.77224,0.772435
2021-05-24 12:00:00+00:00,audusd,0.77273,0.77293,0.77247,0.77262
2021-05-24 12:15:00+00:00,audusd,0.773,0.773015,0.77254,0.772735
2021-05-24 12:30:00+00:00,audusd,0.77335,0.77352,0.772995,0.773
2021-05-24 12:45:00+00:00,audusd,0.77374,0.77379,0.773315,0.773345
2021-05-24 13:00:00+00:00,audusd,0.773505,0.77399,0.77348,0.77373
2021-05-24 13:15:00+00:00,audusd,0.773935,0.77403,0.77337,0.77351
2021-05-24 13:30:00+00:00,audusd,0.77458,0.77488,0.77369,0.77395
2021-05-24 13:45:00+00:00,audusd,0.775025,0.77505,0.77417,0.774575
2021-05-24 14:00:00+00:00,audusd,0.774925,0.77533,0.774695,0.77503
2021-05-24 14:15:00+00:00,audusd,0.77514,0.77555,0.77488,0.77492
2021-05-24 14:30:00+00:00,audusd,0.77533,0.77539,0.77488,0.775145
2021-05-24 14:45:00+00:00,audusd,0.7748,0.77538,0.774375,0.77532
2021-05-24 15:00:00+00:00,audusd,0.77492,0.77513,0.77475,0.774805
2021-05-24 15:15:00+00:00,audusd,0.77468,0.77507,0.77459,0.77493
2021-05-24 15:30:00+00:00,audusd,0.77427,0.774785,0.77419,0.774675
2021-05-24 15:45:00+00:00,audusd,0.77402,0.77448,0.77393,0.774275
2021-05-24 16:00:00+00:00,audusd,0.77423,0.77429,0.77399,0.774025
2021-05-24 16:15:00+00:00,audusd,0.773885,0.77434,0.77387,0.77424
2021-05-24 16:30:00+00:00,audusd,0.774315,0.77432,0.77389,0.77389
2021-05-24 16:45:00+00:00,audusd,0.77443,0.77462,0.77432,0.77432
2021-05-24 17:00:00+00:00,audusd,0.77433,0.77443,0.77411,0.774425
2021-05-24 17:15:00+00:00,audusd,0.77513,0.77513,0.77427,0.774325
2021-05-24 17:30:00+00:00,audusd,0.775075,0.77519,0.7749,0.775125
2021-05-24 17:45:00+00:00,audusd,0.7751,0.77527,0.77507,0.77507
2021-05-24 18:00:00+00:00,audusd,0.775325,0.77537,0.77507,0.77511
2021-05-24 18:15:00+00:00,audusd,0.77538,0.77547,0.775325,0.77533
2021-05-24 18:30:00+00:00,audusd,0.77547,0.77551,0.775335,0.77537
2021-05-24 18:45:00+00:00,audusd,0.77546,0.77558,0.77537,0.77548
2021-05-24 19:00:00+00:00,audusd,0.77558,0.77569,0.77542,0.775455
2021-05-24 19:15:00+00:00,audusd,0.77563,0.77579,0.775565,0.775575
2021-05-24 19:30:00+00:00,audusd,0.775575,0.775685,0.77557,0.775635
2021-05-24 19:45:00+00:00,audusd,0.77559,0.77573,0.77548,0.77558
2021-05-24 20:00:00+00:00,audusd,0.7755,0.77564,0.77541,0.7756
2021-05-24 20:15:00+00:00,audusd,0.77534,0.77554,0.77533,0.775505
2021-05-24 20:30:00+00:00,audusd,0.77532,0.775385,0.77527,0.77535
2021-05-24 20:45:00+00:00,audusd,0.7753,0.77538,0.77521,0.77533
2021-05-24 21:00:00+00:00,audusd,0.77569,0.775735,0.775275,0.77538
2021-05-24 21:15:00+00:00,audusd,0.77562,0.77579,0.77544,0.77552
2021-05-24 21:30:00+00:00,audusd,0.77532,0.77568,0.775195,0.775605
2021-05-24 21:45:00+00:00,audusd,0.77535,0.77539,0.77531,0.77531
2021-05-24 22:00:00+00:00,audusd,0.77534,0.77553,0.775285,0.775355
2021-05-24 22:15:00+00:00,audusd,0.7754,0.77551,0.77533,0.77533
2021-05-24 22:30:00+00:00,audusd,0.77561,0.77569,0.77539,0.77541
2021-05-24 22:45:00+00:00,audusd,0.77532,0.77565,0.775175,0.77562
2021-05-24 23:00:00+00:00,audusd,0.77539,0.775475,0.77527,0.77533
2021-05-24 23:15:00+00:00,audusd,0.77517,0.77541,0.775155,0.775395
2021-05-24 23:30:00+00:00,audusd,0.775225,0.77535,0.77516,0.775175
2021-05-24 23:45:00+00:00,audusd,0.775075,0.77548,0.77505,0.77523
2021-05-25 00:00:00+00:00,audusd,0.775175,0.77518,0.77462,0.77508
2021-05-25 00:15:00+00:00,audusd,0.77523,0.77559,0.775,0.77517
2021-05-25 00:30:00+00:00,audusd,0.77527,0.7754,0.77505,0.775225
2021-05-25 00:45:00+00:00,audusd,0.77549,0.77565,0.775065,0.775275
2021-05-25 01:00:00+00:00,audusd,0.77597,0.77612,0.775425,0.775495
2021-05-25 01:15:00+00:00,audusd,0.77512,0.77606,0.77509,0.775975
2021-05-25 01:30:00+00:00,audusd,0.77527,0.775715,0.775,0.775125
2021-05-25 01:45:00+00:00,audusd,0.77522,0.77567,0.77507,0.77528
2021-05-25 02:00:00+00:00,audusd,0.77557,0.77557,0.7751,0.77523
2021-05-25 02:15:00+00:00,audusd,0.77553,0.77557,0.77526,0.77556
2021-05-25 02:30:00+00:00,audusd,0.77566,0.77568,0.77541,0.775535
2021-05-25 02:45:00+00:00,audusd,0.77575,0.77575,0.7754,0.77567
2021-05-25 03:00:00+00:00,audusd,0.77577,0.7759,0.77562,0.775745
2021-05-25 03:15:00+00:00,audusd,0.77581,0.775915,0.77568,0.775775
2021-05-25 03:30:00+00:00,audusd,0.77579,0.77589,0.77559,0.775805
2021-05-25 03:45:00+00:00,audusd,0.77578,0.77587,0.77565,0.775785
2021-05-25 04:00:00+00:00,audusd,0.77585,0.77586,0.77567,0.77577
2021-05-25 04:15:00+00:00,audusd,0.77572,0.77595,0.77556,0.77584
2021-05-25 04:30:00+00:00,audusd,0.77577,0.775775,0.77562,0.775715
2021-05-25 04:45:00+00:00,audusd,0.775965,0.77614,0.77571,0.775765
2021-05-25 05:00:00+00:00,audusd,0.77582,0.776035,0.77571,0.77597
2021-05-25 05:15:00+00:00,audusd,0.77567,0.77587,0.77556,0.77583
2021-05-25 05:30:00+00:00,audusd,0.77543,0.77572,0.77537,0.77566
2021-05-25 05:45:00+00:00,audusd,0.77536,0.775425,0.77502,0.775425
2021-05-25 06:00:00+00:00,audusd,0.77578,0.77579,0.77517,0.77537
2021-05-25 06:15:00+00:00,audusd,0.77648,0.77697,0.77577,0.775785
2021-05-25 06:30:00+00:00,audusd,0.77736,0.77754,0.77637,0.776485
2021-05-25 06:45:00+00:00,audusd,0.77717,0.77747,0.77709,0.777365
2021-05-25 07:00:00+00:00,audusd,0.77712,0.77763,0.77706,0.777175
2021-05-25 07:15:00+00:00,audusd,0.77752,0.77761,0.77672,0.77713
2021-05-25 07:30:00+00:00,audusd,0.77654,0.777515,0.77642,0.777515
2021-05-25 07:45:00+00:00,audusd,0.7765,0.776905,0.77631,0.776535
2021-05-25 08:00:00+00:00,audusd,0.77605,0.77663,0.775675,0.77649
2021-05-25 08:15:00+00:00,audusd,0.77626,0.77633,0.77572,0.776045
2021-05-25 08:30:00+00:00,audusd,0.77647,0.7766,0.77593,0.776265
2021-05-25 08:45:00+00:00,audusd,0.77669,0.77682,0.776375,0.776475
2021-05-25 09:00:00+00:00,audusd,0.77655,0.77693,0.77647,0.776695
2021-05-25 09:15:00+00:00,audusd,0.77663,0.77673,0.776275,0.776555
2021-05-25 09:30:00+00:00,audusd,0.77663,0.77666,0.776125,0.776625
2021-05-25 09:45:00+00:00,audusd,0.77646,0.77668,0.77629,0.776625
2021-05-25 10:00:00+00:00,audusd,0.77607,0.77664,0.77602,0.776465
2021-05-25 10:15:00+00:00,audusd,0.77602,0.7764,0.77592,0.77608
2021-05-25 10:30:00+00:00,audusd,0.77603,0.776035,0.77552,0.776015
2021-05-25 10:45:00+00:00,audusd,0.775725,0.776085,0.775725,0.776025
2021-05-25 11:00:00+00:00,audusd,0.77619,0.77636,0.77562,0.77572
2021-05-25 11:15:00+00:00,audusd,0.77648,0.77651,0.77592,0.776185
2021-05-25 11:30:00+00:00,audusd,0.776555,0.77666,0.7763,0.77649
2021-05-25 11:45:00+00:00,audusd,0.77667,0.77701,0.776455,0.77655
2021-05-25 12:00:00+00:00,audusd,0.77695,0.777095,0.77667,0.776675
2021-05-25 12:15:00+00:00,audusd,0.77661,0.77723,0.776425,0.77694
2021-05-25 12:30:00+00:00,audusd,0.77643,0.77663,0.77595,0.77659
2021-05-25 12:45:00+00:00,audusd,0.775855,0.77644,0.77553,0.77642
2021-05-25 13:00:00+00:00,audusd,0.77618,0.77618,0.775645,0.77586
2021-05-25 13:15:00+00:00,audusd,0.77598,0.77633,0.77568,0.776185
2021-05-25 13:30:00+00:00,audusd,0.77668,0.776785,0.77528,0.775975
2021-05-25 13:45:00+00:00,audusd,0.77568,0.77698,0.77556,0.77669
2021-05-25 14:00:00+00:00,audusd,0.77599,0.77654,0.77548,0.77567
2021-05-25 14:15:00+00:00,audusd,0.77657,0.776585,0.775925,0.77598
2021-05-25 14:30:00+00:00,audusd,0.77593,0.77658,0.775585,0.77658
2021-05-25 14:45:00+00:00,audusd,0.77543,0.77608,0.774905,0.775925
2021-05-25 15:00:00+00:00,audusd,0.77488,0.77554,0.774735,0.775425
2021-05-25 15:15:00+00:00,audusd,0.77419,0.774925,0.774075,0.774875
2021-05-25 15:30:00+00:00,audusd,0.77402,0.77427,0.77372,0.774185
2021-05-25 15:45:00+00:00,audusd,0.77408,0.77421,0.77363,0.774025
2021-05-25 16:00:00+00:00,audusd,0.77384,0.77416,0.77331,0.77409
2021-05-25 16:15:00+00:00,audusd,0.77398,0.77407,0.77367,0.773835
2021-05-25 16:30:00+00:00,audusd,0.77442,0.77443,0.77398,0.773985
2021-05-25 16:45:00+00:00,audusd,0.77455,0.77456,0.77416,0.77441
2021-05-25 17:00:00+00:00,audusd,0.77477,0.77487,0.77443,0.77454
2021-05-25 17:15:00+00:00,audusd,0.775275,0.77544,0.77467,0.774775
2021-05-25 17:30:00+00:00,audusd,0.77553,0.77573,0.77527,0.77527
2021-05-25 17:45:00+00:00,audusd,0.775625,0.77573,0.77547,0.775535
2021-05-25 18:00:00+00:00,audusd,0.77571,0.77577,0.77539,0.77563
2021-05-25 18:15:00+00:00,audusd,0.77568,0.77574,0.775445,0.775705
2021-05-25 18:30:00+00:00,audusd,0.77583,0.775945,0.77561,0.77567
2021-05-25 18:45:00+00:00,audusd,0.77553,0.77587,0.77539,0.775835
2021-05-25 19:00:00+00:00,audusd,0.775075,0.775525,0.77503,0.775525
2021-05-25 19:15:00+00:00,audusd,0.775185,0.77532,0.77496,0.77508
2021-05-25 19:30:00+00:00,audusd,0.77514,0.77526,0.77494,0.77519
2021-05-25 19:45:00+00:00,audusd,0.775,0.77518,0.77473,0.775135
2021-05-25 20:00:00+00:00,audusd,0.77503,0.775035,0.774925,0.77498
2021-05-25 20:15:00+00:00,audusd,0.77524,0.77524,0.77503,0.775035
2021-05-25 20:30:00+00:00,audusd,0.7752,0.77545,0.77516,0.77525
2021-05-25 20:45:00+00:00,audusd,0.77525,0.7754,0.77514,0.775205
2021-05-25 21:00:00+00:00,audusd,0.775,0.77519,0.77497,0.775095
2021-05-25 21:15:00+00:00,audusd,0.77496,0.775055,0.77479,0.775055
2021-05-25 21:30:00+00:00,audusd,0.7753,0.77546,0.77495,0.77495
2021-05-25 21:45:00+00:00,audusd,0.77537,0.775475,0.77503,0.77531
2021-05-25 22:00:00+00:00,audusd,0.77514,0.77538,0.775075,0.775365
2021-05-25 22:15:00+00:00,audusd,0.77524,0.77525,0.77505,0.775135
2021-05-25 22:30:00+00:00,audusd,0.7753,0.77535,0.775125,0.77525
2021-05-25 22:45:00+00:00,audusd,0.775235,0.77545,0.77512,0.775305
2021-05-25 23:00:00+00:00,audusd,0.77519,0.775365,0.77507,0.77524
2021-05-25 23:15:00+00:00,audusd,0.77514,0.775265,0.77501,0.775185
2021-05-25 23:30:00+00:00,audusd,0.77497,0.77517,0.77484,0.775135
2021-05-25 23:45:00+00:00,audusd,0.775015,0.77502,0.77481,0.774975
2021-05-26 00:00:00+00:00,audusd,0.77553,0.77577,0.77488,0.77501
2021-05-26 00:15:00+00:00,audusd,0.77578,0.77599,0.77543,0.775525
2021-05-26 00:30:00+00:00,audusd,0.77538,0.77578,0.775365,0.77577
2021-05-26 00:45:00+00:00,audusd,0.77521,0.77543,0.77487,0.775375
2021-05-26 01:00:00+00:00,audusd,0.77541,0.77558,0.77521,0.77522
2021-05-26 01:15:00+00:00,audusd,0.77536,0.775455,0.775095,0.7754
2021-05-26 01:30:00+00:00,audusd,0.77578,0.77581,0.77533,0.77535
2021-05-26 01:45:00+00:00,audusd,0.77576,0.77582,0.77556,0.77579
2021-05-26 02:00:00+00:00,audusd,0.77697,0.777445,0.77575,0.775755
2021-05-26 02:15:00+00:00,audusd,0.77752,0.77778,0.77696,0.77696
2021-05-26 02:30:00+00:00,audusd,0.77789,0.77802,0.77743,0.77753
2021-05-26 02:45:00+00:00,audusd,0.77768,0.77796,0.777575,0.777895
2021-05-26 03:00:00+00:00,audusd,0.77807,0.7781,0.77768,0.777685
2021-05-26 03:15:00+00:00,audusd,0.77834,0.7785,0.77803,0.77808
2021-05-26 03:30:00+00:00,audusd,0.77833,0.77854,0.778095,0.77835
2021-05-26 03:45:00+00:00,audusd,0.77879,0.77899,0.77821,0.778335
2021-05-26 04:00:00+00:00,audusd,0.77916,0.77918,0.77876,0.7788
2021-05-26 04:15:00+00:00,audusd,0.77955,0.77957,0.779155,0.779155
2021-05-26 04:30:00+00:00,audusd,0.77938,0.77961,0.77925,0.779555
2021-05-26 04:45:00+00:00,audusd,0.77918,0.779465,0.77912,0.779385
2021-05-26 05:00:00+00:00,audusd,0.77931,0.77943,0.77918,0.779185
2021-05-26 05:15:00+00:00,audusd,0.77922,0.7794,0.77903,0.779305
2021-05-26 05:30:00+00:00,audusd,0.779145,0.77926,0.77894,0.779225
2021-05-26 05:45:00+00:00,audusd,0.778695,0.77929,0.77869,0.77915
2021-05-26 06:00:00+00:00,audusd,0.77804,0.77875,0.77793,0.7787
2021-05-26 06:15:00+00:00,audusd,0.77832,0.77841,0.77782,0.778035
2021-05-26 06:30:00+00:00,audusd,0.77833,0.77881,0.77829,0.778325
2021-05-26 06:45:00+00:00,audusd,0.77854,0.77876,0.778325,0.778325
2021-05-26 07:00:00+00:00,audusd,0.77795,0.77863,0.77759,0.778535
2021-05-26 07:15:00+00:00,audusd,0.77741,0.77801,0.77718,0.777945
2021-05-26 07:30:00+00:00,audusd,0.7779,0.77798,0.77739,0.7774
2021-05-26 07:45:00+00:00,audusd,0.777905,0.77815,0.77762,0.77791
2021-05-26 08:00:00+00:00,audusd,0.77831,0.77843,0.77763,0.7779
2021-05-26 08:15:00+00:00,audusd,0.77823,0.77834,0.77779,0.778315
2021-05-26 08:30:00+00:00,audusd,0.77752,0.77838,0.77744,0.77824
2021-05-26 08:45:00+00:00,audusd,0.77773,0.77777,0.77722,0.777515
2021-05-26 09:00:00+00:00,audusd,0.77762,0.77782,0.77752,0.77774
2021-05-26 09:15:00+00:00,audusd,0.77817,0.778175,0.77754,0.77763
2021-05-26 09:30:00+00:00,audusd,0.77789,0.778195,0.7778,0.778165
2021-05-26 09:45:00+00:00,audusd,0.77805,0.77813,0.77771,0.777885
2021-05-26 10:00:00+00:00,audusd,0.7782,0.77823,0.77772,0.778045
2021-05-26 10:15:00+00:00,audusd,0.77813,0.77833,0.77794,0.77819
2021-05-26 10:30:00+00:00,audusd,0.778115,0.77828,0.778025,0.778135
2021-05-26 10:45:00+00:00,audusd,0.77806,0.77825,0.77783,0.77812
2021-05-26 11:00:00+00:00,audusd,0.77775,0.77821,0.77766,0.77807
2021-05-26 11:15:00+00:00,audusd,0.77778,0.77794,0.77754,0.777755
2021-05-26 11:30:00+00:00,audusd,0.77733,0.77781,0.77708,0.777775
2021-05-26 11:45:00+00:00,audusd,0.77718,0.777535,0.77713,0.77732
2021-05-26 12:00:00+00:00,audusd,0.77733,0.77742,0.77692,0.77717
2021-05-26 12:15:00+00:00,audusd,0.77723,0.77737,0.77693,0.777325
2021-05-26 12:30:00+00:00,audusd,0.77689,0.77743,0.77679,0.777235
2021-05-26 12:45:00+00:00,audusd,0.77579,0.77698,0.77541,0.776895
2021-05-26 13:00:00+00:00,audusd,0.77507,0.77614,0.775025,0.775795
2021-05-26 13:15:00+00:00,audusd,0.77462,0.77534,0.77453,0.775065
2021-05-26 13:30:00+00:00,audusd,0.77518,0.775285,0.77459,0.774595
2021-05-26 13:45:00+00:00,audusd,0.77489,0.775395,0.77482,0.775185
2021-05-26 14:00:00+00:00,audusd,0.77505,0.775235,0.77433,0.77488
2021-05-26 14:15:00+00:00,audusd,0.77586,0.7759,0.77504,0.77504
2021-05-26 14:30:00+00:00,audusd,0.77553,0.77629,0.77552,0.775855
2021-05-26 14:45:00+00:00,audusd,0.77405,0.77585,0.774,0.775515
2021-05-26 15:00:00+00:00,audusd,0.774375,0.774485,0.77387,0.77404
2021-05-26 15:15:00+00:00,audusd,0.77405,0.77446,0.77391,0.77437
2021-05-26 15:30:00+00:00,audusd,0.77413,0.774135,0.77313,0.774045
2021-05-26 15:45:00+00:00,audusd,0.77431,0.7744,0.773745,0.774135
2021-05-26 16:00:00+00:00,audusd,0.77439,0.77464,0.77384,0.774315
2021-05-26 16:15:00+00:00,audusd,0.77445,0.774505,0.77422,0.77438
2021-05-26 16:30:00+00:00,audusd,0.7744,0.77454,0.77426,0.774455
2021-05-26 16:45:00+00:00,audusd,0.774295,0.77453,0.77428,0.77439
2021-05-26 17:00:00+00:00,audusd,0.77445,0.77471,0.7741,0.7743
2021-05-26 17:15:00+00:00,audusd,0.77429,0.77445,0.77408,0.774445
2021-05-26 17:30:00+00:00,audusd,0.77382,0.774385,0.77378,0.77428
2021-05-26 17:45:00+00:00,audusd,0.77399,0.77424,0.773785,0.77381
2021-05-26 18:00:00+00:00,audusd,0.77417,0.774185,0.773835,0.773985
2021-05-26 18:15:00+00:00,audusd,0.77414,0.77429,0.77402,0.774165
2021-05-26 18:30:00+00:00,audusd,0.77454,0.77459,0.77413,0.77415
2021-05-26 18:45:00+00:00,audusd,0.77457,0.77473,0.77434,0.774545
2021-05-26 19:00:00+00:00,audusd,0.77424,0.774845,0.77408,0.77456
2021-05-26 19:15:00+00:00,audusd,0.77439,0.77439,0.77418,0.774235
2021-05-26 19:30:00+00:00,audusd,0.77439,0.774595,0.77437,0.77438
2021-05-26 19:45:00+00:00,audusd,0.774445,0.77461,0.77432,0.7744
2021-05-26 20:00:00+00:00,audusd,0.77434,0.77444,0.77429,0.77444
2021-05-26 20:15:00+00:00,audusd,0.77409,0.77434,0.77408,0.774335
2021-05-26 20:30:00+00:00,audusd,0.77404,0.77425,0.77404,0.7741
2021-05-26 20:45:00+00:00,audusd,0.77423,0.77431,0.77401,0.77405
2021-05-26 21:00:00+00:00,audusd,0.77422,0.774395,0.77404,0.77407
2021-05-26 21:15:00+00:00,audusd,0.77435,0.77436,0.77393,0.7742
2021-05-26 21:30:00+00:00,audusd,0.7743,0.77437,0.77421,0.77436
2021-05-26 21:45:00+00:00,audusd,0.774345,0.77443,0.77428,0.77429
2021-05-26 22:00:00+00:00,audusd,0.774305,0.774465,0.7743,0.77434
2021-05-26 22:15:00+00:00,audusd,0.77434,0.77449,0.77431,0.77431
2021-05-26 22:30:00+00:00,audusd,0.774035,0.7744,0.77393,0.77433
2021-05-26 22:45:00+00:00,audusd,0.77384,0.774215,0.77381,0.77403
2021-05-26 23:00:00+00:00,audusd,0.77385,0.77394,0.77362,0.773835
2021-05-26 23:15:00+00:00,audusd,0.77409,0.77411,0.77382,0.773855
2021-05-26 23:30:00+00:00,audusd,0.773885,0.7741,0.77379,0.774095
2021-05-26 23:45:00+00:00,audusd,0.77398,0.774095,0.77372,0.77388
2021-05-27 00:00:00+00:00,audusd,0.77394,0.77405,0.7737,0.77396
2021-05-27 00:15:00+00:00,audusd,0.77339,0.77394,0.77327,0.773935
2021-05-27 00:30:00+00:00,audusd,0.77343,0.773615,0.77324,0.773395
2021-05-27 00:45:00+00:00,audusd,0.7734,0.77344,0.772645,0.77344
2021-05-27 01:00:00+00:00,audusd,0.772545,0.77347,0.77251,0.773405
2021-05-27 01:15:00+00:00,audusd,0.772735,0.7728,0.77232,0.77254
2021-05-27 01:30:00+00:00,audusd,0.773135,0.7732,0.7726,0.77274
2021-05-27 01:45:00+00:00,audusd,0.77338,0.773655,0.77294,0.77314
2021-05-27 02:00:00+00:00,audusd,0.77389,0.77401,0.773255,0.773385
2021-05-27 02:15:00+00:00,audusd,0.77369,0.77401,0.77364,0.7739
2021-05-27 02:30:00+00:00,audusd,0.77361,0.7739,0.773415,0.773695
2021-05-27 02:45:00+00:00,audusd,0.77384,0.77388,0.7736,0.773605
2021-05-27 03:00:00+00:00,audusd,0.773645,0.77396,0.77354,0.773835
2021-05-27 03:15:00+00:00,audusd,0.77338,0.773655,0.773085,0.77364
2021-05-27 03:30:00+00:00,audusd,0.77405,0.77406,0.77336,0.773375
2021-05-27 03:45:00+00:00,audusd,0.7741,0.7743,0.77395,0.774055
2021-05-27 04:00:00+00:00,audusd,0.77417,0.7743,0.77408,0.77409
2021-05-27 04:15:00+00:00,audusd,0.77405,0.77428,0.77399,0.77416
2021-05-27 04:30:00+00:00,audusd,0.77395,0.77406,0.77375,0.774045
2021-05-27 04:45:00+00:00,audusd,0.77409,0.77426,0.7739,0.773955
2021-05-27 05:00:00+00:00,audusd,0.77392,0.77427,0.7739,0.774085
2021-05-27 05:15:00+00:00,audusd,0.77421,0.77423,0.77387,0.773915
2021-05-27 05:30:00+00:00,audusd,0.77425,0.77431,0.77404,0.774205
2021-05-27 05:45:00+00:00,audusd,0.77488,0.774995,0.77426,0.77426
2021-05-27 06:00:00+00:00,audusd,0.77484,0.77516,0.77461,0.774875
2021-05-27 06:15:00+00:00,audusd,0.774355,0.774835,0.774235,0.774835
2021-05-27 06:30:00+00:00,audusd,0.77448,0.77466,0.77428,0.77435
2021-05-27 06:45:00+00:00,audusd,0.774765,0.77492,0.774165,0.774475
2021-05-27 07:00:00+00:00,audusd,0.77468,0.7751,0.77447,0.77477
2021-05-27 07:15:00+00:00,audusd,0.775385,0.775405,0.774555,0.77467
2021-05-27 07:30:00+00:00,audusd,0.775255,0.77539,0.774885,0.77538
2021-05-27 07:45:00+00:00,audusd,0.775215,0.77527,0.77474,0.77525
2021-05-27 08:00:00+00:00,audusd,0.774995,0.77556,0.774855,0.77522
2021-05-27 08:15:00+00:00,audusd,0.775425,0.77551,0.774995,0.775
2021-05-27 08:30:00+00:00,audusd,0.77468,0.77553,0.77468,0.77542
2021-05-27 08:45:00+00:00,audusd,0.774,0.77468,0.7738,0.774675
2021-05-27 09:00:00+00:00,audusd,0.774095,0.77425,0.77395,0.77399
2021-05-27 09:15:00+00:00,audusd,0.77395,0.77414,0.773815,0.7741
2021-05-27 09:30:00+00:00,audusd,0.77404,0.77416,0.77385,0.773945
2021-05-27 09:45:00+00:00,audusd,0.77386,0.77414,0.77373,0.774045
2021-05-27 10:00:00+00:00,audusd,0.77411,0.77414,0.77381,0.77387
2021-05-27 10:15:00+00:00,audusd,0.774885,0.774885,0.7741,0.774105
2021-05-27 10:30:00+00:00,audusd,0.774805,0.77495,0.77466,0.77489
2021-05-27 10:45:00+00:00,audusd,0.77486,0.77505,0.77475,0.77481
2021-05-27 11:00:00+00:00,audusd,0.77513,0.7754,0.7748,0.774865
2021-05-27 11:15:00+00:00,audusd,0.775035,0.77559,0.77502,0.77514
2021-05-27 11:30:00+00:00,audusd,0.774905,0.77536,0.774905,0.77504
2021-05-27 11:45:00+00:00,audusd,0.77471,0.77501,0.77448,0.7749
2021-05-27 12:00:00+00:00,audusd,0.774325,0.77546,0.77416,0.774715
2021-05-27 12:15:00+00:00,audusd,0.7745,0.774565,0.77395,0.77433
2021-05-27 12:30:00+00:00,audusd,0.77435,0.77501,0.774,0.77451
2021-05-27 12:45:00+00:00,audusd,0.77389,0.774595,0.773845,0.774345
2021-05-27 13:00:00+00:00,audusd,0.774205,0.77439,0.77364,0.7739
2021-05-27 13:15:00+00:00,audusd,0.77384,0.77429,0.77357,0.7742
2021-05-27 13:30:00+00:00,audusd,0.773755,0.77425,0.77365,0.773835
2021-05-27 13:45:00+00:00,audusd,0.77395,0.774315,0.77341,0.77375
2021-05-27 14:00:00+00:00,audusd,0.77455,0.77484,0.77387,0.773955
2021-05-27 14:15:00+00:00,audusd,0.7748,0.775,0.774495,0.774555
2021-05-27 14:30:00+00:00,audusd,0.775745,0.775745,0.7748,0.77481
2021-05-27 14:45:00+00:00,audusd,0.774925,0.77576,0.77491,0.77574
2021-05-27 15:00:00+00:00,audusd,0.77494,0.77534,0.77489,0.77493
2021-05-27 15:15:00+00:00,audusd,0.77393,0.77499,0.773915,0.77495
2021-05-27 15:30:00+00:00,audusd,0.774445,0.77445,0.773745,0.773925
2021-05-27 15:45:00+00:00,audusd,0.77356,0.77446,0.7735,0.77445
2021-05-27 16:00:00+00:00,audusd,0.77345,0.773725,0.773395,0.77357
2021-05-27 16:15:00+00:00,audusd,0.77298,0.77351,0.77294,0.773445
2021-05-27 16:30:00+00:00,audusd,0.773205,0.77333,0.772955,0.77299
2021-05-27 16:45:00+00:00,audusd,0.7732,0.773245,0.77278,0.77321
2021-05-27 17:00:00+00:00,audusd,0.77345,0.7735,0.77311,0.773195
2021-05-27 17:15:00+00:00,audusd,0.77341,0.773565,0.77322,0.773455
2021-05-27 17:30:00+00:00,audusd,0.773805,0.7739,0.77334,0.773405
2021-05-27 17:45:00+00:00,audusd,0.77416,0.7743,0.77378,0.77381
2021-05-27 18:00:00+00:00,audusd,0.7742,0.77436,0.77391,0.774155
2021-05-27 18:15:00+00:00,audusd,0.77439,0.77443,0.774085,0.77419
2021-05-27 18:30:00+00:00,audusd,0.774495,0.774495,0.77426,0.774385
2021-05-27 18:45:00+00:00,audusd,0.77444,0.77469,0.77442,0.77449
2021-05-27 19:00:00+00:00,audusd,0.77432,0.774495,0.77419,0.77443
2021-05-27 19:15:00+00:00,audusd,0.77446,0.77455,0.77427,0.77433
2021-05-27 19:30:00+00:00,audusd,0.77456,0.77467,0.77437,0.77447
2021-05-27 19:45:00+00:00,audusd,0.774505,0.7747,0.774445,0.774565
2021-05-27 20:00:00+00:00,audusd,0.77448,0.774535,0.77422,0.7745
2021-05-27 20:15:00+00:00,audusd,0.77428,0.77449,0.77427,0.774485
2021-05-27 20:30:00+00:00,audusd,0.77415,0.77444,0.774135,0.77429
2021-05-27 20:45:00+00:00,audusd,0.77465,0.77465,0.77414,0.774145
2021-05-27 21:00:00+00:00,audusd,0.774015,0.77423,0.774,0.77421
2021-05-27 21:15:00+00:00,audusd,0.7741,0.77429,0.77392,0.77406
2021-05-27 21:30:00+00:00,audusd,0.77416,0.7742,0.77408,0.774095
2021-05-27 21:45:00+00:00,audusd,0.774205,0.77425,0.77414,0.77417
2021-05-27 22:00:00+00:00,audusd,0.77433,0.774435,0.77415,0.77421
2021-05-27 22:15:00+00:00,audusd,0.77435,0.77446,0.774325,0.77434
2021-05-27 22:30:00+00:00,audusd,0.774245,0.77445,0.774195,0.77436
2021-05-27 22:45:00+00:00,audusd,0.7742,0.77433,0.77412,0.77425
2021-05-27 23:00:00+00:00,audusd,0.77423,0.77431,0.77404,0.77421
2021-05-27 23:15:00+00:00,audusd,0.77415,0.77425,0.77399,0.77424
2021-05-27 23:30:00+00:00,audusd,0.774015,0.774305,0.774015,0.77416
2021-05-27 23:45:00+00:00,audusd,0.77424,0.77429,0.77395,0.77401
2021-05-28 00:00:00+00:00,audusd,0.77404,0.77425,0.7737,0.774245
2021-05-28 00:15:00+00:00,audusd,0.77399,0.77419,0.77383,0.774045
2021-05-28 00:30:00+00:00,audusd,0.774025,0.77414,0.77388,0.773985
2021-05-28 00:45:00+00:00,audusd,0.77398,0.77431,0.77378,0.77403
2021-05-28 01:00:00+00:00,audusd,0.773995,0.77419,0.77387,0.773975
2021-05-28 01:15:00+00:00,audusd,0.774075,0.77423,0.77398,0.774
2021-05-28 01:30:00+00:00,audusd,0.77451,0.774535,0.77387,0.77407
2021-05-28 01:45:00+00:00,audusd,0.77442,0.77474,0.774295,0.774505
2021-05-28 02:00:00+00:00,audusd,0.77439,0.7747,0.77437,0.774415
2021-05-28 02:15:00+00:00,audusd,0.774365,0.77444,0.77423,0.77438
2021-05-28 02:30:00+00:00,audusd,0.77433,0.774365,0.774,0.77436
2021-05-28 02:45:00+00:00,audusd,0.77442,0.77446,0.774185,0.77434
2021-05-28 03:00:00+00:00,audusd,0.77442,0.77449,0.77422,0.77441
2021-05-28 03:15:00+00:00,audusd,0.77463,0.77469,0.77429,0.77441
2021-05-28 03:30:00+00:00,audusd,0.77446,0.774625,0.77433,0.774625
2021-05-28 03:45:00+00:00,audusd,0.77444,0.7746,0.77441,0.77445
2021-05-28 04:00:00+00:00,audusd,0.77454,0.77465,0.774405,0.774445
2021-05-28 04:15:00+00:00,audusd,0.77445,0.77464,0.77441,0.774535
2021-05-28 04:30:00+00:00,audusd,0.774265,0.77449,0.77424,0.774455
2021-05-28 04:45:00+00:00,audusd,0.77425,0.77436,0.77423,0.77426
2021-05-28 05:00:00+00:00,audusd,0.774645,0.77471,0.77405,0.77426
2021-05-28 05:15:00+00:00,audusd,0.77434,0.77464,0.77428,0.77464
2021-05-28 05:30:00+00:00,audusd,0.77318,0.77434,0.77307,0.774335
2021-05-28 05:45:00+00:00,audusd,0.772685,0.77322,0.77252,0.77319
2021-05-28 06:00:00+00:00,audusd,0.77262,0.772995,0.77247,0.77268
2021-05-28 06:15:00+00:00,audusd,0.77223,0.772635,0.771585,0.772625
2021-05-28 06:30:00+00:00,audusd,0.77223,0.77254,0.77204,0.772225
2021-05-28 06:45:00+00:00,audusd,0.77235,0.77238,0.77168,0.772235
2021-05-28 07:00:00+00:00,audusd,0.77247,0.772535,0.77196,0.772355
2021-05-28 07:15:00+00:00,audusd,0.771945,0.77246,0.77145,0.77246
2021-05-28 07:30:00+00:00,audusd,0.772455,0.772455,0.77187,0.77195
2021-05-28 07:45:00+00:00,audusd,0.772645,0.77267,0.772295,0.77246
2021-05-28 08:00:00+00:00,audusd,0.77322,0.77336,0.77255,0.77264
2021-05-28 08:15:00+00:00,audusd,0.772975,0.7735,0.772785,0.773215
2021-05-28 08:30:00+00:00,audusd,0.77329,0.7733,0.77258,0.77298
2021-05-28 08:45:00+00:00,audusd,0.77309,0.773315,0.7727,0.77328
2021-05-28 09:00:00+00:00,audusd,0.77262,0.773095,0.7725,0.773095
2021-05-28 09:15:00+00:00,audusd,0.77225,0.77268,0.77221,0.77261
2021-05-28 09:30:00+00:00,audusd,0.772285,0.77233,0.77179,0.772255
2021-05-28 09:45:00+00:00,audusd,0.772065,0.77231,0.771875,0.77228
2021-05-28 10:00:00+00:00,audusd,0.77206,0.772245,0.77192,0.77206
2021-05-28 10:15:00+00:00,audusd,0.772015,0.7723,0.77199,0.772065
2021-05-28 10:30:00+00:00,audusd,0.77187,0.77214,0.77179,0.77202
2021-05-28 10:45:00+00:00,audusd,0.77179,0.77189,0.771515,0.771865
2021-05-28 11:00:00+00:00,audusd,0.77118,0.77185,0.771085,0.77178
2021-05-28 11:15:00+00:00,audusd,0.770355,0.771175,0.7701,0.771175
2021-05-28 11:30:00+00:00,audusd,0.770005,0.770485,0.76991,0.77035
2021-05-28 11:45:00+00:00,audusd,0.76966,0.77004,0.76905,0.77001
2021-05-28 12:00:00+00:00,audusd,0.76863,0.769785,0.76851,0.769655
2021-05-28 12:15:00+00:00,audusd,0.76871,0.76912,0.76854,0.76864
2021-05-28 12:30:00+00:00,audusd,0.76857,0.76968,0.7681,0.76872
2021-05-28 12:45:00+00:00,audusd,0.76812,0.768655,0.76774,0.76858
2021-05-28 13:00:00+00:00,audusd,0.76904,0.76927,0.76806,0.76813
2021-05-28 13:15:00+00:00,audusd,0.76861,0.76905,0.76832,0.769045
2021-05-28 13:30:00+00:00,audusd,0.76986,0.77031,0.76835,0.768615
2021-05-28 13:45:00+00:00,audusd,0.77063,0.77087,0.76981,0.76985
2021-05-28 14:00:00+00:00,audusd,0.77108,0.77113,0.770495,0.770625
2021-05-28 14:15:00+00:00,audusd,0.77032,0.771215,0.770205,0.771075
2021-05-28 14:30:00+00:00,audusd,0.77113,0.77124,0.770185,0.77031
2021-05-28 14:45:00+00:00,audusd,0.77125,0.7716,0.77039,0.77114
2021-05-28 15:00:00+00:00,audusd,0.77083,0.77155,0.77072,0.771255
2021-05-28 15:15:00+00:00,audusd,0.7704,0.770925,0.76994,0.77088
2021-05-28 15:30:00+00:00,audusd,0.770695,0.77096,0.77039,0.77039
2021-05-28 15:45:00+00:00,audusd,0.77051,0.77095,0.77049,0.77069
2021-05-28 16:00:00+00:00,audusd,0.77069,0.7709,0.770425,0.770505
2021-05-28 16:15:00+00:00,audusd,0.771295,0.77138,0.77069,0.770695
2021-05-28 16:30:00+00:00,audusd,0.77145,0.771455,0.77089,0.77129
2021-05-28 16:45:00+00:00,audusd,0.77139,0.77146,0.77107,0.77146
2021-05-28 17:00:00+00:00,audusd,0.77125,0.771575,0.77119,0.771395
2021-05-28 17:15:00+00:00,audusd,0.77129,0.77141,0.77113,0.77126
2021-05-28 17:30:00+00:00,audusd,0.771335,0.77139,0.77119,0.7713
2021-05-28 17:45:00+00:00,audusd,0.77106,0.77139,0.77103,0.77134
2021-05-28 18:00:00+00:00,audusd,0.77051,0.77109,0.77051,0.77107
2021-05-28 18:15:00+00:00,audusd,0.77075,0.77077,0.77049,0.770505
2021-05-28 18:30:00+00:00,audusd,0.7708,0.770915,0.77069,0.77074
2021-05-28 18:45:00+00:00,audusd,0.77085,0.77092,0.77071,0.770795
2021-05-28 19:00:00+00:00,audusd,0.77097,0.77114,0.770815,0.77086
2021-05-28 19:15:00+00:00,audusd,0.77074,0.77101,0.77071,0.77098
2021-05-28 19:30:00+00:00,audusd,0.77075,0.77097,0.770695,0.77075
2021-05-28 19:45:00+00:00,audusd,0.77075,0.77091,0.77065,0.77074
2021-05-28 20:00:00+00:00,audusd,0.770825,0.77098,0.77075,0.770755
2021-05-28 20:15:00+00:00,audusd,0.77055,0.77094,0.77055,0.77082
2021-05-28 20:30:00+00:00,audusd,0.77084,0.770855,0.770565,0.770565
2021-05-28 20:45:00+00:00,audusd,0.77115,0.77115,0.77071,0.770845
2021-05-30 21:00:00+00:00,audusd,0.771165,0.771465,0.77107,0.771455
2021-05-30 21:15:00+00:00,audusd,0.77116,0.77121,0.77107,0.77116
2021-05-30 21:30:00+00:00,audusd,0.77127,0.77134,0.77114,0.77114
2021-05-30 21:45:00+00:00,audusd,0.771255,0.77139,0.77124,0.7713
2021-05-30 22:00:00+00:00,audusd,0.77097,0.77125,0.77093,0.77125
2021-05-30 22:15:00+00:00,audusd,0.770955,0.77105,0.77093,0.77098
2021-05-30 22:30:00+00:00,audusd,0.77109,0.7711,0.77094,0.77095
2021-05-30 22:45:00+00:00,audusd,0.77111,0.771175,0.77103,0.771085
2021-05-30 23:00:00+00:00,audusd,0.77121,0.77153,0.770945,0.771105
2021-05-30 23:15:00+00:00,audusd,0.77125,0.771315,0.771205,0.77122
2021-05-30 23:30:00+00:00,audusd,0.77113,0.771365,0.77113,0.771245
2021-05-30 23:45:00+00:00,audusd,0.7708,0.77115,0.77077,0.771125
2021-05-31 00:00:00+00:00,audusd,0.77064,0.77086,0.77046,0.77081
2021-05-31 00:15:00+00:00,audusd,0.770645,0.77091,0.77058,0.770635
2021-05-31 00:30:00+00:00,audusd,0.77051,0.7707,0.77008,0.77065
2021-05-31 00:45:00+00:00,audusd,0.77121,0.77134,0.77032,0.77052
2021-05-31 01:00:00+00:00,audusd,0.77193,0.77202,0.77099,0.771215
2021-05-31 01:15:00+00:00,audusd,0.77208,0.77249,0.77176,0.771935
2021-05-31 01:30:00+00:00,audusd,0.771875,0.77211,0.77166,0.77209
2021-05-31 01:45:00+00:00,audusd,0.77257,0.772585,0.77175,0.77187
2021-05-31 02:00:00+00:00,audusd,0.77243,0.77266,0.772305,0.772575
2021-05-31 02:15:00+00:00,audusd,0.77267,0.772675,0.772355,0.772435
2021-05-31 02:30:00+00:00,audusd,0.772775,0.7728,0.77257,0.772665
2021-05-31 02:45:00+00:00,audusd,0.77288,0.772885,0.772715,0.77278
2021-05-31 03:00:00+00:00,audusd,0.77273,0.7729,0.77269,0.772875
2021-05-31 03:15:00+00:00,audusd,0.77258,0.772835,0.772545,0.772735
2021-05-31 03:30:00+00:00,audusd,0.77254,0.77263,0.77245,0.772585
2021-05-31 03:45:00+00:00,audusd,0.77241,0.77258,0.772375,0.772545
2021-05-31 04:00:00+00:00,audusd,0.772165,0.77244,0.77215,0.772415
2021-05-31 04:15:00+00:00,audusd,0.772515,0.77257,0.77217,0.77217
2021-05-31 04:30:00+00:00,audusd,0.772715,0.77287,0.77252,0.77252
2021-05-31 04:45:00+00:00,audusd,0.77271,0.77282,0.77263,0.77272
2021-05-31 05:00:00+00:00,audusd,0.77282,0.7729,0.772675,0.77272
2021-05-31 05:15:00+00:00,audusd,0.77307,0.77307,0.772765,0.77283
2021-05-31 05:30:00+00:00,audusd,0.77257,0.773155,0.772565,0.773075
2021-05-31 05:45:00+00:00,audusd,0.77247,0.7726,0.7722,0.77258
2021-05-31 06:00:00+00:00,audusd,0.772765,0.772775,0.77217,0.77248
2021-05-31 06:15:00+00:00,audusd,0.77266,0.772925,0.77237,0.77277
2021-05-31 06:30:00+00:00,audusd,0.77216,0.77274,0.77216,0.772655
2021-05-31 06:45:00+00:00,audusd,0.77278,0.77284,0.77216,0.77217
2021-05-31 07:00:00+00:00,audusd,0.77279,0.7731,0.7727,0.772785
2021-05-31 07:15:00+00:00,audusd,0.7733,0.77334,0.77277,0.772795
2021-05-31 07:30:00+00:00,audusd,0.77351,0.77373,0.77323,0.77331
2021-05-31 07:45:00+00:00,audusd,0.7734,0.77361,0.77318,0.773505
2021-05-31 08:00:00+00:00,audusd,0.77344,0.77347,0.77326,0.773395
2021-05-31 08:15:00+00:00,audusd,0.77358,0.77377,0.77342,0.77343
2021-05-31 08:30:00+00:00,audusd,0.77368,0.773955,0.773565,0.77357
2021-05-31 08:45:00+00:00,audusd,0.77367,0.773825,0.77305,0.77367
2021-05-31 09:00:00+00:00,audusd,0.773385,0.77395,0.77332,0.773665
2021-05-31 09:15:00+00:00,audusd,0.77371,0.77376,0.77333,0.77338
2021-05-31 09:30:00+00:00,audusd,0.77332,0.77394,0.773205,0.77372
2021-05-31 09:45:00+00:00,audusd,0.77345,0.77353,0.77323,0.773315
2021-05-31 10:00:00+00:00,audusd,0.77383,0.77389,0.77341,0.773445
2021-05-31 10:15:00+00:00,audusd,0.77347,0.77387,0.773465,0.773825
2021-05-31 10:30:00+00:00,audusd,0.77355,0.77363,0.77333,0.77346
2021-05-31 10:45:00+00:00,audusd,0.77368,0.77369,0.77342,0.773545
2021-05-31 11:00:00+00:00,audusd,0.77331,0.77374,0.77325,0.773685
2021-05-31 11:15:00+00:00,audusd,0.77334,0.77342,0.773105,0.7733
2021-05-31 11:30:00+00:00,audusd,0.77337,0.77341,0.77326,0.773345
2021-06-01 02:00:00+00:00,audusd,0.77669,0.77685,0.77652,0.77666
2021-06-01 02:15:00+00:00,audusd,0.77649,0.77674,0.77633,0.776695
2021-06-01 02:30:00+00:00,audusd,0.77616,0.7765,0.776135,0.776485
2021-06-01 02:45:00+00:00,audusd,0.77629,0.776605,0.77616,0.776165
2021-06-01 03:00:00+00:00,audusd,0.77631,0.77641,0.77615,0.776295
2021-06-01 03:15:00+00:00,audusd,0.77647,0.77653,0.77628,0.776315
2021-06-01 03:30:00+00:00,audusd,0.77656,0.77662,0.77643,0.77648
2021-06-01 03:45:00+00:00,audusd,0.77634,0.77656,0.77616,0.776555
2021-06-01 04:00:00+00:00,audusd,0.776145,0.7764,0.7761,0.776365
2021-06-01 04:15:00+00:00,audusd,0.77607,0.77635,0.776035,0.77614
2021-06-01 04:30:00+00:00,audusd,0.77465,0.776065,0.77381,0.776065
2021-06-01 04:45:00+00:00,audusd,0.774515,0.77467,0.77409,0.774655
2021-06-01 05:00:00+00:00,audusd,0.77467,0.77471,0.7744,0.77451
2021-06-01 05:15:00+00:00,audusd,0.77444,0.7748,0.77413,0.774675
2021-06-01 05:30:00+00:00,audusd,0.77411,0.77474,0.77399,0.774435
2021-06-01 05:45:00+00:00,audusd,0.77431,0.77453,0.77411,0.774115
2021-06-01 06:00:00+00:00,audusd,0.773645,0.77442,0.77349,0.774305
2021-06-01 06:15:00+00:00,audusd,0.77411,0.77412,0.773615,0.77365
2021-06-01 06:30:00+00:00,audusd,0.77438,0.774455,0.77392,0.7741
2021-06-01 06:45:00+00:00,audusd,0.77439,0.77461,0.7742,0.774385
2021-06-01 07:00:00+00:00,audusd,0.77476,0.77482,0.77406,0.7744
2021-06-01 07:15:00+00:00,audusd,0.77583,0.775875,0.77472,0.774755
2021-06-01 07:30:00+00:00,audusd,0.77647,0.7768,0.775815,0.775835
2021-06-01 07:45:00+00:00,audusd,0.77645,0.77677,0.77611,0.77646
2021-06-01 08:00:00+00:00,audusd,0.77504,0.77646,0.77503,0.776445
2021-06-01 08:15:00+00:00,audusd,0.77419,0.77532,0.7741,0.77503
2021-06-01 08:30:00+00:00,audusd,0.774075,0.774485,0.77357,0.7742
2021-06-01 08:45:00+00:00,audusd,0.774265,0.774525,0.77397,0.77407
2021-06-01 09:00:00+00:00,audusd,0.774385,0.77466,0.77419,0.77427
2021-06-01 09:15:00+00:00,audusd,0.77477,0.77487,0.77438,0.77438
2021-06-01 09:30:00+00:00,audusd,0.77438,0.77492,0.77428,0.77478
2021-06-01 09:45:00+00:00,audusd,0.77399,0.7745,0.77371,0.774375
2021-06-01 10:00:00+00:00,audusd,0.7735,0.773985,0.77328,0.773985
2021-06-01 10:15:00+00:00,audusd,0.77322,0.77365,0.77322,0.77349
2021-06-01 10:30:00+00:00,audusd,0.77332,0.77342,0.7731,0.77321
2021-06-01 10:45:00+00:00,audusd,0.77341,0.773655,0.77328,0.773315
2021-06-01 11:00:00+00:00,audusd,0.77369,0.77377,0.773315,0.77342
2021-06-01 11:15:00+00:00,audusd,0.773895,0.77415,0.77365,0.773685
2021-06-01 11:30:00+00:00,audusd,0.77401,0.77402,0.77366,0.77389
2021-06-01 11:45:00+00:00,audusd,0.77388,0.77401,0.77355,0.774005
2021-06-01 12:00:00+00:00,audusd,0.77412,0.77422,0.77372,0.773875
2021-06-01 12:15:00+00:00,audusd,0.77439,0.77446,0.77391,0.774115
2021-06-01 12:30:00+00:00,audusd,0.77361,0.774395,0.7735,0.77438
2021-06-01 12:45:00+00:00,audusd,0.77407,0.77423,0.77342,0.773605
2021-06-01 13:00:00+00:00,audusd,0.77397,0.774065,0.773395,0.774065
2021-06-01 13:15:00+00:00,audusd,0.77452,0.77452,0.77387,0.77398
2021-06-01 13:30:00+00:00,audusd,0.77432,0.7748,0.77429,0.774515
2021-06-01 13:45:00+00:00,audusd,0.77449,0.7747,0.77415,0.774325
2021-06-01 14:00:00+00:00,audusd,0.7755,0.77555,0.7744,0.77448
2021-06-01 14:15:00+00:00,audusd,0.77517,0.775565,0.77465,0.77551
2021-06-01 14:30:00+00:00,audusd,0.77539,0.77583,0.77516,0.775165
2021-06-01 14:45:00+00:00,audusd,0.77554,0.77585,0.774905,0.775385
2021-06-01 15:00:00+00:00,audusd,0.77666,0.77666,0.77539,0.775535
2021-06-01 15:15:00+00:00,audusd,0.776305,0.776695,0.77619,0.776655
2021-06-01 15:30:00+00:00,audusd,0.77691,0.776945,0.776225,0.77631
2021-06-01 15:45:00+00:00,audusd,0.77644,0.77692,0.77644,0.776915
2021-06-01 16:00:00+00:00,audusd,0.77569,0.77646,0.77566,0.776445
2021-06-01 16:15:00+00:00,audusd,0.77575,0.77587,0.77557,0.775685
2021-06-01 16:30:00+00:00,audusd,0.7758,0.775905,0.775645,0.775755
2021-06-01 16:45:00+00:00,audusd,0.77581,0.77599,0.77562,0.775805
2021-06-01 17:00:00+00:00,audusd,0.77533,0.77583,0.77533,0.775805
2021-06-01 17:15:00+00:00,audusd,0.77563,0.77582,0.775335,0.77534
2021-06-01 17:30:00+00:00,audusd,0.77574,0.77596,0.77561,0.77562
2021-06-01 17:45:00+00:00,audusd,0.77595,0.77603,0.77573,0.775735
2021-06-01 18:00:00+00:00,audusd,0.77611,0.77619,0.77586,0.77594
2021-06-01 18:15:00+00:00,audusd,0.7763,0.77636,0.7761,0.776105
2021-06-01 18:30:00+00:00,audusd,0.77636,0.77641,0.776165,0.776295
2021-06-01 18:45:00+00:00,audusd,0.77641,0.77641,0.77622,0.776355
2021-06-01 19:00:00+00:00,audusd,0.7761,0.77644,0.77607,0.776415
2021-06-01 19:15:00+00:00,audusd,0.77599,0.77615,0.77599,0.776105
2021-06-01 19:30:00+00:00,audusd,0.77561,0.775985,0.77554,0.775985
2021-06-01 19:45:00+00:00,audusd,0.77551,0.77588,0.775445,0.775615
2021-06-01 20:00:00+00:00,audusd,0.77544,0.77557,0.7753,0.7755
2021-06-01 20:15:00+00:00,audusd,0.77534,0.7755,0.77532,0.77543
2021-06-01 20:30:00+00:00,audusd,0.77526,0.77542,0.77525,0.775345
2021-06-01 20:45:00+00:00,audusd,0.77531,0.77543,0.775105,0.775255
2021-06-01 21:00:00+00:00,audusd,0.77486,0.77543,0.77484,0.77532
2021-06-01 21:15:00+00:00,audusd,0.77523,0.77561,0.77486,0.774925
2021-06-01 21:30:00+00:00,audusd,0.77549,0.77553,0.77495,0.77521
2021-06-01 21:45:00+00:00,audusd,0.77514,0.77555,0.77484,0.7755
2021-06-01 22:00:00+00:00,audusd,0.77512,0.77553,0.77498,0.775145
2021-06-01 22:15:00+00:00,audusd,0.77532,0.77536,0.77512,0.77513
2021-06-01 22:30:00+00:00,audusd,0.77533,0.77546,0.77525,0.775325
2021-06-01 22:45:00+00:00,audusd,0.77523,0.77537,0.77511,0.775335
2021-06-01 23:00:00+00:00,audusd,0.77521,0.77535,0.77507,0.775225
2021-06-01 23:15:00+00:00,audusd,0.77523,0.77529,0.77514,0.775205
2021-06-01 23:30:00+00:00,audusd,0.77522,0.77539,0.77509,0.775225
2021-06-01 23:45:00+00:00,audusd,0.775595,0.77561,0.7751,0.77521
2021-06-02 00:00:00+00:00,audusd,0.77657,0.77657,0.7755,0.77559
2021-06-02 00:15:00+00:00,audusd,0.77674,0.77696,0.77648,0.776565
2021-06-02 00:30:00+00:00,audusd,0.776585,0.77684,0.77641,0.776735
2021-06-02 00:45:00+00:00,audusd,0.77614,0.776735,0.776095,0.77658
2021-06-02 01:00:00+00:00,audusd,0.776245,0.77641,0.77594,0.77613
2021-06-02 01:15:00+00:00,audusd,0.77637,0.776825,0.77615,0.77625
2021-06-02 01:30:00+00:00,audusd,0.77685,0.77737,0.77609,0.776375
2021-06-02 01:45:00+00:00,audusd,0.776345,0.7769,0.77622,0.77684
2021-06-02 02:00:00+00:00,audusd,0.77625,0.77649,0.775925,0.77635
2021-06-02 02:15:00+00:00,audusd,0.77644,0.77678,0.77615,0.776245
2021-06-02 02:30:00+00:00,audusd,0.77653,0.77678,0.77644,0.776445
2021-06-02 02:45:00+00:00,audusd,0.77608,0.77655,0.77603,0.776525
2021-06-02 03:00:00+00:00,audusd,0.776285,0.77648,0.77609,0.77609
2021-06-02 03:15:00+00:00,audusd,0.77609,0.77653,0.77606,0.77629
2021-06-02 03:30:00+00:00,audusd,0.77605,0.77613,0.77598,0.776095
2021-06-02 03:45:00+00:00,audusd,0.77615,0.77622,0.77604,0.776045
2021-06-02 04:00:00+00:00,audusd,0.77571,0.776175,0.77554,0.776155
2021-06-02 04:15:00+00:00,audusd,0.77514,0.775735,0.77493,0.775715
2021-06-02 04:30:00+00:00,audusd,0.77531,0.775315,0.77491,0.775135
2021-06-02 04:45:00+00:00,audusd,0.77468,0.775305,0.77464,0.775305
2021-06-02 05:00:00+00:00,audusd,0.7747,0.77507,0.77449,0.774685
2021-06-02 05:15:00+00:00,audusd,0.77464,0.77495,0.77452,0.774705
2021-06-02 05:30:00+00:00,audusd,0.77486,0.7749,0.77446,0.774635
2021-06-02 05:45:00+00:00,audusd,0.77441,0.77494,0.77436,0.77485
2021-06-02 06:00:00+00:00,audusd,0.77379,0.7744,0.77372,0.7744
2021-06-02 06:15:00+00:00,audusd,0.7737,0.7739,0.773495,0.7738
2021-06-02 06:30:00+00:00,audusd,0.77294,0.77382,0.77262,0.773695
2021-06-02 06:45:00+00:00,audusd,0.77329,0.77341,0.77287,0.77293
2021-06-02 07:00:00+00:00,audusd,0.77343,0.77358,0.77273,0.773285
2021-06-02 07:15:00+00:00,audusd,0.77316,0.77379,0.7731,0.773435
2021-06-02 07:30:00+00:00,audusd,0.7734,0.77367,0.77289,0.773155
2021-06-02 07:45:00+00:00,audusd,0.77335,0.77346,0.77286,0.77339
2021-06-02 08:00:00+00:00,audusd,0.773345,0.77352,0.77295,0.773355
2021-06-02 08:15:00+00:00,audusd,0.772755,0.773385,0.77267,0.77334
2021-06-02 08:30:00+00:00,audusd,0.77235,0.77279,0.77221,0.77275
2021-06-02 08:45:00+00:00,audusd,0.77205,0.77243,0.77182,0.772345
2021-06-02 09:00:00+00:00,audusd,0.77214,0.77223,0.77181,0.77206
2021-06-02 09:15:00+00:00,audusd,0.77225,0.77253,0.77202,0.772145
2021-06-02 09:30:00+00:00,audusd,0.77194,0.772275,0.77157,0.77224
2021-06-02 09:45:00+00:00,audusd,0.77244,0.7726,0.771935,0.771935
2021-06-02 10:00:00+00:00,audusd,0.772605,0.772625,0.77211,0.77243
2021-06-02 10:15:00+00:00,audusd,0.77253,0.77261,0.77235,0.77261
2021-06-02 10:30:00+00:00,audusd,0.77257,0.772725,0.77249,0.772525
2021-06-02 10:45:00+00:00,audusd,0.77224,0.77263,0.77224,0.772565
2021-06-02 11:00:00+00:00,audusd,0.771995,0.772385,0.77195,0.772235
2021-06-02 11:15:00+00:00,audusd,0.7717,0.77211,0.77155,0.77199
2021-06-02 11:30:00+00:00,audusd,0.77249,0.772545,0.7716,0.771695
2021-06-02 11:45:00+00:00,audusd,0.7728,0.77294,0.77249,0.7725
2021-06-02 12:00:00+00:00,audusd,0.77343,0.77355,0.772805,0.772805
2021-06-02 12:15:00+00:00,audusd,0.77375,0.77395,0.77342,0.77344
2021-06-02 12:30:00+00:00,audusd,0.773695,0.77389,0.77334,0.77376
2021-06-02 12:45:00+00:00,audusd,0.77369,0.77411,0.77359,0.7737
2021-06-02 13:00:00+00:00,audusd,0.77347,0.773975,0.77347,0.7737
2021-06-02 13:15:00+00:00,audusd,0.77343,0.77363,0.77327,0.773475
2021-06-02 13:30:00+00:00,audusd,0.77424,0.77439,0.773045,0.773425
2021-06-02 13:45:00+00:00,audusd,0.77419,0.77465,0.77411,0.77423
2021-06-02 14:00:00+00:00,audusd,0.774155,0.774495,0.774015,0.7742
2021-06-02 14:15:00+00:00,audusd,0.77453,0.7747,0.77416,0.77416
2021-06-02 14:30:00+00:00,audusd,0.77465,0.774795,0.77409,0.774535
2021-06-02 14:45:00+00:00,audusd,0.77497,0.775025,0.774395,0.77466
2021-06-02 15:00:00+00:00,audusd,0.77526,0.775305,0.77479,0.774975
2021-06-02 15:15:00+00:00,audusd,0.77529,0.775605,0.77521,0.775255
2021-06-02 15:30:00+00:00,audusd,0.7753,0.77545,0.77526,0.7753
2021-06-02 15:45:00+00:00,audusd,0.77514,0.77537,0.7751,0.775305
2021-06-02 16:00:00+00:00,audusd,0.77475,0.77516,0.77475,0.775135
2021-06-02 16:15:00+00:00,audusd,0.77486,0.77491,0.77475,0.77476
2021-06-02 16:30:00+00:00,audusd,0.7749,0.77504,0.77476,0.77485
2021-06-02 16:45:00+00:00,audusd,0.77501,0.77503,0.774815,0.774905
2021-06-02 17:00:00+00:00,audusd,0.774985,0.77531,0.77495,0.775015
2021-06-02 17:15:00+00:00,audusd,0.77476,0.77502,0.7745,0.77499
2021-06-02 17:30:00+00:00,audusd,0.7748,0.77485,0.77464,0.774765
2021-06-02 17:45:00+00:00,audusd,0.77504,0.77505,0.774745,0.774805
2021-06-02 18:00:00+00:00,audusd,0.775,0.77529,0.77491,0.775045
2021-06-02 18:15:00+00:00,audusd,0.77525,0.77539,0.77493,0.774995
2021-06-02 18:30:00+00:00,audusd,0.77503,0.77531,0.77499,0.77524
2021-06-02 18:45:00+00:00,audusd,0.77527,0.77527,0.77493,0.77504
2021-06-02 19:00:00+00:00,audusd,0.775275,0.77537,0.7751,0.77526
2021-06-02 19:15:00+00:00,audusd,0.77554,0.775565,0.77526,0.77527
2021-06-02 19:30:00+00:00,audusd,0.77544,0.77558,0.77537,0.77555
2021-06-02 19:45:00+00:00,audusd,0.775375,0.775585,0.77534,0.77545
2021-06-02 20:00:00+00:00,audusd,0.77519,0.77538,0.77506,0.77537
2021-06-02 20:15:00+00:00,audusd,0.77534,0.77544,0.77519,0.775195
2021-06-02 20:30:00+00:00,audusd,0.775105,0.77534,0.774925,0.77533
2021-06-02 20:45:00+00:00,audusd,0.77533,0.77536,0.77505,0.7751
2021-06-02 21:00:00+00:00,audusd,0.77535,0.77536,0.77526,0.77526
2021-06-02 21:15:00+00:00,audusd,0.77535,0.77535,0.77528,0.77532
2021-06-02 21:30:00+00:00,audusd,0.77504,0.77535,0.77462,0.77534
2021-06-02 21:45:00+00:00,audusd,0.77506,0.77511,0.77496,0.77505
2021-06-02 22:00:00+00:00,audusd,0.7751,0.77531,0.77506,0.77507
2021-06-02 22:15:00+00:00,audusd,0.77509,0.77512,0.77505,0.77509
2021-06-02 22:30:00+00:00,audusd,0.774835,0.77512,0.774835,0.7751
2021-06-02 22:45:00+00:00,audusd,0.77484,0.77485,0.77478,0.77484
2021-06-02 23:00:00+00:00,audusd,0.77469,0.774885,0.774655,0.77485
2021-06-02 23:15:00+00:00,audusd,0.77465,0.77475,0.77465,0.77468
2021-06-02 23:30:00+00:00,audusd,0.77445,0.77469,0.77439,0.774655
2021-06-02 23:45:00+00:00,audusd,0.77443,0.77466,0.774335,0.774455
2021-06-03 00:00:00+00:00,audusd,0.77479,0.77486,0.774435,0.774435
2021-06-03 00:15:00+00:00,audusd,0.77486,0.77487,0.774605,0.774785
2021-06-03 00:30:00+00:00,audusd,0.77535,0.77535,0.77475,0.774865
2021-06-03 00:45:00+00:00,audusd,0.7752,0.7754,0.77509,0.775345
2021-06-03 01:00:00+00:00,audusd,0.77467,0.77532,0.77452,0.775205
2021-06-03 01:15:00+00:00,audusd,0.775195,0.7752,0.774415,0.774675
2021-06-03 01:30:00+00:00,audusd,0.77494,0.77521,0.77479,0.7752
2021-06-03 01:45:00+00:00,audusd,0.7743,0.77495,0.77408,0.774945
2021-06-03 02:00:00+00:00,audusd,0.774595,0.77463,0.77428,0.77431
2021-06-03 02:15:00+00:00,audusd,0.77458,0.774675,0.774435,0.7746
2021-06-03 02:30:00+00:00,audusd,0.77387,0.77462,0.77375,0.77457
2021-06-03 02:45:00+00:00,audusd,0.77393,0.77413,0.773795,0.77388
2021-06-03 03:00:00+00:00,audusd,0.77402,0.77415,0.77379,0.773935
2021-06-03 03:15:00+00:00,audusd,0.7741,0.77428,0.77399,0.774025
2021-06-03 03:30:00+00:00,audusd,0.77426,0.77434,0.77409,0.774105
2021-06-03 03:45:00+00:00,audusd,0.77449,0.77455,0.77419,0.774265
2021-06-03 04:00:00+00:00,audusd,0.77429,0.774635,0.77424,0.774485
2021-06-03 04:15:00+00:00,audusd,0.774055,0.77431,0.774055,0.77428
2021-06-03 04:30:00+00:00,audusd,0.774285,0.774285,0.77401,0.77405
2021-06-03 04:45:00+00:00,audusd,0.773955,0.774285,0.77377,0.77428
2021-06-03 05:00:00+00:00,audusd,0.773985,0.774065,0.77375,0.77395
2021-06-03 05:15:00+00:00,audusd,0.77367,0.774015,0.77367,0.77398
2021-06-03 05:30:00+00:00,audusd,0.77314,0.77369,0.7731,0.77366
2021-06-03 05:45:00+00:00,audusd,0.77326,0.77337,0.773015,0.773135
2021-06-03 06:00:00+00:00,audusd,0.77303,0.77332,0.77296,0.773255
2021-06-03 06:15:00+00:00,audusd,0.772795,0.77308,0.77277,0.77304
2021-06-03 06:30:00+00:00,audusd,0.77234,0.7728,0.77224,0.7728
2021-06-03 06:45:00+00:00,audusd,0.77224,0.7726,0.77221,0.772345
2021-06-03 07:00:00+00:00,audusd,0.77232,0.77244,0.77185,0.772245
2021-06-03 07:15:00+00:00,audusd,0.772615,0.772735,0.772055,0.772325
2021-06-03 07:30:00+00:00,audusd,0.772235,0.77261,0.77213,0.77261
2021-06-03 07:45:00+00:00,audusd,0.77195,0.77223,0.7717,0.77223
2021-06-03 08:00:00+00:00,audusd,0.77251,0.77266,0.77173,0.771945
2021-06-03 08:15:00+00:00,audusd,0.77295,0.77299,0.772375,0.7725
2021-06-03 08:30:00+00:00,audusd,0.77319,0.7734,0.7729,0.772945
2021-06-03 08:45:00+00:00,audusd,0.77301,0.77347,0.77282,0.773185
2021-06-03 09:00:00+00:00,audusd,0.77311,0.773305,0.77292,0.773015
2021-06-03 09:15:00+00:00,audusd,0.77284,0.773145,0.77273,0.773105
2021-06-03 09:30:00+00:00,audusd,0.77309,0.77311,0.77281,0.772835
2021-06-03 09:45:00+00:00,audusd,0.7731,0.77315,0.772935,0.773085
2021-06-03 10:00:00+00:00,audusd,0.77345,0.77418,0.77302,0.77309
2021-06-03 10:15:00+00:00,audusd,0.773315,0.77354,0.77322,0.773455
2021-06-03 10:30:00+00:00,audusd,0.77276,0.77343,0.77236,0.77332
2021-06-03 10:45:00+00:00,audusd,0.77236,0.77287,0.77219,0.772765
2021-06-03 11:00:00+00:00,audusd,0.772635,0.77273,0.77208,0.77237
2021-06-03 11:15:00+00:00,audusd,0.77233,0.77278,0.77214,0.77264
2021-06-03 11:30:00+00:00,audusd,0.7724,0.77256,0.7719,0.772325
2021-06-03 11:45:00+00:00,audusd,0.7719,0.77241,0.77183,0.77241
2021-06-03 12:00:00+00:00,audusd,0.771605,0.772015,0.77122,0.771895
2021-06-03 12:15:00+00:00,audusd,0.7707,0.7717,0.770615,0.77161
2021-06-03 12:30:00+00:00,audusd,0.77016,0.77072,0.77003,0.770705
2021-06-03 12:45:00+00:00,audusd,0.77053,0.77091,0.76999,0.770165
2021-06-03 13:00:00+00:00,audusd,0.76964,0.77059,0.769585,0.77052
2021-06-03 13:15:00+00:00,audusd,0.76919,0.77,0.768945,0.769635
2021-06-03 13:30:00+00:00,audusd,0.76878,0.76938,0.76852,0.769075
2021-06-03 13:45:00+00:00,audusd,0.76801,0.76883,0.76785,0.768785
2021-06-03 14:00:00+00:00,audusd,0.76733,0.76805,0.76687,0.768
2021-06-03 14:15:00+00:00,audusd,0.76794,0.76804,0.76717,0.76734
2021-06-03 14:30:00+00:00,audusd,0.76719,0.7683,0.7671,0.767945
2021-06-03 14:45:00+00:00,audusd,0.76668,0.767185,0.76652,0.76718
2021-06-03 15:00:00+00:00,audusd,0.76613,0.76678,0.76592,0.76667
2021-06-03 15:15:00+00:00,audusd,0.76687,0.76687,0.76607,0.76612
2021-06-03 15:30:00+00:00,audusd,0.7667,0.76739,0.76669,0.766865
2021-06-03 15:45:00+00:00,audusd,0.7658,0.76676,0.76572,0.766695
2021-06-03 16:00:00+00:00,audusd,0.765635,0.76592,0.76488,0.765785
2021-06-03 16:15:00+00:00,audusd,0.76537,0.76592,0.76512,0.76564
2021-06-03 16:30:00+00:00,audusd,0.76551,0.76575,0.76523,0.765375
2021-06-03 16:45:00+00:00,audusd,0.76521,0.765565,0.76492,0.765505
2021-06-03 17:00:00+00:00,audusd,0.76508,0.76522,0.76456,0.76522
2021-06-03 17:15:00+00:00,audusd,0.76493,0.765165,0.76486,0.76507
2021-06-03 17:30:00+00:00,audusd,0.76512,0.76531,0.76471,0.764925
2021-06-03 17:45:00+00:00,audusd,0.76513,0.76517,0.76478,0.76513
2021-06-03 18:00:00+00:00,audusd,0.76518,0.76528,0.764925,0.765135
2021-06-03 18:15:00+00:00,audusd,0.76497,0.76521,0.76494,0.765175
2021-06-03 18:30:00+00:00,audusd,0.765035,0.76527,0.76492,0.764975
2021-06-03 18:45:00+00:00,audusd,0.76511,0.76535,0.76498,0.76504
2021-06-03 19:00:00+00:00,audusd,0.765255,0.76539,0.76509,0.765115
2021-06-03 19:15:00+00:00,audusd,0.76561,0.76563,0.76518,0.76526
2021-06-03 19:30:00+00:00,audusd,0.76578,0.76593,0.76556,0.76562
2021-06-03 19:45:00+00:00,audusd,0.76585,0.76597,0.76569,0.76579
2021-06-03 20:00:00+00:00,audusd,0.76595,0.76596,0.76575,0.765845
2021-06-03 20:15:00+00:00,audusd,0.76602,0.76608,0.765945,0.765945
2021-06-03 20:30:00+00:00,audusd,0.765975,0.76605,0.76593,0.76603
2021-06-03 20:45:00+00:00,audusd,0.7659,0.76608,0.7659,0.76597
2021-06-03 21:00:00+00:00,audusd,0.7659,0.76592,0.76551,0.765555
2021-06-03 21:15:00+00:00,audusd,0.76604,0.76619,0.76587,0.76587
2021-06-03 21:30:00+00:00,audusd,0.76602,0.76628,0.76582,0.766035
2021-06-03 21:45:00+00:00,audusd,0.76602,0.766125,0.76594,0.766015
2021-06-03 22:00:00+00:00,audusd,0.76597,0.76613,0.76581,0.766025
2021-06-03 22:15:00+00:00,audusd,0.76583,0.76598,0.76578,0.765975
2021-06-03 22:30:00+00:00,audusd,0.76604,0.76609,0.76579,0.76584
2021-06-03 22:45:00+00:00,audusd,0.76617,0.7663,0.76602,0.76603
2021-06-03 23:00:00+00:00,audusd,0.76599,0.76623,0.76598,0.76618
2021-06-03 23:15:00+00:00,audusd,0.76607,0.76608,0.76594,0.765995
2021-06-03 23:30:00+00:00,audusd,0.7665,0.7666,0.76588,0.766065
2021-06-03 23:45:00+00:00,audusd,0.76619,0.76664,0.76619,0.766495
2021-06-04 00:00:00+00:00,audusd,0.76555,0.766205,0.765375,0.7662
2021-06-04 00:15:00+00:00,audusd,0.76554,0.76575,0.76526,0.765545
2021-06-04 00:30:00+00:00,audusd,0.765445,0.76559,0.76512,0.765545
2021-06-04 00:45:00+00:00,audusd,0.76593,0.76616,0.76538,0.76545
2021-06-04 01:00:00+00:00,audusd,0.76617,0.76641,0.7658,0.765935
2021-06-04 01:15:00+00:00,audusd,0.76619,0.76649,0.76609,0.766175
2021-06-04 01:30:00+00:00,audusd,0.76625,0.76627,0.7656,0.766185
2021-06-04 01:45:00+00:00,audusd,0.76558,0.766295,0.76552,0.766245
2021-06-04 02:00:00+00:00,audusd,0.76564,0.76571,0.76528,0.765585
2021-06-04 02:15:00+00:00,audusd,0.76583,0.76612,0.76558,0.765645
2021-06-04 02:30:00+00:00,audusd,0.76549,0.76608,0.76548,0.76584
2021-06-04 02:45:00+00:00,audusd,0.76574,0.76583,0.76537,0.7655
2021-06-04 03:00:00+00:00,audusd,0.76562,0.76599,0.76556,0.765745
2021-06-04 03:15:00+00:00,audusd,0.76572,0.7658,0.76535,0.765625
2021-06-04 03:30:00+00:00,audusd,0.76593,0.766,0.76568,0.765715
2021-06-04 03:45:00+00:00,audusd,0.76594,0.76603,0.76581,0.765935
2021-06-04 04:00:00+00:00,audusd,0.76565,0.76612,0.7656,0.765935
2021-06-04 04:15:00+00:00,audusd,0.76599,0.766,0.76564,0.76564
2021-06-04 04:30:00+00:00,audusd,0.76617,0.76626,0.765965,0.766
2021-06-04 04:45:00+00:00,audusd,0.76609,0.7663,0.76601,0.76618
2021-06-04 05:00:00+00:00,audusd,0.765695,0.76614,0.76558,0.76608
2021-06-04 05:15:00+00:00,audusd,0.76606,0.76614,0.765695,0.7657
2021-06-04 05:30:00+00:00,audusd,0.765775,0.76618,0.76569,0.76607
2021-06-04 05:45:00+00:00,audusd,0.76535,0.76579,0.765185,0.76578
2021-06-04 06:00:00+00:00,audusd,0.76611,0.766215,0.765235,0.765345
2021-06-04 06:15:00+00:00,audusd,0.76606,0.766285,0.76592,0.766105
2021-06-04 06:30:00+00:00,audusd,0.766685,0.76671,0.76596,0.766065
2021-06-04 06:45:00+00:00,audusd,0.76688,0.76689,0.76662,0.76669
2021-06-04 07:00:00+00:00,audusd,0.7668,0.767115,0.76663,0.766875
2021-06-04 07:15:00+00:00,audusd,0.76644,0.76696,0.76632,0.766795
2021-06-04 07:30:00+00:00,audusd,0.76662,0.766845,0.76643,0.766445
2021-06-04 07:45:00+00:00,audusd,0.76651,0.7669,0.76644,0.76663
2021-06-04 08:00:00+00:00,audusd,0.76646,0.7668,0.76622,0.766515
2021-06-04 08:15:00+00:00,audusd,0.7662,0.76657,0.76616,0.76647
2021-06-04 08:30:00+00:00,audusd,0.76633,0.76657,0.766085,0.766205
2021-06-04 08:45:00+00:00,audusd,0.76628,0.76636,0.76603,0.766335
2021-06-04 09:00:00+00:00,audusd,0.766295,0.76644,0.76605,0.766285
2021-06-04 09:15:00+00:00,audusd,0.76634,0.766395,0.76613,0.76629
2021-06-04 09:30:00+00:00,audusd,0.76645,0.76645,0.766175,0.766345
2021-06-04 09:45:00+00:00,audusd,0.766815,0.76692,0.76631,0.766445
2021-06-04 10:00:00+00:00,audusd,0.76696,0.76706,0.7668,0.76681
2021-06-04 10:15:00+00:00,audusd,0.76663,0.76698,0.76645,0.766955
2021-06-04 10:30:00+00:00,audusd,0.76635,0.76664,0.76625,0.766635
2021-06-04 10:45:00+00:00,audusd,0.76616,0.766375,0.766015,0.766345
2021-06-04 11:00:00+00:00,audusd,0.766,0.76644,0.765805,0.766165
2021-06-04 11:15:00+00:00,audusd,0.76657,0.766605,0.76576,0.765995
2021-06-04 11:30:00+00:00,audusd,0.76627,0.7666,0.76622,0.76656
2021-06-04 11:45:00+00:00,audusd,0.76663,0.76672,0.76627,0.76628
2021-06-04 12:00:00+00:00,audusd,0.76676,0.76708,0.766605,0.766625
2021-06-04 12:15:00+00:00,audusd,0.76631,0.76685,0.76625,0.766765
2021-06-04 12:30:00+00:00,audusd,0.770385,0.77059,0.76608,0.7663
2021-06-04 12:45:00+00:00,audusd,0.76891,0.770575,0.76886,0.77038
2021-06-04 13:00:00+00:00,audusd,0.769725,0.76983,0.768845,0.76902
2021-06-04 13:15:00+00:00,audusd,0.77022,0.770575,0.76962,0.769855
2021-06-04 13:30:00+00:00,audusd,0.771565,0.77193,0.77019,0.770215
2021-06-04 13:45:00+00:00,audusd,0.771975,0.77235,0.7714,0.77157
2021-06-04 14:00:00+00:00,audusd,0.772605,0.772805,0.77177,0.77197
2021-06-04 14:15:00+00:00,audusd,0.77343,0.77349,0.77256,0.7726
2021-06-04 14:30:00+00:00,audusd,0.77387,0.77389,0.773205,0.773425
2021-06-04 14:45:00+00:00,audusd,0.77365,0.77415,0.7736,0.77386
2021-06-04 15:00:00+00:00,audusd,0.77335,0.77394,0.77311,0.77357
2021-06-04 15:15:00+00:00,audusd,0.77402,0.77409,0.77288,0.773345
2021-06-04 15:30:00+00:00,audusd,0.77334,0.77402,0.7733,0.77401
2021-06-04 15:45:00+00:00,audusd,0.774,0.77401,0.77325,0.773345
2021-06-04 16:00:00+00:00,audusd,0.774205,0.774395,0.77394,0.77396
2021-06-04 16:15:00+00:00,audusd,0.773875,0.77442,0.7738,0.7742
2021-06-04 16:30:00+00:00,audusd,0.77406,0.77418,0.77381,0.77387
2021-06-04 16:45:00+00:00,audusd,0.774,0.774185,0.77385,0.774055
2021-06-04 17:00:00+00:00,audusd,0.77395,0.77415,0.77386,0.774005
2021-06-04 17:15:00+00:00,audusd,0.77399,0.77405,0.77377,0.77394
2021-06-04 17:30:00+00:00,audusd,0.774,0.77406,0.773945,0.77398
2021-06-04 17:45:00+00:00,audusd,0.7742,0.7742,0.773995,0.773995
2021-06-04 18:00:00+00:00,audusd,0.774045,0.774255,0.77404,0.77421
2021-06-04 18:15:00+00:00,audusd,0.77424,0.77431,0.77401,0.77404
2021-06-04 18:30:00+00:00,audusd,0.774305,0.7745,0.77421,0.774245
2021-06-04 18:45:00+00:00,audusd,0.7744,0.7745,0.774205,0.77431
2021-06-04 19:00:00+00:00,audusd,0.77428,0.77442,0.774205,0.77439
2021-06-04 19:15:00+00:00,audusd,0.774475,0.77448,0.77424,0.774285
2021-06-04 19:30:00+00:00,audusd,0.774455,0.774525,0.774325,0.77447
2021-06-04 19:45:00+00:00,audusd,0.77433,0.77452,0.77431,0.77445
2021-06-04 20:00:00+00:00,audusd,0.77448,0.7745,0.77431,0.774335
2021-06-04 20:15:00+00:00,audusd,0.77442,0.77449,0.77437,0.77449
2021-06-04 20:30:00+00:00,audusd,0.77437,0.77448,0.77435,0.77443
2021-06-04 20:45:00+00:00,audusd,0.77453,0.77453,0.774035,0.774365
2021-06-07 03:00:00+00:00,audusd,0.77354,0.77371,0.77348,0.77357
2021-06-07 03:15:00+00:00,audusd,0.773505,0.77373,0.77349,0.773535
2021-06-07 03:30:00+00:00,audusd,0.773725,0.773775,0.773475,0.7735
2021-06-07 03:45:00+00:00,audusd,0.77358,0.77373,0.77335,0.77373
2021-06-07 04:00:00+00:00,audusd,0.7734,0.77362,0.77335,0.773585
2021-06-07 04:15:00+00:00,audusd,0.773765,0.773765,0.77332,0.773405
2021-06-07 04:30:00+00:00,audusd,0.774235,0.77432,0.77377,0.77377
2021-06-07 04:45:00+00:00,audusd,0.7739,0.77432,0.77384,0.77424
2021-06-07 05:00:00+00:00,audusd,0.77362,0.774015,0.77362,0.773905
2021-06-07 05:15:00+00:00,audusd,0.77346,0.77366,0.773455,0.77361
2021-06-07 05:30:00+00:00,audusd,0.77364,0.77367,0.77323,0.77345
2021-06-07 05:45:00+00:00,audusd,0.773225,0.773675,0.77321,0.773645
2021-06-07 06:00:00+00:00,audusd,0.77351,0.77365,0.77322,0.77323
2021-06-07 06:15:00+00:00,audusd,0.77339,0.77385,0.77324,0.77352
2021-06-07 06:30:00+00:00,audusd,0.773445,0.773885,0.77332,0.77338
2021-06-07 06:45:00+00:00,audusd,0.77363,0.773735,0.77337,0.77345
2021-06-07 07:00:00+00:00,audusd,0.77302,0.773675,0.77288,0.77364
2021-06-07 07:15:00+00:00,audusd,0.77387,0.773985,0.77269,0.77303
2021-06-07 07:30:00+00:00,audusd,0.77419,0.77442,0.773805,0.77388
2021-06-07 07:45:00+00:00,audusd,0.77478,0.77479,0.77412,0.7742
2021-06-07 08:00:00+00:00,audusd,0.77449,0.77478,0.77409,0.774775
2021-06-07 08:15:00+00:00,audusd,0.77451,0.774685,0.77438,0.77448
2021-06-07 08:30:00+00:00,audusd,0.77459,0.77462,0.77397,0.7745
2021-06-07 08:45:00+00:00,audusd,0.77511,0.77547,0.774425,0.77458
2021-06-07 09:00:00+00:00,audusd,0.774525,0.77513,0.774475,0.775115
2021-06-07 09:15:00+00:00,audusd,0.77454,0.77487,0.77444,0.77452
2021-06-07 09:30:00+00:00,audusd,0.77488,0.77506,0.77447,0.774535
2021-06-07 09:45:00+00:00,audusd,0.77492,0.77504,0.77475,0.774905
2021-06-07 10:00:00+00:00,audusd,0.775245,0.775265,0.77476,0.774925
2021-06-07 10:15:00+00:00,audusd,0.77469,0.77533,0.774575,0.77525
2021-06-07 10:30:00+00:00,audusd,0.774845,0.77489,0.774325,0.774685
2021-06-07 10:45:00+00:00,audusd,0.77499,0.77514,0.77479,0.77484
2021-06-07 11:00:00+00:00,audusd,0.77535,0.77549,0.77496,0.774985
2021-06-07 11:15:00+00:00,audusd,0.77557,0.77557,0.77531,0.775345
2021-06-07 11:30:00+00:00,audusd,0.775425,0.77597,0.77532,0.775575
2021-06-07 11:45:00+00:00,audusd,0.77596,0.77599,0.77541,0.77543
2021-06-07 12:00:00+00:00,audusd,0.77572,0.77608,0.77562,0.77595
2021-06-07 12:15:00+00:00,audusd,0.77618,0.77618,0.775615,0.77573
2021-06-07 12:30:00+00:00,audusd,0.776075,0.776455,0.77598,0.77617
2021-06-07 12:45:00+00:00,audusd,0.77619,0.776325,0.77594,0.77608
2021-06-07 13:00:00+00:00,audusd,0.77643,0.776555,0.776085,0.77618
2021-06-07 13:15:00+00:00,audusd,0.77648,0.77658,0.77624,0.776425
2021-06-07 13:30:00+00:00,audusd,0.77608,0.77653,0.77581,0.776475
2021-06-07 13:45:00+00:00,audusd,0.776,0.77617,0.77573,0.776075
2021-06-07 14:00:00+00:00,audusd,0.77584,0.776055,0.77541,0.776005
2021-06-07 14:15:00+00:00,audusd,0.77606,0.77606,0.77546,0.775845
2021-06-07 14:30:00+00:00,audusd,0.77625,0.77638,0.77579,0.77607
2021-06-07 14:45:00+00:00,audusd,0.775805,0.77631,0.77539,0.776255
2021-06-07 15:00:00+00:00,audusd,0.77617,0.77633,0.77541,0.77581
2021-06-07 15:15:00+00:00,audusd,0.77634,0.77637,0.776065,0.77616
2021-06-07 15:30:00+00:00,audusd,0.775945,0.77638,0.77594,0.77635
2021-06-07 15:45:00+00:00,audusd,0.77643,0.77646,0.77595,0.77595
2021-06-07 16:00:00+00:00,audusd,0.77631,0.77652,0.7762,0.776435
2021-06-07 16:15:00+00:00,audusd,0.776365,0.77646,0.776215,0.776305
2021-06-07 16:30:00+00:00,audusd,0.77642,0.77653,0.77625,0.77636
2021-06-07 16:45:00+00:00,audusd,0.77636,0.77652,0.77628,0.776425
2021-06-07 17:00:00+00:00,audusd,0.77629,0.77641,0.77625,0.776365
2021-06-07 17:15:00+00:00,audusd,0.776275,0.77633,0.776175,0.776295
2021-06-07 17:30:00+00:00,audusd,0.77623,0.77628,0.77611,0.77627
2021-06-07 17:45:00+00:00,audusd,0.77626,0.776325,0.77614,0.77622
2021-06-07 18:00:00+00:00,audusd,0.77642,0.776445,0.776245,0.776255
2021-06-07 18:15:00+00:00,audusd,0.77638,0.77647,0.77631,0.776415
2021-06-07 18:30:00+00:00,audusd,0.776215,0.77643,0.77616,0.77637
2021-06-07 18:45:00+00:00,audusd,0.77599,0.77626,0.77599,0.77622
2021-06-07 19:00:00+00:00,audusd,0.77597,0.77599,0.77583,0.775985
2021-06-07 19:15:00+00:00,audusd,0.77613,0.77613,0.77592,0.775965
2021-06-07 19:30:00+00:00,audusd,0.775865,0.77613,0.77585,0.776125
2021-06-07 19:45:00+00:00,audusd,0.77596,0.776025,0.77581,0.77587
2021-06-07 20:00:00+00:00,audusd,0.775975,0.77602,0.77585,0.77595
2021-06-07 20:15:00+00:00,audusd,0.775665,0.77597,0.77566,0.77597
2021-06-07 20:30:00+00:00,audusd,0.77573,0.775745,0.775615,0.77566
2021-06-07 20:45:00+00:00,audusd,0.77551,0.77576,0.77548,0.775735
2021-06-07 21:00:00+00:00,audusd,0.77577,0.77611,0.775765,0.77591
2021-06-07 21:15:00+00:00,audusd,0.77563,0.77585,0.77536,0.775715
2021-06-07 21:30:00+00:00,audusd,0.77551,0.77566,0.775415,0.77562
2021-06-07 21:45:00+00:00,audusd,0.77551,0.775525,0.775465,0.775515
2021-06-07 22:00:00+00:00,audusd,0.77561,0.77588,0.77551,0.775515
2021-06-07 22:15:00+00:00,audusd,0.77554,0.77566,0.77551,0.775615
2021-06-07 22:30:00+00:00,audusd,0.77587,0.77592,0.775515,0.775535
2021-06-07 22:45:00+00:00,audusd,0.77562,0.77588,0.77552,0.775865
2021-06-07 23:00:00+00:00,audusd,0.77563,0.77582,0.77561,0.775625
2021-06-07 23:15:00+00:00,audusd,0.77567,0.775765,0.77562,0.775625
2021-06-07 23:30:00+00:00,audusd,0.77564,0.77583,0.77558,0.775665
2021-06-07 23:45:00+00:00,audusd,0.77564,0.77582,0.77561,0.775635
2021-06-08 00:00:00+00:00,audusd,0.77621,0.77636,0.77556,0.77563
2021-06-08 00:15:00+00:00,audusd,0.77572,0.77635,0.77562,0.776215
2021-06-08 00:30:00+00:00,audusd,0.77536,0.77592,0.77525,0.775725
2021-06-08 00:45:00+00:00,audusd,0.77537,0.775405,0.77518,0.775355
2021-06-08 01:00:00+00:00,audusd,0.77577,0.77578,0.775155,0.775375
2021-06-08 01:15:00+00:00,audusd,0.77556,0.775865,0.77526,0.775775
2021-06-08 01:30:00+00:00,audusd,0.77534,0.77568,0.77509,0.775565
2021-06-08 01:45:00+00:00,audusd,0.77515,0.77567,0.775065,0.77536
2021-06-08 02:00:00+00:00,audusd,0.77516,0.7754,0.77494,0.775145
2021-06-08 02:15:00+00:00,audusd,0.77483,0.775255,0.77481,0.775155
2021-06-08 02:30:00+00:00,audusd,0.774955,0.77506,0.774775,0.77482
2021-06-08 02:45:00+00:00,audusd,0.77467,0.77499,0.77467,0.77495
2021-06-08 03:00:00+00:00,audusd,0.77471,0.77479,0.77451,0.774665
2021-06-08 03:15:00+00:00,audusd,0.774665,0.77472,0.77447,0.774705
2021-06-08 03:30:00+00:00,audusd,0.77478,0.77485,0.77462,0.77466
2021-06-08 03:45:00+00:00,audusd,0.774685,0.77482,0.774625,0.77477
2021-06-08 04:00:00+00:00,audusd,0.77446,0.774685,0.77436,0.77468
2021-06-08 04:15:00+00:00,audusd,0.77464,0.77465,0.77426,0.77447
2021-06-08 04:30:00+00:00,audusd,0.774425,0.77478,0.77442,0.77465
2021-06-08 04:45:00+00:00,audusd,0.77437,0.77446,0.77433,0.77443
2021-06-08 05:00:00+00:00,audusd,0.77457,0.774575,0.77432,0.774365
2021-06-08 05:15:00+00:00,audusd,0.77444,0.77468,0.774325,0.774565
2021-06-08 05:30:00+00:00,audusd,0.77457,0.77459,0.77433,0.774435
2021-06-08 05:45:00+00:00,audusd,0.77412,0.77458,0.773955,0.77458
2021-06-08 06:00:00+00:00,audusd,0.77461,0.774905,0.77402,0.774125
2021-06-08 06:15:00+00:00,audusd,0.7747,0.77484,0.7745,0.77462
2021-06-08 06:30:00+00:00,audusd,0.77485,0.77499,0.77454,0.774705
2021-06-08 06:45:00+00:00,audusd,0.77479,0.77509,0.77463,0.774845
2021-06-08 07:00:00+00:00,audusd,0.774885,0.775425,0.774675,0.7748
2021-06-08 07:15:00+00:00,audusd,0.77401,0.77488,0.77358,0.77488
2021-06-08 07:30:00+00:00,audusd,0.7745,0.77458,0.77392,0.774005
2021-06-08 07:45:00+00:00,audusd,0.77441,0.7748,0.77435,0.77449
2021-06-08 08:00:00+00:00,audusd,0.7744,0.774635,0.77408,0.774405
2021-06-08 08:15:00+00:00,audusd,0.77428,0.77455,0.77407,0.774395
2021-06-08 08:30:00+00:00,audusd,0.774645,0.77469,0.774185,0.77427
2021-06-08 08:45:00+00:00,audusd,0.77463,0.77486,0.77439,0.77465
2021-06-08 09:00:00+00:00,audusd,0.77459,0.774675,0.774445,0.774635
2021-06-08 09:15:00+00:00,audusd,0.77439,0.7747,0.77423,0.77461
2021-06-08 09:30:00+00:00,audusd,0.77385,0.774435,0.77384,0.774385
2021-06-08 09:45:00+00:00,audusd,0.773685,0.77392,0.77355,0.773855
2021-06-08 10:00:00+00:00,audusd,0.774045,0.77406,0.773505,0.77368
2021-06-08 10:15:00+00:00,audusd,0.77382,0.774335,0.773615,0.77404
2021-06-08 10:30:00+00:00,audusd,0.774035,0.77418,0.77378,0.773815
2021-06-08 10:45:00+00:00,audusd,0.774285,0.774445,0.774,0.77403
2021-06-08 11:00:00+00:00,audusd,0.774835,0.77486,0.77416,0.77428
2021-06-08 11:15:00+00:00,audusd,0.77443,0.77486,0.77436,0.77483
2021-06-08 11:30:00+00:00,audusd,0.77486,0.77489,0.774175,0.774425
2021-06-08 11:45:00+00:00,audusd,0.77498,0.775075,0.77479,0.774855
2021-06-08 12:00:00+00:00,audusd,0.77505,0.77509,0.77479,0.774975
2021-06-08 12:15:00+00:00,audusd,0.77524,0.77543,0.77484,0.77504
2021-06-08 12:30:00+00:00,audusd,0.774595,0.775615,0.77458,0.77525
2021-06-08 12:45:00+00:00,audusd,0.77394,0.7746,0.77387,0.7746
2021-06-08 13:00:00+00:00,audusd,0.774695,0.77478,0.773835,0.773935
2021-06-08 13:15:00+00:00,audusd,0.77424,0.77498,0.77424,0.7747
2021-06-08 13:30:00+00:00,audusd,0.77364,0.77443,0.77341,0.774235
2021-06-08 13:45:00+00:00,audusd,0.7735,0.77389,0.7732,0.773635
2021-06-08 14:00:00+00:00,audusd,0.77463,0.77481,0.773235,0.773495
2021-06-08 14:15:00+00:00,audusd,0.773785,0.77479,0.77372,0.774635
2021-06-08 14:30:00+00:00,audusd,0.77459,0.7749,0.77372,0.773825
2021-06-08 14:45:00+00:00,audusd,0.77498,0.77527,0.7745,0.774595
2021-06-08 15:00:00+00:00,audusd,0.77376,0.77503,0.77376,0.77499
2021-06-08 15:15:00+00:00,audusd,0.77385,0.77398,0.77334,0.77375
2021-06-08 15:30:00+00:00,audusd,0.77404,0.77411,0.77377,0.773845
2021-06-08 15:45:00+00:00,audusd,0.77404,0.77418,0.773945,0.774045
2021-06-08 16:00:00+00:00,audusd,0.77388,0.77424,0.77371,0.77403
2021-06-08 16:15:00+00:00,audusd,0.773905,0.77399,0.77353,0.773875
2021-06-08 16:30:00+00:00,audusd,0.77394,0.77406,0.77386,0.77391
2021-06-08 16:45:00+00:00,audusd,0.7738,0.77396,0.77377,0.773935
2021-06-08 17:00:00+00:00,audusd,0.77364,0.773795,0.77354,0.773795
2021-06-08 17:15:00+00:00,audusd,0.77355,0.77381,0.77353,0.773645
2021-06-08 17:30:00+00:00,audusd,0.77384,0.77388,0.77353,0.773555
2021-06-08 17:45:00+00:00,audusd,0.773795,0.773895,0.77365,0.773845
2021-06-08 18:00:00+00:00,audusd,0.77391,0.773985,0.77375,0.7738
2021-06-08 18:15:00+00:00,audusd,0.77388,0.77399,0.773815,0.773915
2021-06-08 18:30:00+00:00,audusd,0.77395,0.77405,0.773875,0.773875
2021-06-08 18:45:00+00:00,audusd,0.774135,0.774365,0.77393,0.773945
2021-06-08 19:00:00+00:00,audusd,0.77427,0.774395,0.77412,0.77413
2021-06-08 19:15:00+00:00,audusd,0.77418,0.77437,0.7741,0.774275
2021-06-08 19:30:00+00:00,audusd,0.77409,0.774285,0.77404,0.77419
2021-06-08 19:45:00+00:00,audusd,0.77403,0.77416,0.77394,0.77408
2021-06-08 20:00:00+00:00,audusd,0.773995,0.77405,0.77394,0.77403
2021-06-08 20:15:00+00:00,audusd,0.77394,0.774,0.77394,0.774
2021-06-08 20:30:00+00:00,audusd,0.77375,0.77393,0.773725,0.77393
2021-06-08 20:45:00+00:00,audusd,0.77419,0.77425,0.77368,0.77374
2021-06-08 21:00:00+00:00,audusd,0.77381,0.77422,0.77365,0.77422
2021-06-08 21:15:00+00:00,audusd,0.77387,0.77396,0.77378,0.77395
2021-06-08 21:30:00+00:00,audusd,0.77374,0.77387,0.77371,0.77386
2021-06-08 21:45:00+00:00,audusd,0.77378,0.77412,0.7735,0.77373
2021-06-08 22:00:00+00:00,audusd,0.77364,0.77377,0.77342,0.77377
2021-06-08 22:15:00+00:00,audusd,0.77371,0.77372,0.77358,0.773645
2021-06-08 22:30:00+00:00,audusd,0.77379,0.773795,0.773675,0.7737
2021-06-08 22:45:00+00:00,audusd,0.7737,0.773895,0.77364,0.773795
2021-06-08 23:00:00+00:00,audusd,0.773695,0.77376,0.77359,0.77371
2021-06-08 23:15:00+00:00,audusd,0.773795,0.773935,0.7737,0.7737
2021-06-08 23:30:00+00:00,audusd,0.77369,0.7738,0.77364,0.77379
2021-06-08 23:45:00+00:00,audusd,0.7737,0.7739,0.773675,0.77368
2021-06-09 00:00:00+00:00,audusd,0.7737,0.7742,0.77355,0.773695
2021-06-09 00:15:00+00:00,audusd,0.77409,0.77425,0.77367,0.773705
2021-06-09 00:30:00+00:00,audusd,0.774115,0.77432,0.77405,0.774085
2021-06-09 00:45:00+00:00,audusd,0.774295,0.77435,0.77407,0.77411
2021-06-09 01:00:00+00:00,audusd,0.774295,0.774335,0.77408,0.77429
2021-06-09 01:15:00+00:00,audusd,0.77419,0.77436,0.77414,0.7743
2021-06-09 01:30:00+00:00,audusd,0.77428,0.77429,0.77404,0.774195
2021-06-09 01:45:00+00:00,audusd,0.77415,0.77432,0.77385,0.774285
2021-06-09 02:00:00+00:00,audusd,0.7739,0.77434,0.773885,0.77416
2021-06-09 02:15:00+00:00,audusd,0.774,0.77401,0.77376,0.773905
2021-06-09 02:30:00+00:00,audusd,0.7742,0.77421,0.773885,0.773995
2021-06-09 02:45:00+00:00,audusd,0.77429,0.77437,0.77412,0.77421
2021-06-09 03:00:00+00:00,audusd,0.77433,0.77443,0.77424,0.774285
2021-06-09 03:15:00+00:00,audusd,0.77389,0.77443,0.77378,0.77434
2021-06-09 03:30:00+00:00,audusd,0.77374,0.77393,0.77374,0.77388
2021-06-09 03:45:00+00:00,audusd,0.77359,0.77375,0.773315,0.773735
2021-06-09 04:00:00+00:00,audusd,0.77379,0.7738,0.77343,0.773595
2021-06-09 04:15:00+00:00,audusd,0.773885,0.77389,0.77363,0.773795
2021-06-09 04:30:00+00:00,audusd,0.77394,0.77405,0.77369,0.77388
2021-06-09 04:45:00+00:00,audusd,0.77389,0.77412,0.77388,0.773935
2021-06-09 05:00:00+00:00,audusd,0.77394,0.77416,0.773795,0.773885
2021-06-09 05:15:00+00:00,audusd,0.77414,0.7742,0.77389,0.77395
2021-06-09 05:30:00+00:00,audusd,0.77414,0.77414,0.77388,0.774135
2021-06-09 05:45:00+00:00,audusd,0.77404,0.77416,0.77384,0.77415
2021-06-09 06:00:00+00:00,audusd,0.77411,0.77417,0.77395,0.774045
2021-06-09 06:15:00+00:00,audusd,0.77409,0.77436,0.77397,0.77412
2021-06-09 06:30:00+00:00,audusd,0.77465,0.77483,0.77405,0.7741
2021-06-09 06:45:00+00:00,audusd,0.77466,0.774695,0.77443,0.774655
2021-06-09 07:00:00+00:00,audusd,0.77465,0.77481,0.774425,0.77466
2021-06-09 07:15:00+00:00,audusd,0.77511,0.77528,0.774655,0.774655
2021-06-09 07:30:00+00:00,audusd,0.77462,0.775145,0.77449,0.775115
2021-06-09 07:45:00+00:00,audusd,0.7746,0.77468,0.774395,0.774625
2021-06-09 08:00:00+00:00,audusd,0.77506,0.775235,0.77455,0.774605
2021-06-09 08:15:00+00:00,audusd,0.77477,0.77521,0.77463,0.77507
2021-06-09 08:30:00+00:00,audusd,0.774685,0.77503,0.774555,0.77478
2021-06-09 08:45:00+00:00,audusd,0.77473,0.77481,0.774525,0.77468
2021-06-09 09:00:00+00:00,audusd,0.774525,0.77478,0.774335,0.77474
2021-06-09 09:15:00+00:00,audusd,0.774625,0.774865,0.77448,0.77452
2021-06-09 09:30:00+00:00,audusd,0.774495,0.77483,0.774495,0.77463
2021-06-09 09:45:00+00:00,audusd,0.77469,0.77472,0.774205,0.77449
2021-06-09 10:00:00+00:00,audusd,0.774785,0.7748,0.77456,0.774685
2021-06-09 10:15:00+00:00,audusd,0.774685,0.77483,0.77461,0.77479
2021-06-09 10:30:00+00:00,audusd,0.77478,0.77478,0.7745,0.77469
2021-06-09 10:45:00+00:00,audusd,0.77466,0.77494,0.77457,0.774785
2021-06-09 11:00:00+00:00,audusd,0.77464,0.77474,0.77455,0.774655
2021-06-09 11:15:00+00:00,audusd,0.77503,0.775145,0.77458,0.77465
2021-06-09 11:30:00+00:00,audusd,0.77502,0.77504,0.77448,0.775025
2021-06-09 11:45:00+00:00,audusd,0.77514,0.77528,0.77472,0.775025
2021-06-09 12:00:00+00:00,audusd,0.775235,0.77533,0.77484,0.77515
2021-06-09 12:15:00+00:00,audusd,0.774805,0.775285,0.77466,0.77523
2021-06-09 12:30:00+00:00,audusd,0.77473,0.77509,0.77473,0.77481
2021-06-09 12:45:00+00:00,audusd,0.77473,0.7749,0.77454,0.774725
2021-06-09 13:00:00+00:00,audusd,0.77523,0.77533,0.774715,0.77472
2021-06-09 13:15:00+00:00,audusd,0.77587,0.77607,0.77524,0.77524
2021-06-09 13:30:00+00:00,audusd,0.77586,0.77623,0.77583,0.775875
2021-06-09 13:45:00+00:00,audusd,0.775175,0.775965,0.77494,0.775855
2021-06-09 14:00:00+00:00,audusd,0.77437,0.77538,0.77435,0.77517
2021-06-09 14:15:00+00:00,audusd,0.77424,0.77439,0.77368,0.77438
2021-06-09 14:30:00+00:00,audusd,0.77323,0.77424,0.77306,0.774235
2021-06-09 14:45:00+00:00,audusd,0.7729,0.77339,0.77252,0.773235
2021-06-09 15:00:00+00:00,audusd,0.77295,0.77319,0.772755,0.77289
2021-06-09 15:15:00+00:00,audusd,0.77319,0.7733,0.7729,0.77294
2021-06-09 15:30:00+00:00,audusd,0.773295,0.77345,0.77292,0.773185
2021-06-09 15:45:00+00:00,audusd,0.77303,0.77335,0.77282,0.7733
2021-06-09 16:00:00+00:00,audusd,0.77276,0.773025,0.77254,0.773025
2021-06-09 16:15:00+00:00,audusd,0.77272,0.7728,0.77259,0.772755
2021-06-09 16:30:00+00:00,audusd,0.7728,0.77291,0.77244,0.772725
2021-06-09 16:45:00+00:00,audusd,0.77309,0.773145,0.7728,0.77281
2021-06-09 17:00:00+00:00,audusd,0.77314,0.7733,0.77293,0.773075
2021-06-09 17:15:00+00:00,audusd,0.77354,0.77366,0.7731,0.773135
2021-06-09 17:30:00+00:00,audusd,0.77358,0.77359,0.773375,0.773545
2021-06-09 17:45:00+00:00,audusd,0.77359,0.77368,0.77346,0.773585
2021-06-09 18:00:00+00:00,audusd,0.77357,0.773775,0.77338,0.773595
2021-06-09 18:15:00+00:00,audusd,0.77359,0.77389,0.77349,0.77356
2021-06-09 18:30:00+00:00,audusd,0.77348,0.77359,0.77339,0.773585
2021-06-09 18:45:00+00:00,audusd,0.773675,0.7737,0.77348,0.773485
2021-06-09 19:00:00+00:00,audusd,0.77334,0.77368,0.77333,0.77368
2021-06-09 19:15:00+00:00,audusd,0.77273,0.773335,0.77271,0.773335
2021-06-09 19:30:00+00:00,audusd,0.77273,0.77299,0.77263,0.772725
2021-06-09 19:45:00+00:00,audusd,0.77279,0.7729,0.77269,0.772735
2021-06-09 20:00:00+00:00,audusd,0.77294,0.77299,0.77279,0.7728
2021-06-09 20:15:00+00:00,audusd,0.77309,0.7731,0.77294,0.772945
2021-06-09 20:30:00+00:00,audusd,0.7731,0.7731,0.77299,0.77308
2021-06-09 20:45:00+00:00,audusd,0.77312,0.773255,0.772975,0.77309
2021-06-09 21:00:00+00:00,audusd,0.77304,0.77306,0.77279,0.77299
2021-06-09 21:15:00+00:00,audusd,0.77312,0.77314,0.77297,0.77303
2021-06-09 21:30:00+00:00,audusd,0.77308,0.773125,0.77302,0.773125
2021-06-09 21:45:00+00:00,audusd,0.7732,0.77323,0.77284,0.77307
2021-06-09 22:00:00+00:00,audusd,0.77293,0.773205,0.77283,0.773205
2021-06-09 22:15:00+00:00,audusd,0.77285,0.77292,0.772775,0.77292
2021-06-09 22:30:00+00:00,audusd,0.772845,0.77296,0.77279,0.772845
2021-06-09 22:45:00+00:00,audusd,0.772785,0.77293,0.77277,0.77285
2021-06-09 23:00:00+00:00,audusd,0.772745,0.77284,0.7727,0.77279
2021-06-09 23:15:00+00:00,audusd,0.77295,0.772995,0.77273,0.77275
2021-06-09 23:30:00+00:00,audusd,0.77295,0.77295,0.772845,0.77294
2021-06-09 23:45:00+00:00,audusd,0.772945,0.77299,0.772885,0.77294
2021-06-10 00:00:00+00:00,audusd,0.77284,0.7731,0.77266,0.77294
2021-06-10 00:15:00+00:00,audusd,0.77258,0.77293,0.77254,0.772835
2021-06-10 00:30:00+00:00,audusd,0.77245,0.77264,0.77242,0.772575
2021-06-10 00:45:00+00:00,audusd,0.77234,0.77256,0.77222,0.77246
2021-06-10 01:00:00+00:00,audusd,0.772865,0.773,0.77224,0.77233
2021-06-10 01:15:00+00:00,audusd,0.77295,0.77295,0.772425,0.77286
2021-06-10 01:30:00+00:00,audusd,0.77333,0.77354,0.77292,0.77294
2021-06-10 01:45:00+00:00,audusd,0.773225,0.77336,0.772965,0.773335
2021-06-10 02:00:00+00:00,audusd,0.7727,0.77324,0.77269,0.77322
2021-06-10 02:15:00+00:00,audusd,0.77304,0.77313,0.7727,0.772705
2021-06-10 02:30:00+00:00,audusd,0.77285,0.77316,0.77285,0.77305
2021-06-10 02:45:00+00:00,audusd,0.77294,0.773015,0.772775,0.772855
2021-06-10 03:00:00+00:00,audusd,0.77324,0.773245,0.772945,0.772945
2021-06-10 03:15:00+00:00,audusd,0.77333,0.773495,0.7732,0.773245
2021-06-10 03:30:00+00:00,audusd,0.77354,0.77364,0.77327,0.773335
2021-06-10 03:45:00+00:00,audusd,0.77355,0.773705,0.77352,0.773535
2021-06-10 04:00:00+00:00,audusd,0.773335,0.77359,0.77329,0.773555
2021-06-10 04:15:00+00:00,audusd,0.77309,0.77334,0.77304,0.77333
2021-06-10 04:30:00+00:00,audusd,0.7729,0.773095,0.77279,0.773095
2021-06-10 04:45:00+00:00,audusd,0.7733,0.77336,0.772895,0.772895
2021-06-10 05:00:00+00:00,audusd,0.77387,0.773915,0.77325,0.77329
2021-06-10 05:15:00+00:00,audusd,0.773835,0.77395,0.77368,0.773875
2021-06-10 05:30:00+00:00,audusd,0.77344,0.77385,0.77341,0.77384
2021-06-10 05:45:00+00:00,audusd,0.773615,0.7739,0.77341,0.77343
2021-06-10 06:00:00+00:00,audusd,0.77375,0.77375,0.77314,0.77361
2021-06-10 06:15:00+00:00,audusd,0.77409,0.7741,0.77373,0.773755
2021-06-10 06:30:00+00:00,audusd,0.77418,0.774185,0.77389,0.774095
2021-06-10 06:45:00+00:00,audusd,0.77425,0.77429,0.7741,0.774175
2021-06-10 07:00:00+00:00,audusd,0.773785,0.77426,0.77358,0.77424
2021-06-10 07:15:00+00:00,audusd,0.77303,0.773945,0.773015,0.77378
2021-06-10 07:30:00+00:00,audusd,0.77306,0.773265,0.77274,0.77304
2021-06-10 07:45:00+00:00,audusd,0.77312,0.773285,0.772955,0.773055
2021-06-10 08:00:00+00:00,audusd,0.77295,0.77329,0.77294,0.77313
2021-06-10 08:15:00+00:00,audusd,0.77355,0.7736,0.77282,0.772945
2021-06-10 08:30:00+00:00,audusd,0.77382,0.77389,0.77339,0.77354
2021-06-10 08:45:00+00:00,audusd,0.77396,0.774,0.77357,0.773815
2021-06-10 09:00:00+00:00,audusd,0.77392,0.77402,0.7738,0.773965
2021-06-10 09:15:00+00:00,audusd,0.77409,0.774185,0.773855,0.773925
2021-06-10 09:30:00+00:00,audusd,0.7739,0.774195,0.7739,0.7741
2021-06-10 09:45:00+00:00,audusd,0.77399,0.77406,0.77368,0.773905
2021-06-10 10:00:00+00:00,audusd,0.77406,0.7741,0.7739,0.773985
2021-06-10 10:15:00+00:00,audusd,0.7743,0.77431,0.77391,0.774055
2021-06-10 10:30:00+00:00,audusd,0.77421,0.77446,0.77415,0.77431
2021-06-10 10:45:00+00:00,audusd,0.774095,0.77424,0.774,0.77422
2021-06-10 11:00:00+00:00,audusd,0.774455,0.7745,0.77396,0.7741
2021-06-10 11:15:00+00:00,audusd,0.77422,0.774475,0.77415,0.77445
2021-06-10 11:30:00+00:00,audusd,0.774,0.774265,0.77392,0.774225
2021-06-10 11:45:00+00:00,audusd,0.77395,0.774375,0.773635,0.77401
2021-06-10 12:00:00+00:00,audusd,0.7739,0.77402,0.7731,0.77394
2021-06-10 12:15:00+00:00,audusd,0.77352,0.77398,0.77344,0.773895
2021-06-10 12:30:00+00:00,audusd,0.77254,0.77412,0.77178,0.773515
2021-06-10 12:45:00+00:00,audusd,0.77401,0.77445,0.77249,0.772545
2021-06-10 13:00:00+00:00,audusd,0.77479,0.77533,0.773745,0.774005
2021-06-10 13:15:00+00:00,audusd,0.773525,0.77481,0.77322,0.77474
2021-06-10 13:30:00+00:00,audusd,0.77456,0.77485,0.77352,0.77352
2021-06-10 13:45:00+00:00,audusd,0.77531,0.77575,0.77443,0.774565
2021-06-10 14:00:00+00:00,audusd,0.77433,0.77551,0.77399,0.775305
2021-06-10 14:15:00+00:00,audusd,0.77441,0.77475,0.77408,0.774335
2021-06-10 14:30:00+00:00,audusd,0.77281,0.77458,0.77276,0.7744
2021-06-10 14:45:00+00:00,audusd,0.7743,0.77441,0.77263,0.77282
2021-06-10 15:00:00+00:00,audusd,0.77501,0.77523,0.77406,0.77429
2021-06-10 15:15:00+00:00,audusd,0.77499,0.77525,0.77473,0.775
2021-06-10 15:30:00+00:00,audusd,0.7755,0.77554,0.774635,0.774985
2021-06-10 15:45:00+00:00,audusd,0.77624,0.77636,0.77542,0.775545
2021-06-10 16:00:00+00:00,audusd,0.7745,0.77626,0.77431,0.776205
2021-06-10 16:15:00+00:00,audusd,0.77458,0.77469,0.77372,0.774505
2021-06-10 16:30:00+00:00,audusd,0.77496,0.774985,0.77416,0.774575
2021-06-10 16:45:00+00:00,audusd,0.77508,0.77512,0.77462,0.774965
2021-06-10 17:00:00+00:00,audusd,0.774895,0.77528,0.77453,0.775125
2021-06-10 17:15:00+00:00,audusd,0.77561,0.77573,0.77485,0.7749
2021-06-10 17:30:00+00:00,audusd,0.77573,0.776,0.775495,0.77559
2021-06-10 17:45:00+00:00,audusd,0.7756,0.77577,0.775445,0.775735
2021-06-10 18:00:00+00:00,audusd,0.7754,0.7757,0.775395,0.775595
2021-06-10 18:15:00+00:00,audusd,0.77525,0.77549,0.775235,0.775405
2021-06-10 18:30:00+00:00,audusd,0.77538,0.77541,0.7752,0.77526
2021-06-10 18:45:00+00:00,audusd,0.775515,0.77559,0.77526,0.775375
2021-06-10 19:00:00+00:00,audusd,0.77564,0.775645,0.77536,0.77553
2021-06-10 19:15:00+00:00,audusd,0.77573,0.77589,0.775635,0.775645
2021-06-10 19:30:00+00:00,audusd,0.77548,0.77574,0.77543,0.775725
2021-06-10 19:45:00+00:00,audusd,0.775295,0.7755,0.775235,0.77549
2021-06-10 20:00:00+00:00,audusd,0.77555,0.77563,0.77528,0.7753
2021-06-10 20:15:00+00:00,audusd,0.77524,0.77556,0.77523,0.775545
2021-06-10 20:30:00+00:00,audusd,0.775335,0.77539,0.77518,0.77525
2021-06-10 20:45:00+00:00,audusd,0.77513,0.775385,0.775115,0.77534
2021-06-10 21:00:00+00:00,audusd,0.77545,0.775545,0.77538,0.77539
2021-06-10 21:15:00+00:00,audusd,0.7754,0.775495,0.7753,0.7753
2021-06-10 21:30:00+00:00,audusd,0.77516,0.77547,0.77513,0.775405
2021-06-10 21:45:00+00:00,audusd,0.77528,0.77553,0.775165,0.775165
2021-06-10 22:00:00+00:00,audusd,0.775155,0.77531,0.77515,0.775275
2021-06-10 22:15:00+00:00,audusd,0.77525,0.77529,0.77514,0.77516
2021-06-10 22:30:00+00:00,audusd,0.7752,0.77524,0.77506,0.77524
2021-06-10 22:45:00+00:00,audusd,0.77524,0.77529,0.77519,0.77519
2021-06-10 23:00:00+00:00,audusd,0.775355,0.77555,0.775245,0.775245
2021-06-10 23:15:00+00:00,audusd,0.7753,0.77547,0.775295,0.77536
2021-06-10 23:30:00+00:00,audusd,0.7751,0.77531,0.7751,0.775295
2021-06-10 23:45:00+00:00,audusd,0.77474,0.77535,0.77473,0.77511
2021-06-11 00:00:00+00:00,audusd,0.7757,0.7757,0.77474,0.77475
2021-06-11 00:15:00+00:00,audusd,0.7749,0.77576,0.77485,0.77571
2021-06-11 00:30:00+00:00,audusd,0.775345,0.775345,0.77477,0.774895
2021-06-11 00:45:00+00:00,audusd,0.77518,0.77534,0.775,0.77534
2021-06-11 01:00:00+00:00,audusd,0.77534,0.775505,0.77513,0.775185
2021-06-11 01:15:00+00:00,audusd,0.77538,0.775495,0.77524,0.77533
2021-06-11 01:30:00+00:00,audusd,0.77529,0.77546,0.77507,0.775375
2021-06-11 01:45:00+00:00,audusd,0.77536,0.77551,0.77527,0.775285
2021-06-11 02:00:00+00:00,audusd,0.77469,0.77536,0.774565,0.775355
2021-06-11 02:15:00+00:00,audusd,0.77468,0.77494,0.77459,0.7747
2021-06-11 02:30:00+00:00,audusd,0.77495,0.77505,0.774635,0.774675
2021-06-11 02:45:00+00:00,audusd,0.7751,0.77517,0.77484,0.774955
2021-06-11 03:00:00+00:00,audusd,0.77529,0.77541,0.775105,0.775105
2021-06-11 03:15:00+00:00,audusd,0.7754,0.77551,0.77515,0.77528
2021-06-11 03:30:00+00:00,audusd,0.775445,0.77554,0.77533,0.77539
2021-06-11 03:45:00+00:00,audusd,0.77523,0.77546,0.77521,0.77545
2021-06-11 04:00:00+00:00,audusd,0.775395,0.77541,0.77522,0.775235
2021-06-11 04:15:00+00:00,audusd,0.77554,0.77554,0.77536,0.7754
2021-06-11 04:30:00+00:00,audusd,0.77534,0.77554,0.77522,0.77553
2021-06-11 04:45:00+00:00,audusd,0.775245,0.775385,0.77517,0.77535
2021-06-11 05:00:00+00:00,audusd,0.77529,0.775345,0.775235,0.77525
2021-06-11 05:15:00+00:00,audusd,0.77526,0.77539,0.7751,0.7753
2021-06-11 05:30:00+00:00,audusd,0.77538,0.7755,0.77512,0.775255
2021-06-11 05:45:00+00:00,audusd,0.77534,0.77571,0.7753,0.775385
2021-06-11 06:00:00+00:00,audusd,0.77606,0.77615,0.775045,0.77535
2021-06-11 06:15:00+00:00,audusd,0.775925,0.77633,0.77586,0.77605
2021-06-11 06:30:00+00:00,audusd,0.7759,0.77624,0.77574,0.77593
2021-06-11 06:45:00+00:00,audusd,0.77615,0.77628,0.775845,0.775905
2021-06-11 07:00:00+00:00,audusd,0.77695,0.77701,0.77613,0.776145
2021-06-11 07:15:00+00:00,audusd,0.776895,0.77758,0.77656,0.776945
2021-06-11 07:30:00+00:00,audusd,0.77707,0.77715,0.77655,0.77689
2021-06-11 07:45:00+00:00,audusd,0.77673,0.77741,0.77669,0.777065
2021-06-11 08:00:00+00:00,audusd,0.77658,0.77687,0.77632,0.776725
2021-06-11 08:15:00+00:00,audusd,0.77594,0.776815,0.77594,0.776585
2021-06-11 08:30:00+00:00,audusd,0.77616,0.77624,0.77573,0.77595
2021-06-11 08:45:00+00:00,audusd,0.77614,0.7765,0.77602,0.776165
2021-06-11 09:00:00+00:00,audusd,0.77619,0.7763,0.776,0.77615
2021-06-11 09:15:00+00:00,audusd,0.77639,0.7766,0.77615,0.776195
2021-06-11 09:30:00+00:00,audusd,0.77585,0.7764,0.77562,0.776395
2021-06-11 09:45:00+00:00,audusd,0.77539,0.77589,0.77529,0.775845
2021-06-11 10:00:00+00:00,audusd,0.775555,0.775605,0.775205,0.775395
2021-06-11 10:15:00+00:00,audusd,0.77562,0.77566,0.77537,0.77555
2021-06-11 10:30:00+00:00,audusd,0.77523,0.77598,0.775225,0.77561
2021-06-11 10:45:00+00:00,audusd,0.7751,0.7753,0.77497,0.775235
2021-06-11 11:00:00+00:00,audusd,0.7746,0.77509,0.77454,0.77509
2021-06-11 11:15:00+00:00,audusd,0.774035,0.7747,0.77403,0.774595
2021-06-11 11:30:00+00:00,audusd,0.77383,0.774115,0.77376,0.77403
2021-06-11 11:45:00+00:00,audusd,0.773385,0.77399,0.7732,0.773835
2021-06-11 12:00:00+00:00,audusd,0.77295,0.77362,0.77283,0.77338
2021-06-11 12:15:00+00:00,audusd,0.772495,0.772945,0.772335,0.772945
2021-06-11 12:30:00+00:00,audusd,0.772985,0.772985,0.7724,0.77249
2021-06-11 12:45:00+00:00,audusd,0.77286,0.77311,0.772775,0.77299
2021-06-11 13:00:00+00:00,audusd,0.77307,0.77328,0.77256,0.772855
2021-06-11 13:15:00+00:00,audusd,0.77307,0.77321,0.77294,0.773065
2021-06-11 13:30:00+00:00,audusd,0.77195,0.77326,0.77195,0.77306
2021-06-11 13:45:00+00:00,audusd,0.77141,0.77207,0.77118,0.771955
2021-06-11 14:00:00+00:00,audusd,0.77112,0.77203,0.77106,0.771405
2021-06-11 14:15:00+00:00,audusd,0.77022,0.77113,0.77011,0.77111
2021-06-11 14:30:00+00:00,audusd,0.76959,0.770405,0.76956,0.77021
2021-06-11 14:45:00+00:00,audusd,0.76999,0.77008,0.76931,0.769595
2021-06-11 15:00:00+00:00,audusd,0.770175,0.77044,0.76971,0.76998
2021-06-11 15:15:00+00:00,audusd,0.76951,0.770135,0.76901,0.770135
2021-06-11 15:30:00+00:00,audusd,0.76953,0.7696,0.76927,0.76952
2021-06-11 15:45:00+00:00,audusd,0.76954,0.769975,0.7695,0.76954
2021-06-11 16:00:00+00:00,audusd,0.769335,0.76956,0.768845,0.769545
2021-06-11 16:15:00+00:00,audusd,0.76958,0.76973,0.76933,0.76933
2021-06-11 16:30:00+00:00,audusd,0.76976,0.769865,0.76935,0.769575
2021-06-11 16:45:00+00:00,audusd,0.77002,0.77009,0.769685,0.76976
2021-06-11 17:00:00+00:00,audusd,0.7698,0.77006,0.76971,0.770025
2021-06-11 17:15:00+00:00,audusd,0.76965,0.76981,0.769555,0.769805
2021-06-11 17:30:00+00:00,audusd,0.7696,0.76975,0.76951,0.769645
2021-06-11 17:45:00+00:00,audusd,0.769705,0.76981,0.7696,0.76961
2021-06-11 18:00:00+00:00,audusd,0.76986,0.769945,0.76969,0.7697
2021-06-11 18:15:00+00:00,audusd,0.76966,0.76986,0.7696,0.769855
2021-06-11 18:30:00+00:00,audusd,0.769905,0.770045,0.76965,0.76967
2021-06-11 18:45:00+00:00,audusd,0.770295,0.7703,0.76984,0.76991
2021-06-11 19:00:00+00:00,audusd,0.77025,0.77032,0.77012,0.77029
2021-06-11 19:15:00+00:00,audusd,0.77024,0.77028,0.77018,0.77026
2021-06-11 19:30:00+00:00,audusd,0.77037,0.77042,0.77023,0.770245
2021-06-11 19:45:00+00:00,audusd,0.77063,0.77063,0.77034,0.77038
2021-06-11 20:00:00+00:00,audusd,0.77067,0.77072,0.77057,0.77062
2021-06-11 20:15:00+00:00,audusd,0.77049,0.77067,0.77048,0.770665
2021-06-11 20:30:00+00:00,audusd,0.77034,0.7705,0.7703,0.7705
2021-06-11 20:45:00+00:00,audusd,0.77059,0.77071,0.77019,0.770345
2021-06-13 21:00:00+00:00,audusd,0.7706,0.77064,0.7706,0.7706
2021-06-13 21:15:00+00:00,audusd,0.77061,0.77074,0.77059,0.77072
2021-06-13 21:30:00+00:00,audusd,0.770615,0.77063,0.77058,0.770585
2021-06-13 21:45:00+00:00,audusd,0.7706,0.77062,0.770585,0.77061
2021-06-13 22:00:00+00:00,audusd,0.7708,0.77081,0.77054,0.770595
2021-06-13 22:15:00+00:00,audusd,0.7707,0.7708,0.77063,0.770795
2021-06-13 22:30:00+00:00,audusd,0.77079,0.77084,0.77058,0.770705
2021-06-13 22:45:00+00:00,audusd,0.770795,0.77085,0.77062,0.770795
2021-06-13 23:00:00+00:00,audusd,0.77086,0.770885,0.77074,0.77079
2021-06-13 23:15:00+00:00,audusd,0.77087,0.77095,0.77079,0.77087
2021-06-13 23:30:00+00:00,audusd,0.770945,0.771,0.77073,0.77086
2021-06-13 23:45:00+00:00,audusd,0.7708,0.77095,0.77077,0.77095
2021-06-14 00:00:00+00:00,audusd,0.77026,0.77093,0.77012,0.77079
2021-06-14 00:15:00+00:00,audusd,0.770475,0.770495,0.7701,0.770255
2021-06-14 00:30:00+00:00,audusd,0.770425,0.77056,0.77026,0.77048
2021-06-14 00:45:00+00:00,audusd,0.7698,0.77045,0.7698,0.77042
2021-06-14 01:00:00+00:00,audusd,0.769455,0.76986,0.76939,0.76979
2021-06-14 01:15:00+00:00,audusd,0.76996,0.76997,0.76942,0.76946
2021-06-14 01:30:00+00:00,audusd,0.77017,0.77029,0.76993,0.769965
2021-06-14 01:45:00+00:00,audusd,0.770115,0.77022,0.77006,0.770165
2021-06-14 02:00:00+00:00,audusd,0.77008,0.77026,0.769955,0.77012
2021-06-14 02:15:00+00:00,audusd,0.770355,0.770405,0.77007,0.77007
2021-06-14 02:30:00+00:00,audusd,0.77022,0.7704,0.7702,0.77036
2021-06-14 02:45:00+00:00,audusd,0.770265,0.77036,0.770155,0.770225
2021-06-14 03:00:00+00:00,audusd,0.770085,0.77026,0.76991,0.77026
2021-06-14 03:15:00+00:00,audusd,0.77,0.77027,0.76999,0.77008
2021-06-14 03:30:00+00:00,audusd,0.76991,0.77,0.76964,0.76999
2021-06-14 03:45:00+00:00,audusd,0.77012,0.77012,0.76983,0.76992
2021-06-14 04:00:00+00:00,audusd,0.77055,0.77067,0.76992,0.77011
2021-06-14 04:15:00+00:00,audusd,0.77065,0.770775,0.770515,0.770555
2021-06-14 04:30:00+00:00,audusd,0.771025,0.77105,0.77063,0.77065
2021-06-14 04:45:00+00:00,audusd,0.77121,0.771255,0.77093,0.77102
2021-06-14 05:00:00+00:00,audusd,0.77105,0.77122,0.771,0.771205
2021-06-14 05:15:00+00:00,audusd,0.77114,0.771225,0.77102,0.77104
2021-06-14 05:30:00+00:00,audusd,0.77137,0.77142,0.77104,0.771145
2021-06-14 05:45:00+00:00,audusd,0.77107,0.77141,0.77107,0.77138
2021-06-14 06:00:00+00:00,audusd,0.77113,0.77128,0.77075,0.771065
2021-06-14 06:15:00+00:00,audusd,0.77052,0.771065,0.770465,0.771065
2021-06-14 06:30:00+00:00,audusd,0.77101,0.771065,0.77046,0.770525
2021-06-14 06:45:00+00:00,audusd,0.77072,0.77118,0.77069,0.771
2021-06-14 07:00:00+00:00,audusd,0.77048,0.77121,0.77021,0.770715
2021-06-14 07:15:00+00:00,audusd,0.770675,0.77092,0.77032,0.770475
2021-06-14 07:30:00+00:00,audusd,0.77107,0.77108,0.77053,0.77067
2021-06-14 07:45:00+00:00,audusd,0.77137,0.771385,0.77093,0.771065
2021-06-14 08:00:00+00:00,audusd,0.77122,0.771535,0.77099,0.771365
2021-06-14 08:15:00+00:00,audusd,0.77082,0.77127,0.77054,0.771225
2021-06-14 08:30:00+00:00,audusd,0.77083,0.77118,0.77023,0.770815
2021-06-14 08:45:00+00:00,audusd,0.77091,0.7711,0.77078,0.77082
2021-06-14 09:00:00+00:00,audusd,0.77152,0.771535,0.770815,0.770905
2021-06-14 09:15:00+00:00,audusd,0.771665,0.77178,0.77143,0.771525
2021-06-14 09:30:00+00:00,audusd,0.77178,0.77179,0.77137,0.77166
2021-06-14 09:45:00+00:00,audusd,0.77147,0.77186,0.77142,0.771785
2021-06-14 10:00:00+00:00,audusd,0.77152,0.771675,0.77137,0.77146
2021-06-14 10:15:00+00:00,audusd,0.771675,0.77168,0.77107,0.771515
2021-06-14 10:30:00+00:00,audusd,0.77192,0.77198,0.77157,0.77168
2021-06-14 10:45:00+00:00,audusd,0.77206,0.77233,0.77172,0.771915
2021-06-14 11:00:00+00:00,audusd,0.77173,0.77213,0.77173,0.772065
2021-06-14 11:15:00+00:00,audusd,0.77156,0.771945,0.7715,0.771725
2021-06-14 11:30:00+00:00,audusd,0.77148,0.77173,0.77141,0.77157
2021-06-14 11:45:00+00:00,audusd,0.7714,0.77159,0.771165,0.77149
2021-06-14 12:00:00+00:00,audusd,0.77167,0.77199,0.771405,0.771405
2021-06-14 12:15:00+00:00,audusd,0.77191,0.77222,0.77168,0.77168
2021-06-14 12:30:00+00:00,audusd,0.77177,0.77222,0.7717,0.7719
2021-06-14 12:45:00+00:00,audusd,0.77188,0.77193,0.77135,0.771765
2021-06-14 13:00:00+00:00,audusd,0.77213,0.772315,0.77176,0.771875
2021-06-14 13:15:00+00:00,audusd,0.77233,0.77233,0.77188,0.772125
2021-06-14 13:30:00+00:00,audusd,0.771895,0.77248,0.77168,0.772325
2021-06-14 13:45:00+00:00,audusd,0.77201,0.77218,0.77162,0.7719
2021-06-14 14:00:00+00:00,audusd,0.771935,0.77207,0.77158,0.772
2021-06-14 14:15:00+00:00,audusd,0.772405,0.77244,0.771815,0.77193
2021-06-14 14:30:00+00:00,audusd,0.77212,0.7726,0.77192,0.77241
2021-06-14 14:45:00+00:00,audusd,0.77196,0.77242,0.77182,0.77213
2021-06-14 15:00:00+00:00,audusd,0.771855,0.77209,0.7718,0.77197
2021-06-14 15:15:00+00:00,audusd,0.7718,0.77203,0.771755,0.77186
2021-06-14 15:30:00+00:00,audusd,0.77176,0.77181,0.7713,0.77181
2021-06-14 15:45:00+00:00,audusd,0.77167,0.771975,0.77167,0.771765
2021-06-14 16:00:00+00:00,audusd,0.771445,0.77176,0.77144,0.771675
2021-06-14 16:15:00+00:00,audusd,0.77115,0.771455,0.77106,0.77145
2021-06-14 16:30:00+00:00,audusd,0.771,0.77116,0.770815,0.771145
2021-06-14 16:45:00+00:00,audusd,0.770895,0.77103,0.77081,0.77099
2021-06-14 17:00:00+00:00,audusd,0.77084,0.77091,0.770695,0.7709
2021-06-14 17:15:00+00:00,audusd,0.77095,0.77105,0.77076,0.770835
2021-06-14 17:30:00+00:00,audusd,0.771055,0.7711,0.7709,0.770955
2021-06-14 17:45:00+00:00,audusd,0.77096,0.77111,0.77096,0.77106
2021-06-14 18:00:00+00:00,audusd,0.77076,0.771005,0.7707,0.77097
2021-06-14 18:15:00+00:00,audusd,0.77056,0.77081,0.77055,0.77077
2021-06-14 18:30:00+00:00,audusd,0.77081,0.77081,0.770545,0.77055
2021-06-14 18:45:00+00:00,audusd,0.77077,0.77086,0.77075,0.770805
2021-06-14 19:00:00+00:00,audusd,0.77085,0.77092,0.77077,0.770775
2021-06-14 19:15:00+00:00,audusd,0.771005,0.77101,0.77081,0.770845
2021-06-14 19:30:00+00:00,audusd,0.77106,0.77108,0.77089,0.77101
2021-06-14 19:45:00+00:00,audusd,0.7714,0.7714,0.771035,0.77105
2021-06-14 20:00:00+00:00,audusd,0.77126,0.77141,0.77121,0.771405
2021-06-14 20:15:00+00:00,audusd,0.77126,0.77132,0.771245,0.771265
2021-06-14 20:30:00+00:00,audusd,0.77125,0.77125,0.771145,0.77125
2021-06-14 20:45:00+00:00,audusd,0.7711,0.771275,0.7711,0.771255
2021-06-14 21:00:00+00:00,audusd,0.771215,0.77125,0.77117,0.771185
2021-06-14 21:15:00+00:00,audusd,0.77129,0.77129,0.771105,0.771105
2021-06-14 21:30:00+00:00,audusd,0.7713,0.771305,0.77128,0.771285
2021-06-14 21:45:00+00:00,audusd,0.7714,0.77141,0.771225,0.771295
2021-06-14 22:00:00+00:00,audusd,0.77105,0.77139,0.771025,0.77139
2021-06-14 22:15:00+00:00,audusd,0.77109,0.7711,0.77103,0.77104
2021-06-14 22:30:00+00:00,audusd,0.771215,0.77129,0.77107,0.771085
2021-06-14 22:45:00+00:00,audusd,0.77124,0.77129,0.771185,0.77122
2021-06-14 23:00:00+00:00,audusd,0.77119,0.77135,0.7711,0.77123
2021-06-14 23:15:00+00:00,audusd,0.7713,0.77135,0.77115,0.771185
2021-06-14 23:30:00+00:00,audusd,0.77144,0.77162,0.77129,0.771295
2021-06-14 23:45:00+00:00,audusd,0.77119,0.77153,0.771185,0.77145
2021-06-15 00:00:00+00:00,audusd,0.7712,0.77135,0.77084,0.77118
2021-06-15 00:15:00+00:00,audusd,0.771395,0.771405,0.7712,0.771205
2021-06-15 00:30:00+00:00,audusd,0.77144,0.77168,0.7713,0.7714
2021-06-15 00:45:00+00:00,audusd,0.771185,0.77151,0.77098,0.77145
2021-06-15 01:00:00+00:00,audusd,0.77085,0.77132,0.7708,0.77118
2021-06-15 01:15:00+00:00,audusd,0.77115,0.77117,0.77076,0.770855
2021-06-15 01:30:00+00:00,audusd,0.7703,0.771145,0.77026,0.771145
2021-06-15 01:45:00+00:00,audusd,0.76974,0.770295,0.76955,0.770295
2021-06-15 02:00:00+00:00,audusd,0.76984,0.76989,0.76962,0.769745
2021-06-15 02:15:00+00:00,audusd,0.77031,0.770335,0.76974,0.769835
2021-06-15 02:30:00+00:00,audusd,0.77026,0.770475,0.77016,0.77032
2021-06-15 02:45:00+00:00,audusd,0.77036,0.770405,0.77011,0.770265
2021-06-15 03:00:00+00:00,audusd,0.77002,0.77036,0.769955,0.77035
2021-06-15 03:15:00+00:00,audusd,0.77012,0.77017,0.76995,0.77001
2021-06-15 03:30:00+00:00,audusd,0.77053,0.770575,0.77011,0.770115
2021-06-15 03:45:00+00:00,audusd,0.77067,0.7708,0.77052,0.770525
2021-06-15 04:00:00+00:00,audusd,0.77112,0.7712,0.77067,0.77068
2021-06-15 04:15:00+00:00,audusd,0.77121,0.77121,0.77107,0.771125
2021-06-15 04:30:00+00:00,audusd,0.77122,0.77127,0.77094,0.7712
2021-06-15 04:45:00+00:00,audusd,0.77111,0.77126,0.77109,0.771215
2021-06-15 05:00:00+00:00,audusd,0.77096,0.77119,0.770885,0.771105
2021-06-15 05:15:00+00:00,audusd,0.77106,0.77111,0.770965,0.770965
2021-06-15 05:30:00+00:00,audusd,0.77128,0.77128,0.771005,0.77107
2021-06-15 05:45:00+00:00,audusd,0.7716,0.7716,0.77123,0.771275
2021-06-15 06:00:00+00:00,audusd,0.77144,0.7716,0.77134,0.771595
2021-06-15 06:15:00+00:00,audusd,0.77143,0.771625,0.771015,0.77145
2021-06-15 06:30:00+00:00,audusd,0.77085,0.77151,0.77067,0.771435
2021-06-15 06:45:00+00:00,audusd,0.77035,0.77091,0.770075,0.770845
2021-06-15 07:00:00+00:00,audusd,0.77053,0.77085,0.77032,0.770335
2021-06-15 07:15:00+00:00,audusd,0.770485,0.77074,0.77023,0.770525
2021-06-15 07:30:00+00:00,audusd,0.77076,0.77082,0.77027,0.77048
2021-06-15 07:45:00+00:00,audusd,0.770395,0.770905,0.77035,0.77077
2021-06-15 08:00:00+00:00,audusd,0.76997,0.770655,0.76997,0.7704
2021-06-15 08:15:00+00:00,audusd,0.76976,0.77,0.76938,0.769975
2021-06-15 08:30:00+00:00,audusd,0.769455,0.76995,0.76945,0.76977
2021-06-15 08:45:00+00:00,audusd,0.769245,0.769465,0.76906,0.76946
2021-06-15 09:00:00+00:00,audusd,0.76894,0.76924,0.76867,0.76924
2021-06-15 09:15:00+00:00,audusd,0.76902,0.769275,0.76889,0.768945
2021-06-15 09:30:00+00:00,audusd,0.76894,0.76916,0.76858,0.76901
2021-06-15 09:45:00+00:00,audusd,0.768765,0.76897,0.76862,0.76893
2021-06-15 10:00:00+00:00,audusd,0.76884,0.76905,0.76852,0.76876
2021-06-15 10:15:00+00:00,audusd,0.7691,0.769135,0.76882,0.76885
2021-06-15 10:30:00+00:00,audusd,0.76945,0.7697,0.76894,0.769095
2021-06-15 10:45:00+00:00,audusd,0.76959,0.7696,0.76906,0.769445
2021-06-15 11:00:00+00:00,audusd,0.7699,0.76998,0.76957,0.7696
2021-06-15 11:15:00+00:00,audusd,0.76897,0.76992,0.76897,0.769905
2021-06-15 11:30:00+00:00,audusd,0.76928,0.76936,0.76883,0.768965
2021-06-15 11:45:00+00:00,audusd,0.76909,0.76931,0.76883,0.769285
2021-06-15 12:00:00+00:00,audusd,0.76918,0.769375,0.7689,0.769085
2021-06-15 12:15:00+00:00,audusd,0.76962,0.76982,0.76919,0.76919
2021-06-15 12:30:00+00:00,audusd,0.76896,0.76991,0.76889,0.769625
2021-06-15 12:45:00+00:00,audusd,0.76903,0.76926,0.76857,0.768965
2021-06-15 13:00:00+00:00,audusd,0.76904,0.76935,0.76882,0.76902
2021-06-15 13:15:00+00:00,audusd,0.76957,0.76982,0.768975,0.769035
2021-06-15 13:30:00+00:00,audusd,0.76927,0.76957,0.768855,0.76956
2021-06-15 13:45:00+00:00,audusd,0.76942,0.76978,0.76894,0.769275
2021-06-15 14:00:00+00:00,audusd,0.769,0.76964,0.76888,0.769425
2021-06-15 14:15:00+00:00,audusd,0.76862,0.76915,0.76856,0.768995
2021-06-15 14:30:00+00:00,audusd,0.76754,0.7687,0.76744,0.768615
2021-06-15 14:45:00+00:00,audusd,0.76809,0.76836,0.76749,0.76753
2021-06-15 15:00:00+00:00,audusd,0.76815,0.76837,0.76778,0.768095
2021-06-15 15:15:00+00:00,audusd,0.76861,0.76877,0.76816,0.76816
2021-06-15 15:30:00+00:00,audusd,0.76819,0.76861,0.76804,0.768605
2021-06-15 15:45:00+00:00,audusd,0.76756,0.76819,0.767555,0.768185
2021-06-15 16:00:00+00:00,audusd,0.76776,0.76786,0.76745,0.767565
2021-06-15 16:15:00+00:00,audusd,0.768265,0.76832,0.76774,0.76775
2021-06-15 16:30:00+00:00,audusd,0.76846,0.7685,0.76821,0.76827
2021-06-15 16:45:00+00:00,audusd,0.76845,0.7686,0.768345,0.76847
2021-06-15 17:00:00+00:00,audusd,0.76825,0.76857,0.768165,0.768445
2021-06-15 17:15:00+00:00,audusd,0.76846,0.76852,0.768075,0.768255
2021-06-15 17:30:00+00:00,audusd,0.76824,0.76848,0.768215,0.768455
2021-06-15 17:45:00+00:00,audusd,0.76835,0.76864,0.7682,0.768245
2021-06-15 18:00:00+00:00,audusd,0.76833,0.768655,0.76831,0.768355
2021-06-15 18:15:00+00:00,audusd,0.76835,0.76855,0.768305,0.76834
2021-06-15 18:30:00+00:00,audusd,0.768245,0.76836,0.76821,0.768355
2021-06-15 18:45:00+00:00,audusd,0.76827,0.768435,0.76818,0.76824
2021-06-15 19:00:00+00:00,audusd,0.76811,0.76827,0.768025,0.768265
2021-06-15 19:15:00+00:00,audusd,0.76821,0.76823,0.768085,0.768105
2021-06-15 19:30:00+00:00,audusd,0.768365,0.76846,0.76814,0.768215
2021-06-15 19:45:00+00:00,audusd,0.768555,0.76857,0.76836,0.76836
2021-06-15 20:00:00+00:00,audusd,0.76861,0.76866,0.76841,0.76856
2021-06-15 20:15:00+00:00,audusd,0.76869,0.76876,0.76857,0.768605
2021-06-15 20:30:00+00:00,audusd,0.76876,0.7689,0.768635,0.768685
2021-06-15 20:45:00+00:00,audusd,0.76875,0.76886,0.768625,0.76877
2021-06-15 21:00:00+00:00,audusd,0.768535,0.76885,0.76841,0.768745
2021-06-15 21:15:00+00:00,audusd,0.76864,0.768665,0.76843,0.76844
2021-06-15 21:30:00+00:00,audusd,0.76873,0.76894,0.76857,0.76866
2021-06-15 21:45:00+00:00,audusd,0.76883,0.76893,0.76874,0.76874
2021-06-15 22:00:00+00:00,audusd,0.76883,0.76898,0.76883,0.768835
2021-06-15 22:15:00+00:00,audusd,0.76885,0.76893,0.76875,0.768825
2021-06-15 22:30:00+00:00,audusd,0.7687,0.7689,0.76856,0.768845
2021-06-15 22:45:00+00:00,audusd,0.76867,0.768775,0.76856,0.768695
2021-06-15 23:00:00+00:00,audusd,0.76851,0.76867,0.76848,0.768665
2021-06-15 23:15:00+00:00,audusd,0.768515,0.76861,0.76846,0.768505
2021-06-15 23:30:00+00:00,audusd,0.76846,0.76851,0.768385,0.76851
2021-06-15 23:45:00+00:00,audusd,0.76859,0.768685,0.76845,0.76845
2021-06-16 00:00:00+00:00,audusd,0.76849,0.768665,0.76845,0.768595
2021-06-16 00:15:00+00:00,audusd,0.768665,0.7689,0.768475,0.7685
2021-06-16 00:30:00+00:00,audusd,0.769175,0.76923,0.76862,0.76866
2021-06-16 00:45:00+00:00,audusd,0.76874,0.76942,0.76874,0.76918
2021-06-16 01:00:00+00:00,audusd,0.76881,0.76889,0.76862,0.768735
2021-06-16 01:15:00+00:00,audusd,0.768795,0.76891,0.76865,0.768815
2021-06-16 01:30:00+00:00,audusd,0.76884,0.76897,0.768615,0.7688
2021-06-16 01:45:00+00:00,audusd,0.76916,0.76926,0.76877,0.768835
2021-06-16 02:00:00+00:00,audusd,0.76923,0.769375,0.76906,0.769155
2021-06-16 02:15:00+00:00,audusd,0.76935,0.76953,0.76922,0.76924
2021-06-16 02:30:00+00:00,audusd,0.769465,0.76953,0.769265,0.76936
2021-06-16 02:45:00+00:00,audusd,0.76946,0.76957,0.7692,0.76946
2021-06-16 03:00:00+00:00,audusd,0.769225,0.76948,0.769215,0.76947
2021-06-16 03:15:00+00:00,audusd,0.76937,0.769375,0.7692,0.76923
2021-06-16 03:30:00+00:00,audusd,0.76947,0.769475,0.76931,0.769375
2021-06-16 03:45:00+00:00,audusd,0.76943,0.76957,0.76937,0.769475
2021-06-16 04:00:00+00:00,audusd,0.76891,0.76953,0.768765,0.769435
2021-06-16 04:15:00+00:00,audusd,0.76936,0.76947,0.76892,0.76892
2021-06-16 04:30:00+00:00,audusd,0.76955,0.7697,0.769365,0.769365
2021-06-16 04:45:00+00:00,audusd,0.76963,0.76968,0.769525,0.769545
2021-06-16 05:00:00+00:00,audusd,0.76968,0.76977,0.76958,0.76964
2021-06-16 05:15:00+00:00,audusd,0.76936,0.7698,0.76936,0.76969
2021-06-16 05:30:00+00:00,audusd,0.76937,0.76943,0.76916,0.769365
2021-06-16 05:45:00+00:00,audusd,0.76938,0.76961,0.76922,0.769375
2021-06-16 06:00:00+00:00,audusd,0.76914,0.76946,0.76902,0.769385
2021-06-16 06:15:00+00:00,audusd,0.76916,0.769235,0.76882,0.769135
2021-06-16 06:30:00+00:00,audusd,0.76966,0.76966,0.76913,0.769155
2021-06-16 06:45:00+00:00,audusd,0.76987,0.77014,0.76949,0.76965
2021-06-16 07:00:00+00:00,audusd,0.769945,0.77025,0.769705,0.769865
2021-06-16 07:15:00+00:00,audusd,0.77007,0.77036,0.76968,0.76994
2021-06-16 07:30:00+00:00,audusd,0.76977,0.77013,0.76973,0.770075
2021-06-16 07:45:00+00:00,audusd,0.77002,0.770175,0.7697,0.769765
2021-06-16 08:00:00+00:00,audusd,0.77007,0.77029,0.76987,0.770015
2021-06-16 08:15:00+00:00,audusd,0.77017,0.77042,0.77001,0.770075
2021-06-16 08:30:00+00:00,audusd,0.77022,0.77029,0.76992,0.77018
2021-06-16 08:45:00+00:00,audusd,0.77042,0.77049,0.77022,0.770225
2021-06-16 09:00:00+00:00,audusd,0.77035,0.77054,0.770225,0.770425
2021-06-16 09:15:00+00:00,audusd,0.77037,0.770775,0.77024,0.770345
2021-06-16 09:30:00+00:00,audusd,0.77022,0.7704,0.77017,0.770365
2021-06-16 09:45:00+00:00,audusd,0.77066,0.77087,0.770215,0.770225
2021-06-16 10:00:00+00:00,audusd,0.7707,0.770965,0.77058,0.77067
2021-06-16 10:15:00+00:00,audusd,0.77071,0.7708,0.77051,0.770705
2021-06-16 10:30:00+00:00,audusd,0.770375,0.770735,0.77031,0.77072
2021-06-16 10:45:00+00:00,audusd,0.77048,0.77058,0.77022,0.77037
2021-06-16 11:00:00+00:00,audusd,0.7703,0.77068,0.77026,0.770475
2021-06-16 11:15:00+00:00,audusd,0.77062,0.770675,0.770305,0.770305
2021-06-16 11:30:00+00:00,audusd,0.77039,0.77065,0.77039,0.770625
2021-06-16 11:45:00+00:00,audusd,0.77056,0.7706,0.770395,0.770395
2021-06-16 12:00:00+00:00,audusd,0.771325,0.771435,0.77052,0.770565
2021-06-16 12:15:00+00:00,audusd,0.77135,0.77158,0.77127,0.77133
2021-06-16 12:30:00+00:00,audusd,0.7709,0.771465,0.77087,0.77134
2021-06-16 12:45:00+00:00,audusd,0.77071,0.77126,0.77062,0.77091
2021-06-16 13:00:00+00:00,audusd,0.77083,0.77113,0.77052,0.770715
2021-06-16 13:15:00+00:00,audusd,0.770445,0.770925,0.770315,0.77084
2021-06-16 13:30:00+00:00,audusd,0.77061,0.77073,0.77018,0.77044
2021-06-16 13:45:00+00:00,audusd,0.77047,0.77067,0.770075,0.77062
2021-06-16 14:00:00+00:00,audusd,0.770475,0.770695,0.77037,0.770465
2021-06-16 14:15:00+00:00,audusd,0.77056,0.770605,0.770315,0.77048
2021-06-16 14:30:00+00:00,audusd,0.77042,0.77077,0.770295,0.770565
2021-06-16 14:45:00+00:00,audusd,0.77079,0.77084,0.77022,0.770425
2021-06-16 15:00:00+00:00,audusd,0.770815,0.77089,0.77056,0.770795
2021-06-16 15:15:00+00:00,audusd,0.77065,0.77088,0.77055,0.77082
2021-06-16 15:30:00+00:00,audusd,0.77069,0.77081,0.77052,0.770645
2021-06-16 15:45:00+00:00,audusd,0.77112,0.771225,0.770635,0.770685
2021-06-16 16:00:00+00:00,audusd,0.77078,0.77144,0.77073,0.771125
2021-06-16 16:15:00+00:00,audusd,0.77057,0.77079,0.770305,0.770775
2021-06-16 16:30:00+00:00,audusd,0.77042,0.7707,0.77037,0.770565
2021-06-16 16:45:00+00:00,audusd,0.77064,0.77067,0.7703,0.770425
2021-06-16 17:00:00+00:00,audusd,0.770425,0.77063,0.770355,0.77063
2021-06-16 17:15:00+00:00,audusd,0.77038,0.77043,0.77031,0.77042
2021-06-16 17:30:00+00:00,audusd,0.77041,0.77049,0.770335,0.770375
2021-06-16 17:45:00+00:00,audusd,0.77067,0.77074,0.77027,0.7704
2021-06-16 18:00:00+00:00,audusd,0.76547,0.77069,0.76382,0.770665
2021-06-16 18:15:00+00:00,audusd,0.765525,0.7668,0.76428,0.76548
2021-06-16 18:30:00+00:00,audusd,0.763325,0.76594,0.763215,0.765525
2021-06-16 18:45:00+00:00,audusd,0.76338,0.763585,0.76238,0.76332
2021-06-16 19:00:00+00:00,audusd,0.76449,0.76493,0.76296,0.763375
2021-06-16 19:15:00+00:00,audusd,0.76359,0.76452,0.76302,0.764485
2021-06-16 19:30:00+00:00,audusd,0.76224,0.76412,0.76219,0.763595
2021-06-16 19:45:00+00:00,audusd,0.7613,0.76259,0.761035,0.76226
2021-06-16 20:00:00+00:00,audusd,0.76263,0.76304,0.76089,0.76129
2021-06-16 20:15:00+00:00,audusd,0.76264,0.76288,0.76125,0.76264
2021-06-16 20:30:00+00:00,audusd,0.76271,0.763745,0.76253,0.76266
2021-06-16 20:45:00+00:00,audusd,0.76302,0.76372,0.76276,0.762825
2021-06-16 21:00:00+00:00,audusd,0.76218,0.76332,0.76201,0.76284
2021-06-16 21:15:00+00:00,audusd,0.76114,0.76225,0.76112,0.762175
2021-06-16 21:30:00+00:00,audusd,0.76088,0.76168,0.76073,0.76113
2021-06-16 21:45:00+00:00,audusd,0.7611,0.76145,0.76069,0.760885
2021-06-16 22:00:00+00:00,audusd,0.76112,0.76126,0.76079,0.76111
2021-06-16 22:15:00+00:00,audusd,0.76144,0.761445,0.76102,0.761125
2021-06-16 22:30:00+00:00,audusd,0.761655,0.761815,0.76144,0.76145
2021-06-16 22:45:00+00:00,audusd,0.76173,0.762115,0.76154,0.76167
2021-06-16 23:00:00+00:00,audusd,0.761535,0.76173,0.761205,0.76172
2021-06-16 23:15:00+00:00,audusd,0.76147,0.76159,0.76131,0.76154
2021-06-16 23:30:00+00:00,audusd,0.76126,0.76148,0.76098,0.76146
2021-06-16 23:45:00+00:00,audusd,0.76149,0.76158,0.7612,0.761265
2021-06-17 00:00:00+00:00,audusd,0.76015,0.76149,0.76013,0.761485
2021-06-17 00:15:00+00:00,audusd,0.76127,0.76128,0.75978,0.760145
2021-06-17 00:30:00+00:00,audusd,0.76156,0.76163,0.76104,0.761265
2021-06-17 00:45:00+00:00,audusd,0.761025,0.761555,0.760825,0.761555
2021-06-17 01:00:00+00:00,audusd,0.76247,0.76258,0.76098,0.76102
2021-06-17 01:15:00+00:00,audusd,0.76276,0.76296,0.76225,0.762475
2021-06-17 01:30:00+00:00,audusd,0.76292,0.76459,0.762765,0.762765
2021-06-17 01:45:00+00:00,audusd,0.76331,0.76345,0.762675,0.762915
2021-06-17 02:00:00+00:00,audusd,0.763165,0.76353,0.76311,0.763315
2021-06-17 02:15:00+00:00,audusd,0.76293,0.76334,0.76292,0.76317
2021-06-17 02:30:00+00:00,audusd,0.762575,0.76295,0.76237,0.76292
2021-06-17 02:45:00+00:00,audusd,0.76309,0.76317,0.76253,0.76258
2021-06-17 03:00:00+00:00,audusd,0.76278,0.7632,0.76269,0.76308
2021-06-17 03:15:00+00:00,audusd,0.762685,0.76289,0.76264,0.762775
2021-06-17 03:30:00+00:00,audusd,0.76257,0.762795,0.76228,0.76268
2021-06-17 03:45:00+00:00,audusd,0.76271,0.76279,0.76238,0.76256
2021-06-17 04:00:00+00:00,audusd,0.762745,0.76289,0.76261,0.762705
2021-06-17 04:15:00+00:00,audusd,0.76276,0.76285,0.76271,0.76275
2021-06-17 04:30:00+00:00,audusd,0.76254,0.762795,0.76252,0.76275
2021-06-17 04:45:00+00:00,audusd,0.762975,0.76305,0.76252,0.76255
2021-06-17 05:00:00+00:00,audusd,0.7629,0.763,0.76277,0.76298
2021-06-17 05:15:00+00:00,audusd,0.763215,0.76325,0.76283,0.76289
2021-06-17 05:30:00+00:00,audusd,0.76338,0.763495,0.76303,0.76322
2021-06-17 05:45:00+00:00,audusd,0.76303,0.763565,0.76303,0.76337
2021-06-17 06:00:00+00:00,audusd,0.761635,0.763155,0.76135,0.763035
2021-06-17 06:15:00+00:00,audusd,0.76224,0.76258,0.76161,0.76163
2021-06-17 06:30:00+00:00,audusd,0.76179,0.762485,0.76176,0.762235
2021-06-17 06:45:00+00:00,audusd,0.76214,0.76225,0.7616,0.761785
2021-06-17 07:00:00+00:00,audusd,0.76192,0.7629,0.76185,0.762135
2021-06-17 07:15:00+00:00,audusd,0.76148,0.76211,0.761375,0.761835
2021-06-17 07:30:00+00:00,audusd,0.76099,0.76169,0.76092,0.761475
2021-06-17 07:45:00+00:00,audusd,0.76144,0.76144,0.76072,0.76098
2021-06-17 08:00:00+00:00,audusd,0.76195,0.76238,0.76138,0.76142
2021-06-17 08:15:00+00:00,audusd,0.76116,0.76198,0.76076,0.76194
2021-06-17 08:30:00+00:00,audusd,0.760265,0.76129,0.76002,0.761165
2021-06-17 08:45:00+00:00,audusd,0.76013,0.76031,0.75926,0.76027
2021-06-17 09:00:00+00:00,audusd,0.760115,0.760345,0.75985,0.76012
2021-06-17 09:15:00+00:00,audusd,0.76029,0.76038,0.76004,0.76011
2021-06-17 09:30:00+00:00,audusd,0.76018,0.76047,0.75993,0.760295
2021-06-17 09:45:00+00:00,audusd,0.75957,0.760345,0.75937,0.760185
2021-06-17 10:00:00+00:00,audusd,0.7591,0.75978,0.75907,0.759575
2021-06-17 10:15:00+00:00,audusd,0.75842,0.75913,0.75824,0.759105
2021-06-17 10:30:00+00:00,audusd,0.75767,0.75869,0.75763,0.75843
2021-06-17 10:45:00+00:00,audusd,0.75721,0.75784,0.75707,0.757665
2021-06-17 11:00:00+00:00,audusd,0.7575,0.75764,0.75748,0.75754
2021-06-17 11:15:00+00:00,audusd,0.75793,0.75808,0.75738,0.757495
2021-06-17 11:30:00+00:00,audusd,0.75698,0.75803,0.75693,0.757925
2021-06-17 11:45:00+00:00,audusd,0.75647,0.75718,0.75636,0.75697
2021-06-17 12:00:00+00:00,audusd,0.757265,0.75778,0.75644,0.756465
2021-06-17 12:15:00+00:00,audusd,0.75708,0.757495,0.75658,0.75727
2021-06-17 12:30:00+00:00,audusd,0.75726,0.75799,0.75679,0.75709
2021-06-17 12:45:00+00:00,audusd,0.756205,0.7573,0.75614,0.75725
2021-06-17 13:00:00+00:00,audusd,0.75694,0.757,0.75609,0.75621
2021-06-17 13:15:00+00:00,audusd,0.75798,0.75819,0.756905,0.756945
2021-06-17 13:30:00+00:00,audusd,0.75897,0.75909,0.757975,0.757975
2021-06-17 13:45:00+00:00,audusd,0.75772,0.75925,0.75764,0.75896
2021-06-17 14:00:00+00:00,audusd,0.75655,0.75781,0.75645,0.75773
2021-06-17 14:15:00+00:00,audusd,0.7564,0.75669,0.75589,0.75656
2021-06-17 14:30:00+00:00,audusd,0.7565,0.75657,0.755815,0.75641
2021-06-17 14:45:00+00:00,audusd,0.756715,0.75687,0.75614,0.756495
2021-06-17 15:00:00+00:00,audusd,0.757015,0.75734,0.75662,0.756695
2021-06-17 15:15:00+00:00,audusd,0.75671,0.757355,0.75667,0.75709
2021-06-17 15:30:00+00:00,audusd,0.75572,0.75674,0.75511,0.756715
2021-06-17 15:45:00+00:00,audusd,0.75613,0.75624,0.75549,0.755725
2021-06-17 16:00:00+00:00,audusd,0.75591,0.75647,0.75563,0.756075
2021-06-17 16:15:00+00:00,audusd,0.755305,0.75591,0.75516,0.755905
2021-06-17 16:30:00+00:00,audusd,0.75438,0.75579,0.75423,0.75531
2021-06-17 16:45:00+00:00,audusd,0.75457,0.75474,0.75401,0.754375
2021-06-17 17:00:00+00:00,audusd,0.75519,0.75524,0.754215,0.75458
2021-06-17 17:15:00+00:00,audusd,0.75585,0.75601,0.75519,0.755205
2021-06-17 17:30:00+00:00,audusd,0.75594,0.75606,0.75561,0.75587
2021-06-17 17:45:00+00:00,audusd,0.75578,0.75595,0.75556,0.75595
2021-06-17 18:00:00+00:00,audusd,0.755665,0.756065,0.755505,0.75579
2021-06-17 18:15:00+00:00,audusd,0.75584,0.75593,0.75551,0.75567
2021-06-17 18:30:00+00:00,audusd,0.755625,0.75587,0.75546,0.755835
2021-06-17 18:45:00+00:00,audusd,0.75514,0.75573,0.75514,0.75562
2021-06-17 19:00:00+00:00,audusd,0.75548,0.755495,0.755025,0.75515
2021-06-17 19:15:00+00:00,audusd,0.75537,0.75549,0.755075,0.75547
2021-06-17 19:30:00+00:00,audusd,0.75483,0.75549,0.75477,0.75536
2021-06-17 19:45:00+00:00,audusd,0.754735,0.755015,0.75456,0.75482
2021-06-17 20:00:00+00:00,audusd,0.75479,0.75497,0.75469,0.75473
2021-06-17 20:15:00+00:00,audusd,0.75494,0.755,0.75478,0.754785
2021-06-17 20:30:00+00:00,audusd,0.75514,0.755235,0.754945,0.754945
2021-06-17 20:45:00+00:00,audusd,0.75485,0.7553,0.75485,0.755135
2021-06-17 21:00:00+00:00,audusd,0.75523,0.75523,0.7551,0.755145
2021-06-17 21:15:00+00:00,audusd,0.75542,0.75551,0.75519,0.75524
2021-06-17 21:30:00+00:00,audusd,0.75542,0.75547,0.7554,0.75543
2021-06-17 21:45:00+00:00,audusd,0.7553,0.75545,0.7549,0.755425
2021-06-17 22:00:00+00:00,audusd,0.75543,0.75568,0.755055,0.75531
2021-06-17 22:15:00+00:00,audusd,0.75567,0.75569,0.75534,0.755425
2021-06-17 22:30:00+00:00,audusd,0.75563,0.7558,0.75561,0.755675
2021-06-17 22:45:00+00:00,audusd,0.75589,0.75596,0.75561,0.755635
2021-06-17 23:00:00+00:00,audusd,0.75586,0.755945,0.755615,0.755895
2021-06-17 23:15:00+00:00,audusd,0.75565,0.755855,0.75553,0.755855
2021-06-17 23:30:00+00:00,audusd,0.7558,0.755805,0.75539,0.755645
2021-06-17 23:45:00+00:00,audusd,0.75569,0.75589,0.75561,0.75579
2021-06-18 00:00:00+00:00,audusd,0.75534,0.75571,0.75487,0.755685
2021-06-18 00:15:00+00:00,audusd,0.75602,0.75603,0.75519,0.75535
2021-06-18 00:30:00+00:00,audusd,0.75535,0.75612,0.75532,0.756025
2021-06-18 00:45:00+00:00,audusd,0.75503,0.75564,0.755,0.755355
2021-06-18 01:00:00+00:00,audusd,0.75507,0.75533,0.754895,0.75504
2021-06-18 01:15:00+00:00,audusd,0.75546,0.75553,0.75492,0.75508
2021-06-18 01:30:00+00:00,audusd,0.75588,0.75608,0.75525,0.755465
2021-06-18 01:45:00+00:00,audusd,0.75539,0.75589,0.75529,0.755885
2021-06-18 02:00:00+00:00,audusd,0.755365,0.75552,0.755195,0.755385
2021-06-18 02:15:00+00:00,audusd,0.754975,0.75543,0.75487,0.75536
2021-06-18 02:30:00+00:00,audusd,0.7553,0.755405,0.75493,0.75498
2021-06-18 02:45:00+00:00,audusd,0.755355,0.75543,0.75518,0.75531
2021-06-18 03:00:00+00:00,audusd,0.75556,0.75558,0.75522,0.75536
2021-06-18 03:15:00+00:00,audusd,0.75557,0.7558,0.75549,0.755565
2021-06-18 03:30:00+00:00,audusd,0.75536,0.75557,0.75536,0.75556
2021-06-18 03:45:00+00:00,audusd,0.75531,0.75537,0.75517,0.755365
2021-06-18 04:00:00+00:00,audusd,0.75508,0.7553,0.75501,0.7553
2021-06-18 04:15:00+00:00,audusd,0.75503,0.75512,0.75496,0.75507
2021-06-18 04:30:00+00:00,audusd,0.75431,0.75503,0.75423,0.75502
2021-06-18 04:45:00+00:00,audusd,0.753575,0.75446,0.753575,0.754305
2021-06-18 05:00:00+00:00,audusd,0.75129,0.753675,0.75125,0.75357
2021-06-18 05:15:00+00:00,audusd,0.75233,0.75236,0.751095,0.751285
2021-06-18 05:30:00+00:00,audusd,0.7533,0.75333,0.752245,0.752335
2021-06-18 05:45:00+00:00,audusd,0.75407,0.75433,0.75321,0.75329
2021-06-18 06:00:00+00:00,audusd,0.75364,0.75408,0.75317,0.75408
2021-06-18 06:15:00+00:00,audusd,0.75373,0.7545,0.753605,0.753635
2021-06-18 06:30:00+00:00,audusd,0.753265,0.75397,0.75307,0.75374
2021-06-18 06:45:00+00:00,audusd,0.75256,0.75347,0.752405,0.75326
2021-06-18 07:00:00+00:00,audusd,0.75327,0.753495,0.75255,0.752555
2021-06-18 07:15:00+00:00,audusd,0.75331,0.753425,0.75264,0.75326
2021-06-18 07:30:00+00:00,audusd,0.75367,0.75385,0.75307,0.753305
2021-06-18 07:45:00+00:00,audusd,0.753995,0.754545,0.75354,0.753675
2021-06-18 08:00:00+00:00,audusd,0.753705,0.75429,0.753595,0.754
2021-06-18 08:15:00+00:00,audusd,0.754695,0.7548,0.75366,0.7537
2021-06-18 08:30:00+00:00,audusd,0.75401,0.75469,0.75356,0.75469
2021-06-18 08:45:00+00:00,audusd,0.754,0.75413,0.75383,0.754005
2021-06-18 09:00:00+00:00,audusd,0.75441,0.75446,0.753435,0.754005
2021-06-18 09:15:00+00:00,audusd,0.75479,0.75507,0.75433,0.754405
2021-06-18 09:30:00+00:00,audusd,0.75429,0.754835,0.75419,0.754795
2021-06-18 09:45:00+00:00,audusd,0.75455,0.754615,0.753765,0.75428
2021-06-18 10:00:00+00:00,audusd,0.75409,0.75458,0.75378,0.75456
2021-06-18 10:15:00+00:00,audusd,0.75417,0.75445,0.75397,0.754095
2021-06-18 10:30:00+00:00,audusd,0.75413,0.75437,0.75399,0.75416
2021-06-18 10:45:00+00:00,audusd,0.75381,0.75448,0.75371,0.754125
2021-06-18 11:00:00+00:00,audusd,0.75321,0.75389,0.75285,0.753805
2021-06-18 11:15:00+00:00,audusd,0.752805,0.753205,0.75249,0.753205
2021-06-18 11:30:00+00:00,audusd,0.75228,0.753165,0.75213,0.7528
2021-06-18 11:45:00+00:00,audusd,0.75282,0.75298,0.75207,0.752285
2021-06-18 12:00:00+00:00,audusd,0.7517,0.75287,0.751425,0.752825
2021-06-18 12:15:00+00:00,audusd,0.75066,0.75173,0.75041,0.751705
2021-06-18 12:30:00+00:00,audusd,0.74943,0.7509,0.74941,0.750665
2021-06-18 12:45:00+00:00,audusd,0.750775,0.751395,0.74942,0.74942
2021-06-18 13:00:00+00:00,audusd,0.75056,0.751145,0.75032,0.75069
2021-06-18 13:15:00+00:00,audusd,0.75088,0.75118,0.75019,0.750565
2021-06-18 13:30:00+00:00,audusd,0.75062,0.75117,0.75033,0.75087
2021-06-18 13:45:00+00:00,audusd,0.75017,0.750725,0.750045,0.750625
2021-06-18 14:00:00+00:00,audusd,0.75012,0.75051,0.74988,0.750165
2021-06-18 14:15:00+00:00,audusd,0.7497,0.75015,0.7492,0.750115
2021-06-18 14:30:00+00:00,audusd,0.74945,0.749935,0.7492,0.74971
2021-06-18 14:45:00+00:00,audusd,0.74889,0.7502,0.74881,0.749445
2021-06-18 15:00:00+00:00,audusd,0.74993,0.75009,0.74885,0.7489
2021-06-18 15:15:00+00:00,audusd,0.74903,0.750145,0.748805,0.749935
2021-06-18 15:30:00+00:00,audusd,0.749115,0.749265,0.74853,0.74904
2021-06-18 15:45:00+00:00,audusd,0.74968,0.750025,0.74907,0.74911
2021-06-18 16:00:00+00:00,audusd,0.74885,0.7498,0.74855,0.749685
2021-06-18 16:15:00+00:00,audusd,0.748135,0.7494,0.74802,0.748845
2021-06-18 16:30:00+00:00,audusd,0.74834,0.74877,0.74791,0.74814
2021-06-18 16:45:00+00:00,audusd,0.74862,0.74905,0.747915,0.748335
2021-06-18 17:00:00+00:00,audusd,0.74986,0.74994,0.74833,0.74863
2021-06-18 17:15:00+00:00,audusd,0.749435,0.74994,0.7491,0.749855
2021-06-18 17:30:00+00:00,audusd,0.75044,0.75046,0.74919,0.74943
2021-06-18 17:45:00+00:00,audusd,0.74965,0.75049,0.749365,0.750435
2021-06-18 18:00:00+00:00,audusd,0.750035,0.750055,0.74923,0.749675
2021-06-18 18:15:00+00:00,audusd,0.75022,0.75055,0.74975,0.75004
2021-06-18 18:30:00+00:00,audusd,0.75035,0.750705,0.750165,0.75021
2021-06-18 18:45:00+00:00,audusd,0.75043,0.75113,0.750275,0.750345
2021-06-18 19:00:00+00:00,audusd,0.75021,0.7507,0.75015,0.750425
2021-06-18 19:15:00+00:00,audusd,0.75031,0.75056,0.74983,0.7502
2021-06-18 19:30:00+00:00,audusd,0.74986,0.750335,0.74956,0.75032
2021-06-18 19:45:00+00:00,audusd,0.74961,0.74993,0.749275,0.749855
2021-06-18 20:00:00+00:00,audusd,0.74889,0.74962,0.74889,0.7496
2021-06-18 20:15:00+00:00,audusd,0.74853,0.74889,0.74838,0.748885
2021-06-18 20:30:00+00:00,audusd,0.74809,0.74858,0.74803,0.748525
2021-06-18 20:45:00+00:00,audusd,0.7478,0.74816,0.747795,0.74808
2021-06-20 21:00:00+00:00,audusd,0.74841,0.74862,0.74811,0.748595
2021-06-20 21:15:00+00:00,audusd,0.74844,0.74851,0.74823,0.74838
2021-06-20 21:30:00+00:00,audusd,0.748275,0.748465,0.74824,0.74843
2021-06-20 21:45:00+00:00,audusd,0.74854,0.74856,0.74827,0.74827
2021-06-20 22:00:00+00:00,audusd,0.749105,0.74923,0.74842,0.74853
2021-06-20 22:15:00+00:00,audusd,0.748945,0.74936,0.74893,0.74911
2021-06-20 22:30:00+00:00,audusd,0.74957,0.74957,0.748525,0.74895
2021-06-20 22:45:00+00:00,audusd,0.75013,0.75041,0.74957,0.749575
2021-06-20 23:00:00+00:00,audusd,0.75009,0.75041,0.749745,0.750125
2021-06-20 23:15:00+00:00,audusd,0.75034,0.75035,0.75007,0.75008
2021-06-20 23:30:00+00:00,audusd,0.75025,0.750565,0.74993,0.750335
2021-06-20 23:45:00+00:00,audusd,0.750155,0.75049,0.75007,0.75026
2021-06-21 00:00:00+00:00,audusd,0.75064,0.75079,0.75002,0.75015
2021-06-21 00:15:00+00:00,audusd,0.750595,0.75083,0.750215,0.750645
2021-06-21 00:30:00+00:00,audusd,0.75104,0.75115,0.750385,0.7506
2021-06-21 00:45:00+00:00,audusd,0.75074,0.75105,0.75051,0.751035
2021-06-21 01:00:00+00:00,audusd,0.75017,0.750825,0.74968,0.750735
2021-06-21 01:15:00+00:00,audusd,0.75063,0.75115,0.749885,0.750165
2021-06-21 01:30:00+00:00,audusd,0.75056,0.751235,0.75037,0.750625
2021-06-21 01:45:00+00:00,audusd,0.75024,0.75083,0.750055,0.750555
2021-06-21 02:00:00+00:00,audusd,0.75198,0.75201,0.74987,0.75023
2021-06-21 02:15:00+00:00,audusd,0.75169,0.75223,0.75156,0.752
2021-06-21 02:30:00+00:00,audusd,0.75134,0.751845,0.751015,0.751685
2021-06-21 02:45:00+00:00,audusd,0.7511,0.7515,0.75087,0.751335
2021-06-21 03:00:00+00:00,audusd,0.75021,0.75111,0.75013,0.751095
2021-06-21 03:15:00+00:00,audusd,0.74961,0.75031,0.74932,0.75022
2021-06-21 03:30:00+00:00,audusd,0.748745,0.74963,0.74842,0.749605
2021-06-21 03:45:00+00:00,audusd,0.749155,0.74959,0.748115,0.74875
2021-06-21 04:00:00+00:00,audusd,0.74936,0.7497,0.74885,0.74916
2021-06-21 04:15:00+00:00,audusd,0.74879,0.74936,0.748745,0.749355
2021-06-21 04:30:00+00:00,audusd,0.74899,0.74913,0.74877,0.7488
2021-06-21 04:45:00+00:00,audusd,0.74939,0.74939,0.74877,0.748985
2021-06-21 05:00:00+00:00,audusd,0.748725,0.749395,0.74858,0.749395
2021-06-21 05:15:00+00:00,audusd,0.74861,0.74885,0.74833,0.74872
2021-06-21 05:30:00+00:00,audusd,0.749195,0.749365,0.74844,0.74862
2021-06-21 05:45:00+00:00,audusd,0.74959,0.74988,0.74909,0.74919
2021-06-21 06:00:00+00:00,audusd,0.75035,0.750465,0.749515,0.74958
2021-06-21 06:15:00+00:00,audusd,0.750255,0.7506,0.75009,0.750355
2021-06-21 06:30:00+00:00,audusd,0.74992,0.750765,0.74979,0.75026
2021-06-21 06:45:00+00:00,audusd,0.749585,0.750445,0.74953,0.749925
2021-06-21 07:00:00+00:00,audusd,0.748545,0.74981,0.74822,0.74965
2021-06-21 07:15:00+00:00,audusd,0.7487,0.74873,0.74778,0.74854
2021-06-21 07:30:00+00:00,audusd,0.74997,0.749985,0.74855,0.74871
2021-06-21 07:45:00+00:00,audusd,0.74982,0.750125,0.749585,0.749965
2021-06-21 08:00:00+00:00,audusd,0.74976,0.75008,0.74938,0.749815
2021-06-21 08:15:00+00:00,audusd,0.749335,0.74978,0.74928,0.749755
2021-06-21 08:30:00+00:00,audusd,0.749735,0.74989,0.74932,0.74934
2021-06-21 08:45:00+00:00,audusd,0.74988,0.75014,0.74937,0.74974
2021-06-21 09:00:00+00:00,audusd,0.750525,0.75053,0.749485,0.74989
2021-06-21 09:15:00+00:00,audusd,0.7513,0.751315,0.75048,0.75052
2021-06-21 09:30:00+00:00,audusd,0.75062,0.751295,0.75062,0.751295
2021-06-21 09:45:00+00:00,audusd,0.75133,0.75138,0.75062,0.750625
2021-06-21 10:00:00+00:00,audusd,0.75057,0.751485,0.75052,0.751325
2021-06-21 10:15:00+00:00,audusd,0.75083,0.75098,0.750455,0.75058
2021-06-21 10:30:00+00:00,audusd,0.75134,0.75148,0.75062,0.75084
2021-06-21 10:45:00+00:00,audusd,0.75154,0.75166,0.75126,0.751335
2021-06-21 11:00:00+00:00,audusd,0.751685,0.751865,0.75133,0.75152
2021-06-21 11:15:00+00:00,audusd,0.75174,0.75209,0.75147,0.75168
2021-06-21 11:30:00+00:00,audusd,0.7515,0.75187,0.751455,0.75173
2021-06-21 11:45:00+00:00,audusd,0.75186,0.7519,0.751065,0.751505
2021-06-21 12:00:00+00:00,audusd,0.75155,0.75193,0.75129,0.75187
2021-06-21 12:15:00+00:00,audusd,0.75132,0.75178,0.751165,0.75156
2021-06-21 12:30:00+00:00,audusd,0.75108,0.75148,0.75081,0.75131
2021-06-21 12:45:00+00:00,audusd,0.75099,0.751275,0.75066,0.751085
2021-06-21 13:00:00+00:00,audusd,0.7509,0.75121,0.75084,0.750995
2021-06-21 13:15:00+00:00,audusd,0.75183,0.75233,0.750825,0.750895
2021-06-21 13:30:00+00:00,audusd,0.75153,0.752125,0.75107,0.75184
2021-06-21 13:45:00+00:00,audusd,0.75222,0.75225,0.7508,0.75143
2021-06-21 14:00:00+00:00,audusd,0.753075,0.7531,0.75198,0.752225
2021-06-21 14:15:00+00:00,audusd,0.75272,0.753115,0.75233,0.75308
2021-06-21 14:30:00+00:00,audusd,0.753425,0.75367,0.75225,0.75275
2021-06-21 14:45:00+00:00,audusd,0.75261,0.75372,0.75242,0.75343
2021-06-21 15:00:00+00:00,audusd,0.75234,0.75294,0.75234,0.75265
2021-06-21 15:15:00+00:00,audusd,0.75279,0.753085,0.75233,0.75235
2021-06-21 15:30:00+00:00,audusd,0.7529,0.75303,0.75225,0.752795
2021-06-21 15:45:00+00:00,audusd,0.75277,0.75303,0.75269,0.752905
2021-06-21 16:00:00+00:00,audusd,0.75304,0.753145,0.75277,0.752775
2021-06-21 16:15:00+00:00,audusd,0.7532,0.753245,0.75284,0.753045
2021-06-21 16:30:00+00:00,audusd,0.7536,0.75365,0.75319,0.753195
2021-06-21 16:45:00+00:00,audusd,0.753605,0.75376,0.75344,0.7536
2021-06-21 17:00:00+00:00,audusd,0.75385,0.75386,0.753475,0.75361
2021-06-21 17:15:00+00:00,audusd,0.75396,0.75418,0.7538,0.753855
2021-06-21 17:30:00+00:00,audusd,0.75395,0.754125,0.75379,0.753965
2021-06-21 17:45:00+00:00,audusd,0.753845,0.754065,0.75383,0.753945
2021-06-21 18:00:00+00:00,audusd,0.754155,0.75416,0.75373,0.75384
2021-06-21 18:15:00+00:00,audusd,0.75404,0.75429,0.75403,0.75415
2021-06-21 18:30:00+00:00,audusd,0.75394,0.75426,0.753895,0.75403
2021-06-21 18:45:00+00:00,audusd,0.75382,0.75413,0.7538,0.753935
2021-06-21 19:00:00+00:00,audusd,0.7542,0.7544,0.753795,0.75383
2021-06-21 19:15:00+00:00,audusd,0.75388,0.75463,0.753805,0.75419
2021-06-21 19:30:00+00:00,audusd,0.753945,0.754195,0.753745,0.75388
2021-06-21 19:45:00+00:00,audusd,0.75419,0.75433,0.75375,0.75395
2021-06-21 20:00:00+00:00,audusd,0.75411,0.75434,0.753935,0.754195
2021-06-21 20:15:00+00:00,audusd,0.75411,0.754175,0.75405,0.7541
2021-06-21 20:30:00+00:00,audusd,0.754455,0.7545,0.7541,0.754105
2021-06-21 20:45:00+00:00,audusd,0.75378,0.7545,0.75377,0.75446
2021-06-21 21:00:00+00:00,audusd,0.75383,0.75393,0.753475,0.75358
2021-06-21 21:15:00+00:00,audusd,0.75362,0.75396,0.7536,0.75369
2021-06-21 21:30:00+00:00,audusd,0.75387,0.75388,0.75359,0.75363
2021-06-21 21:45:00+00:00,audusd,0.75399,0.75417,0.75377,0.753875
2021-06-21 22:00:00+00:00,audusd,0.75422,0.75422,0.753985,0.753985
2021-06-21 22:15:00+00:00,audusd,0.75441,0.75442,0.754195,0.754215
2021-06-21 22:30:00+00:00,audusd,0.75396,0.75442,0.75389,0.754405
2021-06-21 22:45:00+00:00,audusd,0.75401,0.75415,0.753955,0.753955
2021-06-21 23:00:00+00:00,audusd,0.75383,0.75405,0.75382,0.754015
2021-06-21 23:15:00+00:00,audusd,0.75426,0.75427,0.753825,0.753825
2021-06-21 23:30:00+00:00,audusd,0.75426,0.75454,0.75425,0.754265
2021-06-21 23:45:00+00:00,audusd,0.75348,0.75426,0.75343,0.754255
2021-06-22 00:00:00+00:00,audusd,0.75278,0.75353,0.752725,0.75349
2021-06-22 00:15:00+00:00,audusd,0.75295,0.75321,0.752765,0.752785
2021-06-22 00:30:00+00:00,audusd,0.7524,0.75307,0.75234,0.752955
2021-06-22 00:45:00+00:00,audusd,0.75266,0.752685,0.75216,0.75241
2021-06-22 01:00:00+00:00,audusd,0.75236,0.75276,0.75205,0.752655
2021-06-22 01:15:00+00:00,audusd,0.75225,0.75245,0.75198,0.752365
2021-06-22 01:30:00+00:00,audusd,0.75247,0.752575,0.75197,0.75226
2021-06-22 01:45:00+00:00,audusd,0.75219,0.7525,0.75167,0.752465
2021-06-22 02:00:00+00:00,audusd,0.75196,0.75243,0.751815,0.752195
2021-06-22 02:15:00+00:00,audusd,0.7521,0.75225,0.75175,0.75195
2021-06-22 02:30:00+00:00,audusd,0.75151,0.75232,0.75149,0.75211
2021-06-22 02:45:00+00:00,audusd,0.75138,0.751605,0.75118,0.751505
2021-06-22 03:00:00+00:00,audusd,0.75157,0.75164,0.7513,0.75139
2021-06-22 03:15:00+00:00,audusd,0.75155,0.751745,0.751335,0.751575
2021-06-22 03:30:00+00:00,audusd,0.751345,0.75159,0.751345,0.75156
2021-06-22 03:45:00+00:00,audusd,0.75157,0.75159,0.75134,0.75135
2021-06-22 04:00:00+00:00,audusd,0.75197,0.75202,0.751575,0.75158
2021-06-22 04:15:00+00:00,audusd,0.75206,0.7522,0.75194,0.75198
2021-06-22 04:30:00+00:00,audusd,0.7519,0.75215,0.75182,0.752065
2021-06-22 04:45:00+00:00,audusd,0.75193,0.75212,0.7519,0.751905
2021-06-22 05:00:00+00:00,audusd,0.75191,0.75219,0.75182,0.75194
2021-06-22 05:15:00+00:00,audusd,0.75126,0.75197,0.75123,0.751915
2021-06-22 05:30:00+00:00,audusd,0.75153,0.75157,0.75091,0.751265
2021-06-22 05:45:00+00:00,audusd,0.75082,0.75159,0.75072,0.751535
2021-06-22 06:00:00+00:00,audusd,0.751055,0.75131,0.75066,0.750825
2021-06-22 06:15:00+00:00,audusd,0.75131,0.751725,0.75105,0.75105
2021-06-22 06:30:00+00:00,audusd,0.75164,0.75181,0.75116,0.75132
2021-06-22 06:45:00+00:00,audusd,0.75189,0.75222,0.75156,0.75165
2021-06-22 07:00:00+00:00,audusd,0.751115,0.75221,0.75098,0.7519
2021-06-22 07:15:00+00:00,audusd,0.751105,0.751965,0.751065,0.75111
2021-06-22 07:30:00+00:00,audusd,0.75134,0.75147,0.75085,0.75111
2021-06-22 07:45:00+00:00,audusd,0.75041,0.75142,0.75023,0.75133
2021-06-22 08:00:00+00:00,audusd,0.74986,0.75041,0.74972,0.750405
2021-06-22 08:15:00+00:00,audusd,0.74954,0.74995,0.74953,0.749855
2021-06-22 08:30:00+00:00,audusd,0.749725,0.749955,0.749515,0.74955
2021-06-22 08:45:00+00:00,audusd,0.74996,0.75007,0.749545,0.74972
2021-06-22 09:00:00+00:00,audusd,0.75053,0.75063,0.74967,0.74997
2021-06-22 09:15:00+00:00,audusd,0.75014,0.75057,0.7501,0.75054
2021-06-22 09:30:00+00:00,audusd,0.74965,0.75022,0.749425,0.750145
2021-06-22 09:45:00+00:00,audusd,0.75002,0.75016,0.74952,0.74966
2021-06-22 10:00:00+00:00,audusd,0.750785,0.75087,0.74995,0.75003
2021-06-22 10:15:00+00:00,audusd,0.75072,0.75083,0.75043,0.750785
2021-06-22 10:30:00+00:00,audusd,0.75077,0.75094,0.75042,0.750715
2021-06-22 10:45:00+00:00,audusd,0.75088,0.75132,0.75071,0.750775
2021-06-22 11:00:00+00:00,audusd,0.751925,0.75199,0.750765,0.750875
2021-06-22 11:15:00+00:00,audusd,0.75177,0.75192,0.75146,0.75192
2021-06-22 11:30:00+00:00,audusd,0.75203,0.75204,0.751545,0.751775
2021-06-22 11:45:00+00:00,audusd,0.75185,0.75232,0.7518,0.75202
2021-06-22 12:00:00+00:00,audusd,0.75197,0.75224,0.751505,0.751845
2021-06-22 12:15:00+00:00,audusd,0.7507,0.752125,0.75062,0.751965
2021-06-22 12:30:00+00:00,audusd,0.75033,0.751195,0.75017,0.750705
2021-06-22 12:45:00+00:00,audusd,0.75058,0.75083,0.75012,0.750325
2021-06-22 13:00:00+00:00,audusd,0.751745,0.751745,0.75016,0.75057
2021-06-22 13:15:00+00:00,audusd,0.75168,0.752,0.75153,0.75174
2021-06-22 13:30:00+00:00,audusd,0.75125,0.75181,0.75082,0.751675
2021-06-22 13:45:00+00:00,audusd,0.750685,0.75147,0.750415,0.75126
2021-06-22 14:00:00+00:00,audusd,0.75152,0.75182,0.75045,0.750765
2021-06-22 14:15:00+00:00,audusd,0.75165,0.75199,0.75142,0.751515
2021-06-22 14:30:00+00:00,audusd,0.75179,0.75208,0.75154,0.751645
2021-06-22 14:45:00+00:00,audusd,0.75167,0.75185,0.75123,0.751785
2021-06-22 15:00:00+00:00,audusd,0.75297,0.75308,0.751615,0.75167
2021-06-22 15:15:00+00:00,audusd,0.75262,0.75298,0.75256,0.752975
2021-06-22 15:30:00+00:00,audusd,0.75257,0.75269,0.75227,0.752615
2021-06-22 15:45:00+00:00,audusd,0.75274,0.75287,0.75236,0.752565
2021-06-22 16:00:00+00:00,audusd,0.75285,0.75299,0.75264,0.75273
2021-06-22 16:15:00+00:00,audusd,0.75374,0.75389,0.75269,0.752845
2021-06-22 16:30:00+00:00,audusd,0.753875,0.75413,0.75347,0.753735
2021-06-22 16:45:00+00:00,audusd,0.754115,0.754235,0.75375,0.75387
2021-06-22 17:00:00+00:00,audusd,0.75414,0.75431,0.75392,0.75412
2021-06-22 17:15:00+00:00,audusd,0.75434,0.754495,0.753975,0.75413
2021-06-22 17:30:00+00:00,audusd,0.754535,0.754665,0.754245,0.754335
2021-06-22 17:45:00+00:00,audusd,0.75443,0.75478,0.7544,0.75453
2021-06-22 18:00:00+00:00,audusd,0.75463,0.75463,0.75434,0.75444
2021-06-22 18:15:00+00:00,audusd,0.75488,0.754895,0.75441,0.754625
2021-06-22 18:30:00+00:00,audusd,0.7555,0.75559,0.75476,0.75487
2021-06-22 18:45:00+00:00,audusd,0.75537,0.755595,0.75526,0.755495
2021-06-22 19:00:00+00:00,audusd,0.75605,0.75644,0.7553,0.755365
2021-06-22 19:15:00+00:00,audusd,0.75604,0.75623,0.75574,0.756045
2021-06-22 19:30:00+00:00,audusd,0.75585,0.75623,0.75583,0.756035
2021-06-22 19:45:00+00:00,audusd,0.75556,0.75593,0.75548,0.755855
2021-06-22 20:00:00+00:00,audusd,0.75547,0.755635,0.75522,0.755555
2021-06-22 20:15:00+00:00,audusd,0.75552,0.75569,0.75547,0.755475
2021-06-22 20:30:00+00:00,audusd,0.7557,0.75578,0.75545,0.75551
2021-06-22 20:45:00+00:00,audusd,0.75544,0.75578,0.755265,0.755695
2021-06-22 21:00:00+00:00,audusd,0.75519,0.75528,0.754985,0.75526
2021-06-22 21:15:00+00:00,audusd,0.75508,0.755215,0.75495,0.755215
2021-06-22 21:30:00+00:00,audusd,0.75559,0.75568,0.75505,0.755085
2021-06-22 21:45:00+00:00,audusd,0.75521,0.75561,0.7552,0.7556
2021-06-22 22:00:00+00:00,audusd,0.75554,0.75568,0.7552,0.755205
2021-06-22 22:15:00+00:00,audusd,0.75546,0.7557,0.75543,0.755535
2021-06-22 22:30:00+00:00,audusd,0.75529,0.755555,0.75525,0.75547
2021-06-22 22:45:00+00:00,audusd,0.75519,0.75549,0.75518,0.755295
2021-06-22 23:00:00+00:00,audusd,0.75527,0.75541,0.755175,0.7552
2021-06-22 23:15:00+00:00,audusd,0.75521,0.75528,0.75507,0.755275
2021-06-22 23:30:00+00:00,audusd,0.75565,0.75603,0.75521,0.755215
2021-06-22 23:45:00+00:00,audusd,0.75547,0.75603,0.75542,0.75566
2021-06-23 00:00:00+00:00,audusd,0.75577,0.75589,0.75535,0.75546
2021-06-23 00:15:00+00:00,audusd,0.75491,0.75583,0.754795,0.755775
2021-06-23 00:30:00+00:00,audusd,0.75464,0.7552,0.75464,0.754915
2021-06-23 00:45:00+00:00,audusd,0.754905,0.75495,0.75449,0.754635
2021-06-23 01:00:00+00:00,audusd,0.75468,0.75526,0.75461,0.75491
2021-06-23 01:15:00+00:00,audusd,0.754755,0.75519,0.75457,0.754675
2021-06-23 01:30:00+00:00,audusd,0.75426,0.75489,0.754145,0.75476
2021-06-23 01:45:00+00:00,audusd,0.75417,0.754345,0.75383,0.75428
2021-06-23 02:00:00+00:00,audusd,0.754045,0.75421,0.75381,0.75418
2021-06-23 02:15:00+00:00,audusd,0.75401,0.7544,0.75382,0.75405
2021-06-23 02:30:00+00:00,audusd,0.75448,0.754575,0.753985,0.754015
2021-06-23 02:45:00+00:00,audusd,0.75441,0.75452,0.75418,0.754485
2021-06-23 03:00:00+00:00,audusd,0.75481,0.7549,0.75442,0.75442
2021-06-23 03:15:00+00:00,audusd,0.75485,0.75489,0.754555,0.75482
2021-06-23 03:30:00+00:00,audusd,0.75461,0.7549,0.75449,0.75486
2021-06-23 03:45:00+00:00,audusd,0.75465,0.75469,0.75431,0.75462
2021-06-23 04:00:00+00:00,audusd,0.7542,0.75475,0.754195,0.75466
2021-06-23 04:15:00+00:00,audusd,0.75427,0.754355,0.75413,0.75421
2021-06-23 04:30:00+00:00,audusd,0.754445,0.75446,0.75423,0.75428
2021-06-23 04:45:00+00:00,audusd,0.75445,0.75456,0.75426,0.75445
2021-06-23 05:00:00+00:00,audusd,0.75443,0.75461,0.754095,0.754455
2021-06-23 05:15:00+00:00,audusd,0.75423,0.75465,0.75423,0.75442
2021-06-23 05:30:00+00:00,audusd,0.75436,0.75441,0.75401,0.754235
2021-06-23 05:45:00+00:00,audusd,0.75435,0.75508,0.754155,0.754365
2021-06-23 06:00:00+00:00,audusd,0.75426,0.75466,0.753975,0.754345
2021-06-23 06:15:00+00:00,audusd,0.75425,0.75456,0.75388,0.754245
2021-06-23 06:30:00+00:00,audusd,0.755255,0.75529,0.75421,0.754255
2021-06-23 06:45:00+00:00,audusd,0.755175,0.75562,0.755,0.75525
2021-06-23 07:00:00+00:00,audusd,0.75474,0.75542,0.75472,0.75518
2021-06-23 07:15:00+00:00,audusd,0.75521,0.75548,0.75448,0.754745
2021-06-23 07:30:00+00:00,audusd,0.75508,0.75574,0.75504,0.75522
2021-06-23 07:45:00+00:00,audusd,0.75532,0.75533,0.75475,0.75507
2021-06-23 08:00:00+00:00,audusd,0.75565,0.75606,0.7552,0.755315
2021-06-23 08:15:00+00:00,audusd,0.75633,0.75679,0.75555,0.75566
2021-06-23 08:30:00+00:00,audusd,0.75685,0.75727,0.75631,0.756325
2021-06-23 08:45:00+00:00,audusd,0.75636,0.757295,0.75635,0.756845
2021-06-23 09:00:00+00:00,audusd,0.756115,0.75658,0.75606,0.75637
2021-06-23 09:15:00+00:00,audusd,0.756335,0.75653,0.75611,0.75612
2021-06-23 09:30:00+00:00,audusd,0.75626,0.7565,0.75617,0.75634
2021-06-23 09:45:00+00:00,audusd,0.75611,0.75645,0.75604,0.756265
2021-06-23 10:00:00+00:00,audusd,0.75604,0.75624,0.75593,0.756105
2021-06-23 10:15:00+00:00,audusd,0.75712,0.75714,0.756045,0.756045
2021-06-23 10:30:00+00:00,audusd,0.75702,0.75741,0.75683,0.757115
2021-06-23 10:45:00+00:00,audusd,0.756905,0.75717,0.75671,0.75703
2021-06-23 11:00:00+00:00,audusd,0.75657,0.75727,0.75656,0.75691
2021-06-23 11:15:00+00:00,audusd,0.756485,0.75674,0.75616,0.756565
2021-06-23 11:30:00+00:00,audusd,0.75734,0.75748,0.75639,0.75649
2021-06-23 11:45:00+00:00,audusd,0.75756,0.758,0.75725,0.757345
2021-06-23 12:00:00+00:00,audusd,0.75822,0.75828,0.75736,0.75755
2021-06-23 12:15:00+00:00,audusd,0.75826,0.75856,0.75812,0.75821
2021-06-23 12:30:00+00:00,audusd,0.75819,0.758425,0.757705,0.75827
2021-06-23 12:45:00+00:00,audusd,0.757745,0.7583,0.75767,0.758185
2021-06-23 13:00:00+00:00,audusd,0.75759,0.75804,0.75742,0.75774
2021-06-23 13:15:00+00:00,audusd,0.75781,0.757875,0.757395,0.75758
2021-06-23 13:30:00+00:00,audusd,0.758735,0.75883,0.75779,0.757805
2021-06-23 13:45:00+00:00,audusd,0.75986,0.75987,0.75874,0.75874
2021-06-23 14:00:00+00:00,audusd,0.75958,0.7599,0.759225,0.75985
2021-06-23 14:15:00+00:00,audusd,0.75934,0.75992,0.75917,0.759575
2021-06-23 14:30:00+00:00,audusd,0.759185,0.75966,0.758885,0.759335
2021-06-23 14:45:00+00:00,audusd,0.758715,0.75931,0.7582,0.75917
2021-06-23 15:00:00+00:00,audusd,0.75864,0.75891,0.75822,0.75872
2021-06-23 15:15:00+00:00,audusd,0.75844,0.75885,0.75833,0.758645
2021-06-23 15:30:00+00:00,audusd,0.7588,0.758945,0.75832,0.75843
2021-06-23 15:45:00+00:00,audusd,0.75883,0.75908,0.75877,0.758805
2021-06-23 16:00:00+00:00,audusd,0.758575,0.75882,0.75852,0.75882
2021-06-23 16:15:00+00:00,audusd,0.758565,0.75875,0.75847,0.75858
2021-06-23 16:30:00+00:00,audusd,0.757925,0.7586,0.75754,0.75857
2021-06-23 16:45:00+00:00,audusd,0.75773,0.75801,0.757585,0.75793
2021-06-23 17:00:00+00:00,audusd,0.75759,0.757835,0.75737,0.757735
2021-06-23 17:15:00+00:00,audusd,0.75755,0.75769,0.75744,0.757595
2021-06-23 17:30:00+00:00,audusd,0.75779,0.75784,0.75747,0.757545
2021-06-23 17:45:00+00:00,audusd,0.75789,0.757995,0.757685,0.757785
2021-06-23 18:00:00+00:00,audusd,0.757655,0.75794,0.75764,0.7579
2021-06-23 18:15:00+00:00,audusd,0.75756,0.75773,0.75738,0.75766
2021-06-23 18:30:00+00:00,audusd,0.75739,0.75757,0.75722,0.757565
2021-06-23 18:45:00+00:00,audusd,0.75735,0.757545,0.757185,0.75738
2021-06-23 19:00:00+00:00,audusd,0.7571,0.7574,0.75699,0.757345
2021-06-23 19:15:00+00:00,audusd,0.75751,0.75755,0.75708,0.757105
2021-06-23 19:30:00+00:00,audusd,0.75718,0.75754,0.75709,0.75752
2021-06-23 19:45:00+00:00,audusd,0.75721,0.75727,0.75668,0.75717
2021-06-23 20:00:00+00:00,audusd,0.7572,0.75744,0.7571,0.7572
2021-06-23 20:15:00+00:00,audusd,0.75745,0.75745,0.75717,0.757205
2021-06-23 20:30:00+00:00,audusd,0.75766,0.75766,0.75742,0.757455
2021-06-23 20:45:00+00:00,audusd,0.75749,0.75775,0.75748,0.757655
2021-06-23 21:00:00+00:00,audusd,0.757485,0.75753,0.75724,0.7575
2021-06-23 21:15:00+00:00,audusd,0.757465,0.75767,0.75732,0.75732
2021-06-23 21:30:00+00:00,audusd,0.75749,0.757505,0.75726,0.75745
2021-06-23 21:45:00+00:00,audusd,0.75747,0.75751,0.75738,0.757495
2021-06-23 22:00:00+00:00,audusd,0.757825,0.75791,0.75745,0.757465
2021-06-23 22:15:00+00:00,audusd,0.758,0.758,0.757745,0.75783
2021-06-23 22:30:00+00:00,audusd,0.757465,0.758015,0.75744,0.758005
2021-06-23 22:45:00+00:00,audusd,0.75759,0.75762,0.75745,0.75747
2021-06-23 23:00:00+00:00,audusd,0.75736,0.757705,0.75736,0.757585
2021-06-23 23:15:00+00:00,audusd,0.757705,0.75773,0.7573,0.757355
2021-06-23 23:30:00+00:00,audusd,0.75736,0.75771,0.75731,0.75771
2021-06-23 23:45:00+00:00,audusd,0.75734,0.757685,0.75716,0.75735
2021-06-24 00:00:00+00:00,audusd,0.75725,0.75758,0.75703,0.757345
2021-06-24 00:15:00+00:00,audusd,0.75724,0.75759,0.757215,0.757255
2021-06-24 00:30:00+00:00,audusd,0.75739,0.75748,0.75709,0.757235
2021-06-24 00:45:00+00:00,audusd,0.757535,0.75774,0.75718,0.757385
2021-06-24 01:00:00+00:00,audusd,0.756995,0.75757,0.75695,0.75753
2021-06-24 01:15:00+00:00,audusd,0.757315,0.757545,0.75698,0.757
2021-06-24 01:30:00+00:00,audusd,0.75753,0.75753,0.75672,0.75731
2021-06-24 01:45:00+00:00,audusd,0.75764,0.75785,0.75752,0.75754
2021-06-24 02:00:00+00:00,audusd,0.757525,0.75769,0.75738,0.757645
2021-06-24 02:15:00+00:00,audusd,0.757655,0.75776,0.7574,0.75752
2021-06-24 02:30:00+00:00,audusd,0.7578,0.75789,0.75742,0.75765
2021-06-24 02:45:00+00:00,audusd,0.75749,0.75781,0.757445,0.757795
2021-06-24 03:00:00+00:00,audusd,0.75764,0.75772,0.757465,0.757495
2021-06-24 03:15:00+00:00,audusd,0.75757,0.75774,0.75749,0.75765
2021-06-24 03:30:00+00:00,audusd,0.75748,0.75759,0.757425,0.757565
2021-06-24 03:45:00+00:00,audusd,0.757465,0.7575,0.757395,0.757475
2021-06-24 04:00:00+00:00,audusd,0.75745,0.75751,0.757425,0.75747
2021-06-24 04:15:00+00:00,audusd,0.75739,0.75748,0.75734,0.757455
2021-06-24 04:30:00+00:00,audusd,0.75754,0.75761,0.757355,0.757395
2021-06-24 04:45:00+00:00,audusd,0.757495,0.75774,0.75749,0.757535
2021-06-24 05:00:00+00:00,audusd,0.757705,0.75772,0.75743,0.7575
2021-06-24 05:15:00+00:00,audusd,0.75728,0.75774,0.75725,0.75771
2021-06-24 05:30:00+00:00,audusd,0.75709,0.757275,0.75693,0.757275
2021-06-24 05:45:00+00:00,audusd,0.756955,0.757385,0.756895,0.757085
2021-06-24 06:00:00+00:00,audusd,0.75757,0.75765,0.75657,0.75695
2021-06-24 06:15:00+00:00,audusd,0.758,0.75819,0.75726,0.757565
2021-06-24 06:30:00+00:00,audusd,0.7578,0.758135,0.75761,0.757995
2021-06-24 06:45:00+00:00,audusd,0.7581,0.75834,0.75771,0.75779
2021-06-24 07:00:00+00:00,audusd,0.75835,0.75865,0.75784,0.758105
2021-06-24 07:15:00+00:00,audusd,0.75775,0.758355,0.75775,0.758345
2021-06-24 07:30:00+00:00,audusd,0.757495,0.75785,0.75734,0.757745
2021-06-24 07:45:00+00:00,audusd,0.757265,0.75754,0.75699,0.7575
2021-06-24 08:00:00+00:00,audusd,0.75763,0.75781,0.757205,0.75726
2021-06-24 08:15:00+00:00,audusd,0.75812,0.75824,0.7576,0.75762
2021-06-24 08:30:00+00:00,audusd,0.75782,0.75817,0.75771,0.75811
2021-06-24 08:45:00+00:00,audusd,0.75748,0.75785,0.75738,0.757825
2021-06-24 09:00:00+00:00,audusd,0.757265,0.75759,0.75722,0.75747
2021-06-24 09:15:00+00:00,audusd,0.757,0.757285,0.756925,0.75727
2021-06-24 09:30:00+00:00,audusd,0.75722,0.75728,0.75691,0.75699
2021-06-24 09:45:00+00:00,audusd,0.75773,0.75779,0.75721,0.757225
2021-06-24 10:00:00+00:00,audusd,0.75764,0.75788,0.75755,0.757735
2021-06-24 10:15:00+00:00,audusd,0.75816,0.75821,0.75763,0.757635
2021-06-24 10:30:00+00:00,audusd,0.75823,0.75844,0.75812,0.758155
2021-06-24 10:45:00+00:00,audusd,0.758095,0.75839,0.75806,0.758235
2021-06-24 11:00:00+00:00,audusd,0.75776,0.75821,0.75743,0.75809
2021-06-24 11:15:00+00:00,audusd,0.75794,0.75794,0.75743,0.75777
2021-06-24 11:30:00+00:00,audusd,0.75785,0.75809,0.757745,0.757945
2021-06-24 11:45:00+00:00,audusd,0.75743,0.75786,0.75719,0.75784
2021-06-24 12:00:00+00:00,audusd,0.757785,0.7579,0.75737,0.75742
2021-06-24 12:15:00+00:00,audusd,0.75765,0.758005,0.757595,0.75779
2021-06-24 12:30:00+00:00,audusd,0.7579,0.75799,0.75754,0.757645
2021-06-24 12:45:00+00:00,audusd,0.75864,0.75866,0.75768,0.757895
2021-06-24 13:00:00+00:00,audusd,0.75856,0.75883,0.758155,0.758645
2021-06-24 13:15:00+00:00,audusd,0.75843,0.7588,0.75825,0.758555
2021-06-24 13:30:00+00:00,audusd,0.75869,0.75891,0.758395,0.75844
2021-06-24 13:45:00+00:00,audusd,0.758795,0.75897,0.75851,0.758695
2021-06-24 14:00:00+00:00,audusd,0.7585,0.758835,0.75835,0.7588
2021-06-24 14:15:00+00:00,audusd,0.75846,0.75854,0.75791,0.75851
2021-06-24 14:30:00+00:00,audusd,0.75896,0.75897,0.75811,0.75845
2021-06-24 14:45:00+00:00,audusd,0.75879,0.75899,0.75839,0.758965
2021-06-24 15:00:00+00:00,audusd,0.75909,0.75916,0.75873,0.7588
2021-06-24 15:15:00+00:00,audusd,0.758765,0.75917,0.75823,0.75908
2021-06-24 15:30:00+00:00,audusd,0.7584,0.759055,0.75833,0.75876
2021-06-24 15:45:00+00:00,audusd,0.75763,0.75843,0.75762,0.758405
2021-06-24 16:00:00+00:00,audusd,0.75725,0.75772,0.756995,0.757625
2021-06-24 16:15:00+00:00,audusd,0.757485,0.7575,0.7569,0.757255
2021-06-24 16:30:00+00:00,audusd,0.75786,0.758,0.757405,0.75748
2021-06-24 16:45:00+00:00,audusd,0.75766,0.757895,0.75723,0.757855
2021-06-24 17:00:00+00:00,audusd,0.75791,0.75799,0.75765,0.757655
2021-06-24 17:15:00+00:00,audusd,0.75735,0.757925,0.75722,0.757905
2021-06-24 17:30:00+00:00,audusd,0.75806,0.75806,0.75731,0.757355
2021-06-24 17:45:00+00:00,audusd,0.757955,0.758305,0.75795,0.758065
2021-06-24 18:00:00+00:00,audusd,0.75834,0.758455,0.7579,0.75796
2021-06-24 18:15:00+00:00,audusd,0.75857,0.75857,0.75826,0.75835
2021-06-24 18:30:00+00:00,audusd,0.758145,0.7586,0.758,0.75858
2021-06-24 18:45:00+00:00,audusd,0.75883,0.75889,0.75809,0.75815
2021-06-24 19:00:00+00:00,audusd,0.75848,0.75882,0.75846,0.75882
2021-06-24 19:15:00+00:00,audusd,0.75835,0.7586,0.75825,0.75849
2021-06-24 19:30:00+00:00,audusd,0.7582,0.75841,0.75815,0.758355
2021-06-24 19:45:00+00:00,audusd,0.75852,0.75866,0.75811,0.758205
2021-06-24 20:00:00+00:00,audusd,0.758415,0.75871,0.75831,0.758525
2021-06-24 20:15:00+00:00,audusd,0.75872,0.7589,0.75827,0.75841
2021-06-24 20:30:00+00:00,audusd,0.75831,0.75876,0.75826,0.758715
2021-06-24 20:45:00+00:00,audusd,0.75832,0.758385,0.75816,0.758315
2021-06-24 21:00:00+00:00,audusd,0.758375,0.758375,0.75831,0.75833
2021-06-24 21:15:00+00:00,audusd,0.75851,0.75866,0.75834,0.75834
2021-06-24 21:30:00+00:00,audusd,0.75834,0.75852,0.75833,0.7585
2021-06-24 21:45:00+00:00,audusd,0.75835,0.75842,0.75833,0.75833
2021-06-24 22:00:00+00:00,audusd,0.758615,0.75864,0.758355,0.758355
2021-06-24 22:15:00+00:00,audusd,0.75877,0.758785,0.758455,0.75861
2021-06-24 22:30:00+00:00,audusd,0.75844,0.75878,0.75821,0.75878
2021-06-24 22:45:00+00:00,audusd,0.75838,0.75844,0.75829,0.75843
2021-06-24 23:00:00+00:00,audusd,0.7583,0.75863,0.7583,0.758385
2021-06-24 23:15:00+00:00,audusd,0.75811,0.75839,0.7581,0.75831
2021-06-24 23:30:00+00:00,audusd,0.75829,0.7584,0.7581,0.758105
2021-06-24 23:45:00+00:00,audusd,0.75818,0.75864,0.75809,0.7583
2021-06-25 00:00:00+00:00,audusd,0.75883,0.758845,0.75799,0.758185
2021-06-25 00:15:00+00:00,audusd,0.75896,0.75906,0.75853,0.758825
2021-06-25 00:30:00+00:00,audusd,0.75832,0.7591,0.75819,0.758965
2021-06-25 00:45:00+00:00,audusd,0.75851,0.758705,0.75815,0.758315
2021-06-25 01:00:00+00:00,audusd,0.75874,0.75904,0.7585,0.758505
2021-06-25 01:15:00+00:00,audusd,0.75921,0.75932,0.758685,0.758745
2021-06-25 01:30:00+00:00,audusd,0.75911,0.75942,0.75893,0.75922
2021-06-25 01:45:00+00:00,audusd,0.75893,0.759105,0.75872,0.7591
2021-06-25 02:00:00+00:00,audusd,0.75918,0.75931,0.758905,0.75894
2021-06-25 02:15:00+00:00,audusd,0.75933,0.759475,0.7591,0.75919
2021-06-25 02:30:00+00:00,audusd,0.75913,0.75936,0.75901,0.759325
2021-06-25 02:45:00+00:00,audusd,0.75897,0.759255,0.75892,0.759135
2021-06-25 03:00:00+00:00,audusd,0.75893,0.75906,0.75878,0.75896
2021-06-25 03:15:00+00:00,audusd,0.75923,0.75924,0.758895,0.758925
2021-06-25 03:30:00+00:00,audusd,0.75935,0.75939,0.75903,0.75924
2021-06-25 03:45:00+00:00,audusd,0.75929,0.75939,0.759245,0.759345
2021-06-25 04:00:00+00:00,audusd,0.75919,0.759395,0.75917,0.759285
2021-06-25 04:15:00+00:00,audusd,0.759235,0.75934,0.759195,0.759195
2021-06-25 04:30:00+00:00,audusd,0.75907,0.75923,0.75896,0.75923
2021-06-25 04:45:00+00:00,audusd,0.75895,0.75914,0.75893,0.759065
2021-06-25 05:00:00+00:00,audusd,0.75923,0.75944,0.75895,0.75896
2021-06-25 05:15:00+00:00,audusd,0.7593,0.759305,0.7591,0.759225
2021-06-25 05:30:00+00:00,audusd,0.759205,0.759315,0.75914,0.759295
2021-06-25 05:45:00+00:00,audusd,0.75949,0.759515,0.7592,0.75921
2021-06-25 06:00:00+00:00,audusd,0.758905,0.75954,0.75884,0.75948
2021-06-25 06:15:00+00:00,audusd,0.75928,0.75935,0.75888,0.75891
2021-06-25 06:30:00+00:00,audusd,0.75967,0.759865,0.759205,0.75927
2021-06-25 06:45:00+00:00,audusd,0.75957,0.759775,0.759455,0.75966
2021-06-25 07:00:00+00:00,audusd,0.75935,0.75974,0.75928,0.759565
2021-06-25 07:15:00+00:00,audusd,0.75921,0.75947,0.75904,0.75934
2021-06-25 07:30:00+00:00,audusd,0.75959,0.75973,0.7592,0.7592
2021-06-25 07:45:00+00:00,audusd,0.76014,0.760305,0.75957,0.759585
2021-06-25 08:00:00+00:00,audusd,0.75978,0.76014,0.759545,0.760135
2021-06-25 08:15:00+00:00,audusd,0.759755,0.76027,0.75969,0.75977
2021-06-25 08:30:00+00:00,audusd,0.75964,0.759935,0.75955,0.75975
2021-06-25 08:45:00+00:00,audusd,0.75978,0.75989,0.7593,0.759635
2021-06-25 09:00:00+00:00,audusd,0.75964,0.75992,0.759435,0.759785
2021-06-25 09:15:00+00:00,audusd,0.75954,0.75965,0.75942,0.759635
2021-06-25 09:30:00+00:00,audusd,0.75943,0.75962,0.75925,0.75955
2021-06-25 09:45:00+00:00,audusd,0.758985,0.75958,0.75887,0.75944
2021-06-25 10:00:00+00:00,audusd,0.75888,0.75904,0.75868,0.75899
2021-06-25 10:15:00+00:00,audusd,0.75891,0.75899,0.75878,0.758875
2021-06-25 10:30:00+00:00,audusd,0.7589,0.75907,0.75885,0.75892
2021-06-25 10:45:00+00:00,audusd,0.75932,0.75942,0.75887,0.758895
2021-06-25 11:00:00+00:00,audusd,0.75902,0.75943,0.759015,0.75933
2021-06-25 11:15:00+00:00,audusd,0.75911,0.75912,0.75883,0.759015
2021-06-25 11:30:00+00:00,audusd,0.75936,0.759475,0.75912,0.75912
2021-06-25 11:45:00+00:00,audusd,0.75931,0.75948,0.75916,0.75935
2021-06-25 12:00:00+00:00,audusd,0.75977,0.75996,0.75927,0.759305
2021-06-25 12:15:00+00:00,audusd,0.76039,0.76039,0.75977,0.759775
2021-06-25 12:30:00+00:00,audusd,0.761035,0.761055,0.7601,0.760385
2021-06-25 12:45:00+00:00,audusd,0.76089,0.76118,0.760815,0.76104
2021-06-25 13:00:00+00:00,audusd,0.76051,0.76112,0.76037,0.760895
2021-06-25 13:15:00+00:00,audusd,0.761,0.76103,0.76042,0.76052
2021-06-25 13:30:00+00:00,audusd,0.76092,0.761195,0.76067,0.76099
2021-06-25 13:45:00+00:00,audusd,0.76142,0.7615,0.760905,0.760925
2021-06-25 14:00:00+00:00,audusd,0.76167,0.761675,0.76111,0.761415
2021-06-25 14:15:00+00:00,audusd,0.761305,0.76166,0.76111,0.76166
2021-06-25 14:30:00+00:00,audusd,0.76074,0.76152,0.76067,0.76131
2021-06-25 14:45:00+00:00,audusd,0.76093,0.76094,0.760585,0.760735
2021-06-25 15:00:00+00:00,audusd,0.76103,0.76122,0.76075,0.760925
2021-06-25 15:15:00+00:00,audusd,0.76078,0.76118,0.76061,0.76104
2021-06-25 15:30:00+00:00,audusd,0.7603,0.76078,0.76022,0.760775
2021-06-25 15:45:00+00:00,audusd,0.76022,0.760305,0.759865,0.760305
2021-06-25 16:00:00+00:00,audusd,0.76052,0.760665,0.76002,0.760215
2021-06-25 16:15:00+00:00,audusd,0.76054,0.76061,0.760105,0.760525
2021-06-25 16:30:00+00:00,audusd,0.76028,0.76074,0.76022,0.76053
2021-06-25 16:45:00+00:00,audusd,0.76033,0.76054,0.759905,0.76027
2021-06-25 17:00:00+00:00,audusd,0.76039,0.76062,0.76006,0.760335
2021-06-25 17:15:00+00:00,audusd,0.75972,0.76042,0.75972,0.760395
2021-06-25 17:30:00+00:00,audusd,0.75975,0.759985,0.75962,0.7597
2021-06-25 17:45:00+00:00,audusd,0.75996,0.760195,0.759675,0.759755
2021-06-25 18:00:00+00:00,audusd,0.75957,0.75999,0.75929,0.759965
2021-06-25 18:15:00+00:00,audusd,0.759395,0.759625,0.759325,0.759575
2021-06-25 18:30:00+00:00,audusd,0.75928,0.75955,0.75915,0.7594
2021-06-25 18:45:00+00:00,audusd,0.75925,0.75955,0.75918,0.75927
2021-06-25 19:00:00+00:00,audusd,0.75878,0.75936,0.75874,0.759245
2021-06-25 19:15:00+00:00,audusd,0.75883,0.75894,0.75848,0.758775
2021-06-25 19:30:00+00:00,audusd,0.75837,0.759,0.75836,0.758835
2021-06-25 19:45:00+00:00,audusd,0.75856,0.75859,0.75824,0.758365
2021-06-25 20:00:00+00:00,audusd,0.75873,0.7588,0.75853,0.75857
2021-06-25 20:15:00+00:00,audusd,0.75934,0.759345,0.758675,0.758735
2021-06-25 20:30:00+00:00,audusd,0.75967,0.759755,0.7593,0.759345
2021-06-25 20:45:00+00:00,audusd,0.75967,0.75986,0.75946,0.759665
2021-06-25 21:00:00+00:00,audusd,0.759285,0.75973,0.75905,0.75966
2021-06-27 21:00:00+00:00,audusd,0.75814,0.75836,0.757795,0.757795
2021-06-27 21:15:00+00:00,audusd,0.75823,0.7589,0.75782,0.75808
2021-06-27 21:30:00+00:00,audusd,0.75831,0.758745,0.75824,0.75826
2021-06-27 21:45:00+00:00,audusd,0.7586,0.75971,0.758315,0.75833
2021-06-27 22:00:00+00:00,audusd,0.75897,0.7598,0.758615,0.758615
2021-06-27 22:15:00+00:00,audusd,0.75913,0.75918,0.75897,0.758975
2021-06-27 22:30:00+00:00,audusd,0.758265,0.75913,0.75822,0.759125
2021-06-27 22:45:00+00:00,audusd,0.75858,0.75858,0.75796,0.75826
2021-06-27 23:00:00+00:00,audusd,0.75865,0.75879,0.75856,0.758585
2021-06-27 23:15:00+00:00,audusd,0.75865,0.75897,0.75859,0.75866
2021-06-27 23:30:00+00:00,audusd,0.758985,0.759,0.75857,0.75866
2021-06-27 23:45:00+00:00,audusd,0.75914,0.75914,0.75891,0.75899
2021-06-28 00:00:00+00:00,audusd,0.75906,0.75952,0.75895,0.75913
2021-06-28 00:15:00+00:00,audusd,0.75896,0.75913,0.75865,0.759065
2021-06-28 00:30:00+00:00,audusd,0.759085,0.75914,0.75884,0.758955
2021-06-28 00:45:00+00:00,audusd,0.75895,0.75914,0.75891,0.75909
2021-06-28 01:00:00+00:00,audusd,0.75927,0.75938,0.75883,0.758945
2021-06-28 01:15:00+00:00,audusd,0.75903,0.75951,0.759,0.75928
2021-06-28 01:30:00+00:00,audusd,0.75848,0.75929,0.758395,0.759035
2021-06-28 01:45:00+00:00,audusd,0.758325,0.758595,0.75799,0.758485
2021-06-28 02:00:00+00:00,audusd,0.75784,0.758325,0.757705,0.75832
2021-06-28 02:15:00+00:00,audusd,0.758345,0.75835,0.757735,0.757835
2021-06-28 02:30:00+00:00,audusd,0.75863,0.75883,0.75825,0.75835
2021-06-28 02:45:00+00:00,audusd,0.758485,0.75892,0.75847,0.758625
2021-06-28 03:00:00+00:00,audusd,0.75857,0.75864,0.75829,0.75849
2021-06-28 03:15:00+00:00,audusd,0.75846,0.758645,0.75838,0.758565
2021-06-28 03:30:00+00:00,audusd,0.75881,0.75885,0.75837,0.75845
2021-06-28 03:45:00+00:00,audusd,0.758665,0.758865,0.75859,0.758815
2021-06-28 04:00:00+00:00,audusd,0.758535,0.75877,0.75852,0.75867
2021-06-28 04:15:00+00:00,audusd,0.75877,0.75891,0.75852,0.75854
2021-06-28 04:30:00+00:00,audusd,0.75871,0.75884,0.75868,0.75878
2021-06-28 04:45:00+00:00,audusd,0.75894,0.759,0.75871,0.758715
2021-06-28 05:00:00+00:00,audusd,0.759065,0.759155,0.758895,0.75895
2021-06-28 05:15:00+00:00,audusd,0.75931,0.75934,0.75899,0.75906
2021-06-28 05:30:00+00:00,audusd,0.75937,0.75954,0.75927,0.7593
2021-06-28 05:45:00+00:00,audusd,0.75916,0.75946,0.75908,0.759375
2021-06-28 06:00:00+00:00,audusd,0.75883,0.75926,0.75874,0.759155
2021-06-28 06:15:00+00:00,audusd,0.75922,0.75922,0.75872,0.75884
2021-06-28 06:30:00+00:00,audusd,0.75922,0.75929,0.75889,0.759225
2021-06-28 06:45:00+00:00,audusd,0.75977,0.759785,0.75907,0.759215
2021-06-28 07:00:00+00:00,audusd,0.75988,0.76005,0.75942,0.75976
2021-06-28 07:15:00+00:00,audusd,0.75991,0.760185,0.75982,0.759885
2021-06-28 07:30:00+00:00,audusd,0.75954,0.76004,0.75938,0.759915
2021-06-28 07:45:00+00:00,audusd,0.7593,0.75965,0.75912,0.75953
2021-06-28 08:00:00+00:00,audusd,0.759035,0.75943,0.75897,0.759285
2021-06-28 08:15:00+00:00,audusd,0.75843,0.75918,0.75843,0.75904
2021-06-28 08:30:00+00:00,audusd,0.75803,0.75864,0.75789,0.758435
2021-06-28 08:45:00+00:00,audusd,0.758185,0.758185,0.75771,0.758035
2021-06-28 09:00:00+00:00,audusd,0.75836,0.75843,0.75789,0.75818
2021-06-28 09:15:00+00:00,audusd,0.7587,0.75874,0.75802,0.75837
2021-06-28 09:30:00+00:00,audusd,0.75819,0.75878,0.75818,0.758705
2021-06-28 09:45:00+00:00,audusd,0.75813,0.7585,0.758035,0.758195
2021-06-28 10:00:00+00:00,audusd,0.75854,0.75855,0.75808,0.758125
2021-06-28 10:15:00+00:00,audusd,0.75883,0.75892,0.7583,0.758535
2021-06-28 10:30:00+00:00,audusd,0.75879,0.75901,0.758685,0.758825
2021-06-28 10:45:00+00:00,audusd,0.75825,0.75885,0.75813,0.7588
2021-06-28 11:00:00+00:00,audusd,0.75838,0.75868,0.758245,0.75826
2021-06-28 11:15:00+00:00,audusd,0.757655,0.75857,0.757595,0.758385
2021-06-28 11:30:00+00:00,audusd,0.75708,0.75778,0.75688,0.75765
2021-06-28 11:45:00+00:00,audusd,0.75636,0.75707,0.75633,0.75707
2021-06-28 12:00:00+00:00,audusd,0.75579,0.7565,0.75578,0.756355
2021-06-28 12:15:00+00:00,audusd,0.75579,0.75604,0.75573,0.755785
2021-06-28 12:30:00+00:00,audusd,0.75622,0.75631,0.75571,0.755785
2021-06-28 12:45:00+00:00,audusd,0.75614,0.75663,0.756025,0.756225
2021-06-28 13:00:00+00:00,audusd,0.75609,0.75639,0.75587,0.756135
2021-06-28 13:15:00+00:00,audusd,0.75655,0.75672,0.75603,0.756085
2021-06-28 13:30:00+00:00,audusd,0.75634,0.75655,0.75621,0.756545
2021-06-28 13:45:00+00:00,audusd,0.756645,0.75669,0.75629,0.75633
2021-06-28 14:00:00+00:00,audusd,0.75643,0.75681,0.756365,0.75664
2021-06-28 14:15:00+00:00,audusd,0.75596,0.75668,0.755945,0.756425
2021-06-28 14:30:00+00:00,audusd,0.75587,0.75612,0.75548,0.75595
2021-06-28 14:45:00+00:00,audusd,0.75671,0.75674,0.75568,0.755865
2021-06-28 15:00:00+00:00,audusd,0.75683,0.75698,0.75656,0.75672
2021-06-28 15:15:00+00:00,audusd,0.75668,0.75693,0.75643,0.756835
2021-06-28 15:30:00+00:00,audusd,0.75693,0.75715,0.75668,0.756685
2021-06-28 15:45:00+00:00,audusd,0.75706,0.75729,0.756775,0.75692
2021-06-28 16:00:00+00:00,audusd,0.75743,0.75743,0.75691,0.757065
2021-06-28 16:15:00+00:00,audusd,0.75719,0.75772,0.75719,0.757435
2021-06-28 16:30:00+00:00,audusd,0.75713,0.757205,0.75696,0.757185
2021-06-28 16:45:00+00:00,audusd,0.757725,0.75798,0.7571,0.75712
2021-06-28 17:00:00+00:00,audusd,0.75688,0.75773,0.75683,0.75772
2021-06-28 17:15:00+00:00,audusd,0.7573,0.757385,0.75682,0.756885
2021-06-28 17:30:00+00:00,audusd,0.75734,0.75737,0.75709,0.75731
2021-06-28 17:45:00+00:00,audusd,0.756875,0.75737,0.75678,0.757335
2021-06-28 18:00:00+00:00,audusd,0.75612,0.7569,0.75609,0.75687
2021-06-28 18:15:00+00:00,audusd,0.75654,0.7566,0.75609,0.75611
2021-06-28 18:30:00+00:00,audusd,0.75649,0.75668,0.75626,0.756545
2021-06-28 18:45:00+00:00,audusd,0.7567,0.75685,0.7564,0.756485
2021-06-28 19:00:00+00:00,audusd,0.75641,0.75675,0.75628,0.756695
2021-06-28 19:15:00+00:00,audusd,0.75656,0.75685,0.75639,0.7564
2021-06-28 19:30:00+00:00,audusd,0.75662,0.75677,0.756335,0.756555
2021-06-28 19:45:00+00:00,audusd,0.75656,0.75668,0.75645,0.756615
2021-06-28 20:00:00+00:00,audusd,0.75656,0.756565,0.75649,0.756555
2021-06-28 20:15:00+00:00,audusd,0.75646,0.75663,0.75645,0.75655
2021-06-28 20:30:00+00:00,audusd,0.7565,0.756535,0.75646,0.75647
2021-06-28 20:45:00+00:00,audusd,0.75672,0.75673,0.75646,0.75649
2021-06-28 21:00:00+00:00,audusd,0.7567,0.75672,0.756675,0.756675
2021-06-28 21:15:00+00:00,audusd,0.75683,0.75683,0.75663,0.75663
2021-06-28 21:30:00+00:00,audusd,0.75686,0.75686,0.756745,0.75682
2021-06-28 21:45:00+00:00,audusd,0.75689,0.75691,0.75685,0.756865
2021-06-28 22:00:00+00:00,audusd,0.75669,0.7569,0.75656,0.7569
2021-06-28 22:15:00+00:00,audusd,0.75681,0.75682,0.75667,0.7567
2021-06-28 22:30:00+00:00,audusd,0.7567,0.75687,0.7567,0.756815
2021-06-28 22:45:00+00:00,audusd,0.7565,0.75671,0.75644,0.756705
2021-06-28 23:00:00+00:00,audusd,0.7567,0.75684,0.75644,0.756495
2021-06-28 23:15:00+00:00,audusd,0.75662,0.75673,0.75653,0.75671
2021-06-28 23:30:00+00:00,audusd,0.75668,0.75669,0.75657,0.75661
2021-06-28 23:45:00+00:00,audusd,0.75684,0.75691,0.75665,0.75667
2021-06-29 00:00:00+00:00,audusd,0.756245,0.75708,0.75617,0.756845
2021-06-29 00:15:00+00:00,audusd,0.755985,0.75627,0.75585,0.75624
2021-06-29 00:30:00+00:00,audusd,0.75627,0.75627,0.75573,0.75599
2021-06-29 00:45:00+00:00,audusd,0.756055,0.75633,0.75587,0.756275
2021-06-29 01:00:00+00:00,audusd,0.75619,0.75641,0.75582,0.75606
2021-06-29 01:15:00+00:00,audusd,0.75655,0.75667,0.75616,0.75618
2021-06-29 01:30:00+00:00,audusd,0.75615,0.75658,0.755935,0.756555
2021-06-29 01:45:00+00:00,audusd,0.75597,0.75628,0.75586,0.75616
2021-06-29 02:00:00+00:00,audusd,0.75536,0.756,0.75524,0.755965
2021-06-29 02:15:00+00:00,audusd,0.75568,0.75579,0.75517,0.755365
2021-06-29 02:30:00+00:00,audusd,0.75564,0.75574,0.755325,0.75567
2021-06-29 02:45:00+00:00,audusd,0.75567,0.75584,0.755465,0.755635
2021-06-29 03:00:00+00:00,audusd,0.755085,0.755695,0.75508,0.75566
2021-06-29 03:15:00+00:00,audusd,0.75538,0.75539,0.75496,0.75508
2021-06-29 03:30:00+00:00,audusd,0.7551,0.75544,0.755075,0.755385
2021-06-29 03:45:00+00:00,audusd,0.75551,0.755545,0.75503,0.75509
2021-06-29 04:00:00+00:00,audusd,0.75559,0.755645,0.7555,0.755525
2021-06-29 04:15:00+00:00,audusd,0.75547,0.75573,0.75547,0.755585
2021-06-29 04:30:00+00:00,audusd,0.75572,0.75583,0.75547,0.75548
2021-06-29 04:45:00+00:00,audusd,0.75518,0.75571,0.75512,0.75571
2021-06-29 05:00:00+00:00,audusd,0.755545,0.755575,0.75495,0.755185
2021-06-29 05:15:00+00:00,audusd,0.75579,0.75591,0.75554,0.75554
2021-06-29 05:30:00+00:00,audusd,0.75608,0.75617,0.755785,0.755785
2021-06-29 05:45:00+00:00,audusd,0.75643,0.75648,0.75582,0.756085
2021-06-29 06:00:00+00:00,audusd,0.75621,0.75647,0.756015,0.756435
2021-06-29 06:15:00+00:00,audusd,0.75628,0.756485,0.755925,0.75617
2021-06-29 06:30:00+00:00,audusd,0.75587,0.75636,0.755765,0.756285
2021-06-29 06:45:00+00:00,audusd,0.75575,0.756055,0.75557,0.755865
2021-06-29 07:00:00+00:00,audusd,0.75523,0.755945,0.75512,0.755745
2021-06-29 07:15:00+00:00,audusd,0.75472,0.75538,0.754565,0.755235
2021-06-29 07:30:00+00:00,audusd,0.75483,0.754895,0.75458,0.754715
2021-06-29 07:45:00+00:00,audusd,0.75473,0.75505,0.75456,0.754835
2021-06-29 08:00:00+00:00,audusd,0.75399,0.75483,0.75382,0.75472
2021-06-29 08:15:00+00:00,audusd,0.75339,0.75407,0.75337,0.753995
2021-06-29 08:30:00+00:00,audusd,0.752925,0.75362,0.752925,0.75338
2021-06-29 08:45:00+00:00,audusd,0.75296,0.75323,0.752735,0.75292
2021-06-29 09:00:00+00:00,audusd,0.753125,0.75314,0.75267,0.752965
2021-06-29 09:15:00+00:00,audusd,0.75347,0.7535,0.75304,0.75312
2021-06-29 09:30:00+00:00,audusd,0.753645,0.75368,0.753245,0.753475
2021-06-29 09:45:00+00:00,audusd,0.75328,0.75391,0.75327,0.75364
2021-06-29 10:00:00+00:00,audusd,0.753485,0.75378,0.753255,0.75329
2021-06-29 10:15:00+00:00,audusd,0.75286,0.753495,0.75247,0.75349
2021-06-29 10:30:00+00:00,audusd,0.75287,0.75293,0.75221,0.752865
2021-06-29 10:45:00+00:00,audusd,0.75318,0.75318,0.75253,0.75286
2021-06-29 11:00:00+00:00,audusd,0.7522,0.753185,0.752175,0.753185
2021-06-29 11:15:00+00:00,audusd,0.75217,0.75243,0.75213,0.752195
2021-06-29 11:30:00+00:00,audusd,0.75236,0.75275,0.75208,0.75216
2021-06-29 11:45:00+00:00,audusd,0.75164,0.75238,0.75137,0.752355
2021-06-29 12:00:00+00:00,audusd,0.75192,0.752065,0.75158,0.75165
2021-06-29 12:15:00+00:00,audusd,0.75153,0.75205,0.75122,0.751925
2021-06-29 12:30:00+00:00,audusd,0.75089,0.75167,0.750765,0.75154
2021-06-29 12:45:00+00:00,audusd,0.7513,0.75131,0.750795,0.750885
2021-06-29 13:00:00+00:00,audusd,0.75162,0.751675,0.75114,0.75129
2021-06-29 13:15:00+00:00,audusd,0.75234,0.75249,0.75156,0.751625
2021-06-29 13:30:00+00:00,audusd,0.75237,0.75269,0.752065,0.75233
2021-06-29 13:45:00+00:00,audusd,0.75181,0.75262,0.75177,0.752365
2021-06-29 14:00:00+00:00,audusd,0.75187,0.752155,0.75133,0.751725
2021-06-29 14:15:00+00:00,audusd,0.75196,0.75209,0.751355,0.75189
2021-06-29 14:30:00+00:00,audusd,0.7516,0.75217,0.75153,0.75199
2021-06-29 14:45:00+00:00,audusd,0.75163,0.752225,0.751055,0.75159
2021-06-29 15:00:00+00:00,audusd,0.751495,0.75167,0.7513,0.751625
2021-06-29 15:15:00+00:00,audusd,0.75177,0.75211,0.751405,0.7515
2021-06-29 15:30:00+00:00,audusd,0.75169,0.751835,0.751615,0.751765
2021-06-29 15:45:00+00:00,audusd,0.75169,0.75186,0.75153,0.751695
2021-06-29 16:00:00+00:00,audusd,0.75179,0.75186,0.751585,0.751685
2021-06-29 16:15:00+00:00,audusd,0.75159,0.751785,0.75153,0.751785
2021-06-29 16:30:00+00:00,audusd,0.7512,0.75161,0.75109,0.751585
2021-06-29 16:45:00+00:00,audusd,0.7515,0.751555,0.7512,0.751205
2021-06-29 17:00:00+00:00,audusd,0.7513,0.75149,0.75116,0.75149
2021-06-29 17:15:00+00:00,audusd,0.751255,0.75142,0.75125,0.75131
2021-06-29 17:30:00+00:00,audusd,0.7511,0.75129,0.751015,0.75125
2021-06-29 17:45:00+00:00,audusd,0.75126,0.751325,0.75099,0.75111
2021-06-29 18:00:00+00:00,audusd,0.75155,0.75159,0.7512,0.751265
2021-06-29 18:15:00+00:00,audusd,0.75171,0.75175,0.751555,0.751555
2021-06-29 18:30:00+00:00,audusd,0.75152,0.75181,0.7514,0.751705
2021-06-29 18:45:00+00:00,audusd,0.75148,0.75176,0.7514,0.751515
2021-06-29 19:00:00+00:00,audusd,0.751045,0.75149,0.75086,0.751475
2021-06-29 19:15:00+00:00,audusd,0.751,0.7511,0.7509,0.75104
2021-06-29 19:30:00+00:00,audusd,0.75121,0.75127,0.75099,0.751005
2021-06-29 19:45:00+00:00,audusd,0.7512,0.751415,0.75114,0.7512
2021-06-29 20:00:00+00:00,audusd,0.75145,0.75147,0.7512,0.75121
2021-06-29 20:15:00+00:00,audusd,0.751405,0.7515,0.75129,0.75144
2021-06-29 20:30:00+00:00,audusd,0.7512,0.751415,0.75115,0.7514
2021-06-29 20:45:00+00:00,audusd,0.75121,0.75127,0.75105,0.751205
2021-06-29 21:00:00+00:00,audusd,0.75133,0.75133,0.75127,0.75127
2021-06-29 21:15:00+00:00,audusd,0.75129,0.75154,0.75118,0.75118
2021-06-29 21:30:00+00:00,audusd,0.75115,0.75133,0.7511,0.751275
2021-06-29 21:45:00+00:00,audusd,0.75154,0.751685,0.75113,0.751155
2021-06-29 22:00:00+00:00,audusd,0.75127,0.751535,0.75119,0.751535
2021-06-29 22:15:00+00:00,audusd,0.7514,0.75145,0.75124,0.75128
2021-06-29 22:30:00+00:00,audusd,0.75119,0.75141,0.75086,0.751395
2021-06-29 22:45:00+00:00,audusd,0.751215,0.75128,0.75114,0.7512
2021-06-29 23:00:00+00:00,audusd,0.75127,0.75137,0.75104,0.75121
2021-06-29 23:15:00+00:00,audusd,0.75115,0.75132,0.75109,0.751275
2021-06-29 23:30:00+00:00,audusd,0.75116,0.751175,0.75102,0.751155
2021-06-29 23:45:00+00:00,audusd,0.75136,0.75147,0.751165,0.751165
2021-06-30 00:00:00+00:00,audusd,0.75176,0.75193,0.751265,0.751365
2021-06-30 00:15:00+00:00,audusd,0.7519,0.75203,0.75169,0.751765
2021-06-30 00:30:00+00:00,audusd,0.75188,0.752,0.75159,0.75191
2021-06-30 00:45:00+00:00,audusd,0.75157,0.75197,0.75154,0.75189
2021-06-30 01:00:00+00:00,audusd,0.75145,0.75173,0.75115,0.75156
2021-06-30 01:15:00+00:00,audusd,0.75127,0.75155,0.75112,0.751445
2021-06-30 01:30:00+00:00,audusd,0.75157,0.75169,0.75112,0.751275
2021-06-30 01:45:00+00:00,audusd,0.75177,0.75203,0.751555,0.75156
2021-06-30 02:00:00+00:00,audusd,0.75182,0.75188,0.75148,0.751765
2021-06-30 02:15:00+00:00,audusd,0.75217,0.752435,0.751815,0.751825
2021-06-30 02:30:00+00:00,audusd,0.75212,0.75229,0.75207,0.752165
2021-06-30 02:45:00+00:00,audusd,0.75228,0.75239,0.75197,0.75213
2021-06-30 03:00:00+00:00,audusd,0.75202,0.75232,0.75171,0.75227
2021-06-30 03:15:00+00:00,audusd,0.75183,0.7521,0.75177,0.752015
2021-06-30 03:30:00+00:00,audusd,0.75208,0.752085,0.751835,0.751835
2021-06-30 03:45:00+00:00,audusd,0.75233,0.7524,0.75204,0.752085
2021-06-30 04:00:00+00:00,audusd,0.75223,0.75233,0.752135,0.752325
2021-06-30 04:15:00+00:00,audusd,0.752535,0.75273,0.752225,0.75224
2021-06-30 04:30:00+00:00,audusd,0.75189,0.75254,0.751885,0.75253
2021-06-30 04:45:00+00:00,audusd,0.752215,0.75224,0.75174,0.751885
2021-06-30 05:00:00+00:00,audusd,0.75238,0.75241,0.75213,0.75221
2021-06-30 05:15:00+00:00,audusd,0.75227,0.75255,0.752155,0.752375
2021-06-30 05:30:00+00:00,audusd,0.75217,0.75237,0.75204,0.752275
2021-06-30 05:45:00+00:00,audusd,0.75166,0.75217,0.75166,0.75217
2021-06-30 06:00:00+00:00,audusd,0.7516,0.75198,0.75153,0.751655
2021-06-30 06:15:00+00:00,audusd,0.75209,0.75214,0.751525,0.75153
2021-06-30 06:30:00+00:00,audusd,0.75208,0.75242,0.75196,0.752085
2021-06-30 06:45:00+00:00,audusd,0.75242,0.75264,0.751975,0.752075
2021-06-30 07:00:00+00:00,audusd,0.75179,0.75243,0.751615,0.75241
2021-06-30 07:15:00+00:00,audusd,0.75161,0.75193,0.751475,0.75178
2021-06-30 07:30:00+00:00,audusd,0.75177,0.75188,0.75143,0.7516
2021-06-30 07:45:00+00:00,audusd,0.75173,0.75213,0.75171,0.751775
2021-06-30 08:00:00+00:00,audusd,0.75074,0.75178,0.75074,0.751725
2021-06-30 08:15:00+00:00,audusd,0.75051,0.750745,0.750055,0.750745
2021-06-30 08:30:00+00:00,audusd,0.749965,0.75067,0.7499,0.75052
2021-06-30 08:45:00+00:00,audusd,0.74993,0.75011,0.74967,0.74996
2021-06-30 09:00:00+00:00,audusd,0.750015,0.75007,0.74977,0.74992
2021-06-30 09:15:00+00:00,audusd,0.75057,0.75066,0.749935,0.75002
2021-06-30 09:30:00+00:00,audusd,0.75028,0.75063,0.75004,0.750575
2021-06-30 09:45:00+00:00,audusd,0.75026,0.75043,0.75018,0.75027
2021-06-30 10:00:00+00:00,audusd,0.75005,0.75043,0.75003,0.750265
2021-06-30 10:15:00+00:00,audusd,0.75008,0.75013,0.74987,0.750055
2021-06-30 10:30:00+00:00,audusd,0.750435,0.75063,0.75007,0.750075
2021-06-30 10:45:00+00:00,audusd,0.750415,0.75053,0.75007,0.75044
2021-06-30 11:00:00+00:00,audusd,0.75066,0.75074,0.75012,0.75042
2021-06-30 11:15:00+00:00,audusd,0.75069,0.75106,0.750625,0.750665
2021-06-30 11:30:00+00:00,audusd,0.75066,0.75083,0.75052,0.750695
2021-06-30 11:45:00+00:00,audusd,0.75056,0.750745,0.75047,0.750655
2021-06-30 12:00:00+00:00,audusd,0.74981,0.7506,0.74964,0.750565
2021-06-30 12:15:00+00:00,audusd,0.749485,0.750645,0.74947,0.7498
2021-06-30 12:30:00+00:00,audusd,0.74964,0.74992,0.749335,0.749545
2021-06-30 12:45:00+00:00,audusd,0.750135,0.75036,0.74954,0.749645
2021-06-30 13:00:00+00:00,audusd,0.74993,0.75039,0.749875,0.75013
2021-06-30 13:15:00+00:00,audusd,0.74977,0.74995,0.74951,0.749935
2021-06-30 13:30:00+00:00,audusd,0.750825,0.75095,0.74976,0.749775
2021-06-30 13:45:00+00:00,audusd,0.75031,0.75085,0.750025,0.75083
2021-06-30 14:00:00+00:00,audusd,0.75002,0.75044,0.74996,0.750315
2021-06-30 14:15:00+00:00,audusd,0.74973,0.75006,0.749635,0.750005
2021-06-30 14:30:00+00:00,audusd,0.75034,0.75114,0.74958,0.749725
2021-06-30 14:45:00+00:00,audusd,0.750875,0.75131,0.75022,0.75045
2021-06-30 15:00:00+00:00,audusd,0.75037,0.75097,0.7502,0.75088
2021-06-30 15:15:00+00:00,audusd,0.74981,0.75046,0.749665,0.750365
2021-06-30 15:30:00+00:00,audusd,0.74925,0.749825,0.74924,0.749805
2021-06-30 15:45:00+00:00,audusd,0.74958,0.749655,0.74921,0.749255
2021-06-30 16:00:00+00:00,audusd,0.75006,0.75007,0.74944,0.749585
2021-06-30 16:15:00+00:00,audusd,0.74978,0.75026,0.74976,0.750065
2021-06-30 16:30:00+00:00,audusd,0.74992,0.75004,0.74962,0.749785
2021-06-30 16:45:00+00:00,audusd,0.749655,0.75009,0.74956,0.74993
2021-06-30 17:00:00+00:00,audusd,0.75001,0.750065,0.749655,0.74966
2021-06-30 17:15:00+00:00,audusd,0.75006,0.75028,0.74997,0.75002
2021-06-30 17:30:00+00:00,audusd,0.7497,0.75011,0.74965,0.75007
2021-06-30 17:45:00+00:00,audusd,0.74976,0.74989,0.74969,0.749695
2021-06-30 18:00:00+00:00,audusd,0.749455,0.74983,0.74944,0.749765
2021-06-30 18:15:00+00:00,audusd,0.74969,0.749775,0.74945,0.74945
2021-06-30 18:30:00+00:00,audusd,0.749775,0.7498,0.749635,0.749685
2021-06-30 18:45:00+00:00,audusd,0.74957,0.7498,0.749545,0.74977
2021-06-30 19:00:00+00:00,audusd,0.74965,0.74971,0.74952,0.749565
2021-06-30 19:15:00+00:00,audusd,0.74999,0.750005,0.74964,0.749645
2021-06-30 19:30:00+00:00,audusd,0.75025,0.750465,0.74991,0.749995
2021-06-30 19:45:00+00:00,audusd,0.749845,0.75031,0.74979,0.750255
2021-06-30 20:00:00+00:00,audusd,0.7496,0.75003,0.74958,0.74985
2021-06-30 20:15:00+00:00,audusd,0.74965,0.74969,0.74952,0.74959
2021-06-30 20:30:00+00:00,audusd,0.7499,0.7499,0.74961,0.749655
2021-06-30 20:45:00+00:00,audusd,0.74987,0.75014,0.74979,0.749895
2021-06-30 21:00:00+00:00,audusd,0.74981,0.75005,0.74964,0.74976
2021-06-30 21:15:00+00:00,audusd,0.749865,0.74992,0.74978,0.749825
2021-06-30 21:30:00+00:00,audusd,0.74991,0.74997,0.74983,0.74986
2021-06-30 21:45:00+00:00,audusd,0.75003,0.75008,0.74992,0.74993
2021-06-30 22:00:00+00:00,audusd,0.75001,0.750085,0.74991,0.75004
2021-06-30 22:15:00+00:00,audusd,0.75006,0.75009,0.74995,0.75002
2021-06-30 22:30:00+00:00,audusd,0.75,0.75016,0.74992,0.75005
2021-06-30 22:45:00+00:00,audusd,0.749895,0.750075,0.74986,0.74999
2021-06-30 23:00:00+00:00,audusd,0.75008,0.75011,0.749895,0.7499
2021-06-30 23:15:00+00:00,audusd,0.74986,0.75012,0.749855,0.750075
2021-06-30 23:30:00+00:00,audusd,0.74994,0.749945,0.74974,0.74985
2021-06-30 23:45:00+00:00,audusd,0.749745,0.74993,0.7497,0.74993
2021-07-01 00:00:00+00:00,audusd,0.7493,0.74976,0.74909,0.74974
2021-07-01 00:15:00+00:00,audusd,0.74923,0.749335,0.74911,0.749305
2021-07-01 00:30:00+00:00,audusd,0.74897,0.7494,0.74894,0.749225
2021-07-01 00:45:00+00:00,audusd,0.74858,0.749035,0.7485,0.748965
2021-07-01 01:00:00+00:00,audusd,0.74891,0.74897,0.74853,0.748585
2021-07-01 01:15:00+00:00,audusd,0.74856,0.74892,0.748525,0.748905
2021-07-01 01:30:00+00:00,audusd,0.74893,0.74903,0.74853,0.748565
2021-07-01 01:45:00+00:00,audusd,0.748975,0.74904,0.748535,0.74892
2021-07-01 02:00:00+00:00,audusd,0.748975,0.74898,0.74872,0.74897
2021-07-01 02:15:00+00:00,audusd,0.748865,0.74899,0.74874,0.74897
2021-07-01 02:30:00+00:00,audusd,0.74875,0.74909,0.74872,0.74887
2021-07-01 02:45:00+00:00,audusd,0.74913,0.74924,0.748755,0.748755
2021-07-01 03:00:00+00:00,audusd,0.74883,0.74914,0.74873,0.749125
2021-07-01 03:15:00+00:00,audusd,0.74886,0.74894,0.74875,0.748825
2021-07-01 03:30:00+00:00,audusd,0.74923,0.74924,0.748835,0.748855
2021-07-01 03:45:00+00:00,audusd,0.74915,0.749245,0.74901,0.74924
2021-07-01 04:00:00+00:00,audusd,0.7493,0.74931,0.74913,0.749155
2021-07-01 04:15:00+00:00,audusd,0.74907,0.74929,0.74902,0.74929
2021-07-01 04:30:00+00:00,audusd,0.74887,0.74908,0.74884,0.74906
2021-07-01 04:45:00+00:00,audusd,0.748905,0.74902,0.74887,0.74888
2021-07-01 05:00:00+00:00,audusd,0.7488,0.748965,0.74878,0.7489
2021-07-01 05:15:00+00:00,audusd,0.74833,0.74883,0.74827,0.748795
2021-07-01 05:30:00+00:00,audusd,0.74828,0.74839,0.748165,0.74832
2021-07-01 05:45:00+00:00,audusd,0.74828,0.74846,0.74817,0.748275
2021-07-01 06:00:00+00:00,audusd,0.74819,0.74849,0.74807,0.748285
2021-07-01 06:15:00+00:00,audusd,0.74788,0.748325,0.74783,0.7482
2021-07-01 06:30:00+00:00,audusd,0.74841,0.74843,0.74762,0.747875
2021-07-01 06:45:00+00:00,audusd,0.74854,0.74867,0.74802,0.748415
2021-07-01 07:00:00+00:00,audusd,0.74992,0.74992,0.74827,0.74853
2021-07-01 07:15:00+00:00,audusd,0.75028,0.75041,0.74979,0.74991
2021-07-01 07:30:00+00:00,audusd,0.74957,0.75038,0.74957,0.750285
2021-07-01 07:45:00+00:00,audusd,0.74945,0.74977,0.74911,0.749565
2021-07-01 08:00:00+00:00,audusd,0.74895,0.74971,0.748795,0.749455
2021-07-01 08:15:00+00:00,audusd,0.748885,0.7495,0.74886,0.748945
2021-07-01 08:30:00+00:00,audusd,0.74887,0.74908,0.74863,0.74888
2021-07-01 08:45:00+00:00,audusd,0.74866,0.74908,0.74853,0.74888
2021-07-01 09:00:00+00:00,audusd,0.74862,0.74876,0.7483,0.748655
2021-07-01 09:15:00+00:00,audusd,0.74885,0.748885,0.748465,0.748625
2021-07-01 09:30:00+00:00,audusd,0.74907,0.74933,0.74862,0.748845
2021-07-01 09:45:00+00:00,audusd,0.74886,0.749065,0.748755,0.749065
2021-07-01 10:00:00+00:00,audusd,0.74796,0.74886,0.74793,0.74885
2021-07-01 10:15:00+00:00,audusd,0.748,0.74823,0.74782,0.747965
2021-07-01 10:30:00+00:00,audusd,0.74818,0.74832,0.74792,0.747995
2021-07-01 10:45:00+00:00,audusd,0.74892,0.74897,0.74798,0.748185
2021-07-01 11:00:00+00:00,audusd,0.74927,0.74938,0.74883,0.748915
2021-07-01 11:15:00+00:00,audusd,0.749255,0.74963,0.74912,0.749265
2021-07-01 11:30:00+00:00,audusd,0.7499,0.74992,0.74903,0.74925
2021-07-01 11:45:00+00:00,audusd,0.75023,0.75025,0.749615,0.74989
2021-07-01 12:00:00+00:00,audusd,0.75047,0.750695,0.750005,0.75024
2021-07-01 12:15:00+00:00,audusd,0.750255,0.75066,0.75015,0.750475
2021-07-01 12:30:00+00:00,audusd,0.75033,0.75045,0.74977,0.75026
2021-07-01 12:45:00+00:00,audusd,0.75044,0.7507,0.75027,0.750335
2021-07-01 13:00:00+00:00,audusd,0.74968,0.7508,0.74968,0.750445
2021-07-01 13:15:00+00:00,audusd,0.75015,0.75038,0.74956,0.749685
2021-07-01 13:30:00+00:00,audusd,0.74963,0.75028,0.74942,0.750145
2021-07-01 13:45:00+00:00,audusd,0.75006,0.750255,0.74962,0.74962
2021-07-01 14:00:00+00:00,audusd,0.74867,0.75039,0.74867,0.7501
2021-07-01 14:15:00+00:00,audusd,0.749095,0.74928,0.74838,0.74864
2021-07-01 14:30:00+00:00,audusd,0.74845,0.74906,0.74804,0.74906
2021-07-01 14:45:00+00:00,audusd,0.747945,0.74864,0.74743,0.74846
2021-07-01 15:00:00+00:00,audusd,0.74682,0.74812,0.74669,0.74799
2021-07-01 15:15:00+00:00,audusd,0.74677,0.7471,0.74624,0.74692
2021-07-01 15:30:00+00:00,audusd,0.74677,0.74707,0.74652,0.746765
2021-07-01 15:45:00+00:00,audusd,0.74715,0.74728,0.74669,0.74676
2021-07-01 16:00:00+00:00,audusd,0.747395,0.74757,0.74684,0.747145
2021-07-01 16:15:00+00:00,audusd,0.74727,0.74761,0.747,0.7474
2021-07-01 16:30:00+00:00,audusd,0.746865,0.74727,0.74682,0.747265
2021-07-01 16:45:00+00:00,audusd,0.746855,0.747095,0.746745,0.74687
2021-07-01 17:00:00+00:00,audusd,0.747075,0.74739,0.74678,0.74685
2021-07-01 17:15:00+00:00,audusd,0.74667,0.747205,0.74666,0.74708
2021-07-01 17:30:00+00:00,audusd,0.74644,0.74677,0.74643,0.746665
2021-07-01 17:45:00+00:00,audusd,0.74631,0.74666,0.74628,0.74643
2021-07-01 18:00:00+00:00,audusd,0.74628,0.74671,0.74627,0.74632
2021-07-01 18:15:00+00:00,audusd,0.74638,0.7464,0.746145,0.74627
2021-07-01 18:30:00+00:00,audusd,0.74646,0.74651,0.746315,0.746375
2021-07-01 18:45:00+00:00,audusd,0.74606,0.74656,0.74605,0.74647
2021-07-01 19:00:00+00:00,audusd,0.74639,0.74641,0.74605,0.74605
2021-07-01 19:15:00+00:00,audusd,0.74647,0.74666,0.746365,0.746385
2021-07-01 19:30:00+00:00,audusd,0.74637,0.74658,0.74631,0.74648
2021-07-01 19:45:00+00:00,audusd,0.74666,0.74671,0.74628,0.746365
2021-07-01 20:00:00+00:00,audusd,0.74643,0.74667,0.74638,0.746665
2021-07-01 20:15:00+00:00,audusd,0.74662,0.74675,0.74641,0.746435
2021-07-01 20:30:00+00:00,audusd,0.74703,0.747145,0.7466,0.74661
2021-07-01 20:45:00+00:00,audusd,0.74702,0.747225,0.74701,0.74704
2021-07-01 21:00:00+00:00,audusd,0.7471,0.74711,0.746765,0.74682
2021-07-01 21:15:00+00:00,audusd,0.74694,0.74714,0.74689,0.74709
2021-07-01 21:30:00+00:00,audusd,0.74673,0.74698,0.74668,0.74695
2021-07-01 21:45:00+00:00,audusd,0.746895,0.74711,0.74673,0.74677
2021-07-01 22:00:00+00:00,audusd,0.74667,0.74702,0.74667,0.7469
2021-07-01 22:15:00+00:00,audusd,0.74651,0.74672,0.74647,0.746665
2021-07-01 22:30:00+00:00,audusd,0.7468,0.74697,0.74645,0.746505
2021-07-01 22:45:00+00:00,audusd,0.746835,0.74694,0.7467,0.746795
2021-07-01 23:00:00+00:00,audusd,0.74658,0.74685,0.74658,0.74683
2021-07-01 23:15:00+00:00,audusd,0.74665,0.746725,0.74632,0.74659
2021-07-01 23:30:00+00:00,audusd,0.74687,0.74687,0.74633,0.746645
2021-07-01 23:45:00+00:00,audusd,0.746555,0.746865,0.74646,0.746865
2021-07-02 00:00:00+00:00,audusd,0.74655,0.74691,0.74654,0.74655
2021-07-02 00:15:00+00:00,audusd,0.746415,0.74662,0.74633,0.74656
2021-07-02 00:30:00+00:00,audusd,0.74682,0.74693,0.74641,0.74642
2021-07-02 00:45:00+00:00,audusd,0.74631,0.74687,0.746305,0.746825
2021-07-02 01:00:00+00:00,audusd,0.74669,0.74672,0.74612,0.746305
2021-07-02 01:15:00+00:00,audusd,0.7466,0.74683,0.74638,0.746685
2021-07-02 01:30:00+00:00,audusd,0.74619,0.74661,0.74609,0.746605
2021-07-02 01:45:00+00:00,audusd,0.746235,0.74669,0.74607,0.746185
2021-07-02 02:00:00+00:00,audusd,0.746165,0.746285,0.74605,0.74623
2021-07-02 02:15:00+00:00,audusd,0.74614,0.74641,0.7461,0.74617
2021-07-02 02:30:00+00:00,audusd,0.74623,0.74648,0.74609,0.74613
2021-07-02 02:45:00+00:00,audusd,0.74632,0.74648,0.74608,0.746235
2021-07-02 03:00:00+00:00,audusd,0.74636,0.74645,0.746235,0.746315
2021-07-02 03:15:00+00:00,audusd,0.7464,0.74648,0.746295,0.74635
2021-07-02 03:30:00+00:00,audusd,0.74633,0.74645,0.74631,0.746395
2021-07-02 03:45:00+00:00,audusd,0.74636,0.746395,0.746235,0.746325
2021-07-02 04:00:00+00:00,audusd,0.74675,0.74676,0.74634,0.746355
2021-07-02 04:15:00+00:00,audusd,0.74659,0.74674,0.746535,0.74674
2021-07-02 04:30:00+00:00,audusd,0.74683,0.746885,0.74652,0.74658
2021-07-02 04:45:00+00:00,audusd,0.74667,0.746835,0.746665,0.746825
2021-07-02 05:00:00+00:00,audusd,0.74683,0.74683,0.74666,0.746665
2021-07-02 05:15:00+00:00,audusd,0.74698,0.74698,0.74677,0.746825
2021-07-02 05:30:00+00:00,audusd,0.746925,0.74709,0.7469,0.746975
2021-07-02 05:45:00+00:00,audusd,0.74664,0.747,0.74654,0.74693
2021-07-02 06:00:00+00:00,audusd,0.74655,0.74689,0.74641,0.746635
2021-07-02 06:15:00+00:00,audusd,0.746365,0.74664,0.74623,0.746555
2021-07-02 06:30:00+00:00,audusd,0.74632,0.74669,0.74626,0.74636
2021-07-02 06:45:00+00:00,audusd,0.74621,0.74637,0.74594,0.74633
2021-07-02 07:00:00+00:00,audusd,0.74538,0.74625,0.74537,0.746205
2021-07-02 07:15:00+00:00,audusd,0.74587,0.74592,0.74533,0.745375
2021-07-02 07:30:00+00:00,audusd,0.7457,0.74594,0.74555,0.74588
2021-07-02 07:45:00+00:00,audusd,0.74526,0.74575,0.745045,0.74571
2021-07-02 08:00:00+00:00,audusd,0.74585,0.745885,0.7451,0.74528
2021-07-02 08:15:00+00:00,audusd,0.74604,0.74608,0.74571,0.745855
2021-07-02 08:30:00+00:00,audusd,0.74606,0.7464,0.74599,0.746035
2021-07-02 08:45:00+00:00,audusd,0.74528,0.746125,0.74528,0.746065
2021-07-02 09:00:00+00:00,audusd,0.745585,0.7456,0.74512,0.745275
2021-07-02 09:15:00+00:00,audusd,0.74498,0.745625,0.74491,0.74558
2021-07-02 09:30:00+00:00,audusd,0.74521,0.74533,0.74493,0.744975
2021-07-02 09:45:00+00:00,audusd,0.745,0.745285,0.74495,0.745205
2021-07-02 10:00:00+00:00,audusd,0.7455,0.74556,0.74492,0.744995
2021-07-02 10:15:00+00:00,audusd,0.74569,0.745715,0.7453,0.745495
2021-07-02 10:30:00+00:00,audusd,0.746185,0.74624,0.74559,0.74568
2021-07-02 10:45:00+00:00,audusd,0.74634,0.74663,0.74617,0.74619
2021-07-02 11:00:00+00:00,audusd,0.746645,0.74676,0.7462,0.746335
2021-07-02 11:15:00+00:00,audusd,0.74646,0.74678,0.74633,0.746645
2021-07-02 11:30:00+00:00,audusd,0.74659,0.74661,0.74632,0.746455
2021-07-02 11:45:00+00:00,audusd,0.74642,0.74669,0.74625,0.74658
2021-07-02 12:00:00+00:00,audusd,0.74659,0.74668,0.74617,0.746415
2021-07-02 12:15:00+00:00,audusd,0.74598,0.74664,0.745935,0.746595
2021-07-02 12:30:00+00:00,audusd,0.74893,0.74919,0.74449,0.745965
2021-07-02 12:45:00+00:00,audusd,0.74893,0.74907,0.74745,0.74888
2021-07-02 13:00:00+00:00,audusd,0.74875,0.749605,0.74868,0.74896
2021-07-02 13:15:00+00:00,audusd,0.74829,0.74963,0.748275,0.74874
2021-07-02 13:30:00+00:00,audusd,0.748415,0.74887,0.747975,0.748295
2021-07-02 13:45:00+00:00,audusd,0.74913,0.74924,0.74812,0.74841
2021-07-02 14:00:00+00:00,audusd,0.74859,0.749475,0.748255,0.74914
2021-07-02 14:15:00+00:00,audusd,0.74967,0.74967,0.74832,0.748595
2021-07-02 14:30:00+00:00,audusd,0.74894,0.74976,0.74882,0.749645
2021-07-02 14:45:00+00:00,audusd,0.74918,0.74924,0.74847,0.748935
2021-07-02 15:00:00+00:00,audusd,0.7498,0.74998,0.74882,0.749175
2021-07-02 15:15:00+00:00,audusd,0.749825,0.749965,0.74953,0.749795
2021-07-02 15:30:00+00:00,audusd,0.749835,0.75009,0.7497,0.74982
2021-07-02 15:45:00+00:00,audusd,0.749755,0.74998,0.74972,0.74984
2021-07-02 16:00:00+00:00,audusd,0.74937,0.749825,0.74935,0.74975
2021-07-02 16:15:00+00:00,audusd,0.74957,0.749625,0.74931,0.749365
2021-07-02 16:30:00+00:00,audusd,0.74971,0.74973,0.74947,0.749565
2021-07-02 16:45:00+00:00,audusd,0.75007,0.750125,0.749655,0.7497
2021-07-02 17:00:00+00:00,audusd,0.75048,0.750525,0.749775,0.75006
2021-07-02 17:15:00+00:00,audusd,0.75116,0.75118,0.75047,0.750475
2021-07-02 17:30:00+00:00,audusd,0.751765,0.75177,0.75117,0.75117
2021-07-02 17:45:00+00:00,audusd,0.75257,0.75266,0.75171,0.751755
2021-07-02 18:00:00+00:00,audusd,0.75317,0.75329,0.75256,0.752565
2021-07-02 18:15:00+00:00,audusd,0.75322,0.75331,0.75271,0.75316
2021-07-02 18:30:00+00:00,audusd,0.75322,0.75332,0.75301,0.75323
2021-07-02 18:45:00+00:00,audusd,0.753,0.75328,0.75287,0.75321
2021-07-02 19:00:00+00:00,audusd,0.75281,0.753,0.752795,0.752995
2021-07-02 19:15:00+00:00,audusd,0.75281,0.753,0.7528,0.752805
2021-07-02 19:30:00+00:00,audusd,0.752705,0.75297,0.7527,0.752815
2021-07-02 19:45:00+00:00,audusd,0.75285,0.75286,0.7526,0.7527
2021-07-02 20:00:00+00:00,audusd,0.75305,0.75306,0.75281,0.75286
2021-07-02 20:15:00+00:00,audusd,0.75281,0.753055,0.75275,0.753055
2021-07-02 20:30:00+00:00,audusd,0.75277,0.75294,0.752605,0.752815
2021-07-02 20:45:00+00:00,audusd,0.75259,0.75288,0.75246,0.75276
2021-07-05 03:30:00+00:00,audusd,0.75157,0.75165,0.75139,0.751575
2021-07-05 03:45:00+00:00,audusd,0.75122,0.75198,0.75116,0.751575
2021-07-05 04:00:00+00:00,audusd,0.75133,0.75143,0.7509,0.75123
2021-07-05 04:15:00+00:00,audusd,0.75143,0.75152,0.75132,0.751325
2021-07-05 04:30:00+00:00,audusd,0.7515,0.75155,0.751415,0.751435
2021-07-05 04:45:00+00:00,audusd,0.75169,0.75177,0.751505,0.751505
2021-07-05 05:00:00+00:00,audusd,0.75176,0.75178,0.75157,0.751695
2021-07-05 05:15:00+00:00,audusd,0.75188,0.752075,0.75173,0.751755
2021-07-05 05:30:00+00:00,audusd,0.751245,0.75192,0.75121,0.751885
2021-07-05 05:45:00+00:00,audusd,0.75123,0.75146,0.751075,0.75124
2021-07-05 06:00:00+00:00,audusd,0.75161,0.751685,0.75102,0.75124
2021-07-05 06:15:00+00:00,audusd,0.75182,0.751885,0.75141,0.7516
2021-07-05 06:30:00+00:00,audusd,0.75253,0.75263,0.75181,0.751825
2021-07-05 06:45:00+00:00,audusd,0.75258,0.75271,0.75228,0.75254
2021-07-05 07:00:00+00:00,audusd,0.75192,0.752575,0.75187,0.752575
2021-07-05 07:15:00+00:00,audusd,0.752025,0.75218,0.75165,0.751915
2021-07-05 07:30:00+00:00,audusd,0.75221,0.752585,0.75196,0.75203
2021-07-05 07:45:00+00:00,audusd,0.75298,0.753175,0.75215,0.752215
2021-07-05 08:00:00+00:00,audusd,0.753425,0.75344,0.75276,0.752985
2021-07-05 08:15:00+00:00,audusd,0.75304,0.75367,0.75303,0.75343
2021-07-05 08:30:00+00:00,audusd,0.75313,0.75313,0.75283,0.75303
2021-07-05 08:45:00+00:00,audusd,0.7532,0.75353,0.75308,0.753125
2021-07-05 09:00:00+00:00,audusd,0.75333,0.75337,0.752995,0.753195
2021-07-05 09:15:00+00:00,audusd,0.75337,0.7534,0.753045,0.753335
2021-07-05 09:30:00+00:00,audusd,0.753635,0.75374,0.75313,0.753365
2021-07-05 09:45:00+00:00,audusd,0.75337,0.75368,0.75324,0.75363
2021-07-05 10:00:00+00:00,audusd,0.75334,0.75361,0.75313,0.753375
2021-07-05 10:15:00+00:00,audusd,0.75284,0.75333,0.75265,0.75333
2021-07-05 10:30:00+00:00,audusd,0.75317,0.75317,0.75276,0.752845
2021-07-05 10:45:00+00:00,audusd,0.75326,0.75347,0.753105,0.75316
2021-07-05 11:00:00+00:00,audusd,0.75357,0.7536,0.75322,0.753255
2021-07-05 11:15:00+00:00,audusd,0.75333,0.75372,0.75332,0.75358
2021-07-05 11:30:00+00:00,audusd,0.753065,0.753385,0.75302,0.753335
2021-07-05 11:45:00+00:00,audusd,0.75308,0.75318,0.75294,0.75307
2021-07-05 12:00:00+00:00,audusd,0.75298,0.753235,0.75283,0.753085
2021-07-05 12:15:00+00:00,audusd,0.75313,0.7532,0.752675,0.75299
2021-07-05 12:30:00+00:00,audusd,0.75277,0.75322,0.75261,0.753135
2021-07-05 12:45:00+00:00,audusd,0.75265,0.75287,0.75247,0.75276
2021-07-05 13:00:00+00:00,audusd,0.752795,0.75293,0.75234,0.752645
2021-07-05 13:15:00+00:00,audusd,0.752455,0.752815,0.7523,0.7528
2021-07-05 13:30:00+00:00,audusd,0.75263,0.75286,0.75237,0.75246
2021-07-05 13:45:00+00:00,audusd,0.752625,0.75273,0.75246,0.75262
2021-07-05 14:00:00+00:00,audusd,0.75209,0.7528,0.75176,0.75263
2021-07-05 14:15:00+00:00,audusd,0.75219,0.75242,0.752,0.752095
2021-07-05 14:30:00+00:00,audusd,0.75246,0.75254,0.75218,0.7522
2021-07-05 14:45:00+00:00,audusd,0.753015,0.75306,0.75247,0.75247
2021-07-05 15:00:00+00:00,audusd,0.75307,0.753305,0.75292,0.75302
2021-07-05 15:15:00+00:00,audusd,0.75302,0.753325,0.75297,0.753075
2021-07-05 15:30:00+00:00,audusd,0.753165,0.75325,0.75296,0.753015
2021-07-05 15:45:00+00:00,audusd,0.75322,0.753285,0.753065,0.75316
2021-07-05 16:00:00+00:00,audusd,0.75332,0.75337,0.7532,0.75321
2021-07-05 16:15:00+00:00,audusd,0.75323,0.75343,0.7531,0.753315
2021-07-05 16:30:00+00:00,audusd,0.75331,0.75343,0.75317,0.753235
2021-07-05 16:45:00+00:00,audusd,0.75336,0.75341,0.75321,0.753315
2021-07-05 17:00:00+00:00,audusd,0.7532,0.75336,0.75299,0.75335
2021-07-05 17:15:00+00:00,audusd,0.75308,0.75327,0.752905,0.753195
2021-07-05 17:30:00+00:00,audusd,0.75316,0.75337,0.75293,0.75307
2021-07-05 17:45:00+00:00,audusd,0.75305,0.75321,0.75297,0.75317
2021-07-05 18:00:00+00:00,audusd,0.75309,0.75323,0.75298,0.75304
2021-07-05 18:15:00+00:00,audusd,0.75311,0.753135,0.75298,0.753075
2021-07-05 18:30:00+00:00,audusd,0.75321,0.753295,0.75284,0.7531
2021-07-05 18:45:00+00:00,audusd,0.7532,0.75352,0.75308,0.753205
2021-07-05 19:00:00+00:00,audusd,0.7533,0.753385,0.75316,0.75319
2021-07-05 19:15:00+00:00,audusd,0.75332,0.75338,0.753235,0.753305
2021-07-05 19:30:00+00:00,audusd,0.75331,0.753345,0.753265,0.753315
2021-07-05 19:45:00+00:00,audusd,0.75329,0.753375,0.7531,0.753305
2021-07-05 20:00:00+00:00,audusd,0.75313,0.75329,0.753025,0.753285
2021-07-05 20:15:00+00:00,audusd,0.753145,0.75321,0.75311,0.753135
2021-07-05 20:30:00+00:00,audusd,0.75308,0.75315,0.753035,0.75314
2021-07-05 20:45:00+00:00,audusd,0.75301,0.753265,0.75285,0.75309
2021-07-05 21:00:00+00:00,audusd,0.753125,0.75315,0.75308,0.75312
2021-07-05 21:15:00+00:00,audusd,0.75311,0.75333,0.75305,0.753085
2021-07-05 21:30:00+00:00,audusd,0.753065,0.75314,0.75298,0.753105
2021-07-05 21:45:00+00:00,audusd,0.75301,0.75308,0.753,0.753075
2021-07-05 22:00:00+00:00,audusd,0.75358,0.75358,0.753,0.753
2021-07-05 22:15:00+00:00,audusd,0.75455,0.75467,0.75356,0.753585
2021-07-05 22:30:00+00:00,audusd,0.754575,0.75478,0.75429,0.75456
2021-07-05 22:45:00+00:00,audusd,0.75455,0.75473,0.75441,0.75457
2021-07-05 23:00:00+00:00,audusd,0.754275,0.754545,0.75412,0.754545
2021-07-05 23:15:00+00:00,audusd,0.75421,0.754465,0.75415,0.75427
2021-07-05 23:30:00+00:00,audusd,0.75427,0.75438,0.75421,0.754215
2021-07-05 23:45:00+00:00,audusd,0.75407,0.75464,0.75394,0.754265
2021-07-06 00:00:00+00:00,audusd,0.754235,0.75443,0.75378,0.75405
2021-07-06 00:15:00+00:00,audusd,0.75395,0.75444,0.75395,0.75424
2021-07-06 00:30:00+00:00,audusd,0.75447,0.7545,0.753955,0.753955
2021-07-06 00:45:00+00:00,audusd,0.75422,0.75488,0.75422,0.75446
2021-07-06 01:00:00+00:00,audusd,0.75432,0.754775,0.754185,0.75423
2021-07-06 01:15:00+00:00,audusd,0.75417,0.75439,0.75414,0.754315
2021-07-06 01:30:00+00:00,audusd,0.75424,0.75444,0.75392,0.75418
2021-07-06 01:45:00+00:00,audusd,0.75514,0.75518,0.75423,0.75425
2021-07-06 02:00:00+00:00,audusd,0.755575,0.75582,0.75507,0.755135
2021-07-06 02:15:00+00:00,audusd,0.75528,0.75563,0.75528,0.75558
2021-07-06 02:30:00+00:00,audusd,0.75546,0.75563,0.75526,0.755285
2021-07-06 02:45:00+00:00,audusd,0.75592,0.75603,0.75544,0.755455
2021-07-06 03:00:00+00:00,audusd,0.75626,0.75627,0.75571,0.75591
2021-07-06 03:15:00+00:00,audusd,0.756485,0.75651,0.75609,0.756255
2021-07-06 03:30:00+00:00,audusd,0.75683,0.75688,0.756415,0.75649
2021-07-06 03:45:00+00:00,audusd,0.756805,0.75693,0.75669,0.756835
2021-07-06 04:00:00+00:00,audusd,0.75646,0.75682,0.7564,0.7568
2021-07-06 04:15:00+00:00,audusd,0.75642,0.75651,0.75609,0.756465
2021-07-06 04:30:00+00:00,audusd,0.75485,0.75718,0.754405,0.756425
2021-07-06 04:45:00+00:00,audusd,0.75601,0.7561,0.75485,0.75486
2021-07-06 05:00:00+00:00,audusd,0.75675,0.7568,0.755995,0.75602
2021-07-06 05:15:00+00:00,audusd,0.756645,0.75715,0.75654,0.756745
2021-07-06 05:30:00+00:00,audusd,0.757015,0.75712,0.75655,0.75664
2021-07-06 05:45:00+00:00,audusd,0.75772,0.75772,0.756825,0.75701
2021-07-06 06:00:00+00:00,audusd,0.75949,0.759605,0.75738,0.757725
2021-07-06 06:15:00+00:00,audusd,0.75913,0.75991,0.75874,0.759495
2021-07-06 06:30:00+00:00,audusd,0.75883,0.75916,0.758445,0.759135
2021-07-06 06:45:00+00:00,audusd,0.7591,0.759165,0.75851,0.758835
2021-07-06 07:00:00+00:00,audusd,0.75841,0.7591,0.75822,0.759095
2021-07-06 07:15:00+00:00,audusd,0.75836,0.758665,0.758225,0.7584
2021-07-06 07:30:00+00:00,audusd,0.75812,0.75862,0.75772,0.758355
2021-07-06 07:45:00+00:00,audusd,0.75801,0.75856,0.75782,0.75811
2021-07-06 08:00:00+00:00,audusd,0.75769,0.75817,0.75755,0.758
2021-07-06 08:15:00+00:00,audusd,0.75732,0.75778,0.75706,0.757695
2021-07-06 08:30:00+00:00,audusd,0.75766,0.75786,0.75704,0.75731
2021-07-06 08:45:00+00:00,audusd,0.75796,0.75806,0.75745,0.75765
2021-07-06 09:00:00+00:00,audusd,0.757755,0.75814,0.75769,0.75795
2021-07-06 09:15:00+00:00,audusd,0.75736,0.75781,0.75724,0.75776
2021-07-06 09:30:00+00:00,audusd,0.757565,0.75764,0.75674,0.757365
2021-07-06 09:45:00+00:00,audusd,0.75781,0.75794,0.757425,0.75757
2021-07-06 10:00:00+00:00,audusd,0.75809,0.75813,0.7577,0.757815
2021-07-06 10:15:00+00:00,audusd,0.757915,0.75853,0.75785,0.758085
2021-07-06 10:30:00+00:00,audusd,0.75791,0.75818,0.75754,0.75791
2021-07-06 10:45:00+00:00,audusd,0.75746,0.75799,0.75743,0.757915
2021-07-06 11:00:00+00:00,audusd,0.7574,0.75771,0.75737,0.75745
2021-07-06 11:15:00+00:00,audusd,0.75807,0.75807,0.75738,0.757405
2021-07-06 11:30:00+00:00,audusd,0.7576,0.75808,0.7576,0.758065
2021-07-06 11:45:00+00:00,audusd,0.75743,0.75766,0.75717,0.757605
2021-07-06 12:00:00+00:00,audusd,0.75722,0.758065,0.75721,0.757435
2021-07-06 12:15:00+00:00,audusd,0.75753,0.75753,0.7568,0.757215
2021-07-06 12:30:00+00:00,audusd,0.75777,0.75804,0.75747,0.75752
2021-07-06 12:45:00+00:00,audusd,0.75661,0.75786,0.75642,0.75778
2021-07-06 13:00:00+00:00,audusd,0.75534,0.75672,0.75529,0.7566
2021-07-06 13:15:00+00:00,audusd,0.75551,0.75593,0.755225,0.75535
2021-07-06 13:30:00+00:00,audusd,0.75443,0.75566,0.75425,0.755505
2021-07-06 13:45:00+00:00,audusd,0.75456,0.75512,0.75425,0.754435
2021-07-06 14:00:00+00:00,audusd,0.75376,0.75474,0.75316,0.75459
2021-07-06 14:15:00+00:00,audusd,0.75106,0.75376,0.75103,0.75375
2021-07-06 14:30:00+00:00,audusd,0.75151,0.751805,0.7491,0.751055
2021-07-06 14:45:00+00:00,audusd,0.75011,0.75171,0.74977,0.751505
2021-07-06 15:00:00+00:00,audusd,0.749115,0.75032,0.74909,0.75013
2021-07-06 15:15:00+00:00,audusd,0.74998,0.75005,0.74874,0.74911
2021-07-06 15:30:00+00:00,audusd,0.75012,0.7508,0.74996,0.74999
2021-07-06 15:45:00+00:00,audusd,0.7498,0.75015,0.74945,0.750125
2021-07-06 16:00:00+00:00,audusd,0.74886,0.749815,0.74871,0.749795
2021-07-06 16:15:00+00:00,audusd,0.74889,0.749225,0.74849,0.748865
2021-07-06 16:30:00+00:00,audusd,0.74847,0.74892,0.74809,0.74891
2021-07-06 16:45:00+00:00,audusd,0.748665,0.74874,0.74822,0.748475
2021-07-06 17:00:00+00:00,audusd,0.749015,0.74903,0.74846,0.74867
2021-07-06 17:15:00+00:00,audusd,0.74937,0.74938,0.748905,0.74902
2021-07-06 17:30:00+00:00,audusd,0.74901,0.749365,0.74876,0.74936
2021-07-06 17:45:00+00:00,audusd,0.74953,0.74958,0.749015,0.749015
2021-07-06 18:00:00+00:00,audusd,0.74911,0.7496,0.74911,0.74952
2021-07-06 18:15:00+00:00,audusd,0.74949,0.749515,0.74906,0.749105
2021-07-06 18:30:00+00:00,audusd,0.74972,0.74987,0.749495,0.749495
2021-07-06 18:45:00+00:00,audusd,0.74969,0.74992,0.74962,0.749715
2021-07-06 19:00:00+00:00,audusd,0.74977,0.7498,0.74963,0.749685
2021-07-06 19:15:00+00:00,audusd,0.74992,0.74998,0.74961,0.749775
2021-07-06 19:30:00+00:00,audusd,0.74988,0.74999,0.74963,0.74991
2021-07-06 19:45:00+00:00,audusd,0.74942,0.75009,0.74938,0.74989
2021-07-06 20:00:00+00:00,audusd,0.74928,0.7496,0.74928,0.749415
2021-07-06 20:15:00+00:00,audusd,0.74954,0.74954,0.74926,0.74927
2021-07-06 20:30:00+00:00,audusd,0.74955,0.74957,0.74942,0.74953
2021-07-06 20:45:00+00:00,audusd,0.74947,0.749655,0.74927,0.749545
2021-07-06 21:00:00+00:00,audusd,0.749495,0.7495,0.74925,0.74925
2021-07-06 21:15:00+00:00,audusd,0.74937,0.74954,0.74915,0.74943
2021-07-06 21:30:00+00:00,audusd,0.74957,0.74957,0.74929,0.74938
2021-07-06 21:45:00+00:00,audusd,0.74952,0.74957,0.74952,0.74956
2021-07-06 22:00:00+00:00,audusd,0.74939,0.74959,0.74932,0.749525
2021-07-06 22:15:00+00:00,audusd,0.74938,0.749445,0.74923,0.7494
2021-07-06 22:30:00+00:00,audusd,0.74933,0.74937,0.74893,0.74937
2021-07-06 22:45:00+00:00,audusd,0.749365,0.749575,0.749275,0.749325
2021-07-06 23:00:00+00:00,audusd,0.74946,0.749465,0.74927,0.74936
2021-07-06 23:15:00+00:00,audusd,0.74952,0.74963,0.74936,0.749465
2021-07-06 23:30:00+00:00,audusd,0.74975,0.74978,0.74938,0.74953
2021-07-06 23:45:00+00:00,audusd,0.74948,0.74974,0.74939,0.74974
2021-07-07 00:00:00+00:00,audusd,0.74918,0.74958,0.74888,0.74947
2021-07-07 00:15:00+00:00,audusd,0.7492,0.74924,0.74832,0.749185
2021-07-07 00:30:00+00:00,audusd,0.74952,0.74964,0.74906,0.749205
2021-07-07 00:45:00+00:00,audusd,0.74934,0.74956,0.74907,0.74951
2021-07-07 01:00:00+00:00,audusd,0.74907,0.74953,0.74873,0.74933
2021-07-07 01:15:00+00:00,audusd,0.74941,0.74943,0.74898,0.74906
2021-07-07 01:30:00+00:00,audusd,0.749145,0.749495,0.74892,0.749415
2021-07-07 01:45:00+00:00,audusd,0.74928,0.74943,0.74909,0.74915
2021-07-07 02:00:00+00:00,audusd,0.74893,0.74939,0.74888,0.749275
2021-07-07 02:15:00+00:00,audusd,0.74892,0.74903,0.748805,0.74894
2021-07-07 02:30:00+00:00,audusd,0.74855,0.749045,0.74848,0.748925
2021-07-07 02:45:00+00:00,audusd,0.74869,0.74879,0.748375,0.748555
2021-07-07 03:00:00+00:00,audusd,0.74896,0.74899,0.74846,0.748695
2021-07-07 03:15:00+00:00,audusd,0.74934,0.7494,0.74888,0.748965
2021-07-07 03:30:00+00:00,audusd,0.74913,0.74939,0.74905,0.749345
2021-07-07 03:45:00+00:00,audusd,0.74918,0.74934,0.74906,0.74914
2021-07-07 04:00:00+00:00,audusd,0.749635,0.74964,0.749185,0.749185
2021-07-07 04:15:00+00:00,audusd,0.74983,0.74985,0.74958,0.74964
2021-07-07 04:30:00+00:00,audusd,0.74963,0.74982,0.74935,0.74982
2021-07-07 04:45:00+00:00,audusd,0.74953,0.74963,0.74913,0.749625
2021-07-07 05:00:00+00:00,audusd,0.749755,0.749845,0.74948,0.749525
2021-07-07 05:15:00+00:00,audusd,0.74994,0.75003,0.74968,0.74976
2021-07-07 05:30:00+00:00,audusd,0.75052,0.75053,0.74985,0.749935
2021-07-07 05:45:00+00:00,audusd,0.75052,0.750675,0.75029,0.75053
2021-07-07 06:00:00+00:00,audusd,0.74992,0.75052,0.74974,0.750515
2021-07-07 06:15:00+00:00,audusd,0.750305,0.75031,0.74992,0.74993
2021-07-07 06:30:00+00:00,audusd,0.75058,0.750725,0.750125,0.7503
2021-07-07 06:45:00+00:00,audusd,0.75073,0.7509,0.75041,0.750585
2021-07-07 07:00:00+00:00,audusd,0.74996,0.75094,0.74973,0.750725
2021-07-07 07:15:00+00:00,audusd,0.75088,0.7509,0.74994,0.749955
2021-07-07 07:30:00+00:00,audusd,0.75068,0.75087,0.74998,0.75087
2021-07-07 07:45:00+00:00,audusd,0.750955,0.75129,0.75068,0.75069
2021-07-07 08:00:00+00:00,audusd,0.75129,0.75159,0.75074,0.75095
2021-07-07 08:15:00+00:00,audusd,0.75116,0.75153,0.75103,0.751285
2021-07-07 08:30:00+00:00,audusd,0.75021,0.75138,0.74993,0.751155
2021-07-07 08:45:00+00:00,audusd,0.750575,0.750585,0.75015,0.750215
2021-07-07 09:00:00+00:00,audusd,0.75065,0.75091,0.7505,0.75057
2021-07-07 09:15:00+00:00,audusd,0.750795,0.75083,0.75053,0.750655
2021-07-07 09:30:00+00:00,audusd,0.75124,0.75146,0.75074,0.75079
2021-07-07 09:45:00+00:00,audusd,0.75172,0.75178,0.75124,0.751245
2021-07-07 10:00:00+00:00,audusd,0.7513,0.75174,0.75124,0.75173
2021-07-07 10:15:00+00:00,audusd,0.7514,0.75145,0.75098,0.751305
2021-07-07 10:30:00+00:00,audusd,0.75138,0.7518,0.75107,0.75138
2021-07-07 10:45:00+00:00,audusd,0.75166,0.75178,0.75128,0.751375
2021-07-07 11:00:00+00:00,audusd,0.75178,0.75192,0.75153,0.751655
2021-07-07 11:15:00+00:00,audusd,0.75117,0.75183,0.75106,0.75177
2021-07-07 11:30:00+00:00,audusd,0.75173,0.75178,0.75095,0.75116
2021-07-07 11:45:00+00:00,audusd,0.75239,0.75264,0.751705,0.751725
2021-07-07 12:00:00+00:00,audusd,0.75303,0.7534,0.75232,0.752385
2021-07-07 12:15:00+00:00,audusd,0.75262,0.75325,0.75248,0.753035
2021-07-07 12:30:00+00:00,audusd,0.751875,0.752615,0.75155,0.752615
2021-07-07 12:45:00+00:00,audusd,0.75081,0.75187,0.750725,0.75187
2021-07-07 13:00:00+00:00,audusd,0.75081,0.751295,0.75064,0.750805
2021-07-07 13:15:00+00:00,audusd,0.750795,0.75112,0.75058,0.7508
2021-07-07 13:30:00+00:00,audusd,0.75083,0.75178,0.75032,0.7508
2021-07-07 13:45:00+00:00,audusd,0.75073,0.75103,0.750385,0.750865
2021-07-07 14:00:00+00:00,audusd,0.748805,0.75084,0.7486,0.750735
2021-07-07 14:15:00+00:00,audusd,0.74725,0.74892,0.747225,0.74881
2021-07-07 14:30:00+00:00,audusd,0.74697,0.74747,0.74635,0.74726
2021-07-07 14:45:00+00:00,audusd,0.74751,0.74784,0.74686,0.746975
2021-07-07 15:00:00+00:00,audusd,0.74769,0.74815,0.74751,0.747535
2021-07-07 15:15:00+00:00,audusd,0.74785,0.74816,0.74762,0.747695
2021-07-07 15:30:00+00:00,audusd,0.7486,0.74873,0.74773,0.747855
2021-07-07 15:45:00+00:00,audusd,0.74845,0.74867,0.74813,0.748605
2021-07-07 16:00:00+00:00,audusd,0.7485,0.74873,0.748255,0.748445
2021-07-07 16:15:00+00:00,audusd,0.74861,0.748695,0.74822,0.74851
2021-07-07 16:30:00+00:00,audusd,0.74862,0.74871,0.74847,0.748605
2021-07-07 16:45:00+00:00,audusd,0.748775,0.74882,0.74851,0.748625
2021-07-07 17:00:00+00:00,audusd,0.74861,0.74879,0.74829,0.74877
2021-07-07 17:15:00+00:00,audusd,0.74832,0.74864,0.74826,0.7486
2021-07-07 17:30:00+00:00,audusd,0.7483,0.74866,0.74825,0.748315
2021-07-07 17:45:00+00:00,audusd,0.74855,0.74867,0.748305,0.748305
2021-07-07 18:00:00+00:00,audusd,0.74974,0.75067,0.74809,0.74854
2021-07-07 18:15:00+00:00,audusd,0.74976,0.75054,0.74964,0.74976
2021-07-07 18:30:00+00:00,audusd,0.749165,0.7498,0.74912,0.749765
2021-07-07 18:45:00+00:00,audusd,0.748665,0.74938,0.74863,0.74916
2021-07-07 19:00:00+00:00,audusd,0.74842,0.74879,0.74832,0.74866
2021-07-07 19:15:00+00:00,audusd,0.74835,0.7486,0.74833,0.748415
2021-07-07 19:30:00+00:00,audusd,0.74842,0.74874,0.74832,0.74836
2021-07-07 19:45:00+00:00,audusd,0.74834,0.74857,0.74783,0.74843
2021-07-07 20:00:00+00:00,audusd,0.7482,0.74836,0.74798,0.74833
2021-07-07 20:15:00+00:00,audusd,0.748275,0.74836,0.74799,0.748205
2021-07-07 20:30:00+00:00,audusd,0.74845,0.74857,0.74827,0.74827
2021-07-07 20:45:00+00:00,audusd,0.74848,0.7485,0.74819,0.74844
2021-07-07 21:00:00+00:00,audusd,0.74879,0.74911,0.74817,0.74869
2021-07-07 21:15:00+00:00,audusd,0.74833,0.748755,0.74829,0.748645
2021-07-07 21:30:00+00:00,audusd,0.74831,0.74839,0.74825,0.7483
2021-07-07 21:45:00+00:00,audusd,0.74834,0.74837,0.74824,0.74832
2021-07-07 22:00:00+00:00,audusd,0.74864,0.74872,0.74832,0.74833
2021-07-07 22:15:00+00:00,audusd,0.74869,0.74889,0.748595,0.748645
2021-07-07 22:30:00+00:00,audusd,0.74871,0.7488,0.74865,0.74868
2021-07-07 22:45:00+00:00,audusd,0.74877,0.7488,0.74864,0.748705
2021-07-07 23:00:00+00:00,audusd,0.7486,0.7488,0.74855,0.748775
2021-07-07 23:15:00+00:00,audusd,0.74864,0.74873,0.7486,0.748605
2021-07-07 23:30:00+00:00,audusd,0.748525,0.74864,0.74846,0.74863
2021-07-07 23:45:00+00:00,audusd,0.74835,0.74859,0.74829,0.74853
2021-07-08 00:00:00+00:00,audusd,0.74806,0.74841,0.74779,0.74835
2021-07-08 00:15:00+00:00,audusd,0.747585,0.7481,0.74753,0.748065
2021-07-08 00:30:00+00:00,audusd,0.74751,0.74766,0.7471,0.74758
2021-07-08 00:45:00+00:00,audusd,0.74688,0.74761,0.74664,0.7475
2021-07-08 01:00:00+00:00,audusd,0.746605,0.74699,0.74646,0.74689
2021-07-08 01:15:00+00:00,audusd,0.74665,0.74671,0.74607,0.74661
2021-07-08 01:30:00+00:00,audusd,0.74688,0.74697,0.7463,0.74664
2021-07-08 01:45:00+00:00,audusd,0.74562,0.74691,0.74562,0.74687
2021-07-08 02:00:00+00:00,audusd,0.74616,0.74618,0.74562,0.74563
2021-07-08 02:15:00+00:00,audusd,0.746,0.7462,0.74582,0.746165
2021-07-08 02:30:00+00:00,audusd,0.74567,0.74605,0.74549,0.746005
2021-07-08 02:45:00+00:00,audusd,0.7464,0.74643,0.74558,0.745665
2021-07-08 03:00:00+00:00,audusd,0.74657,0.74667,0.746225,0.746405
2021-07-08 03:15:00+00:00,audusd,0.74602,0.74657,0.74592,0.74656
2021-07-08 03:30:00+00:00,audusd,0.746315,0.74637,0.746,0.746015
2021-07-08 03:45:00+00:00,audusd,0.74644,0.74668,0.74626,0.74631
2021-07-08 04:00:00+00:00,audusd,0.74671,0.74673,0.746275,0.746415
2021-07-08 04:15:00+00:00,audusd,0.74643,0.74683,0.746305,0.746705
2021-07-08 04:30:00+00:00,audusd,0.74644,0.74658,0.74632,0.74642
2021-07-08 04:45:00+00:00,audusd,0.74652,0.74667,0.74641,0.746445
2021-07-08 05:00:00+00:00,audusd,0.74554,0.74651,0.74547,0.74651
2021-07-08 05:15:00+00:00,audusd,0.74596,0.746055,0.74552,0.74555
2021-07-08 05:30:00+00:00,audusd,0.746115,0.74622,0.74576,0.745955
2021-07-08 05:45:00+00:00,audusd,0.74615,0.74639,0.7458,0.74612
2021-07-08 06:00:00+00:00,audusd,0.7456,0.74625,0.74555,0.74614
2021-07-08 06:15:00+00:00,audusd,0.74533,0.74567,0.74508,0.74558
2021-07-08 06:30:00+00:00,audusd,0.74441,0.745325,0.74393,0.745325
2021-07-08 06:45:00+00:00,audusd,0.74394,0.74456,0.743625,0.7444
2021-07-08 07:00:00+00:00,audusd,0.7439,0.744415,0.74334,0.743945
2021-07-08 07:15:00+00:00,audusd,0.743575,0.74394,0.74301,0.74381
2021-07-08 07:30:00+00:00,audusd,0.74358,0.74396,0.74348,0.74357
2021-07-08 07:45:00+00:00,audusd,0.74396,0.74396,0.74255,0.74357
2021-07-08 08:00:00+00:00,audusd,0.74306,0.743955,0.74259,0.743955
2021-07-08 08:15:00+00:00,audusd,0.74301,0.74357,0.7428,0.74307
2021-07-08 08:30:00+00:00,audusd,0.743035,0.74336,0.74267,0.74305
2021-07-08 08:45:00+00:00,audusd,0.74377,0.74391,0.74281,0.74303
2021-07-08 09:00:00+00:00,audusd,0.74355,0.74407,0.74349,0.743775
2021-07-08 09:15:00+00:00,audusd,0.74357,0.74367,0.74287,0.74354
2021-07-08 09:30:00+00:00,audusd,0.744115,0.74427,0.74347,0.743575
2021-07-08 09:45:00+00:00,audusd,0.7438,0.74443,0.74377,0.74412
2021-07-08 10:00:00+00:00,audusd,0.74281,0.74362,0.742545,0.743615
2021-07-08 10:15:00+00:00,audusd,0.74195,0.74281,0.741945,0.7428
2021-07-08 10:30:00+00:00,audusd,0.74213,0.742575,0.74182,0.741945
2021-07-08 10:45:00+00:00,audusd,0.74337,0.74339,0.74206,0.742135
2021-07-08 11:00:00+00:00,audusd,0.74319,0.74346,0.742485,0.74336
2021-07-08 11:15:00+00:00,audusd,0.74338,0.74366,0.74305,0.743185
2021-07-08 11:30:00+00:00,audusd,0.74297,0.74344,0.74266,0.74339
2021-07-08 11:45:00+00:00,audusd,0.74229,0.74307,0.74228,0.742975
2021-07-08 12:00:00+00:00,audusd,0.74188,0.74258,0.74166,0.7423
2021-07-08 12:15:00+00:00,audusd,0.743005,0.743015,0.74182,0.741885
2021-07-08 12:30:00+00:00,audusd,0.74304,0.74311,0.7422,0.74301
2021-07-08 12:45:00+00:00,audusd,0.74276,0.74353,0.74271,0.743035
2021-07-08 13:00:00+00:00,audusd,0.74352,0.74368,0.74275,0.74275
2021-07-08 13:15:00+00:00,audusd,0.74444,0.74451,0.74352,0.74353
2021-07-08 13:30:00+00:00,audusd,0.74355,0.74507,0.743395,0.744435
2021-07-08 13:45:00+00:00,audusd,0.74408,0.744195,0.742965,0.743545
2021-07-08 14:00:00+00:00,audusd,0.74378,0.744715,0.743595,0.744085
2021-07-08 14:15:00+00:00,audusd,0.74381,0.74399,0.74294,0.743785
2021-07-08 14:30:00+00:00,audusd,0.7435,0.743985,0.74308,0.74364
2021-07-08 14:45:00+00:00,audusd,0.74244,0.74351,0.742265,0.74349
2021-07-08 15:00:00+00:00,audusd,0.74328,0.743505,0.74245,0.74247
2021-07-08 15:15:00+00:00,audusd,0.743505,0.743605,0.74281,0.743275
2021-07-08 15:30:00+00:00,audusd,0.74356,0.7437,0.74299,0.7435
2021-07-08 15:45:00+00:00,audusd,0.74371,0.743985,0.74349,0.74357
2021-07-08 16:00:00+00:00,audusd,0.743805,0.744025,0.74365,0.743705
2021-07-08 16:15:00+00:00,audusd,0.74392,0.74405,0.74374,0.74381
2021-07-08 16:30:00+00:00,audusd,0.744055,0.744125,0.74389,0.743925
2021-07-08 16:45:00+00:00,audusd,0.74425,0.74436,0.74394,0.74405
2021-07-08 17:00:00+00:00,audusd,0.74386,0.74435,0.743825,0.74424
2021-07-08 17:15:00+00:00,audusd,0.743845,0.74398,0.74374,0.74385
2021-07-08 17:30:00+00:00,audusd,0.74359,0.74387,0.74354,0.74384
2021-07-08 17:45:00+00:00,audusd,0.74361,0.743695,0.74353,0.743585
2021-07-08 18:00:00+00:00,audusd,0.74318,0.74365,0.743135,0.743605
2021-07-08 18:15:00+00:00,audusd,0.7427,0.7433,0.74259,0.743185
2021-07-08 18:30:00+00:00,audusd,0.74249,0.74272,0.74243,0.742705
2021-07-08 18:45:00+00:00,audusd,0.74245,0.74288,0.7424,0.74248
2021-07-08 19:00:00+00:00,audusd,0.74225,0.74265,0.742245,0.742455
2021-07-08 19:15:00+00:00,audusd,0.74251,0.74255,0.74206,0.742245
2021-07-08 19:30:00+00:00,audusd,0.742455,0.742805,0.74243,0.74252
2021-07-08 19:45:00+00:00,audusd,0.74298,0.74298,0.742205,0.74245
2021-07-08 20:00:00+00:00,audusd,0.74275,0.74304,0.742725,0.742985
2021-07-08 20:15:00+00:00,audusd,0.74275,0.742805,0.74269,0.74274
2021-07-08 20:30:00+00:00,audusd,0.74305,0.74312,0.74274,0.742745
2021-07-08 20:45:00+00:00,audusd,0.74299,0.74321,0.7429,0.74306
2021-07-08 21:00:00+00:00,audusd,0.742785,0.74306,0.74272,0.74279
2021-07-08 21:15:00+00:00,audusd,0.742855,0.743115,0.74273,0.74273
2021-07-08 21:30:00+00:00,audusd,0.743105,0.74316,0.742675,0.74284
2021-07-08 21:45:00+00:00,audusd,0.74297,0.7434,0.74284,0.7431
2021-07-08 22:00:00+00:00,audusd,0.74314,0.74331,0.74297,0.74302
2021-07-08 22:15:00+00:00,audusd,0.74326,0.74336,0.74312,0.74315
2021-07-08 22:30:00+00:00,audusd,0.742995,0.743305,0.74295,0.743255
2021-07-08 22:45:00+00:00,audusd,0.74295,0.7432,0.74287,0.743
2021-07-08 23:00:00+00:00,audusd,0.74303,0.74312,0.742795,0.742955
2021-07-08 23:15:00+00:00,audusd,0.74298,0.743025,0.74266,0.743025
2021-07-08 23:30:00+00:00,audusd,0.74356,0.74359,0.74279,0.742985
2021-07-08 23:45:00+00:00,audusd,0.7433,0.74376,0.74326,0.743565
2021-07-09 00:00:00+00:00,audusd,0.74333,0.74393,0.74317,0.743305
2021-07-09 00:15:00+00:00,audusd,0.74325,0.74351,0.74313,0.743325
2021-07-09 00:30:00+00:00,audusd,0.742615,0.74332,0.74245,0.743255
2021-07-09 00:45:00+00:00,audusd,0.74237,0.74269,0.74227,0.74261
2021-07-09 01:00:00+00:00,audusd,0.74214,0.74248,0.741785,0.742365
2021-07-09 01:15:00+00:00,audusd,0.74155,0.742225,0.74154,0.742135
2021-07-09 01:30:00+00:00,audusd,0.74109,0.74192,0.74102,0.741555
2021-07-09 01:45:00+00:00,audusd,0.74121,0.74146,0.74099,0.741095
2021-07-09 02:00:00+00:00,audusd,0.7415,0.7415,0.74107,0.741215
2021-07-09 02:15:00+00:00,audusd,0.74121,0.741515,0.7411,0.741505
2021-07-09 02:30:00+00:00,audusd,0.741855,0.74196,0.74121,0.74122
2021-07-09 02:45:00+00:00,audusd,0.74172,0.74197,0.7416,0.74186
2021-07-09 03:00:00+00:00,audusd,0.742,0.742135,0.741555,0.74173
2021-07-09 03:15:00+00:00,audusd,0.74212,0.74232,0.741925,0.742005
2021-07-09 03:30:00+00:00,audusd,0.74211,0.742185,0.74186,0.742125
2021-07-09 03:45:00+00:00,audusd,0.74234,0.74236,0.74188,0.74212
2021-07-09 04:00:00+00:00,audusd,0.74216,0.74243,0.74212,0.742345
2021-07-09 04:15:00+00:00,audusd,0.74183,0.74224,0.74157,0.742165
2021-07-09 04:30:00+00:00,audusd,0.74175,0.74193,0.74172,0.741825
2021-07-09 04:45:00+00:00,audusd,0.74202,0.74223,0.74167,0.741755
2021-07-09 05:00:00+00:00,audusd,0.742815,0.743045,0.742025,0.742025
2021-07-09 05:15:00+00:00,audusd,0.74272,0.74289,0.74262,0.74281
2021-07-09 05:30:00+00:00,audusd,0.742665,0.743025,0.74259,0.742725
2021-07-09 05:45:00+00:00,audusd,0.74285,0.74293,0.74246,0.74267
2021-07-09 06:00:00+00:00,audusd,0.74259,0.74287,0.742385,0.742845
2021-07-09 06:15:00+00:00,audusd,0.74222,0.742775,0.7421,0.742585
2021-07-09 06:30:00+00:00,audusd,0.74225,0.74254,0.74174,0.742225
2021-07-09 06:45:00+00:00,audusd,0.741975,0.74258,0.741975,0.742245
2021-07-09 07:00:00+00:00,audusd,0.7436,0.74363,0.74182,0.74197
2021-07-09 07:15:00+00:00,audusd,0.743125,0.744,0.74297,0.743605
2021-07-09 07:30:00+00:00,audusd,0.7438,0.744015,0.74288,0.74305
2021-07-09 07:45:00+00:00,audusd,0.74397,0.74442,0.74356,0.743805
2021-07-09 08:00:00+00:00,audusd,0.74433,0.74444,0.74384,0.74398
2021-07-09 08:15:00+00:00,audusd,0.743775,0.74433,0.743725,0.744325
2021-07-09 08:30:00+00:00,audusd,0.74443,0.74488,0.74374,0.74377
2021-07-09 08:45:00+00:00,audusd,0.7439,0.74449,0.74385,0.744435
2021-07-09 09:00:00+00:00,audusd,0.74419,0.744275,0.74371,0.743895
2021-07-09 09:15:00+00:00,audusd,0.74464,0.74517,0.74419,0.744195
2021-07-09 09:30:00+00:00,audusd,0.74516,0.74518,0.74456,0.74463
2021-07-09 09:45:00+00:00,audusd,0.74589,0.74592,0.74515,0.74518
2021-07-09 10:00:00+00:00,audusd,0.746035,0.74611,0.745775,0.74588
2021-07-09 10:15:00+00:00,audusd,0.745755,0.7463,0.74575,0.74604
2021-07-09 10:30:00+00:00,audusd,0.74596,0.74614,0.74568,0.74576
2021-07-09 10:45:00+00:00,audusd,0.74587,0.74641,0.74581,0.745955
2021-07-09 11:00:00+00:00,audusd,0.74668,0.74669,0.74585,0.74588
2021-07-09 11:15:00+00:00,audusd,0.74649,0.74694,0.74642,0.746675
2021-07-09 11:30:00+00:00,audusd,0.74694,0.74715,0.74637,0.746485
2021-07-09 11:45:00+00:00,audusd,0.746575,0.74718,0.74657,0.746935
2021-07-09 12:00:00+00:00,audusd,0.74732,0.74741,0.74658,0.74658
2021-07-09 12:15:00+00:00,audusd,0.747315,0.747765,0.74721,0.747315
2021-07-09 12:30:00+00:00,audusd,0.74691,0.7478,0.74687,0.74731
2021-07-09 12:45:00+00:00,audusd,0.74754,0.74757,0.74677,0.746905
2021-07-09 13:00:00+00:00,audusd,0.74694,0.74757,0.74684,0.747535
2021-07-09 13:15:00+00:00,audusd,0.74701,0.74723,0.746615,0.746935
2021-07-09 13:30:00+00:00,audusd,0.74738,0.74743,0.74683,0.747
2021-07-09 13:45:00+00:00,audusd,0.74723,0.74763,0.74673,0.747375
2021-07-09 14:00:00+00:00,audusd,0.74752,0.747755,0.747225,0.747225
2021-07-09 14:15:00+00:00,audusd,0.74789,0.74815,0.74744,0.747515
2021-07-09 14:30:00+00:00,audusd,0.748485,0.7485,0.74786,0.74788
2021-07-09 14:45:00+00:00,audusd,0.748135,0.7488,0.747705,0.74849
2021-07-09 15:00:00+00:00,audusd,0.74842,0.7485,0.74806,0.74813
2021-07-09 15:15:00+00:00,audusd,0.74767,0.748585,0.74764,0.748425
2021-07-09 15:30:00+00:00,audusd,0.74798,0.74807,0.74757,0.74766
2021-07-09 15:45:00+00:00,audusd,0.74786,0.74812,0.74771,0.74799
2021-07-09 16:00:00+00:00,audusd,0.74814,0.74821,0.74786,0.747865
2021-07-09 16:15:00+00:00,audusd,0.74806,0.74821,0.74793,0.748135
2021-07-09 16:30:00+00:00,audusd,0.74817,0.7482,0.74801,0.74807
2021-07-09 16:45:00+00:00,audusd,0.74842,0.748445,0.74813,0.748175
2021-07-09 17:00:00+00:00,audusd,0.74845,0.748525,0.74839,0.74841
2021-07-09 17:15:00+00:00,audusd,0.748475,0.748635,0.74843,0.748455
2021-07-09 17:30:00+00:00,audusd,0.74851,0.748565,0.74833,0.74848
2021-07-09 17:45:00+00:00,audusd,0.74858,0.74868,0.748505,0.748505
2021-07-09 18:00:00+00:00,audusd,0.74856,0.74876,0.748515,0.74857
2021-07-09 18:15:00+00:00,audusd,0.7487,0.74871,0.74851,0.74857
2021-07-09 18:30:00+00:00,audusd,0.74895,0.74896,0.748555,0.748705
2021-07-09 18:45:00+00:00,audusd,0.74906,0.74913,0.7488,0.74894
2021-07-09 19:00:00+00:00,audusd,0.74906,0.74912,0.74892,0.74905
2021-07-09 19:15:00+00:00,audusd,0.74912,0.74914,0.74901,0.749065
2021-07-09 19:30:00+00:00,audusd,0.74916,0.74922,0.7491,0.749115
2021-07-09 19:45:00+00:00,audusd,0.7493,0.7493,0.749105,0.749155
2021-07-09 20:00:00+00:00,audusd,0.74927,0.74941,0.74921,0.74931
2021-07-09 20:15:00+00:00,audusd,0.74922,0.749365,0.749205,0.749275
2021-07-09 20:30:00+00:00,audusd,0.74928,0.74931,0.74921,0.749225
2021-07-09 20:45:00+00:00,audusd,0.748695,0.74931,0.74864,0.74927
2021-07-11 21:00:00+00:00,audusd,0.74865,0.74874,0.74804,0.74813
2021-07-11 21:15:00+00:00,audusd,0.7488,0.749175,0.74849,0.74882
2021-07-11 21:30:00+00:00,audusd,0.74892,0.74898,0.7488,0.74881
2021-07-11 21:45:00+00:00,audusd,0.74875,0.74901,0.748365,0.74891
2021-07-11 22:00:00+00:00,audusd,0.74911,0.74927,0.74873,0.74876
2021-07-11 22:15:00+00:00,audusd,0.74915,0.74932,0.74904,0.74914
2021-07-11 22:30:00+00:00,audusd,0.74895,0.749305,0.748855,0.74916
2021-07-11 22:45:00+00:00,audusd,0.74891,0.74902,0.74889,0.74896
2021-07-11 23:00:00+00:00,audusd,0.74895,0.749105,0.74875,0.74892
2021-07-11 23:15:00+00:00,audusd,0.7488,0.74895,0.748585,0.74894
2021-07-11 23:30:00+00:00,audusd,0.74906,0.7491,0.748745,0.74879
2021-07-11 23:45:00+00:00,audusd,0.74898,0.749155,0.74879,0.749055
2021-07-12 00:00:00+00:00,audusd,0.74876,0.74901,0.74832,0.74896
2021-07-12 00:15:00+00:00,audusd,0.74792,0.74876,0.74776,0.748755
2021-07-12 00:30:00+00:00,audusd,0.747775,0.74799,0.74762,0.747915
2021-07-12 00:45:00+00:00,audusd,0.748075,0.74821,0.74773,0.74777
2021-07-12 01:00:00+00:00,audusd,0.7481,0.748555,0.74801,0.74807
2021-07-12 01:15:00+00:00,audusd,0.74788,0.748225,0.747735,0.748105
2021-07-12 01:30:00+00:00,audusd,0.74707,0.74793,0.74706,0.747875
2021-07-12 01:45:00+00:00,audusd,0.747195,0.74739,0.747005,0.74706
2021-07-12 02:00:00+00:00,audusd,0.74767,0.74769,0.74719,0.7472
2021-07-12 02:15:00+00:00,audusd,0.74758,0.74774,0.74723,0.74768
2021-07-12 02:30:00+00:00,audusd,0.74789,0.74795,0.74753,0.747585
2021-07-12 02:45:00+00:00,audusd,0.74772,0.748095,0.74756,0.747885
2021-07-12 03:00:00+00:00,audusd,0.747535,0.74803,0.74752,0.74771
2021-07-12 03:15:00+00:00,audusd,0.74724,0.74759,0.746985,0.74754
2021-07-12 03:30:00+00:00,audusd,0.747195,0.74743,0.74711,0.74725
2021-07-12 03:45:00+00:00,audusd,0.74714,0.74726,0.7469,0.74719
2021-07-12 04:00:00+00:00,audusd,0.74689,0.747145,0.74684,0.747145
2021-07-12 04:15:00+00:00,audusd,0.74722,0.74724,0.74688,0.7469
2021-07-12 04:30:00+00:00,audusd,0.747255,0.74736,0.74699,0.747225
2021-07-12 04:45:00+00:00,audusd,0.74752,0.74756,0.74725,0.74725
2021-07-12 05:00:00+00:00,audusd,0.74751,0.7477,0.74747,0.747515
2021-07-12 05:15:00+00:00,audusd,0.74705,0.74751,0.746975,0.747505
2021-07-12 05:30:00+00:00,audusd,0.74694,0.74716,0.74693,0.74706
2021-07-12 05:45:00+00:00,audusd,0.74736,0.74749,0.74694,0.74695
2021-07-12 06:00:00+00:00,audusd,0.74714,0.74748,0.7471,0.747365
2021-07-12 06:15:00+00:00,audusd,0.74707,0.74718,0.74682,0.74705
2021-07-12 06:30:00+00:00,audusd,0.746905,0.74762,0.746845,0.74706
2021-07-12 06:45:00+00:00,audusd,0.74676,0.74695,0.74649,0.74691
2021-07-12 07:00:00+00:00,audusd,0.74721,0.74727,0.74634,0.74675
2021-07-12 07:15:00+00:00,audusd,0.74689,0.74737,0.74687,0.747205
2021-07-12 07:30:00+00:00,audusd,0.74637,0.74711,0.74637,0.74688
2021-07-12 07:45:00+00:00,audusd,0.746755,0.74684,0.74613,0.74636
2021-07-12 08:00:00+00:00,audusd,0.7472,0.74757,0.746665,0.74676
2021-07-12 08:15:00+00:00,audusd,0.74733,0.747615,0.74715,0.74721
2021-07-12 08:30:00+00:00,audusd,0.74719,0.74737,0.7467,0.747335
2021-07-12 08:45:00+00:00,audusd,0.74705,0.74727,0.74684,0.747185
2021-07-12 09:00:00+00:00,audusd,0.74696,0.74715,0.74669,0.74704
2021-07-12 09:15:00+00:00,audusd,0.74705,0.74718,0.74675,0.746955
2021-07-12 09:30:00+00:00,audusd,0.74692,0.7474,0.74692,0.747045
2021-07-12 09:45:00+00:00,audusd,0.74608,0.74693,0.745905,0.746925
2021-07-12 10:00:00+00:00,audusd,0.74548,0.74651,0.74536,0.746085
2021-07-12 10:15:00+00:00,audusd,0.745135,0.7456,0.74504,0.745475
2021-07-12 10:30:00+00:00,audusd,0.745005,0.745405,0.74486,0.74514
2021-07-12 10:45:00+00:00,audusd,0.745145,0.74526,0.744865,0.74501
2021-07-12 11:00:00+00:00,audusd,0.74529,0.7455,0.74514,0.74514
2021-07-12 11:15:00+00:00,audusd,0.7455,0.74552,0.74506,0.745295
2021-07-12 11:30:00+00:00,audusd,0.74575,0.7458,0.7453,0.74549
2021-07-12 11:45:00+00:00,audusd,0.745295,0.745745,0.74512,0.745745
2021-07-12 12:00:00+00:00,audusd,0.74598,0.74599,0.74529,0.74529
2021-07-12 12:15:00+00:00,audusd,0.74604,0.74631,0.74591,0.745985
2021-07-12 12:30:00+00:00,audusd,0.74669,0.746915,0.74602,0.746045
2021-07-12 12:45:00+00:00,audusd,0.7464,0.7467,0.74594,0.7467
2021-07-12 13:00:00+00:00,audusd,0.74655,0.746555,0.74605,0.746405
2021-07-12 13:15:00+00:00,audusd,0.74655,0.74681,0.74625,0.746555
2021-07-12 13:30:00+00:00,audusd,0.747055,0.747065,0.746365,0.746555
2021-07-12 13:45:00+00:00,audusd,0.74768,0.747785,0.74701,0.74706
2021-07-12 14:00:00+00:00,audusd,0.74793,0.74815,0.74724,0.747685
2021-07-12 14:15:00+00:00,audusd,0.74844,0.74845,0.74787,0.747925
2021-07-12 14:30:00+00:00,audusd,0.74911,0.74917,0.74836,0.748445
2021-07-12 14:45:00+00:00,audusd,0.74911,0.7496,0.74862,0.749115
2021-07-12 15:00:00+00:00,audusd,0.748985,0.74919,0.74869,0.74912
2021-07-12 15:15:00+00:00,audusd,0.74915,0.7492,0.74872,0.74898
2021-07-12 15:30:00+00:00,audusd,0.7488,0.749145,0.74869,0.749145
2021-07-12 15:45:00+00:00,audusd,0.748995,0.74916,0.74852,0.74881
2021-07-12 16:00:00+00:00,audusd,0.74875,0.74901,0.74866,0.74899
2021-07-12 16:15:00+00:00,audusd,0.74866,0.74897,0.74859,0.748745
2021-07-12 16:30:00+00:00,audusd,0.74879,0.748945,0.748655,0.748655
2021-07-12 16:45:00+00:00,audusd,0.748765,0.7489,0.74869,0.748795
2021-07-12 17:00:00+00:00,audusd,0.748455,0.74908,0.748425,0.74876
2021-07-12 17:15:00+00:00,audusd,0.747735,0.74847,0.74768,0.74845
2021-07-12 17:30:00+00:00,audusd,0.74748,0.74795,0.74748,0.74774
2021-07-12 17:45:00+00:00,audusd,0.74719,0.74763,0.74713,0.74749
2021-07-12 18:00:00+00:00,audusd,0.74713,0.74728,0.74707,0.7472
2021-07-12 18:15:00+00:00,audusd,0.74743,0.747495,0.74708,0.74714
2021-07-12 18:30:00+00:00,audusd,0.74732,0.74758,0.74732,0.74744
2021-07-12 18:45:00+00:00,audusd,0.74742,0.74759,0.74728,0.747315
2021-07-12 19:00:00+00:00,audusd,0.74758,0.74769,0.74739,0.747425
2021-07-12 19:15:00+00:00,audusd,0.74789,0.74789,0.74758,0.74759
2021-07-12 19:30:00+00:00,audusd,0.748,0.74807,0.74779,0.7479
2021-07-12 19:45:00+00:00,audusd,0.748145,0.74815,0.74793,0.74801
2021-07-12 20:00:00+00:00,audusd,0.74803,0.748225,0.74802,0.74814
2021-07-12 20:15:00+00:00,audusd,0.747945,0.74809,0.74792,0.748035
2021-07-12 20:30:00+00:00,audusd,0.74813,0.74813,0.74793,0.74795
2021-07-12 20:45:00+00:00,audusd,0.74797,0.74814,0.74776,0.748125
2021-07-12 21:00:00+00:00,audusd,0.74796,0.7481,0.74789,0.7481
2021-07-12 21:15:00+00:00,audusd,0.74799,0.74844,0.74776,0.747925
2021-07-12 21:30:00+00:00,audusd,0.748165,0.748175,0.74795,0.747985
2021-07-12 21:45:00+00:00,audusd,0.748125,0.74817,0.74804,0.74816
2021-07-12 22:00:00+00:00,audusd,0.74809,0.74817,0.74801,0.74813
2021-07-12 22:15:00+00:00,audusd,0.74819,0.74826,0.74807,0.74808
2021-07-12 22:30:00+00:00,audusd,0.74788,0.74819,0.74784,0.748185
2021-07-12 22:45:00+00:00,audusd,0.74775,0.7479,0.747675,0.74787
2021-07-12 23:00:00+00:00,audusd,0.747835,0.74789,0.74775,0.747755
2021-07-12 23:15:00+00:00,audusd,0.74782,0.74785,0.74762,0.74783
2021-07-12 23:30:00+00:00,audusd,0.747875,0.747875,0.74777,0.747825
2021-07-12 23:45:00+00:00,audusd,0.74778,0.74815,0.74777,0.74788
2021-07-13 00:00:00+00:00,audusd,0.74894,0.749,0.747775,0.74779
2021-07-13 00:15:00+00:00,audusd,0.748615,0.74907,0.74851,0.74895
2021-07-13 00:30:00+00:00,audusd,0.748875,0.748875,0.74848,0.74862
2021-07-13 00:45:00+00:00,audusd,0.74895,0.74897,0.74858,0.74887
2021-07-13 01:00:00+00:00,audusd,0.74888,0.74912,0.74879,0.748955
2021-07-13 01:15:00+00:00,audusd,0.74873,0.74902,0.74872,0.74889
2021-07-13 01:30:00+00:00,audusd,0.74855,0.74876,0.74814,0.74872
2021-07-13 01:45:00+00:00,audusd,0.74932,0.74942,0.74838,0.748555
2021-07-13 02:00:00+00:00,audusd,0.74898,0.74947,0.748975,0.74933
2021-07-13 02:15:00+00:00,audusd,0.74893,0.749125,0.74879,0.74897
2021-07-13 02:30:00+00:00,audusd,0.7496,0.749785,0.74889,0.74892
2021-07-13 02:45:00+00:00,audusd,0.75005,0.75014,0.74938,0.74959
2021-07-13 03:00:00+00:00,audusd,0.75004,0.75018,0.74988,0.750055
2021-07-13 03:15:00+00:00,audusd,0.75024,0.7503,0.74998,0.750035
2021-07-13 03:30:00+00:00,audusd,0.749825,0.750235,0.749735,0.750235
2021-07-13 03:45:00+00:00,audusd,0.7495,0.74984,0.74943,0.74982
2021-07-13 04:00:00+00:00,audusd,0.74924,0.74959,0.74913,0.749505
2021-07-13 04:15:00+00:00,audusd,0.749375,0.749435,0.74921,0.749245
2021-07-13 04:30:00+00:00,audusd,0.74933,0.7494,0.74909,0.74938
2021-07-13 04:45:00+00:00,audusd,0.74911,0.74934,0.74897,0.749335
2021-07-13 05:00:00+00:00,audusd,0.7495,0.74954,0.74893,0.74912
2021-07-13 05:15:00+00:00,audusd,0.74949,0.74964,0.74946,0.749505
2021-07-13 05:30:00+00:00,audusd,0.74918,0.74958,0.749055,0.7495
2021-07-13 05:45:00+00:00,audusd,0.748555,0.74924,0.74854,0.749185
2021-07-13 06:00:00+00:00,audusd,0.74905,0.74909,0.74855,0.74855
2021-07-13 06:15:00+00:00,audusd,0.74863,0.74914,0.748585,0.749055
2021-07-13 06:30:00+00:00,audusd,0.74886,0.74904,0.74848,0.748635
2021-07-13 06:45:00+00:00,audusd,0.74904,0.7493,0.7488,0.748865
2021-07-13 07:00:00+00:00,audusd,0.74905,0.74924,0.74882,0.749035
2021-07-13 07:15:00+00:00,audusd,0.749355,0.74945,0.74852,0.749045
2021-07-13 07:30:00+00:00,audusd,0.7494,0.7494,0.74892,0.74935
2021-07-13 07:45:00+00:00,audusd,0.748545,0.74941,0.748525,0.749405
2021-07-13 08:00:00+00:00,audusd,0.748075,0.74856,0.747645,0.74855
2021-07-13 08:15:00+00:00,audusd,0.74845,0.748545,0.74801,0.74807
2021-07-13 08:30:00+00:00,audusd,0.748645,0.74866,0.74821,0.748455
2021-07-13 08:45:00+00:00,audusd,0.74856,0.74879,0.74835,0.74865
2021-07-13 09:00:00+00:00,audusd,0.74797,0.748555,0.74792,0.748555
2021-07-13 09:15:00+00:00,audusd,0.74831,0.748315,0.74776,0.747975
2021-07-13 09:30:00+00:00,audusd,0.74809,0.74831,0.74806,0.748305
2021-07-13 09:45:00+00:00,audusd,0.747955,0.74821,0.7478,0.748085
2021-07-13 10:00:00+00:00,audusd,0.74819,0.74823,0.74795,0.74796
2021-07-13 10:15:00+00:00,audusd,0.74794,0.74836,0.74773,0.748195
2021-07-13 10:30:00+00:00,audusd,0.74824,0.74829,0.74786,0.74793
2021-07-13 10:45:00+00:00,audusd,0.7484,0.74855,0.74824,0.748245
2021-07-13 11:00:00+00:00,audusd,0.747615,0.74841,0.74748,0.748395
2021-07-13 11:15:00+00:00,audusd,0.74737,0.74782,0.74735,0.74762
2021-07-13 11:30:00+00:00,audusd,0.74752,0.74762,0.74721,0.747375
2021-07-13 11:45:00+00:00,audusd,0.74794,0.74798,0.747375,0.747515
2021-07-13 12:00:00+00:00,audusd,0.74774,0.747935,0.74719,0.747935
2021-07-13 12:15:00+00:00,audusd,0.74794,0.74812,0.74765,0.74775
2021-07-13 12:30:00+00:00,audusd,0.74512,0.74798,0.743915,0.747945
2021-07-13 12:45:00+00:00,audusd,0.742985,0.74531,0.74281,0.74515
2021-07-13 13:00:00+00:00,audusd,0.74333,0.74381,0.74278,0.74297
2021-07-13 13:15:00+00:00,audusd,0.74461,0.7448,0.74313,0.743335
2021-07-13 13:30:00+00:00,audusd,0.74512,0.74569,0.744415,0.7446
2021-07-13 13:45:00+00:00,audusd,0.746015,0.74696,0.7451,0.745125
2021-07-13 14:00:00+00:00,audusd,0.74559,0.74619,0.745025,0.746015
2021-07-13 14:15:00+00:00,audusd,0.74675,0.74684,0.74558,0.745595
2021-07-13 14:30:00+00:00,audusd,0.74612,0.7468,0.74612,0.746745
2021-07-13 14:45:00+00:00,audusd,0.746805,0.74681,0.745835,0.746125
2021-07-13 15:00:00+00:00,audusd,0.74622,0.7468,0.74597,0.7468
2021-07-13 15:15:00+00:00,audusd,0.746595,0.7467,0.74582,0.74621
2021-07-13 15:30:00+00:00,audusd,0.74714,0.74726,0.74654,0.74659
2021-07-13 15:45:00+00:00,audusd,0.74718,0.7477,0.74709,0.74715
2021-07-13 16:00:00+00:00,audusd,0.74731,0.74731,0.74699,0.747185
2021-07-13 16:15:00+00:00,audusd,0.74699,0.74744,0.74694,0.747305
2021-07-13 16:30:00+00:00,audusd,0.74639,0.747,0.74634,0.747
2021-07-13 16:45:00+00:00,audusd,0.74653,0.74664,0.74638,0.746395
2021-07-13 17:00:00+00:00,audusd,0.74566,0.74653,0.74564,0.746525
2021-07-13 17:15:00+00:00,audusd,0.74554,0.74576,0.74508,0.745665
2021-07-13 17:30:00+00:00,audusd,0.7449,0.74554,0.74469,0.74553
2021-07-13 17:45:00+00:00,audusd,0.744855,0.74508,0.74472,0.744905
2021-07-13 18:00:00+00:00,audusd,0.744915,0.74494,0.7443,0.74485
2021-07-13 18:15:00+00:00,audusd,0.74504,0.74515,0.7447,0.74492
2021-07-13 18:30:00+00:00,audusd,0.74465,0.74505,0.744615,0.745045
2021-07-13 18:45:00+00:00,audusd,0.74458,0.7448,0.74457,0.744635
2021-07-13 19:00:00+00:00,audusd,0.7444,0.74465,0.74435,0.744585
2021-07-13 19:15:00+00:00,audusd,0.74465,0.74466,0.74438,0.74441
2021-07-13 19:30:00+00:00,audusd,0.74469,0.74473,0.74445,0.744655
2021-07-13 19:45:00+00:00,audusd,0.74441,0.74474,0.74423,0.744695
2021-07-13 20:00:00+00:00,audusd,0.7446,0.74463,0.74435,0.7444
2021-07-13 20:15:00+00:00,audusd,0.74448,0.744605,0.744395,0.744605
2021-07-13 20:30:00+00:00,audusd,0.7446,0.744665,0.74441,0.744485
2021-07-13 20:45:00+00:00,audusd,0.74466,0.74472,0.74443,0.744595
2021-07-13 21:00:00+00:00,audusd,0.74451,0.74489,0.74441,0.74488
2021-07-13 21:15:00+00:00,audusd,0.744535,0.74465,0.74444,0.74454
2021-07-13 21:30:00+00:00,audusd,0.745,0.74515,0.74454,0.74454
2021-07-13 21:45:00+00:00,audusd,0.74457,0.74504,0.74451,0.74498
2021-07-13 22:00:00+00:00,audusd,0.74465,0.74473,0.74456,0.744565
2021-07-13 22:15:00+00:00,audusd,0.7447,0.7447,0.74459,0.744655
2021-07-13 22:30:00+00:00,audusd,0.744655,0.744715,0.744605,0.74469
2021-07-13 22:45:00+00:00,audusd,0.744465,0.744725,0.74445,0.74466
2021-07-13 23:00:00+00:00,audusd,0.74426,0.744475,0.7442,0.74447
2021-07-13 23:15:00+00:00,audusd,0.74432,0.7444,0.74423,0.744255
2021-07-13 23:30:00+00:00,audusd,0.74426,0.74436,0.744115,0.744325
2021-07-13 23:45:00+00:00,audusd,0.743975,0.74436,0.74395,0.74427
2021-07-14 00:00:00+00:00,audusd,0.74395,0.74398,0.74364,0.74397
2021-07-14 00:15:00+00:00,audusd,0.74479,0.744855,0.74367,0.74394
2021-07-14 00:30:00+00:00,audusd,0.74482,0.745075,0.74443,0.744795
2021-07-14 00:45:00+00:00,audusd,0.745155,0.74521,0.74474,0.74483
2021-07-14 01:00:00+00:00,audusd,0.74514,0.7453,0.74478,0.74516
2021-07-14 01:15:00+00:00,audusd,0.7453,0.74545,0.74509,0.74513
2021-07-14 01:30:00+00:00,audusd,0.7453,0.74543,0.74508,0.74529
2021-07-14 01:45:00+00:00,audusd,0.74533,0.74545,0.74502,0.745295
2021-07-14 02:00:00+00:00,audusd,0.74575,0.74633,0.74529,0.745335
2021-07-14 02:15:00+00:00,audusd,0.74638,0.7467,0.74569,0.74574
2021-07-14 02:30:00+00:00,audusd,0.74597,0.74638,0.74569,0.746375
2021-07-14 02:45:00+00:00,audusd,0.74645,0.74649,0.74586,0.74598
2021-07-14 03:00:00+00:00,audusd,0.74632,0.746485,0.74613,0.74644
2021-07-14 03:15:00+00:00,audusd,0.746085,0.7465,0.74604,0.74633
2021-07-14 03:30:00+00:00,audusd,0.74603,0.7462,0.74589,0.74609
2021-07-14 03:45:00+00:00,audusd,0.74593,0.74609,0.74588,0.746035
2021-07-14 04:00:00+00:00,audusd,0.7458,0.74593,0.745735,0.745925
2021-07-14 04:15:00+00:00,audusd,0.74554,0.74585,0.74547,0.745795
2021-07-14 04:30:00+00:00,audusd,0.74552,0.74571,0.74547,0.74555
2021-07-14 04:45:00+00:00,audusd,0.74545,0.74554,0.74531,0.745525
2021-07-14 05:00:00+00:00,audusd,0.74589,0.7459,0.74534,0.745445
2021-07-14 05:15:00+00:00,audusd,0.74597,0.746135,0.74583,0.745895
2021-07-14 05:30:00+00:00,audusd,0.74615,0.7462,0.745945,0.745965
2021-07-14 05:45:00+00:00,audusd,0.74598,0.74619,0.74587,0.74614
2021-07-14 06:00:00+00:00,audusd,0.74581,0.74619,0.745705,0.745975
2021-07-14 06:15:00+00:00,audusd,0.746645,0.74675,0.745785,0.745815
2021-07-14 06:30:00+00:00,audusd,0.7468,0.74718,0.74654,0.74665
2021-07-14 06:45:00+00:00,audusd,0.74629,0.74686,0.74623,0.746805
2021-07-14 07:00:00+00:00,audusd,0.74559,0.74672,0.74553,0.746285
2021-07-14 07:15:00+00:00,audusd,0.74604,0.74609,0.74529,0.74558
2021-07-14 07:30:00+00:00,audusd,0.746,0.74651,0.74584,0.746035
2021-07-14 07:45:00+00:00,audusd,0.74508,0.74605,0.74508,0.746
2021-07-14 08:00:00+00:00,audusd,0.74494,0.74523,0.74482,0.74509
2021-07-14 08:15:00+00:00,audusd,0.7449,0.74504,0.744385,0.744935
2021-07-14 08:30:00+00:00,audusd,0.74471,0.74538,0.74471,0.744905
2021-07-14 08:45:00+00:00,audusd,0.74394,0.74472,0.743905,0.74472
2021-07-14 09:00:00+00:00,audusd,0.74393,0.74425,0.74313,0.74393
2021-07-14 09:15:00+00:00,audusd,0.744035,0.74412,0.74358,0.743935
2021-07-14 09:30:00+00:00,audusd,0.744045,0.74432,0.74385,0.74404
2021-07-14 09:45:00+00:00,audusd,0.74454,0.74459,0.74397,0.74405
2021-07-14 10:00:00+00:00,audusd,0.744985,0.7451,0.74453,0.744545
2021-07-14 10:15:00+00:00,audusd,0.74495,0.7451,0.74488,0.74498
2021-07-14 10:30:00+00:00,audusd,0.74527,0.74539,0.74493,0.744945
2021-07-14 10:45:00+00:00,audusd,0.74538,0.7455,0.74519,0.745265
2021-07-14 11:00:00+00:00,audusd,0.74573,0.745995,0.745205,0.74537
2021-07-14 11:15:00+00:00,audusd,0.74586,0.746105,0.745555,0.745735
2021-07-14 11:30:00+00:00,audusd,0.74563,0.745895,0.745605,0.745855
2021-07-14 11:45:00+00:00,audusd,0.74613,0.746145,0.745635,0.745635
2021-07-14 12:00:00+00:00,audusd,0.7469,0.74692,0.74606,0.746135
2021-07-14 12:15:00+00:00,audusd,0.74616,0.747055,0.74616,0.746905
2021-07-14 12:30:00+00:00,audusd,0.747405,0.748235,0.746165,0.74617
2021-07-14 12:45:00+00:00,audusd,0.7484,0.74845,0.74736,0.74741
2021-07-14 13:00:00+00:00,audusd,0.74825,0.74859,0.74787,0.74845
2021-07-14 13:15:00+00:00,audusd,0.748475,0.74849,0.74781,0.748255
2021-07-14 13:30:00+00:00,audusd,0.74798,0.748595,0.74769,0.74847
2021-07-14 13:45:00+00:00,audusd,0.74782,0.74841,0.74779,0.747995
2021-07-14 14:00:00+00:00,audusd,0.74768,0.74834,0.74706,0.747825
2021-07-14 14:15:00+00:00,audusd,0.74723,0.74825,0.7472,0.74769
2021-07-14 14:30:00+00:00,audusd,0.74698,0.7476,0.746795,0.74722
2021-07-14 14:45:00+00:00,audusd,0.747545,0.748065,0.74694,0.746975
2021-07-14 15:00:00+00:00,audusd,0.747535,0.747995,0.74714,0.74753
2021-07-14 15:15:00+00:00,audusd,0.74704,0.74787,0.7468,0.74754
2021-07-14 15:30:00+00:00,audusd,0.74692,0.74731,0.74676,0.747035
2021-07-14 15:45:00+00:00,audusd,0.74685,0.74695,0.746515,0.746885
2021-07-14 16:00:00+00:00,audusd,0.74697,0.74734,0.7468,0.74686
2021-07-14 16:15:00+00:00,audusd,0.74777,0.747795,0.74689,0.746975
2021-07-14 16:30:00+00:00,audusd,0.74763,0.74795,0.74761,0.747775
2021-07-14 16:45:00+00:00,audusd,0.74773,0.74784,0.74729,0.747625
2021-07-14 17:00:00+00:00,audusd,0.7478,0.74816,0.74761,0.747735
2021-07-14 17:15:00+00:00,audusd,0.74765,0.74782,0.74738,0.747805
2021-07-14 17:30:00+00:00,audusd,0.74785,0.74785,0.74754,0.747645
2021-07-14 17:45:00+00:00,audusd,0.74764,0.74785,0.747545,0.747845
2021-07-14 18:00:00+00:00,audusd,0.74787,0.74788,0.7475,0.747645
2021-07-14 18:15:00+00:00,audusd,0.748535,0.7486,0.74787,0.747875
2021-07-14 18:30:00+00:00,audusd,0.74827,0.74855,0.74825,0.74854
2021-07-14 18:45:00+00:00,audusd,0.747735,0.748265,0.74773,0.748265
2021-07-14 19:00:00+00:00,audusd,0.74779,0.74801,0.74765,0.74774
2021-07-14 19:15:00+00:00,audusd,0.74765,0.74785,0.747605,0.747785
2021-07-14 19:30:00+00:00,audusd,0.747545,0.7477,0.74744,0.747655
2021-07-14 19:45:00+00:00,audusd,0.74796,0.74799,0.74755,0.74755
2021-07-14 20:00:00+00:00,audusd,0.748105,0.74816,0.74787,0.747955
2021-07-14 20:15:00+00:00,audusd,0.74818,0.74818,0.74795,0.74811
2021-07-14 20:30:00+00:00,audusd,0.7482,0.74828,0.74808,0.748185
2021-07-14 20:45:00+00:00,audusd,0.74806,0.7484,0.74796,0.748205
2021-07-14 21:00:00+00:00,audusd,0.74825,0.74847,0.74798,0.74828
2021-07-14 21:15:00+00:00,audusd,0.74816,0.748285,0.748135,0.74818
2021-07-14 21:30:00+00:00,audusd,0.74824,0.74837,0.74814,0.74815
2021-07-14 21:45:00+00:00,audusd,0.748255,0.74826,0.74811,0.74823
2021-07-14 22:00:00+00:00,audusd,0.74842,0.74842,0.74814,0.748265
2021-07-14 22:15:00+00:00,audusd,0.74866,0.74875,0.74837,0.748415
2021-07-14 22:30:00+00:00,audusd,0.74812,0.748655,0.74809,0.74865
2021-07-14 22:45:00+00:00,audusd,0.74816,0.748225,0.748025,0.748115
2021-07-14 23:00:00+00:00,audusd,0.748215,0.74853,0.74816,0.74817
2021-07-14 23:15:00+00:00,audusd,0.748125,0.74842,0.74807,0.74821
2021-07-14 23:30:00+00:00,audusd,0.74799,0.748185,0.74798,0.74813
2021-07-14 23:45:00+00:00,audusd,0.74808,0.748125,0.747975,0.747985
2021-07-15 00:00:00+00:00,audusd,0.74771,0.74829,0.74766,0.74807
2021-07-15 00:15:00+00:00,audusd,0.74757,0.747765,0.74727,0.747715
2021-07-15 00:30:00+00:00,audusd,0.74774,0.74775,0.74707,0.747575
2021-07-15 00:45:00+00:00,audusd,0.74736,0.747925,0.74697,0.747735
2021-07-15 01:00:00+00:00,audusd,0.74683,0.747425,0.7467,0.74737
2021-07-15 01:15:00+00:00,audusd,0.74711,0.7474,0.74678,0.74684
2021-07-15 01:30:00+00:00,audusd,0.74704,0.74776,0.74669,0.747115
2021-07-15 01:45:00+00:00,audusd,0.746395,0.747135,0.746325,0.747035
2021-07-15 02:00:00+00:00,audusd,0.74647,0.74678,0.74605,0.7464
2021-07-15 02:15:00+00:00,audusd,0.746525,0.74659,0.746185,0.746465
2021-07-15 02:30:00+00:00,audusd,0.7458,0.74653,0.74567,0.74652
2021-07-15 02:45:00+00:00,audusd,0.74538,0.74605,0.74533,0.74579
2021-07-15 03:00:00+00:00,audusd,0.74595,0.74602,0.745375,0.74539
2021-07-15 03:15:00+00:00,audusd,0.745775,0.74607,0.74556,0.74594
2021-07-15 03:30:00+00:00,audusd,0.7462,0.74628,0.74572,0.74578
2021-07-15 03:45:00+00:00,audusd,0.74624,0.74638,0.74617,0.746195
2021-07-15 04:00:00+00:00,audusd,0.74601,0.74623,0.74581,0.74622
2021-07-15 04:15:00+00:00,audusd,0.74602,0.746205,0.745955,0.746015
2021-07-15 04:30:00+00:00,audusd,0.746085,0.74611,0.745955,0.746015
2021-07-15 04:45:00+00:00,audusd,0.74611,0.74619,0.74601,0.74608
2021-07-15 05:00:00+00:00,audusd,0.746565,0.746705,0.74609,0.746115
2021-07-15 05:15:00+00:00,audusd,0.74663,0.7467,0.7464,0.74657
2021-07-15 05:30:00+00:00,audusd,0.74674,0.74682,0.74653,0.746625
2021-07-15 05:45:00+00:00,audusd,0.74758,0.74767,0.746705,0.746735
2021-07-15 06:00:00+00:00,audusd,0.74822,0.7483,0.74758,0.747585
2021-07-15 06:15:00+00:00,audusd,0.74795,0.74849,0.747895,0.74826
2021-07-15 06:30:00+00:00,audusd,0.74796,0.74842,0.747905,0.747945
2021-07-15 06:45:00+00:00,audusd,0.747545,0.747965,0.74737,0.747965
2021-07-15 07:00:00+00:00,audusd,0.74772,0.74806,0.74751,0.74755
2021-07-15 07:15:00+00:00,audusd,0.74647,0.74782,0.746375,0.74771
2021-07-15 07:30:00+00:00,audusd,0.74682,0.74717,0.74637,0.746465
2021-07-15 07:45:00+00:00,audusd,0.7469,0.74723,0.7466,0.746815
2021-07-15 08:00:00+00:00,audusd,0.74717,0.74728,0.74656,0.746895
2021-07-15 08:15:00+00:00,audusd,0.747315,0.74742,0.74707,0.747175
2021-07-15 08:30:00+00:00,audusd,0.74797,0.74807,0.74717,0.74732
2021-07-15 08:45:00+00:00,audusd,0.74721,0.74797,0.74711,0.74795
2021-07-15 09:00:00+00:00,audusd,0.74668,0.74751,0.74666,0.7472
2021-07-15 09:15:00+00:00,audusd,0.74664,0.74676,0.74614,0.74667
2021-07-15 09:30:00+00:00,audusd,0.74652,0.74676,0.74626,0.746635
2021-07-15 09:45:00+00:00,audusd,0.74687,0.746915,0.74641,0.74651
2021-07-15 10:00:00+00:00,audusd,0.74607,0.74706,0.74593,0.746865
2021-07-15 10:15:00+00:00,audusd,0.74592,0.74621,0.7459,0.746065
2021-07-15 10:30:00+00:00,audusd,0.746015,0.74617,0.74591,0.74593
2021-07-15 10:45:00+00:00,audusd,0.745965,0.74623,0.74591,0.74601
2021-07-15 11:00:00+00:00,audusd,0.74566,0.74621,0.74522,0.74597
2021-07-15 11:15:00+00:00,audusd,0.744865,0.74567,0.74467,0.74565
2021-07-15 11:30:00+00:00,audusd,0.744815,0.74507,0.74464,0.74487
2021-07-15 11:45:00+00:00,audusd,0.74482,0.74514,0.744515,0.74481
2021-07-15 12:00:00+00:00,audusd,0.743875,0.74491,0.74386,0.744825
2021-07-15 12:15:00+00:00,audusd,0.744765,0.74484,0.743765,0.74387
2021-07-15 12:30:00+00:00,audusd,0.74441,0.74477,0.74413,0.74477
2021-07-15 12:45:00+00:00,audusd,0.74363,0.744565,0.74343,0.744405
2021-07-15 13:00:00+00:00,audusd,0.74398,0.74441,0.74342,0.743625
2021-07-15 13:15:00+00:00,audusd,0.74388,0.74408,0.74343,0.74397
2021-07-15 13:30:00+00:00,audusd,0.74406,0.744445,0.74362,0.743875
2021-07-15 13:45:00+00:00,audusd,0.74427,0.74449,0.74374,0.744055
2021-07-15 14:00:00+00:00,audusd,0.74447,0.74496,0.74418,0.744265
2021-07-15 14:15:00+00:00,audusd,0.74359,0.74452,0.74347,0.744465
2021-07-15 14:30:00+00:00,audusd,0.74349,0.7444,0.74347,0.7436
2021-07-15 14:45:00+00:00,audusd,0.743725,0.74395,0.74336,0.743485
2021-07-15 15:00:00+00:00,audusd,0.74423,0.74428,0.74362,0.74373
2021-07-15 15:15:00+00:00,audusd,0.74404,0.7443,0.74388,0.74424
2021-07-15 15:30:00+00:00,audusd,0.74419,0.74427,0.74396,0.744035
2021-07-15 15:45:00+00:00,audusd,0.74348,0.74435,0.743375,0.7442
2021-07-15 16:00:00+00:00,audusd,0.74282,0.74367,0.74254,0.74349
2021-07-15 16:15:00+00:00,audusd,0.74288,0.74293,0.74232,0.742805
2021-07-15 16:30:00+00:00,audusd,0.74266,0.74289,0.7426,0.742885
2021-07-15 16:45:00+00:00,audusd,0.74245,0.74287,0.74228,0.74265
2021-07-15 17:00:00+00:00,audusd,0.74148,0.742465,0.741425,0.742445
2021-07-15 17:15:00+00:00,audusd,0.7419,0.74208,0.74136,0.741475
2021-07-15 17:30:00+00:00,audusd,0.741605,0.74196,0.741515,0.741895
2021-07-15 17:45:00+00:00,audusd,0.74132,0.7416,0.74107,0.7416
2021-07-15 18:00:00+00:00,audusd,0.7414,0.74172,0.74118,0.74131
2021-07-15 18:15:00+00:00,audusd,0.741655,0.74173,0.74131,0.741395
2021-07-15 18:30:00+00:00,audusd,0.74153,0.7418,0.74143,0.741655
2021-07-15 18:45:00+00:00,audusd,0.74172,0.74198,0.74142,0.741525
2021-07-15 19:00:00+00:00,audusd,0.74189,0.74191,0.74168,0.741725
2021-07-15 19:15:00+00:00,audusd,0.742125,0.742165,0.741685,0.7419
2021-07-15 19:30:00+00:00,audusd,0.74196,0.74225,0.74195,0.74213
2021-07-15 19:45:00+00:00,audusd,0.74219,0.74219,0.74188,0.741965
2021-07-15 20:00:00+00:00,audusd,0.74213,0.74233,0.74205,0.74218
2021-07-15 20:15:00+00:00,audusd,0.74194,0.742335,0.74188,0.742125
2021-07-15 20:30:00+00:00,audusd,0.74209,0.742125,0.741945,0.741945
2021-07-15 20:45:00+00:00,audusd,0.742325,0.74257,0.74208,0.742095
2021-07-15 21:00:00+00:00,audusd,0.742755,0.74295,0.74229,0.74239
2021-07-15 21:15:00+00:00,audusd,0.742145,0.74285,0.74202,0.74256
2021-07-15 21:30:00+00:00,audusd,0.74229,0.742905,0.74204,0.74219
2021-07-15 21:45:00+00:00,audusd,0.74241,0.74287,0.74206,0.742295
2021-07-15 22:00:00+00:00,audusd,0.74236,0.74253,0.7423,0.7424
2021-07-15 22:15:00+00:00,audusd,0.74237,0.74249,0.74232,0.74237
2021-07-15 22:30:00+00:00,audusd,0.74262,0.74265,0.74226,0.74238
2021-07-15 22:45:00+00:00,audusd,0.74298,0.743855,0.74264,0.74265
2021-07-15 23:00:00+00:00,audusd,0.74257,0.74304,0.74248,0.742975
2021-07-15 23:15:00+00:00,audusd,0.7426,0.74274,0.74251,0.74256
2021-07-15 23:30:00+00:00,audusd,0.74195,0.74264,0.74195,0.74261
2021-07-15 23:45:00+00:00,audusd,0.74229,0.74255,0.74196,0.74196
2021-07-16 00:00:00+00:00,audusd,0.742895,0.74296,0.74221,0.742295
2021-07-16 00:15:00+00:00,audusd,0.74281,0.74296,0.74261,0.74289
2021-07-16 00:30:00+00:00,audusd,0.74276,0.74295,0.7426,0.74282
2021-07-16 00:45:00+00:00,audusd,0.7426,0.74285,0.7424,0.742765
2021-07-16 01:00:00+00:00,audusd,0.74219,0.74263,0.7418,0.742605
2021-07-16 01:15:00+00:00,audusd,0.74229,0.74236,0.741865,0.742195
2021-07-16 01:30:00+00:00,audusd,0.74229,0.74276,0.74219,0.742295
2021-07-16 01:45:00+00:00,audusd,0.74155,0.74234,0.74148,0.7423
2021-07-16 02:00:00+00:00,audusd,0.74229,0.74229,0.74155,0.741555
2021-07-16 02:15:00+00:00,audusd,0.74224,0.74244,0.742145,0.7423
2021-07-16 02:30:00+00:00,audusd,0.74275,0.74279,0.74219,0.74225
2021-07-16 02:45:00+00:00,audusd,0.742955,0.742955,0.74269,0.742745
2021-07-16 03:00:00+00:00,audusd,0.74333,0.74354,0.74295,0.74296
2021-07-16 03:15:00+00:00,audusd,0.74338,0.7435,0.74323,0.743335
2021-07-16 03:30:00+00:00,audusd,0.74379,0.74383,0.74336,0.743375
2021-07-16 03:45:00+00:00,audusd,0.74375,0.743885,0.743515,0.74378
2021-07-16 04:00:00+00:00,audusd,0.74396,0.74404,0.7437,0.743755
2021-07-16 04:15:00+00:00,audusd,0.74381,0.743995,0.74376,0.743955
2021-07-16 04:30:00+00:00,audusd,0.7436,0.74388,0.74359,0.743805
2021-07-16 04:45:00+00:00,audusd,0.74368,0.74374,0.74354,0.743605
2021-07-16 05:00:00+00:00,audusd,0.74378,0.74383,0.74364,0.74369
2021-07-16 05:15:00+00:00,audusd,0.74342,0.7438,0.743235,0.743785
2021-07-16 05:30:00+00:00,audusd,0.74377,0.743795,0.74338,0.743425
2021-07-16 05:45:00+00:00,audusd,0.74393,0.743945,0.74377,0.743775
2021-07-16 06:00:00+00:00,audusd,0.743155,0.74392,0.74303,0.74392
2021-07-16 06:15:00+00:00,audusd,0.74379,0.74387,0.743035,0.74316
2021-07-16 06:30:00+00:00,audusd,0.74329,0.7438,0.74314,0.743795
2021-07-16 06:45:00+00:00,audusd,0.743335,0.74336,0.74302,0.743295
2021-07-16 07:00:00+00:00,audusd,0.74329,0.74351,0.74278,0.74333
2021-07-16 07:15:00+00:00,audusd,0.74298,0.74329,0.74292,0.743285
2021-07-16 07:30:00+00:00,audusd,0.742685,0.74303,0.742255,0.742985
2021-07-16 07:45:00+00:00,audusd,0.74283,0.74347,0.74253,0.74269
2021-07-16 08:00:00+00:00,audusd,0.74309,0.74309,0.74237,0.742825
2021-07-16 08:15:00+00:00,audusd,0.74348,0.74351,0.743,0.743085
2021-07-16 08:30:00+00:00,audusd,0.743875,0.74389,0.74317,0.743475
2021-07-16 08:45:00+00:00,audusd,0.74423,0.74429,0.74387,0.74387
2021-07-16 09:00:00+00:00,audusd,0.74407,0.744225,0.74367,0.744225
2021-07-16 09:15:00+00:00,audusd,0.74366,0.74426,0.74358,0.744075
2021-07-16 09:30:00+00:00,audusd,0.74379,0.74407,0.74358,0.74365
2021-07-16 09:45:00+00:00,audusd,0.743855,0.74399,0.74358,0.743785
2021-07-16 10:00:00+00:00,audusd,0.74309,0.74386,0.74297,0.74386
2021-07-16 10:15:00+00:00,audusd,0.74239,0.74309,0.74236,0.743085
2021-07-16 10:30:00+00:00,audusd,0.74237,0.74247,0.74201,0.742395
2021-07-16 10:45:00+00:00,audusd,0.74239,0.742395,0.74203,0.742365
2021-07-16 11:00:00+00:00,audusd,0.74212,0.7425,0.74208,0.74238
2021-07-16 11:15:00+00:00,audusd,0.74184,0.742475,0.74182,0.74213
2021-07-16 11:30:00+00:00,audusd,0.74188,0.7419,0.7416,0.74183
2021-07-16 11:45:00+00:00,audusd,0.7417,0.7419,0.74158,0.74187
2021-07-16 12:00:00+00:00,audusd,0.74194,0.741995,0.74154,0.74171
2021-07-16 12:15:00+00:00,audusd,0.741775,0.74207,0.741755,0.741945
2021-07-16 12:30:00+00:00,audusd,0.74188,0.74208,0.74079,0.74177
2021-07-16 12:45:00+00:00,audusd,0.741725,0.742155,0.74157,0.74185
2021-07-16 13:00:00+00:00,audusd,0.74183,0.74185,0.74148,0.74173
2021-07-16 13:15:00+00:00,audusd,0.7421,0.74229,0.74182,0.741825
2021-07-16 13:30:00+00:00,audusd,0.741195,0.74237,0.74113,0.742095
2021-07-16 13:45:00+00:00,audusd,0.74127,0.74128,0.74023,0.7412
2021-07-16 14:00:00+00:00,audusd,0.74031,0.74148,0.74025,0.741275
2021-07-16 14:15:00+00:00,audusd,0.74069,0.740765,0.739945,0.740305
2021-07-16 14:30:00+00:00,audusd,0.74025,0.74115,0.740015,0.740625
2021-07-16 14:45:00+00:00,audusd,0.74076,0.7408,0.73992,0.74026
2021-07-16 15:00:00+00:00,audusd,0.74069,0.74127,0.74027,0.74077
2021-07-16 15:15:00+00:00,audusd,0.74063,0.74103,0.740175,0.740685
2021-07-16 15:30:00+00:00,audusd,0.74055,0.74107,0.74047,0.74062
2021-07-16 15:45:00+00:00,audusd,0.74093,0.74098,0.74037,0.740555
2021-07-16 16:00:00+00:00,audusd,0.741365,0.74138,0.74089,0.740935
2021-07-16 16:15:00+00:00,audusd,0.74143,0.74162,0.74132,0.74136
2021-07-16 16:30:00+00:00,audusd,0.74124,0.74152,0.74117,0.74144
2021-07-16 16:45:00+00:00,audusd,0.74152,0.74157,0.74097,0.741245
2021-07-16 17:00:00+00:00,audusd,0.74142,0.741635,0.74126,0.741525
2021-07-16 17:15:00+00:00,audusd,0.74131,0.741535,0.74127,0.74141
2021-07-16 17:30:00+00:00,audusd,0.741165,0.74162,0.74106,0.7413
2021-07-16 17:45:00+00:00,audusd,0.74087,0.74121,0.74079,0.74117
2021-07-16 18:00:00+00:00,audusd,0.74058,0.740865,0.74048,0.740865
2021-07-16 18:15:00+00:00,audusd,0.74027,0.74071,0.74027,0.740585
2021-07-16 18:30:00+00:00,audusd,0.74022,0.74038,0.73997,0.740265
2021-07-16 18:45:00+00:00,audusd,0.74004,0.74048,0.74003,0.740215
2021-07-16 19:00:00+00:00,audusd,0.73972,0.740115,0.7396,0.74005
2021-07-16 19:15:00+00:00,audusd,0.73943,0.739805,0.73935,0.739715
2021-07-16 19:30:00+00:00,audusd,0.7393,0.73947,0.739255,0.739425
2021-07-16 19:45:00+00:00,audusd,0.739575,0.73958,0.73923,0.739295
2021-07-16 20:00:00+00:00,audusd,0.739325,0.739815,0.73932,0.73958
2021-07-16 20:15:00+00:00,audusd,0.73941,0.739425,0.73927,0.73932
2021-07-16 20:30:00+00:00,audusd,0.73958,0.73968,0.73936,0.739405
2021-07-16 20:45:00+00:00,audusd,0.73949,0.74015,0.73944,0.739585
2021-07-18 21:00:00+00:00,audusd,0.74025,0.74036,0.74025,0.74032
2021-07-18 21:15:00+00:00,audusd,0.74012,0.74034,0.74007,0.74028
2021-07-18 21:30:00+00:00,audusd,0.74024,0.740255,0.740105,0.740105
2021-07-18 21:45:00+00:00,audusd,0.74013,0.74127,0.73994,0.74027
2021-07-18 22:00:00+00:00,audusd,0.73962,0.74011,0.739375,0.74011
2021-07-18 22:15:00+00:00,audusd,0.7396,0.73974,0.739415,0.739625
2021-07-18 22:30:00+00:00,audusd,0.73934,0.739595,0.739225,0.739595
2021-07-18 22:45:00+00:00,audusd,0.73923,0.73935,0.73921,0.739335
2021-07-18 23:00:00+00:00,audusd,0.73925,0.73956,0.7392,0.739215
2021-07-18 23:15:00+00:00,audusd,0.739265,0.73939,0.73919,0.739245
2021-07-18 23:30:00+00:00,audusd,0.73871,0.73927,0.73854,0.73926
2021-07-18 23:45:00+00:00,audusd,0.738825,0.73907,0.738645,0.738705
