date,ticker,close,high,low,open
2021-04-05 00:00:00+00:00,audusd,0.76204,0.76231,0.761435,0.761955
2021-04-05 01:00:00+00:00,audusd,0.76209,0.76253,0.761715,0.762035
2021-04-05 02:00:00+00:00,audusd,0.76206,0.76237,0.76194,0.762085
2021-04-05 03:00:00+00:00,audusd,0.76216,0.762395,0.761895,0.76205
2021-04-05 04:00:00+00:00,audusd,0.76129,0.76217,0.76128,0.762165
2021-04-05 05:00:00+00:00,audusd,0.76047,0.761465,0.76046,0.761285
2021-04-05 06:00:00+00:00,audusd,0.76054,0.76077,0.76006,0.760465
2021-04-05 07:00:00+00:00,audusd,0.76147,0.76148,0.759855,0.76053
2021-04-05 08:00:00+00:00,audusd,0.76234,0.76255,0.76136,0.761475
2021-04-05 09:00:00+00:00,audusd,0.76193,0.76238,0.76181,0.76235
2021-04-05 10:00:00+00:00,audusd,0.76232,0.76255,0.761695,0.76194
2021-04-05 11:00:00+00:00,audusd,0.76272,0.76298,0.76226,0.762325
2021-04-05 12:00:00+00:00,audusd,0.763615,0.763935,0.762565,0.762725
2021-04-05 13:00:00+00:00,audusd,0.76433,0.76495,0.7633,0.76361
2021-04-05 14:00:00+00:00,audusd,0.764745,0.76606,0.764275,0.764325
2021-04-05 15:00:00+00:00,audusd,0.76565,0.76566,0.76442,0.76474
2021-04-05 16:00:00+00:00,audusd,0.7655,0.76575,0.76541,0.765655
2021-04-05 17:00:00+00:00,audusd,0.76549,0.765505,0.765055,0.765505
2021-04-05 18:00:00+00:00,audusd,0.76537,0.76558,0.765085,0.765495
2021-04-05 19:00:00+00:00,audusd,0.76515,0.76541,0.76491,0.765365
2021-04-05 20:00:00+00:00,audusd,0.76512,0.76545,0.76493,0.765155
2021-04-05 21:00:00+00:00,audusd,0.76525,0.76541,0.76484,0.764935
2021-04-05 22:00:00+00:00,audusd,0.76577,0.76586,0.76506,0.765255
2021-04-05 23:00:00+00:00,audusd,0.76574,0.76605,0.765465,0.76578
2021-04-06 00:00:00+00:00,audusd,0.765475,0.7661,0.76507,0.76573
2021-04-06 01:00:00+00:00,audusd,0.76475,0.76594,0.76463,0.76547
2021-04-06 02:00:00+00:00,audusd,0.764055,0.76492,0.763965,0.76474
2021-04-06 03:00:00+00:00,audusd,0.763315,0.764155,0.76308,0.76406
2021-04-06 04:00:00+00:00,audusd,0.76389,0.76499,0.76329,0.76332
2021-04-06 05:00:00+00:00,audusd,0.764665,0.76495,0.76372,0.7639
2021-04-06 06:00:00+00:00,audusd,0.76345,0.76561,0.76313,0.76467
2021-04-06 07:00:00+00:00,audusd,0.76347,0.76353,0.76234,0.763445
2021-04-06 08:00:00+00:00,audusd,0.76276,0.76348,0.76197,0.763465
2021-04-06 09:00:00+00:00,audusd,0.76129,0.76298,0.7607,0.762765
2021-04-06 10:00:00+00:00,audusd,0.761455,0.76158,0.7606,0.761285
2021-04-06 11:00:00+00:00,audusd,0.76256,0.76265,0.76141,0.76145
2021-04-06 12:00:00+00:00,audusd,0.76368,0.76429,0.7623,0.76255
2021-04-06 13:00:00+00:00,audusd,0.76437,0.76458,0.76316,0.763675
2021-04-06 14:00:00+00:00,audusd,0.765745,0.76618,0.76377,0.76438
2021-04-06 15:00:00+00:00,audusd,0.76594,0.76623,0.76545,0.76573
2021-04-06 16:00:00+00:00,audusd,0.76619,0.76635,0.76555,0.765945
2021-04-06 17:00:00+00:00,audusd,0.76565,0.76633,0.76503,0.76618
2021-04-06 18:00:00+00:00,audusd,0.766445,0.766725,0.76551,0.765645
2021-04-06 19:00:00+00:00,audusd,0.76651,0.76654,0.765845,0.76645
2021-04-06 20:00:00+00:00,audusd,0.76636,0.76685,0.76629,0.7665
2021-04-06 21:00:00+00:00,audusd,0.76619,0.7666,0.765755,0.76636
2021-04-06 22:00:00+00:00,audusd,0.765745,0.76659,0.765735,0.766195
2021-04-06 23:00:00+00:00,audusd,0.76664,0.76677,0.765685,0.76574
2021-04-07 00:00:00+00:00,audusd,0.76704,0.7673,0.76598,0.766635
2021-04-07 01:00:00+00:00,audusd,0.76635,0.76771,0.76634,0.767035
2021-04-07 02:00:00+00:00,audusd,0.76515,0.766715,0.76513,0.766355
2021-04-07 03:00:00+00:00,audusd,0.765275,0.7658,0.76506,0.76514
2021-04-07 04:00:00+00:00,audusd,0.765615,0.76567,0.765105,0.76527
2021-04-07 05:00:00+00:00,audusd,0.76566,0.765935,0.76516,0.76562
2021-04-07 06:00:00+00:00,audusd,0.76405,0.766355,0.76388,0.765665
2021-04-07 07:00:00+00:00,audusd,0.76372,0.76467,0.76319,0.764045
2021-04-07 08:00:00+00:00,audusd,0.763655,0.7638,0.76209,0.76371
2021-04-07 09:00:00+00:00,audusd,0.7624,0.76374,0.76216,0.76366
2021-04-07 10:00:00+00:00,audusd,0.762785,0.76311,0.76204,0.762395
2021-04-07 11:00:00+00:00,audusd,0.763,0.76382,0.76249,0.76279
2021-04-07 12:00:00+00:00,audusd,0.76169,0.762995,0.761475,0.762995
2021-04-07 13:00:00+00:00,audusd,0.7623,0.762715,0.76125,0.761695
2021-04-07 14:00:00+00:00,audusd,0.76451,0.76452,0.76192,0.762295
2021-04-07 15:00:00+00:00,audusd,0.762575,0.76458,0.762015,0.7645
2021-04-07 16:00:00+00:00,audusd,0.76183,0.7628,0.76179,0.76258
2021-04-07 17:00:00+00:00,audusd,0.76188,0.76204,0.76144,0.76182
2021-04-07 18:00:00+00:00,audusd,0.76055,0.76222,0.7604,0.761875
2021-04-07 19:00:00+00:00,audusd,0.7609,0.76092,0.76008,0.760545
2021-04-07 20:00:00+00:00,audusd,0.76138,0.76149,0.76088,0.760895
2021-04-07 21:00:00+00:00,audusd,0.76098,0.761865,0.76073,0.761235
2021-04-07 22:00:00+00:00,audusd,0.76101,0.761485,0.76093,0.760985
2021-04-07 23:00:00+00:00,audusd,0.76136,0.76162,0.76083,0.761005
2021-04-08 00:00:00+00:00,audusd,0.76125,0.76175,0.76093,0.76137
2021-04-08 01:00:00+00:00,audusd,0.76099,0.76148,0.76029,0.761245
2021-04-08 02:00:00+00:00,audusd,0.76168,0.7617,0.76063,0.760995
2021-04-08 03:00:00+00:00,audusd,0.76196,0.76241,0.761685,0.761685
2021-04-08 04:00:00+00:00,audusd,0.76285,0.76285,0.76185,0.76194
2021-04-08 05:00:00+00:00,audusd,0.76369,0.76391,0.76285,0.762855
2021-04-08 06:00:00+00:00,audusd,0.76373,0.7638,0.76289,0.763685
2021-04-08 07:00:00+00:00,audusd,0.763615,0.764845,0.76336,0.76372
2021-04-08 08:00:00+00:00,audusd,0.762905,0.7637,0.76235,0.76361
2021-04-08 09:00:00+00:00,audusd,0.76292,0.763195,0.76244,0.76291
2021-04-08 10:00:00+00:00,audusd,0.76337,0.76406,0.76275,0.76291
2021-04-08 11:00:00+00:00,audusd,0.764735,0.76479,0.763165,0.76336
2021-04-08 12:00:00+00:00,audusd,0.76445,0.76474,0.76388,0.76474
2021-04-08 13:00:00+00:00,audusd,0.76442,0.76498,0.763595,0.76427
2021-04-08 14:00:00+00:00,audusd,0.76373,0.76489,0.76325,0.764425
2021-04-08 15:00:00+00:00,audusd,0.76396,0.76418,0.76321,0.763725
2021-04-08 16:00:00+00:00,audusd,0.7652,0.76606,0.76387,0.76395
2021-04-08 17:00:00+00:00,audusd,0.76496,0.76556,0.76495,0.765195
2021-04-08 18:00:00+00:00,audusd,0.76509,0.76521,0.764815,0.76499
2021-04-08 19:00:00+00:00,audusd,0.76515,0.76546,0.76492,0.765085
2021-04-08 20:00:00+00:00,audusd,0.765245,0.76565,0.76504,0.76514
2021-04-08 21:00:00+00:00,audusd,0.76519,0.76569,0.76484,0.76525
2021-04-08 22:00:00+00:00,audusd,0.76529,0.76545,0.76462,0.76518
2021-04-08 23:00:00+00:00,audusd,0.76567,0.76584,0.76521,0.76528
2021-04-09 00:00:00+00:00,audusd,0.76597,0.76613,0.765395,0.76566
2021-04-09 01:00:00+00:00,audusd,0.76438,0.76598,0.76378,0.76596
2021-04-09 02:00:00+00:00,audusd,0.76371,0.76442,0.76367,0.76439
2021-04-09 03:00:00+00:00,audusd,0.76402,0.76423,0.76352,0.763715
2021-04-09 04:00:00+00:00,audusd,0.76325,0.76405,0.76308,0.764015
2021-04-09 05:00:00+00:00,audusd,0.76117,0.76327,0.761165,0.763255
2021-04-09 06:00:00+00:00,audusd,0.75957,0.76156,0.75883,0.761165
2021-04-09 07:00:00+00:00,audusd,0.76147,0.761565,0.75937,0.759565
2021-04-09 08:00:00+00:00,audusd,0.7618,0.76189,0.76056,0.761475
2021-04-09 09:00:00+00:00,audusd,0.76173,0.76198,0.76122,0.76179
2021-04-09 10:00:00+00:00,audusd,0.76275,0.7632,0.761495,0.761725
2021-04-09 11:00:00+00:00,audusd,0.76344,0.76414,0.76258,0.76276
2021-04-09 12:00:00+00:00,audusd,0.761845,0.76352,0.76106,0.763445
2021-04-09 13:00:00+00:00,audusd,0.76232,0.762995,0.76103,0.76185
2021-04-09 14:00:00+00:00,audusd,0.76272,0.76319,0.76195,0.762325
2021-04-09 15:00:00+00:00,audusd,0.763095,0.76314,0.76217,0.762715
2021-04-09 16:00:00+00:00,audusd,0.76249,0.76316,0.76236,0.763105
2021-04-09 17:00:00+00:00,audusd,0.762535,0.76282,0.76241,0.76248
2021-04-09 18:00:00+00:00,audusd,0.762555,0.76267,0.76233,0.76254
2021-04-09 19:00:00+00:00,audusd,0.76266,0.762745,0.7624,0.76256
2021-04-09 20:00:00+00:00,audusd,0.76231,0.76276,0.76179,0.762655
2021-04-11 21:00:00+00:00,audusd,0.761825,0.76268,0.761325,0.762195
2021-04-11 22:00:00+00:00,audusd,0.76215,0.76237,0.76173,0.76183
2021-04-11 23:00:00+00:00,audusd,0.76216,0.7628,0.76201,0.762155
2021-04-12 00:00:00+00:00,audusd,0.76166,0.76228,0.76134,0.76217
2021-04-12 01:00:00+00:00,audusd,0.76026,0.761655,0.75995,0.761655
2021-04-12 02:00:00+00:00,audusd,0.7604,0.76042,0.75949,0.76027
2021-04-12 03:00:00+00:00,audusd,0.76091,0.76092,0.76017,0.76041
2021-04-12 04:00:00+00:00,audusd,0.76038,0.76096,0.76031,0.76092
2021-04-12 05:00:00+00:00,audusd,0.76039,0.760585,0.759725,0.760385
2021-04-12 06:00:00+00:00,audusd,0.76107,0.76148,0.76022,0.760395
2021-04-12 07:00:00+00:00,audusd,0.761355,0.76188,0.76079,0.76108
2021-04-12 08:00:00+00:00,audusd,0.76168,0.76207,0.761085,0.76136
2021-04-12 09:00:00+00:00,audusd,0.76303,0.76337,0.76168,0.76169
2021-04-12 10:00:00+00:00,audusd,0.76283,0.76356,0.76258,0.76305
2021-04-12 11:00:00+00:00,audusd,0.762875,0.76353,0.762575,0.76282
2021-04-12 12:00:00+00:00,audusd,0.76313,0.76332,0.76236,0.76288
2021-04-12 13:00:00+00:00,audusd,0.76209,0.763575,0.76191,0.763135
2021-04-12 14:00:00+00:00,audusd,0.76213,0.76264,0.7612,0.7621
2021-04-12 15:00:00+00:00,audusd,0.761925,0.76247,0.761725,0.762125
2021-04-12 16:00:00+00:00,audusd,0.76259,0.76272,0.76184,0.76193
2021-04-12 17:00:00+00:00,audusd,0.76207,0.76267,0.761995,0.7626
2021-04-12 18:00:00+00:00,audusd,0.76161,0.76217,0.76144,0.762065
2021-04-12 19:00:00+00:00,audusd,0.761965,0.76198,0.761165,0.761605
2021-04-12 20:00:00+00:00,audusd,0.76226,0.76243,0.76196,0.76196
2021-04-12 21:00:00+00:00,audusd,0.76218,0.76282,0.76201,0.76234
2021-04-12 22:00:00+00:00,audusd,0.76238,0.76252,0.76217,0.762185
2021-04-12 23:00:00+00:00,audusd,0.762745,0.763075,0.76227,0.76239
2021-04-13 00:00:00+00:00,audusd,0.761195,0.76276,0.76107,0.76274
2021-04-13 01:00:00+00:00,audusd,0.761115,0.7615,0.76041,0.76119
2021-04-13 02:00:00+00:00,audusd,0.761055,0.76157,0.76067,0.76111
2021-04-13 03:00:00+00:00,audusd,0.76,0.76119,0.76,0.76106
2021-04-13 04:00:00+00:00,audusd,0.7599,0.76045,0.75963,0.759955
2021-04-13 05:00:00+00:00,audusd,0.7604,0.760445,0.7595,0.75989
2021-04-13 06:00:00+00:00,audusd,0.76035,0.76138,0.759805,0.760405
2021-04-13 07:00:00+00:00,audusd,0.76085,0.76128,0.76024,0.76036
2021-04-13 08:00:00+00:00,audusd,0.7617,0.76225,0.76022,0.760845
2021-04-13 09:00:00+00:00,audusd,0.76161,0.76216,0.76149,0.761705
2021-04-13 10:00:00+00:00,audusd,0.761,0.76198,0.76077,0.761605
2021-04-13 11:00:00+00:00,audusd,0.760235,0.76127,0.75986,0.76099
2021-04-13 12:00:00+00:00,audusd,0.7613,0.76201,0.75854,0.76023
2021-04-13 13:00:00+00:00,audusd,0.76272,0.76303,0.76114,0.761285
2021-04-13 14:00:00+00:00,audusd,0.76266,0.76324,0.76152,0.76283
2021-04-13 15:00:00+00:00,audusd,0.76283,0.762925,0.76214,0.762655
2021-04-13 16:00:00+00:00,audusd,0.76319,0.76365,0.76282,0.762825
2021-04-13 17:00:00+00:00,audusd,0.763805,0.764055,0.76318,0.763185
2021-04-13 18:00:00+00:00,audusd,0.76426,0.76442,0.76381,0.76381
2021-04-13 19:00:00+00:00,audusd,0.764795,0.76486,0.76418,0.764255
2021-04-13 20:00:00+00:00,audusd,0.764305,0.76487,0.76428,0.764795
2021-04-13 21:00:00+00:00,audusd,0.764325,0.764385,0.76412,0.76436
2021-04-13 22:00:00+00:00,audusd,0.76432,0.764575,0.76419,0.76433
2021-04-13 23:00:00+00:00,audusd,0.76473,0.7653,0.76428,0.76431
2021-04-14 00:00:00+00:00,audusd,0.76399,0.76495,0.76389,0.76476
2021-04-14 01:00:00+00:00,audusd,0.764545,0.765065,0.76348,0.764
2021-04-14 02:00:00+00:00,audusd,0.76593,0.766415,0.76407,0.76455
2021-04-14 03:00:00+00:00,audusd,0.765755,0.76623,0.76546,0.76594
2021-04-14 04:00:00+00:00,audusd,0.76635,0.7668,0.765735,0.76575
2021-04-14 05:00:00+00:00,audusd,0.76717,0.767175,0.76624,0.766355
2021-04-14 06:00:00+00:00,audusd,0.76819,0.76821,0.76701,0.76718
2021-04-14 07:00:00+00:00,audusd,0.767745,0.76865,0.76728,0.768195
2021-04-14 08:00:00+00:00,audusd,0.76896,0.769275,0.76758,0.76774
2021-04-14 09:00:00+00:00,audusd,0.768885,0.769575,0.76862,0.768965
2021-04-14 10:00:00+00:00,audusd,0.76852,0.769075,0.76829,0.76889
2021-04-14 11:00:00+00:00,audusd,0.76874,0.76898,0.768265,0.768515
2021-04-14 12:00:00+00:00,audusd,0.7685,0.76909,0.76804,0.76875
2021-04-14 13:00:00+00:00,audusd,0.76939,0.77045,0.76829,0.768505
2021-04-14 14:00:00+00:00,audusd,0.771915,0.77249,0.76909,0.769395
2021-04-14 15:00:00+00:00,audusd,0.77303,0.77325,0.77169,0.77191
2021-04-14 16:00:00+00:00,audusd,0.77346,0.7738,0.772675,0.77302
2021-04-14 17:00:00+00:00,audusd,0.77273,0.77348,0.77261,0.773465
2021-04-14 18:00:00+00:00,audusd,0.77259,0.77282,0.771895,0.772725
2021-04-14 19:00:00+00:00,audusd,0.772955,0.77296,0.77232,0.772585
2021-04-14 20:00:00+00:00,audusd,0.77251,0.773,0.7723,0.77296
2021-04-14 21:00:00+00:00,audusd,0.7722,0.773,0.77199,0.77256
2021-04-14 22:00:00+00:00,audusd,0.77251,0.77282,0.772205,0.77221
2021-04-14 23:00:00+00:00,audusd,0.77249,0.77281,0.77231,0.772515
2021-04-15 00:00:00+00:00,audusd,0.77395,0.77398,0.772305,0.772475
2021-04-15 01:00:00+00:00,audusd,0.772495,0.77455,0.77194,0.773945
2021-04-15 02:00:00+00:00,audusd,0.77163,0.77249,0.77161,0.77249
2021-04-15 03:00:00+00:00,audusd,0.77123,0.771925,0.770825,0.771625
2021-04-15 04:00:00+00:00,audusd,0.770815,0.77133,0.77058,0.77125
2021-04-15 05:00:00+00:00,audusd,0.771535,0.772095,0.7708,0.77081
2021-04-15 06:00:00+00:00,audusd,0.77269,0.7732,0.77139,0.77153
2021-04-15 07:00:00+00:00,audusd,0.77521,0.77544,0.7727,0.7727
2021-04-15 08:00:00+00:00,audusd,0.77547,0.775925,0.77448,0.775215
2021-04-15 09:00:00+00:00,audusd,0.77511,0.77612,0.77496,0.77546
2021-04-15 10:00:00+00:00,audusd,0.77405,0.77517,0.774,0.775115
2021-04-15 11:00:00+00:00,audusd,0.77444,0.77454,0.7739,0.774055
2021-04-15 12:00:00+00:00,audusd,0.77438,0.77603,0.77407,0.774445
2021-04-15 13:00:00+00:00,audusd,0.77489,0.77556,0.77429,0.774645
2021-04-15 14:00:00+00:00,audusd,0.77557,0.775825,0.77416,0.774895
2021-04-15 15:00:00+00:00,audusd,0.77451,0.77561,0.773875,0.77557
2021-04-15 16:00:00+00:00,audusd,0.775,0.77515,0.774505,0.774505
2021-04-15 17:00:00+00:00,audusd,0.77503,0.77518,0.77385,0.775005
2021-04-15 18:00:00+00:00,audusd,0.77548,0.77565,0.775,0.77504
2021-04-15 19:00:00+00:00,audusd,0.77564,0.77567,0.77481,0.77548
2021-04-15 20:00:00+00:00,audusd,0.7752,0.77575,0.77488,0.775645
2021-04-15 21:00:00+00:00,audusd,0.775145,0.77558,0.77484,0.775245
2021-04-15 22:00:00+00:00,audusd,0.775,0.7755,0.77495,0.77515
2021-04-15 23:00:00+00:00,audusd,0.77514,0.77532,0.77489,0.774995
2021-04-16 00:00:00+00:00,audusd,0.77389,0.7755,0.77384,0.775135
2021-04-16 01:00:00+00:00,audusd,0.77355,0.77404,0.772925,0.7739
2021-04-16 02:00:00+00:00,audusd,0.7729,0.77364,0.772425,0.77354
2021-04-16 04:00:00+00:00,audusd,0.77386,0.77387,0.77354,0.773585
2021-04-16 05:00:00+00:00,audusd,0.774695,0.7747,0.77358,0.773865
2021-04-16 06:00:00+00:00,audusd,0.773235,0.77469,0.77278,0.77469
2021-04-16 07:00:00+00:00,audusd,0.77441,0.77455,0.7731,0.77324
2021-04-16 08:00:00+00:00,audusd,0.774195,0.774645,0.77347,0.774415
2021-04-16 09:00:00+00:00,audusd,0.77469,0.77491,0.77365,0.77419
2021-04-16 10:00:00+00:00,audusd,0.77524,0.77568,0.77459,0.77468
2021-04-16 11:00:00+00:00,audusd,0.77526,0.77592,0.7746,0.775245
2021-04-16 12:00:00+00:00,audusd,0.77459,0.77559,0.77418,0.77525
2021-04-16 13:00:00+00:00,audusd,0.77342,0.77463,0.77336,0.7746
2021-04-16 14:00:00+00:00,audusd,0.7736,0.77463,0.773215,0.77341
2021-04-16 15:00:00+00:00,audusd,0.77336,0.77391,0.77301,0.773595
2021-04-16 16:00:00+00:00,audusd,0.77358,0.77359,0.77313,0.773355
2021-04-16 17:00:00+00:00,audusd,0.773295,0.77374,0.77319,0.77357
2021-04-16 18:00:00+00:00,audusd,0.77324,0.77351,0.773085,0.77329
2021-04-16 19:00:00+00:00,audusd,0.7732,0.773545,0.77309,0.77323
2021-04-16 20:00:00+00:00,audusd,0.77334,0.77368,0.77301,0.773195
2021-04-18 21:00:00+00:00,audusd,0.772675,0.77327,0.77261,0.77309
2021-04-18 22:00:00+00:00,audusd,0.772335,0.77296,0.77223,0.77267
2021-04-18 23:00:00+00:00,audusd,0.77135,0.77244,0.771345,0.77233
2021-04-19 00:00:00+00:00,audusd,0.771445,0.772695,0.77125,0.771345
2021-04-19 01:00:00+00:00,audusd,0.77178,0.7723,0.77062,0.77145
2021-04-19 02:00:00+00:00,audusd,0.77286,0.77335,0.77165,0.771775
2021-04-19 03:00:00+00:00,audusd,0.77293,0.77329,0.77251,0.77287
2021-04-19 04:00:00+00:00,audusd,0.77356,0.77381,0.772935,0.772935
2021-04-19 05:00:00+00:00,audusd,0.7738,0.77389,0.772935,0.773565
2021-04-19 06:00:00+00:00,audusd,0.77409,0.774445,0.77326,0.773795
2021-04-19 07:00:00+00:00,audusd,0.776675,0.77672,0.77396,0.77408
2021-04-19 08:00:00+00:00,audusd,0.77788,0.77847,0.77637,0.77667
2021-04-19 09:00:00+00:00,audusd,0.77822,0.77835,0.77752,0.77789
2021-04-19 10:00:00+00:00,audusd,0.777885,0.7783,0.777145,0.778225
2021-04-19 11:00:00+00:00,audusd,0.77757,0.77805,0.77697,0.77789
2021-04-19 12:00:00+00:00,audusd,0.77757,0.77759,0.77642,0.777565
2021-04-19 13:00:00+00:00,audusd,0.77725,0.7777,0.7764,0.77756
2021-04-19 14:00:00+00:00,audusd,0.77693,0.77734,0.77572,0.77724
2021-04-19 15:00:00+00:00,audusd,0.77579,0.777055,0.77551,0.77687
2021-04-19 16:00:00+00:00,audusd,0.77571,0.77649,0.77525,0.7758
2021-04-19 17:00:00+00:00,audusd,0.77554,0.77589,0.77535,0.775705
2021-04-19 18:00:00+00:00,audusd,0.77594,0.77609,0.77539,0.775545
2021-04-19 19:00:00+00:00,audusd,0.7757,0.77603,0.77506,0.77593
2021-04-19 20:00:00+00:00,audusd,0.77572,0.77595,0.77543,0.775695
2021-04-19 21:00:00+00:00,audusd,0.77544,0.77646,0.77535,0.775715
2021-04-19 22:00:00+00:00,audusd,0.77621,0.77629,0.77542,0.77545
2021-04-19 23:00:00+00:00,audusd,0.77649,0.776685,0.7758,0.776215
2021-04-20 00:00:00+00:00,audusd,0.77685,0.77723,0.77649,0.776495
2021-04-20 01:00:00+00:00,audusd,0.77865,0.77886,0.77648,0.776845
2021-04-20 02:00:00+00:00,audusd,0.77944,0.7795,0.7782,0.77864
2021-04-20 03:00:00+00:00,audusd,0.78001,0.78004,0.77923,0.779445
2021-04-20 04:00:00+00:00,audusd,0.77978,0.780035,0.779115,0.78
2021-04-20 05:00:00+00:00,audusd,0.78018,0.78043,0.77897,0.779775
2021-04-20 06:00:00+00:00,audusd,0.78081,0.78087,0.77939,0.780175
2021-04-20 07:00:00+00:00,audusd,0.78057,0.7816,0.78022,0.78081
2021-04-20 08:00:00+00:00,audusd,0.77944,0.78068,0.77922,0.78058
2021-04-20 09:00:00+00:00,audusd,0.77787,0.77958,0.77717,0.779445
2021-04-20 10:00:00+00:00,audusd,0.7769,0.77801,0.77639,0.777875
2021-04-20 11:00:00+00:00,audusd,0.77793,0.77809,0.77659,0.776905
2021-04-20 12:00:00+00:00,audusd,0.77712,0.77825,0.77606,0.777925
2021-04-20 13:00:00+00:00,audusd,0.77809,0.778345,0.77671,0.777115
2021-04-20 14:00:00+00:00,audusd,0.77492,0.77836,0.7742,0.778085
2021-04-20 15:00:00+00:00,audusd,0.77413,0.77493,0.77296,0.77489
2021-04-20 16:00:00+00:00,audusd,0.77331,0.77466,0.77302,0.77412
2021-04-20 17:00:00+00:00,audusd,0.772725,0.7734,0.77236,0.773315
2021-04-20 18:00:00+00:00,audusd,0.77145,0.77286,0.77093,0.77272
2021-04-20 19:00:00+00:00,audusd,0.77212,0.772525,0.77144,0.771455
2021-04-20 20:00:00+00:00,audusd,0.77251,0.77271,0.771755,0.772125
2021-04-20 21:00:00+00:00,audusd,0.772535,0.77296,0.77225,0.77264
2021-04-20 22:00:00+00:00,audusd,0.77303,0.773235,0.77239,0.77253
2021-04-20 23:00:00+00:00,audusd,0.77223,0.773025,0.77203,0.773025
2021-04-21 00:00:00+00:00,audusd,0.77251,0.77363,0.772085,0.772225
2021-04-21 01:00:00+00:00,audusd,0.7718,0.77329,0.77163,0.772505
2021-04-21 02:00:00+00:00,audusd,0.77165,0.77212,0.77127,0.771795
2021-04-21 03:00:00+00:00,audusd,0.77167,0.77224,0.77117,0.771655
2021-04-21 04:00:00+00:00,audusd,0.77101,0.77178,0.770505,0.771675
2021-04-21 05:00:00+00:00,audusd,0.77142,0.77188,0.77048,0.771015
2021-04-21 06:00:00+00:00,audusd,0.77189,0.77234,0.77093,0.771415
2021-04-21 07:00:00+00:00,audusd,0.77175,0.7724,0.76996,0.77188
2021-04-21 08:00:00+00:00,audusd,0.77132,0.77268,0.77108,0.771745
2021-04-21 09:00:00+00:00,audusd,0.77202,0.772255,0.77123,0.771335
2021-04-21 10:00:00+00:00,audusd,0.77287,0.77303,0.77137,0.77201
2021-04-21 11:00:00+00:00,audusd,0.77241,0.77296,0.77217,0.77288
2021-04-21 12:00:00+00:00,audusd,0.771825,0.77253,0.77105,0.77242
2021-04-21 13:00:00+00:00,audusd,0.77196,0.772015,0.770675,0.77182
2021-04-21 14:00:00+00:00,audusd,0.77492,0.7752,0.77194,0.77197
2021-04-21 15:00:00+00:00,audusd,0.77545,0.77624,0.77472,0.77492
2021-04-21 16:00:00+00:00,audusd,0.77498,0.77567,0.77486,0.775455
2021-04-21 17:00:00+00:00,audusd,0.77557,0.77572,0.77497,0.774975
2021-04-21 18:00:00+00:00,audusd,0.77517,0.7757,0.77503,0.775575
2021-04-21 19:00:00+00:00,audusd,0.77547,0.77567,0.77511,0.77518
2021-04-21 20:00:00+00:00,audusd,0.7752,0.77547,0.77504,0.77546
2021-04-21 21:00:00+00:00,audusd,0.77524,0.775605,0.775045,0.77558
2021-04-21 22:00:00+00:00,audusd,0.77523,0.77553,0.77482,0.77525
2021-04-21 23:00:00+00:00,audusd,0.77543,0.77572,0.77514,0.77522
2021-04-22 00:00:00+00:00,audusd,0.775895,0.77648,0.77493,0.775425
2021-04-22 01:00:00+00:00,audusd,0.77528,0.77631,0.77502,0.77589
2021-04-22 02:00:00+00:00,audusd,0.776035,0.776035,0.77526,0.775275
2021-04-22 03:00:00+00:00,audusd,0.77532,0.77637,0.77517,0.77603
2021-04-22 04:00:00+00:00,audusd,0.77435,0.77547,0.77414,0.77538
2021-04-22 05:00:00+00:00,audusd,0.774415,0.77478,0.77395,0.774355
2021-04-22 06:00:00+00:00,audusd,0.77559,0.775895,0.77386,0.77441
2021-04-22 07:00:00+00:00,audusd,0.77499,0.77624,0.77489,0.775595
2021-04-22 08:00:00+00:00,audusd,0.77398,0.77532,0.77396,0.774985
2021-04-22 09:00:00+00:00,audusd,0.77483,0.77487,0.77395,0.773975
2021-04-22 10:00:00+00:00,audusd,0.77442,0.7754,0.77412,0.77482
2021-04-22 11:00:00+00:00,audusd,0.7744,0.77527,0.77402,0.774425
2021-04-22 12:00:00+00:00,audusd,0.77369,0.77443,0.77307,0.774395
2021-04-22 13:00:00+00:00,audusd,0.77209,0.77388,0.771505,0.77369
2021-04-22 14:00:00+00:00,audusd,0.77296,0.77298,0.77096,0.772105
2021-04-22 15:00:00+00:00,audusd,0.772435,0.77349,0.77213,0.77297
2021-04-22 16:00:00+00:00,audusd,0.77242,0.77344,0.77211,0.77243
2021-04-22 17:00:00+00:00,audusd,0.77086,0.77247,0.77022,0.77243
2021-04-22 18:00:00+00:00,audusd,0.77081,0.77087,0.76906,0.77085
2021-04-22 19:00:00+00:00,audusd,0.77069,0.77132,0.770365,0.7708
2021-04-22 20:00:00+00:00,audusd,0.770885,0.77121,0.770555,0.77068
2021-04-22 21:00:00+00:00,audusd,0.77122,0.7717,0.769875,0.77076
2021-04-22 22:00:00+00:00,audusd,0.77057,0.771205,0.76997,0.771205
2021-04-22 23:00:00+00:00,audusd,0.77042,0.77095,0.770095,0.77056
2021-04-23 00:00:00+00:00,audusd,0.77113,0.7714,0.770035,0.77043
2021-04-23 01:00:00+00:00,audusd,0.77216,0.77232,0.77084,0.771125
2021-04-23 02:00:00+00:00,audusd,0.77197,0.7723,0.771515,0.772165
2021-04-23 03:00:00+00:00,audusd,0.77286,0.77286,0.77187,0.77198
2021-04-23 04:00:00+00:00,audusd,0.77348,0.77366,0.77285,0.77285
2021-04-23 05:00:00+00:00,audusd,0.773175,0.77371,0.77283,0.773485
2021-04-23 06:00:00+00:00,audusd,0.77312,0.77338,0.77258,0.77317
2021-04-23 07:00:00+00:00,audusd,0.773975,0.77447,0.77274,0.77313
2021-04-23 08:00:00+00:00,audusd,0.773525,0.77405,0.773335,0.77397
2021-04-23 09:00:00+00:00,audusd,0.77326,0.77367,0.77271,0.77353
2021-04-23 10:00:00+00:00,audusd,0.773575,0.77378,0.77304,0.773265
2021-04-23 11:00:00+00:00,audusd,0.7739,0.77416,0.77294,0.77358
2021-04-23 12:00:00+00:00,audusd,0.77408,0.77447,0.77356,0.77391
2021-04-23 13:00:00+00:00,audusd,0.77347,0.774355,0.773,0.774085
2021-04-23 14:00:00+00:00,audusd,0.77271,0.77452,0.77253,0.77348
2021-04-23 15:00:00+00:00,audusd,0.77378,0.7741,0.77256,0.772715
2021-04-23 16:00:00+00:00,audusd,0.77405,0.774155,0.7734,0.773785
2021-04-23 17:00:00+00:00,audusd,0.77475,0.774965,0.774,0.774055
2021-04-23 18:00:00+00:00,audusd,0.77569,0.77576,0.77475,0.774755
2021-04-23 19:00:00+00:00,audusd,0.77568,0.77605,0.77541,0.775695
2021-04-23 20:00:00+00:00,audusd,0.774145,0.77577,0.774145,0.775675
2021-04-25 21:00:00+00:00,audusd,0.774725,0.77518,0.77414,0.77428
2021-04-25 22:00:00+00:00,audusd,0.77471,0.77531,0.77457,0.77473
2021-04-25 23:00:00+00:00,audusd,0.77425,0.77507,0.77424,0.774715
2021-04-26 00:00:00+00:00,audusd,0.77571,0.77617,0.77424,0.77426
2021-04-26 01:00:00+00:00,audusd,0.77705,0.77741,0.77562,0.775715
2021-04-26 02:00:00+00:00,audusd,0.77757,0.777675,0.77668,0.777045
2021-04-26 03:00:00+00:00,audusd,0.777425,0.77811,0.77731,0.777565
2021-04-26 04:00:00+00:00,audusd,0.77743,0.7781,0.777405,0.77742
2021-04-26 05:00:00+00:00,audusd,0.77707,0.77794,0.77707,0.777435
2021-04-26 06:00:00+00:00,audusd,0.77672,0.77723,0.776555,0.77707
2021-04-26 07:00:00+00:00,audusd,0.777875,0.77797,0.776595,0.776715
2021-04-26 08:00:00+00:00,audusd,0.77771,0.77848,0.77727,0.77788
2021-04-26 09:00:00+00:00,audusd,0.77916,0.77934,0.77752,0.77772
2021-04-26 10:00:00+00:00,audusd,0.77857,0.77976,0.77856,0.779155
2021-04-26 11:00:00+00:00,audusd,0.77818,0.77887,0.77788,0.778575
2021-04-26 12:00:00+00:00,audusd,0.77914,0.77962,0.77813,0.77819
2021-04-26 13:00:00+00:00,audusd,0.77912,0.779835,0.77856,0.77913
2021-04-26 14:00:00+00:00,audusd,0.78093,0.78139,0.77909,0.779125
2021-04-26 15:00:00+00:00,audusd,0.78012,0.78152,0.77975,0.78093
2021-04-26 16:00:00+00:00,audusd,0.78013,0.78025,0.77962,0.780125
2021-04-26 17:00:00+00:00,audusd,0.78029,0.78045,0.780065,0.78014
2021-04-26 18:00:00+00:00,audusd,0.780575,0.7807,0.78014,0.78028
2021-04-26 19:00:00+00:00,audusd,0.78029,0.7806,0.77982,0.78057
2021-04-26 20:00:00+00:00,audusd,0.77999,0.78029,0.779775,0.780285
2021-04-26 21:00:00+00:00,audusd,0.78018,0.78041,0.77965,0.77983
2021-04-26 22:00:00+00:00,audusd,0.77974,0.780305,0.77962,0.78017
2021-04-26 23:00:00+00:00,audusd,0.77969,0.77996,0.77947,0.77973
2021-04-27 00:00:00+00:00,audusd,0.77935,0.780385,0.77894,0.779685
2021-04-27 01:00:00+00:00,audusd,0.77906,0.77968,0.77862,0.77934
2021-04-27 02:00:00+00:00,audusd,0.7785,0.7791,0.778015,0.779065
2021-04-27 03:00:00+00:00,audusd,0.77845,0.77924,0.77832,0.77849
2021-04-27 04:00:00+00:00,audusd,0.77904,0.77912,0.77829,0.77842
2021-04-27 05:00:00+00:00,audusd,0.7799,0.78,0.77891,0.779035
2021-04-27 06:00:00+00:00,audusd,0.77893,0.779985,0.77857,0.779905
2021-04-27 07:00:00+00:00,audusd,0.77838,0.7793,0.77821,0.77894
2021-04-27 08:00:00+00:00,audusd,0.77711,0.77845,0.77702,0.778375
2021-04-27 09:00:00+00:00,audusd,0.777,0.77733,0.77659,0.777115
2021-04-27 10:00:00+00:00,audusd,0.77825,0.77834,0.776895,0.777005
2021-04-27 11:00:00+00:00,audusd,0.77865,0.77875,0.77785,0.778255
2021-04-27 12:00:00+00:00,audusd,0.77768,0.77866,0.77747,0.778655
2021-04-27 13:00:00+00:00,audusd,0.77712,0.77802,0.77698,0.777685
2021-04-27 14:00:00+00:00,audusd,0.777295,0.77774,0.77641,0.777115
2021-04-27 15:00:00+00:00,audusd,0.77744,0.77765,0.77695,0.7773
2021-04-27 16:00:00+00:00,audusd,0.77672,0.77756,0.77661,0.777435
2021-04-27 17:00:00+00:00,audusd,0.77682,0.77724,0.7766,0.776725
2021-04-27 18:00:00+00:00,audusd,0.77656,0.7769,0.776175,0.77683
2021-04-27 19:00:00+00:00,audusd,0.77662,0.77689,0.7765,0.77655
2021-04-27 20:00:00+00:00,audusd,0.77658,0.77697,0.77657,0.776625
2021-04-27 21:00:00+00:00,audusd,0.77697,0.77718,0.776435,0.776765
2021-04-27 22:00:00+00:00,audusd,0.776775,0.77699,0.77638,0.77698
2021-04-27 23:00:00+00:00,audusd,0.776755,0.777065,0.77671,0.77677
2021-04-28 00:00:00+00:00,audusd,0.77546,0.776775,0.775175,0.77676
2021-04-28 01:00:00+00:00,audusd,0.77365,0.776065,0.772535,0.77545
2021-04-28 02:00:00+00:00,audusd,0.773885,0.774395,0.77343,0.773645
2021-04-28 03:00:00+00:00,audusd,0.7741,0.77435,0.77371,0.77388
2021-04-28 04:00:00+00:00,audusd,0.77442,0.77493,0.77404,0.774095
2021-04-28 05:00:00+00:00,audusd,0.7744,0.77481,0.7741,0.77443
2021-04-28 06:00:00+00:00,audusd,0.77355,0.775005,0.77355,0.77439
2021-04-28 07:00:00+00:00,audusd,0.77421,0.774475,0.7732,0.773555
2021-04-28 08:00:00+00:00,audusd,0.77456,0.775,0.77371,0.774215
2021-04-28 09:00:00+00:00,audusd,0.77472,0.774875,0.77409,0.774555
2021-04-28 10:00:00+00:00,audusd,0.77479,0.77501,0.774525,0.774715
2021-04-28 11:00:00+00:00,audusd,0.77464,0.77529,0.774045,0.774785
2021-04-28 12:00:00+00:00,audusd,0.774745,0.77532,0.7743,0.77463
2021-04-28 13:00:00+00:00,audusd,0.77538,0.7754,0.774115,0.77474
2021-04-28 14:00:00+00:00,audusd,0.77658,0.77735,0.77534,0.77539
2021-04-28 15:00:00+00:00,audusd,0.776765,0.77733,0.776425,0.776645
2021-04-28 16:00:00+00:00,audusd,0.77672,0.77702,0.77656,0.77676
2021-04-28 17:00:00+00:00,audusd,0.77622,0.77682,0.77609,0.77671
2021-04-28 18:00:00+00:00,audusd,0.77938,0.78012,0.77525,0.776215
2021-04-28 19:00:00+00:00,audusd,0.77928,0.77949,0.778015,0.779375
2021-04-28 20:00:00+00:00,audusd,0.77907,0.77963,0.77888,0.7793
2021-04-28 21:00:00+00:00,audusd,0.77902,0.77927,0.77858,0.779025
2021-04-28 22:00:00+00:00,audusd,0.78023,0.78063,0.77893,0.779015
2021-04-28 23:00:00+00:00,audusd,0.78012,0.78036,0.77984,0.780235
2021-04-29 00:00:00+00:00,audusd,0.78054,0.780805,0.78003,0.780125
2021-04-29 01:00:00+00:00,audusd,0.781465,0.7818,0.780315,0.78055
2021-04-29 02:00:00+00:00,audusd,0.77907,0.781675,0.77901,0.78147
2021-04-29 03:00:00+00:00,audusd,0.77858,0.77922,0.77828,0.77908
2021-04-29 04:00:00+00:00,audusd,0.77877,0.77906,0.77847,0.77857
2021-04-29 05:00:00+00:00,audusd,0.77956,0.779665,0.77872,0.77878
2021-04-29 06:00:00+00:00,audusd,0.77865,0.77973,0.77821,0.77955
2021-04-29 07:00:00+00:00,audusd,0.778725,0.77967,0.778585,0.77866
2021-04-29 08:00:00+00:00,audusd,0.77777,0.77935,0.777335,0.77872
2021-04-29 09:00:00+00:00,audusd,0.77792,0.77841,0.77749,0.77776
2021-04-29 10:00:00+00:00,audusd,0.778925,0.77893,0.777865,0.777915
2021-04-29 11:00:00+00:00,audusd,0.77978,0.780255,0.778765,0.77892
2021-04-29 12:00:00+00:00,audusd,0.77938,0.780175,0.77912,0.779785
2021-04-29 13:00:00+00:00,audusd,0.77707,0.77948,0.7767,0.77937
2021-04-29 14:00:00+00:00,audusd,0.77656,0.777085,0.77523,0.777075
2021-04-29 15:00:00+00:00,audusd,0.77582,0.77712,0.775695,0.776595
2021-04-29 16:00:00+00:00,audusd,0.7764,0.77656,0.77505,0.77581
2021-04-29 17:00:00+00:00,audusd,0.77627,0.776565,0.77599,0.77639
2021-04-29 18:00:00+00:00,audusd,0.777565,0.77767,0.7761,0.77626
2021-04-29 19:00:00+00:00,audusd,0.7774,0.77772,0.77705,0.77757
2021-04-29 20:00:00+00:00,audusd,0.77667,0.77742,0.776455,0.777395
2021-04-29 21:00:00+00:00,audusd,0.77689,0.77714,0.77648,0.77652
2021-04-29 22:00:00+00:00,audusd,0.77716,0.77716,0.77666,0.7769
2021-04-29 23:00:00+00:00,audusd,0.77773,0.77787,0.77703,0.777155
2021-04-30 00:00:00+00:00,audusd,0.77786,0.778425,0.77704,0.777745
2021-04-30 01:00:00+00:00,audusd,0.77774,0.77823,0.77732,0.777865
2021-04-30 02:00:00+00:00,audusd,0.77734,0.777745,0.77701,0.777745
2021-04-30 03:00:00+00:00,audusd,0.77804,0.77809,0.77721,0.777335
2021-04-30 04:00:00+00:00,audusd,0.777975,0.77837,0.77777,0.778035
2021-04-30 05:00:00+00:00,audusd,0.77744,0.77804,0.77725,0.77797
2021-04-30 06:00:00+00:00,audusd,0.7775,0.77802,0.77734,0.77743
2021-04-30 07:00:00+00:00,audusd,0.77676,0.77756,0.77649,0.777495
2021-04-30 08:00:00+00:00,audusd,0.77689,0.77723,0.77599,0.776765
2021-04-30 09:00:00+00:00,audusd,0.77684,0.77723,0.77639,0.7769
2021-04-30 10:00:00+00:00,audusd,0.77571,0.77734,0.77569,0.776835
2021-04-30 11:00:00+00:00,audusd,0.7758,0.77659,0.77549,0.775715
2021-04-30 12:00:00+00:00,audusd,0.77582,0.776005,0.77475,0.77581
2021-04-30 13:00:00+00:00,audusd,0.77564,0.77646,0.77535,0.77583
2021-04-30 14:00:00+00:00,audusd,0.77258,0.7757,0.77251,0.775645
2021-04-30 15:00:00+00:00,audusd,0.771535,0.77269,0.77041,0.772585
2021-04-30 16:00:00+00:00,audusd,0.77109,0.77194,0.77095,0.77153
2021-04-30 17:00:00+00:00,audusd,0.77065,0.771445,0.77049,0.77108
2021-04-30 18:00:00+00:00,audusd,0.77036,0.77109,0.77034,0.770655
2021-04-30 19:00:00+00:00,audusd,0.770485,0.770685,0.76962,0.770365
2021-04-30 20:00:00+00:00,audusd,0.77129,0.77139,0.77049,0.77049
2021-05-02 21:00:00+00:00,audusd,0.77175,0.7723,0.77174,0.77193
2021-05-02 22:00:00+00:00,audusd,0.771635,0.77187,0.77131,0.771745
2021-05-02 23:00:00+00:00,audusd,0.77203,0.77205,0.77151,0.77164
2021-05-03 00:00:00+00:00,audusd,0.773165,0.77328,0.77134,0.77204
2021-05-03 01:00:00+00:00,audusd,0.77224,0.77331,0.77207,0.77316
2021-05-03 02:00:00+00:00,audusd,0.771565,0.77232,0.771425,0.772245
2021-05-03 03:00:00+00:00,audusd,0.77247,0.77248,0.77154,0.771575
2021-05-03 04:00:00+00:00,audusd,0.7719,0.77249,0.7718,0.772465
2021-05-03 05:00:00+00:00,audusd,0.77132,0.77194,0.77105,0.771905
2021-05-03 06:00:00+00:00,audusd,0.772215,0.77238,0.77063,0.77133
2021-05-03 07:00:00+00:00,audusd,0.77233,0.77317,0.77217,0.77221
2021-05-03 08:00:00+00:00,audusd,0.77259,0.772855,0.77185,0.772335
2021-05-03 09:00:00+00:00,audusd,0.77239,0.772775,0.771805,0.772595
2021-05-03 10:00:00+00:00,audusd,0.773645,0.77376,0.77214,0.7724
2021-05-03 11:00:00+00:00,audusd,0.7734,0.77372,0.77301,0.77365
2021-05-03 12:00:00+00:00,audusd,0.77306,0.77449,0.77305,0.773395
2021-05-03 13:00:00+00:00,audusd,0.77411,0.77446,0.77304,0.773065
2021-05-03 14:00:00+00:00,audusd,0.776095,0.776235,0.77417,0.77421
2021-05-03 15:00:00+00:00,audusd,0.77575,0.77653,0.77542,0.77609
2021-05-03 16:00:00+00:00,audusd,0.775745,0.77587,0.775,0.775755
2021-05-03 17:00:00+00:00,audusd,0.776045,0.77656,0.77571,0.77575
2021-05-03 18:00:00+00:00,audusd,0.77667,0.77669,0.77599,0.77604
2021-05-03 19:00:00+00:00,audusd,0.7762,0.77667,0.77601,0.776665
2021-05-03 20:00:00+00:00,audusd,0.77627,0.77645,0.775945,0.77619
2021-05-03 21:00:00+00:00,audusd,0.77609,0.77645,0.7759,0.776025
2021-05-03 22:00:00+00:00,audusd,0.77591,0.7764,0.7759,0.776085
2021-05-03 23:00:00+00:00,audusd,0.77584,0.77608,0.775695,0.77592
2021-05-04 00:00:00+00:00,audusd,0.77547,0.77611,0.774755,0.77585
2021-05-04 01:00:00+00:00,audusd,0.774225,0.77548,0.77419,0.775465
2021-05-04 02:00:00+00:00,audusd,0.7739,0.7745,0.77355,0.77422
2021-05-04 03:00:00+00:00,audusd,0.774105,0.77425,0.77355,0.77391
2021-05-04 04:00:00+00:00,audusd,0.77441,0.7755,0.77395,0.77411
2021-05-04 05:00:00+00:00,audusd,0.77405,0.77471,0.77347,0.77442
2021-05-04 06:00:00+00:00,audusd,0.77416,0.7749,0.77382,0.774045
2021-05-04 07:00:00+00:00,audusd,0.77215,0.7745,0.771185,0.774155
2021-05-04 08:00:00+00:00,audusd,0.77162,0.772835,0.77161,0.77216
2021-05-04 09:00:00+00:00,audusd,0.771725,0.772015,0.771005,0.771615
2021-05-04 10:00:00+00:00,audusd,0.77199,0.7721,0.77094,0.77173
2021-05-04 11:00:00+00:00,audusd,0.77067,0.77227,0.76972,0.771985
2021-05-04 12:00:00+00:00,audusd,0.77108,0.771405,0.76982,0.770665
2021-05-04 13:00:00+00:00,audusd,0.77096,0.77225,0.77082,0.771085
2021-05-04 14:00:00+00:00,audusd,0.770715,0.77166,0.77036,0.77095
2021-05-04 15:00:00+00:00,audusd,0.768815,0.771025,0.76752,0.77071
2021-05-04 16:00:00+00:00,audusd,0.76965,0.770365,0.76862,0.76882
2021-05-04 17:00:00+00:00,audusd,0.77044,0.77063,0.76955,0.76964
2021-05-04 18:00:00+00:00,audusd,0.77076,0.77116,0.770235,0.77043
2021-05-04 19:00:00+00:00,audusd,0.77117,0.771185,0.77031,0.77075
2021-05-04 20:00:00+00:00,audusd,0.770795,0.7715,0.770795,0.771175
2021-05-04 21:00:00+00:00,audusd,0.77121,0.7713,0.77068,0.770685
2021-05-04 22:00:00+00:00,audusd,0.77145,0.77179,0.77089,0.7712
2021-05-04 23:00:00+00:00,audusd,0.77135,0.771505,0.77099,0.77146
2021-05-05 00:00:00+00:00,audusd,0.77265,0.77292,0.771185,0.77136
2021-05-05 01:00:00+00:00,audusd,0.773305,0.773365,0.7724,0.772655
2021-05-05 02:00:00+00:00,audusd,0.77325,0.77372,0.77322,0.773305
2021-05-05 03:00:00+00:00,audusd,0.77348,0.77383,0.77324,0.773255
2021-05-05 04:00:00+00:00,audusd,0.77319,0.77357,0.77307,0.77349
2021-05-05 05:00:00+00:00,audusd,0.77253,0.77335,0.77214,0.773195
2021-05-05 06:00:00+00:00,audusd,0.77153,0.77275,0.77118,0.77252
2021-05-05 07:00:00+00:00,audusd,0.771825,0.77204,0.77043,0.771535
2021-05-05 08:00:00+00:00,audusd,0.77204,0.77265,0.77129,0.77183
2021-05-05 09:00:00+00:00,audusd,0.77239,0.77259,0.77196,0.77203
2021-05-05 10:00:00+00:00,audusd,0.77373,0.77415,0.7723,0.7724
2021-05-05 11:00:00+00:00,audusd,0.77357,0.77421,0.77349,0.773735
2021-05-05 12:00:00+00:00,audusd,0.773785,0.77444,0.77277,0.773565
2021-05-05 13:00:00+00:00,audusd,0.7737,0.774205,0.77339,0.77378
2021-05-05 14:00:00+00:00,audusd,0.77506,0.7755,0.77275,0.77371
2021-05-05 15:00:00+00:00,audusd,0.77488,0.77535,0.77456,0.775055
2021-05-05 16:00:00+00:00,audusd,0.77411,0.77506,0.77406,0.774885
2021-05-05 17:00:00+00:00,audusd,0.77445,0.77461,0.774035,0.774115
2021-05-05 18:00:00+00:00,audusd,0.77451,0.774665,0.77425,0.774445
2021-05-05 19:00:00+00:00,audusd,0.77476,0.77479,0.7739,0.7745
2021-05-05 20:00:00+00:00,audusd,0.77472,0.774975,0.77454,0.77475
2021-05-05 21:00:00+00:00,audusd,0.774605,0.77491,0.774425,0.77473
2021-05-05 22:00:00+00:00,audusd,0.77456,0.775055,0.77451,0.7746
2021-05-05 23:00:00+00:00,audusd,0.775125,0.7754,0.77455,0.774565
2021-05-06 00:00:00+00:00,audusd,0.77424,0.77536,0.7742,0.77512
2021-05-06 01:00:00+00:00,audusd,0.77558,0.7758,0.77417,0.774235
2021-05-06 02:00:00+00:00,audusd,0.77172,0.77565,0.77014,0.775575
2021-05-06 03:00:00+00:00,audusd,0.772375,0.77257,0.7711,0.77171
2021-05-06 04:00:00+00:00,audusd,0.77247,0.77281,0.77227,0.77237
2021-05-06 05:00:00+00:00,audusd,0.77401,0.77411,0.77238,0.77246
2021-05-06 06:00:00+00:00,audusd,0.77459,0.77483,0.77376,0.774005
2021-05-06 07:00:00+00:00,audusd,0.77397,0.775595,0.773715,0.774595
2021-05-06 08:00:00+00:00,audusd,0.77456,0.77461,0.77381,0.773965
2021-05-06 09:00:00+00:00,audusd,0.77512,0.77536,0.77386,0.774565
2021-05-06 10:00:00+00:00,audusd,0.77477,0.77545,0.77473,0.775115
2021-05-06 11:00:00+00:00,audusd,0.77543,0.77584,0.77452,0.774775
2021-05-06 12:00:00+00:00,audusd,0.77437,0.776085,0.77419,0.775435
2021-05-06 13:00:00+00:00,audusd,0.77561,0.77667,0.77388,0.77436
2021-05-06 14:00:00+00:00,audusd,0.77672,0.77672,0.77441,0.775615
2021-05-06 15:00:00+00:00,audusd,0.77667,0.776735,0.776455,0.7765
2021-05-06 16:00:00+00:00,audusd,0.77726,0.77762,0.7765,0.776675
2021-05-06 17:00:00+00:00,audusd,0.77741,0.77757,0.77712,0.77725
2021-05-06 18:00:00+00:00,audusd,0.77728,0.77795,0.77723,0.777415
2021-05-06 19:00:00+00:00,audusd,0.77878,0.77878,0.777245,0.777285
2021-05-06 20:00:00+00:00,audusd,0.77822,0.77879,0.77812,0.77879
2021-05-06 21:00:00+00:00,audusd,0.77813,0.77854,0.77802,0.77827
2021-05-06 22:00:00+00:00,audusd,0.77824,0.778395,0.77798,0.778135
2021-05-06 23:00:00+00:00,audusd,0.77871,0.77885,0.778215,0.778235
2021-05-07 00:00:00+00:00,audusd,0.778075,0.77886,0.77793,0.778705
2021-05-07 01:00:00+00:00,audusd,0.77882,0.7792,0.77772,0.77807
2021-05-07 02:00:00+00:00,audusd,0.77773,0.7792,0.77741,0.778815
2021-05-07 03:00:00+00:00,audusd,0.777685,0.77807,0.77732,0.777735
2021-05-07 04:00:00+00:00,audusd,0.77753,0.77784,0.77751,0.77768
2021-05-07 05:00:00+00:00,audusd,0.77757,0.77778,0.7773,0.77752
2021-05-07 06:00:00+00:00,audusd,0.77658,0.777955,0.77612,0.777575
2021-05-07 07:00:00+00:00,audusd,0.77691,0.77766,0.776485,0.776575
2021-05-07 12:00:00+00:00,audusd,0.7824,0.782405,0.776685,0.777285
2021-05-07 13:00:00+00:00,audusd,0.78186,0.78347,0.77927,0.782465
2021-05-07 14:00:00+00:00,audusd,0.7842,0.78437,0.78169,0.78187
2021-05-07 15:00:00+00:00,audusd,0.78605,0.78625,0.78381,0.784195
2021-05-07 16:00:00+00:00,audusd,0.78441,0.78606,0.78387,0.78606
2021-05-07 17:00:00+00:00,audusd,0.78424,0.78496,0.78397,0.784405
2021-05-07 18:00:00+00:00,audusd,0.78474,0.78474,0.78382,0.784245
2021-05-07 19:00:00+00:00,audusd,0.78497,0.78523,0.78458,0.784735
2021-05-07 20:00:00+00:00,audusd,0.78458,0.78498,0.78427,0.78498
2021-05-09 21:00:00+00:00,audusd,0.784915,0.785515,0.78473,0.785445
2021-05-09 22:00:00+00:00,audusd,0.78532,0.785855,0.78491,0.78492
2021-05-09 23:00:00+00:00,audusd,0.78584,0.786245,0.78509,0.785315
2021-05-10 00:00:00+00:00,audusd,0.7849,0.78626,0.784895,0.78584
2021-05-10 01:00:00+00:00,audusd,0.78489,0.78535,0.7847,0.78489
2021-05-10 02:00:00+00:00,audusd,0.78397,0.78533,0.783805,0.784895
2021-05-10 03:00:00+00:00,audusd,0.78449,0.78472,0.783915,0.783975
2021-05-10 04:00:00+00:00,audusd,0.78465,0.78498,0.78409,0.78448
2021-05-10 05:00:00+00:00,audusd,0.7855,0.7857,0.78464,0.784645
2021-05-10 06:00:00+00:00,audusd,0.786125,0.78647,0.78533,0.785495
2021-05-10 07:00:00+00:00,audusd,0.78536,0.786195,0.78461,0.78613
2021-05-10 08:00:00+00:00,audusd,0.78717,0.78748,0.78522,0.785355
2021-05-10 09:00:00+00:00,audusd,0.78746,0.787605,0.78686,0.787165
2021-05-10 10:00:00+00:00,audusd,0.78824,0.78866,0.787105,0.787465
2021-05-10 11:00:00+00:00,audusd,0.7882,0.78898,0.787975,0.788235
2021-05-10 12:00:00+00:00,audusd,0.78881,0.7891,0.78776,0.788195
2021-05-10 13:00:00+00:00,audusd,0.7866,0.78896,0.78641,0.788805
2021-05-10 14:00:00+00:00,audusd,0.78685,0.787975,0.78618,0.7866
2021-05-10 15:00:00+00:00,audusd,0.78748,0.78759,0.786165,0.786875
2021-05-10 16:00:00+00:00,audusd,0.786345,0.787545,0.78615,0.787485
2021-05-10 17:00:00+00:00,audusd,0.78595,0.786395,0.78566,0.78635
2021-05-10 18:00:00+00:00,audusd,0.78419,0.785955,0.7838,0.78594
2021-05-10 19:00:00+00:00,audusd,0.783945,0.78464,0.78374,0.784195
2021-05-10 20:00:00+00:00,audusd,0.78307,0.78413,0.78273,0.78394
2021-05-10 21:00:00+00:00,audusd,0.783225,0.7836,0.782965,0.78351
2021-05-10 22:00:00+00:00,audusd,0.78395,0.78396,0.78296,0.78322
2021-05-10 23:00:00+00:00,audusd,0.78405,0.78405,0.78324,0.783945
2021-05-11 00:00:00+00:00,audusd,0.78266,0.78426,0.78232,0.78404
2021-05-11 01:00:00+00:00,audusd,0.783235,0.783885,0.7822,0.78267
2021-05-11 02:00:00+00:00,audusd,0.78415,0.784505,0.783,0.78324
2021-05-11 03:00:00+00:00,audusd,0.78327,0.78422,0.7831,0.784145
2021-05-11 04:00:00+00:00,audusd,0.782495,0.783485,0.78241,0.783265
2021-05-11 05:00:00+00:00,audusd,0.78394,0.7842,0.78249,0.78249
2021-05-11 06:00:00+00:00,audusd,0.78312,0.78396,0.7828,0.783945
2021-05-11 07:00:00+00:00,audusd,0.78302,0.7838,0.78215,0.783125
2021-05-11 08:00:00+00:00,audusd,0.78476,0.7848,0.78283,0.783025
2021-05-11 09:00:00+00:00,audusd,0.78467,0.784965,0.78426,0.784765
2021-05-11 10:00:00+00:00,audusd,0.784315,0.78532,0.783815,0.78468
2021-05-11 11:00:00+00:00,audusd,0.78467,0.785,0.7842,0.78431
2021-05-11 12:00:00+00:00,audusd,0.7834,0.78508,0.783385,0.784675
2021-05-11 13:00:00+00:00,audusd,0.78556,0.785675,0.78206,0.78375
2021-05-11 14:00:00+00:00,audusd,0.783225,0.78557,0.78309,0.785555
2021-05-11 15:00:00+00:00,audusd,0.78429,0.78495,0.78283,0.78334
2021-05-11 16:00:00+00:00,audusd,0.7839,0.78466,0.783385,0.7843
2021-05-11 17:00:00+00:00,audusd,0.78448,0.78474,0.78354,0.78389
2021-05-11 18:00:00+00:00,audusd,0.78442,0.78469,0.783775,0.784495
2021-05-11 19:00:00+00:00,audusd,0.78404,0.78484,0.78393,0.784425
2021-05-11 20:00:00+00:00,audusd,0.78417,0.784555,0.78376,0.784045
2021-05-11 21:00:00+00:00,audusd,0.78427,0.78458,0.78383,0.78454
2021-05-11 22:00:00+00:00,audusd,0.78394,0.78433,0.78374,0.78428
2021-05-11 23:00:00+00:00,audusd,0.78378,0.78407,0.78368,0.78395
2021-05-12 00:00:00+00:00,audusd,0.78232,0.78425,0.781915,0.78379
2021-05-12 01:00:00+00:00,audusd,0.7815,0.78272,0.78142,0.78233
2021-05-12 02:00:00+00:00,audusd,0.78074,0.781805,0.780705,0.781495
2021-05-12 03:00:00+00:00,audusd,0.77873,0.78082,0.77858,0.78075
2021-05-12 04:00:00+00:00,audusd,0.77906,0.77944,0.77863,0.77872
2021-05-12 05:00:00+00:00,audusd,0.779445,0.77999,0.779005,0.779055
2021-05-12 06:00:00+00:00,audusd,0.78086,0.78114,0.77942,0.77944
2021-05-12 07:00:00+00:00,audusd,0.78077,0.78132,0.78062,0.78087
2021-05-12 22:00:00+00:00,audusd,0.77305,0.77326,0.77298,0.77302
2021-05-12 23:00:00+00:00,audusd,0.773225,0.77345,0.772825,0.77306
2021-05-13 00:00:00+00:00,audusd,0.77311,0.77354,0.77176,0.773225
2021-05-13 01:00:00+00:00,audusd,0.77423,0.77463,0.77231,0.773105
2021-05-13 02:00:00+00:00,audusd,0.77296,0.77422,0.772565,0.77422
2021-05-13 03:00:00+00:00,audusd,0.772225,0.773115,0.771875,0.772965
2021-05-13 04:00:00+00:00,audusd,0.77256,0.77259,0.77171,0.77223
2021-05-13 05:00:00+00:00,audusd,0.770795,0.77273,0.770665,0.772555
2021-05-13 06:00:00+00:00,audusd,0.77318,0.77372,0.770785,0.7708
2021-05-13 07:00:00+00:00,audusd,0.770725,0.773625,0.770315,0.773185
2021-05-13 08:00:00+00:00,audusd,0.77071,0.771765,0.76957,0.77074
2021-05-13 09:00:00+00:00,audusd,0.77017,0.77176,0.77001,0.77072
2021-05-13 10:00:00+00:00,audusd,0.76984,0.770435,0.76885,0.770175
2021-05-13 11:00:00+00:00,audusd,0.770215,0.771425,0.769475,0.769835
2021-05-13 12:00:00+00:00,audusd,0.77194,0.77235,0.76984,0.77022
2021-05-13 13:00:00+00:00,audusd,0.77372,0.773735,0.77154,0.77193
2021-05-13 14:00:00+00:00,audusd,0.77313,0.77416,0.77273,0.77373
2021-05-13 15:00:00+00:00,audusd,0.772225,0.773195,0.77165,0.773135
2021-05-13 16:00:00+00:00,audusd,0.77275,0.77378,0.772095,0.77223
2021-05-13 17:00:00+00:00,audusd,0.77137,0.77278,0.77073,0.772755
2021-05-13 18:00:00+00:00,audusd,0.77249,0.77324,0.77134,0.771365
2021-05-13 19:00:00+00:00,audusd,0.773195,0.77361,0.77243,0.772495
2021-05-13 20:00:00+00:00,audusd,0.772815,0.7732,0.772685,0.77319
2021-05-13 21:00:00+00:00,audusd,0.77276,0.77313,0.77247,0.77251
2021-05-13 22:00:00+00:00,audusd,0.77261,0.77327,0.77256,0.77275
2021-05-13 23:00:00+00:00,audusd,0.77239,0.77286,0.77236,0.77262
2021-05-14 00:00:00+00:00,audusd,0.772145,0.7725,0.77141,0.7724
2021-05-14 01:00:00+00:00,audusd,0.772455,0.77336,0.77177,0.77215
2021-05-14 02:00:00+00:00,audusd,0.77248,0.77296,0.77215,0.77246
2021-05-14 03:00:00+00:00,audusd,0.77216,0.77275,0.77182,0.77249
2021-05-14 04:00:00+00:00,audusd,0.772605,0.77283,0.772145,0.772155
2021-05-14 05:00:00+00:00,audusd,0.7737,0.77371,0.77249,0.77261
2021-05-14 06:00:00+00:00,audusd,0.77434,0.7746,0.77279,0.77371
2021-05-14 07:00:00+00:00,audusd,0.77369,0.77466,0.77302,0.77433
2021-05-14 08:00:00+00:00,audusd,0.77444,0.77453,0.77306,0.773695
2021-05-14 09:00:00+00:00,audusd,0.77362,0.77465,0.77344,0.774445
2021-05-14 10:00:00+00:00,audusd,0.77399,0.774315,0.773455,0.77361
2021-05-14 11:00:00+00:00,audusd,0.775,0.77529,0.77385,0.773995
2021-05-14 12:00:00+00:00,audusd,0.77581,0.77633,0.774715,0.775005
2021-05-14 13:00:00+00:00,audusd,0.777235,0.777665,0.77551,0.77582
2021-05-14 14:00:00+00:00,audusd,0.77696,0.77813,0.77645,0.77724
2021-05-14 15:00:00+00:00,audusd,0.77763,0.77785,0.77656,0.776955
2021-05-14 16:00:00+00:00,audusd,0.77769,0.77793,0.7773,0.77762
2021-05-14 17:00:00+00:00,audusd,0.77762,0.77785,0.777405,0.7777
2021-05-14 18:00:00+00:00,audusd,0.778665,0.778755,0.77753,0.77761
2021-05-14 19:00:00+00:00,audusd,0.77796,0.778715,0.77792,0.77866
2021-05-14 20:00:00+00:00,audusd,0.77798,0.77842,0.77778,0.777965
2021-05-16 21:00:00+00:00,audusd,0.77744,0.778055,0.77701,0.777375
2021-05-16 22:00:00+00:00,audusd,0.77779,0.77839,0.777425,0.77743
2021-05-16 23:00:00+00:00,audusd,0.77785,0.7783,0.77772,0.777795
2021-05-17 00:00:00+00:00,audusd,0.77605,0.77784,0.77582,0.7778
2021-05-17 01:00:00+00:00,audusd,0.77574,0.77659,0.7756,0.77606
2021-05-17 02:00:00+00:00,audusd,0.775885,0.77604,0.77509,0.775745
2021-05-17 03:00:00+00:00,audusd,0.77516,0.77634,0.775145,0.77588
2021-05-17 04:00:00+00:00,audusd,0.775205,0.77558,0.77479,0.77517
2021-05-17 05:00:00+00:00,audusd,0.77503,0.77574,0.77499,0.7752
2021-05-17 06:00:00+00:00,audusd,0.77625,0.77671,0.77497,0.77502
2021-05-17 07:00:00+00:00,audusd,0.77524,0.77671,0.77454,0.776245
2021-05-17 08:00:00+00:00,audusd,0.776085,0.77615,0.77489,0.77523
2021-05-17 09:00:00+00:00,audusd,0.775935,0.77626,0.77534,0.77608
2021-05-17 10:00:00+00:00,audusd,0.775155,0.776205,0.77487,0.77593
2021-05-17 11:00:00+00:00,audusd,0.774155,0.77558,0.77395,0.77516
2021-05-17 12:00:00+00:00,audusd,0.77383,0.774555,0.77306,0.77416
2021-05-17 13:00:00+00:00,audusd,0.775545,0.77591,0.773645,0.773825
2021-05-17 14:00:00+00:00,audusd,0.77651,0.77702,0.77451,0.77554
2021-05-17 15:00:00+00:00,audusd,0.77656,0.7767,0.7755,0.776525
2021-05-17 16:00:00+00:00,audusd,0.77694,0.77714,0.77635,0.77655
2021-05-17 17:00:00+00:00,audusd,0.776555,0.77737,0.77615,0.77693
2021-05-17 18:00:00+00:00,audusd,0.777035,0.77713,0.77655,0.77656
2021-05-17 19:00:00+00:00,audusd,0.777095,0.777165,0.776685,0.77703
2021-05-17 20:00:00+00:00,audusd,0.77648,0.77711,0.77648,0.7771
2021-05-17 21:00:00+00:00,audusd,0.77684,0.7771,0.77592,0.776185
2021-05-17 22:00:00+00:00,audusd,0.77675,0.77706,0.776745,0.77683
2021-05-17 23:00:00+00:00,audusd,0.77737,0.777445,0.776445,0.77676
2021-05-18 00:00:00+00:00,audusd,0.777715,0.77797,0.7768,0.77736
2021-05-18 01:00:00+00:00,audusd,0.77873,0.779355,0.77759,0.777705
2021-05-18 02:00:00+00:00,audusd,0.77884,0.779685,0.77848,0.778725
2021-05-18 03:00:00+00:00,audusd,0.77961,0.77972,0.778675,0.77885
2021-05-18 04:00:00+00:00,audusd,0.778745,0.77963,0.778535,0.779615
2021-05-18 05:00:00+00:00,audusd,0.77856,0.77903,0.77849,0.77875
2021-05-18 06:00:00+00:00,audusd,0.78042,0.7808,0.77839,0.77857
2021-05-18 07:00:00+00:00,audusd,0.78025,0.78137,0.78018,0.780425
2021-05-18 08:00:00+00:00,audusd,0.7801,0.7806,0.77959,0.780245
2021-05-18 09:00:00+00:00,audusd,0.77983,0.7805,0.77959,0.780095
2021-05-18 10:00:00+00:00,audusd,0.77952,0.78021,0.77929,0.779825
2021-05-18 11:00:00+00:00,audusd,0.78,0.78034,0.77922,0.779515
2021-05-18 12:00:00+00:00,audusd,0.780545,0.78099,0.77994,0.77999
2021-05-18 13:00:00+00:00,audusd,0.77917,0.78068,0.779145,0.78055
2021-05-18 14:00:00+00:00,audusd,0.7795,0.77963,0.77822,0.779175
2021-05-18 15:00:00+00:00,audusd,0.77813,0.779785,0.77807,0.77951
2021-05-18 16:00:00+00:00,audusd,0.77965,0.77967,0.77788,0.77812
2021-05-18 17:00:00+00:00,audusd,0.780135,0.78026,0.77944,0.77966
2021-05-18 18:00:00+00:00,audusd,0.780205,0.78052,0.77961,0.78013
2021-05-18 19:00:00+00:00,audusd,0.77977,0.78056,0.77973,0.7802
2021-05-18 20:00:00+00:00,audusd,0.77917,0.77987,0.77897,0.779765
2021-05-18 21:00:00+00:00,audusd,0.77928,0.780105,0.7789,0.77931
2021-05-18 22:00:00+00:00,audusd,0.77951,0.779725,0.77914,0.779275
2021-05-18 23:00:00+00:00,audusd,0.77877,0.77969,0.77866,0.77952
2021-05-19 00:00:00+00:00,audusd,0.77919,0.77977,0.77839,0.778775
2021-05-19 01:00:00+00:00,audusd,0.77841,0.779265,0.77797,0.7792
2021-05-19 02:00:00+00:00,audusd,0.7783,0.77901,0.77787,0.778405
2021-05-19 03:00:00+00:00,audusd,0.779075,0.779195,0.77806,0.778295
2021-05-19 04:00:00+00:00,audusd,0.778475,0.77948,0.778205,0.77908
2021-05-19 05:00:00+00:00,audusd,0.77905,0.77932,0.77829,0.77847
2021-05-19 06:00:00+00:00,audusd,0.77834,0.77922,0.77809,0.779045
2021-05-19 07:00:00+00:00,audusd,0.77637,0.778345,0.776065,0.778345
2021-05-19 08:00:00+00:00,audusd,0.775565,0.77648,0.77467,0.776365
2021-05-19 09:00:00+00:00,audusd,0.77437,0.77638,0.77431,0.77557
2021-05-19 10:00:00+00:00,audusd,0.77497,0.7753,0.77433,0.774375
2021-05-19 11:00:00+00:00,audusd,0.77408,0.77509,0.77323,0.774965
2021-05-19 12:00:00+00:00,audusd,0.77346,0.77504,0.77318,0.774075
2021-05-19 13:00:00+00:00,audusd,0.775765,0.776325,0.77324,0.773465
2021-05-19 14:00:00+00:00,audusd,0.774585,0.775775,0.77361,0.775775
2021-05-19 15:00:00+00:00,audusd,0.77531,0.77551,0.77405,0.77459
2021-05-19 16:00:00+00:00,audusd,0.775715,0.77608,0.77506,0.775315
2021-05-19 17:00:00+00:00,audusd,0.775515,0.77621,0.77535,0.77571
2021-05-19 18:00:00+00:00,audusd,0.7716,0.776,0.77134,0.77551
2021-05-19 19:00:00+00:00,audusd,0.772555,0.77292,0.77116,0.771605
2021-05-19 20:00:00+00:00,audusd,0.77271,0.77305,0.77246,0.77256
2021-05-19 21:00:00+00:00,audusd,0.772335,0.77306,0.77221,0.77288
2021-05-19 22:00:00+00:00,audusd,0.77204,0.772635,0.77198,0.77233
2021-05-19 23:00:00+00:00,audusd,0.77202,0.772525,0.77177,0.772035
2021-05-20 00:00:00+00:00,audusd,0.77357,0.77378,0.77181,0.77201
2021-05-20 01:00:00+00:00,audusd,0.77382,0.774425,0.77168,0.773565
2021-05-20 02:00:00+00:00,audusd,0.77332,0.77398,0.77312,0.773815
2021-05-20 03:00:00+00:00,audusd,0.7739,0.77423,0.77319,0.773325
2021-05-20 04:00:00+00:00,audusd,0.77492,0.775005,0.773615,0.773895
2021-05-20 05:00:00+00:00,audusd,0.77481,0.77514,0.77432,0.77491
2021-05-20 06:00:00+00:00,audusd,0.7747,0.77594,0.77439,0.774805
2021-05-20 07:00:00+00:00,audusd,0.77602,0.77629,0.77471,0.77471
2021-05-20 08:00:00+00:00,audusd,0.77421,0.77638,0.77365,0.77601
2021-05-20 09:00:00+00:00,audusd,0.77444,0.77449,0.773445,0.774205
2021-05-20 10:00:00+00:00,audusd,0.77519,0.77542,0.77413,0.774445
2021-05-20 11:00:00+00:00,audusd,0.77572,0.77586,0.77513,0.7752
2021-05-20 12:00:00+00:00,audusd,0.77597,0.77653,0.77532,0.775725
2021-05-20 13:00:00+00:00,audusd,0.777195,0.77779,0.77567,0.77598
2021-05-20 14:00:00+00:00,audusd,0.77669,0.77801,0.776315,0.7772
2021-05-20 15:00:00+00:00,audusd,0.777825,0.77815,0.776695,0.776695
2021-05-20 16:00:00+00:00,audusd,0.77687,0.77792,0.77638,0.77783
2021-05-20 17:00:00+00:00,audusd,0.77657,0.77721,0.77628,0.77686
2021-05-20 18:00:00+00:00,audusd,0.77725,0.77726,0.77651,0.77656
2021-05-20 19:00:00+00:00,audusd,0.77736,0.777785,0.77696,0.777255
2021-05-20 20:00:00+00:00,audusd,0.7773,0.77756,0.77704,0.777355
2021-05-20 21:00:00+00:00,audusd,0.77728,0.777475,0.77691,0.77738
2021-05-20 22:00:00+00:00,audusd,0.77716,0.77762,0.77716,0.777285
2021-05-20 23:00:00+00:00,audusd,0.77697,0.77754,0.776955,0.777165
2021-05-21 00:00:00+00:00,audusd,0.7768,0.77782,0.77654,0.77698
2021-05-21 01:00:00+00:00,audusd,0.77611,0.77695,0.77594,0.77679
2021-05-21 02:00:00+00:00,audusd,0.77602,0.77613,0.77532,0.776105
2021-05-21 03:00:00+00:00,audusd,0.77565,0.776175,0.77537,0.776025
2021-05-21 04:00:00+00:00,audusd,0.77567,0.775975,0.77542,0.77571
2021-05-21 05:00:00+00:00,audusd,0.77536,0.7761,0.7752,0.775675
2021-05-21 06:00:00+00:00,audusd,0.77452,0.77612,0.77416,0.775365
2021-05-21 07:00:00+00:00,audusd,0.77442,0.77482,0.77372,0.77451
2021-05-21 08:00:00+00:00,audusd,0.77537,0.77538,0.77407,0.774425
2021-05-21 09:00:00+00:00,audusd,0.77655,0.77682,0.77535,0.775365
2021-05-21 10:00:00+00:00,audusd,0.77718,0.77766,0.77653,0.77654
2021-05-21 11:00:00+00:00,audusd,0.77685,0.77827,0.776775,0.777185
2021-05-21 12:00:00+00:00,audusd,0.77788,0.77799,0.77599,0.776845
2021-05-21 13:00:00+00:00,audusd,0.77584,0.778285,0.775375,0.77789
2021-05-21 14:00:00+00:00,audusd,0.77367,0.77608,0.77285,0.77585
2021-05-21 15:00:00+00:00,audusd,0.77307,0.77409,0.77301,0.773585
2021-05-21 16:00:00+00:00,audusd,0.77208,0.77346,0.77191,0.773065
2021-05-21 17:00:00+00:00,audusd,0.77292,0.77298,0.77206,0.772075
2021-05-21 18:00:00+00:00,audusd,0.77322,0.77338,0.772755,0.772925
2021-05-21 19:00:00+00:00,audusd,0.773355,0.773825,0.77312,0.773225
2021-05-21 20:00:00+00:00,audusd,0.77354,0.77373,0.77289,0.77335
2021-05-23 21:00:00+00:00,audusd,0.77288,0.773145,0.772535,0.77314
2021-05-23 22:00:00+00:00,audusd,0.77263,0.77312,0.772325,0.77287
2021-05-23 23:00:00+00:00,audusd,0.772515,0.77319,0.77248,0.772635
2021-05-24 00:00:00+00:00,audusd,0.772625,0.77369,0.77238,0.77251
2021-05-24 01:00:00+00:00,audusd,0.772375,0.77299,0.77138,0.77263
2021-05-24 02:00:00+00:00,audusd,0.77253,0.77268,0.771815,0.77238
2021-05-24 03:00:00+00:00,audusd,0.77266,0.77278,0.77211,0.772535
2021-05-24 04:00:00+00:00,audusd,0.77287,0.77299,0.77248,0.77265
2021-05-24 05:00:00+00:00,audusd,0.77382,0.77402,0.77286,0.772865
2021-05-24 06:00:00+00:00,audusd,0.77357,0.77436,0.7735,0.773825
2021-05-24 07:00:00+00:00,audusd,0.773975,0.774425,0.77344,0.77358
2021-05-24 08:00:00+00:00,audusd,0.77192,0.77401,0.77061,0.77397
2021-05-24 09:00:00+00:00,audusd,0.77302,0.77302,0.77112,0.771915
2021-05-24 10:00:00+00:00,audusd,0.77255,0.77311,0.77239,0.773025
2021-05-24 11:00:00+00:00,audusd,0.772625,0.7727,0.77191,0.77256
2021-05-24 12:00:00+00:00,audusd,0.77374,0.77379,0.77247,0.77262
2021-05-24 13:00:00+00:00,audusd,0.775025,0.77505,0.77337,0.77373
2021-05-24 14:00:00+00:00,audusd,0.7748,0.77555,0.774375,0.77503
2021-05-24 15:00:00+00:00,audusd,0.77402,0.77513,0.77393,0.774805
2021-05-24 16:00:00+00:00,audusd,0.77443,0.77462,0.77387,0.774025
2021-05-24 17:00:00+00:00,audusd,0.7751,0.77527,0.77411,0.774425
2021-05-24 18:00:00+00:00,audusd,0.77546,0.77558,0.77507,0.77511
2021-05-24 19:00:00+00:00,audusd,0.77559,0.77579,0.77542,0.775455
2021-05-24 20:00:00+00:00,audusd,0.7753,0.77564,0.77521,0.7756
2021-05-24 21:00:00+00:00,audusd,0.77535,0.77579,0.775195,0.77538
2021-05-24 22:00:00+00:00,audusd,0.77532,0.77569,0.775175,0.775355
2021-05-24 23:00:00+00:00,audusd,0.775075,0.77548,0.77505,0.77533
2021-05-25 00:00:00+00:00,audusd,0.77549,0.77565,0.77462,0.77508
2021-05-25 01:00:00+00:00,audusd,0.77522,0.77612,0.775,0.775495
2021-05-25 02:00:00+00:00,audusd,0.77575,0.77575,0.7751,0.77523
2021-05-25 03:00:00+00:00,audusd,0.77578,0.775915,0.77559,0.775745
2021-05-25 04:00:00+00:00,audusd,0.775965,0.77614,0.77556,0.77577
2021-05-25 05:00:00+00:00,audusd,0.77536,0.776035,0.77502,0.77597
2021-05-25 06:00:00+00:00,audusd,0.77717,0.77754,0.77517,0.77537
2021-05-25 07:00:00+00:00,audusd,0.7765,0.77763,0.77631,0.777175
2021-05-25 08:00:00+00:00,audusd,0.77669,0.77682,0.775675,0.77649
2021-05-25 09:00:00+00:00,audusd,0.77646,0.77693,0.776125,0.776695
2021-05-25 10:00:00+00:00,audusd,0.775725,0.77664,0.77552,0.776465
2021-05-25 11:00:00+00:00,audusd,0.77667,0.77701,0.77562,0.77572
2021-05-25 12:00:00+00:00,audusd,0.775855,0.77723,0.77553,0.776675
2021-05-25 13:00:00+00:00,audusd,0.77568,0.77698,0.77528,0.77586
2021-05-25 14:00:00+00:00,audusd,0.77543,0.776585,0.774905,0.77567
2021-05-25 15:00:00+00:00,audusd,0.77408,0.77554,0.77363,0.775425
2021-05-25 16:00:00+00:00,audusd,0.77455,0.77456,0.77331,0.77409
2021-05-25 17:00:00+00:00,audusd,0.775625,0.77573,0.77443,0.77454
2021-05-25 18:00:00+00:00,audusd,0.77553,0.775945,0.77539,0.77563
2021-05-25 19:00:00+00:00,audusd,0.775,0.775525,0.77473,0.775525
2021-05-25 20:00:00+00:00,audusd,0.77525,0.77545,0.774925,0.77498
2021-05-25 21:00:00+00:00,audusd,0.77537,0.775475,0.77479,0.775095
2021-05-25 22:00:00+00:00,audusd,0.775235,0.77545,0.77505,0.775365
2021-05-25 23:00:00+00:00,audusd,0.775015,0.775365,0.77481,0.77524
2021-05-26 00:00:00+00:00,audusd,0.77521,0.77599,0.77487,0.77501
2021-05-26 01:00:00+00:00,audusd,0.77576,0.77582,0.775095,0.77522
2021-05-26 02:00:00+00:00,audusd,0.77768,0.77802,0.77575,0.775755
2021-05-26 03:00:00+00:00,audusd,0.77879,0.77899,0.77768,0.777685
2021-05-26 04:00:00+00:00,audusd,0.77918,0.77961,0.77876,0.7788
2021-05-26 05:00:00+00:00,audusd,0.778695,0.77943,0.77869,0.779185
2021-05-26 06:00:00+00:00,audusd,0.77854,0.77881,0.77782,0.7787
2021-05-26 07:00:00+00:00,audusd,0.777905,0.77863,0.77718,0.778535
2021-05-26 08:00:00+00:00,audusd,0.77773,0.77843,0.77722,0.7779
2021-05-26 09:00:00+00:00,audusd,0.77805,0.778195,0.77752,0.77774
2021-05-26 10:00:00+00:00,audusd,0.77806,0.77833,0.77772,0.778045
2021-05-26 11:00:00+00:00,audusd,0.77718,0.77821,0.77708,0.77807
2021-05-26 12:00:00+00:00,audusd,0.77579,0.77743,0.77541,0.77717
2021-05-26 13:00:00+00:00,audusd,0.77489,0.77614,0.77453,0.775795
2021-05-26 14:00:00+00:00,audusd,0.77405,0.77629,0.774,0.77488
2021-05-26 15:00:00+00:00,audusd,0.77431,0.774485,0.77313,0.77404
2021-05-26 16:00:00+00:00,audusd,0.774295,0.77464,0.77384,0.774315
2021-05-26 17:00:00+00:00,audusd,0.77399,0.77471,0.77378,0.7743
2021-05-26 18:00:00+00:00,audusd,0.77457,0.77473,0.773835,0.773985
2021-05-26 19:00:00+00:00,audusd,0.774445,0.774845,0.77408,0.77456
2021-05-26 20:00:00+00:00,audusd,0.77423,0.77444,0.77401,0.77444
2021-05-26 21:00:00+00:00,audusd,0.774345,0.77443,0.77393,0.77407
2021-05-26 22:00:00+00:00,audusd,0.77384,0.77449,0.77381,0.77434
2021-05-26 23:00:00+00:00,audusd,0.77398,0.77411,0.77362,0.773835
2021-05-27 00:00:00+00:00,audusd,0.7734,0.77405,0.772645,0.77396
2021-05-27 01:00:00+00:00,audusd,0.77338,0.773655,0.77232,0.773405
2021-05-27 02:00:00+00:00,audusd,0.77384,0.77401,0.773255,0.773385
2021-05-27 03:00:00+00:00,audusd,0.7741,0.7743,0.773085,0.773835
2021-05-27 04:00:00+00:00,audusd,0.77409,0.7743,0.77375,0.77409
2021-05-27 05:00:00+00:00,audusd,0.77488,0.774995,0.77387,0.774085
2021-05-27 06:00:00+00:00,audusd,0.774765,0.77516,0.774165,0.774875
2021-05-27 07:00:00+00:00,audusd,0.775215,0.775405,0.77447,0.77477
2021-05-27 08:00:00+00:00,audusd,0.774,0.77556,0.7738,0.77522
2021-05-27 09:00:00+00:00,audusd,0.77386,0.77425,0.77373,0.77399
2021-05-27 10:00:00+00:00,audusd,0.77486,0.77505,0.77381,0.77387
2021-05-27 11:00:00+00:00,audusd,0.77471,0.77559,0.77448,0.774865
2021-05-27 12:00:00+00:00,audusd,0.77389,0.77546,0.773845,0.774715
2021-05-27 13:00:00+00:00,audusd,0.77395,0.77439,0.77341,0.7739
2021-05-27 14:00:00+00:00,audusd,0.774925,0.77576,0.77387,0.773955
2021-05-27 15:00:00+00:00,audusd,0.77356,0.77534,0.7735,0.77493
2021-05-27 16:00:00+00:00,audusd,0.7732,0.773725,0.77278,0.77357
2021-05-27 17:00:00+00:00,audusd,0.77416,0.7743,0.77311,0.773195
2021-05-27 18:00:00+00:00,audusd,0.77444,0.77469,0.77391,0.774155
2021-05-27 19:00:00+00:00,audusd,0.774505,0.7747,0.77419,0.77443
2021-05-27 20:00:00+00:00,audusd,0.77465,0.77465,0.774135,0.7745
2021-05-27 21:00:00+00:00,audusd,0.774205,0.77429,0.77392,0.77421
2021-05-27 22:00:00+00:00,audusd,0.7742,0.77446,0.77412,0.77421
2021-05-27 23:00:00+00:00,audusd,0.77424,0.77431,0.77395,0.77421
2021-05-28 00:00:00+00:00,audusd,0.77398,0.77431,0.7737,0.774245
2021-05-28 01:00:00+00:00,audusd,0.77442,0.77474,0.77387,0.773975
2021-05-28 02:00:00+00:00,audusd,0.77442,0.7747,0.774,0.774415
2021-05-28 03:00:00+00:00,audusd,0.77444,0.77469,0.77422,0.77441
2021-05-28 04:00:00+00:00,audusd,0.77425,0.77465,0.77423,0.774445
2021-05-28 05:00:00+00:00,audusd,0.772685,0.77471,0.77252,0.77426
2021-05-28 06:00:00+00:00,audusd,0.77235,0.772995,0.771585,0.77268
2021-05-28 07:00:00+00:00,audusd,0.772645,0.77267,0.77145,0.772355
2021-05-28 08:00:00+00:00,audusd,0.77309,0.7735,0.77255,0.77264
2021-05-28 09:00:00+00:00,audusd,0.772065,0.773095,0.77179,0.773095
2021-05-28 10:00:00+00:00,audusd,0.77179,0.7723,0.771515,0.77206
2021-05-28 11:00:00+00:00,audusd,0.76966,0.77185,0.76905,0.77178
2021-05-28 12:00:00+00:00,audusd,0.76812,0.769785,0.76774,0.769655
2021-05-28 13:00:00+00:00,audusd,0.77063,0.77087,0.76806,0.76813
2021-05-28 14:00:00+00:00,audusd,0.77125,0.7716,0.770185,0.770625
2021-05-28 15:00:00+00:00,audusd,0.77051,0.77155,0.76994,0.771255
2021-05-28 16:00:00+00:00,audusd,0.77139,0.77146,0.770425,0.770505
2021-05-28 17:00:00+00:00,audusd,0.77106,0.771575,0.77103,0.771395
2021-05-28 18:00:00+00:00,audusd,0.77085,0.77109,0.77049,0.77107
2021-05-28 19:00:00+00:00,audusd,0.77075,0.77114,0.77065,0.77086
2021-05-28 20:00:00+00:00,audusd,0.77115,0.77115,0.77055,0.770755
2021-05-30 21:00:00+00:00,audusd,0.771255,0.771465,0.77107,0.771455
2021-05-30 22:00:00+00:00,audusd,0.77111,0.77125,0.77093,0.77125
2021-05-30 23:00:00+00:00,audusd,0.7708,0.77153,0.77077,0.771105
2021-05-31 00:00:00+00:00,audusd,0.77121,0.77134,0.77008,0.77081
2021-05-31 01:00:00+00:00,audusd,0.77257,0.772585,0.77099,0.771215
2021-05-31 02:00:00+00:00,audusd,0.77288,0.772885,0.772305,0.772575
2021-05-31 03:00:00+00:00,audusd,0.77241,0.7729,0.772375,0.772875
2021-05-31 04:00:00+00:00,audusd,0.77271,0.77287,0.77215,0.772415
2021-05-31 05:00:00+00:00,audusd,0.77247,0.773155,0.7722,0.77272
2021-05-31 06:00:00+00:00,audusd,0.77278,0.772925,0.77216,0.77248
2021-05-31 07:00:00+00:00,audusd,0.7734,0.77373,0.7727,0.772785
2021-05-31 08:00:00+00:00,audusd,0.77367,0.773955,0.77305,0.773395
2021-05-31 09:00:00+00:00,audusd,0.77345,0.77395,0.773205,0.773665
2021-05-31 10:00:00+00:00,audusd,0.77368,0.77389,0.77333,0.773445
2021-05-31 11:00:00+00:00,audusd,0.77337,0.77374,0.773105,0.773685
2021-06-01 02:00:00+00:00,audusd,0.77629,0.77685,0.776135,0.77666
2021-06-01 03:00:00+00:00,audusd,0.77634,0.77662,0.77615,0.776295
2021-06-01 04:00:00+00:00,audusd,0.774515,0.7764,0.77381,0.776365
2021-06-01 05:00:00+00:00,audusd,0.77431,0.7748,0.77399,0.77451
2021-06-01 06:00:00+00:00,audusd,0.77439,0.77461,0.77349,0.774305
2021-06-01 07:00:00+00:00,audusd,0.77645,0.7768,0.77406,0.7744
2021-06-01 08:00:00+00:00,audusd,0.774265,0.77646,0.77357,0.776445
2021-06-01 09:00:00+00:00,audusd,0.77399,0.77492,0.77371,0.77427
2021-06-01 10:00:00+00:00,audusd,0.77341,0.773985,0.7731,0.773985
2021-06-01 11:00:00+00:00,audusd,0.77388,0.77415,0.773315,0.77342
2021-06-01 12:00:00+00:00,audusd,0.77407,0.77446,0.77342,0.773875
2021-06-01 13:00:00+00:00,audusd,0.77449,0.7748,0.773395,0.774065
2021-06-01 14:00:00+00:00,audusd,0.77554,0.77585,0.7744,0.77448
2021-06-01 15:00:00+00:00,audusd,0.77644,0.776945,0.77539,0.775535
2021-06-01 16:00:00+00:00,audusd,0.77581,0.77646,0.77557,0.776445
2021-06-01 17:00:00+00:00,audusd,0.77595,0.77603,0.77533,0.775805
2021-06-01 18:00:00+00:00,audusd,0.77641,0.77641,0.77586,0.77594
2021-06-01 19:00:00+00:00,audusd,0.77551,0.77644,0.775445,0.776415
2021-06-01 20:00:00+00:00,audusd,0.77531,0.77557,0.775105,0.7755
2021-06-01 21:00:00+00:00,audusd,0.77514,0.77561,0.77484,0.77532
2021-06-01 22:00:00+00:00,audusd,0.77523,0.77553,0.77498,0.775145
2021-06-01 23:00:00+00:00,audusd,0.775595,0.77561,0.77507,0.775225
2021-06-02 00:00:00+00:00,audusd,0.77614,0.77696,0.7755,0.77559
2021-06-02 01:00:00+00:00,audusd,0.776345,0.77737,0.77594,0.77613
2021-06-02 02:00:00+00:00,audusd,0.77608,0.77678,0.775925,0.77635
2021-06-02 03:00:00+00:00,audusd,0.77615,0.77653,0.77598,0.77609
2021-06-02 04:00:00+00:00,audusd,0.77468,0.776175,0.77464,0.776155
2021-06-02 05:00:00+00:00,audusd,0.77441,0.77507,0.77436,0.774685
2021-06-02 06:00:00+00:00,audusd,0.77329,0.7744,0.77262,0.7744
2021-06-02 07:00:00+00:00,audusd,0.77335,0.77379,0.77273,0.773285
2021-06-02 08:00:00+00:00,audusd,0.77205,0.77352,0.77182,0.773355
2021-06-02 09:00:00+00:00,audusd,0.77244,0.7726,0.77157,0.77206
2021-06-02 10:00:00+00:00,audusd,0.77224,0.772725,0.77211,0.77243
2021-06-02 11:00:00+00:00,audusd,0.7728,0.77294,0.77155,0.772235
2021-06-02 12:00:00+00:00,audusd,0.77369,0.77411,0.772805,0.772805
2021-06-02 13:00:00+00:00,audusd,0.77419,0.77465,0.773045,0.7737
2021-06-02 14:00:00+00:00,audusd,0.77497,0.775025,0.774015,0.7742
2021-06-02 15:00:00+00:00,audusd,0.77514,0.775605,0.77479,0.774975
2021-06-02 16:00:00+00:00,audusd,0.77501,0.77516,0.77475,0.775135
2021-06-02 17:00:00+00:00,audusd,0.77504,0.77531,0.7745,0.775015
2021-06-02 18:00:00+00:00,audusd,0.77527,0.77539,0.77491,0.775045
2021-06-02 19:00:00+00:00,audusd,0.775375,0.775585,0.7751,0.77526
2021-06-02 20:00:00+00:00,audusd,0.77533,0.77544,0.774925,0.77537
2021-06-02 21:00:00+00:00,audusd,0.77506,0.77536,0.77462,0.77526
2021-06-02 22:00:00+00:00,audusd,0.77484,0.77531,0.77478,0.77507
2021-06-02 23:00:00+00:00,audusd,0.77443,0.774885,0.774335,0.77485
2021-06-03 00:00:00+00:00,audusd,0.7752,0.7754,0.774435,0.774435
2021-06-03 01:00:00+00:00,audusd,0.7743,0.77532,0.77408,0.775205
2021-06-03 02:00:00+00:00,audusd,0.77393,0.774675,0.77375,0.77431
2021-06-03 03:00:00+00:00,audusd,0.77449,0.77455,0.77379,0.773935
2021-06-03 04:00:00+00:00,audusd,0.773955,0.774635,0.77377,0.774485
2021-06-03 05:00:00+00:00,audusd,0.77326,0.774065,0.773015,0.77395
2021-06-03 06:00:00+00:00,audusd,0.77224,0.77332,0.77221,0.773255
2021-06-03 07:00:00+00:00,audusd,0.77195,0.772735,0.7717,0.772245
2021-06-03 08:00:00+00:00,audusd,0.77301,0.77347,0.77173,0.771945
2021-06-03 09:00:00+00:00,audusd,0.7731,0.773305,0.77273,0.773015
2021-06-03 10:00:00+00:00,audusd,0.77236,0.77418,0.77219,0.77309
2021-06-03 11:00:00+00:00,audusd,0.7719,0.77278,0.77183,0.77237
2021-06-03 12:00:00+00:00,audusd,0.77053,0.772015,0.76999,0.771895
2021-06-03 13:00:00+00:00,audusd,0.76801,0.77059,0.76785,0.77052
2021-06-03 14:00:00+00:00,audusd,0.76668,0.7683,0.76652,0.768
2021-06-03 15:00:00+00:00,audusd,0.7658,0.76739,0.76572,0.76667
2021-06-03 16:00:00+00:00,audusd,0.76521,0.76592,0.76488,0.765785
2021-06-03 17:00:00+00:00,audusd,0.76513,0.76531,0.76456,0.76522
2021-06-03 18:00:00+00:00,audusd,0.76511,0.76535,0.76492,0.765135
2021-06-03 19:00:00+00:00,audusd,0.76585,0.76597,0.76509,0.765115
2021-06-03 20:00:00+00:00,audusd,0.7659,0.76608,0.76575,0.765845
2021-06-03 21:00:00+00:00,audusd,0.76602,0.76628,0.76551,0.765555
2021-06-03 22:00:00+00:00,audusd,0.76617,0.7663,0.76578,0.766025
2021-06-03 23:00:00+00:00,audusd,0.76619,0.76664,0.76588,0.76618
2021-06-04 00:00:00+00:00,audusd,0.76593,0.766205,0.76512,0.7662
2021-06-04 01:00:00+00:00,audusd,0.76558,0.76649,0.76552,0.765935
2021-06-04 02:00:00+00:00,audusd,0.76574,0.76612,0.76528,0.765585
2021-06-04 03:00:00+00:00,audusd,0.76594,0.76603,0.76535,0.765745
2021-06-04 04:00:00+00:00,audusd,0.76609,0.7663,0.7656,0.765935
2021-06-04 05:00:00+00:00,audusd,0.76535,0.76618,0.765185,0.76608
2021-06-04 06:00:00+00:00,audusd,0.76688,0.76689,0.765235,0.765345
2021-06-04 07:00:00+00:00,audusd,0.76651,0.767115,0.76632,0.766875
2021-06-04 08:00:00+00:00,audusd,0.76628,0.7668,0.76603,0.766515
2021-06-04 09:00:00+00:00,audusd,0.766815,0.76692,0.76605,0.766285
2021-06-04 10:00:00+00:00,audusd,0.76616,0.76706,0.766015,0.76681
2021-06-04 11:00:00+00:00,audusd,0.76663,0.76672,0.76576,0.766165
2021-06-04 12:00:00+00:00,audusd,0.76891,0.77059,0.76608,0.766625
2021-06-04 13:00:00+00:00,audusd,0.771975,0.77235,0.768845,0.76902
2021-06-04 14:00:00+00:00,audusd,0.77365,0.77415,0.77177,0.77197
2021-06-04 15:00:00+00:00,audusd,0.774,0.77409,0.77288,0.77357
2021-06-04 16:00:00+00:00,audusd,0.774,0.77442,0.7738,0.77396
2021-06-04 17:00:00+00:00,audusd,0.7742,0.7742,0.77377,0.774005
2021-06-04 18:00:00+00:00,audusd,0.7744,0.7745,0.77401,0.77421
2021-06-04 19:00:00+00:00,audusd,0.77433,0.774525,0.774205,0.77439
2021-06-04 20:00:00+00:00,audusd,0.77453,0.77453,0.774035,0.774335
2021-06-07 03:00:00+00:00,audusd,0.77358,0.773775,0.77335,0.77357
2021-06-07 04:00:00+00:00,audusd,0.7739,0.77432,0.77332,0.773585
2021-06-07 05:00:00+00:00,audusd,0.773225,0.774015,0.77321,0.773905
2021-06-07 06:00:00+00:00,audusd,0.77363,0.773885,0.77322,0.77323
2021-06-07 07:00:00+00:00,audusd,0.77478,0.77479,0.77269,0.77364
2021-06-07 08:00:00+00:00,audusd,0.77511,0.77547,0.77397,0.774775
2021-06-07 09:00:00+00:00,audusd,0.77492,0.77513,0.77444,0.775115
2021-06-07 10:00:00+00:00,audusd,0.77499,0.77533,0.774325,0.774925
2021-06-07 11:00:00+00:00,audusd,0.77596,0.77599,0.77496,0.774985
2021-06-07 12:00:00+00:00,audusd,0.77619,0.776455,0.775615,0.77595
2021-06-07 13:00:00+00:00,audusd,0.776,0.77658,0.77573,0.77618
2021-06-07 14:00:00+00:00,audusd,0.775805,0.77638,0.77539,0.776005
2021-06-07 15:00:00+00:00,audusd,0.77643,0.77646,0.77541,0.77581
2021-06-07 16:00:00+00:00,audusd,0.77636,0.77653,0.7762,0.776435
2021-06-07 17:00:00+00:00,audusd,0.77626,0.77641,0.77611,0.776365
2021-06-07 18:00:00+00:00,audusd,0.77599,0.77647,0.77599,0.776255
2021-06-07 19:00:00+00:00,audusd,0.77596,0.77613,0.77581,0.775985
2021-06-07 20:00:00+00:00,audusd,0.77551,0.77602,0.77548,0.77595
2021-06-07 21:00:00+00:00,audusd,0.77551,0.77611,0.77536,0.77591
2021-06-07 22:00:00+00:00,audusd,0.77562,0.77592,0.77551,0.775515
2021-06-07 23:00:00+00:00,audusd,0.77564,0.77583,0.77558,0.775625
2021-06-08 00:00:00+00:00,audusd,0.77537,0.77636,0.77518,0.77563
2021-06-08 01:00:00+00:00,audusd,0.77515,0.775865,0.775065,0.775375
2021-06-08 02:00:00+00:00,audusd,0.77467,0.7754,0.77467,0.775145
2021-06-08 03:00:00+00:00,audusd,0.774685,0.77485,0.77447,0.774665
2021-06-08 04:00:00+00:00,audusd,0.77437,0.77478,0.77426,0.77468
2021-06-08 05:00:00+00:00,audusd,0.77412,0.77468,0.773955,0.774365
2021-06-08 06:00:00+00:00,audusd,0.77479,0.77509,0.77402,0.774125
2021-06-08 07:00:00+00:00,audusd,0.77441,0.775425,0.77358,0.7748
2021-06-08 08:00:00+00:00,audusd,0.77463,0.77486,0.77407,0.774405
2021-06-08 09:00:00+00:00,audusd,0.773685,0.7747,0.77355,0.774635
2021-06-08 10:00:00+00:00,audusd,0.774285,0.774445,0.773505,0.77368
2021-06-08 11:00:00+00:00,audusd,0.77498,0.775075,0.77416,0.77428
2021-06-08 12:00:00+00:00,audusd,0.77394,0.775615,0.77387,0.774975
2021-06-08 13:00:00+00:00,audusd,0.7735,0.77498,0.7732,0.773935
2021-06-08 14:00:00+00:00,audusd,0.77498,0.77527,0.773235,0.773495
2021-06-08 15:00:00+00:00,audusd,0.77404,0.77503,0.77334,0.77499
2021-06-08 16:00:00+00:00,audusd,0.7738,0.77424,0.77353,0.77403
2021-06-08 17:00:00+00:00,audusd,0.773795,0.773895,0.77353,0.773795
2021-06-08 18:00:00+00:00,audusd,0.774135,0.774365,0.77375,0.7738
2021-06-08 19:00:00+00:00,audusd,0.77403,0.774395,0.77394,0.77413
2021-06-08 20:00:00+00:00,audusd,0.77419,0.77425,0.77368,0.77403
2021-06-08 21:00:00+00:00,audusd,0.77378,0.77422,0.7735,0.77422
2021-06-08 22:00:00+00:00,audusd,0.7737,0.773895,0.77342,0.77377
2021-06-08 23:00:00+00:00,audusd,0.7737,0.773935,0.77359,0.77371
2021-06-09 00:00:00+00:00,audusd,0.774295,0.77435,0.77355,0.773695
2021-06-09 01:00:00+00:00,audusd,0.77415,0.77436,0.77385,0.77429
2021-06-09 02:00:00+00:00,audusd,0.77429,0.77437,0.77376,0.77416
2021-06-09 03:00:00+00:00,audusd,0.77359,0.77443,0.773315,0.774285
2021-06-09 04:00:00+00:00,audusd,0.77389,0.77412,0.77343,0.773595
2021-06-09 05:00:00+00:00,audusd,0.77404,0.7742,0.773795,0.773885
2021-06-09 06:00:00+00:00,audusd,0.77466,0.77483,0.77395,0.774045
2021-06-09 07:00:00+00:00,audusd,0.7746,0.77528,0.774395,0.77466
2021-06-09 08:00:00+00:00,audusd,0.77473,0.775235,0.774525,0.774605
2021-06-09 09:00:00+00:00,audusd,0.77469,0.774865,0.774205,0.77474
2021-06-09 10:00:00+00:00,audusd,0.77466,0.77494,0.7745,0.774685
2021-06-09 11:00:00+00:00,audusd,0.77514,0.77528,0.77448,0.774655
2021-06-09 12:00:00+00:00,audusd,0.77473,0.77533,0.77454,0.77515
2021-06-09 13:00:00+00:00,audusd,0.775175,0.77623,0.774715,0.77472
2021-06-09 14:00:00+00:00,audusd,0.7729,0.77538,0.77252,0.77517
2021-06-09 15:00:00+00:00,audusd,0.77303,0.77345,0.772755,0.77289
2021-06-09 16:00:00+00:00,audusd,0.77309,0.773145,0.77244,0.773025
2021-06-09 17:00:00+00:00,audusd,0.77359,0.77368,0.77293,0.773075
2021-06-09 18:00:00+00:00,audusd,0.773675,0.77389,0.77338,0.773595
2021-06-09 19:00:00+00:00,audusd,0.77279,0.77368,0.77263,0.77368
2021-06-09 20:00:00+00:00,audusd,0.77312,0.773255,0.77279,0.7728
2021-06-09 21:00:00+00:00,audusd,0.7732,0.77323,0.77279,0.77299
2021-06-09 22:00:00+00:00,audusd,0.772785,0.773205,0.77277,0.773205
2021-06-09 23:00:00+00:00,audusd,0.772945,0.772995,0.7727,0.77279
2021-06-10 00:00:00+00:00,audusd,0.77234,0.7731,0.77222,0.77294
2021-06-10 01:00:00+00:00,audusd,0.773225,0.77354,0.77224,0.77233
2021-06-10 02:00:00+00:00,audusd,0.77294,0.77324,0.77269,0.77322
2021-06-10 03:00:00+00:00,audusd,0.77355,0.773705,0.772945,0.772945
2021-06-10 04:00:00+00:00,audusd,0.7733,0.77359,0.77279,0.773555
2021-06-10 05:00:00+00:00,audusd,0.773615,0.77395,0.77325,0.77329
2021-06-10 06:00:00+00:00,audusd,0.77425,0.77429,0.77314,0.77361
2021-06-10 07:00:00+00:00,audusd,0.77312,0.77426,0.77274,0.77424
2021-06-10 08:00:00+00:00,audusd,0.77396,0.774,0.77282,0.77313
2021-06-10 09:00:00+00:00,audusd,0.77399,0.774195,0.77368,0.773965
2021-06-10 10:00:00+00:00,audusd,0.774095,0.77446,0.7739,0.773985
2021-06-10 11:00:00+00:00,audusd,0.77395,0.7745,0.773635,0.7741
2021-06-10 12:00:00+00:00,audusd,0.77401,0.77445,0.77178,0.77394
2021-06-10 13:00:00+00:00,audusd,0.77531,0.77575,0.77322,0.774005
2021-06-10 14:00:00+00:00,audusd,0.7743,0.77551,0.77263,0.775305
2021-06-10 15:00:00+00:00,audusd,0.77624,0.77636,0.77406,0.77429
2021-06-10 16:00:00+00:00,audusd,0.77508,0.77626,0.77372,0.776205
2021-06-10 17:00:00+00:00,audusd,0.7756,0.776,0.77453,0.775125
2021-06-10 18:00:00+00:00,audusd,0.775515,0.7757,0.7752,0.775595
2021-06-10 19:00:00+00:00,audusd,0.775295,0.77589,0.775235,0.77553
2021-06-10 20:00:00+00:00,audusd,0.77513,0.77563,0.775115,0.7753
2021-06-10 21:00:00+00:00,audusd,0.77528,0.775545,0.77513,0.77539
2021-06-10 22:00:00+00:00,audusd,0.77524,0.77531,0.77506,0.775275
2021-06-10 23:00:00+00:00,audusd,0.77474,0.77555,0.77473,0.775245
2021-06-11 00:00:00+00:00,audusd,0.77518,0.77576,0.77474,0.77475
2021-06-11 01:00:00+00:00,audusd,0.77536,0.77551,0.77507,0.775185
2021-06-11 02:00:00+00:00,audusd,0.7751,0.77536,0.774565,0.775355
2021-06-11 03:00:00+00:00,audusd,0.77523,0.77554,0.775105,0.775105
2021-06-11 04:00:00+00:00,audusd,0.775245,0.77554,0.77517,0.775235
2021-06-11 05:00:00+00:00,audusd,0.77534,0.77571,0.7751,0.77525
2021-06-11 06:00:00+00:00,audusd,0.77615,0.77633,0.775045,0.77535
2021-06-11 07:00:00+00:00,audusd,0.77673,0.77758,0.77613,0.776145
2021-06-11 08:00:00+00:00,audusd,0.77614,0.77687,0.77573,0.776725
2021-06-11 09:00:00+00:00,audusd,0.77539,0.7766,0.77529,0.77615
2021-06-11 10:00:00+00:00,audusd,0.7751,0.77598,0.77497,0.775395
2021-06-11 11:00:00+00:00,audusd,0.773385,0.77509,0.7732,0.77509
2021-06-11 12:00:00+00:00,audusd,0.77286,0.77362,0.772335,0.77338
2021-06-11 13:00:00+00:00,audusd,0.77141,0.77328,0.77118,0.772855
2021-06-11 14:00:00+00:00,audusd,0.76999,0.77203,0.76931,0.771405
2021-06-11 15:00:00+00:00,audusd,0.76954,0.77044,0.76901,0.76998
2021-06-11 16:00:00+00:00,audusd,0.77002,0.77009,0.768845,0.769545
2021-06-11 17:00:00+00:00,audusd,0.769705,0.77006,0.76951,0.770025
2021-06-11 18:00:00+00:00,audusd,0.770295,0.7703,0.7696,0.7697
2021-06-11 19:00:00+00:00,audusd,0.77063,0.77063,0.77012,0.77029
2021-06-11 20:00:00+00:00,audusd,0.77059,0.77072,0.77019,0.77062
2021-06-13 21:00:00+00:00,audusd,0.7706,0.77074,0.77058,0.7706
2021-06-13 22:00:00+00:00,audusd,0.770795,0.77085,0.77054,0.770595
2021-06-13 23:00:00+00:00,audusd,0.7708,0.771,0.77073,0.77079
2021-06-14 00:00:00+00:00,audusd,0.7698,0.77093,0.7698,0.77079
2021-06-14 01:00:00+00:00,audusd,0.770115,0.77029,0.76939,0.76979
2021-06-14 02:00:00+00:00,audusd,0.770265,0.770405,0.769955,0.77012
2021-06-14 03:00:00+00:00,audusd,0.77012,0.77027,0.76964,0.77026
2021-06-14 04:00:00+00:00,audusd,0.77121,0.771255,0.76992,0.77011
2021-06-14 05:00:00+00:00,audusd,0.77107,0.77142,0.771,0.771205
2021-06-14 06:00:00+00:00,audusd,0.77072,0.77128,0.77046,0.771065
2021-06-14 07:00:00+00:00,audusd,0.77137,0.771385,0.77021,0.770715
2021-06-14 08:00:00+00:00,audusd,0.77091,0.771535,0.77023,0.771365
2021-06-14 09:00:00+00:00,audusd,0.77147,0.77186,0.770815,0.770905
2021-06-14 10:00:00+00:00,audusd,0.77206,0.77233,0.77107,0.77146
2021-06-14 11:00:00+00:00,audusd,0.7714,0.77213,0.771165,0.772065
2021-06-14 12:00:00+00:00,audusd,0.77188,0.77222,0.77135,0.771405
2021-06-14 13:00:00+00:00,audusd,0.77201,0.77248,0.77162,0.771875
2021-06-14 14:00:00+00:00,audusd,0.77196,0.7726,0.77158,0.772
2021-06-14 15:00:00+00:00,audusd,0.77167,0.77209,0.7713,0.77197
2021-06-14 16:00:00+00:00,audusd,0.770895,0.77176,0.77081,0.771675
2021-06-14 17:00:00+00:00,audusd,0.77096,0.77111,0.770695,0.7709
2021-06-14 18:00:00+00:00,audusd,0.77077,0.771005,0.770545,0.77097
2021-06-14 19:00:00+00:00,audusd,0.7714,0.7714,0.77077,0.770775
2021-06-14 20:00:00+00:00,audusd,0.7711,0.77141,0.7711,0.771405
2021-06-14 21:00:00+00:00,audusd,0.7714,0.77141,0.771105,0.771185
2021-06-14 22:00:00+00:00,audusd,0.77124,0.77139,0.771025,0.77139
2021-06-14 23:00:00+00:00,audusd,0.77119,0.77162,0.7711,0.77123
2021-06-15 00:00:00+00:00,audusd,0.771185,0.77168,0.77084,0.77118
2021-06-15 01:00:00+00:00,audusd,0.76974,0.77132,0.76955,0.77118
2021-06-15 02:00:00+00:00,audusd,0.77036,0.770475,0.76962,0.769745
2021-06-15 03:00:00+00:00,audusd,0.77067,0.7708,0.76995,0.77035
2021-06-15 04:00:00+00:00,audusd,0.77111,0.77127,0.77067,0.77068
2021-06-15 05:00:00+00:00,audusd,0.7716,0.7716,0.770885,0.771105
2021-06-15 06:00:00+00:00,audusd,0.77035,0.771625,0.770075,0.771595
2021-06-15 07:00:00+00:00,audusd,0.770395,0.770905,0.77023,0.770335
2021-06-15 08:00:00+00:00,audusd,0.769245,0.770655,0.76906,0.7704
2021-06-15 09:00:00+00:00,audusd,0.768765,0.769275,0.76858,0.76924
2021-06-15 10:00:00+00:00,audusd,0.76959,0.7697,0.76852,0.76876
2021-06-15 11:00:00+00:00,audusd,0.76909,0.76998,0.76883,0.7696
2021-06-15 12:00:00+00:00,audusd,0.76903,0.76991,0.76857,0.769085
2021-06-15 13:00:00+00:00,audusd,0.76942,0.76982,0.76882,0.76902
2021-06-15 14:00:00+00:00,audusd,0.76809,0.76964,0.76744,0.769425
2021-06-15 15:00:00+00:00,audusd,0.76756,0.76877,0.767555,0.768095
2021-06-15 16:00:00+00:00,audusd,0.76845,0.7686,0.76745,0.767565
2021-06-15 17:00:00+00:00,audusd,0.76835,0.76864,0.768075,0.768445
2021-06-15 18:00:00+00:00,audusd,0.76827,0.768655,0.76818,0.768355
2021-06-15 19:00:00+00:00,audusd,0.768555,0.76857,0.768025,0.768265
2021-06-15 20:00:00+00:00,audusd,0.76875,0.7689,0.76841,0.76856
2021-06-15 21:00:00+00:00,audusd,0.76883,0.76894,0.76841,0.768745
2021-06-15 22:00:00+00:00,audusd,0.76867,0.76898,0.76856,0.768835
2021-06-15 23:00:00+00:00,audusd,0.76859,0.768685,0.768385,0.768665
2021-06-16 00:00:00+00:00,audusd,0.76874,0.76942,0.76845,0.768595
2021-06-16 01:00:00+00:00,audusd,0.76916,0.76926,0.768615,0.768735
2021-06-16 02:00:00+00:00,audusd,0.76946,0.76957,0.76906,0.769155
2021-06-16 03:00:00+00:00,audusd,0.76943,0.76957,0.7692,0.76947
2021-06-16 04:00:00+00:00,audusd,0.76963,0.7697,0.768765,0.769435
2021-06-16 05:00:00+00:00,audusd,0.76938,0.7698,0.76916,0.76964
2021-06-16 06:00:00+00:00,audusd,0.76987,0.77014,0.76882,0.769385
2021-06-16 07:00:00+00:00,audusd,0.77002,0.77036,0.76968,0.769865
2021-06-16 08:00:00+00:00,audusd,0.77042,0.77049,0.76987,0.770015
2021-06-16 09:00:00+00:00,audusd,0.77066,0.77087,0.77017,0.770425
2021-06-16 10:00:00+00:00,audusd,0.77048,0.770965,0.77022,0.77067
2021-06-16 11:00:00+00:00,audusd,0.77056,0.77068,0.77026,0.770475
2021-06-16 12:00:00+00:00,audusd,0.77071,0.77158,0.77052,0.770565
2021-06-16 13:00:00+00:00,audusd,0.77047,0.77113,0.770075,0.770715
2021-06-16 14:00:00+00:00,audusd,0.77079,0.77084,0.77022,0.770465
2021-06-16 15:00:00+00:00,audusd,0.77112,0.771225,0.77052,0.770795
2021-06-16 16:00:00+00:00,audusd,0.77064,0.77144,0.7703,0.771125
2021-06-16 17:00:00+00:00,audusd,0.77067,0.77074,0.77027,0.77063
2021-06-16 18:00:00+00:00,audusd,0.76338,0.77069,0.76238,0.770665
2021-06-16 19:00:00+00:00,audusd,0.7613,0.76493,0.761035,0.763375
2021-06-16 20:00:00+00:00,audusd,0.76302,0.763745,0.76089,0.76129
2021-06-16 21:00:00+00:00,audusd,0.7611,0.76332,0.76069,0.76284
2021-06-16 22:00:00+00:00,audusd,0.76173,0.762115,0.76079,0.76111
2021-06-16 23:00:00+00:00,audusd,0.76149,0.76173,0.76098,0.76172
2021-06-17 00:00:00+00:00,audusd,0.761025,0.76163,0.75978,0.761485
2021-06-17 01:00:00+00:00,audusd,0.76331,0.76459,0.76098,0.76102
2021-06-17 02:00:00+00:00,audusd,0.76309,0.76353,0.76237,0.763315
2021-06-17 03:00:00+00:00,audusd,0.76271,0.7632,0.76228,0.76308
2021-06-17 04:00:00+00:00,audusd,0.762975,0.76305,0.76252,0.762705
2021-06-17 05:00:00+00:00,audusd,0.76303,0.763565,0.76277,0.76298
2021-06-17 06:00:00+00:00,audusd,0.76214,0.763155,0.76135,0.763035
2021-06-17 07:00:00+00:00,audusd,0.76144,0.7629,0.76072,0.762135
2021-06-17 08:00:00+00:00,audusd,0.76013,0.76238,0.75926,0.76142
2021-06-17 09:00:00+00:00,audusd,0.75957,0.76047,0.75937,0.76012
2021-06-17 10:00:00+00:00,audusd,0.75721,0.75978,0.75707,0.759575
2021-06-17 11:00:00+00:00,audusd,0.75647,0.75808,0.75636,0.75754
2021-06-17 12:00:00+00:00,audusd,0.756205,0.75799,0.75614,0.756465
2021-06-17 13:00:00+00:00,audusd,0.75772,0.75925,0.75609,0.75621
2021-06-17 14:00:00+00:00,audusd,0.756715,0.75781,0.755815,0.75773
2021-06-17 15:00:00+00:00,audusd,0.75613,0.757355,0.75511,0.756695
2021-06-17 16:00:00+00:00,audusd,0.75457,0.75647,0.75401,0.756075
2021-06-17 17:00:00+00:00,audusd,0.75578,0.75606,0.754215,0.75458
2021-06-17 18:00:00+00:00,audusd,0.75514,0.756065,0.75514,0.75579
2021-06-17 19:00:00+00:00,audusd,0.754735,0.755495,0.75456,0.75515
2021-06-17 20:00:00+00:00,audusd,0.75485,0.7553,0.75469,0.75473
2021-06-17 21:00:00+00:00,audusd,0.7553,0.75551,0.7549,0.755145
2021-06-17 22:00:00+00:00,audusd,0.75589,0.75596,0.755055,0.75531
2021-06-17 23:00:00+00:00,audusd,0.75569,0.755945,0.75539,0.755895
2021-06-18 00:00:00+00:00,audusd,0.75503,0.75612,0.75487,0.755685
2021-06-18 01:00:00+00:00,audusd,0.75539,0.75608,0.754895,0.75504
2021-06-18 02:00:00+00:00,audusd,0.755355,0.75552,0.75487,0.755385
2021-06-18 03:00:00+00:00,audusd,0.75531,0.7558,0.75517,0.75536
2021-06-18 04:00:00+00:00,audusd,0.753575,0.7553,0.753575,0.7553
2021-06-18 05:00:00+00:00,audusd,0.75407,0.75433,0.751095,0.75357
2021-06-18 06:00:00+00:00,audusd,0.75256,0.7545,0.752405,0.75408
2021-06-18 07:00:00+00:00,audusd,0.753995,0.754545,0.75255,0.752555
2021-06-18 08:00:00+00:00,audusd,0.754,0.7548,0.75356,0.754
2021-06-18 09:00:00+00:00,audusd,0.75455,0.75507,0.753435,0.754005
2021-06-18 10:00:00+00:00,audusd,0.75381,0.75458,0.75371,0.75456
2021-06-18 11:00:00+00:00,audusd,0.75282,0.75389,0.75207,0.753805
2021-06-18 12:00:00+00:00,audusd,0.750775,0.75287,0.74941,0.752825
2021-06-18 13:00:00+00:00,audusd,0.75017,0.75118,0.750045,0.75069
2021-06-18 14:00:00+00:00,audusd,0.74889,0.75051,0.74881,0.750165
2021-06-18 15:00:00+00:00,audusd,0.74968,0.750145,0.74853,0.7489
2021-06-18 16:00:00+00:00,audusd,0.74862,0.7498,0.74791,0.749685
2021-06-18 17:00:00+00:00,audusd,0.74965,0.75049,0.74833,0.74863
2021-06-18 18:00:00+00:00,audusd,0.75043,0.75113,0.74923,0.749675
2021-06-18 19:00:00+00:00,audusd,0.74961,0.7507,0.749275,0.750425
2021-06-18 20:00:00+00:00,audusd,0.7478,0.74962,0.747795,0.7496
2021-06-20 21:00:00+00:00,audusd,0.74854,0.74862,0.74811,0.748595
2021-06-20 22:00:00+00:00,audusd,0.75013,0.75041,0.74842,0.74853
2021-06-20 23:00:00+00:00,audusd,0.750155,0.750565,0.749745,0.750125
2021-06-21 00:00:00+00:00,audusd,0.75074,0.75115,0.75002,0.75015
2021-06-21 01:00:00+00:00,audusd,0.75024,0.751235,0.74968,0.750735
2021-06-21 02:00:00+00:00,audusd,0.7511,0.75223,0.74987,0.75023
2021-06-21 03:00:00+00:00,audusd,0.749155,0.75111,0.748115,0.751095
2021-06-21 04:00:00+00:00,audusd,0.74939,0.7497,0.748745,0.74916
2021-06-21 05:00:00+00:00,audusd,0.74959,0.74988,0.74833,0.749395
2021-06-21 06:00:00+00:00,audusd,0.749585,0.750765,0.749515,0.74958
2021-06-21 07:00:00+00:00,audusd,0.74982,0.750125,0.74778,0.74965
2021-06-21 08:00:00+00:00,audusd,0.74988,0.75014,0.74928,0.749815
2021-06-21 09:00:00+00:00,audusd,0.75133,0.75138,0.749485,0.74989
2021-06-21 10:00:00+00:00,audusd,0.75154,0.75166,0.750455,0.751325
2021-06-21 11:00:00+00:00,audusd,0.75186,0.75209,0.751065,0.75152
2021-06-21 12:00:00+00:00,audusd,0.75099,0.75193,0.75066,0.75187
2021-06-21 13:00:00+00:00,audusd,0.75222,0.75233,0.7508,0.750995
2021-06-21 14:00:00+00:00,audusd,0.75261,0.75372,0.75198,0.752225
2021-06-21 15:00:00+00:00,audusd,0.75277,0.753085,0.75225,0.75265
2021-06-21 16:00:00+00:00,audusd,0.753605,0.75376,0.75277,0.752775
2021-06-21 17:00:00+00:00,audusd,0.753845,0.75418,0.753475,0.75361
2021-06-21 18:00:00+00:00,audusd,0.75382,0.75429,0.75373,0.75384
2021-06-21 19:00:00+00:00,audusd,0.75419,0.75463,0.753745,0.75383
2021-06-21 20:00:00+00:00,audusd,0.75378,0.7545,0.75377,0.754195
2021-06-21 21:00:00+00:00,audusd,0.75399,0.75417,0.753475,0.75358
2021-06-21 22:00:00+00:00,audusd,0.75401,0.75442,0.75389,0.753985
2021-06-21 23:00:00+00:00,audusd,0.75348,0.75454,0.75343,0.754015
2021-06-22 00:00:00+00:00,audusd,0.75266,0.75353,0.75216,0.75349
2021-06-22 01:00:00+00:00,audusd,0.75219,0.75276,0.75167,0.752655
2021-06-22 02:00:00+00:00,audusd,0.75138,0.75243,0.75118,0.752195
2021-06-22 03:00:00+00:00,audusd,0.75157,0.751745,0.7513,0.75139
2021-06-22 04:00:00+00:00,audusd,0.75193,0.7522,0.751575,0.75158
2021-06-22 05:00:00+00:00,audusd,0.75082,0.75219,0.75072,0.75194
2021-06-22 06:00:00+00:00,audusd,0.75189,0.75222,0.75066,0.750825
2021-06-22 07:00:00+00:00,audusd,0.75041,0.75221,0.75023,0.7519
2021-06-22 08:00:00+00:00,audusd,0.74996,0.75041,0.749515,0.750405
2021-06-22 09:00:00+00:00,audusd,0.75002,0.75063,0.749425,0.74997
2021-06-22 10:00:00+00:00,audusd,0.75088,0.75132,0.74995,0.75003
2021-06-22 11:00:00+00:00,audusd,0.75185,0.75232,0.750765,0.750875
2021-06-22 12:00:00+00:00,audusd,0.75058,0.75224,0.75012,0.751845
2021-06-22 13:00:00+00:00,audusd,0.750685,0.752,0.75016,0.75057
2021-06-22 14:00:00+00:00,audusd,0.75167,0.75208,0.75045,0.750765
2021-06-22 15:00:00+00:00,audusd,0.75274,0.75308,0.751615,0.75167
2021-06-22 16:00:00+00:00,audusd,0.754115,0.754235,0.75264,0.75273
2021-06-22 17:00:00+00:00,audusd,0.75443,0.75478,0.75392,0.75412
2021-06-22 18:00:00+00:00,audusd,0.75537,0.755595,0.75434,0.75444
2021-06-22 19:00:00+00:00,audusd,0.75556,0.75644,0.7553,0.755365
2021-06-22 20:00:00+00:00,audusd,0.75544,0.75578,0.75522,0.755555
2021-06-22 21:00:00+00:00,audusd,0.75521,0.75568,0.75495,0.75526
2021-06-22 22:00:00+00:00,audusd,0.75519,0.7557,0.75518,0.755205
2021-06-22 23:00:00+00:00,audusd,0.75547,0.75603,0.75507,0.7552
2021-06-23 00:00:00+00:00,audusd,0.754905,0.75589,0.75449,0.75546
2021-06-23 01:00:00+00:00,audusd,0.75417,0.75526,0.75383,0.75491
2021-06-23 02:00:00+00:00,audusd,0.75441,0.754575,0.75381,0.75418
2021-06-23 03:00:00+00:00,audusd,0.75465,0.7549,0.75431,0.75442
2021-06-23 04:00:00+00:00,audusd,0.75445,0.75475,0.75413,0.75466
2021-06-23 05:00:00+00:00,audusd,0.75435,0.75508,0.75401,0.754455
2021-06-23 06:00:00+00:00,audusd,0.755175,0.75562,0.75388,0.754345
2021-06-23 07:00:00+00:00,audusd,0.75532,0.75574,0.75448,0.75518
2021-06-23 08:00:00+00:00,audusd,0.75636,0.757295,0.7552,0.755315
2021-06-23 09:00:00+00:00,audusd,0.75611,0.75658,0.75604,0.75637
2021-06-23 10:00:00+00:00,audusd,0.756905,0.75741,0.75593,0.756105
2021-06-23 11:00:00+00:00,audusd,0.75756,0.758,0.75616,0.75691
2021-06-23 12:00:00+00:00,audusd,0.757745,0.75856,0.75736,0.75755
2021-06-23 13:00:00+00:00,audusd,0.75986,0.75987,0.757395,0.75774
2021-06-23 14:00:00+00:00,audusd,0.758715,0.75992,0.7582,0.75985
2021-06-23 15:00:00+00:00,audusd,0.75883,0.75908,0.75822,0.75872
2021-06-23 16:00:00+00:00,audusd,0.75773,0.75882,0.75754,0.75882
2021-06-23 17:00:00+00:00,audusd,0.75789,0.757995,0.75737,0.757735
2021-06-23 18:00:00+00:00,audusd,0.75735,0.75794,0.757185,0.7579
2021-06-23 19:00:00+00:00,audusd,0.75721,0.75755,0.75668,0.757345
2021-06-23 20:00:00+00:00,audusd,0.75749,0.75775,0.7571,0.7572
2021-06-23 21:00:00+00:00,audusd,0.75747,0.75767,0.75724,0.7575
2021-06-23 22:00:00+00:00,audusd,0.75759,0.758015,0.75744,0.757465
2021-06-23 23:00:00+00:00,audusd,0.75734,0.75773,0.75716,0.757585
2021-06-24 00:00:00+00:00,audusd,0.757535,0.75774,0.75703,0.757345
2021-06-24 01:00:00+00:00,audusd,0.75764,0.75785,0.75672,0.75753
2021-06-24 02:00:00+00:00,audusd,0.75749,0.75789,0.75738,0.757645
2021-06-24 03:00:00+00:00,audusd,0.757465,0.75774,0.757395,0.757495
2021-06-24 04:00:00+00:00,audusd,0.757495,0.75774,0.75734,0.75747
2021-06-24 05:00:00+00:00,audusd,0.756955,0.75774,0.756895,0.7575
2021-06-24 06:00:00+00:00,audusd,0.7581,0.75834,0.75657,0.75695
2021-06-24 07:00:00+00:00,audusd,0.757265,0.75865,0.75699,0.758105
2021-06-24 08:00:00+00:00,audusd,0.75748,0.75824,0.757205,0.75726
2021-06-24 09:00:00+00:00,audusd,0.75773,0.75779,0.75691,0.75747
2021-06-24 10:00:00+00:00,audusd,0.758095,0.75844,0.75755,0.757735
2021-06-24 11:00:00+00:00,audusd,0.75743,0.75821,0.75719,0.75809
2021-06-24 12:00:00+00:00,audusd,0.75864,0.75866,0.75737,0.75742
2021-06-24 13:00:00+00:00,audusd,0.758795,0.75897,0.758155,0.758645
2021-06-24 14:00:00+00:00,audusd,0.75879,0.75899,0.75791,0.7588
2021-06-24 15:00:00+00:00,audusd,0.75763,0.75917,0.75762,0.7588
2021-06-24 16:00:00+00:00,audusd,0.75766,0.758,0.7569,0.757625
2021-06-24 17:00:00+00:00,audusd,0.757955,0.758305,0.75722,0.757655
2021-06-24 18:00:00+00:00,audusd,0.75883,0.75889,0.7579,0.75796
2021-06-24 19:00:00+00:00,audusd,0.75852,0.75882,0.75811,0.75882
2021-06-24 20:00:00+00:00,audusd,0.75832,0.7589,0.75816,0.758525
2021-06-24 21:00:00+00:00,audusd,0.75835,0.75866,0.75831,0.75833
2021-06-24 22:00:00+00:00,audusd,0.75838,0.758785,0.75821,0.758355
2021-06-24 23:00:00+00:00,audusd,0.75818,0.75864,0.75809,0.758385
2021-06-25 00:00:00+00:00,audusd,0.75851,0.7591,0.75799,0.758185
2021-06-25 01:00:00+00:00,audusd,0.75893,0.75942,0.7585,0.758505
2021-06-25 02:00:00+00:00,audusd,0.75897,0.759475,0.758905,0.75894
2021-06-25 03:00:00+00:00,audusd,0.75929,0.75939,0.75878,0.75896
2021-06-25 04:00:00+00:00,audusd,0.75895,0.759395,0.75893,0.759285
2021-06-25 05:00:00+00:00,audusd,0.75949,0.759515,0.75895,0.75896
2021-06-25 06:00:00+00:00,audusd,0.75957,0.759865,0.75884,0.75948
2021-06-25 07:00:00+00:00,audusd,0.76014,0.760305,0.75904,0.759565
2021-06-25 08:00:00+00:00,audusd,0.75978,0.76027,0.7593,0.760135
2021-06-25 09:00:00+00:00,audusd,0.758985,0.75992,0.75887,0.759785
2021-06-25 10:00:00+00:00,audusd,0.75932,0.75942,0.75868,0.75899
2021-06-25 11:00:00+00:00,audusd,0.75931,0.75948,0.75883,0.75933
2021-06-25 12:00:00+00:00,audusd,0.76089,0.76118,0.75927,0.759305
2021-06-25 13:00:00+00:00,audusd,0.76142,0.7615,0.76037,0.760895
2021-06-25 14:00:00+00:00,audusd,0.76093,0.761675,0.760585,0.761415
2021-06-25 15:00:00+00:00,audusd,0.76022,0.76122,0.759865,0.760925
2021-06-25 16:00:00+00:00,audusd,0.76033,0.76074,0.759905,0.760215
2021-06-25 17:00:00+00:00,audusd,0.75996,0.76062,0.75962,0.760335
2021-06-25 18:00:00+00:00,audusd,0.75925,0.75999,0.75915,0.759965
2021-06-25 19:00:00+00:00,audusd,0.75856,0.75936,0.75824,0.759245
2021-06-25 20:00:00+00:00,audusd,0.75967,0.75986,0.75853,0.75857
2021-06-25 21:00:00+00:00,audusd,0.759285,0.75973,0.75905,0.75966
2021-06-27 21:00:00+00:00,audusd,0.7586,0.75971,0.757795,0.757795
2021-06-27 22:00:00+00:00,audusd,0.75858,0.7598,0.75796,0.758615
2021-06-27 23:00:00+00:00,audusd,0.75914,0.75914,0.75856,0.758585
2021-06-28 00:00:00+00:00,audusd,0.75895,0.75952,0.75865,0.75913
2021-06-28 01:00:00+00:00,audusd,0.758325,0.75951,0.75799,0.758945
2021-06-28 02:00:00+00:00,audusd,0.758485,0.75892,0.757705,0.75832
2021-06-28 03:00:00+00:00,audusd,0.758665,0.758865,0.75829,0.75849
2021-06-28 04:00:00+00:00,audusd,0.75894,0.759,0.75852,0.75867
2021-06-28 05:00:00+00:00,audusd,0.75916,0.75954,0.758895,0.75895
2021-06-28 06:00:00+00:00,audusd,0.75977,0.759785,0.75872,0.759155
2021-06-28 07:00:00+00:00,audusd,0.7593,0.760185,0.75912,0.75976
2021-06-28 08:00:00+00:00,audusd,0.758185,0.75943,0.75771,0.759285
2021-06-28 09:00:00+00:00,audusd,0.75813,0.75878,0.75789,0.75818
2021-06-28 10:00:00+00:00,audusd,0.75825,0.75901,0.75808,0.758125
2021-06-28 11:00:00+00:00,audusd,0.75636,0.75868,0.75633,0.75826
2021-06-28 12:00:00+00:00,audusd,0.75614,0.75663,0.75571,0.756355
2021-06-28 13:00:00+00:00,audusd,0.756645,0.75672,0.75587,0.756135
2021-06-28 14:00:00+00:00,audusd,0.75671,0.75681,0.75548,0.75664
2021-06-28 15:00:00+00:00,audusd,0.75706,0.75729,0.75643,0.75672
2021-06-28 16:00:00+00:00,audusd,0.757725,0.75798,0.75691,0.757065
2021-06-28 17:00:00+00:00,audusd,0.756875,0.75773,0.75678,0.75772
2021-06-28 18:00:00+00:00,audusd,0.7567,0.7569,0.75609,0.75687
2021-06-28 19:00:00+00:00,audusd,0.75656,0.75685,0.75628,0.756695
2021-06-28 20:00:00+00:00,audusd,0.75672,0.75673,0.75645,0.756555
2021-06-28 21:00:00+00:00,audusd,0.75689,0.75691,0.75663,0.756675
2021-06-28 22:00:00+00:00,audusd,0.7565,0.7569,0.75644,0.7569
2021-06-28 23:00:00+00:00,audusd,0.75684,0.75691,0.75644,0.756495
2021-06-29 00:00:00+00:00,audusd,0.756055,0.75708,0.75573,0.756845
2021-06-29 01:00:00+00:00,audusd,0.75597,0.75667,0.75582,0.75606
2021-06-29 02:00:00+00:00,audusd,0.75567,0.756,0.75517,0.755965
2021-06-29 03:00:00+00:00,audusd,0.75551,0.755695,0.75496,0.75566
2021-06-29 04:00:00+00:00,audusd,0.75518,0.75583,0.75512,0.755525
2021-06-29 05:00:00+00:00,audusd,0.75643,0.75648,0.75495,0.755185
2021-06-29 06:00:00+00:00,audusd,0.75575,0.756485,0.75557,0.756435
2021-06-29 07:00:00+00:00,audusd,0.75473,0.755945,0.75456,0.755745
2021-06-29 08:00:00+00:00,audusd,0.75296,0.75483,0.752735,0.75472
2021-06-29 09:00:00+00:00,audusd,0.75328,0.75391,0.75267,0.752965
2021-06-29 10:00:00+00:00,audusd,0.75318,0.75378,0.75221,0.75329
2021-06-29 11:00:00+00:00,audusd,0.75164,0.753185,0.75137,0.753185
2021-06-29 12:00:00+00:00,audusd,0.7513,0.752065,0.750765,0.75165
2021-06-29 13:00:00+00:00,audusd,0.75181,0.75269,0.75114,0.75129
2021-06-29 14:00:00+00:00,audusd,0.75163,0.752225,0.751055,0.751725
2021-06-29 15:00:00+00:00,audusd,0.75169,0.75211,0.7513,0.751625
2021-06-29 16:00:00+00:00,audusd,0.7515,0.75186,0.75109,0.751685
2021-06-29 17:00:00+00:00,audusd,0.75126,0.75149,0.75099,0.75149
2021-06-29 18:00:00+00:00,audusd,0.75148,0.75181,0.7512,0.751265
2021-06-29 19:00:00+00:00,audusd,0.7512,0.75149,0.75086,0.751475
2021-06-29 20:00:00+00:00,audusd,0.75121,0.7515,0.75105,0.75121
2021-06-29 21:00:00+00:00,audusd,0.75154,0.751685,0.7511,0.75127
2021-06-29 22:00:00+00:00,audusd,0.751215,0.751535,0.75086,0.751535
2021-06-29 23:00:00+00:00,audusd,0.75136,0.75147,0.75102,0.75121
2021-06-30 00:00:00+00:00,audusd,0.75157,0.75203,0.751265,0.751365
2021-06-30 01:00:00+00:00,audusd,0.75177,0.75203,0.75112,0.75156
2021-06-30 02:00:00+00:00,audusd,0.75228,0.752435,0.75148,0.751765
2021-06-30 03:00:00+00:00,audusd,0.75233,0.7524,0.75171,0.75227
2021-06-30 04:00:00+00:00,audusd,0.752215,0.75273,0.75174,0.752325
2021-06-30 05:00:00+00:00,audusd,0.75166,0.75255,0.75166,0.75221
2021-06-30 06:00:00+00:00,audusd,0.75242,0.75264,0.751525,0.751655
2021-06-30 07:00:00+00:00,audusd,0.75173,0.75243,0.75143,0.75241
2021-06-30 08:00:00+00:00,audusd,0.74993,0.75178,0.74967,0.751725
2021-06-30 09:00:00+00:00,audusd,0.75026,0.75066,0.74977,0.74992
2021-06-30 10:00:00+00:00,audusd,0.750415,0.75063,0.74987,0.750265
2021-06-30 11:00:00+00:00,audusd,0.75056,0.75106,0.75012,0.75042
2021-06-30 12:00:00+00:00,audusd,0.750135,0.750645,0.749335,0.750565
2021-06-30 13:00:00+00:00,audusd,0.75031,0.75095,0.74951,0.75013
2021-06-30 14:00:00+00:00,audusd,0.750875,0.75131,0.74958,0.750315
2021-06-30 15:00:00+00:00,audusd,0.74958,0.75097,0.74921,0.75088
2021-06-30 16:00:00+00:00,audusd,0.749655,0.75026,0.74944,0.749585
2021-06-30 17:00:00+00:00,audusd,0.74976,0.75028,0.74965,0.74966
2021-06-30 18:00:00+00:00,audusd,0.74957,0.74983,0.74944,0.749765
2021-06-30 19:00:00+00:00,audusd,0.749845,0.750465,0.74952,0.749565
2021-06-30 20:00:00+00:00,audusd,0.74987,0.75014,0.74952,0.74985
2021-06-30 21:00:00+00:00,audusd,0.75003,0.75008,0.74964,0.74976
2021-06-30 22:00:00+00:00,audusd,0.749895,0.75016,0.74986,0.75004
2021-06-30 23:00:00+00:00,audusd,0.749745,0.75012,0.7497,0.7499
2021-07-01 00:00:00+00:00,audusd,0.74858,0.74976,0.7485,0.74974
2021-07-01 01:00:00+00:00,audusd,0.748975,0.74904,0.748525,0.748585
2021-07-01 02:00:00+00:00,audusd,0.74913,0.74924,0.74872,0.74897
2021-07-01 03:00:00+00:00,audusd,0.74915,0.749245,0.74873,0.749125
2021-07-01 04:00:00+00:00,audusd,0.748905,0.74931,0.74884,0.749155
2021-07-01 05:00:00+00:00,audusd,0.74828,0.748965,0.748165,0.7489
2021-07-01 06:00:00+00:00,audusd,0.74854,0.74867,0.74762,0.748285
2021-07-01 07:00:00+00:00,audusd,0.74945,0.75041,0.74827,0.74853
2021-07-01 08:00:00+00:00,audusd,0.74866,0.74971,0.74853,0.749455
2021-07-01 09:00:00+00:00,audusd,0.74886,0.74933,0.7483,0.748655
2021-07-01 10:00:00+00:00,audusd,0.74892,0.74897,0.74782,0.74885
2021-07-01 11:00:00+00:00,audusd,0.75023,0.75025,0.74883,0.748915
2021-07-01 12:00:00+00:00,audusd,0.75044,0.7507,0.74977,0.75024
2021-07-01 13:00:00+00:00,audusd,0.75006,0.7508,0.74942,0.750445
2021-07-01 14:00:00+00:00,audusd,0.747945,0.75039,0.74743,0.7501
2021-07-01 15:00:00+00:00,audusd,0.74715,0.74812,0.74624,0.74799
2021-07-01 16:00:00+00:00,audusd,0.746855,0.74761,0.746745,0.747145
2021-07-01 17:00:00+00:00,audusd,0.74631,0.74739,0.74628,0.74685
2021-07-01 18:00:00+00:00,audusd,0.74606,0.74671,0.74605,0.74632
2021-07-01 19:00:00+00:00,audusd,0.74666,0.74671,0.74605,0.74605
2021-07-01 20:00:00+00:00,audusd,0.74702,0.747225,0.74638,0.746665
2021-07-01 21:00:00+00:00,audusd,0.746895,0.74714,0.74668,0.74682
2021-07-01 22:00:00+00:00,audusd,0.746835,0.74702,0.74645,0.7469
2021-07-01 23:00:00+00:00,audusd,0.746555,0.74687,0.74632,0.74683
2021-07-02 00:00:00+00:00,audusd,0.74631,0.74693,0.746305,0.74655
2021-07-02 01:00:00+00:00,audusd,0.746235,0.74683,0.74607,0.746305
2021-07-02 02:00:00+00:00,audusd,0.74632,0.74648,0.74605,0.74623
2021-07-02 03:00:00+00:00,audusd,0.74636,0.74648,0.746235,0.746315
2021-07-02 04:00:00+00:00,audusd,0.74667,0.746885,0.74634,0.746355
2021-07-02 05:00:00+00:00,audusd,0.74664,0.74709,0.74654,0.746665
2021-07-02 06:00:00+00:00,audusd,0.74621,0.74689,0.74594,0.746635
2021-07-02 07:00:00+00:00,audusd,0.74526,0.74625,0.745045,0.746205
2021-07-02 08:00:00+00:00,audusd,0.74528,0.7464,0.7451,0.74528
2021-07-02 09:00:00+00:00,audusd,0.745,0.745625,0.74491,0.745275
2021-07-02 10:00:00+00:00,audusd,0.74634,0.74663,0.74492,0.744995
2021-07-02 11:00:00+00:00,audusd,0.74642,0.74678,0.7462,0.746335
2021-07-02 12:00:00+00:00,audusd,0.74893,0.74919,0.74449,0.746415
2021-07-02 13:00:00+00:00,audusd,0.74913,0.74963,0.747975,0.74896
2021-07-02 14:00:00+00:00,audusd,0.74918,0.74976,0.748255,0.74914
2021-07-02 15:00:00+00:00,audusd,0.749755,0.75009,0.74882,0.749175
2021-07-02 16:00:00+00:00,audusd,0.75007,0.750125,0.74931,0.74975
2021-07-02 17:00:00+00:00,audusd,0.75257,0.75266,0.749775,0.75006
2021-07-02 18:00:00+00:00,audusd,0.753,0.75332,0.75256,0.752565
2021-07-02 19:00:00+00:00,audusd,0.75285,0.753,0.7526,0.752995
2021-07-02 20:00:00+00:00,audusd,0.75259,0.75306,0.75246,0.75286
2021-07-05 03:00:00+00:00,audusd,0.75122,0.75198,0.75116,0.751575
2021-07-05 04:00:00+00:00,audusd,0.75169,0.75177,0.7509,0.75123
2021-07-05 05:00:00+00:00,audusd,0.75123,0.752075,0.751075,0.751695
2021-07-05 06:00:00+00:00,audusd,0.75258,0.75271,0.75102,0.75124
2021-07-05 07:00:00+00:00,audusd,0.75298,0.753175,0.75165,0.752575
2021-07-05 08:00:00+00:00,audusd,0.7532,0.75367,0.75276,0.752985
2021-07-05 09:00:00+00:00,audusd,0.75337,0.75374,0.752995,0.753195
2021-07-05 10:00:00+00:00,audusd,0.75326,0.75361,0.75265,0.753375
2021-07-05 11:00:00+00:00,audusd,0.75308,0.75372,0.75294,0.753255
2021-07-05 12:00:00+00:00,audusd,0.75265,0.753235,0.75247,0.753085
2021-07-05 13:00:00+00:00,audusd,0.752625,0.75293,0.7523,0.752645
2021-07-05 14:00:00+00:00,audusd,0.753015,0.75306,0.75176,0.75263
2021-07-05 15:00:00+00:00,audusd,0.75322,0.753325,0.75292,0.75302
2021-07-05 16:00:00+00:00,audusd,0.75336,0.75343,0.7531,0.75321
2021-07-05 17:00:00+00:00,audusd,0.75305,0.75337,0.752905,0.75335
2021-07-05 18:00:00+00:00,audusd,0.7532,0.75352,0.75284,0.75304
2021-07-05 19:00:00+00:00,audusd,0.75329,0.753385,0.7531,0.75319
2021-07-05 20:00:00+00:00,audusd,0.75301,0.75329,0.75285,0.753285
2021-07-05 21:00:00+00:00,audusd,0.75301,0.75333,0.75298,0.75312
2021-07-05 22:00:00+00:00,audusd,0.75455,0.75478,0.753,0.753
2021-07-05 23:00:00+00:00,audusd,0.75407,0.75464,0.75394,0.754545
2021-07-06 00:00:00+00:00,audusd,0.75422,0.75488,0.75378,0.75405
2021-07-06 01:00:00+00:00,audusd,0.75514,0.75518,0.75392,0.75423
2021-07-06 02:00:00+00:00,audusd,0.75592,0.75603,0.75507,0.755135
2021-07-06 03:00:00+00:00,audusd,0.756805,0.75693,0.75571,0.75591
2021-07-06 04:00:00+00:00,audusd,0.75601,0.75718,0.754405,0.7568
2021-07-06 05:00:00+00:00,audusd,0.75772,0.75772,0.755995,0.75602
2021-07-06 06:00:00+00:00,audusd,0.7591,0.75991,0.75738,0.757725
2021-07-06 07:00:00+00:00,audusd,0.75801,0.7591,0.75772,0.759095
2021-07-06 08:00:00+00:00,audusd,0.75796,0.75817,0.75704,0.758
2021-07-06 09:00:00+00:00,audusd,0.75781,0.75814,0.75674,0.75795
2021-07-06 10:00:00+00:00,audusd,0.75746,0.75853,0.75743,0.757815
2021-07-06 11:00:00+00:00,audusd,0.75743,0.75808,0.75717,0.75745
2021-07-06 12:00:00+00:00,audusd,0.75661,0.758065,0.75642,0.757435
2021-07-06 13:00:00+00:00,audusd,0.75456,0.75672,0.75425,0.7566
2021-07-06 14:00:00+00:00,audusd,0.75011,0.75474,0.7491,0.75459
2021-07-06 15:00:00+00:00,audusd,0.7498,0.7508,0.74874,0.75013
2021-07-06 16:00:00+00:00,audusd,0.748665,0.749815,0.74809,0.749795
2021-07-06 17:00:00+00:00,audusd,0.74953,0.74958,0.74846,0.74867
2021-07-06 18:00:00+00:00,audusd,0.74969,0.74992,0.74906,0.74952
2021-07-06 19:00:00+00:00,audusd,0.74942,0.75009,0.74938,0.749685
2021-07-06 20:00:00+00:00,audusd,0.74947,0.749655,0.74926,0.749415
2021-07-06 21:00:00+00:00,audusd,0.74952,0.74957,0.74915,0.74925
2021-07-06 22:00:00+00:00,audusd,0.749365,0.74959,0.74893,0.749525
2021-07-06 23:00:00+00:00,audusd,0.74948,0.74978,0.74927,0.74936
2021-07-07 00:00:00+00:00,audusd,0.74934,0.74964,0.74832,0.74947
2021-07-07 01:00:00+00:00,audusd,0.74928,0.74953,0.74873,0.74933
2021-07-07 02:00:00+00:00,audusd,0.74869,0.74939,0.748375,0.749275
2021-07-07 03:00:00+00:00,audusd,0.74918,0.7494,0.74846,0.748695
2021-07-07 04:00:00+00:00,audusd,0.74953,0.74985,0.74913,0.749185
2021-07-07 05:00:00+00:00,audusd,0.75052,0.750675,0.74948,0.749525
2021-07-07 06:00:00+00:00,audusd,0.75073,0.7509,0.74974,0.750515
2021-07-07 07:00:00+00:00,audusd,0.750955,0.75129,0.74973,0.750725
2021-07-07 08:00:00+00:00,audusd,0.750575,0.75159,0.74993,0.75095
2021-07-07 09:00:00+00:00,audusd,0.75172,0.75178,0.7505,0.75057
2021-07-07 10:00:00+00:00,audusd,0.75166,0.7518,0.75098,0.75173
2021-07-07 11:00:00+00:00,audusd,0.75239,0.75264,0.75095,0.751655
2021-07-07 12:00:00+00:00,audusd,0.75081,0.7534,0.750725,0.752385
2021-07-07 13:00:00+00:00,audusd,0.75073,0.75178,0.75032,0.750805
2021-07-07 14:00:00+00:00,audusd,0.74751,0.75084,0.74635,0.750735
2021-07-07 15:00:00+00:00,audusd,0.74845,0.74873,0.74751,0.747535
2021-07-07 16:00:00+00:00,audusd,0.748775,0.74882,0.74822,0.748445
2021-07-07 17:00:00+00:00,audusd,0.74855,0.74879,0.74825,0.74877
2021-07-07 18:00:00+00:00,audusd,0.748665,0.75067,0.74809,0.74854
2021-07-07 19:00:00+00:00,audusd,0.74834,0.74879,0.74783,0.74866
2021-07-07 20:00:00+00:00,audusd,0.74848,0.74857,0.74798,0.74833
2021-07-07 21:00:00+00:00,audusd,0.74834,0.74911,0.74817,0.74869
2021-07-07 22:00:00+00:00,audusd,0.74877,0.74889,0.74832,0.74833
2021-07-07 23:00:00+00:00,audusd,0.74835,0.7488,0.74829,0.748775
2021-07-08 00:00:00+00:00,audusd,0.74688,0.74841,0.74664,0.74835
2021-07-08 01:00:00+00:00,audusd,0.74562,0.74699,0.74562,0.74689
2021-07-08 02:00:00+00:00,audusd,0.7464,0.74643,0.74549,0.74563
2021-07-08 03:00:00+00:00,audusd,0.74644,0.74668,0.74592,0.746405
2021-07-08 04:00:00+00:00,audusd,0.74652,0.74683,0.746275,0.746415
2021-07-08 05:00:00+00:00,audusd,0.74615,0.74651,0.74547,0.74651
2021-07-08 06:00:00+00:00,audusd,0.74394,0.74625,0.743625,0.74614
2021-07-08 07:00:00+00:00,audusd,0.74396,0.744415,0.74255,0.743945
2021-07-08 08:00:00+00:00,audusd,0.74377,0.743955,0.74259,0.743955
2021-07-08 09:00:00+00:00,audusd,0.7438,0.74443,0.74287,0.743775
2021-07-08 10:00:00+00:00,audusd,0.74337,0.74362,0.74182,0.743615
2021-07-08 11:00:00+00:00,audusd,0.74229,0.74366,0.74228,0.74336
2021-07-08 12:00:00+00:00,audusd,0.74276,0.74353,0.74166,0.7423
2021-07-08 13:00:00+00:00,audusd,0.74408,0.74507,0.74275,0.74275
2021-07-08 14:00:00+00:00,audusd,0.74244,0.744715,0.742265,0.744085
2021-07-08 15:00:00+00:00,audusd,0.74371,0.743985,0.74245,0.74247
2021-07-08 16:00:00+00:00,audusd,0.74425,0.74436,0.74365,0.743705
2021-07-08 17:00:00+00:00,audusd,0.74361,0.74435,0.74353,0.74424
2021-07-08 18:00:00+00:00,audusd,0.74245,0.74365,0.7424,0.743605
2021-07-08 19:00:00+00:00,audusd,0.74298,0.74298,0.74206,0.742455
2021-07-08 20:00:00+00:00,audusd,0.74299,0.74321,0.74269,0.742985
2021-07-08 21:00:00+00:00,audusd,0.74297,0.7434,0.742675,0.74279
2021-07-08 22:00:00+00:00,audusd,0.74295,0.74336,0.74287,0.74302
2021-07-08 23:00:00+00:00,audusd,0.7433,0.74376,0.74266,0.742955
2021-07-09 00:00:00+00:00,audusd,0.74237,0.74393,0.74227,0.743305
2021-07-09 01:00:00+00:00,audusd,0.74121,0.74248,0.74099,0.742365
2021-07-09 02:00:00+00:00,audusd,0.74172,0.74197,0.74107,0.741215
2021-07-09 03:00:00+00:00,audusd,0.74234,0.74236,0.741555,0.74173
2021-07-09 04:00:00+00:00,audusd,0.74202,0.74243,0.74157,0.742345
2021-07-09 05:00:00+00:00,audusd,0.74285,0.743045,0.742025,0.742025
2021-07-09 06:00:00+00:00,audusd,0.741975,0.74287,0.74174,0.742845
2021-07-09 07:00:00+00:00,audusd,0.74397,0.74442,0.74182,0.74197
2021-07-09 08:00:00+00:00,audusd,0.7439,0.74488,0.743725,0.74398
2021-07-09 09:00:00+00:00,audusd,0.74589,0.74592,0.74371,0.743895
2021-07-09 10:00:00+00:00,audusd,0.74587,0.74641,0.74568,0.74588
2021-07-09 11:00:00+00:00,audusd,0.746575,0.74718,0.74585,0.74588
2021-07-09 12:00:00+00:00,audusd,0.74754,0.7478,0.74658,0.74658
2021-07-09 13:00:00+00:00,audusd,0.74723,0.74763,0.746615,0.747535
2021-07-09 14:00:00+00:00,audusd,0.748135,0.7488,0.747225,0.747225
2021-07-09 15:00:00+00:00,audusd,0.74786,0.748585,0.74757,0.74813
2021-07-09 16:00:00+00:00,audusd,0.74842,0.748445,0.74786,0.747865
2021-07-09 17:00:00+00:00,audusd,0.74858,0.74868,0.74833,0.74841
2021-07-09 18:00:00+00:00,audusd,0.74906,0.74913,0.74851,0.74857
2021-07-09 19:00:00+00:00,audusd,0.7493,0.7493,0.74892,0.74905
2021-07-09 20:00:00+00:00,audusd,0.748695,0.74941,0.74864,0.74931
2021-07-11 21:00:00+00:00,audusd,0.74875,0.749175,0.74804,0.74813
2021-07-11 22:00:00+00:00,audusd,0.74891,0.74932,0.74873,0.74876
2021-07-11 23:00:00+00:00,audusd,0.74898,0.749155,0.748585,0.74892
2021-07-12 00:00:00+00:00,audusd,0.748075,0.74901,0.74762,0.74896
2021-07-12 01:00:00+00:00,audusd,0.747195,0.748555,0.747005,0.74807
2021-07-12 02:00:00+00:00,audusd,0.74772,0.748095,0.74719,0.7472
2021-07-12 03:00:00+00:00,audusd,0.74714,0.74803,0.7469,0.74771
2021-07-12 04:00:00+00:00,audusd,0.74752,0.74756,0.74684,0.747145
2021-07-12 05:00:00+00:00,audusd,0.74736,0.7477,0.74693,0.747515
2021-07-12 06:00:00+00:00,audusd,0.74676,0.74762,0.74649,0.747365
2021-07-12 07:00:00+00:00,audusd,0.746755,0.74737,0.74613,0.74675
2021-07-12 08:00:00+00:00,audusd,0.74705,0.747615,0.746665,0.74676
2021-07-12 09:00:00+00:00,audusd,0.74608,0.7474,0.745905,0.74704
2021-07-12 10:00:00+00:00,audusd,0.745145,0.74651,0.74486,0.746085
2021-07-12 11:00:00+00:00,audusd,0.745295,0.7458,0.74506,0.74514
2021-07-12 12:00:00+00:00,audusd,0.7464,0.746915,0.74529,0.74529
2021-07-12 13:00:00+00:00,audusd,0.74768,0.747785,0.74605,0.746405
2021-07-12 14:00:00+00:00,audusd,0.74911,0.7496,0.74724,0.747685
2021-07-12 15:00:00+00:00,audusd,0.748995,0.7492,0.74852,0.74912
2021-07-12 16:00:00+00:00,audusd,0.748765,0.74901,0.74859,0.74899
2021-07-12 17:00:00+00:00,audusd,0.74719,0.74908,0.74713,0.74876
2021-07-12 18:00:00+00:00,audusd,0.74742,0.74759,0.74707,0.7472
2021-07-12 19:00:00+00:00,audusd,0.748145,0.74815,0.74739,0.747425
2021-07-12 20:00:00+00:00,audusd,0.74797,0.748225,0.74776,0.74814
2021-07-12 21:00:00+00:00,audusd,0.748125,0.74844,0.74776,0.7481
2021-07-12 22:00:00+00:00,audusd,0.74775,0.74826,0.747675,0.74813
2021-07-12 23:00:00+00:00,audusd,0.74778,0.74815,0.74762,0.747755
2021-07-13 00:00:00+00:00,audusd,0.74895,0.74907,0.747775,0.74779
2021-07-13 01:00:00+00:00,audusd,0.74932,0.74942,0.74814,0.748955
2021-07-13 02:00:00+00:00,audusd,0.75005,0.75014,0.74879,0.74933
2021-07-13 03:00:00+00:00,audusd,0.7495,0.7503,0.74943,0.750055
2021-07-13 04:00:00+00:00,audusd,0.74911,0.74959,0.74897,0.749505
2021-07-13 05:00:00+00:00,audusd,0.748555,0.74964,0.74854,0.74912
2021-07-13 06:00:00+00:00,audusd,0.74904,0.7493,0.74848,0.74855
2021-07-13 07:00:00+00:00,audusd,0.748545,0.74945,0.74852,0.749035
2021-07-13 08:00:00+00:00,audusd,0.74856,0.74879,0.747645,0.74855
2021-07-13 09:00:00+00:00,audusd,0.747955,0.748555,0.74776,0.748555
2021-07-13 10:00:00+00:00,audusd,0.7484,0.74855,0.74773,0.74796
2021-07-13 11:00:00+00:00,audusd,0.74794,0.74841,0.74721,0.748395
2021-07-13 12:00:00+00:00,audusd,0.742985,0.74812,0.74281,0.747935
2021-07-13 13:00:00+00:00,audusd,0.746015,0.74696,0.74278,0.74297
2021-07-13 14:00:00+00:00,audusd,0.746805,0.74684,0.745025,0.746015
2021-07-13 15:00:00+00:00,audusd,0.74718,0.7477,0.74582,0.7468
2021-07-13 16:00:00+00:00,audusd,0.74653,0.74744,0.74634,0.747185
2021-07-13 17:00:00+00:00,audusd,0.744855,0.74653,0.74469,0.746525
2021-07-13 18:00:00+00:00,audusd,0.74458,0.74515,0.7443,0.74485
2021-07-13 19:00:00+00:00,audusd,0.74441,0.74474,0.74423,0.744585
2021-07-13 20:00:00+00:00,audusd,0.74466,0.74472,0.74435,0.7444
2021-07-13 21:00:00+00:00,audusd,0.74457,0.74515,0.74441,0.74488
2021-07-13 22:00:00+00:00,audusd,0.744465,0.74473,0.74445,0.744565
2021-07-13 23:00:00+00:00,audusd,0.743975,0.744475,0.74395,0.74447
2021-07-14 00:00:00+00:00,audusd,0.745155,0.74521,0.74364,0.74397
2021-07-14 01:00:00+00:00,audusd,0.74533,0.74545,0.74478,0.74516
2021-07-14 02:00:00+00:00,audusd,0.74645,0.7467,0.74529,0.745335
2021-07-14 03:00:00+00:00,audusd,0.74593,0.7465,0.74588,0.74644
2021-07-14 04:00:00+00:00,audusd,0.74545,0.74593,0.74531,0.745925
2021-07-14 05:00:00+00:00,audusd,0.74598,0.7462,0.74534,0.745445
2021-07-14 06:00:00+00:00,audusd,0.74629,0.74718,0.745705,0.745975
2021-07-14 07:00:00+00:00,audusd,0.74508,0.74672,0.74508,0.746285
2021-07-14 08:00:00+00:00,audusd,0.74394,0.74538,0.743905,0.74509
2021-07-14 09:00:00+00:00,audusd,0.74454,0.74459,0.74313,0.74393
2021-07-14 10:00:00+00:00,audusd,0.74538,0.7455,0.74453,0.744545
2021-07-14 11:00:00+00:00,audusd,0.74613,0.746145,0.745205,0.74537
2021-07-14 12:00:00+00:00,audusd,0.7484,0.74845,0.74606,0.746135
2021-07-14 13:00:00+00:00,audusd,0.74782,0.748595,0.74769,0.74845
2021-07-14 14:00:00+00:00,audusd,0.747545,0.74834,0.746795,0.747825
2021-07-14 15:00:00+00:00,audusd,0.74685,0.747995,0.746515,0.74753
2021-07-14 16:00:00+00:00,audusd,0.74773,0.74795,0.7468,0.74686
2021-07-14 17:00:00+00:00,audusd,0.74764,0.74816,0.74738,0.747735
2021-07-14 18:00:00+00:00,audusd,0.747735,0.7486,0.7475,0.747645
2021-07-14 19:00:00+00:00,audusd,0.74796,0.74801,0.74744,0.74774
2021-07-14 20:00:00+00:00,audusd,0.74806,0.7484,0.74787,0.747955
2021-07-14 21:00:00+00:00,audusd,0.748255,0.74847,0.74798,0.74828
2021-07-14 22:00:00+00:00,audusd,0.74816,0.74875,0.748025,0.748265
2021-07-14 23:00:00+00:00,audusd,0.74808,0.74853,0.747975,0.74817
2021-07-15 00:00:00+00:00,audusd,0.74736,0.74829,0.74697,0.74807
2021-07-15 01:00:00+00:00,audusd,0.746395,0.74776,0.746325,0.74737
2021-07-15 02:00:00+00:00,audusd,0.74538,0.74678,0.74533,0.7464
2021-07-15 03:00:00+00:00,audusd,0.74624,0.74638,0.745375,0.74539
2021-07-15 04:00:00+00:00,audusd,0.74611,0.74623,0.74581,0.74622
2021-07-15 05:00:00+00:00,audusd,0.74758,0.74767,0.74609,0.746115
2021-07-15 06:00:00+00:00,audusd,0.747545,0.74849,0.74737,0.747585
2021-07-15 07:00:00+00:00,audusd,0.7469,0.74806,0.74637,0.74755
2021-07-15 08:00:00+00:00,audusd,0.74721,0.74807,0.74656,0.746895
2021-07-15 09:00:00+00:00,audusd,0.74687,0.74751,0.74614,0.7472
2021-07-15 10:00:00+00:00,audusd,0.745965,0.74706,0.7459,0.746865
2021-07-15 11:00:00+00:00,audusd,0.74482,0.74621,0.744515,0.74597
2021-07-15 12:00:00+00:00,audusd,0.74363,0.74491,0.74343,0.744825
2021-07-15 13:00:00+00:00,audusd,0.74427,0.74449,0.74342,0.743625
2021-07-15 14:00:00+00:00,audusd,0.743725,0.74496,0.74336,0.744265
2021-07-15 15:00:00+00:00,audusd,0.74348,0.74435,0.743375,0.74373
2021-07-15 16:00:00+00:00,audusd,0.74245,0.74367,0.74228,0.74349
2021-07-15 17:00:00+00:00,audusd,0.74132,0.742465,0.74107,0.742445
2021-07-15 18:00:00+00:00,audusd,0.74172,0.74198,0.74118,0.74131
2021-07-15 19:00:00+00:00,audusd,0.74219,0.74225,0.74168,0.741725
2021-07-15 20:00:00+00:00,audusd,0.742325,0.74257,0.74188,0.74218
2021-07-15 21:00:00+00:00,audusd,0.74241,0.74295,0.74202,0.74239
2021-07-15 22:00:00+00:00,audusd,0.74298,0.743855,0.74226,0.7424
2021-07-15 23:00:00+00:00,audusd,0.74229,0.74304,0.74195,0.742975
2021-07-16 00:00:00+00:00,audusd,0.7426,0.74296,0.74221,0.742295
2021-07-16 01:00:00+00:00,audusd,0.74155,0.74276,0.74148,0.742605
2021-07-16 02:00:00+00:00,audusd,0.742955,0.742955,0.74155,0.741555
2021-07-16 03:00:00+00:00,audusd,0.74375,0.743885,0.74295,0.74296
2021-07-16 04:00:00+00:00,audusd,0.74368,0.74404,0.74354,0.743755
2021-07-16 05:00:00+00:00,audusd,0.74393,0.743945,0.743235,0.74369
2021-07-16 06:00:00+00:00,audusd,0.743335,0.74392,0.74302,0.74392
2021-07-16 07:00:00+00:00,audusd,0.74283,0.74351,0.742255,0.74333
2021-07-16 08:00:00+00:00,audusd,0.74423,0.74429,0.74237,0.742825
2021-07-16 09:00:00+00:00,audusd,0.743855,0.74426,0.74358,0.744225
2021-07-16 10:00:00+00:00,audusd,0.74239,0.74386,0.74201,0.74386
2021-07-16 11:00:00+00:00,audusd,0.7417,0.7425,0.74158,0.74238
2021-07-16 12:00:00+00:00,audusd,0.741725,0.742155,0.74079,0.74171
2021-07-16 13:00:00+00:00,audusd,0.74127,0.74237,0.74023,0.74173
2021-07-16 14:00:00+00:00,audusd,0.74076,0.74148,0.73992,0.741275
2021-07-16 15:00:00+00:00,audusd,0.74093,0.74127,0.740175,0.74077
2021-07-16 16:00:00+00:00,audusd,0.74152,0.74162,0.74089,0.740935
2021-07-16 17:00:00+00:00,audusd,0.74087,0.741635,0.74079,0.741525
2021-07-16 18:00:00+00:00,audusd,0.74004,0.740865,0.73997,0.740865
2021-07-16 19:00:00+00:00,audusd,0.739575,0.740115,0.73923,0.74005
2021-07-16 20:00:00+00:00,audusd,0.73949,0.74015,0.73927,0.73958
2021-07-18 21:00:00+00:00,audusd,0.74013,0.74127,0.73994,0.74032
2021-07-18 22:00:00+00:00,audusd,0.73923,0.74011,0.73921,0.74011
2021-07-18 23:00:00+00:00,audusd,0.738825,0.73956,0.73854,0.739215
2021-07-19 00:00:00+00:00,audusd,0.73783,0.73889,0.73728,0.73883
2021-07-19 01:00:00+00:00,audusd,0.73799,0.73845,0.737595,0.737825
2021-07-19 02:00:00+00:00,audusd,0.73769,0.73819,0.73752,0.737985
2021-07-19 03:00:00+00:00,audusd,0.73868,0.73869,0.737625,0.737685
2021-07-19 04:00:00+00:00,audusd,0.73853,0.73893,0.73816,0.73869
2021-07-19 05:00:00+00:00,audusd,0.73809,0.73894,0.73798,0.738535
2021-07-19 06:00:00+00:00,audusd,0.73793,0.73856,0.737885,0.738085
2021-07-19 07:00:00+00:00,audusd,0.736755,0.73809,0.73629,0.737935
2021-07-19 08:00:00+00:00,audusd,0.7357,0.73759,0.73519,0.73676
2021-07-19 09:00:00+00:00,audusd,0.73661,0.736815,0.735025,0.735695
2021-07-19 10:00:00+00:00,audusd,0.735355,0.73683,0.73497,0.736605
2021-07-19 11:00:00+00:00,audusd,0.73458,0.735445,0.733925,0.73536
2021-07-19 12:00:00+00:00,audusd,0.73483,0.73504,0.73284,0.734575
2021-07-19 13:00:00+00:00,audusd,0.73478,0.73681,0.73448,0.734835
2021-07-19 14:00:00+00:00,audusd,0.73338,0.73478,0.732845,0.73477
2021-07-19 15:00:00+00:00,audusd,0.73437,0.73451,0.73307,0.733385
2021-07-19 16:00:00+00:00,audusd,0.733045,0.73437,0.73267,0.734365
2021-07-19 17:00:00+00:00,audusd,0.73277,0.73341,0.73271,0.73305
2021-07-19 18:00:00+00:00,audusd,0.73284,0.73369,0.73271,0.732775
2021-07-19 19:00:00+00:00,audusd,0.73372,0.73372,0.732205,0.732845
2021-07-19 20:00:00+00:00,audusd,0.73445,0.73475,0.73342,0.73373
2021-07-19 21:00:00+00:00,audusd,0.73438,0.73457,0.7337,0.73424
2021-07-19 22:00:00+00:00,audusd,0.733825,0.73475,0.73361,0.7344
2021-07-19 23:00:00+00:00,audusd,0.73372,0.734215,0.73367,0.73382
2021-07-20 00:00:00+00:00,audusd,0.73391,0.73478,0.73368,0.733725
2021-07-20 01:00:00+00:00,audusd,0.734595,0.73465,0.73301,0.733905
2021-07-20 02:00:00+00:00,audusd,0.734,0.73573,0.734,0.7346
2021-07-20 03:00:00+00:00,audusd,0.732405,0.73407,0.7322,0.734005
2021-07-20 04:00:00+00:00,audusd,0.73244,0.732945,0.73172,0.73241
2021-07-20 05:00:00+00:00,audusd,0.7323,0.732945,0.731715,0.73245
2021-07-20 06:00:00+00:00,audusd,0.731815,0.73258,0.73108,0.73228
2021-07-20 07:00:00+00:00,audusd,0.73154,0.733385,0.73137,0.73181
2021-07-20 08:00:00+00:00,audusd,0.73271,0.733,0.73138,0.731535
2021-07-20 09:00:00+00:00,audusd,0.73251,0.7335,0.73224,0.7327
2021-07-20 10:00:00+00:00,audusd,0.73194,0.733095,0.731905,0.732515
2021-07-20 11:00:00+00:00,audusd,0.73304,0.73325,0.73154,0.731945
2021-07-20 12:00:00+00:00,audusd,0.73183,0.73312,0.73134,0.733035
2021-07-20 13:00:00+00:00,audusd,0.73261,0.73282,0.72999,0.731825
2021-07-20 14:00:00+00:00,audusd,0.73188,0.7333,0.73161,0.732605
2021-07-20 15:00:00+00:00,audusd,0.73249,0.73251,0.731235,0.73187
2021-07-20 16:00:00+00:00,audusd,0.73289,0.73292,0.73232,0.732495
2021-07-20 17:00:00+00:00,audusd,0.73252,0.73295,0.73222,0.7329
2021-07-20 18:00:00+00:00,audusd,0.73302,0.73325,0.73252,0.732525
2021-07-20 19:00:00+00:00,audusd,0.73308,0.73356,0.73297,0.733025
2021-07-20 20:00:00+00:00,audusd,0.73288,0.73334,0.732785,0.733075
2021-07-20 21:00:00+00:00,audusd,0.73299,0.73319,0.73294,0.73308
2021-07-20 22:00:00+00:00,audusd,0.73326,0.7334,0.73285,0.73301
2021-07-20 23:00:00+00:00,audusd,0.733865,0.73391,0.73299,0.73327
2021-07-21 00:00:00+00:00,audusd,0.73355,0.73406,0.7334,0.73387
2021-07-21 01:00:00+00:00,audusd,0.73206,0.73362,0.731745,0.73356
2021-07-21 02:00:00+00:00,audusd,0.730415,0.73206,0.73029,0.732055
2021-07-21 03:00:00+00:00,audusd,0.73134,0.731525,0.73032,0.73042
2021-07-21 04:00:00+00:00,audusd,0.73058,0.73146,0.73057,0.731345
2021-07-21 05:00:00+00:00,audusd,0.729785,0.73121,0.72962,0.730585
2021-07-21 06:00:00+00:00,audusd,0.730025,0.730245,0.729245,0.72978
2021-07-21 07:00:00+00:00,audusd,0.73043,0.73061,0.72897,0.73002
2021-07-21 08:00:00+00:00,audusd,0.73196,0.732195,0.72974,0.730425
2021-07-21 09:00:00+00:00,audusd,0.73135,0.731975,0.73093,0.731965
2021-07-21 10:00:00+00:00,audusd,0.731565,0.73215,0.7311,0.73134
2021-07-21 11:00:00+00:00,audusd,0.73149,0.73184,0.731045,0.73157
2021-07-21 12:00:00+00:00,audusd,0.73196,0.73199,0.73119,0.73148
2021-07-21 13:00:00+00:00,audusd,0.733675,0.7339,0.73179,0.731955
2021-07-21 14:00:00+00:00,audusd,0.73412,0.73439,0.73322,0.73367
2021-07-21 15:00:00+00:00,audusd,0.73558,0.73604,0.73384,0.73411
2021-07-21 16:00:00+00:00,audusd,0.73505,0.73587,0.73471,0.73557
2021-07-21 17:00:00+00:00,audusd,0.735615,0.7358,0.735035,0.735045
2021-07-21 18:00:00+00:00,audusd,0.73569,0.73588,0.73532,0.73561
2021-07-21 19:00:00+00:00,audusd,0.73603,0.73628,0.73548,0.7357
2021-07-21 20:00:00+00:00,audusd,0.735845,0.73603,0.73555,0.736025
2021-07-21 21:00:00+00:00,audusd,0.73592,0.73601,0.735055,0.73581
2021-07-21 22:00:00+00:00,audusd,0.73574,0.735915,0.735445,0.735915
2021-07-21 23:00:00+00:00,audusd,0.735175,0.73584,0.73506,0.73573
2021-07-22 00:00:00+00:00,audusd,0.73457,0.735285,0.73444,0.73517
2021-07-22 01:00:00+00:00,audusd,0.735035,0.73505,0.734235,0.734575
2021-07-22 02:00:00+00:00,audusd,0.735,0.73565,0.73494,0.73504
2021-07-22 03:00:00+00:00,audusd,0.73578,0.73594,0.734995,0.734995
2021-07-22 04:00:00+00:00,audusd,0.73605,0.73653,0.73574,0.73575
2021-07-22 05:00:00+00:00,audusd,0.735615,0.73622,0.7355,0.736055
2021-07-22 06:00:00+00:00,audusd,0.73686,0.737315,0.73545,0.73561
2021-07-22 07:00:00+00:00,audusd,0.736875,0.73798,0.73677,0.736865
2021-07-22 08:00:00+00:00,audusd,0.737455,0.73772,0.73618,0.73687
2021-07-22 09:00:00+00:00,audusd,0.73824,0.738765,0.73718,0.73745
2021-07-22 10:00:00+00:00,audusd,0.73817,0.73873,0.73784,0.738235
2021-07-22 11:00:00+00:00,audusd,0.73843,0.738515,0.73739,0.738175
2021-07-22 12:00:00+00:00,audusd,0.73821,0.738565,0.73737,0.738415
2021-07-22 13:00:00+00:00,audusd,0.73746,0.73975,0.7371,0.73827
2021-07-22 14:00:00+00:00,audusd,0.73833,0.73837,0.7367,0.73746
2021-07-22 15:00:00+00:00,audusd,0.736365,0.73847,0.73554,0.738065
2021-07-22 16:00:00+00:00,audusd,0.737245,0.73729,0.73575,0.73637
2021-07-22 17:00:00+00:00,audusd,0.73753,0.73764,0.73693,0.73725
2021-07-22 18:00:00+00:00,audusd,0.73879,0.7389,0.73749,0.73752
2021-07-22 19:00:00+00:00,audusd,0.73839,0.7389,0.738265,0.738785
2021-07-22 20:00:00+00:00,audusd,0.73797,0.738395,0.737945,0.738395
2021-07-22 21:00:00+00:00,audusd,0.73787,0.739975,0.7366,0.7382
2021-07-22 22:00:00+00:00,audusd,0.73822,0.73841,0.73792,0.73793
2021-07-22 23:00:00+00:00,audusd,0.738045,0.738545,0.73788,0.73821
2021-07-23 00:00:00+00:00,audusd,0.73852,0.73901,0.7379,0.73804
2021-07-23 01:00:00+00:00,audusd,0.73838,0.73898,0.73818,0.738515
2021-07-23 02:00:00+00:00,audusd,0.73818,0.7386,0.73789,0.73837
2021-07-23 03:00:00+00:00,audusd,0.73762,0.738375,0.73758,0.738165
2021-07-23 04:00:00+00:00,audusd,0.737035,0.73785,0.73702,0.737625
2021-07-23 05:00:00+00:00,audusd,0.73652,0.73747,0.736505,0.73704
2021-07-23 06:00:00+00:00,audusd,0.73689,0.7376,0.73594,0.73651
2021-07-23 07:00:00+00:00,audusd,0.73684,0.73711,0.735905,0.736895
2021-07-23 08:00:00+00:00,audusd,0.73707,0.73736,0.7363,0.73685
2021-07-23 09:00:00+00:00,audusd,0.73739,0.73781,0.7368,0.73708
2021-07-23 10:00:00+00:00,audusd,0.73764,0.73836,0.737245,0.737395
2021-07-23 11:00:00+00:00,audusd,0.73746,0.73789,0.73649,0.737645
2021-07-23 12:00:00+00:00,audusd,0.73849,0.73885,0.73741,0.73747
2021-07-23 13:00:00+00:00,audusd,0.737245,0.73874,0.736785,0.738495
2021-07-23 14:00:00+00:00,audusd,0.73601,0.737385,0.73571,0.73725
2021-07-23 15:00:00+00:00,audusd,0.73631,0.73719,0.735795,0.736015
2021-07-23 16:00:00+00:00,audusd,0.73693,0.737195,0.73632,0.73632
2021-07-23 17:00:00+00:00,audusd,0.73693,0.7373,0.73678,0.736935
2021-07-23 18:00:00+00:00,audusd,0.736435,0.737045,0.7364,0.73692
2021-07-23 19:00:00+00:00,audusd,0.736765,0.73715,0.7363,0.73644
2021-07-23 20:00:00+00:00,audusd,0.73679,0.73708,0.73631,0.73676
2021-07-25 21:00:00+00:00,audusd,0.73647,0.73695,0.73618,0.73666
2021-07-25 22:00:00+00:00,audusd,0.73663,0.73712,0.73648,0.73648
2021-07-25 23:00:00+00:00,audusd,0.73679,0.73689,0.73643,0.73664
2021-07-26 00:00:00+00:00,audusd,0.73543,0.73693,0.73501,0.7368
2021-07-26 01:00:00+00:00,audusd,0.73529,0.73574,0.73472,0.735425
2021-07-26 02:00:00+00:00,audusd,0.73508,0.73578,0.734825,0.7353
2021-07-26 03:00:00+00:00,audusd,0.73489,0.735105,0.7346,0.73509
2021-07-26 04:00:00+00:00,audusd,0.73495,0.73518,0.734775,0.734895
2021-07-26 05:00:00+00:00,audusd,0.73517,0.7354,0.73463,0.734945
2021-07-26 06:00:00+00:00,audusd,0.73409,0.735335,0.733795,0.73516
2021-07-26 07:00:00+00:00,audusd,0.734465,0.73548,0.734015,0.734095
2021-07-26 08:00:00+00:00,audusd,0.73461,0.73477,0.73308,0.73447
2021-07-26 09:00:00+00:00,audusd,0.73596,0.73614,0.73433,0.734605
2021-07-26 10:00:00+00:00,audusd,0.73541,0.7363,0.73534,0.73597
2021-07-26 11:00:00+00:00,audusd,0.73626,0.73626,0.73506,0.735405
2021-07-26 12:00:00+00:00,audusd,0.735295,0.73663,0.735025,0.736265
2021-07-26 13:00:00+00:00,audusd,0.737895,0.73815,0.73511,0.7353
2021-07-26 14:00:00+00:00,audusd,0.73889,0.738905,0.737515,0.73789
2021-07-26 15:00:00+00:00,audusd,0.7386,0.73908,0.73839,0.738895
2021-07-26 16:00:00+00:00,audusd,0.73813,0.73861,0.73811,0.73859
2021-07-26 17:00:00+00:00,audusd,0.73812,0.738315,0.737985,0.738125
2021-07-26 18:00:00+00:00,audusd,0.73784,0.73817,0.73775,0.738115
2021-07-26 19:00:00+00:00,audusd,0.73849,0.73852,0.73772,0.737835
2021-07-26 20:00:00+00:00,audusd,0.73826,0.73853,0.73794,0.738485
2021-07-26 21:00:00+00:00,audusd,0.73821,0.73846,0.73808,0.7382
2021-07-26 22:00:00+00:00,audusd,0.73816,0.73829,0.73796,0.7382
2021-07-26 23:00:00+00:00,audusd,0.73842,0.73884,0.73814,0.73815
2021-07-27 00:00:00+00:00,audusd,0.73825,0.738885,0.73789,0.738415
2021-07-27 01:00:00+00:00,audusd,0.73808,0.73835,0.73774,0.73826
2021-07-27 02:00:00+00:00,audusd,0.7381,0.7384,0.73708,0.738085
2021-07-27 03:00:00+00:00,audusd,0.73817,0.73825,0.73734,0.738095
2021-07-27 04:00:00+00:00,audusd,0.73779,0.738315,0.7377,0.73818
2021-07-27 05:00:00+00:00,audusd,0.73735,0.73784,0.73693,0.7378
2021-07-27 06:00:00+00:00,audusd,0.736545,0.737345,0.7363,0.737345
2021-07-27 07:00:00+00:00,audusd,0.73495,0.736675,0.73402,0.73655
2021-07-27 08:00:00+00:00,audusd,0.735005,0.7356,0.73372,0.734955
2021-07-27 09:00:00+00:00,audusd,0.735735,0.736305,0.7348,0.734995
2021-07-27 10:00:00+00:00,audusd,0.7357,0.73615,0.73534,0.73574
2021-07-27 11:00:00+00:00,audusd,0.73655,0.73661,0.735395,0.735695
2021-07-27 12:00:00+00:00,audusd,0.73765,0.73769,0.73642,0.736555
2021-07-27 13:00:00+00:00,audusd,0.735605,0.73779,0.73495,0.73766
2021-07-27 14:00:00+00:00,audusd,0.738,0.73829,0.73459,0.7356
2021-07-27 15:00:00+00:00,audusd,0.736755,0.73849,0.73625,0.73784
2021-07-27 16:00:00+00:00,audusd,0.73625,0.7368,0.73572,0.73676
2021-07-27 17:00:00+00:00,audusd,0.73616,0.73656,0.73576,0.73624
2021-07-27 18:00:00+00:00,audusd,0.73607,0.73672,0.736045,0.736165
2021-07-27 19:00:00+00:00,audusd,0.73651,0.73657,0.73585,0.736075
2021-07-27 20:00:00+00:00,audusd,0.73601,0.73651,0.73581,0.736505
2021-07-27 21:00:00+00:00,audusd,0.73601,0.73653,0.73594,0.73615
2021-07-27 22:00:00+00:00,audusd,0.73644,0.73646,0.73587,0.736005
2021-07-27 23:00:00+00:00,audusd,0.7366,0.73679,0.73633,0.73645
2021-07-28 00:00:00+00:00,audusd,0.736365,0.73682,0.73597,0.73661
2021-07-28 01:00:00+00:00,audusd,0.736395,0.73755,0.73602,0.73636
2021-07-28 02:00:00+00:00,audusd,0.73669,0.73674,0.73526,0.73639
2021-07-28 03:00:00+00:00,audusd,0.73596,0.737125,0.73587,0.736685
2021-07-28 04:00:00+00:00,audusd,0.73582,0.73621,0.73575,0.73595
2021-07-28 05:00:00+00:00,audusd,0.736215,0.73628,0.73489,0.73581
2021-07-28 06:00:00+00:00,audusd,0.73541,0.73647,0.73528,0.73622
2021-07-28 07:00:00+00:00,audusd,0.734805,0.73577,0.73438,0.735415
2021-07-28 08:00:00+00:00,audusd,0.73547,0.735625,0.73391,0.7348
2021-07-28 09:00:00+00:00,audusd,0.73447,0.73546,0.73441,0.73546
2021-07-28 10:00:00+00:00,audusd,0.73427,0.73487,0.73393,0.73446
2021-07-28 11:00:00+00:00,audusd,0.7343,0.73451,0.733475,0.734275
2021-07-28 12:00:00+00:00,audusd,0.73326,0.73448,0.73299,0.734295
2021-07-28 13:00:00+00:00,audusd,0.732845,0.73434,0.732355,0.733265
2021-07-28 14:00:00+00:00,audusd,0.73375,0.734345,0.73246,0.73285
2021-07-28 15:00:00+00:00,audusd,0.73479,0.734845,0.7336,0.73376
2021-07-28 16:00:00+00:00,audusd,0.734735,0.73535,0.73458,0.734795
2021-07-28 17:00:00+00:00,audusd,0.7345,0.735125,0.73441,0.73474
2021-07-28 18:00:00+00:00,audusd,0.73659,0.73813,0.73183,0.734475
2021-07-28 19:00:00+00:00,audusd,0.73731,0.73772,0.736235,0.73669
2021-07-28 20:00:00+00:00,audusd,0.73768,0.73792,0.737135,0.7373
2021-07-28 21:00:00+00:00,audusd,0.737585,0.737625,0.73697,0.73704
2021-07-28 22:00:00+00:00,audusd,0.737565,0.737695,0.7373,0.73758
2021-07-28 23:00:00+00:00,audusd,0.7377,0.73793,0.73746,0.73756
2021-07-29 00:00:00+00:00,audusd,0.737295,0.73789,0.73659,0.73769
2021-07-29 01:00:00+00:00,audusd,0.73648,0.73734,0.73604,0.7373
2021-07-29 02:00:00+00:00,audusd,0.73736,0.73766,0.73595,0.736475
2021-07-29 03:00:00+00:00,audusd,0.73768,0.738215,0.73719,0.73737
2021-07-29 04:00:00+00:00,audusd,0.73794,0.73816,0.73754,0.737685
2021-07-29 05:00:00+00:00,audusd,0.738295,0.73868,0.737645,0.737945
2021-07-29 06:00:00+00:00,audusd,0.7382,0.73904,0.73814,0.73829
2021-07-29 07:00:00+00:00,audusd,0.739305,0.739555,0.7382,0.73821
2021-07-29 08:00:00+00:00,audusd,0.74024,0.74136,0.73898,0.73931
2021-07-29 09:00:00+00:00,audusd,0.74019,0.74042,0.73981,0.740235
2021-07-29 10:00:00+00:00,audusd,0.739055,0.74041,0.73874,0.740185
2021-07-29 11:00:00+00:00,audusd,0.73917,0.73949,0.73887,0.73906
2021-07-29 12:00:00+00:00,audusd,0.739035,0.74017,0.73896,0.73917
2021-07-29 13:00:00+00:00,audusd,0.73888,0.73921,0.73774,0.73904
2021-07-29 14:00:00+00:00,audusd,0.74023,0.74029,0.73815,0.738875
2021-07-29 15:00:00+00:00,audusd,0.74002,0.74101,0.73966,0.7401
2021-07-29 16:00:00+00:00,audusd,0.7396,0.74005,0.73913,0.740025
2021-07-29 17:00:00+00:00,audusd,0.739935,0.74011,0.739525,0.739595
2021-07-29 18:00:00+00:00,audusd,0.74015,0.740275,0.73964,0.73994
2021-07-29 19:00:00+00:00,audusd,0.73984,0.74016,0.73964,0.740155
2021-07-29 20:00:00+00:00,audusd,0.7395,0.73998,0.739285,0.73983
2021-07-29 21:00:00+00:00,audusd,0.73953,0.73966,0.73919,0.7392
2021-07-29 22:00:00+00:00,audusd,0.74011,0.74025,0.73952,0.739525
2021-07-29 23:00:00+00:00,audusd,0.73959,0.74035,0.7394,0.740115
2021-07-30 00:00:00+00:00,audusd,0.73884,0.739895,0.7387,0.73959
2021-07-30 01:00:00+00:00,audusd,0.738875,0.73909,0.73806,0.738845
2021-07-30 02:00:00+00:00,audusd,0.73953,0.73964,0.738635,0.73887
2021-07-30 03:00:00+00:00,audusd,0.73874,0.73981,0.73859,0.739525
2021-07-30 04:00:00+00:00,audusd,0.73898,0.73928,0.738555,0.73875
2021-07-30 05:00:00+00:00,audusd,0.73796,0.739095,0.73796,0.738975
2021-07-30 06:00:00+00:00,audusd,0.73794,0.738555,0.73757,0.737965
2021-07-30 07:00:00+00:00,audusd,0.73914,0.739195,0.73764,0.73795
2021-07-30 08:00:00+00:00,audusd,0.74002,0.740465,0.738805,0.739145
2021-07-30 09:00:00+00:00,audusd,0.73851,0.74015,0.73839,0.74001
2021-07-30 10:00:00+00:00,audusd,0.737125,0.73866,0.73645,0.738505
2021-07-30 11:00:00+00:00,audusd,0.736665,0.73741,0.7364,0.73712
2021-07-30 12:00:00+00:00,audusd,0.73639,0.73758,0.73613,0.73667
2021-07-30 13:00:00+00:00,audusd,0.73706,0.73756,0.73552,0.736395
2021-07-30 14:00:00+00:00,audusd,0.735135,0.73754,0.73469,0.737055
2021-07-30 15:00:00+00:00,audusd,0.73509,0.7354,0.73443,0.73508
2021-07-30 16:00:00+00:00,audusd,0.73436,0.73514,0.73426,0.735095
2021-07-30 17:00:00+00:00,audusd,0.73395,0.73442,0.73362,0.734355
2021-07-30 18:00:00+00:00,audusd,0.73348,0.73402,0.73312,0.733945
2021-07-30 19:00:00+00:00,audusd,0.733795,0.73401,0.73331,0.733485
2021-07-30 20:00:00+00:00,audusd,0.734505,0.73479,0.73366,0.733795
2021-08-01 21:00:00+00:00,audusd,0.7339,0.73448,0.73358,0.733615
2021-08-01 22:00:00+00:00,audusd,0.73442,0.734635,0.7338,0.73391
2021-08-01 23:00:00+00:00,audusd,0.73419,0.73445,0.73406,0.73443
2021-08-02 00:00:00+00:00,audusd,0.73475,0.735,0.73365,0.73418
2021-08-02 01:00:00+00:00,audusd,0.73375,0.7349,0.733375,0.73476
2021-08-02 02:00:00+00:00,audusd,0.7342,0.7343,0.732925,0.73374
2021-08-02 03:00:00+00:00,audusd,0.73421,0.73442,0.73404,0.734195
2021-08-02 04:00:00+00:00,audusd,0.73399,0.73452,0.733985,0.734215
2021-08-02 05:00:00+00:00,audusd,0.734495,0.73503,0.73371,0.733995
2021-08-02 06:00:00+00:00,audusd,0.73514,0.735365,0.73411,0.73449
2021-08-02 07:00:00+00:00,audusd,0.735155,0.7358,0.73498,0.735145
2021-08-02 08:00:00+00:00,audusd,0.73552,0.73598,0.73507,0.73516
2021-08-02 09:00:00+00:00,audusd,0.73596,0.7361,0.73525,0.735515
2021-08-02 10:00:00+00:00,audusd,0.73591,0.73635,0.73575,0.735965
2021-08-02 11:00:00+00:00,audusd,0.73635,0.736365,0.73559,0.735905
2021-08-02 12:00:00+00:00,audusd,0.73649,0.73756,0.7361,0.736345
2021-08-02 13:00:00+00:00,audusd,0.73759,0.73765,0.73637,0.7365
2021-08-02 14:00:00+00:00,audusd,0.73747,0.73822,0.73678,0.737595
2021-08-02 15:00:00+00:00,audusd,0.73638,0.73761,0.73636,0.737465
2021-08-02 16:00:00+00:00,audusd,0.73645,0.73676,0.735625,0.736385
2021-08-02 17:00:00+00:00,audusd,0.73645,0.73686,0.73622,0.736455
2021-08-02 18:00:00+00:00,audusd,0.73653,0.73671,0.73622,0.736455
2021-08-02 19:00:00+00:00,audusd,0.736045,0.73673,0.73573,0.73655
2021-08-02 20:00:00+00:00,audusd,0.73611,0.7365,0.73592,0.73604
2021-08-02 21:00:00+00:00,audusd,0.73657,0.736995,0.7361,0.73618
2021-08-02 22:00:00+00:00,audusd,0.73656,0.736855,0.73632,0.736505
2021-08-02 23:00:00+00:00,audusd,0.73605,0.73671,0.736,0.73657
2021-08-03 00:00:00+00:00,audusd,0.73684,0.737115,0.73605,0.73606
2021-08-03 01:00:00+00:00,audusd,0.73666,0.73711,0.735755,0.736845
2021-08-03 02:00:00+00:00,audusd,0.73655,0.73681,0.736325,0.73667
2021-08-03 03:00:00+00:00,audusd,0.73672,0.736965,0.736475,0.736545
2021-08-03 04:00:00+00:00,audusd,0.74001,0.740855,0.73664,0.73672
2021-08-03 05:00:00+00:00,audusd,0.73945,0.74086,0.73924,0.74002
2021-08-03 06:00:00+00:00,audusd,0.739195,0.73995,0.73903,0.73944
2021-08-03 07:00:00+00:00,audusd,0.73972,0.74043,0.73918,0.73919
2021-08-03 08:00:00+00:00,audusd,0.73896,0.739825,0.73852,0.739715
2021-08-03 09:00:00+00:00,audusd,0.73856,0.73899,0.73853,0.738955
2021-08-03 22:00:00+00:00,audusd,0.74012,0.74014,0.74008,0.74009
2021-08-03 23:00:00+00:00,audusd,0.73967,0.74012,0.7396,0.740115
2021-08-04 00:00:00+00:00,audusd,0.73895,0.73975,0.73884,0.739675
2021-08-04 01:00:00+00:00,audusd,0.74048,0.74057,0.73883,0.73896
2021-08-04 02:00:00+00:00,audusd,0.74057,0.74077,0.73992,0.74049
2021-08-04 03:00:00+00:00,audusd,0.74042,0.74112,0.74034,0.740575
2021-08-04 04:00:00+00:00,audusd,0.7403,0.74056,0.74009,0.74041
2021-08-04 05:00:00+00:00,audusd,0.73965,0.74033,0.73925,0.74031
2021-08-04 06:00:00+00:00,audusd,0.74083,0.74087,0.73954,0.739655
2021-08-04 07:00:00+00:00,audusd,0.742355,0.74242,0.74058,0.740825
2021-08-04 08:00:00+00:00,audusd,0.74158,0.74246,0.74122,0.74235
2021-08-04 09:00:00+00:00,audusd,0.741905,0.742145,0.74137,0.741575
2021-08-04 10:00:00+00:00,audusd,0.74132,0.742085,0.74127,0.74191
2021-08-04 11:00:00+00:00,audusd,0.74115,0.74227,0.74086,0.741325
2021-08-04 12:00:00+00:00,audusd,0.74173,0.74193,0.740675,0.741145
2021-08-04 13:00:00+00:00,audusd,0.742225,0.74267,0.741165,0.74174
2021-08-04 14:00:00+00:00,audusd,0.73804,0.74222,0.73781,0.74222
2021-08-04 15:00:00+00:00,audusd,0.73796,0.73806,0.73703,0.73804
2021-08-04 16:00:00+00:00,audusd,0.73795,0.73815,0.73756,0.73795
2021-08-04 17:00:00+00:00,audusd,0.73837,0.73854,0.73795,0.737955
2021-08-04 18:00:00+00:00,audusd,0.73825,0.738645,0.73786,0.73836
2021-08-04 19:00:00+00:00,audusd,0.737945,0.73837,0.73793,0.73826
2021-08-04 20:00:00+00:00,audusd,0.73797,0.73822,0.737875,0.737945
2021-08-04 21:00:00+00:00,audusd,0.73798,0.73866,0.73768,0.73794
2021-08-04 22:00:00+00:00,audusd,0.73813,0.73829,0.73796,0.737985
2021-08-04 23:00:00+00:00,audusd,0.73824,0.73828,0.73799,0.73814
2021-08-05 00:00:00+00:00,audusd,0.73838,0.73885,0.73814,0.738235
2021-08-05 01:00:00+00:00,audusd,0.738395,0.7388,0.73768,0.738385
2021-08-05 02:00:00+00:00,audusd,0.73894,0.73895,0.738335,0.7384
2021-08-05 03:00:00+00:00,audusd,0.739115,0.739285,0.73867,0.738935
2021-08-05 04:00:00+00:00,audusd,0.739255,0.7395,0.7391,0.73912
2021-08-05 05:00:00+00:00,audusd,0.739575,0.73969,0.73913,0.73926
2021-08-05 06:00:00+00:00,audusd,0.739035,0.73978,0.73839,0.73957
2021-08-05 07:00:00+00:00,audusd,0.740535,0.74059,0.739,0.73904
2021-08-05 08:00:00+00:00,audusd,0.740355,0.74056,0.73942,0.74054
2021-08-05 09:00:00+00:00,audusd,0.74082,0.74123,0.7402,0.74036
2021-08-05 10:00:00+00:00,audusd,0.7406,0.74104,0.7402,0.74083
2021-08-05 11:00:00+00:00,audusd,0.74137,0.74149,0.74038,0.74059
2021-08-05 12:00:00+00:00,audusd,0.7399,0.74146,0.73973,0.741375
2021-08-05 13:00:00+00:00,audusd,0.74003,0.74063,0.73915,0.739895
2021-08-05 14:00:00+00:00,audusd,0.7413,0.741605,0.73968,0.74004
2021-08-05 15:00:00+00:00,audusd,0.740885,0.74144,0.74071,0.741305
2021-08-05 16:00:00+00:00,audusd,0.74066,0.74092,0.74047,0.74088
2021-08-05 17:00:00+00:00,audusd,0.7406,0.74083,0.7403,0.74067
2021-08-05 18:00:00+00:00,audusd,0.740415,0.74077,0.7403,0.74061
2021-08-05 19:00:00+00:00,audusd,0.74049,0.74054,0.74006,0.74042
2021-08-05 20:00:00+00:00,audusd,0.74025,0.740485,0.73999,0.740485
2021-08-05 21:00:00+00:00,audusd,0.74045,0.74056,0.74022,0.74047
2021-08-05 22:00:00+00:00,audusd,0.74042,0.74065,0.74037,0.740455
2021-08-05 23:00:00+00:00,audusd,0.7403,0.74064,0.74028,0.74043
2021-08-06 00:00:00+00:00,audusd,0.73925,0.74046,0.73903,0.740315
2021-08-06 01:00:00+00:00,audusd,0.73879,0.7393,0.73839,0.739255
2021-08-06 02:00:00+00:00,audusd,0.738505,0.73885,0.73798,0.738785
2021-08-06 03:00:00+00:00,audusd,0.73883,0.73896,0.73824,0.7385
2021-08-06 04:00:00+00:00,audusd,0.73845,0.73887,0.73845,0.738825
2021-08-06 05:00:00+00:00,audusd,0.739115,0.73923,0.73834,0.73846
2021-08-06 06:00:00+00:00,audusd,0.739395,0.739605,0.738795,0.73912
2021-08-06 07:00:00+00:00,audusd,0.73932,0.73975,0.73867,0.73939
2021-08-06 08:00:00+00:00,audusd,0.7393,0.73946,0.73893,0.73933
2021-08-06 09:00:00+00:00,audusd,0.73899,0.73956,0.738945,0.73931
2021-08-06 10:00:00+00:00,audusd,0.738745,0.73941,0.738635,0.73898
2021-08-06 11:00:00+00:00,audusd,0.73936,0.73957,0.73864,0.73875
2021-08-06 12:00:00+00:00,audusd,0.73751,0.740115,0.7372,0.739365
2021-08-06 13:00:00+00:00,audusd,0.7367,0.73866,0.73641,0.737365
2021-08-06 14:00:00+00:00,audusd,0.73543,0.737195,0.73521,0.736795
2021-08-06 15:00:00+00:00,audusd,0.73558,0.73559,0.73467,0.735515
2021-08-06 16:00:00+00:00,audusd,0.735245,0.73569,0.7351,0.735585
2021-08-06 17:00:00+00:00,audusd,0.735455,0.735895,0.73518,0.73525
2021-08-06 18:00:00+00:00,audusd,0.73514,0.735875,0.735135,0.73545
2021-08-06 19:00:00+00:00,audusd,0.73522,0.735605,0.735075,0.735135
2021-08-06 20:00:00+00:00,audusd,0.73556,0.73557,0.73512,0.735225
2021-08-06 21:00:00+00:00,audusd,0.73559,0.73561,0.73545,0.73557
2021-08-08 21:00:00+00:00,audusd,0.73558,0.73589,0.73515,0.735605
2021-08-08 22:00:00+00:00,audusd,0.73406,0.73568,0.733795,0.73561
2021-08-08 23:00:00+00:00,audusd,0.73338,0.7341,0.73304,0.73407
2021-08-09 00:00:00+00:00,audusd,0.73351,0.73389,0.73283,0.73337
2021-08-09 01:00:00+00:00,audusd,0.73495,0.735365,0.733345,0.7335
2021-08-09 02:00:00+00:00,audusd,0.73546,0.735705,0.73471,0.734945
2021-08-09 03:00:00+00:00,audusd,0.73546,0.73577,0.735115,0.735465
2021-08-09 04:00:00+00:00,audusd,0.73551,0.735535,0.73517,0.73545
2021-08-09 05:00:00+00:00,audusd,0.73571,0.73599,0.73525,0.735505
2021-08-09 06:00:00+00:00,audusd,0.73527,0.736,0.73503,0.735715
2021-08-09 07:00:00+00:00,audusd,0.73489,0.73595,0.73488,0.73526
2021-08-09 08:00:00+00:00,audusd,0.7343,0.73491,0.7336,0.73488
2021-08-09 09:00:00+00:00,audusd,0.73481,0.73498,0.73398,0.734295
2021-08-09 10:00:00+00:00,audusd,0.734315,0.73496,0.73394,0.734805
2021-08-09 11:00:00+00:00,audusd,0.735635,0.7358,0.73428,0.73431
2021-08-09 12:00:00+00:00,audusd,0.735185,0.73569,0.73474,0.73563
2021-08-09 13:00:00+00:00,audusd,0.736365,0.73637,0.73518,0.73519
2021-08-09 14:00:00+00:00,audusd,0.73463,0.73639,0.734365,0.73636
2021-08-09 15:00:00+00:00,audusd,0.73353,0.73512,0.73322,0.734625
2021-08-09 16:00:00+00:00,audusd,0.73391,0.73438,0.73327,0.733535
2021-08-09 17:00:00+00:00,audusd,0.733465,0.73397,0.733015,0.73392
2021-08-09 18:00:00+00:00,audusd,0.733645,0.73415,0.733445,0.73346
2021-08-09 19:00:00+00:00,audusd,0.73295,0.73365,0.73294,0.73364
2021-08-09 20:00:00+00:00,audusd,0.73326,0.73326,0.73282,0.732945
2021-08-09 21:00:00+00:00,audusd,0.733035,0.73328,0.733,0.73327
2021-08-09 22:00:00+00:00,audusd,0.73304,0.73328,0.732835,0.73304
2021-08-09 23:00:00+00:00,audusd,0.733,0.73321,0.73286,0.73305
2021-08-10 00:00:00+00:00,audusd,0.73332,0.7334,0.73259,0.73299
2021-08-10 01:00:00+00:00,audusd,0.73177,0.73345,0.73165,0.733325
2021-08-10 02:00:00+00:00,audusd,0.73252,0.7326,0.73161,0.731765
2021-08-10 03:00:00+00:00,audusd,0.732375,0.73271,0.73234,0.73253
2021-08-10 04:00:00+00:00,audusd,0.73229,0.732505,0.73199,0.73237
2021-08-10 05:00:00+00:00,audusd,0.73298,0.73327,0.73225,0.73228
2021-08-10 06:00:00+00:00,audusd,0.733535,0.73368,0.73251,0.73297
2021-08-10 07:00:00+00:00,audusd,0.73357,0.73438,0.73321,0.73353
2021-08-10 08:00:00+00:00,audusd,0.73373,0.73406,0.73312,0.733565
2021-08-10 09:00:00+00:00,audusd,0.733185,0.73395,0.73289,0.73372
2021-08-10 10:00:00+00:00,audusd,0.73398,0.734085,0.73278,0.73318
2021-08-11 10:00:00+00:00,audusd,0.73336,0.73345,0.73323,0.73326
2021-08-11 11:00:00+00:00,audusd,0.73386,0.73387,0.732975,0.733355
2021-08-11 12:00:00+00:00,audusd,0.73711,0.73808,0.73375,0.733855
2021-08-11 13:00:00+00:00,audusd,0.73741,0.73866,0.73679,0.737105
2021-08-11 14:00:00+00:00,audusd,0.73754,0.73781,0.73675,0.7374
2021-08-11 15:00:00+00:00,audusd,0.73733,0.73768,0.73708,0.737545
2021-08-11 16:00:00+00:00,audusd,0.73822,0.738265,0.737255,0.737325
2021-08-11 17:00:00+00:00,audusd,0.738005,0.73893,0.73791,0.738215
2021-08-11 18:00:00+00:00,audusd,0.7372,0.73801,0.73713,0.73801
2021-08-11 19:00:00+00:00,audusd,0.73771,0.73772,0.73715,0.737195
2021-08-11 20:00:00+00:00,audusd,0.73735,0.7377,0.737255,0.7377
2021-08-11 21:00:00+00:00,audusd,0.73746,0.7376,0.736965,0.737415
2021-08-11 22:00:00+00:00,audusd,0.73755,0.73769,0.73731,0.73747
2021-08-11 23:00:00+00:00,audusd,0.73707,0.73756,0.73707,0.737555
2021-08-12 00:00:00+00:00,audusd,0.73694,0.73734,0.73668,0.737075
2021-08-12 01:00:00+00:00,audusd,0.73655,0.73718,0.73648,0.736935
2021-08-12 02:00:00+00:00,audusd,0.73654,0.73678,0.73626,0.736545
2021-08-12 03:00:00+00:00,audusd,0.73704,0.73707,0.73652,0.73653
2021-08-12 04:00:00+00:00,audusd,0.73644,0.73706,0.7364,0.73705
2021-08-12 05:00:00+00:00,audusd,0.73639,0.73673,0.73627,0.736445
2021-08-12 06:00:00+00:00,audusd,0.73561,0.73649,0.73551,0.73639
2021-08-12 07:00:00+00:00,audusd,0.736845,0.73694,0.73546,0.735605
2021-08-12 08:00:00+00:00,audusd,0.736735,0.73697,0.73621,0.73684
2021-08-12 09:00:00+00:00,audusd,0.73609,0.736755,0.73583,0.73673
2021-08-12 10:00:00+00:00,audusd,0.73574,0.73614,0.73545,0.73608
2021-08-12 11:00:00+00:00,audusd,0.735525,0.73592,0.735335,0.735735
2021-08-12 12:00:00+00:00,audusd,0.73535,0.73588,0.73462,0.73552
2021-08-12 13:00:00+00:00,audusd,0.73418,0.735345,0.733495,0.735345
2021-08-12 14:00:00+00:00,audusd,0.73419,0.7343,0.733655,0.73417
2021-08-12 15:00:00+00:00,audusd,0.73441,0.73456,0.7337,0.7342
2021-08-12 16:00:00+00:00,audusd,0.73423,0.73491,0.7342,0.73442
2021-08-12 17:00:00+00:00,audusd,0.734185,0.73436,0.73395,0.73422
2021-08-12 18:00:00+00:00,audusd,0.733245,0.73421,0.73321,0.73419
2021-08-12 19:00:00+00:00,audusd,0.73376,0.733905,0.73324,0.73324
2021-08-12 20:00:00+00:00,audusd,0.73365,0.73385,0.73352,0.73375
2021-08-12 21:00:00+00:00,audusd,0.73374,0.734905,0.7334,0.73349
2021-08-12 22:00:00+00:00,audusd,0.73406,0.73411,0.73374,0.733745
2021-08-12 23:00:00+00:00,audusd,0.73411,0.73431,0.73402,0.734065
2021-08-13 00:00:00+00:00,audusd,0.73381,0.734135,0.73347,0.734115
2021-08-13 01:00:00+00:00,audusd,0.73399,0.73401,0.73334,0.733815
2021-08-13 02:00:00+00:00,audusd,0.73431,0.734785,0.73385,0.733995
2021-08-13 03:00:00+00:00,audusd,0.734365,0.73471,0.73406,0.734315
2021-08-13 04:00:00+00:00,audusd,0.73396,0.734395,0.7339,0.73437
2021-08-13 05:00:00+00:00,audusd,0.73366,0.73407,0.7335,0.733955
2021-08-13 06:00:00+00:00,audusd,0.7335,0.73409,0.733465,0.733655
2021-08-13 07:00:00+00:00,audusd,0.734175,0.734325,0.733505,0.733505
2021-08-13 08:00:00+00:00,audusd,0.73411,0.73435,0.73344,0.73418
2021-08-13 09:00:00+00:00,audusd,0.73429,0.73451,0.73399,0.734115
2021-08-13 10:00:00+00:00,audusd,0.73442,0.73451,0.73403,0.7343
2021-08-13 11:00:00+00:00,audusd,0.734685,0.73478,0.734115,0.734425
2021-08-13 12:00:00+00:00,audusd,0.73539,0.73545,0.73469,0.73469
2021-08-13 13:00:00+00:00,audusd,0.73501,0.73589,0.73493,0.735395
2021-08-13 14:00:00+00:00,audusd,0.7375,0.73768,0.734895,0.735005
2021-08-13 15:00:00+00:00,audusd,0.73767,0.73798,0.73744,0.737495
2021-08-13 16:00:00+00:00,audusd,0.73741,0.73814,0.73741,0.737675
2021-08-13 17:00:00+00:00,audusd,0.73734,0.73762,0.73721,0.737415
2021-08-13 18:00:00+00:00,audusd,0.7374,0.73743,0.73694,0.737335
2021-08-13 19:00:00+00:00,audusd,0.73758,0.737585,0.737065,0.737395
2021-08-13 20:00:00+00:00,audusd,0.7371,0.73758,0.73682,0.73757
2021-08-15 21:00:00+00:00,audusd,0.736755,0.737215,0.7367,0.73693
2021-08-15 22:00:00+00:00,audusd,0.736925,0.73732,0.73669,0.73675
2021-08-15 23:00:00+00:00,audusd,0.73654,0.73717,0.73643,0.73693
2021-08-16 00:00:00+00:00,audusd,0.73554,0.7367,0.735435,0.73652
2021-08-16 01:00:00+00:00,audusd,0.73571,0.73611,0.73544,0.73553
2021-08-16 02:00:00+00:00,audusd,0.73494,0.735705,0.7349,0.735705
2021-08-16 03:00:00+00:00,audusd,0.733855,0.73495,0.73375,0.73495
2021-08-16 04:00:00+00:00,audusd,0.73436,0.734485,0.73372,0.73385
2021-08-16 05:00:00+00:00,audusd,0.73355,0.734375,0.733295,0.73435
2021-08-16 06:00:00+00:00,audusd,0.733465,0.73444,0.73322,0.733545
2021-08-16 07:00:00+00:00,audusd,0.73346,0.73427,0.733125,0.73347
2021-08-16 08:00:00+00:00,audusd,0.734065,0.734365,0.73336,0.73347
2021-08-16 09:00:00+00:00,audusd,0.733705,0.73409,0.73316,0.73407
2021-08-16 10:00:00+00:00,audusd,0.73395,0.73421,0.73343,0.73371
2021-08-16 11:00:00+00:00,audusd,0.73307,0.73408,0.732605,0.733955
2021-08-16 12:00:00+00:00,audusd,0.73265,0.733135,0.73228,0.733075
2021-08-16 13:00:00+00:00,audusd,0.73235,0.73362,0.73195,0.732645
2021-08-16 14:00:00+00:00,audusd,0.73362,0.734125,0.73223,0.732345
2021-08-16 15:00:00+00:00,audusd,0.73384,0.73422,0.7333,0.733625
2021-08-16 16:00:00+00:00,audusd,0.73346,0.73392,0.73341,0.733845
2021-08-16 17:00:00+00:00,audusd,0.73377,0.73377,0.7332,0.73345
2021-08-16 18:00:00+00:00,audusd,0.73361,0.733785,0.73335,0.733765
2021-08-16 19:00:00+00:00,audusd,0.73391,0.73412,0.733515,0.73362
2021-08-16 20:00:00+00:00,audusd,0.73368,0.73397,0.73349,0.73392
2021-08-16 21:00:00+00:00,audusd,0.73374,0.73395,0.73336,0.733605
2021-08-16 22:00:00+00:00,audusd,0.733965,0.73401,0.733755,0.733755
2021-08-16 23:00:00+00:00,audusd,0.73392,0.73412,0.7337,0.73396
2021-08-17 00:00:00+00:00,audusd,0.732615,0.733915,0.73252,0.733915
2021-08-17 01:00:00+00:00,audusd,0.73118,0.7327,0.73041,0.73261
2021-08-17 02:00:00+00:00,audusd,0.73106,0.73163,0.7303,0.731175
2021-08-17 03:00:00+00:00,audusd,0.73083,0.731055,0.73046,0.731055
2021-08-17 04:00:00+00:00,audusd,0.730955,0.73109,0.730435,0.730825
2021-08-17 05:00:00+00:00,audusd,0.73107,0.73139,0.73066,0.73096
2021-08-17 06:00:00+00:00,audusd,0.72835,0.73109,0.72827,0.73108
2021-08-17 07:00:00+00:00,audusd,0.72889,0.72917,0.72778,0.728345
2021-08-17 08:00:00+00:00,audusd,0.729655,0.72983,0.72888,0.728885
2021-08-17 09:00:00+00:00,audusd,0.72911,0.729665,0.728455,0.72966
2021-08-17 10:00:00+00:00,audusd,0.72904,0.72957,0.72833,0.729115
2021-08-17 11:00:00+00:00,audusd,0.72899,0.729705,0.72886,0.729035
2021-08-17 12:00:00+00:00,audusd,0.72801,0.729435,0.727885,0.728985
2021-08-17 13:00:00+00:00,audusd,0.72683,0.72824,0.726495,0.728015
2021-08-17 14:00:00+00:00,audusd,0.72594,0.72715,0.72539,0.726825
2021-08-17 15:00:00+00:00,audusd,0.72534,0.72619,0.72529,0.725935
2021-08-17 16:00:00+00:00,audusd,0.72434,0.72575,0.724265,0.725345
2021-08-17 17:00:00+00:00,audusd,0.725245,0.72532,0.7243,0.724345
2021-08-17 18:00:00+00:00,audusd,0.72518,0.72563,0.72497,0.725245
2021-08-17 19:00:00+00:00,audusd,0.72554,0.72559,0.72498,0.725185
2021-08-17 20:00:00+00:00,audusd,0.725305,0.72569,0.72521,0.725535
2021-08-17 21:00:00+00:00,audusd,0.72552,0.72563,0.72507,0.72527
2021-08-17 22:00:00+00:00,audusd,0.72564,0.72576,0.72538,0.725515
2021-08-17 23:00:00+00:00,audusd,0.72553,0.725855,0.72547,0.725635
2021-08-18 00:00:00+00:00,audusd,0.72524,0.72574,0.72512,0.72552
2021-08-18 01:00:00+00:00,audusd,0.72578,0.72585,0.724685,0.725235
2021-08-18 02:00:00+00:00,audusd,0.72626,0.7266,0.72383,0.72581
2021-08-18 03:00:00+00:00,audusd,0.72635,0.72696,0.726245,0.72625
2021-08-18 04:00:00+00:00,audusd,0.72655,0.72691,0.726185,0.72636
2021-08-18 05:00:00+00:00,audusd,0.725925,0.7267,0.725755,0.726545
2021-08-18 06:00:00+00:00,audusd,0.72624,0.72667,0.7258,0.72592
2021-08-18 07:00:00+00:00,audusd,0.72575,0.72667,0.725505,0.72625
2021-08-18 08:00:00+00:00,audusd,0.72586,0.726245,0.725535,0.725755
2021-08-18 09:00:00+00:00,audusd,0.725085,0.72587,0.72494,0.725865
2021-08-18 10:00:00+00:00,audusd,0.72462,0.72513,0.724375,0.72509
2021-08-18 11:00:00+00:00,audusd,0.72529,0.72561,0.72419,0.724615
2021-08-18 12:00:00+00:00,audusd,0.724905,0.72565,0.72452,0.725295
2021-08-18 13:00:00+00:00,audusd,0.72521,0.72527,0.72402,0.7249
2021-08-18 14:00:00+00:00,audusd,0.72374,0.7252,0.72322,0.7252
2021-08-18 15:00:00+00:00,audusd,0.72346,0.723945,0.723025,0.72373
2021-08-18 16:00:00+00:00,audusd,0.72351,0.72363,0.722885,0.723465
2021-08-18 17:00:00+00:00,audusd,0.72333,0.72398,0.72324,0.723515
2021-08-18 18:00:00+00:00,audusd,0.724355,0.726435,0.72333,0.72334
2021-08-18 19:00:00+00:00,audusd,0.72386,0.72475,0.72358,0.72435
2021-08-18 20:00:00+00:00,audusd,0.72332,0.72419,0.72325,0.723855
2021-08-18 21:00:00+00:00,audusd,0.72371,0.724705,0.72305,0.723305
2021-08-18 22:00:00+00:00,audusd,0.72393,0.7243,0.72354,0.7237
2021-08-18 23:00:00+00:00,audusd,0.72309,0.723975,0.72306,0.72394
2021-08-19 00:00:00+00:00,audusd,0.72153,0.7233,0.72146,0.7231
2021-08-19 01:00:00+00:00,audusd,0.72136,0.72342,0.72128,0.721535
2021-08-19 02:00:00+00:00,audusd,0.72058,0.72195,0.72037,0.721355
2021-08-19 03:00:00+00:00,audusd,0.72045,0.72069,0.71978,0.720585
2021-08-19 04:00:00+00:00,audusd,0.719495,0.72055,0.71943,0.720455
2021-08-19 05:00:00+00:00,audusd,0.71893,0.71978,0.71858,0.7195
2021-08-19 06:00:00+00:00,audusd,0.71834,0.71903,0.718,0.718925
2021-08-19 07:00:00+00:00,audusd,0.717115,0.718515,0.71639,0.718345
2021-08-19 08:00:00+00:00,audusd,0.715685,0.717115,0.71543,0.71711
2021-08-19 09:00:00+00:00,audusd,0.71645,0.71676,0.714425,0.71569
2021-08-19 10:00:00+00:00,audusd,0.71632,0.71665,0.7159,0.71646
2021-08-19 11:00:00+00:00,audusd,0.71682,0.71714,0.715385,0.716325
2021-08-19 12:00:00+00:00,audusd,0.717015,0.71743,0.71643,0.716825
2021-08-19 13:00:00+00:00,audusd,0.71767,0.71773,0.716555,0.71701
2021-08-19 14:00:00+00:00,audusd,0.71569,0.718105,0.71515,0.71766
2021-08-19 15:00:00+00:00,audusd,0.71693,0.71759,0.71554,0.71568
2021-08-19 16:00:00+00:00,audusd,0.716295,0.71704,0.7158,0.716925
2021-08-19 17:00:00+00:00,audusd,0.71494,0.716325,0.714935,0.7163
2021-08-19 18:00:00+00:00,audusd,0.71504,0.715195,0.714245,0.714945
2021-08-19 19:00:00+00:00,audusd,0.71473,0.71519,0.71455,0.715035
2021-08-19 20:00:00+00:00,audusd,0.71468,0.71505,0.71459,0.71474
2021-08-19 21:00:00+00:00,audusd,0.71488,0.71516,0.714565,0.71479
2021-08-19 22:00:00+00:00,audusd,0.71484,0.7151,0.71451,0.71489
2021-08-19 23:00:00+00:00,audusd,0.71463,0.71486,0.71443,0.714845
2021-08-20 00:00:00+00:00,audusd,0.71538,0.71565,0.71462,0.71462
2021-08-20 01:00:00+00:00,audusd,0.71313,0.71553,0.712635,0.715375
2021-08-20 02:00:00+00:00,audusd,0.71333,0.71356,0.712745,0.713125
2021-08-20 03:00:00+00:00,audusd,0.71444,0.71455,0.7131,0.713325
2021-08-20 04:00:00+00:00,audusd,0.71383,0.71468,0.71376,0.71445
2021-08-20 05:00:00+00:00,audusd,0.7133,0.71383,0.7124,0.71382
2021-08-20 06:00:00+00:00,audusd,0.71207,0.71349,0.71152,0.71331
2021-08-20 07:00:00+00:00,audusd,0.71137,0.71255,0.710625,0.712065
2021-08-20 08:00:00+00:00,audusd,0.711985,0.712375,0.71137,0.711375
2021-08-20 09:00:00+00:00,audusd,0.711785,0.71202,0.71073,0.71198
2021-08-20 10:00:00+00:00,audusd,0.7126,0.712935,0.71137,0.71179
2021-08-20 11:00:00+00:00,audusd,0.7128,0.71309,0.712085,0.712595
2021-08-20 12:00:00+00:00,audusd,0.71254,0.71298,0.71224,0.71281
2021-08-20 13:00:00+00:00,audusd,0.71465,0.71491,0.71198,0.712535
2021-08-20 14:00:00+00:00,audusd,0.71264,0.7148,0.71253,0.71465
2021-08-20 15:00:00+00:00,audusd,0.71333,0.7136,0.71235,0.712645
2021-08-20 16:00:00+00:00,audusd,0.714145,0.71431,0.71314,0.713325
2021-08-20 17:00:00+00:00,audusd,0.7134,0.71432,0.71324,0.71415
2021-08-20 18:00:00+00:00,audusd,0.71367,0.713795,0.713235,0.713405
2021-08-20 19:00:00+00:00,audusd,0.71432,0.71436,0.713635,0.713665
2021-08-20 20:00:00+00:00,audusd,0.71379,0.71447,0.71336,0.714315
2021-08-22 21:00:00+00:00,audusd,0.71306,0.71411,0.71259,0.71331
2021-08-22 22:00:00+00:00,audusd,0.71379,0.71397,0.71258,0.71312
2021-08-22 23:00:00+00:00,audusd,0.71383,0.71414,0.71368,0.713795
2021-08-23 00:00:00+00:00,audusd,0.714865,0.71543,0.71384,0.71384
2021-08-23 01:00:00+00:00,audusd,0.71587,0.71636,0.714855,0.71487
2021-08-23 02:00:00+00:00,audusd,0.715845,0.7162,0.71561,0.715875
2021-08-23 03:00:00+00:00,audusd,0.716135,0.71655,0.715625,0.71584
2021-08-23 04:00:00+00:00,audusd,0.71596,0.71626,0.71565,0.71613
2021-08-23 05:00:00+00:00,audusd,0.71597,0.716565,0.715805,0.715955
2021-08-23 06:00:00+00:00,audusd,0.71605,0.71624,0.71518,0.715975
2021-08-23 07:00:00+00:00,audusd,0.71609,0.7164,0.71486,0.716055
2021-08-23 08:00:00+00:00,audusd,0.717055,0.71715,0.716,0.716095
2021-08-23 09:00:00+00:00,audusd,0.71755,0.71791,0.716845,0.71705
2021-08-23 10:00:00+00:00,audusd,0.71815,0.7184,0.71709,0.71756
2021-08-23 11:00:00+00:00,audusd,0.71827,0.71861,0.71764,0.718145
2021-08-23 12:00:00+00:00,audusd,0.71908,0.71921,0.71811,0.718275
2021-08-23 13:00:00+00:00,audusd,0.71876,0.719505,0.718255,0.719075
2021-08-23 14:00:00+00:00,audusd,0.72004,0.72014,0.71842,0.718755
2021-08-23 15:00:00+00:00,audusd,0.7207,0.720885,0.71974,0.720045
2021-08-23 16:00:00+00:00,audusd,0.72097,0.72128,0.7207,0.720705
2021-08-23 17:00:00+00:00,audusd,0.72128,0.72137,0.72089,0.72098
2021-08-23 18:00:00+00:00,audusd,0.72169,0.72171,0.721265,0.72129
2021-08-23 19:00:00+00:00,audusd,0.72151,0.72179,0.72137,0.721685
2021-08-23 20:00:00+00:00,audusd,0.72125,0.72162,0.72112,0.721515
2021-08-23 21:00:00+00:00,audusd,0.72117,0.72147,0.72095,0.72111
2021-08-23 22:00:00+00:00,audusd,0.72141,0.72157,0.72116,0.721165
2021-08-23 23:00:00+00:00,audusd,0.72087,0.72155,0.72087,0.7214
2021-08-24 00:00:00+00:00,audusd,0.720135,0.72121,0.720115,0.720845
2021-08-24 01:00:00+00:00,audusd,0.72083,0.72144,0.720085,0.72014
2021-08-24 02:00:00+00:00,audusd,0.722115,0.7222,0.72068,0.72084
2021-08-24 03:00:00+00:00,audusd,0.721715,0.72227,0.72148,0.72212
2021-08-24 04:00:00+00:00,audusd,0.72202,0.72208,0.72153,0.72171
2021-08-24 05:00:00+00:00,audusd,0.72333,0.723825,0.721915,0.722025
2021-08-24 06:00:00+00:00,audusd,0.723175,0.723775,0.72268,0.72334
2021-08-24 07:00:00+00:00,audusd,0.72317,0.72354,0.72265,0.72318
2021-08-24 08:00:00+00:00,audusd,0.722275,0.72349,0.72221,0.723165
2021-08-24 09:00:00+00:00,audusd,0.72304,0.72324,0.72212,0.72227
2021-08-24 10:00:00+00:00,audusd,0.724285,0.72472,0.72304,0.723045
2021-08-24 11:00:00+00:00,audusd,0.72449,0.724785,0.72422,0.72429
2021-08-24 12:00:00+00:00,audusd,0.72446,0.72498,0.72405,0.724495
2021-08-24 13:00:00+00:00,audusd,0.725,0.72571,0.72379,0.72447
2021-08-24 14:00:00+00:00,audusd,0.72684,0.72711,0.724995,0.724995
2021-08-24 15:00:00+00:00,audusd,0.72537,0.72699,0.725125,0.72685
2021-08-24 16:00:00+00:00,audusd,0.72552,0.72561,0.72502,0.72536
2021-08-24 17:00:00+00:00,audusd,0.72536,0.72567,0.72521,0.725515
2021-08-24 18:00:00+00:00,audusd,0.72565,0.72573,0.725265,0.725365
2021-08-24 19:00:00+00:00,audusd,0.72557,0.72569,0.72527,0.72566
2021-08-24 20:00:00+00:00,audusd,0.72569,0.725955,0.72554,0.725565
2021-08-24 21:00:00+00:00,audusd,0.72575,0.72592,0.72511,0.72583
2021-08-24 22:00:00+00:00,audusd,0.72567,0.72584,0.72558,0.72577
2021-08-24 23:00:00+00:00,audusd,0.72487,0.72572,0.724865,0.725665
2021-08-25 00:00:00+00:00,audusd,0.725065,0.72604,0.72488,0.72488
2021-08-25 01:00:00+00:00,audusd,0.7247,0.72577,0.724525,0.72507
2021-08-25 02:00:00+00:00,audusd,0.7243,0.7247,0.72389,0.724695
2021-08-25 03:00:00+00:00,audusd,0.724185,0.72458,0.723885,0.724305
2021-08-25 04:00:00+00:00,audusd,0.724215,0.72454,0.72396,0.72419
2021-08-25 05:00:00+00:00,audusd,0.724515,0.72489,0.72416,0.72421
2021-08-25 06:00:00+00:00,audusd,0.723755,0.72457,0.72375,0.72452
2021-08-25 07:00:00+00:00,audusd,0.72497,0.72537,0.72376,0.72376
2021-08-25 08:00:00+00:00,audusd,0.72576,0.72613,0.724635,0.724975
2021-08-25 09:00:00+00:00,audusd,0.726,0.726375,0.72555,0.725755
2021-08-25 10:00:00+00:00,audusd,0.725875,0.726465,0.72542,0.725995
2021-08-25 11:00:00+00:00,audusd,0.72522,0.72589,0.72474,0.72587
2021-08-25 12:00:00+00:00,audusd,0.72472,0.72544,0.72464,0.72523
2021-08-25 13:00:00+00:00,audusd,0.72542,0.72574,0.72435,0.72471
2021-08-25 14:00:00+00:00,audusd,0.726205,0.72673,0.72522,0.725425
2021-08-25 15:00:00+00:00,audusd,0.72651,0.72668,0.72581,0.72621
2021-08-25 16:00:00+00:00,audusd,0.72679,0.72701,0.72644,0.726515
2021-08-25 17:00:00+00:00,audusd,0.72663,0.72687,0.72634,0.726795
2021-08-25 18:00:00+00:00,audusd,0.72799,0.72802,0.72663,0.72664
2021-08-25 19:00:00+00:00,audusd,0.72769,0.72805,0.727495,0.728
2021-08-25 20:00:00+00:00,audusd,0.72761,0.72779,0.72753,0.727685
2021-08-25 21:00:00+00:00,audusd,0.727405,0.72777,0.72732,0.72749
2021-08-25 22:00:00+00:00,audusd,0.72736,0.72784,0.72729,0.7274
2021-08-25 23:00:00+00:00,audusd,0.72765,0.72784,0.72737,0.72737
2021-08-26 00:00:00+00:00,audusd,0.72718,0.72799,0.72691,0.72766
2021-08-26 01:00:00+00:00,audusd,0.72647,0.7273,0.72626,0.727175
2021-08-26 02:00:00+00:00,audusd,0.72632,0.72657,0.72566,0.726475
2021-08-26 03:00:00+00:00,audusd,0.7261,0.72641,0.72573,0.72633
2021-08-26 04:00:00+00:00,audusd,0.726285,0.72668,0.72595,0.72609
2021-08-26 05:00:00+00:00,audusd,0.72632,0.726545,0.72608,0.72628
2021-08-26 06:00:00+00:00,audusd,0.72512,0.72643,0.72502,0.726315
2021-08-26 07:00:00+00:00,audusd,0.72623,0.72677,0.72508,0.72511
2021-08-26 08:00:00+00:00,audusd,0.7256,0.72626,0.72524,0.72624
2021-08-26 09:00:00+00:00,audusd,0.726055,0.72616,0.72534,0.725605
2021-08-26 10:00:00+00:00,audusd,0.72598,0.726385,0.72572,0.72606
2021-08-26 11:00:00+00:00,audusd,0.72633,0.726595,0.72582,0.725975
2021-08-26 12:00:00+00:00,audusd,0.72562,0.72678,0.72542,0.72634
2021-08-26 13:00:00+00:00,audusd,0.725405,0.72606,0.72502,0.725625
2021-08-26 14:00:00+00:00,audusd,0.72465,0.72626,0.72413,0.7254
2021-08-26 15:00:00+00:00,audusd,0.72488,0.72541,0.72425,0.724655
2021-08-26 16:00:00+00:00,audusd,0.72469,0.72508,0.72449,0.72489
2021-08-26 17:00:00+00:00,audusd,0.7242,0.72489,0.72393,0.724685
2021-08-26 18:00:00+00:00,audusd,0.7238,0.7243,0.72374,0.72421
2021-08-26 19:00:00+00:00,audusd,0.723895,0.72403,0.72344,0.72379
2021-08-26 20:00:00+00:00,audusd,0.72369,0.72401,0.723675,0.72389
2021-08-26 21:00:00+00:00,audusd,0.72373,0.72382,0.72358,0.72371
2021-08-26 22:00:00+00:00,audusd,0.72432,0.724325,0.72372,0.72374
2021-08-26 23:00:00+00:00,audusd,0.723835,0.72446,0.72383,0.72431
2021-08-27 00:00:00+00:00,audusd,0.72277,0.72385,0.72222,0.72384
2021-08-27 01:00:00+00:00,audusd,0.72323,0.723695,0.7227,0.72278
2021-08-27 02:00:00+00:00,audusd,0.72367,0.724345,0.72323,0.723235
2021-08-27 03:00:00+00:00,audusd,0.72389,0.724,0.7233,0.723665
2021-08-27 04:00:00+00:00,audusd,0.72429,0.72429,0.72356,0.7239
2021-08-27 05:00:00+00:00,audusd,0.72465,0.72468,0.72385,0.7243
2021-08-27 06:00:00+00:00,audusd,0.725295,0.7257,0.72443,0.72466
2021-08-27 07:00:00+00:00,audusd,0.72535,0.72554,0.72502,0.7253
2021-08-27 08:00:00+00:00,audusd,0.72534,0.72554,0.72486,0.725355
2021-08-27 09:00:00+00:00,audusd,0.72584,0.72584,0.72481,0.72533
2021-08-27 10:00:00+00:00,audusd,0.725065,0.72595,0.72494,0.725835
2021-08-27 11:00:00+00:00,audusd,0.725205,0.72575,0.72488,0.72506
2021-08-27 12:00:00+00:00,audusd,0.72511,0.72566,0.72481,0.7252
2021-08-27 13:00:00+00:00,audusd,0.72598,0.72649,0.723505,0.72512
2021-08-27 14:00:00+00:00,audusd,0.72965,0.73068,0.724375,0.72589
2021-08-27 15:00:00+00:00,audusd,0.73079,0.73088,0.729195,0.729685
2021-08-27 16:00:00+00:00,audusd,0.73155,0.73167,0.730725,0.7308
2021-08-27 17:00:00+00:00,audusd,0.73098,0.73161,0.73087,0.73156
2021-08-27 18:00:00+00:00,audusd,0.73119,0.73129,0.73073,0.730975
2021-08-27 19:00:00+00:00,audusd,0.73148,0.73169,0.73104,0.731195
2021-08-27 20:00:00+00:00,audusd,0.73113,0.73155,0.73094,0.731475
2021-08-29 21:00:00+00:00,audusd,0.73129,0.731315,0.73066,0.73067
2021-08-29 22:00:00+00:00,audusd,0.731135,0.73163,0.73097,0.731275
2021-08-29 23:00:00+00:00,audusd,0.73156,0.73162,0.73099,0.73114
2021-08-30 00:00:00+00:00,audusd,0.73131,0.731695,0.73096,0.731555
2021-08-30 01:00:00+00:00,audusd,0.73088,0.73186,0.730665,0.731315
2021-08-30 02:00:00+00:00,audusd,0.730135,0.73125,0.730105,0.730875
2021-08-30 03:00:00+00:00,audusd,0.73025,0.73079,0.72968,0.730145
2021-08-30 04:00:00+00:00,audusd,0.73041,0.73073,0.73003,0.730255
2021-08-30 05:00:00+00:00,audusd,0.72958,0.730595,0.72957,0.73042
2021-08-30 06:00:00+00:00,audusd,0.72911,0.72983,0.72847,0.72959
2021-08-30 07:00:00+00:00,audusd,0.730395,0.73046,0.72907,0.729105
2021-08-30 08:00:00+00:00,audusd,0.72964,0.73068,0.72947,0.73039
2021-08-30 09:00:00+00:00,audusd,0.72912,0.729745,0.72877,0.729645
2021-08-30 10:00:00+00:00,audusd,0.72948,0.72954,0.72907,0.729125
2021-08-30 11:00:00+00:00,audusd,0.72979,0.72982,0.72903,0.729485
2021-08-30 12:00:00+00:00,audusd,0.72939,0.730495,0.72928,0.7298
2021-08-30 13:00:00+00:00,audusd,0.72933,0.73053,0.72924,0.729395
2021-08-30 14:00:00+00:00,audusd,0.72998,0.73018,0.72879,0.72934
2021-08-30 15:00:00+00:00,audusd,0.72941,0.73019,0.729,0.729975
2021-08-30 16:00:00+00:00,audusd,0.729375,0.72953,0.72913,0.729415
2021-08-30 17:00:00+00:00,audusd,0.72944,0.72954,0.72918,0.72938
2021-08-30 18:00:00+00:00,audusd,0.72981,0.72995,0.729285,0.729445
2021-08-30 19:00:00+00:00,audusd,0.729545,0.72985,0.72934,0.729805
2021-08-30 20:00:00+00:00,audusd,0.72964,0.7297,0.729405,0.72954
2021-08-30 21:00:00+00:00,audusd,0.72959,0.72962,0.72929,0.72929
2021-08-30 22:00:00+00:00,audusd,0.72934,0.72969,0.72933,0.72957
2021-08-30 23:00:00+00:00,audusd,0.72902,0.72952,0.72897,0.72935
2021-08-31 00:00:00+00:00,audusd,0.72981,0.73026,0.72883,0.72901
2021-08-31 01:00:00+00:00,audusd,0.72971,0.73025,0.72884,0.729815
2021-08-31 02:00:00+00:00,audusd,0.729245,0.72985,0.72893,0.7297
2021-08-31 03:00:00+00:00,audusd,0.73081,0.730975,0.72913,0.72925
2021-08-31 04:00:00+00:00,audusd,0.7311,0.73113,0.7304,0.7308
2021-08-31 05:00:00+00:00,audusd,0.73348,0.73348,0.73109,0.731105
2021-08-31 06:00:00+00:00,audusd,0.73333,0.73415,0.73323,0.733475
2021-08-31 07:00:00+00:00,audusd,0.733075,0.73378,0.73267,0.733325
2021-08-31 08:00:00+00:00,audusd,0.73277,0.733355,0.73274,0.73307
2021-08-31 09:00:00+00:00,audusd,0.73273,0.73362,0.73268,0.73276
2021-08-31 10:00:00+00:00,audusd,0.7326,0.73344,0.732315,0.73272
2021-08-31 11:00:00+00:00,audusd,0.732825,0.73315,0.732355,0.732595
2021-08-31 12:00:00+00:00,audusd,0.732415,0.732895,0.73181,0.73283
2021-08-31 13:00:00+00:00,audusd,0.73108,0.73259,0.73083,0.73242
2021-08-31 14:00:00+00:00,audusd,0.73084,0.73255,0.73067,0.73107
2021-08-31 15:00:00+00:00,audusd,0.73073,0.73119,0.73031,0.73097
2021-08-31 16:00:00+00:00,audusd,0.73115,0.73125,0.73059,0.73074
2021-08-31 17:00:00+00:00,audusd,0.731195,0.73132,0.73074,0.731145
2021-08-31 18:00:00+00:00,audusd,0.73205,0.73209,0.7311,0.73119
2021-08-31 19:00:00+00:00,audusd,0.731415,0.73206,0.73115,0.73206
2021-08-31 20:00:00+00:00,audusd,0.73157,0.73178,0.73131,0.73142
2021-08-31 21:00:00+00:00,audusd,0.73146,0.73168,0.73123,0.731615
2021-08-31 22:00:00+00:00,audusd,0.73169,0.73172,0.73134,0.731455
2021-08-31 23:00:00+00:00,audusd,0.731785,0.732,0.73155,0.7317
2021-09-01 00:00:00+00:00,audusd,0.73112,0.7324,0.730945,0.73179
2021-09-01 01:00:00+00:00,audusd,0.73168,0.731995,0.730815,0.73113
2021-09-01 02:00:00+00:00,audusd,0.73171,0.73211,0.73119,0.731685
2021-09-01 03:00:00+00:00,audusd,0.73159,0.73187,0.73094,0.731715
2021-09-01 04:00:00+00:00,audusd,0.73129,0.73194,0.731255,0.73158
2021-09-01 05:00:00+00:00,audusd,0.73245,0.73248,0.73117,0.731295
2021-09-01 06:00:00+00:00,audusd,0.73327,0.73353,0.73233,0.732455
2021-09-01 07:00:00+00:00,audusd,0.73465,0.73494,0.733135,0.73328
2021-09-01 08:00:00+00:00,audusd,0.7347,0.73474,0.73409,0.734655
2021-09-01 09:00:00+00:00,audusd,0.73381,0.7348,0.73329,0.73469
2021-09-01 10:00:00+00:00,audusd,0.7342,0.73425,0.73345,0.7338
2021-09-01 11:00:00+00:00,audusd,0.73417,0.73449,0.73385,0.73419
2021-09-01 12:00:00+00:00,audusd,0.73524,0.7353,0.73416,0.73416
2021-09-01 13:00:00+00:00,audusd,0.73643,0.73678,0.7345,0.73525
2021-09-01 14:00:00+00:00,audusd,0.73716,0.73734,0.73568,0.73642
2021-09-01 15:00:00+00:00,audusd,0.7368,0.73722,0.73638,0.737155
2021-09-01 16:00:00+00:00,audusd,0.7376,0.738395,0.73679,0.736795
2021-09-01 17:00:00+00:00,audusd,0.737455,0.73777,0.73732,0.73761
2021-09-01 18:00:00+00:00,audusd,0.73746,0.7377,0.736995,0.73746
2021-09-01 19:00:00+00:00,audusd,0.736645,0.73749,0.73654,0.737455
2021-09-01 20:00:00+00:00,audusd,0.73665,0.736885,0.73647,0.73664
2021-09-01 21:00:00+00:00,audusd,0.73681,0.73694,0.73636,0.73687
2021-09-01 22:00:00+00:00,audusd,0.736765,0.73684,0.73666,0.736815
2021-09-01 23:00:00+00:00,audusd,0.73662,0.73687,0.73655,0.73677
2021-09-02 00:00:00+00:00,audusd,0.7362,0.7374,0.73585,0.73661
2021-09-02 01:00:00+00:00,audusd,0.73579,0.73667,0.73564,0.736195
2021-09-02 02:00:00+00:00,audusd,0.735945,0.73643,0.7356,0.73578
2021-09-02 03:00:00+00:00,audusd,0.73657,0.73662,0.73586,0.735955
2021-09-02 04:00:00+00:00,audusd,0.73677,0.736775,0.73621,0.73656
2021-09-02 05:00:00+00:00,audusd,0.738005,0.7381,0.73668,0.736765
2021-09-02 06:00:00+00:00,audusd,0.738775,0.73888,0.73758,0.738
2021-09-02 07:00:00+00:00,audusd,0.738695,0.73887,0.73798,0.73877
2021-09-02 08:00:00+00:00,audusd,0.738895,0.73896,0.738205,0.73869
2021-09-02 09:00:00+00:00,audusd,0.7388,0.73895,0.73826,0.73889
2021-09-02 10:00:00+00:00,audusd,0.738715,0.739265,0.73838,0.73879
2021-09-02 11:00:00+00:00,audusd,0.7388,0.73911,0.73832,0.73872
2021-09-02 12:00:00+00:00,audusd,0.73956,0.73967,0.73822,0.73881
2021-09-02 13:00:00+00:00,audusd,0.740455,0.74089,0.73903,0.73957
2021-09-02 14:00:00+00:00,audusd,0.74077,0.74096,0.7394,0.74046
2021-09-02 15:00:00+00:00,audusd,0.740005,0.740795,0.7399,0.740775
2021-09-02 16:00:00+00:00,audusd,0.7402,0.74031,0.739945,0.74001
2021-09-02 17:00:00+00:00,audusd,0.7402,0.7403,0.73976,0.740195
2021-09-02 18:00:00+00:00,audusd,0.740375,0.740415,0.73986,0.740195
2021-09-02 19:00:00+00:00,audusd,0.74034,0.74041,0.74,0.74037
2021-09-02 20:00:00+00:00,audusd,0.73999,0.740345,0.73999,0.740335
2021-09-02 21:00:00+00:00,audusd,0.74015,0.740395,0.73997,0.74023
2021-09-02 22:00:00+00:00,audusd,0.74033,0.74045,0.740125,0.740145
2021-09-02 23:00:00+00:00,audusd,0.73976,0.74035,0.73975,0.740335
2021-09-03 00:00:00+00:00,audusd,0.74044,0.74055,0.739555,0.73977
2021-09-03 01:00:00+00:00,audusd,0.740125,0.74063,0.73959,0.74043
2021-09-03 02:00:00+00:00,audusd,0.740675,0.74089,0.74013,0.74013
2021-09-03 03:00:00+00:00,audusd,0.74021,0.74075,0.73988,0.74068
2021-09-03 04:00:00+00:00,audusd,0.74068,0.74071,0.74018,0.74022
2021-09-03 05:00:00+00:00,audusd,0.74222,0.7423,0.7405,0.74067
2021-09-03 06:00:00+00:00,audusd,0.74224,0.742605,0.74166,0.74223
2021-09-03 07:00:00+00:00,audusd,0.74296,0.74297,0.7419,0.742245
2021-09-03 08:00:00+00:00,audusd,0.74333,0.743775,0.74287,0.742955
2021-09-03 09:00:00+00:00,audusd,0.74331,0.74367,0.74296,0.743325
2021-09-03 10:00:00+00:00,audusd,0.74296,0.74352,0.74293,0.74332
2021-09-03 11:00:00+00:00,audusd,0.7437,0.74396,0.74295,0.742955
2021-09-03 12:00:00+00:00,audusd,0.744785,0.74776,0.7435,0.743705
2021-09-03 13:00:00+00:00,audusd,0.744585,0.74673,0.7432,0.74479
2021-09-03 14:00:00+00:00,audusd,0.74445,0.7451,0.743545,0.74458
2021-09-03 15:00:00+00:00,audusd,0.74417,0.74532,0.74399,0.744445
2021-09-03 16:00:00+00:00,audusd,0.7453,0.745365,0.74407,0.74418
2021-09-03 17:00:00+00:00,audusd,0.7462,0.74642,0.74525,0.745295
2021-09-03 18:00:00+00:00,audusd,0.745895,0.74636,0.745855,0.746195
2021-09-03 19:00:00+00:00,audusd,0.74523,0.74595,0.745195,0.7459
2021-09-03 20:00:00+00:00,audusd,0.74496,0.745615,0.74466,0.74522
2021-09-05 21:00:00+00:00,audusd,0.7455,0.74594,0.74512,0.74575
2021-09-05 22:00:00+00:00,audusd,0.74506,0.74586,0.74495,0.74569
2021-09-05 23:00:00+00:00,audusd,0.74431,0.74525,0.74431,0.74507
2021-09-06 00:00:00+00:00,audusd,0.743605,0.74437,0.74332,0.744315
2021-09-06 01:00:00+00:00,audusd,0.74392,0.74429,0.7433,0.7436
2021-09-06 02:00:00+00:00,audusd,0.74362,0.74412,0.74339,0.74393
2021-09-06 03:00:00+00:00,audusd,0.7436,0.7437,0.74304,0.74363
2021-09-06 04:00:00+00:00,audusd,0.74293,0.74374,0.74284,0.743595
2021-09-06 05:00:00+00:00,audusd,0.74368,0.74409,0.742735,0.742935
2021-09-06 06:00:00+00:00,audusd,0.74364,0.74416,0.74332,0.74369
2021-09-06 07:00:00+00:00,audusd,0.74318,0.74431,0.74298,0.743645
2021-09-06 08:00:00+00:00,audusd,0.743415,0.74385,0.742985,0.743175
2021-09-06 09:00:00+00:00,audusd,0.742845,0.74364,0.74266,0.74342
2021-09-06 10:00:00+00:00,audusd,0.743445,0.74363,0.742835,0.74285
2021-09-06 11:00:00+00:00,audusd,0.74395,0.74405,0.74334,0.74345
2021-09-06 12:00:00+00:00,audusd,0.74361,0.744015,0.74325,0.743955
2021-09-06 13:00:00+00:00,audusd,0.74394,0.74398,0.7434,0.743605
2021-09-06 14:00:00+00:00,audusd,0.74325,0.744085,0.74293,0.74395
2021-09-06 15:00:00+00:00,audusd,0.74355,0.74374,0.74318,0.743245
2021-09-06 16:00:00+00:00,audusd,0.74359,0.74388,0.74351,0.743545
2021-09-06 17:00:00+00:00,audusd,0.74359,0.744035,0.74335,0.74361
2021-09-06 18:00:00+00:00,audusd,0.74348,0.743615,0.74333,0.743595
2021-09-06 19:00:00+00:00,audusd,0.74376,0.74381,0.74327,0.74347
2021-09-06 20:00:00+00:00,audusd,0.744005,0.74403,0.74338,0.74379
2021-09-06 21:00:00+00:00,audusd,0.74381,0.74394,0.74359,0.74384
2021-09-06 22:00:00+00:00,audusd,0.74366,0.74399,0.74364,0.7438
2021-09-06 23:00:00+00:00,audusd,0.74365,0.743975,0.74353,0.74367
2021-09-07 00:00:00+00:00,audusd,0.74507,0.74546,0.743595,0.74364
2021-09-07 01:00:00+00:00,audusd,0.74537,0.74567,0.74499,0.745065
2021-09-07 02:00:00+00:00,audusd,0.74486,0.74541,0.74463,0.745365
2021-09-07 03:00:00+00:00,audusd,0.74394,0.74501,0.74373,0.74485
2021-09-07 04:00:00+00:00,audusd,0.743305,0.74672,0.74313,0.743945
2021-09-07 05:00:00+00:00,audusd,0.74228,0.743335,0.74115,0.7433
2021-09-07 06:00:00+00:00,audusd,0.74248,0.74252,0.74105,0.74229
2021-09-07 07:00:00+00:00,audusd,0.742555,0.74367,0.742095,0.742475
2021-09-07 08:00:00+00:00,audusd,0.74165,0.74255,0.74044,0.74255
2021-09-07 09:00:00+00:00,audusd,0.7401,0.741735,0.73992,0.741655
2021-09-07 10:00:00+00:00,audusd,0.7398,0.74041,0.73934,0.740095
2021-09-07 11:00:00+00:00,audusd,0.739365,0.74056,0.739095,0.739805
2021-09-07 12:00:00+00:00,audusd,0.73951,0.74047,0.73909,0.73936
2021-09-07 13:00:00+00:00,audusd,0.73944,0.74002,0.73889,0.739505
2021-09-07 14:00:00+00:00,audusd,0.73857,0.739635,0.73748,0.73939
2021-09-07 15:00:00+00:00,audusd,0.73928,0.739625,0.73823,0.738575
2021-09-07 16:00:00+00:00,audusd,0.73932,0.73973,0.73902,0.73929
2021-09-07 17:00:00+00:00,audusd,0.739365,0.73952,0.73903,0.739315
2021-09-07 18:00:00+00:00,audusd,0.738865,0.73951,0.73882,0.73937
2021-09-07 19:00:00+00:00,audusd,0.738535,0.73907,0.73833,0.73886
2021-09-07 20:00:00+00:00,audusd,0.73868,0.73893,0.738495,0.73853
2021-09-07 21:00:00+00:00,audusd,0.73869,0.7393,0.73854,0.738715
2021-09-07 22:00:00+00:00,audusd,0.73882,0.73896,0.7387,0.7387
2021-09-07 23:00:00+00:00,audusd,0.73865,0.73893,0.73862,0.738825
2021-09-08 00:00:00+00:00,audusd,0.73951,0.73954,0.73837,0.73866
2021-09-08 01:00:00+00:00,audusd,0.73996,0.740415,0.73912,0.7395
2021-09-08 02:00:00+00:00,audusd,0.7394,0.74005,0.73916,0.739965
2021-09-08 03:00:00+00:00,audusd,0.73883,0.73966,0.73841,0.73939
2021-09-08 04:00:00+00:00,audusd,0.738615,0.739115,0.73855,0.738835
2021-09-08 05:00:00+00:00,audusd,0.73847,0.73889,0.73821,0.73862
2021-09-08 06:00:00+00:00,audusd,0.736945,0.738575,0.736875,0.738475
2021-09-08 07:00:00+00:00,audusd,0.73643,0.73746,0.73633,0.73694
2021-09-08 08:00:00+00:00,audusd,0.73628,0.73657,0.73491,0.736435
2021-09-08 09:00:00+00:00,audusd,0.7369,0.73728,0.73606,0.736285
2021-09-08 10:00:00+00:00,audusd,0.73752,0.73785,0.73686,0.73691
2021-09-08 11:00:00+00:00,audusd,0.73772,0.73837,0.7375,0.73751
2021-09-08 12:00:00+00:00,audusd,0.737925,0.73855,0.73746,0.737725
2021-09-08 13:00:00+00:00,audusd,0.73715,0.73822,0.73655,0.73792
2021-09-08 14:00:00+00:00,audusd,0.73598,0.73749,0.73452,0.737155
2021-09-08 15:00:00+00:00,audusd,0.73688,0.73717,0.73578,0.73583
2021-09-08 16:00:00+00:00,audusd,0.73729,0.738215,0.736585,0.73687
2021-09-08 17:00:00+00:00,audusd,0.73762,0.737805,0.73677,0.737295
2021-09-08 18:00:00+00:00,audusd,0.73743,0.73809,0.73728,0.73761
2021-09-08 19:00:00+00:00,audusd,0.73682,0.73752,0.73677,0.737435
2021-09-08 20:00:00+00:00,audusd,0.73652,0.73701,0.73648,0.736815
2021-09-08 21:00:00+00:00,audusd,0.73665,0.73673,0.73646,0.7365
2021-09-08 22:00:00+00:00,audusd,0.73669,0.73698,0.736495,0.73666
2021-09-08 23:00:00+00:00,audusd,0.73613,0.73669,0.73607,0.736685
2021-09-09 00:00:00+00:00,audusd,0.73545,0.736125,0.735025,0.736125
2021-09-09 01:00:00+00:00,audusd,0.73563,0.73586,0.73511,0.73546
2021-09-09 02:00:00+00:00,audusd,0.73588,0.73664,0.73558,0.73564
2021-09-09 03:00:00+00:00,audusd,0.73559,0.73617,0.73556,0.735875
2021-09-09 04:00:00+00:00,audusd,0.73529,0.73569,0.73472,0.735585
2021-09-09 05:00:00+00:00,audusd,0.73483,0.73547,0.73476,0.735295
2021-09-09 06:00:00+00:00,audusd,0.73615,0.73664,0.73472,0.734825
2021-09-09 07:00:00+00:00,audusd,0.7375,0.73794,0.73575,0.736145
2021-09-09 08:00:00+00:00,audusd,0.737785,0.73833,0.73749,0.73749
2021-09-09 09:00:00+00:00,audusd,0.7378,0.738055,0.73698,0.73779
2021-09-09 10:00:00+00:00,audusd,0.7368,0.73784,0.73668,0.737795
2021-09-09 11:00:00+00:00,audusd,0.73831,0.73839,0.73668,0.736805
2021-09-09 12:00:00+00:00,audusd,0.73809,0.73869,0.73693,0.738315
2021-09-09 13:00:00+00:00,audusd,0.73859,0.73942,0.73743,0.738085
2021-09-09 14:00:00+00:00,audusd,0.73798,0.739335,0.73788,0.738585
2021-09-09 15:00:00+00:00,audusd,0.73799,0.73809,0.73734,0.73806
2021-09-09 16:00:00+00:00,audusd,0.73804,0.73826,0.737525,0.737995
2021-09-09 17:00:00+00:00,audusd,0.73739,0.73879,0.73685,0.738035
2021-09-09 18:00:00+00:00,audusd,0.73709,0.73747,0.73672,0.7374
2021-09-09 19:00:00+00:00,audusd,0.736885,0.73733,0.736855,0.737095
2021-09-09 20:00:00+00:00,audusd,0.73677,0.73702,0.73658,0.73689
2021-09-09 21:00:00+00:00,audusd,0.73696,0.73714,0.73668,0.736815
2021-09-09 22:00:00+00:00,audusd,0.73671,0.736965,0.7367,0.736955
2021-09-09 23:00:00+00:00,audusd,0.7368,0.737025,0.73654,0.736715
2021-09-10 00:00:00+00:00,audusd,0.73691,0.73773,0.73677,0.73681
2021-09-10 01:00:00+00:00,audusd,0.73651,0.73692,0.73601,0.736905
2021-09-10 02:00:00+00:00,audusd,0.73856,0.7387,0.73643,0.736515
2021-09-10 03:00:00+00:00,audusd,0.73841,0.73867,0.73815,0.73857
2021-09-10 04:00:00+00:00,audusd,0.738475,0.7387,0.73783,0.738405
2021-09-10 05:00:00+00:00,audusd,0.73815,0.73895,0.7381,0.73847
2021-09-10 06:00:00+00:00,audusd,0.73809,0.73824,0.737495,0.73815
2021-09-10 07:00:00+00:00,audusd,0.73991,0.73991,0.73769,0.73808
2021-09-10 08:00:00+00:00,audusd,0.74082,0.74098,0.73986,0.7399
2021-09-10 09:00:00+00:00,audusd,0.73951,0.74093,0.73944,0.740815
2021-09-10 10:00:00+00:00,audusd,0.7397,0.739935,0.73934,0.739505
2021-09-10 11:00:00+00:00,audusd,0.7399,0.74025,0.73954,0.73969
2021-09-10 12:00:00+00:00,audusd,0.74016,0.74088,0.739835,0.73989
2021-09-10 13:00:00+00:00,audusd,0.73986,0.74032,0.73932,0.740155
2021-09-10 14:00:00+00:00,audusd,0.73752,0.73993,0.73733,0.739865
2021-09-10 15:00:00+00:00,audusd,0.736605,0.737845,0.73611,0.73777
2021-09-10 16:00:00+00:00,audusd,0.73727,0.73741,0.7362,0.7366
2021-09-10 17:00:00+00:00,audusd,0.73666,0.73747,0.73646,0.737275
2021-09-10 18:00:00+00:00,audusd,0.73642,0.73677,0.73626,0.736665
2021-09-10 19:00:00+00:00,audusd,0.73511,0.73645,0.73505,0.736425
2021-09-10 20:00:00+00:00,audusd,0.73569,0.73578,0.73486,0.735125
2021-09-12 21:00:00+00:00,audusd,0.735535,0.73614,0.735055,0.73577
2021-09-12 22:00:00+00:00,audusd,0.736825,0.73684,0.7354,0.73553
2021-09-12 23:00:00+00:00,audusd,0.73655,0.73684,0.73632,0.73682
2021-09-13 00:00:00+00:00,audusd,0.73609,0.736855,0.73568,0.73656
2021-09-13 01:00:00+00:00,audusd,0.73579,0.736415,0.73569,0.7361
2021-09-13 02:00:00+00:00,audusd,0.73606,0.73611,0.73547,0.735795
2021-09-13 03:00:00+00:00,audusd,0.73556,0.7364,0.73547,0.73607
2021-09-13 04:00:00+00:00,audusd,0.734585,0.73589,0.73421,0.73557
2021-09-13 05:00:00+00:00,audusd,0.73476,0.73478,0.733645,0.73458
2021-09-13 06:00:00+00:00,audusd,0.73487,0.73565,0.73418,0.734765
2021-09-13 07:00:00+00:00,audusd,0.73588,0.73628,0.73422,0.73486
2021-09-13 08:00:00+00:00,audusd,0.73604,0.73636,0.73568,0.735885
2021-09-13 09:00:00+00:00,audusd,0.73599,0.7362,0.73549,0.736045
2021-09-13 10:00:00+00:00,audusd,0.73501,0.7362,0.73498,0.736
2021-09-13 11:00:00+00:00,audusd,0.73471,0.73525,0.734655,0.735005
2021-09-13 13:00:00+00:00,audusd,0.73682,0.737455,0.735965,0.73673
2021-09-13 14:00:00+00:00,audusd,0.73726,0.737385,0.73562,0.736825
2021-09-13 15:00:00+00:00,audusd,0.73701,0.737585,0.73646,0.737255
2021-09-13 16:00:00+00:00,audusd,0.7365,0.73713,0.73641,0.737015
2021-09-13 17:00:00+00:00,audusd,0.735925,0.73657,0.73582,0.736495
2021-09-13 18:00:00+00:00,audusd,0.73611,0.73616,0.73542,0.73593
2021-09-13 19:00:00+00:00,audusd,0.73661,0.736715,0.73546,0.7361
2021-09-13 20:00:00+00:00,audusd,0.73694,0.73727,0.736565,0.736605
2021-09-13 21:00:00+00:00,audusd,0.73701,0.73714,0.736515,0.736955
2021-09-13 22:00:00+00:00,audusd,0.7369,0.73711,0.73686,0.737
2021-09-13 23:00:00+00:00,audusd,0.73658,0.73701,0.73653,0.73691
2021-09-14 00:00:00+00:00,audusd,0.73633,0.73705,0.735875,0.73657
2021-09-14 01:00:00+00:00,audusd,0.7362,0.73729,0.735965,0.736325
2021-09-14 02:00:00+00:00,audusd,0.73703,0.73736,0.736005,0.736205
2021-09-14 03:00:00+00:00,audusd,0.73528,0.737065,0.7348,0.73704
2021-09-14 04:00:00+00:00,audusd,0.73443,0.73549,0.73417,0.73529
2021-09-14 05:00:00+00:00,audusd,0.73386,0.73474,0.73379,0.734435
2021-09-14 06:00:00+00:00,audusd,0.73345,0.73394,0.73306,0.73387
2021-09-14 07:00:00+00:00,audusd,0.73503,0.73541,0.73335,0.733455
2021-09-14 08:00:00+00:00,audusd,0.73424,0.73526,0.734235,0.735025
2021-09-14 09:00:00+00:00,audusd,0.733375,0.73448,0.73314,0.734245
2021-09-14 10:00:00+00:00,audusd,0.7332,0.73368,0.73305,0.73337
2021-09-14 11:00:00+00:00,audusd,0.73301,0.733395,0.73245,0.733205
2021-09-14 12:00:00+00:00,audusd,0.73595,0.73649,0.732745,0.733015
2021-09-14 13:00:00+00:00,audusd,0.73449,0.73692,0.73425,0.73596
2021-09-14 14:00:00+00:00,audusd,0.732935,0.7345,0.73241,0.734495
2021-09-14 15:00:00+00:00,audusd,0.733415,0.73363,0.73275,0.73294
2021-09-14 16:00:00+00:00,audusd,0.73313,0.73389,0.73308,0.73341
2021-09-14 17:00:00+00:00,audusd,0.73339,0.7336,0.732565,0.733125
2021-09-14 18:00:00+00:00,audusd,0.73189,0.73345,0.73162,0.733385
2021-09-14 19:00:00+00:00,audusd,0.73198,0.73208,0.73135,0.731885
2021-09-14 20:00:00+00:00,audusd,0.732005,0.732285,0.73194,0.731985
2021-09-14 21:00:00+00:00,audusd,0.73204,0.73218,0.73186,0.73203
2021-09-14 22:00:00+00:00,audusd,0.73195,0.73229,0.73194,0.732035
2021-09-14 23:00:00+00:00,audusd,0.73169,0.73198,0.73164,0.73196
2021-09-15 00:00:00+00:00,audusd,0.73137,0.73211,0.73122,0.731695
2021-09-15 01:00:00+00:00,audusd,0.73087,0.731875,0.7306,0.731375
2021-09-15 02:00:00+00:00,audusd,0.73186,0.73187,0.73014,0.730875
2021-09-15 03:00:00+00:00,audusd,0.732135,0.73247,0.73161,0.731865
2021-09-15 04:00:00+00:00,audusd,0.73271,0.73292,0.732075,0.73215
2021-09-15 05:00:00+00:00,audusd,0.73213,0.73276,0.73076,0.732715
2021-09-15 06:00:00+00:00,audusd,0.73226,0.73251,0.73084,0.732135
2021-09-15 07:00:00+00:00,audusd,0.73215,0.73306,0.73172,0.732255
2021-09-15 08:00:00+00:00,audusd,0.733,0.73319,0.73216,0.73216
2021-09-15 09:00:00+00:00,audusd,0.733315,0.733675,0.73267,0.73299
2021-09-15 10:00:00+00:00,audusd,0.73278,0.7335,0.73273,0.73331
2021-09-15 11:00:00+00:00,audusd,0.73183,0.73292,0.73148,0.732785
2021-09-15 12:00:00+00:00,audusd,0.73178,0.73248,0.731575,0.731835
2021-09-15 13:00:00+00:00,audusd,0.73351,0.73368,0.731565,0.731785
2021-09-15 14:00:00+00:00,audusd,0.73261,0.733915,0.73197,0.73352
2021-09-15 15:00:00+00:00,audusd,0.73238,0.73296,0.7322,0.73262
2021-09-15 16:00:00+00:00,audusd,0.73233,0.73259,0.732025,0.732375
2021-09-15 17:00:00+00:00,audusd,0.732775,0.73328,0.73231,0.732335
2021-09-15 18:00:00+00:00,audusd,0.73253,0.73308,0.73253,0.73277
2021-09-15 19:00:00+00:00,audusd,0.73338,0.73341,0.7324,0.732535
2021-09-15 20:00:00+00:00,audusd,0.733265,0.73344,0.73314,0.733375
2021-09-15 21:00:00+00:00,audusd,0.73322,0.733425,0.73321,0.73336
2021-09-15 22:00:00+00:00,audusd,0.734295,0.734305,0.73321,0.73323
2021-09-15 23:00:00+00:00,audusd,0.73413,0.73442,0.73375,0.73429
2021-09-16 00:00:00+00:00,audusd,0.73429,0.73441,0.73359,0.73411
2021-09-16 01:00:00+00:00,audusd,0.73362,0.73475,0.73347,0.7343
2021-09-16 02:00:00+00:00,audusd,0.73296,0.733645,0.73259,0.73361
2021-09-16 03:00:00+00:00,audusd,0.73243,0.733125,0.7321,0.732955
2021-09-16 04:00:00+00:00,audusd,0.73241,0.73267,0.73224,0.732435
2021-09-16 05:00:00+00:00,audusd,0.731565,0.73272,0.73156,0.732415
2021-09-16 06:00:00+00:00,audusd,0.73111,0.73232,0.73103,0.73156
2021-09-16 07:00:00+00:00,audusd,0.7314,0.73245,0.7309,0.7311
2021-09-16 08:00:00+00:00,audusd,0.73177,0.73188,0.73097,0.731395
2021-09-16 09:00:00+00:00,audusd,0.73161,0.7321,0.73104,0.731775
2021-09-16 10:00:00+00:00,audusd,0.73176,0.73176,0.73119,0.7316
2021-09-16 11:00:00+00:00,audusd,0.73202,0.73227,0.73169,0.73175
2021-09-16 12:00:00+00:00,audusd,0.730625,0.73228,0.73034,0.73201
2021-09-16 13:00:00+00:00,audusd,0.72918,0.73078,0.72873,0.73062
2021-09-16 14:00:00+00:00,audusd,0.72774,0.729175,0.72742,0.729175
2021-09-16 15:00:00+00:00,audusd,0.72874,0.72879,0.72755,0.72782
2021-09-16 16:00:00+00:00,audusd,0.72876,0.72907,0.728525,0.72873
2021-09-16 17:00:00+00:00,audusd,0.72918,0.72924,0.72839,0.728755
2021-09-16 18:00:00+00:00,audusd,0.72951,0.7296,0.72905,0.72917
2021-09-16 19:00:00+00:00,audusd,0.72945,0.73018,0.729125,0.729505
2021-09-16 20:00:00+00:00,audusd,0.729275,0.72976,0.72915,0.72944
2021-09-16 21:00:00+00:00,audusd,0.72944,0.72983,0.72918,0.72951
2021-09-16 22:00:00+00:00,audusd,0.72966,0.72969,0.729325,0.72942
2021-09-16 23:00:00+00:00,audusd,0.729075,0.72975,0.72903,0.72967
2021-09-17 01:00:00+00:00,audusd,0.72829,0.728375,0.72814,0.72837
2021-09-17 02:00:00+00:00,audusd,0.72908,0.72916,0.72818,0.728295
2021-09-17 03:00:00+00:00,audusd,0.72959,0.729885,0.72894,0.729085
2021-09-17 04:00:00+00:00,audusd,0.73023,0.73025,0.72953,0.72953
2021-09-17 05:00:00+00:00,audusd,0.73032,0.73073,0.73014,0.73022
2021-09-17 06:00:00+00:00,audusd,0.7309,0.731,0.7301,0.73031
2021-09-17 07:00:00+00:00,audusd,0.73168,0.731755,0.73079,0.730905
2021-09-17 08:00:00+00:00,audusd,0.73174,0.73219,0.73135,0.731685
2021-09-17 09:00:00+00:00,audusd,0.73099,0.73199,0.73065,0.73173
2021-09-17 10:00:00+00:00,audusd,0.73035,0.73099,0.72989,0.730985
2021-09-17 11:00:00+00:00,audusd,0.73095,0.73108,0.730205,0.730355
2021-09-17 12:00:00+00:00,audusd,0.73109,0.73185,0.7308,0.73096
2021-09-17 13:00:00+00:00,audusd,0.7291,0.731395,0.72901,0.73108
2021-09-17 14:00:00+00:00,audusd,0.727425,0.729295,0.72681,0.729095
2021-09-17 15:00:00+00:00,audusd,0.72754,0.727875,0.72661,0.72743
2021-09-17 16:00:00+00:00,audusd,0.727405,0.72821,0.72735,0.727535
2021-09-17 17:00:00+00:00,audusd,0.72676,0.72755,0.72665,0.72741
2021-09-17 18:00:00+00:00,audusd,0.727205,0.727555,0.72666,0.72675
2021-09-17 19:00:00+00:00,audusd,0.72723,0.72759,0.72699,0.72721
2021-09-17 20:00:00+00:00,audusd,0.72715,0.727225,0.72624,0.72722
2021-09-19 21:00:00+00:00,audusd,0.72649,0.72654,0.72619,0.726325
2021-09-19 22:00:00+00:00,audusd,0.7265,0.726745,0.72595,0.72648
2021-09-19 23:00:00+00:00,audusd,0.72636,0.72656,0.726005,0.726495
2021-09-20 00:00:00+00:00,audusd,0.72601,0.726855,0.725915,0.726345
2021-09-20 01:00:00+00:00,audusd,0.72433,0.72601,0.72432,0.726005
2021-09-20 02:00:00+00:00,audusd,0.723155,0.72444,0.72267,0.72434
2021-09-20 03:00:00+00:00,audusd,0.72324,0.72368,0.723035,0.72315
2021-09-20 04:00:00+00:00,audusd,0.72324,0.72359,0.72309,0.723245
2021-09-20 05:00:00+00:00,audusd,0.72417,0.72435,0.723135,0.723235
2021-09-20 06:00:00+00:00,audusd,0.72339,0.724175,0.72284,0.72417
2021-09-20 07:00:00+00:00,audusd,0.72375,0.72413,0.72275,0.7234
2021-09-20 08:00:00+00:00,audusd,0.7234,0.72403,0.72304,0.72376
2021-09-20 09:00:00+00:00,audusd,0.723255,0.72362,0.72263,0.723395
2021-09-20 10:00:00+00:00,audusd,0.72394,0.72434,0.72323,0.72325
2021-09-20 11:00:00+00:00,audusd,0.72238,0.72399,0.72219,0.723945
2021-09-20 12:00:00+00:00,audusd,0.724675,0.725,0.72202,0.722375
2021-09-20 13:00:00+00:00,audusd,0.72538,0.72629,0.72432,0.72468
2021-09-20 14:00:00+00:00,audusd,0.72538,0.726095,0.72431,0.725375
2021-09-20 15:00:00+00:00,audusd,0.72467,0.72616,0.72452,0.725385
2021-09-20 16:00:00+00:00,audusd,0.7238,0.724715,0.7238,0.724665
2021-09-20 17:00:00+00:00,audusd,0.72445,0.724855,0.72346,0.723795
2021-09-20 18:00:00+00:00,audusd,0.72383,0.724655,0.72345,0.72446
2021-09-20 19:00:00+00:00,audusd,0.72628,0.726375,0.72356,0.723835
2021-09-20 20:00:00+00:00,audusd,0.72597,0.72647,0.72597,0.72629
2021-09-20 22:00:00+00:00,audusd,0.72594,0.72607,0.72547,0.7256
2021-09-20 23:00:00+00:00,audusd,0.72597,0.72615,0.72523,0.72593
2021-09-21 00:00:00+00:00,audusd,0.72526,0.72633,0.72511,0.725965
2021-09-21 01:00:00+00:00,audusd,0.72659,0.72686,0.72494,0.725255
2021-09-21 02:00:00+00:00,audusd,0.72672,0.72688,0.72638,0.726595
2021-09-21 03:00:00+00:00,audusd,0.72683,0.72696,0.72572,0.726715
2021-09-21 04:00:00+00:00,audusd,0.72742,0.72766,0.72678,0.72682
2021-09-21 05:00:00+00:00,audusd,0.72675,0.72759,0.726425,0.72743
2021-09-21 06:00:00+00:00,audusd,0.72712,0.72779,0.72642,0.726745
2021-09-21 07:00:00+00:00,audusd,0.72703,0.72754,0.72658,0.727115
2021-09-21 08:00:00+00:00,audusd,0.72778,0.72832,0.72683,0.727025
2021-09-21 09:00:00+00:00,audusd,0.72788,0.72799,0.727365,0.72779
2021-09-21 10:00:00+00:00,audusd,0.726335,0.727945,0.726325,0.72789
2021-09-21 11:00:00+00:00,audusd,0.726415,0.72694,0.72582,0.72633
2021-09-21 12:00:00+00:00,audusd,0.7249,0.72648,0.72443,0.72642
2021-09-21 13:00:00+00:00,audusd,0.72435,0.725105,0.723465,0.724895
2021-09-21 14:00:00+00:00,audusd,0.72239,0.72443,0.72236,0.724355
2021-09-21 15:00:00+00:00,audusd,0.72402,0.72427,0.72218,0.722395
2021-09-21 16:00:00+00:00,audusd,0.72373,0.72425,0.7233,0.724025
2021-09-21 17:00:00+00:00,audusd,0.72328,0.72388,0.72289,0.72372
2021-09-21 18:00:00+00:00,audusd,0.72354,0.72395,0.72275,0.723275
2021-09-21 19:00:00+00:00,audusd,0.72335,0.72425,0.72331,0.72355
2021-09-21 20:00:00+00:00,audusd,0.72319,0.72345,0.72282,0.72334
2021-09-21 21:00:00+00:00,audusd,0.7233,0.723485,0.722695,0.7232
2021-09-21 22:00:00+00:00,audusd,0.72329,0.72355,0.72326,0.72329
2021-09-21 23:00:00+00:00,audusd,0.722855,0.72331,0.72254,0.7233
2021-09-22 00:00:00+00:00,audusd,0.72308,0.723625,0.72238,0.72285
2021-09-22 01:00:00+00:00,audusd,0.72543,0.72682,0.72298,0.72309
2021-09-22 02:00:00+00:00,audusd,0.72527,0.72551,0.72437,0.725425
2021-09-22 03:00:00+00:00,audusd,0.72394,0.72542,0.723755,0.72526
2021-09-22 04:00:00+00:00,audusd,0.72459,0.72469,0.72386,0.723935
2021-09-22 05:00:00+00:00,audusd,0.72497,0.725475,0.72457,0.724585
2021-09-22 06:00:00+00:00,audusd,0.72533,0.72558,0.72466,0.724975
2021-09-22 07:00:00+00:00,audusd,0.724235,0.72553,0.724085,0.725325
2021-09-22 08:00:00+00:00,audusd,0.72464,0.725,0.7238,0.72424
2021-09-22 09:00:00+00:00,audusd,0.72459,0.72494,0.72419,0.724645
2021-09-22 10:00:00+00:00,audusd,0.72494,0.72544,0.72456,0.7246
2021-09-22 11:00:00+00:00,audusd,0.725,0.725355,0.72447,0.724935
2021-09-22 12:00:00+00:00,audusd,0.72469,0.72529,0.72449,0.72499
2021-09-22 13:00:00+00:00,audusd,0.72466,0.72507,0.72364,0.724695
2021-09-22 14:00:00+00:00,audusd,0.72575,0.72605,0.72454,0.724685
2021-09-22 15:00:00+00:00,audusd,0.72623,0.72655,0.72544,0.725755
2021-09-22 16:00:00+00:00,audusd,0.7261,0.72652,0.72588,0.726235
2021-09-22 17:00:00+00:00,audusd,0.7257,0.72615,0.72535,0.72609
2021-09-22 18:00:00+00:00,audusd,0.72391,0.729515,0.72328,0.72544
2021-09-22 19:00:00+00:00,audusd,0.724,0.726715,0.723235,0.72389
2021-09-22 20:00:00+00:00,audusd,0.72441,0.724615,0.72378,0.724005
2021-09-22 21:00:00+00:00,audusd,0.724,0.7242,0.72384,0.724105
2021-09-22 22:00:00+00:00,audusd,0.72412,0.72426,0.723745,0.72401
2021-09-22 23:00:00+00:00,audusd,0.723235,0.72413,0.72322,0.724125
2021-09-23 00:00:00+00:00,audusd,0.72312,0.72347,0.72273,0.72323
2021-09-23 01:00:00+00:00,audusd,0.723865,0.72398,0.72267,0.72313
2021-09-23 02:00:00+00:00,audusd,0.72234,0.72396,0.72231,0.72387
2021-09-23 03:00:00+00:00,audusd,0.72372,0.72392,0.72234,0.722345
2021-09-23 04:00:00+00:00,audusd,0.724385,0.7244,0.72339,0.72371
2021-09-23 05:00:00+00:00,audusd,0.72435,0.72463,0.72393,0.72438
2021-09-23 06:00:00+00:00,audusd,0.725615,0.72589,0.72394,0.72436
2021-09-23 07:00:00+00:00,audusd,0.72626,0.72634,0.72525,0.72561
2021-09-23 08:00:00+00:00,audusd,0.72734,0.72747,0.725765,0.726255
2021-09-23 09:00:00+00:00,audusd,0.72816,0.72901,0.72721,0.72735
2021-09-23 10:00:00+00:00,audusd,0.727275,0.72881,0.72614,0.72817
2021-09-23 11:00:00+00:00,audusd,0.72786,0.72798,0.72676,0.72727
2021-09-23 12:00:00+00:00,audusd,0.7296,0.72972,0.72717,0.727865
2021-09-23 13:00:00+00:00,audusd,0.72988,0.73059,0.72848,0.72959
2021-09-23 14:00:00+00:00,audusd,0.73086,0.7313,0.72985,0.72989
2021-09-23 15:00:00+00:00,audusd,0.72963,0.73088,0.7293,0.730865
2021-09-23 16:00:00+00:00,audusd,0.73039,0.73071,0.72924,0.729635
2021-09-23 17:00:00+00:00,audusd,0.73146,0.73156,0.730255,0.73038
2021-09-23 18:00:00+00:00,audusd,0.73093,0.731465,0.73056,0.731465
2021-09-23 19:00:00+00:00,audusd,0.73026,0.73096,0.730205,0.730935
2021-09-23 20:00:00+00:00,audusd,0.72955,0.73026,0.729115,0.730255
2021-09-23 21:00:00+00:00,audusd,0.72955,0.729785,0.729335,0.729515
2021-09-23 22:00:00+00:00,audusd,0.7301,0.73016,0.72954,0.72954
2021-09-23 23:00:00+00:00,audusd,0.72969,0.73033,0.72967,0.73009
2021-09-24 00:00:00+00:00,audusd,0.73104,0.73166,0.72969,0.7297
2021-09-24 01:00:00+00:00,audusd,0.72913,0.731135,0.72908,0.73105
2021-09-24 02:00:00+00:00,audusd,0.7293,0.7299,0.72894,0.729125
2021-09-24 03:00:00+00:00,audusd,0.73,0.73026,0.72926,0.729295
2021-09-24 04:00:00+00:00,audusd,0.72959,0.730205,0.72941,0.72999
2021-09-24 05:00:00+00:00,audusd,0.72947,0.729805,0.72925,0.7296
2021-09-24 06:00:00+00:00,audusd,0.72857,0.72992,0.72847,0.729465
2021-09-24 07:00:00+00:00,audusd,0.72798,0.72859,0.72748,0.728575
2021-09-24 08:00:00+00:00,audusd,0.72811,0.72845,0.72694,0.727975
2021-09-24 09:00:00+00:00,audusd,0.72653,0.72818,0.726505,0.728115
2021-09-24 10:00:00+00:00,audusd,0.72655,0.727535,0.72636,0.72654
2021-09-24 11:00:00+00:00,audusd,0.72482,0.72668,0.724765,0.726555
2021-09-24 12:00:00+00:00,audusd,0.72405,0.7252,0.72405,0.72481
2021-09-24 13:00:00+00:00,audusd,0.72562,0.72612,0.72361,0.724055
2021-09-24 14:00:00+00:00,audusd,0.72459,0.7259,0.723895,0.72563
2021-09-24 15:00:00+00:00,audusd,0.72567,0.72577,0.72444,0.7246
2021-09-24 16:00:00+00:00,audusd,0.72594,0.7266,0.72557,0.725675
2021-09-24 17:00:00+00:00,audusd,0.72538,0.72615,0.72535,0.72595
2021-09-24 18:00:00+00:00,audusd,0.725605,0.72575,0.72534,0.725385
2021-09-24 19:00:00+00:00,audusd,0.72557,0.72567,0.72511,0.72561
2021-09-24 20:00:00+00:00,audusd,0.7261,0.726325,0.725545,0.725565
2021-09-26 21:00:00+00:00,audusd,0.72616,0.72658,0.72545,0.7257
2021-09-26 22:00:00+00:00,audusd,0.72614,0.72627,0.725805,0.72615
2021-09-26 23:00:00+00:00,audusd,0.72653,0.72685,0.726,0.726145
2021-09-27 00:00:00+00:00,audusd,0.72766,0.727815,0.72652,0.726525
2021-09-27 01:00:00+00:00,audusd,0.728695,0.72906,0.72759,0.727665
2021-09-27 02:00:00+00:00,audusd,0.72858,0.72896,0.72819,0.7287
2021-09-27 03:00:00+00:00,audusd,0.72785,0.72867,0.7276,0.72857
2021-09-27 04:00:00+00:00,audusd,0.72822,0.72843,0.72771,0.72784
2021-09-27 05:00:00+00:00,audusd,0.72837,0.72858,0.72789,0.728225
2021-09-27 06:00:00+00:00,audusd,0.72739,0.72876,0.72688,0.72838
2021-09-27 07:00:00+00:00,audusd,0.72632,0.72819,0.726265,0.727385
2021-09-27 08:00:00+00:00,audusd,0.72623,0.72679,0.72589,0.72631
2021-09-27 09:00:00+00:00,audusd,0.72602,0.72722,0.72579,0.726225
2021-09-27 10:00:00+00:00,audusd,0.72629,0.72683,0.72551,0.72603
2021-09-27 11:00:00+00:00,audusd,0.725295,0.72659,0.72501,0.726285
2021-09-27 12:00:00+00:00,audusd,0.72663,0.72725,0.72497,0.72529
2021-09-27 13:00:00+00:00,audusd,0.72807,0.72834,0.72589,0.72664
2021-09-27 14:00:00+00:00,audusd,0.72815,0.72868,0.72758,0.728065
2021-09-27 15:00:00+00:00,audusd,0.728395,0.72879,0.727875,0.728155
2021-09-27 16:00:00+00:00,audusd,0.72863,0.72913,0.72814,0.7284
2021-09-27 17:00:00+00:00,audusd,0.72869,0.728935,0.72849,0.728625
2021-09-27 18:00:00+00:00,audusd,0.72865,0.72902,0.72861,0.728695
2021-09-27 19:00:00+00:00,audusd,0.72898,0.7294,0.72864,0.72864
2021-09-27 20:00:00+00:00,audusd,0.72861,0.729055,0.72859,0.728975
2021-09-27 21:00:00+00:00,audusd,0.72861,0.72886,0.72846,0.72859
2021-09-27 22:00:00+00:00,audusd,0.72863,0.72897,0.72849,0.7286
2021-09-27 23:00:00+00:00,audusd,0.72804,0.728635,0.727995,0.728635
2021-09-28 00:00:00+00:00,audusd,0.72715,0.72879,0.72681,0.72805
2021-09-28 01:00:00+00:00,audusd,0.727995,0.72809,0.72657,0.72714
2021-09-28 02:00:00+00:00,audusd,0.72977,0.72986,0.727985,0.728
2021-09-28 03:00:00+00:00,audusd,0.72983,0.73068,0.729675,0.729765
2021-09-28 04:00:00+00:00,audusd,0.73078,0.73079,0.7297,0.729835
2021-09-28 05:00:00+00:00,audusd,0.73096,0.7311,0.73013,0.73079
2021-09-28 06:00:00+00:00,audusd,0.727085,0.73111,0.72701,0.73098
2021-09-28 07:00:00+00:00,audusd,0.72748,0.727815,0.72635,0.72709
2021-09-28 08:00:00+00:00,audusd,0.727125,0.727485,0.72623,0.72747
2021-09-28 09:00:00+00:00,audusd,0.72543,0.727235,0.72519,0.72713
2021-09-28 10:00:00+00:00,audusd,0.72443,0.72547,0.72419,0.725435
2021-09-28 11:00:00+00:00,audusd,0.72546,0.72607,0.724195,0.72444
2021-09-28 12:00:00+00:00,audusd,0.72395,0.72547,0.723025,0.72547
2021-09-28 13:00:00+00:00,audusd,0.72435,0.72565,0.72325,0.723955
2021-09-28 14:00:00+00:00,audusd,0.72392,0.725105,0.72297,0.724345
2021-09-28 15:00:00+00:00,audusd,0.7236,0.72449,0.72306,0.723915
2021-09-28 16:00:00+00:00,audusd,0.72321,0.72433,0.72302,0.723595
2021-09-28 17:00:00+00:00,audusd,0.72334,0.724105,0.72283,0.7232
2021-09-28 18:00:00+00:00,audusd,0.72407,0.724265,0.72257,0.72333
2021-09-28 19:00:00+00:00,audusd,0.72399,0.72422,0.723345,0.724075
2021-09-28 20:00:00+00:00,audusd,0.72379,0.72439,0.72372,0.723985
2021-09-28 21:00:00+00:00,audusd,0.724015,0.7243,0.72381,0.723885
2021-09-28 22:00:00+00:00,audusd,0.72419,0.72451,0.72401,0.72402
2021-09-28 23:00:00+00:00,audusd,0.724405,0.72445,0.723845,0.7242
2021-09-29 00:00:00+00:00,audusd,0.724015,0.72506,0.723795,0.7244
2021-09-29 01:00:00+00:00,audusd,0.72351,0.72453,0.72273,0.72402
2021-09-29 02:00:00+00:00,audusd,0.72404,0.724465,0.7232,0.723505
2021-09-29 03:00:00+00:00,audusd,0.72497,0.72509,0.72394,0.724045
2021-09-29 04:00:00+00:00,audusd,0.72499,0.72545,0.72474,0.724955
2021-09-29 05:00:00+00:00,audusd,0.72504,0.72559,0.72453,0.724985
2021-09-29 06:00:00+00:00,audusd,0.72511,0.72595,0.72475,0.72503
2021-09-29 07:00:00+00:00,audusd,0.72484,0.72644,0.723625,0.72512
2021-09-29 08:00:00+00:00,audusd,0.72483,0.72567,0.724695,0.724835
2021-09-29 09:00:00+00:00,audusd,0.72438,0.72514,0.72388,0.72484
2021-09-29 10:00:00+00:00,audusd,0.72414,0.72463,0.723685,0.724385
2021-09-29 11:00:00+00:00,audusd,0.72308,0.72425,0.72232,0.724135
2021-09-29 12:00:00+00:00,audusd,0.72074,0.72368,0.72053,0.723075
2021-09-29 13:00:00+00:00,audusd,0.72005,0.72098,0.71882,0.720735
2021-09-29 14:00:00+00:00,audusd,0.71889,0.72086,0.71816,0.720125
2021-09-29 15:00:00+00:00,audusd,0.7189,0.71956,0.7183,0.71888
2021-09-29 16:00:00+00:00,audusd,0.718,0.7193,0.71789,0.718905
2021-09-29 17:00:00+00:00,audusd,0.71773,0.718295,0.71733,0.718005
2021-09-29 18:00:00+00:00,audusd,0.71843,0.71903,0.71747,0.71772
2021-09-29 19:00:00+00:00,audusd,0.71751,0.7186,0.71749,0.71844
2021-09-29 23:00:00+00:00,audusd,0.71788,0.7182,0.717565,0.717565
2021-09-30 00:00:00+00:00,audusd,0.7191,0.71945,0.71772,0.717875
2021-09-30 01:00:00+00:00,audusd,0.71948,0.71967,0.71849,0.719105
2021-09-30 02:00:00+00:00,audusd,0.720435,0.72049,0.71942,0.719485
2021-09-30 03:00:00+00:00,audusd,0.72036,0.72073,0.7202,0.72043
2021-09-30 04:00:00+00:00,audusd,0.72011,0.7205,0.719825,0.72035
2021-09-30 05:00:00+00:00,audusd,0.72045,0.72098,0.719925,0.7201
2021-09-30 06:00:00+00:00,audusd,0.7204,0.72131,0.72002,0.720445
2021-09-30 07:00:00+00:00,audusd,0.72086,0.72129,0.71891,0.720405
2021-09-30 08:00:00+00:00,audusd,0.72034,0.72147,0.71995,0.72084
2021-09-30 09:00:00+00:00,audusd,0.720135,0.7207,0.71991,0.72033
2021-09-30 10:00:00+00:00,audusd,0.718835,0.72034,0.71873,0.72013
2021-09-30 11:00:00+00:00,audusd,0.71949,0.71971,0.71875,0.71883
2021-09-30 12:00:00+00:00,audusd,0.72101,0.72138,0.719315,0.719485
2021-09-30 13:00:00+00:00,audusd,0.7224,0.72304,0.72012,0.721035
2021-09-30 14:00:00+00:00,audusd,0.72223,0.72392,0.72178,0.72239
2021-09-30 15:00:00+00:00,audusd,0.722855,0.72574,0.72225,0.72228
2021-09-30 16:00:00+00:00,audusd,0.72131,0.72307,0.7207,0.72286
2021-09-30 17:00:00+00:00,audusd,0.72177,0.72197,0.72106,0.7213
2021-09-30 18:00:00+00:00,audusd,0.72318,0.72327,0.72169,0.721775
2021-09-30 19:00:00+00:00,audusd,0.722645,0.72373,0.72262,0.723185
2021-09-30 20:00:00+00:00,audusd,0.72272,0.72308,0.72246,0.72265
2021-09-30 21:00:00+00:00,audusd,0.72289,0.723125,0.72255,0.722965
2021-09-30 22:00:00+00:00,audusd,0.72306,0.72316,0.72273,0.72285
2021-09-30 23:00:00+00:00,audusd,0.722885,0.72308,0.72258,0.723055
2021-10-01 00:00:00+00:00,audusd,0.72276,0.72409,0.722585,0.72288
2021-10-01 01:00:00+00:00,audusd,0.72265,0.72293,0.721925,0.722765
2021-10-01 02:00:00+00:00,audusd,0.722265,0.722715,0.72206,0.722655
2021-10-01 03:00:00+00:00,audusd,0.72179,0.72271,0.721635,0.72227
2021-10-01 04:00:00+00:00,audusd,0.721405,0.72197,0.72098,0.721795
2021-10-01 05:00:00+00:00,audusd,0.72107,0.72149,0.72057,0.7214
2021-10-01 06:00:00+00:00,audusd,0.72025,0.72148,0.719215,0.721065
2021-10-01 07:00:00+00:00,audusd,0.72052,0.72114,0.71972,0.720245
2021-10-01 08:00:00+00:00,audusd,0.72295,0.723045,0.720305,0.720515
2021-10-01 09:00:00+00:00,audusd,0.72344,0.7244,0.72281,0.72296
2021-10-01 10:00:00+00:00,audusd,0.72378,0.72469,0.72323,0.72343
2021-10-01 11:00:00+00:00,audusd,0.726,0.72607,0.72374,0.723785
2021-10-01 12:00:00+00:00,audusd,0.72576,0.726175,0.72468,0.726005
2021-10-01 13:00:00+00:00,audusd,0.726345,0.72706,0.72563,0.725765
2021-10-01 14:00:00+00:00,audusd,0.72575,0.72742,0.72541,0.72591
2021-10-01 15:00:00+00:00,audusd,0.727035,0.72742,0.72491,0.72575
2021-10-01 16:00:00+00:00,audusd,0.72697,0.727525,0.726745,0.72704
2021-10-01 17:00:00+00:00,audusd,0.72735,0.72765,0.72674,0.726975
2021-10-01 18:00:00+00:00,audusd,0.72662,0.72743,0.7266,0.727335
2021-10-01 19:00:00+00:00,audusd,0.7267,0.72727,0.72634,0.72661
2021-10-01 20:00:00+00:00,audusd,0.72679,0.72695,0.72615,0.726705
2021-10-03 21:00:00+00:00,audusd,0.72616,0.726715,0.72614,0.726195
2021-10-03 22:00:00+00:00,audusd,0.72774,0.72829,0.72615,0.726165
2021-10-03 23:00:00+00:00,audusd,0.72749,0.72814,0.72749,0.727745
2021-10-04 00:00:00+00:00,audusd,0.72662,0.728305,0.726445,0.727485
2021-10-04 01:00:00+00:00,audusd,0.72572,0.726865,0.7252,0.726615
2021-10-04 02:00:00+00:00,audusd,0.72614,0.726535,0.72526,0.725715
2021-10-04 03:00:00+00:00,audusd,0.726205,0.726545,0.725775,0.726145
2021-10-04 04:00:00+00:00,audusd,0.72714,0.72725,0.72609,0.7262
2021-10-04 05:00:00+00:00,audusd,0.72689,0.72756,0.72669,0.727145
2021-10-04 06:00:00+00:00,audusd,0.72623,0.72725,0.72593,0.726895
2021-10-04 07:00:00+00:00,audusd,0.72653,0.72663,0.72519,0.72622
2021-10-04 08:00:00+00:00,audusd,0.72634,0.727015,0.72514,0.726535
2021-10-04 09:00:00+00:00,audusd,0.72688,0.72773,0.726285,0.72635
2021-10-04 10:00:00+00:00,audusd,0.72777,0.72796,0.72671,0.726885
2021-10-04 11:00:00+00:00,audusd,0.728895,0.72894,0.7274,0.72776
2021-10-04 12:00:00+00:00,audusd,0.72927,0.729695,0.7287,0.72889
2021-10-04 13:00:00+00:00,audusd,0.72987,0.72997,0.72855,0.72928
2021-10-04 14:00:00+00:00,audusd,0.72818,0.73041,0.727635,0.729855
2021-10-04 15:00:00+00:00,audusd,0.72828,0.728485,0.727235,0.728175
2021-10-04 16:00:00+00:00,audusd,0.72856,0.72889,0.72808,0.72827
2021-10-04 17:00:00+00:00,audusd,0.72836,0.72889,0.72826,0.72855
2021-10-04 18:00:00+00:00,audusd,0.72902,0.729145,0.72811,0.728365
2021-10-04 19:00:00+00:00,audusd,0.7289,0.72918,0.72822,0.729015
2021-10-04 20:00:00+00:00,audusd,0.72872,0.72907,0.7284,0.72889
2021-10-04 21:00:00+00:00,audusd,0.72906,0.72915,0.72863,0.72864
2021-10-04 22:00:00+00:00,audusd,0.72923,0.729415,0.72876,0.729055
2021-10-04 23:00:00+00:00,audusd,0.72894,0.72943,0.72859,0.729235
2021-10-05 00:00:00+00:00,audusd,0.727855,0.72937,0.72772,0.72893
2021-10-05 01:00:00+00:00,audusd,0.7266,0.72805,0.72624,0.72785
2021-10-05 02:00:00+00:00,audusd,0.72757,0.727815,0.726325,0.72661
2021-10-05 03:00:00+00:00,audusd,0.72674,0.727765,0.726425,0.727565
2021-10-05 04:00:00+00:00,audusd,0.72653,0.726835,0.726,0.726745
2021-10-05 05:00:00+00:00,audusd,0.7257,0.72675,0.72525,0.726525
2021-10-05 06:00:00+00:00,audusd,0.72596,0.72636,0.72491,0.725695
2021-10-05 07:00:00+00:00,audusd,0.72686,0.72738,0.725555,0.725955
2021-10-05 08:00:00+00:00,audusd,0.72794,0.72806,0.72677,0.72687
2021-10-05 09:00:00+00:00,audusd,0.72811,0.728225,0.72752,0.72795
2021-10-05 10:00:00+00:00,audusd,0.72679,0.72823,0.72662,0.728115
2021-10-05 11:00:00+00:00,audusd,0.727935,0.728045,0.726575,0.726795
2021-10-05 12:00:00+00:00,audusd,0.72826,0.72876,0.72786,0.72794
2021-10-05 13:00:00+00:00,audusd,0.72829,0.72834,0.72677,0.728255
2021-10-05 14:00:00+00:00,audusd,0.72824,0.72943,0.72774,0.72819
2021-10-05 15:00:00+00:00,audusd,0.72953,0.72985,0.72789,0.728235
2021-10-05 16:00:00+00:00,audusd,0.72945,0.72965,0.72875,0.729525
2021-10-05 17:00:00+00:00,audusd,0.72992,0.72997,0.729345,0.729455
2021-10-05 18:00:00+00:00,audusd,0.729145,0.73011,0.72914,0.72991
2021-10-05 19:00:00+00:00,audusd,0.7288,0.72919,0.7287,0.729135
2021-10-05 20:00:00+00:00,audusd,0.729075,0.729205,0.72876,0.72879
2021-10-05 21:00:00+00:00,audusd,0.72883,0.72937,0.72864,0.72905
2021-10-05 22:00:00+00:00,audusd,0.72909,0.72934,0.72876,0.728835
2021-10-05 23:00:00+00:00,audusd,0.72881,0.72914,0.72867,0.729095
2021-10-06 00:00:00+00:00,audusd,0.728595,0.72887,0.72814,0.7288
2021-10-06 01:00:00+00:00,audusd,0.726935,0.72923,0.72643,0.72858
2021-10-06 02:00:00+00:00,audusd,0.72663,0.72735,0.72618,0.72694
2021-10-06 03:00:00+00:00,audusd,0.726645,0.726855,0.72605,0.726635
2021-10-06 04:00:00+00:00,audusd,0.72591,0.726735,0.72536,0.72665
2021-10-06 05:00:00+00:00,audusd,0.7259,0.72684,0.72586,0.725915
2021-10-06 06:00:00+00:00,audusd,0.72573,0.72664,0.72551,0.725905
2021-10-06 07:00:00+00:00,audusd,0.723315,0.72575,0.72321,0.725735
2021-10-06 08:00:00+00:00,audusd,0.72321,0.72394,0.7227,0.72331
2021-10-06 09:00:00+00:00,audusd,0.72329,0.72358,0.72262,0.723205
2021-10-06 10:00:00+00:00,audusd,0.72385,0.72395,0.72271,0.723285
2021-10-06 11:00:00+00:00,audusd,0.72442,0.72459,0.7237,0.723845
2021-10-06 12:00:00+00:00,audusd,0.72556,0.72643,0.724425,0.724425
2021-10-06 13:00:00+00:00,audusd,0.724855,0.72677,0.72447,0.725565
2021-10-06 14:00:00+00:00,audusd,0.72594,0.72632,0.72428,0.724985
2021-10-06 15:00:00+00:00,audusd,0.72566,0.72624,0.724155,0.72591
2021-10-06 16:00:00+00:00,audusd,0.72496,0.72589,0.724675,0.725655
2021-10-06 17:00:00+00:00,audusd,0.72641,0.7266,0.7247,0.72497
2021-10-06 18:00:00+00:00,audusd,0.72702,0.727255,0.72631,0.72642
2021-10-06 19:00:00+00:00,audusd,0.72751,0.72766,0.72688,0.727015
2021-10-06 20:00:00+00:00,audusd,0.72735,0.727625,0.72717,0.727505
2021-10-06 21:00:00+00:00,audusd,0.727105,0.727455,0.72699,0.72729
2021-10-06 22:00:00+00:00,audusd,0.727615,0.72785,0.72705,0.72711
2021-10-06 23:00:00+00:00,audusd,0.72824,0.72838,0.72754,0.72762
2021-10-07 00:00:00+00:00,audusd,0.728375,0.72856,0.72761,0.72823
2021-10-07 01:00:00+00:00,audusd,0.728735,0.729,0.72785,0.72837
2021-10-07 02:00:00+00:00,audusd,0.72821,0.72877,0.72797,0.72873
2021-10-07 03:00:00+00:00,audusd,0.728475,0.72859,0.72776,0.7282
2021-10-07 04:00:00+00:00,audusd,0.72798,0.72877,0.72796,0.72848
2021-10-07 05:00:00+00:00,audusd,0.72722,0.728245,0.72708,0.72797
2021-10-07 06:00:00+00:00,audusd,0.729655,0.72975,0.72722,0.727225
2021-10-07 07:00:00+00:00,audusd,0.72944,0.73022,0.729215,0.72966
2021-10-07 08:00:00+00:00,audusd,0.72889,0.72982,0.72826,0.729435
2021-10-07 09:00:00+00:00,audusd,0.72832,0.7289,0.72797,0.728895
2021-10-07 10:00:00+00:00,audusd,0.72952,0.72955,0.72832,0.72833
2021-10-07 11:00:00+00:00,audusd,0.73046,0.73124,0.72941,0.729515
2021-10-07 12:00:00+00:00,audusd,0.729095,0.73049,0.72891,0.730465
2021-10-07 13:00:00+00:00,audusd,0.72965,0.72989,0.72773,0.72909
2021-10-07 14:00:00+00:00,audusd,0.73095,0.73126,0.72957,0.72963
2021-10-07 15:00:00+00:00,audusd,0.73211,0.73244,0.73069,0.730955
2021-10-07 16:00:00+00:00,audusd,0.73128,0.732165,0.73111,0.732105
2021-10-07 17:00:00+00:00,audusd,0.731635,0.73196,0.731,0.73129
2021-10-07 18:00:00+00:00,audusd,0.73101,0.73167,0.7308,0.73164
2021-10-07 19:00:00+00:00,audusd,0.7313,0.731475,0.73086,0.731015
2021-10-07 20:00:00+00:00,audusd,0.73124,0.73149,0.73096,0.73129
2021-10-07 21:00:00+00:00,audusd,0.731335,0.73147,0.73093,0.73124
2021-10-07 22:00:00+00:00,audusd,0.73125,0.73158,0.73116,0.73134
2021-10-07 23:00:00+00:00,audusd,0.73167,0.73177,0.731,0.73124
2021-10-08 00:00:00+00:00,audusd,0.73206,0.73207,0.73072,0.731665
2021-10-08 01:00:00+00:00,audusd,0.7316,0.732395,0.73142,0.73207
2021-10-08 02:00:00+00:00,audusd,0.731755,0.732,0.73132,0.731595
2021-10-08 03:00:00+00:00,audusd,0.73058,0.73177,0.7304,0.73175
2021-10-08 04:00:00+00:00,audusd,0.72977,0.73099,0.72976,0.730575
2021-10-08 05:00:00+00:00,audusd,0.72947,0.73016,0.72946,0.729775
2021-10-08 06:00:00+00:00,audusd,0.72954,0.73008,0.72935,0.72946
2021-10-08 07:00:00+00:00,audusd,0.72938,0.72987,0.728835,0.72955
2021-10-08 08:00:00+00:00,audusd,0.72946,0.72975,0.728845,0.729375
2021-10-08 09:00:00+00:00,audusd,0.72994,0.73015,0.72935,0.729465
2021-10-08 10:00:00+00:00,audusd,0.730115,0.73056,0.72976,0.72993
2021-10-08 11:00:00+00:00,audusd,0.73041,0.73049,0.72998,0.73011
2021-10-08 12:00:00+00:00,audusd,0.73273,0.73383,0.73025,0.730405
2021-10-08 13:00:00+00:00,audusd,0.73092,0.73308,0.72987,0.73274
2021-10-08 14:00:00+00:00,audusd,0.73133,0.73171,0.73015,0.7309
2021-10-08 15:00:00+00:00,audusd,0.73083,0.732025,0.73057,0.731335
2021-10-08 16:00:00+00:00,audusd,0.73072,0.73088,0.73008,0.730825
2021-10-08 17:00:00+00:00,audusd,0.73074,0.73082,0.72997,0.73073
2021-10-08 18:00:00+00:00,audusd,0.73129,0.731515,0.73072,0.730745
2021-10-08 19:00:00+00:00,audusd,0.731055,0.73145,0.730745,0.731285
2021-10-08 20:00:00+00:00,audusd,0.73093,0.73111,0.73077,0.73106
2021-10-10 21:00:00+00:00,audusd,0.73053,0.730895,0.73041,0.73087
2021-10-10 22:00:00+00:00,audusd,0.73032,0.73132,0.73032,0.73055
2021-10-10 23:00:00+00:00,audusd,0.729455,0.730455,0.729235,0.730325
2021-10-11 00:00:00+00:00,audusd,0.73153,0.731965,0.72942,0.72945
2021-10-11 01:00:00+00:00,audusd,0.73256,0.73311,0.73146,0.731525
2021-10-11 02:00:00+00:00,audusd,0.732335,0.73297,0.73229,0.732565
2021-10-11 03:00:00+00:00,audusd,0.73179,0.7325,0.73155,0.73233
2021-10-11 04:00:00+00:00,audusd,0.73186,0.732,0.73157,0.731785
2021-10-11 05:00:00+00:00,audusd,0.733,0.73301,0.7316,0.731865
2021-10-11 06:00:00+00:00,audusd,0.73353,0.733935,0.732995,0.73301
2021-10-11 07:00:00+00:00,audusd,0.734245,0.73444,0.73298,0.733525
2021-10-11 08:00:00+00:00,audusd,0.73436,0.73458,0.73353,0.73425
2021-10-11 09:00:00+00:00,audusd,0.73363,0.73449,0.733275,0.734355
2021-10-11 10:00:00+00:00,audusd,0.7337,0.733915,0.73312,0.73364
2021-10-11 11:00:00+00:00,audusd,0.73434,0.73485,0.73352,0.73369
2021-10-11 12:00:00+00:00,audusd,0.73408,0.73523,0.73388,0.734345
2021-10-11 13:00:00+00:00,audusd,0.73633,0.736565,0.73396,0.73409
2021-10-11 14:00:00+00:00,audusd,0.73669,0.73709,0.736195,0.736345
2021-10-11 15:00:00+00:00,audusd,0.73682,0.73729,0.73648,0.7367
2021-10-11 16:00:00+00:00,audusd,0.73616,0.73681,0.73598,0.73681
2021-10-11 17:00:00+00:00,audusd,0.7353,0.73618,0.73515,0.73617
2021-10-11 18:00:00+00:00,audusd,0.73536,0.7355,0.73485,0.73529
2021-10-11 19:00:00+00:00,audusd,0.73437,0.735495,0.73436,0.735355
2021-10-11 20:00:00+00:00,audusd,0.734815,0.73518,0.73427,0.734375
2021-10-11 21:00:00+00:00,audusd,0.73491,0.73526,0.73423,0.73449
2021-10-11 22:00:00+00:00,audusd,0.7346,0.73532,0.73459,0.73489
2021-10-11 23:00:00+00:00,audusd,0.73484,0.73491,0.73451,0.734605
2021-10-12 00:00:00+00:00,audusd,0.73376,0.73502,0.73368,0.73483
2021-10-12 01:00:00+00:00,audusd,0.73377,0.73419,0.73325,0.733765
2021-10-12 02:00:00+00:00,audusd,0.73406,0.73464,0.733685,0.73376
2021-10-12 03:00:00+00:00,audusd,0.73375,0.73431,0.73358,0.734055
2021-10-12 04:00:00+00:00,audusd,0.73476,0.73476,0.73372,0.73374
2021-10-12 05:00:00+00:00,audusd,0.73561,0.736115,0.73473,0.73475
2021-10-12 06:00:00+00:00,audusd,0.734715,0.735805,0.73444,0.7356
2021-10-12 07:00:00+00:00,audusd,0.735495,0.73622,0.73442,0.73472
2021-10-12 08:00:00+00:00,audusd,0.73632,0.73663,0.735005,0.7355
2021-10-12 09:00:00+00:00,audusd,0.73667,0.73694,0.73615,0.736315
2021-10-12 10:00:00+00:00,audusd,0.738135,0.73822,0.736325,0.736675
2021-10-12 11:00:00+00:00,audusd,0.73836,0.73842,0.73771,0.73813
2021-10-12 12:00:00+00:00,audusd,0.73627,0.73848,0.73576,0.738355
2021-10-12 13:00:00+00:00,audusd,0.73662,0.73717,0.73545,0.73627
2021-10-12 14:00:00+00:00,audusd,0.73549,0.73695,0.7347,0.73659
2021-10-12 15:00:00+00:00,audusd,0.73642,0.73643,0.7355,0.73551
2021-10-12 16:00:00+00:00,audusd,0.73574,0.736635,0.7355,0.73643
2021-10-12 17:00:00+00:00,audusd,0.73527,0.73577,0.73486,0.735735
2021-10-12 18:00:00+00:00,audusd,0.73547,0.73601,0.73511,0.735265
2021-10-12 19:00:00+00:00,audusd,0.73536,0.73555,0.73493,0.735475
2021-10-12 20:00:00+00:00,audusd,0.73511,0.73537,0.735,0.73537
2021-10-12 21:00:00+00:00,audusd,0.73512,0.73522,0.73482,0.73521
2021-10-12 22:00:00+00:00,audusd,0.734665,0.73528,0.73461,0.73513
2021-10-12 23:00:00+00:00,audusd,0.73334,0.73478,0.73323,0.73467
2021-10-13 00:00:00+00:00,audusd,0.73398,0.73417,0.73312,0.733345
2021-10-13 01:00:00+00:00,audusd,0.73416,0.73435,0.73298,0.73399
2021-10-13 02:00:00+00:00,audusd,0.73394,0.73449,0.733675,0.734165
2021-10-13 03:00:00+00:00,audusd,0.733715,0.73439,0.73361,0.733935
2021-10-13 04:00:00+00:00,audusd,0.73398,0.73398,0.73356,0.73372
2021-10-13 05:00:00+00:00,audusd,0.73362,0.734215,0.73335,0.733985
2021-10-13 06:00:00+00:00,audusd,0.7346,0.73469,0.73346,0.73361
2021-10-13 07:00:00+00:00,audusd,0.73484,0.73514,0.73357,0.734595
2021-10-13 08:00:00+00:00,audusd,0.736115,0.73622,0.73468,0.734835
2021-10-13 09:00:00+00:00,audusd,0.73504,0.73619,0.73501,0.73612
2021-10-13 10:00:00+00:00,audusd,0.73548,0.73587,0.73495,0.735045
2021-10-13 11:00:00+00:00,audusd,0.73551,0.73563,0.73512,0.735485
2021-10-13 12:00:00+00:00,audusd,0.73287,0.73596,0.732365,0.73552
2021-10-13 13:00:00+00:00,audusd,0.73609,0.7366,0.732755,0.732875
2021-10-13 14:00:00+00:00,audusd,0.737205,0.73766,0.735195,0.736135
2021-10-13 15:00:00+00:00,audusd,0.737045,0.73765,0.736595,0.73721
2021-10-13 16:00:00+00:00,audusd,0.73741,0.73784,0.73697,0.73705
2021-10-13 17:00:00+00:00,audusd,0.73758,0.738195,0.737415,0.737415
2021-10-13 18:00:00+00:00,audusd,0.7375,0.73819,0.73703,0.737585
2021-10-13 19:00:00+00:00,audusd,0.737985,0.73801,0.73734,0.737505
2021-10-13 20:00:00+00:00,audusd,0.737965,0.73819,0.73781,0.73798
2021-10-13 21:00:00+00:00,audusd,0.73805,0.73818,0.737565,0.73777
2021-10-13 22:00:00+00:00,audusd,0.7379,0.73824,0.7379,0.73806
2021-10-13 23:00:00+00:00,audusd,0.73831,0.73836,0.73775,0.737905
2021-10-14 00:00:00+00:00,audusd,0.73894,0.739505,0.73827,0.73829
2021-10-14 01:00:00+00:00,audusd,0.73749,0.739,0.73721,0.738945
2021-10-14 02:00:00+00:00,audusd,0.73794,0.73809,0.73732,0.73748
2021-10-14 03:00:00+00:00,audusd,0.73885,0.73887,0.73786,0.737935
2021-10-14 04:00:00+00:00,audusd,0.738805,0.7391,0.73849,0.73886
2021-10-14 05:00:00+00:00,audusd,0.73875,0.73886,0.73835,0.73881
2021-10-14 06:00:00+00:00,audusd,0.73955,0.739615,0.738645,0.738745
2021-10-14 07:00:00+00:00,audusd,0.740125,0.74067,0.73945,0.73956
2021-10-14 08:00:00+00:00,audusd,0.74128,0.74178,0.74009,0.74013
2021-10-14 09:00:00+00:00,audusd,0.741175,0.74198,0.74092,0.741285
2021-10-14 10:00:00+00:00,audusd,0.74131,0.74141,0.74089,0.74117
2021-10-14 11:00:00+00:00,audusd,0.74119,0.741755,0.740905,0.741305
2021-10-14 12:00:00+00:00,audusd,0.74167,0.74183,0.74078,0.741185
2021-10-14 13:00:00+00:00,audusd,0.74238,0.74268,0.74114,0.74168
2021-10-14 14:00:00+00:00,audusd,0.74231,0.74252,0.74152,0.742385
2021-10-14 15:00:00+00:00,audusd,0.74193,0.7423,0.741295,0.74229
2021-10-14 16:00:00+00:00,audusd,0.74127,0.742165,0.74096,0.74192
2021-10-14 17:00:00+00:00,audusd,0.741305,0.74146,0.740875,0.741275
2021-10-14 18:00:00+00:00,audusd,0.74178,0.74178,0.741125,0.74131
2021-10-14 19:00:00+00:00,audusd,0.74155,0.74191,0.74131,0.741775
2021-10-14 20:00:00+00:00,audusd,0.74155,0.74188,0.74143,0.741545
2021-10-14 21:00:00+00:00,audusd,0.741605,0.74201,0.741185,0.741495
2021-10-14 22:00:00+00:00,audusd,0.74189,0.74218,0.74151,0.74161
2021-10-14 23:00:00+00:00,audusd,0.741375,0.74208,0.74133,0.7419
2021-10-15 00:00:00+00:00,audusd,0.7415,0.741625,0.74059,0.74137
2021-10-15 01:00:00+00:00,audusd,0.74149,0.74249,0.74129,0.74151
2021-10-15 02:00:00+00:00,audusd,0.74221,0.742275,0.740985,0.741495
2021-10-15 03:00:00+00:00,audusd,0.74161,0.74227,0.74134,0.74222
2021-10-15 04:00:00+00:00,audusd,0.74223,0.74225,0.74149,0.741605
2021-10-15 05:00:00+00:00,audusd,0.74228,0.74255,0.74207,0.74222
2021-10-15 06:00:00+00:00,audusd,0.74333,0.74346,0.74208,0.742285
2021-10-15 07:00:00+00:00,audusd,0.74237,0.74401,0.74183,0.74332
2021-10-15 08:00:00+00:00,audusd,0.74183,0.743035,0.74143,0.742375
2021-10-15 09:00:00+00:00,audusd,0.74181,0.74216,0.74128,0.741825
2021-10-15 10:00:00+00:00,audusd,0.74187,0.74233,0.74165,0.741805
2021-10-15 11:00:00+00:00,audusd,0.741875,0.74227,0.74127,0.74188
2021-10-15 12:00:00+00:00,audusd,0.74041,0.74222,0.74036,0.74187
2021-10-15 13:00:00+00:00,audusd,0.74131,0.74181,0.740415,0.740415
2021-10-15 14:00:00+00:00,audusd,0.74246,0.74286,0.74053,0.74133
2021-10-15 15:00:00+00:00,audusd,0.741515,0.74275,0.74145,0.742465
2021-10-15 16:00:00+00:00,audusd,0.74159,0.74199,0.7412,0.74151
2021-10-15 17:00:00+00:00,audusd,0.74165,0.74198,0.7415,0.741595
2021-10-15 18:00:00+00:00,audusd,0.74201,0.74225,0.741555,0.74166
2021-10-15 19:00:00+00:00,audusd,0.7421,0.74221,0.741655,0.742
2021-10-15 20:00:00+00:00,audusd,0.74221,0.74229,0.741745,0.74209
2021-10-17 21:00:00+00:00,audusd,0.741935,0.74261,0.74154,0.74166
2021-10-17 22:00:00+00:00,audusd,0.74234,0.74376,0.74184,0.74193
2021-10-17 23:00:00+00:00,audusd,0.74245,0.74303,0.74211,0.742335
2021-10-18 00:00:00+00:00,audusd,0.741075,0.742565,0.74096,0.742475
2021-10-18 01:00:00+00:00,audusd,0.741215,0.74179,0.74086,0.74107
2021-10-18 02:00:00+00:00,audusd,0.7415,0.7421,0.741145,0.74121
2021-10-18 03:00:00+00:00,audusd,0.74039,0.74158,0.739995,0.741515
2021-10-18 04:00:00+00:00,audusd,0.74021,0.74059,0.74002,0.740395
2021-10-18 05:00:00+00:00,audusd,0.74006,0.74065,0.74002,0.740215
2021-10-18 06:00:00+00:00,audusd,0.73982,0.74045,0.73921,0.740065
2021-10-18 07:00:00+00:00,audusd,0.74057,0.74075,0.7395,0.739815
2021-10-18 08:00:00+00:00,audusd,0.73903,0.740845,0.73892,0.74058
2021-10-18 09:00:00+00:00,audusd,0.73888,0.73967,0.73885,0.739025
2021-10-18 10:00:00+00:00,audusd,0.73888,0.73919,0.73814,0.738885
2021-10-18 11:00:00+00:00,audusd,0.7387,0.73982,0.73857,0.73889
2021-10-18 12:00:00+00:00,audusd,0.7385,0.7397,0.73789,0.738695
2021-10-18 13:00:00+00:00,audusd,0.740425,0.74043,0.73831,0.73851
2021-10-18 14:00:00+00:00,audusd,0.741165,0.741595,0.74028,0.74043
2021-10-18 15:00:00+00:00,audusd,0.74172,0.74172,0.74068,0.74117
2021-10-18 16:00:00+00:00,audusd,0.74148,0.741925,0.74122,0.74173
2021-10-18 17:00:00+00:00,audusd,0.74182,0.74187,0.74137,0.74147
2021-10-18 18:00:00+00:00,audusd,0.741735,0.74189,0.74158,0.741815
2021-10-18 19:00:00+00:00,audusd,0.74153,0.741765,0.7414,0.74174
2021-10-18 20:00:00+00:00,audusd,0.741295,0.74158,0.74115,0.74152
2021-10-18 21:00:00+00:00,audusd,0.74114,0.741375,0.74108,0.74114
2021-10-18 22:00:00+00:00,audusd,0.74085,0.7415,0.74083,0.741145
2021-10-18 23:00:00+00:00,audusd,0.74153,0.74153,0.740785,0.740855
2021-10-19 00:00:00+00:00,audusd,0.74263,0.74273,0.74152,0.74152
2021-10-19 01:00:00+00:00,audusd,0.744125,0.74457,0.74212,0.742635
2021-10-19 02:00:00+00:00,audusd,0.74436,0.74447,0.74367,0.74413
2021-10-19 03:00:00+00:00,audusd,0.74487,0.74518,0.744005,0.744365
2021-10-19 04:00:00+00:00,audusd,0.74534,0.74566,0.744765,0.74488
2021-10-19 05:00:00+00:00,audusd,0.746365,0.74644,0.745345,0.745345
2021-10-19 06:00:00+00:00,audusd,0.74726,0.74737,0.746305,0.74637
2021-10-19 07:00:00+00:00,audusd,0.746305,0.74764,0.7463,0.747255
2021-10-19 08:00:00+00:00,audusd,0.74687,0.74705,0.746275,0.74631
2021-10-19 09:00:00+00:00,audusd,0.74727,0.74728,0.74634,0.74686
2021-10-19 10:00:00+00:00,audusd,0.747,0.74748,0.7469,0.74726
2021-10-19 11:00:00+00:00,audusd,0.74682,0.74708,0.746565,0.746995
2021-10-19 12:00:00+00:00,audusd,0.74607,0.74713,0.74567,0.746825
2021-10-19 13:00:00+00:00,audusd,0.747015,0.747185,0.74558,0.746075
2021-10-19 14:00:00+00:00,audusd,0.74769,0.7478,0.74631,0.74702
2021-10-19 15:00:00+00:00,audusd,0.74811,0.74836,0.74696,0.747695
2021-10-19 16:00:00+00:00,audusd,0.74812,0.748255,0.747495,0.748115
2021-10-19 17:00:00+00:00,audusd,0.74839,0.74857,0.74801,0.74811
2021-10-19 18:00:00+00:00,audusd,0.74791,0.74846,0.74771,0.748385
2021-10-19 19:00:00+00:00,audusd,0.74762,0.747905,0.74721,0.747905
2021-10-19 20:00:00+00:00,audusd,0.74751,0.74765,0.74734,0.747625
2021-10-19 21:00:00+00:00,audusd,0.747375,0.74763,0.74708,0.747385
2021-10-19 22:00:00+00:00,audusd,0.7474,0.74757,0.7472,0.74737
2021-10-19 23:00:00+00:00,audusd,0.747495,0.74771,0.74723,0.747395
2021-10-20 00:00:00+00:00,audusd,0.74744,0.74771,0.74652,0.7475
2021-10-20 01:00:00+00:00,audusd,0.74855,0.74899,0.747185,0.747435
2021-10-20 02:00:00+00:00,audusd,0.74813,0.74871,0.74805,0.748545
2021-10-20 03:00:00+00:00,audusd,0.74913,0.74922,0.74801,0.748125
2021-10-20 04:00:00+00:00,audusd,0.74978,0.75044,0.74911,0.749115
2021-10-20 05:00:00+00:00,audusd,0.74946,0.74986,0.74905,0.749785
2021-10-20 06:00:00+00:00,audusd,0.74825,0.749615,0.7482,0.749455
2021-10-20 07:00:00+00:00,audusd,0.748815,0.74894,0.747995,0.748255
2021-10-20 08:00:00+00:00,audusd,0.748915,0.749575,0.74872,0.74882
2021-10-20 09:00:00+00:00,audusd,0.74882,0.748965,0.748165,0.74891
2021-10-20 10:00:00+00:00,audusd,0.74896,0.74912,0.7485,0.748815
2021-10-20 11:00:00+00:00,audusd,0.74814,0.749105,0.7481,0.748955
2021-10-20 12:00:00+00:00,audusd,0.74926,0.74968,0.74813,0.748135
2021-10-20 13:00:00+00:00,audusd,0.74977,0.75016,0.74881,0.749265
2021-10-20 14:00:00+00:00,audusd,0.75095,0.75142,0.74917,0.74976
2021-10-20 15:00:00+00:00,audusd,0.75122,0.75162,0.750765,0.75096
2021-10-20 16:00:00+00:00,audusd,0.75168,0.751775,0.751035,0.751215
2021-10-20 17:00:00+00:00,audusd,0.7515,0.75184,0.75062,0.75169
2021-10-20 18:00:00+00:00,audusd,0.75223,0.75228,0.75138,0.75149
2021-10-20 19:00:00+00:00,audusd,0.75204,0.752275,0.75178,0.752225
2021-10-20 20:00:00+00:00,audusd,0.75162,0.75213,0.75141,0.75205
2021-10-20 21:00:00+00:00,audusd,0.75154,0.75198,0.750955,0.751465
2021-10-20 22:00:00+00:00,audusd,0.7514,0.751975,0.75137,0.751545
2021-10-20 23:00:00+00:00,audusd,0.75152,0.75218,0.75141,0.75141
2021-10-21 00:00:00+00:00,audusd,0.75298,0.75299,0.75151,0.751515
2021-10-21 01:00:00+00:00,audusd,0.75401,0.75415,0.75273,0.752975
2021-10-21 02:00:00+00:00,audusd,0.754215,0.7545,0.753865,0.754005
2021-10-21 03:00:00+00:00,audusd,0.75331,0.754665,0.75326,0.75422
2021-10-21 04:00:00+00:00,audusd,0.75081,0.753385,0.75026,0.753315
2021-10-21 05:00:00+00:00,audusd,0.749775,0.75111,0.74953,0.750815
2021-10-21 06:00:00+00:00,audusd,0.74857,0.75081,0.74811,0.74977
2021-10-21 07:00:00+00:00,audusd,0.74917,0.74946,0.74815,0.748575
2021-10-21 08:00:00+00:00,audusd,0.74876,0.74931,0.7482,0.749175
2021-10-21 09:00:00+00:00,audusd,0.74891,0.74892,0.74778,0.748765
2021-10-21 10:00:00+00:00,audusd,0.74898,0.74915,0.74849,0.74892
2021-10-21 11:00:00+00:00,audusd,0.74936,0.74975,0.74887,0.74899
2021-10-21 12:00:00+00:00,audusd,0.74968,0.74997,0.74877,0.749365
2021-10-21 13:00:00+00:00,audusd,0.74908,0.74984,0.74863,0.74969
2021-10-21 14:00:00+00:00,audusd,0.75029,0.75052,0.74843,0.749065
2021-10-21 15:00:00+00:00,audusd,0.74914,0.75045,0.748235,0.750395
2021-10-21 16:00:00+00:00,audusd,0.74749,0.74929,0.74741,0.749135
2021-10-21 17:00:00+00:00,audusd,0.74606,0.7475,0.74601,0.747485
2021-10-21 18:00:00+00:00,audusd,0.746485,0.74653,0.74586,0.74607
2021-10-21 19:00:00+00:00,audusd,0.7465,0.746715,0.74629,0.74649
2021-10-21 20:00:00+00:00,audusd,0.746665,0.74688,0.74633,0.74651
2021-10-21 21:00:00+00:00,audusd,0.7468,0.74708,0.74625,0.746755
2021-10-21 22:00:00+00:00,audusd,0.746685,0.74695,0.74663,0.74679
2021-10-21 23:00:00+00:00,audusd,0.74634,0.74674,0.74586,0.74669
2021-10-22 00:00:00+00:00,audusd,0.74694,0.74695,0.74539,0.74635
2021-10-22 01:00:00+00:00,audusd,0.74865,0.74893,0.74676,0.746935
2021-10-22 02:00:00+00:00,audusd,0.7474,0.748815,0.74679,0.74866
2021-10-22 03:00:00+00:00,audusd,0.74761,0.74784,0.74717,0.747395
2021-10-22 04:00:00+00:00,audusd,0.74758,0.747945,0.74708,0.7476
2021-10-22 05:00:00+00:00,audusd,0.74745,0.74809,0.747295,0.74759
2021-10-22 06:00:00+00:00,audusd,0.74878,0.749155,0.747105,0.747455
2021-10-22 07:00:00+00:00,audusd,0.74964,0.75019,0.7485,0.748775
2021-10-22 08:00:00+00:00,audusd,0.7505,0.750635,0.74948,0.74965
2021-10-22 09:00:00+00:00,audusd,0.75086,0.75086,0.74979,0.75049
2021-10-22 10:00:00+00:00,audusd,0.75044,0.75123,0.74999,0.750855
2021-10-22 11:00:00+00:00,audusd,0.750325,0.75109,0.7502,0.75043
2021-10-22 12:00:00+00:00,audusd,0.74971,0.75033,0.74933,0.75032
2021-10-22 13:00:00+00:00,audusd,0.74983,0.75028,0.74865,0.7497
2021-10-22 14:00:00+00:00,audusd,0.748805,0.75037,0.74844,0.74984
2021-10-22 15:00:00+00:00,audusd,0.74627,0.74957,0.74545,0.74881
2021-10-22 16:00:00+00:00,audusd,0.74674,0.74718,0.745835,0.746225
2021-10-22 17:00:00+00:00,audusd,0.74575,0.7469,0.74564,0.74675
2021-10-22 18:00:00+00:00,audusd,0.74654,0.74687,0.74574,0.745755
2021-10-22 19:00:00+00:00,audusd,0.74699,0.74704,0.746185,0.746545
2021-10-22 20:00:00+00:00,audusd,0.74635,0.74702,0.74635,0.747
2021-10-24 21:00:00+00:00,audusd,0.746645,0.74679,0.74656,0.74676
2021-10-24 22:00:00+00:00,audusd,0.74702,0.74715,0.74659,0.74665
2021-10-24 23:00:00+00:00,audusd,0.74688,0.74708,0.74641,0.747015
2021-10-25 00:00:00+00:00,audusd,0.74735,0.747725,0.74668,0.746875
2021-10-25 01:00:00+00:00,audusd,0.74716,0.74813,0.74648,0.747355
2021-10-25 02:00:00+00:00,audusd,0.74753,0.74757,0.74693,0.747155
2021-10-25 03:00:00+00:00,audusd,0.748725,0.74887,0.74753,0.74754
2021-10-25 04:00:00+00:00,audusd,0.74867,0.74882,0.748175,0.74873
2021-10-25 05:00:00+00:00,audusd,0.74878,0.74896,0.74819,0.748665
2021-10-25 06:00:00+00:00,audusd,0.74807,0.74924,0.74793,0.74877
2021-10-25 07:00:00+00:00,audusd,0.75004,0.750095,0.74782,0.748075
2021-10-25 08:00:00+00:00,audusd,0.74981,0.750535,0.749765,0.750045
2021-10-25 09:00:00+00:00,audusd,0.74809,0.74996,0.74783,0.749815
2021-10-25 10:00:00+00:00,audusd,0.74903,0.74921,0.74793,0.748085
2021-10-25 11:00:00+00:00,audusd,0.748675,0.74954,0.74827,0.749025
2021-10-25 12:00:00+00:00,audusd,0.74817,0.74932,0.74792,0.74867
2021-10-25 13:00:00+00:00,audusd,0.74874,0.749555,0.747545,0.748165
2021-10-25 14:00:00+00:00,audusd,0.749325,0.74958,0.74824,0.748745
2021-10-25 15:00:00+00:00,audusd,0.74941,0.749815,0.74911,0.74932
2021-10-25 16:00:00+00:00,audusd,0.748985,0.74945,0.748895,0.749415
2021-10-25 17:00:00+00:00,audusd,0.74936,0.74959,0.748985,0.74899
2021-10-25 18:00:00+00:00,audusd,0.74961,0.749765,0.74931,0.749365
2021-10-25 19:00:00+00:00,audusd,0.74935,0.749615,0.749105,0.7496
2021-10-25 20:00:00+00:00,audusd,0.749145,0.749515,0.74911,0.74937
2021-10-25 21:00:00+00:00,audusd,0.74913,0.74927,0.74886,0.749005
2021-10-25 22:00:00+00:00,audusd,0.74871,0.74919,0.74871,0.749135
2021-10-25 23:00:00+00:00,audusd,0.74918,0.74918,0.74846,0.7487
2021-10-26 00:00:00+00:00,audusd,0.749715,0.75003,0.74919,0.74919
2021-10-26 01:00:00+00:00,audusd,0.75001,0.75112,0.7495,0.74972
2021-10-26 02:00:00+00:00,audusd,0.75064,0.75065,0.74966,0.750015
2021-10-26 03:00:00+00:00,audusd,0.751385,0.75144,0.75001,0.750645
2021-10-26 04:00:00+00:00,audusd,0.75147,0.75176,0.751,0.75139
2021-10-26 05:00:00+00:00,audusd,0.7508,0.75153,0.750445,0.751465
2021-10-26 06:00:00+00:00,audusd,0.75086,0.75146,0.750465,0.750805
2021-10-26 07:00:00+00:00,audusd,0.74947,0.75123,0.74894,0.750865
2021-10-26 08:00:00+00:00,audusd,0.75038,0.75048,0.74918,0.74946
2021-10-26 09:00:00+00:00,audusd,0.74983,0.750615,0.74968,0.750375
2021-10-26 10:00:00+00:00,audusd,0.75087,0.75101,0.749835,0.749835
2021-10-26 11:00:00+00:00,audusd,0.75135,0.75185,0.75085,0.750865
2021-10-26 12:00:00+00:00,audusd,0.75221,0.75256,0.75081,0.751345
2021-10-26 13:00:00+00:00,audusd,0.75157,0.75225,0.75066,0.75222
2021-10-26 14:00:00+00:00,audusd,0.75125,0.75188,0.7508,0.75159
2021-10-26 15:00:00+00:00,audusd,0.74972,0.75132,0.74956,0.751245
2021-10-26 16:00:00+00:00,audusd,0.749745,0.750035,0.74909,0.749725
2021-10-26 17:00:00+00:00,audusd,0.750235,0.750295,0.749485,0.74974
2021-10-26 18:00:00+00:00,audusd,0.75073,0.75073,0.75022,0.75023
2021-10-26 19:00:00+00:00,audusd,0.75045,0.75094,0.75032,0.750725
2021-10-26 20:00:00+00:00,audusd,0.75011,0.75059,0.75,0.75046
2021-10-26 21:00:00+00:00,audusd,0.750005,0.75042,0.74988,0.75018
2021-10-26 22:00:00+00:00,audusd,0.75047,0.750715,0.75001,0.75001
2021-10-26 23:00:00+00:00,audusd,0.751265,0.75134,0.7503,0.75046
2021-10-27 00:00:00+00:00,audusd,0.75303,0.75334,0.75098,0.75123
2021-10-27 01:00:00+00:00,audusd,0.75189,0.75361,0.75188,0.753035
2021-10-27 02:00:00+00:00,audusd,0.75239,0.75274,0.75184,0.751885
2021-10-27 03:00:00+00:00,audusd,0.751995,0.75288,0.75198,0.752385
2021-10-27 04:00:00+00:00,audusd,0.75262,0.75284,0.75171,0.752
2021-10-27 05:00:00+00:00,audusd,0.75184,0.75278,0.75127,0.752615
2021-10-27 06:00:00+00:00,audusd,0.75285,0.75298,0.75139,0.751835
2021-10-27 07:00:00+00:00,audusd,0.75134,0.75319,0.751,0.752855
2021-10-27 08:00:00+00:00,audusd,0.749125,0.75158,0.74885,0.751335
2021-10-27 09:00:00+00:00,audusd,0.75006,0.750185,0.74875,0.74913
2021-10-27 10:00:00+00:00,audusd,0.7498,0.7502,0.74945,0.750055
2021-10-27 11:00:00+00:00,audusd,0.75071,0.75077,0.74959,0.749795
2021-10-27 12:00:00+00:00,audusd,0.75116,0.75205,0.75069,0.7507
2021-10-27 13:00:00+00:00,audusd,0.75159,0.751855,0.75032,0.751155
2021-10-27 14:00:00+00:00,audusd,0.75069,0.75296,0.75051,0.75158
2021-10-27 15:00:00+00:00,audusd,0.75149,0.7516,0.75062,0.75069
2021-10-27 16:00:00+00:00,audusd,0.75269,0.7529,0.75141,0.751495
2021-10-27 17:00:00+00:00,audusd,0.75291,0.7535,0.75263,0.75268
2021-10-27 18:00:00+00:00,audusd,0.75256,0.75296,0.75228,0.75292
2021-10-27 19:00:00+00:00,audusd,0.75194,0.75257,0.751375,0.75257
2021-10-27 20:00:00+00:00,audusd,0.7517,0.75201,0.75169,0.75195
2021-10-27 21:00:00+00:00,audusd,0.75202,0.752085,0.75152,0.75165
2021-10-27 22:00:00+00:00,audusd,0.751475,0.751995,0.751465,0.75197
2021-10-27 23:00:00+00:00,audusd,0.75,0.75154,0.74974,0.75148
2021-10-28 00:00:00+00:00,audusd,0.74959,0.75082,0.74938,0.75001
2021-10-28 01:00:00+00:00,audusd,0.74965,0.74986,0.74798,0.749595
2021-10-28 02:00:00+00:00,audusd,0.750895,0.75117,0.74954,0.749645
2021-10-28 03:00:00+00:00,audusd,0.75068,0.75092,0.75037,0.75089
2021-10-28 04:00:00+00:00,audusd,0.75085,0.75103,0.7504,0.75065
2021-10-28 05:00:00+00:00,audusd,0.75103,0.751205,0.75037,0.750845
2021-10-28 06:00:00+00:00,audusd,0.75102,0.751405,0.75066,0.751035
2021-10-28 07:00:00+00:00,audusd,0.75187,0.75238,0.75097,0.751015
2021-10-28 08:00:00+00:00,audusd,0.751225,0.75208,0.75095,0.751865
2021-10-28 09:00:00+00:00,audusd,0.75122,0.751475,0.75062,0.75122
2021-10-28 10:00:00+00:00,audusd,0.75251,0.75256,0.750945,0.751215
2021-10-28 11:00:00+00:00,audusd,0.75213,0.75292,0.75158,0.752515
2021-10-28 12:00:00+00:00,audusd,0.75096,0.752545,0.75066,0.752125
2021-10-28 13:00:00+00:00,audusd,0.7529,0.75341,0.7507,0.75107
2021-10-28 14:00:00+00:00,audusd,0.7548,0.75517,0.752865,0.75288
2021-10-28 15:00:00+00:00,audusd,0.75463,0.755415,0.754535,0.754805
2021-10-28 16:00:00+00:00,audusd,0.754565,0.75557,0.75421,0.75464
2021-10-28 17:00:00+00:00,audusd,0.75435,0.75496,0.75396,0.75456
2021-10-28 18:00:00+00:00,audusd,0.75386,0.75446,0.75386,0.75434
2021-10-28 19:00:00+00:00,audusd,0.75434,0.75452,0.75358,0.753865
2021-10-28 20:00:00+00:00,audusd,0.75438,0.75474,0.75397,0.754345
2021-10-28 21:00:00+00:00,audusd,0.75433,0.75457,0.75387,0.75431
2021-10-28 22:00:00+00:00,audusd,0.75355,0.75445,0.7527,0.754345
2021-10-28 23:00:00+00:00,audusd,0.75312,0.75356,0.75304,0.75354
2021-10-29 00:00:00+00:00,audusd,0.75303,0.75457,0.75285,0.75313
2021-10-29 01:00:00+00:00,audusd,0.75424,0.75441,0.7524,0.753035
2021-10-29 02:00:00+00:00,audusd,0.754025,0.75446,0.75375,0.754235
2021-10-29 03:00:00+00:00,audusd,0.75477,0.75485,0.75355,0.75402
2021-10-29 04:00:00+00:00,audusd,0.75458,0.75554,0.75456,0.754775
2021-10-29 05:00:00+00:00,audusd,0.75433,0.75517,0.75388,0.75459
2021-10-29 06:00:00+00:00,audusd,0.75368,0.75444,0.75367,0.754335
2021-10-29 07:00:00+00:00,audusd,0.75465,0.75517,0.75348,0.75367
2021-10-29 08:00:00+00:00,audusd,0.75343,0.75472,0.75333,0.754655
2021-10-29 09:00:00+00:00,audusd,0.75378,0.75383,0.75292,0.753435
2021-10-29 10:00:00+00:00,audusd,0.753965,0.75433,0.75351,0.75377
2021-10-29 11:00:00+00:00,audusd,0.75353,0.75402,0.75325,0.753965
2021-10-29 12:00:00+00:00,audusd,0.75223,0.75397,0.75179,0.753535
2021-10-29 13:00:00+00:00,audusd,0.752015,0.75291,0.75174,0.752235
2021-10-29 14:00:00+00:00,audusd,0.75107,0.75235,0.75055,0.75202
2021-10-29 15:00:00+00:00,audusd,0.75089,0.75166,0.75013,0.75108
2021-10-29 16:00:00+00:00,audusd,0.7511,0.75122,0.75035,0.75088
2021-10-29 17:00:00+00:00,audusd,0.75173,0.75219,0.75101,0.75111
2021-10-29 18:00:00+00:00,audusd,0.75262,0.75262,0.75128,0.751735
2021-10-29 19:00:00+00:00,audusd,0.75223,0.752615,0.75155,0.752615
2021-10-29 20:00:00+00:00,audusd,0.75195,0.75266,0.75195,0.752225
2021-10-31 21:00:00+00:00,audusd,0.75122,0.75197,0.75119,0.75158
2021-10-31 22:00:00+00:00,audusd,0.751555,0.75209,0.75123,0.75123
2021-10-31 23:00:00+00:00,audusd,0.7518,0.75196,0.75121,0.75156
2021-11-01 00:00:00+00:00,audusd,0.751135,0.75249,0.75076,0.751825
2021-11-01 01:00:00+00:00,audusd,0.75151,0.75169,0.75054,0.75113
2021-11-01 02:00:00+00:00,audusd,0.75128,0.751505,0.7507,0.751505
2021-11-01 03:00:00+00:00,audusd,0.750595,0.751325,0.75048,0.751285
2021-11-01 04:00:00+00:00,audusd,0.750395,0.75064,0.74998,0.75059
2021-11-01 05:00:00+00:00,audusd,0.75129,0.75139,0.75039,0.75039
2021-11-01 06:00:00+00:00,audusd,0.75006,0.75133,0.749945,0.751295
2021-11-01 07:00:00+00:00,audusd,0.74911,0.750485,0.74863,0.75007
2021-11-01 08:00:00+00:00,audusd,0.75009,0.750295,0.749035,0.7491
2021-11-01 09:00:00+00:00,audusd,0.7503,0.75086,0.749755,0.750085
2021-11-01 10:00:00+00:00,audusd,0.75036,0.75075,0.75012,0.750305
2021-11-01 11:00:00+00:00,audusd,0.751555,0.75179,0.75028,0.750355
2021-11-01 12:00:00+00:00,audusd,0.75168,0.751885,0.751295,0.75155
2021-11-01 13:00:00+00:00,audusd,0.75201,0.75259,0.75138,0.751685
2021-11-01 14:00:00+00:00,audusd,0.75277,0.75307,0.75143,0.75202
2021-11-01 15:00:00+00:00,audusd,0.75343,0.75349,0.75247,0.75278
2021-11-01 16:00:00+00:00,audusd,0.752955,0.753625,0.75292,0.753425
2021-11-01 17:00:00+00:00,audusd,0.75202,0.75306,0.75191,0.75296
2021-11-01 18:00:00+00:00,audusd,0.75195,0.75241,0.7517,0.752025
2021-11-01 19:00:00+00:00,audusd,0.752,0.75201,0.7515,0.751945
2021-11-01 20:00:00+00:00,audusd,0.75231,0.752495,0.75178,0.752005
2021-11-01 21:00:00+00:00,audusd,0.75213,0.75223,0.75135,0.751875
2021-11-01 22:00:00+00:00,audusd,0.75219,0.75236,0.75202,0.752135
2021-11-01 23:00:00+00:00,audusd,0.75204,0.75236,0.75198,0.75218
2021-11-02 00:00:00+00:00,audusd,0.75228,0.7526,0.751735,0.752045
2021-11-02 01:00:00+00:00,audusd,0.75296,0.75317,0.75216,0.752285
2021-11-02 02:00:00+00:00,audusd,0.75226,0.75298,0.75224,0.752965
2021-11-02 03:00:00+00:00,audusd,0.75043,0.75324,0.74858,0.75227
2021-11-02 04:00:00+00:00,audusd,0.74959,0.750555,0.74864,0.750425
2021-11-02 05:00:00+00:00,audusd,0.74903,0.75021,0.74853,0.749585
2021-11-02 06:00:00+00:00,audusd,0.74751,0.74903,0.74701,0.749025
2021-11-02 07:00:00+00:00,audusd,0.74734,0.74766,0.746585,0.74752
2021-11-02 08:00:00+00:00,audusd,0.74629,0.74749,0.74619,0.747345
2021-11-02 09:00:00+00:00,audusd,0.7467,0.74756,0.74606,0.746295
2021-11-02 10:00:00+00:00,audusd,0.74635,0.74665,0.7458,0.74648
2021-11-02 11:00:00+00:00,audusd,0.74656,0.74664,0.745515,0.74634
2021-11-02 12:00:00+00:00,audusd,0.7466,0.746845,0.74617,0.746565
2021-11-02 13:00:00+00:00,audusd,0.74549,0.7467,0.74519,0.746595
2021-11-02 14:00:00+00:00,audusd,0.74491,0.74568,0.744305,0.745495
2021-11-02 15:00:00+00:00,audusd,0.74287,0.74565,0.7427,0.74492
2021-11-02 16:00:00+00:00,audusd,0.742285,0.74334,0.742145,0.74286
2021-11-02 17:00:00+00:00,audusd,0.7427,0.74275,0.74205,0.74229
2021-11-02 18:00:00+00:00,audusd,0.74259,0.7432,0.74255,0.742695
2021-11-02 19:00:00+00:00,audusd,0.743255,0.743255,0.74258,0.74259
2021-11-02 20:00:00+00:00,audusd,0.742965,0.7433,0.74278,0.74325
2021-11-02 21:00:00+00:00,audusd,0.74319,0.74332,0.74241,0.74284
2021-11-02 22:00:00+00:00,audusd,0.74295,0.74329,0.74285,0.74317
2021-11-02 23:00:00+00:00,audusd,0.74359,0.74361,0.74285,0.742955
2021-11-03 00:00:00+00:00,audusd,0.74349,0.74365,0.74265,0.74358
2021-11-03 01:00:00+00:00,audusd,0.74362,0.744015,0.74336,0.743495
2021-11-03 02:00:00+00:00,audusd,0.74306,0.74364,0.74291,0.74363
2021-11-03 03:00:00+00:00,audusd,0.74366,0.74366,0.742565,0.743055
2021-11-03 04:00:00+00:00,audusd,0.74344,0.74405,0.74313,0.74368
2021-11-03 05:00:00+00:00,audusd,0.74398,0.74403,0.74339,0.743435
2021-11-03 06:00:00+00:00,audusd,0.74436,0.744505,0.7439,0.743975
2021-11-03 07:00:00+00:00,audusd,0.744665,0.74485,0.74411,0.744355
2021-11-03 08:00:00+00:00,audusd,0.74401,0.74512,0.74395,0.74466
2021-11-03 09:00:00+00:00,audusd,0.74416,0.74443,0.743905,0.744015
2021-11-03 10:00:00+00:00,audusd,0.74447,0.74465,0.74378,0.74415
2021-11-03 11:00:00+00:00,audusd,0.74411,0.74458,0.743995,0.744465
2021-11-03 12:00:00+00:00,audusd,0.7441,0.74429,0.743355,0.74412
2021-11-03 13:00:00+00:00,audusd,0.74291,0.74409,0.7427,0.74409
2021-11-03 14:00:00+00:00,audusd,0.74312,0.74339,0.74154,0.74286
2021-11-03 15:00:00+00:00,audusd,0.74301,0.74322,0.74198,0.74311
2021-11-03 16:00:00+00:00,audusd,0.74178,0.74318,0.74178,0.743
2021-11-03 17:00:00+00:00,audusd,0.742185,0.74255,0.74143,0.741785
2021-11-03 18:00:00+00:00,audusd,0.74446,0.745495,0.741305,0.742165
2021-11-03 19:00:00+00:00,audusd,0.74534,0.74586,0.74383,0.744455
2021-11-03 20:00:00+00:00,audusd,0.744785,0.74551,0.74457,0.745335
2021-11-03 21:00:00+00:00,audusd,0.74504,0.74536,0.744115,0.7447
2021-11-03 22:00:00+00:00,audusd,0.74559,0.74608,0.7449,0.74503
2021-11-03 23:00:00+00:00,audusd,0.7469,0.74696,0.745545,0.74558
2021-11-04 00:00:00+00:00,audusd,0.74584,0.74708,0.745805,0.746915
2021-11-04 01:00:00+00:00,audusd,0.7455,0.74626,0.74534,0.745835
2021-11-04 02:00:00+00:00,audusd,0.74618,0.74636,0.745175,0.745495
2021-11-04 03:00:00+00:00,audusd,0.745295,0.746175,0.74522,0.746175
2021-11-04 04:00:00+00:00,audusd,0.74472,0.74567,0.74471,0.74529
2021-11-04 05:00:00+00:00,audusd,0.743605,0.74484,0.74316,0.744725
2021-11-04 06:00:00+00:00,audusd,0.74305,0.74396,0.74304,0.7436
2021-11-04 07:00:00+00:00,audusd,0.7439,0.74443,0.74281,0.743045
2021-11-04 08:00:00+00:00,audusd,0.74307,0.74441,0.7426,0.743895
2021-11-04 09:00:00+00:00,audusd,0.74233,0.74313,0.74203,0.743075
2021-11-04 10:00:00+00:00,audusd,0.74245,0.74251,0.741825,0.742325
2021-11-04 11:00:00+00:00,audusd,0.741725,0.742595,0.74103,0.742445
2021-11-04 12:00:00+00:00,audusd,0.74121,0.74192,0.74104,0.74171
2021-11-04 13:00:00+00:00,audusd,0.74062,0.74186,0.74001,0.741205
2021-11-04 14:00:00+00:00,audusd,0.73935,0.740755,0.73915,0.740615
2021-11-04 15:00:00+00:00,audusd,0.74024,0.74031,0.738305,0.739345
2021-11-04 16:00:00+00:00,audusd,0.73968,0.740525,0.739435,0.740245
2021-11-04 17:00:00+00:00,audusd,0.739555,0.74002,0.73919,0.739685
2021-11-04 18:00:00+00:00,audusd,0.73996,0.740275,0.739365,0.73955
2021-11-04 19:00:00+00:00,audusd,0.74048,0.74049,0.7399,0.73995
2021-11-04 20:00:00+00:00,audusd,0.74003,0.7405,0.73982,0.74047
2021-11-04 21:00:00+00:00,audusd,0.740075,0.74019,0.739865,0.74005
2021-11-04 22:00:00+00:00,audusd,0.74034,0.74053,0.74008,0.74009
2021-11-04 23:00:00+00:00,audusd,0.74084,0.74086,0.73999,0.74035
2021-11-05 00:00:00+00:00,audusd,0.74001,0.74088,0.73927,0.74083
2021-11-05 01:00:00+00:00,audusd,0.738735,0.74018,0.7384,0.740015
2021-11-05 02:00:00+00:00,audusd,0.73859,0.73886,0.73788,0.73874
2021-11-05 03:00:00+00:00,audusd,0.73966,0.7398,0.738085,0.738585
2021-11-05 04:00:00+00:00,audusd,0.73969,0.74001,0.73912,0.73965
2021-11-05 05:00:00+00:00,audusd,0.73862,0.73973,0.73862,0.739685
2021-11-05 06:00:00+00:00,audusd,0.7387,0.738985,0.7383,0.738615
2021-11-05 07:00:00+00:00,audusd,0.73896,0.73921,0.73847,0.738695
2021-11-05 08:00:00+00:00,audusd,0.73784,0.73903,0.737545,0.73895
2021-11-05 09:00:00+00:00,audusd,0.73732,0.73808,0.73725,0.737845
2021-11-05 10:00:00+00:00,audusd,0.73721,0.73756,0.73685,0.737315
2021-11-05 11:00:00+00:00,audusd,0.737105,0.73737,0.73663,0.737205
2021-11-05 12:00:00+00:00,audusd,0.73823,0.73903,0.73604,0.73711
2021-11-05 13:00:00+00:00,audusd,0.73837,0.739955,0.738,0.738295
2021-11-05 14:00:00+00:00,audusd,0.73946,0.73952,0.73814,0.73839
2021-11-05 15:00:00+00:00,audusd,0.740665,0.74107,0.73915,0.739455
2021-11-05 16:00:00+00:00,audusd,0.74082,0.74123,0.73996,0.74065
2021-11-05 17:00:00+00:00,audusd,0.739905,0.74084,0.73952,0.740815
2021-11-05 18:00:00+00:00,audusd,0.739375,0.74007,0.73932,0.73991
2021-11-05 19:00:00+00:00,audusd,0.7402,0.74025,0.73927,0.73937
2021-11-05 20:00:00+00:00,audusd,0.739985,0.740345,0.73982,0.74021
2021-11-07 22:00:00+00:00,audusd,0.73967,0.741545,0.73948,0.73957
2021-11-07 23:00:00+00:00,audusd,0.739545,0.74023,0.73953,0.739675
2021-11-08 00:00:00+00:00,audusd,0.73934,0.739635,0.73907,0.73955
2021-11-08 01:00:00+00:00,audusd,0.738785,0.73992,0.73863,0.739335
2021-11-08 02:00:00+00:00,audusd,0.73942,0.73949,0.73865,0.73878
2021-11-08 03:00:00+00:00,audusd,0.73979,0.74013,0.73922,0.73941
2021-11-08 04:00:00+00:00,audusd,0.73973,0.739995,0.7396,0.73978
2021-11-08 05:00:00+00:00,audusd,0.74062,0.74065,0.73957,0.739725
2021-11-08 06:00:00+00:00,audusd,0.73978,0.74095,0.73978,0.740625
2021-11-08 07:00:00+00:00,audusd,0.74034,0.7409,0.73971,0.73977
2021-11-08 08:00:00+00:00,audusd,0.739885,0.740915,0.73844,0.74036
2021-11-08 09:00:00+00:00,audusd,0.74043,0.74129,0.73982,0.73989
2021-11-08 10:00:00+00:00,audusd,0.74018,0.74063,0.73952,0.740425
2021-11-08 11:00:00+00:00,audusd,0.74067,0.74077,0.74003,0.740185
2021-11-08 12:00:00+00:00,audusd,0.74081,0.741375,0.73998,0.740665
2021-11-08 13:00:00+00:00,audusd,0.74124,0.74162,0.74069,0.740815
2021-11-08 14:00:00+00:00,audusd,0.74192,0.74243,0.7409,0.741235
2021-11-08 15:00:00+00:00,audusd,0.742065,0.74277,0.74182,0.74193
2021-11-08 16:00:00+00:00,audusd,0.742905,0.74313,0.74174,0.74206
2021-11-08 17:00:00+00:00,audusd,0.74212,0.74296,0.74202,0.7429
2021-11-08 18:00:00+00:00,audusd,0.74231,0.74246,0.74195,0.74213
2021-11-08 19:00:00+00:00,audusd,0.7425,0.74267,0.74219,0.7423
2021-11-08 20:00:00+00:00,audusd,0.742385,0.74257,0.74184,0.74249
2021-11-08 21:00:00+00:00,audusd,0.74244,0.74266,0.74233,0.74239
2021-11-08 22:00:00+00:00,audusd,0.742165,0.74252,0.74203,0.742465
2021-11-08 23:00:00+00:00,audusd,0.74147,0.74222,0.74146,0.74216
2021-11-09 00:00:00+00:00,audusd,0.740155,0.74154,0.73981,0.741475
2021-11-09 01:00:00+00:00,audusd,0.74015,0.74098,0.73997,0.740565
2021-11-10 01:00:00+00:00,audusd,0.73698,0.73732,0.73652,0.73731
2021-11-10 02:00:00+00:00,audusd,0.73653,0.73708,0.73623,0.73699
2021-11-10 03:00:00+00:00,audusd,0.73662,0.73695,0.73633,0.736525
2021-11-10 04:00:00+00:00,audusd,0.73675,0.73685,0.73627,0.73663
2021-11-10 05:00:00+00:00,audusd,0.73559,0.73694,0.735275,0.736745
2021-11-10 06:00:00+00:00,audusd,0.73622,0.73642,0.73544,0.73558
2021-11-10 07:00:00+00:00,audusd,0.73626,0.73664,0.73548,0.736215
2021-11-10 08:00:00+00:00,audusd,0.737215,0.73787,0.73606,0.736255
2021-11-10 09:00:00+00:00,audusd,0.73725,0.73745,0.73623,0.73722
2021-11-10 10:00:00+00:00,audusd,0.73649,0.73729,0.73637,0.737245
2021-11-10 11:00:00+00:00,audusd,0.73562,0.736485,0.735405,0.736485
2021-11-10 12:00:00+00:00,audusd,0.73611,0.73619,0.73525,0.735625
2021-11-10 13:00:00+00:00,audusd,0.73716,0.73736,0.7341,0.73612
2021-11-10 14:00:00+00:00,audusd,0.73862,0.73936,0.73734,0.73736
2021-11-10 15:00:00+00:00,audusd,0.73586,0.738725,0.73531,0.73863
2021-11-10 16:00:00+00:00,audusd,0.73611,0.73713,0.73579,0.735865
2021-11-10 17:00:00+00:00,audusd,0.73547,0.73612,0.73481,0.736115
2021-11-10 18:00:00+00:00,audusd,0.7346,0.735695,0.73381,0.735475
2021-11-10 19:00:00+00:00,audusd,0.73314,0.734605,0.7331,0.73459
2021-11-10 20:00:00+00:00,audusd,0.73265,0.73341,0.73261,0.733135
2021-11-10 21:00:00+00:00,audusd,0.73268,0.732865,0.73242,0.732645
2021-11-10 22:00:00+00:00,audusd,0.73296,0.73315,0.73245,0.73266
2021-11-10 23:00:00+00:00,audusd,0.733375,0.73342,0.7327,0.73297
2021-11-11 00:00:00+00:00,audusd,0.73226,0.734125,0.73157,0.733355
2021-11-11 01:00:00+00:00,audusd,0.732305,0.73293,0.73167,0.73225
2021-11-11 02:00:00+00:00,audusd,0.7302,0.73292,0.73002,0.73231
2021-11-11 03:00:00+00:00,audusd,0.73058,0.731,0.72953,0.730205
2021-11-11 04:00:00+00:00,audusd,0.73036,0.73063,0.72979,0.730585
2021-11-11 05:00:00+00:00,audusd,0.73081,0.73103,0.73003,0.73037
2021-11-11 06:00:00+00:00,audusd,0.73153,0.73203,0.7306,0.730815
2021-11-11 07:00:00+00:00,audusd,0.730345,0.73152,0.730345,0.73152
2021-11-11 08:00:00+00:00,audusd,0.729935,0.730535,0.72873,0.73034
2021-11-11 09:00:00+00:00,audusd,0.72969,0.73002,0.72898,0.72993
2021-11-11 10:00:00+00:00,audusd,0.729535,0.73004,0.72897,0.72968
2021-11-11 11:00:00+00:00,audusd,0.73011,0.73023,0.72923,0.72953
2021-11-11 12:00:00+00:00,audusd,0.73033,0.73118,0.72977,0.730105
2021-11-11 13:00:00+00:00,audusd,0.73098,0.73099,0.72955,0.730325
2021-11-11 14:00:00+00:00,audusd,0.73033,0.73113,0.72998,0.730975
2021-11-11 15:00:00+00:00,audusd,0.73073,0.73114,0.72988,0.73032
2021-11-11 16:00:00+00:00,audusd,0.72974,0.730885,0.7297,0.73074
2021-11-11 17:00:00+00:00,audusd,0.72922,0.72992,0.72907,0.729745
2021-11-11 18:00:00+00:00,audusd,0.729435,0.72965,0.72887,0.72923
2021-11-11 19:00:00+00:00,audusd,0.72922,0.72974,0.72917,0.72944
2021-11-11 20:00:00+00:00,audusd,0.72891,0.72947,0.72878,0.729225
2021-11-11 21:00:00+00:00,audusd,0.729375,0.72946,0.72885,0.7289
2021-11-11 22:00:00+00:00,audusd,0.7292,0.72987,0.72897,0.728995
2021-11-11 23:00:00+00:00,audusd,0.729075,0.72933,0.72869,0.729195
2021-11-12 00:00:00+00:00,audusd,0.72886,0.72969,0.72886,0.72908
2021-11-12 01:00:00+00:00,audusd,0.728075,0.72906,0.72803,0.72885
2021-11-12 02:00:00+00:00,audusd,0.72819,0.72864,0.72778,0.728005
2021-11-12 03:00:00+00:00,audusd,0.7283,0.72835,0.72768,0.728185
2021-11-12 04:00:00+00:00,audusd,0.72863,0.728765,0.72828,0.72831
2021-11-12 05:00:00+00:00,audusd,0.72934,0.72944,0.72828,0.728635
2021-11-12 06:00:00+00:00,audusd,0.72957,0.72968,0.72897,0.729335
2021-11-12 07:00:00+00:00,audusd,0.73063,0.73064,0.72909,0.729565
2021-11-12 08:00:00+00:00,audusd,0.73034,0.73081,0.72992,0.730625
2021-11-12 09:00:00+00:00,audusd,0.72924,0.730335,0.72904,0.730335
2021-11-12 10:00:00+00:00,audusd,0.729795,0.730105,0.72907,0.729245
2021-11-12 11:00:00+00:00,audusd,0.72964,0.73002,0.729255,0.7298
2021-11-12 12:00:00+00:00,audusd,0.72975,0.73046,0.72955,0.729635
2021-11-12 13:00:00+00:00,audusd,0.730245,0.73048,0.72941,0.72976
2021-11-12 14:00:00+00:00,audusd,0.73007,0.73059,0.729635,0.73024
2021-11-12 15:00:00+00:00,audusd,0.73207,0.73214,0.73008,0.73008
2021-11-12 16:00:00+00:00,audusd,0.732105,0.732415,0.731935,0.73205
2021-11-12 17:00:00+00:00,audusd,0.732915,0.73306,0.7321,0.73211
2021-11-12 18:00:00+00:00,audusd,0.733135,0.73329,0.73274,0.73291
2021-11-12 19:00:00+00:00,audusd,0.732995,0.73344,0.73299,0.73314
2021-11-12 20:00:00+00:00,audusd,0.73347,0.73353,0.73296,0.733
2021-11-12 21:00:00+00:00,audusd,0.733085,0.73353,0.732865,0.733475
2021-11-14 22:00:00+00:00,audusd,0.73299,0.733295,0.73257,0.73262
2021-11-14 23:00:00+00:00,audusd,0.73321,0.733655,0.732995,0.733
2021-11-15 00:00:00+00:00,audusd,0.73332,0.7334,0.73235,0.73322
2021-11-15 01:00:00+00:00,audusd,0.734075,0.73409,0.73253,0.733315
2021-11-15 02:00:00+00:00,audusd,0.73393,0.73447,0.73364,0.73408
2021-11-15 03:00:00+00:00,audusd,0.73397,0.7344,0.73381,0.733935
2021-11-15 04:00:00+00:00,audusd,0.734215,0.73449,0.733875,0.733965
2021-11-15 05:00:00+00:00,audusd,0.73478,0.73486,0.734095,0.73422
2021-11-15 06:00:00+00:00,audusd,0.73456,0.735,0.73438,0.73477
2021-11-15 07:00:00+00:00,audusd,0.7354,0.735455,0.7345,0.73455
2021-11-15 08:00:00+00:00,audusd,0.73553,0.73568,0.734765,0.735405
2021-11-15 09:00:00+00:00,audusd,0.73606,0.736545,0.7353,0.735525
2021-11-15 10:00:00+00:00,audusd,0.73654,0.73682,0.73592,0.736055
2021-11-15 11:00:00+00:00,audusd,0.73668,0.73708,0.73603,0.736535
2021-11-15 12:00:00+00:00,audusd,0.73628,0.73693,0.736175,0.736675
2021-11-15 13:00:00+00:00,audusd,0.73636,0.736895,0.73587,0.736275
2021-11-15 14:00:00+00:00,audusd,0.73589,0.73658,0.73551,0.736365
2021-11-15 15:00:00+00:00,audusd,0.73599,0.736255,0.73541,0.735885
2021-11-15 16:00:00+00:00,audusd,0.73607,0.736635,0.73561,0.735995
2021-11-15 17:00:00+00:00,audusd,0.73517,0.7361,0.73494,0.736075
2021-11-15 18:00:00+00:00,audusd,0.73552,0.735615,0.73514,0.735165
2021-11-15 19:00:00+00:00,audusd,0.735035,0.735755,0.73503,0.735525
2021-11-15 20:00:00+00:00,audusd,0.73455,0.73507,0.73431,0.73503
2021-11-15 21:00:00+00:00,audusd,0.734675,0.73496,0.73444,0.734555
2021-11-15 22:00:00+00:00,audusd,0.73443,0.734865,0.73427,0.734615
2021-11-15 23:00:00+00:00,audusd,0.73455,0.73479,0.73433,0.73444
2021-11-16 00:00:00+00:00,audusd,0.73513,0.73567,0.73441,0.734545
2021-11-16 01:00:00+00:00,audusd,0.73616,0.7365,0.73508,0.735125
2021-11-16 02:00:00+00:00,audusd,0.736315,0.73681,0.73573,0.736165
2021-11-16 03:00:00+00:00,audusd,0.73585,0.73679,0.73572,0.73631
2021-11-16 04:00:00+00:00,audusd,0.7354,0.73602,0.735025,0.735845
2021-11-16 05:00:00+00:00,audusd,0.73405,0.73586,0.733745,0.735395
2021-11-16 06:00:00+00:00,audusd,0.73386,0.73449,0.73348,0.734055
2021-11-16 07:00:00+00:00,audusd,0.734165,0.73432,0.733505,0.733855
2021-11-16 08:00:00+00:00,audusd,0.73423,0.73463,0.73362,0.73417
2021-11-16 09:00:00+00:00,audusd,0.73386,0.73469,0.73327,0.734235
2021-11-16 10:00:00+00:00,audusd,0.733475,0.734075,0.73312,0.733865
2021-11-16 11:00:00+00:00,audusd,0.73434,0.73453,0.73323,0.73347
2021-11-16 12:00:00+00:00,audusd,0.73363,0.73438,0.73343,0.734335
2021-11-16 13:00:00+00:00,audusd,0.733605,0.7346,0.73292,0.733625
2021-11-16 14:00:00+00:00,audusd,0.731415,0.73372,0.73136,0.7336
2021-11-16 15:00:00+00:00,audusd,0.73169,0.73275,0.73118,0.73156
2021-11-16 16:00:00+00:00,audusd,0.73099,0.731925,0.73097,0.731695
2021-11-16 17:00:00+00:00,audusd,0.730545,0.73133,0.73022,0.730985
2021-11-16 18:00:00+00:00,audusd,0.73099,0.73121,0.73039,0.73054
2021-11-16 19:00:00+00:00,audusd,0.73008,0.731175,0.73008,0.730985
2021-11-16 20:00:00+00:00,audusd,0.72957,0.730465,0.72924,0.730085
2021-11-16 21:00:00+00:00,audusd,0.73025,0.73042,0.72956,0.72958
2021-11-16 22:00:00+00:00,audusd,0.72999,0.73055,0.72984,0.73005
2021-11-16 23:00:00+00:00,audusd,0.73013,0.73018,0.72952,0.73
2021-11-17 00:00:00+00:00,audusd,0.728725,0.730225,0.728235,0.730125
2021-11-17 01:00:00+00:00,audusd,0.7287,0.72914,0.72815,0.72872
2021-11-17 02:00:00+00:00,audusd,0.72849,0.728985,0.72825,0.728695
2021-11-17 03:00:00+00:00,audusd,0.72748,0.7285,0.726295,0.7285
2021-11-17 04:00:00+00:00,audusd,0.72823,0.728395,0.72747,0.727475
2021-11-17 05:00:00+00:00,audusd,0.72818,0.72861,0.72768,0.72824
2021-11-17 06:00:00+00:00,audusd,0.72945,0.72995,0.72809,0.72817
2021-11-17 07:00:00+00:00,audusd,0.72942,0.73051,0.7294,0.729455
2021-11-17 08:00:00+00:00,audusd,0.72915,0.72958,0.72874,0.72943
2021-11-17 09:00:00+00:00,audusd,0.7281,0.72921,0.72757,0.72916
2021-11-17 10:00:00+00:00,audusd,0.72733,0.72819,0.72715,0.728105
2021-11-17 11:00:00+00:00,audusd,0.72928,0.72928,0.72726,0.727335
2021-11-17 12:00:00+00:00,audusd,0.72935,0.729855,0.72913,0.729275
2021-11-17 13:00:00+00:00,audusd,0.728055,0.72982,0.72804,0.729355
2021-11-17 14:00:00+00:00,audusd,0.727435,0.72829,0.727155,0.72806
2021-11-17 15:00:00+00:00,audusd,0.72761,0.72794,0.72665,0.7275
2021-11-17 16:00:00+00:00,audusd,0.72727,0.72771,0.72637,0.7276
2021-11-17 17:00:00+00:00,audusd,0.72696,0.72748,0.72657,0.727275
2021-11-17 18:00:00+00:00,audusd,0.72676,0.72726,0.72655,0.72695
2021-11-17 19:00:00+00:00,audusd,0.72602,0.7268,0.72602,0.726765
2021-11-17 20:00:00+00:00,audusd,0.726655,0.72683,0.72588,0.726025
2021-11-17 21:00:00+00:00,audusd,0.72655,0.726685,0.72639,0.72666
2021-11-17 22:00:00+00:00,audusd,0.7264,0.72668,0.72629,0.72663
2021-11-17 23:00:00+00:00,audusd,0.72684,0.726895,0.72627,0.72639
2021-11-18 00:00:00+00:00,audusd,0.72602,0.72705,0.726,0.72685
2021-11-18 01:00:00+00:00,audusd,0.72569,0.72647,0.72518,0.726015
2021-11-18 02:00:00+00:00,audusd,0.72668,0.7267,0.72563,0.72568
2021-11-18 03:00:00+00:00,audusd,0.72676,0.72717,0.72613,0.726675
2021-11-18 04:00:00+00:00,audusd,0.72727,0.72774,0.72674,0.726765
2021-11-18 05:00:00+00:00,audusd,0.72778,0.72778,0.72707,0.72728
2021-11-18 06:00:00+00:00,audusd,0.72811,0.72813,0.72735,0.72779
2021-11-18 07:00:00+00:00,audusd,0.729,0.729325,0.72771,0.728115
2021-11-18 08:00:00+00:00,audusd,0.72787,0.729,0.72743,0.72899
2021-11-18 09:00:00+00:00,audusd,0.728455,0.72906,0.727765,0.72788
2021-11-18 10:00:00+00:00,audusd,0.72829,0.72873,0.72792,0.72845
2021-11-18 11:00:00+00:00,audusd,0.72867,0.72907,0.72823,0.728285
2021-11-18 12:00:00+00:00,audusd,0.72842,0.72918,0.72818,0.72868
2021-11-18 13:00:00+00:00,audusd,0.7262,0.7286,0.72619,0.728425
2021-11-18 14:00:00+00:00,audusd,0.72645,0.72731,0.72594,0.726195
2021-11-18 15:00:00+00:00,audusd,0.72594,0.72666,0.72497,0.726445
2021-11-18 16:00:00+00:00,audusd,0.72695,0.727065,0.72563,0.725945
2021-11-18 17:00:00+00:00,audusd,0.72762,0.728305,0.7269,0.72696
2021-11-18 18:00:00+00:00,audusd,0.72739,0.72773,0.727175,0.727615
2021-11-18 19:00:00+00:00,audusd,0.72758,0.72768,0.72722,0.72738
2021-11-18 20:00:00+00:00,audusd,0.72766,0.72784,0.72744,0.727575
2021-11-18 21:00:00+00:00,audusd,0.72767,0.727835,0.72746,0.727655
2021-11-18 22:00:00+00:00,audusd,0.72756,0.728085,0.727345,0.72777
2021-11-18 23:00:00+00:00,audusd,0.72767,0.72805,0.72755,0.72755
2021-11-19 00:00:00+00:00,audusd,0.72739,0.72799,0.72739,0.72766
2021-11-19 01:00:00+00:00,audusd,0.72782,0.7281,0.72676,0.727395
2021-11-19 02:00:00+00:00,audusd,0.7271,0.72802,0.72709,0.72783
2021-11-19 03:00:00+00:00,audusd,0.727285,0.72759,0.7269,0.727105
2021-11-19 04:00:00+00:00,audusd,0.72727,0.72782,0.72701,0.72728
2021-11-19 05:00:00+00:00,audusd,0.7282,0.72828,0.72719,0.727265
2021-11-19 06:00:00+00:00,audusd,0.72854,0.728845,0.72798,0.728205
2021-11-19 07:00:00+00:00,audusd,0.72825,0.72914,0.72822,0.72855
2021-11-19 08:00:00+00:00,audusd,0.7271,0.7286,0.72698,0.728255
2021-11-19 09:00:00+00:00,audusd,0.72433,0.727095,0.724165,0.727095
2021-11-19 10:00:00+00:00,audusd,0.7244,0.72459,0.72319,0.72434
2021-11-19 11:00:00+00:00,audusd,0.7238,0.72459,0.723395,0.724395
2021-11-19 12:00:00+00:00,audusd,0.723185,0.724705,0.72299,0.72381
2021-11-19 13:00:00+00:00,audusd,0.72452,0.724865,0.722705,0.723195
2021-11-19 14:00:00+00:00,audusd,0.72582,0.72655,0.7245,0.72453
2021-11-19 15:00:00+00:00,audusd,0.72533,0.72611,0.724885,0.725855
2021-11-19 16:00:00+00:00,audusd,0.725695,0.725895,0.72522,0.725405
2021-11-19 17:00:00+00:00,audusd,0.72433,0.725975,0.72378,0.7257
2021-11-19 18:00:00+00:00,audusd,0.72357,0.72461,0.72337,0.72434
2021-11-19 19:00:00+00:00,audusd,0.7235,0.72393,0.72338,0.723565
2021-11-19 20:00:00+00:00,audusd,0.72329,0.72373,0.72322,0.72351
2021-11-19 21:00:00+00:00,audusd,0.723375,0.72361,0.72309,0.72328
2021-11-21 22:00:00+00:00,audusd,0.723165,0.72349,0.72301,0.72348
2021-11-21 23:00:00+00:00,audusd,0.72313,0.72357,0.72288,0.72317
2021-11-22 00:00:00+00:00,audusd,0.723255,0.72407,0.72277,0.72314
2021-11-22 01:00:00+00:00,audusd,0.72353,0.72402,0.72318,0.72326
2021-11-22 02:00:00+00:00,audusd,0.72371,0.72416,0.7233,0.723535
2021-11-22 03:00:00+00:00,audusd,0.7243,0.724405,0.723465,0.723705
2021-11-22 04:00:00+00:00,audusd,0.72529,0.72556,0.72431,0.72431
2021-11-22 05:00:00+00:00,audusd,0.72543,0.72554,0.72468,0.725285
2021-11-22 06:00:00+00:00,audusd,0.72467,0.72564,0.72464,0.725435
2021-11-22 07:00:00+00:00,audusd,0.72493,0.72543,0.72444,0.72468
2021-11-22 08:00:00+00:00,audusd,0.72467,0.72552,0.72439,0.724925
2021-11-22 09:00:00+00:00,audusd,0.72552,0.72602,0.724555,0.72466
2021-11-22 10:00:00+00:00,audusd,0.725705,0.72612,0.72542,0.725525
2021-11-22 11:00:00+00:00,audusd,0.72569,0.7263,0.72537,0.7257
2021-11-22 12:00:00+00:00,audusd,0.72589,0.7263,0.725445,0.72568
2021-11-22 13:00:00+00:00,audusd,0.72708,0.727355,0.72564,0.725885
2021-11-22 14:00:00+00:00,audusd,0.72527,0.727075,0.723845,0.727075
2021-11-22 15:00:00+00:00,audusd,0.72471,0.72538,0.72417,0.725275
2021-11-22 16:00:00+00:00,audusd,0.72354,0.72513,0.72338,0.7247
2021-11-22 17:00:00+00:00,audusd,0.723065,0.72361,0.72285,0.72353
2021-11-22 18:00:00+00:00,audusd,0.72289,0.72316,0.72263,0.72306
2021-11-22 19:00:00+00:00,audusd,0.7226,0.72301,0.72252,0.722895
2021-11-22 20:00:00+00:00,audusd,0.722255,0.72295,0.72224,0.722595
2021-11-22 21:00:00+00:00,audusd,0.72248,0.72267,0.722105,0.72226
2021-11-22 22:00:00+00:00,audusd,0.72255,0.72273,0.722305,0.72263
2021-11-22 23:00:00+00:00,audusd,0.72274,0.72295,0.72245,0.72254
2021-11-23 00:00:00+00:00,audusd,0.72289,0.7234,0.72272,0.722745
2021-11-23 01:00:00+00:00,audusd,0.72324,0.72364,0.72266,0.7229
2021-11-23 02:00:00+00:00,audusd,0.72261,0.72338,0.72167,0.72323
2021-11-23 03:00:00+00:00,audusd,0.722665,0.723135,0.72239,0.722615
2021-11-23 04:00:00+00:00,audusd,0.722145,0.722805,0.721935,0.72267
2021-11-23 05:00:00+00:00,audusd,0.72153,0.72235,0.72121,0.72215
2021-11-23 06:00:00+00:00,audusd,0.72203,0.72216,0.7214,0.72154
2021-11-23 07:00:00+00:00,audusd,0.72271,0.723255,0.72124,0.722035
2021-11-23 08:00:00+00:00,audusd,0.72167,0.7227,0.72113,0.7227
2021-11-23 09:00:00+00:00,audusd,0.72248,0.72312,0.721625,0.72166
2021-11-23 10:00:00+00:00,audusd,0.7223,0.72321,0.72227,0.722475
2021-11-23 11:00:00+00:00,audusd,0.72179,0.72264,0.721635,0.7223
2021-11-23 12:00:00+00:00,audusd,0.72149,0.72212,0.72121,0.721795
2021-11-23 13:00:00+00:00,audusd,0.72171,0.72269,0.72145,0.72148
2021-11-23 14:00:00+00:00,audusd,0.722795,0.72302,0.721715,0.72172
2021-11-23 15:00:00+00:00,audusd,0.72189,0.72287,0.72087,0.7228
2021-11-23 16:00:00+00:00,audusd,0.72206,0.72236,0.72069,0.721895
2021-11-23 17:00:00+00:00,audusd,0.72176,0.72263,0.72168,0.722055
2021-11-23 18:00:00+00:00,audusd,0.72194,0.7222,0.721305,0.72176
2021-11-23 19:00:00+00:00,audusd,0.72228,0.72246,0.72163,0.72193
2021-11-23 20:00:00+00:00,audusd,0.72289,0.723,0.72227,0.72229
2021-11-23 21:00:00+00:00,audusd,0.722705,0.72289,0.7225,0.722885
2021-11-23 22:00:00+00:00,audusd,0.72245,0.72279,0.72239,0.72277
2021-11-23 23:00:00+00:00,audusd,0.72219,0.722725,0.72207,0.72246
2021-11-24 00:00:00+00:00,audusd,0.72203,0.722635,0.72197,0.7222
2021-11-24 01:00:00+00:00,audusd,0.722155,0.72278,0.72116,0.72205
2021-11-24 02:00:00+00:00,audusd,0.721965,0.72263,0.72179,0.72215
2021-11-24 03:00:00+00:00,audusd,0.72062,0.72212,0.72047,0.72197
2021-11-24 04:00:00+00:00,audusd,0.72075,0.72076,0.71994,0.72061
2021-11-24 05:00:00+00:00,audusd,0.72154,0.72159,0.72066,0.720745
2021-11-24 06:00:00+00:00,audusd,0.72211,0.7223,0.72145,0.72153
2021-11-24 07:00:00+00:00,audusd,0.721755,0.722275,0.721285,0.7221
2021-11-24 08:00:00+00:00,audusd,0.7219,0.72272,0.72139,0.72175
2021-11-24 09:00:00+00:00,audusd,0.72171,0.72277,0.7217,0.72191
2021-11-24 10:00:00+00:00,audusd,0.721145,0.72253,0.72113,0.72173
2021-11-24 11:00:00+00:00,audusd,0.7213,0.72153,0.72083,0.72114
2021-11-24 12:00:00+00:00,audusd,0.72027,0.72165,0.72026,0.72129
2021-11-24 13:00:00+00:00,audusd,0.71951,0.72072,0.71917,0.720265
2021-11-24 14:00:00+00:00,audusd,0.71968,0.719895,0.71861,0.719525
2021-11-24 15:00:00+00:00,audusd,0.71914,0.72024,0.719025,0.71965
2021-11-24 16:00:00+00:00,audusd,0.71971,0.72017,0.71873,0.719145
2021-11-24 17:00:00+00:00,audusd,0.71892,0.71971,0.71861,0.719705
2021-11-24 18:00:00+00:00,audusd,0.71896,0.719235,0.71871,0.718915
2021-11-24 19:00:00+00:00,audusd,0.71921,0.71961,0.718405,0.71895
2021-11-24 20:00:00+00:00,audusd,0.71992,0.71998,0.71916,0.719205
2021-11-24 21:00:00+00:00,audusd,0.71955,0.71991,0.71942,0.71991
2021-11-24 22:00:00+00:00,audusd,0.71948,0.71986,0.719315,0.71966
2021-11-24 23:00:00+00:00,audusd,0.72017,0.72023,0.71946,0.7195
2021-11-25 00:00:00+00:00,audusd,0.72057,0.720945,0.720045,0.720165
2021-11-25 01:00:00+00:00,audusd,0.72014,0.72083,0.72002,0.72056
2021-11-25 02:00:00+00:00,audusd,0.72018,0.72072,0.72004,0.720135
2021-11-25 03:00:00+00:00,audusd,0.72037,0.72062,0.72013,0.720175
2021-11-25 04:00:00+00:00,audusd,0.72034,0.72038,0.72001,0.720375
2021-11-25 05:00:00+00:00,audusd,0.72012,0.72043,0.71972,0.72033
2021-11-25 06:00:00+00:00,audusd,0.72017,0.720625,0.720075,0.720125
2021-11-25 07:00:00+00:00,audusd,0.72032,0.720855,0.72012,0.72016
2021-11-25 08:00:00+00:00,audusd,0.71926,0.72043,0.71921,0.720325
2021-11-25 09:00:00+00:00,audusd,0.71896,0.71944,0.718035,0.719265
2021-11-25 10:00:00+00:00,audusd,0.71877,0.71906,0.718365,0.71895
2021-11-25 11:00:00+00:00,audusd,0.718915,0.719015,0.71835,0.718765
2021-11-25 12:00:00+00:00,audusd,0.71821,0.71905,0.71821,0.71892
2021-11-25 13:00:00+00:00,audusd,0.71836,0.718465,0.71803,0.71822
2021-11-25 14:00:00+00:00,audusd,0.71896,0.71913,0.7182,0.718365
2021-11-25 15:00:00+00:00,audusd,0.71914,0.71931,0.718325,0.71895
2021-11-25 16:00:00+00:00,audusd,0.71903,0.71908,0.71865,0.71885
2021-11-25 17:00:00+00:00,audusd,0.718685,0.71904,0.718485,0.719025
2021-11-25 18:00:00+00:00,audusd,0.71889,0.71906,0.71825,0.71869
2021-11-25 19:00:00+00:00,audusd,0.71884,0.71911,0.71852,0.71861
2021-11-25 20:00:00+00:00,audusd,0.71902,0.719065,0.71872,0.7188
2021-11-25 21:00:00+00:00,audusd,0.71899,0.71907,0.71874,0.71876
2021-11-25 22:00:00+00:00,audusd,0.7187,0.71972,0.718505,0.719025
2021-11-25 23:00:00+00:00,audusd,0.71734,0.71903,0.717315,0.718705
2021-11-26 00:00:00+00:00,audusd,0.71715,0.71778,0.716265,0.717345
2021-11-26 01:00:00+00:00,audusd,0.71562,0.71764,0.71535,0.717155
2021-11-26 02:00:00+00:00,audusd,0.71444,0.71572,0.71397,0.715625
2021-11-26 03:00:00+00:00,audusd,0.714195,0.71462,0.71339,0.714445
2021-11-26 04:00:00+00:00,audusd,0.71413,0.71452,0.71396,0.7142
2021-11-26 05:00:00+00:00,audusd,0.71442,0.71444,0.71371,0.714135
2021-11-26 06:00:00+00:00,audusd,0.71374,0.71444,0.71311,0.714425
2021-11-26 07:00:00+00:00,audusd,0.71226,0.713745,0.71202,0.713745
2021-11-26 08:00:00+00:00,audusd,0.714025,0.71421,0.71127,0.712265
2021-11-26 09:00:00+00:00,audusd,0.712745,0.71486,0.7122,0.71402
2021-11-26 10:00:00+00:00,audusd,0.71335,0.714635,0.71263,0.71274
2021-11-26 11:00:00+00:00,audusd,0.71394,0.71457,0.71335,0.713355
2021-11-26 12:00:00+00:00,audusd,0.71501,0.71564,0.71383,0.713945
2021-11-26 13:00:00+00:00,audusd,0.71444,0.71544,0.71425,0.715
2021-11-26 14:00:00+00:00,audusd,0.714785,0.71509,0.71366,0.71443
2021-11-26 15:00:00+00:00,audusd,0.71261,0.71481,0.712425,0.7148
2021-11-26 16:00:00+00:00,audusd,0.712295,0.71314,0.71153,0.71269
2021-11-26 17:00:00+00:00,audusd,0.712805,0.71357,0.71209,0.71228
2021-11-26 18:00:00+00:00,audusd,0.71229,0.7133,0.71162,0.71281
2021-11-26 19:00:00+00:00,audusd,0.71151,0.71248,0.7115,0.71228
2021-11-26 20:00:00+00:00,audusd,0.7129,0.71314,0.71144,0.71151
2021-11-26 21:00:00+00:00,audusd,0.71237,0.71395,0.711635,0.71295
2021-11-28 22:00:00+00:00,audusd,0.71189,0.71237,0.71155,0.711815
2021-11-28 23:00:00+00:00,audusd,0.71427,0.71453,0.71189,0.711895
2021-11-29 00:00:00+00:00,audusd,0.71344,0.71429,0.71318,0.71426
2021-11-29 01:00:00+00:00,audusd,0.714225,0.714475,0.713165,0.71343
2021-11-29 02:00:00+00:00,audusd,0.71425,0.71449,0.71353,0.71422
2021-11-29 03:00:00+00:00,audusd,0.714585,0.71468,0.713535,0.714255
2021-11-29 04:00:00+00:00,audusd,0.713995,0.71472,0.71377,0.71458
2021-11-29 05:00:00+00:00,audusd,0.71394,0.71433,0.71322,0.714
2021-11-29 06:00:00+00:00,audusd,0.71465,0.71485,0.713445,0.713935
2021-11-29 07:00:00+00:00,audusd,0.71479,0.714905,0.714045,0.714645
2021-11-29 08:00:00+00:00,audusd,0.71423,0.71485,0.71359,0.714785
2021-11-29 09:00:00+00:00,audusd,0.71488,0.7154,0.71413,0.714225
2021-11-29 10:00:00+00:00,audusd,0.714985,0.71597,0.71467,0.714885
2021-11-29 11:00:00+00:00,audusd,0.715,0.71563,0.714935,0.71498
2021-11-29 12:00:00+00:00,audusd,0.71453,0.71513,0.714125,0.71501
2021-11-29 13:00:00+00:00,audusd,0.71459,0.71503,0.71416,0.714535
2021-11-29 14:00:00+00:00,audusd,0.71388,0.71498,0.71347,0.714585
2021-11-29 15:00:00+00:00,audusd,0.7116,0.71381,0.71154,0.71343
2021-11-29 16:00:00+00:00,audusd,0.71181,0.71232,0.71139,0.711595
2021-11-29 17:00:00+00:00,audusd,0.71281,0.71306,0.71174,0.711805
2021-11-29 18:00:00+00:00,audusd,0.71316,0.7134,0.71278,0.7128
2021-11-29 19:00:00+00:00,audusd,0.71288,0.71317,0.71262,0.713155
2021-11-29 20:00:00+00:00,audusd,0.71311,0.71332,0.71288,0.71289
2021-11-29 21:00:00+00:00,audusd,0.71413,0.714335,0.71308,0.7131
2021-11-29 22:00:00+00:00,audusd,0.7139,0.71441,0.71325,0.71416
2021-11-29 23:00:00+00:00,audusd,0.71456,0.715095,0.7139,0.71391
2021-11-30 00:00:00+00:00,audusd,0.71421,0.71482,0.71416,0.714565
2021-11-30 01:00:00+00:00,audusd,0.71496,0.71532,0.71409,0.714215
2021-11-30 02:00:00+00:00,audusd,0.71547,0.71549,0.714745,0.71495
2021-11-30 03:00:00+00:00,audusd,0.71461,0.7155,0.71439,0.71548
2021-11-30 04:00:00+00:00,audusd,0.7143,0.71464,0.71407,0.71462
2021-11-30 05:00:00+00:00,audusd,0.71035,0.71448,0.71017,0.71429
2021-11-30 06:00:00+00:00,audusd,0.71095,0.71158,0.70941,0.710355
2021-11-30 07:00:00+00:00,audusd,0.71196,0.71216,0.71051,0.710945
2021-11-30 08:00:00+00:00,audusd,0.71174,0.7128,0.71131,0.711955
2021-11-30 09:00:00+00:00,audusd,0.71254,0.71272,0.71094,0.71173
2021-11-30 10:00:00+00:00,audusd,0.71313,0.71351,0.71238,0.712545
2021-11-30 11:00:00+00:00,audusd,0.71313,0.71355,0.71262,0.71314
2021-11-30 12:00:00+00:00,audusd,0.71413,0.71413,0.71312,0.71312
2021-11-30 13:00:00+00:00,audusd,0.71522,0.71526,0.71395,0.714135
2021-11-30 14:00:00+00:00,audusd,0.71605,0.7164,0.71482,0.71523
2021-11-30 15:00:00+00:00,audusd,0.70931,0.71707,0.70902,0.716055
2021-11-30 16:00:00+00:00,audusd,0.70897,0.71012,0.7063,0.709055
2021-11-30 17:00:00+00:00,audusd,0.710245,0.71058,0.70797,0.70896
2021-11-30 18:00:00+00:00,audusd,0.71127,0.711455,0.70968,0.71025
2021-11-30 19:00:00+00:00,audusd,0.71216,0.71247,0.71118,0.71128
2021-11-30 20:00:00+00:00,audusd,0.71279,0.712975,0.712,0.712155
2021-11-30 21:00:00+00:00,audusd,0.71289,0.71327,0.712455,0.71275
2021-11-30 22:00:00+00:00,audusd,0.7124,0.71321,0.71227,0.7128
2021-11-30 23:00:00+00:00,audusd,0.712505,0.71319,0.71189,0.71241
2021-12-01 00:00:00+00:00,audusd,0.7131,0.713645,0.712135,0.7125
2021-12-01 01:00:00+00:00,audusd,0.713495,0.7142,0.71283,0.713095
2021-12-01 02:00:00+00:00,audusd,0.71538,0.71538,0.713445,0.7135
2021-12-01 03:00:00+00:00,audusd,0.71581,0.71618,0.71502,0.71537
2021-12-01 04:00:00+00:00,audusd,0.71685,0.71691,0.71568,0.715815
2021-12-01 05:00:00+00:00,audusd,0.716795,0.71718,0.71643,0.71686
2021-12-01 06:00:00+00:00,audusd,0.71635,0.71728,0.71629,0.71679
2021-12-01 07:00:00+00:00,audusd,0.71517,0.71674,0.71471,0.716345
2021-12-01 08:00:00+00:00,audusd,0.71426,0.71566,0.714085,0.715165
2021-12-01 09:00:00+00:00,audusd,0.715375,0.71568,0.714195,0.714255
2021-12-01 10:00:00+00:00,audusd,0.71567,0.715955,0.71484,0.71537
2021-12-01 11:00:00+00:00,audusd,0.71531,0.71621,0.7151,0.715675
2021-12-01 12:00:00+00:00,audusd,0.714345,0.71567,0.714335,0.715315
2021-12-01 13:00:00+00:00,audusd,0.71589,0.716005,0.71366,0.71435
2021-12-01 14:00:00+00:00,audusd,0.716165,0.71637,0.71511,0.715895
2021-12-01 15:00:00+00:00,audusd,0.71452,0.71729,0.714395,0.71624
2021-12-01 16:00:00+00:00,audusd,0.71318,0.71495,0.712895,0.71457
2021-12-01 17:00:00+00:00,audusd,0.71233,0.71343,0.7123,0.71319
2021-12-01 18:00:00+00:00,audusd,0.71234,0.71277,0.71129,0.712325
2021-12-01 19:00:00+00:00,audusd,0.71102,0.7124,0.71096,0.712335
2021-12-01 20:00:00+00:00,audusd,0.70951,0.71121,0.70949,0.71101
2021-12-01 21:00:00+00:00,audusd,0.71061,0.71085,0.709515,0.709515
2021-12-01 22:00:00+00:00,audusd,0.71024,0.71108,0.71021,0.710865
2021-12-01 23:00:00+00:00,audusd,0.71076,0.71103,0.710245,0.710245
2021-12-02 00:00:00+00:00,audusd,0.70987,0.71105,0.709465,0.710765
2021-12-02 01:00:00+00:00,audusd,0.711715,0.711735,0.70984,0.709865
2021-12-02 02:00:00+00:00,audusd,0.71182,0.71198,0.71099,0.71171
2021-12-02 03:00:00+00:00,audusd,0.711375,0.71185,0.71112,0.711815
2021-12-02 04:00:00+00:00,audusd,0.70971,0.71154,0.709485,0.71138
2021-12-02 05:00:00+00:00,audusd,0.71029,0.71045,0.709515,0.709715
2021-12-02 06:00:00+00:00,audusd,0.711035,0.71105,0.70996,0.710295
2021-12-02 07:00:00+00:00,audusd,0.71043,0.711435,0.71013,0.71103
2021-12-02 08:00:00+00:00,audusd,0.71115,0.71135,0.7099,0.710425
2021-12-02 09:00:00+00:00,audusd,0.71094,0.71115,0.71022,0.711145
2021-12-02 10:00:00+00:00,audusd,0.710575,0.7111,0.70967,0.710935
2021-12-02 11:00:00+00:00,audusd,0.71058,0.7109,0.710115,0.71058
2021-12-02 12:00:00+00:00,audusd,0.71032,0.71083,0.70918,0.710575
2021-12-02 13:00:00+00:00,audusd,0.70933,0.71038,0.7089,0.71033
2021-12-02 14:00:00+00:00,audusd,0.71041,0.710425,0.708465,0.709325
2021-12-02 15:00:00+00:00,audusd,0.70962,0.71146,0.709145,0.710425
2021-12-02 16:00:00+00:00,audusd,0.70977,0.710525,0.70912,0.70963
2021-12-02 17:00:00+00:00,audusd,0.709465,0.71041,0.70933,0.709995
2021-12-02 18:00:00+00:00,audusd,0.70932,0.709495,0.70856,0.70947
2021-12-02 19:00:00+00:00,audusd,0.70887,0.70971,0.70871,0.709315
2021-12-02 20:00:00+00:00,audusd,0.70921,0.70972,0.70875,0.70888
2021-12-02 21:00:00+00:00,audusd,0.70942,0.709505,0.708955,0.7092
2021-12-02 22:00:00+00:00,audusd,0.70911,0.710005,0.70901,0.70919
2021-12-02 23:00:00+00:00,audusd,0.708745,0.7093,0.70842,0.70912
2021-12-03 00:00:00+00:00,audusd,0.70799,0.70875,0.70796,0.70875
2021-12-03 01:00:00+00:00,audusd,0.70721,0.70806,0.70654,0.707985
2021-12-03 02:00:00+00:00,audusd,0.706765,0.70737,0.70653,0.707205
2021-12-03 03:00:00+00:00,audusd,0.70701,0.70728,0.70629,0.70677
2021-12-03 04:00:00+00:00,audusd,0.70747,0.70753,0.70683,0.707
2021-12-03 05:00:00+00:00,audusd,0.70809,0.70828,0.70725,0.70746
2021-12-03 06:00:00+00:00,audusd,0.70642,0.70829,0.7064,0.708085
2021-12-03 07:00:00+00:00,audusd,0.70656,0.706725,0.7061,0.70643
2021-12-03 08:00:00+00:00,audusd,0.70583,0.70684,0.70566,0.706565
2021-12-03 09:00:00+00:00,audusd,0.70527,0.70583,0.70483,0.705825
2021-12-03 10:00:00+00:00,audusd,0.70527,0.705725,0.70502,0.70528
2021-12-03 11:00:00+00:00,audusd,0.70605,0.7062,0.70514,0.70528
2021-12-03 12:00:00+00:00,audusd,0.706175,0.70641,0.705875,0.706055
2021-12-03 13:00:00+00:00,audusd,0.70647,0.70903,0.70544,0.70617
2021-12-03 14:00:00+00:00,audusd,0.70335,0.70651,0.70296,0.70646
2021-12-03 15:00:00+00:00,audusd,0.70159,0.7032,0.70136,0.702965
2021-12-03 16:00:00+00:00,audusd,0.70109,0.70258,0.700825,0.701625
2021-12-03 17:00:00+00:00,audusd,0.70083,0.70152,0.70054,0.701105
2021-12-03 18:00:00+00:00,audusd,0.70068,0.70127,0.700525,0.70082
2021-12-03 19:00:00+00:00,audusd,0.69975,0.700985,0.69972,0.70067
2021-12-03 20:00:00+00:00,audusd,0.70043,0.700515,0.699315,0.69974
2021-12-03 21:00:00+00:00,audusd,0.70001,0.7005,0.69953,0.70041
2021-12-05 22:00:00+00:00,audusd,0.7001,0.7009,0.70003,0.70018
2021-12-05 23:00:00+00:00,audusd,0.70177,0.70205,0.70009,0.70009
2021-12-06 00:00:00+00:00,audusd,0.701625,0.70179,0.70066,0.701755
2021-12-06 01:00:00+00:00,audusd,0.70215,0.70251,0.70121,0.70162
2021-12-06 02:00:00+00:00,audusd,0.701755,0.702675,0.70169,0.702155
2021-12-06 03:00:00+00:00,audusd,0.70206,0.70226,0.701425,0.70176
2021-12-06 04:00:00+00:00,audusd,0.70241,0.70255,0.701855,0.702055
2021-12-06 05:00:00+00:00,audusd,0.70157,0.7025,0.701365,0.702415
2021-12-06 06:00:00+00:00,audusd,0.70114,0.70197,0.70114,0.701565
2021-12-06 07:00:00+00:00,audusd,0.70148,0.70183,0.701015,0.701145
2021-12-06 08:00:00+00:00,audusd,0.70236,0.70253,0.70147,0.701475
2021-12-06 09:00:00+00:00,audusd,0.702515,0.7041,0.70215,0.702355
2021-12-06 10:00:00+00:00,audusd,0.70281,0.70305,0.70216,0.70252
2021-12-06 11:00:00+00:00,audusd,0.70369,0.70386,0.70273,0.702815
2021-12-06 12:00:00+00:00,audusd,0.70345,0.704035,0.70317,0.703695
2021-12-06 13:00:00+00:00,audusd,0.70451,0.70459,0.703455,0.703455
2021-12-06 14:00:00+00:00,audusd,0.70469,0.704805,0.70326,0.7045
2021-12-06 15:00:00+00:00,audusd,0.70473,0.70546,0.70423,0.7047
2021-12-06 16:00:00+00:00,audusd,0.70434,0.70493,0.704175,0.70472
2021-12-06 17:00:00+00:00,audusd,0.70454,0.705185,0.70434,0.70435
2021-12-06 18:00:00+00:00,audusd,0.70491,0.70495,0.704085,0.70455
2021-12-06 19:00:00+00:00,audusd,0.704195,0.705065,0.70417,0.704915
2021-12-06 20:00:00+00:00,audusd,0.70466,0.704805,0.70398,0.70419
2021-12-06 21:00:00+00:00,audusd,0.705055,0.70529,0.70463,0.704655
2021-12-06 22:00:00+00:00,audusd,0.70482,0.705745,0.70474,0.70534
2021-12-06 23:00:00+00:00,audusd,0.7049,0.70504,0.7044,0.70483
2021-12-07 00:00:00+00:00,audusd,0.704385,0.70494,0.70398,0.70492
2021-12-07 01:00:00+00:00,audusd,0.70547,0.70557,0.70413,0.70439
2021-12-07 02:00:00+00:00,audusd,0.70529,0.70547,0.70434,0.70546
2021-12-07 03:00:00+00:00,audusd,0.70654,0.70711,0.70514,0.705295
2021-12-07 04:00:00+00:00,audusd,0.70711,0.70746,0.70655,0.70655
2021-12-07 05:00:00+00:00,audusd,0.70814,0.70848,0.70694,0.707105
2021-12-07 06:00:00+00:00,audusd,0.70905,0.7091,0.707985,0.708135
2021-12-07 07:00:00+00:00,audusd,0.70921,0.70932,0.70859,0.709055
2021-12-07 08:00:00+00:00,audusd,0.70949,0.71016,0.70901,0.709215
2021-12-07 09:00:00+00:00,audusd,0.7096,0.70981,0.70822,0.709495
2021-12-07 10:00:00+00:00,audusd,0.70867,0.70976,0.70865,0.709595
2021-12-07 11:00:00+00:00,audusd,0.71015,0.71059,0.70862,0.708665
2021-12-07 12:00:00+00:00,audusd,0.71061,0.7108,0.70978,0.710145
2021-12-07 13:00:00+00:00,audusd,0.709875,0.71121,0.70892,0.710615
2021-12-07 14:00:00+00:00,audusd,0.71055,0.7107,0.70883,0.70987
2021-12-07 15:00:00+00:00,audusd,0.7116,0.71188,0.71049,0.710545
2021-12-07 16:00:00+00:00,audusd,0.71117,0.71229,0.71101,0.711595
2021-12-07 17:00:00+00:00,audusd,0.7111,0.711725,0.71097,0.711175
2021-12-07 18:00:00+00:00,audusd,0.71092,0.711475,0.71027,0.711105
2021-12-07 19:00:00+00:00,audusd,0.71157,0.71163,0.71066,0.710925
2021-12-07 20:00:00+00:00,audusd,0.711725,0.71175,0.710875,0.71158
2021-12-07 21:00:00+00:00,audusd,0.71193,0.71229,0.71172,0.71172
2021-12-07 22:00:00+00:00,audusd,0.71163,0.712205,0.711585,0.71216
2021-12-07 23:00:00+00:00,audusd,0.71224,0.71245,0.71154,0.71162
2021-12-08 00:00:00+00:00,audusd,0.71212,0.71237,0.71176,0.71225
2021-12-08 01:00:00+00:00,audusd,0.71179,0.71244,0.71179,0.712125
2021-12-08 02:00:00+00:00,audusd,0.71403,0.71427,0.71178,0.711795
2021-12-08 03:00:00+00:00,audusd,0.71364,0.7143,0.71334,0.714025
2021-12-08 04:00:00+00:00,audusd,0.71329,0.714,0.713225,0.713645
2021-12-08 05:00:00+00:00,audusd,0.71288,0.713285,0.71267,0.713285
2021-12-08 06:00:00+00:00,audusd,0.71284,0.71301,0.71247,0.712875
2021-12-08 07:00:00+00:00,audusd,0.71288,0.71323,0.71173,0.71285
2021-12-08 08:00:00+00:00,audusd,0.71332,0.7138,0.71249,0.712875
2021-12-08 09:00:00+00:00,audusd,0.71339,0.71383,0.71268,0.713315
2021-12-08 10:00:00+00:00,audusd,0.71243,0.71373,0.71233,0.713385
2021-12-08 11:00:00+00:00,audusd,0.71358,0.71404,0.71178,0.712425
2021-12-08 12:00:00+00:00,audusd,0.713075,0.7139,0.71293,0.71374
2021-12-08 13:00:00+00:00,audusd,0.71465,0.7149,0.712705,0.713075
2021-12-08 14:00:00+00:00,audusd,0.71483,0.715345,0.71398,0.71458
2021-12-08 15:00:00+00:00,audusd,0.71601,0.716525,0.71456,0.714615
2021-12-08 16:00:00+00:00,audusd,0.71664,0.71696,0.71574,0.716045
2021-12-08 17:00:00+00:00,audusd,0.717795,0.71839,0.7166,0.71663
2021-12-08 18:00:00+00:00,audusd,0.71774,0.718,0.71745,0.71779
2021-12-08 19:00:00+00:00,audusd,0.71785,0.71805,0.71742,0.717745
2021-12-08 20:00:00+00:00,audusd,0.717635,0.71794,0.717455,0.717845
2021-12-08 21:00:00+00:00,audusd,0.717155,0.71778,0.71691,0.71764
2021-12-08 22:00:00+00:00,audusd,0.7166,0.71735,0.71654,0.71734
2021-12-08 23:00:00+00:00,audusd,0.71688,0.71692,0.71636,0.71661
2021-12-09 00:00:00+00:00,audusd,0.716085,0.7171,0.71608,0.716875
2021-12-09 01:00:00+00:00,audusd,0.71624,0.7169,0.71582,0.71608
2021-12-09 02:00:00+00:00,audusd,0.71628,0.716755,0.71591,0.716185
2021-12-09 03:00:00+00:00,audusd,0.71658,0.716945,0.71621,0.716285
2021-12-09 04:00:00+00:00,audusd,0.717335,0.71762,0.71646,0.716575
2021-12-09 05:00:00+00:00,audusd,0.71767,0.7178,0.71715,0.71734
2021-12-09 06:00:00+00:00,audusd,0.71779,0.71869,0.71766,0.717675
2021-12-09 07:00:00+00:00,audusd,0.716815,0.71813,0.71678,0.7178
2021-12-09 08:00:00+00:00,audusd,0.71644,0.71725,0.71595,0.71681
2021-12-09 09:00:00+00:00,audusd,0.71619,0.71673,0.715645,0.716445
2021-12-09 10:00:00+00:00,audusd,0.71563,0.71624,0.71529,0.716185
2021-12-09 11:00:00+00:00,audusd,0.71409,0.71576,0.71364,0.715635
2021-12-09 12:00:00+00:00,audusd,0.71423,0.714485,0.71359,0.714085
2021-12-09 13:00:00+00:00,audusd,0.71428,0.71469,0.71383,0.71422
2021-12-09 14:00:00+00:00,audusd,0.71528,0.7157,0.71427,0.71429
2021-12-09 15:00:00+00:00,audusd,0.7143,0.71538,0.714145,0.715285
2021-12-09 16:00:00+00:00,audusd,0.71454,0.71479,0.71414,0.71431
2021-12-09 17:00:00+00:00,audusd,0.71509,0.71527,0.714325,0.714535
2021-12-09 18:00:00+00:00,audusd,0.715385,0.71546,0.71469,0.715085
2021-12-09 19:00:00+00:00,audusd,0.71443,0.71539,0.71443,0.71539
2021-12-09 20:00:00+00:00,audusd,0.71499,0.71508,0.71443,0.714435
2021-12-09 21:00:00+00:00,audusd,0.71491,0.71505,0.714615,0.715
2021-12-09 22:00:00+00:00,audusd,0.71439,0.714895,0.714225,0.714875
2021-12-09 23:00:00+00:00,audusd,0.714645,0.714935,0.71437,0.714385
2021-12-10 00:00:00+00:00,audusd,0.71398,0.71497,0.7139,0.71466
2021-12-10 01:00:00+00:00,audusd,0.71509,0.71522,0.71323,0.713975
2021-12-10 02:00:00+00:00,audusd,0.71513,0.71559,0.71494,0.7151
2021-12-10 03:00:00+00:00,audusd,0.71571,0.71619,0.7151,0.715125
2021-12-10 04:00:00+00:00,audusd,0.71499,0.71572,0.71489,0.715705
2021-12-10 05:00:00+00:00,audusd,0.714325,0.71512,0.71418,0.71494
2021-12-10 06:00:00+00:00,audusd,0.71567,0.71574,0.71432,0.71433
2021-12-10 07:00:00+00:00,audusd,0.715045,0.71571,0.714685,0.715675
2021-12-10 08:00:00+00:00,audusd,0.71492,0.71577,0.71474,0.71505
2021-12-10 09:00:00+00:00,audusd,0.71503,0.71524,0.71448,0.714925
2021-12-10 10:00:00+00:00,audusd,0.71491,0.7151,0.71461,0.715035
2021-12-10 11:00:00+00:00,audusd,0.71548,0.71583,0.71474,0.714905
2021-12-10 12:00:00+00:00,audusd,0.7154,0.71573,0.71507,0.715485
2021-12-10 13:00:00+00:00,audusd,0.71779,0.718195,0.71466,0.715395
2021-12-10 14:00:00+00:00,audusd,0.71605,0.71826,0.71562,0.717785
2021-12-10 15:00:00+00:00,audusd,0.71681,0.71759,0.71573,0.716055
2021-12-10 16:00:00+00:00,audusd,0.71767,0.71824,0.71591,0.71682
2021-12-10 17:00:00+00:00,audusd,0.71757,0.71785,0.717345,0.717675
2021-12-10 18:00:00+00:00,audusd,0.71712,0.7181,0.716955,0.717565
2021-12-10 19:00:00+00:00,audusd,0.71686,0.71728,0.71685,0.717125
2021-12-10 20:00:00+00:00,audusd,0.71723,0.717245,0.71667,0.71685
2021-12-10 21:00:00+00:00,audusd,0.717205,0.71735,0.71695,0.71722
2021-12-12 22:00:00+00:00,audusd,0.71603,0.71684,0.71587,0.71684
2021-12-12 23:00:00+00:00,audusd,0.716575,0.717245,0.715945,0.71595
2021-12-13 00:00:00+00:00,audusd,0.716165,0.7168,0.71613,0.71657
2021-12-13 01:00:00+00:00,audusd,0.716605,0.717225,0.71616,0.71617
2021-12-13 02:00:00+00:00,audusd,0.71651,0.71683,0.71647,0.7166
2021-12-13 03:00:00+00:00,audusd,0.71721,0.717305,0.71642,0.716505
2021-12-13 04:00:00+00:00,audusd,0.71754,0.71764,0.71717,0.717215
2021-12-13 05:00:00+00:00,audusd,0.71689,0.71757,0.7167,0.717545
2021-12-13 06:00:00+00:00,audusd,0.715725,0.716975,0.7157,0.716885
2021-12-13 07:00:00+00:00,audusd,0.71506,0.71602,0.7146,0.71573
2021-12-13 08:00:00+00:00,audusd,0.71426,0.71529,0.71417,0.715065
2021-12-13 09:00:00+00:00,audusd,0.71405,0.7144,0.71364,0.714255
2021-12-13 10:00:00+00:00,audusd,0.71289,0.71415,0.712685,0.714055
2021-12-13 11:00:00+00:00,audusd,0.713835,0.71405,0.71277,0.712895
2021-12-13 12:00:00+00:00,audusd,0.71379,0.71411,0.71332,0.71383
2021-12-13 13:00:00+00:00,audusd,0.71338,0.7145,0.71338,0.713785
2021-12-13 14:00:00+00:00,audusd,0.71322,0.71388,0.71295,0.71339
2021-12-13 15:00:00+00:00,audusd,0.71141,0.71326,0.711105,0.713225
2021-12-13 16:00:00+00:00,audusd,0.71227,0.7123,0.711075,0.71142
2021-12-13 17:00:00+00:00,audusd,0.71223,0.71278,0.71193,0.712275
2021-12-13 18:00:00+00:00,audusd,0.71325,0.713275,0.71209,0.712225
2021-12-13 19:00:00+00:00,audusd,0.71385,0.71386,0.71302,0.71323
2021-12-13 20:00:00+00:00,audusd,0.71285,0.71389,0.71277,0.713845
2021-12-13 21:00:00+00:00,audusd,0.71324,0.71356,0.7127,0.71288
2021-12-13 22:00:00+00:00,audusd,0.71316,0.71348,0.7128,0.71307
2021-12-13 23:00:00+00:00,audusd,0.71312,0.71345,0.71291,0.71315
2021-12-14 00:00:00+00:00,audusd,0.71166,0.71327,0.71166,0.71313
2021-12-14 01:00:00+00:00,audusd,0.71121,0.7117,0.71068,0.711665
2021-12-14 02:00:00+00:00,audusd,0.71025,0.71142,0.70974,0.711215
2021-12-14 03:00:00+00:00,audusd,0.70981,0.71062,0.70902,0.71024
2021-12-14 04:00:00+00:00,audusd,0.71037,0.71038,0.709775,0.709805
2021-12-14 05:00:00+00:00,audusd,0.71057,0.71097,0.70973,0.71036
2021-12-14 06:00:00+00:00,audusd,0.711775,0.7119,0.71047,0.71058
2021-12-14 07:00:00+00:00,audusd,0.712095,0.71266,0.71161,0.71178
2021-12-14 08:00:00+00:00,audusd,0.712705,0.71334,0.71209,0.71209
2021-12-14 09:00:00+00:00,audusd,0.71196,0.71354,0.71163,0.7127
2021-12-14 10:00:00+00:00,audusd,0.712435,0.71259,0.71155,0.711955
2021-12-14 11:00:00+00:00,audusd,0.71347,0.71349,0.71191,0.71243
2021-12-14 12:00:00+00:00,audusd,0.71235,0.713575,0.7122,0.713465
2021-12-14 13:00:00+00:00,audusd,0.71139,0.71288,0.71113,0.71236
2021-12-14 14:00:00+00:00,audusd,0.7126,0.71278,0.71074,0.711385
2021-12-14 15:00:00+00:00,audusd,0.71167,0.71293,0.711175,0.71259
2021-12-14 16:00:00+00:00,audusd,0.71022,0.71223,0.71016,0.71166
2021-12-14 17:00:00+00:00,audusd,0.71063,0.71067,0.71019,0.710225
2021-12-14 18:00:00+00:00,audusd,0.71052,0.710765,0.710355,0.710625
2021-12-14 19:00:00+00:00,audusd,0.71055,0.710955,0.71051,0.710515
2021-12-14 20:00:00+00:00,audusd,0.71026,0.71092,0.709965,0.71056
2021-12-14 21:00:00+00:00,audusd,0.71046,0.71071,0.710185,0.71027
2021-12-14 22:00:00+00:00,audusd,0.70996,0.71057,0.70993,0.71039
2021-12-14 23:00:00+00:00,audusd,0.7104,0.710645,0.70995,0.70995
2021-12-15 00:00:00+00:00,audusd,0.711005,0.711255,0.7104,0.71041
2021-12-15 01:00:00+00:00,audusd,0.71114,0.71124,0.71045,0.71101
2021-12-15 02:00:00+00:00,audusd,0.71076,0.71115,0.71064,0.711135
2021-12-15 03:00:00+00:00,audusd,0.710845,0.71095,0.71026,0.710765
2021-12-15 04:00:00+00:00,audusd,0.71138,0.71144,0.71077,0.71084
2021-12-15 05:00:00+00:00,audusd,0.71156,0.711785,0.71127,0.71137
2021-12-15 06:00:00+00:00,audusd,0.71226,0.71227,0.71148,0.711565
2021-12-15 07:00:00+00:00,audusd,0.712,0.71265,0.71199,0.712265
2021-12-15 08:00:00+00:00,audusd,0.71312,0.71357,0.712,0.712005
2021-12-15 09:00:00+00:00,audusd,0.712845,0.71358,0.71255,0.713125
2021-12-15 10:00:00+00:00,audusd,0.71246,0.71325,0.71232,0.71284
2021-12-15 11:00:00+00:00,audusd,0.71299,0.71317,0.71223,0.71245
2021-12-15 12:00:00+00:00,audusd,0.714295,0.71431,0.71294,0.713
2021-12-15 13:00:00+00:00,audusd,0.714815,0.71518,0.71394,0.71429
2021-12-15 14:00:00+00:00,audusd,0.7122,0.71485,0.71216,0.71481
2021-12-15 15:00:00+00:00,audusd,0.71231,0.71235,0.71099,0.71219
2021-12-15 16:00:00+00:00,audusd,0.7123,0.71277,0.71149,0.712305
2021-12-15 17:00:00+00:00,audusd,0.71287,0.713185,0.712235,0.71229
2021-12-15 18:00:00+00:00,audusd,0.71306,0.71314,0.71234,0.71288
2021-12-15 19:00:00+00:00,audusd,0.71432,0.71507,0.70932,0.71305
2021-12-15 20:00:00+00:00,audusd,0.71726,0.717375,0.71391,0.71433
2021-12-15 21:00:00+00:00,audusd,0.717,0.71778,0.71694,0.71727
2021-12-15 22:00:00+00:00,audusd,0.71683,0.71727,0.71671,0.717155
2021-12-15 23:00:00+00:00,audusd,0.71666,0.71758,0.71657,0.71684
2021-12-16 00:00:00+00:00,audusd,0.71744,0.717985,0.71553,0.71665
2021-12-16 01:00:00+00:00,audusd,0.7159,0.718175,0.71564,0.717435
2021-12-16 02:00:00+00:00,audusd,0.714865,0.716265,0.714575,0.71591
2021-12-16 03:00:00+00:00,audusd,0.71567,0.71617,0.71482,0.71486
2021-12-16 04:00:00+00:00,audusd,0.71594,0.71598,0.71535,0.715675
2021-12-16 05:00:00+00:00,audusd,0.715345,0.71606,0.71506,0.715935
2021-12-16 06:00:00+00:00,audusd,0.716545,0.71668,0.71533,0.71535
2021-12-16 07:00:00+00:00,audusd,0.717375,0.71774,0.71641,0.71654
2021-12-16 08:00:00+00:00,audusd,0.71922,0.71922,0.71711,0.71737
2021-12-16 09:00:00+00:00,audusd,0.72014,0.72039,0.71874,0.719225
2021-12-16 10:00:00+00:00,audusd,0.72024,0.72045,0.71963,0.72013
2021-12-16 11:00:00+00:00,audusd,0.72078,0.72095,0.71974,0.720235
2021-12-16 12:00:00+00:00,audusd,0.72124,0.72177,0.72078,0.720785
2021-12-16 13:00:00+00:00,audusd,0.72207,0.722395,0.72083,0.72125
2021-12-16 14:00:00+00:00,audusd,0.71953,0.722155,0.71919,0.72194
2021-12-16 15:00:00+00:00,audusd,0.71904,0.71995,0.71849,0.719535
2021-12-16 16:00:00+00:00,audusd,0.71907,0.71955,0.71857,0.719065
2021-12-16 17:00:00+00:00,audusd,0.7181,0.71929,0.71795,0.719075
2021-12-16 18:00:00+00:00,audusd,0.71821,0.71875,0.71801,0.71809
2021-12-16 19:00:00+00:00,audusd,0.71715,0.718425,0.716845,0.718205
2021-12-16 20:00:00+00:00,audusd,0.7181,0.71837,0.71679,0.717155
2021-12-16 21:00:00+00:00,audusd,0.71825,0.71853,0.717855,0.71811
2021-12-16 22:00:00+00:00,audusd,0.71795,0.71854,0.7179,0.718305
2021-12-16 23:00:00+00:00,audusd,0.71754,0.71826,0.71689,0.71796
2021-12-17 00:00:00+00:00,audusd,0.71786,0.71808,0.71745,0.71755
2021-12-17 01:00:00+00:00,audusd,0.717805,0.718195,0.71753,0.71785
2021-12-17 02:00:00+00:00,audusd,0.71779,0.71817,0.71732,0.71781
2021-12-17 03:00:00+00:00,audusd,0.71611,0.71781,0.716,0.7178
2021-12-17 04:00:00+00:00,audusd,0.71678,0.71681,0.71528,0.716115
2021-12-17 05:00:00+00:00,audusd,0.71706,0.71717,0.71629,0.71681
2021-12-17 06:00:00+00:00,audusd,0.71626,0.71762,0.716015,0.717055
2021-12-17 07:00:00+00:00,audusd,0.71591,0.71686,0.715855,0.716265
2021-12-17 08:00:00+00:00,audusd,0.71729,0.71751,0.715895,0.715905
2021-12-17 09:00:00+00:00,audusd,0.71625,0.717305,0.71603,0.717295
2021-12-17 10:00:00+00:00,audusd,0.71572,0.7163,0.71559,0.71624
2021-12-17 11:00:00+00:00,audusd,0.71583,0.71618,0.714905,0.715725
2021-12-17 12:00:00+00:00,audusd,0.71591,0.71599,0.7151,0.715835
2021-12-17 13:00:00+00:00,audusd,0.715415,0.716595,0.71518,0.715915
2021-12-17 14:00:00+00:00,audusd,0.71568,0.71613,0.71522,0.71541
2021-12-17 15:00:00+00:00,audusd,0.71517,0.71575,0.71364,0.715675
2021-12-17 16:00:00+00:00,audusd,0.714895,0.71585,0.71445,0.715175
2021-12-17 17:00:00+00:00,audusd,0.71439,0.714985,0.71407,0.7149
2021-12-17 18:00:00+00:00,audusd,0.71385,0.71465,0.71362,0.714385
2021-12-17 19:00:00+00:00,audusd,0.71351,0.714125,0.713385,0.71386
2021-12-17 20:00:00+00:00,audusd,0.712335,0.71389,0.712315,0.7135
2021-12-17 21:00:00+00:00,audusd,0.71244,0.71309,0.71228,0.71234
2021-12-19 22:00:00+00:00,audusd,0.71292,0.71329,0.71285,0.71295
2021-12-19 23:00:00+00:00,audusd,0.71166,0.71293,0.71091,0.7129
2021-12-20 00:00:00+00:00,audusd,0.71246,0.71268,0.711665,0.711665
2021-12-20 01:00:00+00:00,audusd,0.711915,0.71255,0.71135,0.712455
2021-12-20 02:00:00+00:00,audusd,0.71187,0.712315,0.71136,0.71192
2021-12-20 03:00:00+00:00,audusd,0.71148,0.71211,0.71117,0.71186
2021-12-20 04:00:00+00:00,audusd,0.710985,0.71185,0.71063,0.71149
2021-12-20 05:00:00+00:00,audusd,0.71059,0.71115,0.70978,0.71099
2021-12-20 06:00:00+00:00,audusd,0.709605,0.71078,0.70934,0.710585
2021-12-20 07:00:00+00:00,audusd,0.709275,0.7098,0.708245,0.70961
2021-12-20 08:00:00+00:00,audusd,0.70971,0.71023,0.70883,0.70928
2021-12-20 09:00:00+00:00,audusd,0.70925,0.709835,0.7084,0.709705
2021-12-20 10:00:00+00:00,audusd,0.7109,0.71117,0.70924,0.709245
2021-12-20 11:00:00+00:00,audusd,0.71109,0.71144,0.71061,0.710905
2021-12-20 12:00:00+00:00,audusd,0.71055,0.71134,0.710245,0.711095
2021-12-20 13:00:00+00:00,audusd,0.711835,0.71196,0.71055,0.71056
2021-12-20 14:00:00+00:00,audusd,0.71195,0.71278,0.71175,0.71183
2021-12-20 15:00:00+00:00,audusd,0.710895,0.71216,0.71068,0.71194
2021-12-20 16:00:00+00:00,audusd,0.71165,0.71178,0.71064,0.71089
2021-12-20 17:00:00+00:00,audusd,0.711605,0.712045,0.71133,0.711645
2021-12-20 18:00:00+00:00,audusd,0.71175,0.71225,0.71137,0.711595
2021-12-20 19:00:00+00:00,audusd,0.71104,0.712275,0.71103,0.711755
2021-12-20 20:00:00+00:00,audusd,0.71095,0.71136,0.71092,0.711035
2021-12-20 21:00:00+00:00,audusd,0.711175,0.711315,0.71088,0.71096
2021-12-20 22:00:00+00:00,audusd,0.71047,0.71126,0.7104,0.711155
2021-12-20 23:00:00+00:00,audusd,0.710945,0.711135,0.71046,0.71048
2021-12-21 00:00:00+00:00,audusd,0.71077,0.71113,0.710145,0.71095
2021-12-21 01:00:00+00:00,audusd,0.71186,0.71201,0.70989,0.71078
2021-12-21 02:00:00+00:00,audusd,0.71123,0.71196,0.710755,0.711855
2021-12-21 03:00:00+00:00,audusd,0.711225,0.71161,0.7108,0.711225
2021-12-21 04:00:00+00:00,audusd,0.71118,0.7114,0.71085,0.71123
2021-12-21 05:00:00+00:00,audusd,0.711575,0.71183,0.711185,0.711185
2021-12-21 06:00:00+00:00,audusd,0.71196,0.7123,0.71158,0.71158
2021-12-21 07:00:00+00:00,audusd,0.711195,0.71246,0.71095,0.711965
2021-12-21 08:00:00+00:00,audusd,0.71212,0.71258,0.71093,0.7112
2021-12-21 09:00:00+00:00,audusd,0.71273,0.71283,0.71201,0.71211
2021-12-21 10:00:00+00:00,audusd,0.71341,0.713705,0.712715,0.712735
2021-12-21 11:00:00+00:00,audusd,0.71333,0.713755,0.713095,0.71342
2021-12-21 12:00:00+00:00,audusd,0.71348,0.714045,0.7132,0.713335
2021-12-21 13:00:00+00:00,audusd,0.712845,0.71391,0.71276,0.713485
2021-12-21 14:00:00+00:00,audusd,0.71335,0.71368,0.71264,0.71284
2021-12-21 15:00:00+00:00,audusd,0.71327,0.71411,0.71306,0.71336
2021-12-21 16:00:00+00:00,audusd,0.71385,0.714245,0.713135,0.713265
2021-12-21 17:00:00+00:00,audusd,0.71447,0.71458,0.71377,0.713855
2021-12-21 18:00:00+00:00,audusd,0.71513,0.71514,0.71426,0.71448
2021-12-21 19:00:00+00:00,audusd,0.7154,0.71563,0.71494,0.715135
2021-12-21 20:00:00+00:00,audusd,0.715575,0.7156,0.71509,0.715405
2021-12-21 21:00:00+00:00,audusd,0.71544,0.71559,0.715265,0.715585
2021-12-21 22:00:00+00:00,audusd,0.71492,0.71568,0.714765,0.715595
2021-12-21 23:00:00+00:00,audusd,0.71478,0.71526,0.71455,0.71491
2021-12-22 00:00:00+00:00,audusd,0.71462,0.71502,0.71431,0.71477
2021-12-22 01:00:00+00:00,audusd,0.71481,0.7155,0.71447,0.71463
2021-12-22 02:00:00+00:00,audusd,0.71401,0.71505,0.71397,0.71482
2021-12-22 03:00:00+00:00,audusd,0.71314,0.714065,0.71304,0.714015
2021-12-22 04:00:00+00:00,audusd,0.71326,0.71343,0.71275,0.713135
2021-12-22 05:00:00+00:00,audusd,0.71271,0.71335,0.71209,0.71325
2021-12-22 06:00:00+00:00,audusd,0.71268,0.71337,0.71226,0.712705
2021-12-22 07:00:00+00:00,audusd,0.714025,0.71409,0.71264,0.712675
2021-12-22 08:00:00+00:00,audusd,0.71457,0.71458,0.71374,0.714025
2021-12-22 09:00:00+00:00,audusd,0.715415,0.71571,0.714535,0.714575
2021-12-22 10:00:00+00:00,audusd,0.71619,0.716505,0.71535,0.71542
2021-12-22 11:00:00+00:00,audusd,0.71629,0.71667,0.71601,0.7162
2021-12-22 12:00:00+00:00,audusd,0.71697,0.71735,0.71629,0.716295
2021-12-22 13:00:00+00:00,audusd,0.71883,0.718845,0.71688,0.716975
2021-12-22 14:00:00+00:00,audusd,0.718825,0.71979,0.71853,0.71882
2021-12-22 15:00:00+00:00,audusd,0.720265,0.72088,0.718815,0.71882
2021-12-22 16:00:00+00:00,audusd,0.72141,0.72151,0.72017,0.72027
2021-12-22 17:00:00+00:00,audusd,0.72183,0.72204,0.72134,0.72144
2021-12-22 18:00:00+00:00,audusd,0.72152,0.72187,0.72127,0.721825
2021-12-22 19:00:00+00:00,audusd,0.7215,0.72163,0.72101,0.721515
2021-12-22 20:00:00+00:00,audusd,0.72199,0.72202,0.72141,0.721505
2021-12-22 21:00:00+00:00,audusd,0.721515,0.72201,0.72134,0.722
2021-12-22 22:00:00+00:00,audusd,0.72046,0.72143,0.71986,0.72139
2021-12-22 23:00:00+00:00,audusd,0.72122,0.72156,0.72045,0.72045
2021-12-23 00:00:00+00:00,audusd,0.72133,0.72198,0.72116,0.72121
2021-12-23 01:00:00+00:00,audusd,0.72084,0.721335,0.72029,0.721335
2021-12-23 02:00:00+00:00,audusd,0.720845,0.72085,0.71963,0.720835
2021-12-23 03:00:00+00:00,audusd,0.720515,0.72088,0.72011,0.72085
2021-12-23 04:00:00+00:00,audusd,0.72097,0.72097,0.72047,0.72051
2021-12-23 05:00:00+00:00,audusd,0.72168,0.72197,0.72096,0.720975
2021-12-23 06:00:00+00:00,audusd,0.72167,0.72195,0.72142,0.721675
2021-12-23 07:00:00+00:00,audusd,0.72254,0.722965,0.72142,0.721675
2021-12-23 08:00:00+00:00,audusd,0.723375,0.72378,0.722525,0.722545
2021-12-23 09:00:00+00:00,audusd,0.724135,0.72421,0.72299,0.72337
2021-12-23 10:00:00+00:00,audusd,0.72424,0.72449,0.72371,0.72413
2021-12-23 11:00:00+00:00,audusd,0.724,0.72446,0.72379,0.724235
2021-12-23 12:00:00+00:00,audusd,0.72331,0.724405,0.7232,0.724005
2021-12-23 13:00:00+00:00,audusd,0.722835,0.72343,0.72223,0.723315
2021-12-23 14:00:00+00:00,audusd,0.72242,0.72333,0.72209,0.72284
2021-12-23 15:00:00+00:00,audusd,0.72432,0.72441,0.7224,0.72243
2021-12-23 16:00:00+00:00,audusd,0.724,0.72434,0.72314,0.72433
2021-12-23 17:00:00+00:00,audusd,0.725015,0.72503,0.723885,0.72401
2021-12-23 18:00:00+00:00,audusd,0.724525,0.72518,0.72449,0.72502
2021-12-23 19:00:00+00:00,audusd,0.72487,0.724875,0.72441,0.72453
2021-12-23 20:00:00+00:00,audusd,0.724795,0.72498,0.72474,0.724865
2021-12-23 21:00:00+00:00,audusd,0.72448,0.72484,0.72418,0.72481
2021-12-23 22:00:00+00:00,audusd,0.72386,0.72459,0.723795,0.724545
2021-12-23 23:00:00+00:00,audusd,0.72321,0.72399,0.7232,0.72385
2021-12-24 00:00:00+00:00,audusd,0.72361,0.72385,0.72302,0.723205
2021-12-24 01:00:00+00:00,audusd,0.72346,0.72381,0.72295,0.72362
2021-12-24 02:00:00+00:00,audusd,0.72351,0.72407,0.72341,0.72345
2021-12-24 03:00:00+00:00,audusd,0.72284,0.723745,0.72273,0.723515
2021-12-24 04:00:00+00:00,audusd,0.72318,0.723185,0.72277,0.72283
2021-12-24 05:00:00+00:00,audusd,0.72343,0.72345,0.72315,0.72319
2021-12-24 06:00:00+00:00,audusd,0.72349,0.72351,0.72334,0.723435
2021-12-24 07:00:00+00:00,audusd,0.72353,0.72369,0.72343,0.723485
2021-12-24 08:00:00+00:00,audusd,0.72395,0.72397,0.723525,0.723525
2021-12-24 09:00:00+00:00,audusd,0.72434,0.72436,0.72389,0.723955
2021-12-24 10:00:00+00:00,audusd,0.7241,0.724445,0.72394,0.724345
2021-12-24 11:00:00+00:00,audusd,0.72357,0.72415,0.72346,0.724095
2021-12-24 12:00:00+00:00,audusd,0.72325,0.72364,0.72324,0.723575
2021-12-24 13:00:00+00:00,audusd,0.723405,0.7236,0.72326,0.72326
2021-12-24 14:00:00+00:00,audusd,0.72265,0.723615,0.72253,0.72341
2021-12-24 15:00:00+00:00,audusd,0.7225,0.7228,0.72228,0.722655
2021-12-24 16:00:00+00:00,audusd,0.72238,0.7227,0.721965,0.722505
2021-12-24 17:00:00+00:00,audusd,0.72213,0.722425,0.72183,0.72239
2021-12-24 18:00:00+00:00,audusd,0.72228,0.72274,0.72186,0.72214
2021-12-24 19:00:00+00:00,audusd,0.72302,0.72337,0.722275,0.722275
2021-12-24 20:00:00+00:00,audusd,0.72324,0.7233,0.72299,0.72301
2021-12-24 21:00:00+00:00,audusd,0.72241,0.72384,0.72224,0.723255
2021-12-26 22:00:00+00:00,audusd,0.72238,0.722895,0.72209,0.72277
2021-12-26 23:00:00+00:00,audusd,0.72297,0.7238,0.7224,0.7224
2021-12-27 00:00:00+00:00,audusd,0.72304,0.72372,0.72259,0.72298
2021-12-27 01:00:00+00:00,audusd,0.723415,0.723635,0.72286,0.723035
2021-12-27 02:00:00+00:00,audusd,0.72398,0.724215,0.723235,0.72341
2021-12-27 03:00:00+00:00,audusd,0.72388,0.72419,0.7237,0.72397
2021-12-27 04:00:00+00:00,audusd,0.72339,0.723945,0.72334,0.723885
2021-12-27 05:00:00+00:00,audusd,0.72282,0.723435,0.7227,0.723385
2021-12-27 06:00:00+00:00,audusd,0.72263,0.72299,0.722415,0.722815
2021-12-27 07:00:00+00:00,audusd,0.72279,0.72288,0.72211,0.722635
2021-12-27 08:00:00+00:00,audusd,0.72193,0.72313,0.72184,0.722795
2021-12-27 09:00:00+00:00,audusd,0.720995,0.721935,0.72058,0.721935
2021-12-27 10:00:00+00:00,audusd,0.72152,0.72175,0.72095,0.72099
2021-12-27 11:00:00+00:00,audusd,0.721585,0.72164,0.72118,0.721515
2021-12-27 12:00:00+00:00,audusd,0.721485,0.722,0.72118,0.72158
2021-12-27 13:00:00+00:00,audusd,0.72304,0.72309,0.72099,0.72148
2021-12-27 14:00:00+00:00,audusd,0.72283,0.72348,0.72279,0.723035
2021-12-27 15:00:00+00:00,audusd,0.723795,0.72435,0.722775,0.722835
2021-12-27 16:00:00+00:00,audusd,0.723775,0.723985,0.72354,0.72379
2021-12-27 17:00:00+00:00,audusd,0.723495,0.72385,0.72315,0.72377
2021-12-27 18:00:00+00:00,audusd,0.72386,0.7239,0.72328,0.72349
2021-12-27 19:00:00+00:00,audusd,0.72408,0.7242,0.7237,0.72385
2021-12-27 20:00:00+00:00,audusd,0.72386,0.724495,0.723655,0.724075
2021-12-27 21:00:00+00:00,audusd,0.72385,0.72427,0.723535,0.72385
2021-12-27 22:00:00+00:00,audusd,0.72366,0.72412,0.723305,0.723975
2021-12-27 23:00:00+00:00,audusd,0.72358,0.72402,0.7233,0.72367
2021-12-28 00:00:00+00:00,audusd,0.72401,0.72408,0.72335,0.723585
2021-12-28 01:00:00+00:00,audusd,0.72299,0.72402,0.72296,0.723985
2021-12-28 02:00:00+00:00,audusd,0.72364,0.72387,0.7229,0.722995
2021-12-28 03:00:00+00:00,audusd,0.72352,0.72377,0.723255,0.723635
2021-12-28 04:00:00+00:00,audusd,0.723945,0.72402,0.723525,0.723525
2021-12-28 05:00:00+00:00,audusd,0.72435,0.72447,0.72386,0.72394
2021-12-28 06:00:00+00:00,audusd,0.72461,0.72468,0.723915,0.724355
2021-12-28 07:00:00+00:00,audusd,0.72367,0.72467,0.72362,0.724615
2021-12-28 08:00:00+00:00,audusd,0.72394,0.72442,0.72356,0.723675
2021-12-28 09:00:00+00:00,audusd,0.724965,0.72499,0.723855,0.723935
2021-12-28 10:00:00+00:00,audusd,0.72501,0.72508,0.724565,0.72497
2021-12-28 11:00:00+00:00,audusd,0.72525,0.72529,0.72482,0.725015
2021-12-28 12:00:00+00:00,audusd,0.725625,0.72597,0.72507,0.725245
2021-12-28 13:00:00+00:00,audusd,0.725495,0.72642,0.72549,0.72563
2021-12-28 14:00:00+00:00,audusd,0.72453,0.72557,0.72361,0.72549
2021-12-28 15:00:00+00:00,audusd,0.72292,0.7247,0.72191,0.72452
2021-12-28 16:00:00+00:00,audusd,0.72324,0.723545,0.72255,0.72294
2021-12-28 17:00:00+00:00,audusd,0.722755,0.72352,0.72259,0.723245
2021-12-28 18:00:00+00:00,audusd,0.7223,0.72278,0.72202,0.72276
2021-12-28 19:00:00+00:00,audusd,0.72299,0.72301,0.72204,0.722295
2021-12-28 20:00:00+00:00,audusd,0.72298,0.72332,0.72265,0.723
2021-12-28 21:00:00+00:00,audusd,0.72301,0.723465,0.7227,0.722975
2021-12-28 22:00:00+00:00,audusd,0.72234,0.7232,0.722195,0.72279
2021-12-28 23:00:00+00:00,audusd,0.72325,0.72342,0.72235,0.722355
2021-12-29 00:00:00+00:00,audusd,0.723325,0.72353,0.72302,0.72324
2021-12-29 01:00:00+00:00,audusd,0.72176,0.72362,0.72132,0.723375
2021-12-29 02:00:00+00:00,audusd,0.72251,0.72253,0.72166,0.721765
2021-12-29 03:00:00+00:00,audusd,0.72316,0.72321,0.72225,0.722505
2021-12-29 04:00:00+00:00,audusd,0.72334,0.723385,0.72291,0.723165
2021-12-29 05:00:00+00:00,audusd,0.723,0.723335,0.72269,0.723335
2021-12-29 06:00:00+00:00,audusd,0.72193,0.72318,0.72184,0.723005
2021-12-29 07:00:00+00:00,audusd,0.72322,0.72337,0.72192,0.72192
2021-12-29 08:00:00+00:00,audusd,0.72328,0.72368,0.723,0.72321
2021-12-29 09:00:00+00:00,audusd,0.72174,0.723375,0.7216,0.723285
2021-12-29 10:00:00+00:00,audusd,0.72202,0.72225,0.72161,0.72173
2021-12-29 11:00:00+00:00,audusd,0.72261,0.72276,0.72165,0.722025
2021-12-29 12:00:00+00:00,audusd,0.72272,0.72292,0.72213,0.722605
2021-12-29 13:00:00+00:00,audusd,0.723055,0.72352,0.722475,0.722725
2021-12-29 14:00:00+00:00,audusd,0.72433,0.72483,0.72296,0.72305
2021-12-29 15:00:00+00:00,audusd,0.72595,0.727265,0.724295,0.72432
2021-12-29 16:00:00+00:00,audusd,0.72403,0.72645,0.723855,0.72596
2021-12-29 17:00:00+00:00,audusd,0.7246,0.72494,0.72375,0.724035
2021-12-29 18:00:00+00:00,audusd,0.72506,0.72513,0.72455,0.724605
2021-12-29 19:00:00+00:00,audusd,0.72522,0.725295,0.72485,0.725065
2021-12-29 20:00:00+00:00,audusd,0.72523,0.725415,0.7249,0.725225
2021-12-29 21:00:00+00:00,audusd,0.72497,0.72536,0.72475,0.72524
2021-12-29 22:00:00+00:00,audusd,0.724795,0.72572,0.72452,0.725
2021-12-29 23:00:00+00:00,audusd,0.72585,0.725865,0.72479,0.72479
2021-12-30 00:00:00+00:00,audusd,0.72559,0.72608,0.72527,0.725855
2021-12-30 01:00:00+00:00,audusd,0.726715,0.72672,0.72504,0.725585
2021-12-30 02:00:00+00:00,audusd,0.72607,0.72672,0.72582,0.72671
2021-12-30 03:00:00+00:00,audusd,0.72576,0.72627,0.72574,0.72606
2021-12-30 04:00:00+00:00,audusd,0.725745,0.72597,0.72565,0.725755
2021-12-30 05:00:00+00:00,audusd,0.72497,0.72575,0.72485,0.72575
2021-12-30 06:00:00+00:00,audusd,0.72483,0.725275,0.72462,0.72498
2021-12-30 07:00:00+00:00,audusd,0.725575,0.725575,0.72438,0.724835
2021-12-30 08:00:00+00:00,audusd,0.72502,0.72606,0.72496,0.72558
2021-12-30 09:00:00+00:00,audusd,0.72571,0.725915,0.72492,0.725015
2021-12-30 10:00:00+00:00,audusd,0.72629,0.72635,0.72548,0.725705
2021-12-30 11:00:00+00:00,audusd,0.726485,0.72672,0.72613,0.72628
2021-12-30 12:00:00+00:00,audusd,0.72743,0.72748,0.72648,0.726495
2021-12-30 13:00:00+00:00,audusd,0.726015,0.727475,0.726005,0.72744
2021-12-30 14:00:00+00:00,audusd,0.7268,0.72693,0.725435,0.72601
2021-12-30 15:00:00+00:00,audusd,0.72545,0.72759,0.725175,0.726805
2021-12-30 16:00:00+00:00,audusd,0.72592,0.72625,0.72534,0.725455
2021-12-30 17:00:00+00:00,audusd,0.72521,0.72607,0.72477,0.725915
2021-12-30 18:00:00+00:00,audusd,0.724795,0.72523,0.7247,0.725205
2021-12-30 19:00:00+00:00,audusd,0.7256,0.72576,0.72449,0.7248
2021-12-30 20:00:00+00:00,audusd,0.72506,0.72592,0.72493,0.72559
2021-12-30 21:00:00+00:00,audusd,0.72508,0.72547,0.724795,0.72507
2021-12-30 22:00:00+00:00,audusd,0.72483,0.72584,0.72445,0.72503
2021-12-30 23:00:00+00:00,audusd,0.72496,0.72501,0.72443,0.72482
2021-12-31 00:00:00+00:00,audusd,0.72518,0.72518,0.72486,0.724965
2021-12-31 01:00:00+00:00,audusd,0.72555,0.7256,0.72493,0.72519
2021-12-31 02:00:00+00:00,audusd,0.72557,0.72566,0.724895,0.725555
2021-12-31 03:00:00+00:00,audusd,0.72526,0.72561,0.72481,0.72558
2021-12-31 04:00:00+00:00,audusd,0.72555,0.72562,0.7252,0.725265
2021-12-31 05:00:00+00:00,audusd,0.72577,0.72606,0.72543,0.725555
2021-12-31 06:00:00+00:00,audusd,0.72599,0.72601,0.725615,0.725765
2021-12-31 07:00:00+00:00,audusd,0.72597,0.72603,0.725475,0.726
2021-12-31 08:00:00+00:00,audusd,0.72665,0.72692,0.72586,0.725975
2021-12-31 09:00:00+00:00,audusd,0.72677,0.72735,0.726565,0.726645
2021-12-31 10:00:00+00:00,audusd,0.726225,0.72722,0.72612,0.72678
2021-12-31 11:00:00+00:00,audusd,0.72505,0.726485,0.72496,0.72623
2021-12-31 12:00:00+00:00,audusd,0.72469,0.72544,0.72443,0.72506
2021-12-31 13:00:00+00:00,audusd,0.72579,0.72597,0.72468,0.7247
2021-12-31 14:00:00+00:00,audusd,0.72619,0.7268,0.72544,0.725785
2021-12-31 15:00:00+00:00,audusd,0.726995,0.72749,0.72513,0.726185
2021-12-31 16:00:00+00:00,audusd,0.72697,0.72741,0.72579,0.72689
2021-12-31 17:00:00+00:00,audusd,0.72773,0.72776,0.72666,0.72696
2021-12-31 18:00:00+00:00,audusd,0.72752,0.72775,0.72717,0.72774
2021-12-31 19:00:00+00:00,audusd,0.7271,0.7276,0.72697,0.72753
2021-12-31 20:00:00+00:00,audusd,0.72661,0.727365,0.72661,0.727095
2021-12-31 21:00:00+00:00,audusd,0.72654,0.72737,0.72625,0.72664
2022-01-02 22:00:00+00:00,audusd,0.7268,0.72706,0.726295,0.726455
2022-01-02 23:00:00+00:00,audusd,0.72678,0.72755,0.72677,0.72679
2022-01-03 00:00:00+00:00,audusd,0.72656,0.727385,0.72654,0.72679
2022-01-03 01:00:00+00:00,audusd,0.72558,0.72773,0.725365,0.72655
2022-01-03 02:00:00+00:00,audusd,0.725235,0.72564,0.72459,0.725575
2022-01-03 03:00:00+00:00,audusd,0.724875,0.72549,0.72396,0.72524
2022-01-03 04:00:00+00:00,audusd,0.72494,0.72539,0.72466,0.72488
2022-01-03 05:00:00+00:00,audusd,0.72458,0.7251,0.72457,0.724945
2022-01-03 06:00:00+00:00,audusd,0.72533,0.725385,0.72453,0.724585
2022-01-03 07:00:00+00:00,audusd,0.7257,0.72576,0.72505,0.725335
2022-01-03 08:00:00+00:00,audusd,0.7261,0.72637,0.72556,0.725695
2022-01-03 09:00:00+00:00,audusd,0.72555,0.7262,0.72525,0.726095
2022-01-03 10:00:00+00:00,audusd,0.724995,0.72605,0.72498,0.725545
2022-01-03 11:00:00+00:00,audusd,0.724835,0.72523,0.724485,0.725
2022-01-03 12:00:00+00:00,audusd,0.72443,0.72484,0.72406,0.72484
2022-01-03 13:00:00+00:00,audusd,0.72228,0.724475,0.72205,0.724435
2022-01-03 14:00:00+00:00,audusd,0.71967,0.722275,0.71942,0.722275
2022-01-03 15:00:00+00:00,audusd,0.718685,0.72018,0.71854,0.719685
2022-01-03 16:00:00+00:00,audusd,0.719385,0.7196,0.71844,0.71869
2022-01-03 17:00:00+00:00,audusd,0.71966,0.71988,0.71905,0.71939
2022-01-03 18:00:00+00:00,audusd,0.71997,0.72011,0.71955,0.719665
2022-01-03 19:00:00+00:00,audusd,0.719075,0.719965,0.71907,0.71996
2022-01-03 20:00:00+00:00,audusd,0.71874,0.71929,0.71843,0.71907
2022-01-03 21:00:00+00:00,audusd,0.71893,0.71931,0.71857,0.718735
2022-01-03 22:00:00+00:00,audusd,0.71885,0.71936,0.71873,0.71911
2022-01-03 23:00:00+00:00,audusd,0.71958,0.71972,0.71871,0.718835
2022-01-04 00:00:00+00:00,audusd,0.719825,0.71986,0.71918,0.71962
2022-01-04 01:00:00+00:00,audusd,0.72002,0.72073,0.71976,0.719805
2022-01-04 02:00:00+00:00,audusd,0.71991,0.72043,0.719535,0.720015
2022-01-04 03:00:00+00:00,audusd,0.72029,0.72052,0.71967,0.719915
2022-01-04 04:00:00+00:00,audusd,0.72112,0.72148,0.72029,0.7203
2022-01-04 05:00:00+00:00,audusd,0.72131,0.72163,0.72081,0.72111
2022-01-04 06:00:00+00:00,audusd,0.72087,0.72156,0.720565,0.721315
2022-01-04 07:00:00+00:00,audusd,0.720825,0.721155,0.720195,0.72088
2022-01-04 08:00:00+00:00,audusd,0.72085,0.72136,0.72075,0.72083
2022-01-04 09:00:00+00:00,audusd,0.72119,0.7217,0.72071,0.720845
2022-01-04 10:00:00+00:00,audusd,0.72065,0.72169,0.72059,0.721185
2022-01-04 11:00:00+00:00,audusd,0.71986,0.72082,0.71962,0.72066
2022-01-04 12:00:00+00:00,audusd,0.71884,0.72001,0.71853,0.719865
2022-01-04 13:00:00+00:00,audusd,0.72083,0.72084,0.718845,0.71885
2022-01-04 14:00:00+00:00,audusd,0.72155,0.72193,0.720495,0.720835
2022-01-04 15:00:00+00:00,audusd,0.72464,0.72491,0.72157,0.72157
2022-01-04 16:00:00+00:00,audusd,0.72414,0.72481,0.72313,0.72463
2022-01-04 17:00:00+00:00,audusd,0.72404,0.72454,0.723725,0.72413
2022-01-04 18:00:00+00:00,audusd,0.7232,0.72425,0.72318,0.72403
2022-01-04 19:00:00+00:00,audusd,0.72424,0.72429,0.723125,0.72319
2022-01-04 20:00:00+00:00,audusd,0.72395,0.724435,0.72388,0.72423
2022-01-04 21:00:00+00:00,audusd,0.723835,0.72435,0.723835,0.723955
2022-01-04 22:00:00+00:00,audusd,0.72369,0.72428,0.723335,0.72397
2022-01-04 23:00:00+00:00,audusd,0.72388,0.72425,0.7235,0.72368
2022-01-05 00:00:00+00:00,audusd,0.72381,0.72448,0.72367,0.72389
2022-01-05 01:00:00+00:00,audusd,0.72339,0.72427,0.72312,0.7238
2022-01-05 02:00:00+00:00,audusd,0.72328,0.72389,0.72304,0.723385
2022-01-05 03:00:00+00:00,audusd,0.723515,0.72363,0.72263,0.72329
2022-01-05 04:00:00+00:00,audusd,0.72319,0.72354,0.72303,0.72352
2022-01-05 05:00:00+00:00,audusd,0.722585,0.72329,0.722335,0.723185
2022-01-05 06:00:00+00:00,audusd,0.72322,0.72337,0.72249,0.72258
2022-01-05 07:00:00+00:00,audusd,0.72347,0.72385,0.72289,0.723225
2022-01-05 08:00:00+00:00,audusd,0.72386,0.724725,0.72328,0.723475
2022-01-05 09:00:00+00:00,audusd,0.72474,0.72497,0.72386,0.723865
2022-01-05 10:00:00+00:00,audusd,0.72496,0.72533,0.72467,0.724745
2022-01-05 11:00:00+00:00,audusd,0.72574,0.72599,0.72463,0.724955
2022-01-05 12:00:00+00:00,audusd,0.72504,0.72582,0.72489,0.72575
2022-01-05 13:00:00+00:00,audusd,0.72575,0.72618,0.72498,0.725045
2022-01-05 14:00:00+00:00,audusd,0.72644,0.72691,0.72557,0.72576
2022-01-05 15:00:00+00:00,audusd,0.72702,0.727245,0.72578,0.72645
2022-01-05 16:00:00+00:00,audusd,0.72602,0.72708,0.72567,0.727025
2022-01-05 17:00:00+00:00,audusd,0.72636,0.72689,0.72598,0.72603
2022-01-05 18:00:00+00:00,audusd,0.72605,0.7266,0.72581,0.72635
2022-01-05 19:00:00+00:00,audusd,0.72233,0.72656,0.7221,0.72604
2022-01-05 20:00:00+00:00,audusd,0.72204,0.722535,0.72174,0.722385
2022-01-05 21:00:00+00:00,audusd,0.72213,0.72227,0.72153,0.72205
2022-01-05 22:00:00+00:00,audusd,0.72206,0.72208,0.72162,0.72203
2022-01-05 23:00:00+00:00,audusd,0.7221,0.72229,0.72143,0.72204
2022-01-06 00:00:00+00:00,audusd,0.72155,0.7221,0.72129,0.72209
2022-01-06 01:00:00+00:00,audusd,0.72147,0.721565,0.72052,0.721555
2022-01-06 02:00:00+00:00,audusd,0.720625,0.7215,0.72004,0.721475
2022-01-06 03:00:00+00:00,audusd,0.71916,0.7207,0.718885,0.72062
2022-01-06 04:00:00+00:00,audusd,0.71767,0.71919,0.71756,0.719165
2022-01-06 05:00:00+00:00,audusd,0.71741,0.71779,0.71701,0.717665
2022-01-06 06:00:00+00:00,audusd,0.71619,0.71741,0.716115,0.717405
2022-01-06 07:00:00+00:00,audusd,0.71565,0.71655,0.71553,0.716195
2022-01-06 08:00:00+00:00,audusd,0.715125,0.71623,0.714595,0.715655
2022-01-06 09:00:00+00:00,audusd,0.71565,0.716,0.714735,0.71513
2022-01-06 10:00:00+00:00,audusd,0.717345,0.717785,0.71554,0.715655
2022-01-06 11:00:00+00:00,audusd,0.71685,0.71737,0.71644,0.71735
2022-01-06 12:00:00+00:00,audusd,0.71701,0.71747,0.71657,0.71684
2022-01-06 13:00:00+00:00,audusd,0.71621,0.7173,0.71599,0.717005
2022-01-06 14:00:00+00:00,audusd,0.716085,0.71812,0.71568,0.716215
2022-01-06 15:00:00+00:00,audusd,0.71584,0.71712,0.71494,0.71615
2022-01-06 16:00:00+00:00,audusd,0.71672,0.71677,0.71561,0.71585
2022-01-06 17:00:00+00:00,audusd,0.716645,0.71733,0.71627,0.716725
2022-01-06 18:00:00+00:00,audusd,0.71655,0.71688,0.71605,0.71664
2022-01-06 19:00:00+00:00,audusd,0.71645,0.717075,0.71623,0.71656
2022-01-06 20:00:00+00:00,audusd,0.71636,0.71678,0.71593,0.71646
2022-01-06 21:00:00+00:00,audusd,0.71636,0.71658,0.71616,0.716365
2022-01-06 22:00:00+00:00,audusd,0.71608,0.71681,0.7159,0.716435
2022-01-06 23:00:00+00:00,audusd,0.71624,0.71671,0.71602,0.71607
2022-01-07 00:00:00+00:00,audusd,0.71703,0.71722,0.71623,0.716245
2022-01-07 01:00:00+00:00,audusd,0.71733,0.717765,0.71702,0.717025
2022-01-07 02:00:00+00:00,audusd,0.71694,0.71733,0.71626,0.717325
2022-01-07 03:00:00+00:00,audusd,0.71663,0.71736,0.71648,0.716935
2022-01-07 04:00:00+00:00,audusd,0.71603,0.716655,0.71575,0.716635
2022-01-07 05:00:00+00:00,audusd,0.71639,0.71641,0.71583,0.716025
2022-01-07 06:00:00+00:00,audusd,0.715625,0.71643,0.71532,0.716385
2022-01-07 07:00:00+00:00,audusd,0.715425,0.715875,0.71499,0.71562
2022-01-07 08:00:00+00:00,audusd,0.71516,0.71543,0.7143,0.71543
2022-01-07 09:00:00+00:00,audusd,0.715555,0.71566,0.71483,0.715155
2022-01-07 10:00:00+00:00,audusd,0.7158,0.716065,0.71545,0.71556
2022-01-07 11:00:00+00:00,audusd,0.715565,0.71582,0.71535,0.715805
2022-01-07 12:00:00+00:00,audusd,0.71503,0.71562,0.71484,0.71556
2022-01-07 13:00:00+00:00,audusd,0.71396,0.71697,0.71299,0.715025
2022-01-07 14:00:00+00:00,audusd,0.71679,0.71728,0.71386,0.71397
2022-01-07 15:00:00+00:00,audusd,0.71644,0.71745,0.71523,0.716785
2022-01-07 16:00:00+00:00,audusd,0.71856,0.7186,0.71632,0.71644
2022-01-07 17:00:00+00:00,audusd,0.71781,0.71865,0.71735,0.71854
2022-01-07 18:00:00+00:00,audusd,0.7183,0.71847,0.71766,0.717815
2022-01-07 19:00:00+00:00,audusd,0.71847,0.718765,0.718055,0.718295
2022-01-07 20:00:00+00:00,audusd,0.71817,0.71857,0.71803,0.718475
2022-01-07 21:00:00+00:00,audusd,0.71802,0.71828,0.71802,0.718165
2022-01-09 22:00:00+00:00,audusd,0.71799,0.71807,0.717285,0.71756
2022-01-09 23:00:00+00:00,audusd,0.71787,0.71849,0.71726,0.717985
2022-01-10 00:00:00+00:00,audusd,0.718475,0.71884,0.71773,0.71786
2022-01-10 01:00:00+00:00,audusd,0.71921,0.71937,0.71836,0.718475
2022-01-10 02:00:00+00:00,audusd,0.719125,0.71976,0.719065,0.71922
2022-01-10 03:00:00+00:00,audusd,0.719,0.71931,0.71883,0.71912
2022-01-10 04:00:00+00:00,audusd,0.719205,0.71977,0.718995,0.718995
2022-01-10 05:00:00+00:00,audusd,0.71919,0.7195,0.71898,0.7192
2022-01-10 06:00:00+00:00,audusd,0.719495,0.719495,0.7188,0.719195
2022-01-10 07:00:00+00:00,audusd,0.71966,0.7201,0.71935,0.71949
2022-01-10 08:00:00+00:00,audusd,0.71885,0.71984,0.7177,0.719665
2022-01-10 09:00:00+00:00,audusd,0.718945,0.71975,0.71885,0.718865
2022-01-10 10:00:00+00:00,audusd,0.719755,0.720255,0.71882,0.71894
2022-01-10 11:00:00+00:00,audusd,0.7191,0.71989,0.71904,0.71976
2022-01-10 12:00:00+00:00,audusd,0.7176,0.71934,0.71759,0.719095
2022-01-10 13:00:00+00:00,audusd,0.717155,0.71815,0.71712,0.717595
2022-01-10 14:00:00+00:00,audusd,0.71576,0.717285,0.71555,0.71716
2022-01-10 15:00:00+00:00,audusd,0.716125,0.716295,0.714895,0.715765
2022-01-10 16:00:00+00:00,audusd,0.71706,0.71742,0.715645,0.71612
2022-01-10 17:00:00+00:00,audusd,0.716685,0.71731,0.716405,0.717065
2022-01-10 18:00:00+00:00,audusd,0.716965,0.717355,0.716515,0.71668
2022-01-10 19:00:00+00:00,audusd,0.717025,0.71717,0.716175,0.71696
2022-01-10 20:00:00+00:00,audusd,0.717715,0.717785,0.716655,0.71703
2022-01-10 21:00:00+00:00,audusd,0.71717,0.717715,0.71714,0.717705
2022-01-10 22:00:00+00:00,audusd,0.71722,0.71764,0.71716,0.717345
2022-01-10 23:00:00+00:00,audusd,0.718005,0.718135,0.71721,0.717215
2022-01-11 00:00:00+00:00,audusd,0.718645,0.718925,0.717765,0.718015
2022-01-11 01:00:00+00:00,audusd,0.717745,0.718675,0.717435,0.71864
2022-01-11 02:00:00+00:00,audusd,0.718705,0.7189,0.7174,0.717755
2022-01-11 03:00:00+00:00,audusd,0.718995,0.719635,0.7187,0.7187
2022-01-11 04:00:00+00:00,audusd,0.718635,0.719055,0.718475,0.71899
2022-01-11 05:00:00+00:00,audusd,0.719065,0.719345,0.718485,0.718645
2022-01-11 06:00:00+00:00,audusd,0.717335,0.719235,0.716785,0.71907
2022-01-11 07:00:00+00:00,audusd,0.718945,0.718985,0.717195,0.71733
2022-01-11 08:00:00+00:00,audusd,0.718305,0.719345,0.718075,0.71894
2022-01-11 09:00:00+00:00,audusd,0.718455,0.718985,0.718205,0.71831
2022-01-11 10:00:00+00:00,audusd,0.718085,0.718835,0.71786,0.71846
2022-01-11 11:00:00+00:00,audusd,0.717855,0.718295,0.717385,0.71809
2022-01-11 12:00:00+00:00,audusd,0.71714,0.718235,0.717095,0.717865
2022-01-11 13:00:00+00:00,audusd,0.716525,0.717585,0.716095,0.717145
2022-01-11 14:00:00+00:00,audusd,0.716395,0.716745,0.7155,0.71653
2022-01-11 15:00:00+00:00,audusd,0.717905,0.718385,0.716345,0.716405
2022-01-11 16:00:00+00:00,audusd,0.719595,0.719905,0.717985,0.718035
2022-01-11 17:00:00+00:00,audusd,0.71975,0.720095,0.719205,0.7196
2022-01-11 18:00:00+00:00,audusd,0.721305,0.721315,0.71958,0.719755
2022-01-11 19:00:00+00:00,audusd,0.720815,0.721355,0.72075,0.7213
2022-01-11 20:00:00+00:00,audusd,0.721055,0.721165,0.720705,0.720825
2022-01-11 21:00:00+00:00,audusd,0.721045,0.721225,0.72092,0.721065
2022-01-11 22:00:00+00:00,audusd,0.720865,0.72147,0.720715,0.721145
2022-01-11 23:00:00+00:00,audusd,0.72099,0.721415,0.720845,0.720865
2022-01-12 00:00:00+00:00,audusd,0.721425,0.721665,0.720835,0.720985
2022-01-12 01:00:00+00:00,audusd,0.720935,0.721445,0.720485,0.72143
2022-01-12 02:00:00+00:00,audusd,0.72139,0.721395,0.720685,0.720945
2022-01-12 03:00:00+00:00,audusd,0.721915,0.721935,0.721345,0.721385
2022-01-12 04:00:00+00:00,audusd,0.721725,0.72199,0.7216,0.72191
2022-01-12 05:00:00+00:00,audusd,0.721755,0.721855,0.721445,0.721735
2022-01-12 06:00:00+00:00,audusd,0.721435,0.722335,0.72138,0.721765
2022-01-12 07:00:00+00:00,audusd,0.72051,0.721625,0.720145,0.72143
2022-01-12 08:00:00+00:00,audusd,0.720485,0.72114,0.720055,0.720515
2022-01-12 09:00:00+00:00,audusd,0.721175,0.721265,0.720345,0.720495
2022-01-12 10:00:00+00:00,audusd,0.720975,0.721365,0.72075,0.72118
2022-01-12 11:00:00+00:00,audusd,0.721025,0.72135,0.720895,0.720985
2022-01-12 12:00:00+00:00,audusd,0.721325,0.721595,0.720805,0.721035
2022-01-12 13:00:00+00:00,audusd,0.724955,0.725275,0.72109,0.72133
2022-01-12 14:00:00+00:00,audusd,0.726325,0.726755,0.724445,0.72497
2022-01-12 15:00:00+00:00,audusd,0.72688,0.72813,0.726255,0.72633
2022-01-12 16:00:00+00:00,audusd,0.72791,0.727915,0.726615,0.726915
2022-01-12 17:00:00+00:00,audusd,0.728355,0.728555,0.727225,0.727915
2022-01-12 18:00:00+00:00,audusd,0.727955,0.728395,0.727825,0.72835
2022-01-12 19:00:00+00:00,audusd,0.729175,0.729225,0.72788,0.727965
2022-01-12 20:00:00+00:00,audusd,0.729005,0.72927,0.72851,0.72918
2022-01-12 21:00:00+00:00,audusd,0.72846,0.72906,0.728325,0.729025
2022-01-12 22:00:00+00:00,audusd,0.728305,0.72859,0.728175,0.72834
2022-01-12 23:00:00+00:00,audusd,0.728205,0.728785,0.728165,0.728305
2022-01-13 00:00:00+00:00,audusd,0.72826,0.72873,0.727815,0.728195
2022-01-13 01:00:00+00:00,audusd,0.727655,0.728505,0.727525,0.728255
2022-01-13 02:00:00+00:00,audusd,0.728705,0.728805,0.727355,0.727665
2022-01-13 03:00:00+00:00,audusd,0.728835,0.728945,0.728075,0.7287
2022-01-13 04:00:00+00:00,audusd,0.72903,0.729255,0.728565,0.72883
2022-01-13 05:00:00+00:00,audusd,0.72816,0.72923,0.728115,0.729025
2022-01-13 06:00:00+00:00,audusd,0.728515,0.728745,0.728055,0.728155
2022-01-13 07:00:00+00:00,audusd,0.73013,0.730365,0.728365,0.72851
2022-01-13 08:00:00+00:00,audusd,0.730525,0.731435,0.730075,0.730135
2022-01-13 09:00:00+00:00,audusd,0.731005,0.73124,0.729925,0.730535
2022-01-13 10:00:00+00:00,audusd,0.73068,0.73133,0.730525,0.731015
2022-01-13 11:00:00+00:00,audusd,0.73005,0.730885,0.730045,0.730685
2022-01-13 12:00:00+00:00,audusd,0.729345,0.730495,0.729235,0.730055
2022-01-13 13:00:00+00:00,audusd,0.73066,0.730885,0.729325,0.72934
2022-01-13 14:00:00+00:00,audusd,0.730795,0.7313,0.73042,0.730665
2022-01-13 15:00:00+00:00,audusd,0.72987,0.730855,0.728775,0.7308
2022-01-13 16:00:00+00:00,audusd,0.72997,0.730495,0.729415,0.729885
2022-01-13 17:00:00+00:00,audusd,0.728985,0.729975,0.728275,0.729975
2022-01-13 18:00:00+00:00,audusd,0.729055,0.729175,0.72864,0.728975
2022-01-13 19:00:00+00:00,audusd,0.729065,0.72943,0.72867,0.72905
2022-01-13 20:00:00+00:00,audusd,0.727685,0.729075,0.727415,0.72907
2022-01-13 21:00:00+00:00,audusd,0.72826,0.72832,0.727615,0.72768
2022-01-13 22:00:00+00:00,audusd,0.72797,0.7285,0.72788,0.72826
2022-01-13 23:00:00+00:00,audusd,0.728125,0.72838,0.727875,0.72798
2022-01-14 00:00:00+00:00,audusd,0.72764,0.72813,0.727135,0.72813
2022-01-14 01:00:00+00:00,audusd,0.726785,0.727985,0.72652,0.727645
2022-01-14 02:00:00+00:00,audusd,0.727535,0.727535,0.726525,0.72679
2022-01-14 03:00:00+00:00,audusd,0.727485,0.727585,0.726935,0.72753
2022-01-14 04:00:00+00:00,audusd,0.728235,0.728365,0.72748,0.72748
2022-01-14 05:00:00+00:00,audusd,0.72871,0.728775,0.727775,0.728255
2022-01-14 06:00:00+00:00,audusd,0.72842,0.729275,0.728415,0.728705
2022-01-14 07:00:00+00:00,audusd,0.728165,0.72878,0.727755,0.728415
2022-01-14 08:00:00+00:00,audusd,0.727845,0.729365,0.727755,0.728175
2022-01-14 09:00:00+00:00,audusd,0.727195,0.728225,0.72687,0.72785
2022-01-14 10:00:00+00:00,audusd,0.7268,0.727295,0.726775,0.7272
2022-01-14 11:00:00+00:00,audusd,0.726205,0.727385,0.726165,0.726795
2022-01-14 12:00:00+00:00,audusd,0.72476,0.726375,0.724705,0.726195
2022-01-14 13:00:00+00:00,audusd,0.723775,0.72509,0.723235,0.724765
2022-01-14 14:00:00+00:00,audusd,0.72528,0.72533,0.723415,0.723765
2022-01-14 15:00:00+00:00,audusd,0.72325,0.725285,0.723065,0.725285
2022-01-14 16:00:00+00:00,audusd,0.722295,0.72337,0.722245,0.723245
2022-01-14 17:00:00+00:00,audusd,0.720225,0.72229,0.72019,0.72229
2022-01-14 18:00:00+00:00,audusd,0.720405,0.720515,0.719845,0.72022
2022-01-14 19:00:00+00:00,audusd,0.720815,0.720915,0.720245,0.7204
2022-01-14 20:00:00+00:00,audusd,0.721635,0.721695,0.720615,0.720805
2022-01-14 21:00:00+00:00,audusd,0.72137,0.721765,0.721255,0.721645
2022-01-16 22:00:00+00:00,audusd,0.721605,0.722355,0.721215,0.722035
2022-01-16 23:00:00+00:00,audusd,0.7216,0.72178,0.72077,0.72161
2022-01-17 00:00:00+00:00,audusd,0.720735,0.721645,0.720625,0.721605
2022-01-17 01:00:00+00:00,audusd,0.719725,0.720825,0.719575,0.720745
2022-01-17 02:00:00+00:00,audusd,0.72111,0.721325,0.719675,0.71973
2022-01-17 03:00:00+00:00,audusd,0.721125,0.72154,0.720795,0.721105
2022-01-17 04:00:00+00:00,audusd,0.72065,0.72143,0.720625,0.72113
2022-01-17 05:00:00+00:00,audusd,0.720395,0.720875,0.720345,0.720645
2022-01-17 06:00:00+00:00,audusd,0.720245,0.720835,0.720035,0.7204
2022-01-17 07:00:00+00:00,audusd,0.72173,0.721775,0.720125,0.72024
2022-01-17 08:00:00+00:00,audusd,0.721775,0.722265,0.721075,0.721725
2022-01-17 09:00:00+00:00,audusd,0.721615,0.721885,0.72138,0.721765
2022-01-17 10:00:00+00:00,audusd,0.722165,0.722385,0.721555,0.72162
2022-01-17 11:00:00+00:00,audusd,0.722035,0.722955,0.721585,0.722155
2022-01-17 12:00:00+00:00,audusd,0.720905,0.722425,0.720855,0.722025
2022-01-17 13:00:00+00:00,audusd,0.721295,0.721395,0.720515,0.720915
2022-01-17 14:00:00+00:00,audusd,0.721705,0.72195,0.720715,0.721305
2022-01-17 15:00:00+00:00,audusd,0.721135,0.721935,0.720685,0.721715
2022-01-17 16:00:00+00:00,audusd,0.721125,0.721305,0.720755,0.72114
2022-01-17 17:00:00+00:00,audusd,0.721445,0.721445,0.720995,0.72113
2022-01-17 18:00:00+00:00,audusd,0.721285,0.721525,0.721245,0.721435
2022-01-17 19:00:00+00:00,audusd,0.721065,0.721375,0.721005,0.721275
2022-01-17 20:00:00+00:00,audusd,0.720965,0.721215,0.72096,0.72106
2022-01-17 21:00:00+00:00,audusd,0.721105,0.721245,0.720915,0.720955
2022-01-17 22:00:00+00:00,audusd,0.72083,0.721275,0.720735,0.721185
2022-01-17 23:00:00+00:00,audusd,0.721145,0.721155,0.720495,0.72082
2022-01-18 00:00:00+00:00,audusd,0.721925,0.72206,0.72094,0.72115
2022-01-18 01:00:00+00:00,audusd,0.722555,0.722805,0.721595,0.72193
2022-01-18 02:00:00+00:00,audusd,0.722185,0.722655,0.721715,0.72255
2022-01-18 03:00:00+00:00,audusd,0.718615,0.722445,0.718065,0.72218
2022-01-18 04:00:00+00:00,audusd,0.719475,0.719485,0.717955,0.718625
2022-01-18 05:00:00+00:00,audusd,0.719175,0.719605,0.718695,0.71947
2022-01-18 06:00:00+00:00,audusd,0.720255,0.720475,0.719175,0.719185
2022-01-18 07:00:00+00:00,audusd,0.720255,0.720455,0.719205,0.72025
2022-01-18 08:00:00+00:00,audusd,0.719475,0.72045,0.718595,0.720245
2022-01-18 09:00:00+00:00,audusd,0.718895,0.719525,0.718215,0.719485
2022-01-18 10:00:00+00:00,audusd,0.718585,0.719635,0.718485,0.718885
2022-01-18 11:00:00+00:00,audusd,0.71865,0.719465,0.718415,0.71858
2022-01-18 12:00:00+00:00,audusd,0.718735,0.719355,0.718255,0.718645
2022-01-18 13:00:00+00:00,audusd,0.718785,0.7192,0.717555,0.71874
2022-01-18 14:00:00+00:00,audusd,0.71852,0.718875,0.717765,0.71879
2022-01-18 15:00:00+00:00,audusd,0.718845,0.719525,0.717815,0.718515
2022-01-18 16:00:00+00:00,audusd,0.718765,0.719035,0.717725,0.718835
2022-01-18 17:00:00+00:00,audusd,0.717445,0.71882,0.717095,0.718775
2022-01-18 18:00:00+00:00,audusd,0.718015,0.718135,0.717015,0.71745
2022-01-18 19:00:00+00:00,audusd,0.718585,0.71896,0.717985,0.718005
2022-01-18 20:00:00+00:00,audusd,0.718115,0.718715,0.717615,0.71858
2022-01-18 21:00:00+00:00,audusd,0.718435,0.718675,0.717855,0.71813
2022-01-18 22:00:00+00:00,audusd,0.718375,0.71856,0.718305,0.718305
2022-01-18 23:00:00+00:00,audusd,0.718735,0.718955,0.718365,0.718375
2022-01-19 00:00:00+00:00,audusd,0.718475,0.718925,0.717715,0.718745
2022-01-19 01:00:00+00:00,audusd,0.718695,0.71933,0.718245,0.71848
2022-01-19 02:00:00+00:00,audusd,0.718885,0.719435,0.718535,0.71869
2022-01-19 03:00:00+00:00,audusd,0.718495,0.719035,0.717775,0.71888
2022-01-19 04:00:00+00:00,audusd,0.718685,0.719585,0.718295,0.7185
2022-01-19 05:00:00+00:00,audusd,0.719045,0.719185,0.718435,0.71868
2022-01-19 06:00:00+00:00,audusd,0.719375,0.719535,0.718835,0.719055
2022-01-19 07:00:00+00:00,audusd,0.718035,0.719425,0.717895,0.719385
2022-01-19 08:00:00+00:00,audusd,0.718985,0.71937,0.71787,0.71803
2022-01-19 09:00:00+00:00,audusd,0.720225,0.720275,0.718655,0.718975
2022-01-19 10:00:00+00:00,audusd,0.721455,0.721485,0.719975,0.72022
2022-01-19 11:00:00+00:00,audusd,0.72118,0.721565,0.720905,0.721445
2022-01-19 12:00:00+00:00,audusd,0.72096,0.721385,0.720705,0.721175
2022-01-19 13:00:00+00:00,audusd,0.722395,0.722675,0.720935,0.720955
2022-01-19 14:00:00+00:00,audusd,0.723325,0.723855,0.721945,0.7224
2022-01-19 15:00:00+00:00,audusd,0.722105,0.723465,0.721805,0.72332
2022-01-19 16:00:00+00:00,audusd,0.72243,0.72295,0.72184,0.722115
2022-01-19 17:00:00+00:00,audusd,0.72301,0.723105,0.722215,0.722435
2022-01-19 18:00:00+00:00,audusd,0.722805,0.723265,0.72272,0.723005
2022-01-19 19:00:00+00:00,audusd,0.722475,0.722825,0.722085,0.7228
2022-01-19 20:00:00+00:00,audusd,0.721695,0.72276,0.721575,0.722465
2022-01-19 21:00:00+00:00,audusd,0.721155,0.721825,0.721055,0.72169
2022-01-19 22:00:00+00:00,audusd,0.721065,0.72117,0.720845,0.72102
2022-01-19 23:00:00+00:00,audusd,0.721615,0.72201,0.720915,0.72107
2022-01-20 00:00:00+00:00,audusd,0.723715,0.723825,0.721595,0.721685
2022-01-20 01:00:00+00:00,audusd,0.723795,0.725685,0.72331,0.72371
2022-01-20 02:00:00+00:00,audusd,0.723695,0.724045,0.7228,0.723805
2022-01-20 03:00:00+00:00,audusd,0.723555,0.724125,0.72312,0.72369
2022-01-20 04:00:00+00:00,audusd,0.723635,0.723835,0.723335,0.723565
2022-01-20 05:00:00+00:00,audusd,0.722485,0.723825,0.722095,0.723625
2022-01-20 06:00:00+00:00,audusd,0.723035,0.723185,0.722405,0.722475
2022-01-20 07:00:00+00:00,audusd,0.723385,0.724025,0.722865,0.723025
2022-01-20 08:00:00+00:00,audusd,0.723515,0.724285,0.723095,0.723395
2022-01-20 09:00:00+00:00,audusd,0.723105,0.723835,0.722815,0.72351
2022-01-20 10:00:00+00:00,audusd,0.723545,0.724005,0.723085,0.723095
2022-01-20 11:00:00+00:00,audusd,0.72409,0.724325,0.723445,0.723555
2022-01-20 12:00:00+00:00,audusd,0.723915,0.72428,0.723475,0.724095
2022-01-20 13:00:00+00:00,audusd,0.725815,0.726235,0.723825,0.72392
2022-01-20 14:00:00+00:00,audusd,0.726595,0.726685,0.72521,0.725825
2022-01-20 15:00:00+00:00,audusd,0.727195,0.72767,0.725555,0.726475
2022-01-20 16:00:00+00:00,audusd,0.726455,0.727525,0.726345,0.727305
2022-01-20 17:00:00+00:00,audusd,0.725905,0.72697,0.725875,0.726465
2022-01-20 18:00:00+00:00,audusd,0.725025,0.725955,0.724925,0.72591
2022-01-20 19:00:00+00:00,audusd,0.724205,0.725485,0.723955,0.725035
2022-01-20 20:00:00+00:00,audusd,0.722185,0.724405,0.721835,0.72422
2022-01-20 21:00:00+00:00,audusd,0.722605,0.722905,0.722165,0.72218
2022-01-20 22:00:00+00:00,audusd,0.72245,0.723105,0.722445,0.722565
2022-01-20 23:00:00+00:00,audusd,0.721645,0.722755,0.720485,0.722445
2022-01-21 00:00:00+00:00,audusd,0.719565,0.72187,0.71931,0.72165
2022-01-21 01:00:00+00:00,audusd,0.719965,0.719995,0.718155,0.719575
2022-01-21 02:00:00+00:00,audusd,0.71997,0.720585,0.719245,0.719955
2022-01-21 03:00:00+00:00,audusd,0.71918,0.719995,0.718435,0.719975
2022-01-21 04:00:00+00:00,audusd,0.719055,0.719435,0.71855,0.719175
2022-01-21 05:00:00+00:00,audusd,0.719515,0.719695,0.71854,0.71905
2022-01-21 06:00:00+00:00,audusd,0.719265,0.719865,0.718915,0.71952
2022-01-21 07:00:00+00:00,audusd,0.719775,0.719945,0.718825,0.71926
2022-01-21 08:00:00+00:00,audusd,0.719235,0.719935,0.718445,0.71977
2022-01-21 09:00:00+00:00,audusd,0.71889,0.71924,0.718365,0.71923
2022-01-21 10:00:00+00:00,audusd,0.720535,0.720575,0.71868,0.718885
2022-01-21 11:00:00+00:00,audusd,0.719425,0.72054,0.719225,0.720525
2022-01-21 12:00:00+00:00,audusd,0.719265,0.719525,0.71855,0.719435
2022-01-21 13:00:00+00:00,audusd,0.721165,0.721345,0.719095,0.71926
2022-01-21 14:00:00+00:00,audusd,0.719985,0.721475,0.719285,0.721175
2022-01-21 15:00:00+00:00,audusd,0.719925,0.720325,0.718455,0.719965
2022-01-21 16:00:00+00:00,audusd,0.720015,0.720705,0.719145,0.71993
2022-01-21 17:00:00+00:00,audusd,0.719005,0.72001,0.718795,0.720005
2022-01-21 18:00:00+00:00,audusd,0.718945,0.719445,0.718685,0.71901
2022-01-21 19:00:00+00:00,audusd,0.717645,0.719185,0.71744,0.718955
2022-01-21 20:00:00+00:00,audusd,0.717585,0.71809,0.717175,0.71765
2022-01-21 21:00:00+00:00,audusd,0.71765,0.717835,0.71725,0.71758
2022-01-23 22:00:00+00:00,audusd,0.71759,0.7178,0.71724,0.71732
2022-01-23 23:00:00+00:00,audusd,0.718755,0.718785,0.717415,0.7176
2022-01-24 00:00:00+00:00,audusd,0.718015,0.718745,0.717705,0.718745
2022-01-24 01:00:00+00:00,audusd,0.718245,0.718365,0.71759,0.718005
2022-01-24 02:00:00+00:00,audusd,0.718155,0.718755,0.71772,0.718255
2022-01-24 03:00:00+00:00,audusd,0.718045,0.718455,0.717755,0.718165
2022-01-24 04:00:00+00:00,audusd,0.717855,0.718355,0.717745,0.71804
2022-01-24 05:00:00+00:00,audusd,0.7165,0.718055,0.716095,0.71786
2022-01-24 06:00:00+00:00,audusd,0.716045,0.716545,0.715675,0.716505
2022-01-24 07:00:00+00:00,audusd,0.716245,0.716355,0.715355,0.71604
2022-01-24 08:00:00+00:00,audusd,0.715235,0.717095,0.715235,0.71624
2022-01-24 09:00:00+00:00,audusd,0.715505,0.71618,0.714785,0.71524
2022-01-24 10:00:00+00:00,audusd,0.713585,0.7155,0.712595,0.7155
2022-01-24 11:00:00+00:00,audusd,0.71323,0.71415,0.713075,0.71358
2022-01-24 12:00:00+00:00,audusd,0.71229,0.713595,0.712145,0.713235
2022-01-24 13:00:00+00:00,audusd,0.71086,0.712535,0.71084,0.712295
2022-01-24 14:00:00+00:00,audusd,0.710435,0.711415,0.71006,0.71088
2022-01-24 15:00:00+00:00,audusd,0.71089,0.711885,0.709085,0.71041
2022-01-24 16:00:00+00:00,audusd,0.710215,0.710995,0.709605,0.710885
2022-01-24 17:00:00+00:00,audusd,0.711095,0.71137,0.709525,0.71021
2022-01-24 18:00:00+00:00,audusd,0.712475,0.712775,0.710935,0.71109
2022-01-24 19:00:00+00:00,audusd,0.712835,0.713175,0.711885,0.71248
2022-01-24 20:00:00+00:00,audusd,0.714125,0.714845,0.712775,0.71283
2022-01-24 21:00:00+00:00,audusd,0.71436,0.714775,0.713785,0.714115
2022-01-24 22:00:00+00:00,audusd,0.71438,0.714545,0.71401,0.71401
2022-01-24 23:00:00+00:00,audusd,0.715395,0.715425,0.714345,0.714375
2022-01-25 00:00:00+00:00,audusd,0.71582,0.71771,0.714715,0.715405
2022-01-25 01:00:00+00:00,audusd,0.715285,0.715895,0.714685,0.715825
2022-01-25 02:00:00+00:00,audusd,0.714595,0.71537,0.714225,0.715275
2022-01-25 03:00:00+00:00,audusd,0.714395,0.714595,0.713565,0.71459
2022-01-25 04:00:00+00:00,audusd,0.713225,0.714455,0.712955,0.7144
2022-01-25 05:00:00+00:00,audusd,0.714385,0.714455,0.713095,0.71323
2022-01-25 06:00:00+00:00,audusd,0.714135,0.714705,0.713565,0.71439
2022-01-25 07:00:00+00:00,audusd,0.714235,0.714395,0.713315,0.71414
2022-01-25 08:00:00+00:00,audusd,0.71413,0.715205,0.71362,0.714245
2022-01-25 09:00:00+00:00,audusd,0.715005,0.715465,0.713665,0.714125
2022-01-25 10:00:00+00:00,audusd,0.713635,0.715075,0.713295,0.71501
2022-01-25 11:00:00+00:00,audusd,0.712805,0.714225,0.712365,0.71363
2022-01-25 12:00:00+00:00,audusd,0.712545,0.713015,0.712165,0.71281
2022-01-25 13:00:00+00:00,audusd,0.71315,0.713435,0.712305,0.71255
2022-01-25 14:00:00+00:00,audusd,0.712855,0.714405,0.712585,0.713145
2022-01-25 15:00:00+00:00,audusd,0.714025,0.715525,0.712175,0.712785
2022-01-25 16:00:00+00:00,audusd,0.713815,0.714575,0.71325,0.714015
2022-01-25 17:00:00+00:00,audusd,0.714485,0.714525,0.713515,0.713815
2022-01-25 18:00:00+00:00,audusd,0.716185,0.716215,0.714225,0.714495
2022-01-25 19:00:00+00:00,audusd,0.716935,0.716945,0.715775,0.716195
2022-01-25 20:00:00+00:00,audusd,0.715605,0.716975,0.715445,0.716945
2022-01-25 21:00:00+00:00,audusd,0.71509,0.71586,0.71507,0.7156
2022-01-25 22:00:00+00:00,audusd,0.71513,0.715445,0.7149,0.715095
2022-01-25 23:00:00+00:00,audusd,0.715865,0.716165,0.715045,0.715135
2022-01-26 00:00:00+00:00,audusd,0.715425,0.716015,0.715345,0.715855
2022-01-26 01:00:00+00:00,audusd,0.716035,0.716045,0.715025,0.715435
2022-01-26 02:00:00+00:00,audusd,0.715495,0.716575,0.715435,0.71604
2022-01-26 03:00:00+00:00,audusd,0.715835,0.715995,0.715465,0.7155
2022-01-26 04:00:00+00:00,audusd,0.716065,0.716175,0.715575,0.71583
2022-01-26 05:00:00+00:00,audusd,0.71615,0.71622,0.715465,0.71606
2022-01-26 06:00:00+00:00,audusd,0.715485,0.716325,0.7154,0.716145
2022-01-26 07:00:00+00:00,audusd,0.715415,0.715975,0.715225,0.715495
2022-01-26 08:00:00+00:00,audusd,0.715865,0.716915,0.71533,0.71542
2022-01-26 09:00:00+00:00,audusd,0.716935,0.717065,0.715605,0.71586
2022-01-26 10:00:00+00:00,audusd,0.717565,0.717625,0.716605,0.71694
2022-01-26 11:00:00+00:00,audusd,0.717535,0.717725,0.716835,0.717575
2022-01-26 12:00:00+00:00,audusd,0.717275,0.717625,0.716995,0.71753
2022-01-26 13:00:00+00:00,audusd,0.716925,0.717575,0.716855,0.717285
2022-01-26 14:00:00+00:00,audusd,0.716785,0.717125,0.715835,0.716915
2022-01-26 15:00:00+00:00,audusd,0.716015,0.716875,0.715275,0.716795
2022-01-26 16:00:00+00:00,audusd,0.716685,0.716965,0.715765,0.716005
2022-01-26 17:00:00+00:00,audusd,0.717005,0.71708,0.716425,0.7167
2022-01-26 18:00:00+00:00,audusd,0.71571,0.71704,0.715445,0.717
2022-01-26 19:00:00+00:00,audusd,0.712585,0.718135,0.711495,0.71572
2022-01-26 20:00:00+00:00,audusd,0.711455,0.712515,0.709585,0.71251
2022-01-26 21:00:00+00:00,audusd,0.711575,0.711775,0.710835,0.711265
2022-01-26 22:00:00+00:00,audusd,0.71181,0.712025,0.711555,0.711565
2022-01-26 23:00:00+00:00,audusd,0.712135,0.712155,0.71151,0.711805
2022-01-27 00:00:00+00:00,audusd,0.709815,0.712145,0.70976,0.712145
2022-01-27 01:00:00+00:00,audusd,0.708215,0.709965,0.707805,0.70982
2022-01-27 02:00:00+00:00,audusd,0.70794,0.708735,0.707305,0.70821
2022-01-27 03:00:00+00:00,audusd,0.708075,0.708585,0.707545,0.707945
2022-01-27 04:00:00+00:00,audusd,0.708005,0.708555,0.707715,0.70807
2022-01-27 05:00:00+00:00,audusd,0.707365,0.708235,0.706855,0.70808
2022-01-27 06:00:00+00:00,audusd,0.706775,0.707515,0.706335,0.70736
2022-01-27 07:00:00+00:00,audusd,0.706895,0.707585,0.706545,0.70678
2022-01-27 08:00:00+00:00,audusd,0.708995,0.709245,0.706555,0.70689
2022-01-27 09:00:00+00:00,audusd,0.709235,0.709465,0.708285,0.70899
2022-01-27 10:00:00+00:00,audusd,0.707685,0.709965,0.707675,0.709225
2022-01-27 11:00:00+00:00,audusd,0.707495,0.70812,0.706845,0.70769
2022-01-27 12:00:00+00:00,audusd,0.707525,0.708505,0.707445,0.70755
2022-01-27 13:00:00+00:00,audusd,0.70792,0.708165,0.706135,0.707535
2022-01-27 14:00:00+00:00,audusd,0.70833,0.708905,0.70675,0.707915
2022-01-27 15:00:00+00:00,audusd,0.705055,0.708425,0.704255,0.70832
2022-01-27 16:00:00+00:00,audusd,0.70443,0.706015,0.704145,0.705085
2022-01-27 17:00:00+00:00,audusd,0.703425,0.7046,0.703075,0.704475
2022-01-27 18:00:00+00:00,audusd,0.703415,0.703655,0.702515,0.70338
2022-01-27 19:00:00+00:00,audusd,0.702535,0.704075,0.7024,0.70341
2022-01-27 20:00:00+00:00,audusd,0.702845,0.703485,0.702395,0.70254
2022-01-27 21:00:00+00:00,audusd,0.703385,0.703565,0.702715,0.70285
2022-01-27 22:00:00+00:00,audusd,0.703255,0.70356,0.703,0.703185
2022-01-27 23:00:00+00:00,audusd,0.703495,0.704075,0.70326,0.70326
2022-01-28 00:00:00+00:00,audusd,0.703585,0.703725,0.702815,0.703505
2022-01-28 01:00:00+00:00,audusd,0.704175,0.704205,0.703465,0.703575
2022-01-28 02:00:00+00:00,audusd,0.704475,0.704575,0.703755,0.70418
2022-01-28 03:00:00+00:00,audusd,0.703885,0.704595,0.703605,0.70448
2022-01-28 04:00:00+00:00,audusd,0.702795,0.703975,0.702705,0.70388
2022-01-28 05:00:00+00:00,audusd,0.703785,0.704185,0.702265,0.70279
2022-01-28 06:00:00+00:00,audusd,0.703395,0.704215,0.70319,0.703775
2022-01-28 07:00:00+00:00,audusd,0.701795,0.703415,0.70152,0.70339
2022-01-28 08:00:00+00:00,audusd,0.700625,0.701895,0.700175,0.70179
2022-01-28 09:00:00+00:00,audusd,0.700115,0.700845,0.700075,0.700615
2022-01-28 10:00:00+00:00,audusd,0.698275,0.700205,0.697535,0.70012
2022-01-28 11:00:00+00:00,audusd,0.697985,0.698325,0.69678,0.69827
2022-01-28 12:00:00+00:00,audusd,0.697205,0.698625,0.697045,0.697995
2022-01-28 13:00:00+00:00,audusd,0.700025,0.700525,0.696775,0.697215
2022-01-28 14:00:00+00:00,audusd,0.699375,0.700305,0.698085,0.70002
2022-01-28 15:00:00+00:00,audusd,0.69963,0.700805,0.698245,0.699355
2022-01-28 16:00:00+00:00,audusd,0.6998,0.700755,0.698945,0.699635
2022-01-28 17:00:00+00:00,audusd,0.698755,0.700285,0.698585,0.699795
2022-01-28 18:00:00+00:00,audusd,0.698785,0.699235,0.698335,0.69876
2022-01-28 19:00:00+00:00,audusd,0.698225,0.699025,0.697505,0.698795
2022-01-28 20:00:00+00:00,audusd,0.699725,0.699735,0.698175,0.69822
2022-01-28 21:00:00+00:00,audusd,0.69959,0.699805,0.699095,0.69972
2022-01-30 22:00:00+00:00,audusd,0.699665,0.699775,0.69899,0.699295
2022-01-30 23:00:00+00:00,audusd,0.699645,0.699745,0.69873,0.699665
2022-01-31 00:00:00+00:00,audusd,0.69939,0.70003,0.699215,0.69965
2022-01-31 01:00:00+00:00,audusd,0.700995,0.701215,0.699395,0.699395
2022-01-31 02:00:00+00:00,audusd,0.701555,0.701585,0.70073,0.701005
2022-01-31 03:00:00+00:00,audusd,0.700755,0.701705,0.700635,0.701545
2022-01-31 04:00:00+00:00,audusd,0.701045,0.701055,0.70063,0.70076
2022-01-31 05:00:00+00:00,audusd,0.702115,0.702355,0.700905,0.70105
2022-01-31 06:00:00+00:00,audusd,0.703365,0.703725,0.702005,0.702125
2022-01-31 07:00:00+00:00,audusd,0.704375,0.704405,0.703075,0.70336
2022-01-31 08:00:00+00:00,audusd,0.704915,0.705375,0.70361,0.70438
2022-01-31 09:00:00+00:00,audusd,0.705255,0.70581,0.704785,0.704915
2022-01-31 10:00:00+00:00,audusd,0.705025,0.705375,0.704625,0.705265
2022-01-31 11:00:00+00:00,audusd,0.704765,0.705325,0.704605,0.70503
2022-01-31 12:00:00+00:00,audusd,0.705245,0.70535,0.703775,0.704765
2022-01-31 13:00:00+00:00,audusd,0.706755,0.70698,0.70469,0.70525
2022-01-31 14:00:00+00:00,audusd,0.707585,0.707585,0.706545,0.706745
2022-01-31 15:00:00+00:00,audusd,0.705025,0.70716,0.70423,0.706655
2022-01-31 16:00:00+00:00,audusd,0.706285,0.706295,0.703865,0.705
2022-01-31 17:00:00+00:00,audusd,0.70623,0.707235,0.705705,0.706295
2022-01-31 18:00:00+00:00,audusd,0.706945,0.706945,0.706035,0.706225
2022-01-31 19:00:00+00:00,audusd,0.707395,0.707405,0.706805,0.70695
2022-01-31 20:00:00+00:00,audusd,0.706965,0.70748,0.706495,0.70739
2022-01-31 21:00:00+00:00,audusd,0.7067,0.70703,0.706395,0.706955
2022-01-31 22:00:00+00:00,audusd,0.70659,0.70702,0.706455,0.70666
2022-01-31 23:00:00+00:00,audusd,0.706825,0.707145,0.706505,0.706585
2022-02-01 00:00:00+00:00,audusd,0.706715,0.70688,0.706345,0.706815
2022-02-01 01:00:00+00:00,audusd,0.706315,0.707165,0.706165,0.70672
2022-02-01 02:00:00+00:00,audusd,0.707285,0.707315,0.70618,0.706305
2022-02-01 03:00:00+00:00,audusd,0.703785,0.707355,0.703355,0.707295
2022-02-01 04:00:00+00:00,audusd,0.706595,0.706655,0.703785,0.703795
2022-02-01 05:00:00+00:00,audusd,0.706645,0.70702,0.706185,0.70659
2022-02-01 06:00:00+00:00,audusd,0.70617,0.70689,0.705485,0.70664
2022-02-01 07:00:00+00:00,audusd,0.70832,0.708375,0.706145,0.706175
2022-02-01 08:00:00+00:00,audusd,0.70843,0.709305,0.70782,0.708325
2022-02-01 09:00:00+00:00,audusd,0.70809,0.70935,0.707915,0.708435
2022-02-01 10:00:00+00:00,audusd,0.708675,0.708785,0.707975,0.708095
2022-02-01 11:00:00+00:00,audusd,0.709865,0.710365,0.708655,0.708685
2022-02-01 12:00:00+00:00,audusd,0.709635,0.710885,0.709535,0.709875
2022-02-01 13:00:00+00:00,audusd,0.710315,0.710455,0.70907,0.70964
2022-02-01 14:00:00+00:00,audusd,0.7093,0.710795,0.708835,0.71031
2022-02-01 15:00:00+00:00,audusd,0.71111,0.711365,0.707705,0.709615
2022-02-01 16:00:00+00:00,audusd,0.710985,0.711795,0.710395,0.711085
2022-02-01 17:00:00+00:00,audusd,0.711195,0.711465,0.71049,0.710975
2022-02-01 18:00:00+00:00,audusd,0.711445,0.71165,0.711035,0.7112
2022-02-01 19:00:00+00:00,audusd,0.711615,0.71172,0.711145,0.71145
2022-02-01 20:00:00+00:00,audusd,0.71277,0.712835,0.711515,0.711605
2022-02-01 21:00:00+00:00,audusd,0.712845,0.713075,0.71251,0.712775
2022-02-01 22:00:00+00:00,audusd,0.71291,0.713675,0.712715,0.712735
2022-02-01 23:00:00+00:00,audusd,0.713375,0.713895,0.71281,0.712925
2022-02-02 00:00:00+00:00,audusd,0.713985,0.714305,0.713245,0.713395
2022-02-02 01:00:00+00:00,audusd,0.713465,0.71451,0.7131,0.713975
2022-02-02 02:00:00+00:00,audusd,0.713595,0.714655,0.71315,0.71347
2022-02-02 03:00:00+00:00,audusd,0.712875,0.713855,0.712695,0.713585
2022-02-02 04:00:00+00:00,audusd,0.713335,0.713655,0.712875,0.71288
2022-02-02 05:00:00+00:00,audusd,0.7134,0.713805,0.712995,0.713325
2022-02-02 06:00:00+00:00,audusd,0.713515,0.713805,0.713145,0.713405
2022-02-02 07:00:00+00:00,audusd,0.713785,0.714095,0.713085,0.71352
2022-02-02 08:00:00+00:00,audusd,0.71251,0.71427,0.712285,0.71378
2022-02-02 09:00:00+00:00,audusd,0.714175,0.714245,0.7124,0.712515
2022-02-02 10:00:00+00:00,audusd,0.715185,0.715425,0.71395,0.71418
2022-02-02 11:00:00+00:00,audusd,0.714855,0.715395,0.714635,0.71519
2022-02-02 12:00:00+00:00,audusd,0.715715,0.715735,0.714735,0.714865
2022-02-02 13:00:00+00:00,audusd,0.713575,0.715955,0.713575,0.715705
2022-02-02 14:00:00+00:00,audusd,0.712895,0.71469,0.712585,0.713585
2022-02-02 15:00:00+00:00,audusd,0.712385,0.71327,0.711995,0.71304
2022-02-02 16:00:00+00:00,audusd,0.712555,0.712765,0.711835,0.71238
2022-02-02 17:00:00+00:00,audusd,0.713755,0.713755,0.712385,0.71255
2022-02-02 18:00:00+00:00,audusd,0.713885,0.714055,0.713465,0.713745
2022-02-02 19:00:00+00:00,audusd,0.714515,0.714585,0.713605,0.71388
2022-02-02 20:00:00+00:00,audusd,0.713945,0.71485,0.713895,0.714505
2022-02-02 21:00:00+00:00,audusd,0.7137,0.714005,0.713175,0.713935
2022-02-02 22:00:00+00:00,audusd,0.71339,0.713755,0.713235,0.71371
2022-02-02 23:00:00+00:00,audusd,0.712085,0.71349,0.711955,0.7134
2022-02-03 00:00:00+00:00,audusd,0.711915,0.712385,0.71165,0.712095
2022-02-03 01:00:00+00:00,audusd,0.712265,0.71234,0.711555,0.711925
2022-02-03 02:00:00+00:00,audusd,0.712165,0.712705,0.711855,0.71226
2022-02-03 03:00:00+00:00,audusd,0.71284,0.713025,0.712055,0.71217
2022-02-03 04:00:00+00:00,audusd,0.711875,0.712935,0.711805,0.712835
2022-02-03 05:00:00+00:00,audusd,0.71249,0.712675,0.711805,0.711885
2022-02-03 06:00:00+00:00,audusd,0.711975,0.712575,0.711865,0.712485
2022-02-03 07:00:00+00:00,audusd,0.71303,0.713065,0.711875,0.71197
2022-02-03 08:00:00+00:00,audusd,0.712655,0.713055,0.711855,0.713035
2022-02-03 09:00:00+00:00,audusd,0.711575,0.713115,0.711475,0.712645
2022-02-03 10:00:00+00:00,audusd,0.7114,0.712005,0.7112,0.71158
2022-02-03 11:00:00+00:00,audusd,0.711455,0.711935,0.71098,0.711395
2022-02-03 12:00:00+00:00,audusd,0.712635,0.712765,0.711205,0.71146
2022-02-03 13:00:00+00:00,audusd,0.713235,0.713975,0.711925,0.712615
2022-02-03 14:00:00+00:00,audusd,0.713755,0.716845,0.71318,0.713365
2022-02-03 15:00:00+00:00,audusd,0.714885,0.71534,0.713595,0.713785
2022-02-03 16:00:00+00:00,audusd,0.71415,0.715545,0.714075,0.71489
2022-02-03 17:00:00+00:00,audusd,0.714105,0.714285,0.713385,0.71415
2022-02-03 18:00:00+00:00,audusd,0.714125,0.714235,0.713495,0.714115
2022-02-03 19:00:00+00:00,audusd,0.713305,0.71462,0.712825,0.71412
2022-02-03 20:00:00+00:00,audusd,0.712995,0.713855,0.712535,0.713295
2022-02-03 21:00:00+00:00,audusd,0.71395,0.71415,0.712985,0.71299
2022-02-03 22:00:00+00:00,audusd,0.713965,0.71416,0.71358,0.7139
2022-02-03 23:00:00+00:00,audusd,0.714255,0.714705,0.71394,0.713965
2022-02-04 00:00:00+00:00,audusd,0.714395,0.714825,0.713945,0.71425
2022-02-04 01:00:00+00:00,audusd,0.713465,0.714785,0.713045,0.7144
2022-02-04 02:00:00+00:00,audusd,0.713945,0.714385,0.713235,0.71347
2022-02-04 03:00:00+00:00,audusd,0.714465,0.714525,0.713955,0.713955
2022-02-04 04:00:00+00:00,audusd,0.714895,0.715175,0.71428,0.714475
2022-02-04 05:00:00+00:00,audusd,0.714195,0.715085,0.714125,0.7149
2022-02-04 06:00:00+00:00,audusd,0.71289,0.714215,0.712555,0.714205
2022-02-04 07:00:00+00:00,audusd,0.711535,0.713115,0.71141,0.712895
2022-02-04 08:00:00+00:00,audusd,0.71107,0.71152,0.7105,0.711495
2022-02-04 09:00:00+00:00,audusd,0.71112,0.7114,0.710415,0.711075
2022-02-04 10:00:00+00:00,audusd,0.709565,0.711175,0.709165,0.711115
2022-02-04 11:00:00+00:00,audusd,0.709005,0.709675,0.708425,0.70957
2022-02-04 12:00:00+00:00,audusd,0.709155,0.709645,0.70888,0.709005
2022-02-04 13:00:00+00:00,audusd,0.705545,0.709375,0.705295,0.709165
2022-02-04 14:00:00+00:00,audusd,0.706615,0.707715,0.705185,0.705575
2022-02-04 15:00:00+00:00,audusd,0.70587,0.70742,0.705255,0.70663
2022-02-04 16:00:00+00:00,audusd,0.706635,0.707085,0.705525,0.705865
2022-02-04 17:00:00+00:00,audusd,0.706805,0.70736,0.706475,0.70664
2022-02-04 18:00:00+00:00,audusd,0.707875,0.707875,0.706745,0.706815
2022-02-04 19:00:00+00:00,audusd,0.707535,0.708085,0.707355,0.70788
2022-02-04 20:00:00+00:00,audusd,0.707455,0.708275,0.707415,0.70753
2022-02-04 21:00:00+00:00,audusd,0.70756,0.707815,0.707365,0.70747
2022-02-06 22:00:00+00:00,audusd,0.70835,0.70867,0.70777,0.70805
2022-02-06 23:00:00+00:00,audusd,0.70798,0.708675,0.707735,0.70834
2022-02-07 00:00:00+00:00,audusd,0.707455,0.708025,0.706975,0.707985
2022-02-07 01:00:00+00:00,audusd,0.707835,0.70849,0.70693,0.70746
2022-02-07 02:00:00+00:00,audusd,0.70736,0.70816,0.707155,0.70784
2022-02-07 03:00:00+00:00,audusd,0.707595,0.707845,0.70654,0.707365
2022-02-07 04:00:00+00:00,audusd,0.709025,0.709095,0.707515,0.707575
2022-02-07 05:00:00+00:00,audusd,0.708435,0.709175,0.70823,0.709035
2022-02-07 06:00:00+00:00,audusd,0.708815,0.709105,0.708375,0.708445
2022-02-07 07:00:00+00:00,audusd,0.710415,0.71059,0.708735,0.70881
2022-02-07 08:00:00+00:00,audusd,0.71007,0.7106,0.709185,0.710425
2022-02-07 09:00:00+00:00,audusd,0.709645,0.710135,0.708995,0.71007
2022-02-07 10:00:00+00:00,audusd,0.708975,0.709865,0.708835,0.70965
2022-02-07 11:00:00+00:00,audusd,0.709775,0.709945,0.708845,0.708965
2022-02-07 12:00:00+00:00,audusd,0.710735,0.710975,0.709775,0.70978
2022-02-07 13:00:00+00:00,audusd,0.710985,0.711385,0.710185,0.710725
2022-02-07 14:00:00+00:00,audusd,0.712235,0.712265,0.709875,0.710995
2022-02-07 15:00:00+00:00,audusd,0.711715,0.712255,0.71138,0.71222
2022-02-07 16:00:00+00:00,audusd,0.71115,0.711965,0.710625,0.71171
2022-02-07 17:00:00+00:00,audusd,0.710785,0.711155,0.710565,0.711145
2022-02-07 18:00:00+00:00,audusd,0.711605,0.71164,0.710765,0.71079
2022-02-07 19:00:00+00:00,audusd,0.712875,0.713045,0.71143,0.7116
2022-02-07 20:00:00+00:00,audusd,0.71207,0.713015,0.711975,0.71287
2022-02-07 21:00:00+00:00,audusd,0.712645,0.712645,0.712055,0.71206
2022-02-07 22:00:00+00:00,audusd,0.71228,0.71282,0.71215,0.71267
2022-02-07 23:00:00+00:00,audusd,0.71275,0.71276,0.7121,0.712275
2022-02-08 00:00:00+00:00,audusd,0.713315,0.713335,0.712525,0.712755
2022-02-08 01:00:00+00:00,audusd,0.713705,0.713815,0.71278,0.71332
2022-02-08 02:00:00+00:00,audusd,0.713095,0.713775,0.712585,0.7137
2022-02-08 03:00:00+00:00,audusd,0.713355,0.713835,0.712965,0.71309
2022-02-08 04:00:00+00:00,audusd,0.712065,0.71371,0.711835,0.71336
2022-02-08 05:00:00+00:00,audusd,0.71132,0.712105,0.71067,0.712085
2022-02-08 06:00:00+00:00,audusd,0.712225,0.712425,0.711105,0.711315
2022-02-08 07:00:00+00:00,audusd,0.711685,0.712645,0.710925,0.71222
2022-02-08 08:00:00+00:00,audusd,0.712755,0.713485,0.711645,0.71169
2022-02-08 09:00:00+00:00,audusd,0.713535,0.713795,0.712595,0.712765
2022-02-08 10:00:00+00:00,audusd,0.712495,0.713535,0.712295,0.713525
2022-02-08 11:00:00+00:00,audusd,0.712285,0.71279,0.711615,0.7125
2022-02-08 12:00:00+00:00,audusd,0.711635,0.712275,0.711355,0.712275
2022-02-08 13:00:00+00:00,audusd,0.7125,0.712665,0.711275,0.711625
2022-02-08 14:00:00+00:00,audusd,0.712695,0.713425,0.71247,0.7125
2022-02-08 15:00:00+00:00,audusd,0.71269,0.713735,0.71211,0.71268
2022-02-08 16:00:00+00:00,audusd,0.71322,0.713385,0.712495,0.7127
2022-02-08 17:00:00+00:00,audusd,0.7134,0.713685,0.713085,0.713225
2022-02-08 18:00:00+00:00,audusd,0.71407,0.714105,0.712775,0.713395
2022-02-08 19:00:00+00:00,audusd,0.713535,0.714385,0.713375,0.714075
2022-02-08 20:00:00+00:00,audusd,0.714485,0.714685,0.713435,0.713545
2022-02-08 21:00:00+00:00,audusd,0.714545,0.714715,0.714285,0.714505
2022-02-08 22:00:00+00:00,audusd,0.71447,0.71472,0.71439,0.71439
2022-02-08 23:00:00+00:00,audusd,0.714515,0.71476,0.714365,0.71446
2022-02-09 00:00:00+00:00,audusd,0.714395,0.715175,0.714245,0.714525
2022-02-09 01:00:00+00:00,audusd,0.715645,0.715795,0.714185,0.71439
2022-02-09 02:00:00+00:00,audusd,0.71581,0.715955,0.715295,0.71565
2022-02-09 03:00:00+00:00,audusd,0.716125,0.716515,0.715655,0.715805
2022-02-09 04:00:00+00:00,audusd,0.716715,0.716775,0.716055,0.71612
2022-02-09 05:00:00+00:00,audusd,0.715875,0.716775,0.715845,0.71672
2022-02-09 06:00:00+00:00,audusd,0.715705,0.716195,0.715455,0.71587
2022-02-09 07:00:00+00:00,audusd,0.715475,0.715955,0.714545,0.7157
2022-02-09 08:00:00+00:00,audusd,0.716425,0.716935,0.715205,0.71547
2022-02-09 09:00:00+00:00,audusd,0.716335,0.716735,0.715835,0.71643
2022-02-09 10:00:00+00:00,audusd,0.71761,0.71786,0.716295,0.716345
2022-02-09 11:00:00+00:00,audusd,0.717835,0.717975,0.717445,0.717605
2022-02-09 12:00:00+00:00,audusd,0.717685,0.718485,0.717435,0.71784
2022-02-09 13:00:00+00:00,audusd,0.717925,0.718385,0.717385,0.717685
2022-02-09 14:00:00+00:00,audusd,0.71844,0.71895,0.717735,0.717915
2022-02-09 15:00:00+00:00,audusd,0.718205,0.719465,0.718025,0.71841
2022-02-09 16:00:00+00:00,audusd,0.71816,0.71869,0.71789,0.718205
2022-02-09 17:00:00+00:00,audusd,0.718415,0.718995,0.718065,0.718155
2022-02-09 18:00:00+00:00,audusd,0.718265,0.718575,0.717815,0.71841
2022-02-09 19:00:00+00:00,audusd,0.718555,0.718565,0.718205,0.718275
2022-02-09 20:00:00+00:00,audusd,0.718255,0.718545,0.717755,0.718535
2022-02-09 21:00:00+00:00,audusd,0.718015,0.718435,0.71791,0.71825
2022-02-09 22:00:00+00:00,audusd,0.71786,0.718185,0.71768,0.71808
2022-02-09 23:00:00+00:00,audusd,0.717715,0.718025,0.717665,0.71785
2022-02-10 00:00:00+00:00,audusd,0.717345,0.718065,0.716985,0.71768
2022-02-10 01:00:00+00:00,audusd,0.71674,0.717375,0.716655,0.71734
2022-02-10 02:00:00+00:00,audusd,0.716785,0.716985,0.716085,0.716745
2022-02-10 03:00:00+00:00,audusd,0.716885,0.717035,0.716285,0.71678
2022-02-10 04:00:00+00:00,audusd,0.717425,0.717795,0.716835,0.716875
2022-02-10 05:00:00+00:00,audusd,0.717265,0.71759,0.717085,0.71743
2022-02-10 06:00:00+00:00,audusd,0.7173,0.717445,0.716875,0.71727
2022-02-10 07:00:00+00:00,audusd,0.718645,0.718645,0.71715,0.717295
2022-02-10 08:00:00+00:00,audusd,0.718485,0.719455,0.718425,0.71865
2022-02-10 09:00:00+00:00,audusd,0.718835,0.71921,0.718285,0.718475
2022-02-10 10:00:00+00:00,audusd,0.719615,0.71974,0.718735,0.718825
2022-02-10 11:00:00+00:00,audusd,0.719795,0.720195,0.719555,0.71962
2022-02-10 12:00:00+00:00,audusd,0.719745,0.720375,0.71965,0.71979
2022-02-10 13:00:00+00:00,audusd,0.71643,0.719955,0.714745,0.71975
2022-02-10 14:00:00+00:00,audusd,0.718925,0.719365,0.715145,0.716425
2022-02-10 15:00:00+00:00,audusd,0.723705,0.724265,0.718895,0.71893
2022-02-10 16:00:00+00:00,audusd,0.724675,0.724885,0.723265,0.723695
2022-02-10 17:00:00+00:00,audusd,0.721575,0.724685,0.720105,0.72468
2022-02-10 18:00:00+00:00,audusd,0.719825,0.722305,0.718945,0.72157
2022-02-10 19:00:00+00:00,audusd,0.716955,0.719865,0.716855,0.719815
2022-02-10 20:00:00+00:00,audusd,0.71638,0.718325,0.715565,0.716945
2022-02-10 21:00:00+00:00,audusd,0.71666,0.716845,0.71532,0.716385
2022-02-10 22:00:00+00:00,audusd,0.716415,0.717085,0.71624,0.716505
2022-02-10 23:00:00+00:00,audusd,0.716155,0.716765,0.715615,0.716435
2022-02-11 00:00:00+00:00,audusd,0.714235,0.716165,0.713315,0.71616
2022-02-11 01:00:00+00:00,audusd,0.71502,0.715235,0.713385,0.71423
2022-02-11 02:00:00+00:00,audusd,0.71489,0.715065,0.714195,0.715015
2022-02-11 03:00:00+00:00,audusd,0.714015,0.71491,0.713825,0.714885
2022-02-11 04:00:00+00:00,audusd,0.71186,0.714075,0.711205,0.71401
2022-02-11 05:00:00+00:00,audusd,0.711875,0.712485,0.711525,0.711865
2022-02-11 06:00:00+00:00,audusd,0.711715,0.71216,0.710885,0.71187
2022-02-11 07:00:00+00:00,audusd,0.712415,0.713055,0.711325,0.711705
2022-02-11 08:00:00+00:00,audusd,0.713175,0.713905,0.71206,0.71241
2022-02-11 09:00:00+00:00,audusd,0.712535,0.713575,0.712535,0.713185
2022-02-11 10:00:00+00:00,audusd,0.713645,0.713655,0.711855,0.71254
2022-02-11 11:00:00+00:00,audusd,0.71377,0.713945,0.71293,0.71365
2022-02-11 12:00:00+00:00,audusd,0.71541,0.716085,0.713645,0.713775
2022-02-11 13:00:00+00:00,audusd,0.715945,0.717125,0.715285,0.715415
2022-02-11 14:00:00+00:00,audusd,0.716925,0.718405,0.715765,0.71595
2022-02-11 15:00:00+00:00,audusd,0.717665,0.718535,0.716865,0.71692
2022-02-11 16:00:00+00:00,audusd,0.717845,0.71807,0.716465,0.717685
2022-02-11 17:00:00+00:00,audusd,0.71799,0.718185,0.717305,0.717835
2022-02-11 18:00:00+00:00,audusd,0.714655,0.718255,0.713345,0.717985
2022-02-11 19:00:00+00:00,audusd,0.712505,0.715655,0.712185,0.71466
2022-02-11 20:00:00+00:00,audusd,0.713195,0.714265,0.712485,0.712515
2022-02-11 21:00:00+00:00,audusd,0.713575,0.71387,0.713095,0.713175
2022-02-13 22:00:00+00:00,audusd,0.71306,0.71339,0.712865,0.71301
2022-02-13 23:00:00+00:00,audusd,0.714445,0.715055,0.713015,0.71307
2022-02-14 00:00:00+00:00,audusd,0.713635,0.714595,0.71327,0.714425
2022-02-14 01:00:00+00:00,audusd,0.712625,0.713985,0.712495,0.71364
2022-02-14 02:00:00+00:00,audusd,0.712055,0.712685,0.71195,0.712635
2022-02-14 03:00:00+00:00,audusd,0.711785,0.712385,0.711685,0.71205
2022-02-14 04:00:00+00:00,audusd,0.711775,0.7121,0.71156,0.71178
2022-02-14 05:00:00+00:00,audusd,0.712395,0.712545,0.711635,0.71177
2022-02-14 06:00:00+00:00,audusd,0.712525,0.712565,0.711795,0.7124
2022-02-14 07:00:00+00:00,audusd,0.712255,0.713235,0.711105,0.712515
2022-02-14 08:00:00+00:00,audusd,0.709025,0.7123,0.70865,0.71225
2022-02-14 09:00:00+00:00,audusd,0.709635,0.71047,0.708635,0.70903
2022-02-14 10:00:00+00:00,audusd,0.710025,0.710515,0.709285,0.70964
2022-02-14 11:00:00+00:00,audusd,0.709715,0.710125,0.709165,0.71003
2022-02-14 12:00:00+00:00,audusd,0.712395,0.71344,0.709255,0.70972
2022-02-14 13:00:00+00:00,audusd,0.711405,0.713005,0.711135,0.71239
2022-02-14 14:00:00+00:00,audusd,0.712775,0.712915,0.711085,0.711415
2022-02-14 15:00:00+00:00,audusd,0.711915,0.71303,0.711385,0.71277
2022-02-14 16:00:00+00:00,audusd,0.712775,0.712905,0.71125,0.711925
2022-02-14 17:00:00+00:00,audusd,0.713875,0.713965,0.712215,0.71278
2022-02-14 18:00:00+00:00,audusd,0.711845,0.714255,0.711735,0.713865
2022-02-14 19:00:00+00:00,audusd,0.71209,0.71306,0.710935,0.71184
2022-02-14 20:00:00+00:00,audusd,0.71222,0.713045,0.71176,0.712085
2022-02-14 21:00:00+00:00,audusd,0.71271,0.712865,0.71211,0.712215
2022-02-14 22:00:00+00:00,audusd,0.71256,0.71287,0.712465,0.712715
2022-02-14 23:00:00+00:00,audusd,0.713205,0.713275,0.712405,0.71256
2022-02-15 00:00:00+00:00,audusd,0.713195,0.713745,0.712795,0.7132
2022-02-15 01:00:00+00:00,audusd,0.712905,0.713465,0.712215,0.713205
2022-02-15 02:00:00+00:00,audusd,0.714025,0.714025,0.712815,0.712915
2022-02-15 03:00:00+00:00,audusd,0.712635,0.714065,0.712585,0.71403
2022-02-15 04:00:00+00:00,audusd,0.712655,0.713265,0.712445,0.71264
2022-02-15 05:00:00+00:00,audusd,0.710445,0.71266,0.710395,0.71265
2022-02-15 06:00:00+00:00,audusd,0.711325,0.711495,0.710175,0.71044
2022-02-15 07:00:00+00:00,audusd,0.711325,0.712275,0.711125,0.711335
2022-02-15 08:00:00+00:00,audusd,0.715565,0.715655,0.711215,0.71132
2022-02-15 09:00:00+00:00,audusd,0.714375,0.715675,0.713635,0.71557
2022-02-15 10:00:00+00:00,audusd,0.713775,0.714745,0.713085,0.714385
2022-02-15 11:00:00+00:00,audusd,0.71375,0.714215,0.71337,0.71377
2022-02-15 12:00:00+00:00,audusd,0.713735,0.714015,0.713075,0.713755
2022-02-15 13:00:00+00:00,audusd,0.714495,0.714715,0.713125,0.713745
2022-02-15 14:00:00+00:00,audusd,0.711525,0.715135,0.71145,0.7145
2022-02-15 15:00:00+00:00,audusd,0.714025,0.714625,0.711495,0.71153
2022-02-15 16:00:00+00:00,audusd,0.71505,0.715135,0.713665,0.71403
2022-02-15 17:00:00+00:00,audusd,0.714545,0.71518,0.713685,0.715055
2022-02-15 18:00:00+00:00,audusd,0.714995,0.715225,0.714415,0.71455
2022-02-15 19:00:00+00:00,audusd,0.715225,0.715295,0.71461,0.715
2022-02-15 20:00:00+00:00,audusd,0.715165,0.715495,0.71419,0.715215
2022-02-15 21:00:00+00:00,audusd,0.7152,0.715305,0.71473,0.715155
2022-02-15 22:00:00+00:00,audusd,0.715225,0.71542,0.714955,0.71498
2022-02-15 23:00:00+00:00,audusd,0.714835,0.715565,0.714735,0.715205
2022-02-16 00:00:00+00:00,audusd,0.71487,0.71548,0.714815,0.714815
2022-02-16 01:00:00+00:00,audusd,0.715045,0.715295,0.71437,0.714865
2022-02-16 02:00:00+00:00,audusd,0.71529,0.716205,0.715025,0.715035
2022-02-16 03:00:00+00:00,audusd,0.715225,0.71549,0.714935,0.715285
2022-02-16 04:00:00+00:00,audusd,0.71543,0.715565,0.714855,0.715235
2022-02-16 05:00:00+00:00,audusd,0.715805,0.716075,0.715425,0.715425
2022-02-16 06:00:00+00:00,audusd,0.717015,0.71707,0.715765,0.715795
2022-02-16 07:00:00+00:00,audusd,0.717435,0.717555,0.716675,0.71702
2022-02-16 08:00:00+00:00,audusd,0.718105,0.718205,0.717055,0.71744
2022-02-16 09:00:00+00:00,audusd,0.717345,0.718435,0.71713,0.71811
2022-02-16 10:00:00+00:00,audusd,0.717155,0.717625,0.716565,0.717355
2022-02-16 11:00:00+00:00,audusd,0.717765,0.717795,0.716865,0.71715
2022-02-16 12:00:00+00:00,audusd,0.71717,0.718085,0.716495,0.71776
2022-02-16 13:00:00+00:00,audusd,0.716325,0.717475,0.716015,0.717165
2022-02-16 14:00:00+00:00,audusd,0.716875,0.717645,0.715725,0.716335
2022-02-16 15:00:00+00:00,audusd,0.717025,0.71735,0.716175,0.71687
2022-02-16 16:00:00+00:00,audusd,0.718205,0.718285,0.71657,0.717035
2022-02-16 17:00:00+00:00,audusd,0.718195,0.718675,0.717545,0.718215
2022-02-16 18:00:00+00:00,audusd,0.718145,0.719055,0.717945,0.71819
2022-02-16 19:00:00+00:00,audusd,0.720295,0.720425,0.717175,0.718145
2022-02-16 20:00:00+00:00,audusd,0.72006,0.72052,0.719885,0.720285
2022-02-16 21:00:00+00:00,audusd,0.71958,0.72007,0.71938,0.720065
2022-02-16 22:00:00+00:00,audusd,0.71956,0.71969,0.71875,0.719575
2022-02-16 23:00:00+00:00,audusd,0.719265,0.720825,0.719265,0.719555
2022-02-17 00:00:00+00:00,audusd,0.719505,0.721115,0.71921,0.719255
2022-02-17 01:00:00+00:00,audusd,0.720655,0.720695,0.719385,0.7195
2022-02-17 02:00:00+00:00,audusd,0.720865,0.721525,0.720515,0.72065
2022-02-17 03:00:00+00:00,audusd,0.715765,0.721565,0.71568,0.72086
2022-02-17 04:00:00+00:00,audusd,0.717125,0.719645,0.715,0.71577
2022-02-17 05:00:00+00:00,audusd,0.71868,0.718785,0.717045,0.717045
2022-02-17 06:00:00+00:00,audusd,0.71874,0.720215,0.718055,0.718675
2022-02-17 07:00:00+00:00,audusd,0.720585,0.720585,0.718625,0.718745
2022-02-17 08:00:00+00:00,audusd,0.719365,0.721435,0.718165,0.720575
2022-02-17 09:00:00+00:00,audusd,0.71953,0.719935,0.718625,0.71937
2022-02-17 10:00:00+00:00,audusd,0.720895,0.721005,0.719275,0.719525
2022-02-17 11:00:00+00:00,audusd,0.72045,0.721345,0.719895,0.72089
2022-02-17 12:00:00+00:00,audusd,0.72139,0.721595,0.720425,0.720445
2022-02-17 13:00:00+00:00,audusd,0.72022,0.721755,0.71927,0.721395
2022-02-17 14:00:00+00:00,audusd,0.719655,0.721685,0.719285,0.720225
2022-02-17 15:00:00+00:00,audusd,0.719905,0.721385,0.718785,0.719665
2022-02-17 16:00:00+00:00,audusd,0.719435,0.720445,0.719325,0.7199
2022-02-17 17:00:00+00:00,audusd,0.71971,0.720415,0.719215,0.71944
2022-02-17 18:00:00+00:00,audusd,0.720225,0.720305,0.719515,0.719715
2022-02-17 19:00:00+00:00,audusd,0.71931,0.720285,0.719215,0.720215
2022-02-17 20:00:00+00:00,audusd,0.71907,0.719385,0.718275,0.719325
2022-02-17 21:00:00+00:00,audusd,0.71882,0.719125,0.718665,0.71907
2022-02-17 22:00:00+00:00,audusd,0.71846,0.719095,0.718405,0.71867
2022-02-17 23:00:00+00:00,audusd,0.718735,0.719085,0.7184,0.718465
2022-02-18 00:00:00+00:00,audusd,0.717775,0.718915,0.717695,0.71867
2022-02-18 01:00:00+00:00,audusd,0.71943,0.72011,0.717775,0.71778
2022-02-18 02:00:00+00:00,audusd,0.719645,0.719975,0.719185,0.719435
2022-02-18 03:00:00+00:00,audusd,0.72036,0.720485,0.719425,0.71964
2022-02-18 04:00:00+00:00,audusd,0.720545,0.72092,0.720115,0.720355
2022-02-18 05:00:00+00:00,audusd,0.720245,0.720675,0.719785,0.720535
2022-02-18 06:00:00+00:00,audusd,0.721085,0.721245,0.71979,0.72024
2022-02-18 07:00:00+00:00,audusd,0.721535,0.721685,0.720965,0.72108
2022-02-18 08:00:00+00:00,audusd,0.721935,0.722795,0.721415,0.72153
2022-02-18 09:00:00+00:00,audusd,0.72151,0.722095,0.720855,0.72193
2022-02-18 10:00:00+00:00,audusd,0.720375,0.72165,0.720315,0.721515
2022-02-18 11:00:00+00:00,audusd,0.720545,0.720665,0.719865,0.72038
2022-02-18 12:00:00+00:00,audusd,0.721435,0.721865,0.720355,0.720535
2022-02-18 13:00:00+00:00,audusd,0.720685,0.721585,0.720175,0.721445
2022-02-18 14:00:00+00:00,audusd,0.72046,0.720965,0.719265,0.720675
2022-02-18 15:00:00+00:00,audusd,0.717715,0.720525,0.717625,0.720455
2022-02-18 16:00:00+00:00,audusd,0.717345,0.718065,0.716635,0.717715
2022-02-18 17:00:00+00:00,audusd,0.716855,0.717935,0.716505,0.71734
2022-02-18 18:00:00+00:00,audusd,0.718025,0.71821,0.716815,0.716865
2022-02-18 19:00:00+00:00,audusd,0.718505,0.71913,0.717825,0.71803
2022-02-18 20:00:00+00:00,audusd,0.717925,0.71877,0.717645,0.718505
2022-02-18 21:00:00+00:00,audusd,0.717515,0.718395,0.717515,0.71793
2022-02-20 22:00:00+00:00,audusd,0.717345,0.718155,0.717215,0.71751
2022-02-20 23:00:00+00:00,audusd,0.717195,0.717585,0.716735,0.717355
2022-02-21 00:00:00+00:00,audusd,0.718785,0.719265,0.716905,0.717205
2022-02-21 01:00:00+00:00,audusd,0.719755,0.72028,0.718535,0.718775
2022-02-21 02:00:00+00:00,audusd,0.72054,0.720555,0.71944,0.71976
2022-02-21 03:00:00+00:00,audusd,0.720695,0.721045,0.720275,0.720545
2022-02-21 04:00:00+00:00,audusd,0.72137,0.721465,0.720375,0.720685
2022-02-21 05:00:00+00:00,audusd,0.721285,0.722165,0.72099,0.721365
2022-02-21 06:00:00+00:00,audusd,0.721845,0.722175,0.721195,0.721295
2022-02-21 07:00:00+00:00,audusd,0.72158,0.722275,0.721465,0.72185
2022-02-21 08:00:00+00:00,audusd,0.721475,0.722155,0.7206,0.721575
2022-02-21 09:00:00+00:00,audusd,0.721555,0.721885,0.720825,0.72147
2022-02-21 10:00:00+00:00,audusd,0.720555,0.721695,0.720315,0.72155
2022-02-21 11:00:00+00:00,audusd,0.719815,0.72086,0.71926,0.72056
2022-02-21 12:00:00+00:00,audusd,0.720105,0.720315,0.719225,0.71981
2022-02-21 13:00:00+00:00,audusd,0.720545,0.721355,0.719335,0.7201
2022-02-21 14:00:00+00:00,audusd,0.720725,0.722015,0.719925,0.720535
2022-02-21 15:00:00+00:00,audusd,0.721465,0.721745,0.720405,0.72072
2022-02-21 16:00:00+00:00,audusd,0.721185,0.721615,0.72089,0.72146
2022-02-21 17:00:00+00:00,audusd,0.720675,0.7217,0.720675,0.72118
2022-02-21 18:00:00+00:00,audusd,0.719745,0.720995,0.7193,0.720685
2022-02-21 19:00:00+00:00,audusd,0.719485,0.719825,0.71864,0.71975
2022-02-21 20:00:00+00:00,audusd,0.719325,0.71948,0.718695,0.71948
2022-02-21 21:00:00+00:00,audusd,0.718985,0.719695,0.718865,0.719325
2022-02-21 22:00:00+00:00,audusd,0.71854,0.7192,0.71837,0.71896
2022-02-21 23:00:00+00:00,audusd,0.718425,0.718745,0.7172,0.71853
2022-02-22 00:00:00+00:00,audusd,0.719755,0.720155,0.718095,0.718435
2022-02-22 01:00:00+00:00,audusd,0.719165,0.720085,0.718385,0.719745
2022-02-22 02:00:00+00:00,audusd,0.719775,0.720135,0.718765,0.719155
2022-02-22 03:00:00+00:00,audusd,0.71887,0.719815,0.718355,0.71977
2022-02-22 04:00:00+00:00,audusd,0.720075,0.720215,0.718875,0.718875
2022-02-22 05:00:00+00:00,audusd,0.720585,0.721215,0.719945,0.720085
2022-02-22 06:00:00+00:00,audusd,0.720025,0.720775,0.719775,0.720565
2022-02-22 07:00:00+00:00,audusd,0.719485,0.720465,0.719205,0.72003
2022-02-22 08:00:00+00:00,audusd,0.720495,0.721065,0.719215,0.719485
2022-02-22 09:00:00+00:00,audusd,0.720795,0.721895,0.720415,0.72049
2022-02-22 10:00:00+00:00,audusd,0.722505,0.723345,0.72078,0.720805
2022-02-22 11:00:00+00:00,audusd,0.722255,0.723215,0.72212,0.72251
2022-02-22 12:00:00+00:00,audusd,0.72123,0.722765,0.721115,0.72226
2022-02-22 13:00:00+00:00,audusd,0.721575,0.72182,0.720575,0.721225
2022-02-22 14:00:00+00:00,audusd,0.721015,0.722025,0.720935,0.721555
2022-02-22 15:00:00+00:00,audusd,0.72241,0.722885,0.720695,0.72101
2022-02-22 16:00:00+00:00,audusd,0.722625,0.72337,0.722075,0.722415
2022-02-22 17:00:00+00:00,audusd,0.72184,0.722685,0.721765,0.722615
2022-02-22 18:00:00+00:00,audusd,0.720805,0.721975,0.720355,0.721845
2022-02-22 19:00:00+00:00,audusd,0.72206,0.722415,0.720325,0.7208
2022-02-22 20:00:00+00:00,audusd,0.721735,0.722725,0.721345,0.722065
2022-02-22 21:00:00+00:00,audusd,0.722,0.72216,0.721735,0.72174
2022-02-22 22:00:00+00:00,audusd,0.72191,0.722255,0.72181,0.722035
2022-02-22 23:00:00+00:00,audusd,0.722675,0.722895,0.721905,0.721905
2022-02-23 00:00:00+00:00,audusd,0.722785,0.723365,0.72189,0.72267
2022-02-23 01:00:00+00:00,audusd,0.72344,0.723655,0.722215,0.722785
2022-02-23 02:00:00+00:00,audusd,0.722615,0.72411,0.722115,0.723435
2022-02-23 03:00:00+00:00,audusd,0.722705,0.722725,0.722105,0.72262
2022-02-23 04:00:00+00:00,audusd,0.723355,0.72343,0.722255,0.722715
2022-02-23 05:00:00+00:00,audusd,0.723165,0.723695,0.72253,0.723335
2022-02-23 06:00:00+00:00,audusd,0.723405,0.723795,0.722935,0.72316
2022-02-23 07:00:00+00:00,audusd,0.724415,0.724435,0.723055,0.7234
2022-02-23 08:00:00+00:00,audusd,0.725565,0.725715,0.724205,0.724405
2022-02-23 09:00:00+00:00,audusd,0.726505,0.726765,0.725495,0.72557
2022-02-23 10:00:00+00:00,audusd,0.726395,0.726735,0.725985,0.7265
2022-02-23 11:00:00+00:00,audusd,0.725785,0.726625,0.725555,0.726385
2022-02-23 12:00:00+00:00,audusd,0.726795,0.726945,0.725745,0.725795
2022-02-23 13:00:00+00:00,audusd,0.728315,0.728405,0.726755,0.726805
2022-02-23 14:00:00+00:00,audusd,0.72646,0.728385,0.72643,0.72832
2022-02-23 15:00:00+00:00,audusd,0.724365,0.726655,0.72411,0.726465
2022-02-23 16:00:00+00:00,audusd,0.724385,0.724705,0.723285,0.724355
2022-02-23 17:00:00+00:00,audusd,0.724425,0.725395,0.72434,0.72438
2022-02-23 18:00:00+00:00,audusd,0.723995,0.724445,0.723575,0.72442
2022-02-23 19:00:00+00:00,audusd,0.723545,0.724235,0.722885,0.723985
2022-02-23 20:00:00+00:00,audusd,0.722895,0.723755,0.722745,0.723535
2022-02-23 21:00:00+00:00,audusd,0.72328,0.723415,0.722885,0.722905
2022-02-23 22:00:00+00:00,audusd,0.722815,0.72328,0.722805,0.723195
2022-02-23 23:00:00+00:00,audusd,0.722775,0.723285,0.722165,0.722815
2022-02-24 00:00:00+00:00,audusd,0.720335,0.722945,0.72029,0.722795
2022-02-24 01:00:00+00:00,audusd,0.721465,0.721685,0.72023,0.720345
2022-02-24 02:00:00+00:00,audusd,0.719715,0.721655,0.718665,0.72147
2022-02-24 03:00:00+00:00,audusd,0.718535,0.72021,0.717635,0.71971
2022-02-24 04:00:00+00:00,audusd,0.719615,0.72058,0.716855,0.71853
2022-02-24 05:00:00+00:00,audusd,0.719405,0.720375,0.718485,0.71962
2022-02-24 06:00:00+00:00,audusd,0.71873,0.72012,0.718395,0.7194
2022-02-24 07:00:00+00:00,audusd,0.717785,0.719025,0.717235,0.718735
2022-02-24 08:00:00+00:00,audusd,0.71868,0.719155,0.717185,0.717795
2022-02-24 09:00:00+00:00,audusd,0.717425,0.719045,0.717415,0.718675
2022-02-24 10:00:00+00:00,audusd,0.717495,0.718555,0.717135,0.71743
2022-02-24 11:00:00+00:00,audusd,0.717275,0.717665,0.716115,0.7175
2022-02-24 12:00:00+00:00,audusd,0.716425,0.717675,0.716295,0.717285
2022-02-24 13:00:00+00:00,audusd,0.715205,0.716835,0.715135,0.71643
2022-02-24 14:00:00+00:00,audusd,0.71427,0.715915,0.714115,0.7152
2022-02-24 15:00:00+00:00,audusd,0.709555,0.7145,0.709475,0.714275
2022-02-24 16:00:00+00:00,audusd,0.713165,0.713605,0.709525,0.709545
2022-02-24 17:00:00+00:00,audusd,0.713995,0.714585,0.712485,0.71316
2022-02-24 18:00:00+00:00,audusd,0.715295,0.716025,0.713555,0.71399
2022-02-24 19:00:00+00:00,audusd,0.715765,0.717165,0.714615,0.7153
2022-02-24 20:00:00+00:00,audusd,0.717415,0.71783,0.715715,0.715775
2022-02-24 21:00:00+00:00,audusd,0.71631,0.71753,0.716175,0.71742
2022-02-24 22:00:00+00:00,audusd,0.716235,0.71729,0.716235,0.7165
2022-02-24 23:00:00+00:00,audusd,0.716025,0.717035,0.71598,0.71624
2022-02-25 00:00:00+00:00,audusd,0.715615,0.717935,0.714005,0.71603
2022-02-25 01:00:00+00:00,audusd,0.71728,0.717315,0.715325,0.715625
2022-02-25 02:00:00+00:00,audusd,0.717455,0.717665,0.71665,0.717275
2022-02-25 03:00:00+00:00,audusd,0.718525,0.718525,0.717075,0.71745
2022-02-25 04:00:00+00:00,audusd,0.719885,0.719925,0.718275,0.71852
2022-02-25 05:00:00+00:00,audusd,0.71987,0.720415,0.719335,0.71988
2022-02-25 06:00:00+00:00,audusd,0.719955,0.72033,0.719245,0.719865
2022-02-25 07:00:00+00:00,audusd,0.720715,0.721155,0.719545,0.71995
2022-02-25 08:00:00+00:00,audusd,0.719015,0.72084,0.718635,0.72072
2022-02-25 09:00:00+00:00,audusd,0.719955,0.72025,0.718425,0.719025
2022-02-25 10:00:00+00:00,audusd,0.720095,0.720315,0.719275,0.71996
2022-02-25 11:00:00+00:00,audusd,0.720115,0.720175,0.718745,0.7201
2022-02-25 12:00:00+00:00,audusd,0.721465,0.72215,0.719825,0.72012
2022-02-25 13:00:00+00:00,audusd,0.722985,0.723285,0.721185,0.72146
2022-02-25 14:00:00+00:00,audusd,0.721285,0.723785,0.721225,0.722975
2022-02-25 15:00:00+00:00,audusd,0.72246,0.723315,0.72103,0.721285
2022-02-25 16:00:00+00:00,audusd,0.721665,0.72352,0.721345,0.722455
2022-02-25 17:00:00+00:00,audusd,0.721015,0.721925,0.720695,0.72169
2022-02-25 18:00:00+00:00,audusd,0.721725,0.722275,0.721015,0.721085
2022-02-25 19:00:00+00:00,audusd,0.723265,0.723275,0.721475,0.72173
2022-02-25 20:00:00+00:00,audusd,0.723145,0.723475,0.722815,0.72326
2022-02-25 21:00:00+00:00,audusd,0.723375,0.723625,0.72293,0.723135
2022-02-27 22:00:00+00:00,audusd,0.717985,0.719175,0.71739,0.71861
2022-02-27 23:00:00+00:00,audusd,0.71858,0.718815,0.71708,0.717975
2022-02-28 00:00:00+00:00,audusd,0.7183,0.719065,0.71777,0.71858
2022-02-28 01:00:00+00:00,audusd,0.718155,0.719425,0.717675,0.718295
2022-02-28 02:00:00+00:00,audusd,0.717345,0.71852,0.716805,0.71816
2022-02-28 03:00:00+00:00,audusd,0.717545,0.718015,0.71689,0.71734
2022-02-28 04:00:00+00:00,audusd,0.718055,0.718365,0.717515,0.71754
2022-02-28 05:00:00+00:00,audusd,0.71827,0.718555,0.717595,0.71806
2022-02-28 06:00:00+00:00,audusd,0.718675,0.719425,0.718225,0.718275
2022-02-28 07:00:00+00:00,audusd,0.720325,0.720605,0.718605,0.718685
2022-02-28 08:00:00+00:00,audusd,0.719735,0.720575,0.718875,0.72033
2022-02-28 09:00:00+00:00,audusd,0.720035,0.720525,0.719335,0.71973
2022-02-28 10:00:00+00:00,audusd,0.722045,0.722115,0.719975,0.72003
2022-02-28 11:00:00+00:00,audusd,0.721525,0.722195,0.72101,0.722055
2022-02-28 12:00:00+00:00,audusd,0.72218,0.722685,0.72139,0.72152
2022-02-28 13:00:00+00:00,audusd,0.72318,0.72318,0.721635,0.722175
2022-02-28 14:00:00+00:00,audusd,0.723875,0.724545,0.722935,0.723185
2022-02-28 15:00:00+00:00,audusd,0.725675,0.72575,0.723565,0.723885
2022-02-28 16:00:00+00:00,audusd,0.726075,0.726405,0.724445,0.725685
2022-02-28 17:00:00+00:00,audusd,0.725195,0.726445,0.724785,0.72607
2022-02-28 18:00:00+00:00,audusd,0.725725,0.725745,0.724985,0.725185
2022-02-28 19:00:00+00:00,audusd,0.726355,0.726485,0.724415,0.72572
2022-02-28 20:00:00+00:00,audusd,0.72612,0.726485,0.725575,0.72635
2022-02-28 21:00:00+00:00,audusd,0.726245,0.72657,0.725995,0.726125
2022-02-28 22:00:00+00:00,audusd,0.72604,0.72635,0.726005,0.726215
2022-02-28 23:00:00+00:00,audusd,0.725885,0.726785,0.72583,0.726035
2022-03-01 00:00:00+00:00,audusd,0.725385,0.72614,0.72532,0.72592
2022-03-01 01:00:00+00:00,audusd,0.726025,0.726645,0.72528,0.72538
2022-03-01 02:00:00+00:00,audusd,0.726415,0.726785,0.72578,0.726035
2022-03-01 03:00:00+00:00,audusd,0.725205,0.726425,0.724695,0.72641
2022-03-01 04:00:00+00:00,audusd,0.725995,0.726125,0.72512,0.72521
2022-03-01 05:00:00+00:00,audusd,0.726425,0.72664,0.725765,0.72599
2022-03-01 06:00:00+00:00,audusd,0.727775,0.72778,0.726305,0.726415
2022-03-01 07:00:00+00:00,audusd,0.728435,0.728995,0.727665,0.72778
2022-03-01 08:00:00+00:00,audusd,0.728475,0.728645,0.727585,0.72844
2022-03-01 09:00:00+00:00,audusd,0.727385,0.728655,0.726935,0.72848
2022-03-01 10:00:00+00:00,audusd,0.727305,0.727505,0.726215,0.72738
2022-03-01 11:00:00+00:00,audusd,0.727335,0.727945,0.726915,0.727295
2022-03-01 12:00:00+00:00,audusd,0.726525,0.727995,0.726195,0.72734
2022-03-01 13:00:00+00:00,audusd,0.727295,0.7275,0.726085,0.72653
2022-03-01 14:00:00+00:00,audusd,0.72713,0.727785,0.726745,0.72729
2022-03-01 15:00:00+00:00,audusd,0.72605,0.727335,0.725495,0.727135
2022-03-01 16:00:00+00:00,audusd,0.72464,0.726255,0.724465,0.726055
2022-03-01 17:00:00+00:00,audusd,0.725285,0.726065,0.72422,0.724635
2022-03-01 18:00:00+00:00,audusd,0.725335,0.725405,0.72443,0.72528
2022-03-01 19:00:00+00:00,audusd,0.7247,0.725915,0.72383,0.725325
2022-03-01 20:00:00+00:00,audusd,0.725265,0.725735,0.7242,0.724695
2022-03-01 21:00:00+00:00,audusd,0.725325,0.726335,0.725185,0.725275
2022-03-01 22:00:00+00:00,audusd,0.72511,0.725655,0.72492,0.7252
2022-03-01 23:00:00+00:00,audusd,0.726115,0.726225,0.725035,0.725105
2022-03-02 00:00:00+00:00,audusd,0.726405,0.726715,0.725745,0.726105
2022-03-02 01:00:00+00:00,audusd,0.727435,0.727675,0.726235,0.7264
2022-03-02 02:00:00+00:00,audusd,0.727755,0.72806,0.72644,0.72743
2022-03-02 03:00:00+00:00,audusd,0.7271,0.728285,0.726845,0.727765
2022-03-02 04:00:00+00:00,audusd,0.72683,0.72749,0.726815,0.727105
2022-03-02 05:00:00+00:00,audusd,0.726895,0.727145,0.7264,0.726825
2022-03-02 06:00:00+00:00,audusd,0.725375,0.727175,0.725285,0.72689
2022-03-02 07:00:00+00:00,audusd,0.725305,0.72593,0.724435,0.72537
2022-03-02 08:00:00+00:00,audusd,0.724875,0.726125,0.72447,0.72531
2022-03-02 09:00:00+00:00,audusd,0.72581,0.726465,0.724365,0.724865
2022-03-02 10:00:00+00:00,audusd,0.726105,0.726185,0.725285,0.725795
2022-03-02 11:00:00+00:00,audusd,0.726505,0.726805,0.72589,0.7261
2022-03-02 12:00:00+00:00,audusd,0.727425,0.72746,0.72599,0.72651
2022-03-02 13:00:00+00:00,audusd,0.727265,0.727495,0.726375,0.727435
2022-03-02 14:00:00+00:00,audusd,0.72713,0.728125,0.726595,0.72726
2022-03-02 15:00:00+00:00,audusd,0.725225,0.727575,0.72478,0.727135
2022-03-02 16:00:00+00:00,audusd,0.72821,0.729155,0.72472,0.72523
2022-03-02 17:00:00+00:00,audusd,0.728355,0.728535,0.727365,0.728205
2022-03-02 18:00:00+00:00,audusd,0.730155,0.730585,0.728345,0.72836
2022-03-02 19:00:00+00:00,audusd,0.729655,0.730665,0.729405,0.73015
2022-03-02 20:00:00+00:00,audusd,0.730465,0.730545,0.729235,0.72966
2022-03-02 21:00:00+00:00,audusd,0.729725,0.730545,0.729255,0.730455
2022-03-02 22:00:00+00:00,audusd,0.729385,0.729715,0.729175,0.72971
2022-03-02 23:00:00+00:00,audusd,0.72931,0.729665,0.72897,0.72939
2022-03-03 00:00:00+00:00,audusd,0.72877,0.729745,0.7287,0.72931
2022-03-03 01:00:00+00:00,audusd,0.728605,0.728945,0.728315,0.728775
2022-03-03 02:00:00+00:00,audusd,0.729235,0.729275,0.727635,0.728615
2022-03-03 03:00:00+00:00,audusd,0.729005,0.729295,0.728465,0.729245
2022-03-03 04:00:00+00:00,audusd,0.73006,0.730285,0.72898,0.72901
2022-03-03 05:00:00+00:00,audusd,0.730555,0.730695,0.729945,0.730065
2022-03-03 06:00:00+00:00,audusd,0.732065,0.73233,0.730545,0.73056
2022-03-03 07:00:00+00:00,audusd,0.731765,0.732255,0.731205,0.73206
2022-03-03 08:00:00+00:00,audusd,0.731175,0.73178,0.729735,0.73176
2022-03-03 09:00:00+00:00,audusd,0.729985,0.731405,0.729305,0.73117
2022-03-03 10:00:00+00:00,audusd,0.730465,0.73094,0.729805,0.729995
2022-03-03 11:00:00+00:00,audusd,0.730025,0.730755,0.729575,0.73047
2022-03-03 12:00:00+00:00,audusd,0.73104,0.731715,0.729945,0.73002
2022-03-03 13:00:00+00:00,audusd,0.73207,0.732265,0.731045,0.731045
2022-03-03 14:00:00+00:00,audusd,0.73418,0.734455,0.731535,0.732075
2022-03-03 15:00:00+00:00,audusd,0.731955,0.734775,0.731835,0.734185
2022-03-03 16:00:00+00:00,audusd,0.731505,0.732455,0.730195,0.731945
2022-03-03 17:00:00+00:00,audusd,0.73184,0.73327,0.730955,0.7315
2022-03-03 18:00:00+00:00,audusd,0.733115,0.733205,0.731365,0.731835
2022-03-03 19:00:00+00:00,audusd,0.732625,0.733205,0.731965,0.73312
2022-03-03 20:00:00+00:00,audusd,0.732545,0.732775,0.731875,0.73262
2022-03-03 21:00:00+00:00,audusd,0.7328,0.732955,0.732425,0.73255
2022-03-03 22:00:00+00:00,audusd,0.73264,0.73288,0.732525,0.73287
2022-03-03 23:00:00+00:00,audusd,0.733605,0.733785,0.73258,0.732645
2022-03-04 00:00:00+00:00,audusd,0.730625,0.733895,0.73007,0.7336
2022-03-04 01:00:00+00:00,audusd,0.732835,0.733345,0.730195,0.730635
2022-03-04 02:00:00+00:00,audusd,0.733045,0.733695,0.73235,0.732825
2022-03-04 03:00:00+00:00,audusd,0.733615,0.733825,0.732675,0.73304
2022-03-04 04:00:00+00:00,audusd,0.735775,0.73587,0.733525,0.73361
2022-03-04 05:00:00+00:00,audusd,0.735505,0.736275,0.73492,0.735785
2022-03-04 06:00:00+00:00,audusd,0.734635,0.735875,0.734475,0.735495
2022-03-04 07:00:00+00:00,audusd,0.735455,0.735535,0.734575,0.73463
2022-03-04 08:00:00+00:00,audusd,0.737135,0.737505,0.735305,0.73546
2022-03-04 09:00:00+00:00,audusd,0.735105,0.737275,0.735055,0.73713
2022-03-04 10:00:00+00:00,audusd,0.736145,0.736805,0.734975,0.73511
2022-03-04 11:00:00+00:00,audusd,0.736325,0.736615,0.735325,0.736155
2022-03-04 12:00:00+00:00,audusd,0.73421,0.736575,0.734105,0.736335
2022-03-04 13:00:00+00:00,audusd,0.733985,0.736365,0.732175,0.734215
2022-03-04 14:00:00+00:00,audusd,0.733665,0.734445,0.731425,0.73398
2022-03-04 15:00:00+00:00,audusd,0.734885,0.735255,0.733285,0.73366
2022-03-04 16:00:00+00:00,audusd,0.73616,0.736175,0.733975,0.73489
2022-03-04 17:00:00+00:00,audusd,0.737345,0.737585,0.735825,0.73617
2022-03-04 18:00:00+00:00,audusd,0.73751,0.73807,0.737305,0.73735
2022-03-04 19:00:00+00:00,audusd,0.737115,0.738065,0.73658,0.737505
2022-03-04 20:00:00+00:00,audusd,0.737405,0.737645,0.736525,0.737125
2022-03-04 21:00:00+00:00,audusd,0.736665,0.73769,0.736665,0.737415
2022-03-06 22:00:00+00:00,audusd,0.737155,0.737585,0.73703,0.73757
2022-03-06 23:00:00+00:00,audusd,0.739415,0.739505,0.73559,0.73716
2022-03-07 00:00:00+00:00,audusd,0.739385,0.739545,0.73874,0.739415
2022-03-07 01:00:00+00:00,audusd,0.74268,0.744145,0.739235,0.73938
2022-03-07 02:00:00+00:00,audusd,0.74111,0.74269,0.740625,0.742685
2022-03-07 03:00:00+00:00,audusd,0.7412,0.741475,0.73994,0.741115
2022-03-07 04:00:00+00:00,audusd,0.741925,0.742005,0.741165,0.741195
2022-03-07 05:00:00+00:00,audusd,0.741615,0.742425,0.741095,0.741915
2022-03-07 06:00:00+00:00,audusd,0.742735,0.74275,0.741085,0.74161
2022-03-07 07:00:00+00:00,audusd,0.74098,0.743005,0.740825,0.742745
2022-03-07 08:00:00+00:00,audusd,0.740865,0.742005,0.740065,0.740985
2022-03-07 09:00:00+00:00,audusd,0.74036,0.741325,0.739495,0.740875
2022-03-07 10:00:00+00:00,audusd,0.740225,0.740765,0.739205,0.740355
2022-03-07 11:00:00+00:00,audusd,0.740885,0.741335,0.73999,0.740235
2022-03-07 12:00:00+00:00,audusd,0.739235,0.741455,0.738085,0.74089
2022-03-07 13:00:00+00:00,audusd,0.73742,0.739485,0.737355,0.73924
2022-03-07 14:00:00+00:00,audusd,0.73505,0.737695,0.734925,0.737425
2022-03-07 15:00:00+00:00,audusd,0.732855,0.735875,0.732695,0.735045
2022-03-07 16:00:00+00:00,audusd,0.73211,0.733935,0.731845,0.73291
2022-03-07 17:00:00+00:00,audusd,0.731765,0.732895,0.731165,0.732105
2022-03-07 18:00:00+00:00,audusd,0.732335,0.732835,0.731695,0.731765
2022-03-07 19:00:00+00:00,audusd,0.73256,0.733415,0.731815,0.732335
2022-03-07 20:00:00+00:00,audusd,0.731785,0.732745,0.731495,0.732565
2022-03-07 21:00:00+00:00,audusd,0.7316,0.732205,0.73135,0.73178
2022-03-07 22:00:00+00:00,audusd,0.731505,0.73173,0.73114,0.7317
2022-03-07 23:00:00+00:00,audusd,0.732915,0.733045,0.73102,0.7315
2022-03-08 00:00:00+00:00,audusd,0.733035,0.73335,0.73247,0.732925
2022-03-08 01:00:00+00:00,audusd,0.733765,0.734595,0.732985,0.73304
2022-03-08 02:00:00+00:00,audusd,0.7322,0.734835,0.731805,0.733775
2022-03-08 03:00:00+00:00,audusd,0.732735,0.732995,0.731695,0.732195
2022-03-08 04:00:00+00:00,audusd,0.731045,0.732885,0.730965,0.732745
2022-03-08 05:00:00+00:00,audusd,0.72837,0.731055,0.727645,0.73104
2022-03-08 06:00:00+00:00,audusd,0.72792,0.729205,0.72783,0.728375
2022-03-08 07:00:00+00:00,audusd,0.727595,0.729445,0.727175,0.727925
2022-03-08 08:00:00+00:00,audusd,0.727425,0.729615,0.726725,0.7276
2022-03-08 09:00:00+00:00,audusd,0.729225,0.729315,0.72709,0.727425
2022-03-08 10:00:00+00:00,audusd,0.729615,0.7299,0.728745,0.72923
2022-03-08 11:00:00+00:00,audusd,0.729675,0.730095,0.729145,0.729635
2022-03-08 12:00:00+00:00,audusd,0.727835,0.730495,0.727785,0.729665
2022-03-08 13:00:00+00:00,audusd,0.728295,0.729085,0.727295,0.72783
2022-03-08 14:00:00+00:00,audusd,0.728675,0.729155,0.727195,0.72829
2022-03-08 15:00:00+00:00,audusd,0.72661,0.72955,0.726135,0.72867
2022-03-08 16:00:00+00:00,audusd,0.726215,0.727075,0.724535,0.72662
2022-03-08 17:00:00+00:00,audusd,0.72788,0.728595,0.726055,0.72621
2022-03-08 18:00:00+00:00,audusd,0.727105,0.728725,0.726765,0.727875
2022-03-08 19:00:00+00:00,audusd,0.727595,0.72764,0.726335,0.727095
2022-03-08 20:00:00+00:00,audusd,0.727005,0.727965,0.726875,0.727605
2022-03-08 21:00:00+00:00,audusd,0.727005,0.727265,0.72676,0.727
2022-03-08 22:00:00+00:00,audusd,0.726565,0.727655,0.72651,0.72701
2022-03-08 23:00:00+00:00,audusd,0.726765,0.727755,0.72644,0.72657
2022-03-09 00:00:00+00:00,audusd,0.727965,0.727995,0.726775,0.726775
2022-03-09 01:00:00+00:00,audusd,0.727685,0.728375,0.727315,0.727965
2022-03-09 02:00:00+00:00,audusd,0.727445,0.728035,0.726695,0.72768
2022-03-09 03:00:00+00:00,audusd,0.727235,0.727885,0.726705,0.727455
2022-03-09 04:00:00+00:00,audusd,0.72848,0.72866,0.727225,0.72723
2022-03-09 05:00:00+00:00,audusd,0.727565,0.728475,0.727145,0.728475
2022-03-09 06:00:00+00:00,audusd,0.728315,0.729185,0.72757,0.72757
2022-03-09 07:00:00+00:00,audusd,0.729565,0.730015,0.727665,0.72832
2022-03-09 08:00:00+00:00,audusd,0.730995,0.731665,0.728965,0.72956
2022-03-09 09:00:00+00:00,audusd,0.732415,0.73246,0.730985,0.731
2022-03-09 10:00:00+00:00,audusd,0.732875,0.733435,0.73216,0.73241
2022-03-09 11:00:00+00:00,audusd,0.732525,0.733085,0.731985,0.73287
2022-03-09 12:00:00+00:00,audusd,0.733015,0.733025,0.732295,0.73252
2022-03-09 13:00:00+00:00,audusd,0.732755,0.733735,0.732585,0.733025
2022-03-09 14:00:00+00:00,audusd,0.732785,0.733685,0.731915,0.73276
2022-03-09 15:00:00+00:00,audusd,0.731905,0.733605,0.731705,0.73278
2022-03-09 16:00:00+00:00,audusd,0.732335,0.732955,0.731355,0.731915
2022-03-09 17:00:00+00:00,audusd,0.732075,0.73252,0.731555,0.732345
2022-03-09 18:00:00+00:00,audusd,0.731705,0.732395,0.731645,0.73207
2022-03-09 19:00:00+00:00,audusd,0.73189,0.731975,0.731295,0.73171
2022-03-09 20:00:00+00:00,audusd,0.732575,0.733115,0.731805,0.731875
2022-03-09 21:00:00+00:00,audusd,0.7322,0.732595,0.731915,0.732595
2022-03-09 22:00:00+00:00,audusd,0.7317,0.73232,0.73167,0.73219
2022-03-09 23:00:00+00:00,audusd,0.731695,0.73196,0.731025,0.7317
2022-03-10 00:00:00+00:00,audusd,0.730465,0.731915,0.730425,0.73169
2022-03-10 01:00:00+00:00,audusd,0.729515,0.730835,0.72877,0.73046
2022-03-10 02:00:00+00:00,audusd,0.731495,0.731575,0.729295,0.729505
2022-03-10 03:00:00+00:00,audusd,0.732315,0.732375,0.731325,0.7315
2022-03-10 04:00:00+00:00,audusd,0.732075,0.73273,0.731745,0.73231
2022-03-10 05:00:00+00:00,audusd,0.732145,0.73228,0.730895,0.732085
2022-03-10 06:00:00+00:00,audusd,0.733365,0.73362,0.731775,0.73215
2022-03-10 07:00:00+00:00,audusd,0.734505,0.734525,0.733035,0.73337
2022-03-10 08:00:00+00:00,audusd,0.733315,0.734635,0.732705,0.73451
2022-03-10 09:00:00+00:00,audusd,0.73375,0.734535,0.733305,0.733305
2022-03-10 10:00:00+00:00,audusd,0.733575,0.734205,0.732965,0.733755
2022-03-10 11:00:00+00:00,audusd,0.733125,0.733715,0.732785,0.733565
2022-03-10 12:00:00+00:00,audusd,0.733475,0.734875,0.732855,0.73313
2022-03-10 13:00:00+00:00,audusd,0.734745,0.735955,0.733145,0.733465
2022-03-10 14:00:00+00:00,audusd,0.734495,0.734895,0.733405,0.73475
2022-03-10 15:00:00+00:00,audusd,0.736065,0.736275,0.734145,0.7345
2022-03-10 16:00:00+00:00,audusd,0.736135,0.736455,0.734925,0.73605
2022-03-10 17:00:00+00:00,audusd,0.735815,0.736315,0.735705,0.73613
2022-03-10 18:00:00+00:00,audusd,0.7361,0.736195,0.735435,0.73582
2022-03-10 19:00:00+00:00,audusd,0.736505,0.736765,0.735905,0.736105
2022-03-10 20:00:00+00:00,audusd,0.735795,0.736545,0.735705,0.736515
2022-03-10 21:00:00+00:00,audusd,0.735735,0.736245,0.735445,0.7358
2022-03-10 22:00:00+00:00,audusd,0.73541,0.73596,0.735315,0.73553
2022-03-10 23:00:00+00:00,audusd,0.736565,0.736735,0.735315,0.735415
2022-03-11 00:00:00+00:00,audusd,0.735035,0.736665,0.73491,0.73658
2022-03-11 01:00:00+00:00,audusd,0.734025,0.735145,0.73372,0.73504
2022-03-11 02:00:00+00:00,audusd,0.733755,0.734335,0.733455,0.73403
2022-03-11 03:00:00+00:00,audusd,0.734485,0.734585,0.733735,0.733765
2022-03-11 04:00:00+00:00,audusd,0.73354,0.734565,0.733515,0.73449
2022-03-11 05:00:00+00:00,audusd,0.733835,0.73394,0.732845,0.733545
2022-03-11 06:00:00+00:00,audusd,0.73488,0.73525,0.733595,0.73383
2022-03-11 07:00:00+00:00,audusd,0.73459,0.735685,0.734255,0.734875
2022-03-11 08:00:00+00:00,audusd,0.732715,0.734665,0.732465,0.734595
2022-03-11 09:00:00+00:00,audusd,0.731415,0.733155,0.731255,0.73272
2022-03-11 10:00:00+00:00,audusd,0.731045,0.732045,0.730925,0.731405
2022-03-11 11:00:00+00:00,audusd,0.732635,0.733255,0.73062,0.73104
2022-03-11 12:00:00+00:00,audusd,0.731845,0.733155,0.73136,0.73264
2022-03-11 13:00:00+00:00,audusd,0.732585,0.732905,0.731555,0.731835
2022-03-11 14:00:00+00:00,audusd,0.73224,0.732755,0.732005,0.73259
2022-03-11 15:00:00+00:00,audusd,0.732025,0.733195,0.73167,0.732245
2022-03-11 16:00:00+00:00,audusd,0.73076,0.73208,0.730315,0.732035
2022-03-11 17:00:00+00:00,audusd,0.730205,0.730955,0.730125,0.730755
2022-03-11 18:00:00+00:00,audusd,0.7303,0.730995,0.730155,0.730195
2022-03-11 19:00:00+00:00,audusd,0.729615,0.730935,0.729485,0.730305
2022-03-11 20:00:00+00:00,audusd,0.728545,0.729655,0.728245,0.72961
2022-03-11 21:00:00+00:00,audusd,0.72897,0.729515,0.72855,0.728555
2022-03-13 21:00:00+00:00,audusd,0.72903,0.729235,0.728785,0.72916
2022-03-13 22:00:00+00:00,audusd,0.729025,0.729235,0.7286,0.72902
2022-03-13 23:00:00+00:00,audusd,0.729645,0.729905,0.728925,0.729035
2022-03-14 00:00:00+00:00,audusd,0.727675,0.729695,0.727205,0.729635
2022-03-14 01:00:00+00:00,audusd,0.727095,0.72796,0.726785,0.727685
2022-03-14 02:00:00+00:00,audusd,0.725295,0.727305,0.72509,0.7271
2022-03-14 03:00:00+00:00,audusd,0.725275,0.725775,0.72511,0.72529
2022-03-14 04:00:00+00:00,audusd,0.725875,0.726055,0.724515,0.725265
2022-03-14 05:00:00+00:00,audusd,0.724755,0.725975,0.724705,0.72588
2022-03-14 06:00:00+00:00,audusd,0.723715,0.724845,0.723435,0.72475
2022-03-14 07:00:00+00:00,audusd,0.724435,0.724835,0.723525,0.72371
2022-03-14 08:00:00+00:00,audusd,0.725105,0.725995,0.724175,0.724445
2022-03-14 09:00:00+00:00,audusd,0.72563,0.726025,0.724985,0.72511
2022-03-14 10:00:00+00:00,audusd,0.724335,0.725745,0.723965,0.725625
2022-03-14 11:00:00+00:00,audusd,0.723105,0.724955,0.722945,0.72433
2022-03-14 12:00:00+00:00,audusd,0.72461,0.725295,0.7231,0.7231
2022-03-14 13:00:00+00:00,audusd,0.723215,0.724935,0.722765,0.724605
2022-03-14 14:00:00+00:00,audusd,0.725415,0.725575,0.722945,0.72322
2022-03-14 15:00:00+00:00,audusd,0.722965,0.725485,0.722745,0.725425
2022-03-14 16:00:00+00:00,audusd,0.721645,0.724005,0.72121,0.722955
2022-03-14 17:00:00+00:00,audusd,0.720075,0.721955,0.720045,0.72165
2022-03-14 18:00:00+00:00,audusd,0.719345,0.720435,0.719285,0.72007
2022-03-14 19:00:00+00:00,audusd,0.719625,0.720815,0.719025,0.71935
2022-03-14 20:00:00+00:00,audusd,0.71898,0.720265,0.718675,0.71963
2022-03-14 21:00:00+00:00,audusd,0.71907,0.71976,0.71877,0.71976
2022-03-14 22:00:00+00:00,audusd,0.720235,0.72066,0.71892,0.71906
2022-03-14 23:00:00+00:00,audusd,0.71986,0.720315,0.719515,0.72024
2022-03-15 00:00:00+00:00,audusd,0.719035,0.720615,0.71897,0.719855
2022-03-15 01:00:00+00:00,audusd,0.717185,0.719555,0.71655,0.719025
2022-03-15 02:00:00+00:00,audusd,0.717665,0.718985,0.71707,0.71718
2022-03-15 03:00:00+00:00,audusd,0.718735,0.718985,0.71766,0.71766
2022-03-15 04:00:00+00:00,audusd,0.718525,0.719255,0.717785,0.718755
2022-03-15 05:00:00+00:00,audusd,0.718225,0.718605,0.717495,0.718515
2022-03-15 06:00:00+00:00,audusd,0.717215,0.71887,0.717045,0.71822
2022-03-15 07:00:00+00:00,audusd,0.719285,0.719585,0.716975,0.71721
2022-03-15 08:00:00+00:00,audusd,0.719215,0.720405,0.718695,0.71928
2022-03-15 09:00:00+00:00,audusd,0.718825,0.71938,0.718215,0.71921
2022-03-15 10:00:00+00:00,audusd,0.719895,0.720065,0.718595,0.71883
2022-03-15 11:00:00+00:00,audusd,0.720585,0.72105,0.719445,0.71989
2022-03-15 12:00:00+00:00,audusd,0.720995,0.721775,0.720495,0.72059
2022-03-15 13:00:00+00:00,audusd,0.722285,0.722415,0.720685,0.72099
2022-03-15 14:00:00+00:00,audusd,0.721655,0.722735,0.721595,0.722275
2022-03-15 15:00:00+00:00,audusd,0.719555,0.721825,0.719315,0.721645
2022-03-15 16:00:00+00:00,audusd,0.718705,0.720025,0.718255,0.71955
2022-03-15 17:00:00+00:00,audusd,0.718685,0.719695,0.718635,0.71872
2022-03-15 18:00:00+00:00,audusd,0.718925,0.719025,0.717525,0.71868
2022-03-15 19:00:00+00:00,audusd,0.719915,0.720035,0.718845,0.71892
2022-03-15 20:00:00+00:00,audusd,0.71968,0.72016,0.719235,0.71991
2022-03-15 21:00:00+00:00,audusd,0.719615,0.71967,0.71921,0.719265
2022-03-15 22:00:00+00:00,audusd,0.719315,0.719835,0.719175,0.71961
2022-03-15 23:00:00+00:00,audusd,0.719015,0.719655,0.718875,0.71932
2022-03-16 00:00:00+00:00,audusd,0.71809,0.719575,0.718075,0.719005
2022-03-16 01:00:00+00:00,audusd,0.720065,0.72021,0.71808,0.718095
2022-03-16 02:00:00+00:00,audusd,0.720175,0.721085,0.720035,0.72007
2022-03-16 03:00:00+00:00,audusd,0.719985,0.720255,0.7196,0.720165
2022-03-16 04:00:00+00:00,audusd,0.720665,0.720715,0.719765,0.719975
2022-03-16 05:00:00+00:00,audusd,0.722555,0.722795,0.720425,0.72066
2022-03-16 06:00:00+00:00,audusd,0.723145,0.723365,0.722085,0.72255
2022-03-16 07:00:00+00:00,audusd,0.721905,0.723155,0.721745,0.723135
2022-03-16 08:00:00+00:00,audusd,0.722975,0.723565,0.721665,0.721915
2022-03-16 09:00:00+00:00,audusd,0.723005,0.723505,0.722585,0.722965
2022-03-16 10:00:00+00:00,audusd,0.724265,0.724425,0.722685,0.72301
2022-03-16 11:00:00+00:00,audusd,0.725095,0.725385,0.724215,0.724255
2022-03-16 12:00:00+00:00,audusd,0.725315,0.725405,0.724415,0.725105
2022-03-16 13:00:00+00:00,audusd,0.726525,0.72689,0.724685,0.725305
2022-03-16 14:00:00+00:00,audusd,0.725195,0.727495,0.724835,0.72653
2022-03-16 15:00:00+00:00,audusd,0.725095,0.725815,0.724545,0.72519
2022-03-16 16:00:00+00:00,audusd,0.725285,0.725645,0.724845,0.7251
2022-03-16 17:00:00+00:00,audusd,0.724885,0.725405,0.72456,0.725275
2022-03-16 18:00:00+00:00,audusd,0.726275,0.726925,0.720625,0.72489
2022-03-16 19:00:00+00:00,audusd,0.729635,0.729635,0.725105,0.726285
2022-03-16 20:00:00+00:00,audusd,0.728985,0.729715,0.728375,0.72964
2022-03-16 21:00:00+00:00,audusd,0.7288,0.72901,0.728555,0.72886
2022-03-16 22:00:00+00:00,audusd,0.7288,0.729515,0.728245,0.72877
2022-03-16 23:00:00+00:00,audusd,0.728865,0.729415,0.728435,0.728805
2022-03-17 00:00:00+00:00,audusd,0.731795,0.732055,0.728875,0.728875
2022-03-17 01:00:00+00:00,audusd,0.7294,0.73207,0.728345,0.731805
2022-03-17 02:00:00+00:00,audusd,0.731525,0.731975,0.729275,0.729405
2022-03-17 03:00:00+00:00,audusd,0.731165,0.731915,0.730595,0.73153
2022-03-17 04:00:00+00:00,audusd,0.731835,0.732005,0.731035,0.73117
2022-03-17 05:00:00+00:00,audusd,0.73122,0.73191,0.730585,0.731825
2022-03-17 06:00:00+00:00,audusd,0.730825,0.731545,0.730235,0.731225
2022-03-17 07:00:00+00:00,audusd,0.732405,0.732425,0.730275,0.73083
2022-03-17 08:00:00+00:00,audusd,0.732425,0.73328,0.732055,0.732395
2022-03-17 09:00:00+00:00,audusd,0.733235,0.733445,0.732015,0.73243
2022-03-17 10:00:00+00:00,audusd,0.733935,0.73405,0.732055,0.73323
2022-03-17 11:00:00+00:00,audusd,0.733835,0.734625,0.733445,0.733945
2022-03-17 12:00:00+00:00,audusd,0.734465,0.73453,0.733165,0.73383
2022-03-17 13:00:00+00:00,audusd,0.73477,0.73494,0.733555,0.734475
2022-03-17 14:00:00+00:00,audusd,0.735255,0.735435,0.734445,0.734765
2022-03-17 15:00:00+00:00,audusd,0.738795,0.738985,0.73504,0.73525
2022-03-17 16:00:00+00:00,audusd,0.739115,0.739285,0.7382,0.73879
2022-03-17 17:00:00+00:00,audusd,0.739135,0.739315,0.738735,0.73912
2022-03-17 18:00:00+00:00,audusd,0.737675,0.739145,0.737395,0.739145
2022-03-17 19:00:00+00:00,audusd,0.737905,0.738095,0.737175,0.737655
2022-03-17 20:00:00+00:00,audusd,0.737645,0.738085,0.737435,0.737915
2022-03-17 21:00:00+00:00,audusd,0.73759,0.737795,0.73731,0.737395
2022-03-17 22:00:00+00:00,audusd,0.737545,0.738445,0.737445,0.73758
2022-03-17 23:00:00+00:00,audusd,0.738115,0.738265,0.737245,0.73754
2022-03-18 00:00:00+00:00,audusd,0.737925,0.739385,0.737745,0.738145
2022-03-18 01:00:00+00:00,audusd,0.738265,0.73882,0.737925,0.73793
2022-03-18 02:00:00+00:00,audusd,0.737465,0.73826,0.737135,0.738255
2022-03-18 03:00:00+00:00,audusd,0.737675,0.737825,0.737105,0.73746
2022-03-18 04:00:00+00:00,audusd,0.737985,0.73837,0.737645,0.73767
2022-03-18 05:00:00+00:00,audusd,0.739435,0.739695,0.737755,0.737975
2022-03-18 06:00:00+00:00,audusd,0.740475,0.740925,0.739335,0.73944
2022-03-18 07:00:00+00:00,audusd,0.739945,0.740525,0.738075,0.74047
2022-03-18 08:00:00+00:00,audusd,0.738265,0.740135,0.737175,0.739955
2022-03-18 09:00:00+00:00,audusd,0.737585,0.738545,0.737385,0.738255
2022-03-18 10:00:00+00:00,audusd,0.738185,0.738685,0.737385,0.73759
2022-03-18 11:00:00+00:00,audusd,0.73791,0.738285,0.737645,0.73778
2022-03-18 12:00:00+00:00,audusd,0.738385,0.738415,0.737765,0.737905
2022-03-18 15:00:00+00:00,audusd,0.740235,0.741275,0.739655,0.740465
2022-03-18 16:00:00+00:00,audusd,0.741015,0.741205,0.739785,0.740245
2022-03-18 17:00:00+00:00,audusd,0.741455,0.7418,0.740615,0.741025
2022-03-18 18:00:00+00:00,audusd,0.740815,0.741495,0.740165,0.74145
2022-03-18 19:00:00+00:00,audusd,0.741135,0.741495,0.740655,0.74082
2022-03-18 20:00:00+00:00,audusd,0.741445,0.741525,0.740915,0.741145
2022-03-20 21:00:00+00:00,audusd,0.740555,0.74141,0.74052,0.7412
2022-03-20 22:00:00+00:00,audusd,0.74064,0.74142,0.740425,0.740535
2022-03-20 23:00:00+00:00,audusd,0.740975,0.741345,0.74045,0.740645
2022-03-21 00:00:00+00:00,audusd,0.741655,0.741745,0.740685,0.741
2022-03-21 01:00:00+00:00,audusd,0.741715,0.742485,0.74142,0.741645
2022-03-21 02:00:00+00:00,audusd,0.740835,0.741705,0.740255,0.741705
2022-03-21 03:00:00+00:00,audusd,0.740005,0.740885,0.739655,0.74084
2022-03-21 04:00:00+00:00,audusd,0.740345,0.74079,0.739755,0.74
2022-03-21 05:00:00+00:00,audusd,0.739975,0.740435,0.739615,0.74035
2022-03-21 06:00:00+00:00,audusd,0.739875,0.740455,0.739505,0.73997
2022-03-21 07:00:00+00:00,audusd,0.739605,0.740725,0.738555,0.73988
2022-03-21 08:00:00+00:00,audusd,0.739445,0.740515,0.738985,0.73961
2022-03-21 09:00:00+00:00,audusd,0.738305,0.739665,0.737835,0.73945
2022-03-21 10:00:00+00:00,audusd,0.738055,0.73844,0.737645,0.73831
2022-03-21 11:00:00+00:00,audusd,0.738605,0.738745,0.737395,0.73805
2022-03-21 12:00:00+00:00,audusd,0.740405,0.740525,0.73861,0.73861
2022-03-21 13:00:00+00:00,audusd,0.74076,0.742055,0.740195,0.7404
2022-03-21 14:00:00+00:00,audusd,0.741375,0.741745,0.74028,0.740765
2022-03-21 15:00:00+00:00,audusd,0.741625,0.741785,0.740345,0.74138
2022-03-21 16:00:00+00:00,audusd,0.740315,0.7421,0.740045,0.741635
2022-03-21 17:00:00+00:00,audusd,0.73961,0.740365,0.73822,0.74032
2022-03-21 18:00:00+00:00,audusd,0.73911,0.740315,0.738665,0.739605
2022-03-21 19:00:00+00:00,audusd,0.739875,0.739985,0.73891,0.739105
2022-03-21 20:00:00+00:00,audusd,0.74005,0.74006,0.73959,0.739885
2022-03-21 21:00:00+00:00,audusd,0.73967,0.73982,0.739435,0.739685
2022-03-21 22:00:00+00:00,audusd,0.739925,0.740265,0.739615,0.73965
2022-03-21 23:00:00+00:00,audusd,0.739575,0.740025,0.73937,0.739935
2022-03-22 00:00:00+00:00,audusd,0.739235,0.739625,0.739145,0.73957
2022-03-22 20:00:00+00:00,audusd,0.746805,0.74717,0.746515,0.746515
2022-03-22 21:00:00+00:00,audusd,0.746505,0.74687,0.74646,0.74654
2022-03-22 22:00:00+00:00,audusd,0.747355,0.747705,0.7465,0.7465
2022-03-22 23:00:00+00:00,audusd,0.746225,0.74766,0.746085,0.747345
2022-03-23 00:00:00+00:00,audusd,0.745435,0.746845,0.745035,0.74623
2022-03-23 01:00:00+00:00,audusd,0.746185,0.746285,0.745065,0.74543
2022-03-23 02:00:00+00:00,audusd,0.747035,0.7477,0.746095,0.74618
2022-03-23 03:00:00+00:00,audusd,0.745755,0.747075,0.745575,0.747025
2022-03-23 04:00:00+00:00,audusd,0.745855,0.746555,0.745545,0.74576
2022-03-23 05:00:00+00:00,audusd,0.746275,0.746335,0.745315,0.745845
2022-03-23 06:00:00+00:00,audusd,0.746045,0.746415,0.745425,0.74627
2022-03-23 07:00:00+00:00,audusd,0.746005,0.746275,0.74509,0.74604
2022-03-23 08:00:00+00:00,audusd,0.745915,0.746175,0.745335,0.74601
2022-03-23 09:00:00+00:00,audusd,0.747665,0.748185,0.74572,0.745925
2022-03-23 10:00:00+00:00,audusd,0.74734,0.748185,0.746835,0.74766
2022-03-23 11:00:00+00:00,audusd,0.747725,0.74776,0.746425,0.747335
2022-03-23 12:00:00+00:00,audusd,0.746495,0.74773,0.746045,0.74772
2022-03-23 13:00:00+00:00,audusd,0.745935,0.746595,0.745335,0.74649
2022-03-23 14:00:00+00:00,audusd,0.748145,0.748645,0.745685,0.74594
2022-03-23 15:00:00+00:00,audusd,0.749765,0.749895,0.748105,0.74815
2022-03-23 16:00:00+00:00,audusd,0.749745,0.749905,0.749075,0.74976
2022-03-23 17:00:00+00:00,audusd,0.749755,0.749935,0.74895,0.74975
2022-03-23 18:00:00+00:00,audusd,0.750625,0.750735,0.749535,0.74976
2022-03-23 19:00:00+00:00,audusd,0.749895,0.750695,0.749645,0.750635
2022-03-23 20:00:00+00:00,audusd,0.74994,0.750585,0.749845,0.7499
2022-03-23 21:00:00+00:00,audusd,0.74981,0.74993,0.749635,0.74976
2022-03-23 22:00:00+00:00,audusd,0.74869,0.75006,0.748265,0.749805
2022-03-23 23:00:00+00:00,audusd,0.749905,0.749955,0.748645,0.74869
2022-03-24 00:00:00+00:00,audusd,0.74938,0.750205,0.748735,0.749935
2022-03-24 01:00:00+00:00,audusd,0.749375,0.749705,0.748285,0.749375
2022-03-24 02:00:00+00:00,audusd,0.749005,0.749705,0.748955,0.74938
2022-03-24 03:00:00+00:00,audusd,0.747935,0.749145,0.747815,0.74901
2022-03-24 04:00:00+00:00,audusd,0.747185,0.748565,0.746675,0.747925
2022-03-24 05:00:00+00:00,audusd,0.7484,0.748825,0.747175,0.74718
2022-03-24 06:00:00+00:00,audusd,0.747545,0.74859,0.747545,0.748395
2022-03-24 07:00:00+00:00,audusd,0.747755,0.74814,0.747445,0.747555
2022-03-24 08:00:00+00:00,audusd,0.746935,0.748325,0.746825,0.747765
2022-03-24 09:00:00+00:00,audusd,0.747935,0.748235,0.74666,0.746945
2022-03-24 10:00:00+00:00,audusd,0.749185,0.749315,0.747605,0.74793
2022-03-24 11:00:00+00:00,audusd,0.749445,0.750005,0.747905,0.749195
2022-03-24 12:00:00+00:00,audusd,0.749295,0.75006,0.74806,0.74945
2022-03-24 13:00:00+00:00,audusd,0.749505,0.750095,0.748305,0.74929
2022-03-24 14:00:00+00:00,audusd,0.752465,0.752585,0.749195,0.749515
2022-03-24 15:00:00+00:00,audusd,0.750645,0.752785,0.750085,0.752455
2022-03-24 16:00:00+00:00,audusd,0.749735,0.750975,0.749485,0.750635
2022-03-24 17:00:00+00:00,audusd,0.750555,0.750565,0.749525,0.749725
2022-03-24 18:00:00+00:00,audusd,0.751205,0.751455,0.750535,0.75054
2022-03-24 19:00:00+00:00,audusd,0.751465,0.751925,0.75083,0.751195
2022-03-24 20:00:00+00:00,audusd,0.75132,0.751625,0.751145,0.75147
2022-03-24 21:00:00+00:00,audusd,0.751145,0.75137,0.75088,0.75129
2022-03-24 22:00:00+00:00,audusd,0.751515,0.751855,0.751055,0.75123
2022-03-24 23:00:00+00:00,audusd,0.751025,0.751855,0.750895,0.751525
2022-03-25 00:00:00+00:00,audusd,0.750315,0.751565,0.750115,0.751035
2022-03-25 01:00:00+00:00,audusd,0.752365,0.752455,0.750245,0.75032
2022-03-25 02:00:00+00:00,audusd,0.751375,0.752505,0.75131,0.75237
2022-03-25 03:00:00+00:00,audusd,0.752025,0.752505,0.75137,0.75138
2022-03-25 04:00:00+00:00,audusd,0.752535,0.752835,0.751705,0.752055
2022-03-25 05:00:00+00:00,audusd,0.75255,0.752585,0.751565,0.752525
2022-03-25 06:00:00+00:00,audusd,0.75259,0.753695,0.75222,0.752545
2022-03-25 07:00:00+00:00,audusd,0.750965,0.752605,0.750025,0.752595
2022-03-25 08:00:00+00:00,audusd,0.750475,0.751125,0.749515,0.75096
2022-03-25 09:00:00+00:00,audusd,0.750755,0.751195,0.750355,0.750485
2022-03-25 10:00:00+00:00,audusd,0.751305,0.75184,0.750735,0.75076
2022-03-25 11:00:00+00:00,audusd,0.751335,0.75159,0.75053,0.7513
2022-03-25 12:00:00+00:00,audusd,0.75175,0.752055,0.751165,0.75133
2022-03-25 13:00:00+00:00,audusd,0.750995,0.752555,0.750535,0.751755
2022-03-25 14:00:00+00:00,audusd,0.751665,0.752945,0.750335,0.751005
2022-03-25 15:00:00+00:00,audusd,0.749985,0.75222,0.749785,0.75167
2022-03-25 16:00:00+00:00,audusd,0.751805,0.75181,0.749885,0.749975
2022-03-25 17:00:00+00:00,audusd,0.7516,0.751915,0.751105,0.751815
2022-03-25 18:00:00+00:00,audusd,0.752185,0.752435,0.751605,0.751605
2022-03-25 19:00:00+00:00,audusd,0.752505,0.752525,0.751325,0.752195
2022-03-25 20:00:00+00:00,audusd,0.751615,0.752765,0.751325,0.75251
2022-03-27 21:00:00+00:00,audusd,0.751205,0.751975,0.750885,0.75136
2022-03-27 22:00:00+00:00,audusd,0.751575,0.751655,0.751025,0.751195
2022-03-27 23:00:00+00:00,audusd,0.751745,0.752165,0.751375,0.751565
2022-03-28 00:00:00+00:00,audusd,0.750565,0.752415,0.750255,0.751745
2022-03-28 01:00:00+00:00,audusd,0.750925,0.75124,0.749945,0.75056
2022-03-28 02:00:00+00:00,audusd,0.75196,0.752455,0.750525,0.75092
2022-03-28 03:00:00+00:00,audusd,0.752545,0.752555,0.751695,0.751955
2022-03-28 04:00:00+00:00,audusd,0.752255,0.753285,0.752255,0.75254
2022-03-28 05:00:00+00:00,audusd,0.751745,0.752915,0.7512,0.75225
2022-03-28 06:00:00+00:00,audusd,0.751625,0.752015,0.751055,0.75174
2022-03-28 07:00:00+00:00,audusd,0.752735,0.753255,0.751035,0.751615
2022-03-28 08:00:00+00:00,audusd,0.75298,0.754015,0.752305,0.75274
2022-03-28 09:00:00+00:00,audusd,0.752365,0.75308,0.751395,0.752975
2022-03-28 10:00:00+00:00,audusd,0.75192,0.752485,0.750905,0.75237
2022-03-28 11:00:00+00:00,audusd,0.751065,0.7526,0.750955,0.751915
2022-03-28 12:00:00+00:00,audusd,0.750615,0.752245,0.750565,0.75107
2022-03-28 13:00:00+00:00,audusd,0.74759,0.750645,0.747375,0.75061
2022-03-28 14:00:00+00:00,audusd,0.74772,0.748065,0.746675,0.747595
2022-03-28 15:00:00+00:00,audusd,0.74841,0.749065,0.747245,0.747715
2022-03-28 16:00:00+00:00,audusd,0.749375,0.749575,0.748295,0.74842
2022-03-28 17:00:00+00:00,audusd,0.748905,0.749835,0.748885,0.749365
2022-03-28 18:00:00+00:00,audusd,0.749965,0.750125,0.748835,0.74889
2022-03-28 19:00:00+00:00,audusd,0.749405,0.74996,0.747995,0.74996
2022-03-28 20:00:00+00:00,audusd,0.74895,0.749555,0.748925,0.74941
2022-03-28 21:00:00+00:00,audusd,0.74893,0.74936,0.748905,0.749125
2022-03-28 22:00:00+00:00,audusd,0.749535,0.749965,0.748925,0.748925
2022-03-28 23:00:00+00:00,audusd,0.749705,0.750765,0.749405,0.74954
2022-03-29 00:00:00+00:00,audusd,0.747455,0.750065,0.747405,0.749715
2022-03-29 01:00:00+00:00,audusd,0.749265,0.749335,0.747455,0.747465
2022-03-29 02:00:00+00:00,audusd,0.749025,0.749525,0.748445,0.749255
2022-03-29 03:00:00+00:00,audusd,0.748285,0.749215,0.74755,0.74902
2022-03-29 04:00:00+00:00,audusd,0.748175,0.749005,0.748165,0.748255
2022-03-29 05:00:00+00:00,audusd,0.749705,0.749935,0.748065,0.748185
2022-03-29 06:00:00+00:00,audusd,0.749945,0.74995,0.749105,0.74971
2022-03-29 21:00:00+00:00,audusd,0.75108,0.75108,0.75057,0.75066
2022-03-29 22:00:00+00:00,audusd,0.751965,0.752465,0.750995,0.75112
2022-03-29 23:00:00+00:00,audusd,0.751465,0.752345,0.751375,0.751975
2022-03-30 00:00:00+00:00,audusd,0.751005,0.751735,0.750565,0.751445
2022-03-30 01:00:00+00:00,audusd,0.75114,0.7515,0.750475,0.75101
2022-03-30 02:00:00+00:00,audusd,0.751125,0.751595,0.750825,0.751145
2022-03-30 03:00:00+00:00,audusd,0.75175,0.75181,0.750575,0.75112
2022-03-30 04:00:00+00:00,audusd,0.752485,0.753065,0.75175,0.751755
2022-03-30 05:00:00+00:00,audusd,0.753005,0.75337,0.752315,0.75249
2022-03-30 06:00:00+00:00,audusd,0.753025,0.753565,0.75257,0.753015
2022-03-30 07:00:00+00:00,audusd,0.751395,0.753465,0.750595,0.75304
2022-03-30 08:00:00+00:00,audusd,0.751375,0.752205,0.750745,0.751405
2022-03-30 09:00:00+00:00,audusd,0.751195,0.751515,0.750265,0.75137
2022-03-30 10:00:00+00:00,audusd,0.752345,0.752525,0.750545,0.751205
2022-03-30 11:00:00+00:00,audusd,0.751805,0.753085,0.751745,0.752355
2022-03-30 12:00:00+00:00,audusd,0.751855,0.752295,0.750925,0.7518
2022-03-30 13:00:00+00:00,audusd,0.752065,0.752635,0.751675,0.751865
2022-03-30 14:00:00+00:00,audusd,0.752585,0.753655,0.751295,0.752065
2022-03-30 15:00:00+00:00,audusd,0.750735,0.752615,0.75051,0.752585
2022-03-30 16:00:00+00:00,audusd,0.751655,0.751815,0.75053,0.75074
2022-03-30 17:00:00+00:00,audusd,0.751235,0.751705,0.75096,0.751645
2022-03-30 18:00:00+00:00,audusd,0.750795,0.751575,0.75068,0.751225
2022-03-30 19:00:00+00:00,audusd,0.750985,0.751125,0.75026,0.750805
2022-03-30 20:00:00+00:00,audusd,0.75102,0.751505,0.75095,0.75098
2022-03-30 21:00:00+00:00,audusd,0.75124,0.75124,0.750965,0.75099
2022-03-30 22:00:00+00:00,audusd,0.750775,0.75179,0.750735,0.75123
2022-03-30 23:00:00+00:00,audusd,0.750165,0.751025,0.749415,0.75077
2022-03-31 00:00:00+00:00,audusd,0.751125,0.752605,0.749705,0.750165
2022-03-31 01:00:00+00:00,audusd,0.750605,0.751235,0.749825,0.75111
2022-03-31 02:00:00+00:00,audusd,0.75022,0.750935,0.75021,0.7506
2022-03-31 03:00:00+00:00,audusd,0.748595,0.750355,0.748315,0.750215
2022-03-31 04:00:00+00:00,audusd,0.748155,0.748985,0.748085,0.74859
2022-03-31 05:00:00+00:00,audusd,0.748485,0.748785,0.747815,0.74816
2022-03-31 06:00:00+00:00,audusd,0.747815,0.74891,0.74778,0.74849
2022-03-31 07:00:00+00:00,audusd,0.748425,0.748525,0.747115,0.74782
2022-03-31 08:00:00+00:00,audusd,0.747675,0.748615,0.74707,0.74842
2022-03-31 09:00:00+00:00,audusd,0.748685,0.748785,0.747135,0.747665
2022-03-31 10:00:00+00:00,audusd,0.74891,0.749575,0.74859,0.74869
2022-03-31 11:00:00+00:00,audusd,0.748315,0.749545,0.748085,0.748905
2022-03-31 12:00:00+00:00,audusd,0.749305,0.749535,0.748065,0.748315
2022-03-31 13:00:00+00:00,audusd,0.749915,0.750745,0.748685,0.749315
2022-03-31 14:00:00+00:00,audusd,0.750855,0.750985,0.748625,0.74991
2022-03-31 15:00:00+00:00,audusd,0.749765,0.751415,0.749615,0.75085
2022-03-31 16:00:00+00:00,audusd,0.749615,0.750075,0.748805,0.74977
2022-03-31 17:00:00+00:00,audusd,0.749715,0.750075,0.749525,0.74962
2022-03-31 18:00:00+00:00,audusd,0.748775,0.749715,0.748175,0.74971
2022-03-31 19:00:00+00:00,audusd,0.748285,0.749595,0.748125,0.748785
2022-03-31 20:00:00+00:00,audusd,0.748255,0.749165,0.748185,0.748295
2022-03-31 21:00:00+00:00,audusd,0.7485,0.74873,0.748105,0.74873
2022-03-31 22:00:00+00:00,audusd,0.74891,0.750015,0.748415,0.748495
2022-03-31 23:00:00+00:00,audusd,0.749165,0.749555,0.748795,0.748915
2022-04-01 00:00:00+00:00,audusd,0.748225,0.749345,0.748085,0.749205
2022-04-01 01:00:00+00:00,audusd,0.748375,0.748945,0.747835,0.74823
2022-04-01 02:00:00+00:00,audusd,0.74754,0.748965,0.747445,0.74837
2022-04-01 03:00:00+00:00,audusd,0.748695,0.748755,0.747385,0.747545
2022-04-01 04:00:00+00:00,audusd,0.747745,0.748735,0.747535,0.74869
2022-04-01 05:00:00+00:00,audusd,0.747575,0.74806,0.747335,0.747755
2022-04-01 06:00:00+00:00,audusd,0.74774,0.747985,0.747265,0.747585
2022-04-01 07:00:00+00:00,audusd,0.749415,0.750045,0.747635,0.747745
2022-04-01 08:00:00+00:00,audusd,0.751345,0.751775,0.749115,0.74941
2022-04-01 09:00:00+00:00,audusd,0.751775,0.751855,0.750865,0.751355
2022-04-01 10:00:00+00:00,audusd,0.751275,0.751835,0.750985,0.75178
2022-04-01 11:00:00+00:00,audusd,0.75195,0.752015,0.750875,0.75128
2022-04-01 12:00:00+00:00,audusd,0.75142,0.75246,0.751005,0.75195
2022-04-01 13:00:00+00:00,audusd,0.750345,0.75157,0.749865,0.751415
2022-04-01 14:00:00+00:00,audusd,0.74905,0.75059,0.748125,0.750345
2022-04-01 15:00:00+00:00,audusd,0.749375,0.749875,0.748655,0.749055
2022-04-01 16:00:00+00:00,audusd,0.748735,0.749575,0.748595,0.74938
2022-04-01 17:00:00+00:00,audusd,0.749055,0.749345,0.74813,0.74873
2022-04-01 18:00:00+00:00,audusd,0.749595,0.75003,0.749015,0.74905
2022-04-01 19:00:00+00:00,audusd,0.750405,0.750455,0.749525,0.749585
2022-04-01 20:00:00+00:00,audusd,0.74996,0.750405,0.749165,0.7504
2022-04-03 21:00:00+00:00,audusd,0.74916,0.749685,0.74888,0.74905
2022-04-03 22:00:00+00:00,audusd,0.748905,0.74961,0.748755,0.749145
2022-04-03 23:00:00+00:00,audusd,0.74857,0.749365,0.748505,0.748885
2022-04-04 00:00:00+00:00,audusd,0.749305,0.749745,0.74843,0.748575
2022-04-04 01:00:00+00:00,audusd,0.75043,0.75058,0.749235,0.749295
2022-04-04 02:00:00+00:00,audusd,0.75119,0.75125,0.750295,0.750435
2022-04-04 03:00:00+00:00,audusd,0.751445,0.75159,0.750595,0.751195
2022-04-04 04:00:00+00:00,audusd,0.75103,0.7516,0.750985,0.75144
2022-04-04 05:00:00+00:00,audusd,0.751495,0.751735,0.750475,0.751035
2022-04-04 06:00:00+00:00,audusd,0.75167,0.751775,0.751095,0.75149
2022-04-04 07:00:00+00:00,audusd,0.75213,0.752165,0.750855,0.75167
2022-04-04 08:00:00+00:00,audusd,0.751435,0.752285,0.750995,0.752135
2022-04-04 09:00:00+00:00,audusd,0.751635,0.7519,0.75099,0.751435
2022-04-04 10:00:00+00:00,audusd,0.750645,0.751915,0.75058,0.75164
2022-04-04 11:00:00+00:00,audusd,0.750735,0.751275,0.750615,0.75064
2022-04-04 12:00:00+00:00,audusd,0.751685,0.751835,0.750745,0.750745
2022-04-04 13:00:00+00:00,audusd,0.751995,0.752155,0.751155,0.75168
2022-04-04 14:00:00+00:00,audusd,0.754295,0.754505,0.751585,0.75199
2022-04-04 15:00:00+00:00,audusd,0.754865,0.75565,0.753995,0.7543
2022-04-04 16:00:00+00:00,audusd,0.754025,0.754995,0.753975,0.75486
2022-04-04 17:00:00+00:00,audusd,0.754105,0.754295,0.753775,0.754015
2022-04-04 18:00:00+00:00,audusd,0.754835,0.75488,0.75397,0.7541
2022-04-04 19:00:00+00:00,audusd,0.754375,0.755235,0.754155,0.75484
2022-04-04 20:00:00+00:00,audusd,0.754345,0.754725,0.75421,0.754365
2022-04-04 21:00:00+00:00,audusd,0.75424,0.75454,0.754165,0.7545
2022-04-04 22:00:00+00:00,audusd,0.75426,0.754685,0.754175,0.754245
2022-04-04 23:00:00+00:00,audusd,0.754335,0.754835,0.75414,0.754265
2022-04-05 00:00:00+00:00,audusd,0.754245,0.754775,0.753815,0.754325
2022-04-05 01:00:00+00:00,audusd,0.753845,0.754295,0.753615,0.75425
2022-04-05 02:00:00+00:00,audusd,0.753845,0.754345,0.753715,0.75384
2022-04-05 03:00:00+00:00,audusd,0.75392,0.7541,0.753765,0.75384
2022-04-05 04:00:00+00:00,audusd,0.759875,0.760455,0.753675,0.753915
2022-04-05 05:00:00+00:00,audusd,0.761335,0.761805,0.759725,0.759875
2022-04-05 06:00:00+00:00,audusd,0.762335,0.762615,0.76065,0.76134
2022-04-05 07:00:00+00:00,audusd,0.763085,0.763925,0.76229,0.76234
2022-04-05 08:00:00+00:00,audusd,0.76385,0.763945,0.762075,0.76308
2022-04-05 09:00:00+00:00,audusd,0.763495,0.763945,0.762905,0.76386
2022-04-05 10:00:00+00:00,audusd,0.762645,0.76349,0.761665,0.76349
2022-04-05 11:00:00+00:00,audusd,0.76349,0.763755,0.762275,0.76264
2022-04-05 12:00:00+00:00,audusd,0.7636,0.763645,0.762525,0.763485
2022-04-05 13:00:00+00:00,audusd,0.765275,0.765365,0.763405,0.763595
2022-04-05 14:00:00+00:00,audusd,0.76234,0.76613,0.761505,0.76527
2022-04-05 15:00:00+00:00,audusd,0.759515,0.762625,0.759145,0.762345
2022-04-05 16:00:00+00:00,audusd,0.759095,0.75982,0.758525,0.75951
2022-04-05 17:00:00+00:00,audusd,0.759515,0.7601,0.759005,0.759085
2022-04-05 18:00:00+00:00,audusd,0.759435,0.759795,0.75864,0.759505
2022-04-05 19:00:00+00:00,audusd,0.75785,0.75948,0.757235,0.759425
2022-04-05 20:00:00+00:00,audusd,0.75797,0.75812,0.75748,0.757855
2022-04-05 21:00:00+00:00,audusd,0.757785,0.75813,0.75765,0.75784
2022-04-05 22:00:00+00:00,audusd,0.758345,0.758495,0.75779,0.757795
2022-04-05 23:00:00+00:00,audusd,0.75854,0.758885,0.758175,0.758335
2022-04-06 00:00:00+00:00,audusd,0.757845,0.759325,0.75779,0.758655
2022-04-06 01:00:00+00:00,audusd,0.756335,0.758275,0.756195,0.75784
2022-04-06 02:00:00+00:00,audusd,0.756765,0.757455,0.75634,0.75634
2022-04-06 03:00:00+00:00,audusd,0.757295,0.757455,0.7565,0.75676
2022-04-06 04:00:00+00:00,audusd,0.757605,0.757745,0.757075,0.757305
2022-04-06 05:00:00+00:00,audusd,0.757035,0.758365,0.757015,0.75761
2022-04-06 06:00:00+00:00,audusd,0.758235,0.758365,0.756725,0.757045
2022-04-06 07:00:00+00:00,audusd,0.757835,0.759315,0.757825,0.758225
2022-04-06 08:00:00+00:00,audusd,0.75817,0.75874,0.75713,0.757845
2022-04-06 09:00:00+00:00,audusd,0.758475,0.758795,0.75762,0.758175
2022-04-06 10:00:00+00:00,audusd,0.757115,0.758695,0.756545,0.758465
2022-04-06 11:00:00+00:00,audusd,0.757145,0.757245,0.75619,0.757105
2022-04-06 12:00:00+00:00,audusd,0.756575,0.757795,0.756525,0.75714
2022-04-06 13:00:00+00:00,audusd,0.755845,0.75704,0.75581,0.75657
2022-04-06 14:00:00+00:00,audusd,0.753535,0.756055,0.7534,0.75585
2022-04-06 15:00:00+00:00,audusd,0.754205,0.754435,0.753395,0.753525
2022-04-06 16:00:00+00:00,audusd,0.753195,0.754495,0.752575,0.75421
2022-04-06 17:00:00+00:00,audusd,0.7526,0.753275,0.752045,0.75319
2022-04-06 18:00:00+00:00,audusd,0.750945,0.755715,0.748585,0.752605
2022-04-06 19:00:00+00:00,audusd,0.750955,0.751725,0.750645,0.75094
2022-04-06 20:00:00+00:00,audusd,0.75104,0.751235,0.750735,0.75096
2022-04-06 21:00:00+00:00,audusd,0.75097,0.751375,0.75075,0.750995
2022-04-06 22:00:00+00:00,audusd,0.751435,0.751925,0.75097,0.75099
2022-04-06 23:00:00+00:00,audusd,0.750475,0.751845,0.750355,0.751445
2022-04-07 00:00:00+00:00,audusd,0.750675,0.751365,0.749955,0.75048
2022-04-07 01:00:00+00:00,audusd,0.74956,0.751085,0.74916,0.75068
2022-04-07 02:00:00+00:00,audusd,0.748915,0.749775,0.74827,0.749555
2022-04-07 03:00:00+00:00,audusd,0.748065,0.749035,0.748025,0.74893
2022-04-07 04:00:00+00:00,audusd,0.74789,0.74809,0.747495,0.748025
2022-04-07 05:00:00+00:00,audusd,0.74828,0.748395,0.74744,0.747885
2022-04-07 06:00:00+00:00,audusd,0.748315,0.749245,0.748025,0.748285
2022-04-07 07:00:00+00:00,audusd,0.748595,0.749385,0.748035,0.748335
2022-04-07 08:00:00+00:00,audusd,0.747675,0.74863,0.74752,0.7486
2022-04-07 09:00:00+00:00,audusd,0.748115,0.74847,0.747545,0.747665
2022-04-07 10:00:00+00:00,audusd,0.74789,0.748845,0.747535,0.74812
2022-04-07 11:00:00+00:00,audusd,0.748485,0.748785,0.747725,0.747885
2022-04-07 12:00:00+00:00,audusd,0.747895,0.7493,0.74746,0.74848
2022-04-07 13:00:00+00:00,audusd,0.748385,0.749165,0.74757,0.7479
2022-04-07 14:00:00+00:00,audusd,0.747465,0.748775,0.747355,0.748375
2022-04-07 15:00:00+00:00,audusd,0.747115,0.747675,0.746695,0.747475
2022-04-07 16:00:00+00:00,audusd,0.746985,0.747445,0.74669,0.74711
2022-04-07 17:00:00+00:00,audusd,0.747845,0.748265,0.74699,0.74699
2022-04-07 18:00:00+00:00,audusd,0.748415,0.748575,0.747565,0.74784
2022-04-07 19:00:00+00:00,audusd,0.74778,0.74856,0.747485,0.74841
2022-04-07 20:00:00+00:00,audusd,0.74796,0.748085,0.747635,0.747775
2022-04-07 21:00:00+00:00,audusd,0.74812,0.7483,0.74804,0.74807
2022-04-07 22:00:00+00:00,audusd,0.747975,0.748245,0.747785,0.748125
2022-04-07 23:00:00+00:00,audusd,0.74782,0.74837,0.747715,0.747975
2022-04-08 00:00:00+00:00,audusd,0.747885,0.748705,0.74755,0.747825
2022-04-08 01:00:00+00:00,audusd,0.74819,0.74833,0.747365,0.74789
2022-04-08 02:00:00+00:00,audusd,0.748105,0.748365,0.747475,0.748195
2022-04-08 03:00:00+00:00,audusd,0.747725,0.748125,0.747335,0.74811
2022-04-08 04:00:00+00:00,audusd,0.74779,0.748225,0.74747,0.74772
2022-04-08 05:00:00+00:00,audusd,0.748295,0.749285,0.747625,0.747785
2022-04-08 06:00:00+00:00,audusd,0.748055,0.748425,0.7474,0.7483
2022-04-08 07:00:00+00:00,audusd,0.746125,0.74813,0.745745,0.748065
2022-04-08 08:00:00+00:00,audusd,0.746365,0.746745,0.74578,0.746125
2022-04-08 09:00:00+00:00,audusd,0.745765,0.746425,0.745705,0.74637
2022-04-08 10:00:00+00:00,audusd,0.746795,0.747045,0.745715,0.74576
2022-04-08 11:00:00+00:00,audusd,0.74604,0.74692,0.745685,0.746805
2022-04-08 12:00:00+00:00,audusd,0.74503,0.74678,0.744935,0.746045
2022-04-08 13:00:00+00:00,audusd,0.742765,0.745225,0.742645,0.745025
2022-04-08 14:00:00+00:00,audusd,0.74502,0.745335,0.742735,0.742765
2022-04-08 15:00:00+00:00,audusd,0.745925,0.745995,0.744885,0.745025
2022-04-08 16:00:00+00:00,audusd,0.74605,0.746365,0.745715,0.74593
2022-04-08 17:00:00+00:00,audusd,0.745685,0.746085,0.745375,0.746045
2022-04-08 18:00:00+00:00,audusd,0.74599,0.746115,0.745355,0.745675
2022-04-08 19:00:00+00:00,audusd,0.745775,0.74612,0.745535,0.745985
2022-04-08 20:00:00+00:00,audusd,0.745955,0.746265,0.745715,0.74578
2022-04-10 21:00:00+00:00,audusd,0.746165,0.746215,0.74589,0.745895
2022-04-10 22:00:00+00:00,audusd,0.746185,0.746595,0.745765,0.74617
2022-04-10 23:00:00+00:00,audusd,0.744575,0.746225,0.74454,0.74619
2022-04-11 00:00:00+00:00,audusd,0.743985,0.744915,0.74378,0.744565
2022-04-11 01:00:00+00:00,audusd,0.742805,0.74511,0.7427,0.74399
2022-04-11 02:00:00+00:00,audusd,0.743405,0.743575,0.7418,0.7428
2022-04-11 03:00:00+00:00,audusd,0.74365,0.744365,0.743375,0.74341
2022-04-11 04:00:00+00:00,audusd,0.744705,0.74472,0.743645,0.743655
2022-04-11 05:00:00+00:00,audusd,0.744665,0.74513,0.744065,0.74471
2022-04-11 06:00:00+00:00,audusd,0.742715,0.745135,0.742705,0.744675
2022-04-11 07:00:00+00:00,audusd,0.74373,0.744175,0.742165,0.74271
2022-04-11 08:00:00+00:00,audusd,0.743295,0.744205,0.743195,0.743735
2022-04-11 09:00:00+00:00,audusd,0.745355,0.745585,0.743175,0.74329
2022-04-11 10:00:00+00:00,audusd,0.74489,0.746075,0.744465,0.74535
2022-04-11 11:00:00+00:00,audusd,0.744485,0.745105,0.743615,0.744895
2022-04-11 12:00:00+00:00,audusd,0.743835,0.74458,0.74323,0.74449
2022-04-11 13:00:00+00:00,audusd,0.742345,0.744145,0.742135,0.743845
2022-04-11 14:00:00+00:00,audusd,0.742885,0.743235,0.742035,0.74234
2022-04-11 15:00:00+00:00,audusd,0.742015,0.743025,0.741965,0.742875
2022-04-11 16:00:00+00:00,audusd,0.741805,0.742205,0.741435,0.74201
2022-04-11 17:00:00+00:00,audusd,0.741795,0.742445,0.741705,0.741795
2022-04-11 18:00:00+00:00,audusd,0.742925,0.742925,0.74159,0.741785
2022-04-11 19:00:00+00:00,audusd,0.741765,0.743175,0.741505,0.74292
2022-04-11 20:00:00+00:00,audusd,0.74174,0.742,0.741495,0.74176
2022-04-11 21:00:00+00:00,audusd,0.74194,0.74253,0.74163,0.74169
2022-04-11 22:00:00+00:00,audusd,0.7422,0.742395,0.741825,0.74195
2022-04-11 23:00:00+00:00,audusd,0.741475,0.742345,0.7412,0.742205
2022-04-12 00:00:00+00:00,audusd,0.740835,0.742215,0.740595,0.741465
2022-04-12 01:00:00+00:00,audusd,0.74132,0.741725,0.739965,0.740825
2022-04-12 02:00:00+00:00,audusd,0.742185,0.742595,0.741295,0.741315
2022-04-12 03:00:00+00:00,audusd,0.742415,0.74273,0.74218,0.74218
2022-04-12 04:00:00+00:00,audusd,0.742675,0.74309,0.742315,0.742405
2022-04-12 05:00:00+00:00,audusd,0.743225,0.743975,0.74244,0.74268
2022-04-12 06:00:00+00:00,audusd,0.743035,0.74369,0.742485,0.74323
2022-04-12 07:00:00+00:00,audusd,0.743485,0.743515,0.742315,0.74304
2022-04-12 08:00:00+00:00,audusd,0.743015,0.74368,0.742735,0.74349
2022-04-12 09:00:00+00:00,audusd,0.743215,0.743535,0.74252,0.74302
2022-04-12 10:00:00+00:00,audusd,0.743555,0.744065,0.743205,0.74321
2022-04-12 11:00:00+00:00,audusd,0.744465,0.744475,0.7432,0.74356
2022-04-12 12:00:00+00:00,audusd,0.747915,0.748275,0.743265,0.74447
2022-04-12 13:00:00+00:00,audusd,0.746935,0.747995,0.74648,0.74791
2022-04-12 14:00:00+00:00,audusd,0.748235,0.74904,0.746905,0.74694
2022-04-12 15:00:00+00:00,audusd,0.74824,0.749355,0.748125,0.748245
2022-04-12 16:00:00+00:00,audusd,0.747625,0.748835,0.746615,0.748235
2022-04-12 17:00:00+00:00,audusd,0.746965,0.74782,0.746755,0.74762
2022-04-12 18:00:00+00:00,audusd,0.74604,0.747135,0.745725,0.74696
2022-04-12 19:00:00+00:00,audusd,0.7456,0.746245,0.745135,0.74604
2022-04-12 20:00:00+00:00,audusd,0.74566,0.745705,0.745315,0.745595
2022-04-12 21:00:00+00:00,audusd,0.74532,0.74601,0.745155,0.745535
2022-04-12 22:00:00+00:00,audusd,0.745705,0.746045,0.74531,0.74532
2022-04-12 23:00:00+00:00,audusd,0.745375,0.745915,0.745335,0.74571
2022-04-13 00:00:00+00:00,audusd,0.744535,0.74579,0.744275,0.745365
2022-04-13 01:00:00+00:00,audusd,0.746475,0.74657,0.744435,0.74454
2022-04-13 02:00:00+00:00,audusd,0.747125,0.747495,0.746215,0.746465
2022-04-13 03:00:00+00:00,audusd,0.746545,0.74729,0.745925,0.74713
2022-04-13 04:00:00+00:00,audusd,0.744865,0.746555,0.744265,0.746555
2022-04-13 05:00:00+00:00,audusd,0.745335,0.745505,0.744175,0.74487
2022-04-13 06:00:00+00:00,audusd,0.74301,0.745545,0.742945,0.745325
2022-04-13 07:00:00+00:00,audusd,0.744245,0.744325,0.742625,0.743015
2022-04-13 08:00:00+00:00,audusd,0.742765,0.744265,0.742635,0.744235
2022-04-13 09:00:00+00:00,audusd,0.742495,0.743025,0.74187,0.74277
2022-04-13 10:00:00+00:00,audusd,0.742115,0.742665,0.741695,0.7425
2022-04-13 11:00:00+00:00,audusd,0.741575,0.743395,0.741305,0.74211
2022-04-13 12:00:00+00:00,audusd,0.7408,0.74164,0.740185,0.74157
2022-04-13 13:00:00+00:00,audusd,0.740875,0.741185,0.739205,0.740795
2022-04-13 14:00:00+00:00,audusd,0.74118,0.741785,0.740135,0.740885
2022-04-13 15:00:00+00:00,audusd,0.742865,0.742995,0.741015,0.741175
2022-04-13 16:00:00+00:00,audusd,0.744055,0.74464,0.742665,0.742875
2022-04-13 17:00:00+00:00,audusd,0.744005,0.7447,0.743805,0.74406
2022-04-13 18:00:00+00:00,audusd,0.744555,0.74492,0.743835,0.744
2022-04-13 19:00:00+00:00,audusd,0.744635,0.7451,0.744285,0.744565
2022-04-13 20:00:00+00:00,audusd,0.745045,0.745485,0.744415,0.744635
2022-04-13 21:00:00+00:00,audusd,0.7454,0.74554,0.74514,0.745275
2022-04-13 22:00:00+00:00,audusd,0.745025,0.745505,0.745015,0.74541
2022-04-13 23:00:00+00:00,audusd,0.745035,0.745545,0.744795,0.74502
2022-04-14 00:00:00+00:00,audusd,0.745525,0.746625,0.745035,0.745045
2022-04-14 01:00:00+00:00,audusd,0.74573,0.746845,0.744485,0.745535
2022-04-14 02:00:00+00:00,audusd,0.745945,0.746265,0.745055,0.745735
2022-04-14 03:00:00+00:00,audusd,0.745895,0.746775,0.745655,0.745935
2022-04-14 04:00:00+00:00,audusd,0.745845,0.74597,0.745235,0.74589
2022-04-14 05:00:00+00:00,audusd,0.745685,0.746475,0.745635,0.74585
2022-04-14 06:00:00+00:00,audusd,0.74581,0.746695,0.74547,0.745675
2022-04-14 07:00:00+00:00,audusd,0.744505,0.74603,0.74426,0.745815
2022-04-14 08:00:00+00:00,audusd,0.744955,0.74517,0.743955,0.744515
2022-04-14 09:00:00+00:00,audusd,0.745025,0.745325,0.744505,0.74495
2022-04-14 10:00:00+00:00,audusd,0.744035,0.745205,0.743895,0.74502
2022-04-14 11:00:00+00:00,audusd,0.743905,0.744905,0.743585,0.74403
2022-04-14 12:00:00+00:00,audusd,0.743425,0.744835,0.743265,0.743905
2022-04-14 13:00:00+00:00,audusd,0.741575,0.743885,0.741235,0.74343
2022-04-14 14:00:00+00:00,audusd,0.741315,0.742615,0.740555,0.741585
2022-04-14 15:00:00+00:00,audusd,0.740395,0.741815,0.739745,0.741305
2022-04-14 16:00:00+00:00,audusd,0.74127,0.741875,0.740285,0.74039
2022-04-14 17:00:00+00:00,audusd,0.742185,0.742295,0.740895,0.741265
2022-04-14 18:00:00+00:00,audusd,0.741535,0.742435,0.74145,0.74219
2022-04-14 19:00:00+00:00,audusd,0.741845,0.742055,0.741465,0.74154
2022-04-15 01:00:00+00:00,audusd,0.74032,0.7407,0.740075,0.740625
2022-04-15 02:00:00+00:00,audusd,0.740435,0.74061,0.73991,0.740325
2022-04-15 03:00:00+00:00,audusd,0.74016,0.74044,0.74014,0.74043
2022-04-15 04:00:00+00:00,audusd,0.740405,0.74053,0.74016,0.740165
2022-04-15 05:00:00+00:00,audusd,0.74012,0.740415,0.74002,0.74041
2022-04-15 06:00:00+00:00,audusd,0.740355,0.740625,0.74009,0.740115
2022-04-15 07:00:00+00:00,audusd,0.740405,0.740465,0.74021,0.74035
2022-04-15 08:00:00+00:00,audusd,0.74115,0.74138,0.740225,0.740355
2022-04-15 09:00:00+00:00,audusd,0.74087,0.741175,0.740555,0.74114
2022-04-15 10:00:00+00:00,audusd,0.74049,0.74127,0.74049,0.740865
2022-04-15 11:00:00+00:00,audusd,0.74053,0.74076,0.74007,0.740495
2022-04-15 12:00:00+00:00,audusd,0.74047,0.74089,0.740465,0.740535
2022-04-15 13:00:00+00:00,audusd,0.74003,0.7407,0.739965,0.740475
2022-04-15 14:00:00+00:00,audusd,0.74005,0.74038,0.73985,0.74003
2022-04-15 15:00:00+00:00,audusd,0.73947,0.740315,0.73928,0.74004
2022-04-15 16:00:00+00:00,audusd,0.73938,0.73965,0.73917,0.739475
2022-04-15 17:00:00+00:00,audusd,0.73944,0.73954,0.73934,0.73937
2022-04-15 18:00:00+00:00,audusd,0.73937,0.73951,0.739345,0.73947
2022-04-15 19:00:00+00:00,audusd,0.739385,0.739605,0.739315,0.73937
2022-04-15 20:00:00+00:00,audusd,0.73944,0.73964,0.739275,0.73938
2022-04-17 21:00:00+00:00,audusd,0.7394,0.739415,0.739165,0.7393
2022-04-17 22:00:00+00:00,audusd,0.74033,0.74036,0.739285,0.73939
2022-04-17 23:00:00+00:00,audusd,0.73966,0.740375,0.739275,0.740325
2022-04-18 00:00:00+00:00,audusd,0.738595,0.739715,0.738225,0.739665
2022-04-18 01:00:00+00:00,audusd,0.738435,0.738995,0.738185,0.73859
2022-04-18 02:00:00+00:00,audusd,0.7373,0.738785,0.737175,0.73844
2022-04-18 03:00:00+00:00,audusd,0.735805,0.737365,0.73578,0.737295
2022-04-18 04:00:00+00:00,audusd,0.735435,0.736355,0.735145,0.7358
2022-04-18 05:00:00+00:00,audusd,0.735535,0.735755,0.735135,0.73543
2022-04-18 06:00:00+00:00,audusd,0.736155,0.736335,0.735425,0.73554
2022-04-18 07:00:00+00:00,audusd,0.736755,0.736755,0.735855,0.73616
2022-04-18 08:00:00+00:00,audusd,0.736405,0.737115,0.736175,0.73675
2022-04-18 09:00:00+00:00,audusd,0.736615,0.737065,0.736355,0.73641
2022-04-18 10:00:00+00:00,audusd,0.736955,0.736955,0.736315,0.73661
2022-04-18 11:00:00+00:00,audusd,0.736785,0.737105,0.736675,0.73696
2022-04-18 12:00:00+00:00,audusd,0.737155,0.737585,0.736245,0.73678
2022-04-18 13:00:00+00:00,audusd,0.736825,0.737865,0.736715,0.737165
2022-04-18 14:00:00+00:00,audusd,0.735665,0.737355,0.735375,0.736815
2022-04-18 15:00:00+00:00,audusd,0.735255,0.736175,0.735075,0.735675
2022-04-18 16:00:00+00:00,audusd,0.735265,0.735265,0.735245,0.73525
2022-04-18 21:00:00+00:00,audusd,0.73524,0.735335,0.73464,0.73495
2022-04-18 22:00:00+00:00,audusd,0.735985,0.736035,0.73495,0.735245
2022-04-18 23:00:00+00:00,audusd,0.735705,0.736085,0.734975,0.736
2022-04-19 00:00:00+00:00,audusd,0.73548,0.736835,0.7353,0.735695
2022-04-19 01:00:00+00:00,audusd,0.735845,0.736415,0.735055,0.735475
2022-04-19 02:00:00+00:00,audusd,0.735905,0.736005,0.734545,0.735855
2022-04-19 03:00:00+00:00,audusd,0.736575,0.736935,0.735725,0.735895
2022-04-19 04:00:00+00:00,audusd,0.737345,0.737645,0.736465,0.736605
2022-04-19 05:00:00+00:00,audusd,0.73715,0.737855,0.736725,0.73735
2022-04-19 06:00:00+00:00,audusd,0.737945,0.73833,0.73707,0.737145
2022-04-19 07:00:00+00:00,audusd,0.738595,0.738875,0.737675,0.73795
2022-04-19 08:00:00+00:00,audusd,0.738945,0.740005,0.738145,0.738585
2022-04-19 09:00:00+00:00,audusd,0.737355,0.73895,0.737205,0.73895
2022-04-19 10:00:00+00:00,audusd,0.736645,0.737435,0.73638,0.73735
2022-04-19 11:00:00+00:00,audusd,0.736415,0.736645,0.73508,0.73664
2022-04-19 12:00:00+00:00,audusd,0.735985,0.736905,0.735575,0.73642
2022-04-19 13:00:00+00:00,audusd,0.73812,0.738135,0.735495,0.73598
2022-04-19 14:00:00+00:00,audusd,0.737115,0.738815,0.736805,0.73811
2022-04-19 15:00:00+00:00,audusd,0.737155,0.737335,0.73623,0.737125
2022-04-19 16:00:00+00:00,audusd,0.737745,0.737845,0.736635,0.737145
2022-04-19 17:00:00+00:00,audusd,0.737615,0.738095,0.737385,0.73775
2022-04-19 18:00:00+00:00,audusd,0.737345,0.73775,0.73664,0.73761
2022-04-19 19:00:00+00:00,audusd,0.738115,0.738125,0.737315,0.737335
2022-04-19 20:00:00+00:00,audusd,0.737425,0.738105,0.737315,0.7381
2022-04-19 21:00:00+00:00,audusd,0.73767,0.73815,0.7374,0.737435
2022-04-19 22:00:00+00:00,audusd,0.738825,0.739325,0.73768,0.73768
2022-04-19 23:00:00+00:00,audusd,0.739355,0.739465,0.738635,0.73883
2022-04-20 00:00:00+00:00,audusd,0.73973,0.740275,0.739325,0.739415
2022-04-20 01:00:00+00:00,audusd,0.740555,0.74068,0.737285,0.739735
2022-04-20 02:00:00+00:00,audusd,0.741045,0.741475,0.740025,0.740545
2022-04-20 03:00:00+00:00,audusd,0.741285,0.741525,0.740805,0.74105
2022-04-20 04:00:00+00:00,audusd,0.742465,0.742475,0.740975,0.741295
2022-04-20 05:00:00+00:00,audusd,0.742525,0.74309,0.741665,0.74246
2022-04-20 06:00:00+00:00,audusd,0.741735,0.742625,0.74102,0.742515
2022-04-20 07:00:00+00:00,audusd,0.741595,0.742745,0.741045,0.741745
2022-04-20 08:00:00+00:00,audusd,0.7433,0.743485,0.741015,0.7416
2022-04-20 09:00:00+00:00,audusd,0.743555,0.743785,0.742885,0.743305
2022-04-20 10:00:00+00:00,audusd,0.744055,0.744675,0.743555,0.743565
2022-04-20 11:00:00+00:00,audusd,0.743125,0.744115,0.742945,0.74405
2022-04-20 12:00:00+00:00,audusd,0.742035,0.743615,0.741555,0.743135
2022-04-20 13:00:00+00:00,audusd,0.74267,0.743495,0.742035,0.74204
2022-04-20 14:00:00+00:00,audusd,0.745575,0.745775,0.742235,0.742665
2022-04-20 15:00:00+00:00,audusd,0.745155,0.745685,0.744715,0.74557
2022-04-20 16:00:00+00:00,audusd,0.744595,0.74538,0.744315,0.745145
2022-04-20 17:00:00+00:00,audusd,0.745165,0.745275,0.744475,0.74459
2022-04-20 18:00:00+00:00,audusd,0.744015,0.74563,0.743785,0.74516
2022-04-20 19:00:00+00:00,audusd,0.74496,0.745025,0.743965,0.74401
2022-04-20 20:00:00+00:00,audusd,0.745105,0.745245,0.744725,0.744965
2022-04-20 21:00:00+00:00,audusd,0.745215,0.74525,0.744705,0.74495
2022-04-20 22:00:00+00:00,audusd,0.744325,0.745455,0.744245,0.74522
2022-04-20 23:00:00+00:00,audusd,0.744425,0.744875,0.744255,0.744325
2022-04-21 00:00:00+00:00,audusd,0.743245,0.744665,0.742845,0.744405
2022-04-21 01:00:00+00:00,audusd,0.743365,0.744185,0.742955,0.74325
2022-04-21 02:00:00+00:00,audusd,0.743185,0.744255,0.743045,0.743355
2022-04-21 03:00:00+00:00,audusd,0.742635,0.743465,0.742115,0.74317
2022-04-21 04:00:00+00:00,audusd,0.743575,0.743755,0.74249,0.7427
2022-04-21 05:00:00+00:00,audusd,0.744165,0.744785,0.743365,0.743565
2022-04-21 06:00:00+00:00,audusd,0.744495,0.744715,0.743415,0.744155
2022-04-21 07:00:00+00:00,audusd,0.745695,0.745825,0.743355,0.744505
2022-04-21 08:00:00+00:00,audusd,0.744855,0.745745,0.744315,0.74569
2022-04-21 09:00:00+00:00,audusd,0.74421,0.744975,0.744075,0.744865
2022-04-21 10:00:00+00:00,audusd,0.744525,0.744645,0.743485,0.744205
2022-04-21 11:00:00+00:00,audusd,0.742645,0.744565,0.742605,0.74453
2022-04-21 12:00:00+00:00,audusd,0.743125,0.743735,0.742525,0.742655
2022-04-21 13:00:00+00:00,audusd,0.741865,0.743925,0.741585,0.743115
2022-04-21 14:00:00+00:00,audusd,0.739735,0.742235,0.739725,0.741855
2022-04-21 15:00:00+00:00,audusd,0.7376,0.73983,0.737305,0.739745
2022-04-21 16:00:00+00:00,audusd,0.73694,0.737895,0.736705,0.737605
2022-04-21 17:00:00+00:00,audusd,0.737145,0.737975,0.736505,0.736935
2022-04-21 18:00:00+00:00,audusd,0.737025,0.737345,0.736505,0.737135
2022-04-21 19:00:00+00:00,audusd,0.73744,0.737775,0.736575,0.737
2022-04-21 20:00:00+00:00,audusd,0.7373,0.737745,0.736915,0.737445
2022-04-21 21:00:00+00:00,audusd,0.737405,0.737845,0.73718,0.737205
2022-04-21 22:00:00+00:00,audusd,0.737155,0.73743,0.73686,0.7374
2022-04-21 23:00:00+00:00,audusd,0.73603,0.737355,0.735945,0.73715
2022-04-22 00:00:00+00:00,audusd,0.735795,0.736925,0.735625,0.736035
2022-04-22 01:00:00+00:00,audusd,0.735875,0.736675,0.735335,0.7358
2022-04-22 02:00:00+00:00,audusd,0.73578,0.736125,0.73525,0.735885
2022-04-22 03:00:00+00:00,audusd,0.734595,0.735805,0.733185,0.735775
2022-04-22 04:00:00+00:00,audusd,0.734205,0.734885,0.733485,0.734625
2022-04-22 05:00:00+00:00,audusd,0.733605,0.734655,0.733305,0.73421
2022-04-22 06:00:00+00:00,audusd,0.731135,0.73493,0.731135,0.733595
2022-04-22 07:00:00+00:00,audusd,0.731425,0.731885,0.730715,0.73114
2022-04-22 08:00:00+00:00,audusd,0.73033,0.731625,0.730325,0.73143
2022-04-22 09:00:00+00:00,audusd,0.730325,0.731225,0.730235,0.730325
2022-04-22 10:00:00+00:00,audusd,0.730535,0.73085,0.729725,0.73033
2022-04-22 11:00:00+00:00,audusd,0.730545,0.731385,0.730475,0.730525
2022-04-22 12:00:00+00:00,audusd,0.730315,0.730805,0.730025,0.73054
2022-04-22 13:00:00+00:00,audusd,0.727355,0.730555,0.727345,0.73032
2022-04-22 14:00:00+00:00,audusd,0.725465,0.727785,0.724925,0.72735
2022-04-22 15:00:00+00:00,audusd,0.725595,0.726405,0.724915,0.725455
2022-04-22 16:00:00+00:00,audusd,0.724145,0.726005,0.724055,0.725605
2022-04-22 17:00:00+00:00,audusd,0.72409,0.724805,0.723765,0.72415
2022-04-22 18:00:00+00:00,audusd,0.723705,0.724785,0.72349,0.724085
2022-04-22 19:00:00+00:00,audusd,0.72395,0.724965,0.723715,0.723725
2022-04-22 20:00:00+00:00,audusd,0.724425,0.724625,0.723785,0.723965
2022-04-24 21:00:00+00:00,audusd,0.725245,0.725245,0.72439,0.724935
2022-04-24 22:00:00+00:00,audusd,0.724185,0.72527,0.723255,0.72526
2022-04-24 23:00:00+00:00,audusd,0.723225,0.724295,0.723215,0.724195
2022-04-25 00:00:00+00:00,audusd,0.721345,0.723355,0.721325,0.72323
2022-04-25 01:00:00+00:00,audusd,0.718755,0.72154,0.717555,0.72135
2022-04-25 02:00:00+00:00,audusd,0.718455,0.71903,0.717835,0.71875
2022-04-25 03:00:00+00:00,audusd,0.718555,0.719295,0.718425,0.718465
2022-04-25 04:00:00+00:00,audusd,0.71665,0.718785,0.716425,0.71855
2022-04-25 05:00:00+00:00,audusd,0.71628,0.717445,0.715465,0.716645
2022-04-25 06:00:00+00:00,audusd,0.715095,0.71715,0.715025,0.716275
2022-04-25 07:00:00+00:00,audusd,0.718065,0.718215,0.715055,0.715085
2022-04-25 08:00:00+00:00,audusd,0.71721,0.720285,0.717105,0.718055
2022-04-25 09:00:00+00:00,audusd,0.715865,0.717765,0.715605,0.717205
2022-04-25 10:00:00+00:00,audusd,0.715155,0.716305,0.714415,0.71587
2022-04-25 11:00:00+00:00,audusd,0.718175,0.718375,0.71449,0.71515
2022-04-25 12:00:00+00:00,audusd,0.716685,0.718545,0.71608,0.718165
2022-04-25 13:00:00+00:00,audusd,0.714385,0.716755,0.713835,0.71669
2022-04-25 14:00:00+00:00,audusd,0.71447,0.715615,0.713495,0.71439
2022-04-25 15:00:00+00:00,audusd,0.714795,0.715635,0.714465,0.714475
2022-04-25 16:00:00+00:00,audusd,0.716445,0.717115,0.714655,0.714785
2022-04-25 17:00:00+00:00,audusd,0.716505,0.717145,0.715755,0.716435
2022-04-25 18:00:00+00:00,audusd,0.716625,0.717595,0.715885,0.716495
2022-04-25 19:00:00+00:00,audusd,0.717525,0.717935,0.71635,0.716625
2022-04-25 20:00:00+00:00,audusd,0.717855,0.718175,0.717305,0.71752
2022-04-25 21:00:00+00:00,audusd,0.71832,0.71835,0.717825,0.717825
2022-04-25 22:00:00+00:00,audusd,0.718285,0.71863,0.717425,0.718315
2022-04-25 23:00:00+00:00,audusd,0.71769,0.718455,0.717585,0.71828
2022-04-26 00:00:00+00:00,audusd,0.718835,0.719225,0.716945,0.717685
2022-04-26 01:00:00+00:00,audusd,0.718685,0.71955,0.717635,0.71883
2022-04-26 02:00:00+00:00,audusd,0.720875,0.720985,0.71819,0.71868
2022-04-26 03:00:00+00:00,audusd,0.72162,0.722875,0.72074,0.720885
2022-04-26 04:00:00+00:00,audusd,0.72245,0.72289,0.721445,0.721625
2022-04-26 05:00:00+00:00,audusd,0.721915,0.722815,0.721615,0.722445
2022-04-26 06:00:00+00:00,audusd,0.71964,0.722105,0.719605,0.721905
2022-04-26 07:00:00+00:00,audusd,0.718425,0.719925,0.7179,0.719645
2022-04-26 08:00:00+00:00,audusd,0.720125,0.720325,0.718405,0.718415
2022-04-26 09:00:00+00:00,audusd,0.7212,0.721595,0.719855,0.720135
2022-04-26 10:00:00+00:00,audusd,0.721115,0.721745,0.72052,0.721195
2022-04-26 11:00:00+00:00,audusd,0.720165,0.721375,0.719825,0.721125
2022-04-26 12:00:00+00:00,audusd,0.718835,0.720265,0.718655,0.72016
2022-04-26 13:00:00+00:00,audusd,0.71776,0.71969,0.717545,0.718845
2022-04-26 14:00:00+00:00,audusd,0.715365,0.717785,0.715275,0.717765
2022-04-26 15:00:00+00:00,audusd,0.714305,0.71598,0.714125,0.715375
2022-04-26 16:00:00+00:00,audusd,0.715775,0.716145,0.714315,0.714315
2022-04-26 17:00:00+00:00,audusd,0.714885,0.715935,0.714455,0.71578
2022-04-26 18:00:00+00:00,audusd,0.714525,0.715575,0.7145,0.71488
2022-04-26 19:00:00+00:00,audusd,0.713755,0.71461,0.713405,0.71453
2022-04-26 20:00:00+00:00,audusd,0.71229,0.71415,0.71191,0.713765
2022-04-26 21:00:00+00:00,audusd,0.71208,0.712985,0.711955,0.71252
2022-04-26 22:00:00+00:00,audusd,0.713085,0.713415,0.712085,0.712085
2022-04-26 23:00:00+00:00,audusd,0.714165,0.714515,0.713095,0.713095
2022-04-27 00:00:00+00:00,audusd,0.71334,0.71483,0.712775,0.714185
2022-04-27 01:00:00+00:00,audusd,0.715985,0.7171,0.713235,0.713335
2022-04-27 02:00:00+00:00,audusd,0.716155,0.71645,0.714305,0.715975
2022-04-27 03:00:00+00:00,audusd,0.716265,0.717255,0.715615,0.71616
2022-04-27 04:00:00+00:00,audusd,0.718315,0.718355,0.715995,0.716315
2022-04-27 05:00:00+00:00,audusd,0.717895,0.719095,0.717555,0.71831
2022-04-27 06:00:00+00:00,audusd,0.716955,0.718385,0.716555,0.717885
2022-04-27 07:00:00+00:00,audusd,0.716085,0.717105,0.713645,0.71696
2022-04-27 08:00:00+00:00,audusd,0.714905,0.716545,0.714305,0.716095
2022-04-27 09:00:00+00:00,audusd,0.715215,0.716175,0.714695,0.7149
2022-04-27 10:00:00+00:00,audusd,0.715685,0.71569,0.714165,0.71522
2022-04-27 11:00:00+00:00,audusd,0.71369,0.715685,0.713675,0.715675
2022-04-27 12:00:00+00:00,audusd,0.712435,0.714165,0.712215,0.713695
2022-04-27 13:00:00+00:00,audusd,0.713645,0.71446,0.711515,0.712425
2022-04-27 14:00:00+00:00,audusd,0.710495,0.713995,0.710395,0.71364
2022-04-27 15:00:00+00:00,audusd,0.712395,0.712675,0.710135,0.7105
2022-04-27 16:00:00+00:00,audusd,0.714185,0.71496,0.71216,0.712395
2022-04-27 17:00:00+00:00,audusd,0.71434,0.714585,0.713395,0.714195
2022-04-27 18:00:00+00:00,audusd,0.712025,0.714345,0.712015,0.714345
2022-04-27 19:00:00+00:00,audusd,0.712205,0.712385,0.71155,0.712015
2022-04-27 20:00:00+00:00,audusd,0.71259,0.71275,0.711975,0.712185
2022-04-27 21:00:00+00:00,audusd,0.71238,0.71278,0.71228,0.712525
2022-04-27 22:00:00+00:00,audusd,0.712495,0.71283,0.71185,0.712385
2022-04-27 23:00:00+00:00,audusd,0.712175,0.712665,0.712045,0.712515
2022-04-28 00:00:00+00:00,audusd,0.711795,0.71258,0.711005,0.712225
2022-04-28 01:00:00+00:00,audusd,0.712285,0.712515,0.710665,0.7118
2022-04-28 02:00:00+00:00,audusd,0.711965,0.712505,0.711115,0.71229
2022-04-28 03:00:00+00:00,audusd,0.709435,0.712165,0.709335,0.71196
2022-04-28 04:00:00+00:00,audusd,0.709765,0.710195,0.708525,0.70944
2022-04-28 05:00:00+00:00,audusd,0.709455,0.710285,0.707535,0.70976
2022-04-28 06:00:00+00:00,audusd,0.711735,0.712115,0.709375,0.709445
2022-04-28 07:00:00+00:00,audusd,0.715285,0.716235,0.711425,0.711715
2022-04-28 08:00:00+00:00,audusd,0.713475,0.715435,0.713335,0.71529
2022-04-28 09:00:00+00:00,audusd,0.711345,0.714075,0.711055,0.71347
2022-04-28 10:00:00+00:00,audusd,0.70913,0.711705,0.70907,0.711335
2022-04-28 11:00:00+00:00,audusd,0.708245,0.71024,0.708195,0.709135
2022-04-28 12:00:00+00:00,audusd,0.707585,0.710565,0.707495,0.70825
2022-04-28 13:00:00+00:00,audusd,0.708245,0.709235,0.70749,0.70758
2022-04-28 14:00:00+00:00,audusd,0.707575,0.70824,0.70551,0.70824
2022-04-28 15:00:00+00:00,audusd,0.707735,0.70967,0.707335,0.707585
2022-04-28 16:00:00+00:00,audusd,0.710145,0.710335,0.706985,0.70774
2022-04-28 17:00:00+00:00,audusd,0.709805,0.711115,0.709645,0.71015
2022-04-28 18:00:00+00:00,audusd,0.70946,0.710215,0.709,0.709795
2022-04-28 19:00:00+00:00,audusd,0.710295,0.710355,0.709395,0.70945
2022-04-28 20:00:00+00:00,audusd,0.70975,0.710405,0.709595,0.71029
2022-04-28 21:00:00+00:00,audusd,0.710075,0.710395,0.7094,0.709955
2022-04-28 22:00:00+00:00,audusd,0.710245,0.71031,0.70965,0.71008
2022-04-28 23:00:00+00:00,audusd,0.71094,0.710955,0.709995,0.710245
2022-04-29 00:00:00+00:00,audusd,0.712515,0.71333,0.710945,0.71095
2022-04-29 01:00:00+00:00,audusd,0.712625,0.713845,0.71237,0.712505
2022-04-29 02:00:00+00:00,audusd,0.71172,0.713175,0.711005,0.71262
2022-04-29 03:00:00+00:00,audusd,0.712845,0.713575,0.7116,0.711725
2022-04-29 04:00:00+00:00,audusd,0.714485,0.714605,0.71252,0.71284
2022-04-29 05:00:00+00:00,audusd,0.714795,0.716535,0.71438,0.71448
2022-04-29 06:00:00+00:00,audusd,0.714295,0.716005,0.714185,0.71479
2022-04-29 07:00:00+00:00,audusd,0.716045,0.716265,0.71355,0.714285
2022-04-29 08:00:00+00:00,audusd,0.714625,0.716265,0.714455,0.71604
2022-04-29 09:00:00+00:00,audusd,0.71612,0.716285,0.714535,0.71463
2022-04-29 10:00:00+00:00,audusd,0.71694,0.717005,0.715755,0.716115
2022-04-29 11:00:00+00:00,audusd,0.716525,0.717995,0.716225,0.716945
2022-04-29 12:00:00+00:00,audusd,0.716835,0.717205,0.715195,0.71653
2022-04-29 13:00:00+00:00,audusd,0.715925,0.71684,0.715175,0.716825
2022-04-29 14:00:00+00:00,audusd,0.71141,0.716485,0.71003,0.71592
2022-04-29 15:00:00+00:00,audusd,0.710195,0.711485,0.709285,0.7114
2022-04-29 16:00:00+00:00,audusd,0.708405,0.710195,0.708055,0.71019
2022-04-29 17:00:00+00:00,audusd,0.709835,0.710425,0.70813,0.708395
2022-04-29 18:00:00+00:00,audusd,0.708155,0.710015,0.708105,0.70983
2022-04-29 19:00:00+00:00,audusd,0.706505,0.708505,0.706255,0.70816
2022-04-29 20:00:00+00:00,audusd,0.70614,0.706655,0.705955,0.7065
2022-05-01 21:00:00+00:00,audusd,0.70677,0.707175,0.70668,0.70705
2022-05-01 22:00:00+00:00,audusd,0.707005,0.707595,0.706035,0.70676
2022-05-01 23:00:00+00:00,audusd,0.706305,0.70759,0.706285,0.707
2022-05-02 00:00:00+00:00,audusd,0.706175,0.708215,0.705755,0.706295
2022-05-02 01:00:00+00:00,audusd,0.704425,0.70659,0.703935,0.706185
2022-05-02 02:00:00+00:00,audusd,0.704355,0.704585,0.703285,0.70442
2022-05-02 03:00:00+00:00,audusd,0.705155,0.70525,0.70415,0.70436
2022-05-02 04:00:00+00:00,audusd,0.703815,0.70515,0.703585,0.70515
2022-05-02 05:00:00+00:00,audusd,0.704305,0.704755,0.703405,0.70381
2022-05-02 06:00:00+00:00,audusd,0.705935,0.706115,0.704165,0.704295
2022-05-02 07:00:00+00:00,audusd,0.704645,0.70624,0.704325,0.70593
2022-05-02 08:00:00+00:00,audusd,0.70577,0.706055,0.704615,0.704665
2022-05-02 09:00:00+00:00,audusd,0.707265,0.707445,0.705545,0.705775
2022-05-02 10:00:00+00:00,audusd,0.707455,0.707675,0.706925,0.707275
2022-05-02 11:00:00+00:00,audusd,0.706605,0.707565,0.706475,0.707455
2022-05-02 12:00:00+00:00,audusd,0.704595,0.70679,0.704445,0.7066
2022-05-02 13:00:00+00:00,audusd,0.706025,0.706425,0.704365,0.70459
2022-05-02 14:00:00+00:00,audusd,0.704835,0.707,0.70409,0.706135
2022-05-02 15:00:00+00:00,audusd,0.705805,0.705825,0.703415,0.704845
2022-05-02 16:00:00+00:00,audusd,0.703925,0.706615,0.7036,0.7058
2022-05-02 17:00:00+00:00,audusd,0.703875,0.704585,0.703395,0.703935
2022-05-02 18:00:00+00:00,audusd,0.70358,0.7044,0.703015,0.70387
2022-05-02 19:00:00+00:00,audusd,0.705275,0.70553,0.703515,0.703575
2022-05-02 20:00:00+00:00,audusd,0.70507,0.705315,0.704925,0.705265
2022-05-02 21:00:00+00:00,audusd,0.70529,0.70555,0.70507,0.70524
2022-05-02 22:00:00+00:00,audusd,0.704995,0.70534,0.704715,0.7053
2022-05-02 23:00:00+00:00,audusd,0.7051,0.7053,0.704745,0.705005
2022-05-03 00:00:00+00:00,audusd,0.709235,0.709345,0.705095,0.705095
2022-05-03 01:00:00+00:00,audusd,0.709185,0.709575,0.70784,0.709225
2022-05-03 02:00:00+00:00,audusd,0.709745,0.710005,0.708855,0.70919
2022-05-03 03:00:00+00:00,audusd,0.709145,0.70976,0.708445,0.70974
2022-05-03 04:00:00+00:00,audusd,0.710055,0.714795,0.708465,0.70915
2022-05-03 05:00:00+00:00,audusd,0.711125,0.711955,0.708495,0.71006
2022-05-03 06:00:00+00:00,audusd,0.710615,0.712815,0.70978,0.71079
2022-05-03 07:00:00+00:00,audusd,0.711245,0.71158,0.708495,0.71062
2022-05-03 08:00:00+00:00,audusd,0.70992,0.711825,0.708855,0.71125
2022-05-03 09:00:00+00:00,audusd,0.71016,0.710425,0.709015,0.709915
2022-05-03 10:00:00+00:00,audusd,0.708225,0.710385,0.708015,0.710155
2022-05-03 11:00:00+00:00,audusd,0.711665,0.711825,0.708225,0.708225
2022-05-03 12:00:00+00:00,audusd,0.711655,0.712725,0.71086,0.711655
2022-05-03 13:00:00+00:00,audusd,0.710865,0.712175,0.71015,0.71165
2022-05-03 14:00:00+00:00,audusd,0.709745,0.712075,0.709435,0.710855
2022-05-03 15:00:00+00:00,audusd,0.710005,0.710895,0.709535,0.70974
2022-05-03 16:00:00+00:00,audusd,0.709075,0.710005,0.708575,0.71
2022-05-03 17:00:00+00:00,audusd,0.709725,0.710475,0.70907,0.70908
2022-05-03 18:00:00+00:00,audusd,0.70944,0.70995,0.707935,0.70973
2022-05-03 19:00:00+00:00,audusd,0.709635,0.709725,0.708715,0.709435
2022-05-03 20:00:00+00:00,audusd,0.70973,0.709785,0.709355,0.70964
2022-05-03 21:00:00+00:00,audusd,0.70971,0.70989,0.709575,0.709725
2022-05-03 22:00:00+00:00,audusd,0.710235,0.71031,0.70952,0.70972
2022-05-03 23:00:00+00:00,audusd,0.710065,0.710585,0.70986,0.710245
2022-05-04 00:00:00+00:00,audusd,0.709975,0.71074,0.708885,0.71007
2022-05-04 01:00:00+00:00,audusd,0.710705,0.711505,0.70932,0.70997
2022-05-04 02:00:00+00:00,audusd,0.71138,0.711695,0.710625,0.710715
2022-05-04 03:00:00+00:00,audusd,0.71117,0.711905,0.710845,0.711375
2022-05-04 04:00:00+00:00,audusd,0.710695,0.711495,0.71069,0.711175
2022-05-04 05:00:00+00:00,audusd,0.710945,0.711205,0.709895,0.710685
2022-05-04 06:00:00+00:00,audusd,0.711545,0.712275,0.710465,0.71094
2022-05-04 07:00:00+00:00,audusd,0.710845,0.711665,0.710035,0.711555
2022-05-04 08:00:00+00:00,audusd,0.7119,0.712305,0.710635,0.71085
2022-05-04 09:00:00+00:00,audusd,0.711885,0.712105,0.71128,0.711895
2022-05-04 10:00:00+00:00,audusd,0.712855,0.713315,0.711715,0.711895
2022-05-04 11:00:00+00:00,audusd,0.713515,0.713695,0.712325,0.71286
2022-05-04 12:00:00+00:00,audusd,0.714415,0.714615,0.712395,0.71351
2022-05-04 13:00:00+00:00,audusd,0.713075,0.7151,0.712745,0.714405
2022-05-04 14:00:00+00:00,audusd,0.713405,0.713755,0.711545,0.713085
2022-05-04 15:00:00+00:00,audusd,0.714525,0.714895,0.7131,0.713415
2022-05-04 16:00:00+00:00,audusd,0.71507,0.715135,0.714065,0.71453
2022-05-04 17:00:00+00:00,audusd,0.715055,0.715475,0.714185,0.715075
2022-05-04 18:00:00+00:00,audusd,0.723125,0.725175,0.712525,0.715045
2022-05-04 19:00:00+00:00,audusd,0.725735,0.726475,0.721015,0.723135
2022-05-04 20:00:00+00:00,audusd,0.725955,0.726575,0.725105,0.725735
2022-05-04 21:00:00+00:00,audusd,0.72565,0.72626,0.72538,0.72603
2022-05-04 22:00:00+00:00,audusd,0.724085,0.725865,0.724085,0.725655
2022-05-04 23:00:00+00:00,audusd,0.72514,0.725985,0.723925,0.724095
2022-05-05 00:00:00+00:00,audusd,0.724015,0.725935,0.723655,0.725145
2022-05-05 01:00:00+00:00,audusd,0.724795,0.726625,0.723815,0.724025
2022-05-05 02:00:00+00:00,audusd,0.724155,0.725605,0.724145,0.72479
2022-05-05 03:00:00+00:00,audusd,0.724335,0.724945,0.723845,0.72416
2022-05-05 04:00:00+00:00,audusd,0.723545,0.724645,0.723185,0.724325
2022-05-05 05:00:00+00:00,audusd,0.724055,0.724115,0.722735,0.72354
2022-05-05 06:00:00+00:00,audusd,0.7216,0.72498,0.721595,0.724065
2022-05-05 07:00:00+00:00,audusd,0.722635,0.722755,0.721175,0.721605
2022-05-05 08:00:00+00:00,audusd,0.721815,0.72263,0.720365,0.72263
2022-05-05 09:00:00+00:00,audusd,0.721625,0.722135,0.72117,0.72181
2022-05-05 10:00:00+00:00,audusd,0.721505,0.722625,0.721025,0.721635
2022-05-05 11:00:00+00:00,audusd,0.71923,0.72194,0.718925,0.72151
2022-05-05 12:00:00+00:00,audusd,0.718505,0.72073,0.717865,0.719225
2022-05-05 13:00:00+00:00,audusd,0.716335,0.71883,0.71599,0.7185
2022-05-05 14:00:00+00:00,audusd,0.713705,0.71636,0.711775,0.71634
2022-05-05 15:00:00+00:00,audusd,0.70914,0.713715,0.70914,0.713695
2022-05-05 16:00:00+00:00,audusd,0.708835,0.710065,0.707745,0.70913
2022-05-05 17:00:00+00:00,audusd,0.708805,0.710985,0.708415,0.708845
2022-05-05 18:00:00+00:00,audusd,0.70923,0.709975,0.707905,0.7088
2022-05-05 19:00:00+00:00,audusd,0.711425,0.7115,0.70904,0.709235
2022-05-05 20:00:00+00:00,audusd,0.711235,0.711665,0.71083,0.711425
2022-05-05 21:00:00+00:00,audusd,0.71135,0.71139,0.71102,0.711295
2022-05-05 22:00:00+00:00,audusd,0.712455,0.712485,0.710955,0.71138
2022-05-05 23:00:00+00:00,audusd,0.711935,0.712485,0.711275,0.712445
2022-05-06 00:00:00+00:00,audusd,0.71235,0.71327,0.711515,0.71194
2022-05-06 01:00:00+00:00,audusd,0.709745,0.71254,0.708225,0.712355
2022-05-06 02:00:00+00:00,audusd,0.71053,0.711145,0.709375,0.709745
2022-05-06 03:00:00+00:00,audusd,0.711195,0.71168,0.710525,0.710525
2022-05-06 04:00:00+00:00,audusd,0.711025,0.711635,0.71036,0.7112
2022-05-06 05:00:00+00:00,audusd,0.709475,0.71104,0.70918,0.71103
2022-05-06 06:00:00+00:00,audusd,0.706665,0.709825,0.706475,0.70948
2022-05-06 07:00:00+00:00,audusd,0.707435,0.708975,0.706395,0.706675
2022-05-06 08:00:00+00:00,audusd,0.70884,0.711435,0.70658,0.707445
2022-05-06 09:00:00+00:00,audusd,0.70952,0.710005,0.708045,0.708835
2022-05-06 10:00:00+00:00,audusd,0.710025,0.71056,0.70919,0.709515
2022-05-06 11:00:00+00:00,audusd,0.709135,0.71007,0.70869,0.71003
2022-05-06 12:00:00+00:00,audusd,0.70776,0.713535,0.707475,0.70913
2022-05-06 13:00:00+00:00,audusd,0.70696,0.709645,0.705855,0.707755
2022-05-06 14:00:00+00:00,audusd,0.710135,0.710825,0.70664,0.70697
2022-05-06 15:00:00+00:00,audusd,0.7091,0.711735,0.709015,0.71013
2022-05-06 16:00:00+00:00,audusd,0.710235,0.7107,0.708935,0.709095
2022-05-06 17:00:00+00:00,audusd,0.707655,0.710575,0.707625,0.710245
2022-05-06 18:00:00+00:00,audusd,0.70743,0.708385,0.707175,0.707655
2022-05-06 19:00:00+00:00,audusd,0.708295,0.708785,0.706315,0.70743
2022-05-06 20:00:00+00:00,audusd,0.70749,0.708305,0.706875,0.708295
2022-05-08 21:00:00+00:00,audusd,0.70696,0.70732,0.70677,0.70694
2022-05-08 22:00:00+00:00,audusd,0.704975,0.70696,0.704945,0.70693
2022-05-08 23:00:00+00:00,audusd,0.704475,0.705415,0.704265,0.704965
2022-05-09 00:00:00+00:00,audusd,0.70134,0.704655,0.701325,0.704475
2022-05-09 01:00:00+00:00,audusd,0.702605,0.702875,0.70044,0.701335
2022-05-09 02:00:00+00:00,audusd,0.701925,0.7026,0.70091,0.7026
2022-05-09 03:00:00+00:00,audusd,0.701275,0.70242,0.700395,0.701935
2022-05-09 04:00:00+00:00,audusd,0.700835,0.701535,0.700235,0.70128
2022-05-09 05:00:00+00:00,audusd,0.69998,0.700985,0.699745,0.70085
2022-05-09 06:00:00+00:00,audusd,0.7005,0.70113,0.699625,0.699975
2022-05-09 07:00:00+00:00,audusd,0.700955,0.701945,0.699685,0.700495
2022-05-09 08:00:00+00:00,audusd,0.7001,0.701395,0.69921,0.70095
2022-05-09 09:00:00+00:00,audusd,0.700175,0.701235,0.699685,0.700105
2022-05-09 10:00:00+00:00,audusd,0.700605,0.700945,0.699985,0.70018
2022-05-09 11:00:00+00:00,audusd,0.70038,0.700775,0.698465,0.70061
2022-05-09 12:00:00+00:00,audusd,0.70213,0.70283,0.700155,0.700365
2022-05-09 13:00:00+00:00,audusd,0.70005,0.702295,0.699825,0.702135
2022-05-09 14:00:00+00:00,audusd,0.698045,0.70016,0.697675,0.700055
2022-05-09 15:00:00+00:00,audusd,0.698915,0.699745,0.696795,0.69805
2022-05-09 16:00:00+00:00,audusd,0.69914,0.701955,0.697775,0.698905
2022-05-09 17:00:00+00:00,audusd,0.69646,0.699545,0.695605,0.69912
2022-05-09 18:00:00+00:00,audusd,0.695755,0.696795,0.694835,0.696455
2022-05-09 19:00:00+00:00,audusd,0.695275,0.69691,0.694515,0.69576
2022-05-09 20:00:00+00:00,audusd,0.695115,0.695745,0.694705,0.69527
2022-05-09 21:00:00+00:00,audusd,0.694805,0.69619,0.69477,0.695185
2022-05-09 22:00:00+00:00,audusd,0.69498,0.69522,0.694365,0.6948
2022-05-09 23:00:00+00:00,audusd,0.695385,0.696315,0.69491,0.694985
2022-05-10 00:00:00+00:00,audusd,0.69212,0.695715,0.691485,0.695385
2022-05-10 01:00:00+00:00,audusd,0.69318,0.693585,0.691105,0.692125
2022-05-10 02:00:00+00:00,audusd,0.696335,0.69669,0.693175,0.693175
2022-05-10 03:00:00+00:00,audusd,0.696975,0.697255,0.69511,0.696345
2022-05-10 04:00:00+00:00,audusd,0.69686,0.697115,0.696065,0.69698
2022-05-10 05:00:00+00:00,audusd,0.697375,0.698635,0.69655,0.696865
2022-05-10 06:00:00+00:00,audusd,0.696535,0.698265,0.696205,0.69738
2022-05-10 07:00:00+00:00,audusd,0.694365,0.697245,0.6941,0.69653
2022-05-10 08:00:00+00:00,audusd,0.69659,0.69665,0.694195,0.69436
2022-05-10 09:00:00+00:00,audusd,0.695715,0.6977,0.69569,0.696585
2022-05-10 10:00:00+00:00,audusd,0.695805,0.697025,0.694685,0.69571
2022-05-10 11:00:00+00:00,audusd,0.695615,0.696295,0.694705,0.6958
2022-05-10 12:00:00+00:00,audusd,0.696425,0.69703,0.695225,0.69561
2022-05-10 13:00:00+00:00,audusd,0.69695,0.698155,0.695895,0.69642
2022-05-10 14:00:00+00:00,audusd,0.693875,0.697945,0.69346,0.696965
2022-05-10 15:00:00+00:00,audusd,0.692515,0.69423,0.69173,0.693865
2022-05-10 16:00:00+00:00,audusd,0.692325,0.693885,0.691905,0.692505
2022-05-10 17:00:00+00:00,audusd,0.69563,0.695635,0.691395,0.69232
2022-05-10 18:00:00+00:00,audusd,0.693935,0.695855,0.693725,0.695645
2022-05-10 19:00:00+00:00,audusd,0.694005,0.695395,0.693115,0.693945
2022-05-10 20:00:00+00:00,audusd,0.693845,0.694175,0.69352,0.694005
2022-05-10 21:00:00+00:00,audusd,0.6938,0.694295,0.693705,0.693805
2022-05-10 22:00:00+00:00,audusd,0.693715,0.69405,0.693435,0.693845
2022-05-10 23:00:00+00:00,audusd,0.693285,0.693965,0.693265,0.69373
2022-05-11 00:00:00+00:00,audusd,0.694215,0.69473,0.692915,0.69328
2022-05-11 01:00:00+00:00,audusd,0.695205,0.695555,0.693605,0.69422
2022-05-11 02:00:00+00:00,audusd,0.695405,0.696155,0.694575,0.6952
2022-05-11 03:00:00+00:00,audusd,0.69606,0.696115,0.695005,0.6954
2022-05-11 04:00:00+00:00,audusd,0.696095,0.696125,0.69558,0.696055
2022-05-11 08:00:00+00:00,audusd,0.700435,0.700795,0.69987,0.699905
2022-05-11 09:00:00+00:00,audusd,0.7012,0.701675,0.700165,0.70043
2022-05-11 10:00:00+00:00,audusd,0.7006,0.701245,0.699975,0.701205
2022-05-11 11:00:00+00:00,audusd,0.701475,0.70208,0.700375,0.700605
2022-05-11 12:00:00+00:00,audusd,0.69328,0.701595,0.692785,0.701485
2022-05-11 13:00:00+00:00,audusd,0.704065,0.705395,0.693145,0.693285
2022-05-11 14:00:00+00:00,audusd,0.69934,0.704415,0.698975,0.704075
2022-05-11 15:00:00+00:00,audusd,0.69936,0.701295,0.698645,0.69935
2022-05-11 16:00:00+00:00,audusd,0.695585,0.699495,0.69527,0.699355
2022-05-11 17:00:00+00:00,audusd,0.69365,0.696175,0.693025,0.695595
2022-05-11 18:00:00+00:00,audusd,0.694785,0.696315,0.693585,0.693655
2022-05-11 19:00:00+00:00,audusd,0.69328,0.69495,0.69301,0.694755
2022-05-11 20:00:00+00:00,audusd,0.69373,0.694185,0.693195,0.693295
2022-05-11 21:00:00+00:00,audusd,0.69405,0.69411,0.693605,0.693605
2022-05-11 22:00:00+00:00,audusd,0.694115,0.6944,0.693395,0.69403
2022-05-11 23:00:00+00:00,audusd,0.692655,0.694235,0.692645,0.69412
2022-05-12 00:00:00+00:00,audusd,0.693875,0.69451,0.691135,0.69266
2022-05-12 01:00:00+00:00,audusd,0.694405,0.695335,0.69289,0.69387
2022-05-12 02:00:00+00:00,audusd,0.69198,0.694935,0.690485,0.6944
2022-05-12 03:00:00+00:00,audusd,0.692305,0.692555,0.691295,0.691975
2022-05-12 04:00:00+00:00,audusd,0.689045,0.692565,0.688885,0.692315
2022-05-12 05:00:00+00:00,audusd,0.688075,0.690055,0.68765,0.689055
2022-05-12 06:00:00+00:00,audusd,0.68956,0.690355,0.687345,0.68808
2022-05-12 07:00:00+00:00,audusd,0.689205,0.690105,0.687575,0.68956
2022-05-12 08:00:00+00:00,audusd,0.687245,0.689335,0.687015,0.689225
2022-05-12 09:00:00+00:00,audusd,0.687195,0.687775,0.686085,0.687235
2022-05-12 10:00:00+00:00,audusd,0.68791,0.688785,0.68703,0.6872
2022-05-12 11:00:00+00:00,audusd,0.685625,0.688215,0.685175,0.687915
2022-05-12 12:00:00+00:00,audusd,0.687335,0.688335,0.68523,0.685615
2022-05-12 13:00:00+00:00,audusd,0.685745,0.688125,0.684255,0.68734
2022-05-12 14:00:00+00:00,audusd,0.68757,0.688125,0.68427,0.685735
2022-05-12 15:00:00+00:00,audusd,0.685035,0.689315,0.68476,0.687575
2022-05-12 16:00:00+00:00,audusd,0.68622,0.687945,0.684535,0.68504
2022-05-12 17:00:00+00:00,audusd,0.684285,0.686295,0.683415,0.68622
2022-05-12 18:00:00+00:00,audusd,0.682945,0.684975,0.68291,0.684275
2022-05-12 19:00:00+00:00,audusd,0.685775,0.685915,0.682895,0.682965
2022-05-12 20:00:00+00:00,audusd,0.685595,0.68607,0.685385,0.685775
2022-05-12 21:00:00+00:00,audusd,0.685505,0.685675,0.685455,0.68563
2022-05-12 22:00:00+00:00,audusd,0.686025,0.686585,0.685425,0.685475
2022-05-12 23:00:00+00:00,audusd,0.686855,0.687345,0.686015,0.686015
2022-05-13 00:00:00+00:00,audusd,0.687685,0.688425,0.68638,0.686865
2022-05-13 01:00:00+00:00,audusd,0.68666,0.689195,0.68661,0.687675
2022-05-13 02:00:00+00:00,audusd,0.688075,0.688615,0.686315,0.686655
2022-05-13 03:00:00+00:00,audusd,0.688245,0.689235,0.68755,0.68806
2022-05-13 04:00:00+00:00,audusd,0.688635,0.688685,0.687785,0.68824
2022-05-13 05:00:00+00:00,audusd,0.689645,0.689945,0.688475,0.688645
2022-05-13 06:00:00+00:00,audusd,0.688425,0.68978,0.68766,0.689655
2022-05-13 07:00:00+00:00,audusd,0.689865,0.69047,0.687685,0.68843
2022-05-13 08:00:00+00:00,audusd,0.688845,0.690395,0.688385,0.689855
2022-05-13 09:00:00+00:00,audusd,0.686985,0.689175,0.686715,0.68884
2022-05-13 10:00:00+00:00,audusd,0.688795,0.689125,0.686805,0.686995
2022-05-13 11:00:00+00:00,audusd,0.689335,0.68945,0.688665,0.68879
2022-05-13 12:00:00+00:00,audusd,0.688695,0.689565,0.688285,0.68933
2022-05-13 13:00:00+00:00,audusd,0.688955,0.689335,0.687415,0.68869
2022-05-13 14:00:00+00:00,audusd,0.691085,0.692285,0.688975,0.688995
2022-05-13 15:00:00+00:00,audusd,0.69193,0.692255,0.690825,0.6911
2022-05-13 16:00:00+00:00,audusd,0.69246,0.693185,0.69155,0.691935
2022-05-13 17:00:00+00:00,audusd,0.69137,0.693055,0.691215,0.692465
2022-05-13 18:00:00+00:00,audusd,0.69227,0.692445,0.690195,0.691375
2022-05-13 19:00:00+00:00,audusd,0.692915,0.692985,0.692085,0.692275
2022-05-13 20:00:00+00:00,audusd,0.69383,0.694125,0.692665,0.6929
2022-05-16 00:00:00+00:00,audusd,0.69478,0.695125,0.694165,0.69493
2022-05-16 01:00:00+00:00,audusd,0.692615,0.696005,0.692275,0.694785
2022-05-16 02:00:00+00:00,audusd,0.690115,0.69262,0.689085,0.69262
2022-05-16 03:00:00+00:00,audusd,0.6881,0.690295,0.68725,0.69012
2022-05-16 04:00:00+00:00,audusd,0.68892,0.689255,0.68805,0.688105
2022-05-16 05:00:00+00:00,audusd,0.688885,0.689695,0.688345,0.688925
2022-05-16 06:00:00+00:00,audusd,0.688725,0.689515,0.68785,0.688875
2022-05-16 07:00:00+00:00,audusd,0.689885,0.691355,0.688645,0.68873
2022-05-16 08:00:00+00:00,audusd,0.69172,0.691895,0.689785,0.68989
2022-05-16 09:00:00+00:00,audusd,0.68997,0.691955,0.689935,0.691715
2022-05-16 10:00:00+00:00,audusd,0.69217,0.692475,0.689965,0.689965
2022-05-16 11:00:00+00:00,audusd,0.692185,0.692975,0.691795,0.692175
2022-05-16 12:00:00+00:00,audusd,0.693185,0.693975,0.691835,0.692195
2022-05-16 13:00:00+00:00,audusd,0.692885,0.694095,0.692145,0.693195
2022-05-16 14:00:00+00:00,audusd,0.693515,0.69506,0.692155,0.692875
2022-05-16 15:00:00+00:00,audusd,0.69439,0.694465,0.691715,0.693505
2022-05-16 16:00:00+00:00,audusd,0.694355,0.69478,0.693385,0.694395
2022-05-16 17:00:00+00:00,audusd,0.695585,0.695695,0.69429,0.69436
2022-05-16 18:00:00+00:00,audusd,0.697735,0.69803,0.69529,0.695595
2022-05-16 19:00:00+00:00,audusd,0.697185,0.698275,0.696555,0.69774
2022-05-16 20:00:00+00:00,audusd,0.6971,0.69719,0.69649,0.69719
2022-05-16 21:00:00+00:00,audusd,0.697275,0.697335,0.696795,0.69712
2022-05-16 22:00:00+00:00,audusd,0.697485,0.697595,0.696985,0.69726
2022-05-16 23:00:00+00:00,audusd,0.697305,0.697725,0.696825,0.697485
2022-05-17 00:00:00+00:00,audusd,0.69789,0.699105,0.697215,0.697285
2022-05-17 01:00:00+00:00,audusd,0.700885,0.70099,0.69753,0.697885
2022-05-17 02:00:00+00:00,audusd,0.699515,0.701165,0.699225,0.70088
2022-05-17 03:00:00+00:00,audusd,0.699585,0.700395,0.698835,0.69952
2022-05-17 04:00:00+00:00,audusd,0.700365,0.70054,0.699435,0.69959
2022-05-17 05:00:00+00:00,audusd,0.700715,0.701185,0.699845,0.700375
2022-05-17 06:00:00+00:00,audusd,0.701565,0.701955,0.700095,0.700725
2022-05-17 07:00:00+00:00,audusd,0.70105,0.701905,0.700745,0.70157
2022-05-17 08:00:00+00:00,audusd,0.70344,0.70363,0.701035,0.701055
2022-05-17 09:00:00+00:00,audusd,0.703335,0.703925,0.702395,0.703435
2022-05-17 10:00:00+00:00,audusd,0.703725,0.70405,0.703145,0.703325
2022-05-17 11:00:00+00:00,audusd,0.703105,0.704055,0.702825,0.703735
2022-05-17 12:00:00+00:00,audusd,0.703455,0.703535,0.701585,0.703095
2022-05-17 13:00:00+00:00,audusd,0.702125,0.703605,0.701265,0.70346
2022-05-17 14:00:00+00:00,audusd,0.70038,0.702615,0.699625,0.702135
2022-05-17 15:00:00+00:00,audusd,0.701245,0.701985,0.700225,0.700375
2022-05-17 16:00:00+00:00,audusd,0.701695,0.701855,0.70029,0.70125
2022-05-17 17:00:00+00:00,audusd,0.702025,0.70254,0.70161,0.7017
2022-05-17 18:00:00+00:00,audusd,0.701315,0.703345,0.698995,0.70202
2022-05-17 19:00:00+00:00,audusd,0.70212,0.70224,0.70105,0.70132
2022-05-17 20:00:00+00:00,audusd,0.70275,0.70311,0.70184,0.702115
2022-05-17 21:00:00+00:00,audusd,0.70298,0.70298,0.702585,0.70277
2022-05-17 22:00:00+00:00,audusd,0.703135,0.703705,0.702835,0.70301
2022-05-17 23:00:00+00:00,audusd,0.703005,0.703285,0.702845,0.70314
2022-05-18 00:00:00+00:00,audusd,0.70349,0.704665,0.702995,0.702995
2022-05-18 01:00:00+00:00,audusd,0.70167,0.703955,0.70074,0.703485
2022-05-18 02:00:00+00:00,audusd,0.7015,0.701895,0.700905,0.701665
2022-05-18 03:00:00+00:00,audusd,0.700255,0.701615,0.699625,0.701495
2022-05-18 04:00:00+00:00,audusd,0.70058,0.70065,0.699585,0.70025
2022-05-18 05:00:00+00:00,audusd,0.703445,0.703595,0.700585,0.700585
2022-05-18 06:00:00+00:00,audusd,0.7014,0.703745,0.701395,0.703455
2022-05-18 07:00:00+00:00,audusd,0.700975,0.701595,0.7004,0.7014
2022-05-18 08:00:00+00:00,audusd,0.700585,0.701905,0.69971,0.70098
2022-05-18 09:00:00+00:00,audusd,0.702435,0.702445,0.700555,0.70059
2022-05-18 10:00:00+00:00,audusd,0.70173,0.702925,0.701555,0.70244
2022-05-18 11:00:00+00:00,audusd,0.701455,0.702115,0.70085,0.701735
2022-05-18 12:00:00+00:00,audusd,0.701775,0.70278,0.701385,0.70145
2022-05-18 13:00:00+00:00,audusd,0.699885,0.702185,0.699815,0.701785
2022-05-18 14:00:00+00:00,audusd,0.701115,0.701285,0.698145,0.699895
2022-05-18 15:00:00+00:00,audusd,0.699655,0.701225,0.69885,0.701125
2022-05-18 16:00:00+00:00,audusd,0.700235,0.70046,0.69885,0.69966
2022-05-18 17:00:00+00:00,audusd,0.697415,0.700245,0.69724,0.70023
2022-05-18 18:00:00+00:00,audusd,0.69654,0.69867,0.69648,0.697405
2022-05-18 19:00:00+00:00,audusd,0.696125,0.6972,0.695845,0.696535
2022-05-18 20:00:00+00:00,audusd,0.69557,0.6962,0.69498,0.69615
2022-05-18 21:00:00+00:00,audusd,0.69564,0.69566,0.69526,0.69566
2022-05-18 22:00:00+00:00,audusd,0.69741,0.697675,0.69563,0.69565
2022-05-18 23:00:00+00:00,audusd,0.695825,0.697605,0.6957,0.697395
2022-05-19 00:00:00+00:00,audusd,0.696445,0.69758,0.695825,0.695825
2022-05-19 01:00:00+00:00,audusd,0.696365,0.69746,0.695375,0.696435
2022-05-19 02:00:00+00:00,audusd,0.69952,0.699785,0.69632,0.69637
2022-05-19 03:00:00+00:00,audusd,0.701175,0.701685,0.699505,0.699525
2022-05-19 04:00:00+00:00,audusd,0.701075,0.702365,0.700885,0.701185
2022-05-19 05:00:00+00:00,audusd,0.69966,0.70169,0.69942,0.701085
2022-05-19 06:00:00+00:00,audusd,0.697945,0.699885,0.69732,0.699655
2022-05-19 07:00:00+00:00,audusd,0.699255,0.699435,0.695865,0.69793
2022-05-19 08:00:00+00:00,audusd,0.698295,0.69928,0.69765,0.699265
2022-05-19 09:00:00+00:00,audusd,0.69937,0.699695,0.697845,0.6983
2022-05-19 10:00:00+00:00,audusd,0.70085,0.700975,0.699145,0.699375
2022-05-19 11:00:00+00:00,audusd,0.699985,0.701375,0.699305,0.700845
2022-05-19 12:00:00+00:00,audusd,0.701255,0.70146,0.699515,0.699995
2022-05-19 13:00:00+00:00,audusd,0.704555,0.705365,0.701125,0.701235
2022-05-19 14:00:00+00:00,audusd,0.70523,0.706875,0.703005,0.704545
2022-05-19 15:00:00+00:00,audusd,0.705675,0.706965,0.704385,0.705235
2022-05-19 16:00:00+00:00,audusd,0.705995,0.706795,0.704945,0.70568
2022-05-19 17:00:00+00:00,audusd,0.707075,0.70728,0.70483,0.705995
2022-05-19 18:00:00+00:00,audusd,0.706265,0.707165,0.705735,0.70707
2022-05-19 19:00:00+00:00,audusd,0.705595,0.706705,0.704835,0.70626
2022-05-19 20:00:00+00:00,audusd,0.70511,0.70561,0.704675,0.70561
2022-05-19 21:00:00+00:00,audusd,0.70479,0.70515,0.70462,0.70502
2022-05-19 22:00:00+00:00,audusd,0.70461,0.70509,0.704325,0.70484
2022-05-19 23:00:00+00:00,audusd,0.704175,0.704855,0.704105,0.704605
2022-05-20 00:00:00+00:00,audusd,0.702725,0.704835,0.702025,0.704185
2022-05-20 01:00:00+00:00,audusd,0.70284,0.70423,0.702215,0.70273
2022-05-20 02:00:00+00:00,audusd,0.70135,0.702975,0.70095,0.70284
2022-05-20 03:00:00+00:00,audusd,0.700815,0.70181,0.700805,0.701355
2022-05-20 04:00:00+00:00,audusd,0.702765,0.70282,0.70023,0.70082
2022-05-20 05:00:00+00:00,audusd,0.704005,0.704685,0.702525,0.702775
2022-05-20 06:00:00+00:00,audusd,0.704775,0.704785,0.703445,0.70401
2022-05-20 07:00:00+00:00,audusd,0.706055,0.70706,0.704315,0.70477
2022-05-20 08:00:00+00:00,audusd,0.70691,0.707365,0.704775,0.70605
2022-05-20 09:00:00+00:00,audusd,0.706425,0.70727,0.706165,0.706905
2022-05-20 10:00:00+00:00,audusd,0.706505,0.707015,0.70602,0.706415
2022-05-20 11:00:00+00:00,audusd,0.705895,0.706525,0.705355,0.70651
2022-05-20 12:00:00+00:00,audusd,0.705375,0.706635,0.705075,0.705885
2022-05-20 13:00:00+00:00,audusd,0.705315,0.70544,0.705315,0.70537
2022-05-20 15:00:00+00:00,audusd,0.703145,0.703825,0.7021,0.702435
2022-05-20 16:00:00+00:00,audusd,0.701855,0.703385,0.701515,0.703135
2022-05-20 17:00:00+00:00,audusd,0.702285,0.702805,0.700865,0.70186
2022-05-20 18:00:00+00:00,audusd,0.701915,0.702475,0.70043,0.70228
2022-05-20 19:00:00+00:00,audusd,0.703915,0.70466,0.701745,0.70192
2022-05-20 20:00:00+00:00,audusd,0.70426,0.704845,0.70355,0.70391
2022-05-22 21:00:00+00:00,audusd,0.705595,0.705715,0.70444,0.70462
2022-05-22 22:00:00+00:00,audusd,0.706335,0.706475,0.70499,0.705535
2022-05-22 23:00:00+00:00,audusd,0.70616,0.706945,0.70578,0.70635
2022-05-23 00:00:00+00:00,audusd,0.70892,0.709225,0.705875,0.706155
2022-05-23 01:00:00+00:00,audusd,0.7084,0.709585,0.70814,0.708925
2022-05-23 02:00:00+00:00,audusd,0.709035,0.709295,0.708015,0.708405
2022-05-23 03:00:00+00:00,audusd,0.708915,0.709835,0.708225,0.70903
2022-05-23 04:00:00+00:00,audusd,0.708905,0.709305,0.7085,0.708925
2022-05-23 05:00:00+00:00,audusd,0.710875,0.712625,0.708495,0.70891
2022-05-23 06:00:00+00:00,audusd,0.71126,0.711855,0.710145,0.71087
2022-05-23 07:00:00+00:00,audusd,0.710255,0.71186,0.709985,0.711265
2022-05-23 08:00:00+00:00,audusd,0.710355,0.71123,0.708925,0.71025
2022-05-23 09:00:00+00:00,audusd,0.71111,0.711995,0.710075,0.710345
2022-05-23 10:00:00+00:00,audusd,0.71249,0.712585,0.710895,0.711105
2022-05-23 11:00:00+00:00,audusd,0.711315,0.712715,0.711135,0.712495
2022-05-23 12:00:00+00:00,audusd,0.710375,0.711995,0.70999,0.711325
2022-05-23 13:00:00+00:00,audusd,0.71069,0.711455,0.709535,0.710365
2022-05-23 14:00:00+00:00,audusd,0.710035,0.712365,0.709525,0.71069
2022-05-23 15:00:00+00:00,audusd,0.709945,0.711295,0.709795,0.71004
2022-05-23 16:00:00+00:00,audusd,0.710205,0.71063,0.709845,0.70994
2022-05-23 17:00:00+00:00,audusd,0.710125,0.710345,0.708725,0.71021
2022-05-23 18:00:00+00:00,audusd,0.71081,0.711465,0.709925,0.710115
2022-05-23 19:00:00+00:00,audusd,0.710415,0.710845,0.709845,0.710815
2022-05-23 20:00:00+00:00,audusd,0.710995,0.711075,0.710325,0.71043
2022-05-23 21:00:00+00:00,audusd,0.710815,0.710945,0.71067,0.710735
2022-05-23 22:00:00+00:00,audusd,0.709435,0.710865,0.709365,0.71081
2022-05-23 23:00:00+00:00,audusd,0.70865,0.709535,0.70844,0.709425
2022-05-24 00:00:00+00:00,audusd,0.707555,0.70871,0.707485,0.708635
2022-05-24 01:00:00+00:00,audusd,0.707805,0.708565,0.707365,0.70756
2022-05-24 02:00:00+00:00,audusd,0.70769,0.707905,0.706575,0.70781
2022-05-24 03:00:00+00:00,audusd,0.70881,0.708915,0.707275,0.707695
2022-05-24 04:00:00+00:00,audusd,0.708005,0.708885,0.707855,0.708815
2022-05-24 05:00:00+00:00,audusd,0.708365,0.708825,0.707685,0.70801
2022-05-24 06:00:00+00:00,audusd,0.708155,0.708785,0.707195,0.708335
2022-05-24 07:00:00+00:00,audusd,0.710235,0.710255,0.708145,0.70816
2022-05-24 08:00:00+00:00,audusd,0.706465,0.71054,0.70621,0.71023
2022-05-24 09:00:00+00:00,audusd,0.70732,0.70776,0.706385,0.70646
2022-05-24 10:00:00+00:00,audusd,0.708035,0.70808,0.706895,0.707305
2022-05-24 11:00:00+00:00,audusd,0.70745,0.708515,0.707055,0.70805
2022-05-24 12:00:00+00:00,audusd,0.707715,0.70841,0.706495,0.707445
2022-05-24 13:00:00+00:00,audusd,0.708485,0.708865,0.707095,0.70772
2022-05-24 14:00:00+00:00,audusd,0.707105,0.70961,0.705705,0.70849
2022-05-24 15:00:00+00:00,audusd,0.708025,0.70831,0.705905,0.70711
2022-05-24 16:00:00+00:00,audusd,0.708875,0.709885,0.70784,0.70802
2022-05-24 17:00:00+00:00,audusd,0.709435,0.709805,0.707925,0.70887
2022-05-24 18:00:00+00:00,audusd,0.708355,0.71013,0.708055,0.70943
2022-05-24 19:00:00+00:00,audusd,0.710785,0.711325,0.708295,0.708365
2022-05-24 20:00:00+00:00,audusd,0.7108,0.710925,0.71052,0.71079
2022-05-24 21:00:00+00:00,audusd,0.71072,0.71098,0.709705,0.7109
2022-05-24 22:00:00+00:00,audusd,0.71127,0.71195,0.71067,0.71071
2022-05-24 23:00:00+00:00,audusd,0.710155,0.711385,0.710155,0.711265
2022-05-25 00:00:00+00:00,audusd,0.70928,0.710485,0.70926,0.710145
2022-05-25 01:00:00+00:00,audusd,0.70855,0.709495,0.70822,0.709285
2022-05-25 02:00:00+00:00,audusd,0.709945,0.710965,0.708395,0.708545
2022-05-25 03:00:00+00:00,audusd,0.711465,0.71188,0.709535,0.70995
2022-05-25 04:00:00+00:00,audusd,0.71134,0.711765,0.71107,0.71147
2022-05-25 05:00:00+00:00,audusd,0.710805,0.711585,0.7101,0.71135
2022-05-25 06:00:00+00:00,audusd,0.711625,0.711895,0.709715,0.710795
2022-05-25 07:00:00+00:00,audusd,0.709405,0.711635,0.709075,0.711615
2022-05-25 08:00:00+00:00,audusd,0.708065,0.709655,0.707735,0.7094
2022-05-25 09:00:00+00:00,audusd,0.707855,0.708225,0.707005,0.70806
2022-05-25 10:00:00+00:00,audusd,0.706195,0.708345,0.706115,0.70785
2022-05-25 11:00:00+00:00,audusd,0.705165,0.706835,0.704685,0.70619
2022-05-25 12:00:00+00:00,audusd,0.705025,0.70517,0.703565,0.70517
2022-05-25 13:00:00+00:00,audusd,0.705905,0.706575,0.703985,0.70503
2022-05-25 14:00:00+00:00,audusd,0.707165,0.708565,0.705665,0.70591
2022-05-25 15:00:00+00:00,audusd,0.70652,0.707525,0.70606,0.70717
2022-05-25 16:00:00+00:00,audusd,0.705835,0.70702,0.705505,0.706525
2022-05-25 17:00:00+00:00,audusd,0.706795,0.7069,0.70531,0.70584
2022-05-25 18:00:00+00:00,audusd,0.709215,0.709325,0.70544,0.7068
2022-05-25 19:00:00+00:00,audusd,0.708935,0.709905,0.708605,0.709205
2022-05-25 20:00:00+00:00,audusd,0.709485,0.709535,0.7084,0.708945
2022-05-25 21:00:00+00:00,audusd,0.70879,0.708995,0.708505,0.70852
2022-05-25 22:00:00+00:00,audusd,0.709465,0.70981,0.70873,0.70875
2022-05-25 23:00:00+00:00,audusd,0.70897,0.710055,0.708845,0.709485
2022-05-26 00:00:00+00:00,audusd,0.710565,0.71099,0.709165,0.709445
2022-05-26 01:00:00+00:00,audusd,0.707665,0.710735,0.707515,0.710575
2022-05-26 02:00:00+00:00,audusd,0.708775,0.709535,0.707615,0.70767
2022-05-26 03:00:00+00:00,audusd,0.709195,0.70926,0.707545,0.70878
2022-05-26 04:00:00+00:00,audusd,0.707015,0.709465,0.706675,0.7092
2022-05-26 05:00:00+00:00,audusd,0.706165,0.707395,0.705725,0.707005
2022-05-26 06:00:00+00:00,audusd,0.707505,0.707675,0.706165,0.70617
2022-05-26 07:00:00+00:00,audusd,0.70984,0.70987,0.707465,0.7075
2022-05-26 08:00:00+00:00,audusd,0.708315,0.709915,0.70777,0.709845
2022-05-26 09:00:00+00:00,audusd,0.709745,0.709815,0.707915,0.708305
2022-05-26 10:00:00+00:00,audusd,0.708675,0.710365,0.708355,0.709755
2022-05-26 11:00:00+00:00,audusd,0.708755,0.709705,0.70841,0.70868
2022-05-26 12:00:00+00:00,audusd,0.707415,0.708815,0.707185,0.708765
2022-05-26 13:00:00+00:00,audusd,0.708975,0.709645,0.707215,0.70742
2022-05-26 14:00:00+00:00,audusd,0.707495,0.709935,0.707265,0.708995
2022-05-26 15:00:00+00:00,audusd,0.70773,0.70832,0.707245,0.707505
2022-05-26 16:00:00+00:00,audusd,0.708605,0.70901,0.70773,0.707755
2022-05-26 17:00:00+00:00,audusd,0.70909,0.709335,0.7083,0.708595
2022-05-26 18:00:00+00:00,audusd,0.709215,0.70947,0.708885,0.709095
2022-05-26 19:00:00+00:00,audusd,0.709395,0.709465,0.708655,0.709205
2022-05-26 20:00:00+00:00,audusd,0.709825,0.710025,0.70931,0.7094
2022-05-26 21:00:00+00:00,audusd,0.70962,0.70983,0.709525,0.709645
2022-05-26 22:00:00+00:00,audusd,0.709845,0.710035,0.7095,0.70966
2022-05-26 23:00:00+00:00,audusd,0.709815,0.710285,0.709755,0.709845
