date,ticker,close,high,low,open
2021-04-04 00:00:00+00:00,gbpusd,1.38305,1.38322,1.38177,1.382615
2021-04-05 00:00:00+00:00,gbpusd,1.39127,1.39155,1.38132,1.38304
2021-04-06 00:00:00+00:00,gbpusd,1.38303,1.39188,1.38021,1.39125
2021-04-07 00:00:00+00:00,gbpusd,1.37417,1.38401,1.37246,1.38304
2021-04-08 00:00:00+00:00,gbpusd,1.37337,1.37826,1.37186,1.37416
2021-04-09 00:00:00+00:00,gbpusd,1.3708,1.37508,1.36704,1.37338
2021-04-11 00:00:00+00:00,gbpusd,1.37077,1.37156,1.37011,1.37105
2021-04-12 00:00:00+00:00,gbpusd,1.37538,1.37769,1.36693,1.37076
2021-04-13 00:00:00+00:00,gbpusd,1.37592,1.3769,1.36945,1.37537
2021-04-14 00:00:00+00:00,gbpusd,1.37781,1.38087,1.375,1.37593
2021-04-15 00:00:00+00:00,gbpusd,1.37836,1.3809,1.37616,1.37779
2021-04-16 00:00:00+00:00,gbpusd,1.38358,1.38457,1.37161,1.37835
2021-04-18 00:00:00+00:00,gbpusd,1.38177,1.38375,1.38174,1.38345
2021-04-19 00:00:00+00:00,gbpusd,1.39916,1.3993,1.38099,1.38178
2021-04-20 00:00:00+00:00,gbpusd,1.3938,1.40093,1.39264,1.39917
2021-04-21 00:00:00+00:00,gbpusd,1.39313,1.39498,1.38857,1.39381
2021-04-22 00:00:00+00:00,gbpusd,1.3839,1.39497,1.38237,1.39312
2021-04-23 00:00:00+00:00,gbpusd,1.38784,1.38955,1.38358,1.38389
2021-04-25 00:00:00+00:00,gbpusd,1.3865,1.38813,1.38647,1.38759
2021-04-26 00:00:00+00:00,gbpusd,1.38949,1.39295,1.38651,1.38651
2021-04-27 00:00:00+00:00,gbpusd,1.3903,1.39241,1.38588,1.38948
2021-04-28 00:00:00+00:00,gbpusd,1.39544,1.39565,1.38611,1.39031
2021-04-29 00:00:00+00:00,gbpusd,1.39503,1.39767,1.39323,1.39545
2021-04-30 00:00:00+00:00,gbpusd,1.38172,1.39585,1.38034,1.39504
2021-05-02 00:00:00+00:00,gbpusd,1.38188,1.38228,1.38117,1.38148
2021-05-03 00:00:00+00:00,gbpusd,1.39032,1.39319,1.3801,1.38189
2021-05-04 00:00:00+00:00,gbpusd,1.38875,1.39054,1.38386,1.39031
2021-05-05 00:00:00+00:00,gbpusd,1.3909,1.39265,1.38764,1.38876
2021-05-06 00:00:00+00:00,gbpusd,1.38956,1.39407,1.38583,1.39089
2021-05-07 00:00:00+00:00,gbpusd,1.39961,1.40058,1.38903,1.38955
2021-05-09 00:00:00+00:00,gbpusd,1.40406,1.40445,1.39972,1.40055
2021-05-10 00:00:00+00:00,gbpusd,1.41308,1.41585,1.40152,1.40404
2021-05-11 00:00:00+00:00,gbpusd,1.41356,1.41667,1.41043,1.41309
2021-05-12 00:00:00+00:00,gbpusd,1.40624,1.41425,1.40579,1.41355
2021-05-13 00:00:00+00:00,gbpusd,1.40463,1.40782,1.40057,1.40625
2021-05-14 00:00:00+00:00,gbpusd,1.41009,1.41102,1.40363,1.40464
2021-05-16 00:00:00+00:00,gbpusd,1.41011,1.41046,1.40953,1.41006
2021-05-17 00:00:00+00:00,gbpusd,1.4148,1.4148,1.40773,1.4101
2021-05-18 00:00:00+00:00,gbpusd,1.41875,1.42204,1.41457,1.41478
2021-05-19 00:00:00+00:00,gbpusd,1.41073,1.42011,1.40995,1.41876
2021-05-20 00:00:00+00:00,gbpusd,1.41848,1.41943,1.41014,1.41072
2021-05-21 00:00:00+00:00,gbpusd,1.41534,1.4234,1.41407,1.41849
2021-05-23 00:00:00+00:00,gbpusd,1.41402,1.41623,1.41393,1.41584
2021-05-24 00:00:00+00:00,gbpusd,1.41554,1.41719,1.41116,1.41403
2021-05-25 00:00:00+00:00,gbpusd,1.41428,1.4211,1.41157,1.41553
2021-05-26 00:00:00+00:00,gbpusd,1.41154,1.41761,1.41124,1.41429
2021-05-27 00:00:00+00:00,gbpusd,1.42033,1.42192,1.40918,1.41152
2021-05-28 00:00:00+00:00,gbpusd,1.41872,1.4206,1.41364,1.42032
2021-05-30 00:00:00+00:00,gbpusd,1.41796,1.41941,1.41795,1.41858
2021-05-31 00:00:00+00:00,gbpusd,1.41836,1.42007,1.4164,1.41795
2021-06-01 00:00:00+00:00,gbpusd,1.41556,1.4247,1.41457,1.42425
2021-06-02 00:00:00+00:00,gbpusd,1.41712,1.41834,1.41118,1.41557
2021-06-03 00:00:00+00:00,gbpusd,1.41081,1.42032,1.40867,1.41711
2021-06-04 00:00:00+00:00,gbpusd,1.41584,1.42004,1.40835,1.41082
2021-06-07 00:00:00+00:00,gbpusd,1.41757,1.41911,1.41114,1.41417
2021-06-08 00:00:00+00:00,gbpusd,1.41493,1.41846,1.41211,1.41758
2021-06-09 00:00:00+00:00,gbpusd,1.41113,1.41891,1.41101,1.41492
2021-06-10 00:00:00+00:00,gbpusd,1.41705,1.41783,1.40734,1.41112
2021-06-11 00:00:00+00:00,gbpusd,1.41108,1.41854,1.40959,1.41706
2021-06-13 00:00:00+00:00,gbpusd,1.41176,1.41192,1.41051,1.4108
2021-06-14 00:00:00+00:00,gbpusd,1.41097,1.4124,1.40704,1.41177
2021-06-15 00:00:00+00:00,gbpusd,1.4081,1.4129,1.40344,1.41098
2021-06-16 00:00:00+00:00,gbpusd,1.39892,1.41328,1.39827,1.40809
2021-06-17 00:00:00+00:00,gbpusd,1.39381,1.40088,1.3896,1.39891
2021-06-18 00:00:00+00:00,gbpusd,1.38031,1.39447,1.37923,1.3938
2021-06-20 00:00:00+00:00,gbpusd,1.38166,1.38235,1.37964,1.38101
2021-06-21 00:00:00+00:00,gbpusd,1.39245,1.39371,1.37867,1.38167
2021-06-22 00:00:00+00:00,gbpusd,1.39495,1.39637,1.38604,1.39244
2021-06-23 00:00:00+00:00,gbpusd,1.3967,1.40015,1.3924,1.39494
2021-06-24 00:00:00+00:00,gbpusd,1.39163,1.39867,1.38898,1.39669
2021-06-25 00:00:00+00:00,gbpusd,1.38857,1.39356,1.38715,1.39162
2021-06-27 00:00:00+00:00,gbpusd,1.38933,1.38963,1.38787,1.38938
2021-06-28 00:00:00+00:00,gbpusd,1.38787,1.39398,1.3871,1.38934
2021-06-29 00:00:00+00:00,gbpusd,1.38404,1.38808,1.38144,1.38786
2021-06-30 00:00:00+00:00,gbpusd,1.38286,1.38731,1.37987,1.38403
2021-07-01 00:00:00+00:00,gbpusd,1.37592,1.38343,1.37519,1.38287
2021-07-02 00:00:00+00:00,gbpusd,1.38299,1.38447,1.37341,1.37591
2021-07-05 00:00:00+00:00,gbpusd,1.38534,1.3862,1.38185,1.38235
2021-07-06 00:00:00+00:00,gbpusd,1.38042,1.38985,1.37731,1.3853
2021-07-07 00:00:00+00:00,gbpusd,1.37998,1.3842,1.3754,1.38043
2021-07-08 00:00:00+00:00,gbpusd,1.37899,1.38022,1.37419,1.37999
2021-07-09 00:00:00+00:00,gbpusd,1.39091,1.39091,1.37558,1.379
2021-07-11 00:00:00+00:00,gbpusd,1.38988,1.39016,1.38888,1.38967
2021-07-12 00:00:00+00:00,gbpusd,1.38865,1.39104,1.38391,1.38986
2021-07-13 00:00:00+00:00,gbpusd,1.38976,1.39052,1.38832,1.38867
2021-07-14 00:00:00+00:00,gbpusd,1.38565,1.38921,1.38016,1.38056
2021-07-15 00:00:00+00:00,gbpusd,1.38282,1.38991,1.38051,1.38566
2021-07-16 00:00:00+00:00,gbpusd,1.37679,1.38622,1.37609,1.38281
2021-07-18 00:00:00+00:00,gbpusd,1.37635,1.37776,1.37575,1.3774
2021-07-19 00:00:00+00:00,gbpusd,1.36691,1.37635,1.36548,1.37634
2021-07-20 00:00:00+00:00,gbpusd,1.36345,1.36896,1.35721,1.3669
2021-07-21 00:00:00+00:00,gbpusd,1.37121,1.37232,1.35922,1.36344
2021-07-22 00:00:00+00:00,gbpusd,1.37729,1.37872,1.36906,1.3712
2021-07-23 00:00:00+00:00,gbpusd,1.37499,1.37803,1.37202,1.37728
2021-07-25 00:00:00+00:00,gbpusd,1.37571,1.37645,1.37506,1.37596
2021-07-26 00:00:00+00:00,gbpusd,1.38263,1.38336,1.37372,1.37572
2021-07-27 00:00:00+00:00,gbpusd,1.38822,1.38944,1.37669,1.38262
2021-07-28 00:00:00+00:00,gbpusd,1.3906,1.3911,1.38448,1.38821
2021-07-29 00:00:00+00:00,gbpusd,1.39639,1.39821,1.38983,1.39061
2021-07-30 00:00:00+00:00,gbpusd,1.39005,1.39835,1.38883,1.39638
2021-08-01 00:00:00+00:00,gbpusd,1.38958,1.39077,1.38938,1.38996
2021-08-02 00:00:00+00:00,gbpusd,1.3891,1.39327,1.3876,1.38959
2021-08-03 00:00:00+00:00,gbpusd,1.39172,1.3925,1.38872,1.38909
2021-08-04 00:00:00+00:00,gbpusd,1.38897,1.39579,1.38856,1.39171
2021-08-05 00:00:00+00:00,gbpusd,1.39276,1.39491,1.38725,1.38898
2021-08-06 00:00:00+00:00,gbpusd,1.38732,1.39332,1.38614,1.39277
2021-08-08 00:00:00+00:00,gbpusd,1.38634,1.38839,1.38584,1.38769
2021-08-09 00:00:00+00:00,gbpusd,1.38469,1.38945,1.38412,1.38633
2021-08-10 00:00:00+00:00,gbpusd,1.38613,1.38726,1.38363,1.38468
2021-08-11 00:00:00+00:00,gbpusd,1.38665,1.38881,1.38123,1.38136
2021-08-12 00:00:00+00:00,gbpusd,1.38111,1.38787,1.3795,1.38664
2021-08-13 00:00:00+00:00,gbpusd,1.38693,1.38751,1.37909,1.38112
2021-08-15 00:00:00+00:00,gbpusd,1.38642,1.38736,1.38569,1.3865
2021-08-16 00:00:00+00:00,gbpusd,1.38409,1.38786,1.3828,1.38642
2021-08-17 00:00:00+00:00,gbpusd,1.37402,1.38411,1.37263,1.38408
2021-08-18 00:00:00+00:00,gbpusd,1.37432,1.37866,1.37316,1.37401
2021-08-19 00:00:00+00:00,gbpusd,1.36303,1.375,1.36282,1.37433
2021-08-20 00:00:00+00:00,gbpusd,1.36255,1.36412,1.36023,1.36308
2021-08-22 00:00:00+00:00,gbpusd,1.36247,1.36313,1.36144,1.36226
2021-08-23 00:00:00+00:00,gbpusd,1.37236,1.37323,1.36246,1.36248
2021-08-24 00:00:00+00:00,gbpusd,1.37249,1.3748,1.3694,1.37233
2021-08-25 00:00:00+00:00,gbpusd,1.37645,1.3767,1.36968,1.3725
2021-08-26 00:00:00+00:00,gbpusd,1.37004,1.37681,1.36896,1.37644
2021-08-27 00:00:00+00:00,gbpusd,1.3763,1.37803,1.36801,1.37003
2021-08-29 00:00:00+00:00,gbpusd,1.37628,1.37662,1.37526,1.3761
2021-08-30 00:00:00+00:00,gbpusd,1.3759,1.37754,1.3734,1.37627
2021-08-31 00:00:00+00:00,gbpusd,1.37524,1.38079,1.3743,1.37589
2021-09-01 00:00:00+00:00,gbpusd,1.37714,1.37985,1.37314,1.37525
2021-09-02 00:00:00+00:00,gbpusd,1.38364,1.38399,1.37675,1.37715
2021-09-03 00:00:00+00:00,gbpusd,1.38677,1.38919,1.38182,1.38365
2021-09-05 00:00:00+00:00,gbpusd,1.38578,1.3869,1.38574,1.38636
2021-09-06 00:00:00+00:00,gbpusd,1.38388,1.38598,1.38188,1.38579
2021-09-07 00:00:00+00:00,gbpusd,1.37793,1.38567,1.3768,1.38391
2021-09-08 00:00:00+00:00,gbpusd,1.3767,1.37906,1.37267,1.37792
2021-09-09 00:00:00+00:00,gbpusd,1.38385,1.38629,1.37537,1.37669
2021-09-10 00:00:00+00:00,gbpusd,1.38409,1.38887,1.38271,1.38386
2021-09-12 00:00:00+00:00,gbpusd,1.3839,1.38528,1.38332,1.38418
2021-09-13 00:00:00+00:00,gbpusd,1.38376,1.38513,1.37973,1.38391
2021-09-14 00:00:00+00:00,gbpusd,1.3808,1.39132,1.38037,1.38377
2021-09-15 00:00:00+00:00,gbpusd,1.38485,1.3854,1.37929,1.38081
2021-09-16 00:00:00+00:00,gbpusd,1.3798,1.38497,1.37647,1.38484
2021-09-17 00:00:00+00:00,gbpusd,1.3737,1.3813,1.37279,1.37979
2021-09-19 00:00:00+00:00,gbpusd,1.37289,1.37523,1.37245,1.37401
2021-09-20 00:00:00+00:00,gbpusd,1.36622,1.37303,1.36409,1.37287
2021-09-21 00:00:00+00:00,gbpusd,1.36576,1.36931,1.36415,1.36623
2021-09-22 00:00:00+00:00,gbpusd,1.36163,1.36897,1.36096,1.36575
2021-09-23 00:00:00+00:00,gbpusd,1.37211,1.37509,1.36124,1.36166
2021-09-24 00:00:00+00:00,gbpusd,1.36774,1.37365,1.36581,1.3721
2021-09-26 00:00:00+00:00,gbpusd,1.36686,1.36759,1.36624,1.36661
2021-09-27 00:00:00+00:00,gbpusd,1.37009,1.37291,1.36583,1.36687
2021-09-28 00:00:00+00:00,gbpusd,1.35417,1.37176,1.35209,1.37008
2021-09-29 00:00:00+00:00,gbpusd,1.34273,1.35548,1.34125,1.35416
2021-09-30 00:00:00+00:00,gbpusd,1.34688,1.35163,1.34158,1.34274
2021-10-01 00:00:00+00:00,gbpusd,1.35455,1.35759,1.34339,1.34687
2021-10-03 00:00:00+00:00,gbpusd,1.35702,1.35758,1.35451,1.35547
2021-10-04 00:00:00+00:00,gbpusd,1.36068,1.36406,1.3532,1.35701
2021-10-05 00:00:00+00:00,gbpusd,1.36264,1.3648,1.35846,1.36069
2021-10-06 00:00:00+00:00,gbpusd,1.35923,1.36314,1.35441,1.36263
2021-10-07 00:00:00+00:00,gbpusd,1.36195,1.36388,1.35707,1.35922
2021-10-08 00:00:00+00:00,gbpusd,1.36147,1.36589,1.35836,1.36192
2021-10-10 00:00:00+00:00,gbpusd,1.36161,1.36273,1.36122,1.36199
2021-10-11 00:00:00+00:00,gbpusd,1.35912,1.3674,1.35846,1.36163
2021-10-12 00:00:00+00:00,gbpusd,1.3577,1.36374,1.35688,1.35915
2021-10-13 00:00:00+00:00,gbpusd,1.36685,1.36693,1.3576,1.35769
2021-10-14 00:00:00+00:00,gbpusd,1.36683,1.37345,1.36585,1.36686
2021-10-15 00:00:00+00:00,gbpusd,1.37498,1.37732,1.36683,1.36684
2021-10-17 00:00:00+00:00,gbpusd,1.37608,1.37653,1.37449,1.37512
2021-10-18 00:00:00+00:00,gbpusd,1.37358,1.37638,1.37092,1.37609
2021-10-19 00:00:00+00:00,gbpusd,1.37925,1.38339,1.37359,1.37359
2021-10-20 00:00:00+00:00,gbpusd,1.38221,1.38347,1.37425,1.37926
2021-10-21 00:00:00+00:00,gbpusd,1.37915,1.38333,1.37764,1.38222
2021-10-22 00:00:00+00:00,gbpusd,1.37552,1.38154,1.37362,1.37914
2021-10-24 00:00:00+00:00,gbpusd,1.37622,1.37651,1.37495,1.37509
2021-10-25 00:00:00+00:00,gbpusd,1.37638,1.37922,1.3742,1.37629
2021-10-26 00:00:00+00:00,gbpusd,1.37657,1.38298,1.3757,1.37641
2021-10-27 00:00:00+00:00,gbpusd,1.3732,1.37811,1.37097,1.37656
2021-10-28 00:00:00+00:00,gbpusd,1.37988,1.38151,1.37224,1.3732
2021-10-29 00:00:00+00:00,gbpusd,1.3676,1.38041,1.36684,1.37989
2021-10-31 00:00:00+00:00,gbpusd,1.36828,1.36897,1.36809,1.368445
2021-11-01 00:00:00+00:00,gbpusd,1.36547,1.36933,1.36422,1.36829
2021-11-02 00:00:00+00:00,gbpusd,1.36164,1.36678,1.36058,1.36548
2021-11-03 00:00:00+00:00,gbpusd,1.36941,1.36985,1.36075,1.36182
2021-11-04 00:00:00+00:00,gbpusd,1.3508,1.36944,1.34712,1.3694
2021-11-05 00:00:00+00:00,gbpusd,1.34977,1.3509,1.34245,1.35079
2021-11-07 00:00:00+00:00,gbpusd,1.34907,1.34984,1.34861,1.34936
2021-11-08 00:00:00+00:00,gbpusd,1.35639,1.358,1.34503,1.34906
2021-11-09 00:00:00+00:00,gbpusd,1.35506,1.35649,1.35485,1.35638
2021-11-10 00:00:00+00:00,gbpusd,1.34122,1.35651,1.34015,1.35521
2021-11-11 00:00:00+00:00,gbpusd,1.3365,1.34333,1.33588,1.34121
2021-11-12 00:00:00+00:00,gbpusd,1.34193,1.34263,1.33535,1.33649
2021-11-14 00:00:00+00:00,gbpusd,1.34163,1.34206,1.34115,1.34157
2021-11-15 00:00:00+00:00,gbpusd,1.34102,1.34496,1.34033,1.34164
2021-11-16 00:00:00+00:00,gbpusd,1.34253,1.3473,1.34103,1.34103
2021-11-17 00:00:00+00:00,gbpusd,1.34886,1.34963,1.33967,1.34254
2021-11-18 00:00:00+00:00,gbpusd,1.3499,1.35136,1.34641,1.34889
2021-11-19 00:00:00+00:00,gbpusd,1.3452,1.35099,1.34077,1.34982
2021-11-21 00:00:00+00:00,gbpusd,1.34332,1.34589,1.34304,1.34562
2021-11-22 00:00:00+00:00,gbpusd,1.33976,1.345,1.33845,1.34331
2021-11-23 00:00:00+00:00,gbpusd,1.33753,1.34094,1.33425,1.33979
2021-11-24 00:00:00+00:00,gbpusd,1.33299,1.33901,1.33159,1.33752
2021-11-25 00:00:00+00:00,gbpusd,1.33126,1.33537,1.33057,1.33301
2021-11-26 00:00:00+00:00,gbpusd,1.33383,1.3364,1.32789,1.33125
2021-11-28 00:00:00+00:00,gbpusd,1.33406,1.33415,1.33286,1.33356
2021-11-29 00:00:00+00:00,gbpusd,1.33144,1.33631,1.32877,1.33405
2021-11-30 00:00:00+00:00,gbpusd,1.32955,1.33707,1.31967,1.33143
2021-12-01 00:00:00+00:00,gbpusd,1.32777,1.33519,1.32618,1.32956
2021-12-02 00:00:00+00:00,gbpusd,1.32997,1.33339,1.32718,1.32776
2021-12-03 00:00:00+00:00,gbpusd,1.32392,1.33097,1.32097,1.33
2021-12-05 00:00:00+00:00,gbpusd,1.32356,1.32506,1.32335,1.32412
2021-12-06 00:00:00+00:00,gbpusd,1.32625,1.32861,1.32227,1.32352
2021-12-07 00:00:00+00:00,gbpusd,1.32455,1.32895,1.32092,1.32626
2021-12-08 00:00:00+00:00,gbpusd,1.32091,1.32615,1.31611,1.32457
2021-12-09 00:00:00+00:00,gbpusd,1.32244,1.32247,1.31709,1.3209
2021-12-10 00:00:00+00:00,gbpusd,1.32728,1.32758,1.31874,1.32243
2021-12-12 00:00:00+00:00,gbpusd,1.32574,1.32617,1.32545,1.32577
2021-12-13 00:00:00+00:00,gbpusd,1.32133,1.3269,1.32076,1.32573
2021-12-14 00:00:00+00:00,gbpusd,1.32299,1.32569,1.31913,1.32134
2021-12-15 00:00:00+00:00,gbpusd,1.32624,1.32829,1.31723,1.323
2021-12-16 00:00:00+00:00,gbpusd,1.33229,1.33746,1.32416,1.32623
2021-12-17 00:00:00+00:00,gbpusd,1.32437,1.33397,1.32317,1.3323
2021-12-19 00:00:00+00:00,gbpusd,1.32291,1.32461,1.32225,1.32401
2021-12-20 00:00:00+00:00,gbpusd,1.32095,1.32448,1.31736,1.32292
2021-12-21 00:00:00+00:00,gbpusd,1.32685,1.32711,1.31977,1.32096
2021-12-22 00:00:00+00:00,gbpusd,1.33509,1.33635,1.32405,1.32684
2021-12-23 00:00:00+00:00,gbpusd,1.34064,1.34381,1.3343,1.33508
2021-12-24 00:00:00+00:00,gbpusd,1.33937,1.34195,1.33878,1.34062
2021-12-26 00:00:00+00:00,gbpusd,1.34028,1.34094,1.33918,1.33932
2021-12-27 00:00:00+00:00,gbpusd,1.34417,1.34454,1.33918,1.34026
2021-12-28 00:00:00+00:00,gbpusd,1.34335,1.34618,1.34152,1.34419
2021-12-29 00:00:00+00:00,gbpusd,1.34971,1.34998,1.34091,1.34334
2021-12-30 00:00:00+00:00,gbpusd,1.34977,1.3522,1.34545,1.3497
2021-12-31 00:00:00+00:00,gbpusd,1.35303,1.35502,1.34658,1.34976
2022-01-02 00:00:00+00:00,gbpusd,1.35218,1.35348,1.35207,1.35288
2022-01-03 00:00:00+00:00,gbpusd,1.34826,1.35298,1.34311,1.35217
2022-01-04 00:00:00+00:00,gbpusd,1.35304,1.35576,1.34596,1.34825
2022-01-05 00:00:00+00:00,gbpusd,1.3555,1.35987,1.35228,1.35302
2022-01-06 00:00:00+00:00,gbpusd,1.3533,1.35593,1.34905,1.35549
2022-01-07 00:00:00+00:00,gbpusd,1.35889,1.35977,1.35275,1.35331
2022-01-09 00:00:00+00:00,gbpusd,1.35917,1.3594,1.35794,1.35826
2022-01-10 00:00:00+00:00,gbpusd,1.357985,1.36038,1.35321,1.35918
2022-01-11 00:00:00+00:00,gbpusd,1.36329,1.363675,1.35617,1.35799
2022-01-12 00:00:00+00:00,gbpusd,1.37063,1.371475,1.36211,1.363285
2022-01-13 00:00:00+00:00,gbpusd,1.371345,1.374885,1.370105,1.370625
2022-01-14 00:00:00+00:00,gbpusd,1.36756,1.374315,1.36535,1.37134
2022-01-16 00:00:00+00:00,gbpusd,1.36731,1.36807,1.36659,1.36761
2022-01-17 00:00:00+00:00,gbpusd,1.36476,1.368995,1.36375,1.36731
2022-01-18 00:00:00+00:00,gbpusd,1.35997,1.36616,1.357315,1.364765
2022-01-19 00:00:00+00:00,gbpusd,1.3609,1.36492,1.358815,1.35998
2022-01-20 00:00:00+00:00,gbpusd,1.359695,1.3662,1.35871,1.360995
2022-01-21 00:00:00+00:00,gbpusd,1.355315,1.36023,1.354575,1.3597
2022-01-23 00:00:00+00:00,gbpusd,1.35552,1.355555,1.354675,1.355285
2022-01-24 00:00:00+00:00,gbpusd,1.34885,1.35656,1.34405,1.355525
2022-01-25 00:00:00+00:00,gbpusd,1.35098,1.351895,1.343645,1.348845
2022-01-26 00:00:00+00:00,gbpusd,1.34675,1.352495,1.34447,1.350985
2022-01-27 00:00:00+00:00,gbpusd,1.338755,1.346745,1.33581,1.346745
2022-01-28 00:00:00+00:00,gbpusd,1.340045,1.3433,1.33653,1.33876
2022-01-30 00:00:00+00:00,gbpusd,1.34027,1.340505,1.338695,1.33971
2022-01-31 00:00:00+00:00,gbpusd,1.344485,1.346065,1.339325,1.340275
2022-02-01 00:00:00+00:00,gbpusd,1.352485,1.352825,1.343475,1.34449
2022-02-02 00:00:00+00:00,gbpusd,1.356435,1.358765,1.351695,1.35248
2022-02-03 00:00:00+00:00,gbpusd,1.35981,1.3628,1.35383,1.356425
2022-02-04 00:00:00+00:00,gbpusd,1.353335,1.3615,1.35051,1.35977
2022-02-06 00:00:00+00:00,gbpusd,1.353305,1.354835,1.35305,1.353785
2022-02-07 00:00:00+00:00,gbpusd,1.35371,1.355095,1.349055,1.35331
2022-02-08 00:00:00+00:00,gbpusd,1.3547,1.356415,1.35079,1.353715
2022-02-09 00:00:00+00:00,gbpusd,1.35327,1.358935,1.352695,1.354715
2022-02-10 00:00:00+00:00,gbpusd,1.35493,1.364385,1.35235,1.353275
2022-02-11 00:00:00+00:00,gbpusd,1.355725,1.360975,1.351435,1.354925
2022-02-13 00:00:00+00:00,gbpusd,1.35692,1.35718,1.355265,1.35542
2022-02-14 00:00:00+00:00,gbpusd,1.35324,1.357215,1.34952,1.356915
2022-02-15 00:00:00+00:00,gbpusd,1.354065,1.356715,1.348665,1.353245
2022-02-16 00:00:00+00:00,gbpusd,1.358175,1.36013,1.353885,1.35407
2022-02-17 00:00:00+00:00,gbpusd,1.361495,1.36381,1.35558,1.35817
2022-02-18 00:00:00+00:00,gbpusd,1.35884,1.36429,1.357325,1.36147
2022-02-20 00:00:00+00:00,gbpusd,1.359145,1.359855,1.35879,1.35922
2022-02-21 00:00:00+00:00,gbpusd,1.35951,1.363865,1.3582,1.359155
2022-02-22 00:00:00+00:00,gbpusd,1.35886,1.36049,1.353855,1.359515
2022-02-23 00:00:00+00:00,gbpusd,1.35451,1.362075,1.3536,1.35891
2022-02-24 00:00:00+00:00,gbpusd,1.33716,1.354695,1.3273,1.354505
2022-02-25 00:00:00+00:00,gbpusd,1.34099,1.343885,1.336675,1.337165
2022-02-27 00:00:00+00:00,gbpusd,1.33722,1.33748,1.33287,1.333705
2022-02-28 00:00:00+00:00,gbpusd,1.34221,1.34318,1.33416,1.337215
2022-03-01 00:00:00+00:00,gbpusd,1.33356,1.34375,1.33024,1.342205
2022-03-02 00:00:00+00:00,gbpusd,1.33966,1.340785,1.32717,1.33355
2022-03-03 00:00:00+00:00,gbpusd,1.335055,1.3418,1.331765,1.33966
2022-03-04 00:00:00+00:00,gbpusd,1.32302,1.335235,1.32025,1.335035
2022-03-06 00:00:00+00:00,gbpusd,1.321175,1.32441,1.320205,1.32269
2022-03-07 00:00:00+00:00,gbpusd,1.31135,1.322865,1.310205,1.32117
2022-03-08 00:00:00+00:00,gbpusd,1.309875,1.314475,1.30823,1.311355
2022-03-09 00:00:00+00:00,gbpusd,1.31849,1.31901,1.30986,1.30987
2022-03-10 00:00:00+00:00,gbpusd,1.31027,1.31948,1.30818,1.3185
2022-03-11 00:00:00+00:00,gbpusd,1.303535,1.312515,1.30276,1.31027
2022-03-13 00:00:00+00:00,gbpusd,1.30497,1.30527,1.303245,1.304305
2022-03-14 00:00:00+00:00,gbpusd,1.301005,1.307935,1.300125,1.304975
2022-03-15 00:00:00+00:00,gbpusd,1.304425,1.308885,1.30006,1.301
2022-03-16 00:00:00+00:00,gbpusd,1.314025,1.31567,1.3036,1.30443
2022-03-17 00:00:00+00:00,gbpusd,1.315895,1.32112,1.30878,1.31402
2022-03-18 00:00:00+00:00,gbpusd,1.31783,1.3197,1.31222,1.31589
2022-03-20 00:00:00+00:00,gbpusd,1.315975,1.31797,1.315915,1.31787
2022-03-21 00:00:00+00:00,gbpusd,1.31694,1.32101,1.312705,1.31597
2022-03-22 00:00:00+00:00,gbpusd,1.32661,1.327205,1.31552,1.316935
2022-03-23 00:00:00+00:00,gbpusd,1.320555,1.32987,1.31754,1.326615
2022-03-24 00:00:00+00:00,gbpusd,1.31944,1.32143,1.31572,1.32056
2022-03-25 00:00:00+00:00,gbpusd,1.31815,1.322505,1.31594,1.319435
2022-03-27 00:00:00+00:00,gbpusd,1.31733,1.318685,1.31689,1.318205
2022-03-28 00:00:00+00:00,gbpusd,1.309945,1.317685,1.30669,1.317325
2022-03-29 00:00:00+00:00,gbpusd,1.30932,1.31061,1.30785,1.30994
2022-03-30 00:00:00+00:00,gbpusd,1.313755,1.31827,1.30888,1.30931
2022-03-31 00:00:00+00:00,gbpusd,1.314565,1.31758,1.31064,1.31375
2022-04-01 00:00:00+00:00,gbpusd,1.311475,1.31468,1.30865,1.31457
2022-04-03 00:00:00+00:00,gbpusd,1.310465,1.31122,1.30995,1.31061
2022-04-04 00:00:00+00:00,gbpusd,1.31129,1.31372,1.30933,1.31047
2022-04-05 00:00:00+00:00,gbpusd,1.307695,1.316705,1.306705,1.311285
2022-04-06 00:00:00+00:00,gbpusd,1.306945,1.310835,1.30458,1.30769
2022-04-07 00:00:00+00:00,gbpusd,1.30691,1.31068,1.3052,1.306935
2022-04-08 00:00:00+00:00,gbpusd,1.303665,1.30774,1.29822,1.306905
2022-04-10 00:00:00+00:00,gbpusd,1.30302,1.303975,1.302485,1.303125
2022-04-11 00:00:00+00:00,gbpusd,1.30229,1.305695,1.298925,1.303015
2022-04-12 00:00:00+00:00,gbpusd,1.300185,1.305405,1.299395,1.302295
2022-04-13 00:00:00+00:00,gbpusd,1.31189,1.31234,1.2973,1.30019
2022-04-14 00:00:00+00:00,gbpusd,1.307575,1.314755,1.30336,1.311885
2022-04-15 00:00:00+00:00,gbpusd,1.306155,1.30753,1.305125,1.305355
2022-04-17 00:00:00+00:00,gbpusd,1.305715,1.306475,1.30502,1.305475
2022-04-18 00:00:00+00:00,gbpusd,1.30078,1.30578,1.300145,1.30571
2022-04-19 00:00:00+00:00,gbpusd,1.30141,1.3041,1.298075,1.300785
2022-04-20 00:00:00+00:00,gbpusd,1.306845,1.30741,1.29966,1.30141
2022-04-21 00:00:00+00:00,gbpusd,1.30248,1.30905,1.302255,1.306795
2022-04-22 00:00:00+00:00,gbpusd,1.28381,1.303315,1.2823,1.302485
2022-04-24 00:00:00+00:00,gbpusd,1.282845,1.28428,1.28264,1.28388
2022-04-25 00:00:00+00:00,gbpusd,1.273795,1.282995,1.26976,1.28284
2022-04-26 00:00:00+00:00,gbpusd,1.25817,1.277245,1.25603,1.27379
2022-04-27 00:00:00+00:00,gbpusd,1.253995,1.260205,1.250275,1.258175
2022-04-28 00:00:00+00:00,gbpusd,1.24651,1.257005,1.24115,1.25399
2022-04-29 00:00:00+00:00,gbpusd,1.25761,1.261475,1.24652,1.24652
2022-05-01 00:00:00+00:00,gbpusd,1.257055,1.258905,1.256975,1.258375
2022-05-02 00:00:00+00:00,gbpusd,1.24997,1.259735,1.2473,1.25706
2022-05-03 00:00:00+00:00,gbpusd,1.24987,1.256745,1.247065,1.249965
2022-05-04 00:00:00+00:00,gbpusd,1.26166,1.263815,1.245195,1.249865
2022-05-05 00:00:00+00:00,gbpusd,1.23627,1.26333,1.23251,1.261665
2022-05-06 00:00:00+00:00,gbpusd,1.23385,1.23805,1.22764,1.236265
2022-05-08 00:00:00+00:00,gbpusd,1.23259,1.234765,1.23246,1.23395
2022-05-09 00:00:00+00:00,gbpusd,1.23361,1.24063,1.22611,1.232585
2022-05-10 00:00:00+00:00,gbpusd,1.230745,1.237585,1.22918,1.233645
2022-05-11 00:00:00+00:00,gbpusd,1.22337,1.240055,1.22322,1.23074
2022-05-12 00:00:00+00:00,gbpusd,1.22046,1.22487,1.21654,1.22335
2022-05-13 00:00:00+00:00,gbpusd,1.22618,1.22626,1.21557,1.22045
2022-05-16 00:00:00+00:00,gbpusd,1.23257,1.23298,1.22174,1.22608
2022-05-17 00:00:00+00:00,gbpusd,1.24872,1.24991,1.23209,1.23258
2022-05-18 00:00:00+00:00,gbpusd,1.23445,1.250125,1.233,1.24874
2022-05-19 00:00:00+00:00,gbpusd,1.24631,1.252475,1.23383,1.23444
2022-05-20 00:00:00+00:00,gbpusd,1.24937,1.24972,1.24375,1.246315
2022-05-22 00:00:00+00:00,gbpusd,1.25036,1.251005,1.24764,1.24831
2022-05-23 00:00:00+00:00,gbpusd,1.25672,1.26013,1.25001,1.250355
2022-05-24 00:00:00+00:00,gbpusd,1.25417,1.25988,1.24718,1.25663
2022-05-25 00:00:00+00:00,gbpusd,1.258615,1.25947,1.24813,1.25417
2022-05-26 00:00:00+00:00,gbpusd,1.2617,1.26211,1.255205,1.25862
2022-05-27 00:00:00+00:00,gbpusd,1.26169,1.26169,1.26169,1.26169
2022-05-29 00:00:00+00:00,gbpusd,1.26246,1.263655,1.262285,1.26245
2022-05-30 00:00:00+00:00,gbpusd,1.26458,1.266,1.26164,1.262475
2022-05-31 00:00:00+00:00,gbpusd,1.26097,1.26487,1.25606,1.26459
2022-06-01 00:00:00+00:00,gbpusd,1.248395,1.26168,1.24588,1.26098
2022-06-02 00:00:00+00:00,gbpusd,1.25785,1.25867,1.246965,1.2484
2022-06-03 00:00:00+00:00,gbpusd,1.248945,1.259,1.24858,1.25784
2022-06-05 00:00:00+00:00,gbpusd,1.24904,1.250285,1.248735,1.24902
2022-06-06 00:00:00+00:00,gbpusd,1.25236,1.25777,1.24769,1.24905
2022-06-07 00:00:00+00:00,gbpusd,1.25877,1.25995,1.24306,1.25235
2022-06-08 00:00:00+00:00,gbpusd,1.25406,1.25894,1.25155,1.258775
2022-06-09 00:00:00+00:00,gbpusd,1.24927,1.25587,1.24865,1.254055
2022-06-10 00:00:00+00:00,gbpusd,1.23167,1.25178,1.230125,1.249275
2022-06-12 00:00:00+00:00,gbpusd,1.22771,1.23257,1.22723,1.23194
2022-06-13 00:00:00+00:00,gbpusd,1.21427,1.23008,1.21075,1.227705
2022-06-14 00:00:00+00:00,gbpusd,1.201115,1.22085,1.19339,1.214265
2022-06-15 00:00:00+00:00,gbpusd,1.21749,1.22051,1.198965,1.20112
2022-06-16 00:00:00+00:00,gbpusd,1.235055,1.24068,1.20414,1.21748
2022-06-17 00:00:00+00:00,gbpusd,1.222135,1.235055,1.21729,1.235055
2022-06-19 00:00:00+00:00,gbpusd,1.2228,1.22317,1.22084,1.222455
2022-06-20 00:00:00+00:00,gbpusd,1.22483,1.228065,1.219955,1.22279
2022-06-21 00:00:00+00:00,gbpusd,1.22641,1.232475,1.2245,1.22482
2022-06-22 00:00:00+00:00,gbpusd,1.22525,1.23148,1.21613,1.226415
2022-06-23 00:00:00+00:00,gbpusd,1.22601,1.22947,1.21701,1.225245
2022-06-24 00:00:00+00:00,gbpusd,1.22756,1.23208,1.22412,1.226015
2022-06-26 00:00:00+00:00,gbpusd,1.22827,1.22969,1.22664,1.22683
2022-06-27 00:00:00+00:00,gbpusd,1.226655,1.233255,1.226145,1.22826
2022-06-28 00:00:00+00:00,gbpusd,1.218795,1.22917,1.21753,1.22665
2022-06-29 00:00:00+00:00,gbpusd,1.21291,1.22135,1.210575,1.21879
2022-06-30 00:00:00+00:00,gbpusd,1.21606,1.21887,1.20922,1.21292
2022-07-01 00:00:00+00:00,gbpusd,1.210155,1.21617,1.19757,1.216055
2022-07-03 00:00:00+00:00,gbpusd,1.210035,1.21235,1.20981,1.21025
2022-07-04 00:00:00+00:00,gbpusd,1.21137,1.21654,1.20851,1.21003
2022-07-05 00:00:00+00:00,gbpusd,1.19515,1.21255,1.18988,1.21134
2022-07-06 00:00:00+00:00,gbpusd,1.19224,1.198965,1.18762,1.195145
2022-07-07 00:00:00+00:00,gbpusd,1.2029,1.203395,1.19093,1.192235
2022-07-08 00:00:00+00:00,gbpusd,1.20338,1.205615,1.19198,1.20291
2022-07-11 00:00:00+00:00,gbpusd,1.18994,1.20124,1.18667,1.20104
2022-07-12 00:00:00+00:00,gbpusd,1.18776,1.19161,1.18074,1.18993
2022-07-13 00:00:00+00:00,gbpusd,1.18639,1.19676,1.18277,1.187755
2022-07-14 00:00:00+00:00,gbpusd,1.184085,1.188455,1.176005,1.186405
2022-07-15 00:00:00+00:00,gbpusd,1.18691,1.187485,1.18045,1.18408
2022-07-17 00:00:00+00:00,gbpusd,1.189,1.18908,1.186285,1.18687
2022-07-18 00:00:00+00:00,gbpusd,1.194905,1.203375,1.18746,1.189
2022-07-19 00:00:00+00:00,gbpusd,1.20026,1.204555,1.19252,1.1949
2022-07-20 00:00:00+00:00,gbpusd,1.196815,1.20377,1.19538,1.200255
2022-07-21 00:00:00+00:00,gbpusd,1.199565,1.200545,1.18904,1.19681
2022-07-22 00:00:00+00:00,gbpusd,1.20073,1.20642,1.19168,1.199555
2022-07-24 00:00:00+00:00,gbpusd,1.19856,1.19919,1.198535,1.199165
2022-07-25 00:00:00+00:00,gbpusd,1.20539,1.20867,1.196065,1.198565
2022-07-26 00:00:00+00:00,gbpusd,1.20357,1.20904,1.196415,1.2054
2022-07-27 00:00:00+00:00,gbpusd,1.21623,1.21863,1.20207,1.203545
2022-07-28 00:00:00+00:00,gbpusd,1.21731,1.21917,1.21036,1.216235
2022-07-29 00:00:00+00:00,gbpusd,1.218105,1.22458,1.20632,1.217315
2022-07-31 00:00:00+00:00,gbpusd,1.2168,1.217945,1.215705,1.21726
2022-08-01 00:00:00+00:00,gbpusd,1.22574,1.229355,1.21631,1.216805
2022-08-02 00:00:00+00:00,gbpusd,1.21436,1.22794,1.21409,1.22576
2022-08-03 00:00:00+00:00,gbpusd,1.21387,1.22078,1.21002,1.214405
2022-08-04 00:00:00+00:00,gbpusd,1.21586,1.221705,1.20659,1.21417
2022-08-05 00:00:00+00:00,gbpusd,1.20716,1.21693,1.20037,1.215865
2022-08-07 00:00:00+00:00,gbpusd,1.20611,1.20718,1.205745,1.206905
2022-08-08 00:00:00+00:00,gbpusd,1.20855,1.21377,1.204775,1.206115
2022-08-09 00:00:00+00:00,gbpusd,1.207165,1.21304,1.20634,1.208545
2022-08-10 00:00:00+00:00,gbpusd,1.221045,1.2277,1.20652,1.20716
2022-08-11 00:00:00+00:00,gbpusd,1.219485,1.22496,1.218255,1.22104
2022-08-12 00:00:00+00:00,gbpusd,1.21375,1.221645,1.20999,1.21948
2022-08-14 00:00:00+00:00,gbpusd,1.212725,1.21396,1.21266,1.2136
2022-08-15 00:00:00+00:00,gbpusd,1.20565,1.21484,1.20504,1.21273
2022-08-16 00:00:00+00:00,gbpusd,1.209475,1.21182,1.2008,1.20564
2022-08-17 00:00:00+00:00,gbpusd,1.20456,1.214375,1.202825,1.20948
2022-08-18 00:00:00+00:00,gbpusd,1.19308,1.20798,1.1923,1.20457
2022-08-19 00:00:00+00:00,gbpusd,1.183035,1.19335,1.17921,1.19309
2022-08-21 00:00:00+00:00,gbpusd,1.1819,1.18341,1.181145,1.182325
2022-08-22 00:00:00+00:00,gbpusd,1.17656,1.18369,1.174235,1.18191
2022-08-23 00:00:00+00:00,gbpusd,1.183005,1.1878,1.17176,1.17657
2022-08-24 00:00:00+00:00,gbpusd,1.179075,1.18358,1.175585,1.18301
2022-08-25 00:00:00+00:00,gbpusd,1.18232,1.18644,1.1784,1.17907
2022-08-26 00:00:00+00:00,gbpusd,1.17403,1.19011,1.17337,1.182315
2022-08-28 00:00:00+00:00,gbpusd,1.1689,1.169255,1.168835,1.16925
2022-08-29 00:00:00+00:00,gbpusd,1.17218,1.1744,1.16484,1.16907
2022-08-30 00:00:00+00:00,gbpusd,1.16586,1.17605,1.16219,1.17216
2022-08-31 00:00:00+00:00,gbpusd,1.15973,1.169395,1.15941,1.16587
2022-09-01 00:00:00+00:00,gbpusd,1.15474,1.16168,1.14994,1.159735
2022-09-02 00:00:00+00:00,gbpusd,1.15145,1.158885,1.14962,1.154735
2022-09-05 00:00:00+00:00,gbpusd,1.15646,1.1567,1.144405,1.14789
2022-09-06 00:00:00+00:00,gbpusd,1.15106,1.16095,1.149465,1.156455
2022-09-07 00:00:00+00:00,gbpusd,1.152235,1.15413,1.14054,1.151065
2022-09-08 00:00:00+00:00,gbpusd,1.15204,1.15609,1.14606,1.15224
2022-09-09 00:00:00+00:00,gbpusd,1.15878,1.164845,1.15158,1.152035
2022-09-11 00:00:00+00:00,gbpusd,1.16202,1.163905,1.16025,1.1627
2022-09-12 00:00:00+00:00,gbpusd,1.16892,1.171075,1.16008,1.162015
2022-09-13 00:00:00+00:00,gbpusd,1.15026,1.17384,1.14821,1.168925
2022-09-14 00:00:00+00:00,gbpusd,1.154465,1.158985,1.148035,1.150255
2022-09-15 00:00:00+00:00,gbpusd,1.1452,1.1548,1.14513,1.15447
2022-09-16 00:00:00+00:00,gbpusd,1.142385,1.14807,1.13507,1.145205
2022-09-18 00:00:00+00:00,gbpusd,1.14343,1.14412,1.14122,1.14181
2022-09-19 00:00:00+00:00,gbpusd,1.144485,1.14459,1.13555,1.14342
2022-09-20 00:00:00+00:00,gbpusd,1.13806,1.1461,1.13575,1.14448
2022-09-21 00:00:00+00:00,gbpusd,1.125735,1.13847,1.123665,1.138055
2022-09-22 00:00:00+00:00,gbpusd,1.12627,1.136465,1.121185,1.12582
2022-09-23 00:00:00+00:00,gbpusd,1.085105,1.127415,1.08395,1.12626
2022-09-25 00:00:00+00:00,gbpusd,1.079335,1.084625,1.07804,1.081385
2022-09-26 00:00:00+00:00,gbpusd,1.076635,1.09311,1.03437,1.07933
2022-09-27 00:00:00+00:00,gbpusd,1.07262,1.083815,1.06594,1.076685
2022-09-28 00:00:00+00:00,gbpusd,1.08313,1.09158,1.054,1.07263
2022-09-29 00:00:00+00:00,gbpusd,1.11717,1.12042,1.07624,1.08313
2022-09-30 00:00:00+00:00,gbpusd,1.11628,1.12345,1.10255,1.11718
2022-10-02 00:00:00+00:00,gbpusd,1.11358,1.11949,1.11283,1.11708
2022-10-03 00:00:00+00:00,gbpusd,1.13383,1.13417,1.10861,1.11359
2022-10-04 00:00:00+00:00,gbpusd,1.14508,1.14894,1.12807,1.13384
2022-10-05 00:00:00+00:00,gbpusd,1.13563,1.14957,1.12272,1.14509
2022-10-06 00:00:00+00:00,gbpusd,1.116195,1.1384,1.11131,1.13564
2022-10-07 00:00:00+00:00,gbpusd,1.10939,1.12254,1.1056,1.11619
2022-10-09 00:00:00+00:00,gbpusd,1.10728,1.10951,1.10621,1.10933
2022-10-10 00:00:00+00:00,gbpusd,1.10791,1.11115,1.10199,1.10729
2022-10-11 00:00:00+00:00,gbpusd,1.09641,1.118,1.09531,1.10793
2022-10-12 00:00:00+00:00,gbpusd,1.11011,1.11341,1.09238,1.096405
2022-10-13 00:00:00+00:00,gbpusd,1.13016,1.13808,1.10573,1.1101
2022-10-14 00:00:00+00:00,gbpusd,1.117995,1.13667,1.11521,1.13016
2022-10-16 00:00:00+00:00,gbpusd,1.12419,1.12507,1.12134,1.1226
2022-10-17 00:00:00+00:00,gbpusd,1.1352,1.14398,1.12162,1.12418
2022-10-18 00:00:00+00:00,gbpusd,1.13427,1.14109,1.1256,1.135205
2022-10-19 00:00:00+00:00,gbpusd,1.12184,1.13513,1.11854,1.13426
2022-10-21 00:00:00+00:00,gbpusd,1.12979,1.13152,1.10609,1.11052
2022-10-23 00:00:00+00:00,gbpusd,1.13364,1.140935,1.13077,1.13807
2022-10-24 00:00:00+00:00,gbpusd,1.13061,1.13827,1.12583,1.13367
2022-10-25 00:00:00+00:00,gbpusd,1.14589,1.14998,1.12715,1.13062
2022-10-26 00:00:00+00:00,gbpusd,1.16393,1.16407,1.14308,1.14588
2022-10-27 00:00:00+00:00,gbpusd,1.15646,1.16459,1.15493,1.16392
2022-10-28 00:00:00+00:00,gbpusd,1.16139,1.1624,1.1504,1.156485
2022-10-30 00:00:00+00:00,gbpusd,1.1595,1.16068,1.15869,1.15942
2022-10-31 00:00:00+00:00,gbpusd,1.14677,1.16139,1.14592,1.15951
2022-11-01 00:00:00+00:00,gbpusd,1.14889,1.15663,1.14374,1.14679
2022-11-02 00:00:00+00:00,gbpusd,1.13838,1.15645,1.13753,1.14892
2022-11-03 00:00:00+00:00,gbpusd,1.11704,1.14222,1.11495,1.13837
2022-11-04 00:00:00+00:00,gbpusd,1.13754,1.13824,1.11467,1.11705
2022-11-06 00:00:00+00:00,gbpusd,1.13311,1.13419,1.13055,1.13141
2022-11-07 00:00:00+00:00,gbpusd,1.151315,1.15418,1.12908,1.13312
2022-11-08 00:00:00+00:00,gbpusd,1.15519,1.15992,1.14303,1.15131
2022-11-09 00:00:00+00:00,gbpusd,1.13682,1.15672,1.1334,1.1552
2022-11-10 00:00:00+00:00,gbpusd,1.16948,1.17316,1.13634,1.13683
2022-11-11 00:00:00+00:00,gbpusd,1.1836,1.18549,1.16475,1.16946
2022-11-13 00:00:00+00:00,gbpusd,1.17971,1.18177,1.17671,1.18177
2022-11-14 00:00:00+00:00,gbpusd,1.17518,1.1829,1.17105,1.1797
2022-11-15 00:00:00+00:00,gbpusd,1.18796,1.20295,1.17412,1.17519
2022-11-16 00:00:00+00:00,gbpusd,1.19144,1.19424,1.18315,1.18797
2022-11-17 00:00:00+00:00,gbpusd,1.1859,1.19582,1.17629,1.19143
2022-11-18 00:00:00+00:00,gbpusd,1.1883,1.19511,1.18586,1.18593
2022-11-20 00:00:00+00:00,gbpusd,1.18854,1.19016,1.1881,1.19016
2022-11-21 00:00:00+00:00,gbpusd,1.18266,1.18867,1.17788,1.18852
2022-11-22 00:00:00+00:00,gbpusd,1.18936,1.1903,1.182245,1.18267
2022-11-23 00:00:00+00:00,gbpusd,1.2077,1.20812,1.18728,1.18938
2022-11-24 00:00:00+00:00,gbpusd,1.21127,1.21538,1.20591,1.20771
2022-11-25 00:00:00+00:00,gbpusd,1.20969,1.21276,1.20585,1.21126
2022-11-27 00:00:00+00:00,gbpusd,1.20541,1.20789,1.20512,1.20722
2022-11-28 00:00:00+00:00,gbpusd,1.19597,1.21184,1.19405,1.2054
2022-11-29 00:00:00+00:00,gbpusd,1.19463,1.20646,1.19422,1.19598
2022-11-30 00:00:00+00:00,gbpusd,1.20752,1.20887,1.19005,1.19464
2022-12-01 00:00:00+00:00,gbpusd,1.22587,1.23068,1.20699,1.20751
2022-12-02 00:00:00+00:00,gbpusd,1.22933,1.23003,1.213455,1.22588
2022-12-04 00:00:00+00:00,gbpusd,1.22965,1.229715,1.2271,1.22789
2022-12-05 00:00:00+00:00,gbpusd,1.21927,1.23448,1.21619,1.22964
2022-12-06 00:00:00+00:00,gbpusd,1.2133,1.22697,1.2127,1.21928
2022-12-07 00:00:00+00:00,gbpusd,1.22098,1.22348,1.21069,1.21329
2022-12-08 00:00:00+00:00,gbpusd,1.22341,1.22474,1.21549,1.22099
2022-12-09 00:00:00+00:00,gbpusd,1.22654,1.23228,1.22033,1.22338
2022-12-11 00:00:00+00:00,gbpusd,1.2236,1.22724,1.22332,1.22613
2022-12-12 00:00:00+00:00,gbpusd,1.22694,1.22991,1.22071,1.22359
2022-12-13 00:00:00+00:00,gbpusd,1.23549,1.24442,1.22485,1.22693
2022-12-14 00:00:00+00:00,gbpusd,1.24185,1.24466,1.23424,1.23548
2022-12-15 00:00:00+00:00,gbpusd,1.2191,1.24261,1.21564,1.24186
2022-12-16 00:00:00+00:00,gbpusd,1.21442,1.22232,1.21202,1.21909
2022-12-18 00:00:00+00:00,gbpusd,1.21596,1.21697,1.21526,1.21532
2022-12-19 00:00:00+00:00,gbpusd,1.21545,1.22422,1.21208,1.21597
2022-12-20 00:00:00+00:00,gbpusd,1.21885,1.22238,1.20857,1.21546
2022-12-21 00:00:00+00:00,gbpusd,1.20767,1.219,1.20554,1.21886
2022-12-22 00:00:00+00:00,gbpusd,1.20381,1.21475,1.19931,1.20766
2022-12-23 00:00:00+00:00,gbpusd,1.205245,1.20904,1.20189,1.20383
2022-12-25 00:00:00+00:00,gbpusd,1.20667,1.20688,1.20537,1.20678
2022-12-26 00:00:00+00:00,gbpusd,1.20828,1.20928,1.20531,1.20664
2022-12-27 00:00:00+00:00,gbpusd,1.20269,1.21127,1.20025,1.20827
2022-12-28 00:00:00+00:00,gbpusd,1.20281,1.2126,1.20026,1.202695
2022-12-29 00:00:00+00:00,gbpusd,1.20553,1.20789,1.20148,1.2028
2022-12-30 00:00:00+00:00,gbpusd,1.20938,1.21079,1.20099,1.20554
2023-01-02 00:00:00+00:00,gbpusd,1.20633,1.21002,1.2035,1.2087
2023-01-03 00:00:00+00:00,gbpusd,1.19665,1.20854,1.19007,1.20634
2023-01-04 00:00:00+00:00,gbpusd,1.20565,1.20878,1.19661,1.19666
2023-01-05 00:00:00+00:00,gbpusd,1.19094,1.20782,1.18734,1.20566
2023-01-06 00:00:00+00:00,gbpusd,1.20936,1.20997,1.18414,1.19095
2023-01-08 00:00:00+00:00,gbpusd,1.212,1.21206,1.20869,1.20881
2023-01-09 00:00:00+00:00,gbpusd,1.2184,1.22102,1.20939,1.21199
2023-01-10 00:00:00+00:00,gbpusd,1.21538,1.21983,1.21102,1.21841
2023-01-11 00:00:00+00:00,gbpusd,1.21589,1.21785,1.21004,1.21537
2023-01-12 00:00:00+00:00,gbpusd,1.22169,1.2247,1.20876,1.2159
2023-01-13 00:00:00+00:00,gbpusd,1.22354,1.22489,1.21507,1.22171
2023-01-15 00:00:00+00:00,gbpusd,1.22236,1.22344,1.22212,1.22228
2023-01-16 00:00:00+00:00,gbpusd,1.22083,1.22895,1.217155,1.22235
2023-01-17 00:00:00+00:00,gbpusd,1.2284,1.22994,1.21696,1.22084
2023-01-18 00:00:00+00:00,gbpusd,1.2347,1.24361,1.22551,1.22841
2023-01-19 00:00:00+00:00,gbpusd,1.23926,1.23985,1.23133,1.23472
2023-01-20 00:00:00+00:00,gbpusd,1.23999,1.24046,1.23357,1.23925
2023-01-22 00:00:00+00:00,gbpusd,1.24063,1.24147,1.23983,1.24005
2023-01-23 00:00:00+00:00,gbpusd,1.2379,1.24481,1.23237,1.240635
2023-01-24 00:00:00+00:00,gbpusd,1.23315,1.24141,1.22633,1.23791
2023-01-25 00:00:00+00:00,gbpusd,1.24108,1.24187,1.22832,1.23316
2023-01-26 00:00:00+00:00,gbpusd,1.24144,1.24305,1.23449,1.24106
2023-01-27 00:00:00+00:00,gbpusd,1.2399,1.24188,1.23456,1.24145
2023-01-29 00:00:00+00:00,gbpusd,1.24006,1.24012,1.23781,1.23918
2023-01-30 00:00:00+00:00,gbpusd,1.23498,1.24177,1.23372,1.24005
2023-01-31 00:00:00+00:00,gbpusd,1.23086,1.23713,1.22845,1.23499
2023-02-01 00:00:00+00:00,gbpusd,1.23878,1.24021,1.227315,1.23085
2023-02-02 00:00:00+00:00,gbpusd,1.22212,1.24006,1.22197,1.23877
2023-02-03 00:00:00+00:00,gbpusd,1.20537,1.22658,1.20475,1.22213
2023-02-05 00:00:00+00:00,gbpusd,1.20437,1.20574,1.20356,1.20367
2023-02-06 00:00:00+00:00,gbpusd,1.20265,1.20775,1.20059,1.20434
2023-02-07 00:00:00+00:00,gbpusd,1.20538,1.20957,1.19613,1.20266
2023-02-08 00:00:00+00:00,gbpusd,1.2071,1.21098,1.20386,1.20537
2023-02-09 00:00:00+00:00,gbpusd,1.21157,1.21941,1.20572,1.20709
2023-02-10 00:00:00+00:00,gbpusd,1.20586,1.21394,1.20473,1.21158
2023-02-12 00:00:00+00:00,gbpusd,1.20515,1.20664,1.20468,1.20657
2023-02-13 00:00:00+00:00,gbpusd,1.21504,1.21524,1.20309,1.20514
2023-02-14 00:00:00+00:00,gbpusd,1.21737,1.22687,1.21175,1.21505
2023-02-15 00:00:00+00:00,gbpusd,1.2037,1.21819,1.199,1.21738
2023-02-16 00:00:00+00:00,gbpusd,1.19743,1.20744,1.19658,1.20371
2023-02-17 00:00:00+00:00,gbpusd,1.20429,1.20494,1.19151,1.19744
2023-02-19 00:00:00+00:00,gbpusd,1.20291,1.20376,1.20251,1.20291
2023-02-20 00:00:00+00:00,gbpusd,1.20386,1.20568,1.20149,1.2029
2023-02-21 00:00:00+00:00,gbpusd,1.21092,1.21476,1.19863,1.20387
2023-02-22 00:00:00+00:00,gbpusd,1.20471,1.21358,1.20348,1.21093
2023-02-23 00:00:00+00:00,gbpusd,1.2017,1.2075,1.19923,1.2047
2023-02-24 00:00:00+00:00,gbpusd,1.19407,1.20422,1.19284,1.20169
2023-02-26 00:00:00+00:00,gbpusd,1.19501,1.19572,1.19454,1.19523
2023-02-27 00:00:00+00:00,gbpusd,1.20625,1.20679,1.19228,1.19502
2023-02-28 00:00:00+00:00,gbpusd,1.20331,1.21435,1.20136,1.20624
2023-03-01 00:00:00+00:00,gbpusd,1.20266,1.2089,1.19653,1.20332
2023-03-02 00:00:00+00:00,gbpusd,1.19496,1.20367,1.19251,1.20265
2023-03-03 00:00:00+00:00,gbpusd,1.20442,1.20487,1.19485,1.19494
2023-03-05 00:00:00+00:00,gbpusd,1.20275,1.20413,1.20271,1.20413
2023-03-06 00:00:00+00:00,gbpusd,1.20253,1.2049,1.1993,1.20276
2023-03-07 00:00:00+00:00,gbpusd,1.18271,1.20654,1.18216,1.20251
2023-03-08 00:00:00+00:00,gbpusd,1.18494,1.18592,1.18031,1.18272
2023-03-09 00:00:00+00:00,gbpusd,1.19231,1.19391,1.18323,1.18495
2023-03-10 00:00:00+00:00,gbpusd,1.20314,1.21138,1.19082,1.19229
2023-03-12 00:00:00+00:00,gbpusd,1.20759,1.21041,1.20694,1.2074
2023-03-13 00:00:00+00:00,gbpusd,1.21672,1.21996,1.20469,1.2076
2023-03-14 00:00:00+00:00,gbpusd,1.21511,1.22041,1.21367,1.21673
2023-03-15 00:00:00+00:00,gbpusd,1.20673,1.21819,1.20106,1.21509
2023-03-16 00:00:00+00:00,gbpusd,1.21098,1.2128,1.20275,1.20674
2023-03-17 00:00:00+00:00,gbpusd,1.21779,1.22006,1.21022,1.21099
2023-03-19 00:00:00+00:00,gbpusd,1.218745,1.22139,1.217785,1.22115
2023-03-20 00:00:00+00:00,gbpusd,1.22742,1.22851,1.21672,1.21875
2023-03-21 00:00:00+00:00,gbpusd,1.22252,1.2283,1.21791,1.22741
2023-03-22 00:00:00+00:00,gbpusd,1.22779,1.23352,1.22085,1.2225
2023-03-23 00:00:00+00:00,gbpusd,1.22809,1.23435,1.22619,1.22783
2023-03-24 00:00:00+00:00,gbpusd,1.22309,1.22887,1.21905,1.22805
2023-03-26 00:00:00+00:00,gbpusd,1.22453,1.22503,1.22296,1.22338
2023-03-27 00:00:00+00:00,gbpusd,1.22967,1.22981,1.22192,1.22451
2023-03-28 00:00:00+00:00,gbpusd,1.23302,1.23494,1.22812,1.22969
2023-03-29 00:00:00+00:00,gbpusd,1.23105,1.2362,1.23031,1.23305
2023-03-30 00:00:00+00:00,gbpusd,1.23866,1.23932,1.2294,1.23106
2023-03-31 00:00:00+00:00,gbpusd,1.23291,1.24233,1.23244,1.2387
2023-04-02 00:00:00+00:00,gbpusd,1.22861,1.23332,1.22843,1.23315
2023-04-03 00:00:00+00:00,gbpusd,1.24205,1.24257,1.22746,1.22863
2023-04-04 00:00:00+00:00,gbpusd,1.24996,1.25254,1.23954,1.24208
2023-04-05 00:00:00+00:00,gbpusd,1.24625,1.25143,1.24331,1.24992
2023-04-06 00:00:00+00:00,gbpusd,1.24383,1.24869,1.24131,1.24626
2023-04-07 00:00:00+00:00,gbpusd,1.24174,1.2456,1.23895,1.24382
2023-04-09 00:00:00+00:00,gbpusd,1.24309,1.24317,1.24171,1.24171
2023-04-10 00:00:00+00:00,gbpusd,1.23915,1.24427,1.23447,1.2431
2023-04-11 00:00:00+00:00,gbpusd,1.24295,1.24564,1.23869,1.23918
2023-04-12 00:00:00+00:00,gbpusd,1.2492,1.24955,1.23988,1.24297
2023-04-13 00:00:00+00:00,gbpusd,1.25247,1.25375,1.2479,1.24922
2023-04-14 00:00:00+00:00,gbpusd,1.24154,1.25465,1.23994,1.25248
2023-04-16 00:00:00+00:00,gbpusd,1.24016,1.24214,1.23981,1.24133
2023-04-17 00:00:00+00:00,gbpusd,1.23736,1.24383,1.23536,1.24012
2023-04-18 00:00:00+00:00,gbpusd,1.24248,1.245,1.23677,1.23738
2023-04-19 00:00:00+00:00,gbpusd,1.24282,1.24744,1.23925,1.24251
2023-04-20 00:00:00+00:00,gbpusd,1.24405,1.24677,1.2405,1.24283
2023-04-21 00:00:00+00:00,gbpusd,1.2442,1.24483,1.23672,1.24403
2023-04-24 00:00:00+00:00,gbpusd,1.24991,1.24999,1.24428,1.24474
2023-04-25 00:00:00+00:00,gbpusd,1.24143,1.25073,1.2387,1.2499
2023-04-26 00:00:00+00:00,gbpusd,1.2471,1.25154,1.2403,1.24142
2023-04-27 00:00:00+00:00,gbpusd,1.24971,1.24997,1.24365,1.24709
2023-04-28 00:00:00+00:00,gbpusd,1.2567,1.25841,1.24468,1.2497
2023-04-30 00:00:00+00:00,gbpusd,1.25582,1.25705,1.25565,1.25624
2023-05-01 00:00:00+00:00,gbpusd,1.24849,1.25692,1.24807,1.25583
2023-05-02 00:00:00+00:00,gbpusd,1.24767,1.25125,1.24359,1.24848
2023-05-03 00:00:00+00:00,gbpusd,1.2569,1.25897,1.24681,1.2477
2023-05-04 00:00:00+00:00,gbpusd,1.25832,1.25986,1.25483,1.25697
2023-05-05 00:00:00+00:00,gbpusd,1.26316,1.26525,1.25604,1.25831
2023-05-07 00:00:00+00:00,gbpusd,1.26299,1.26375,1.26251,1.26368
2023-05-08 00:00:00+00:00,gbpusd,1.26127,1.2669,1.2611,1.26301
2023-05-09 00:00:00+00:00,gbpusd,1.26244,1.26399,1.25782,1.26126
2023-05-10 00:00:00+00:00,gbpusd,1.26259,1.26798,1.26027,1.26242
2023-05-11 00:00:00+00:00,gbpusd,1.25077,1.26409,1.24969,1.26258
2023-05-12 00:00:00+00:00,gbpusd,1.24481,1.25409,1.2445,1.25076
2023-05-14 00:00:00+00:00,gbpusd,1.24514,1.24595,1.2445,1.24589
2023-05-15 00:00:00+00:00,gbpusd,1.2525,1.25346,1.24454,1.24513
2023-05-16 00:00:00+00:00,gbpusd,1.24844,1.25465,1.24657,1.25249
2023-05-17 00:00:00+00:00,gbpusd,1.24825,1.25106,1.24217,1.24842
2023-05-18 00:00:00+00:00,gbpusd,1.24118,1.24932,1.23917,1.24824
2023-05-19 00:00:00+00:00,gbpusd,1.24474,1.24839,1.23924,1.24117
2023-05-21 00:00:00+00:00,gbpusd,1.2461,1.24613,1.24468,1.24482
2023-05-22 00:00:00+00:00,gbpusd,1.24339,1.24724,1.24141,1.24611
2023-05-23 00:00:00+00:00,gbpusd,1.24164,1.24468,1.2373,1.24344
2023-05-24 00:00:00+00:00,gbpusd,1.23698,1.24698,1.23581,1.24165
2023-05-25 00:00:00+00:00,gbpusd,1.23169,1.2387,1.23082,1.23699
2023-05-26 00:00:00+00:00,gbpusd,1.23482,1.23956,1.23113,1.23168
2023-05-28 00:00:00+00:00,gbpusd,1.23455,1.23521,1.2343,1.23443
2023-05-29 00:00:00+00:00,gbpusd,1.23479,1.23718,1.23354,1.23454
2023-05-30 00:00:00+00:00,gbpusd,1.24125,1.24464,1.23274,1.23478
2023-05-31 00:00:00+00:00,gbpusd,1.24456,1.24496,1.23481,1.24126
2023-06-01 00:00:00+00:00,gbpusd,1.25265,1.25398,1.24012,1.24455
2023-06-02 00:00:00+00:00,gbpusd,1.24507,1.25447,1.24418,1.25266
2023-06-04 00:00:00+00:00,gbpusd,1.24305,1.24562,1.24273,1.24552
2023-06-05 00:00:00+00:00,gbpusd,1.24324,1.24437,1.23687,1.24306
2023-06-06 00:00:00+00:00,gbpusd,1.24293,1.24588,1.23919,1.24322
2023-06-07 00:00:00+00:00,gbpusd,1.24446,1.25003,1.23951,1.24292
2023-06-08 00:00:00+00:00,gbpusd,1.25582,1.25638,1.24418,1.24447
2023-06-09 00:00:00+00:00,gbpusd,1.25803,1.25903,1.25344,1.25583
2023-06-11 00:00:00+00:00,gbpusd,1.25797,1.25843,1.25724,1.25729
2023-06-12 00:00:00+00:00,gbpusd,1.25148,1.25995,1.24872,1.258
2023-06-13 00:00:00+00:00,gbpusd,1.2607,1.26249,1.25135,1.25149
2023-06-14 00:00:00+00:00,gbpusd,1.26708,1.26992,1.26011,1.26069
2023-06-15 00:00:00+00:00,gbpusd,1.27851,1.27907,1.26301,1.26709
2023-06-16 00:00:00+00:00,gbpusd,1.28234,1.28484,1.27687,1.27852
2023-06-18 00:00:00+00:00,gbpusd,1.28311,1.28331,1.28224,1.28224
2023-06-19 00:00:00+00:00,gbpusd,1.27933,1.28372,1.277045,1.2831
2023-06-20 00:00:00+00:00,gbpusd,1.27656,1.28064,1.27139,1.27932
2023-06-21 00:00:00+00:00,gbpusd,1.27707,1.28027,1.26913,1.27655
2023-06-22 00:00:00+00:00,gbpusd,1.27468,1.28447,1.27259,1.27708
2023-06-23 00:00:00+00:00,gbpusd,1.27161,1.27492,1.26857,1.27469
2023-06-25 00:00:00+00:00,gbpusd,1.27292,1.27315,1.27099,1.2712
2023-06-26 00:00:00+00:00,gbpusd,1.2711,1.27489,1.26882,1.27293
2023-06-27 00:00:00+00:00,gbpusd,1.2746,1.27596,1.27038,1.27111
2023-06-28 00:00:00+00:00,gbpusd,1.26419,1.27521,1.26067,1.27461
2023-06-29 00:00:00+00:00,gbpusd,1.26132,1.26669,1.25914,1.26418
2023-06-30 00:00:00+00:00,gbpusd,1.26986,1.27278,1.25995,1.26133
2023-07-02 00:00:00+00:00,gbpusd,1.26938,1.27058,1.26928,1.27039
2023-07-03 00:00:00+00:00,gbpusd,1.26922,1.27234,1.26587,1.26939
2023-07-04 00:00:00+00:00,gbpusd,1.27173,1.27394,1.26836,1.26921
2023-07-05 00:00:00+00:00,gbpusd,1.27043,1.27354,1.26884,1.27174
2023-07-06 00:00:00+00:00,gbpusd,1.27421,1.27811,1.26736,1.27044
2023-07-07 00:00:00+00:00,gbpusd,1.28398,1.28495,1.2726,1.27422
2023-07-09 00:00:00+00:00,gbpusd,1.28379,1.2842,1.28314,1.2835
2023-07-10 00:00:00+00:00,gbpusd,1.28642,1.28685,1.27506,1.2838
2023-07-11 00:00:00+00:00,gbpusd,1.29339,1.29397,1.28583,1.28643
2023-07-12 00:00:00+00:00,gbpusd,1.29959,1.30006,1.29042,1.2934
2023-07-13 00:00:00+00:00,gbpusd,1.31286,1.31409,1.29845,1.2996
2023-07-14 00:00:00+00:00,gbpusd,1.30929,1.31424,1.30899,1.31285
2023-07-16 00:00:00+00:00,gbpusd,1.30896,1.31003,1.30864,1.30986
2023-07-17 00:00:00+00:00,gbpusd,1.3072,1.31089,1.30513,1.30897
2023-07-18 00:00:00+00:00,gbpusd,1.30339,1.31258,1.30282,1.30719
2023-07-19 00:00:00+00:00,gbpusd,1.29374,1.30389,1.2868,1.3034
2023-07-20 00:00:00+00:00,gbpusd,1.28726,1.29646,1.28401,1.29373
2023-07-21 00:00:00+00:00,gbpusd,1.28529,1.29042,1.28162,1.28727
2023-07-23 00:00:00+00:00,gbpusd,1.28524,1.28582,1.28482,1.28531
2023-07-24 00:00:00+00:00,gbpusd,1.28122,1.28839,1.27981,1.28525
2023-07-25 00:00:00+00:00,gbpusd,1.28936,1.2905,1.28097,1.28123
2023-07-26 00:00:00+00:00,gbpusd,1.29272,1.29605,1.28757,1.28935
2023-07-27 00:00:00+00:00,gbpusd,1.27935,1.29959,1.27823,1.29273
2023-07-28 00:00:00+00:00,gbpusd,1.28482,1.28869,1.27632,1.27934
2023-07-30 00:00:00+00:00,gbpusd,1.28537,1.28587,1.28485,1.2849
2023-07-31 00:00:00+00:00,gbpusd,1.28318,1.28726,1.28286,1.28536
2023-08-01 00:00:00+00:00,gbpusd,1.27948,1.28389,1.27413,1.28317
2023-08-02 00:00:00+00:00,gbpusd,1.27192,1.27991,1.26804,1.27949
2023-08-03 00:00:00+00:00,gbpusd,1.27159,1.27284,1.26205,1.27191
2023-08-04 00:00:00+00:00,gbpusd,1.27509,1.27925,1.26858,1.27157
2023-08-06 00:00:00+00:00,gbpusd,1.27489,1.27622,1.27456,1.27528
2023-08-07 00:00:00+00:00,gbpusd,1.27815,1.27893,1.27133,1.27488
2023-08-08 00:00:00+00:00,gbpusd,1.27435,1.27857,1.26845,1.27816
2023-08-09 00:00:00+00:00,gbpusd,1.27198,1.27822,1.27122,1.27436
2023-08-10 00:00:00+00:00,gbpusd,1.26705,1.28191,1.26698,1.27197
2023-08-11 00:00:00+00:00,gbpusd,1.26976,1.27389,1.26665,1.26704
2023-08-13 00:00:00+00:00,gbpusd,1.26941,1.27069,1.26868,1.26931
2023-08-14 00:00:00+00:00,gbpusd,1.26855,1.2715,1.26166,1.26942
2023-08-15 00:00:00+00:00,gbpusd,1.27005,1.27527,1.26755,1.26854
2023-08-16 00:00:00+00:00,gbpusd,1.27277,1.27664,1.26875,1.27006
2023-08-17 00:00:00+00:00,gbpusd,1.27475,1.27877,1.27028,1.27276
2023-08-18 00:00:00+00:00,gbpusd,1.2734,1.2766,1.26894,1.27474
2023-08-20 00:00:00+00:00,gbpusd,1.27413,1.27428,1.2732,1.27339
2023-08-21 00:00:00+00:00,gbpusd,1.276,1.2767,1.27106,1.27412
2023-08-22 00:00:00+00:00,gbpusd,1.27317,1.28004,1.27187,1.27599
2023-08-23 00:00:00+00:00,gbpusd,1.27202,1.27648,1.26149,1.27316
2023-08-24 00:00:00+00:00,gbpusd,1.25929,1.27289,1.25863,1.27201
2023-08-25 00:00:00+00:00,gbpusd,1.25799,1.26547,1.25482,1.25928
2023-08-28 00:00:00+00:00,gbpusd,1.26109,1.26158,1.25729,1.25978
2023-08-29 00:00:00+00:00,gbpusd,1.26359,1.2655,1.25629,1.2611
2023-08-30 00:00:00+00:00,gbpusd,1.27113,1.27467,1.2619,1.26358
2023-08-31 00:00:00+00:00,gbpusd,1.26715,1.27346,1.26527,1.27115
2023-09-01 00:00:00+00:00,gbpusd,1.25876,1.27126,1.25775,1.26714
2023-09-03 00:00:00+00:00,gbpusd,1.25911,1.25939,1.25867,1.25932
2023-09-04 00:00:00+00:00,gbpusd,1.26227,1.26425,1.25879,1.25912
2023-09-05 00:00:00+00:00,gbpusd,1.25701,1.2632,1.25283,1.26226
2023-09-06 00:00:00+00:00,gbpusd,1.24983,1.2588,1.24821,1.25702
2023-09-07 00:00:00+00:00,gbpusd,1.24754,1.25085,1.24457,1.24982
2023-09-08 00:00:00+00:00,gbpusd,1.24625,1.25144,1.24513,1.24755
2023-09-10 00:00:00+00:00,gbpusd,1.24886,1.24925,1.24724,1.24732
2023-09-11 00:00:00+00:00,gbpusd,1.25082,1.25482,1.2482,1.24887
2023-09-12 00:00:00+00:00,gbpusd,1.2491,1.253,1.24597,1.25083
2023-09-13 00:00:00+00:00,gbpusd,1.24898,1.2512,1.24346,1.24911
2023-09-14 00:00:00+00:00,gbpusd,1.24011,1.25064,1.23967,1.24897
2023-09-15 00:00:00+00:00,gbpusd,1.23843,1.24458,1.2379,1.24012
2023-09-17 00:00:00+00:00,gbpusd,1.23975,1.2398,1.23849,1.23862
2023-09-18 00:00:00+00:00,gbpusd,1.23832,1.24104,1.23704,1.23974
2023-09-19 00:00:00+00:00,gbpusd,1.2393,1.24251,1.23699,1.23831
2023-09-20 00:00:00+00:00,gbpusd,1.23272,1.24214,1.23238,1.23928
2023-09-21 00:00:00+00:00,gbpusd,1.22929,1.23317,1.22342,1.23271
2023-09-22 00:00:00+00:00,gbpusd,1.22384,1.22938,1.22308,1.2293
2023-09-24 00:00:00+00:00,gbpusd,1.22413,1.22563,1.22394,1.22481
2023-09-25 00:00:00+00:00,gbpusd,1.22127,1.22506,1.21941,1.22412
2023-09-26 00:00:00+00:00,gbpusd,1.21463,1.2215,1.21438,1.22126
2023-09-27 00:00:00+00:00,gbpusd,1.21355,1.21645,1.21105,1.21462
2023-09-28 00:00:00+00:00,gbpusd,1.22043,1.22249,1.21202,1.21356
2023-09-29 00:00:00+00:00,gbpusd,1.22036,1.22719,1.21805,1.22042
2023-10-01 00:00:00+00:00,gbpusd,1.21931,1.22087,1.21803,1.22039
2023-10-02 00:00:00+00:00,gbpusd,1.20903,1.22202,1.20844,1.21932
2023-10-03 00:00:00+00:00,gbpusd,1.20775,1.21021,1.20526,1.20904
2023-10-04 00:00:00+00:00,gbpusd,1.21372,1.21772,1.20374,1.20776
2023-10-05 00:00:00+00:00,gbpusd,1.21874,1.21961,1.21078,1.21371
2023-10-06 00:00:00+00:00,gbpusd,1.22382,1.22616,1.21059,1.21873
2023-10-08 00:00:00+00:00,gbpusd,1.22199,1.22218,1.220065,1.22039
2023-10-09 00:00:00+00:00,gbpusd,1.22496,1.2252,1.21633,1.222
2023-10-10 00:00:00+00:00,gbpusd,1.22895,1.22949,1.22119,1.22495
2023-10-11 00:00:00+00:00,gbpusd,1.23154,1.23376,1.22686,1.22896
2023-10-12 00:00:00+00:00,gbpusd,1.21826,1.23315,1.21717,1.23153
2023-10-13 00:00:00+00:00,gbpusd,1.21389,1.22254,1.21226,1.21827
2023-10-15 00:00:00+00:00,gbpusd,1.21548,1.21575,1.21364,1.21442
2023-10-16 00:00:00+00:00,gbpusd,1.22116,1.22196,1.21429,1.2155
2023-10-17 00:00:00+00:00,gbpusd,1.21782,1.2216,1.21331,1.22115
2023-10-18 00:00:00+00:00,gbpusd,1.21417,1.22114,1.21372,1.21781
2023-10-19 00:00:00+00:00,gbpusd,1.21356,1.21918,1.20903,1.21416
2023-10-20 00:00:00+00:00,gbpusd,1.21639,1.21704,1.20934,1.21357
2023-10-22 00:00:00+00:00,gbpusd,1.21632,1.21663,1.21582,1.21626
2023-10-23 00:00:00+00:00,gbpusd,1.22491,1.22585,1.21434,1.21631
2023-10-24 00:00:00+00:00,gbpusd,1.21622,1.22888,1.21535,1.22492
2023-10-25 00:00:00+00:00,gbpusd,1.21024,1.21763,1.2095,1.21623
2023-10-26 00:00:00+00:00,gbpusd,1.21364,1.21398,1.20698,1.21025
2023-10-27 00:00:00+00:00,gbpusd,1.21229,1.21627,1.21057,1.21363
2023-10-29 00:00:00+00:00,gbpusd,1.21131,1.21266,1.21105,1.21233
2023-10-30 00:00:00+00:00,gbpusd,1.21638,1.21747,1.20903,1.2113
2023-10-31 00:00:00+00:00,gbpusd,1.21504,1.22006,1.21198,1.21637
2023-11-01 00:00:00+00:00,gbpusd,1.21817,1.21817,1.20959,1.21505
2023-11-02 00:00:00+00:00,gbpusd,1.21895,1.22256,1.21554,1.21822
2023-11-03 00:00:00+00:00,gbpusd,1.23804,1.23895,1.21847,1.21896
2023-11-05 00:00:00+00:00,gbpusd,1.23721,1.23778,1.23676,1.23744
2023-11-06 00:00:00+00:00,gbpusd,1.23438,1.24285,1.23382,1.23722
2023-11-07 00:00:00+00:00,gbpusd,1.22912,1.23472,1.22627,1.23439
2023-11-08 00:00:00+00:00,gbpusd,1.22853,1.23016,1.22419,1.22913
2023-11-09 00:00:00+00:00,gbpusd,1.22162,1.23087,1.22129,1.22854
2023-11-10 00:00:00+00:00,gbpusd,1.22268,1.2238,1.21873,1.22163
2023-11-12 00:00:00+00:00,gbpusd,1.22296,1.22324,1.22159,1.22264
2023-11-13 00:00:00+00:00,gbpusd,1.228,1.22809,1.22233,1.22297
2023-11-14 00:00:00+00:00,gbpusd,1.24936,1.2506,1.22653,1.22802
2023-11-15 00:00:00+00:00,gbpusd,1.24221,1.24978,1.24037,1.24937
2023-11-16 00:00:00+00:00,gbpusd,1.24144,1.2456,1.23767,1.2422
2023-11-17 00:00:00+00:00,gbpusd,1.24617,1.24649,1.23741,1.24145
2023-11-20 00:00:00+00:00,gbpusd,1.25084,1.25176,1.24614,1.24696
2023-11-21 00:00:00+00:00,gbpusd,1.25435,1.25593,1.25047,1.25083
2023-11-22 00:00:00+00:00,gbpusd,1.24893,1.25496,1.24492,1.25436
2023-11-23 00:00:00+00:00,gbpusd,1.25328,1.25727,1.24891,1.24894
2023-11-24 00:00:00+00:00,gbpusd,1.26089,1.26154,1.25246,1.25329
2023-11-26 00:00:00+00:00,gbpusd,1.25996,1.2607,1.25986,1.26034
2023-11-27 00:00:00+00:00,gbpusd,1.2635,1.26443,1.25913,1.25997
2023-11-28 00:00:00+00:00,gbpusd,1.27129,1.2715,1.2607,1.26349
2023-11-29 00:00:00+00:00,gbpusd,1.2695,1.27333,1.26648,1.27128
2023-11-30 00:00:00+00:00,gbpusd,1.26313,1.27108,1.26035,1.26951
2023-12-01 00:00:00+00:00,gbpusd,1.27108,1.27161,1.26139,1.26314
2023-12-03 00:00:00+00:00,gbpusd,1.27113,1.27249,1.26979,1.2706
2023-12-04 00:00:00+00:00,gbpusd,1.26335,1.27125,1.2604,1.27115
2023-12-05 00:00:00+00:00,gbpusd,1.25945,1.2652,1.25774,1.26336
2023-12-06 00:00:00+00:00,gbpusd,1.25578,1.26138,1.25518,1.25946
2023-12-07 00:00:00+00:00,gbpusd,1.25876,1.26125,1.25445,1.25581
2023-12-08 00:00:00+00:00,gbpusd,1.25491,1.26015,1.25025,1.25879
2023-12-10 00:00:00+00:00,gbpusd,1.25544,1.25546,1.25357,1.25409
2023-12-11 00:00:00+00:00,gbpusd,1.25535,1.2591,1.25352,1.25545
2023-12-12 00:00:00+00:00,gbpusd,1.25689,1.26161,1.25144,1.25537
2023-12-13 00:00:00+00:00,gbpusd,1.26214,1.2635,1.25009,1.2569
2023-12-14 00:00:00+00:00,gbpusd,1.27708,1.27942,1.26121,1.26213
2023-12-15 00:00:00+00:00,gbpusd,1.26808,1.27904,1.26686,1.27707
2023-12-17 00:00:00+00:00,gbpusd,1.26716,1.26782,1.26658,1.26756
2023-12-18 00:00:00+00:00,gbpusd,1.26529,1.27039,1.26288,1.26717
2023-12-19 00:00:00+00:00,gbpusd,1.27303,1.2762,1.26495,1.2653
2023-12-20 00:00:00+00:00,gbpusd,1.264,1.27304,1.26252,1.27302
2023-12-21 00:00:00+00:00,gbpusd,1.26831,1.26959,1.26124,1.26401
2023-12-22 00:00:00+00:00,gbpusd,1.26978,1.27444,1.26791,1.26833
2023-12-25 00:00:00+00:00,gbpusd,1.27042,1.27125,1.26881,1.269
2023-12-26 00:00:00+00:00,gbpusd,1.27263,1.27306,1.26846,1.27043
2023-12-27 00:00:00+00:00,gbpusd,1.28002,1.28031,1.26989,1.27262
2023-12-28 00:00:00+00:00,gbpusd,1.27345,1.28277,1.27127,1.28001
2023-12-29 00:00:00+00:00,gbpusd,1.27312,1.27728,1.27007,1.27346
2024-01-01 00:00:00+00:00,gbpusd,1.27277,1.27351,1.27206,1.27276
2024-01-02 00:00:00+00:00,gbpusd,1.2623,1.276,1.26109,1.27276
2024-01-03 00:00:00+00:00,gbpusd,1.26734,1.26768,1.26163,1.26231
2024-01-04 00:00:00+00:00,gbpusd,1.26816,1.27298,1.26571,1.26733
2024-01-05 00:00:00+00:00,gbpusd,1.27188,1.27709,1.26115,1.26815
2024-01-07 00:00:00+00:00,gbpusd,1.27172,1.27224,1.27088,1.27214
2024-01-08 00:00:00+00:00,gbpusd,1.27415,1.27672,1.26735,1.27173
2024-01-09 00:00:00+00:00,gbpusd,1.27111,1.2765,1.26897,1.27414
2024-01-10 00:00:00+00:00,gbpusd,1.27444,1.27447,1.26864,1.27114
2024-01-11 00:00:00+00:00,gbpusd,1.27789,1.27856,1.26903,1.27445
2024-01-12 00:00:00+00:00,gbpusd,1.27544,1.27857,1.27197,1.2779
2024-01-14 00:00:00+00:00,gbpusd,1.27357,1.27521,1.27351,1.27466
2024-01-15 00:00:00+00:00,gbpusd,1.27155,1.27656,1.27131,1.27359
2024-01-16 00:00:00+00:00,gbpusd,1.26379,1.27168,1.26197,1.27154
2024-01-17 00:00:00+00:00,gbpusd,1.26772,1.26965,1.25967,1.2638
2024-01-18 00:00:00+00:00,gbpusd,1.27113,1.27122,1.26482,1.2677
2024-01-19 00:00:00+00:00,gbpusd,1.27042,1.27146,1.26615,1.27114
2024-01-21 00:00:00+00:00,gbpusd,1.26995,1.27088,1.26908,1.26915
2024-01-22 00:00:00+00:00,gbpusd,1.27063,1.2733,1.26871,1.26996
2024-01-23 00:00:00+00:00,gbpusd,1.26915,1.27474,1.26494,1.27064
2024-01-24 00:00:00+00:00,gbpusd,1.27184,1.27749,1.26858,1.26914
2024-01-25 00:00:00+00:00,gbpusd,1.27062,1.27428,1.26819,1.27183
2024-01-26 00:00:00+00:00,gbpusd,1.27022,1.27585,1.26757,1.27063
2024-01-28 00:00:00+00:00,gbpusd,1.26968,1.27049,1.26912,1.26989
2024-01-29 00:00:00+00:00,gbpusd,1.27125,1.27191,1.26622,1.26969
2024-01-30 00:00:00+00:00,gbpusd,1.26949,1.27212,1.26403,1.27126
2024-01-31 00:00:00+00:00,gbpusd,1.26797,1.27508,1.26584,1.2695
2024-02-01 00:00:00+00:00,gbpusd,1.27462,1.27557,1.26255,1.26798
2024-02-02 00:00:00+00:00,gbpusd,1.26333,1.27724,1.26142,1.27463
2024-02-04 00:00:00+00:00,gbpusd,1.26218,1.26387,1.261145,1.26354
2024-02-05 00:00:00+00:00,gbpusd,1.25339,1.26296,1.25183,1.26215
2024-02-06 00:00:00+00:00,gbpusd,1.26038,1.26061,1.25337,1.2534
2024-02-07 00:00:00+00:00,gbpusd,1.26268,1.26419,1.25972,1.26039
2024-02-08 00:00:00+00:00,gbpusd,1.26207,1.26387,1.25719,1.26267
2024-02-09 00:00:00+00:00,gbpusd,1.26281,1.26431,1.25991,1.26206
2024-02-11 00:00:00+00:00,gbpusd,1.26366,1.26373,1.26244,1.26252
2024-02-12 00:00:00+00:00,gbpusd,1.26268,1.26547,1.26063,1.26367
2024-02-13 00:00:00+00:00,gbpusd,1.25903,1.26949,1.25732,1.26269
2024-02-14 00:00:00+00:00,gbpusd,1.25677,1.26111,1.25358,1.25902
2024-02-15 00:00:00+00:00,gbpusd,1.25985,1.26053,1.25412,1.25676
2024-02-16 00:00:00+00:00,gbpusd,1.26025,1.26246,1.25508,1.25986
2024-02-18 00:00:00+00:00,gbpusd,1.26108,1.26112,1.2599,1.26067
2024-02-19 00:00:00+00:00,gbpusd,1.25877,1.26298,1.25837,1.26107
2024-02-20 00:00:00+00:00,gbpusd,1.26251,1.26687,1.25795,1.25872
2024-02-21 00:00:00+00:00,gbpusd,1.26385,1.26418,1.26029,1.26252
2024-02-22 00:00:00+00:00,gbpusd,1.26619,1.27095,1.26117,1.26384
2024-02-23 00:00:00+00:00,gbpusd,1.26713,1.27013,1.26486,1.26618
2024-02-25 00:00:00+00:00,gbpusd,1.26704,1.26828,1.26691,1.26768
2024-02-26 00:00:00+00:00,gbpusd,1.26842,1.26995,1.26568,1.26705
2024-02-27 00:00:00+00:00,gbpusd,1.26804,1.2697,1.26604,1.26843
2024-02-28 00:00:00+00:00,gbpusd,1.26615,1.26844,1.26218,1.26805
2024-02-29 00:00:00+00:00,gbpusd,1.26271,1.26819,1.26128,1.26616
2024-03-01 00:00:00+00:00,gbpusd,1.26523,1.2664,1.26,1.2627
2024-03-03 00:00:00+00:00,gbpusd,1.26605,1.26624,1.2651,1.26535
2024-03-04 00:00:00+00:00,gbpusd,1.26896,1.27066,1.26561,1.26604
2024-03-05 00:00:00+00:00,gbpusd,1.27043,1.2735,1.26713,1.26897
2024-03-06 00:00:00+00:00,gbpusd,1.27361,1.27616,1.26902,1.27044
2024-03-07 00:00:00+00:00,gbpusd,1.28133,1.28135,1.27233,1.2736
2024-03-08 00:00:00+00:00,gbpusd,1.28581,1.28936,1.28013,1.28134
2024-03-10 00:00:00+00:00,gbpusd,1.28555,1.28644,1.2848,1.28615
2024-03-11 00:00:00+00:00,gbpusd,1.28184,1.28622,1.27953,1.28556
2024-03-12 00:00:00+00:00,gbpusd,1.2795,1.28238,1.27463,1.28183
2024-03-13 00:00:00+00:00,gbpusd,1.28013,1.28114,1.27748,1.27951
2024-03-14 00:00:00+00:00,gbpusd,1.27453,1.28229,1.27308,1.28014
2024-03-15 00:00:00+00:00,gbpusd,1.27358,1.27587,1.27254,1.27454
2024-03-17 00:00:00+00:00,gbpusd,1.27312,1.2738,1.27295,1.27317
2024-03-18 00:00:00+00:00,gbpusd,1.27266,1.2747,1.2718,1.27314
2024-03-19 00:00:00+00:00,gbpusd,1.27179,1.2733,1.26679,1.27267
2024-03-20 00:00:00+00:00,gbpusd,1.2798,1.27984,1.26846,1.2718
2024-03-21 00:00:00+00:00,gbpusd,1.26607,1.28035,1.26509,1.27981
2024-03-22 00:00:00+00:00,gbpusd,1.26004,1.26753,1.25753,1.26608
2024-03-24 00:00:00+00:00,gbpusd,1.25975,1.26073,1.25933,1.26046
2024-03-25 00:00:00+00:00,gbpusd,1.26366,1.26524,1.25919,1.25976
2024-03-26 00:00:00+00:00,gbpusd,1.26278,1.26681,1.26221,1.26365
2024-03-27 00:00:00+00:00,gbpusd,1.26169,1.26411,1.26056,1.26277
2024-03-28 00:00:00+00:00,gbpusd,1.26219,1.26546,1.2586,1.2617
2024-03-29 00:00:00+00:00,gbpusd,1.26244,1.26451,1.261,1.2622
2024-03-31 00:00:00+00:00,gbpusd,1.26376,1.2643,1.26248,1.26297
2024-04-01 00:00:00+00:00,gbpusd,1.2546,1.26421,1.25397,1.26377
2024-04-02 00:00:00+00:00,gbpusd,1.25759,1.25814,1.25395,1.25458
2024-04-03 00:00:00+00:00,gbpusd,1.26514,1.26564,1.25627,1.2576
2024-04-04 00:00:00+00:00,gbpusd,1.26394,1.26836,1.26354,1.26513
2024-04-05 00:00:00+00:00,gbpusd,1.26378,1.26487,1.25745,1.26393
2024-04-07 00:00:00+00:00,gbpusd,1.26242,1.26351,1.26211,1.26304
2024-04-08 00:00:00+00:00,gbpusd,1.26576,1.26641,1.26135,1.26241
2024-04-09 00:00:00+00:00,gbpusd,1.26769,1.27094,1.26489,1.26577
2024-04-10 00:00:00+00:00,gbpusd,1.25365,1.27083,1.25206,1.2677
2024-04-11 00:00:00+00:00,gbpusd,1.25548,1.25788,1.25109,1.25366
2024-04-12 00:00:00+00:00,gbpusd,1.24499,1.2559,1.24267,1.25547
2024-04-14 00:00:00+00:00,gbpusd,1.24597,1.24631,1.24415,1.24462
2024-04-15 00:00:00+00:00,gbpusd,1.24464,1.24987,1.2436,1.24598
2024-04-16 00:00:00+00:00,gbpusd,1.24306,1.2472,1.2406,1.24463
2024-04-17 00:00:00+00:00,gbpusd,1.24533,1.24821,1.24171,1.24305
2024-04-18 00:00:00+00:00,gbpusd,1.24348,1.24844,1.24322,1.24532
2024-04-19 00:00:00+00:00,gbpusd,1.23706,1.24683,1.2367,1.24349
2024-04-21 00:00:00+00:00,gbpusd,1.23757,1.23825,1.236625,1.23771
2024-04-22 00:00:00+00:00,gbpusd,1.23497,1.23925,1.22998,1.2376
2024-04-23 00:00:00+00:00,gbpusd,1.24544,1.24585,1.2332,1.23498
2024-04-24 00:00:00+00:00,gbpusd,1.24592,1.24698,1.24228,1.24543
2024-04-25 00:00:00+00:00,gbpusd,1.25075,1.25277,1.24543,1.24593
2024-04-26 00:00:00+00:00,gbpusd,1.24936,1.25409,1.24494,1.25076
2024-04-28 00:00:00+00:00,gbpusd,1.25094,1.25098,1.24834,1.24843
2024-04-29 00:00:00+00:00,gbpusd,1.25598,1.25696,1.25074,1.25095
2024-04-30 00:00:00+00:00,gbpusd,1.24891,1.25613,1.24883,1.25596
2024-05-01 00:00:00+00:00,gbpusd,1.25365,1.25503,1.24665,1.24892
2024-05-02 00:00:00+00:00,gbpusd,1.25396,1.25446,1.2472,1.25364
2024-05-03 00:00:00+00:00,gbpusd,1.25471,1.26349,1.25296,1.25395
2024-05-05 00:00:00+00:00,gbpusd,1.25409,1.25542,1.25405,1.25457
2024-05-06 00:00:00+00:00,gbpusd,1.25592,1.25945,1.25385,1.25407
2024-05-07 00:00:00+00:00,gbpusd,1.25019,1.25708,1.24986,1.25593
2024-05-08 00:00:00+00:00,gbpusd,1.24935,1.25049,1.24679,1.25016
2024-05-09 00:00:00+00:00,gbpusd,1.25249,1.25299,1.24462,1.24934
2024-05-10 00:00:00+00:00,gbpusd,1.25244,1.25412,1.25027,1.2525
2024-05-12 00:00:00+00:00,gbpusd,1.25222,1.25277,1.25179,1.25194
2024-05-13 00:00:00+00:00,gbpusd,1.256,1.25688,1.25179,1.25221
2024-05-14 00:00:00+00:00,gbpusd,1.25843,1.2593,1.25095,1.25601
2024-05-15 00:00:00+00:00,gbpusd,1.26887,1.26944,1.25839,1.25842
2024-05-16 00:00:00+00:00,gbpusd,1.26714,1.27008,1.26436,1.2689
2024-05-17 00:00:00+00:00,gbpusd,1.27007,1.27118,1.2645,1.26715
2024-05-19 00:00:00+00:00,gbpusd,1.2706,1.2708,1.26939,1.26974
2024-05-20 00:00:00+00:00,gbpusd,1.27098,1.27255,1.26894,1.27061
2024-05-21 00:00:00+00:00,gbpusd,1.27098,1.2727,1.26865,1.27099
2024-05-22 00:00:00+00:00,gbpusd,1.27203,1.27614,1.27003,1.27099
2024-05-23 00:00:00+00:00,gbpusd,1.26932,1.27467,1.26855,1.27202
2024-05-24 00:00:00+00:00,gbpusd,1.27374,1.2751,1.26758,1.26931
2024-05-26 00:00:00+00:00,gbpusd,1.27342,1.27434,1.27341,1.27372
2024-05-27 00:00:00+00:00,gbpusd,1.2772,1.27777,1.27342,1.27343
2024-05-28 00:00:00+00:00,gbpusd,1.27581,1.28007,1.27543,1.27721
2024-05-29 00:00:00+00:00,gbpusd,1.26979,1.27718,1.26964,1.2758
2024-05-30 00:00:00+00:00,gbpusd,1.2729,1.27472,1.26811,1.2698
2024-05-31 00:00:00+00:00,gbpusd,1.27417,1.27662,1.27003,1.27291
2024-06-02 00:00:00+00:00,gbpusd,1.27441,1.27456,1.273715,1.27402
2024-06-03 00:00:00+00:00,gbpusd,1.28098,1.28125,1.26945,1.27442
2024-06-04 00:00:00+00:00,gbpusd,1.27725,1.28175,1.27431,1.28099
2024-06-05 00:00:00+00:00,gbpusd,1.27938,1.27953,1.27556,1.27726
2024-06-06 00:00:00+00:00,gbpusd,1.27921,1.28092,1.27627,1.27939
2024-06-07 00:00:00+00:00,gbpusd,1.27181,1.28158,1.27162,1.27924
2024-06-09 00:00:00+00:00,gbpusd,1.27283,1.27324,1.27183,1.27288
2024-06-10 00:00:00+00:00,gbpusd,1.27259,1.27373,1.26881,1.27284
2024-06-11 00:00:00+00:00,gbpusd,1.27399,1.27518,1.2706,1.2726
2024-06-12 00:00:00+00:00,gbpusd,1.27963,1.28604,1.27331,1.27398
2024-06-13 00:00:00+00:00,gbpusd,1.27539,1.28076,1.27382,1.27964
2024-06-14 00:00:00+00:00,gbpusd,1.26864,1.27636,1.26571,1.27538
2024-06-16 00:00:00+00:00,gbpusd,1.26835,1.26886,1.26784,1.26885
2024-06-17 00:00:00+00:00,gbpusd,1.27139,1.27144,1.26591,1.26834
2024-06-18 00:00:00+00:00,gbpusd,1.27071,1.2721,1.2669,1.2714
2024-06-19 00:00:00+00:00,gbpusd,1.27203,1.274,1.27003,1.2707
2024-06-20 00:00:00+00:00,gbpusd,1.26599,1.27206,1.26548,1.27202
2024-06-21 00:00:00+00:00,gbpusd,1.26436,1.26784,1.26223,1.26598
2024-06-23 00:00:00+00:00,gbpusd,1.26381,1.26455,1.26359,1.26406
2024-06-24 00:00:00+00:00,gbpusd,1.2682,1.26982,1.26326,1.26382
2024-06-25 00:00:00+00:00,gbpusd,1.26841,1.27027,1.26704,1.26821
2024-06-26 00:00:00+00:00,gbpusd,1.26211,1.26936,1.26157,1.2684
2024-06-27 00:00:00+00:00,gbpusd,1.26443,1.26708,1.26131,1.26212
2024-06-28 00:00:00+00:00,gbpusd,1.26453,1.26659,1.26198,1.26445
2024-06-30 00:00:00+00:00,gbpusd,1.26488,1.26576,1.26409,1.26568
2024-07-01 00:00:00+00:00,gbpusd,1.26453,1.27107,1.26334,1.26489
2024-07-02 00:00:00+00:00,gbpusd,1.26876,1.26917,1.26155,1.26454
2024-07-03 00:00:00+00:00,gbpusd,1.27474,1.27773,1.26784,1.26877
2024-07-04 00:00:00+00:00,gbpusd,1.27552,1.27677,1.27414,1.27475
2024-07-05 00:00:00+00:00,gbpusd,1.28146,1.28173,1.27552,1.27553
2024-07-07 00:00:00+00:00,gbpusd,1.28062,1.2816,1.27926,1.27993
2024-07-08 00:00:00+00:00,gbpusd,1.28153,1.28458,1.27999,1.2806
2024-07-09 00:00:00+00:00,gbpusd,1.27883,1.28252,1.2778,1.28155
2024-07-10 00:00:00+00:00,gbpusd,1.28539,1.28544,1.27844,1.27882
2024-07-11 00:00:00+00:00,gbpusd,1.29239,1.29493,1.28495,1.2854
2024-07-12 00:00:00+00:00,gbpusd,1.29887,1.29909,1.29023,1.29237
2024-07-14 00:00:00+00:00,gbpusd,1.29673,1.29836,1.2963,1.29721
2024-07-15 00:00:00+00:00,gbpusd,1.29695,1.2995,1.29622,1.29674
2024-07-16 00:00:00+00:00,gbpusd,1.29775,1.29799,1.29385,1.29696
2024-07-17 00:00:00+00:00,gbpusd,1.30083,1.30444,1.29664,1.29776
2024-07-18 00:00:00+00:00,gbpusd,1.29492,1.30128,1.29404,1.30084
2024-07-19 00:00:00+00:00,gbpusd,1.29128,1.29492,1.29013,1.29491
2024-07-21 00:00:00+00:00,gbpusd,1.29327,1.29396,1.29112,1.2918
2024-07-22 00:00:00+00:00,gbpusd,1.2931,1.29423,1.29056,1.29326
2024-07-23 00:00:00+00:00,gbpusd,1.29011,1.29349,1.28879,1.29311
2024-07-24 00:00:00+00:00,gbpusd,1.2898,1.29378,1.28775,1.2901
2024-07-25 00:00:00+00:00,gbpusd,1.28553,1.29135,1.28499,1.28981
2024-07-26 00:00:00+00:00,gbpusd,1.28669,1.28781,1.285,1.28554
2024-07-28 00:00:00+00:00,gbpusd,1.28668,1.28736,1.28629,1.28629
2024-07-29 00:00:00+00:00,gbpusd,1.28598,1.28882,1.28067,1.28664
2024-07-30 00:00:00+00:00,gbpusd,1.28378,1.28646,1.28202,1.28596
2024-07-31 00:00:00+00:00,gbpusd,1.28531,1.28644,1.28211,1.28379
2024-08-01 00:00:00+00:00,gbpusd,1.2728,1.28608,1.27269,1.2853
2024-08-02 00:00:00+00:00,gbpusd,1.28042,1.28402,1.27074,1.27279
2024-08-04 00:00:00+00:00,gbpusd,1.27878,1.28122,1.2782,1.28102
2024-08-05 00:00:00+00:00,gbpusd,1.27881,1.28171,1.27102,1.27879
2024-08-06 00:00:00+00:00,gbpusd,1.26844,1.28032,1.26728,1.27882
2024-08-07 00:00:00+00:00,gbpusd,1.26827,1.27359,1.26784,1.26843
2024-08-08 00:00:00+00:00,gbpusd,1.27458,1.27525,1.26652,1.2683
2024-08-09 00:00:00+00:00,gbpusd,1.27579,1.27738,1.27264,1.27457
2024-08-11 00:00:00+00:00,gbpusd,1.27489,1.27663,1.27486,1.27625
2024-08-12 00:00:00+00:00,gbpusd,1.27708,1.27941,1.27471,1.2749
2024-08-13 00:00:00+00:00,gbpusd,1.28654,1.28732,1.27637,1.27709
2024-08-14 00:00:00+00:00,gbpusd,1.28246,1.28686,1.28174,1.28655
2024-08-15 00:00:00+00:00,gbpusd,1.2859,1.28717,1.27989,1.28245
2024-08-16 00:00:00+00:00,gbpusd,1.29446,1.29461,1.28576,1.28591
2024-08-18 00:00:00+00:00,gbpusd,1.29465,1.2951,1.29372,1.29392
2024-08-19 00:00:00+00:00,gbpusd,1.29894,1.29974,1.29403,1.29466
2024-08-20 00:00:00+00:00,gbpusd,1.3034,1.30526,1.29745,1.29895
2024-08-21 00:00:00+00:00,gbpusd,1.30926,1.31196,1.30111,1.30339
2024-08-22 00:00:00+00:00,gbpusd,1.30968,1.313,1.30767,1.30924
2024-08-23 00:00:00+00:00,gbpusd,1.32172,1.32302,1.30921,1.30969
2024-08-25 00:00:00+00:00,gbpusd,1.3214,1.32219,1.320445,1.32173
2024-08-26 00:00:00+00:00,gbpusd,1.31917,1.32224,1.31802,1.32143
2024-08-27 00:00:00+00:00,gbpusd,1.32553,1.32665,1.31802,1.31918
2024-08-28 00:00:00+00:00,gbpusd,1.31931,1.32606,1.31679,1.32554
2024-08-29 00:00:00+00:00,gbpusd,1.31654,1.3227,1.31455,1.31932
2024-08-30 00:00:00+00:00,gbpusd,1.31262,1.32,1.31098,1.31656
2024-09-01 00:00:00+00:00,gbpusd,1.31299,1.31363,1.31262,1.31342
2024-09-02 00:00:00+00:00,gbpusd,1.31403,1.31552,1.31202,1.31298
2024-09-03 00:00:00+00:00,gbpusd,1.31129,1.31473,1.30878,1.31405
2024-09-04 00:00:00+00:00,gbpusd,1.3144,1.31753,1.31012,1.31128
2024-09-05 00:00:00+00:00,gbpusd,1.3176,1.31856,1.31372,1.31442
2024-09-06 00:00:00+00:00,gbpusd,1.31302,1.3239,1.31102,1.31761
2024-09-08 00:00:00+00:00,gbpusd,1.31317,1.31385,1.31254,1.31254
2024-09-09 00:00:00+00:00,gbpusd,1.30709,1.31434,1.30682,1.31314
2024-09-10 00:00:00+00:00,gbpusd,1.30798,1.31077,1.30497,1.30708
2024-09-11 00:00:00+00:00,gbpusd,1.30382,1.31114,1.30022,1.30797
2024-09-12 00:00:00+00:00,gbpusd,1.31327,1.31329,1.30322,1.30381
2024-09-13 00:00:00+00:00,gbpusd,1.31248,1.31578,1.31149,1.31328
2024-09-15 00:00:00+00:00,gbpusd,1.31354,1.31368,1.31209,1.3123
2024-09-16 00:00:00+00:00,gbpusd,1.32103,1.32189,1.31353,1.31353
2024-09-17 00:00:00+00:00,gbpusd,1.31672,1.32298,1.31462,1.32104
2024-09-18 00:00:00+00:00,gbpusd,1.3203,1.32978,1.31567,1.31675
2024-09-19 00:00:00+00:00,gbpusd,1.32813,1.33145,1.31537,1.32031
2024-09-20 00:00:00+00:00,gbpusd,1.33228,1.33404,1.32684,1.32814
2024-09-22 00:00:00+00:00,gbpusd,1.33122,1.3323,1.33121,1.33161
2024-09-23 00:00:00+00:00,gbpusd,1.33489,1.33595,1.32486,1.33119
2024-09-24 00:00:00+00:00,gbpusd,1.3427,1.34276,1.3332,1.33491
2024-09-25 00:00:00+00:00,gbpusd,1.33139,1.34298,1.33126,1.34271
2024-09-26 00:00:00+00:00,gbpusd,1.34108,1.34343,1.33127,1.33138
2024-09-27 00:00:00+00:00,gbpusd,1.33725,1.34276,1.33601,1.34107
2024-09-29 00:00:00+00:00,gbpusd,1.33828,1.3384,1.33722,1.33748
2024-09-30 00:00:00+00:00,gbpusd,1.33774,1.34231,1.33501,1.33827
2024-10-01 00:00:00+00:00,gbpusd,1.32743,1.33898,1.32374,1.33776
2024-10-02 00:00:00+00:00,gbpusd,1.3263,1.33057,1.32459,1.32744
2024-10-03 00:00:00+00:00,gbpusd,1.31288,1.32651,1.30924,1.32629
2024-10-04 00:00:00+00:00,gbpusd,1.31254,1.3175,1.30699,1.31287
2024-10-06 00:00:00+00:00,gbpusd,1.31232,1.3125,1.31106,1.31149
2024-10-07 00:00:00+00:00,gbpusd,1.30844,1.31346,1.30593,1.31231
2024-10-08 00:00:00+00:00,gbpusd,1.30932,1.31134,1.30643,1.30845
2024-10-09 00:00:00+00:00,gbpusd,1.30664,1.31033,1.30558,1.3093
2024-10-10 00:00:00+00:00,gbpusd,1.30614,1.3094,1.3022,1.30665
2024-10-11 00:00:00+00:00,gbpusd,1.30692,1.30832,1.30419,1.30613
2024-10-13 00:00:00+00:00,gbpusd,1.30486,1.30688,1.30466,1.30685
2024-10-14 00:00:00+00:00,gbpusd,1.30672,1.30722,1.30302,1.30484
2024-10-15 00:00:00+00:00,gbpusd,1.3065,1.3103,1.30356,1.30673
2024-10-16 00:00:00+00:00,gbpusd,1.29912,1.30775,1.2977,1.30649
2024-10-17 00:00:00+00:00,gbpusd,1.30148,1.30234,1.2974,1.29911
2024-10-18 00:00:00+00:00,gbpusd,1.30525,1.30711,1.3011,1.30147
2024-10-20 00:00:00+00:00,gbpusd,1.30521,1.3058,1.3043,1.30462
2024-10-21 00:00:00+00:00,gbpusd,1.29827,1.30533,1.29773,1.30522
2024-10-22 00:00:00+00:00,gbpusd,1.29811,1.30152,1.29448,1.29826
2024-10-23 00:00:00+00:00,gbpusd,1.29156,1.2995,1.29074,1.2981
2024-10-24 00:00:00+00:00,gbpusd,1.29717,1.2988,1.29119,1.29158
2024-10-25 00:00:00+00:00,gbpusd,1.29619,1.29987,1.29561,1.29718
2024-10-27 00:00:00+00:00,gbpusd,1.29575,1.29693,1.29563,1.29646
2024-10-28 00:00:00+00:00,gbpusd,1.29747,1.30016,1.29397,1.29574
2024-10-29 00:00:00+00:00,gbpusd,1.30113,1.30171,1.29583,1.29746
2024-10-30 00:00:00+00:00,gbpusd,1.29582,1.30435,1.2937,1.30111
2024-10-31 00:00:00+00:00,gbpusd,1.28971,1.29998,1.28438,1.29583
2024-11-01 00:00:00+00:00,gbpusd,1.29201,1.29804,1.28847,1.2897
2024-11-03 00:00:00+00:00,gbpusd,1.29527,1.2971,1.29502,1.29703
2024-11-04 00:00:00+00:00,gbpusd,1.2954,1.29933,1.29344,1.29526
2024-11-05 00:00:00+00:00,gbpusd,1.30427,1.30479,1.29483,1.29541
2024-11-06 00:00:00+00:00,gbpusd,1.28826,1.30437,1.28344,1.30428
2024-11-07 00:00:00+00:00,gbpusd,1.29831,1.30093,1.2876,1.28825
2024-11-08 00:00:00+00:00,gbpusd,1.29201,1.29843,1.28836,1.2983
2024-11-10 00:00:00+00:00,gbpusd,1.29156,1.29178,1.29062,1.29091
2024-11-11 00:00:00+00:00,gbpusd,1.28737,1.2926,1.28561,1.29153
2024-11-12 00:00:00+00:00,gbpusd,1.2737,1.28737,1.27194,1.28736
2024-11-13 00:00:00+00:00,gbpusd,1.27073,1.27695,1.26866,1.27372
2024-11-14 00:00:00+00:00,gbpusd,1.2667,1.27202,1.26299,1.27076
2024-11-15 00:00:00+00:00,gbpusd,1.26201,1.26973,1.25974,1.26671
2024-11-17 00:00:00+00:00,gbpusd,1.26193,1.26247,1.26098,1.26247
2024-11-18 00:00:00+00:00,gbpusd,1.26788,1.26866,1.26133,1.26194
2024-11-19 00:00:00+00:00,gbpusd,1.26942,1.26942,1.26133,1.26787
2024-11-20 00:00:00+00:00,gbpusd,1.26556,1.27148,1.26311,1.26943
2024-11-21 00:00:00+00:00,gbpusd,1.25849,1.26603,1.25765,1.26555
2024-11-22 00:00:00+00:00,gbpusd,1.25329,1.25943,1.24873,1.25848
2024-11-24 00:00:00+00:00,gbpusd,1.25932,1.25973,1.25752,1.25922
2024-11-25 00:00:00+00:00,gbpusd,1.25324,1.26134,1.253,1.25929
2024-11-26 00:00:00+00:00,gbpusd,1.25738,1.26165,1.25073,1.25323
2024-11-27 00:00:00+00:00,gbpusd,1.26772,1.26945,1.25667,1.25737
2024-11-28 00:00:00+00:00,gbpusd,1.26956,1.26959,1.26452,1.26773
2024-11-29 00:00:00+00:00,gbpusd,1.27369,1.27501,1.26722,1.26955
2024-12-01 00:00:00+00:00,gbpusd,1.27014,1.27362,1.26962,1.27296
2024-12-02 00:00:00+00:00,gbpusd,1.26587,1.27227,1.26173,1.27015
2024-12-03 00:00:00+00:00,gbpusd,1.26742,1.26998,1.26369,1.26586
2024-12-04 00:00:00+00:00,gbpusd,1.2701,1.27216,1.26301,1.26741
2024-12-05 00:00:00+00:00,gbpusd,1.27604,1.27709,1.26931,1.27011
2024-12-06 00:00:00+00:00,gbpusd,1.27412,1.28112,1.27215,1.27605
2024-12-08 00:00:00+00:00,gbpusd,1.27484,1.27518,1.27371,1.27373
2024-12-09 00:00:00+00:00,gbpusd,1.27486,1.2799,1.27172,1.27486
2024-12-10 00:00:00+00:00,gbpusd,1.27796,1.27796,1.27241,1.27487
2024-12-11 00:00:00+00:00,gbpusd,1.27653,1.27818,1.27134,1.27795
2024-12-12 00:00:00+00:00,gbpusd,1.26769,1.27881,1.26666,1.27654
2024-12-13 00:00:00+00:00,gbpusd,1.26207,1.26794,1.26083,1.2677
2024-12-15 00:00:00+00:00,gbpusd,1.26266,1.26273,1.26115,1.26158
2024-12-16 00:00:00+00:00,gbpusd,1.26901,1.26988,1.26265,1.26265
2024-12-17 00:00:00+00:00,gbpusd,1.27104,1.27288,1.26661,1.26902
2024-12-18 00:00:00+00:00,gbpusd,1.25673,1.2727,1.25623,1.27103
2024-12-19 00:00:00+00:00,gbpusd,1.24971,1.2667,1.24951,1.25674
2024-12-20 00:00:00+00:00,gbpusd,1.25682,1.26142,1.2475,1.24972
2024-12-22 00:00:00+00:00,gbpusd,1.25703,1.25744,1.25607,1.257
2024-12-23 00:00:00+00:00,gbpusd,1.25328,1.25882,1.251,1.25704
2024-12-24 00:00:00+00:00,gbpusd,1.25321,1.25749,1.2519,1.25329
2024-12-25 00:00:00+00:00,gbpusd,1.25435,1.25511,1.25398,1.25483
2024-12-26 00:00:00+00:00,gbpusd,1.25279,1.25485,1.25013,1.25434
2024-12-27 00:00:00+00:00,gbpusd,1.25764,1.25927,1.25053,1.25278
2024-12-29 00:00:00+00:00,gbpusd,1.2578,1.25881,1.25666,1.25783
2024-12-30 00:00:00+00:00,gbpusd,1.25483,1.26074,1.25065,1.25781
2024-12-31 00:00:00+00:00,gbpusd,1.25127,1.25694,1.25056,1.25482
2025-01-01 00:00:00+00:00,gbpusd,1.25198,1.25199,1.25078,1.25159
2025-01-02 00:00:00+00:00,gbpusd,1.23799,1.25406,1.2353,1.25197
2025-01-03 00:00:00+00:00,gbpusd,1.24222,1.24342,1.23783,1.23797
2025-01-05 00:00:00+00:00,gbpusd,1.24246,1.2434,1.24166,1.24178
2025-01-06 00:00:00+00:00,gbpusd,1.25099,1.25511,1.24178,1.24247
2025-01-07 00:00:00+00:00,gbpusd,1.24761,1.25758,1.24729,1.25101
2025-01-08 00:00:00+00:00,gbpusd,1.23585,1.24942,1.23211,1.24762
2025-01-09 00:00:00+00:00,gbpusd,1.22987,1.23653,1.22386,1.23586
2025-01-10 00:00:00+00:00,gbpusd,1.22084,1.23219,1.21918,1.2299
2025-01-12 00:00:00+00:00,gbpusd,1.22041,1.22112,1.22004,1.22017
2025-01-13 00:00:00+00:00,gbpusd,1.22318,1.22504,1.20998,1.22036
2025-01-14 00:00:00+00:00,gbpusd,1.22107,1.22461,1.21394,1.22316
2025-01-15 00:00:00+00:00,gbpusd,1.22426,1.23065,1.21621,1.22103
2025-01-16 00:00:00+00:00,gbpusd,1.22347,1.22604,1.21751,1.22427
2025-01-17 00:00:00+00:00,gbpusd,1.2168,1.22445,1.2161,1.22346
2025-01-19 00:00:00+00:00,gbpusd,1.2175,1.21774,1.21607,1.21762
2025-01-20 00:00:00+00:00,gbpusd,1.2332,1.23447,1.21656,1.21751
2025-01-21 00:00:00+00:00,gbpusd,1.23384,1.23604,1.22295,1.23323
2025-01-22 00:00:00+00:00,gbpusd,1.23137,1.23761,1.23075,1.233845
2025-01-23 00:00:00+00:00,gbpusd,1.23541,1.23757,1.22935,1.23138
2025-01-24 00:00:00+00:00,gbpusd,1.24822,1.2502,1.23488,1.2354
2025-01-26 00:00:00+00:00,gbpusd,1.24582,1.24741,1.24565,1.24706
2025-01-27 00:00:00+00:00,gbpusd,1.24512,1.25232,1.24262,1.24583
2025-01-28 00:00:00+00:00,gbpusd,1.24409,1.24657,1.24146,1.24514
2025-01-29 00:00:00+00:00,gbpusd,1.24548,1.24633,1.23935,1.24408
2025-01-30 00:00:00+00:00,gbpusd,1.24222,1.24769,1.2408,1.24546
2025-01-31 00:00:00+00:00,gbpusd,1.23933,1.24718,1.23862,1.24223
2025-02-02 00:00:00+00:00,gbpusd,1.22903,1.23241,1.22832,1.2296
2025-02-03 00:00:00+00:00,gbpusd,1.24334,1.245515,1.22494,1.22902
2025-02-04 00:00:00+00:00,gbpusd,1.24758,1.24933,1.23792,1.24335
2025-02-05 00:00:00+00:00,gbpusd,1.25016,1.255,1.24636,1.24757
2025-02-06 00:00:00+00:00,gbpusd,1.24344,1.25096,1.23608,1.25015
2025-02-07 00:00:00+00:00,gbpusd,1.24054,1.24939,1.23765,1.24345
2025-02-09 00:00:00+00:00,gbpusd,1.23895,1.23948,1.23746,1.23757
2025-02-10 00:00:00+00:00,gbpusd,1.23598,1.24222,1.23546,1.23896
2025-02-11 00:00:00+00:00,gbpusd,1.24515,1.24549,1.23326,1.23599
2025-02-12 00:00:00+00:00,gbpusd,1.24506,1.24836,1.23779,1.24518
2025-02-13 00:00:00+00:00,gbpusd,1.25647,1.25702,1.24427,1.24507
2025-02-14 00:00:00+00:00,gbpusd,1.25862,1.26301,1.255,1.25649
2025-02-16 00:00:00+00:00,gbpusd,1.25842,1.25915,1.25785,1.25911
2025-02-17 00:00:00+00:00,gbpusd,1.26209,1.2635,1.25793,1.25843
2025-02-18 00:00:00+00:00,gbpusd,1.26246,1.2636,1.25825,1.2621
2025-02-19 00:00:00+00:00,gbpusd,1.25832,1.26381,1.25634,1.26247
2025-02-20 00:00:00+00:00,gbpusd,1.26694,1.26742,1.25806,1.25833
2025-02-21 00:00:00+00:00,gbpusd,1.26334,1.26788,1.2625,1.26693
2025-02-23 00:00:00+00:00,gbpusd,1.26489,1.2658,1.26342,1.2637
2025-02-24 00:00:00+00:00,gbpusd,1.26173,1.26907,1.2612,1.2649
2025-02-25 00:00:00+00:00,gbpusd,1.26719,1.2678,1.26061,1.26172
2025-02-26 00:00:00+00:00,gbpusd,1.26806,1.27159,1.26354,1.2672
2025-02-27 00:00:00+00:00,gbpusd,1.25966,1.26891,1.2595,1.26807
2025-02-28 00:00:00+00:00,gbpusd,1.25782,1.26207,1.25595,1.25967
2025-03-02 00:00:00+00:00,gbpusd,1.26023,1.26086,1.25817,1.2585
2025-03-03 00:00:00+00:00,gbpusd,1.27018,1.27248,1.25825,1.26022
2025-03-04 00:00:00+00:00,gbpusd,1.27955,1.27997,1.2679,1.27019
2025-03-05 00:00:00+00:00,gbpusd,1.28899,1.29009,1.27679,1.27956
2025-03-06 00:00:00+00:00,gbpusd,1.28839,1.29239,1.28663,1.28898
2025-03-07 00:00:00+00:00,gbpusd,1.29212,1.29447,1.28764,1.28838
2025-03-09 00:00:00+00:00,gbpusd,1.2932,1.29385,1.29079,1.29201
2025-03-10 00:00:00+00:00,gbpusd,1.28753,1.29466,1.28616,1.29321
2025-03-11 00:00:00+00:00,gbpusd,1.2944,1.29661,1.28734,1.28754
2025-03-12 00:00:00+00:00,gbpusd,1.29645,1.298945,1.29145,1.29441
2025-03-13 00:00:00+00:00,gbpusd,1.29571,1.29735,1.29211,1.29644
2025-03-14 00:00:00+00:00,gbpusd,1.29347,1.2959,1.29111,1.2957
2025-03-16 00:00:00+00:00,gbpusd,1.29272,1.2936,1.29256,1.29282
2025-03-17 00:00:00+00:00,gbpusd,1.29841,1.29988,1.29272,1.29273
2025-03-18 00:00:00+00:00,gbpusd,1.30004,1.30099,1.29517,1.29842
2025-03-19 00:00:00+00:00,gbpusd,1.30103,1.3012,1.29552,1.30002
2025-03-20 00:00:00+00:00,gbpusd,1.29651,1.30148,1.29363,1.30104
2025-03-21 00:00:00+00:00,gbpusd,1.29171,1.29706,1.28879,1.29652
2025-03-23 00:00:00+00:00,gbpusd,1.29254,1.29263,1.28985,1.2901
2025-03-24 00:00:00+00:00,gbpusd,1.29231,1.29742,1.28957,1.29255
2025-03-25 00:00:00+00:00,gbpusd,1.29451,1.29669,1.29021,1.2923
2025-03-26 00:00:00+00:00,gbpusd,1.28773,1.29463,1.28712,1.2945
2025-03-27 00:00:00+00:00,gbpusd,1.29514,1.29922,1.28765,1.28772
2025-03-28 00:00:00+00:00,gbpusd,1.29421,1.29684,1.29225,1.29513
2025-03-30 00:00:00+00:00,gbpusd,1.29377,1.29429,1.29223,1.29425
2025-03-31 00:00:00+00:00,gbpusd,1.29196,1.29727,1.28865,1.29378
2025-04-01 00:00:00+00:00,gbpusd,1.29216,1.29409,1.28794,1.29198
2025-04-02 00:00:00+00:00,gbpusd,1.30455,1.30524,1.29006,1.29218
2025-04-03 00:00:00+00:00,gbpusd,1.30894,1.32077,1.30261,1.30453
2025-04-04 00:00:00+00:00,gbpusd,1.29007,1.31139,1.28528,1.30893
2025-04-06 00:00:00+00:00,gbpusd,1.29093,1.2933,1.28213,1.28476
2025-04-07 00:00:00+00:00,gbpusd,1.27331,1.29341,1.27084,1.29096
2025-04-08 00:00:00+00:00,gbpusd,1.27867,1.28147,1.27247,1.27332
2025-04-09 00:00:00+00:00,gbpusd,1.2825,1.28642,1.27438,1.27866
2025-04-10 00:00:00+00:00,gbpusd,1.29918,1.29978,1.28224,1.28251
2025-04-11 00:00:00+00:00,gbpusd,1.30845,1.31453,1.29851,1.29917
2025-04-13 00:00:00+00:00,gbpusd,1.30843,1.31007,1.30637,1.30941
2025-04-14 00:00:00+00:00,gbpusd,1.31727,1.32012,1.30839,1.30844
2025-04-15 00:00:00+00:00,gbpusd,1.32309,1.32521,1.31645,1.31726
2025-04-16 00:00:00+00:00,gbpusd,1.32328,1.32922,1.32123,1.3231
2025-04-17 00:00:00+00:00,gbpusd,1.32694,1.32733,1.3203,1.32329
2025-04-18 00:00:00+00:00,gbpusd,1.32946,1.32993,1.32593,1.32687
2025-04-20 00:00:00+00:00,gbpusd,1.33148,1.33202,1.32752,1.32759
2025-04-21 00:00:00+00:00,gbpusd,1.33798,1.34221,1.33147,1.33147
2025-04-22 00:00:00+00:00,gbpusd,1.32724,1.34237,1.32342,1.33799
2025-04-23 00:00:00+00:00,gbpusd,1.32649,1.33391,1.32504,1.32721
2025-04-24 00:00:00+00:00,gbpusd,1.33276,1.33493,1.32589,1.3265
2025-04-25 00:00:00+00:00,gbpusd,1.33114,1.33325,1.32744,1.33275
2025-04-27 00:00:00+00:00,gbpusd,1.32902,1.33125,1.32884,1.33068
2025-04-28 00:00:00+00:00,gbpusd,1.34351,1.34444,1.32804,1.32903
2025-04-29 00:00:00+00:00,gbpusd,1.34121,1.34424,1.33806,1.3435
2025-04-30 00:00:00+00:00,gbpusd,1.33212,1.34147,1.33092,1.3412
2025-05-01 00:00:00+00:00,gbpusd,1.32857,1.33455,1.32605,1.33211
2025-05-02 00:00:00+00:00,gbpusd,1.3272,1.33308,1.32626,1.32858
2025-05-04 00:00:00+00:00,gbpusd,1.32699,1.32764,1.32601,1.32636
2025-05-05 00:00:00+00:00,gbpusd,1.32908,1.33366,1.32619,1.327
2025-05-06 00:00:00+00:00,gbpusd,1.33523,1.3403,1.32604,1.32907
2025-05-07 00:00:00+00:00,gbpusd,1.32904,1.33772,1.32802,1.33522
2025-05-08 00:00:00+00:00,gbpusd,1.32395,1.33565,1.32334,1.32905
2025-05-09 00:00:00+00:00,gbpusd,1.33042,1.33227,1.32122,1.32394
2025-05-11 00:00:00+00:00,gbpusd,1.32851,1.32954,1.32646,1.32672
2025-05-12 00:00:00+00:00,gbpusd,1.31778,1.32994,1.31399,1.3285
2025-05-13 00:00:00+00:00,gbpusd,1.33039,1.33164,1.31737,1.31777
2025-05-14 00:00:00+00:00,gbpusd,1.32637,1.33604,1.32535,1.33037
2025-05-15 00:00:00+00:00,gbpusd,1.33035,1.33198,1.32596,1.32636
2025-05-16 00:00:00+00:00,gbpusd,1.32805,1.33326,1.32508,1.33032
2025-05-18 00:00:00+00:00,gbpusd,1.33052,1.33052,1.32731,1.32732
2025-05-19 00:00:00+00:00,gbpusd,1.33591,1.3404,1.32907,1.33057
2025-05-20 00:00:00+00:00,gbpusd,1.33972,1.3398,1.3335,1.3359
2025-05-21 00:00:00+00:00,gbpusd,1.34207,1.3469,1.33887,1.33974
2025-05-22 00:00:00+00:00,gbpusd,1.34198,1.3441,1.33911,1.34209
2025-05-23 00:00:00+00:00,gbpusd,1.35395,1.35425,1.34186,1.34196
2025-05-25 00:00:00+00:00,gbpusd,1.35382,1.35425,1.35241,1.35286
2025-05-26 00:00:00+00:00,gbpusd,1.35655,1.35933,1.35363,1.35381
2025-05-27 00:00:00+00:00,gbpusd,1.3514,1.35869,1.35005,1.35658
2025-05-28 00:00:00+00:00,gbpusd,1.34286,1.35224,1.34156,1.35139
2025-05-29 00:00:00+00:00,gbpusd,1.34993,1.35073,1.3419,1.34283
2025-05-30 00:00:00+00:00,gbpusd,1.34543,1.3511,1.34482,1.34991
2025-06-01 00:00:00+00:00,gbpusd,1.34685,1.34737,1.3454,1.34649
2025-06-02 00:00:00+00:00,gbpusd,1.35573,1.35597,1.34679,1.34686
2025-06-03 00:00:00+00:00,gbpusd,1.35307,1.35578,1.3492,1.35572
2025-06-04 00:00:00+00:00,gbpusd,1.3551,1.358,1.35014,1.35308
2025-06-05 00:00:00+00:00,gbpusd,1.35791,1.36166,1.35408,1.35514
2025-06-06 00:00:00+00:00,gbpusd,1.35269,1.35848,1.35076,1.3579
2025-06-08 00:00:00+00:00,gbpusd,1.35371,1.35392,1.35252,1.35325
2025-06-09 00:00:00+00:00,gbpusd,1.35545,1.35814,1.35247,1.35372
2025-06-10 00:00:00+00:00,gbpusd,1.35075,1.35643,1.34563,1.35546
2025-06-11 00:00:00+00:00,gbpusd,1.35679,1.35729,1.34644,1.35076
2025-06-12 00:00:00+00:00,gbpusd,1.36289,1.36303,1.35229,1.35683
2025-06-13 00:00:00+00:00,gbpusd,1.3574,1.36325,1.35167,1.36287
2025-06-15 00:00:00+00:00,gbpusd,1.35491,1.35705,1.3541,1.35686
2025-06-16 00:00:00+00:00,gbpusd,1.35684,1.36223,1.35351,1.35492
2025-06-17 00:00:00+00:00,gbpusd,1.34291,1.35796,1.34155,1.35685
2025-06-18 00:00:00+00:00,gbpusd,1.34144,1.34766,1.34005,1.34292
2025-06-19 00:00:00+00:00,gbpusd,1.34766,1.34798,1.33832,1.34143
2025-06-20 00:00:00+00:00,gbpusd,1.34501,1.35112,1.34412,1.34765
2025-06-22 00:00:00+00:00,gbpusd,1.34351,1.34416,1.33996,1.34065
2025-06-23 00:00:00+00:00,gbpusd,1.35455,1.35549,1.33706,1.34352
2025-06-24 00:00:00+00:00,gbpusd,1.36153,1.36485,1.35357,1.35454
2025-06-25 00:00:00+00:00,gbpusd,1.36901,1.36918,1.35908,1.36154
2025-06-26 00:00:00+00:00,gbpusd,1.37252,1.37707,1.36772,1.369
2025-06-27 00:00:00+00:00,gbpusd,1.37206,1.37525,1.36831,1.37253
2025-06-29 00:00:00+00:00,gbpusd,1.37188,1.37286,1.37072,1.37089
2025-06-30 00:00:00+00:00,gbpusd,1.37309,1.37409,1.36744,1.37187
2025-07-01 00:00:00+00:00,gbpusd,1.37459,1.37887,1.3704,1.3731
2025-07-02 00:00:00+00:00,gbpusd,1.36493,1.37527,1.35629,1.37458
2025-07-03 00:00:00+00:00,gbpusd,1.36658,1.36758,1.35862,1.36491
2025-07-04 00:00:00+00:00,gbpusd,1.36458,1.36813,1.3635,1.36657
2025-07-06 00:00:00+00:00,gbpusd,1.3651,1.36643,1.36467,1.36556
2025-07-07 00:00:00+00:00,gbpusd,1.3624,1.36577,1.35754,1.36511
2025-07-08 00:00:00+00:00,gbpusd,1.3585,1.36466,1.35257,1.36242
2025-07-09 00:00:00+00:00,gbpusd,1.35981,1.36199,1.35644,1.35849
2025-07-10 00:00:00+00:00,gbpusd,1.35804,1.36196,1.35331,1.35979
2025-07-11 00:00:00+00:00,gbpusd,1.34908,1.35817,1.34813,1.35805
2025-07-13 00:00:00+00:00,gbpusd,1.34956,1.3497,1.34821,1.34954
2025-07-14 00:00:00+00:00,gbpusd,1.3428,1.35044,1.34215,1.34954
2025-07-15 00:00:00+00:00,gbpusd,1.33932,1.34678,1.3379,1.34283
2025-07-16 00:00:00+00:00,gbpusd,1.34102,1.34859,1.33651,1.33933
2025-07-17 00:00:00+00:00,gbpusd,1.34313,1.34348,1.33744,1.34103
2025-07-18 00:00:00+00:00,gbpusd,1.341,1.34752,1.340615,1.34315
2025-07-20 00:00:00+00:00,gbpusd,1.34152,1.34301,1.34083,1.34143
2025-07-21 00:00:00+00:00,gbpusd,1.34894,1.35106,1.34025,1.34153
2025-07-22 00:00:00+00:00,gbpusd,1.35212,1.35349,1.34621,1.34896
2025-07-23 00:00:00+00:00,gbpusd,1.35789,1.35873,1.35155,1.35213
2025-07-24 00:00:00+00:00,gbpusd,1.35086,1.35886,1.35032,1.35788
2025-07-25 00:00:00+00:00,gbpusd,1.34372,1.35124,1.34164,1.35087
2025-07-27 00:00:00+00:00,gbpusd,1.34381,1.34491,1.34297,1.34309
2025-07-28 00:00:00+00:00,gbpusd,1.33597,1.34527,1.33514,1.34382
2025-07-29 00:00:00+00:00,gbpusd,1.33535,1.33646,1.33078,1.33598
2025-07-30 00:00:00+00:00,gbpusd,1.3256,1.33858,1.32279,1.33536
2025-07-31 00:00:00+00:00,gbpusd,1.3208,1.32821,1.31859,1.32559
2025-08-01 00:00:00+00:00,gbpusd,1.32789,1.33107,1.31417,1.32079
2025-08-03 00:00:00+00:00,gbpusd,1.32912,1.32923,1.32736,1.32851
2025-08-04 00:00:00+00:00,gbpusd,1.32979,1.3331,1.32539,1.32911
2025-08-05 00:00:00+00:00,gbpusd,1.32984,1.33161,1.32599,1.3298
2025-08-06 00:00:00+00:00,gbpusd,1.33577,1.33683,1.32816,1.32983
2025-08-07 00:00:00+00:00,gbpusd,1.34513,1.34526,1.33459,1.33575
2025-08-08 00:00:00+00:00,gbpusd,1.3452,1.3459,1.34181,1.34514
2025-08-10 00:00:00+00:00,gbpusd,1.34434,1.3454,1.34392,1.34501
2025-08-11 00:00:00+00:00,gbpusd,1.3434,1.34769,1.33994,1.34435
2025-08-12 00:00:00+00:00,gbpusd,1.35045,1.35239,1.34204,1.34338
2025-08-13 00:00:00+00:00,gbpusd,1.35854,1.35854,1.34929,1.35044
2025-08-14 00:00:00+00:00,gbpusd,1.35299,1.35949,1.3521,1.35853
2025-08-15 00:00:00+00:00,gbpusd,1.35557,1.35752,1.35273,1.353
2025-08-17 00:00:00+00:00,gbpusd,1.35563,1.35672,1.3552,1.35562
2025-08-18 00:00:00+00:00,gbpusd,1.35079,1.35651,1.35017,1.35562
2025-08-19 00:00:00+00:00,gbpusd,1.3485,1.35312,1.34778,1.35081
2025-08-20 00:00:00+00:00,gbpusd,1.3466,1.35095,1.34474,1.34851
2025-08-21 00:00:00+00:00,gbpusd,1.34181,1.34827,1.34058,1.34658
2025-08-22 00:00:00+00:00,gbpusd,1.35268,1.35443,1.33907,1.3418
2025-08-24 00:00:00+00:00,gbpusd,1.35088,1.35308,1.35085,1.3519
2025-08-25 00:00:00+00:00,gbpusd,1.34545,1.35273,1.34462,1.35089
2025-08-26 00:00:00+00:00,gbpusd,1.3477,1.34934,1.34348,1.34546
2025-08-27 00:00:00+00:00,gbpusd,1.35038,1.3506,1.34168,1.34769
2025-08-28 00:00:00+00:00,gbpusd,1.35083,1.35308,1.34833,1.35037
2025-08-29 00:00:00+00:00,gbpusd,1.35043,1.35171,1.34464,1.35084
2025-08-31 00:00:00+00:00,gbpusd,1.35034,1.35092,1.34972,1.34978
2025-09-01 00:00:00+00:00,gbpusd,1.35465,1.35501,1.35026,1.35033
2025-09-02 00:00:00+00:00,gbpusd,1.33816,1.35485,1.33393,1.35468
2025-09-03 00:00:00+00:00,gbpusd,1.34409,1.34584,1.33336,1.33817
2025-09-04 00:00:00+00:00,gbpusd,1.3444,1.34594,1.34173,1.34411
2025-09-05 00:00:00+00:00,gbpusd,1.35096,1.35547,1.34421,1.34441
2025-09-07 00:00:00+00:00,gbpusd,1.34927,1.35104,1.34824,1.35035
2025-09-08 00:00:00+00:00,gbpusd,1.35528,1.35578,1.34836,1.34928
2025-09-09 00:00:00+00:00,gbpusd,1.35207,1.35905,1.35185,1.35529
2025-09-10 00:00:00+00:00,gbpusd,1.35332,1.356555,1.35134,1.35205
2025-09-11 00:00:00+00:00,gbpusd,1.35742,1.3583,1.34936,1.35331
2025-09-12 00:00:00+00:00,gbpusd,1.35573,1.35758,1.35242,1.3574
2025-09-14 00:00:00+00:00,gbpusd,1.35528,1.35676,1.35495,1.35507
2025-09-15 00:00:00+00:00,gbpusd,1.36012,1.36203,1.35489,1.3553
2025-09-16 00:00:00+00:00,gbpusd,1.36527,1.3672,1.35983,1.36011
2025-09-17 00:00:00+00:00,gbpusd,1.36295,1.37266,1.36197,1.3653
2025-09-18 00:00:00+00:00,gbpusd,1.35549,1.36608,1.35343,1.36294
2025-09-19 00:00:00+00:00,gbpusd,1.34705,1.35597,1.34634,1.3555
2025-09-21 00:00:00+00:00,gbpusd,1.34629,1.34732,1.34627,1.3472
2025-09-22 00:00:00+00:00,gbpusd,1.35142,1.35205,1.34533,1.34628
2025-09-23 00:00:00+00:00,gbpusd,1.35243,1.35366,1.34872,1.35141
2025-09-24 00:00:00+00:00,gbpusd,1.34495,1.35263,1.34267,1.35244
2025-09-25 00:00:00+00:00,gbpusd,1.33354,1.34672,1.33236,1.34492
2025-09-26 00:00:00+00:00,gbpusd,1.34012,1.34132,1.33297,1.33353
2025-09-28 00:00:00+00:00,gbpusd,1.34076,1.34112,1.3396,1.33998
2025-09-29 00:00:00+00:00,gbpusd,1.34351,1.34568,1.34068,1.34075
2025-09-30 00:00:00+00:00,gbpusd,1.34427,1.34673,1.34137,1.34349
2025-10-01 00:00:00+00:00,gbpusd,1.34784,1.35276,1.34352,1.34425
2025-10-02 00:00:00+00:00,gbpusd,1.34464,1.35104,1.3401,1.34785
2025-10-03 00:00:00+00:00,gbpusd,1.34784,1.34869,1.3429,1.34463
2025-10-05 00:00:00+00:00,gbpusd,1.3432,1.34541,1.34235,1.34413
2025-10-06 00:00:00+00:00,gbpusd,1.34842,1.34901,1.34166,1.34322
2025-10-07 00:00:00+00:00,gbpusd,1.34204,1.34847,1.33923,1.34844
2025-10-08 00:00:00+00:00,gbpusd,1.34003,1.34386,1.33713,1.34205
2025-10-09 00:00:00+00:00,gbpusd,1.3303,1.34192,1.32799,1.34002
2025-10-10 00:00:00+00:00,gbpusd,1.33579,1.33708,1.32616,1.33028
2025-10-12 00:00:00+00:00,gbpusd,1.33358,1.33543,1.3331,1.33474
2025-10-13 00:00:00+00:00,gbpusd,1.33323,1.33663,1.33151,1.33357
2025-10-14 00:00:00+00:00,gbpusd,1.33219,1.33525,1.32485,1.33321
2025-10-15 00:00:00+00:00,gbpusd,1.34034,1.34082,1.33202,1.33215
2025-10-16 00:00:00+00:00,gbpusd,1.3444,1.34547,1.34,1.34033
2025-10-17 00:00:00+00:00,gbpusd,1.34251,1.34715,1.3391,1.34441
2025-10-19 00:00:00+00:00,gbpusd,1.3425,1.3433,1.34236,1.34325
2025-10-20 00:00:00+00:00,gbpusd,1.34045,1.34432,1.34001,1.34251
2025-10-21 00:00:00+00:00,gbpusd,1.33653,1.34162,1.33612,1.34043
2025-10-22 00:00:00+00:00,gbpusd,1.33508,1.33871,1.33058,1.33652
2025-10-23 00:00:00+00:00,gbpusd,1.33268,1.33571,1.33082,1.33507
2025-10-24 00:00:00+00:00,gbpusd,1.33112,1.33659,1.32875,1.33269
2025-10-26 00:00:00+00:00,gbpusd,1.33217,1.3329,1.33181,1.3325
2025-10-27 00:00:00+00:00,gbpusd,1.33405,1.33531,1.33107,1.33216
2025-10-28 00:00:00+00:00,gbpusd,1.32785,1.33697,1.32473,1.33406
2025-10-29 00:00:00+00:00,gbpusd,1.31948,1.32806,1.31404,1.32786
2025-10-30 00:00:00+00:00,gbpusd,1.31588,1.32188,1.31168,1.31947
2025-10-31 00:00:00+00:00,gbpusd,1.31489,1.31648,1.30972,1.31587
2025-11-02 00:00:00+00:00,gbpusd,1.3134,1.31432,1.31314,1.31324
2025-11-03 00:00:00+00:00,gbpusd,1.31346,1.31623,1.31084,1.31341
2025-11-04 00:00:00+00:00,gbpusd,1.30212,1.31393,1.30103,1.31345
2025-11-05 00:00:00+00:00,gbpusd,1.30522,1.30543,1.30104,1.30211
2025-11-06 00:00:00+00:00,gbpusd,1.31401,1.31426,1.30506,1.30521
2025-11-07 00:00:00+00:00,gbpusd,1.31643,1.31749,1.3095,1.31403
2025-11-09 00:00:00+00:00,gbpusd,1.31415,1.31649,1.31403,1.31595
2025-11-10 00:00:00+00:00,gbpusd,1.31721,1.31912,1.31368,1.31416
2025-11-11 00:00:00+00:00,gbpusd,1.31522,1.31847,1.31166,1.31722
2025-11-12 00:00:00+00:00,gbpusd,1.31279,1.31555,1.30845,1.31521
2025-11-13 00:00:00+00:00,gbpusd,1.31528,1.3216,1.31008,1.3128
2025-11-14 00:00:00+00:00,gbpusd,1.31744,1.32006,1.31083,1.31529
2025-11-16 00:00:00+00:00,gbpusd,1.31592,1.31717,1.31563,1.31613
2025-11-17 00:00:00+00:00,gbpusd,1.31554,1.31932,1.31361,1.31591
2025-11-18 00:00:00+00:00,gbpusd,1.31472,1.31771,1.31339,1.31553
2025-11-19 00:00:00+00:00,gbpusd,1.30601,1.31552,1.30438,1.31473
2025-11-20 00:00:00+00:00,gbpusd,1.30843,1.31238,1.30381,1.30602
2025-11-21 00:00:00+00:00,gbpusd,1.30973,1.31096,1.30389,1.30799
2025-11-23 00:00:00+00:00,gbpusd,1.30961,1.31048,1.30917,1.31024
2025-11-24 00:00:00+00:00,gbpusd,1.31059,1.3118,1.30807,1.30962
2025-11-25 00:00:00+00:00,gbpusd,1.31582,1.32144,1.30958,1.31058
2025-11-26 00:00:00+00:00,gbpusd,1.32448,1.3249,1.31248,1.31584
2025-11-27 00:00:00+00:00,gbpusd,1.32403,1.32688,1.32101,1.32445
2025-11-28 00:00:00+00:00,gbpusd,1.32329,1.32547,1.31975,1.32404
2025-11-30 00:00:00+00:00,gbpusd,1.32391,1.32491,1.32235,1.32235
2025-12-01 00:00:00+00:00,gbpusd,1.3209,1.3276,1.32057,1.32393
2025-12-02 00:00:00+00:00,gbpusd,1.322,1.32218,1.31797,1.32091
2025-12-03 00:00:00+00:00,gbpusd,1.33478,1.335415,1.32176,1.32201
2025-12-04 00:00:00+00:00,gbpusd,1.33222,1.33855,1.33207,1.33475
2025-12-05 00:00:00+00:00,gbpusd,1.33331,1.33625,1.33164,1.33223
2025-12-07 00:00:00+00:00,gbpusd,1.33258,1.33342,1.33218,1.3329
2025-12-08 00:00:00+00:00,gbpusd,1.33271,1.33466,1.33058,1.3326
2025-12-09 00:00:00+00:00,gbpusd,1.33029,1.33562,1.32873,1.3327
2025-12-10 00:00:00+00:00,gbpusd,1.33886,1.33916,1.32962,1.33031
2025-12-11 00:00:00+00:00,gbpusd,1.33933,1.34383,1.33547,1.33887
2025-12-12 00:00:00+00:00,gbpusd,1.33722,1.33999,1.33424,1.33934
2025-12-14 00:00:00+00:00,gbpusd,1.33674,1.33779,1.336,1.33773
2025-12-15 00:00:00+00:00,gbpusd,1.33791,1.34017,1.3355,1.33676
2025-12-16 00:00:00+00:00,gbpusd,1.34256,1.34561,1.33554,1.33792
2025-12-17 00:00:00+00:00,gbpusd,1.33738,1.34269,1.33117,1.34255
2025-12-18 00:00:00+00:00,gbpusd,1.33835,1.34466,1.33411,1.33737
2025-12-19 00:00:00+00:00,gbpusd,1.33757,1.33942,1.33572,1.33834
2025-12-21 00:00:00+00:00,gbpusd,1.33797,1.3385,1.33743,1.33817
2025-12-22 00:00:00+00:00,gbpusd,1.3468,1.34776,1.33793,1.338
2025-12-23 00:00:00+00:00,gbpusd,1.35132,1.35243,1.34679,1.34679
2025-12-24 00:00:00+00:00,gbpusd,1.35052,1.35342,1.34922,1.35133
2025-12-25 00:00:00+00:00,gbpusd,1.35083,1.35121,1.35011,1.35092
2025-12-26 00:00:00+00:00,gbpusd,1.35004,1.35274,1.34774,1.35082
2025-12-28 00:00:00+00:00,gbpusd,1.34971,1.35042,1.34883,1.34992
2025-12-29 00:00:00+00:00,gbpusd,1.35089,1.35158,1.34693,1.34972
2025-12-30 00:00:00+00:00,gbpusd,1.34665,1.35309,1.34498,1.35088
2025-12-31 00:00:00+00:00,gbpusd,1.34741,1.34837,1.34018,1.34666
2026-01-01 00:00:00+00:00,gbpusd,1.34741,1.34749,1.34707,1.34749
2026-01-02 00:00:00+00:00,gbpusd,1.346,1.35021,1.34343,1.3474
2026-01-04 00:00:00+00:00,gbpusd,1.34379,1.34602,1.34375,1.34545
2026-01-05 00:00:00+00:00,gbpusd,1.35326,1.35482,1.34141,1.34378
2026-01-06 00:00:00+00:00,gbpusd,1.34996,1.35678,1.34921,1.35325
2026-01-07 00:00:00+00:00,gbpusd,1.34585,1.3517,1.34564,1.34997
2026-01-08 00:00:00+00:00,gbpusd,1.3436,1.34654,1.34159,1.34584
2026-01-09 00:00:00+00:00,gbpusd,1.34035,1.34511,1.33926,1.34359
2026-01-11 00:00:00+00:00,gbpusd,1.33938,1.3406,1.33925,1.34016
2026-01-12 00:00:00+00:00,gbpusd,1.34661,1.34859,1.33908,1.33937
2026-01-13 00:00:00+00:00,gbpusd,1.34258,1.34946,1.34205,1.3466
2026-01-14 00:00:00+00:00,gbpusd,1.34401,1.34642,1.34199,1.34257
2026-01-15 00:00:00+00:00,gbpusd,1.33812,1.34454,1.33629,1.344
2026-01-16 00:00:00+00:00,gbpusd,1.33785,1.34132,1.33664,1.33811
2026-01-18 00:00:00+00:00,gbpusd,1.34022,1.34072,1.33428,1.33547
2026-01-19 00:00:00+00:00,gbpusd,1.34191,1.34354,1.33815,1.34021
2026-01-20 00:00:00+00:00,gbpusd,1.34405,1.34917,1.34101,1.34192
2026-01-21 00:00:00+00:00,gbpusd,1.3418,1.34593,1.34015,1.34403
2026-01-22 00:00:00+00:00,gbpusd,1.34996,1.35089,1.34015,1.34181
2026-01-23 00:00:00+00:00,gbpusd,1.36424,1.36459,1.34826,1.34995
2026-01-25 00:00:00+00:00,gbpusd,1.36647,1.36819,1.36549,1.36647
2026-01-26 00:00:00+00:00,gbpusd,1.3675,1.37132,1.36431,1.36648
2026-01-27 00:00:00+00:00,gbpusd,1.38268,1.38698,1.36641,1.36749
2026-01-28 00:00:00+00:00,gbpusd,1.38273,1.38313,1.37498,1.38269
2026-01-29 00:00:00+00:00,gbpusd,1.38082,1.38481,1.37425,1.38271
2026-01-30 00:00:00+00:00,gbpusd,1.36847,1.38144,1.36795,1.38083
2026-02-01 00:00:00+00:00,gbpusd,1.36762,1.36981,1.36624,1.36899
2026-02-02 00:00:00+00:00,gbpusd,1.36731,1.37153,1.36232,1.36763
2026-02-03 00:00:00+00:00,gbpusd,1.36972,1.37074,1.36507,1.3673
2026-02-04 00:00:00+00:00,gbpusd,1.36461,1.37333,1.36425,1.36971
2026-02-05 00:00:00+00:00,gbpusd,1.35212,1.3654,1.35177,1.36462
2026-02-06 00:00:00+00:00,gbpusd,1.36106,1.36234,1.35086,1.35213
2026-02-08 00:00:00+00:00,gbpusd,1.36099,1.36118,1.35882,1.35977
2026-02-09 00:00:00+00:00,gbpusd,1.36827,1.37004,1.35867,1.361
2026-02-10 00:00:00+00:00,gbpusd,1.36329,1.36968,1.36317,1.36826
2026-02-11 00:00:00+00:00,gbpusd,1.3623,1.37125,1.36097,1.36328
2026-02-12 00:00:00+00:00,gbpusd,1.36187,1.36716,1.36047,1.36231
2026-02-13 00:00:00+00:00,gbpusd,1.36553,1.36601,1.35913,1.36186
2026-02-15 00:00:00+00:00,gbpusd,1.36473,1.36518,1.36431,1.36484
2026-02-16 00:00:00+00:00,gbpusd,1.36273,1.36621,1.362295,1.36472
2026-02-17 00:00:00+00:00,gbpusd,1.356305,1.362935,1.349585,1.362735
2026-02-18 00:00:00+00:00,gbpusd,1.34951,1.358215,1.34906,1.356315
2026-02-19 00:00:00+00:00,gbpusd,1.346,1.351695,1.34341,1.349515
2026-02-20 00:00:00+00:00,gbpusd,1.347975,1.351515,1.343505,1.346005
2026-02-22 00:00:00+00:00,gbpusd,1.35324,1.353355,1.348245,1.349055
2026-02-23 00:00:00+00:00,gbpusd,1.349585,1.353515,1.347585,1.35326
2026-02-24 00:00:00+00:00,gbpusd,1.349575,1.353655,1.347015,1.34958
2026-02-25 00:00:00+00:00,gbpusd,1.355765,1.35661,1.349125,1.34958
2026-02-26 00:00:00+00:00,gbpusd,1.349155,1.357535,1.344545,1.355775
2026-02-27 00:00:00+00:00,gbpusd,1.348795,1.350815,1.343985,1.34916
2026-03-01 00:00:00+00:00,gbpusd,1.34053,1.343605,1.340265,1.340815
2026-03-02 00:00:00+00:00,gbpusd,1.340835,1.345605,1.33145,1.340515
2026-03-03 00:00:00+00:00,gbpusd,1.33515,1.342525,1.325315,1.34083
2026-03-04 00:00:00+00:00,gbpusd,1.336935,1.340345,1.330355,1.33518
2026-03-05 00:00:00+00:00,gbpusd,1.335595,1.33872,1.329755,1.33693
2026-03-06 00:00:00+00:00,gbpusd,1.341145,1.341195,1.331165,1.335605
2026-03-08 00:00:00+00:00,gbpusd,1.330525,1.335665,1.330015,1.333935
2026-03-09 00:00:00+00:00,gbpusd,1.342415,1.344885,1.328305,1.33053
2026-03-10 00:00:00+00:00,gbpusd,1.341965,1.348345,1.341135,1.342395
2026-03-11 00:00:00+00:00,gbpusd,1.33825,1.34576,1.337625,1.341975
2026-03-12 00:00:00+00:00,gbpusd,1.33518,1.340975,1.333815,1.338245
2026-03-13 00:00:00+00:00,gbpusd,1.32204,1.33697,1.32188,1.33517
2026-03-15 00:00:00+00:00,gbpusd,1.32466,1.32484,1.32256,1.32409
2026-03-16 00:00:00+00:00,gbpusd,1.33128,1.33398,1.32306,1.32465
2026-03-17 00:00:00+00:00,gbpusd,1.33577,1.33647,1.32737,1.33127
2026-03-18 00:00:00+00:00,gbpusd,1.32644,1.33747,1.32513,1.33579
2026-03-19 00:00:00+00:00,gbpusd,1.34245,1.34674,1.32462,1.32645
2026-03-20 00:00:00+00:00,gbpusd,1.33399,1.34368,1.32989,1.34246
2026-03-22 00:00:00+00:00,gbpusd,1.33346,1.33355,1.3304,1.33115
2026-03-23 00:00:00+00:00,gbpusd,1.3426,1.34794,1.32571,1.33347
2026-03-24 00:00:00+00:00,gbpusd,1.34153,1.34458,1.33523,1.34259
2026-03-25 00:00:00+00:00,gbpusd,1.33634,1.34362,1.33583,1.34155
2026-03-26 00:00:00+00:00,gbpusd,1.33348,1.33784,1.33104,1.33631
2026-03-27 00:00:00+00:00,gbpusd,1.32622,1.33475,1.32602,1.33347
2026-03-29 00:00:00+00:00,gbpusd,1.32379,1.32712,1.32341,1.32616
2026-03-30 00:00:00+00:00,gbpusd,1.31724,1.32826,1.31693,1.32381
2026-03-31 00:00:00+00:00,gbpusd,1.32436,1.32645,1.31595,1.31723
2026-04-01 00:00:00+00:00,gbpusd,1.33022,1.33464,1.32197,1.32434
2026-04-02 00:00:00+00:00,gbpusd,1.32372,1.33205,1.32314,1.33023
