date,ticker,close,high,low,open
2021-04-04 21:00:00+00:00,gbpusd,1.38286,1.38288,1.38247,1.382615
2021-04-04 21:15:00+00:00,gbpusd,1.38251,1.3829,1.38238,1.38287
2021-04-04 21:30:00+00:00,gbpusd,1.38258,1.3827,1.38245,1.38245
2021-04-04 21:45:00+00:00,gbpusd,1.38258,1.38265,1.3824,1.38265
2021-04-04 22:00:00+00:00,gbpusd,1.3827,1.38322,1.38191,1.38267
2021-04-04 22:15:00+00:00,gbpusd,1.38268,1.38285,1.38234,1.3827
2021-04-04 22:30:00+00:00,gbpusd,1.38249,1.38268,1.38202,1.38267
2021-04-04 22:45:00+00:00,gbpusd,1.38236,1.38264,1.38232,1.3825
2021-04-04 23:00:00+00:00,gbpusd,1.38218,1.38236,1.38177,1.38232
2021-04-04 23:15:00+00:00,gbpusd,1.38227,1.38239,1.38197,1.38217
2021-04-04 23:30:00+00:00,gbpusd,1.38244,1.38254,1.38223,1.38225
2021-04-04 23:45:00+00:00,gbpusd,1.38305,1.38319,1.38237,1.38243
2021-04-05 00:00:00+00:00,gbpusd,1.38236,1.38304,1.38227,1.38304
2021-04-05 00:15:00+00:00,gbpusd,1.382685,1.38276,1.38224,1.38237
2021-04-05 00:30:00+00:00,gbpusd,1.38296,1.38302,1.38239,1.38269
2021-04-05 00:45:00+00:00,gbpusd,1.38294,1.38358,1.38263,1.38295
2021-04-05 01:00:00+00:00,gbpusd,1.38279,1.38312,1.38277,1.38292
2021-04-05 01:15:00+00:00,gbpusd,1.38337,1.38343,1.38278,1.38278
2021-04-05 01:30:00+00:00,gbpusd,1.38369,1.38369,1.38318,1.38336
2021-04-05 01:45:00+00:00,gbpusd,1.38402,1.38429,1.38354,1.38367
2021-04-05 02:00:00+00:00,gbpusd,1.38382,1.38417,1.38372,1.38402
2021-04-05 02:15:00+00:00,gbpusd,1.3838,1.38398,1.38357,1.38382
2021-04-05 02:30:00+00:00,gbpusd,1.38358,1.3838,1.38344,1.38379
2021-04-05 02:45:00+00:00,gbpusd,1.38355,1.38368,1.38331,1.38357
2021-04-05 03:00:00+00:00,gbpusd,1.38362,1.38367,1.38332,1.38356
2021-04-05 03:15:00+00:00,gbpusd,1.38387,1.38399,1.38347,1.38362
2021-04-05 03:30:00+00:00,gbpusd,1.38364,1.38396,1.3835,1.38386
2021-04-05 03:45:00+00:00,gbpusd,1.38368,1.38369,1.38343,1.38363
2021-04-05 04:00:00+00:00,gbpusd,1.38333,1.38378,1.3833,1.38367
2021-04-05 04:15:00+00:00,gbpusd,1.38305,1.38332,1.38292,1.38332
2021-04-05 04:30:00+00:00,gbpusd,1.38297,1.38318,1.38285,1.38304
2021-04-05 04:45:00+00:00,gbpusd,1.38275,1.38309,1.38267,1.38296
2021-04-05 05:00:00+00:00,gbpusd,1.38284,1.3829,1.38264,1.38274
2021-04-05 05:15:00+00:00,gbpusd,1.38287,1.38288,1.38265,1.38283
2021-04-05 05:30:00+00:00,gbpusd,1.38247,1.38287,1.38232,1.38286
2021-04-05 05:45:00+00:00,gbpusd,1.38201,1.38266,1.38181,1.38246
2021-04-05 06:00:00+00:00,gbpusd,1.38189,1.38219,1.38132,1.38202
2021-04-05 06:15:00+00:00,gbpusd,1.38249,1.38303,1.38183,1.3819
2021-04-05 06:30:00+00:00,gbpusd,1.38327,1.3833,1.38238,1.38248
2021-04-05 06:45:00+00:00,gbpusd,1.38323,1.38342,1.38273,1.38326
2021-04-05 07:00:00+00:00,gbpusd,1.38327,1.38362,1.38208,1.38324
2021-04-05 07:15:00+00:00,gbpusd,1.38355,1.38356,1.38288,1.38326
2021-04-05 07:30:00+00:00,gbpusd,1.38388,1.384,1.38348,1.38356
2021-04-05 07:45:00+00:00,gbpusd,1.38383,1.38404,1.3834,1.38389
2021-04-05 08:00:00+00:00,gbpusd,1.38571,1.38587,1.38369,1.38382
2021-04-05 08:15:00+00:00,gbpusd,1.38618,1.38648,1.38568,1.3857
2021-04-05 08:30:00+00:00,gbpusd,1.38628,1.38689,1.38585,1.38619
2021-04-05 08:45:00+00:00,gbpusd,1.38619,1.38637,1.38586,1.38629
2021-04-05 09:00:00+00:00,gbpusd,1.38612,1.38647,1.38576,1.3862
2021-04-05 09:15:00+00:00,gbpusd,1.38548,1.38625,1.38546,1.38613
2021-04-05 09:30:00+00:00,gbpusd,1.38576,1.38582,1.38545,1.38549
2021-04-05 09:45:00+00:00,gbpusd,1.38558,1.38596,1.38545,1.38577
2021-04-05 10:00:00+00:00,gbpusd,1.38556,1.38566,1.38537,1.38559
2021-04-05 10:15:00+00:00,gbpusd,1.38624,1.38626,1.38557,1.38557
2021-04-05 10:30:00+00:00,gbpusd,1.38607,1.38629,1.38586,1.38625
2021-04-05 10:45:00+00:00,gbpusd,1.38642,1.38648,1.38597,1.38608
2021-04-05 11:00:00+00:00,gbpusd,1.38665,1.38667,1.38638,1.38643
2021-04-05 11:15:00+00:00,gbpusd,1.38685,1.38713,1.38655,1.38666
2021-04-05 11:30:00+00:00,gbpusd,1.3866,1.38702,1.3864,1.38686
2021-04-05 11:45:00+00:00,gbpusd,1.38639,1.38673,1.38618,1.38661
2021-04-05 12:00:00+00:00,gbpusd,1.38668,1.38671,1.38626,1.38641
2021-04-05 12:15:00+00:00,gbpusd,1.38637,1.38696,1.38637,1.38667
2021-04-05 12:30:00+00:00,gbpusd,1.38736,1.38752,1.3863,1.38638
2021-04-05 12:45:00+00:00,gbpusd,1.3877,1.38803,1.38725,1.38735
2021-04-05 13:00:00+00:00,gbpusd,1.38768,1.38807,1.38737,1.38771
2021-04-05 13:15:00+00:00,gbpusd,1.38821,1.38837,1.3875,1.38767
2021-04-05 13:30:00+00:00,gbpusd,1.38864,1.38876,1.38822,1.38822
2021-04-05 13:45:00+00:00,gbpusd,1.38957,1.39014,1.38863,1.38865
2021-04-05 14:00:00+00:00,gbpusd,1.38976,1.39037,1.38955,1.38956
2021-04-05 14:15:00+00:00,gbpusd,1.3902,1.39022,1.38957,1.38977
2021-04-05 14:30:00+00:00,gbpusd,1.38962,1.39052,1.38923,1.39021
2021-04-05 14:45:00+00:00,gbpusd,1.38942,1.39007,1.3893,1.38963
2021-04-05 15:00:00+00:00,gbpusd,1.38996,1.39035,1.38899,1.38943
2021-04-05 15:15:00+00:00,gbpusd,1.39074,1.39137,1.38995,1.38997
2021-04-05 15:30:00+00:00,gbpusd,1.39033,1.39086,1.39031,1.39073
2021-04-05 15:45:00+00:00,gbpusd,1.39064,1.39066,1.39014,1.39034
2021-04-05 16:00:00+00:00,gbpusd,1.39,1.39071,1.38997,1.39063
2021-04-05 16:15:00+00:00,gbpusd,1.39043,1.39045,1.38983,1.38999
2021-04-05 16:30:00+00:00,gbpusd,1.39026,1.3905,1.39023,1.39044
2021-04-05 16:45:00+00:00,gbpusd,1.39023,1.39046,1.39006,1.39027
2021-04-05 17:00:00+00:00,gbpusd,1.39015,1.39033,1.38995,1.39024
2021-04-05 17:15:00+00:00,gbpusd,1.39066,1.39076,1.39016,1.39016
2021-04-05 17:30:00+00:00,gbpusd,1.39074,1.39075,1.39044,1.39065
2021-04-05 17:45:00+00:00,gbpusd,1.39048,1.39075,1.39044,1.39073
2021-04-05 18:00:00+00:00,gbpusd,1.39054,1.3907,1.39046,1.39047
2021-04-05 18:15:00+00:00,gbpusd,1.39046,1.39065,1.39013,1.39053
2021-04-05 18:30:00+00:00,gbpusd,1.39042,1.39058,1.39022,1.39047
2021-04-05 18:45:00+00:00,gbpusd,1.39045,1.39048,1.39015,1.39043
2021-04-05 19:00:00+00:00,gbpusd,1.39034,1.39054,1.39024,1.39044
2021-04-05 19:15:00+00:00,gbpusd,1.39012,1.39045,1.39009,1.39035
2021-04-05 19:30:00+00:00,gbpusd,1.39054,1.39056,1.39,1.39013
2021-04-05 19:45:00+00:00,gbpusd,1.39051,1.39074,1.39044,1.39051
2021-04-05 20:00:00+00:00,gbpusd,1.39034,1.39064,1.39033,1.39052
2021-04-05 20:15:00+00:00,gbpusd,1.3905,1.39075,1.39034,1.39035
2021-04-05 20:30:00+00:00,gbpusd,1.3905,1.39057,1.39046,1.39051
2021-04-05 20:45:00+00:00,gbpusd,1.39026,1.39056,1.39015,1.39051
2021-04-05 21:00:00+00:00,gbpusd,1.39003,1.39039,1.38987,1.39011
2021-04-05 21:15:00+00:00,gbpusd,1.39022,1.39066,1.38998,1.38998
2021-04-05 21:30:00+00:00,gbpusd,1.39043,1.3908,1.39026,1.39026
2021-04-05 21:45:00+00:00,gbpusd,1.39089,1.39112,1.39039,1.39044
2021-04-05 22:00:00+00:00,gbpusd,1.39105,1.3912,1.39062,1.39087
2021-04-05 22:15:00+00:00,gbpusd,1.39097,1.39104,1.39083,1.39104
2021-04-05 22:30:00+00:00,gbpusd,1.39115,1.39117,1.39076,1.39096
2021-04-05 22:45:00+00:00,gbpusd,1.39126,1.39155,1.39115,1.39116
2021-04-05 23:00:00+00:00,gbpusd,1.39126,1.39146,1.39117,1.39127
2021-04-05 23:15:00+00:00,gbpusd,1.39142,1.39146,1.39122,1.39127
2021-04-05 23:30:00+00:00,gbpusd,1.39114,1.39152,1.39106,1.39143
2021-04-05 23:45:00+00:00,gbpusd,1.39127,1.39138,1.39097,1.39115
2021-04-06 00:00:00+00:00,gbpusd,1.39098,1.39147,1.39085,1.39125
2021-04-06 00:15:00+00:00,gbpusd,1.39081,1.39099,1.39059,1.39099
2021-04-06 00:30:00+00:00,gbpusd,1.39021,1.39086,1.39014,1.3908
2021-04-06 00:45:00+00:00,gbpusd,1.39035,1.3905,1.39019,1.3902
2021-04-06 01:00:00+00:00,gbpusd,1.39037,1.39082,1.39026,1.39034
2021-04-06 01:15:00+00:00,gbpusd,1.39031,1.39059,1.39019,1.39036
2021-04-06 01:30:00+00:00,gbpusd,1.39018,1.39047,1.39002,1.39029
2021-04-06 01:45:00+00:00,gbpusd,1.39007,1.39038,1.38988,1.39017
2021-04-06 02:00:00+00:00,gbpusd,1.38997,1.39023,1.38989,1.39008
2021-04-06 02:15:00+00:00,gbpusd,1.38923,1.39005,1.38916,1.38996
2021-04-06 02:30:00+00:00,gbpusd,1.38918,1.38943,1.38911,1.38922
2021-04-06 02:45:00+00:00,gbpusd,1.38936,1.38964,1.38907,1.38917
2021-04-06 03:00:00+00:00,gbpusd,1.3896,1.38969,1.38898,1.38935
2021-04-06 03:15:00+00:00,gbpusd,1.38929,1.38967,1.38917,1.38959
2021-04-06 03:30:00+00:00,gbpusd,1.38915,1.38935,1.38908,1.38928
2021-04-06 03:45:00+00:00,gbpusd,1.3893,1.38944,1.38904,1.38914
2021-04-06 04:00:00+00:00,gbpusd,1.38941,1.38956,1.38919,1.38929
2021-04-06 04:15:00+00:00,gbpusd,1.39009,1.39018,1.38939,1.38942
2021-04-06 04:30:00+00:00,gbpusd,1.39078,1.39078,1.39006,1.39008
2021-04-06 04:45:00+00:00,gbpusd,1.3906,1.39078,1.39039,1.39077
2021-04-06 05:00:00+00:00,gbpusd,1.39078,1.39097,1.39047,1.39059
2021-04-06 05:15:00+00:00,gbpusd,1.39126,1.39129,1.39078,1.39079
2021-04-06 05:30:00+00:00,gbpusd,1.39128,1.39138,1.39105,1.39125
2021-04-06 05:45:00+00:00,gbpusd,1.39158,1.39188,1.39122,1.39127
2021-04-06 06:00:00+00:00,gbpusd,1.39153,1.39183,1.39106,1.39157
2021-04-06 06:15:00+00:00,gbpusd,1.39087,1.39168,1.3908,1.39152
2021-04-06 06:30:00+00:00,gbpusd,1.38967,1.39088,1.38965,1.39088
2021-04-06 06:45:00+00:00,gbpusd,1.38868,1.38968,1.3882,1.38968
2021-04-06 07:00:00+00:00,gbpusd,1.38709,1.38868,1.38693,1.38867
2021-04-06 07:15:00+00:00,gbpusd,1.3876,1.38806,1.38687,1.3871
2021-04-06 07:30:00+00:00,gbpusd,1.38804,1.38826,1.38749,1.38761
2021-04-06 07:45:00+00:00,gbpusd,1.38803,1.38829,1.38726,1.38805
2021-04-06 08:00:00+00:00,gbpusd,1.38644,1.38804,1.3863,1.38804
2021-04-06 08:15:00+00:00,gbpusd,1.38531,1.38643,1.38514,1.38643
2021-04-06 08:30:00+00:00,gbpusd,1.38414,1.38602,1.38391,1.3853
2021-04-06 08:45:00+00:00,gbpusd,1.38543,1.3858,1.38402,1.38415
2021-04-06 09:00:00+00:00,gbpusd,1.38568,1.3858,1.38469,1.38544
2021-04-06 09:15:00+00:00,gbpusd,1.38317,1.3859,1.38297,1.38567
2021-04-06 09:30:00+00:00,gbpusd,1.38274,1.38349,1.38224,1.38316
2021-04-06 09:45:00+00:00,gbpusd,1.38305,1.3838,1.38265,1.38273
2021-04-06 10:00:00+00:00,gbpusd,1.38352,1.384,1.38257,1.38304
2021-04-06 10:15:00+00:00,gbpusd,1.38336,1.38369,1.3828,1.38353
2021-04-06 10:30:00+00:00,gbpusd,1.38383,1.3839,1.38292,1.38335
2021-04-06 10:45:00+00:00,gbpusd,1.38331,1.3839,1.38293,1.38382
2021-04-06 11:00:00+00:00,gbpusd,1.38281,1.38372,1.38271,1.38332
2021-04-06 11:15:00+00:00,gbpusd,1.38334,1.38371,1.38256,1.3828
2021-04-06 11:30:00+00:00,gbpusd,1.38286,1.38333,1.38278,1.38333
2021-04-06 11:45:00+00:00,gbpusd,1.38254,1.38285,1.38179,1.38285
2021-04-06 12:00:00+00:00,gbpusd,1.38387,1.38391,1.3823,1.38253
2021-04-06 12:15:00+00:00,gbpusd,1.38482,1.38491,1.38381,1.38386
2021-04-06 12:30:00+00:00,gbpusd,1.3851,1.38545,1.38431,1.38481
2021-04-06 12:45:00+00:00,gbpusd,1.38394,1.3854,1.38374,1.38509
2021-04-06 13:00:00+00:00,gbpusd,1.3832,1.38458,1.38254,1.38404
2021-04-06 13:15:00+00:00,gbpusd,1.38401,1.38423,1.38308,1.38319
2021-04-06 13:30:00+00:00,gbpusd,1.38571,1.38577,1.38399,1.38402
2021-04-06 13:45:00+00:00,gbpusd,1.38448,1.3859,1.3844,1.38573
2021-04-06 14:00:00+00:00,gbpusd,1.38431,1.38518,1.3839,1.38449
2021-04-06 14:15:00+00:00,gbpusd,1.38503,1.38558,1.38415,1.3843
2021-04-06 14:30:00+00:00,gbpusd,1.38496,1.38529,1.38425,1.38504
2021-04-06 14:45:00+00:00,gbpusd,1.386,1.38664,1.38487,1.38497
2021-04-06 15:00:00+00:00,gbpusd,1.38583,1.38599,1.3853,1.38599
2021-04-06 15:15:00+00:00,gbpusd,1.38499,1.38589,1.38488,1.38584
2021-04-06 15:30:00+00:00,gbpusd,1.3855,1.38561,1.38479,1.38498
2021-04-06 15:45:00+00:00,gbpusd,1.38483,1.38561,1.38479,1.38552
2021-04-06 16:00:00+00:00,gbpusd,1.38398,1.38496,1.38397,1.38482
2021-04-06 16:15:00+00:00,gbpusd,1.38388,1.38419,1.38341,1.38399
2021-04-06 16:30:00+00:00,gbpusd,1.38238,1.38391,1.38236,1.38389
2021-04-06 16:45:00+00:00,gbpusd,1.38219,1.38282,1.38197,1.38239
2021-04-06 17:00:00+00:00,gbpusd,1.3818,1.38244,1.38096,1.38218
2021-04-06 17:15:00+00:00,gbpusd,1.3808,1.38188,1.3805,1.38179
2021-04-06 17:30:00+00:00,gbpusd,1.38117,1.38129,1.38021,1.38079
2021-04-06 17:45:00+00:00,gbpusd,1.38161,1.38185,1.38102,1.38116
2021-04-06 18:00:00+00:00,gbpusd,1.38207,1.38221,1.38129,1.3816
2021-04-06 18:15:00+00:00,gbpusd,1.38189,1.38239,1.38189,1.38206
2021-04-06 18:30:00+00:00,gbpusd,1.38236,1.3824,1.38181,1.3819
2021-04-06 18:45:00+00:00,gbpusd,1.38231,1.38273,1.38212,1.38237
2021-04-06 19:00:00+00:00,gbpusd,1.38272,1.38282,1.38225,1.38232
2021-04-06 19:15:00+00:00,gbpusd,1.38261,1.38279,1.38232,1.38271
2021-04-06 19:30:00+00:00,gbpusd,1.38251,1.38271,1.38249,1.3826
2021-04-06 19:45:00+00:00,gbpusd,1.38299,1.38313,1.3824,1.3825
2021-04-06 20:00:00+00:00,gbpusd,1.38306,1.38336,1.38279,1.383
2021-04-06 20:15:00+00:00,gbpusd,1.38319,1.38328,1.38301,1.38305
2021-04-06 20:30:00+00:00,gbpusd,1.38334,1.38343,1.38308,1.38318
2021-04-06 20:45:00+00:00,gbpusd,1.38243,1.38334,1.38238,1.38333
2021-04-06 21:00:00+00:00,gbpusd,1.38236,1.38246,1.38212,1.38234
2021-04-06 21:15:00+00:00,gbpusd,1.38245,1.38255,1.38218,1.38226
2021-04-06 21:30:00+00:00,gbpusd,1.38222,1.38246,1.38217,1.38244
2021-04-06 21:45:00+00:00,gbpusd,1.38237,1.38242,1.38215,1.38221
2021-04-06 22:00:00+00:00,gbpusd,1.38237,1.38256,1.38226,1.38238
2021-04-06 22:15:00+00:00,gbpusd,1.38246,1.38264,1.38237,1.38238
2021-04-06 22:30:00+00:00,gbpusd,1.38253,1.38265,1.38238,1.38245
2021-04-06 22:45:00+00:00,gbpusd,1.38223,1.38258,1.38222,1.38252
2021-04-06 23:00:00+00:00,gbpusd,1.38235,1.38244,1.38201,1.38222
2021-04-06 23:15:00+00:00,gbpusd,1.38247,1.38253,1.38233,1.38236
2021-04-06 23:30:00+00:00,gbpusd,1.38282,1.38292,1.38239,1.38248
2021-04-06 23:45:00+00:00,gbpusd,1.38303,1.38318,1.38279,1.38283
2021-04-07 00:00:00+00:00,gbpusd,1.38273,1.38304,1.3824,1.38304
2021-04-07 00:15:00+00:00,gbpusd,1.38301,1.3832,1.38269,1.38274
2021-04-07 00:30:00+00:00,gbpusd,1.38314,1.38314,1.38272,1.38302
2021-04-07 00:45:00+00:00,gbpusd,1.38338,1.3835,1.38289,1.38313
2021-04-07 01:00:00+00:00,gbpusd,1.38391,1.384,1.38327,1.38339
2021-04-07 01:15:00+00:00,gbpusd,1.3836,1.38401,1.38339,1.3839
2021-04-07 01:30:00+00:00,gbpusd,1.3835,1.38394,1.3833,1.38361
2021-04-07 01:45:00+00:00,gbpusd,1.38284,1.38357,1.38281,1.38351
2021-04-07 02:00:00+00:00,gbpusd,1.38219,1.3831,1.38216,1.38285
2021-04-07 02:15:00+00:00,gbpusd,1.38207,1.3825,1.38206,1.3822
2021-04-07 02:30:00+00:00,gbpusd,1.38249,1.38261,1.382,1.38208
2021-04-07 02:45:00+00:00,gbpusd,1.38212,1.38248,1.38203,1.38248
2021-04-07 03:00:00+00:00,gbpusd,1.38261,1.38273,1.38213,1.38213
2021-04-07 03:15:00+00:00,gbpusd,1.38267,1.38276,1.38237,1.3826
2021-04-07 03:30:00+00:00,gbpusd,1.38267,1.38279,1.38248,1.38266
2021-04-07 03:45:00+00:00,gbpusd,1.3825,1.38274,1.3823,1.38266
2021-04-07 04:00:00+00:00,gbpusd,1.38272,1.38293,1.38243,1.38249
2021-04-07 04:15:00+00:00,gbpusd,1.38303,1.38303,1.38274,1.38279
2021-04-07 04:30:00+00:00,gbpusd,1.383,1.38309,1.3828,1.38302
2021-04-07 04:45:00+00:00,gbpusd,1.38307,1.38312,1.38282,1.38301
2021-04-07 05:00:00+00:00,gbpusd,1.38301,1.38321,1.38292,1.38308
2021-04-07 05:15:00+00:00,gbpusd,1.38239,1.38306,1.38237,1.38302
2021-04-07 05:30:00+00:00,gbpusd,1.38179,1.38253,1.38168,1.3824
2021-04-07 05:45:00+00:00,gbpusd,1.38168,1.38184,1.38086,1.38178
2021-04-07 06:00:00+00:00,gbpusd,1.379,1.38234,1.37856,1.38167
2021-04-07 06:15:00+00:00,gbpusd,1.37887,1.3795,1.37864,1.379
2021-04-07 06:30:00+00:00,gbpusd,1.3789,1.37911,1.37727,1.37886
2021-04-07 06:45:00+00:00,gbpusd,1.3779,1.37936,1.37782,1.37891
2021-04-07 07:00:00+00:00,gbpusd,1.37964,1.37991,1.3778,1.37789
2021-04-07 07:15:00+00:00,gbpusd,1.38061,1.38092,1.379,1.37962
2021-04-07 07:30:00+00:00,gbpusd,1.38014,1.38119,1.37982,1.38052
2021-04-07 07:45:00+00:00,gbpusd,1.38062,1.38098,1.37969,1.38013
2021-04-07 08:00:00+00:00,gbpusd,1.37992,1.38076,1.3798,1.38061
2021-04-07 08:15:00+00:00,gbpusd,1.38092,1.38112,1.37931,1.37991
2021-04-07 08:30:00+00:00,gbpusd,1.38238,1.3826,1.38087,1.38093
2021-04-07 08:45:00+00:00,gbpusd,1.38309,1.38312,1.38216,1.38239
2021-04-07 09:00:00+00:00,gbpusd,1.38242,1.38325,1.38211,1.38308
2021-04-07 09:15:00+00:00,gbpusd,1.38344,1.38368,1.38221,1.38241
2021-04-07 09:30:00+00:00,gbpusd,1.38265,1.3838,1.38265,1.38343
2021-04-07 09:45:00+00:00,gbpusd,1.38202,1.38291,1.38181,1.38266
2021-04-07 10:00:00+00:00,gbpusd,1.38345,1.38349,1.38182,1.38201
2021-04-07 10:15:00+00:00,gbpusd,1.38267,1.38351,1.38227,1.38344
2021-04-07 10:30:00+00:00,gbpusd,1.38251,1.38302,1.38203,1.38268
2021-04-07 10:45:00+00:00,gbpusd,1.38125,1.38301,1.38123,1.38252
2021-04-07 11:00:00+00:00,gbpusd,1.38136,1.38162,1.38073,1.38126
2021-04-07 11:15:00+00:00,gbpusd,1.38236,1.38252,1.38121,1.38135
2021-04-07 11:30:00+00:00,gbpusd,1.38235,1.38286,1.38219,1.38236
2021-04-07 11:45:00+00:00,gbpusd,1.38143,1.38273,1.38086,1.38234
2021-04-07 12:00:00+00:00,gbpusd,1.38082,1.38142,1.38049,1.38142
2021-04-07 12:15:00+00:00,gbpusd,1.37995,1.38083,1.37935,1.38083
2021-04-07 12:30:00+00:00,gbpusd,1.37825,1.37999,1.37783,1.37994
2021-04-07 12:45:00+00:00,gbpusd,1.37615,1.37824,1.37559,1.37824
2021-04-07 13:00:00+00:00,gbpusd,1.37546,1.37665,1.37536,1.37616
2021-04-07 13:15:00+00:00,gbpusd,1.37576,1.3762,1.37462,1.37545
2021-04-07 13:30:00+00:00,gbpusd,1.37396,1.37606,1.37327,1.37577
2021-04-07 13:45:00+00:00,gbpusd,1.37388,1.37437,1.37293,1.37397
2021-04-07 14:00:00+00:00,gbpusd,1.37537,1.37597,1.37299,1.37387
2021-04-07 14:15:00+00:00,gbpusd,1.37728,1.37804,1.37435,1.37534
2021-04-07 14:30:00+00:00,gbpusd,1.37887,1.37905,1.37705,1.37731
2021-04-07 14:45:00+00:00,gbpusd,1.37882,1.37944,1.37798,1.37901
2021-04-07 15:00:00+00:00,gbpusd,1.37904,1.37937,1.37811,1.37881
2021-04-07 15:15:00+00:00,gbpusd,1.37719,1.37935,1.37696,1.37905
2021-04-07 15:30:00+00:00,gbpusd,1.37476,1.37721,1.37416,1.37714
2021-04-07 15:45:00+00:00,gbpusd,1.37556,1.37562,1.37462,1.37475
2021-04-07 16:00:00+00:00,gbpusd,1.37525,1.37594,1.37515,1.37555
2021-04-07 16:15:00+00:00,gbpusd,1.37399,1.37556,1.37393,1.37526
2021-04-07 16:30:00+00:00,gbpusd,1.3747,1.37478,1.37363,1.37398
2021-04-07 16:45:00+00:00,gbpusd,1.37423,1.3751,1.37398,1.37472
2021-04-07 17:00:00+00:00,gbpusd,1.37405,1.37434,1.37375,1.37422
2021-04-07 17:15:00+00:00,gbpusd,1.37415,1.37435,1.37383,1.37404
2021-04-07 17:30:00+00:00,gbpusd,1.37415,1.37423,1.37395,1.37414
2021-04-07 17:45:00+00:00,gbpusd,1.37432,1.37454,1.37384,1.37416
2021-04-07 18:00:00+00:00,gbpusd,1.37443,1.37472,1.37394,1.37433
2021-04-07 18:15:00+00:00,gbpusd,1.37373,1.37494,1.37367,1.37444
2021-04-07 18:30:00+00:00,gbpusd,1.37374,1.37389,1.37333,1.37372
2021-04-07 18:45:00+00:00,gbpusd,1.37343,1.37388,1.3734,1.37375
2021-04-07 19:00:00+00:00,gbpusd,1.37307,1.37381,1.37287,1.37344
2021-04-07 19:15:00+00:00,gbpusd,1.37269,1.37306,1.37258,1.37306
2021-04-07 19:30:00+00:00,gbpusd,1.37309,1.37314,1.37246,1.37268
2021-04-07 19:45:00+00:00,gbpusd,1.3732,1.37372,1.37308,1.3731
2021-04-07 20:00:00+00:00,gbpusd,1.37365,1.37365,1.37291,1.37321
2021-04-07 20:15:00+00:00,gbpusd,1.37333,1.37371,1.37332,1.37367
2021-04-07 20:30:00+00:00,gbpusd,1.37366,1.3737,1.37318,1.37331
2021-04-07 20:45:00+00:00,gbpusd,1.37382,1.37394,1.37365,1.37367
2021-04-07 21:00:00+00:00,gbpusd,1.37392,1.37396,1.37359,1.37364
2021-04-07 21:15:00+00:00,gbpusd,1.37387,1.37398,1.37365,1.37382
2021-04-07 21:30:00+00:00,gbpusd,1.37383,1.37396,1.37368,1.37382
2021-04-07 21:45:00+00:00,gbpusd,1.37388,1.37391,1.37361,1.37384
2021-04-07 22:00:00+00:00,gbpusd,1.37366,1.37384,1.37344,1.37384
2021-04-07 22:15:00+00:00,gbpusd,1.37376,1.37383,1.37367,1.37376
2021-04-07 22:30:00+00:00,gbpusd,1.37371,1.37389,1.37366,1.37375
2021-04-07 22:45:00+00:00,gbpusd,1.37346,1.37376,1.37341,1.37371
2021-04-07 23:00:00+00:00,gbpusd,1.37336,1.37371,1.37334,1.37345
2021-04-07 23:15:00+00:00,gbpusd,1.37366,1.37367,1.37335,1.37337
2021-04-07 23:30:00+00:00,gbpusd,1.37405,1.37418,1.37356,1.37367
2021-04-07 23:45:00+00:00,gbpusd,1.37417,1.37439,1.37404,1.37406
2021-04-08 00:00:00+00:00,gbpusd,1.37439,1.37447,1.37383,1.37416
2021-04-08 00:15:00+00:00,gbpusd,1.37422,1.37446,1.37388,1.3744
2021-04-08 00:30:00+00:00,gbpusd,1.37404,1.3743,1.37403,1.37421
2021-04-08 00:45:00+00:00,gbpusd,1.374,1.37438,1.3739,1.37405
2021-04-08 01:00:00+00:00,gbpusd,1.37372,1.37409,1.37358,1.37401
2021-04-08 01:15:00+00:00,gbpusd,1.37387,1.37388,1.37327,1.37373
2021-04-08 01:30:00+00:00,gbpusd,1.3745,1.37456,1.37384,1.37388
2021-04-08 01:45:00+00:00,gbpusd,1.37437,1.37477,1.37424,1.37451
2021-04-08 02:00:00+00:00,gbpusd,1.37486,1.37487,1.37424,1.37438
2021-04-08 02:15:00+00:00,gbpusd,1.37486,1.37487,1.37444,1.37485
2021-04-08 02:30:00+00:00,gbpusd,1.37516,1.37518,1.37472,1.37487
2021-04-08 02:45:00+00:00,gbpusd,1.37547,1.37561,1.37495,1.37515
2021-04-08 03:00:00+00:00,gbpusd,1.37592,1.37593,1.37548,1.37548
2021-04-08 03:15:00+00:00,gbpusd,1.37565,1.37606,1.37563,1.37593
2021-04-08 03:30:00+00:00,gbpusd,1.37564,1.37585,1.37552,1.37566
2021-04-08 03:45:00+00:00,gbpusd,1.3756,1.37574,1.37554,1.37565
2021-04-08 04:00:00+00:00,gbpusd,1.37575,1.37584,1.37561,1.37561
2021-04-08 04:15:00+00:00,gbpusd,1.37622,1.37634,1.37563,1.37576
2021-04-08 04:30:00+00:00,gbpusd,1.37563,1.37631,1.37553,1.37623
2021-04-08 04:45:00+00:00,gbpusd,1.37594,1.37595,1.37553,1.37564
2021-04-08 05:00:00+00:00,gbpusd,1.37598,1.37682,1.37594,1.37595
2021-04-08 05:15:00+00:00,gbpusd,1.37635,1.37635,1.37599,1.37599
2021-04-08 05:30:00+00:00,gbpusd,1.37649,1.37686,1.37625,1.37633
2021-04-08 05:45:00+00:00,gbpusd,1.3762,1.37674,1.37615,1.3765
2021-04-08 06:00:00+00:00,gbpusd,1.37656,1.37664,1.37584,1.37621
2021-04-08 06:15:00+00:00,gbpusd,1.37653,1.37708,1.37644,1.37656
2021-04-08 06:30:00+00:00,gbpusd,1.37635,1.37654,1.37537,1.37654
2021-04-08 06:45:00+00:00,gbpusd,1.37706,1.37707,1.37604,1.37634
2021-04-08 07:00:00+00:00,gbpusd,1.37775,1.37826,1.37664,1.37705
2021-04-08 07:15:00+00:00,gbpusd,1.37663,1.37808,1.37633,1.37776
2021-04-08 07:30:00+00:00,gbpusd,1.37676,1.37685,1.37604,1.37662
2021-04-08 07:45:00+00:00,gbpusd,1.37643,1.37695,1.37582,1.37675
2021-04-08 08:00:00+00:00,gbpusd,1.37393,1.37655,1.37378,1.37641
2021-04-08 08:15:00+00:00,gbpusd,1.37395,1.37488,1.37352,1.37392
2021-04-08 08:30:00+00:00,gbpusd,1.37386,1.37466,1.37335,1.37394
2021-04-08 08:45:00+00:00,gbpusd,1.37264,1.37385,1.37186,1.37385
2021-04-08 09:00:00+00:00,gbpusd,1.37424,1.37427,1.37254,1.37265
2021-04-08 09:15:00+00:00,gbpusd,1.3736,1.37426,1.37324,1.37422
2021-04-08 09:30:00+00:00,gbpusd,1.37411,1.37471,1.37355,1.37359
2021-04-08 09:45:00+00:00,gbpusd,1.37403,1.37455,1.37384,1.3741
2021-04-08 10:00:00+00:00,gbpusd,1.37501,1.37514,1.37345,1.37404
2021-04-08 10:15:00+00:00,gbpusd,1.37454,1.37534,1.37428,1.375
2021-04-08 10:30:00+00:00,gbpusd,1.37449,1.37471,1.3741,1.37453
2021-04-08 10:45:00+00:00,gbpusd,1.37398,1.37511,1.37394,1.3745
2021-04-08 11:00:00+00:00,gbpusd,1.37408,1.37426,1.37352,1.37397
2021-04-08 11:15:00+00:00,gbpusd,1.37469,1.37486,1.3736,1.37407
2021-04-08 11:30:00+00:00,gbpusd,1.37582,1.37595,1.37425,1.3747
2021-04-08 11:45:00+00:00,gbpusd,1.37662,1.37705,1.37565,1.37583
2021-04-08 12:00:00+00:00,gbpusd,1.37608,1.37688,1.37563,1.37661
2021-04-08 12:15:00+00:00,gbpusd,1.3765,1.37661,1.37562,1.37607
2021-04-08 12:30:00+00:00,gbpusd,1.3763,1.37719,1.37583,1.37649
2021-04-08 12:45:00+00:00,gbpusd,1.37671,1.37739,1.37571,1.37631
2021-04-08 13:00:00+00:00,gbpusd,1.37595,1.37703,1.37584,1.37672
2021-04-08 13:15:00+00:00,gbpusd,1.37581,1.3767,1.37575,1.37596
2021-04-08 13:30:00+00:00,gbpusd,1.3753,1.37583,1.3738,1.37583
2021-04-08 13:45:00+00:00,gbpusd,1.37574,1.37639,1.37443,1.37531
2021-04-08 14:00:00+00:00,gbpusd,1.37588,1.37653,1.37524,1.37565
2021-04-08 14:15:00+00:00,gbpusd,1.37548,1.37664,1.37534,1.37587
2021-04-08 14:30:00+00:00,gbpusd,1.37553,1.37598,1.37484,1.37547
2021-04-08 14:45:00+00:00,gbpusd,1.37302,1.37562,1.37229,1.37554
2021-04-08 15:00:00+00:00,gbpusd,1.37418,1.37431,1.373,1.37354
2021-04-08 15:15:00+00:00,gbpusd,1.37384,1.37417,1.37313,1.37417
2021-04-08 15:30:00+00:00,gbpusd,1.37427,1.37434,1.37341,1.37385
2021-04-08 15:45:00+00:00,gbpusd,1.3738,1.37454,1.37373,1.37426
2021-04-08 16:00:00+00:00,gbpusd,1.37475,1.37481,1.37377,1.37379
2021-04-08 16:15:00+00:00,gbpusd,1.37465,1.37488,1.37431,1.37474
2021-04-08 16:30:00+00:00,gbpusd,1.37455,1.37504,1.37436,1.37466
2021-04-08 16:45:00+00:00,gbpusd,1.37402,1.3747,1.37393,1.37456
2021-04-08 17:00:00+00:00,gbpusd,1.37434,1.37463,1.37397,1.37403
2021-04-08 17:15:00+00:00,gbpusd,1.37413,1.37438,1.37381,1.37433
2021-04-08 17:30:00+00:00,gbpusd,1.37421,1.37432,1.37404,1.37414
2021-04-08 17:45:00+00:00,gbpusd,1.37333,1.3742,1.37323,1.37419
2021-04-08 18:00:00+00:00,gbpusd,1.37362,1.37369,1.3728,1.37332
2021-04-08 18:15:00+00:00,gbpusd,1.37432,1.37434,1.37356,1.37361
2021-04-08 18:30:00+00:00,gbpusd,1.37366,1.37431,1.37364,1.37431
2021-04-08 18:45:00+00:00,gbpusd,1.37371,1.37385,1.3735,1.37365
2021-04-08 19:00:00+00:00,gbpusd,1.37349,1.37386,1.37344,1.3737
2021-04-08 19:15:00+00:00,gbpusd,1.37382,1.37398,1.37345,1.37348
2021-04-08 19:30:00+00:00,gbpusd,1.37345,1.37384,1.37333,1.37383
2021-04-08 19:45:00+00:00,gbpusd,1.37298,1.37357,1.37293,1.37346
2021-04-08 20:00:00+00:00,gbpusd,1.37344,1.37348,1.37288,1.37299
2021-04-08 20:15:00+00:00,gbpusd,1.37336,1.37347,1.37325,1.37345
2021-04-08 20:30:00+00:00,gbpusd,1.37354,1.37357,1.37322,1.37335
2021-04-08 20:45:00+00:00,gbpusd,1.37345,1.37373,1.3733,1.37355
2021-04-08 21:00:00+00:00,gbpusd,1.37369,1.37369,1.37326,1.37343
2021-04-08 21:15:00+00:00,gbpusd,1.3734,1.37376,1.37326,1.37361
2021-04-08 21:30:00+00:00,gbpusd,1.37361,1.37363,1.37336,1.37337
2021-04-08 21:45:00+00:00,gbpusd,1.3734,1.37364,1.37337,1.37362
2021-04-08 22:00:00+00:00,gbpusd,1.37308,1.37351,1.37306,1.37339
2021-04-08 22:15:00+00:00,gbpusd,1.3724,1.37317,1.37238,1.37309
2021-04-08 22:30:00+00:00,gbpusd,1.37314,1.37316,1.37225,1.37239
2021-04-08 22:45:00+00:00,gbpusd,1.37337,1.37358,1.3731,1.37313
2021-04-08 23:00:00+00:00,gbpusd,1.37361,1.37368,1.37316,1.37338
2021-04-08 23:15:00+00:00,gbpusd,1.37345,1.37377,1.37336,1.3736
2021-04-08 23:30:00+00:00,gbpusd,1.37352,1.37374,1.37338,1.37344
2021-04-08 23:45:00+00:00,gbpusd,1.37337,1.37358,1.37334,1.37353
2021-04-09 00:00:00+00:00,gbpusd,1.3741,1.37427,1.37328,1.37338
2021-04-09 00:15:00+00:00,gbpusd,1.37415,1.37428,1.37404,1.37409
2021-04-09 00:30:00+00:00,gbpusd,1.37471,1.37488,1.37412,1.37416
2021-04-09 00:45:00+00:00,gbpusd,1.37485,1.375,1.37446,1.37473
2021-04-09 01:00:00+00:00,gbpusd,1.37475,1.37508,1.37465,1.37486
2021-04-09 01:15:00+00:00,gbpusd,1.37445,1.37485,1.37417,1.37476
2021-04-09 01:30:00+00:00,gbpusd,1.37356,1.37445,1.37345,1.37444
2021-04-09 01:45:00+00:00,gbpusd,1.37444,1.37447,1.37336,1.37357
2021-04-09 02:00:00+00:00,gbpusd,1.37366,1.37445,1.37354,1.37445
2021-04-09 02:15:00+00:00,gbpusd,1.37365,1.37385,1.37355,1.37365
2021-04-09 02:30:00+00:00,gbpusd,1.37401,1.37401,1.37355,1.37366
2021-04-09 02:45:00+00:00,gbpusd,1.37354,1.37405,1.37354,1.37402
2021-04-09 03:00:00+00:00,gbpusd,1.3731,1.37359,1.37294,1.37355
2021-04-09 03:15:00+00:00,gbpusd,1.37371,1.37371,1.37304,1.37309
2021-04-09 03:30:00+00:00,gbpusd,1.37382,1.37386,1.37354,1.37372
2021-04-09 03:45:00+00:00,gbpusd,1.37373,1.37382,1.37347,1.37381
2021-04-09 04:00:00+00:00,gbpusd,1.37338,1.37376,1.37325,1.37375
2021-04-09 04:15:00+00:00,gbpusd,1.37347,1.37349,1.37324,1.37339
2021-04-09 04:30:00+00:00,gbpusd,1.37345,1.3735,1.37325,1.37348
2021-04-09 04:45:00+00:00,gbpusd,1.37336,1.37361,1.37334,1.37346
2021-04-09 05:00:00+00:00,gbpusd,1.37267,1.37348,1.37263,1.37335
2021-04-09 05:15:00+00:00,gbpusd,1.37256,1.37302,1.37255,1.37266
2021-04-09 05:30:00+00:00,gbpusd,1.37167,1.37271,1.37156,1.37257
2021-04-09 05:45:00+00:00,gbpusd,1.37049,1.37167,1.37035,1.37166
2021-04-09 06:00:00+00:00,gbpusd,1.37105,1.37127,1.3703,1.3705
2021-04-09 06:15:00+00:00,gbpusd,1.36987,1.37117,1.36987,1.37105
2021-04-09 06:30:00+00:00,gbpusd,1.36769,1.36986,1.36704,1.36986
2021-04-09 06:45:00+00:00,gbpusd,1.36793,1.3687,1.36757,1.3677
2021-04-09 07:00:00+00:00,gbpusd,1.36906,1.36911,1.36769,1.36791
2021-04-09 07:15:00+00:00,gbpusd,1.36976,1.37005,1.36854,1.36907
2021-04-09 07:30:00+00:00,gbpusd,1.36941,1.36983,1.36884,1.36975
2021-04-09 07:45:00+00:00,gbpusd,1.37035,1.37047,1.36935,1.3694
2021-04-09 08:00:00+00:00,gbpusd,1.36933,1.37058,1.3691,1.37034
2021-04-09 08:15:00+00:00,gbpusd,1.37056,1.37075,1.36914,1.36934
2021-04-09 08:30:00+00:00,gbpusd,1.37045,1.37096,1.37015,1.37055
2021-04-09 08:45:00+00:00,gbpusd,1.37125,1.37196,1.37026,1.37046
2021-04-09 09:00:00+00:00,gbpusd,1.37124,1.37125,1.37067,1.37124
2021-04-09 09:15:00+00:00,gbpusd,1.37098,1.37149,1.37043,1.37123
2021-04-09 09:30:00+00:00,gbpusd,1.37085,1.37134,1.37083,1.37097
2021-04-09 09:45:00+00:00,gbpusd,1.37003,1.3713,1.37003,1.37084
2021-04-09 10:00:00+00:00,gbpusd,1.37023,1.3704,1.36963,1.37002
2021-04-09 10:15:00+00:00,gbpusd,1.37065,1.37067,1.36965,1.37022
2021-04-09 10:30:00+00:00,gbpusd,1.37178,1.37207,1.37056,1.37066
2021-04-09 10:45:00+00:00,gbpusd,1.37153,1.3726,1.37145,1.37179
2021-04-09 11:00:00+00:00,gbpusd,1.37247,1.37268,1.371,1.37152
2021-04-09 11:15:00+00:00,gbpusd,1.37205,1.37284,1.37195,1.37248
2021-04-09 11:30:00+00:00,gbpusd,1.37189,1.37251,1.37183,1.37206
2021-04-09 11:45:00+00:00,gbpusd,1.37205,1.37263,1.37174,1.3719
2021-04-09 12:00:00+00:00,gbpusd,1.37182,1.37229,1.37162,1.37204
2021-04-09 12:15:00+00:00,gbpusd,1.37074,1.37192,1.37015,1.37183
2021-04-09 12:30:00+00:00,gbpusd,1.37038,1.37134,1.37031,1.37075
2021-04-09 12:45:00+00:00,gbpusd,1.37172,1.37187,1.36963,1.37037
2021-04-09 13:00:00+00:00,gbpusd,1.37173,1.37234,1.37129,1.37171
2021-04-09 13:15:00+00:00,gbpusd,1.37323,1.37349,1.37152,1.37174
2021-04-09 13:30:00+00:00,gbpusd,1.37353,1.37448,1.37316,1.37324
2021-04-09 13:45:00+00:00,gbpusd,1.37316,1.37383,1.37306,1.37354
2021-04-09 14:00:00+00:00,gbpusd,1.37348,1.37372,1.3729,1.37314
2021-04-09 14:15:00+00:00,gbpusd,1.37328,1.37436,1.37327,1.37349
2021-04-09 14:30:00+00:00,gbpusd,1.37292,1.37351,1.37272,1.37327
2021-04-09 14:45:00+00:00,gbpusd,1.37295,1.37423,1.37187,1.37291
2021-04-09 15:00:00+00:00,gbpusd,1.37279,1.37362,1.3727,1.37294
2021-04-09 15:15:00+00:00,gbpusd,1.37239,1.37324,1.37223,1.3728
2021-04-09 15:30:00+00:00,gbpusd,1.37249,1.37274,1.37222,1.37238
2021-04-09 15:45:00+00:00,gbpusd,1.37312,1.37324,1.3724,1.3725
2021-04-09 16:00:00+00:00,gbpusd,1.37272,1.37341,1.37261,1.37313
2021-04-09 16:15:00+00:00,gbpusd,1.37302,1.37303,1.37256,1.37273
2021-04-09 16:30:00+00:00,gbpusd,1.37293,1.37313,1.37259,1.37303
2021-04-09 16:45:00+00:00,gbpusd,1.37266,1.37297,1.37249,1.37292
2021-04-09 17:00:00+00:00,gbpusd,1.37273,1.37273,1.37242,1.37265
2021-04-09 17:15:00+00:00,gbpusd,1.3729,1.37326,1.37272,1.37272
2021-04-09 17:30:00+00:00,gbpusd,1.37299,1.37324,1.37283,1.37291
2021-04-09 17:45:00+00:00,gbpusd,1.37248,1.37309,1.37247,1.373
2021-04-09 18:00:00+00:00,gbpusd,1.37207,1.37249,1.37196,1.37247
2021-04-09 18:15:00+00:00,gbpusd,1.37169,1.37208,1.37169,1.37208
2021-04-09 18:30:00+00:00,gbpusd,1.37159,1.3718,1.37129,1.3717
2021-04-09 18:45:00+00:00,gbpusd,1.3715,1.37196,1.37138,1.37158
2021-04-09 19:00:00+00:00,gbpusd,1.37136,1.37173,1.37132,1.37149
2021-04-09 19:15:00+00:00,gbpusd,1.37142,1.37153,1.37122,1.37135
2021-04-09 19:30:00+00:00,gbpusd,1.37151,1.37162,1.37137,1.37143
2021-04-09 19:45:00+00:00,gbpusd,1.37103,1.37165,1.37103,1.3715
2021-04-09 20:00:00+00:00,gbpusd,1.37104,1.37114,1.37072,1.37104
2021-04-09 20:15:00+00:00,gbpusd,1.37105,1.37106,1.37092,1.37103
2021-04-09 20:30:00+00:00,gbpusd,1.37042,1.37121,1.37032,1.37106
2021-04-09 20:45:00+00:00,gbpusd,1.3708,1.3708,1.37022,1.37043
2021-04-11 21:00:00+00:00,gbpusd,1.37141,1.37149,1.37082,1.37105
2021-04-11 21:15:00+00:00,gbpusd,1.37058,1.37156,1.3704,1.3714
2021-04-11 21:30:00+00:00,gbpusd,1.37071,1.3708,1.37025,1.37054
2021-04-11 21:45:00+00:00,gbpusd,1.37046,1.37087,1.37011,1.3707
2021-04-11 22:00:00+00:00,gbpusd,1.37062,1.37077,1.37036,1.37044
2021-04-11 22:15:00+00:00,gbpusd,1.37072,1.37076,1.37063,1.37063
2021-04-11 22:30:00+00:00,gbpusd,1.37059,1.3708,1.37048,1.37071
2021-04-11 22:45:00+00:00,gbpusd,1.37072,1.37096,1.37051,1.3706
2021-04-11 23:00:00+00:00,gbpusd,1.37084,1.37102,1.37064,1.37071
2021-04-11 23:15:00+00:00,gbpusd,1.37096,1.37104,1.37075,1.37085
2021-04-11 23:30:00+00:00,gbpusd,1.37114,1.37122,1.37081,1.37095
2021-04-11 23:45:00+00:00,gbpusd,1.37077,1.37143,1.37074,1.37113
2021-04-12 00:00:00+00:00,gbpusd,1.37064,1.371,1.37031,1.37076
2021-04-12 00:15:00+00:00,gbpusd,1.37077,1.37094,1.37057,1.37063
2021-04-12 00:30:00+00:00,gbpusd,1.37127,1.37134,1.37076,1.37076
2021-04-12 00:45:00+00:00,gbpusd,1.37094,1.3713,1.37059,1.37128
2021-04-12 01:00:00+00:00,gbpusd,1.37052,1.37095,1.37047,1.37093
2021-04-12 01:15:00+00:00,gbpusd,1.37004,1.37066,1.36997,1.370515
2021-04-12 01:30:00+00:00,gbpusd,1.36986,1.37022,1.36911,1.37003
2021-04-12 01:45:00+00:00,gbpusd,1.36897,1.36996,1.36882,1.36987
2021-04-12 02:00:00+00:00,gbpusd,1.36862,1.36913,1.36841,1.36897
2021-04-12 02:15:00+00:00,gbpusd,1.36876,1.3691,1.36811,1.36862
2021-04-12 02:30:00+00:00,gbpusd,1.36833,1.36895,1.36825,1.36875
2021-04-12 02:45:00+00:00,gbpusd,1.36878,1.36889,1.36822,1.36832
2021-04-12 03:00:00+00:00,gbpusd,1.36822,1.36878,1.3682,1.36877
2021-04-12 03:15:00+00:00,gbpusd,1.368925,1.36894,1.36821,1.36821
2021-04-12 03:30:00+00:00,gbpusd,1.36887,1.36894,1.36865,1.36892
2021-04-12 03:45:00+00:00,gbpusd,1.36903,1.36903,1.3687,1.36886
2021-04-12 04:00:00+00:00,gbpusd,1.36909,1.36923,1.36899,1.36904
2021-04-12 04:15:00+00:00,gbpusd,1.36935,1.36935,1.36869,1.36908
2021-04-12 04:30:00+00:00,gbpusd,1.36853,1.36942,1.36853,1.36934
2021-04-12 04:45:00+00:00,gbpusd,1.36821,1.36859,1.36819,1.36852
2021-04-12 05:00:00+00:00,gbpusd,1.36721,1.36822,1.36693,1.36822
2021-04-12 05:15:00+00:00,gbpusd,1.36742,1.36769,1.36711,1.3672
2021-04-12 05:30:00+00:00,gbpusd,1.36813,1.36814,1.3673,1.36741
2021-04-12 05:45:00+00:00,gbpusd,1.36913,1.36944,1.36812,1.36812
2021-04-12 06:00:00+00:00,gbpusd,1.36916,1.36934,1.36802,1.36914
2021-04-12 06:15:00+00:00,gbpusd,1.37053,1.37105,1.36879,1.36915
2021-04-12 06:30:00+00:00,gbpusd,1.37079,1.37103,1.37008,1.37054
2021-04-12 06:45:00+00:00,gbpusd,1.37103,1.37143,1.37043,1.3708
2021-04-12 07:00:00+00:00,gbpusd,1.37205,1.37248,1.37065,1.37102
2021-04-12 07:15:00+00:00,gbpusd,1.37183,1.37285,1.37142,1.37206
2021-04-12 07:30:00+00:00,gbpusd,1.37256,1.37346,1.37174,1.37182
2021-04-12 07:45:00+00:00,gbpusd,1.37284,1.37364,1.37233,1.37257
2021-04-12 08:00:00+00:00,gbpusd,1.37443,1.37471,1.37283,1.37283
2021-04-12 08:15:00+00:00,gbpusd,1.37389,1.37476,1.37385,1.37444
2021-04-12 08:30:00+00:00,gbpusd,1.37423,1.37442,1.3739,1.3739
2021-04-12 08:45:00+00:00,gbpusd,1.3741,1.37473,1.37408,1.37424
2021-04-12 09:00:00+00:00,gbpusd,1.37475,1.37479,1.37411,1.37411
2021-04-12 09:15:00+00:00,gbpusd,1.3751,1.37539,1.37454,1.37474
2021-04-12 09:30:00+00:00,gbpusd,1.37447,1.37519,1.37403,1.37509
2021-04-12 09:45:00+00:00,gbpusd,1.37363,1.37453,1.37339,1.37446
2021-04-12 10:00:00+00:00,gbpusd,1.37482,1.37492,1.37346,1.37364
2021-04-12 10:15:00+00:00,gbpusd,1.37498,1.37502,1.37413,1.37483
2021-04-12 10:30:00+00:00,gbpusd,1.37603,1.37609,1.37492,1.37499
2021-04-12 10:45:00+00:00,gbpusd,1.37602,1.37642,1.37556,1.37602
2021-04-12 11:00:00+00:00,gbpusd,1.37638,1.37689,1.37597,1.37603
2021-04-12 11:15:00+00:00,gbpusd,1.37621,1.37668,1.37609,1.37639
2021-04-12 11:30:00+00:00,gbpusd,1.37631,1.3766,1.37596,1.3762
2021-04-12 11:45:00+00:00,gbpusd,1.37625,1.37669,1.3762,1.37632
2021-04-12 12:00:00+00:00,gbpusd,1.37589,1.37661,1.37582,1.37626
2021-04-12 12:15:00+00:00,gbpusd,1.3755,1.37625,1.3754,1.37591
2021-04-12 12:30:00+00:00,gbpusd,1.37721,1.37721,1.3753,1.37549
2021-04-12 12:45:00+00:00,gbpusd,1.3767,1.37769,1.3766,1.37724
2021-04-12 13:00:00+00:00,gbpusd,1.37561,1.37689,1.37538,1.37671
2021-04-12 13:15:00+00:00,gbpusd,1.37489,1.37602,1.37466,1.37562
2021-04-12 13:30:00+00:00,gbpusd,1.37525,1.37541,1.37459,1.3749
2021-04-12 13:45:00+00:00,gbpusd,1.37479,1.37532,1.37401,1.37524
2021-04-12 14:00:00+00:00,gbpusd,1.37462,1.37495,1.37441,1.3748
2021-04-12 14:15:00+00:00,gbpusd,1.37452,1.37499,1.37431,1.37461
2021-04-12 14:30:00+00:00,gbpusd,1.37321,1.37471,1.37321,1.37453
2021-04-12 14:45:00+00:00,gbpusd,1.37433,1.37453,1.37314,1.3732
2021-04-12 15:00:00+00:00,gbpusd,1.3741,1.37493,1.37392,1.37428
2021-04-12 15:15:00+00:00,gbpusd,1.37461,1.37487,1.37384,1.37409
2021-04-12 15:30:00+00:00,gbpusd,1.3748,1.37516,1.37458,1.37462
2021-04-12 15:45:00+00:00,gbpusd,1.37404,1.37486,1.37402,1.37479
2021-04-12 16:00:00+00:00,gbpusd,1.3741,1.37422,1.37381,1.37405
2021-04-12 16:15:00+00:00,gbpusd,1.37467,1.37472,1.37389,1.37411
2021-04-12 16:30:00+00:00,gbpusd,1.3746,1.37512,1.37451,1.37468
2021-04-12 16:45:00+00:00,gbpusd,1.37431,1.37475,1.37426,1.37461
2021-04-12 17:00:00+00:00,gbpusd,1.37429,1.37473,1.37404,1.37432
2021-04-12 17:15:00+00:00,gbpusd,1.37469,1.3747,1.37409,1.37428
2021-04-12 17:30:00+00:00,gbpusd,1.37436,1.37471,1.3742,1.3747
2021-04-12 17:45:00+00:00,gbpusd,1.37412,1.37461,1.3741,1.37435
2021-04-12 18:00:00+00:00,gbpusd,1.37411,1.37435,1.37398,1.37413
2021-04-12 18:15:00+00:00,gbpusd,1.37371,1.37421,1.37354,1.37412
2021-04-12 18:30:00+00:00,gbpusd,1.37421,1.37449,1.37362,1.37372
2021-04-12 18:45:00+00:00,gbpusd,1.3745,1.37459,1.3742,1.3742
2021-04-12 19:00:00+00:00,gbpusd,1.37372,1.37449,1.37372,1.37449
2021-04-12 19:15:00+00:00,gbpusd,1.37402,1.37404,1.37345,1.37371
2021-04-12 19:30:00+00:00,gbpusd,1.3743,1.37432,1.37376,1.37402
2021-04-12 19:45:00+00:00,gbpusd,1.37381,1.37442,1.37378,1.37429
2021-04-12 20:00:00+00:00,gbpusd,1.37422,1.37426,1.3738,1.3738
2021-04-12 20:15:00+00:00,gbpusd,1.37409,1.374615,1.37408,1.37423
2021-04-12 20:30:00+00:00,gbpusd,1.37439,1.37439,1.37401,1.37408
2021-04-12 20:45:00+00:00,gbpusd,1.37432,1.37463,1.37423,1.37438
2021-04-12 21:00:00+00:00,gbpusd,1.37409,1.3745,1.37404,1.37409
2021-04-12 21:15:00+00:00,gbpusd,1.37426,1.37459,1.37414,1.3743
2021-04-12 21:30:00+00:00,gbpusd,1.37416,1.37451,1.37395,1.37423
2021-04-12 21:45:00+00:00,gbpusd,1.3743,1.37437,1.3741,1.37417
2021-04-12 22:00:00+00:00,gbpusd,1.37431,1.37472,1.3741,1.37431
2021-04-12 22:15:00+00:00,gbpusd,1.3745,1.37471,1.3743,1.3743
2021-04-12 22:30:00+00:00,gbpusd,1.37464,1.37468,1.37442,1.37448
2021-04-12 22:45:00+00:00,gbpusd,1.37467,1.37471,1.37446,1.37463
2021-04-12 23:00:00+00:00,gbpusd,1.37468,1.37483,1.37444,1.37468
2021-04-12 23:15:00+00:00,gbpusd,1.37497,1.37498,1.37466,1.37467
2021-04-12 23:30:00+00:00,gbpusd,1.37539,1.37562,1.37496,1.37498
2021-04-12 23:45:00+00:00,gbpusd,1.37538,1.37554,1.37531,1.37541
2021-04-13 00:00:00+00:00,gbpusd,1.37434,1.37537,1.37402,1.37537
2021-04-13 00:15:00+00:00,gbpusd,1.37429,1.37437,1.37372,1.37433
2021-04-13 00:30:00+00:00,gbpusd,1.3745,1.37459,1.37428,1.3743
2021-04-13 00:45:00+00:00,gbpusd,1.37428,1.37459,1.37403,1.37451
2021-04-13 01:00:00+00:00,gbpusd,1.37392,1.37428,1.37341,1.37427
2021-04-13 01:15:00+00:00,gbpusd,1.37335,1.37402,1.37298,1.37393
2021-04-13 01:30:00+00:00,gbpusd,1.37331,1.37374,1.37313,1.37334
2021-04-13 01:45:00+00:00,gbpusd,1.37348,1.37378,1.37303,1.37332
2021-04-13 02:00:00+00:00,gbpusd,1.37389,1.37401,1.37342,1.37347
2021-04-13 02:15:00+00:00,gbpusd,1.37394,1.37402,1.37367,1.37388
2021-04-13 02:30:00+00:00,gbpusd,1.37363,1.37402,1.37349,1.37395
2021-04-13 02:45:00+00:00,gbpusd,1.37429,1.37444,1.37359,1.37364
2021-04-13 03:00:00+00:00,gbpusd,1.37418,1.37436,1.37389,1.3743
2021-04-13 03:15:00+00:00,gbpusd,1.37369,1.37421,1.37363,1.37419
2021-04-13 03:30:00+00:00,gbpusd,1.37333,1.37373,1.37315,1.3737
2021-04-13 03:45:00+00:00,gbpusd,1.3732,1.37343,1.37311,1.37332
2021-04-13 04:00:00+00:00,gbpusd,1.37348,1.37354,1.37313,1.37319
2021-04-13 04:15:00+00:00,gbpusd,1.37338,1.37354,1.37312,1.37347
2021-04-13 04:30:00+00:00,gbpusd,1.37313,1.37337,1.37313,1.37337
2021-04-13 04:45:00+00:00,gbpusd,1.37271,1.37328,1.37261,1.37314
2021-04-13 05:00:00+00:00,gbpusd,1.37295,1.37301,1.37261,1.3727
2021-04-13 05:15:00+00:00,gbpusd,1.37322,1.37333,1.37292,1.37294
2021-04-13 05:30:00+00:00,gbpusd,1.37355,1.37364,1.37304,1.37321
2021-04-13 05:45:00+00:00,gbpusd,1.37419,1.37436,1.37326,1.37354
2021-04-13 06:00:00+00:00,gbpusd,1.3753,1.37532,1.37345,1.3742
2021-04-13 06:15:00+00:00,gbpusd,1.37482,1.37541,1.37473,1.3753
2021-04-13 06:30:00+00:00,gbpusd,1.37521,1.37549,1.37471,1.37483
2021-04-13 06:45:00+00:00,gbpusd,1.37465,1.37551,1.37449,1.3752
2021-04-13 07:00:00+00:00,gbpusd,1.37486,1.3753,1.37397,1.37466
2021-04-13 07:15:00+00:00,gbpusd,1.37631,1.37645,1.37465,1.37485
2021-04-13 07:30:00+00:00,gbpusd,1.37602,1.37667,1.37559,1.37632
2021-04-13 07:45:00+00:00,gbpusd,1.37503,1.37635,1.3748,1.37603
2021-04-13 08:00:00+00:00,gbpusd,1.37592,1.37592,1.37463,1.37504
2021-04-13 08:15:00+00:00,gbpusd,1.37495,1.37616,1.37493,1.37591
2021-04-13 08:30:00+00:00,gbpusd,1.37542,1.37565,1.37491,1.37496
2021-04-13 08:45:00+00:00,gbpusd,1.3755,1.3756,1.37474,1.37543
2021-04-13 09:00:00+00:00,gbpusd,1.37574,1.37585,1.37494,1.37551
2021-04-13 09:15:00+00:00,gbpusd,1.37589,1.37643,1.37563,1.37573
2021-04-13 09:30:00+00:00,gbpusd,1.37662,1.3768,1.37587,1.37588
2021-04-13 09:45:00+00:00,gbpusd,1.37636,1.3769,1.37625,1.37663
2021-04-13 10:00:00+00:00,gbpusd,1.3753,1.37662,1.37521,1.37635
2021-04-13 10:15:00+00:00,gbpusd,1.37383,1.3755,1.3738,1.37531
2021-04-13 10:30:00+00:00,gbpusd,1.37349,1.37389,1.37306,1.37382
2021-04-13 10:45:00+00:00,gbpusd,1.37333,1.37424,1.37304,1.37348
2021-04-13 11:00:00+00:00,gbpusd,1.37252,1.37354,1.37194,1.37334
2021-04-13 11:15:00+00:00,gbpusd,1.37215,1.37265,1.37188,1.37253
2021-04-13 11:30:00+00:00,gbpusd,1.37242,1.37286,1.37204,1.37216
2021-04-13 11:45:00+00:00,gbpusd,1.37241,1.37257,1.37143,1.37241
2021-04-13 12:00:00+00:00,gbpusd,1.37211,1.37249,1.37167,1.3724
2021-04-13 12:15:00+00:00,gbpusd,1.37217,1.3725,1.37162,1.3721
2021-04-13 12:30:00+00:00,gbpusd,1.37407,1.37461,1.3714,1.37216
2021-04-13 12:45:00+00:00,gbpusd,1.37304,1.37458,1.37257,1.37404
2021-04-13 13:00:00+00:00,gbpusd,1.3716,1.37371,1.36945,1.37303
2021-04-13 13:15:00+00:00,gbpusd,1.37269,1.37274,1.37145,1.37161
2021-04-13 13:30:00+00:00,gbpusd,1.37425,1.37431,1.37256,1.3727
2021-04-13 13:45:00+00:00,gbpusd,1.3752,1.37538,1.37391,1.37426
2021-04-13 14:00:00+00:00,gbpusd,1.37458,1.37555,1.37366,1.37521
2021-04-13 14:15:00+00:00,gbpusd,1.37365,1.37458,1.37258,1.37457
2021-04-13 14:30:00+00:00,gbpusd,1.37338,1.37416,1.3725,1.37364
2021-04-13 14:45:00+00:00,gbpusd,1.373,1.37395,1.37291,1.37339
2021-04-13 15:00:00+00:00,gbpusd,1.37311,1.37367,1.37271,1.37299
2021-04-13 15:15:00+00:00,gbpusd,1.3738,1.37413,1.37309,1.37312
2021-04-13 15:30:00+00:00,gbpusd,1.37385,1.37413,1.37358,1.37382
2021-04-13 15:45:00+00:00,gbpusd,1.37415,1.37417,1.37369,1.37386
2021-04-13 16:00:00+00:00,gbpusd,1.37432,1.37446,1.37391,1.37416
2021-04-13 16:15:00+00:00,gbpusd,1.37413,1.37444,1.37383,1.37433
2021-04-13 16:30:00+00:00,gbpusd,1.37412,1.3745,1.37401,1.37414
2021-04-13 16:45:00+00:00,gbpusd,1.37374,1.37419,1.37364,1.37411
2021-04-13 17:00:00+00:00,gbpusd,1.37438,1.37463,1.37375,1.37375
2021-04-13 17:15:00+00:00,gbpusd,1.3748,1.3749,1.37434,1.37439
2021-04-13 17:30:00+00:00,gbpusd,1.37455,1.37515,1.37442,1.37481
2021-04-13 17:45:00+00:00,gbpusd,1.37443,1.37475,1.374,1.37456
2021-04-13 18:00:00+00:00,gbpusd,1.37481,1.37488,1.37429,1.37444
2021-04-13 18:15:00+00:00,gbpusd,1.37488,1.37506,1.37465,1.37482
2021-04-13 18:30:00+00:00,gbpusd,1.37459,1.37505,1.37446,1.37487
2021-04-13 18:45:00+00:00,gbpusd,1.37517,1.37521,1.37437,1.3746
2021-04-13 19:00:00+00:00,gbpusd,1.3749,1.37521,1.37481,1.37516
2021-04-13 19:15:00+00:00,gbpusd,1.37511,1.37522,1.3748,1.37489
2021-04-13 19:30:00+00:00,gbpusd,1.37561,1.37568,1.3751,1.3751
2021-04-13 19:45:00+00:00,gbpusd,1.37577,1.37579,1.37538,1.3756
2021-04-13 20:00:00+00:00,gbpusd,1.37551,1.37577,1.37528,1.37576
2021-04-13 20:15:00+00:00,gbpusd,1.3755,1.3756,1.3754,1.3755
2021-04-13 20:30:00+00:00,gbpusd,1.37531,1.37551,1.37522,1.37551
2021-04-13 20:45:00+00:00,gbpusd,1.37515,1.37536,1.37505,1.37529
2021-04-13 21:00:00+00:00,gbpusd,1.37502,1.37504,1.37497,1.37499
2021-04-13 21:15:00+00:00,gbpusd,1.37512,1.37516,1.37499,1.37506
2021-04-13 21:30:00+00:00,gbpusd,1.37513,1.3752,1.37509,1.37511
2021-04-13 21:45:00+00:00,gbpusd,1.37513,1.37515,1.37511,1.37512
2021-04-13 22:00:00+00:00,gbpusd,1.37525,1.37528,1.3751,1.37514
2021-04-13 22:15:00+00:00,gbpusd,1.37519,1.37528,1.37505,1.37526
2021-04-13 22:30:00+00:00,gbpusd,1.37528,1.37538,1.37517,1.37518
2021-04-13 22:45:00+00:00,gbpusd,1.37532,1.37541,1.37522,1.37529
2021-04-13 23:00:00+00:00,gbpusd,1.37553,1.3757,1.37533,1.37533
2021-04-13 23:15:00+00:00,gbpusd,1.37543,1.37553,1.3753,1.37552
2021-04-13 23:30:00+00:00,gbpusd,1.37542,1.37557,1.37531,1.37544
2021-04-13 23:45:00+00:00,gbpusd,1.37592,1.3763,1.3754,1.37541
2021-04-14 00:00:00+00:00,gbpusd,1.37601,1.37627,1.37581,1.37593
2021-04-14 00:15:00+00:00,gbpusd,1.37581,1.37624,1.37574,1.376
2021-04-14 00:30:00+00:00,gbpusd,1.37588,1.37595,1.37563,1.37582
2021-04-14 00:45:00+00:00,gbpusd,1.37521,1.37626,1.37516,1.37587
2021-04-14 01:00:00+00:00,gbpusd,1.37593,1.37596,1.37507,1.37522
2021-04-14 01:15:00+00:00,gbpusd,1.3758,1.37632,1.3758,1.37592
2021-04-14 01:30:00+00:00,gbpusd,1.37618,1.37622,1.375,1.37581
2021-04-14 01:45:00+00:00,gbpusd,1.3757,1.37662,1.37569,1.37619
2021-04-14 02:00:00+00:00,gbpusd,1.37543,1.37587,1.37522,1.37571
2021-04-14 02:15:00+00:00,gbpusd,1.37616,1.37643,1.37539,1.37544
2021-04-14 02:30:00+00:00,gbpusd,1.37657,1.37732,1.37612,1.37617
2021-04-14 02:45:00+00:00,gbpusd,1.37655,1.37731,1.37645,1.37658
2021-04-14 03:00:00+00:00,gbpusd,1.37672,1.37672,1.37625,1.37655
2021-04-14 03:15:00+00:00,gbpusd,1.37662,1.37722,1.3766,1.37671
2021-04-14 03:30:00+00:00,gbpusd,1.37681,1.37699,1.37661,1.37661
2021-04-14 03:45:00+00:00,gbpusd,1.37677,1.37683,1.37651,1.37682
2021-04-14 04:00:00+00:00,gbpusd,1.37714,1.37714,1.37679,1.37682
2021-04-14 04:15:00+00:00,gbpusd,1.37732,1.37744,1.377,1.37713
2021-04-14 04:30:00+00:00,gbpusd,1.3774,1.37748,1.37689,1.37731
2021-04-14 04:45:00+00:00,gbpusd,1.37696,1.37793,1.37694,1.37741
2021-04-14 05:00:00+00:00,gbpusd,1.37751,1.37786,1.37656,1.37697
2021-04-14 05:15:00+00:00,gbpusd,1.37811,1.37812,1.37731,1.3775
2021-04-14 05:30:00+00:00,gbpusd,1.37712,1.37819,1.3771,1.37812
2021-04-14 05:45:00+00:00,gbpusd,1.37759,1.37774,1.37705,1.37711
2021-04-14 06:00:00+00:00,gbpusd,1.3781,1.37836,1.37757,1.3776
2021-04-14 06:15:00+00:00,gbpusd,1.37853,1.37919,1.37805,1.3781
2021-04-14 06:30:00+00:00,gbpusd,1.37924,1.37956,1.3785,1.37852
2021-04-14 06:45:00+00:00,gbpusd,1.37996,1.37998,1.37905,1.37923
2021-04-14 07:00:00+00:00,gbpusd,1.37963,1.37997,1.3789,1.37995
2021-04-14 07:15:00+00:00,gbpusd,1.37984,1.37996,1.3794,1.37964
2021-04-14 07:30:00+00:00,gbpusd,1.37928,1.38002,1.37881,1.37983
2021-04-14 07:45:00+00:00,gbpusd,1.37838,1.37945,1.37799,1.37927
2021-04-14 08:00:00+00:00,gbpusd,1.37925,1.37961,1.37813,1.37837
2021-04-14 08:15:00+00:00,gbpusd,1.37973,1.38009,1.37923,1.37926
2021-04-14 08:30:00+00:00,gbpusd,1.38038,1.38087,1.37974,1.37974
2021-04-14 08:45:00+00:00,gbpusd,1.37953,1.38041,1.37937,1.38039
2021-04-14 09:00:00+00:00,gbpusd,1.3792,1.37971,1.37888,1.37952
2021-04-14 09:15:00+00:00,gbpusd,1.37849,1.37925,1.37804,1.37921
2021-04-14 09:30:00+00:00,gbpusd,1.37699,1.37862,1.37691,1.37848
2021-04-14 09:45:00+00:00,gbpusd,1.37702,1.37749,1.37652,1.37697
2021-04-14 10:00:00+00:00,gbpusd,1.37747,1.37762,1.37668,1.37701
2021-04-14 10:15:00+00:00,gbpusd,1.37667,1.3778,1.37627,1.37746
2021-04-14 10:30:00+00:00,gbpusd,1.37596,1.37671,1.37568,1.37666
2021-04-14 10:45:00+00:00,gbpusd,1.3759,1.37618,1.37564,1.37595
2021-04-14 11:00:00+00:00,gbpusd,1.37634,1.3764,1.37557,1.37589
2021-04-14 11:15:00+00:00,gbpusd,1.37614,1.37684,1.37604,1.37633
2021-04-14 11:30:00+00:00,gbpusd,1.37638,1.37648,1.37557,1.37613
2021-04-14 11:45:00+00:00,gbpusd,1.37548,1.3765,1.37547,1.37637
2021-04-14 12:00:00+00:00,gbpusd,1.37645,1.37652,1.37509,1.37547
2021-04-14 12:15:00+00:00,gbpusd,1.37623,1.37646,1.37552,1.37646
2021-04-14 12:30:00+00:00,gbpusd,1.37645,1.37659,1.37615,1.37622
2021-04-14 12:45:00+00:00,gbpusd,1.37542,1.37645,1.37529,1.37644
2021-04-14 13:00:00+00:00,gbpusd,1.37617,1.37624,1.37534,1.37543
2021-04-14 13:15:00+00:00,gbpusd,1.37764,1.37765,1.37558,1.37616
2021-04-14 13:30:00+00:00,gbpusd,1.37912,1.37975,1.37732,1.37762
2021-04-14 13:45:00+00:00,gbpusd,1.37792,1.37914,1.37763,1.37914
2021-04-14 14:00:00+00:00,gbpusd,1.37778,1.3782,1.3775,1.37793
2021-04-14 14:15:00+00:00,gbpusd,1.37743,1.37802,1.37723,1.37779
2021-04-14 14:30:00+00:00,gbpusd,1.37902,1.3792,1.37744,1.37744
2021-04-14 14:45:00+00:00,gbpusd,1.37792,1.37944,1.37753,1.37903
2021-04-14 15:00:00+00:00,gbpusd,1.37915,1.37916,1.3778,1.37806
2021-04-14 15:15:00+00:00,gbpusd,1.37941,1.37942,1.3788,1.37914
2021-04-14 15:30:00+00:00,gbpusd,1.3797,1.37994,1.37932,1.37942
2021-04-14 15:45:00+00:00,gbpusd,1.37894,1.37989,1.37891,1.37971
2021-04-14 16:00:00+00:00,gbpusd,1.37881,1.37933,1.3786,1.37895
2021-04-14 16:15:00+00:00,gbpusd,1.37881,1.37975,1.37873,1.3788
2021-04-14 16:30:00+00:00,gbpusd,1.37924,1.37937,1.37873,1.37882
2021-04-14 16:45:00+00:00,gbpusd,1.37965,1.37983,1.3792,1.37923
2021-04-14 17:00:00+00:00,gbpusd,1.37942,1.37972,1.37923,1.37964
2021-04-14 17:15:00+00:00,gbpusd,1.37952,1.37961,1.37919,1.37941
2021-04-14 17:30:00+00:00,gbpusd,1.37934,1.37953,1.37909,1.37951
2021-04-14 17:45:00+00:00,gbpusd,1.37843,1.37944,1.37834,1.37935
2021-04-14 18:00:00+00:00,gbpusd,1.37825,1.37852,1.37791,1.37844
2021-04-14 18:15:00+00:00,gbpusd,1.37871,1.37887,1.37822,1.37824
2021-04-14 18:30:00+00:00,gbpusd,1.37871,1.3791,1.37859,1.37872
2021-04-14 18:45:00+00:00,gbpusd,1.37793,1.37879,1.37786,1.3787
2021-04-14 19:00:00+00:00,gbpusd,1.37828,1.37831,1.37787,1.37794
2021-04-14 19:15:00+00:00,gbpusd,1.37833,1.37845,1.37807,1.37832
2021-04-14 19:30:00+00:00,gbpusd,1.3783,1.37841,1.37793,1.37832
2021-04-14 19:45:00+00:00,gbpusd,1.37841,1.37845,1.3779,1.37831
2021-04-14 20:00:00+00:00,gbpusd,1.37798,1.3784,1.37792,1.3784
2021-04-14 20:15:00+00:00,gbpusd,1.37793,1.378,1.3777,1.37797
2021-04-14 20:30:00+00:00,gbpusd,1.37773,1.37803,1.37771,1.37795
2021-04-14 20:45:00+00:00,gbpusd,1.37788,1.37794,1.3775,1.37772
2021-04-14 21:00:00+00:00,gbpusd,1.37806,1.37821,1.37773,1.37778
2021-04-14 21:15:00+00:00,gbpusd,1.37807,1.37811,1.37763,1.37811
2021-04-14 21:30:00+00:00,gbpusd,1.37794,1.3781,1.37775,1.3781
2021-04-14 21:45:00+00:00,gbpusd,1.37797,1.37814,1.37788,1.37795
2021-04-14 22:00:00+00:00,gbpusd,1.37817,1.3784,1.37791,1.37796
2021-04-14 22:15:00+00:00,gbpusd,1.37818,1.37831,1.37804,1.37818
2021-04-14 22:30:00+00:00,gbpusd,1.37791,1.37817,1.37791,1.37817
2021-04-14 22:45:00+00:00,gbpusd,1.37772,1.37793,1.3775,1.37792
2021-04-14 23:00:00+00:00,gbpusd,1.37777,1.37783,1.37754,1.37773
2021-04-14 23:15:00+00:00,gbpusd,1.37755,1.37776,1.37754,1.37776
2021-04-14 23:30:00+00:00,gbpusd,1.37789,1.37791,1.37756,1.37756
2021-04-14 23:45:00+00:00,gbpusd,1.37781,1.37803,1.37778,1.37788
2021-04-15 00:00:00+00:00,gbpusd,1.37837,1.37854,1.37763,1.37779
2021-04-15 00:15:00+00:00,gbpusd,1.37813,1.37846,1.37798,1.37838
2021-04-15 00:30:00+00:00,gbpusd,1.37862,1.37874,1.37796,1.37812
2021-04-15 00:45:00+00:00,gbpusd,1.37911,1.37924,1.37847,1.37861
2021-04-15 01:00:00+00:00,gbpusd,1.37897,1.37948,1.37883,1.3791
2021-04-15 01:15:00+00:00,gbpusd,1.3786,1.37926,1.37837,1.37896
2021-04-15 01:30:00+00:00,gbpusd,1.37756,1.37883,1.37736,1.37861
2021-04-15 01:45:00+00:00,gbpusd,1.37728,1.37756,1.37676,1.37755
2021-04-15 02:00:00+00:00,gbpusd,1.37747,1.37747,1.37705,1.37727
2021-04-15 02:15:00+00:00,gbpusd,1.3773,1.37753,1.37708,1.37746
2021-04-15 02:30:00+00:00,gbpusd,1.37746,1.37773,1.37722,1.37729
2021-04-15 02:45:00+00:00,gbpusd,1.37732,1.37782,1.37725,1.37745
2021-04-15 03:00:00+00:00,gbpusd,1.37736,1.37757,1.37726,1.37731
2021-04-15 03:15:00+00:00,gbpusd,1.37759,1.37774,1.37718,1.37735
2021-04-15 03:30:00+00:00,gbpusd,1.37725,1.37763,1.37717,1.37758
2021-04-15 03:45:00+00:00,gbpusd,1.37725,1.37747,1.37696,1.37724
2021-04-15 04:00:00+00:00,gbpusd,1.37714,1.37726,1.37692,1.37726
2021-04-15 04:15:00+00:00,gbpusd,1.3774,1.37748,1.37712,1.37712
2021-04-15 04:30:00+00:00,gbpusd,1.37726,1.37753,1.37714,1.37739
2021-04-15 04:45:00+00:00,gbpusd,1.37664,1.37727,1.37651,1.37724
2021-04-15 05:00:00+00:00,gbpusd,1.377,1.37739,1.37653,1.37665
2021-04-15 05:15:00+00:00,gbpusd,1.37698,1.37712,1.37656,1.37701
2021-04-15 05:30:00+00:00,gbpusd,1.37715,1.37729,1.37675,1.37697
2021-04-15 05:45:00+00:00,gbpusd,1.37744,1.37809,1.37708,1.37716
2021-04-15 06:00:00+00:00,gbpusd,1.37822,1.37826,1.37675,1.37743
2021-04-15 06:15:00+00:00,gbpusd,1.37779,1.37857,1.37779,1.37823
2021-04-15 06:30:00+00:00,gbpusd,1.37826,1.37833,1.37749,1.37778
2021-04-15 06:45:00+00:00,gbpusd,1.37771,1.37847,1.37765,1.37825
2021-04-15 07:00:00+00:00,gbpusd,1.3786,1.37915,1.37771,1.37772
2021-04-15 07:15:00+00:00,gbpusd,1.37933,1.37987,1.37856,1.37862
2021-04-15 07:30:00+00:00,gbpusd,1.37899,1.3795,1.37879,1.37934
2021-04-15 07:45:00+00:00,gbpusd,1.379325,1.37961,1.37894,1.379
2021-04-15 08:00:00+00:00,gbpusd,1.37929,1.37935,1.37882,1.37933
2021-04-15 08:15:00+00:00,gbpusd,1.37832,1.37936,1.37815,1.3793
2021-04-15 08:30:00+00:00,gbpusd,1.37874,1.37886,1.37787,1.37832
2021-04-15 08:45:00+00:00,gbpusd,1.37781,1.37906,1.37781,1.37875
2021-04-15 09:00:00+00:00,gbpusd,1.37875,1.378815,1.37769,1.3778
2021-04-15 09:15:00+00:00,gbpusd,1.38026,1.38053,1.37875,1.37876
2021-04-15 09:30:00+00:00,gbpusd,1.37996,1.3809,1.37972,1.38025
2021-04-15 09:45:00+00:00,gbpusd,1.37913,1.38004,1.37909,1.37997
2021-04-15 10:00:00+00:00,gbpusd,1.37892,1.37916,1.37834,1.37914
2021-04-15 10:15:00+00:00,gbpusd,1.37854,1.37927,1.37786,1.37893
2021-04-15 10:30:00+00:00,gbpusd,1.37828,1.37862,1.37796,1.37853
2021-04-15 10:45:00+00:00,gbpusd,1.3765,1.37873,1.37616,1.37827
2021-04-15 11:00:00+00:00,gbpusd,1.37737,1.37768,1.37628,1.37651
2021-04-15 11:15:00+00:00,gbpusd,1.37787,1.37788,1.37736,1.37738
2021-04-15 11:30:00+00:00,gbpusd,1.37831,1.37835,1.37728,1.37786
2021-04-15 11:45:00+00:00,gbpusd,1.37867,1.37888,1.37806,1.3783
2021-04-15 12:00:00+00:00,gbpusd,1.37977,1.37995,1.37868,1.37868
2021-04-15 12:15:00+00:00,gbpusd,1.37862,1.38,1.3786,1.37978
2021-04-15 12:30:00+00:00,gbpusd,1.37984,1.38015,1.37815,1.37861
2021-04-15 12:45:00+00:00,gbpusd,1.37851,1.3807,1.3785,1.3798
2021-04-15 13:00:00+00:00,gbpusd,1.37884,1.37888,1.37807,1.37858
2021-04-15 13:15:00+00:00,gbpusd,1.37904,1.37923,1.37826,1.37886
2021-04-15 13:30:00+00:00,gbpusd,1.37778,1.37934,1.37717,1.37905
2021-04-15 13:45:00+00:00,gbpusd,1.37855,1.37896,1.37755,1.37777
2021-04-15 14:00:00+00:00,gbpusd,1.37934,1.37941,1.37754,1.37854
2021-04-15 14:15:00+00:00,gbpusd,1.3788,1.37934,1.37784,1.37933
2021-04-15 14:30:00+00:00,gbpusd,1.37878,1.37888,1.37785,1.37881
2021-04-15 14:45:00+00:00,gbpusd,1.37937,1.37949,1.37809,1.37876
2021-04-15 15:00:00+00:00,gbpusd,1.37918,1.37954,1.37887,1.3795
2021-04-15 15:15:00+00:00,gbpusd,1.37843,1.37928,1.37842,1.37919
2021-04-15 15:30:00+00:00,gbpusd,1.37787,1.37848,1.37763,1.37844
2021-04-15 15:45:00+00:00,gbpusd,1.37796,1.37858,1.37742,1.37786
2021-04-15 16:00:00+00:00,gbpusd,1.37785,1.37838,1.37774,1.37797
2021-04-15 16:15:00+00:00,gbpusd,1.37816,1.37836,1.3778,1.37786
2021-04-15 16:30:00+00:00,gbpusd,1.37877,1.37877,1.37804,1.37817
2021-04-15 16:45:00+00:00,gbpusd,1.37868,1.37884,1.37833,1.37876
2021-04-15 17:00:00+00:00,gbpusd,1.37746,1.37867,1.37735,1.37867
2021-04-15 17:15:00+00:00,gbpusd,1.37809,1.37816,1.37736,1.37747
2021-04-15 17:30:00+00:00,gbpusd,1.37845,1.37846,1.37797,1.3781
2021-04-15 17:45:00+00:00,gbpusd,1.3786,1.37879,1.37826,1.37846
2021-04-15 18:00:00+00:00,gbpusd,1.37885,1.37886,1.37843,1.37861
2021-04-15 18:15:00+00:00,gbpusd,1.37912,1.37924,1.37868,1.37886
2021-04-15 18:30:00+00:00,gbpusd,1.37911,1.3792,1.37894,1.37911
2021-04-15 18:45:00+00:00,gbpusd,1.37907,1.37918,1.37883,1.37912
2021-04-15 19:00:00+00:00,gbpusd,1.37887,1.37918,1.37873,1.37908
2021-04-15 19:15:00+00:00,gbpusd,1.37898,1.37903,1.37871,1.37888
2021-04-15 19:30:00+00:00,gbpusd,1.37882,1.37947,1.3787,1.37899
2021-04-15 19:45:00+00:00,gbpusd,1.37885,1.37898,1.37834,1.37883
2021-04-15 20:00:00+00:00,gbpusd,1.37838,1.37884,1.37837,1.37884
2021-04-15 20:15:00+00:00,gbpusd,1.37839,1.37847,1.37812,1.37839
2021-04-15 20:30:00+00:00,gbpusd,1.37837,1.37854,1.37833,1.37838
2021-04-15 20:45:00+00:00,gbpusd,1.37855,1.37855,1.37785,1.37836
2021-04-15 21:00:00+00:00,gbpusd,1.3783,1.37864,1.37818,1.37829
2021-04-15 21:15:00+00:00,gbpusd,1.37844,1.37844,1.37822,1.37822
2021-04-15 21:30:00+00:00,gbpusd,1.37852,1.37863,1.37834,1.37845
2021-04-15 21:45:00+00:00,gbpusd,1.37846,1.37872,1.37824,1.37853
2021-04-15 22:00:00+00:00,gbpusd,1.37863,1.37863,1.3784,1.37845
2021-04-15 22:15:00+00:00,gbpusd,1.3785,1.37874,1.37845,1.37862
2021-04-15 22:30:00+00:00,gbpusd,1.37847,1.37867,1.37844,1.37851
2021-04-15 22:45:00+00:00,gbpusd,1.37818,1.37848,1.37815,1.37848
2021-04-15 23:00:00+00:00,gbpusd,1.37824,1.37847,1.37814,1.37817
2021-04-15 23:15:00+00:00,gbpusd,1.3785,1.37852,1.3782,1.37823
2021-04-15 23:30:00+00:00,gbpusd,1.37852,1.37854,1.37835,1.37849
2021-04-15 23:45:00+00:00,gbpusd,1.37836,1.37857,1.37833,1.37851
2021-04-16 00:00:00+00:00,gbpusd,1.3782,1.37858,1.3782,1.37835
2021-04-16 00:15:00+00:00,gbpusd,1.37736,1.37826,1.37736,1.37821
2021-04-16 00:30:00+00:00,gbpusd,1.37707,1.37742,1.37697,1.37737
2021-04-16 00:45:00+00:00,gbpusd,1.37686,1.37726,1.37659,1.37708
2021-04-16 01:00:00+00:00,gbpusd,1.37604,1.37711,1.37584,1.37687
2021-04-16 01:15:00+00:00,gbpusd,1.37595,1.37629,1.37557,1.37605
2021-04-16 01:30:00+00:00,gbpusd,1.3755,1.37594,1.37545,1.37594
2021-04-16 01:45:00+00:00,gbpusd,1.37588,1.37621,1.37549,1.37549
2021-04-16 02:00:00+00:00,gbpusd,1.37568,1.37609,1.37527,1.37587
2021-04-16 02:15:00+00:00,gbpusd,1.37567,1.37583,1.37543,1.37567
2021-04-16 02:30:00+00:00,gbpusd,1.37556,1.3758,1.3755,1.37566
2021-04-16 02:45:00+00:00,gbpusd,1.37591,1.37594,1.37537,1.37555
2021-04-16 03:00:00+00:00,gbpusd,1.37604,1.37604,1.37567,1.3759
2021-04-16 03:15:00+00:00,gbpusd,1.37597,1.37625,1.37591,1.37603
2021-04-16 03:30:00+00:00,gbpusd,1.3759,1.37619,1.37569,1.37596
2021-04-16 03:45:00+00:00,gbpusd,1.37585,1.37608,1.37579,1.37591
2021-04-16 04:00:00+00:00,gbpusd,1.37577,1.37601,1.37559,1.37584
2021-04-16 04:15:00+00:00,gbpusd,1.37597,1.37599,1.37556,1.37576
2021-04-16 04:30:00+00:00,gbpusd,1.376,1.37604,1.37586,1.37596
2021-04-16 04:45:00+00:00,gbpusd,1.37661,1.37661,1.376,1.37601
2021-04-16 05:00:00+00:00,gbpusd,1.37616,1.3768,1.376,1.3766
2021-04-16 05:15:00+00:00,gbpusd,1.3763,1.37659,1.37609,1.37615
2021-04-16 05:30:00+00:00,gbpusd,1.3765,1.37662,1.37606,1.37629
2021-04-16 05:45:00+00:00,gbpusd,1.3766,1.37687,1.37639,1.37649
2021-04-16 06:00:00+00:00,gbpusd,1.376005,1.3766,1.3756,1.37659
2021-04-16 06:15:00+00:00,gbpusd,1.37387,1.3761,1.37316,1.37601
2021-04-16 06:30:00+00:00,gbpusd,1.3741,1.37437,1.37357,1.37388
2021-04-16 06:45:00+00:00,gbpusd,1.3724,1.37411,1.37161,1.37411
2021-04-16 07:00:00+00:00,gbpusd,1.3735,1.37371,1.37225,1.37239
2021-04-16 07:15:00+00:00,gbpusd,1.37402,1.37411,1.37341,1.37351
2021-04-16 07:30:00+00:00,gbpusd,1.37363,1.37512,1.3735,1.37401
2021-04-16 07:45:00+00:00,gbpusd,1.37561,1.37573,1.37363,1.37365
2021-04-16 08:00:00+00:00,gbpusd,1.37506,1.37566,1.37506,1.37566
2021-04-16 08:15:00+00:00,gbpusd,1.37493,1.37549,1.37473,1.37507
2021-04-16 08:30:00+00:00,gbpusd,1.37468,1.37513,1.37441,1.37492
2021-04-16 08:45:00+00:00,gbpusd,1.37566,1.37576,1.37456,1.37469
2021-04-16 09:00:00+00:00,gbpusd,1.37556,1.37618,1.37555,1.37565
2021-04-16 09:15:00+00:00,gbpusd,1.37606,1.37625,1.37526,1.37557
2021-04-16 09:30:00+00:00,gbpusd,1.37664,1.37711,1.37599,1.37607
2021-04-16 09:45:00+00:00,gbpusd,1.37788,1.37811,1.37634,1.37663
2021-04-16 10:00:00+00:00,gbpusd,1.37846,1.37857,1.37744,1.37787
2021-04-16 10:15:00+00:00,gbpusd,1.37852,1.37901,1.37786,1.37847
2021-04-16 10:30:00+00:00,gbpusd,1.37876,1.37906,1.37814,1.37853
2021-04-16 10:45:00+00:00,gbpusd,1.37862,1.37988,1.37856,1.37877
2021-04-16 11:00:00+00:00,gbpusd,1.37934,1.37989,1.37863,1.37863
2021-04-16 11:15:00+00:00,gbpusd,1.37816,1.37939,1.37815,1.37935
2021-04-16 11:30:00+00:00,gbpusd,1.37923,1.37934,1.37768,1.37817
2021-04-16 11:45:00+00:00,gbpusd,1.3801,1.38042,1.37922,1.37924
2021-04-16 12:00:00+00:00,gbpusd,1.38097,1.38158,1.37962,1.38011
2021-04-16 12:15:00+00:00,gbpusd,1.38021,1.38101,1.37962,1.38096
2021-04-16 12:30:00+00:00,gbpusd,1.38028,1.3805,1.3797,1.38022
2021-04-16 12:45:00+00:00,gbpusd,1.38036,1.38047,1.3797,1.38029
2021-04-16 13:00:00+00:00,gbpusd,1.37941,1.38071,1.37931,1.38037
2021-04-16 13:15:00+00:00,gbpusd,1.37969,1.37974,1.37907,1.37939
2021-04-16 13:30:00+00:00,gbpusd,1.38037,1.38053,1.37921,1.37968
2021-04-16 13:45:00+00:00,gbpusd,1.37933,1.38043,1.37921,1.38038
2021-04-16 14:00:00+00:00,gbpusd,1.38083,1.38115,1.37925,1.37934
2021-04-16 14:15:00+00:00,gbpusd,1.38152,1.38199,1.38084,1.38085
2021-04-16 14:30:00+00:00,gbpusd,1.38135,1.38208,1.3811,1.38155
2021-04-16 14:45:00+00:00,gbpusd,1.38176,1.38228,1.38099,1.38136
2021-04-16 15:00:00+00:00,gbpusd,1.38223,1.38264,1.3818,1.38182
2021-04-16 15:15:00+00:00,gbpusd,1.38234,1.38245,1.38185,1.38224
2021-04-16 15:30:00+00:00,gbpusd,1.38234,1.3826,1.38153,1.38235
2021-04-16 15:45:00+00:00,gbpusd,1.38248,1.38271,1.38217,1.38235
2021-04-16 16:00:00+00:00,gbpusd,1.38235,1.3828,1.38179,1.38249
2021-04-16 16:15:00+00:00,gbpusd,1.38201,1.38242,1.38171,1.38234
2021-04-16 16:30:00+00:00,gbpusd,1.38199,1.38223,1.38177,1.382
2021-04-16 16:45:00+00:00,gbpusd,1.38258,1.38259,1.3819,1.38198
2021-04-16 17:00:00+00:00,gbpusd,1.38294,1.38297,1.38253,1.38257
2021-04-16 17:15:00+00:00,gbpusd,1.3827,1.38293,1.3826,1.38293
2021-04-16 17:30:00+00:00,gbpusd,1.38283,1.38304,1.38265,1.38271
2021-04-16 17:45:00+00:00,gbpusd,1.38312,1.38314,1.3828,1.38282
2021-04-16 18:00:00+00:00,gbpusd,1.3828,1.38344,1.3828,1.38311
2021-04-16 18:15:00+00:00,gbpusd,1.3832,1.38321,1.38277,1.38281
2021-04-16 18:30:00+00:00,gbpusd,1.38341,1.38364,1.38308,1.38319
2021-04-16 18:45:00+00:00,gbpusd,1.3835,1.38357,1.38322,1.38342
2021-04-16 19:00:00+00:00,gbpusd,1.38322,1.3835,1.38303,1.38349
2021-04-16 19:15:00+00:00,gbpusd,1.38341,1.38343,1.38308,1.38321
2021-04-16 19:30:00+00:00,gbpusd,1.38363,1.38371,1.38328,1.38342
2021-04-16 19:45:00+00:00,gbpusd,1.3839,1.38391,1.38354,1.38362
2021-04-16 20:00:00+00:00,gbpusd,1.38394,1.38402,1.38349,1.38389
2021-04-16 20:15:00+00:00,gbpusd,1.38399,1.38399,1.38389,1.38393
2021-04-16 20:30:00+00:00,gbpusd,1.38373,1.384,1.38371,1.38398
2021-04-16 20:45:00+00:00,gbpusd,1.38358,1.38457,1.38358,1.38374
2021-04-18 21:00:00+00:00,gbpusd,1.38349,1.38367,1.38316,1.38345
2021-04-18 21:15:00+00:00,gbpusd,1.38333,1.38375,1.38324,1.38345
2021-04-18 21:30:00+00:00,gbpusd,1.38306,1.38333,1.38303,1.38332
2021-04-18 21:45:00+00:00,gbpusd,1.38308,1.38318,1.38247,1.38305
2021-04-18 22:00:00+00:00,gbpusd,1.38271,1.38366,1.38249,1.38307
2021-04-18 22:15:00+00:00,gbpusd,1.38287,1.3829,1.38264,1.3827
2021-04-18 22:30:00+00:00,gbpusd,1.38318,1.38324,1.38282,1.38286
2021-04-18 22:45:00+00:00,gbpusd,1.38311,1.38331,1.38305,1.38317
2021-04-18 23:00:00+00:00,gbpusd,1.38285,1.38312,1.38259,1.38312
2021-04-18 23:15:00+00:00,gbpusd,1.38222,1.38287,1.38222,1.38286
2021-04-18 23:30:00+00:00,gbpusd,1.38252,1.3827,1.38217,1.38223
2021-04-18 23:45:00+00:00,gbpusd,1.38177,1.38263,1.38174,1.38251
2021-04-19 00:00:00+00:00,gbpusd,1.38192,1.38238,1.38178,1.38178
2021-04-19 00:15:00+00:00,gbpusd,1.38235,1.382545,1.38179,1.38191
2021-04-19 00:30:00+00:00,gbpusd,1.38246,1.382715,1.38197,1.382345
2021-04-19 00:45:00+00:00,gbpusd,1.3816,1.3829,1.38149,1.38247
2021-04-19 01:00:00+00:00,gbpusd,1.38193,1.38194,1.38137,1.381605
2021-04-19 01:15:00+00:00,gbpusd,1.38144,1.38194,1.38131,1.38192
2021-04-19 01:30:00+00:00,gbpusd,1.38189,1.381945,1.38099,1.38145
2021-04-19 01:45:00+00:00,gbpusd,1.38163,1.38211,1.38157,1.3819
2021-04-19 02:00:00+00:00,gbpusd,1.38248,1.38276,1.38147,1.38162
2021-04-19 02:15:00+00:00,gbpusd,1.38223,1.382625,1.382105,1.382485
2021-04-19 02:30:00+00:00,gbpusd,1.38288,1.38293,1.38211,1.38224
2021-04-19 02:45:00+00:00,gbpusd,1.38309,1.38335,1.38273,1.38287
2021-04-19 03:00:00+00:00,gbpusd,1.38375,1.38383,1.38293,1.3831
2021-04-19 03:15:00+00:00,gbpusd,1.38348,1.38401,1.383435,1.38376
2021-04-19 03:30:00+00:00,gbpusd,1.38331,1.38354,1.38321,1.38348
2021-04-19 03:45:00+00:00,gbpusd,1.38333,1.38347,1.38302,1.3833
2021-04-19 04:00:00+00:00,gbpusd,1.38393,1.38394,1.38328,1.38332
2021-04-19 04:15:00+00:00,gbpusd,1.38436,1.38463,1.38362,1.38392
2021-04-19 04:30:00+00:00,gbpusd,1.38451,1.38491,1.3843,1.38435
2021-04-19 04:45:00+00:00,gbpusd,1.38513,1.38575,1.38444,1.3845
2021-04-19 05:00:00+00:00,gbpusd,1.38532,1.38574,1.3849,1.38512
2021-04-19 05:15:00+00:00,gbpusd,1.38512,1.38556,1.38497,1.38533
2021-04-19 05:30:00+00:00,gbpusd,1.38547,1.38583,1.38496,1.38511
2021-04-19 05:45:00+00:00,gbpusd,1.38546,1.38631,1.38527,1.38546
2021-04-19 06:00:00+00:00,gbpusd,1.38608,1.38661,1.38464,1.38545
2021-04-19 06:15:00+00:00,gbpusd,1.38527,1.38614,1.38522,1.386075
2021-04-19 06:30:00+00:00,gbpusd,1.38546,1.38568,1.38462,1.38525
2021-04-19 06:45:00+00:00,gbpusd,1.38547,1.38574,1.38445,1.38547
2021-04-19 07:00:00+00:00,gbpusd,1.38456,1.38551,1.38425,1.38546
2021-04-19 07:15:00+00:00,gbpusd,1.38526,1.38538,1.38394,1.38455
2021-04-19 07:30:00+00:00,gbpusd,1.38627,1.38659,1.38527,1.38527
2021-04-19 07:45:00+00:00,gbpusd,1.38765,1.38786,1.38591,1.38626
2021-04-19 08:00:00+00:00,gbpusd,1.38786,1.38802,1.38724,1.38764
2021-04-19 08:15:00+00:00,gbpusd,1.38767,1.38867,1.38755,1.38785
2021-04-19 08:30:00+00:00,gbpusd,1.38875,1.38898,1.38759,1.38768
2021-04-19 08:45:00+00:00,gbpusd,1.38771,1.38893,1.38704,1.38876
2021-04-19 09:00:00+00:00,gbpusd,1.38736,1.38826,1.38682,1.38772
2021-04-19 09:15:00+00:00,gbpusd,1.38848,1.38886,1.38732,1.38737
2021-04-19 09:30:00+00:00,gbpusd,1.38902,1.38904,1.38841,1.38849
2021-04-19 09:45:00+00:00,gbpusd,1.39008,1.3902,1.38823,1.38901
2021-04-19 10:00:00+00:00,gbpusd,1.38934,1.39008,1.38916,1.39007
2021-04-19 10:15:00+00:00,gbpusd,1.38973,1.38999,1.38898,1.38933
2021-04-19 10:30:00+00:00,gbpusd,1.38971,1.39007,1.38943,1.38972
2021-04-19 10:45:00+00:00,gbpusd,1.39185,1.39232,1.38915,1.38972
2021-04-19 11:00:00+00:00,gbpusd,1.3919,1.39275,1.39153,1.39184
2021-04-19 11:15:00+00:00,gbpusd,1.39076,1.39189,1.39071,1.39189
2021-04-19 11:30:00+00:00,gbpusd,1.39091,1.39135,1.39072,1.39077
2021-04-19 11:45:00+00:00,gbpusd,1.39296,1.39315,1.39085,1.3909
2021-04-19 12:00:00+00:00,gbpusd,1.39369,1.39379,1.39243,1.39297
2021-04-19 12:15:00+00:00,gbpusd,1.39344,1.39391,1.3932,1.3937
2021-04-19 12:30:00+00:00,gbpusd,1.39387,1.3939,1.39301,1.39345
2021-04-19 12:45:00+00:00,gbpusd,1.39653,1.39686,1.39362,1.39388
2021-04-19 13:00:00+00:00,gbpusd,1.39505,1.39645,1.39502,1.39619
2021-04-19 13:15:00+00:00,gbpusd,1.39544,1.39547,1.39435,1.39504
2021-04-19 13:30:00+00:00,gbpusd,1.39625,1.39653,1.39535,1.39543
2021-04-19 13:45:00+00:00,gbpusd,1.39638,1.3965,1.39523,1.39624
2021-04-19 14:00:00+00:00,gbpusd,1.3953,1.39639,1.39433,1.39639
2021-04-19 14:15:00+00:00,gbpusd,1.39684,1.3971,1.39493,1.39529
2021-04-19 14:30:00+00:00,gbpusd,1.39766,1.39818,1.3967,1.39685
2021-04-19 14:45:00+00:00,gbpusd,1.3987,1.3993,1.39707,1.39765
2021-04-19 15:00:00+00:00,gbpusd,1.39811,1.39889,1.3979,1.39871
2021-04-19 15:15:00+00:00,gbpusd,1.39882,1.39895,1.39812,1.39812
2021-04-19 15:30:00+00:00,gbpusd,1.39857,1.39899,1.39826,1.39883
2021-04-19 15:45:00+00:00,gbpusd,1.39767,1.39866,1.39765,1.39858
2021-04-19 16:00:00+00:00,gbpusd,1.39768,1.39792,1.39725,1.39766
2021-04-19 16:15:00+00:00,gbpusd,1.39801,1.39813,1.39766,1.39767
2021-04-19 16:30:00+00:00,gbpusd,1.39848,1.39852,1.39785,1.39802
2021-04-19 16:45:00+00:00,gbpusd,1.39863,1.39872,1.39823,1.39849
2021-04-19 17:00:00+00:00,gbpusd,1.3988,1.39891,1.39863,1.39864
2021-04-19 17:15:00+00:00,gbpusd,1.3988,1.39899,1.39873,1.39879
2021-04-19 17:30:00+00:00,gbpusd,1.39844,1.39903,1.39841,1.39879
2021-04-19 17:45:00+00:00,gbpusd,1.39823,1.39852,1.39823,1.39845
2021-04-19 18:00:00+00:00,gbpusd,1.39853,1.39863,1.39811,1.39824
2021-04-19 18:15:00+00:00,gbpusd,1.39895,1.39907,1.39852,1.39852
2021-04-19 18:30:00+00:00,gbpusd,1.39879,1.39894,1.39857,1.39894
2021-04-19 18:45:00+00:00,gbpusd,1.39906,1.3991,1.39853,1.3988
2021-04-19 19:00:00+00:00,gbpusd,1.39864,1.39905,1.39842,1.39905
2021-04-19 19:15:00+00:00,gbpusd,1.39876,1.39896,1.39862,1.39865
2021-04-19 19:30:00+00:00,gbpusd,1.39885,1.39891,1.39852,1.39875
2021-04-19 19:45:00+00:00,gbpusd,1.39882,1.39887,1.39856,1.39886
2021-04-19 20:00:00+00:00,gbpusd,1.39864,1.39882,1.39857,1.39881
2021-04-19 20:15:00+00:00,gbpusd,1.39876,1.39884,1.39851,1.39863
2021-04-19 20:30:00+00:00,gbpusd,1.39864,1.39886,1.39858,1.39877
2021-04-19 20:45:00+00:00,gbpusd,1.39865,1.39876,1.39853,1.39865
2021-04-19 21:00:00+00:00,gbpusd,1.39857,1.39876,1.39852,1.398755
2021-04-19 21:15:00+00:00,gbpusd,1.39852,1.39859,1.3982,1.39856
2021-04-19 21:30:00+00:00,gbpusd,1.39859,1.39862,1.3982,1.39855
2021-04-19 21:45:00+00:00,gbpusd,1.39846,1.39876,1.39826,1.39858
2021-04-19 22:00:00+00:00,gbpusd,1.39866,1.39871,1.39844,1.39845
2021-04-19 22:15:00+00:00,gbpusd,1.39852,1.39876,1.3985,1.39867
2021-04-19 22:30:00+00:00,gbpusd,1.39874,1.39879,1.39851,1.39851
2021-04-19 22:45:00+00:00,gbpusd,1.39894,1.39894,1.39867,1.39875
2021-04-19 23:00:00+00:00,gbpusd,1.39865,1.39906,1.39863,1.39893
2021-04-19 23:15:00+00:00,gbpusd,1.39895,1.39895,1.3985,1.39866
2021-04-19 23:30:00+00:00,gbpusd,1.3992,1.39927,1.39894,1.39896
2021-04-19 23:45:00+00:00,gbpusd,1.39916,1.39926,1.39885,1.39921
2021-04-20 00:00:00+00:00,gbpusd,1.39942,1.39946,1.39908,1.39917
2021-04-20 00:15:00+00:00,gbpusd,1.39892,1.39944,1.39874,1.39941
2021-04-20 00:30:00+00:00,gbpusd,1.39881,1.399,1.39876,1.39893
2021-04-20 00:45:00+00:00,gbpusd,1.3986,1.39899,1.39843,1.39882
2021-04-20 01:00:00+00:00,gbpusd,1.3976,1.39867,1.39759,1.39859
2021-04-20 01:15:00+00:00,gbpusd,1.39794,1.39799,1.39757,1.39759
2021-04-20 01:30:00+00:00,gbpusd,1.39867,1.39887,1.39789,1.39793
2021-04-20 01:45:00+00:00,gbpusd,1.39937,1.39942,1.39862,1.39868
2021-04-20 02:00:00+00:00,gbpusd,1.39931,1.3994,1.39904,1.39938
2021-04-20 02:15:00+00:00,gbpusd,1.39954,1.39964,1.39925,1.3993
2021-04-20 02:30:00+00:00,gbpusd,1.39954,1.39955,1.399,1.39953
2021-04-20 02:45:00+00:00,gbpusd,1.3998,1.39984,1.39946,1.39953
2021-04-20 03:00:00+00:00,gbpusd,1.40054,1.40084,1.39972,1.39981
2021-04-20 03:15:00+00:00,gbpusd,1.40077,1.40084,1.40042,1.40053
2021-04-20 03:30:00+00:00,gbpusd,1.40007,1.40078,1.40003,1.40078
2021-04-20 03:45:00+00:00,gbpusd,1.40013,1.40062,1.39982,1.40006
2021-04-20 04:00:00+00:00,gbpusd,1.39897,1.40028,1.39891,1.40014
2021-04-20 04:15:00+00:00,gbpusd,1.39989,1.39993,1.39896,1.39896
2021-04-20 04:30:00+00:00,gbpusd,1.39999,1.40037,1.39974,1.3999
2021-04-20 04:45:00+00:00,gbpusd,1.40035,1.40042,1.39976,1.4
2021-04-20 05:00:00+00:00,gbpusd,1.39996,1.40066,1.39949,1.40033
2021-04-20 05:15:00+00:00,gbpusd,1.3998,1.40003,1.39968,1.39997
2021-04-20 05:30:00+00:00,gbpusd,1.39934,1.39986,1.39931,1.39979
2021-04-20 05:45:00+00:00,gbpusd,1.4003,1.40084,1.39922,1.39935
2021-04-20 06:00:00+00:00,gbpusd,1.39969,1.40056,1.39964,1.40032
2021-04-20 06:15:00+00:00,gbpusd,1.39899,1.399835,1.39877,1.39968
2021-04-20 06:30:00+00:00,gbpusd,1.39911,1.39991,1.39864,1.39898
2021-04-20 06:45:00+00:00,gbpusd,1.40085,1.40093,1.39905,1.39912
2021-04-20 07:00:00+00:00,gbpusd,1.40036,1.40091,1.39994,1.40082
2021-04-20 07:15:00+00:00,gbpusd,1.39958,1.40065,1.39933,1.40037
2021-04-20 07:30:00+00:00,gbpusd,1.40007,1.40032,1.39931,1.39957
2021-04-20 07:45:00+00:00,gbpusd,1.39877,1.40037,1.3987,1.40006
2021-04-20 08:00:00+00:00,gbpusd,1.39824,1.39904,1.39817,1.39878
2021-04-20 08:15:00+00:00,gbpusd,1.40004,1.40006,1.39821,1.39823
2021-04-20 08:30:00+00:00,gbpusd,1.39897,1.40004,1.39872,1.40003
2021-04-20 08:45:00+00:00,gbpusd,1.39819,1.39915,1.39816,1.39896
2021-04-20 09:00:00+00:00,gbpusd,1.39852,1.39905,1.39766,1.3982
2021-04-20 09:15:00+00:00,gbpusd,1.39877,1.39893,1.39827,1.39853
2021-04-20 09:30:00+00:00,gbpusd,1.39797,1.39891,1.39795,1.39876
2021-04-20 09:45:00+00:00,gbpusd,1.39847,1.3986,1.39737,1.39798
2021-04-20 10:00:00+00:00,gbpusd,1.39761,1.39866,1.39749,1.39846
2021-04-20 10:15:00+00:00,gbpusd,1.39824,1.39826,1.39706,1.39762
2021-04-20 10:30:00+00:00,gbpusd,1.39779,1.39833,1.39755,1.39823
2021-04-20 10:45:00+00:00,gbpusd,1.39725,1.39792,1.39678,1.3978
2021-04-20 11:00:00+00:00,gbpusd,1.39797,1.39797,1.3968,1.39726
2021-04-20 11:15:00+00:00,gbpusd,1.39826,1.39871,1.39781,1.39796
2021-04-20 11:30:00+00:00,gbpusd,1.39831,1.39855,1.39806,1.39827
2021-04-20 11:45:00+00:00,gbpusd,1.39716,1.39847,1.39706,1.39832
2021-04-20 12:00:00+00:00,gbpusd,1.39645,1.39733,1.39622,1.39715
2021-04-20 12:15:00+00:00,gbpusd,1.39583,1.39665,1.39543,1.39644
2021-04-20 12:30:00+00:00,gbpusd,1.3954,1.39584,1.39499,1.39584
2021-04-20 12:45:00+00:00,gbpusd,1.3958,1.39595,1.39533,1.39541
2021-04-20 13:00:00+00:00,gbpusd,1.39606,1.39617,1.39566,1.39579
2021-04-20 13:15:00+00:00,gbpusd,1.39578,1.39611,1.39576,1.39607
2021-04-20 13:30:00+00:00,gbpusd,1.39602,1.39609,1.39545,1.39579
2021-04-20 13:45:00+00:00,gbpusd,1.39564,1.39614,1.39564,1.39601
2021-04-20 14:00:00+00:00,gbpusd,1.39568,1.3961,1.39518,1.39525
2021-04-20 14:15:00+00:00,gbpusd,1.39719,1.39734,1.39558,1.39569
2021-04-20 14:30:00+00:00,gbpusd,1.39635,1.39723,1.39635,1.3972
2021-04-20 14:45:00+00:00,gbpusd,1.39506,1.39645,1.39455,1.39636
2021-04-20 15:00:00+00:00,gbpusd,1.39511,1.39525,1.39405,1.39504
2021-04-20 15:15:00+00:00,gbpusd,1.39423,1.39512,1.39337,1.39512
2021-04-20 15:30:00+00:00,gbpusd,1.39445,1.39456,1.39384,1.39422
2021-04-20 15:45:00+00:00,gbpusd,1.39536,1.39553,1.39445,1.39445
2021-04-20 16:00:00+00:00,gbpusd,1.39536,1.39548,1.39476,1.39537
2021-04-20 16:15:00+00:00,gbpusd,1.39528,1.39546,1.39488,1.39537
2021-04-20 16:30:00+00:00,gbpusd,1.39426,1.39529,1.39425,1.39529
2021-04-20 16:45:00+00:00,gbpusd,1.39399,1.39437,1.3939,1.39425
2021-04-20 17:00:00+00:00,gbpusd,1.39423,1.39446,1.39384,1.39398
2021-04-20 17:15:00+00:00,gbpusd,1.39314,1.39427,1.39309,1.39424
2021-04-20 17:30:00+00:00,gbpusd,1.39346,1.39346,1.39302,1.39315
2021-04-20 17:45:00+00:00,gbpusd,1.39366,1.39369,1.39325,1.39345
2021-04-20 18:00:00+00:00,gbpusd,1.39357,1.39378,1.39351,1.39365
2021-04-20 18:15:00+00:00,gbpusd,1.39354,1.39365,1.39333,1.39356
2021-04-20 18:30:00+00:00,gbpusd,1.39266,1.39354,1.39264,1.39353
2021-04-20 18:45:00+00:00,gbpusd,1.39287,1.39337,1.39265,1.39265
2021-04-20 19:00:00+00:00,gbpusd,1.39381,1.39387,1.39273,1.39286
2021-04-20 19:15:00+00:00,gbpusd,1.39362,1.39386,1.3933,1.39383
2021-04-20 19:30:00+00:00,gbpusd,1.39423,1.39428,1.39352,1.39363
2021-04-20 19:45:00+00:00,gbpusd,1.39356,1.3943,1.39351,1.39422
2021-04-20 20:00:00+00:00,gbpusd,1.39386,1.39388,1.39321,1.39357
2021-04-20 20:15:00+00:00,gbpusd,1.39408,1.39408,1.3938,1.39387
2021-04-20 20:30:00+00:00,gbpusd,1.39356,1.39411,1.39356,1.39409
2021-04-20 20:45:00+00:00,gbpusd,1.39381,1.39405,1.39356,1.39357
2021-04-20 21:00:00+00:00,gbpusd,1.39384,1.39438,1.39356,1.39383
2021-04-20 21:15:00+00:00,gbpusd,1.39374,1.39391,1.39368,1.39374
2021-04-20 21:30:00+00:00,gbpusd,1.39395,1.39398,1.39343,1.3937
2021-04-20 21:45:00+00:00,gbpusd,1.39374,1.39414,1.39355,1.39396
2021-04-20 22:00:00+00:00,gbpusd,1.39365,1.3939,1.39349,1.39373
2021-04-20 22:15:00+00:00,gbpusd,1.39384,1.39384,1.39356,1.39364
2021-04-20 22:30:00+00:00,gbpusd,1.39379,1.39383,1.39366,1.39383
2021-04-20 22:45:00+00:00,gbpusd,1.39388,1.39389,1.39377,1.39378
2021-04-20 23:00:00+00:00,gbpusd,1.39363,1.39388,1.39337,1.39387
2021-04-20 23:15:00+00:00,gbpusd,1.39359,1.39364,1.39319,1.39364
2021-04-20 23:30:00+00:00,gbpusd,1.39389,1.39398,1.39337,1.39358
2021-04-20 23:45:00+00:00,gbpusd,1.3938,1.3941,1.39371,1.39388
2021-04-21 00:00:00+00:00,gbpusd,1.39408,1.39419,1.39356,1.39381
2021-04-21 00:15:00+00:00,gbpusd,1.39413,1.39476,1.39395,1.39409
2021-04-21 00:30:00+00:00,gbpusd,1.39456,1.39478,1.39405,1.39412
2021-04-21 00:45:00+00:00,gbpusd,1.39364,1.39459,1.39346,1.39455
2021-04-21 01:00:00+00:00,gbpusd,1.39376,1.39417,1.39359,1.39363
2021-04-21 01:15:00+00:00,gbpusd,1.39367,1.3939,1.39305,1.39377
2021-04-21 01:30:00+00:00,gbpusd,1.39486,1.39498,1.39347,1.39366
2021-04-21 01:45:00+00:00,gbpusd,1.39403,1.3949,1.39394,1.39487
2021-04-21 02:00:00+00:00,gbpusd,1.39402,1.39411,1.39346,1.39404
2021-04-21 02:15:00+00:00,gbpusd,1.39328,1.39402,1.39318,1.39401
2021-04-21 02:30:00+00:00,gbpusd,1.39267,1.39351,1.39262,1.39327
2021-04-21 02:45:00+00:00,gbpusd,1.39292,1.39315,1.39258,1.39268
2021-04-21 03:00:00+00:00,gbpusd,1.39333,1.39339,1.39275,1.39293
2021-04-21 03:15:00+00:00,gbpusd,1.39296,1.39341,1.39286,1.39332
2021-04-21 03:30:00+00:00,gbpusd,1.3929,1.39308,1.39275,1.39295
2021-04-21 03:45:00+00:00,gbpusd,1.39291,1.39298,1.39262,1.39291
2021-04-21 04:00:00+00:00,gbpusd,1.39276,1.39299,1.39258,1.3929
2021-04-21 04:15:00+00:00,gbpusd,1.39226,1.39278,1.3922,1.39275
2021-04-21 04:30:00+00:00,gbpusd,1.39172,1.39253,1.39169,1.39226
2021-04-21 04:45:00+00:00,gbpusd,1.39207,1.39227,1.39168,1.39171
2021-04-21 05:00:00+00:00,gbpusd,1.39192,1.39227,1.3916,1.39206
2021-04-21 05:15:00+00:00,gbpusd,1.39289,1.39291,1.39181,1.39191
2021-04-21 05:30:00+00:00,gbpusd,1.39321,1.39329,1.39281,1.39288
2021-04-21 05:45:00+00:00,gbpusd,1.39323,1.39377,1.39306,1.39322
2021-04-21 06:00:00+00:00,gbpusd,1.39399,1.39412,1.3926,1.39322
2021-04-21 06:15:00+00:00,gbpusd,1.39377,1.39426,1.39331,1.39398
2021-04-21 06:30:00+00:00,gbpusd,1.39447,1.39458,1.39373,1.39378
2021-04-21 06:45:00+00:00,gbpusd,1.39376,1.39462,1.39349,1.39446
2021-04-21 07:00:00+00:00,gbpusd,1.39331,1.39407,1.39228,1.39375
2021-04-21 07:15:00+00:00,gbpusd,1.39222,1.39346,1.39185,1.3933
2021-04-21 07:30:00+00:00,gbpusd,1.39197,1.39265,1.39103,1.39223
2021-04-21 07:45:00+00:00,gbpusd,1.39356,1.39363,1.39187,1.39198
2021-04-21 08:00:00+00:00,gbpusd,1.39417,1.39427,1.39326,1.39357
2021-04-21 08:15:00+00:00,gbpusd,1.39406,1.39474,1.39395,1.39418
2021-04-21 08:30:00+00:00,gbpusd,1.39341,1.39458,1.39332,1.39405
2021-04-21 08:45:00+00:00,gbpusd,1.39291,1.39367,1.39271,1.39342
2021-04-21 09:00:00+00:00,gbpusd,1.39339,1.39359,1.3929,1.39292
2021-04-21 09:15:00+00:00,gbpusd,1.39326,1.39399,1.39302,1.39338
2021-04-21 09:30:00+00:00,gbpusd,1.39265,1.39332,1.3919,1.39327
2021-04-21 09:45:00+00:00,gbpusd,1.39351,1.39371,1.39251,1.39264
2021-04-21 10:00:00+00:00,gbpusd,1.39374,1.39388,1.39288,1.3935
2021-04-21 10:15:00+00:00,gbpusd,1.39278,1.39407,1.39265,1.39373
2021-04-21 10:30:00+00:00,gbpusd,1.39298,1.39353,1.39275,1.39279
2021-04-21 10:45:00+00:00,gbpusd,1.39341,1.39405,1.3927,1.39299
2021-04-21 11:00:00+00:00,gbpusd,1.39267,1.39356,1.39265,1.39342
2021-04-21 11:15:00+00:00,gbpusd,1.39276,1.39278,1.39223,1.39268
2021-04-21 11:30:00+00:00,gbpusd,1.39224,1.39288,1.39207,1.39277
2021-04-21 11:45:00+00:00,gbpusd,1.39206,1.39271,1.39203,1.39223
2021-04-21 12:00:00+00:00,gbpusd,1.39216,1.39247,1.39201,1.39207
2021-04-21 12:15:00+00:00,gbpusd,1.39208,1.39235,1.39201,1.39215
2021-04-21 12:30:00+00:00,gbpusd,1.39151,1.39227,1.39113,1.39207
2021-04-21 12:45:00+00:00,gbpusd,1.39115,1.39168,1.39047,1.3915
2021-04-21 13:00:00+00:00,gbpusd,1.38918,1.39114,1.38906,1.39114
2021-04-21 13:15:00+00:00,gbpusd,1.38917,1.39011,1.38857,1.38919
2021-04-21 13:30:00+00:00,gbpusd,1.38961,1.3897,1.38887,1.38918
2021-04-21 13:45:00+00:00,gbpusd,1.39061,1.39067,1.38918,1.3896
2021-04-21 14:00:00+00:00,gbpusd,1.39098,1.39136,1.39027,1.39062
2021-04-21 14:15:00+00:00,gbpusd,1.39287,1.39298,1.39064,1.39097
2021-04-21 14:30:00+00:00,gbpusd,1.39327,1.39336,1.39214,1.39286
2021-04-21 14:45:00+00:00,gbpusd,1.39309,1.39388,1.39281,1.39328
2021-04-21 15:00:00+00:00,gbpusd,1.39377,1.39397,1.39263,1.3931
2021-04-21 15:15:00+00:00,gbpusd,1.39367,1.39389,1.39336,1.39376
2021-04-21 15:30:00+00:00,gbpusd,1.39346,1.39429,1.39334,1.39366
2021-04-21 15:45:00+00:00,gbpusd,1.3935,1.3939,1.39325,1.39345
2021-04-21 16:00:00+00:00,gbpusd,1.39363,1.39395,1.39342,1.39349
2021-04-21 16:15:00+00:00,gbpusd,1.39275,1.39362,1.39274,1.39362
2021-04-21 16:30:00+00:00,gbpusd,1.39266,1.39286,1.39255,1.39274
2021-04-21 16:45:00+00:00,gbpusd,1.39296,1.39296,1.39244,1.39267
2021-04-21 17:00:00+00:00,gbpusd,1.39348,1.39356,1.39288,1.39297
2021-04-21 17:15:00+00:00,gbpusd,1.39295,1.39348,1.39292,1.39347
2021-04-21 17:30:00+00:00,gbpusd,1.39354,1.39359,1.39295,1.39296
2021-04-21 17:45:00+00:00,gbpusd,1.39334,1.39382,1.39333,1.39353
2021-04-21 18:00:00+00:00,gbpusd,1.39325,1.39351,1.39308,1.39333
2021-04-21 18:15:00+00:00,gbpusd,1.39277,1.39334,1.39266,1.39324
2021-04-21 18:30:00+00:00,gbpusd,1.39294,1.39305,1.3927,1.39276
2021-04-21 18:45:00+00:00,gbpusd,1.39258,1.39315,1.39258,1.39293
2021-04-21 19:00:00+00:00,gbpusd,1.39286,1.39296,1.39257,1.39259
2021-04-21 19:15:00+00:00,gbpusd,1.39326,1.39339,1.39275,1.39287
2021-04-21 19:30:00+00:00,gbpusd,1.39346,1.39349,1.39314,1.39325
2021-04-21 19:45:00+00:00,gbpusd,1.39284,1.39346,1.39277,1.39345
2021-04-21 20:00:00+00:00,gbpusd,1.39267,1.39287,1.39231,1.39283
2021-04-21 20:15:00+00:00,gbpusd,1.39245,1.39277,1.39244,1.39266
2021-04-21 20:30:00+00:00,gbpusd,1.39276,1.39281,1.39246,1.39246
2021-04-21 20:45:00+00:00,gbpusd,1.39302,1.39304,1.39264,1.39275
2021-04-21 21:00:00+00:00,gbpusd,1.39266,1.39279,1.39257,1.39265
2021-04-21 21:15:00+00:00,gbpusd,1.39328,1.39328,1.39262,1.39267
2021-04-21 21:30:00+00:00,gbpusd,1.39309,1.39346,1.39294,1.39323
2021-04-21 21:45:00+00:00,gbpusd,1.39321,1.39321,1.39291,1.3931
2021-04-21 22:00:00+00:00,gbpusd,1.39324,1.39335,1.39307,1.39319
2021-04-21 22:15:00+00:00,gbpusd,1.39297,1.39323,1.39291,1.39323
2021-04-21 22:30:00+00:00,gbpusd,1.39276,1.39309,1.39268,1.39296
2021-04-21 22:45:00+00:00,gbpusd,1.39283,1.39287,1.39267,1.39277
2021-04-21 23:00:00+00:00,gbpusd,1.39302,1.3931,1.39277,1.39284
2021-04-21 23:15:00+00:00,gbpusd,1.39317,1.39329,1.393,1.39301
2021-04-21 23:30:00+00:00,gbpusd,1.39314,1.39323,1.39302,1.39316
2021-04-21 23:45:00+00:00,gbpusd,1.39313,1.3933,1.39292,1.39313
2021-04-22 00:00:00+00:00,gbpusd,1.39312,1.39354,1.39303,1.39312
2021-04-22 00:15:00+00:00,gbpusd,1.39277,1.39328,1.39256,1.39311
2021-04-22 00:30:00+00:00,gbpusd,1.39318,1.39328,1.39277,1.39279
2021-04-22 00:45:00+00:00,gbpusd,1.39373,1.39397,1.39313,1.39317
2021-04-22 01:00:00+00:00,gbpusd,1.39356,1.39408,1.39352,1.39372
2021-04-22 01:15:00+00:00,gbpusd,1.39388,1.3939,1.39357,1.39357
2021-04-22 01:30:00+00:00,gbpusd,1.39399,1.39416,1.39382,1.39389
2021-04-22 01:45:00+00:00,gbpusd,1.39378,1.39426,1.39358,1.39398
2021-04-22 02:00:00+00:00,gbpusd,1.39437,1.39444,1.39372,1.39377
2021-04-22 02:15:00+00:00,gbpusd,1.3944,1.39444,1.39415,1.39438
2021-04-22 02:30:00+00:00,gbpusd,1.39458,1.39464,1.39412,1.39441
2021-04-22 02:45:00+00:00,gbpusd,1.39452,1.39466,1.39433,1.39459
2021-04-22 03:00:00+00:00,gbpusd,1.39459,1.39497,1.39437,1.39453
2021-04-22 03:15:00+00:00,gbpusd,1.39438,1.39479,1.39434,1.39458
2021-04-22 03:30:00+00:00,gbpusd,1.39387,1.39439,1.39386,1.39437
2021-04-22 03:45:00+00:00,gbpusd,1.39372,1.39409,1.39366,1.39386
2021-04-22 04:00:00+00:00,gbpusd,1.39348,1.39386,1.39339,1.39374
2021-04-22 04:15:00+00:00,gbpusd,1.39333,1.39371,1.39308,1.39347
2021-04-22 04:30:00+00:00,gbpusd,1.39299,1.39344,1.39288,1.39332
2021-04-22 04:45:00+00:00,gbpusd,1.39286,1.39327,1.39273,1.39298
2021-04-22 05:00:00+00:00,gbpusd,1.39269,1.39298,1.39261,1.39287
2021-04-22 05:15:00+00:00,gbpusd,1.39319,1.3932,1.39268,1.39268
2021-04-22 05:30:00+00:00,gbpusd,1.39322,1.39335,1.39266,1.39318
2021-04-22 05:45:00+00:00,gbpusd,1.39346,1.39393,1.39299,1.39321
2021-04-22 06:00:00+00:00,gbpusd,1.39306,1.39377,1.39301,1.39345
2021-04-22 06:15:00+00:00,gbpusd,1.39348,1.39361,1.39256,1.39305
2021-04-22 06:30:00+00:00,gbpusd,1.39379,1.39432,1.39328,1.39347
2021-04-22 06:45:00+00:00,gbpusd,1.39399,1.39463,1.39349,1.39378
2021-04-22 07:00:00+00:00,gbpusd,1.3943,1.39459,1.39395,1.394
2021-04-22 07:15:00+00:00,gbpusd,1.394,1.39439,1.39351,1.39429
2021-04-22 07:30:00+00:00,gbpusd,1.39396,1.3941,1.39359,1.39399
2021-04-22 07:45:00+00:00,gbpusd,1.39263,1.39445,1.39243,1.39395
2021-04-22 08:00:00+00:00,gbpusd,1.39147,1.39265,1.39123,1.39262
2021-04-22 08:15:00+00:00,gbpusd,1.39136,1.39149,1.39107,1.39146
2021-04-22 08:30:00+00:00,gbpusd,1.39019,1.39148,1.39009,1.39135
2021-04-22 08:45:00+00:00,gbpusd,1.3899,1.39087,1.38969,1.3902
2021-04-22 09:00:00+00:00,gbpusd,1.38914,1.3905,1.38909,1.38991
2021-04-22 09:15:00+00:00,gbpusd,1.38939,1.38999,1.38907,1.38915
2021-04-22 09:30:00+00:00,gbpusd,1.38978,1.39033,1.38878,1.38938
2021-04-22 09:45:00+00:00,gbpusd,1.39042,1.39079,1.38952,1.38979
2021-04-22 10:00:00+00:00,gbpusd,1.39145,1.39162,1.39008,1.39041
2021-04-22 10:15:00+00:00,gbpusd,1.39147,1.3919,1.39109,1.39146
2021-04-22 10:30:00+00:00,gbpusd,1.39185,1.39189,1.39119,1.39146
2021-04-22 10:45:00+00:00,gbpusd,1.3903,1.3919,1.38994,1.39184
2021-04-22 11:00:00+00:00,gbpusd,1.39111,1.39119,1.38948,1.39031
2021-04-22 11:15:00+00:00,gbpusd,1.39123,1.39137,1.39082,1.39112
2021-04-22 11:30:00+00:00,gbpusd,1.39014,1.39147,1.38991,1.39122
2021-04-22 11:45:00+00:00,gbpusd,1.38947,1.39081,1.38919,1.39013
2021-04-22 12:00:00+00:00,gbpusd,1.38691,1.38947,1.38684,1.38946
2021-04-22 12:15:00+00:00,gbpusd,1.38702,1.38741,1.38649,1.38689
2021-04-22 12:30:00+00:00,gbpusd,1.3867,1.38726,1.38628,1.38704
2021-04-22 12:45:00+00:00,gbpusd,1.38691,1.38717,1.38597,1.38671
2021-04-22 13:00:00+00:00,gbpusd,1.3867,1.38757,1.38625,1.38691
2021-04-22 13:15:00+00:00,gbpusd,1.38546,1.38741,1.38541,1.38671
2021-04-22 13:30:00+00:00,gbpusd,1.38545,1.38601,1.38489,1.38547
2021-04-22 13:45:00+00:00,gbpusd,1.38475,1.3858,1.38422,1.38546
2021-04-22 14:00:00+00:00,gbpusd,1.38438,1.38515,1.38418,1.38479
2021-04-22 14:15:00+00:00,gbpusd,1.38311,1.38442,1.38269,1.38439
2021-04-22 14:30:00+00:00,gbpusd,1.38421,1.38453,1.38312,1.38312
2021-04-22 14:45:00+00:00,gbpusd,1.38446,1.38485,1.38328,1.38422
2021-04-22 15:00:00+00:00,gbpusd,1.38392,1.38472,1.38371,1.38448
2021-04-22 15:15:00+00:00,gbpusd,1.38378,1.38471,1.38376,1.38393
2021-04-22 15:30:00+00:00,gbpusd,1.38521,1.38531,1.3837,1.38379
2021-04-22 15:45:00+00:00,gbpusd,1.3849,1.38555,1.38486,1.38522
2021-04-22 16:00:00+00:00,gbpusd,1.38491,1.3851,1.38461,1.38489
2021-04-22 16:15:00+00:00,gbpusd,1.38551,1.38581,1.3849,1.3849
2021-04-22 16:30:00+00:00,gbpusd,1.3855,1.38583,1.38528,1.38552
2021-04-22 16:45:00+00:00,gbpusd,1.38433,1.38554,1.38429,1.38551
2021-04-22 17:00:00+00:00,gbpusd,1.38358,1.38462,1.38309,1.38434
2021-04-22 17:15:00+00:00,gbpusd,1.3838,1.3841,1.38291,1.38357
2021-04-22 17:30:00+00:00,gbpusd,1.38324,1.38383,1.38288,1.38381
2021-04-22 17:45:00+00:00,gbpusd,1.38357,1.38369,1.38306,1.38323
2021-04-22 18:00:00+00:00,gbpusd,1.3831,1.38356,1.38237,1.38356
2021-04-22 18:15:00+00:00,gbpusd,1.38293,1.38309,1.38257,1.38309
2021-04-22 18:30:00+00:00,gbpusd,1.3834,1.38342,1.38269,1.38294
2021-04-22 18:45:00+00:00,gbpusd,1.38382,1.38392,1.38307,1.38339
2021-04-22 19:00:00+00:00,gbpusd,1.38379,1.38406,1.38353,1.38381
2021-04-22 19:15:00+00:00,gbpusd,1.38387,1.38387,1.38335,1.3838
2021-04-22 19:30:00+00:00,gbpusd,1.38401,1.38418,1.38381,1.38386
2021-04-22 19:45:00+00:00,gbpusd,1.38371,1.3845,1.38365,1.38402
2021-04-22 20:00:00+00:00,gbpusd,1.3842,1.3842,1.38367,1.3837
2021-04-22 20:15:00+00:00,gbpusd,1.38389,1.38426,1.38387,1.38418
2021-04-22 20:30:00+00:00,gbpusd,1.38397,1.38402,1.38386,1.3839
2021-04-22 20:45:00+00:00,gbpusd,1.3841,1.38429,1.38388,1.38396
2021-04-22 21:00:00+00:00,gbpusd,1.38387,1.3839,1.38374,1.38385
2021-04-22 21:15:00+00:00,gbpusd,1.38418,1.38442,1.38367,1.3839
2021-04-22 21:30:00+00:00,gbpusd,1.38413,1.38421,1.38373,1.38419
2021-04-22 21:45:00+00:00,gbpusd,1.38404,1.38417,1.384,1.38412
2021-04-22 22:00:00+00:00,gbpusd,1.38399,1.38407,1.38391,1.38403
2021-04-22 22:15:00+00:00,gbpusd,1.38383,1.38408,1.38357,1.384
2021-04-22 22:30:00+00:00,gbpusd,1.38373,1.38387,1.3835,1.38384
2021-04-22 22:45:00+00:00,gbpusd,1.38419,1.38419,1.38369,1.38374
2021-04-22 23:00:00+00:00,gbpusd,1.38439,1.3844,1.38409,1.38418
2021-04-22 23:15:00+00:00,gbpusd,1.38411,1.38449,1.38409,1.3844
2021-04-22 23:30:00+00:00,gbpusd,1.38381,1.38418,1.38374,1.3841
2021-04-22 23:45:00+00:00,gbpusd,1.3839,1.3839,1.38356,1.38379
2021-04-23 00:00:00+00:00,gbpusd,1.38435,1.38435,1.38366,1.38389
2021-04-23 00:15:00+00:00,gbpusd,1.38442,1.38447,1.38424,1.38436
2021-04-23 00:30:00+00:00,gbpusd,1.38388,1.38448,1.38381,1.38441
2021-04-23 00:45:00+00:00,gbpusd,1.38465,1.38468,1.3837,1.38387
2021-04-23 01:00:00+00:00,gbpusd,1.3849,1.38496,1.38432,1.38464
2021-04-23 01:15:00+00:00,gbpusd,1.38509,1.38521,1.38477,1.38491
2021-04-23 01:30:00+00:00,gbpusd,1.38575,1.38579,1.38472,1.38508
2021-04-23 01:45:00+00:00,gbpusd,1.38623,1.38629,1.38548,1.38576
2021-04-23 02:00:00+00:00,gbpusd,1.38538,1.3863,1.38523,1.38624
2021-04-23 02:15:00+00:00,gbpusd,1.38516,1.38543,1.38498,1.38537
2021-04-23 02:30:00+00:00,gbpusd,1.38575,1.38575,1.38512,1.38515
2021-04-23 02:45:00+00:00,gbpusd,1.38617,1.38621,1.38535,1.38574
2021-04-23 03:00:00+00:00,gbpusd,1.38619,1.38625,1.38572,1.38616
2021-04-23 03:15:00+00:00,gbpusd,1.3862,1.38636,1.38588,1.3862
2021-04-23 03:30:00+00:00,gbpusd,1.38569,1.38621,1.38569,1.38621
2021-04-23 03:45:00+00:00,gbpusd,1.38584,1.38585,1.38548,1.3857
2021-04-23 04:00:00+00:00,gbpusd,1.3862,1.38631,1.3858,1.38583
2021-04-23 04:15:00+00:00,gbpusd,1.38619,1.38662,1.38593,1.38619
2021-04-23 04:30:00+00:00,gbpusd,1.38622,1.38629,1.38597,1.3862
2021-04-23 04:45:00+00:00,gbpusd,1.38638,1.38653,1.38618,1.38623
2021-04-23 05:00:00+00:00,gbpusd,1.3863,1.38652,1.38619,1.38639
2021-04-23 05:15:00+00:00,gbpusd,1.38565,1.38637,1.38564,1.38631
2021-04-23 05:30:00+00:00,gbpusd,1.38578,1.38628,1.38547,1.38566
2021-04-23 05:45:00+00:00,gbpusd,1.38643,1.38661,1.38578,1.38579
2021-04-23 06:00:00+00:00,gbpusd,1.38605,1.38661,1.38573,1.38642
2021-04-23 06:15:00+00:00,gbpusd,1.38559,1.3862,1.38551,1.38604
2021-04-23 06:30:00+00:00,gbpusd,1.38563,1.386,1.3853,1.38558
2021-04-23 06:45:00+00:00,gbpusd,1.38618,1.38637,1.38547,1.38564
2021-04-23 07:00:00+00:00,gbpusd,1.38815,1.38819,1.38556,1.38619
2021-04-23 07:15:00+00:00,gbpusd,1.38837,1.38898,1.38797,1.38816
2021-04-23 07:30:00+00:00,gbpusd,1.38889,1.38908,1.38769,1.38838
2021-04-23 07:45:00+00:00,gbpusd,1.38886,1.38895,1.38826,1.38888
2021-04-23 08:00:00+00:00,gbpusd,1.3883,1.38902,1.38817,1.38887
2021-04-23 08:15:00+00:00,gbpusd,1.38764,1.38842,1.38736,1.38829
2021-04-23 08:30:00+00:00,gbpusd,1.38677,1.38833,1.38632,1.38763
2021-04-23 08:45:00+00:00,gbpusd,1.38754,1.38777,1.38658,1.38678
2021-04-23 09:00:00+00:00,gbpusd,1.38674,1.38796,1.38645,1.38755
2021-04-23 09:15:00+00:00,gbpusd,1.38714,1.38734,1.38671,1.38675
2021-04-23 09:30:00+00:00,gbpusd,1.38752,1.38797,1.38715,1.38715
2021-04-23 09:45:00+00:00,gbpusd,1.38795,1.38848,1.3875,1.38751
2021-04-23 10:00:00+00:00,gbpusd,1.38847,1.38876,1.38786,1.38796
2021-04-23 10:15:00+00:00,gbpusd,1.38795,1.38848,1.38738,1.38848
2021-04-23 10:30:00+00:00,gbpusd,1.38718,1.38796,1.38697,1.38796
2021-04-23 10:45:00+00:00,gbpusd,1.38902,1.38907,1.38709,1.38717
2021-04-23 11:00:00+00:00,gbpusd,1.38859,1.38903,1.38788,1.38903
2021-04-23 11:15:00+00:00,gbpusd,1.38879,1.38879,1.38796,1.3886
2021-04-23 11:30:00+00:00,gbpusd,1.38876,1.38902,1.38851,1.3888
2021-04-23 11:45:00+00:00,gbpusd,1.38864,1.38955,1.38848,1.38875
2021-04-23 12:00:00+00:00,gbpusd,1.38846,1.38926,1.38839,1.38865
2021-04-23 12:15:00+00:00,gbpusd,1.38809,1.38902,1.38775,1.38845
2021-04-23 12:30:00+00:00,gbpusd,1.38811,1.38843,1.38736,1.3881
2021-04-23 12:45:00+00:00,gbpusd,1.38846,1.38872,1.38787,1.3881
2021-04-23 13:00:00+00:00,gbpusd,1.38726,1.38891,1.38708,1.38847
2021-04-23 13:15:00+00:00,gbpusd,1.38512,1.38744,1.38509,1.38727
2021-04-23 13:30:00+00:00,gbpusd,1.38617,1.38635,1.38508,1.38513
2021-04-23 13:45:00+00:00,gbpusd,1.38607,1.38658,1.38565,1.38614
2021-04-23 14:00:00+00:00,gbpusd,1.38518,1.38645,1.38499,1.38608
2021-04-23 14:15:00+00:00,gbpusd,1.38556,1.38569,1.38465,1.38519
2021-04-23 14:30:00+00:00,gbpusd,1.38522,1.38676,1.3852,1.38557
2021-04-23 14:45:00+00:00,gbpusd,1.38379,1.38579,1.38376,1.38521
2021-04-23 15:00:00+00:00,gbpusd,1.38452,1.38488,1.38358,1.38411
2021-04-23 15:15:00+00:00,gbpusd,1.38465,1.38495,1.38429,1.38451
2021-04-23 15:30:00+00:00,gbpusd,1.38429,1.38471,1.38388,1.38464
2021-04-23 15:45:00+00:00,gbpusd,1.38436,1.38489,1.38428,1.3843
2021-04-23 16:00:00+00:00,gbpusd,1.3849,1.38508,1.38437,1.38437
2021-04-23 16:15:00+00:00,gbpusd,1.38497,1.38516,1.38486,1.38491
2021-04-23 16:30:00+00:00,gbpusd,1.38512,1.38515,1.38482,1.38496
2021-04-23 16:45:00+00:00,gbpusd,1.38563,1.38576,1.38505,1.38513
2021-04-23 17:00:00+00:00,gbpusd,1.38577,1.38598,1.38542,1.38564
2021-04-23 17:15:00+00:00,gbpusd,1.38607,1.38612,1.38555,1.38576
2021-04-23 17:30:00+00:00,gbpusd,1.38686,1.38707,1.38608,1.38608
2021-04-23 17:45:00+00:00,gbpusd,1.38665,1.38689,1.38632,1.38685
2021-04-23 18:00:00+00:00,gbpusd,1.38677,1.38689,1.38661,1.38666
2021-04-23 18:15:00+00:00,gbpusd,1.38697,1.38698,1.38666,1.38678
2021-04-23 18:30:00+00:00,gbpusd,1.38734,1.38747,1.38696,1.38696
2021-04-23 18:45:00+00:00,gbpusd,1.38766,1.38776,1.38728,1.38735
2021-04-23 19:00:00+00:00,gbpusd,1.38796,1.38804,1.38737,1.38765
2021-04-23 19:15:00+00:00,gbpusd,1.38885,1.38886,1.38795,1.38795
2021-04-23 19:30:00+00:00,gbpusd,1.38885,1.38902,1.38864,1.38884
2021-04-23 19:45:00+00:00,gbpusd,1.38854,1.38896,1.38844,1.38884
2021-04-23 20:00:00+00:00,gbpusd,1.38801,1.38876,1.38774,1.38855
2021-04-23 20:15:00+00:00,gbpusd,1.38831,1.38839,1.38785,1.388
2021-04-23 20:30:00+00:00,gbpusd,1.38825,1.3884,1.38756,1.3883
2021-04-23 20:45:00+00:00,gbpusd,1.38784,1.38862,1.38784,1.38826
2021-04-25 21:00:00+00:00,gbpusd,1.38755,1.38792,1.38755,1.38759
2021-04-25 21:15:00+00:00,gbpusd,1.38763,1.38813,1.38741,1.38753
2021-04-25 21:30:00+00:00,gbpusd,1.38769,1.38807,1.38754,1.38764
2021-04-25 21:45:00+00:00,gbpusd,1.38793,1.38793,1.38761,1.3877
2021-04-25 22:00:00+00:00,gbpusd,1.38771,1.38803,1.38756,1.38791
2021-04-25 22:15:00+00:00,gbpusd,1.3878,1.3879,1.38775,1.3878
2021-04-25 22:30:00+00:00,gbpusd,1.38746,1.38811,1.38738,1.38781
2021-04-25 22:45:00+00:00,gbpusd,1.38734,1.38763,1.38734,1.38745
2021-04-25 23:00:00+00:00,gbpusd,1.38738,1.38767,1.38707,1.38735
2021-04-25 23:15:00+00:00,gbpusd,1.38696,1.38737,1.38685,1.38737
2021-04-25 23:30:00+00:00,gbpusd,1.38767,1.38767,1.38687,1.38695
2021-04-25 23:45:00+00:00,gbpusd,1.3865,1.38767,1.38647,1.38766
2021-04-26 00:00:00+00:00,gbpusd,1.38748,1.38799,1.38651,1.38651
2021-04-26 00:15:00+00:00,gbpusd,1.38784,1.38787,1.38731,1.3875
2021-04-26 00:30:00+00:00,gbpusd,1.38918,1.38932,1.38777,1.38784
2021-04-26 00:45:00+00:00,gbpusd,1.38877,1.38924,1.38839,1.38917
2021-04-26 01:00:00+00:00,gbpusd,1.38919,1.38968,1.38874,1.38876
2021-04-26 01:15:00+00:00,gbpusd,1.389605,1.38964,1.38895,1.3892
2021-04-26 01:30:00+00:00,gbpusd,1.3892,1.38961,1.38895,1.38961
2021-04-26 01:45:00+00:00,gbpusd,1.38989,1.39004,1.38918,1.3892
2021-04-26 02:00:00+00:00,gbpusd,1.39003,1.39006,1.38948,1.3899
2021-04-26 02:15:00+00:00,gbpusd,1.39025,1.39034,1.38959,1.39004
2021-04-26 02:30:00+00:00,gbpusd,1.39027,1.39036,1.39005,1.39025
2021-04-26 02:45:00+00:00,gbpusd,1.39035,1.39052,1.3902,1.39027
2021-04-26 03:00:00+00:00,gbpusd,1.39047,1.39075,1.39026,1.39035
2021-04-26 03:15:00+00:00,gbpusd,1.39035,1.39071,1.39019,1.39047
2021-04-26 03:30:00+00:00,gbpusd,1.39029,1.39036,1.39006,1.39034
2021-04-26 03:45:00+00:00,gbpusd,1.39007,1.39037,1.39,1.39029
2021-04-26 04:00:00+00:00,gbpusd,1.39047,1.39059,1.39004,1.39006
2021-04-26 04:15:00+00:00,gbpusd,1.39055,1.39078,1.39041,1.39048
2021-04-26 04:30:00+00:00,gbpusd,1.39057,1.39063,1.39047,1.39056
2021-04-26 04:45:00+00:00,gbpusd,1.39027,1.39068,1.39015,1.39056
2021-04-26 05:00:00+00:00,gbpusd,1.39008,1.39036,1.38998,1.39026
2021-04-26 05:15:00+00:00,gbpusd,1.39026,1.39039,1.39006,1.39009
2021-04-26 05:30:00+00:00,gbpusd,1.39038,1.39071,1.39015,1.39027
2021-04-26 05:45:00+00:00,gbpusd,1.3897,1.39051,1.3897,1.39037
2021-04-26 06:00:00+00:00,gbpusd,1.39007,1.39007,1.38909,1.38971
2021-04-26 06:15:00+00:00,gbpusd,1.39047,1.39047,1.3894,1.39007
2021-04-26 06:30:00+00:00,gbpusd,1.39113,1.39136,1.38996,1.39048
2021-04-26 06:45:00+00:00,gbpusd,1.39058,1.39112,1.39032,1.39112
2021-04-26 07:00:00+00:00,gbpusd,1.39249,1.39295,1.3903,1.39057
2021-04-26 07:15:00+00:00,gbpusd,1.39244,1.39291,1.39193,1.3925
2021-04-26 07:30:00+00:00,gbpusd,1.39194,1.39249,1.39164,1.39243
2021-04-26 07:45:00+00:00,gbpusd,1.39248,1.39257,1.39174,1.39195
2021-04-26 08:00:00+00:00,gbpusd,1.39283,1.39293,1.39214,1.39249
2021-04-26 08:15:00+00:00,gbpusd,1.39264,1.39289,1.39212,1.39284
2021-04-26 08:30:00+00:00,gbpusd,1.39059,1.3927,1.3905,1.39265
2021-04-26 08:45:00+00:00,gbpusd,1.39047,1.39069,1.38936,1.3906
2021-04-26 09:00:00+00:00,gbpusd,1.39144,1.39148,1.39005,1.39048
2021-04-26 09:15:00+00:00,gbpusd,1.39204,1.39265,1.39145,1.39145
2021-04-26 09:30:00+00:00,gbpusd,1.39144,1.39228,1.39133,1.39205
2021-04-26 09:45:00+00:00,gbpusd,1.3915,1.39175,1.39115,1.39143
2021-04-26 10:00:00+00:00,gbpusd,1.39077,1.3919,1.39077,1.39149
2021-04-26 10:15:00+00:00,gbpusd,1.39125,1.39154,1.39073,1.39078
2021-04-26 10:30:00+00:00,gbpusd,1.39085,1.39125,1.39049,1.39124
2021-04-26 10:45:00+00:00,gbpusd,1.38987,1.39091,1.38987,1.39086
2021-04-26 11:00:00+00:00,gbpusd,1.38985,1.38997,1.38856,1.38986
2021-04-26 11:15:00+00:00,gbpusd,1.39019,1.39043,1.38959,1.38986
2021-04-26 11:30:00+00:00,gbpusd,1.38912,1.39023,1.38905,1.39018
2021-04-26 11:45:00+00:00,gbpusd,1.38899,1.38929,1.38823,1.38913
2021-04-26 12:00:00+00:00,gbpusd,1.3894,1.38976,1.3889,1.389
2021-04-26 12:15:00+00:00,gbpusd,1.38828,1.38949,1.38794,1.38939
2021-04-26 12:30:00+00:00,gbpusd,1.38769,1.38839,1.3873,1.38823
2021-04-26 12:45:00+00:00,gbpusd,1.38687,1.38795,1.38672,1.3877
2021-04-26 13:00:00+00:00,gbpusd,1.38721,1.38769,1.38659,1.38688
2021-04-26 13:15:00+00:00,gbpusd,1.38835,1.38846,1.38706,1.3872
2021-04-26 13:30:00+00:00,gbpusd,1.38883,1.38956,1.3883,1.38836
2021-04-26 13:45:00+00:00,gbpusd,1.38874,1.38888,1.38817,1.38885
2021-04-26 14:00:00+00:00,gbpusd,1.38907,1.38968,1.3887,1.38875
2021-04-26 14:15:00+00:00,gbpusd,1.389,1.38958,1.38887,1.38908
2021-04-26 14:30:00+00:00,gbpusd,1.38909,1.38946,1.38866,1.38901
2021-04-26 14:45:00+00:00,gbpusd,1.38924,1.39047,1.38908,1.3891
2021-04-26 15:00:00+00:00,gbpusd,1.3883,1.38979,1.38804,1.38928
2021-04-26 15:15:00+00:00,gbpusd,1.38864,1.38883,1.38831,1.38831
2021-04-26 15:30:00+00:00,gbpusd,1.38877,1.38892,1.38825,1.38865
2021-04-26 15:45:00+00:00,gbpusd,1.38899,1.38906,1.3884,1.38876
2021-04-26 16:00:00+00:00,gbpusd,1.38849,1.38903,1.38834,1.389
2021-04-26 16:15:00+00:00,gbpusd,1.38819,1.38853,1.38776,1.38848
2021-04-26 16:30:00+00:00,gbpusd,1.38851,1.38856,1.38805,1.3882
2021-04-26 16:45:00+00:00,gbpusd,1.38873,1.38887,1.38824,1.38852
2021-04-26 17:00:00+00:00,gbpusd,1.38896,1.38906,1.38872,1.38874
2021-04-26 17:15:00+00:00,gbpusd,1.38874,1.38907,1.38857,1.38897
2021-04-26 17:30:00+00:00,gbpusd,1.38886,1.38916,1.3887,1.38875
2021-04-26 17:45:00+00:00,gbpusd,1.38937,1.38954,1.38883,1.38885
2021-04-26 18:00:00+00:00,gbpusd,1.38996,1.39025,1.38937,1.38938
2021-04-26 18:15:00+00:00,gbpusd,1.39006,1.39017,1.38975,1.38995
2021-04-26 18:30:00+00:00,gbpusd,1.38996,1.39016,1.38979,1.39007
2021-04-26 18:45:00+00:00,gbpusd,1.39064,1.39067,1.38975,1.38995
2021-04-26 19:00:00+00:00,gbpusd,1.39075,1.39084,1.39031,1.39065
2021-04-26 19:15:00+00:00,gbpusd,1.3902,1.39075,1.3902,1.39074
2021-04-26 19:30:00+00:00,gbpusd,1.39064,1.39065,1.39,1.39019
2021-04-26 19:45:00+00:00,gbpusd,1.39066,1.39073,1.39045,1.39065
2021-04-26 20:00:00+00:00,gbpusd,1.39024,1.39065,1.39022,1.39065
2021-04-26 20:15:00+00:00,gbpusd,1.38994,1.39023,1.38993,1.39023
2021-04-26 20:30:00+00:00,gbpusd,1.39017,1.39018,1.38983,1.38995
2021-04-26 20:45:00+00:00,gbpusd,1.3901,1.39064,1.38986,1.39018
2021-04-26 21:00:00+00:00,gbpusd,1.38994,1.38996,1.38968,1.38989
2021-04-26 21:15:00+00:00,gbpusd,1.38989,1.39017,1.38985,1.38985
2021-04-26 21:30:00+00:00,gbpusd,1.38989,1.39017,1.38984,1.3899
2021-04-26 21:45:00+00:00,gbpusd,1.3899,1.3902,1.38958,1.3899
2021-04-26 22:00:00+00:00,gbpusd,1.39005,1.39006,1.38983,1.38991
2021-04-26 22:15:00+00:00,gbpusd,1.38987,1.39007,1.38986,1.39006
2021-04-26 22:30:00+00:00,gbpusd,1.38987,1.38998,1.38976,1.38986
2021-04-26 22:45:00+00:00,gbpusd,1.38969,1.38991,1.38967,1.38986
2021-04-26 23:00:00+00:00,gbpusd,1.38951,1.38985,1.38946,1.38968
2021-04-26 23:15:00+00:00,gbpusd,1.38948,1.38956,1.38927,1.38952
2021-04-26 23:30:00+00:00,gbpusd,1.38954,1.38959,1.38936,1.38949
2021-04-26 23:45:00+00:00,gbpusd,1.38949,1.38982,1.38946,1.38953
2021-04-27 00:00:00+00:00,gbpusd,1.3901,1.39023,1.38925,1.38948
2021-04-27 00:15:00+00:00,gbpusd,1.38981,1.3902,1.38976,1.39009
2021-04-27 00:30:00+00:00,gbpusd,1.38911,1.38982,1.38882,1.3898
2021-04-27 00:45:00+00:00,gbpusd,1.38924,1.38941,1.38894,1.3891
2021-04-27 01:00:00+00:00,gbpusd,1.38856,1.38948,1.38843,1.38925
2021-04-27 01:15:00+00:00,gbpusd,1.38864,1.38869,1.38818,1.38857
2021-04-27 01:30:00+00:00,gbpusd,1.38846,1.3889,1.38825,1.38865
2021-04-27 01:45:00+00:00,gbpusd,1.38883,1.38903,1.38834,1.38847
2021-04-27 02:00:00+00:00,gbpusd,1.38862,1.38899,1.38818,1.38884
2021-04-27 02:15:00+00:00,gbpusd,1.38768,1.38868,1.38768,1.38863
2021-04-27 02:30:00+00:00,gbpusd,1.38756,1.38777,1.38756,1.38767
2021-04-27 02:45:00+00:00,gbpusd,1.38777,1.38797,1.38749,1.38755
2021-04-27 03:00:00+00:00,gbpusd,1.38806,1.38807,1.38764,1.38776
2021-04-27 03:15:00+00:00,gbpusd,1.38817,1.38837,1.38805,1.38805
2021-04-27 03:30:00+00:00,gbpusd,1.38837,1.38849,1.38809,1.38818
2021-04-27 03:45:00+00:00,gbpusd,1.38808,1.38837,1.38793,1.38836
2021-04-27 04:00:00+00:00,gbpusd,1.38835,1.38844,1.38794,1.3881
2021-04-27 04:15:00+00:00,gbpusd,1.38897,1.38908,1.38835,1.38836
2021-04-27 04:30:00+00:00,gbpusd,1.3888,1.389,1.38866,1.38898
2021-04-27 04:45:00+00:00,gbpusd,1.38891,1.38904,1.38876,1.38881
2021-04-27 05:00:00+00:00,gbpusd,1.38887,1.3891,1.38883,1.38892
2021-04-27 05:15:00+00:00,gbpusd,1.38929,1.38931,1.38885,1.38886
2021-04-27 05:30:00+00:00,gbpusd,1.38952,1.38968,1.38919,1.3893
2021-04-27 05:45:00+00:00,gbpusd,1.38936,1.38965,1.38878,1.38951
2021-04-27 06:00:00+00:00,gbpusd,1.38896,1.38977,1.38887,1.38937
2021-04-27 06:15:00+00:00,gbpusd,1.38921,1.38937,1.38866,1.38897
2021-04-27 06:30:00+00:00,gbpusd,1.38852,1.3896,1.3882,1.38922
2021-04-27 06:45:00+00:00,gbpusd,1.38867,1.38868,1.38785,1.38851
2021-04-27 07:00:00+00:00,gbpusd,1.38809,1.3901,1.38804,1.38868
2021-04-27 07:15:00+00:00,gbpusd,1.38744,1.38863,1.38715,1.38808
2021-04-27 07:30:00+00:00,gbpusd,1.38808,1.38828,1.38698,1.38745
2021-04-27 07:45:00+00:00,gbpusd,1.38866,1.38896,1.38786,1.38807
2021-04-27 08:00:00+00:00,gbpusd,1.38789,1.38897,1.38767,1.38865
2021-04-27 08:15:00+00:00,gbpusd,1.38767,1.38836,1.38735,1.38787
2021-04-27 08:30:00+00:00,gbpusd,1.38735,1.38778,1.38728,1.38766
2021-04-27 08:45:00+00:00,gbpusd,1.38599,1.38734,1.38588,1.38734
2021-04-27 09:00:00+00:00,gbpusd,1.38633,1.38707,1.38588,1.386
2021-04-27 09:15:00+00:00,gbpusd,1.38679,1.38698,1.38624,1.38632
2021-04-27 09:30:00+00:00,gbpusd,1.38776,1.38779,1.38675,1.3868
2021-04-27 09:45:00+00:00,gbpusd,1.38854,1.38861,1.38749,1.38777
2021-04-27 10:00:00+00:00,gbpusd,1.3895,1.38964,1.38818,1.38855
2021-04-27 10:15:00+00:00,gbpusd,1.38965,1.38975,1.38888,1.38949
2021-04-27 10:30:00+00:00,gbpusd,1.39095,1.39122,1.38961,1.38966
2021-04-27 10:45:00+00:00,gbpusd,1.39116,1.39171,1.39076,1.39096
2021-04-27 11:00:00+00:00,gbpusd,1.39123,1.3913,1.39058,1.39117
2021-04-27 11:15:00+00:00,gbpusd,1.39095,1.39161,1.39088,1.39124
2021-04-27 11:30:00+00:00,gbpusd,1.39146,1.39156,1.39089,1.39094
2021-04-27 11:45:00+00:00,gbpusd,1.3907,1.39179,1.39035,1.39147
2021-04-27 12:00:00+00:00,gbpusd,1.39111,1.39136,1.39037,1.39071
2021-04-27 12:15:00+00:00,gbpusd,1.39067,1.39168,1.39045,1.39112
2021-04-27 12:30:00+00:00,gbpusd,1.38993,1.39066,1.38939,1.39066
2021-04-27 12:45:00+00:00,gbpusd,1.39044,1.39075,1.38929,1.38994
2021-04-27 13:00:00+00:00,gbpusd,1.38953,1.39057,1.38934,1.39045
2021-04-27 13:15:00+00:00,gbpusd,1.3889,1.38987,1.38875,1.38952
2021-04-27 13:30:00+00:00,gbpusd,1.38932,1.38934,1.38866,1.38892
2021-04-27 13:45:00+00:00,gbpusd,1.39013,1.39047,1.38927,1.38931
2021-04-27 14:00:00+00:00,gbpusd,1.39125,1.39126,1.38976,1.39014
2021-04-27 14:15:00+00:00,gbpusd,1.39048,1.39125,1.39047,1.3912
2021-04-27 14:30:00+00:00,gbpusd,1.39085,1.39158,1.39046,1.39047
2021-04-27 14:45:00+00:00,gbpusd,1.39153,1.39241,1.3907,1.39086
2021-04-27 15:00:00+00:00,gbpusd,1.39133,1.39158,1.39123,1.39152
2021-04-27 15:15:00+00:00,gbpusd,1.39201,1.39216,1.39116,1.39134
2021-04-27 15:30:00+00:00,gbpusd,1.39175,1.39224,1.39146,1.39203
2021-04-27 15:45:00+00:00,gbpusd,1.39075,1.39177,1.39072,1.39176
2021-04-27 16:00:00+00:00,gbpusd,1.39046,1.39125,1.39019,1.39076
2021-04-27 16:15:00+00:00,gbpusd,1.3899,1.39048,1.38967,1.39047
2021-04-27 16:30:00+00:00,gbpusd,1.39121,1.39125,1.38989,1.38989
2021-04-27 16:45:00+00:00,gbpusd,1.39061,1.39148,1.39045,1.39122
2021-04-27 17:00:00+00:00,gbpusd,1.39142,1.39147,1.39057,1.39062
2021-04-27 17:15:00+00:00,gbpusd,1.39106,1.39146,1.39104,1.39143
2021-04-27 17:30:00+00:00,gbpusd,1.39086,1.3913,1.39086,1.39105
2021-04-27 17:45:00+00:00,gbpusd,1.39091,1.39102,1.39079,1.39085
2021-04-27 18:00:00+00:00,gbpusd,1.39039,1.39106,1.39037,1.39092
2021-04-27 18:15:00+00:00,gbpusd,1.39087,1.39091,1.39037,1.3904
2021-04-27 18:30:00+00:00,gbpusd,1.39074,1.3909,1.39066,1.39086
2021-04-27 18:45:00+00:00,gbpusd,1.39018,1.3908,1.39017,1.39073
2021-04-27 19:00:00+00:00,gbpusd,1.39047,1.39048,1.39007,1.39017
2021-04-27 19:15:00+00:00,gbpusd,1.39025,1.3905,1.39021,1.39048
2021-04-27 19:30:00+00:00,gbpusd,1.39016,1.39028,1.39008,1.39024
2021-04-27 19:45:00+00:00,gbpusd,1.39048,1.39071,1.39012,1.39017
2021-04-27 20:00:00+00:00,gbpusd,1.39047,1.39079,1.39044,1.39047
2021-04-27 20:15:00+00:00,gbpusd,1.39048,1.39057,1.39034,1.39046
2021-04-27 20:30:00+00:00,gbpusd,1.39041,1.39058,1.39038,1.39047
2021-04-27 20:45:00+00:00,gbpusd,1.39117,1.39118,1.39039,1.39042
2021-04-27 21:00:00+00:00,gbpusd,1.39067,1.39121,1.3905,1.39106
2021-04-27 21:15:00+00:00,gbpusd,1.39007,1.39076,1.39004,1.39065
2021-04-27 21:30:00+00:00,gbpusd,1.38998,1.39017,1.38992,1.3901
2021-04-27 21:45:00+00:00,gbpusd,1.39069,1.3909,1.38999,1.39001
2021-04-27 22:00:00+00:00,gbpusd,1.38995,1.39071,1.38995,1.39068
2021-04-27 22:15:00+00:00,gbpusd,1.39007,1.3902,1.38996,1.38996
2021-04-27 22:30:00+00:00,gbpusd,1.39045,1.39046,1.39001,1.39008
2021-04-27 22:45:00+00:00,gbpusd,1.39036,1.39052,1.39019,1.39046
2021-04-27 23:00:00+00:00,gbpusd,1.39046,1.39057,1.39035,1.39037
2021-04-27 23:15:00+00:00,gbpusd,1.39033,1.39046,1.39018,1.39045
2021-04-27 23:30:00+00:00,gbpusd,1.39037,1.3907,1.39029,1.39032
2021-04-27 23:45:00+00:00,gbpusd,1.3903,1.39049,1.3903,1.39038
2021-04-28 00:00:00+00:00,gbpusd,1.38997,1.39034,1.38975,1.39031
2021-04-28 00:15:00+00:00,gbpusd,1.38926,1.39002,1.38922,1.38998
2021-04-28 00:30:00+00:00,gbpusd,1.38909,1.38939,1.38904,1.38925
2021-04-28 00:45:00+00:00,gbpusd,1.38879,1.38919,1.38876,1.38908
2021-04-28 01:00:00+00:00,gbpusd,1.38828,1.38921,1.38822,1.3888
2021-04-28 01:15:00+00:00,gbpusd,1.3882,1.38851,1.38816,1.38829
2021-04-28 01:30:00+00:00,gbpusd,1.38778,1.3883,1.38751,1.38819
2021-04-28 01:45:00+00:00,gbpusd,1.38785,1.3881,1.38769,1.38779
2021-04-28 02:00:00+00:00,gbpusd,1.38821,1.38831,1.38774,1.38784
2021-04-28 02:15:00+00:00,gbpusd,1.38832,1.38841,1.38815,1.38822
2021-04-28 02:30:00+00:00,gbpusd,1.38816,1.38832,1.38775,1.38831
2021-04-28 02:45:00+00:00,gbpusd,1.38777,1.38832,1.38776,1.38817
2021-04-28 03:00:00+00:00,gbpusd,1.38758,1.38795,1.38746,1.38776
2021-04-28 03:15:00+00:00,gbpusd,1.38764,1.38769,1.38739,1.38759
2021-04-28 03:30:00+00:00,gbpusd,1.38749,1.38772,1.38749,1.38765
2021-04-28 03:45:00+00:00,gbpusd,1.38749,1.3877,1.38746,1.3875
2021-04-28 04:00:00+00:00,gbpusd,1.38759,1.38771,1.38745,1.3875
2021-04-28 04:15:00+00:00,gbpusd,1.388,1.38809,1.38745,1.3876
2021-04-28 04:30:00+00:00,gbpusd,1.38781,1.38801,1.38759,1.38801
2021-04-28 04:45:00+00:00,gbpusd,1.38749,1.38781,1.38744,1.3878
2021-04-28 05:00:00+00:00,gbpusd,1.3883,1.38836,1.38749,1.3875
2021-04-28 05:15:00+00:00,gbpusd,1.3885,1.3886,1.38819,1.38829
2021-04-28 05:30:00+00:00,gbpusd,1.38819,1.3888,1.38819,1.38851
2021-04-28 05:45:00+00:00,gbpusd,1.3882,1.38842,1.38809,1.38818
2021-04-28 06:00:00+00:00,gbpusd,1.38882,1.389,1.3879,1.38819
2021-04-28 06:15:00+00:00,gbpusd,1.38783,1.38921,1.3877,1.38882
2021-04-28 06:30:00+00:00,gbpusd,1.38732,1.38785,1.38715,1.38782
2021-04-28 06:45:00+00:00,gbpusd,1.38691,1.38751,1.38683,1.38734
2021-04-28 07:00:00+00:00,gbpusd,1.38749,1.38773,1.38654,1.38691
2021-04-28 07:15:00+00:00,gbpusd,1.38651,1.38759,1.38626,1.3875
2021-04-28 07:30:00+00:00,gbpusd,1.38757,1.38761,1.38634,1.3865
2021-04-28 07:45:00+00:00,gbpusd,1.38738,1.3881,1.3873,1.38756
2021-04-28 08:00:00+00:00,gbpusd,1.38736,1.38776,1.3873,1.38739
2021-04-28 08:15:00+00:00,gbpusd,1.3883,1.38841,1.38689,1.38735
2021-04-28 08:30:00+00:00,gbpusd,1.38803,1.38893,1.38787,1.38831
2021-04-28 08:45:00+00:00,gbpusd,1.38813,1.38878,1.38796,1.38804
2021-04-28 09:00:00+00:00,gbpusd,1.3884,1.38884,1.38775,1.38812
2021-04-28 09:15:00+00:00,gbpusd,1.38829,1.38871,1.38792,1.38841
2021-04-28 09:30:00+00:00,gbpusd,1.38913,1.38914,1.38796,1.38828
2021-04-28 09:45:00+00:00,gbpusd,1.38891,1.3897,1.38871,1.38912
2021-04-28 10:00:00+00:00,gbpusd,1.38903,1.38941,1.38864,1.38891
2021-04-28 10:15:00+00:00,gbpusd,1.38812,1.38902,1.38803,1.38902
2021-04-28 10:30:00+00:00,gbpusd,1.38771,1.38818,1.38734,1.38811
2021-04-28 10:45:00+00:00,gbpusd,1.38667,1.38796,1.38642,1.3877
2021-04-28 11:00:00+00:00,gbpusd,1.38642,1.38682,1.38611,1.38669
2021-04-28 11:15:00+00:00,gbpusd,1.38641,1.3867,1.38636,1.38643
2021-04-28 11:30:00+00:00,gbpusd,1.38763,1.3877,1.3864,1.3864
2021-04-28 11:45:00+00:00,gbpusd,1.38783,1.38788,1.38722,1.38762
2021-04-28 12:00:00+00:00,gbpusd,1.38761,1.38836,1.38759,1.38782
2021-04-28 12:15:00+00:00,gbpusd,1.38687,1.38786,1.38673,1.38762
2021-04-28 12:30:00+00:00,gbpusd,1.38716,1.38775,1.38659,1.38686
2021-04-28 12:45:00+00:00,gbpusd,1.38681,1.38719,1.38643,1.38715
2021-04-28 13:00:00+00:00,gbpusd,1.38802,1.38803,1.38673,1.38682
2021-04-28 13:15:00+00:00,gbpusd,1.38751,1.38864,1.3875,1.38801
2021-04-28 13:30:00+00:00,gbpusd,1.3886,1.38879,1.38746,1.38753
2021-04-28 13:45:00+00:00,gbpusd,1.38955,1.38955,1.38839,1.38859
2021-04-28 14:00:00+00:00,gbpusd,1.39,1.39006,1.38923,1.38953
2021-04-28 14:15:00+00:00,gbpusd,1.39114,1.39171,1.38976,1.38997
2021-04-28 14:30:00+00:00,gbpusd,1.39181,1.39201,1.39079,1.39117
2021-04-28 14:45:00+00:00,gbpusd,1.39064,1.3923,1.39004,1.39174
2021-04-28 15:00:00+00:00,gbpusd,1.39105,1.39147,1.39014,1.39063
2021-04-28 15:15:00+00:00,gbpusd,1.39172,1.39198,1.39101,1.39106
2021-04-28 15:30:00+00:00,gbpusd,1.39172,1.39199,1.3913,1.39171
2021-04-28 15:45:00+00:00,gbpusd,1.39157,1.392,1.39128,1.39171
2021-04-28 16:00:00+00:00,gbpusd,1.39086,1.39159,1.39083,1.39158
2021-04-28 16:15:00+00:00,gbpusd,1.3914,1.39141,1.39071,1.39087
2021-04-28 16:30:00+00:00,gbpusd,1.39121,1.39172,1.39116,1.39141
2021-04-28 16:45:00+00:00,gbpusd,1.39149,1.3919,1.3912,1.3912
2021-04-28 17:00:00+00:00,gbpusd,1.3909,1.39161,1.39087,1.3915
2021-04-28 17:15:00+00:00,gbpusd,1.39052,1.391,1.39003,1.39091
2021-04-28 17:30:00+00:00,gbpusd,1.39005,1.39061,1.39,1.39053
2021-04-28 17:45:00+00:00,gbpusd,1.39025,1.39043,1.38992,1.39004
2021-04-28 18:00:00+00:00,gbpusd,1.39086,1.39131,1.38895,1.39026
2021-04-28 18:15:00+00:00,gbpusd,1.39177,1.39243,1.39076,1.39085
2021-04-28 18:30:00+00:00,gbpusd,1.39456,1.39497,1.39129,1.39176
2021-04-28 18:45:00+00:00,gbpusd,1.39467,1.39504,1.39372,1.39462
2021-04-28 19:00:00+00:00,gbpusd,1.39351,1.39446,1.39322,1.3944
2021-04-28 19:15:00+00:00,gbpusd,1.39425,1.39436,1.3934,1.39352
2021-04-28 19:30:00+00:00,gbpusd,1.39458,1.39474,1.3939,1.39424
2021-04-28 19:45:00+00:00,gbpusd,1.3946,1.39472,1.39416,1.39457
2021-04-28 20:00:00+00:00,gbpusd,1.39427,1.39487,1.39423,1.39459
2021-04-28 20:15:00+00:00,gbpusd,1.39403,1.3943,1.394,1.39428
2021-04-28 20:30:00+00:00,gbpusd,1.39412,1.39425,1.39402,1.39404
2021-04-28 20:45:00+00:00,gbpusd,1.39382,1.39442,1.39382,1.39411
2021-04-28 21:00:00+00:00,gbpusd,1.39379,1.39398,1.39362,1.39398
2021-04-28 21:15:00+00:00,gbpusd,1.39378,1.39395,1.39372,1.39374
2021-04-28 21:30:00+00:00,gbpusd,1.39387,1.39403,1.39378,1.39386
2021-04-28 21:45:00+00:00,gbpusd,1.39377,1.39395,1.3935,1.39385
2021-04-28 22:00:00+00:00,gbpusd,1.39446,1.39449,1.39369,1.39378
2021-04-28 22:15:00+00:00,gbpusd,1.39471,1.39485,1.39447,1.39447
2021-04-28 22:30:00+00:00,gbpusd,1.39508,1.39508,1.39468,1.39472
2021-04-28 22:45:00+00:00,gbpusd,1.39505,1.39565,1.39495,1.39509
2021-04-28 23:00:00+00:00,gbpusd,1.39522,1.39524,1.39492,1.39506
2021-04-28 23:15:00+00:00,gbpusd,1.39519,1.39551,1.39519,1.39521
2021-04-28 23:30:00+00:00,gbpusd,1.3952,1.3953,1.395,1.3952
2021-04-28 23:45:00+00:00,gbpusd,1.39544,1.39556,1.39509,1.39521
2021-04-29 00:00:00+00:00,gbpusd,1.3957,1.39584,1.39519,1.39545
2021-04-29 00:15:00+00:00,gbpusd,1.39556,1.39593,1.39542,1.39569
2021-04-29 00:30:00+00:00,gbpusd,1.39583,1.39589,1.39549,1.39555
2021-04-29 00:45:00+00:00,gbpusd,1.39644,1.39692,1.39581,1.39582
2021-04-29 01:00:00+00:00,gbpusd,1.39671,1.39697,1.3963,1.39645
2021-04-29 01:15:00+00:00,gbpusd,1.39663,1.39691,1.39624,1.3967
2021-04-29 01:30:00+00:00,gbpusd,1.39745,1.39767,1.39653,1.39662
2021-04-29 01:45:00+00:00,gbpusd,1.39679,1.39756,1.3967,1.39746
2021-04-29 02:00:00+00:00,gbpusd,1.39592,1.397,1.39581,1.39678
2021-04-29 02:15:00+00:00,gbpusd,1.39579,1.39592,1.39556,1.39591
2021-04-29 02:30:00+00:00,gbpusd,1.39552,1.39582,1.39541,1.39578
2021-04-29 02:45:00+00:00,gbpusd,1.39536,1.39558,1.3952,1.39553
2021-04-29 03:00:00+00:00,gbpusd,1.39533,1.39548,1.39504,1.39537
2021-04-29 03:15:00+00:00,gbpusd,1.39492,1.39567,1.39492,1.39534
2021-04-29 03:30:00+00:00,gbpusd,1.39428,1.39496,1.39402,1.39491
2021-04-29 03:45:00+00:00,gbpusd,1.39446,1.39455,1.39399,1.39427
2021-04-29 04:00:00+00:00,gbpusd,1.39451,1.39477,1.39426,1.39447
2021-04-29 04:15:00+00:00,gbpusd,1.39467,1.39472,1.39434,1.3945
2021-04-29 04:30:00+00:00,gbpusd,1.39493,1.39498,1.3946,1.39468
2021-04-29 04:45:00+00:00,gbpusd,1.3951,1.39529,1.3949,1.39494
2021-04-29 05:00:00+00:00,gbpusd,1.39555,1.39588,1.3951,1.39511
2021-04-29 05:15:00+00:00,gbpusd,1.39539,1.39566,1.39525,1.39554
2021-04-29 05:30:00+00:00,gbpusd,1.39551,1.39556,1.39513,1.3954
2021-04-29 05:45:00+00:00,gbpusd,1.39582,1.39598,1.39548,1.39552
2021-04-29 06:00:00+00:00,gbpusd,1.39564,1.39622,1.39539,1.39581
2021-04-29 06:15:00+00:00,gbpusd,1.39563,1.3958,1.39489,1.39563
2021-04-29 06:30:00+00:00,gbpusd,1.39613,1.3962,1.39528,1.39564
2021-04-29 06:45:00+00:00,gbpusd,1.3962,1.39645,1.39581,1.39612
2021-04-29 07:00:00+00:00,gbpusd,1.39617,1.39679,1.39572,1.39621
2021-04-29 07:15:00+00:00,gbpusd,1.39623,1.39641,1.39504,1.39618
2021-04-29 07:30:00+00:00,gbpusd,1.39679,1.39688,1.39599,1.39624
2021-04-29 07:45:00+00:00,gbpusd,1.39629,1.39699,1.3962,1.3968
2021-04-29 08:00:00+00:00,gbpusd,1.39601,1.39674,1.39601,1.3963
2021-04-29 08:15:00+00:00,gbpusd,1.39519,1.39619,1.39505,1.39596
2021-04-29 08:30:00+00:00,gbpusd,1.39388,1.39525,1.39337,1.3952
2021-04-29 08:45:00+00:00,gbpusd,1.3942,1.39471,1.39363,1.39389
2021-04-29 09:00:00+00:00,gbpusd,1.39511,1.39521,1.39379,1.39419
2021-04-29 09:15:00+00:00,gbpusd,1.39572,1.39575,1.39489,1.3951
2021-04-29 09:30:00+00:00,gbpusd,1.39546,1.39604,1.3952,1.39573
2021-04-29 09:45:00+00:00,gbpusd,1.39402,1.39617,1.39356,1.39545
2021-04-29 10:00:00+00:00,gbpusd,1.39443,1.39461,1.39357,1.39403
2021-04-29 10:15:00+00:00,gbpusd,1.39379,1.39443,1.39361,1.39442
2021-04-29 10:30:00+00:00,gbpusd,1.39323,1.39398,1.39323,1.3938
2021-04-29 10:45:00+00:00,gbpusd,1.39437,1.39443,1.39323,1.39324
2021-04-29 11:00:00+00:00,gbpusd,1.39477,1.39496,1.39408,1.39436
2021-04-29 11:15:00+00:00,gbpusd,1.39516,1.39516,1.3943,1.39478
2021-04-29 11:30:00+00:00,gbpusd,1.3947,1.39515,1.39456,1.39515
2021-04-29 11:45:00+00:00,gbpusd,1.39489,1.39515,1.39432,1.39471
2021-04-29 12:00:00+00:00,gbpusd,1.39563,1.39593,1.39487,1.39488
2021-04-29 12:15:00+00:00,gbpusd,1.39512,1.39582,1.3943,1.39564
2021-04-29 12:30:00+00:00,gbpusd,1.39604,1.39638,1.3948,1.39513
2021-04-29 12:45:00+00:00,gbpusd,1.3962,1.39663,1.39563,1.39603
2021-04-29 13:00:00+00:00,gbpusd,1.39492,1.39656,1.39441,1.39621
2021-04-29 13:15:00+00:00,gbpusd,1.39523,1.39564,1.39392,1.39491
2021-04-29 13:30:00+00:00,gbpusd,1.39544,1.39546,1.39467,1.39524
2021-04-29 13:45:00+00:00,gbpusd,1.39436,1.39583,1.39432,1.39543
2021-04-29 14:00:00+00:00,gbpusd,1.39461,1.39473,1.39379,1.39435
2021-04-29 14:15:00+00:00,gbpusd,1.39576,1.39584,1.39386,1.3946
2021-04-29 14:30:00+00:00,gbpusd,1.39483,1.39573,1.3948,1.39573
2021-04-29 14:45:00+00:00,gbpusd,1.39449,1.3957,1.39432,1.39485
2021-04-29 15:00:00+00:00,gbpusd,1.39524,1.39565,1.39445,1.39474
2021-04-29 15:15:00+00:00,gbpusd,1.39543,1.3956,1.39514,1.39525
2021-04-29 15:30:00+00:00,gbpusd,1.39461,1.39548,1.39443,1.39544
2021-04-29 15:45:00+00:00,gbpusd,1.39546,1.39564,1.39462,1.39462
2021-04-29 16:00:00+00:00,gbpusd,1.39476,1.39548,1.39444,1.39545
2021-04-29 16:15:00+00:00,gbpusd,1.39436,1.39495,1.39417,1.39475
2021-04-29 16:30:00+00:00,gbpusd,1.39447,1.39465,1.39421,1.39437
2021-04-29 16:45:00+00:00,gbpusd,1.39424,1.39477,1.39409,1.39446
2021-04-29 17:00:00+00:00,gbpusd,1.39465,1.3947,1.39392,1.39425
2021-04-29 17:15:00+00:00,gbpusd,1.39464,1.3948,1.39442,1.39466
2021-04-29 17:30:00+00:00,gbpusd,1.39474,1.39478,1.39434,1.39465
2021-04-29 17:45:00+00:00,gbpusd,1.39403,1.39478,1.39391,1.39475
2021-04-29 18:00:00+00:00,gbpusd,1.39365,1.39411,1.39348,1.39402
2021-04-29 18:15:00+00:00,gbpusd,1.39394,1.39395,1.39365,1.39366
2021-04-29 18:30:00+00:00,gbpusd,1.39475,1.39475,1.39393,1.39394
2021-04-29 18:45:00+00:00,gbpusd,1.39491,1.39494,1.39454,1.39476
2021-04-29 19:00:00+00:00,gbpusd,1.39474,1.3951,1.39471,1.39492
2021-04-29 19:15:00+00:00,gbpusd,1.39422,1.39483,1.39422,1.39475
2021-04-29 19:30:00+00:00,gbpusd,1.39455,1.39463,1.3942,1.39423
2021-04-29 19:45:00+00:00,gbpusd,1.39504,1.39515,1.39452,1.39456
2021-04-29 20:00:00+00:00,gbpusd,1.39442,1.39507,1.39441,1.39505
2021-04-29 20:15:00+00:00,gbpusd,1.39414,1.39445,1.39403,1.39443
2021-04-29 20:30:00+00:00,gbpusd,1.39416,1.39417,1.39403,1.39413
2021-04-29 20:45:00+00:00,gbpusd,1.39435,1.39448,1.39404,1.39415
2021-04-29 21:00:00+00:00,gbpusd,1.39399,1.39442,1.39383,1.39442
2021-04-29 21:15:00+00:00,gbpusd,1.39421,1.39432,1.39383,1.39396
2021-04-29 21:30:00+00:00,gbpusd,1.39411,1.39425,1.39395,1.39424
2021-04-29 21:45:00+00:00,gbpusd,1.39439,1.39439,1.39408,1.39418
2021-04-29 22:00:00+00:00,gbpusd,1.39407,1.39442,1.39404,1.39433
2021-04-29 22:15:00+00:00,gbpusd,1.39408,1.39423,1.39406,1.39408
2021-04-29 22:30:00+00:00,gbpusd,1.39427,1.3944,1.39406,1.39409
2021-04-29 22:45:00+00:00,gbpusd,1.39438,1.39443,1.39406,1.39428
2021-04-29 23:00:00+00:00,gbpusd,1.39477,1.3948,1.39434,1.39437
2021-04-29 23:15:00+00:00,gbpusd,1.39492,1.39502,1.39459,1.39476
2021-04-29 23:30:00+00:00,gbpusd,1.3952,1.39526,1.39485,1.39491
2021-04-29 23:45:00+00:00,gbpusd,1.39503,1.39522,1.39492,1.39521
2021-04-30 00:00:00+00:00,gbpusd,1.39465,1.39524,1.39432,1.39504
2021-04-30 00:15:00+00:00,gbpusd,1.39531,1.39537,1.39457,1.39464
2021-04-30 00:30:00+00:00,gbpusd,1.39523,1.39537,1.39479,1.3953
2021-04-30 00:45:00+00:00,gbpusd,1.39536,1.39546,1.39452,1.39524
2021-04-30 01:00:00+00:00,gbpusd,1.39546,1.39585,1.39525,1.39535
2021-04-30 01:15:00+00:00,gbpusd,1.39545,1.39573,1.39525,1.39545
2021-04-30 01:30:00+00:00,gbpusd,1.39534,1.39583,1.39515,1.39544
2021-04-30 01:45:00+00:00,gbpusd,1.39544,1.39558,1.39529,1.39534
2021-04-30 02:00:00+00:00,gbpusd,1.39515,1.39552,1.39503,1.39543
2021-04-30 02:15:00+00:00,gbpusd,1.39494,1.39538,1.39493,1.39516
2021-04-30 02:30:00+00:00,gbpusd,1.39475,1.39495,1.39467,1.39493
2021-04-30 02:45:00+00:00,gbpusd,1.39475,1.39484,1.39457,1.39476
2021-04-30 03:00:00+00:00,gbpusd,1.39469,1.39492,1.39464,1.39474
2021-04-30 03:15:00+00:00,gbpusd,1.39444,1.39478,1.39444,1.3947
2021-04-30 03:30:00+00:00,gbpusd,1.3946,1.39465,1.39424,1.39443
2021-04-30 03:45:00+00:00,gbpusd,1.39465,1.3948,1.3945,1.39459
2021-04-30 04:00:00+00:00,gbpusd,1.39488,1.39494,1.39457,1.39464
2021-04-30 04:15:00+00:00,gbpusd,1.39509,1.39509,1.39484,1.39487
2021-04-30 04:30:00+00:00,gbpusd,1.39484,1.3951,1.39475,1.39508
2021-04-30 04:45:00+00:00,gbpusd,1.39454,1.39486,1.39445,1.39485
2021-04-30 05:00:00+00:00,gbpusd,1.39389,1.39455,1.39384,1.39455
2021-04-30 05:15:00+00:00,gbpusd,1.39405,1.39415,1.39374,1.39388
2021-04-30 05:30:00+00:00,gbpusd,1.39421,1.39422,1.39367,1.39406
2021-04-30 05:45:00+00:00,gbpusd,1.39374,1.39422,1.39347,1.39422
2021-04-30 06:00:00+00:00,gbpusd,1.39337,1.39396,1.3933,1.39375
2021-04-30 06:15:00+00:00,gbpusd,1.39365,1.39423,1.39336,1.39337
2021-04-30 06:30:00+00:00,gbpusd,1.39436,1.39443,1.39357,1.39364
2021-04-30 06:45:00+00:00,gbpusd,1.39344,1.39467,1.39334,1.39437
2021-04-30 07:00:00+00:00,gbpusd,1.39227,1.39364,1.39196,1.39345
2021-04-30 07:15:00+00:00,gbpusd,1.39173,1.39252,1.3909,1.39226
2021-04-30 07:30:00+00:00,gbpusd,1.39206,1.39216,1.39136,1.39174
2021-04-30 07:45:00+00:00,gbpusd,1.39147,1.39242,1.39137,1.39205
2021-04-30 08:00:00+00:00,gbpusd,1.39146,1.39172,1.39044,1.39148
2021-04-30 08:15:00+00:00,gbpusd,1.3918,1.39206,1.39133,1.39147
2021-04-30 08:30:00+00:00,gbpusd,1.39135,1.39185,1.39095,1.39181
2021-04-30 08:45:00+00:00,gbpusd,1.39075,1.39148,1.39045,1.39134
2021-04-30 09:00:00+00:00,gbpusd,1.39087,1.39103,1.39037,1.39074
2021-04-30 09:15:00+00:00,gbpusd,1.39097,1.39137,1.39045,1.39088
2021-04-30 09:30:00+00:00,gbpusd,1.39077,1.39114,1.39012,1.39096
2021-04-30 09:45:00+00:00,gbpusd,1.39079,1.3913,1.39052,1.39078
2021-04-30 10:00:00+00:00,gbpusd,1.39112,1.39132,1.39014,1.39078
2021-04-30 10:15:00+00:00,gbpusd,1.39179,1.39236,1.39091,1.39111
2021-04-30 10:30:00+00:00,gbpusd,1.39104,1.39193,1.39104,1.3918
2021-04-30 10:45:00+00:00,gbpusd,1.39082,1.391095,1.39027,1.39105
2021-04-30 11:00:00+00:00,gbpusd,1.39177,1.39179,1.39081,1.39083
2021-04-30 11:15:00+00:00,gbpusd,1.39186,1.39198,1.39156,1.39179
2021-04-30 11:30:00+00:00,gbpusd,1.39201,1.39225,1.39158,1.39185
2021-04-30 11:45:00+00:00,gbpusd,1.39065,1.39207,1.3905,1.39202
2021-04-30 12:00:00+00:00,gbpusd,1.39078,1.39134,1.39006,1.39064
2021-04-30 12:15:00+00:00,gbpusd,1.39038,1.39077,1.39012,1.39077
2021-04-30 12:30:00+00:00,gbpusd,1.38829,1.39038,1.38781,1.39037
2021-04-30 12:45:00+00:00,gbpusd,1.38787,1.38848,1.38725,1.38828
2021-04-30 13:00:00+00:00,gbpusd,1.38778,1.38845,1.38653,1.38788
2021-04-30 13:15:00+00:00,gbpusd,1.38802,1.38809,1.38724,1.38777
2021-04-30 13:30:00+00:00,gbpusd,1.38769,1.38876,1.38627,1.38802
2021-04-30 13:45:00+00:00,gbpusd,1.38762,1.3881,1.38649,1.3877
2021-04-30 14:00:00+00:00,gbpusd,1.3846,1.38765,1.38452,1.38763
2021-04-30 14:15:00+00:00,gbpusd,1.38694,1.38726,1.38453,1.38461
2021-04-30 14:30:00+00:00,gbpusd,1.38728,1.38728,1.38555,1.38693
2021-04-30 14:45:00+00:00,gbpusd,1.38508,1.38729,1.38418,1.38729
2021-04-30 15:00:00+00:00,gbpusd,1.38303,1.38502,1.38198,1.38502
2021-04-30 15:15:00+00:00,gbpusd,1.38127,1.3828,1.38074,1.3828
2021-04-30 15:30:00+00:00,gbpusd,1.38271,1.38273,1.38115,1.38128
2021-04-30 15:45:00+00:00,gbpusd,1.38367,1.38384,1.38258,1.3827
2021-04-30 16:00:00+00:00,gbpusd,1.38368,1.38421,1.38268,1.3837
2021-04-30 16:15:00+00:00,gbpusd,1.38347,1.38399,1.38317,1.38367
2021-04-30 16:30:00+00:00,gbpusd,1.38326,1.38349,1.38295,1.38348
2021-04-30 16:45:00+00:00,gbpusd,1.38298,1.38339,1.38241,1.38327
2021-04-30 17:00:00+00:00,gbpusd,1.38221,1.38309,1.38221,1.38297
2021-04-30 17:15:00+00:00,gbpusd,1.38154,1.38227,1.38137,1.38222
2021-04-30 17:30:00+00:00,gbpusd,1.38143,1.38197,1.38135,1.38155
2021-04-30 17:45:00+00:00,gbpusd,1.38046,1.38169,1.38034,1.38141
2021-04-30 18:15:00+00:00,gbpusd,1.38103,1.38103,1.38103,1.38103
2021-04-30 18:30:00+00:00,gbpusd,1.38158,1.38158,1.38158,1.38158
2021-04-30 19:45:00+00:00,gbpusd,1.38112,1.38114,1.38061,1.3807
2021-04-30 20:00:00+00:00,gbpusd,1.38192,1.38192,1.38111,1.38111
2021-04-30 20:15:00+00:00,gbpusd,1.38176,1.38218,1.38175,1.38193
2021-04-30 20:30:00+00:00,gbpusd,1.38135,1.38177,1.38112,1.38177
2021-04-30 20:45:00+00:00,gbpusd,1.38172,1.38195,1.38113,1.38136
2021-05-02 21:00:00+00:00,gbpusd,1.38137,1.38148,1.38127,1.38148
2021-05-02 21:15:00+00:00,gbpusd,1.3815,1.3818,1.38135,1.38145
2021-05-02 21:30:00+00:00,gbpusd,1.3818,1.38184,1.38117,1.38153
2021-05-02 21:45:00+00:00,gbpusd,1.38177,1.38182,1.38159,1.38181
2021-05-02 22:00:00+00:00,gbpusd,1.38151,1.38204,1.38133,1.38173
2021-05-02 22:15:00+00:00,gbpusd,1.38191,1.38199,1.3815,1.38152
2021-05-02 22:30:00+00:00,gbpusd,1.38193,1.38197,1.38172,1.3819
2021-05-02 22:45:00+00:00,gbpusd,1.38196,1.38218,1.38184,1.38194
2021-05-02 23:00:00+00:00,gbpusd,1.38179,1.3822,1.38168,1.38197
2021-05-02 23:15:00+00:00,gbpusd,1.38166,1.38196,1.38163,1.3818
2021-05-02 23:30:00+00:00,gbpusd,1.38226,1.38228,1.38167,1.38167
2021-05-02 23:45:00+00:00,gbpusd,1.38188,1.38225,1.38187,1.38225
2021-05-03 00:00:00+00:00,gbpusd,1.38202,1.38203,1.3812,1.38189
2021-05-03 00:15:00+00:00,gbpusd,1.382685,1.38278,1.38192,1.38203
2021-05-03 00:30:00+00:00,gbpusd,1.38296,1.38296,1.38264,1.38268
2021-05-03 00:45:00+00:00,gbpusd,1.38334,1.38341,1.38284,1.38296
2021-05-03 01:00:00+00:00,gbpusd,1.38334,1.38357,1.38307,1.38334
2021-05-03 01:15:00+00:00,gbpusd,1.383565,1.38358,1.38322,1.38333
2021-05-03 01:30:00+00:00,gbpusd,1.3831,1.38357,1.38287,1.38357
2021-05-03 01:45:00+00:00,gbpusd,1.382615,1.3831,1.38249,1.3831
2021-05-03 02:00:00+00:00,gbpusd,1.3822,1.38262,1.38203,1.38261
2021-05-03 02:15:00+00:00,gbpusd,1.38216,1.38226,1.38198,1.38219
2021-05-03 02:30:00+00:00,gbpusd,1.38218,1.38244,1.38204,1.38216
2021-05-03 02:45:00+00:00,gbpusd,1.38181,1.38228,1.38167,1.38219
2021-05-03 03:00:00+00:00,gbpusd,1.3824,1.38241,1.38176,1.38182
2021-05-03 03:15:00+00:00,gbpusd,1.38242,1.38242,1.38204,1.38239
2021-05-03 03:30:00+00:00,gbpusd,1.38259,1.38267,1.38221,1.38242
2021-05-03 03:45:00+00:00,gbpusd,1.38254,1.38274,1.38253,1.38258
2021-05-03 04:00:00+00:00,gbpusd,1.38236,1.38256,1.38221,1.38255
2021-05-03 04:15:00+00:00,gbpusd,1.38199,1.38245,1.38197,1.38235
2021-05-03 04:30:00+00:00,gbpusd,1.38199,1.38217,1.38194,1.382
2021-05-03 04:45:00+00:00,gbpusd,1.38208,1.38235,1.382,1.382
2021-05-03 05:00:00+00:00,gbpusd,1.38168,1.38226,1.38158,1.382075
2021-05-03 05:15:00+00:00,gbpusd,1.3809,1.38176,1.38076,1.38169
2021-05-03 05:30:00+00:00,gbpusd,1.38143,1.38145,1.38077,1.38089
2021-05-03 05:45:00+00:00,gbpusd,1.38117,1.38143,1.38096,1.38143
2021-05-03 06:00:00+00:00,gbpusd,1.38096,1.38123,1.3801,1.38116
2021-05-03 06:15:00+00:00,gbpusd,1.38114,1.38126,1.38036,1.38097
2021-05-03 06:30:00+00:00,gbpusd,1.3824,1.38258,1.38056,1.38115
2021-05-03 06:45:00+00:00,gbpusd,1.38247,1.38313,1.38186,1.38239
2021-05-03 07:00:00+00:00,gbpusd,1.38377,1.38377,1.38223,1.38246
2021-05-03 07:15:00+00:00,gbpusd,1.38391,1.38462,1.38355,1.38376
2021-05-03 07:30:00+00:00,gbpusd,1.38438,1.38441,1.38343,1.38392
2021-05-03 07:45:00+00:00,gbpusd,1.38415,1.38449,1.38393,1.38437
2021-05-03 08:00:00+00:00,gbpusd,1.38424,1.3848,1.38363,1.38416
2021-05-03 08:15:00+00:00,gbpusd,1.38466,1.38481,1.3841,1.38423
2021-05-03 08:30:00+00:00,gbpusd,1.38547,1.38548,1.38446,1.38467
2021-05-03 08:45:00+00:00,gbpusd,1.38566,1.38583,1.38513,1.38546
2021-05-03 09:00:00+00:00,gbpusd,1.38542,1.38606,1.38532,1.38565
2021-05-03 09:15:00+00:00,gbpusd,1.38538,1.3859,1.38526,1.38543
2021-05-03 09:30:00+00:00,gbpusd,1.38468,1.38544,1.3845,1.38537
2021-05-03 09:45:00+00:00,gbpusd,1.38534,1.38541,1.38451,1.38469
2021-05-03 10:00:00+00:00,gbpusd,1.38539,1.38556,1.38512,1.38533
2021-05-03 10:15:00+00:00,gbpusd,1.38564,1.38656,1.38514,1.38538
2021-05-03 10:30:00+00:00,gbpusd,1.38663,1.38664,1.38561,1.38565
2021-05-03 10:45:00+00:00,gbpusd,1.38731,1.3874,1.38655,1.38664
2021-05-03 11:00:00+00:00,gbpusd,1.38757,1.38785,1.38682,1.38732
2021-05-03 11:15:00+00:00,gbpusd,1.3872,1.38772,1.38711,1.38756
2021-05-03 11:30:00+00:00,gbpusd,1.3873,1.38767,1.38681,1.38719
2021-05-03 11:45:00+00:00,gbpusd,1.38709,1.38751,1.38699,1.38731
2021-05-03 12:00:00+00:00,gbpusd,1.38672,1.38761,1.38672,1.3871
2021-05-03 12:15:00+00:00,gbpusd,1.38869,1.3888,1.38668,1.38673
2021-05-03 12:30:00+00:00,gbpusd,1.38763,1.38951,1.38681,1.3887
2021-05-03 12:45:00+00:00,gbpusd,1.38782,1.38842,1.3874,1.38762
2021-05-03 13:00:00+00:00,gbpusd,1.38871,1.38871,1.38779,1.38783
2021-05-03 13:15:00+00:00,gbpusd,1.38939,1.3894,1.38855,1.38872
2021-05-03 13:30:00+00:00,gbpusd,1.38945,1.38993,1.38882,1.38941
2021-05-03 13:45:00+00:00,gbpusd,1.39036,1.3907,1.3893,1.38944
2021-05-03 14:00:00+00:00,gbpusd,1.3921,1.39246,1.39024,1.39037
2021-05-03 14:15:00+00:00,gbpusd,1.39223,1.39242,1.39171,1.39209
2021-05-03 14:30:00+00:00,gbpusd,1.39198,1.39262,1.39188,1.39224
2021-05-03 14:45:00+00:00,gbpusd,1.3928,1.39319,1.39187,1.39197
2021-05-03 15:00:00+00:00,gbpusd,1.39179,1.39296,1.39174,1.39279
2021-05-03 15:15:00+00:00,gbpusd,1.39177,1.39222,1.39148,1.39178
2021-05-03 15:30:00+00:00,gbpusd,1.39151,1.39209,1.39137,1.39178
2021-05-03 15:45:00+00:00,gbpusd,1.39118,1.39157,1.39107,1.3915
2021-05-03 16:00:00+00:00,gbpusd,1.39059,1.39119,1.39056,1.39119
2021-05-03 16:15:00+00:00,gbpusd,1.39056,1.391,1.39049,1.39058
2021-05-03 16:30:00+00:00,gbpusd,1.39109,1.39129,1.39054,1.39055
2021-05-03 16:45:00+00:00,gbpusd,1.39073,1.39131,1.39057,1.3911
2021-05-03 17:00:00+00:00,gbpusd,1.39101,1.39122,1.39064,1.39074
2021-05-03 17:15:00+00:00,gbpusd,1.39107,1.39121,1.39095,1.391
2021-05-03 17:30:00+00:00,gbpusd,1.39113,1.39132,1.39091,1.39106
2021-05-03 17:45:00+00:00,gbpusd,1.39077,1.39131,1.39074,1.39114
2021-05-03 18:00:00+00:00,gbpusd,1.39114,1.39127,1.39072,1.39076
2021-05-03 18:15:00+00:00,gbpusd,1.39126,1.3915,1.3911,1.39115
2021-05-03 18:30:00+00:00,gbpusd,1.39093,1.39128,1.39072,1.39125
2021-05-03 18:45:00+00:00,gbpusd,1.39137,1.39146,1.39082,1.39094
2021-05-03 19:00:00+00:00,gbpusd,1.3908,1.39136,1.39072,1.39136
2021-05-03 19:15:00+00:00,gbpusd,1.3909,1.39107,1.3906,1.39079
2021-05-03 19:30:00+00:00,gbpusd,1.39102,1.39104,1.39076,1.39091
2021-05-03 19:45:00+00:00,gbpusd,1.39071,1.39104,1.3906,1.39101
2021-05-03 20:00:00+00:00,gbpusd,1.39062,1.3908,1.39059,1.39072
2021-05-03 20:15:00+00:00,gbpusd,1.39052,1.39064,1.3905,1.39061
2021-05-03 20:30:00+00:00,gbpusd,1.39091,1.39093,1.39054,1.39054
2021-05-03 20:45:00+00:00,gbpusd,1.39103,1.39112,1.39073,1.39092
2021-05-03 21:00:00+00:00,gbpusd,1.39107,1.39121,1.390815,1.39091
2021-05-03 21:15:00+00:00,gbpusd,1.39117,1.39149,1.39059,1.39089
2021-05-03 21:30:00+00:00,gbpusd,1.39108,1.39119,1.39103,1.39116
2021-05-03 21:45:00+00:00,gbpusd,1.39112,1.39144,1.39101,1.39106
2021-05-03 22:00:00+00:00,gbpusd,1.39078,1.39112,1.39072,1.39111
2021-05-03 22:15:00+00:00,gbpusd,1.39065,1.39094,1.39055,1.39079
2021-05-03 22:30:00+00:00,gbpusd,1.39043,1.39078,1.39041,1.39066
2021-05-03 22:45:00+00:00,gbpusd,1.39029,1.39042,1.39022,1.39042
2021-05-03 23:00:00+00:00,gbpusd,1.3904,1.3906,1.3903,1.3903
2021-05-03 23:15:00+00:00,gbpusd,1.39012,1.39055,1.39011,1.39041
2021-05-03 23:30:00+00:00,gbpusd,1.39028,1.39035,1.38993,1.39011
2021-05-03 23:45:00+00:00,gbpusd,1.39032,1.39038,1.39022,1.39029
2021-05-04 00:00:00+00:00,gbpusd,1.38961,1.39053,1.38941,1.39031
2021-05-04 00:15:00+00:00,gbpusd,1.38941,1.38985,1.38931,1.38962
2021-05-04 00:30:00+00:00,gbpusd,1.39021,1.39023,1.38931,1.3894
2021-05-04 00:45:00+00:00,gbpusd,1.3901,1.39054,1.3899,1.3902
2021-05-04 01:00:00+00:00,gbpusd,1.3896,1.39017,1.38952,1.39011
2021-05-04 01:15:00+00:00,gbpusd,1.38878,1.38962,1.38874,1.38961
2021-05-04 01:30:00+00:00,gbpusd,1.38872,1.38905,1.38858,1.38879
2021-05-04 01:45:00+00:00,gbpusd,1.3884,1.38882,1.38833,1.38871
2021-05-04 02:00:00+00:00,gbpusd,1.38836,1.38864,1.38828,1.38841
2021-05-04 02:15:00+00:00,gbpusd,1.38845,1.38863,1.38824,1.38837
2021-05-04 02:30:00+00:00,gbpusd,1.38812,1.38852,1.38802,1.38846
2021-05-04 02:45:00+00:00,gbpusd,1.38811,1.38835,1.3878,1.38813
2021-05-04 03:00:00+00:00,gbpusd,1.38783,1.38822,1.38772,1.38812
2021-05-04 03:15:00+00:00,gbpusd,1.3879,1.38796,1.38761,1.38784
2021-05-04 03:30:00+00:00,gbpusd,1.38829,1.3883,1.38778,1.38791
2021-05-04 03:45:00+00:00,gbpusd,1.38786,1.38829,1.38781,1.38828
2021-05-04 04:00:00+00:00,gbpusd,1.3875,1.388,1.38739,1.38787
2021-05-04 04:15:00+00:00,gbpusd,1.38772,1.3879,1.38751,1.38751
2021-05-04 04:30:00+00:00,gbpusd,1.38772,1.38832,1.38717,1.38773
2021-05-04 04:45:00+00:00,gbpusd,1.38747,1.38783,1.38732,1.38771
2021-05-04 05:00:00+00:00,gbpusd,1.38732,1.38768,1.38715,1.38748
2021-05-04 05:15:00+00:00,gbpusd,1.38707,1.38743,1.38685,1.38731
2021-05-04 05:30:00+00:00,gbpusd,1.38784,1.38784,1.38705,1.38708
2021-05-04 05:45:00+00:00,gbpusd,1.38792,1.38813,1.38763,1.38783
2021-05-04 06:00:00+00:00,gbpusd,1.38834,1.38851,1.3878,1.38791
2021-05-04 06:15:00+00:00,gbpusd,1.38741,1.38838,1.38741,1.38834
2021-05-04 06:30:00+00:00,gbpusd,1.38873,1.38875,1.38723,1.3874
2021-05-04 06:45:00+00:00,gbpusd,1.38854,1.38924,1.38843,1.38872
2021-05-04 07:00:00+00:00,gbpusd,1.38613,1.38902,1.3859,1.38853
2021-05-04 07:15:00+00:00,gbpusd,1.38583,1.38686,1.38514,1.38614
2021-05-04 07:30:00+00:00,gbpusd,1.38636,1.38636,1.38526,1.38582
2021-05-04 07:45:00+00:00,gbpusd,1.38674,1.38688,1.38602,1.38635
2021-05-04 08:00:00+00:00,gbpusd,1.3879,1.38799,1.38673,1.38675
2021-05-04 08:15:00+00:00,gbpusd,1.38811,1.38852,1.38782,1.38789
2021-05-04 08:30:00+00:00,gbpusd,1.38836,1.389055,1.38754,1.3881
2021-05-04 08:45:00+00:00,gbpusd,1.38698,1.38847,1.38682,1.38835
2021-05-04 09:00:00+00:00,gbpusd,1.38736,1.38782,1.38649,1.38699
2021-05-04 09:15:00+00:00,gbpusd,1.38732,1.38752,1.38692,1.38735
2021-05-04 09:30:00+00:00,gbpusd,1.38842,1.38849,1.3873,1.38733
2021-05-04 09:45:00+00:00,gbpusd,1.38798,1.38847,1.38787,1.38841
2021-05-04 10:00:00+00:00,gbpusd,1.3882,1.38823,1.38742,1.38797
2021-05-04 10:15:00+00:00,gbpusd,1.38912,1.38913,1.38791,1.38819
2021-05-04 10:30:00+00:00,gbpusd,1.38824,1.38912,1.38815,1.38911
2021-05-04 10:45:00+00:00,gbpusd,1.38783,1.38844,1.38783,1.38823
2021-05-04 11:00:00+00:00,gbpusd,1.38753,1.38814,1.38742,1.38782
2021-05-04 11:15:00+00:00,gbpusd,1.38696,1.38752,1.38691,1.38752
2021-05-04 11:30:00+00:00,gbpusd,1.3866,1.38777,1.3866,1.38697
2021-05-04 11:45:00+00:00,gbpusd,1.38635,1.38664,1.38559,1.38661
2021-05-04 12:00:00+00:00,gbpusd,1.38537,1.38677,1.38447,1.38634
2021-05-04 12:15:00+00:00,gbpusd,1.38485,1.38556,1.38472,1.38536
2021-05-04 12:30:00+00:00,gbpusd,1.38476,1.38539,1.38465,1.38484
2021-05-04 12:45:00+00:00,gbpusd,1.38505,1.38528,1.38386,1.38475
2021-05-04 13:00:00+00:00,gbpusd,1.38529,1.38549,1.38442,1.38506
2021-05-04 13:15:00+00:00,gbpusd,1.38501,1.38528,1.38445,1.38528
2021-05-04 13:30:00+00:00,gbpusd,1.38542,1.38618,1.38494,1.38502
2021-05-04 13:45:00+00:00,gbpusd,1.38532,1.38569,1.38465,1.38545
2021-05-04 14:00:00+00:00,gbpusd,1.38595,1.38648,1.38458,1.38533
2021-05-04 14:15:00+00:00,gbpusd,1.38632,1.38646,1.38563,1.38594
2021-05-04 14:30:00+00:00,gbpusd,1.38665,1.38667,1.38564,1.38633
2021-05-04 14:45:00+00:00,gbpusd,1.38836,1.38883,1.38656,1.38664
2021-05-04 15:00:00+00:00,gbpusd,1.38657,1.38917,1.38596,1.38835
2021-05-04 15:15:00+00:00,gbpusd,1.38721,1.38796,1.38584,1.38656
2021-05-04 15:30:00+00:00,gbpusd,1.38744,1.38766,1.38676,1.38738
2021-05-04 15:45:00+00:00,gbpusd,1.38719,1.38752,1.38668,1.38745
2021-05-04 16:00:00+00:00,gbpusd,1.38913,1.3895,1.38696,1.38718
2021-05-04 16:15:00+00:00,gbpusd,1.38806,1.389135,1.38786,1.38912
2021-05-04 16:30:00+00:00,gbpusd,1.38873,1.38874,1.38756,1.38807
2021-05-04 16:45:00+00:00,gbpusd,1.38877,1.38962,1.38858,1.38872
2021-05-04 17:00:00+00:00,gbpusd,1.38958,1.38963,1.3886,1.38876
2021-05-04 17:15:00+00:00,gbpusd,1.38926,1.3896,1.38879,1.38957
2021-05-04 17:30:00+00:00,gbpusd,1.38912,1.38945,1.38896,1.38925
2021-05-04 17:45:00+00:00,gbpusd,1.38946,1.38974,1.38894,1.38911
2021-05-04 18:00:00+00:00,gbpusd,1.38968,1.38975,1.3892,1.38945
2021-05-04 18:15:00+00:00,gbpusd,1.38933,1.38975,1.38915,1.38969
2021-05-04 18:30:00+00:00,gbpusd,1.38957,1.38967,1.38922,1.38932
2021-05-04 18:45:00+00:00,gbpusd,1.3892,1.38975,1.38916,1.38958
2021-05-04 19:00:00+00:00,gbpusd,1.38878,1.3892,1.38867,1.38919
2021-05-04 19:15:00+00:00,gbpusd,1.38865,1.38895,1.38847,1.38877
2021-05-04 19:30:00+00:00,gbpusd,1.38837,1.3888,1.38833,1.38864
2021-05-04 19:45:00+00:00,gbpusd,1.38896,1.38917,1.38833,1.38838
2021-05-04 20:00:00+00:00,gbpusd,1.38935,1.38948,1.38886,1.38895
2021-05-04 20:15:00+00:00,gbpusd,1.38882,1.38937,1.38865,1.38936
2021-05-04 20:30:00+00:00,gbpusd,1.38857,1.38887,1.3885,1.38883
2021-05-04 20:45:00+00:00,gbpusd,1.3887,1.38884,1.38847,1.38856
2021-05-04 21:00:00+00:00,gbpusd,1.38875,1.38876,1.38868,1.38873
2021-05-04 21:15:00+00:00,gbpusd,1.38869,1.38889,1.38852,1.38868
2021-05-04 21:30:00+00:00,gbpusd,1.38865,1.38871,1.38856,1.38868
2021-05-04 21:45:00+00:00,gbpusd,1.38871,1.38876,1.38859,1.38866
2021-05-04 22:00:00+00:00,gbpusd,1.38886,1.38887,1.38854,1.3887
2021-05-04 22:15:00+00:00,gbpusd,1.38877,1.38892,1.38857,1.38887
2021-05-04 22:30:00+00:00,gbpusd,1.38872,1.38886,1.38866,1.38878
2021-05-04 22:45:00+00:00,gbpusd,1.38928,1.38937,1.38873,1.38873
2021-05-04 23:00:00+00:00,gbpusd,1.38905,1.3893,1.389,1.38929
2021-05-04 23:15:00+00:00,gbpusd,1.38905,1.38913,1.38891,1.38906
2021-05-04 23:30:00+00:00,gbpusd,1.38907,1.38907,1.38887,1.38904
2021-05-04 23:45:00+00:00,gbpusd,1.38875,1.38912,1.38869,1.38906
2021-05-05 00:00:00+00:00,gbpusd,1.38899,1.38929,1.38874,1.38876
2021-05-05 00:15:00+00:00,gbpusd,1.38915,1.38947,1.389,1.389
2021-05-05 00:30:00+00:00,gbpusd,1.38974,1.38977,1.38916,1.38916
2021-05-05 00:45:00+00:00,gbpusd,1.38988,1.39004,1.38966,1.38975
2021-05-05 01:00:00+00:00,gbpusd,1.38964,1.39004,1.38954,1.38989
2021-05-05 01:15:00+00:00,gbpusd,1.38976,1.38979,1.38957,1.38965
2021-05-05 01:30:00+00:00,gbpusd,1.39017,1.39027,1.38965,1.38977
2021-05-05 01:45:00+00:00,gbpusd,1.39089,1.39097,1.39012,1.39018
2021-05-05 02:00:00+00:00,gbpusd,1.391,1.3911,1.39078,1.3909
2021-05-05 02:15:00+00:00,gbpusd,1.39075,1.39105,1.39064,1.39101
2021-05-05 02:30:00+00:00,gbpusd,1.39087,1.39109,1.39053,1.39074
2021-05-05 02:45:00+00:00,gbpusd,1.39075,1.39103,1.39074,1.39088
2021-05-05 03:00:00+00:00,gbpusd,1.391,1.39105,1.39072,1.39076
2021-05-05 03:15:00+00:00,gbpusd,1.39133,1.39145,1.39096,1.39101
2021-05-05 03:30:00+00:00,gbpusd,1.39135,1.39147,1.39111,1.39134
2021-05-05 03:45:00+00:00,gbpusd,1.39115,1.39137,1.39105,1.39136
2021-05-05 04:00:00+00:00,gbpusd,1.39125,1.39133,1.39109,1.39114
2021-05-05 04:15:00+00:00,gbpusd,1.39095,1.39126,1.39094,1.39126
2021-05-05 04:30:00+00:00,gbpusd,1.39115,1.39126,1.3909,1.39096
2021-05-05 04:45:00+00:00,gbpusd,1.39094,1.3912,1.39075,1.39116
2021-05-05 05:00:00+00:00,gbpusd,1.39046,1.39107,1.39043,1.39095
2021-05-05 05:15:00+00:00,gbpusd,1.38993,1.39063,1.3899,1.39047
2021-05-05 05:30:00+00:00,gbpusd,1.38978,1.39016,1.38964,1.38994
2021-05-05 05:45:00+00:00,gbpusd,1.39028,1.39037,1.38976,1.38977
2021-05-05 06:00:00+00:00,gbpusd,1.38963,1.39074,1.38956,1.39027
2021-05-05 06:15:00+00:00,gbpusd,1.38919,1.38969,1.38905,1.38963
2021-05-05 06:30:00+00:00,gbpusd,1.38974,1.38983,1.38871,1.3892
2021-05-05 06:45:00+00:00,gbpusd,1.39075,1.39104,1.38918,1.38975
2021-05-05 07:00:00+00:00,gbpusd,1.3902,1.39144,1.3897,1.39074
2021-05-05 07:15:00+00:00,gbpusd,1.38927,1.39047,1.38891,1.39019
2021-05-05 07:30:00+00:00,gbpusd,1.38945,1.38961,1.38885,1.38928
2021-05-05 07:45:00+00:00,gbpusd,1.38965,1.38978,1.3886,1.38947
2021-05-05 08:00:00+00:00,gbpusd,1.38851,1.39002,1.38845,1.38966
2021-05-05 08:15:00+00:00,gbpusd,1.38915,1.38934,1.38852,1.38852
2021-05-05 08:30:00+00:00,gbpusd,1.38905,1.38947,1.38875,1.38914
2021-05-05 08:45:00+00:00,gbpusd,1.38936,1.38945,1.38895,1.38906
2021-05-05 09:00:00+00:00,gbpusd,1.38798,1.3895,1.38764,1.38937
2021-05-05 09:15:00+00:00,gbpusd,1.38914,1.38936,1.38795,1.38799
2021-05-05 09:30:00+00:00,gbpusd,1.38906,1.38945,1.38886,1.38915
2021-05-05 09:45:00+00:00,gbpusd,1.38948,1.38986,1.38906,1.38907
2021-05-05 10:00:00+00:00,gbpusd,1.39037,1.39037,1.38941,1.38949
2021-05-05 10:15:00+00:00,gbpusd,1.39208,1.39246,1.39033,1.39038
2021-05-05 10:30:00+00:00,gbpusd,1.39198,1.39265,1.39178,1.39207
2021-05-05 10:45:00+00:00,gbpusd,1.39121,1.39227,1.39121,1.39199
2021-05-05 11:00:00+00:00,gbpusd,1.39164,1.39176,1.39116,1.39122
2021-05-05 11:15:00+00:00,gbpusd,1.39124,1.3919,1.39124,1.39165
2021-05-05 12:00:00+00:00,gbpusd,1.39157,1.39244,1.39141,1.39186
2021-05-05 12:15:00+00:00,gbpusd,1.39005,1.39234,1.39005,1.39158
2021-05-05 12:30:00+00:00,gbpusd,1.39064,1.39077,1.38943,1.39004
2021-05-05 12:45:00+00:00,gbpusd,1.39064,1.39101,1.39033,1.39065
2021-05-05 13:00:00+00:00,gbpusd,1.39096,1.39134,1.39035,1.390645
2021-05-05 13:15:00+00:00,gbpusd,1.39043,1.39115,1.39009,1.39097
2021-05-05 13:30:00+00:00,gbpusd,1.39056,1.39092,1.39016,1.39042
2021-05-05 13:45:00+00:00,gbpusd,1.38995,1.39066,1.38935,1.39055
2021-05-05 14:00:00+00:00,gbpusd,1.3896,1.39026,1.3894,1.38994
2021-05-05 14:15:00+00:00,gbpusd,1.38984,1.39002,1.38905,1.38959
2021-05-05 14:30:00+00:00,gbpusd,1.39126,1.3913,1.38965,1.38985
2021-05-05 14:45:00+00:00,gbpusd,1.39102,1.39213,1.39072,1.39127
2021-05-05 15:00:00+00:00,gbpusd,1.39126,1.39135,1.39034,1.39101
2021-05-05 15:15:00+00:00,gbpusd,1.39106,1.39144,1.39084,1.39125
2021-05-05 15:30:00+00:00,gbpusd,1.39136,1.39163,1.39095,1.39105
2021-05-05 15:45:00+00:00,gbpusd,1.39126,1.39156,1.39114,1.39137
2021-05-05 16:00:00+00:00,gbpusd,1.39087,1.39145,1.39081,1.39127
2021-05-05 16:15:00+00:00,gbpusd,1.39053,1.39056,1.39016,1.39025
2021-05-05 16:30:00+00:00,gbpusd,1.39031,1.39055,1.39006,1.39054
2021-05-05 16:45:00+00:00,gbpusd,1.39024,1.39063,1.39012,1.3903
2021-05-05 17:00:00+00:00,gbpusd,1.39025,1.39059,1.38999,1.39025
2021-05-05 17:15:00+00:00,gbpusd,1.39034,1.39034,1.38982,1.39023
2021-05-05 17:30:00+00:00,gbpusd,1.39055,1.39078,1.39029,1.39035
2021-05-05 17:45:00+00:00,gbpusd,1.39085,1.39098,1.3903,1.39056
2021-05-05 18:00:00+00:00,gbpusd,1.39065,1.39092,1.39048,1.39084
2021-05-05 18:15:00+00:00,gbpusd,1.39117,1.39117,1.39058,1.39066
2021-05-05 18:30:00+00:00,gbpusd,1.39075,1.39118,1.39057,1.39116
2021-05-05 18:45:00+00:00,gbpusd,1.39083,1.39128,1.39068,1.39074
2021-05-05 19:00:00+00:00,gbpusd,1.3902,1.39095,1.39012,1.39081
2021-05-05 19:15:00+00:00,gbpusd,1.39037,1.39047,1.39005,1.39019
2021-05-05 19:30:00+00:00,gbpusd,1.39048,1.39055,1.38992,1.39036
2021-05-05 19:45:00+00:00,gbpusd,1.39097,1.39117,1.39042,1.39047
2021-05-05 20:00:00+00:00,gbpusd,1.39088,1.39104,1.39086,1.39096
2021-05-05 20:15:00+00:00,gbpusd,1.39077,1.39089,1.39057,1.39087
2021-05-05 20:30:00+00:00,gbpusd,1.39046,1.39078,1.39043,1.39076
2021-05-05 20:45:00+00:00,gbpusd,1.39073,1.39108,1.39047,1.39047
2021-05-05 21:00:00+00:00,gbpusd,1.39028,1.39047,1.39013,1.39046
2021-05-05 21:15:00+00:00,gbpusd,1.39048,1.39066,1.39028,1.39036
2021-05-05 21:30:00+00:00,gbpusd,1.39083,1.39087,1.39038,1.39046
2021-05-05 21:45:00+00:00,gbpusd,1.39071,1.39084,1.39032,1.39082
2021-05-05 22:00:00+00:00,gbpusd,1.39065,1.39081,1.39062,1.39069
2021-05-05 22:15:00+00:00,gbpusd,1.39075,1.39077,1.39053,1.39065
2021-05-05 22:30:00+00:00,gbpusd,1.39079,1.39105,1.39076,1.39076
2021-05-05 22:45:00+00:00,gbpusd,1.3906,1.39085,1.39057,1.39078
2021-05-05 23:00:00+00:00,gbpusd,1.39066,1.39071,1.39055,1.39061
2021-05-05 23:15:00+00:00,gbpusd,1.39087,1.39087,1.39056,1.39065
2021-05-05 23:30:00+00:00,gbpusd,1.39065,1.39086,1.39035,1.39086
2021-05-05 23:45:00+00:00,gbpusd,1.3909,1.39096,1.39056,1.39066
2021-05-06 00:00:00+00:00,gbpusd,1.39127,1.39136,1.39086,1.39089
2021-05-06 00:15:00+00:00,gbpusd,1.39116,1.39137,1.39107,1.39126
2021-05-06 00:30:00+00:00,gbpusd,1.39066,1.39119,1.39062,1.39117
2021-05-06 00:45:00+00:00,gbpusd,1.39,1.39077,1.38995,1.39067
2021-05-06 01:00:00+00:00,gbpusd,1.39055,1.39063,1.38996,1.38999
2021-05-06 01:15:00+00:00,gbpusd,1.39097,1.39112,1.39046,1.39056
2021-05-06 01:30:00+00:00,gbpusd,1.39094,1.39109,1.39075,1.39096
2021-05-06 01:45:00+00:00,gbpusd,1.39092,1.39113,1.39083,1.39095
2021-05-06 02:00:00+00:00,gbpusd,1.39066,1.39102,1.39055,1.39093
2021-05-06 02:15:00+00:00,gbpusd,1.39057,1.39068,1.39029,1.39067
2021-05-06 02:30:00+00:00,gbpusd,1.38962,1.39066,1.38941,1.39056
2021-05-06 02:45:00+00:00,gbpusd,1.38958,1.38968,1.38857,1.38964
2021-05-06 03:00:00+00:00,gbpusd,1.38956,1.38972,1.3892,1.38957
2021-05-06 03:15:00+00:00,gbpusd,1.38938,1.38966,1.38923,1.38955
2021-05-06 03:30:00+00:00,gbpusd,1.3896,1.38965,1.38926,1.38939
2021-05-06 03:45:00+00:00,gbpusd,1.38954,1.38978,1.38946,1.38959
2021-05-06 04:00:00+00:00,gbpusd,1.38944,1.38966,1.38936,1.38955
2021-05-06 04:15:00+00:00,gbpusd,1.38977,1.38984,1.38936,1.38945
2021-05-06 04:30:00+00:00,gbpusd,1.38996,1.39001,1.38975,1.38978
2021-05-06 04:45:00+00:00,gbpusd,1.38984,1.38995,1.38955,1.38995
2021-05-06 05:00:00+00:00,gbpusd,1.39016,1.39039,1.38974,1.38983
2021-05-06 05:15:00+00:00,gbpusd,1.39077,1.39084,1.39016,1.39017
2021-05-06 05:30:00+00:00,gbpusd,1.39067,1.39079,1.39047,1.39078
2021-05-06 05:45:00+00:00,gbpusd,1.39073,1.39087,1.39047,1.39068
2021-05-06 06:00:00+00:00,gbpusd,1.39066,1.39087,1.39041,1.39072
2021-05-06 06:15:00+00:00,gbpusd,1.39,1.39068,1.389865,1.39065
2021-05-06 06:30:00+00:00,gbpusd,1.39106,1.39117,1.38984,1.38999
2021-05-06 06:45:00+00:00,gbpusd,1.3903,1.39107,1.3901,1.39105
2021-05-06 07:00:00+00:00,gbpusd,1.39045,1.39118,1.38994,1.39029
2021-05-06 07:15:00+00:00,gbpusd,1.39124,1.39136,1.39024,1.39044
2021-05-06 07:30:00+00:00,gbpusd,1.39128,1.39137,1.39056,1.39123
2021-05-06 07:45:00+00:00,gbpusd,1.39035,1.39136,1.39004,1.39129
2021-05-06 08:00:00+00:00,gbpusd,1.39068,1.39076,1.39016,1.39036
2021-05-06 08:15:00+00:00,gbpusd,1.3901,1.39079,1.38998,1.39069
2021-05-06 08:30:00+00:00,gbpusd,1.39026,1.39056,1.38976,1.39011
2021-05-06 08:45:00+00:00,gbpusd,1.39002,1.39049,1.38987,1.39025
2021-05-06 09:00:00+00:00,gbpusd,1.39033,1.39083,1.38988,1.39001
2021-05-06 09:15:00+00:00,gbpusd,1.39154,1.39168,1.38937,1.39034
2021-05-06 09:30:00+00:00,gbpusd,1.39172,1.39187,1.39122,1.3915
2021-05-06 09:45:00+00:00,gbpusd,1.39174,1.39232,1.39153,1.39171
2021-05-06 10:00:00+00:00,gbpusd,1.39147,1.3919,1.39134,1.39173
2021-05-06 10:15:00+00:00,gbpusd,1.39135,1.39185,1.39129,1.39146
2021-05-06 10:30:00+00:00,gbpusd,1.39099,1.39145,1.39092,1.39134
2021-05-06 10:45:00+00:00,gbpusd,1.38962,1.39107,1.38941,1.391
2021-05-06 11:00:00+00:00,gbpusd,1.393,1.39407,1.38583,1.38963
2021-05-06 11:15:00+00:00,gbpusd,1.39184,1.39385,1.39173,1.39301
2021-05-06 11:30:00+00:00,gbpusd,1.39197,1.39237,1.39105,1.39183
2021-05-06 11:45:00+00:00,gbpusd,1.39166,1.3929,1.39155,1.39196
2021-05-06 12:00:00+00:00,gbpusd,1.39098,1.39284,1.39097,1.39167
2021-05-06 12:15:00+00:00,gbpusd,1.39025,1.39172,1.3892,1.39099
2021-05-06 12:30:00+00:00,gbpusd,1.39063,1.39103,1.38909,1.39024
2021-05-06 12:45:00+00:00,gbpusd,1.38928,1.39069,1.38924,1.3906
2021-05-06 13:00:00+00:00,gbpusd,1.38902,1.38959,1.38841,1.38927
2021-05-06 13:15:00+00:00,gbpusd,1.39009,1.3901,1.3888,1.389
2021-05-06 13:30:00+00:00,gbpusd,1.39005,1.39115,1.38972,1.3901
2021-05-06 13:45:00+00:00,gbpusd,1.38943,1.39014,1.38902,1.39003
2021-05-06 14:00:00+00:00,gbpusd,1.38721,1.38978,1.38709,1.38951
2021-05-06 14:15:00+00:00,gbpusd,1.38695,1.38742,1.3863,1.3872
2021-05-06 14:30:00+00:00,gbpusd,1.38853,1.38865,1.38653,1.38696
2021-05-06 14:45:00+00:00,gbpusd,1.38963,1.38965,1.38852,1.38852
2021-05-06 15:45:00+00:00,gbpusd,1.38792,1.38793,1.38731,1.38764
2021-05-06 16:00:00+00:00,gbpusd,1.38864,1.38892,1.3878,1.38793
2021-05-06 16:15:00+00:00,gbpusd,1.38951,1.38959,1.38863,1.38863
2021-05-06 16:30:00+00:00,gbpusd,1.38897,1.3895,1.38877,1.3895
2021-05-06 16:45:00+00:00,gbpusd,1.38866,1.38902,1.38854,1.38896
2021-05-06 17:00:00+00:00,gbpusd,1.38878,1.389,1.38859,1.38865
2021-05-06 17:15:00+00:00,gbpusd,1.38869,1.38899,1.38858,1.38879
2021-05-06 17:30:00+00:00,gbpusd,1.3891,1.38916,1.3886,1.3887
2021-05-06 17:45:00+00:00,gbpusd,1.38859,1.38919,1.38858,1.38909
2021-05-06 18:00:00+00:00,gbpusd,1.38914,1.3893,1.38859,1.3886
2021-05-06 18:15:00+00:00,gbpusd,1.3886,1.38925,1.38847,1.38913
2021-05-06 18:30:00+00:00,gbpusd,1.38851,1.38892,1.38847,1.38861
2021-05-06 18:45:00+00:00,gbpusd,1.38862,1.38883,1.38849,1.38852
2021-05-06 19:00:00+00:00,gbpusd,1.38909,1.38914,1.38851,1.38861
2021-05-06 19:15:00+00:00,gbpusd,1.38948,1.38958,1.38899,1.3891
2021-05-06 19:30:00+00:00,gbpusd,1.38937,1.38959,1.38922,1.38947
2021-05-06 19:45:00+00:00,gbpusd,1.38995,1.38996,1.38916,1.38936
2021-05-06 20:00:00+00:00,gbpusd,1.38927,1.38996,1.38925,1.38995
2021-05-06 20:15:00+00:00,gbpusd,1.38931,1.38932,1.38906,1.38926
2021-05-06 20:30:00+00:00,gbpusd,1.3894,1.38941,1.38929,1.3893
2021-05-06 20:45:00+00:00,gbpusd,1.38899,1.38951,1.3889,1.38939
2021-05-06 21:00:00+00:00,gbpusd,1.38963,1.38977,1.38942,1.38959
2021-05-06 21:15:00+00:00,gbpusd,1.38917,1.38981,1.38907,1.38941
2021-05-06 21:30:00+00:00,gbpusd,1.38924,1.38935,1.38916,1.38916
2021-05-06 21:45:00+00:00,gbpusd,1.38899,1.38927,1.3889,1.38927
2021-05-06 22:00:00+00:00,gbpusd,1.38906,1.38919,1.38892,1.389
2021-05-06 22:15:00+00:00,gbpusd,1.38902,1.38925,1.38897,1.38905
2021-05-06 22:30:00+00:00,gbpusd,1.3893,1.3893,1.389,1.38901
2021-05-06 22:45:00+00:00,gbpusd,1.38944,1.38947,1.3892,1.38929
2021-05-06 23:00:00+00:00,gbpusd,1.38969,1.3897,1.38928,1.38945
2021-05-06 23:15:00+00:00,gbpusd,1.38945,1.38968,1.3893,1.38968
2021-05-06 23:30:00+00:00,gbpusd,1.38957,1.38958,1.3894,1.38946
2021-05-06 23:45:00+00:00,gbpusd,1.38956,1.38963,1.38949,1.38956
2021-05-07 00:00:00+00:00,gbpusd,1.38968,1.39008,1.38948,1.38955
2021-05-07 00:15:00+00:00,gbpusd,1.38948,1.38982,1.38939,1.38969
2021-05-07 00:30:00+00:00,gbpusd,1.3893,1.38963,1.3892,1.38949
2021-05-07 00:45:00+00:00,gbpusd,1.3897,1.39002,1.38924,1.38931
2021-05-07 01:00:00+00:00,gbpusd,1.3894,1.38991,1.38903,1.38969
2021-05-07 01:15:00+00:00,gbpusd,1.38948,1.38972,1.38938,1.38941
2021-05-07 01:30:00+00:00,gbpusd,1.3905,1.39052,1.38929,1.38947
2021-05-07 01:45:00+00:00,gbpusd,1.39058,1.39072,1.39024,1.39051
2021-05-07 02:00:00+00:00,gbpusd,1.39011,1.39069,1.39009,1.39057
2021-05-07 02:15:00+00:00,gbpusd,1.39049,1.3905,1.38988,1.3901
2021-05-07 02:30:00+00:00,gbpusd,1.39034,1.39048,1.38998,1.39048
2021-05-07 02:45:00+00:00,gbpusd,1.39039,1.39046,1.39008,1.39035
2021-05-07 03:00:00+00:00,gbpusd,1.39037,1.39083,1.3903,1.3904
2021-05-07 03:15:00+00:00,gbpusd,1.39112,1.3912,1.39037,1.39038
2021-05-07 03:30:00+00:00,gbpusd,1.39105,1.39117,1.39047,1.39113
2021-05-07 03:45:00+00:00,gbpusd,1.39098,1.39116,1.39095,1.39104
2021-05-07 04:00:00+00:00,gbpusd,1.39093,1.391,1.39085,1.39097
2021-05-07 04:15:00+00:00,gbpusd,1.39075,1.39112,1.39074,1.39092
2021-05-07 04:30:00+00:00,gbpusd,1.39089,1.39099,1.39075,1.39076
2021-05-07 04:45:00+00:00,gbpusd,1.39088,1.39108,1.39077,1.39088
2021-05-07 05:00:00+00:00,gbpusd,1.39072,1.39092,1.39069,1.39087
2021-05-07 05:15:00+00:00,gbpusd,1.39047,1.39076,1.39043,1.39073
2021-05-07 05:30:00+00:00,gbpusd,1.39096,1.39103,1.39045,1.39048
2021-05-07 05:45:00+00:00,gbpusd,1.39065,1.391,1.3904,1.39095
2021-05-07 06:00:00+00:00,gbpusd,1.3906,1.39143,1.39035,1.39066
2021-05-07 06:15:00+00:00,gbpusd,1.38958,1.39089,1.38953,1.39059
2021-05-07 06:30:00+00:00,gbpusd,1.39036,1.39053,1.38952,1.38957
2021-05-07 06:45:00+00:00,gbpusd,1.39078,1.3909,1.39026,1.39035
2021-05-07 07:00:00+00:00,gbpusd,1.39253,1.39279,1.39062,1.39079
2021-05-07 07:15:00+00:00,gbpusd,1.39197,1.3929,1.39197,1.39254
2021-05-07 12:00:00+00:00,gbpusd,1.38916,1.38995,1.38912,1.38995
2021-05-07 12:15:00+00:00,gbpusd,1.38997,1.39025,1.3891,1.38915
2021-05-07 12:30:00+00:00,gbpusd,1.39595,1.3972,1.39146,1.39206
2021-05-07 12:45:00+00:00,gbpusd,1.39603,1.39634,1.39372,1.39616
2021-05-07 13:00:00+00:00,gbpusd,1.39426,1.39675,1.39424,1.39602
2021-05-07 13:15:00+00:00,gbpusd,1.39314,1.39452,1.39205,1.39433
2021-05-07 13:30:00+00:00,gbpusd,1.39296,1.39337,1.39185,1.39305
2021-05-07 13:45:00+00:00,gbpusd,1.39423,1.39446,1.39235,1.39295
2021-05-07 14:00:00+00:00,gbpusd,1.3957,1.39605,1.39415,1.39422
2021-05-07 14:15:00+00:00,gbpusd,1.39645,1.39685,1.39519,1.39576
2021-05-07 14:30:00+00:00,gbpusd,1.39775,1.39789,1.39635,1.39646
2021-05-07 14:45:00+00:00,gbpusd,1.39794,1.39817,1.39714,1.39777
2021-05-07 15:00:00+00:00,gbpusd,1.39872,1.39875,1.39757,1.39793
2021-05-07 15:15:00+00:00,gbpusd,1.39884,1.39944,1.39859,1.39871
2021-05-07 15:30:00+00:00,gbpusd,1.39986,1.39994,1.39875,1.39885
2021-05-07 15:45:00+00:00,gbpusd,1.40002,1.40007,1.39943,1.39985
2021-05-07 16:00:00+00:00,gbpusd,1.39877,1.40002,1.39852,1.40001
2021-05-07 16:15:00+00:00,gbpusd,1.39873,1.39944,1.3986,1.39876
2021-05-07 16:30:00+00:00,gbpusd,1.39759,1.39873,1.39718,1.39872
2021-05-07 16:45:00+00:00,gbpusd,1.39821,1.39839,1.39746,1.39758
2021-05-07 17:00:00+00:00,gbpusd,1.3991,1.39942,1.39815,1.3982
2021-05-07 17:15:00+00:00,gbpusd,1.39816,1.39911,1.39807,1.39909
2021-05-07 17:30:00+00:00,gbpusd,1.39915,1.39928,1.39805,1.39815
2021-05-07 17:45:00+00:00,gbpusd,1.39905,1.39969,1.39894,1.39914
2021-05-07 18:00:00+00:00,gbpusd,1.39907,1.39916,1.39863,1.39904
2021-05-07 18:15:00+00:00,gbpusd,1.39927,1.39929,1.39882,1.39906
2021-05-07 18:30:00+00:00,gbpusd,1.39905,1.39966,1.3989,1.39926
2021-05-07 18:45:00+00:00,gbpusd,1.39973,1.39973,1.39894,1.39906
2021-05-07 19:00:00+00:00,gbpusd,1.39998,1.40001,1.39956,1.39972
2021-05-07 19:15:00+00:00,gbpusd,1.40027,1.4004,1.39992,1.39999
2021-05-07 19:30:00+00:00,gbpusd,1.40024,1.40041,1.39971,1.40028
2021-05-07 19:45:00+00:00,gbpusd,1.40026,1.40058,1.40004,1.40023
2021-05-07 20:00:00+00:00,gbpusd,1.40054,1.40054,1.40006,1.40025
2021-05-07 20:15:00+00:00,gbpusd,1.39984,1.40055,1.39973,1.40053
2021-05-07 20:30:00+00:00,gbpusd,1.39933,1.39984,1.39932,1.39983
2021-05-07 20:45:00+00:00,gbpusd,1.3993,1.39961,1.39864,1.39932
2021-05-09 21:00:00+00:00,gbpusd,1.40022,1.40065,1.40022,1.40055
2021-05-09 21:15:00+00:00,gbpusd,1.3999,1.40029,1.39972,1.40023
2021-05-09 21:30:00+00:00,gbpusd,1.40007,1.4006,1.39988,1.39989
2021-05-09 21:45:00+00:00,gbpusd,1.40012,1.40013,1.39989,1.40006
2021-05-09 22:00:00+00:00,gbpusd,1.40284,1.4029,1.39998,1.40015
2021-05-09 22:15:00+00:00,gbpusd,1.40232,1.40287,1.40228,1.40285
2021-05-09 22:30:00+00:00,gbpusd,1.40257,1.40275,1.40216,1.40231
2021-05-09 22:45:00+00:00,gbpusd,1.40295,1.40297,1.40248,1.40256
2021-05-09 23:00:00+00:00,gbpusd,1.40334,1.40334,1.4025,1.40296
2021-05-09 23:15:00+00:00,gbpusd,1.40333,1.40358,1.40292,1.40335
2021-05-09 23:30:00+00:00,gbpusd,1.4034,1.40356,1.40297,1.40332
2021-05-09 23:45:00+00:00,gbpusd,1.40406,1.40445,1.40341,1.40341
2021-05-10 00:00:00+00:00,gbpusd,1.40355,1.40405,1.40313,1.40404
2021-05-10 00:15:00+00:00,gbpusd,1.40359,1.40407,1.40329,1.40356
2021-05-10 00:30:00+00:00,gbpusd,1.40325,1.40394,1.40313,1.40358
2021-05-10 00:45:00+00:00,gbpusd,1.40285,1.40344,1.40285,1.40326
2021-05-10 01:00:00+00:00,gbpusd,1.40345,1.40346,1.40275,1.40286
2021-05-10 01:15:00+00:00,gbpusd,1.40359,1.40378,1.40303,1.40346
2021-05-10 01:30:00+00:00,gbpusd,1.40334,1.40358,1.40296,1.40358
2021-05-10 01:45:00+00:00,gbpusd,1.4032,1.40346,1.40283,1.40335
2021-05-10 02:00:00+00:00,gbpusd,1.40297,1.40343,1.40295,1.40319
2021-05-10 02:15:00+00:00,gbpusd,1.40246,1.40308,1.40229,1.40296
2021-05-10 02:30:00+00:00,gbpusd,1.40198,1.40276,1.40193,1.40247
2021-05-10 02:45:00+00:00,gbpusd,1.40187,1.40215,1.40184,1.40197
2021-05-10 03:00:00+00:00,gbpusd,1.40198,1.40207,1.40175,1.40188
2021-05-10 03:15:00+00:00,gbpusd,1.40216,1.40217,1.40184,1.40199
2021-05-10 03:30:00+00:00,gbpusd,1.40194,1.40215,1.40192,1.40215
2021-05-10 03:45:00+00:00,gbpusd,1.40206,1.40207,1.40185,1.40193
2021-05-10 04:00:00+00:00,gbpusd,1.40205,1.40206,1.40169,1.40205
2021-05-10 04:15:00+00:00,gbpusd,1.40206,1.40217,1.40152,1.40204
2021-05-10 04:30:00+00:00,gbpusd,1.40256,1.40265,1.40205,1.40207
2021-05-10 04:45:00+00:00,gbpusd,1.40257,1.40289,1.40255,1.40255
2021-05-10 05:00:00+00:00,gbpusd,1.40423,1.40431,1.40256,1.40256
2021-05-10 05:15:00+00:00,gbpusd,1.40494,1.40508,1.40412,1.40424
2021-05-10 05:30:00+00:00,gbpusd,1.40486,1.40581,1.40483,1.40492
2021-05-10 05:45:00+00:00,gbpusd,1.40434,1.40494,1.40429,1.40487
2021-05-10 06:00:00+00:00,gbpusd,1.40516,1.40517,1.40435,1.40435
2021-05-10 06:15:00+00:00,gbpusd,1.40637,1.4064,1.40515,1.40515
2021-05-10 06:30:00+00:00,gbpusd,1.40665,1.40691,1.40598,1.40636
2021-05-10 06:45:00+00:00,gbpusd,1.40647,1.40718,1.40622,1.40664
2021-05-10 07:00:00+00:00,gbpusd,1.40567,1.40657,1.40536,1.40648
2021-05-10 07:15:00+00:00,gbpusd,1.40639,1.40641,1.40549,1.40568
2021-05-10 07:30:00+00:00,gbpusd,1.40624,1.4068,1.40591,1.40638
2021-05-10 07:45:00+00:00,gbpusd,1.40765,1.40796,1.40594,1.40626
2021-05-10 08:00:00+00:00,gbpusd,1.4071,1.40788,1.40637,1.40764
2021-05-10 08:15:00+00:00,gbpusd,1.40847,1.40854,1.40697,1.40709
2021-05-10 08:30:00+00:00,gbpusd,1.40946,1.40954,1.40812,1.40848
2021-05-10 08:45:00+00:00,gbpusd,1.40903,1.40967,1.40871,1.40947
2021-05-10 09:00:00+00:00,gbpusd,1.40874,1.40913,1.40836,1.40902
2021-05-10 09:15:00+00:00,gbpusd,1.40814,1.40876,1.40809,1.40875
2021-05-10 09:30:00+00:00,gbpusd,1.40905,1.40926,1.40808,1.40813
2021-05-10 09:45:00+00:00,gbpusd,1.40916,1.40925,1.40885,1.40904
2021-05-10 10:00:00+00:00,gbpusd,1.40909,1.40953,1.40875,1.40917
2021-05-10 10:15:00+00:00,gbpusd,1.40973,1.41027,1.40895,1.40908
2021-05-10 10:30:00+00:00,gbpusd,1.40993,1.41003,1.40936,1.40972
2021-05-10 10:45:00+00:00,gbpusd,1.41005,1.41103,1.40974,1.40991
2021-05-10 11:00:00+00:00,gbpusd,1.41064,1.41072,1.40915,1.41004
2021-05-10 11:15:00+00:00,gbpusd,1.41046,1.41129,1.41013,1.41065
2021-05-10 11:30:00+00:00,gbpusd,1.41188,1.41198,1.41013,1.41047
2021-05-10 11:45:00+00:00,gbpusd,1.41106,1.41192,1.4109,1.41189
2021-05-10 12:00:00+00:00,gbpusd,1.41184,1.41185,1.41076,1.41107
2021-05-10 12:15:00+00:00,gbpusd,1.41314,1.41316,1.41175,1.41185
2021-05-10 12:30:00+00:00,gbpusd,1.41413,1.41414,1.41284,1.41315
2021-05-10 12:45:00+00:00,gbpusd,1.41475,1.41585,1.41405,1.41414
2021-05-10 13:00:00+00:00,gbpusd,1.41353,1.41485,1.41278,1.41474
2021-05-10 13:15:00+00:00,gbpusd,1.41358,1.41396,1.41263,1.41355
2021-05-10 13:30:00+00:00,gbpusd,1.41241,1.41389,1.41154,1.41357
2021-05-10 13:45:00+00:00,gbpusd,1.41114,1.41267,1.41097,1.41242
2021-05-10 14:00:00+00:00,gbpusd,1.41396,1.41405,1.41077,1.41115
2021-05-10 14:15:00+00:00,gbpusd,1.41411,1.41451,1.41365,1.41397
2021-05-10 14:30:00+00:00,gbpusd,1.41436,1.41478,1.41365,1.4141
2021-05-10 14:45:00+00:00,gbpusd,1.41406,1.4148,1.41324,1.41435
2021-05-10 15:00:00+00:00,gbpusd,1.41285,1.41408,1.41274,1.41395
2021-05-10 15:15:00+00:00,gbpusd,1.41364,1.41404,1.41281,1.41284
2021-05-10 15:30:00+00:00,gbpusd,1.41436,1.41462,1.41342,1.41365
2021-05-10 15:45:00+00:00,gbpusd,1.41517,1.41518,1.41405,1.41437
2021-05-10 16:00:00+00:00,gbpusd,1.41445,1.41554,1.41444,1.41516
2021-05-10 16:15:00+00:00,gbpusd,1.41412,1.41447,1.41361,1.41444
2021-05-10 16:30:00+00:00,gbpusd,1.41344,1.41415,1.41336,1.41413
2021-05-10 16:45:00+00:00,gbpusd,1.41427,1.4143,1.41325,1.41343
2021-05-10 17:00:00+00:00,gbpusd,1.41351,1.41439,1.41345,1.41426
2021-05-10 17:15:00+00:00,gbpusd,1.41418,1.4143,1.41329,1.4135
2021-05-10 17:30:00+00:00,gbpusd,1.41457,1.41526,1.41412,1.41417
2021-05-10 17:45:00+00:00,gbpusd,1.41442,1.41488,1.4139,1.41456
2021-05-10 18:00:00+00:00,gbpusd,1.41507,1.41535,1.41439,1.41441
2021-05-10 18:15:00+00:00,gbpusd,1.41448,1.41506,1.41401,1.41506
2021-05-10 18:30:00+00:00,gbpusd,1.41387,1.41447,1.41368,1.41447
2021-05-10 18:45:00+00:00,gbpusd,1.41346,1.41404,1.41282,1.41388
2021-05-10 19:00:00+00:00,gbpusd,1.4135,1.41361,1.41288,1.41345
2021-05-10 19:15:00+00:00,gbpusd,1.41356,1.41365,1.41317,1.41347
2021-05-10 19:30:00+00:00,gbpusd,1.41316,1.41366,1.41308,1.41355
2021-05-10 19:45:00+00:00,gbpusd,1.41325,1.41357,1.41297,1.41317
2021-05-10 20:00:00+00:00,gbpusd,1.41349,1.41351,1.41304,1.41326
2021-05-10 20:15:00+00:00,gbpusd,1.41253,1.41348,1.41253,1.41348
2021-05-10 20:30:00+00:00,gbpusd,1.41227,1.41259,1.41217,1.41252
2021-05-10 20:45:00+00:00,gbpusd,1.41179,1.41249,1.41154,1.41226
2021-05-10 21:00:00+00:00,gbpusd,1.41186,1.41193,1.4118,1.41183
2021-05-10 21:15:00+00:00,gbpusd,1.412,1.4128,1.41167,1.41167
2021-05-10 21:30:00+00:00,gbpusd,1.4123,1.4123,1.41197,1.41198
2021-05-10 21:45:00+00:00,gbpusd,1.41215,1.41232,1.41197,1.41229
2021-05-10 22:00:00+00:00,gbpusd,1.41235,1.41245,1.41211,1.41216
2021-05-10 22:15:00+00:00,gbpusd,1.41278,1.41279,1.41235,1.41235
2021-05-10 22:30:00+00:00,gbpusd,1.41277,1.41279,1.41264,1.41277
2021-05-10 22:45:00+00:00,gbpusd,1.41287,1.41298,1.41265,1.41276
2021-05-10 23:00:00+00:00,gbpusd,1.41248,1.41289,1.41246,1.41288
2021-05-10 23:15:00+00:00,gbpusd,1.41263,1.41279,1.41244,1.41247
2021-05-10 23:30:00+00:00,gbpusd,1.41276,1.41305,1.41262,1.41262
2021-05-10 23:45:00+00:00,gbpusd,1.41308,1.41309,1.41276,1.41277
2021-05-11 00:00:00+00:00,gbpusd,1.41325,1.41347,1.41274,1.41309
2021-05-11 00:15:00+00:00,gbpusd,1.41247,1.41329,1.41225,1.41324
2021-05-11 00:30:00+00:00,gbpusd,1.41225,1.41287,1.41222,1.41248
2021-05-11 00:45:00+00:00,gbpusd,1.41168,1.41267,1.41131,1.41224
2021-05-11 01:00:00+00:00,gbpusd,1.41186,1.41201,1.41136,1.41169
2021-05-11 01:15:00+00:00,gbpusd,1.41156,1.41258,1.41145,1.41187
2021-05-11 01:30:00+00:00,gbpusd,1.41166,1.41198,1.41147,1.41155
2021-05-11 01:45:00+00:00,gbpusd,1.41176,1.41216,1.41167,1.41167
2021-05-11 02:00:00+00:00,gbpusd,1.41189,1.41217,1.41149,1.41175
2021-05-11 02:15:00+00:00,gbpusd,1.4122,1.41245,1.41175,1.4119
2021-05-11 02:30:00+00:00,gbpusd,1.41285,1.41296,1.41219,1.41221
2021-05-11 02:45:00+00:00,gbpusd,1.41277,1.41301,1.41248,1.41286
2021-05-11 03:00:00+00:00,gbpusd,1.4125,1.41297,1.41248,1.41278
2021-05-11 03:15:00+00:00,gbpusd,1.41263,1.41286,1.41246,1.41251
2021-05-11 03:30:00+00:00,gbpusd,1.41234,1.41289,1.41229,1.41262
2021-05-11 03:45:00+00:00,gbpusd,1.412,1.41237,1.41184,1.41235
2021-05-11 04:00:00+00:00,gbpusd,1.41243,1.41266,1.41206,1.41206
2021-05-11 04:15:00+00:00,gbpusd,1.41287,1.41289,1.41235,1.41242
2021-05-11 04:30:00+00:00,gbpusd,1.41276,1.41328,1.41276,1.41286
2021-05-11 04:45:00+00:00,gbpusd,1.41254,1.41298,1.41247,1.41277
2021-05-11 05:00:00+00:00,gbpusd,1.41273,1.41273,1.41211,1.41255
2021-05-11 05:15:00+00:00,gbpusd,1.41274,1.41289,1.41237,1.41272
2021-05-11 05:30:00+00:00,gbpusd,1.41297,1.41326,1.41248,1.41275
2021-05-11 05:45:00+00:00,gbpusd,1.41275,1.41311,1.4123,1.41296
2021-05-11 06:00:00+00:00,gbpusd,1.41147,1.4131,1.4114,1.41276
2021-05-11 06:15:00+00:00,gbpusd,1.4112,1.412,1.41119,1.41146
2021-05-11 06:30:00+00:00,gbpusd,1.41155,1.41187,1.4111,1.41121
2021-05-11 06:45:00+00:00,gbpusd,1.41107,1.41186,1.4107,1.41154
2021-05-11 07:00:00+00:00,gbpusd,1.41215,1.41249,1.41087,1.41108
2021-05-11 07:15:00+00:00,gbpusd,1.41287,1.41314,1.41145,1.41216
2021-05-11 07:30:00+00:00,gbpusd,1.41316,1.41347,1.41266,1.41288
2021-05-11 07:45:00+00:00,gbpusd,1.41244,1.4137,1.41155,1.41317
2021-05-11 08:00:00+00:00,gbpusd,1.41266,1.41311,1.41214,1.41245
2021-05-11 08:15:00+00:00,gbpusd,1.41086,1.41294,1.41085,1.41267
2021-05-11 08:30:00+00:00,gbpusd,1.41208,1.41235,1.41043,1.41085
2021-05-11 08:45:00+00:00,gbpusd,1.41407,1.41431,1.41196,1.41209
2021-05-11 09:00:00+00:00,gbpusd,1.41358,1.41468,1.41335,1.41408
2021-05-11 09:15:00+00:00,gbpusd,1.41343,1.41366,1.41306,1.41357
2021-05-11 09:30:00+00:00,gbpusd,1.41336,1.41348,1.41287,1.41344
2021-05-11 09:45:00+00:00,gbpusd,1.41352,1.41376,1.41324,1.41337
2021-05-11 10:00:00+00:00,gbpusd,1.41358,1.41363,1.41246,1.41351
2021-05-11 10:15:00+00:00,gbpusd,1.41396,1.41467,1.41356,1.41357
2021-05-11 10:30:00+00:00,gbpusd,1.41298,1.41398,1.41288,1.41395
2021-05-11 10:45:00+00:00,gbpusd,1.41263,1.41337,1.41251,1.41297
2021-05-11 11:00:00+00:00,gbpusd,1.41319,1.41327,1.41215,1.41262
2021-05-11 11:15:00+00:00,gbpusd,1.41504,1.41507,1.41312,1.41318
2021-05-11 11:30:00+00:00,gbpusd,1.41451,1.41514,1.41415,1.41505
2021-05-11 11:45:00+00:00,gbpusd,1.41459,1.41479,1.41404,1.41452
2021-05-11 12:00:00+00:00,gbpusd,1.41483,1.41541,1.41454,1.41458
2021-05-11 12:15:00+00:00,gbpusd,1.41468,1.41536,1.41454,1.41484
2021-05-11 12:30:00+00:00,gbpusd,1.41464,1.4149,1.41411,1.41467
2021-05-11 12:45:00+00:00,gbpusd,1.41516,1.41582,1.41458,1.41465
2021-05-11 13:00:00+00:00,gbpusd,1.41436,1.41577,1.41418,1.41517
2021-05-11 13:15:00+00:00,gbpusd,1.413,1.41445,1.41177,1.41439
2021-05-11 13:30:00+00:00,gbpusd,1.41385,1.41395,1.41217,1.41299
2021-05-11 13:45:00+00:00,gbpusd,1.41551,1.41558,1.41314,1.41383
2021-05-11 14:00:00+00:00,gbpusd,1.41358,1.41544,1.41352,1.41531
2021-05-11 14:15:00+00:00,gbpusd,1.41408,1.41488,1.41306,1.41357
2021-05-11 14:30:00+00:00,gbpusd,1.41387,1.41438,1.41359,1.41413
2021-05-11 14:45:00+00:00,gbpusd,1.41445,1.4151,1.41335,1.41388
2021-05-11 15:00:00+00:00,gbpusd,1.41418,1.41457,1.41303,1.41443
2021-05-11 15:15:00+00:00,gbpusd,1.41546,1.41551,1.41397,1.41419
2021-05-11 15:30:00+00:00,gbpusd,1.41495,1.41548,1.41446,1.41547
2021-05-11 15:45:00+00:00,gbpusd,1.41484,1.41536,1.41467,1.41496
2021-05-11 16:00:00+00:00,gbpusd,1.41516,1.41531,1.41451,1.41485
2021-05-11 16:15:00+00:00,gbpusd,1.41495,1.41535,1.41472,1.41517
2021-05-11 16:30:00+00:00,gbpusd,1.41596,1.41667,1.41488,1.41496
2021-05-11 16:45:00+00:00,gbpusd,1.41649,1.41655,1.41589,1.41597
2021-05-11 17:00:00+00:00,gbpusd,1.41597,1.41659,1.41588,1.41648
2021-05-11 17:15:00+00:00,gbpusd,1.41569,1.41605,1.41545,1.41596
2021-05-11 17:30:00+00:00,gbpusd,1.41558,1.41578,1.415,1.41568
2021-05-11 17:45:00+00:00,gbpusd,1.41616,1.41627,1.41506,1.41557
2021-05-11 18:00:00+00:00,gbpusd,1.41507,1.41619,1.41474,1.41617
2021-05-11 18:15:00+00:00,gbpusd,1.41547,1.41558,1.41492,1.41508
2021-05-11 18:30:00+00:00,gbpusd,1.41548,1.4156,1.41499,1.41546
2021-05-11 18:45:00+00:00,gbpusd,1.41578,1.416,1.41504,1.41547
2021-05-11 19:00:00+00:00,gbpusd,1.41527,1.41587,1.41508,1.41577
2021-05-11 19:15:00+00:00,gbpusd,1.41498,1.41547,1.41489,1.41528
2021-05-11 19:30:00+00:00,gbpusd,1.41457,1.41505,1.41446,1.41497
2021-05-11 19:45:00+00:00,gbpusd,1.41429,1.41489,1.41409,1.41456
2021-05-11 20:00:00+00:00,gbpusd,1.41396,1.41434,1.41389,1.4143
2021-05-11 20:15:00+00:00,gbpusd,1.41429,1.41429,1.41388,1.41397
2021-05-11 20:30:00+00:00,gbpusd,1.41408,1.41428,1.41406,1.41428
2021-05-11 20:45:00+00:00,gbpusd,1.41428,1.41428,1.41386,1.41409
2021-05-11 21:00:00+00:00,gbpusd,1.41458,1.41473,1.41422,1.41426
2021-05-11 21:15:00+00:00,gbpusd,1.41464,1.41471,1.41441,1.41459
2021-05-11 21:30:00+00:00,gbpusd,1.4142,1.41466,1.4141,1.41465
2021-05-11 21:45:00+00:00,gbpusd,1.41436,1.41453,1.4141,1.41422
2021-05-11 22:00:00+00:00,gbpusd,1.41427,1.41474,1.41427,1.41439
2021-05-11 22:15:00+00:00,gbpusd,1.41391,1.41437,1.41387,1.41429
2021-05-11 22:30:00+00:00,gbpusd,1.41394,1.41403,1.41383,1.41392
2021-05-11 22:45:00+00:00,gbpusd,1.41419,1.41421,1.41386,1.41395
2021-05-11 23:00:00+00:00,gbpusd,1.4138,1.41419,1.41376,1.41418
2021-05-11 23:15:00+00:00,gbpusd,1.41387,1.41399,1.41376,1.41381
2021-05-11 23:30:00+00:00,gbpusd,1.41383,1.41398,1.41381,1.41388
2021-05-11 23:45:00+00:00,gbpusd,1.41356,1.41398,1.41339,1.41382
2021-05-12 00:00:00+00:00,gbpusd,1.41391,1.41425,1.41347,1.41355
2021-05-12 00:15:00+00:00,gbpusd,1.41347,1.41394,1.41335,1.41392
2021-05-12 00:30:00+00:00,gbpusd,1.41258,1.41354,1.4123,1.41348
2021-05-12 00:45:00+00:00,gbpusd,1.41267,1.41282,1.41221,1.41257
2021-05-12 01:00:00+00:00,gbpusd,1.41227,1.41282,1.41214,1.41266
2021-05-12 01:15:00+00:00,gbpusd,1.41172,1.41255,1.41163,1.41228
2021-05-12 01:30:00+00:00,gbpusd,1.41178,1.41227,1.41146,1.41171
2021-05-12 01:45:00+00:00,gbpusd,1.41213,1.41232,1.41167,1.41179
2021-05-12 02:00:00+00:00,gbpusd,1.41216,1.41237,1.41178,1.41214
2021-05-12 02:15:00+00:00,gbpusd,1.41176,1.41217,1.41166,1.41217
2021-05-12 02:30:00+00:00,gbpusd,1.41188,1.41193,1.41148,1.41175
2021-05-12 02:45:00+00:00,gbpusd,1.41128,1.41198,1.41126,1.41189
2021-05-12 03:00:00+00:00,gbpusd,1.41156,1.41176,1.41127,1.41129
2021-05-12 03:15:00+00:00,gbpusd,1.41155,1.4117,1.41119,1.41155
2021-05-12 03:30:00+00:00,gbpusd,1.41141,1.41186,1.41126,1.41156
2021-05-12 03:45:00+00:00,gbpusd,1.4109,1.41148,1.41078,1.41142
2021-05-12 04:00:00+00:00,gbpusd,1.41146,1.41148,1.41079,1.41089
2021-05-12 04:15:00+00:00,gbpusd,1.4114,1.4115,1.41106,1.41145
2021-05-12 04:30:00+00:00,gbpusd,1.41157,1.41158,1.41126,1.41141
2021-05-12 04:45:00+00:00,gbpusd,1.41149,1.41175,1.41149,1.41156
2021-05-12 05:00:00+00:00,gbpusd,1.41207,1.4122,1.41147,1.41148
2021-05-12 05:15:00+00:00,gbpusd,1.41227,1.41247,1.41186,1.41206
2021-05-12 05:30:00+00:00,gbpusd,1.41198,1.41255,1.41198,1.41228
2021-05-12 05:45:00+00:00,gbpusd,1.41173,1.41207,1.4115,1.41199
2021-05-12 06:00:00+00:00,gbpusd,1.41264,1.41315,1.41171,1.41172
2021-05-12 06:15:00+00:00,gbpusd,1.41318,1.41345,1.41265,1.41265
2021-05-12 06:30:00+00:00,gbpusd,1.41311,1.41341,1.41255,1.41317
2021-05-12 06:45:00+00:00,gbpusd,1.41336,1.41387,1.4128,1.41312
2021-05-12 07:00:00+00:00,gbpusd,1.41362,1.41407,1.41313,1.41337
2021-05-12 22:15:00+00:00,gbpusd,1.40605,1.40606,1.40597,1.40602
2021-05-12 22:30:00+00:00,gbpusd,1.40656,1.40703,1.40597,1.40604
2021-05-12 22:45:00+00:00,gbpusd,1.4063,1.40656,1.40611,1.40655
2021-05-12 23:00:00+00:00,gbpusd,1.40638,1.40651,1.40614,1.40629
2021-05-12 23:15:00+00:00,gbpusd,1.406,1.40649,1.406,1.40639
2021-05-12 23:30:00+00:00,gbpusd,1.40603,1.40616,1.40579,1.40599
2021-05-12 23:45:00+00:00,gbpusd,1.40624,1.40652,1.40594,1.40602
2021-05-13 00:00:00+00:00,gbpusd,1.4054,1.4063,1.40507,1.40625
2021-05-13 00:15:00+00:00,gbpusd,1.40569,1.40578,1.40521,1.40539
2021-05-13 00:30:00+00:00,gbpusd,1.40628,1.40629,1.40565,1.4057
2021-05-13 00:45:00+00:00,gbpusd,1.40652,1.40712,1.40622,1.40629
2021-05-13 01:00:00+00:00,gbpusd,1.40626,1.40675,1.40595,1.40651
2021-05-13 01:15:00+00:00,gbpusd,1.40693,1.40703,1.40622,1.40627
2021-05-13 01:30:00+00:00,gbpusd,1.40777,1.40782,1.40681,1.40692
2021-05-13 01:45:00+00:00,gbpusd,1.40751,1.40782,1.40705,1.40776
2021-05-13 02:00:00+00:00,gbpusd,1.40703,1.4075,1.4068,1.4075
2021-05-13 02:15:00+00:00,gbpusd,1.40654,1.40724,1.40643,1.40702
2021-05-13 02:30:00+00:00,gbpusd,1.40663,1.40673,1.40621,1.40655
2021-05-13 02:45:00+00:00,gbpusd,1.40646,1.40672,1.40622,1.40664
2021-05-13 03:00:00+00:00,gbpusd,1.40642,1.40664,1.40614,1.40647
2021-05-13 03:15:00+00:00,gbpusd,1.40612,1.40656,1.40593,1.40643
2021-05-13 03:30:00+00:00,gbpusd,1.40595,1.40623,1.40581,1.40613
2021-05-13 03:45:00+00:00,gbpusd,1.40611,1.40624,1.40591,1.40596
2021-05-13 04:00:00+00:00,gbpusd,1.40598,1.40643,1.40597,1.4061
2021-05-13 04:15:00+00:00,gbpusd,1.4061,1.40647,1.40582,1.40597
2021-05-13 04:30:00+00:00,gbpusd,1.40633,1.40637,1.40593,1.40609
2021-05-13 04:45:00+00:00,gbpusd,1.40663,1.40674,1.40621,1.40634
2021-05-13 05:00:00+00:00,gbpusd,1.40622,1.40666,1.40614,1.40664
2021-05-13 05:15:00+00:00,gbpusd,1.40593,1.40623,1.4058,1.40621
2021-05-13 05:30:00+00:00,gbpusd,1.40631,1.4064,1.40592,1.40594
2021-05-13 05:45:00+00:00,gbpusd,1.40511,1.40631,1.40505,1.4063
2021-05-13 06:00:00+00:00,gbpusd,1.40526,1.40588,1.40486,1.4051
2021-05-13 06:15:00+00:00,gbpusd,1.40484,1.40535,1.40351,1.40525
2021-05-13 06:30:00+00:00,gbpusd,1.40484,1.40528,1.40459,1.40483
2021-05-13 06:45:00+00:00,gbpusd,1.40532,1.40606,1.40473,1.40485
2021-05-13 07:00:00+00:00,gbpusd,1.40715,1.40717,1.40493,1.40533
2021-05-13 07:15:00+00:00,gbpusd,1.40649,1.40702,1.40619,1.40694
2021-05-13 07:30:00+00:00,gbpusd,1.40567,1.40684,1.40546,1.4065
2021-05-13 07:45:00+00:00,gbpusd,1.40498,1.40625,1.40452,1.40566
2021-05-13 08:00:00+00:00,gbpusd,1.40557,1.40644,1.40465,1.40497
2021-05-13 08:15:00+00:00,gbpusd,1.40465,1.40612,1.40438,1.40556
2021-05-13 08:30:00+00:00,gbpusd,1.40404,1.40521,1.40387,1.40466
2021-05-13 08:45:00+00:00,gbpusd,1.40302,1.4042,1.40225,1.40405
2021-05-13 09:00:00+00:00,gbpusd,1.40325,1.40417,1.40303,1.40303
2021-05-13 09:15:00+00:00,gbpusd,1.4037,1.40385,1.40266,1.40326
2021-05-13 09:30:00+00:00,gbpusd,1.40339,1.40399,1.4032,1.40372
2021-05-13 09:45:00+00:00,gbpusd,1.40244,1.40346,1.40227,1.4034
2021-05-13 10:00:00+00:00,gbpusd,1.40103,1.40264,1.40072,1.40245
2021-05-13 10:15:00+00:00,gbpusd,1.40162,1.40183,1.40057,1.40104
2021-05-13 10:30:00+00:00,gbpusd,1.40171,1.40233,1.40139,1.40164
2021-05-13 10:45:00+00:00,gbpusd,1.40225,1.40257,1.40134,1.4017
2021-05-13 11:00:00+00:00,gbpusd,1.40288,1.4029,1.40213,1.40226
2021-05-13 11:15:00+00:00,gbpusd,1.40335,1.40375,1.40263,1.40289
2021-05-13 11:30:00+00:00,gbpusd,1.40414,1.40415,1.40321,1.40336
2021-05-13 11:45:00+00:00,gbpusd,1.40283,1.40421,1.40278,1.40413
2021-05-13 12:00:00+00:00,gbpusd,1.40364,1.40396,1.40284,1.40284
2021-05-13 12:15:00+00:00,gbpusd,1.40299,1.40388,1.40294,1.40363
2021-05-13 12:30:00+00:00,gbpusd,1.40474,1.40521,1.40242,1.40298
2021-05-13 12:45:00+00:00,gbpusd,1.40326,1.40502,1.4031,1.40473
2021-05-13 13:00:00+00:00,gbpusd,1.40314,1.40435,1.40303,1.40325
2021-05-13 13:15:00+00:00,gbpusd,1.40263,1.40385,1.40251,1.40313
2021-05-13 13:30:00+00:00,gbpusd,1.40353,1.40433,1.40255,1.40262
2021-05-13 13:45:00+00:00,gbpusd,1.40546,1.40548,1.40309,1.40352
2021-05-13 14:00:00+00:00,gbpusd,1.40558,1.40594,1.40495,1.40547
2021-05-13 14:15:00+00:00,gbpusd,1.40507,1.40574,1.40454,1.40557
2021-05-13 14:30:00+00:00,gbpusd,1.40534,1.40626,1.405,1.40506
2021-05-13 14:45:00+00:00,gbpusd,1.40457,1.40577,1.40405,1.40533
2021-05-13 15:00:00+00:00,gbpusd,1.40394,1.40477,1.40385,1.40456
2021-05-13 15:15:00+00:00,gbpusd,1.4032,1.40467,1.40313,1.40393
2021-05-13 15:30:00+00:00,gbpusd,1.40271,1.40373,1.40263,1.40321
2021-05-13 15:45:00+00:00,gbpusd,1.40314,1.40365,1.40272,1.40272
2021-05-13 16:00:00+00:00,gbpusd,1.40364,1.40385,1.40284,1.40313
2021-05-13 16:15:00+00:00,gbpusd,1.40369,1.40379,1.40313,1.40363
2021-05-13 16:30:00+00:00,gbpusd,1.40432,1.4045,1.40368,1.40368
2021-05-13 16:45:00+00:00,gbpusd,1.40369,1.40501,1.40355,1.40433
2021-05-13 17:00:00+00:00,gbpusd,1.40389,1.40435,1.40328,1.4037
2021-05-13 17:15:00+00:00,gbpusd,1.40235,1.40401,1.40205,1.40387
2021-05-13 17:30:00+00:00,gbpusd,1.40213,1.40243,1.40163,1.40234
2021-05-13 17:45:00+00:00,gbpusd,1.40181,1.40254,1.40181,1.40212
2021-05-13 18:00:00+00:00,gbpusd,1.4028,1.40285,1.40171,1.4018
2021-05-13 18:15:00+00:00,gbpusd,1.40304,1.40308,1.40246,1.40279
2021-05-13 18:30:00+00:00,gbpusd,1.40382,1.40398,1.40273,1.40305
2021-05-13 18:45:00+00:00,gbpusd,1.40422,1.40444,1.40368,1.4038
2021-05-13 19:00:00+00:00,gbpusd,1.4044,1.40473,1.40411,1.40423
2021-05-13 19:15:00+00:00,gbpusd,1.40514,1.40519,1.4043,1.40441
2021-05-13 19:30:00+00:00,gbpusd,1.40528,1.40541,1.40504,1.40515
2021-05-13 19:45:00+00:00,gbpusd,1.40545,1.40554,1.40494,1.40529
2021-05-13 20:00:00+00:00,gbpusd,1.40534,1.40554,1.40496,1.40544
2021-05-13 20:15:00+00:00,gbpusd,1.40525,1.40544,1.40508,1.40533
2021-05-13 20:30:00+00:00,gbpusd,1.40533,1.40544,1.40524,1.40524
2021-05-13 20:45:00+00:00,gbpusd,1.40507,1.40534,1.40486,1.40532
2021-05-13 21:00:00+00:00,gbpusd,1.40514,1.40535,1.40507,1.40518
2021-05-13 21:15:00+00:00,gbpusd,1.40496,1.40539,1.40485,1.40517
2021-05-13 21:30:00+00:00,gbpusd,1.40541,1.40556,1.40485,1.40497
2021-05-13 21:45:00+00:00,gbpusd,1.40502,1.40547,1.4047,1.40542
2021-05-13 22:00:00+00:00,gbpusd,1.40521,1.4054,1.40496,1.40503
2021-05-13 22:15:00+00:00,gbpusd,1.40504,1.40534,1.40498,1.40528
2021-05-13 22:30:00+00:00,gbpusd,1.40508,1.40513,1.40491,1.40505
2021-05-13 22:45:00+00:00,gbpusd,1.40464,1.40508,1.40462,1.40507
2021-05-13 23:00:00+00:00,gbpusd,1.40466,1.40492,1.4045,1.40463
2021-05-13 23:15:00+00:00,gbpusd,1.40504,1.40507,1.40464,1.40465
2021-05-13 23:30:00+00:00,gbpusd,1.40484,1.40506,1.40461,1.40503
2021-05-13 23:45:00+00:00,gbpusd,1.40463,1.40496,1.4046,1.40483
2021-05-14 00:00:00+00:00,gbpusd,1.40416,1.40473,1.40408,1.40464
2021-05-14 00:15:00+00:00,gbpusd,1.4039,1.40456,1.40375,1.40417
2021-05-14 00:30:00+00:00,gbpusd,1.40401,1.40408,1.40363,1.40391
2021-05-14 00:45:00+00:00,gbpusd,1.40461,1.40474,1.40374,1.404
2021-05-14 01:00:00+00:00,gbpusd,1.40427,1.4048,1.40413,1.40462
2021-05-14 01:15:00+00:00,gbpusd,1.40516,1.40521,1.40404,1.40426
2021-05-14 01:30:00+00:00,gbpusd,1.40471,1.40515,1.40462,1.40515
2021-05-14 01:45:00+00:00,gbpusd,1.40445,1.40485,1.40429,1.40472
2021-05-14 02:00:00+00:00,gbpusd,1.40486,1.40486,1.40415,1.40444
2021-05-14 02:15:00+00:00,gbpusd,1.40445,1.40489,1.4044,1.40487
2021-05-14 02:30:00+00:00,gbpusd,1.40378,1.40461,1.40377,1.40446
2021-05-14 02:45:00+00:00,gbpusd,1.40406,1.40414,1.40365,1.40377
2021-05-14 03:00:00+00:00,gbpusd,1.40416,1.40429,1.40384,1.40407
2021-05-14 03:15:00+00:00,gbpusd,1.40391,1.40434,1.4038,1.40417
2021-05-14 03:30:00+00:00,gbpusd,1.40443,1.40452,1.40382,1.4039
2021-05-14 03:45:00+00:00,gbpusd,1.40452,1.40465,1.4043,1.40444
2021-05-14 04:00:00+00:00,gbpusd,1.405,1.40507,1.40455,1.40456
2021-05-14 04:15:00+00:00,gbpusd,1.40484,1.40505,1.40467,1.40501
2021-05-14 04:30:00+00:00,gbpusd,1.40467,1.40505,1.40458,1.40483
2021-05-14 04:45:00+00:00,gbpusd,1.40443,1.40474,1.40429,1.40468
2021-05-14 05:00:00+00:00,gbpusd,1.40465,1.40473,1.40422,1.40442
2021-05-14 05:15:00+00:00,gbpusd,1.40485,1.4049,1.40433,1.40466
2021-05-14 05:30:00+00:00,gbpusd,1.40514,1.40526,1.40467,1.40484
2021-05-14 05:45:00+00:00,gbpusd,1.4054,1.40563,1.40489,1.40515
2021-05-14 06:00:00+00:00,gbpusd,1.40443,1.40555,1.40424,1.40541
2021-05-14 06:15:00+00:00,gbpusd,1.40584,1.40586,1.40388,1.40442
2021-05-14 06:30:00+00:00,gbpusd,1.40592,1.40633,1.40535,1.40583
2021-05-14 06:45:00+00:00,gbpusd,1.40636,1.40717,1.40577,1.40591
2021-05-14 07:00:00+00:00,gbpusd,1.40684,1.40768,1.40626,1.40635
2021-05-14 07:15:00+00:00,gbpusd,1.40563,1.40699,1.40551,1.40683
2021-05-14 07:30:00+00:00,gbpusd,1.40582,1.40586,1.40552,1.40562
2021-05-14 07:45:00+00:00,gbpusd,1.40635,1.40687,1.40573,1.40581
2021-05-14 08:00:00+00:00,gbpusd,1.40668,1.40685,1.40574,1.40634
2021-05-14 08:15:00+00:00,gbpusd,1.40624,1.40724,1.40624,1.40667
2021-05-14 08:30:00+00:00,gbpusd,1.40624,1.40702,1.40593,1.40623
2021-05-14 08:45:00+00:00,gbpusd,1.40666,1.40685,1.40546,1.40623
2021-05-14 09:00:00+00:00,gbpusd,1.40672,1.40702,1.40629,1.40667
2021-05-14 09:15:00+00:00,gbpusd,1.40645,1.40696,1.40574,1.40673
2021-05-14 09:30:00+00:00,gbpusd,1.40636,1.40685,1.40622,1.40644
2021-05-14 09:45:00+00:00,gbpusd,1.40606,1.40657,1.40583,1.40637
2021-05-14 10:00:00+00:00,gbpusd,1.40567,1.40622,1.40541,1.40605
2021-05-14 10:15:00+00:00,gbpusd,1.40572,1.40614,1.40549,1.40568
2021-05-14 10:30:00+00:00,gbpusd,1.40663,1.40676,1.4056,1.40571
2021-05-14 10:45:00+00:00,gbpusd,1.40702,1.40797,1.40655,1.40662
2021-05-14 11:00:00+00:00,gbpusd,1.40784,1.40792,1.40691,1.40703
2021-05-14 11:15:00+00:00,gbpusd,1.40774,1.40828,1.40735,1.40783
2021-05-14 11:30:00+00:00,gbpusd,1.40842,1.40845,1.40695,1.40775
2021-05-14 11:45:00+00:00,gbpusd,1.40773,1.40859,1.40773,1.40844
2021-05-14 12:00:00+00:00,gbpusd,1.40826,1.40856,1.40772,1.40774
2021-05-14 12:15:00+00:00,gbpusd,1.40838,1.40868,1.40793,1.40827
2021-05-14 12:30:00+00:00,gbpusd,1.40785,1.40943,1.40738,1.40836
2021-05-14 12:45:00+00:00,gbpusd,1.40894,1.40919,1.4077,1.40784
2021-05-14 13:00:00+00:00,gbpusd,1.40845,1.409,1.40789,1.40895
2021-05-14 13:15:00+00:00,gbpusd,1.4084,1.40937,1.40805,1.40846
2021-05-14 13:30:00+00:00,gbpusd,1.40966,1.41007,1.40841,1.40841
2021-05-14 13:45:00+00:00,gbpusd,1.4107,1.41081,1.4091,1.40965
2021-05-14 14:00:00+00:00,gbpusd,1.41028,1.41102,1.40959,1.41069
2021-05-14 14:15:00+00:00,gbpusd,1.40927,1.41029,1.40899,1.41029
2021-05-14 14:30:00+00:00,gbpusd,1.40842,1.40977,1.40833,1.40938
2021-05-14 14:45:00+00:00,gbpusd,1.40888,1.40941,1.40843,1.40843
2021-05-14 15:00:00+00:00,gbpusd,1.4089,1.40901,1.40834,1.40868
2021-05-14 15:15:00+00:00,gbpusd,1.40902,1.40919,1.40819,1.40891
2021-05-14 15:30:00+00:00,gbpusd,1.4091,1.40948,1.40891,1.40903
2021-05-14 15:45:00+00:00,gbpusd,1.40949,1.40987,1.40911,1.40911
2021-05-14 16:00:00+00:00,gbpusd,1.40949,1.40976,1.40912,1.4095
2021-05-14 16:15:00+00:00,gbpusd,1.40966,1.40982,1.40938,1.4095
2021-05-14 16:30:00+00:00,gbpusd,1.40931,1.40978,1.40859,1.40967
2021-05-14 16:45:00+00:00,gbpusd,1.4097,1.40991,1.40929,1.4093
2021-05-14 17:00:00+00:00,gbpusd,1.40872,1.40982,1.40858,1.40971
2021-05-14 17:15:00+00:00,gbpusd,1.40929,1.40945,1.40869,1.40871
2021-05-14 17:30:00+00:00,gbpusd,1.40924,1.40974,1.40919,1.4093
2021-05-14 17:45:00+00:00,gbpusd,1.40921,1.40937,1.40893,1.40923
2021-05-14 18:00:00+00:00,gbpusd,1.40999,1.41027,1.4091,1.40922
2021-05-14 18:15:00+00:00,gbpusd,1.4099,1.40998,1.40926,1.40998
2021-05-14 18:30:00+00:00,gbpusd,1.40978,1.41005,1.40959,1.40989
2021-05-14 18:45:00+00:00,gbpusd,1.41012,1.4104,1.40968,1.40979
2021-05-14 19:00:00+00:00,gbpusd,1.4098,1.41031,1.40968,1.41013
2021-05-14 19:15:00+00:00,gbpusd,1.40971,1.41,1.40956,1.40979
2021-05-14 19:30:00+00:00,gbpusd,1.41001,1.4101,1.40949,1.4097
2021-05-14 19:45:00+00:00,gbpusd,1.40962,1.41012,1.40961,1.41
2021-05-14 20:00:00+00:00,gbpusd,1.40962,1.41003,1.40955,1.40961
2021-05-14 20:15:00+00:00,gbpusd,1.40951,1.40962,1.40949,1.40961
2021-05-14 20:30:00+00:00,gbpusd,1.40957,1.40982,1.40918,1.40952
2021-05-14 20:45:00+00:00,gbpusd,1.41006,1.41024,1.40942,1.40959
2021-05-16 21:00:00+00:00,gbpusd,1.41013,1.41028,1.41,1.41006
2021-05-16 21:15:00+00:00,gbpusd,1.40987,1.41033,1.40984,1.41009
2021-05-16 21:30:00+00:00,gbpusd,1.40998,1.41012,1.40976,1.40989
2021-05-16 21:45:00+00:00,gbpusd,1.40979,1.41007,1.40975,1.40999
2021-05-16 22:00:00+00:00,gbpusd,1.41028,1.41031,1.40979,1.40981
2021-05-16 22:15:00+00:00,gbpusd,1.41015,1.41046,1.41014,1.41029
2021-05-16 22:30:00+00:00,gbpusd,1.40972,1.41026,1.40969,1.41016
2021-05-16 22:45:00+00:00,gbpusd,1.40971,1.40984,1.40962,1.40973
2021-05-16 23:00:00+00:00,gbpusd,1.41018,1.41018,1.40953,1.40972
2021-05-16 23:15:00+00:00,gbpusd,1.41019,1.41033,1.41,1.41017
2021-05-16 23:30:00+00:00,gbpusd,1.41032,1.41033,1.40998,1.41018
2021-05-16 23:45:00+00:00,gbpusd,1.41011,1.41043,1.41008,1.41031
2021-05-17 00:00:00+00:00,gbpusd,1.40894,1.4101,1.40888,1.4101
2021-05-17 00:15:00+00:00,gbpusd,1.40863,1.40914,1.40854,1.40895
2021-05-17 00:30:00+00:00,gbpusd,1.40883,1.40884,1.40853,1.40862
2021-05-17 00:45:00+00:00,gbpusd,1.40871,1.40907,1.40864,1.40882
2021-05-17 01:00:00+00:00,gbpusd,1.40872,1.40888,1.4085,1.4087
2021-05-17 01:15:00+00:00,gbpusd,1.40886,1.40892,1.40841,1.40871
2021-05-17 01:30:00+00:00,gbpusd,1.40876,1.40912,1.40871,1.40887
2021-05-17 01:45:00+00:00,gbpusd,1.40852,1.40904,1.40851,1.40878
2021-05-17 02:00:00+00:00,gbpusd,1.40822,1.40853,1.40804,1.40853
2021-05-17 02:15:00+00:00,gbpusd,1.40792,1.40827,1.40791,1.40823
2021-05-17 02:30:00+00:00,gbpusd,1.40841,1.40862,1.40783,1.40791
2021-05-17 02:45:00+00:00,gbpusd,1.4087,1.40881,1.40819,1.40842
2021-05-17 03:00:00+00:00,gbpusd,1.40913,1.40934,1.40857,1.40869
2021-05-17 03:15:00+00:00,gbpusd,1.40899,1.40932,1.40878,1.40912
2021-05-17 03:30:00+00:00,gbpusd,1.409,1.40911,1.4087,1.409
2021-05-17 03:45:00+00:00,gbpusd,1.40862,1.40901,1.40862,1.40899
2021-05-17 04:00:00+00:00,gbpusd,1.40881,1.40901,1.40861,1.40861
2021-05-17 04:15:00+00:00,gbpusd,1.40861,1.40902,1.4085,1.40882
2021-05-17 04:30:00+00:00,gbpusd,1.40892,1.40905,1.4086,1.4086
2021-05-17 04:45:00+00:00,gbpusd,1.40841,1.40896,1.40832,1.40891
2021-05-17 05:00:00+00:00,gbpusd,1.40851,1.40882,1.40838,1.40842
2021-05-17 05:15:00+00:00,gbpusd,1.40841,1.40863,1.40821,1.40852
2021-05-17 05:30:00+00:00,gbpusd,1.4086,1.40872,1.40824,1.4084
2021-05-17 05:45:00+00:00,gbpusd,1.40852,1.40859,1.40803,1.40859
2021-05-17 06:00:00+00:00,gbpusd,1.40931,1.4096,1.40832,1.40853
2021-05-17 06:15:00+00:00,gbpusd,1.40968,1.41012,1.40931,1.40932
2021-05-17 06:30:00+00:00,gbpusd,1.41069,1.41134,1.40962,1.40967
2021-05-17 06:45:00+00:00,gbpusd,1.41077,1.41122,1.41024,1.41068
2021-05-17 07:00:00+00:00,gbpusd,1.41183,1.41196,1.41037,1.41076
2021-05-17 07:15:00+00:00,gbpusd,1.41081,1.41182,1.41077,1.41182
2021-05-17 07:30:00+00:00,gbpusd,1.41013,1.41152,1.41013,1.41082
2021-05-17 07:45:00+00:00,gbpusd,1.40949,1.41021,1.4083,1.41014
2021-05-17 08:00:00+00:00,gbpusd,1.40889,1.4103,1.4087,1.40948
2021-05-17 08:15:00+00:00,gbpusd,1.40911,1.40934,1.40869,1.4089
2021-05-17 08:30:00+00:00,gbpusd,1.4101,1.4101,1.40895,1.4091
2021-05-17 08:45:00+00:00,gbpusd,1.41066,1.41089,1.41006,1.41011
2021-05-17 09:00:00+00:00,gbpusd,1.41028,1.41089,1.40996,1.41067
2021-05-17 09:15:00+00:00,gbpusd,1.4098,1.4105,1.40974,1.41029
2021-05-17 09:30:00+00:00,gbpusd,1.40941,1.41033,1.40919,1.40979
2021-05-17 09:45:00+00:00,gbpusd,1.41033,1.41046,1.40942,1.40942
2021-05-17 10:00:00+00:00,gbpusd,1.41079,1.41096,1.41027,1.41032
2021-05-17 10:15:00+00:00,gbpusd,1.41122,1.41146,1.41056,1.41078
2021-05-17 10:30:00+00:00,gbpusd,1.41082,1.41163,1.41053,1.41123
2021-05-17 10:45:00+00:00,gbpusd,1.40958,1.4114,1.40956,1.41081
2021-05-17 11:00:00+00:00,gbpusd,1.41051,1.41064,1.40929,1.40959
2021-05-17 11:15:00+00:00,gbpusd,1.40998,1.41067,1.4097,1.41052
2021-05-17 11:30:00+00:00,gbpusd,1.40941,1.41017,1.40916,1.41
2021-05-17 11:45:00+00:00,gbpusd,1.40921,1.40975,1.40892,1.4094
2021-05-17 12:00:00+00:00,gbpusd,1.40861,1.40962,1.40861,1.40921
2021-05-17 12:15:00+00:00,gbpusd,1.40818,1.40861,1.40773,1.4086
2021-05-17 12:30:00+00:00,gbpusd,1.40987,1.41003,1.4081,1.40817
2021-05-17 12:45:00+00:00,gbpusd,1.409,1.40986,1.40898,1.40986
2021-05-17 13:00:00+00:00,gbpusd,1.41078,1.41087,1.40882,1.40899
2021-05-17 13:15:00+00:00,gbpusd,1.41079,1.41105,1.41059,1.41079
2021-05-17 13:30:00+00:00,gbpusd,1.41044,1.41133,1.41034,1.4108
2021-05-17 13:45:00+00:00,gbpusd,1.41,1.4108,1.40899,1.41043
2021-05-17 14:00:00+00:00,gbpusd,1.40938,1.40999,1.40909,1.40999
2021-05-17 14:15:00+00:00,gbpusd,1.41062,1.41106,1.40907,1.40937
2021-05-17 14:30:00+00:00,gbpusd,1.41061,1.41117,1.41028,1.41061
2021-05-17 14:45:00+00:00,gbpusd,1.41178,1.41231,1.41019,1.41063
2021-05-17 15:00:00+00:00,gbpusd,1.41191,1.41215,1.41153,1.41177
2021-05-17 15:15:00+00:00,gbpusd,1.41181,1.4123,1.41172,1.4119
2021-05-17 15:30:00+00:00,gbpusd,1.41261,1.41277,1.41163,1.4118
2021-05-17 15:45:00+00:00,gbpusd,1.41262,1.41293,1.41226,1.4126
2021-05-17 16:00:00+00:00,gbpusd,1.41298,1.41312,1.41251,1.41261
2021-05-17 16:15:00+00:00,gbpusd,1.41321,1.41344,1.41292,1.41297
2021-05-17 16:30:00+00:00,gbpusd,1.41351,1.41371,1.41313,1.4132
2021-05-17 16:45:00+00:00,gbpusd,1.41392,1.414,1.41341,1.41352
2021-05-17 17:00:00+00:00,gbpusd,1.41412,1.41437,1.41383,1.41391
2021-05-17 17:15:00+00:00,gbpusd,1.41411,1.41413,1.41352,1.41411
2021-05-17 17:30:00+00:00,gbpusd,1.41381,1.41421,1.41356,1.4141
2021-05-17 17:45:00+00:00,gbpusd,1.41411,1.41423,1.41381,1.41382
2021-05-17 18:00:00+00:00,gbpusd,1.41437,1.41451,1.41405,1.41412
2021-05-17 18:15:00+00:00,gbpusd,1.4144,1.41464,1.41427,1.41438
2021-05-17 18:30:00+00:00,gbpusd,1.4143,1.41469,1.4142,1.41441
2021-05-17 18:45:00+00:00,gbpusd,1.41449,1.41452,1.41414,1.41431
2021-05-17 19:00:00+00:00,gbpusd,1.41406,1.4145,1.41403,1.4145
2021-05-17 19:15:00+00:00,gbpusd,1.4141,1.41414,1.41377,1.41405
2021-05-17 19:30:00+00:00,gbpusd,1.4142,1.41421,1.41393,1.41411
2021-05-17 19:45:00+00:00,gbpusd,1.41423,1.4144,1.41406,1.41419
2021-05-17 20:00:00+00:00,gbpusd,1.41391,1.41428,1.4139,1.41423
2021-05-17 20:15:00+00:00,gbpusd,1.41401,1.41408,1.41392,1.41392
2021-05-17 20:30:00+00:00,gbpusd,1.41391,1.41422,1.41389,1.41402
2021-05-17 20:45:00+00:00,gbpusd,1.41363,1.41397,1.41336,1.41392
2021-05-17 21:00:00+00:00,gbpusd,1.41358,1.41377,1.41348,1.41375
2021-05-17 21:15:00+00:00,gbpusd,1.41372,1.41386,1.41351,1.41354
2021-05-17 21:30:00+00:00,gbpusd,1.41376,1.41379,1.41355,1.41371
2021-05-17 21:45:00+00:00,gbpusd,1.41379,1.41385,1.41369,1.41377
2021-05-17 22:00:00+00:00,gbpusd,1.41414,1.41416,1.41365,1.41378
2021-05-17 22:15:00+00:00,gbpusd,1.414,1.41415,1.41392,1.41415
2021-05-17 22:30:00+00:00,gbpusd,1.41379,1.41401,1.41376,1.41399
2021-05-17 22:45:00+00:00,gbpusd,1.41373,1.41398,1.41371,1.4138
2021-05-17 23:00:00+00:00,gbpusd,1.41422,1.41426,1.41364,1.41374
2021-05-17 23:15:00+00:00,gbpusd,1.41434,1.41437,1.41405,1.41424
2021-05-17 23:30:00+00:00,gbpusd,1.41451,1.41451,1.41426,1.41434
2021-05-17 23:45:00+00:00,gbpusd,1.4148,1.4148,1.41439,1.4145
2021-05-18 00:00:00+00:00,gbpusd,1.41509,1.41528,1.41457,1.41478
2021-05-18 00:15:00+00:00,gbpusd,1.41508,1.41583,1.41503,1.4151
2021-05-18 00:30:00+00:00,gbpusd,1.41523,1.41532,1.4149,1.41509
2021-05-18 00:45:00+00:00,gbpusd,1.41511,1.41549,1.41487,1.41524
2021-05-18 01:00:00+00:00,gbpusd,1.41588,1.41589,1.415,1.41512
2021-05-18 01:15:00+00:00,gbpusd,1.41628,1.4163,1.41587,1.41587
2021-05-18 01:30:00+00:00,gbpusd,1.41712,1.41743,1.41623,1.41629
2021-05-18 01:45:00+00:00,gbpusd,1.41704,1.4172,1.41667,1.41711
2021-05-18 02:00:00+00:00,gbpusd,1.41758,1.41768,1.417,1.41705
2021-05-18 02:15:00+00:00,gbpusd,1.41728,1.41763,1.41718,1.41759
2021-05-18 02:30:00+00:00,gbpusd,1.41699,1.4173,1.41678,1.41729
2021-05-18 02:45:00+00:00,gbpusd,1.41684,1.417,1.41667,1.41698
2021-05-18 03:00:00+00:00,gbpusd,1.41698,1.41709,1.41676,1.41685
2021-05-18 03:15:00+00:00,gbpusd,1.41716,1.41728,1.41698,1.41699
2021-05-18 03:30:00+00:00,gbpusd,1.41768,1.41775,1.41703,1.41717
2021-05-18 03:45:00+00:00,gbpusd,1.41761,1.41782,1.41749,1.41767
2021-05-18 04:00:00+00:00,gbpusd,1.41748,1.41767,1.41726,1.41762
2021-05-18 04:15:00+00:00,gbpusd,1.41717,1.41752,1.41707,1.41749
2021-05-18 04:30:00+00:00,gbpusd,1.41728,1.41751,1.417,1.41718
2021-05-18 04:45:00+00:00,gbpusd,1.41711,1.41749,1.41701,1.41729
2021-05-18 05:00:00+00:00,gbpusd,1.41711,1.41721,1.41698,1.41712
2021-05-18 05:15:00+00:00,gbpusd,1.4175,1.41755,1.41709,1.4171
2021-05-18 05:30:00+00:00,gbpusd,1.41691,1.4176,1.4169,1.41749
2021-05-18 05:45:00+00:00,gbpusd,1.41659,1.41698,1.41659,1.41692
2021-05-18 06:00:00+00:00,gbpusd,1.41802,1.41837,1.41651,1.41661
2021-05-18 06:15:00+00:00,gbpusd,1.41845,1.41871,1.41803,1.41803
2021-05-18 06:30:00+00:00,gbpusd,1.41848,1.41866,1.41746,1.41846
2021-05-18 06:45:00+00:00,gbpusd,1.41847,1.41902,1.41824,1.41849
2021-05-18 07:00:00+00:00,gbpusd,1.41934,1.41953,1.4184,1.41848
2021-05-18 07:15:00+00:00,gbpusd,1.41948,1.41962,1.41882,1.41933
2021-05-18 07:30:00+00:00,gbpusd,1.41964,1.42007,1.41918,1.41949
2021-05-18 07:45:00+00:00,gbpusd,1.42011,1.42035,1.41953,1.41965
2021-05-18 08:00:00+00:00,gbpusd,1.42019,1.42034,1.42007,1.4201
2021-05-18 08:30:00+00:00,gbpusd,1.41996,1.42029,1.41995,1.42023
2021-05-18 08:45:00+00:00,gbpusd,1.42116,1.4215,1.41985,1.41997
2021-05-18 09:00:00+00:00,gbpusd,1.42167,1.42204,1.42086,1.42115
2021-05-18 09:15:00+00:00,gbpusd,1.42089,1.42195,1.42061,1.42166
2021-05-18 09:30:00+00:00,gbpusd,1.42068,1.42149,1.42039,1.42088
2021-05-18 09:45:00+00:00,gbpusd,1.42042,1.42076,1.42012,1.42067
2021-05-18 10:00:00+00:00,gbpusd,1.41928,1.42058,1.41922,1.42043
2021-05-18 10:15:00+00:00,gbpusd,1.41925,1.41968,1.41909,1.41929
2021-05-18 10:30:00+00:00,gbpusd,1.42038,1.42053,1.41926,1.41926
2021-05-18 10:45:00+00:00,gbpusd,1.4189,1.42069,1.41888,1.42039
2021-05-18 11:00:00+00:00,gbpusd,1.4192,1.41955,1.41834,1.41889
2021-05-18 11:15:00+00:00,gbpusd,1.41874,1.41939,1.41853,1.41921
2021-05-18 11:30:00+00:00,gbpusd,1.42003,1.42004,1.41875,1.41875
2021-05-18 11:45:00+00:00,gbpusd,1.42039,1.42078,1.41985,1.42004
2021-05-18 12:00:00+00:00,gbpusd,1.42123,1.42135,1.42018,1.42038
2021-05-18 12:15:00+00:00,gbpusd,1.42039,1.42123,1.42006,1.42122
2021-05-18 12:30:00+00:00,gbpusd,1.42098,1.42125,1.41974,1.42038
2021-05-18 12:45:00+00:00,gbpusd,1.42029,1.42106,1.42007,1.42097
2021-05-18 13:00:00+00:00,gbpusd,1.41979,1.42053,1.41938,1.42028
2021-05-18 13:15:00+00:00,gbpusd,1.42051,1.42063,1.41958,1.4198
2021-05-18 13:30:00+00:00,gbpusd,1.42006,1.42145,1.4198,1.42053
2021-05-18 13:45:00+00:00,gbpusd,1.41956,1.42062,1.41954,1.42007
2021-05-18 14:00:00+00:00,gbpusd,1.41885,1.41992,1.41845,1.41973
2021-05-18 14:15:00+00:00,gbpusd,1.41939,1.41984,1.41873,1.41886
2021-05-18 14:30:00+00:00,gbpusd,1.42038,1.42066,1.41925,1.41938
2021-05-18 14:45:00+00:00,gbpusd,1.42106,1.42148,1.42024,1.42039
2021-05-18 15:00:00+00:00,gbpusd,1.41947,1.42113,1.41937,1.42107
2021-05-18 15:15:00+00:00,gbpusd,1.41909,1.41963,1.41891,1.41948
2021-05-18 15:30:00+00:00,gbpusd,1.41896,1.41926,1.41832,1.4191
2021-05-18 15:45:00+00:00,gbpusd,1.41832,1.419,1.41821,1.41895
2021-05-18 16:00:00+00:00,gbpusd,1.41854,1.41861,1.41813,1.41833
2021-05-18 16:15:00+00:00,gbpusd,1.4191,1.41916,1.4183,1.41855
2021-05-18 16:30:00+00:00,gbpusd,1.41926,1.41955,1.41873,1.41911
2021-05-18 16:45:00+00:00,gbpusd,1.41925,1.41952,1.41914,1.41927
2021-05-18 17:00:00+00:00,gbpusd,1.4192,1.41956,1.41909,1.41926
2021-05-18 17:15:00+00:00,gbpusd,1.41921,1.41933,1.41916,1.41921
2021-05-18 17:30:00+00:00,gbpusd,1.41933,1.41938,1.41889,1.4192
2021-05-18 17:45:00+00:00,gbpusd,1.41948,1.41964,1.41913,1.41934
2021-05-18 18:00:00+00:00,gbpusd,1.4197,1.41971,1.41919,1.41947
2021-05-18 18:15:00+00:00,gbpusd,1.41944,1.4198,1.4192,1.41972
2021-05-18 18:30:00+00:00,gbpusd,1.41875,1.41947,1.41865,1.41945
2021-05-18 18:45:00+00:00,gbpusd,1.41911,1.41921,1.41855,1.41876
2021-05-18 19:00:00+00:00,gbpusd,1.41899,1.41935,1.41898,1.41912
2021-05-18 19:15:00+00:00,gbpusd,1.41928,1.41936,1.41898,1.419
2021-05-18 19:30:00+00:00,gbpusd,1.41922,1.4194,1.41895,1.41929
2021-05-18 19:45:00+00:00,gbpusd,1.41899,1.41931,1.41879,1.41921
2021-05-18 20:00:00+00:00,gbpusd,1.41866,1.41921,1.41863,1.41898
2021-05-18 20:15:00+00:00,gbpusd,1.41901,1.41901,1.41861,1.41867
2021-05-18 20:30:00+00:00,gbpusd,1.41864,1.41909,1.41848,1.41902
2021-05-18 20:45:00+00:00,gbpusd,1.41869,1.41885,1.4183,1.41863
2021-05-18 21:00:00+00:00,gbpusd,1.4189,1.41903,1.41855,1.41881
2021-05-18 21:15:00+00:00,gbpusd,1.41861,1.4189,1.41847,1.41871
2021-05-18 21:30:00+00:00,gbpusd,1.41853,1.4187,1.41849,1.41859
2021-05-18 21:45:00+00:00,gbpusd,1.41864,1.41874,1.41841,1.41854
2021-05-18 22:00:00+00:00,gbpusd,1.41889,1.41901,1.41861,1.41863
2021-05-18 22:15:00+00:00,gbpusd,1.41879,1.41892,1.41878,1.41888
2021-05-18 22:30:00+00:00,gbpusd,1.41908,1.4191,1.41877,1.4188
2021-05-18 22:45:00+00:00,gbpusd,1.41888,1.4191,1.41888,1.41907
2021-05-18 23:00:00+00:00,gbpusd,1.41878,1.41899,1.41868,1.41887
2021-05-18 23:15:00+00:00,gbpusd,1.4189,1.41893,1.41877,1.41877
2021-05-18 23:30:00+00:00,gbpusd,1.41897,1.41923,1.41878,1.41891
2021-05-18 23:45:00+00:00,gbpusd,1.41875,1.41911,1.41867,1.41896
2021-05-19 00:00:00+00:00,gbpusd,1.41887,1.41899,1.41842,1.41876
2021-05-19 00:15:00+00:00,gbpusd,1.41929,1.41944,1.41883,1.41888
2021-05-19 00:30:00+00:00,gbpusd,1.41969,1.41969,1.41911,1.41928
2021-05-19 00:45:00+00:00,gbpusd,1.41937,1.42007,1.41935,1.41968
2021-05-19 01:00:00+00:00,gbpusd,1.41894,1.41938,1.41889,1.41936
2021-05-19 01:15:00+00:00,gbpusd,1.4189,1.41903,1.41839,1.41893
2021-05-19 01:30:00+00:00,gbpusd,1.41866,1.41895,1.41853,1.41891
2021-05-19 01:45:00+00:00,gbpusd,1.4187,1.41899,1.41856,1.41865
2021-05-19 02:00:00+00:00,gbpusd,1.41824,1.4187,1.41816,1.41869
2021-05-19 02:15:00+00:00,gbpusd,1.41835,1.41844,1.41808,1.41823
2021-05-19 02:30:00+00:00,gbpusd,1.41849,1.41873,1.41802,1.41836
2021-05-19 02:45:00+00:00,gbpusd,1.41809,1.41855,1.41798,1.41848
2021-05-19 03:00:00+00:00,gbpusd,1.41852,1.41867,1.41797,1.41808
2021-05-19 03:15:00+00:00,gbpusd,1.41867,1.41879,1.41842,1.41853
2021-05-19 03:30:00+00:00,gbpusd,1.41867,1.41896,1.41865,1.41866
2021-05-19 03:45:00+00:00,gbpusd,1.41878,1.41895,1.41866,1.41868
2021-05-19 04:00:00+00:00,gbpusd,1.41892,1.4191,1.41866,1.41879
2021-05-19 04:15:00+00:00,gbpusd,1.4195,1.41958,1.41893,1.41893
2021-05-19 04:30:00+00:00,gbpusd,1.41859,1.41952,1.41857,1.41951
2021-05-19 04:45:00+00:00,gbpusd,1.41879,1.41882,1.41841,1.4186
2021-05-19 05:00:00+00:00,gbpusd,1.41913,1.41913,1.4186,1.41878
2021-05-19 05:15:00+00:00,gbpusd,1.4189,1.41922,1.41888,1.41912
2021-05-19 05:30:00+00:00,gbpusd,1.4194,1.41941,1.41882,1.41889
2021-05-19 05:45:00+00:00,gbpusd,1.41996,1.42011,1.41932,1.41939
2021-05-19 06:00:00+00:00,gbpusd,1.41911,1.42001,1.41879,1.41997
2021-05-19 06:15:00+00:00,gbpusd,1.41884,1.41961,1.41881,1.41912
2021-05-19 06:30:00+00:00,gbpusd,1.41866,1.41928,1.41785,1.41883
2021-05-19 06:45:00+00:00,gbpusd,1.41885,1.41923,1.41825,1.41867
2021-05-19 07:00:00+00:00,gbpusd,1.41919,1.41967,1.41802,1.41884
2021-05-19 07:15:00+00:00,gbpusd,1.41956,1.41992,1.41867,1.41918
2021-05-19 07:30:00+00:00,gbpusd,1.41872,1.41979,1.41825,1.41957
2021-05-19 07:45:00+00:00,gbpusd,1.4176,1.41898,1.41726,1.41873
2021-05-19 08:00:00+00:00,gbpusd,1.41827,1.41892,1.41761,1.41761
2021-05-19 08:15:00+00:00,gbpusd,1.41801,1.41829,1.4174,1.41825
2021-05-19 08:30:00+00:00,gbpusd,1.41719,1.41862,1.4171,1.41802
2021-05-19 08:45:00+00:00,gbpusd,1.41824,1.41825,1.41678,1.41718
2021-05-19 09:00:00+00:00,gbpusd,1.41821,1.41878,1.41783,1.41825
2021-05-19 09:15:00+00:00,gbpusd,1.41676,1.41864,1.4166,1.4182
2021-05-19 09:30:00+00:00,gbpusd,1.41669,1.41724,1.41645,1.41677
2021-05-19 09:45:00+00:00,gbpusd,1.41652,1.41737,1.41647,1.41668
2021-05-19 10:00:00+00:00,gbpusd,1.41578,1.41707,1.41528,1.41653
2021-05-19 10:15:00+00:00,gbpusd,1.41593,1.41622,1.41538,1.41579
2021-05-19 10:30:00+00:00,gbpusd,1.41624,1.4165,1.41582,1.41594
2021-05-19 10:45:00+00:00,gbpusd,1.41601,1.41658,1.41593,1.41625
2021-05-19 11:00:00+00:00,gbpusd,1.41511,1.4163,1.41443,1.416
2021-05-19 11:15:00+00:00,gbpusd,1.4148,1.41516,1.41418,1.41512
2021-05-19 11:30:00+00:00,gbpusd,1.41481,1.41513,1.41434,1.41477
2021-05-19 11:45:00+00:00,gbpusd,1.41551,1.41563,1.41462,1.41482
2021-05-19 12:00:00+00:00,gbpusd,1.4163,1.41639,1.41528,1.41552
2021-05-19 12:15:00+00:00,gbpusd,1.41636,1.41668,1.416,1.41631
2021-05-19 12:30:00+00:00,gbpusd,1.41555,1.41666,1.41531,1.41635
2021-05-19 12:45:00+00:00,gbpusd,1.41517,1.41593,1.41471,1.41557
2021-05-19 13:00:00+00:00,gbpusd,1.41574,1.41619,1.41457,1.41508
2021-05-19 13:15:00+00:00,gbpusd,1.41537,1.41592,1.41482,1.41573
2021-05-19 13:30:00+00:00,gbpusd,1.41702,1.41743,1.41511,1.41541
2021-05-19 13:45:00+00:00,gbpusd,1.41756,1.41803,1.41666,1.41695
2021-05-19 14:00:00+00:00,gbpusd,1.41515,1.41755,1.41437,1.41755
2021-05-19 14:15:00+00:00,gbpusd,1.41594,1.41626,1.41432,1.41513
2021-05-19 14:30:00+00:00,gbpusd,1.41409,1.41664,1.41384,1.41593
2021-05-19 14:45:00+00:00,gbpusd,1.41446,1.41482,1.4131,1.41415
2021-05-19 15:00:00+00:00,gbpusd,1.41525,1.41551,1.41423,1.4145
2021-05-19 15:15:00+00:00,gbpusd,1.41564,1.41626,1.41471,1.41524
2021-05-19 15:30:00+00:00,gbpusd,1.41595,1.41621,1.41546,1.41565
2021-05-19 15:45:00+00:00,gbpusd,1.41678,1.41702,1.41554,1.41594
2021-05-19 16:00:00+00:00,gbpusd,1.41669,1.41711,1.41623,1.41679
2021-05-19 16:15:00+00:00,gbpusd,1.41636,1.4169,1.41626,1.41668
2021-05-19 16:30:00+00:00,gbpusd,1.41625,1.41683,1.41616,1.41635
2021-05-19 16:45:00+00:00,gbpusd,1.41582,1.41646,1.41578,1.41624
2021-05-19 17:00:00+00:00,gbpusd,1.41627,1.41671,1.41574,1.41583
2021-05-19 17:15:00+00:00,gbpusd,1.41554,1.41629,1.41546,1.41626
2021-05-19 17:30:00+00:00,gbpusd,1.41531,1.41566,1.41517,1.41553
2021-05-19 17:45:00+00:00,gbpusd,1.41524,1.41592,1.41509,1.41529
2021-05-19 18:00:00+00:00,gbpusd,1.41207,1.41585,1.41104,1.41526
2021-05-19 18:15:00+00:00,gbpusd,1.41258,1.41331,1.411,1.41222
2021-05-19 18:30:00+00:00,gbpusd,1.41123,1.41279,1.41114,1.4126
2021-05-19 18:45:00+00:00,gbpusd,1.41053,1.41132,1.41049,1.41129
2021-05-19 19:00:00+00:00,gbpusd,1.41105,1.41126,1.40995,1.41054
2021-05-19 19:15:00+00:00,gbpusd,1.41133,1.41148,1.41065,1.41104
2021-05-19 19:30:00+00:00,gbpusd,1.41131,1.41167,1.41107,1.41132
2021-05-19 19:45:00+00:00,gbpusd,1.41193,1.41194,1.41065,1.41132
2021-05-19 20:00:00+00:00,gbpusd,1.41243,1.41249,1.41172,1.4119
2021-05-19 20:15:00+00:00,gbpusd,1.41226,1.41259,1.41217,1.41244
2021-05-19 20:30:00+00:00,gbpusd,1.4118,1.41229,1.41161,1.41227
2021-05-19 20:45:00+00:00,gbpusd,1.41148,1.41179,1.41129,1.41179
2021-05-19 21:00:00+00:00,gbpusd,1.41166,1.41238,1.41143,1.41172
2021-05-19 21:15:00+00:00,gbpusd,1.41165,1.41183,1.41128,1.41162
2021-05-19 21:30:00+00:00,gbpusd,1.41158,1.41199,1.4114,1.41166
2021-05-19 21:45:00+00:00,gbpusd,1.41154,1.41159,1.41148,1.41157
2021-05-19 22:00:00+00:00,gbpusd,1.41128,1.41175,1.41119,1.41155
2021-05-19 22:15:00+00:00,gbpusd,1.41115,1.41132,1.41114,1.41127
2021-05-19 22:30:00+00:00,gbpusd,1.41125,1.41138,1.41112,1.41114
2021-05-19 22:45:00+00:00,gbpusd,1.41085,1.41126,1.41083,1.41124
2021-05-19 23:00:00+00:00,gbpusd,1.41115,1.41134,1.41074,1.41084
2021-05-19 23:15:00+00:00,gbpusd,1.41126,1.41149,1.4111,1.41116
2021-05-19 23:30:00+00:00,gbpusd,1.41105,1.41137,1.41095,1.41127
2021-05-19 23:45:00+00:00,gbpusd,1.41073,1.41108,1.41042,1.41104
2021-05-20 00:00:00+00:00,gbpusd,1.41095,1.411,1.41052,1.41072
2021-05-20 00:15:00+00:00,gbpusd,1.41136,1.41163,1.41096,1.41096
2021-05-20 00:30:00+00:00,gbpusd,1.41184,1.41186,1.41137,1.41137
2021-05-20 00:45:00+00:00,gbpusd,1.41214,1.41216,1.41156,1.41185
2021-05-20 01:00:00+00:00,gbpusd,1.41076,1.41215,1.41066,1.41213
2021-05-20 01:15:00+00:00,gbpusd,1.41071,1.41088,1.41055,1.41075
2021-05-20 01:30:00+00:00,gbpusd,1.41164,1.41175,1.41014,1.4107
2021-05-20 01:45:00+00:00,gbpusd,1.41155,1.41205,1.41155,1.41165
2021-05-20 02:00:00+00:00,gbpusd,1.41075,1.41173,1.41072,1.41154
2021-05-20 02:15:00+00:00,gbpusd,1.41056,1.41081,1.41025,1.41076
2021-05-20 02:30:00+00:00,gbpusd,1.41094,1.41103,1.41042,1.41055
2021-05-20 02:45:00+00:00,gbpusd,1.41053,1.41103,1.41048,1.41093
2021-05-20 03:00:00+00:00,gbpusd,1.41103,1.41107,1.41054,1.41054
2021-05-20 03:15:00+00:00,gbpusd,1.41138,1.41157,1.41091,1.41102
2021-05-20 03:30:00+00:00,gbpusd,1.41156,1.41164,1.41124,1.41137
2021-05-20 03:45:00+00:00,gbpusd,1.41146,1.41165,1.41127,1.41157
2021-05-20 04:00:00+00:00,gbpusd,1.41135,1.41147,1.41112,1.41145
2021-05-20 04:15:00+00:00,gbpusd,1.41146,1.41156,1.41122,1.41136
2021-05-20 04:30:00+00:00,gbpusd,1.41135,1.41148,1.41104,1.41145
2021-05-20 04:45:00+00:00,gbpusd,1.41165,1.4118,1.41134,1.41134
2021-05-20 05:00:00+00:00,gbpusd,1.4114,1.41166,1.41136,1.41164
2021-05-20 05:15:00+00:00,gbpusd,1.41184,1.41184,1.41132,1.41139
2021-05-20 05:30:00+00:00,gbpusd,1.41166,1.41211,1.41145,1.41185
2021-05-20 05:45:00+00:00,gbpusd,1.41176,1.41189,1.41158,1.41165
2021-05-20 06:00:00+00:00,gbpusd,1.41247,1.41256,1.411,1.41175
2021-05-20 06:15:00+00:00,gbpusd,1.41278,1.41278,1.41196,1.41246
2021-05-20 06:30:00+00:00,gbpusd,1.41246,1.41347,1.41246,1.41277
2021-05-20 06:45:00+00:00,gbpusd,1.41226,1.41256,1.41177,1.41245
2021-05-20 07:00:00+00:00,gbpusd,1.41325,1.41343,1.41227,1.41227
2021-05-20 07:15:00+00:00,gbpusd,1.41323,1.41345,1.41282,1.41326
2021-05-20 07:30:00+00:00,gbpusd,1.4137,1.41396,1.41315,1.41322
2021-05-20 07:45:00+00:00,gbpusd,1.41386,1.41404,1.41267,1.41369
2021-05-20 08:00:00+00:00,gbpusd,1.41414,1.41415,1.41328,1.41385
2021-05-20 08:15:00+00:00,gbpusd,1.41295,1.41416,1.41265,1.41415
2021-05-20 08:30:00+00:00,gbpusd,1.41199,1.41296,1.41195,1.41294
2021-05-20 08:45:00+00:00,gbpusd,1.41117,1.41205,1.41049,1.41198
2021-05-20 09:00:00+00:00,gbpusd,1.41157,1.41181,1.41071,1.41116
2021-05-20 09:15:00+00:00,gbpusd,1.41085,1.41157,1.41026,1.41156
2021-05-20 09:30:00+00:00,gbpusd,1.41165,1.41183,1.41052,1.41084
2021-05-20 09:45:00+00:00,gbpusd,1.41221,1.41262,1.41147,1.41164
2021-05-20 10:00:00+00:00,gbpusd,1.41183,1.41275,1.41176,1.41222
2021-05-20 10:15:00+00:00,gbpusd,1.41189,1.41248,1.41174,1.41182
2021-05-20 10:30:00+00:00,gbpusd,1.41318,1.41369,1.41185,1.4119
2021-05-20 10:45:00+00:00,gbpusd,1.41286,1.41348,1.41213,1.41319
2021-05-20 11:00:00+00:00,gbpusd,1.41312,1.41332,1.41269,1.41287
2021-05-20 11:15:00+00:00,gbpusd,1.41297,1.4136,1.41279,1.41311
2021-05-20 11:30:00+00:00,gbpusd,1.41266,1.41317,1.41225,1.41298
2021-05-20 11:45:00+00:00,gbpusd,1.4128,1.41317,1.41246,1.41265
2021-05-20 12:00:00+00:00,gbpusd,1.41224,1.41348,1.41215,1.41279
2021-05-20 12:15:00+00:00,gbpusd,1.41266,1.41316,1.41212,1.41225
2021-05-20 12:30:00+00:00,gbpusd,1.41283,1.41348,1.41265,1.41265
2021-05-20 12:45:00+00:00,gbpusd,1.41325,1.41325,1.41227,1.41282
2021-05-20 13:00:00+00:00,gbpusd,1.41426,1.41426,1.41275,1.41326
2021-05-20 13:15:00+00:00,gbpusd,1.41536,1.41557,1.41398,1.41423
2021-05-20 13:30:00+00:00,gbpusd,1.41516,1.41621,1.41497,1.41535
2021-05-20 13:45:00+00:00,gbpusd,1.41445,1.41562,1.41436,1.41517
2021-05-20 14:00:00+00:00,gbpusd,1.41567,1.41581,1.41435,1.41436
2021-05-20 14:15:00+00:00,gbpusd,1.41552,1.41623,1.41534,1.41566
2021-05-20 14:30:00+00:00,gbpusd,1.41516,1.41593,1.41468,1.41551
2021-05-20 14:45:00+00:00,gbpusd,1.41543,1.41578,1.41453,1.41517
2021-05-20 15:00:00+00:00,gbpusd,1.41645,1.41708,1.4155,1.41554
2021-05-20 15:15:00+00:00,gbpusd,1.41644,1.41696,1.41615,1.41646
2021-05-20 15:30:00+00:00,gbpusd,1.41764,1.41816,1.41615,1.41643
2021-05-20 15:45:00+00:00,gbpusd,1.41807,1.41834,1.41754,1.41763
2021-05-20 16:00:00+00:00,gbpusd,1.41764,1.41822,1.41755,1.41806
2021-05-20 16:15:00+00:00,gbpusd,1.41804,1.41816,1.41741,1.41765
2021-05-20 16:30:00+00:00,gbpusd,1.41774,1.41821,1.41745,1.41803
2021-05-20 16:45:00+00:00,gbpusd,1.41801,1.41837,1.41764,1.41775
2021-05-20 17:00:00+00:00,gbpusd,1.41789,1.4181,1.41765,1.418
2021-05-20 17:15:00+00:00,gbpusd,1.41765,1.41792,1.41749,1.41788
2021-05-20 17:30:00+00:00,gbpusd,1.41765,1.41767,1.41726,1.41766
2021-05-20 17:45:00+00:00,gbpusd,1.41776,1.41796,1.41754,1.41766
2021-05-20 18:00:00+00:00,gbpusd,1.41833,1.41883,1.41773,1.41775
2021-05-20 18:15:00+00:00,gbpusd,1.41878,1.41883,1.41824,1.41834
2021-05-20 18:30:00+00:00,gbpusd,1.41815,1.41885,1.4181,1.41879
2021-05-20 18:45:00+00:00,gbpusd,1.41876,1.41881,1.41801,1.41816
2021-05-20 19:00:00+00:00,gbpusd,1.41893,1.41895,1.41852,1.41877
2021-05-20 19:15:00+00:00,gbpusd,1.41911,1.41926,1.41889,1.41892
2021-05-20 19:30:00+00:00,gbpusd,1.41894,1.41913,1.41884,1.41912
2021-05-20 19:45:00+00:00,gbpusd,1.41898,1.419,1.41863,1.41895
2021-05-20 20:00:00+00:00,gbpusd,1.41879,1.41912,1.41876,1.41897
2021-05-20 20:15:00+00:00,gbpusd,1.41863,1.41898,1.41861,1.41882
2021-05-20 20:30:00+00:00,gbpusd,1.41866,1.41895,1.41853,1.41862
2021-05-20 20:45:00+00:00,gbpusd,1.41904,1.41909,1.41857,1.41865
2021-05-20 21:00:00+00:00,gbpusd,1.41901,1.41911,1.41888,1.41911
2021-05-20 21:15:00+00:00,gbpusd,1.41906,1.41921,1.41899,1.41899
2021-05-20 21:30:00+00:00,gbpusd,1.41918,1.41925,1.41903,1.41905
2021-05-20 21:45:00+00:00,gbpusd,1.41911,1.41924,1.41903,1.41919
2021-05-20 22:00:00+00:00,gbpusd,1.41931,1.41931,1.41896,1.41905
2021-05-20 22:15:00+00:00,gbpusd,1.41906,1.41943,1.41902,1.41932
2021-05-20 22:30:00+00:00,gbpusd,1.41896,1.41917,1.41884,1.41907
2021-05-20 22:45:00+00:00,gbpusd,1.41872,1.41899,1.4187,1.41895
2021-05-20 23:00:00+00:00,gbpusd,1.41868,1.41883,1.41855,1.41873
2021-05-20 23:15:00+00:00,gbpusd,1.41874,1.41884,1.41867,1.41869
2021-05-20 23:30:00+00:00,gbpusd,1.41861,1.41893,1.41858,1.41875
2021-05-20 23:45:00+00:00,gbpusd,1.41848,1.4188,1.41843,1.41862
2021-05-21 00:00:00+00:00,gbpusd,1.41913,1.41919,1.41849,1.41849
2021-05-21 00:15:00+00:00,gbpusd,1.41895,1.41915,1.41863,1.41914
2021-05-21 00:30:00+00:00,gbpusd,1.41851,1.41895,1.41843,1.41894
2021-05-21 00:45:00+00:00,gbpusd,1.41807,1.41869,1.41759,1.41852
2021-05-21 01:00:00+00:00,gbpusd,1.41829,1.41841,1.41794,1.41808
2021-05-21 01:15:00+00:00,gbpusd,1.41816,1.41836,1.41793,1.41828
2021-05-21 01:30:00+00:00,gbpusd,1.41813,1.41845,1.41793,1.41817
2021-05-21 01:45:00+00:00,gbpusd,1.4178,1.41823,1.41778,1.41812
2021-05-21 02:00:00+00:00,gbpusd,1.41715,1.41785,1.41715,1.41779
2021-05-21 02:15:00+00:00,gbpusd,1.41734,1.41744,1.41695,1.41716
2021-05-21 02:30:00+00:00,gbpusd,1.41741,1.41753,1.41719,1.41733
2021-05-21 02:45:00+00:00,gbpusd,1.41802,1.41805,1.41734,1.4174
2021-05-21 03:00:00+00:00,gbpusd,1.4177,1.41827,1.41765,1.41803
2021-05-21 03:15:00+00:00,gbpusd,1.41792,1.41803,1.41765,1.41771
2021-05-21 03:30:00+00:00,gbpusd,1.41785,1.41807,1.41773,1.41792
2021-05-21 03:45:00+00:00,gbpusd,1.41772,1.41784,1.41754,1.41784
2021-05-21 04:00:00+00:00,gbpusd,1.41773,1.41784,1.41757,1.41771
2021-05-21 04:15:00+00:00,gbpusd,1.41814,1.41818,1.41765,1.41774
2021-05-21 04:30:00+00:00,gbpusd,1.41822,1.41843,1.41808,1.41815
2021-05-21 04:45:00+00:00,gbpusd,1.41812,1.41843,1.41811,1.41821
2021-05-21 05:00:00+00:00,gbpusd,1.41845,1.41873,1.41813,1.41813
2021-05-21 05:15:00+00:00,gbpusd,1.41869,1.41873,1.41834,1.41846
2021-05-21 05:30:00+00:00,gbpusd,1.41837,1.4189,1.41826,1.41868
2021-05-21 05:45:00+00:00,gbpusd,1.41867,1.41878,1.41832,1.41836
2021-05-21 06:00:00+00:00,gbpusd,1.41956,1.41994,1.41847,1.41868
2021-05-21 06:15:00+00:00,gbpusd,1.41882,1.42008,1.41881,1.41957
2021-05-21 06:30:00+00:00,gbpusd,1.41795,1.41935,1.41752,1.41883
2021-05-21 06:45:00+00:00,gbpusd,1.41782,1.41856,1.41781,1.41796
2021-05-21 07:00:00+00:00,gbpusd,1.41768,1.41821,1.41731,1.41783
2021-05-21 07:15:00+00:00,gbpusd,1.41862,1.41865,1.41742,1.41769
2021-05-21 07:30:00+00:00,gbpusd,1.41747,1.41861,1.41687,1.41861
2021-05-21 07:45:00+00:00,gbpusd,1.41816,1.41828,1.41714,1.41748
2021-05-21 08:00:00+00:00,gbpusd,1.41863,1.41895,1.41811,1.41817
2021-05-21 08:15:00+00:00,gbpusd,1.41862,1.41915,1.41853,1.41864
2021-05-21 08:30:00+00:00,gbpusd,1.41913,1.41954,1.41806,1.41867
2021-05-21 08:45:00+00:00,gbpusd,1.42053,1.42053,1.419,1.41914
2021-05-21 09:00:00+00:00,gbpusd,1.42081,1.42129,1.42048,1.42054
2021-05-21 09:15:00+00:00,gbpusd,1.42122,1.42154,1.42058,1.42082
2021-05-21 09:30:00+00:00,gbpusd,1.42165,1.42167,1.42101,1.42121
2021-05-21 09:45:00+00:00,gbpusd,1.42142,1.4217,1.42133,1.42166
2021-05-21 10:00:00+00:00,gbpusd,1.42224,1.42237,1.42122,1.42143
2021-05-21 10:15:00+00:00,gbpusd,1.42294,1.4234,1.42191,1.42225
2021-05-21 10:30:00+00:00,gbpusd,1.42236,1.42328,1.42235,1.42295
2021-05-21 10:45:00+00:00,gbpusd,1.42157,1.42269,1.42155,1.42237
2021-05-21 11:00:00+00:00,gbpusd,1.42093,1.42193,1.42089,1.42158
2021-05-21 11:15:00+00:00,gbpusd,1.42108,1.42147,1.42003,1.42094
2021-05-21 11:30:00+00:00,gbpusd,1.42094,1.42181,1.42091,1.42109
2021-05-21 11:45:00+00:00,gbpusd,1.4188,1.42103,1.41869,1.42095
2021-05-21 12:00:00+00:00,gbpusd,1.41932,1.41955,1.41855,1.41882
2021-05-21 12:15:00+00:00,gbpusd,1.41953,1.41979,1.4192,1.41933
2021-05-21 12:30:00+00:00,gbpusd,1.41987,1.42035,1.41941,1.41952
2021-05-21 12:45:00+00:00,gbpusd,1.42022,1.42081,1.41979,1.41988
2021-05-21 13:00:00+00:00,gbpusd,1.41939,1.42067,1.41921,1.42023
2021-05-21 13:15:00+00:00,gbpusd,1.4197,1.41981,1.41892,1.41938
2021-05-21 13:30:00+00:00,gbpusd,1.41957,1.42002,1.41912,1.41969
2021-05-21 13:45:00+00:00,gbpusd,1.41703,1.41956,1.41655,1.41956
2021-05-21 14:00:00+00:00,gbpusd,1.41717,1.41755,1.41653,1.41725
2021-05-21 14:15:00+00:00,gbpusd,1.41746,1.41758,1.41663,1.41718
2021-05-21 14:30:00+00:00,gbpusd,1.41624,1.41751,1.4155,1.41745
2021-05-21 14:45:00+00:00,gbpusd,1.41625,1.41691,1.41567,1.41622
2021-05-21 15:00:00+00:00,gbpusd,1.41693,1.41696,1.41577,1.41626
2021-05-21 15:15:00+00:00,gbpusd,1.41669,1.4174,1.41656,1.41694
2021-05-21 15:30:00+00:00,gbpusd,1.41668,1.41727,1.41663,1.41668
2021-05-21 15:45:00+00:00,gbpusd,1.41562,1.41669,1.41551,1.41669
2021-05-21 16:00:00+00:00,gbpusd,1.41515,1.41581,1.41505,1.41563
2021-05-21 16:15:00+00:00,gbpusd,1.4157,1.41574,1.41506,1.41514
2021-05-21 16:30:00+00:00,gbpusd,1.41557,1.4157,1.41521,1.41569
2021-05-21 16:45:00+00:00,gbpusd,1.41455,1.41564,1.41407,1.41558
2021-05-21 17:00:00+00:00,gbpusd,1.41493,1.41514,1.41448,1.41456
2021-05-21 17:15:00+00:00,gbpusd,1.41535,1.41542,1.41486,1.41492
2021-05-21 17:30:00+00:00,gbpusd,1.41496,1.41535,1.41493,1.41534
2021-05-21 17:45:00+00:00,gbpusd,1.41508,1.41519,1.41487,1.41497
2021-05-21 18:00:00+00:00,gbpusd,1.4152,1.41528,1.41474,1.41507
2021-05-21 18:15:00+00:00,gbpusd,1.41526,1.41534,1.41504,1.41521
2021-05-21 18:30:00+00:00,gbpusd,1.41522,1.41545,1.41503,1.41525
2021-05-21 18:45:00+00:00,gbpusd,1.41555,1.41579,1.41523,1.41523
2021-05-21 19:00:00+00:00,gbpusd,1.41576,1.41585,1.41507,1.41554
2021-05-21 19:15:00+00:00,gbpusd,1.41574,1.41604,1.41569,1.41575
2021-05-21 19:30:00+00:00,gbpusd,1.41549,1.4158,1.4154,1.41575
2021-05-21 19:45:00+00:00,gbpusd,1.41542,1.41596,1.41534,1.41548
2021-05-21 20:00:00+00:00,gbpusd,1.41545,1.41576,1.41541,1.41543
2021-05-21 20:15:00+00:00,gbpusd,1.41535,1.41546,1.41516,1.41544
2021-05-21 20:30:00+00:00,gbpusd,1.41511,1.41535,1.4149,1.41534
2021-05-21 20:45:00+00:00,gbpusd,1.41524,1.41544,1.41477,1.4151
2021-05-23 21:00:00+00:00,gbpusd,1.41563,1.4161,1.41548,1.41584
2021-05-23 21:15:00+00:00,gbpusd,1.41598,1.41616,1.41525,1.41567
2021-05-23 21:30:00+00:00,gbpusd,1.41553,1.41597,1.41553,1.41597
2021-05-23 21:45:00+00:00,gbpusd,1.41563,1.41623,1.41463,1.41556
2021-05-23 22:00:00+00:00,gbpusd,1.41443,1.41571,1.41443,1.41566
2021-05-23 22:15:00+00:00,gbpusd,1.41427,1.41445,1.41393,1.41444
2021-05-23 22:30:00+00:00,gbpusd,1.41438,1.4144,1.41405,1.41428
2021-05-23 22:45:00+00:00,gbpusd,1.41421,1.41459,1.41415,1.41439
2021-05-23 23:00:00+00:00,gbpusd,1.41444,1.41474,1.41421,1.41422
2021-05-23 23:15:00+00:00,gbpusd,1.4144,1.41459,1.41429,1.41443
2021-05-23 23:30:00+00:00,gbpusd,1.41438,1.41452,1.41413,1.41439
2021-05-23 23:45:00+00:00,gbpusd,1.41402,1.41437,1.41402,1.41437
2021-05-24 00:00:00+00:00,gbpusd,1.41504,1.41509,1.41383,1.41403
2021-05-24 00:15:00+00:00,gbpusd,1.41489,1.41523,1.41474,1.41505
2021-05-24 00:30:00+00:00,gbpusd,1.41451,1.41489,1.41444,1.41488
2021-05-24 00:45:00+00:00,gbpusd,1.41416,1.41475,1.41416,1.41453
2021-05-24 01:00:00+00:00,gbpusd,1.41435,1.41478,1.41417,1.41417
2021-05-24 01:15:00+00:00,gbpusd,1.41384,1.41456,1.41366,1.41434
2021-05-24 01:30:00+00:00,gbpusd,1.41419,1.41421,1.41374,1.41385
2021-05-24 01:45:00+00:00,gbpusd,1.41426,1.41446,1.41402,1.4142
2021-05-24 02:00:00+00:00,gbpusd,1.41398,1.41445,1.41388,1.41425
2021-05-24 02:15:00+00:00,gbpusd,1.4141,1.41416,1.41374,1.41397
2021-05-24 02:30:00+00:00,gbpusd,1.41436,1.41449,1.41404,1.41411
2021-05-24 02:45:00+00:00,gbpusd,1.41445,1.41454,1.41416,1.41435
2021-05-24 03:00:00+00:00,gbpusd,1.41454,1.41463,1.41417,1.41446
2021-05-24 03:15:00+00:00,gbpusd,1.41446,1.41468,1.41434,1.41453
2021-05-24 03:30:00+00:00,gbpusd,1.41457,1.41475,1.41445,1.41447
2021-05-24 03:45:00+00:00,gbpusd,1.41457,1.41466,1.4144,1.41456
2021-05-24 04:00:00+00:00,gbpusd,1.41496,1.41505,1.41447,1.41456
2021-05-24 04:15:00+00:00,gbpusd,1.41488,1.41501,1.41476,1.41495
2021-05-24 04:30:00+00:00,gbpusd,1.41497,1.41498,1.41468,1.41487
2021-05-24 04:45:00+00:00,gbpusd,1.41486,1.41499,1.41476,1.41496
2021-05-24 05:00:00+00:00,gbpusd,1.4153,1.41537,1.41485,1.41487
2021-05-24 05:15:00+00:00,gbpusd,1.41565,1.41573,1.41516,1.41531
2021-05-24 05:30:00+00:00,gbpusd,1.41536,1.41567,1.41526,1.41566
2021-05-24 05:45:00+00:00,gbpusd,1.41579,1.4159,1.41516,1.41535
2021-05-24 06:00:00+00:00,gbpusd,1.41564,1.41598,1.41509,1.41578
2021-05-24 06:15:00+00:00,gbpusd,1.41557,1.41625,1.41546,1.41563
2021-05-24 06:30:00+00:00,gbpusd,1.41536,1.41583,1.41514,1.41558
2021-05-24 06:45:00+00:00,gbpusd,1.41517,1.41568,1.41512,1.41535
2021-05-24 07:00:00+00:00,gbpusd,1.41536,1.41544,1.41464,1.41518
2021-05-24 07:15:00+00:00,gbpusd,1.41635,1.41648,1.41527,1.41535
2021-05-24 07:30:00+00:00,gbpusd,1.41615,1.41678,1.41615,1.41636
2021-05-24 07:45:00+00:00,gbpusd,1.41677,1.41719,1.41616,1.41616
2021-05-24 08:00:00+00:00,gbpusd,1.41635,1.41698,1.41635,1.41678
2021-05-24 08:15:00+00:00,gbpusd,1.41566,1.4167,1.41557,1.41637
2021-05-24 08:30:00+00:00,gbpusd,1.41326,1.41569,1.41116,1.41567
2021-05-24 08:45:00+00:00,gbpusd,1.41384,1.41405,1.41305,1.41325
2021-05-24 09:00:00+00:00,gbpusd,1.41391,1.41451,1.41317,1.41386
2021-05-24 09:15:00+00:00,gbpusd,1.4129,1.4141,1.41288,1.41392
2021-05-24 09:30:00+00:00,gbpusd,1.41305,1.41305,1.41233,1.41291
2021-05-24 09:45:00+00:00,gbpusd,1.41361,1.41365,1.41258,1.41304
2021-05-24 10:00:00+00:00,gbpusd,1.41274,1.41365,1.41241,1.41362
2021-05-24 10:15:00+00:00,gbpusd,1.41256,1.41298,1.41237,1.41275
2021-05-24 10:30:00+00:00,gbpusd,1.4134,1.41344,1.41191,1.41255
2021-05-24 10:45:00+00:00,gbpusd,1.41284,1.41354,1.41247,1.41341
2021-05-24 11:00:00+00:00,gbpusd,1.4131,1.41346,1.41234,1.41285
2021-05-24 11:15:00+00:00,gbpusd,1.41243,1.41331,1.41238,1.41311
2021-05-24 11:30:00+00:00,gbpusd,1.41275,1.41304,1.4123,1.41244
2021-05-24 11:45:00+00:00,gbpusd,1.41239,1.413,1.412,1.41276
2021-05-24 12:00:00+00:00,gbpusd,1.41334,1.41338,1.41224,1.4124
2021-05-24 12:15:00+00:00,gbpusd,1.41417,1.41417,1.41307,1.41335
2021-05-24 12:30:00+00:00,gbpusd,1.41427,1.41457,1.41384,1.41418
2021-05-24 12:45:00+00:00,gbpusd,1.41444,1.41463,1.41405,1.41428
2021-05-24 13:00:00+00:00,gbpusd,1.41394,1.41494,1.41393,1.41443
2021-05-24 13:15:00+00:00,gbpusd,1.41496,1.41498,1.41354,1.41395
2021-05-24 13:30:00+00:00,gbpusd,1.4158,1.41609,1.41444,1.415
2021-05-24 13:45:00+00:00,gbpusd,1.41629,1.41643,1.4156,1.41577
2021-05-24 14:00:00+00:00,gbpusd,1.41602,1.41679,1.41577,1.4163
2021-05-24 14:15:00+00:00,gbpusd,1.41574,1.41632,1.41563,1.41601
2021-05-24 14:30:00+00:00,gbpusd,1.41599,1.41604,1.41527,1.41575
2021-05-24 14:45:00+00:00,gbpusd,1.41572,1.41612,1.41504,1.41598
2021-05-24 15:00:00+00:00,gbpusd,1.41554,1.41611,1.4155,1.41578
2021-05-24 15:15:00+00:00,gbpusd,1.41551,1.41592,1.41542,1.41555
2021-05-24 15:30:00+00:00,gbpusd,1.41485,1.41577,1.41453,1.41552
2021-05-24 15:45:00+00:00,gbpusd,1.41467,1.41499,1.41447,1.41486
2021-05-24 16:00:00+00:00,gbpusd,1.41494,1.4151,1.41466,1.41468
2021-05-24 16:15:00+00:00,gbpusd,1.41473,1.41514,1.41465,1.41495
2021-05-24 16:30:00+00:00,gbpusd,1.41522,1.41525,1.41473,1.41474
2021-05-24 16:45:00+00:00,gbpusd,1.41572,1.41573,1.41516,1.41523
2021-05-24 17:00:00+00:00,gbpusd,1.415,1.41575,1.41477,1.41571
2021-05-24 17:15:00+00:00,gbpusd,1.41564,1.41565,1.41491,1.41501
2021-05-24 17:30:00+00:00,gbpusd,1.41563,1.41589,1.41543,1.41563
2021-05-24 17:45:00+00:00,gbpusd,1.41582,1.41594,1.41563,1.41564
2021-05-24 18:00:00+00:00,gbpusd,1.41592,1.41602,1.41559,1.41581
2021-05-24 18:15:00+00:00,gbpusd,1.41586,1.41601,1.41578,1.41591
2021-05-24 18:30:00+00:00,gbpusd,1.41572,1.41593,1.41559,1.41587
2021-05-24 18:45:00+00:00,gbpusd,1.41585,1.41595,1.41565,1.41573
2021-05-24 19:00:00+00:00,gbpusd,1.41592,1.41606,1.41581,1.41584
2021-05-24 19:15:00+00:00,gbpusd,1.41584,1.41612,1.41574,1.41591
2021-05-24 19:30:00+00:00,gbpusd,1.41574,1.41591,1.41571,1.41583
2021-05-24 19:45:00+00:00,gbpusd,1.41593,1.41602,1.41564,1.41575
2021-05-24 20:00:00+00:00,gbpusd,1.41587,1.416,1.41563,1.41592
2021-05-24 20:15:00+00:00,gbpusd,1.41553,1.41587,1.41545,1.41586
2021-05-24 20:30:00+00:00,gbpusd,1.41544,1.41555,1.41543,1.41554
2021-05-24 20:45:00+00:00,gbpusd,1.41562,1.41573,1.4154,1.41543
2021-05-24 21:00:00+00:00,gbpusd,1.41543,1.41555,1.41534,1.41546
2021-05-24 21:15:00+00:00,gbpusd,1.41551,1.41564,1.4153,1.4154
2021-05-24 21:30:00+00:00,gbpusd,1.41565,1.41569,1.41552,1.41552
2021-05-24 21:45:00+00:00,gbpusd,1.41561,1.41569,1.4154,1.41564
2021-05-24 22:00:00+00:00,gbpusd,1.41554,1.41569,1.41546,1.41562
2021-05-24 22:15:00+00:00,gbpusd,1.41555,1.41564,1.41553,1.41555
2021-05-24 22:30:00+00:00,gbpusd,1.41592,1.41593,1.41554,1.41554
2021-05-24 22:45:00+00:00,gbpusd,1.41564,1.41593,1.4156,1.41593
2021-05-24 23:00:00+00:00,gbpusd,1.41557,1.41574,1.41543,1.41565
2021-05-24 23:15:00+00:00,gbpusd,1.41553,1.41587,1.41549,1.41558
2021-05-24 23:30:00+00:00,gbpusd,1.41556,1.41572,1.41552,1.41552
2021-05-24 23:45:00+00:00,gbpusd,1.41554,1.41591,1.41552,1.41557
2021-05-25 00:00:00+00:00,gbpusd,1.41585,1.41586,1.41529,1.41553
2021-05-25 00:15:00+00:00,gbpusd,1.41603,1.4164,1.41584,1.41586
2021-05-25 00:30:00+00:00,gbpusd,1.4162,1.41643,1.41595,1.41602
2021-05-25 00:45:00+00:00,gbpusd,1.4167,1.41673,1.41603,1.41621
2021-05-25 01:00:00+00:00,gbpusd,1.41734,1.41754,1.41661,1.41671
2021-05-25 01:15:00+00:00,gbpusd,1.41672,1.4176,1.4166,1.41735
2021-05-25 01:30:00+00:00,gbpusd,1.41724,1.41741,1.41651,1.41673
2021-05-25 01:45:00+00:00,gbpusd,1.41683,1.41755,1.41678,1.41725
2021-05-25 02:00:00+00:00,gbpusd,1.41724,1.41724,1.41664,1.41684
2021-05-25 02:15:00+00:00,gbpusd,1.41713,1.41728,1.41691,1.41723
2021-05-25 02:30:00+00:00,gbpusd,1.41713,1.41714,1.41691,1.41714
2021-05-25 02:45:00+00:00,gbpusd,1.41729,1.41731,1.41689,1.41714
2021-05-25 03:00:00+00:00,gbpusd,1.41766,1.41769,1.41709,1.41728
2021-05-25 03:15:00+00:00,gbpusd,1.41793,1.41794,1.41757,1.41765
2021-05-25 03:30:00+00:00,gbpusd,1.41816,1.41824,1.41782,1.41792
2021-05-25 03:45:00+00:00,gbpusd,1.41796,1.41815,1.41777,1.41815
2021-05-25 04:00:00+00:00,gbpusd,1.41833,1.41836,1.41782,1.41797
2021-05-25 04:15:00+00:00,gbpusd,1.41803,1.41853,1.41784,1.41832
2021-05-25 04:30:00+00:00,gbpusd,1.41793,1.41813,1.41773,1.41802
2021-05-25 04:45:00+00:00,gbpusd,1.41805,1.41816,1.41791,1.41792
2021-05-25 05:00:00+00:00,gbpusd,1.41807,1.41815,1.41788,1.41806
2021-05-25 05:15:00+00:00,gbpusd,1.41814,1.41833,1.41789,1.41806
2021-05-25 05:30:00+00:00,gbpusd,1.41767,1.41823,1.4175,1.41815
2021-05-25 05:45:00+00:00,gbpusd,1.41767,1.41767,1.41712,1.41766
2021-05-25 06:00:00+00:00,gbpusd,1.41831,1.41831,1.41729,1.41768
2021-05-25 06:15:00+00:00,gbpusd,1.41872,1.41917,1.41813,1.41832
2021-05-25 06:30:00+00:00,gbpusd,1.42003,1.42033,1.41857,1.41873
2021-05-25 06:45:00+00:00,gbpusd,1.41994,1.42012,1.41908,1.42004
2021-05-25 07:00:00+00:00,gbpusd,1.42014,1.42055,1.41967,1.41995
2021-05-25 07:15:00+00:00,gbpusd,1.42104,1.4211,1.4194,1.42013
2021-05-25 07:30:00+00:00,gbpusd,1.41947,1.42103,1.41888,1.42103
2021-05-25 07:45:00+00:00,gbpusd,1.41868,1.41982,1.41846,1.41949
2021-05-25 08:00:00+00:00,gbpusd,1.41842,1.41908,1.4177,1.41867
2021-05-25 08:15:00+00:00,gbpusd,1.41762,1.41855,1.41746,1.41841
2021-05-25 08:30:00+00:00,gbpusd,1.41793,1.41806,1.41693,1.41763
2021-05-25 08:45:00+00:00,gbpusd,1.41861,1.41883,1.4179,1.41792
2021-05-25 09:00:00+00:00,gbpusd,1.4188,1.4194,1.41854,1.41862
2021-05-25 09:15:00+00:00,gbpusd,1.4182,1.41884,1.41787,1.41881
2021-05-25 09:30:00+00:00,gbpusd,1.41822,1.41836,1.41767,1.41819
2021-05-25 09:45:00+00:00,gbpusd,1.41799,1.4183,1.41767,1.41823
2021-05-25 10:00:00+00:00,gbpusd,1.4176,1.41834,1.41719,1.41798
2021-05-25 10:15:00+00:00,gbpusd,1.4176,1.41802,1.41734,1.41761
2021-05-25 10:30:00+00:00,gbpusd,1.41661,1.41773,1.41625,1.41761
2021-05-25 10:45:00+00:00,gbpusd,1.41583,1.41667,1.41583,1.4166
2021-05-25 11:00:00+00:00,gbpusd,1.416,1.41615,1.41501,1.41582
2021-05-25 11:15:00+00:00,gbpusd,1.41643,1.41651,1.41576,1.41601
2021-05-25 11:30:00+00:00,gbpusd,1.41637,1.41664,1.41613,1.41644
2021-05-25 11:45:00+00:00,gbpusd,1.41637,1.41661,1.41604,1.41636
2021-05-25 12:00:00+00:00,gbpusd,1.4166,1.4172,1.41636,1.41636
2021-05-25 12:15:00+00:00,gbpusd,1.41591,1.41667,1.41549,1.41661
2021-05-25 12:30:00+00:00,gbpusd,1.41614,1.41667,1.41545,1.4159
2021-05-25 12:45:00+00:00,gbpusd,1.41414,1.41614,1.41357,1.41613
2021-05-25 13:00:00+00:00,gbpusd,1.41409,1.4143,1.4136,1.41413
2021-05-25 13:15:00+00:00,gbpusd,1.41299,1.41434,1.41265,1.4141
2021-05-25 13:30:00+00:00,gbpusd,1.41376,1.4138,1.41227,1.41298
2021-05-25 13:45:00+00:00,gbpusd,1.41293,1.414,1.41259,1.41375
2021-05-25 14:00:00+00:00,gbpusd,1.4131,1.41394,1.41273,1.41292
2021-05-25 14:15:00+00:00,gbpusd,1.4142,1.41428,1.41306,1.41311
2021-05-25 14:30:00+00:00,gbpusd,1.41385,1.41434,1.41322,1.41421
2021-05-25 14:45:00+00:00,gbpusd,1.41354,1.41443,1.41305,1.41384
2021-05-25 15:00:00+00:00,gbpusd,1.41316,1.41359,1.4128,1.41355
2021-05-25 15:15:00+00:00,gbpusd,1.41266,1.41321,1.41244,1.41315
2021-05-25 15:30:00+00:00,gbpusd,1.41295,1.41324,1.41246,1.41265
2021-05-25 15:45:00+00:00,gbpusd,1.41226,1.41302,1.41157,1.41294
2021-05-25 16:00:00+00:00,gbpusd,1.41277,1.41298,1.41182,1.41225
2021-05-25 16:15:00+00:00,gbpusd,1.41335,1.41354,1.41263,1.41276
2021-05-25 16:30:00+00:00,gbpusd,1.41379,1.41382,1.41336,1.41336
2021-05-25 16:45:00+00:00,gbpusd,1.41405,1.41405,1.41344,1.4138
2021-05-25 17:00:00+00:00,gbpusd,1.41452,1.41462,1.41384,1.41404
2021-05-25 17:15:00+00:00,gbpusd,1.41526,1.41547,1.41426,1.41451
2021-05-25 17:30:00+00:00,gbpusd,1.41584,1.41612,1.41524,1.41525
2021-05-25 17:45:00+00:00,gbpusd,1.41554,1.41601,1.41542,1.41585
2021-05-25 18:00:00+00:00,gbpusd,1.41534,1.41566,1.41499,1.41555
2021-05-25 18:15:00+00:00,gbpusd,1.41504,1.41536,1.41493,1.41535
2021-05-25 18:30:00+00:00,gbpusd,1.41531,1.41546,1.4149,1.41503
2021-05-25 18:45:00+00:00,gbpusd,1.41494,1.41535,1.4147,1.41533
2021-05-25 19:00:00+00:00,gbpusd,1.41483,1.41507,1.41464,1.41493
2021-05-25 19:15:00+00:00,gbpusd,1.41466,1.41491,1.41463,1.41482
2021-05-25 19:30:00+00:00,gbpusd,1.41477,1.41488,1.4146,1.41465
2021-05-25 19:45:00+00:00,gbpusd,1.41446,1.41499,1.41429,1.41478
2021-05-25 20:00:00+00:00,gbpusd,1.41445,1.41447,1.41422,1.41445
2021-05-25 20:15:00+00:00,gbpusd,1.4147,1.4148,1.41446,1.41446
2021-05-25 20:30:00+00:00,gbpusd,1.41455,1.41491,1.41454,1.41471
2021-05-25 20:45:00+00:00,gbpusd,1.415,1.415,1.41449,1.41456
2021-05-25 21:00:00+00:00,gbpusd,1.41506,1.41532,1.41457,1.41512
2021-05-25 21:15:00+00:00,gbpusd,1.41467,1.41505,1.41452,1.41489
2021-05-25 21:30:00+00:00,gbpusd,1.41494,1.41506,1.41455,1.41468
2021-05-25 21:45:00+00:00,gbpusd,1.41487,1.41515,1.41475,1.41491
2021-05-25 22:00:00+00:00,gbpusd,1.41505,1.41508,1.41481,1.41489
2021-05-25 22:15:00+00:00,gbpusd,1.41485,1.41506,1.41467,1.41506
2021-05-25 22:30:00+00:00,gbpusd,1.41478,1.41503,1.41476,1.41486
2021-05-25 22:45:00+00:00,gbpusd,1.41493,1.41514,1.41479,1.41479
2021-05-25 23:00:00+00:00,gbpusd,1.41474,1.41498,1.41467,1.41494
2021-05-25 23:15:00+00:00,gbpusd,1.41457,1.41477,1.41444,1.41475
2021-05-25 23:30:00+00:00,gbpusd,1.41417,1.41457,1.41416,1.41456
2021-05-25 23:45:00+00:00,gbpusd,1.41428,1.41429,1.41405,1.41418
2021-05-26 00:00:00+00:00,gbpusd,1.41506,1.41517,1.41415,1.41429
2021-05-26 00:15:00+00:00,gbpusd,1.41518,1.4154,1.41492,1.41505
2021-05-26 00:30:00+00:00,gbpusd,1.41479,1.41518,1.41476,1.41517
2021-05-26 00:45:00+00:00,gbpusd,1.41497,1.41522,1.41447,1.4148
2021-05-26 01:00:00+00:00,gbpusd,1.41465,1.41526,1.41464,1.41498
2021-05-26 01:15:00+00:00,gbpusd,1.41431,1.41465,1.41414,1.41464
2021-05-26 01:30:00+00:00,gbpusd,1.41456,1.41458,1.41424,1.41432
2021-05-26 01:45:00+00:00,gbpusd,1.41436,1.41463,1.41415,1.41457
2021-05-26 02:00:00+00:00,gbpusd,1.41497,1.41509,1.41426,1.41435
2021-05-26 02:15:00+00:00,gbpusd,1.41532,1.41538,1.41492,1.41496
2021-05-26 02:30:00+00:00,gbpusd,1.4157,1.41587,1.41521,1.41533
2021-05-26 02:45:00+00:00,gbpusd,1.41566,1.41576,1.41548,1.41571
2021-05-26 03:00:00+00:00,gbpusd,1.41598,1.41606,1.41559,1.41567
2021-05-26 03:15:00+00:00,gbpusd,1.41607,1.41626,1.41589,1.41599
2021-05-26 03:30:00+00:00,gbpusd,1.41597,1.41619,1.41564,1.41606
2021-05-26 03:45:00+00:00,gbpusd,1.4162,1.41627,1.41586,1.41598
2021-05-26 04:00:00+00:00,gbpusd,1.41637,1.41638,1.4159,1.41621
2021-05-26 04:15:00+00:00,gbpusd,1.4168,1.41681,1.41633,1.41638
2021-05-26 04:30:00+00:00,gbpusd,1.41659,1.4168,1.41647,1.41679
2021-05-26 04:45:00+00:00,gbpusd,1.41687,1.417,1.41655,1.41658
2021-05-26 05:00:00+00:00,gbpusd,1.41717,1.41719,1.41675,1.41688
2021-05-26 05:15:00+00:00,gbpusd,1.41675,1.41718,1.41657,1.41716
2021-05-26 05:30:00+00:00,gbpusd,1.41624,1.41684,1.41615,1.41676
2021-05-26 05:45:00+00:00,gbpusd,1.41599,1.41625,1.41567,1.41623
2021-05-26 06:00:00+00:00,gbpusd,1.41524,1.41605,1.41485,1.416
2021-05-26 06:15:00+00:00,gbpusd,1.41596,1.41599,1.41495,1.41523
2021-05-26 06:30:00+00:00,gbpusd,1.41526,1.41639,1.41514,1.41597
2021-05-26 06:45:00+00:00,gbpusd,1.41484,1.41564,1.41484,1.41527
2021-05-26 07:00:00+00:00,gbpusd,1.41397,1.41511,1.41341,1.41485
2021-05-26 07:15:00+00:00,gbpusd,1.41358,1.414,1.41333,1.41396
2021-05-26 07:30:00+00:00,gbpusd,1.41416,1.41429,1.41356,1.41359
2021-05-26 07:45:00+00:00,gbpusd,1.4143,1.41445,1.41392,1.41417
2021-05-26 08:00:00+00:00,gbpusd,1.41507,1.41514,1.41384,1.41431
2021-05-26 08:15:00+00:00,gbpusd,1.41472,1.41508,1.41414,1.41508
2021-05-26 08:30:00+00:00,gbpusd,1.41484,1.41556,1.41463,1.41473
2021-05-26 08:45:00+00:00,gbpusd,1.41566,1.41566,1.41466,1.41483
2021-05-26 09:00:00+00:00,gbpusd,1.41624,1.41641,1.41527,1.41567
2021-05-26 09:15:00+00:00,gbpusd,1.4163,1.41658,1.41598,1.41625
2021-05-26 09:30:00+00:00,gbpusd,1.41625,1.4164,1.41599,1.41629
2021-05-26 09:45:00+00:00,gbpusd,1.4171,1.41748,1.41604,1.41626
2021-05-26 10:00:00+00:00,gbpusd,1.41714,1.41718,1.41669,1.41709
2021-05-26 10:15:00+00:00,gbpusd,1.41635,1.41717,1.416,1.41715
2021-05-26 10:30:00+00:00,gbpusd,1.41735,1.41736,1.41635,1.41636
2021-05-26 10:45:00+00:00,gbpusd,1.41722,1.41745,1.41685,1.41736
2021-05-26 11:00:00+00:00,gbpusd,1.41716,1.41761,1.41694,1.41723
2021-05-26 11:15:00+00:00,gbpusd,1.41643,1.41727,1.41623,1.41715
2021-05-26 11:30:00+00:00,gbpusd,1.41577,1.41653,1.41543,1.41642
2021-05-26 11:45:00+00:00,gbpusd,1.41542,1.41639,1.4154,1.41576
2021-05-26 12:00:00+00:00,gbpusd,1.41647,1.41678,1.41518,1.41541
2021-05-26 12:15:00+00:00,gbpusd,1.4154,1.41647,1.41517,1.41646
2021-05-26 12:30:00+00:00,gbpusd,1.41554,1.41583,1.41487,1.41541
2021-05-26 12:45:00+00:00,gbpusd,1.41451,1.41571,1.41425,1.41553
2021-05-26 13:00:00+00:00,gbpusd,1.41399,1.41493,1.41387,1.41452
2021-05-26 13:15:00+00:00,gbpusd,1.41246,1.41436,1.41219,1.41398
2021-05-26 13:30:00+00:00,gbpusd,1.41353,1.41358,1.41243,1.41247
2021-05-26 13:45:00+00:00,gbpusd,1.41265,1.41405,1.41262,1.41354
2021-05-26 14:00:00+00:00,gbpusd,1.41366,1.41366,1.41246,1.41266
2021-05-26 14:15:00+00:00,gbpusd,1.41534,1.41579,1.41364,1.41367
2021-05-26 14:30:00+00:00,gbpusd,1.41545,1.41595,1.41529,1.41533
2021-05-26 14:45:00+00:00,gbpusd,1.41244,1.41562,1.41241,1.41544
2021-05-26 15:00:00+00:00,gbpusd,1.41235,1.4128,1.41211,1.41245
2021-05-26 15:15:00+00:00,gbpusd,1.41251,1.41322,1.41214,1.41243
2021-05-26 15:30:00+00:00,gbpusd,1.41276,1.41297,1.41165,1.4125
2021-05-26 15:45:00+00:00,gbpusd,1.41289,1.41294,1.41181,1.41275
2021-05-26 16:00:00+00:00,gbpusd,1.41245,1.41313,1.41195,1.41288
2021-05-26 16:15:00+00:00,gbpusd,1.41219,1.41266,1.41207,1.41244
2021-05-26 16:30:00+00:00,gbpusd,1.41237,1.41257,1.41204,1.41218
2021-05-26 16:45:00+00:00,gbpusd,1.4122,1.41255,1.41213,1.41236
2021-05-26 17:00:00+00:00,gbpusd,1.41176,1.41241,1.41155,1.41219
2021-05-26 17:15:00+00:00,gbpusd,1.41194,1.41194,1.41135,1.41177
2021-05-26 17:30:00+00:00,gbpusd,1.41144,1.41253,1.41139,1.41195
2021-05-26 17:45:00+00:00,gbpusd,1.41173,1.41176,1.41129,1.41145
2021-05-26 18:00:00+00:00,gbpusd,1.41164,1.41172,1.41124,1.41172
2021-05-26 18:15:00+00:00,gbpusd,1.41194,1.41242,1.41147,1.41163
2021-05-26 18:30:00+00:00,gbpusd,1.41228,1.41236,1.41182,1.41195
2021-05-26 18:45:00+00:00,gbpusd,1.41246,1.41262,1.41219,1.41227
2021-05-26 19:00:00+00:00,gbpusd,1.41234,1.4128,1.41225,1.41245
2021-05-26 19:15:00+00:00,gbpusd,1.41245,1.4125,1.41224,1.41235
2021-05-26 19:30:00+00:00,gbpusd,1.41236,1.41273,1.41234,1.41246
2021-05-26 19:45:00+00:00,gbpusd,1.41237,1.41263,1.41203,1.41235
2021-05-26 20:00:00+00:00,gbpusd,1.41232,1.41244,1.41218,1.41236
2021-05-26 20:15:00+00:00,gbpusd,1.41215,1.41236,1.41215,1.41233
2021-05-26 20:30:00+00:00,gbpusd,1.41203,1.41226,1.41203,1.41214
2021-05-26 20:45:00+00:00,gbpusd,1.41207,1.41218,1.4118,1.41202
2021-05-26 21:00:00+00:00,gbpusd,1.41188,1.41203,1.41182,1.41196
2021-05-26 21:15:00+00:00,gbpusd,1.41184,1.41199,1.41179,1.41191
2021-05-26 21:30:00+00:00,gbpusd,1.4119,1.41218,1.41177,1.41185
2021-05-26 21:45:00+00:00,gbpusd,1.41208,1.41226,1.41188,1.41188
2021-05-26 22:00:00+00:00,gbpusd,1.41233,1.41258,1.41206,1.41206
2021-05-26 22:15:00+00:00,gbpusd,1.4123,1.4124,1.41224,1.41234
2021-05-26 22:30:00+00:00,gbpusd,1.412,1.41239,1.41182,1.41229
2021-05-26 22:45:00+00:00,gbpusd,1.41175,1.41211,1.41174,1.41199
2021-05-26 23:00:00+00:00,gbpusd,1.41183,1.41188,1.41156,1.41176
2021-05-26 23:15:00+00:00,gbpusd,1.41195,1.41206,1.41184,1.41184
2021-05-26 23:30:00+00:00,gbpusd,1.4117,1.41197,1.41162,1.41196
2021-05-26 23:45:00+00:00,gbpusd,1.41154,1.41173,1.41144,1.41169
2021-05-27 00:00:00+00:00,gbpusd,1.41135,1.41158,1.41114,1.41152
2021-05-27 00:15:00+00:00,gbpusd,1.41071,1.41136,1.41046,1.41136
2021-05-27 00:30:00+00:00,gbpusd,1.41067,1.41088,1.4105,1.41072
2021-05-27 00:45:00+00:00,gbpusd,1.41058,1.41072,1.4098,1.41068
2021-05-27 01:00:00+00:00,gbpusd,1.40956,1.41067,1.40955,1.41059
2021-05-27 01:15:00+00:00,gbpusd,1.40936,1.40996,1.40918,1.40957
2021-05-27 01:30:00+00:00,gbpusd,1.40985,1.40996,1.40922,1.40937
2021-05-27 01:45:00+00:00,gbpusd,1.41016,1.41026,1.40964,1.40986
2021-05-27 02:00:00+00:00,gbpusd,1.41087,1.41087,1.41005,1.41015
2021-05-27 02:15:00+00:00,gbpusd,1.41094,1.41112,1.41082,1.41088
2021-05-27 02:30:00+00:00,gbpusd,1.41081,1.41105,1.41056,1.41095
2021-05-27 02:45:00+00:00,gbpusd,1.41098,1.41109,1.41079,1.41082
2021-05-27 03:00:00+00:00,gbpusd,1.41106,1.41116,1.41075,1.41099
2021-05-27 03:15:00+00:00,gbpusd,1.41097,1.41106,1.41067,1.41105
2021-05-27 03:30:00+00:00,gbpusd,1.41142,1.41151,1.41096,1.41096
2021-05-27 03:45:00+00:00,gbpusd,1.4115,1.41169,1.41128,1.41143
2021-05-27 04:00:00+00:00,gbpusd,1.41171,1.41172,1.41143,1.41156
2021-05-27 04:15:00+00:00,gbpusd,1.41174,1.41195,1.41155,1.41172
2021-05-27 04:30:00+00:00,gbpusd,1.41126,1.41176,1.41119,1.41175
2021-05-27 04:45:00+00:00,gbpusd,1.41134,1.41166,1.41121,1.41125
2021-05-27 05:00:00+00:00,gbpusd,1.41146,1.41163,1.41123,1.41135
2021-05-27 05:15:00+00:00,gbpusd,1.4115,1.41171,1.4114,1.41147
2021-05-27 05:30:00+00:00,gbpusd,1.41184,1.41193,1.4115,1.41151
2021-05-27 05:45:00+00:00,gbpusd,1.4121,1.41224,1.41174,1.41183
2021-05-27 06:00:00+00:00,gbpusd,1.41171,1.41215,1.41142,1.41209
2021-05-27 06:15:00+00:00,gbpusd,1.41017,1.4117,1.4101,1.4117
2021-05-27 06:30:00+00:00,gbpusd,1.41067,1.41097,1.41014,1.41016
2021-05-27 06:45:00+00:00,gbpusd,1.41126,1.41162,1.41016,1.41066
2021-05-27 07:00:00+00:00,gbpusd,1.41128,1.41176,1.41093,1.41125
2021-05-27 07:15:00+00:00,gbpusd,1.41265,1.41298,1.41097,1.41129
2021-05-27 07:30:00+00:00,gbpusd,1.41322,1.41369,1.41211,1.41264
2021-05-27 07:45:00+00:00,gbpusd,1.41237,1.41321,1.41163,1.41321
2021-05-27 08:00:00+00:00,gbpusd,1.41216,1.41295,1.41205,1.41236
2021-05-27 08:15:00+00:00,gbpusd,1.41377,1.41397,1.41212,1.41217
2021-05-27 08:30:00+00:00,gbpusd,1.41289,1.41396,1.41219,1.41376
2021-05-27 08:45:00+00:00,gbpusd,1.41162,1.41289,1.41154,1.41288
2021-05-27 09:00:00+00:00,gbpusd,1.41197,1.41239,1.41157,1.41163
2021-05-27 09:15:00+00:00,gbpusd,1.41218,1.41227,1.41143,1.41196
2021-05-27 09:30:00+00:00,gbpusd,1.41224,1.41254,1.41194,1.41219
2021-05-27 09:45:00+00:00,gbpusd,1.41204,1.41266,1.412,1.41225
2021-05-27 10:00:00+00:00,gbpusd,1.41225,1.41255,1.41187,1.41205
2021-05-27 10:15:00+00:00,gbpusd,1.41353,1.41353,1.41207,1.41224
2021-05-27 10:30:00+00:00,gbpusd,1.41334,1.41378,1.41317,1.41355
2021-05-27 10:45:00+00:00,gbpusd,1.41256,1.41369,1.4124,1.41335
2021-05-27 11:00:00+00:00,gbpusd,1.41698,1.4179,1.41202,1.41255
2021-05-27 11:15:00+00:00,gbpusd,1.41792,1.41836,1.41682,1.41695
2021-05-27 11:30:00+00:00,gbpusd,1.41716,1.41814,1.41701,1.41791
2021-05-27 11:45:00+00:00,gbpusd,1.41726,1.41746,1.41647,1.41714
2021-05-27 12:00:00+00:00,gbpusd,1.4172,1.41814,1.41655,1.41727
2021-05-27 12:15:00+00:00,gbpusd,1.41719,1.41739,1.41662,1.41719
2021-05-27 12:30:00+00:00,gbpusd,1.41633,1.41764,1.41612,1.41716
2021-05-27 12:45:00+00:00,gbpusd,1.41572,1.41666,1.41555,1.41632
2021-05-27 13:00:00+00:00,gbpusd,1.41685,1.41698,1.41536,1.41573
2021-05-27 13:15:00+00:00,gbpusd,1.4163,1.41704,1.41604,1.41686
2021-05-27 13:30:00+00:00,gbpusd,1.41696,1.41741,1.41613,1.41631
2021-05-27 13:45:00+00:00,gbpusd,1.41741,1.41799,1.41669,1.41701
2021-05-27 14:00:00+00:00,gbpusd,1.418,1.41811,1.4168,1.41741
2021-05-27 14:15:00+00:00,gbpusd,1.41783,1.41864,1.4173,1.41799
2021-05-27 14:30:00+00:00,gbpusd,1.4191,1.4191,1.41784,1.41784
2021-05-27 14:45:00+00:00,gbpusd,1.4184,1.41934,1.4183,1.41911
2021-05-27 15:00:00+00:00,gbpusd,1.41842,1.41962,1.41839,1.41839
2021-05-27 15:15:00+00:00,gbpusd,1.41773,1.41861,1.41773,1.41844
2021-05-27 15:30:00+00:00,gbpusd,1.41862,1.41864,1.4174,1.41772
2021-05-27 15:45:00+00:00,gbpusd,1.41717,1.41866,1.41708,1.41861
2021-05-27 16:00:00+00:00,gbpusd,1.41794,1.41794,1.41718,1.41718
2021-05-27 16:15:00+00:00,gbpusd,1.41708,1.41823,1.41691,1.41793
2021-05-27 16:30:00+00:00,gbpusd,1.41774,1.41782,1.41709,1.41709
2021-05-27 16:45:00+00:00,gbpusd,1.41778,1.41787,1.41732,1.41773
2021-05-27 17:00:00+00:00,gbpusd,1.41813,1.41822,1.41773,1.41779
2021-05-27 17:15:00+00:00,gbpusd,1.41839,1.41853,1.41782,1.41812
2021-05-27 17:30:00+00:00,gbpusd,1.41973,1.41975,1.41825,1.4184
2021-05-27 17:45:00+00:00,gbpusd,1.42024,1.42074,1.41963,1.41974
2021-05-27 18:00:00+00:00,gbpusd,1.42063,1.42065,1.42009,1.42023
2021-05-27 18:15:00+00:00,gbpusd,1.4212,1.42192,1.42044,1.42062
2021-05-27 18:30:00+00:00,gbpusd,1.42112,1.42143,1.4209,1.42119
2021-05-27 18:45:00+00:00,gbpusd,1.42122,1.42146,1.42093,1.42111
2021-05-27 19:00:00+00:00,gbpusd,1.42061,1.42123,1.42061,1.42123
2021-05-27 19:15:00+00:00,gbpusd,1.42082,1.42101,1.42055,1.42062
2021-05-27 19:30:00+00:00,gbpusd,1.4207,1.42093,1.42057,1.42081
2021-05-27 19:45:00+00:00,gbpusd,1.4204,1.42081,1.4203,1.42071
2021-05-27 20:00:00+00:00,gbpusd,1.42023,1.42041,1.42018,1.42041
2021-05-27 20:15:00+00:00,gbpusd,1.42025,1.42046,1.4202,1.42022
2021-05-27 20:30:00+00:00,gbpusd,1.42032,1.42045,1.42024,1.42024
2021-05-27 20:45:00+00:00,gbpusd,1.42038,1.42045,1.42004,1.42033
2021-05-27 21:00:00+00:00,gbpusd,1.42057,1.421,1.42013,1.42068
2021-05-27 21:15:00+00:00,gbpusd,1.42027,1.42062,1.42017,1.42044
2021-05-27 21:30:00+00:00,gbpusd,1.4203,1.42054,1.42001,1.42028
2021-05-27 21:45:00+00:00,gbpusd,1.42024,1.42053,1.42012,1.42027
2021-05-27 22:00:00+00:00,gbpusd,1.42046,1.42063,1.42022,1.42022
2021-05-27 22:15:00+00:00,gbpusd,1.42074,1.42076,1.42034,1.42045
2021-05-27 22:30:00+00:00,gbpusd,1.42051,1.42084,1.42043,1.42073
2021-05-27 22:45:00+00:00,gbpusd,1.42026,1.42057,1.42026,1.42052
2021-05-27 23:00:00+00:00,gbpusd,1.42034,1.42043,1.42024,1.42027
2021-05-27 23:15:00+00:00,gbpusd,1.42044,1.42044,1.42015,1.42033
2021-05-27 23:30:00+00:00,gbpusd,1.42011,1.42055,1.42011,1.42043
2021-05-27 23:45:00+00:00,gbpusd,1.42033,1.42037,1.42004,1.42012
2021-05-28 00:00:00+00:00,gbpusd,1.41982,1.42042,1.41964,1.42032
2021-05-28 00:15:00+00:00,gbpusd,1.41949,1.41991,1.41939,1.41983
2021-05-28 00:30:00+00:00,gbpusd,1.41932,1.41953,1.41911,1.41948
2021-05-28 00:45:00+00:00,gbpusd,1.41904,1.41955,1.41894,1.41933
2021-05-28 01:00:00+00:00,gbpusd,1.41892,1.41934,1.41884,1.41905
2021-05-28 01:15:00+00:00,gbpusd,1.4189,1.41928,1.41879,1.41893
2021-05-28 01:30:00+00:00,gbpusd,1.41925,1.41928,1.41851,1.41889
2021-05-28 01:45:00+00:00,gbpusd,1.41853,1.41932,1.41843,1.41924
2021-05-28 02:00:00+00:00,gbpusd,1.41863,1.41877,1.41849,1.41852
2021-05-28 02:15:00+00:00,gbpusd,1.41851,1.41873,1.41841,1.41862
2021-05-28 02:30:00+00:00,gbpusd,1.41866,1.41868,1.41824,1.4185
2021-05-28 02:45:00+00:00,gbpusd,1.41873,1.41883,1.4184,1.41865
2021-05-28 03:00:00+00:00,gbpusd,1.41903,1.41911,1.41866,1.41874
2021-05-28 03:15:00+00:00,gbpusd,1.41914,1.41926,1.41888,1.41902
2021-05-28 03:30:00+00:00,gbpusd,1.41915,1.41917,1.41872,1.41915
2021-05-28 03:45:00+00:00,gbpusd,1.41934,1.41949,1.41904,1.41914
2021-05-28 04:00:00+00:00,gbpusd,1.41974,1.41994,1.41929,1.41933
2021-05-28 04:15:00+00:00,gbpusd,1.41962,1.41987,1.41956,1.41975
2021-05-28 04:30:00+00:00,gbpusd,1.41954,1.41965,1.41949,1.41963
2021-05-28 04:45:00+00:00,gbpusd,1.41956,1.41966,1.41946,1.41953
2021-05-28 05:00:00+00:00,gbpusd,1.41978,1.42001,1.41945,1.41957
2021-05-28 05:15:00+00:00,gbpusd,1.41928,1.41984,1.41919,1.41979
2021-05-28 05:30:00+00:00,gbpusd,1.41845,1.4193,1.41832,1.41929
2021-05-28 05:45:00+00:00,gbpusd,1.41858,1.41869,1.41823,1.41844
2021-05-28 06:00:00+00:00,gbpusd,1.41818,1.41894,1.41794,1.41857
2021-05-28 06:15:00+00:00,gbpusd,1.41856,1.41868,1.41753,1.41819
2021-05-28 06:30:00+00:00,gbpusd,1.41864,1.41909,1.41836,1.41855
2021-05-28 06:45:00+00:00,gbpusd,1.41954,1.41956,1.41799,1.41865
2021-05-28 07:00:00+00:00,gbpusd,1.41882,1.41974,1.41859,1.41953
2021-05-28 07:15:00+00:00,gbpusd,1.41805,1.41887,1.41734,1.41881
2021-05-28 07:30:00+00:00,gbpusd,1.41869,1.41869,1.41769,1.41804
2021-05-28 07:45:00+00:00,gbpusd,1.41895,1.41901,1.41798,1.4187
2021-05-28 08:00:00+00:00,gbpusd,1.42004,1.42023,1.41886,1.41896
2021-05-28 08:15:00+00:00,gbpusd,1.41944,1.4206,1.41935,1.42003
2021-05-28 08:30:00+00:00,gbpusd,1.42031,1.42036,1.41913,1.41943
2021-05-28 08:45:00+00:00,gbpusd,1.41993,1.42041,1.4193,1.42032
2021-05-28 09:00:00+00:00,gbpusd,1.41935,1.42001,1.41903,1.41992
2021-05-28 09:15:00+00:00,gbpusd,1.41888,1.41952,1.41873,1.41933
2021-05-28 09:30:00+00:00,gbpusd,1.41864,1.41902,1.4179,1.41887
2021-05-28 09:45:00+00:00,gbpusd,1.41836,1.41867,1.41782,1.41865
2021-05-28 10:00:00+00:00,gbpusd,1.41828,1.41855,1.41791,1.41835
2021-05-28 10:15:00+00:00,gbpusd,1.41835,1.41868,1.41812,1.41829
2021-05-28 10:30:00+00:00,gbpusd,1.41796,1.41858,1.4178,1.41836
2021-05-28 10:45:00+00:00,gbpusd,1.41762,1.41809,1.41715,1.41795
2021-05-28 11:00:00+00:00,gbpusd,1.41744,1.41838,1.41715,1.41761
2021-05-28 11:15:00+00:00,gbpusd,1.41693,1.41765,1.41648,1.41745
2021-05-28 11:30:00+00:00,gbpusd,1.41677,1.41698,1.41621,1.41694
2021-05-28 11:45:00+00:00,gbpusd,1.41627,1.41685,1.41546,1.41676
2021-05-28 12:00:00+00:00,gbpusd,1.41556,1.41642,1.4153,1.41625
2021-05-28 12:15:00+00:00,gbpusd,1.41552,1.41595,1.41527,1.41557
2021-05-28 12:30:00+00:00,gbpusd,1.41533,1.41658,1.41509,1.41553
2021-05-28 12:45:00+00:00,gbpusd,1.41412,1.41559,1.41399,1.41532
2021-05-28 13:00:00+00:00,gbpusd,1.41511,1.41567,1.41364,1.41417
2021-05-28 13:15:00+00:00,gbpusd,1.41467,1.41519,1.41385,1.41513
2021-05-28 13:30:00+00:00,gbpusd,1.41606,1.41659,1.41457,1.41466
2021-05-28 13:45:00+00:00,gbpusd,1.41536,1.41665,1.41535,1.41607
2021-05-28 14:00:00+00:00,gbpusd,1.41594,1.41627,1.41503,1.41535
2021-05-28 14:15:00+00:00,gbpusd,1.41495,1.41624,1.41452,1.41596
2021-05-28 14:30:00+00:00,gbpusd,1.41602,1.41635,1.41486,1.41494
2021-05-28 14:45:00+00:00,gbpusd,1.41655,1.41715,1.41543,1.41601
2021-05-28 15:00:00+00:00,gbpusd,1.41756,1.41827,1.41651,1.41656
2021-05-28 15:15:00+00:00,gbpusd,1.41819,1.41821,1.41706,1.41757
2021-05-28 15:30:00+00:00,gbpusd,1.41875,1.41916,1.4182,1.4182
2021-05-28 15:45:00+00:00,gbpusd,1.4188,1.4192,1.41859,1.41874
2021-05-28 16:00:00+00:00,gbpusd,1.41881,1.41945,1.4187,1.41881
2021-05-28 16:15:00+00:00,gbpusd,1.41925,1.41958,1.41874,1.41882
2021-05-28 16:30:00+00:00,gbpusd,1.41965,1.41967,1.4188,1.41926
2021-05-28 16:45:00+00:00,gbpusd,1.41958,1.41994,1.4191,1.41966
2021-05-28 17:00:00+00:00,gbpusd,1.41959,1.41995,1.41955,1.41959
2021-05-28 17:15:00+00:00,gbpusd,1.41974,1.41999,1.41954,1.41958
2021-05-28 17:30:00+00:00,gbpusd,1.41936,1.41985,1.41929,1.41973
2021-05-28 17:45:00+00:00,gbpusd,1.41935,1.41945,1.41914,1.41937
2021-05-28 18:00:00+00:00,gbpusd,1.41895,1.41938,1.41893,1.41936
2021-05-28 18:15:00+00:00,gbpusd,1.41938,1.41939,1.41896,1.41896
2021-05-28 18:30:00+00:00,gbpusd,1.41921,1.41945,1.41903,1.41937
2021-05-28 18:45:00+00:00,gbpusd,1.41924,1.41938,1.41913,1.41922
2021-05-28 19:00:00+00:00,gbpusd,1.41906,1.41937,1.41902,1.41923
2021-05-28 19:15:00+00:00,gbpusd,1.41895,1.41912,1.41892,1.41907
2021-05-28 19:30:00+00:00,gbpusd,1.41901,1.41918,1.41885,1.41896
2021-05-28 19:45:00+00:00,gbpusd,1.41895,1.41915,1.41875,1.41902
2021-05-28 20:00:00+00:00,gbpusd,1.41895,1.41928,1.41893,1.41894
2021-05-28 20:15:00+00:00,gbpusd,1.41887,1.41917,1.41881,1.41894
2021-05-28 20:30:00+00:00,gbpusd,1.41946,1.41951,1.41884,1.41886
2021-05-28 20:45:00+00:00,gbpusd,1.41889,1.41946,1.4186,1.41945
2021-05-30 21:00:00+00:00,gbpusd,1.41874,1.4189,1.41837,1.41858
2021-05-30 21:15:00+00:00,gbpusd,1.41878,1.41906,1.41855,1.41882
2021-05-30 21:30:00+00:00,gbpusd,1.41913,1.41914,1.41868,1.4187
2021-05-30 21:45:00+00:00,gbpusd,1.4192,1.41925,1.41899,1.41916
2021-05-30 22:00:00+00:00,gbpusd,1.41889,1.41941,1.41882,1.41919
2021-05-30 22:15:00+00:00,gbpusd,1.41845,1.41888,1.41842,1.41888
2021-05-30 22:30:00+00:00,gbpusd,1.41874,1.41876,1.41844,1.41846
2021-05-30 22:45:00+00:00,gbpusd,1.41865,1.41877,1.41863,1.41875
2021-05-30 23:00:00+00:00,gbpusd,1.41854,1.41887,1.41853,1.41864
2021-05-30 23:15:00+00:00,gbpusd,1.41852,1.4187,1.41849,1.41855
2021-05-30 23:30:00+00:00,gbpusd,1.41826,1.41852,1.41826,1.41851
2021-05-30 23:45:00+00:00,gbpusd,1.41796,1.41826,1.41795,1.41825
2021-05-31 00:00:00+00:00,gbpusd,1.41755,1.41802,1.41735,1.41795
2021-05-31 00:15:00+00:00,gbpusd,1.41742,1.4179,1.41736,1.41756
2021-05-31 00:30:00+00:00,gbpusd,1.41785,1.41796,1.41737,1.41743
2021-05-31 00:45:00+00:00,gbpusd,1.41817,1.4185,1.41757,1.41786
2021-05-31 01:00:00+00:00,gbpusd,1.41905,1.41914,1.41786,1.41819
2021-05-31 01:15:00+00:00,gbpusd,1.41921,1.41943,1.41887,1.41904
2021-05-31 01:30:00+00:00,gbpusd,1.41885,1.41925,1.41869,1.41922
2021-05-31 01:45:00+00:00,gbpusd,1.41969,1.41973,1.4188,1.41885
2021-05-31 02:00:00+00:00,gbpusd,1.41985,1.41996,1.41959,1.4197
2021-05-31 02:15:00+00:00,gbpusd,1.41996,1.41998,1.41964,1.41986
2021-05-31 02:30:00+00:00,gbpusd,1.41986,1.41999,1.41967,1.41995
2021-05-31 02:45:00+00:00,gbpusd,1.42004,1.42005,1.41977,1.41987
2021-05-31 03:00:00+00:00,gbpusd,1.41976,1.42007,1.41974,1.42003
2021-05-31 03:15:00+00:00,gbpusd,1.41962,1.41981,1.41951,1.41977
2021-05-31 03:30:00+00:00,gbpusd,1.41947,1.41966,1.41935,1.41961
2021-05-31 03:45:00+00:00,gbpusd,1.41965,1.41974,1.41944,1.41949
2021-05-31 04:00:00+00:00,gbpusd,1.41942,1.41968,1.41935,1.41966
2021-05-31 04:15:00+00:00,gbpusd,1.41934,1.41956,1.41928,1.41943
2021-05-31 04:30:00+00:00,gbpusd,1.41965,1.4197,1.41935,1.41935
2021-05-31 04:45:00+00:00,gbpusd,1.41948,1.41986,1.41943,1.41966
2021-05-31 05:00:00+00:00,gbpusd,1.41945,1.41957,1.41926,1.41949
2021-05-31 05:15:00+00:00,gbpusd,1.41966,1.41975,1.41941,1.41946
2021-05-31 05:30:00+00:00,gbpusd,1.41907,1.41976,1.41904,1.41967
2021-05-31 05:45:00+00:00,gbpusd,1.41884,1.41912,1.41853,1.41906
2021-05-31 06:00:00+00:00,gbpusd,1.41903,1.4192,1.41846,1.41885
2021-05-31 06:15:00+00:00,gbpusd,1.41875,1.41911,1.41846,1.41902
2021-05-31 06:30:00+00:00,gbpusd,1.41748,1.41876,1.41748,1.41874
2021-05-31 06:45:00+00:00,gbpusd,1.41806,1.41824,1.41749,1.41749
2021-05-31 07:00:00+00:00,gbpusd,1.41812,1.41861,1.41797,1.41805
2021-05-31 07:15:00+00:00,gbpusd,1.41805,1.41858,1.41773,1.41811
2021-05-31 07:30:00+00:00,gbpusd,1.41887,1.41919,1.41804,1.41806
2021-05-31 07:45:00+00:00,gbpusd,1.4178,1.41893,1.41761,1.41886
2021-05-31 08:00:00+00:00,gbpusd,1.41765,1.41785,1.4173,1.41779
2021-05-31 08:15:00+00:00,gbpusd,1.41746,1.41777,1.41713,1.41766
2021-05-31 08:30:00+00:00,gbpusd,1.4171,1.41764,1.41692,1.41745
2021-05-31 08:45:00+00:00,gbpusd,1.41695,1.41734,1.4164,1.41709
2021-05-31 09:00:00+00:00,gbpusd,1.4166,1.41744,1.41645,1.41694
2021-05-31 09:15:00+00:00,gbpusd,1.41705,1.41728,1.41648,1.41659
2021-05-31 09:30:00+00:00,gbpusd,1.41745,1.4179,1.41704,1.41706
2021-05-31 09:45:00+00:00,gbpusd,1.41746,1.4179,1.41725,1.41744
2021-05-31 10:00:00+00:00,gbpusd,1.41767,1.41782,1.41739,1.41745
2021-05-31 10:15:00+00:00,gbpusd,1.41728,1.41774,1.41727,1.41766
2021-05-31 10:30:00+00:00,gbpusd,1.41742,1.41744,1.41713,1.41727
2021-05-31 10:45:00+00:00,gbpusd,1.41739,1.41744,1.41677,1.4174
2021-05-31 11:00:00+00:00,gbpusd,1.41694,1.41764,1.41692,1.4174
2021-05-31 11:15:00+00:00,gbpusd,1.41772,1.41786,1.41691,1.41693
2021-05-31 11:30:00+00:00,gbpusd,1.41836,1.41838,1.41773,1.41773
2021-06-01 02:00:00+00:00,gbpusd,1.42402,1.4247,1.4239,1.42425
2021-06-01 02:15:00+00:00,gbpusd,1.42397,1.42408,1.42338,1.42401
2021-06-01 02:30:00+00:00,gbpusd,1.42374,1.42397,1.42362,1.42396
2021-06-01 02:45:00+00:00,gbpusd,1.42394,1.42419,1.42375,1.42375
2021-06-01 03:00:00+00:00,gbpusd,1.42415,1.42439,1.42338,1.42393
2021-06-01 03:15:00+00:00,gbpusd,1.42422,1.42438,1.42398,1.42416
2021-06-01 03:30:00+00:00,gbpusd,1.42403,1.42434,1.42402,1.42421
2021-06-01 03:45:00+00:00,gbpusd,1.42369,1.42411,1.42359,1.42402
2021-06-01 04:00:00+00:00,gbpusd,1.42363,1.42385,1.42352,1.4237
2021-06-01 04:15:00+00:00,gbpusd,1.42334,1.42362,1.42334,1.42362
2021-06-01 04:30:00+00:00,gbpusd,1.4234,1.42393,1.42303,1.42333
2021-06-01 04:45:00+00:00,gbpusd,1.42334,1.42356,1.42304,1.42341
2021-06-01 05:00:00+00:00,gbpusd,1.42329,1.42344,1.42309,1.42333
2021-06-01 05:15:00+00:00,gbpusd,1.42261,1.42341,1.42249,1.4233
2021-06-01 05:30:00+00:00,gbpusd,1.42247,1.42265,1.42201,1.4226
2021-06-01 05:45:00+00:00,gbpusd,1.42275,1.42281,1.42235,1.42246
2021-06-01 06:00:00+00:00,gbpusd,1.42185,1.42291,1.42131,1.42274
2021-06-01 06:15:00+00:00,gbpusd,1.42286,1.42292,1.42163,1.42186
2021-06-01 06:30:00+00:00,gbpusd,1.42299,1.42313,1.4225,1.42285
2021-06-01 06:45:00+00:00,gbpusd,1.42355,1.42392,1.42284,1.42298
2021-06-01 07:00:00+00:00,gbpusd,1.4235,1.42402,1.42262,1.42356
2021-06-01 07:15:00+00:00,gbpusd,1.42352,1.42432,1.4234,1.42352
2021-06-01 07:30:00+00:00,gbpusd,1.42293,1.42385,1.42278,1.42353
2021-06-01 07:45:00+00:00,gbpusd,1.42228,1.4232,1.42189,1.42294
2021-06-01 08:00:00+00:00,gbpusd,1.42083,1.42253,1.42062,1.42227
2021-06-01 08:15:00+00:00,gbpusd,1.41885,1.42097,1.41845,1.42079
2021-06-01 08:30:00+00:00,gbpusd,1.41826,1.41902,1.41765,1.41886
2021-06-01 08:45:00+00:00,gbpusd,1.41898,1.41942,1.41801,1.41827
2021-06-01 09:00:00+00:00,gbpusd,1.41876,1.4195,1.41861,1.41897
2021-06-01 09:15:00+00:00,gbpusd,1.41881,1.41923,1.41852,1.41875
2021-06-01 09:30:00+00:00,gbpusd,1.41826,1.41884,1.41806,1.41882
2021-06-01 09:45:00+00:00,gbpusd,1.41825,1.41884,1.41802,1.41827
2021-06-01 10:00:00+00:00,gbpusd,1.41755,1.41859,1.41728,1.41824
2021-06-01 10:15:00+00:00,gbpusd,1.41724,1.41775,1.41667,1.41754
2021-06-01 10:30:00+00:00,gbpusd,1.41801,1.41824,1.41717,1.41725
2021-06-01 10:45:00+00:00,gbpusd,1.41812,1.41896,1.41797,1.418
2021-06-01 11:00:00+00:00,gbpusd,1.41806,1.41824,1.41738,1.41813
2021-06-01 11:15:00+00:00,gbpusd,1.41819,1.41847,1.41761,1.41805
2021-06-01 11:30:00+00:00,gbpusd,1.41841,1.41886,1.4182,1.4182
2021-06-01 11:45:00+00:00,gbpusd,1.41699,1.41842,1.41686,1.41842
2021-06-01 12:00:00+00:00,gbpusd,1.41683,1.41764,1.41672,1.41698
2021-06-01 12:15:00+00:00,gbpusd,1.41664,1.41691,1.41612,1.41682
2021-06-01 12:30:00+00:00,gbpusd,1.41607,1.4168,1.41555,1.41665
2021-06-01 12:45:00+00:00,gbpusd,1.41596,1.41607,1.41563,1.41606
2021-06-01 13:00:00+00:00,gbpusd,1.41677,1.4168,1.41576,1.41595
2021-06-01 13:15:00+00:00,gbpusd,1.41851,1.41864,1.41676,1.41678
2021-06-01 13:30:00+00:00,gbpusd,1.41835,1.4192,1.41816,1.41851
2021-06-01 13:45:00+00:00,gbpusd,1.41795,1.41859,1.41713,1.41834
2021-06-01 14:00:00+00:00,gbpusd,1.41865,1.41924,1.4178,1.41794
2021-06-01 14:15:00+00:00,gbpusd,1.41717,1.41877,1.41681,1.41864
2021-06-01 14:30:00+00:00,gbpusd,1.41842,1.41853,1.41721,1.41725
2021-06-01 14:45:00+00:00,gbpusd,1.41753,1.41885,1.41751,1.41843
2021-06-01 15:00:00+00:00,gbpusd,1.41754,1.41766,1.41693,1.41754
2021-06-01 15:15:00+00:00,gbpusd,1.41663,1.41754,1.4165,1.41753
2021-06-01 15:30:00+00:00,gbpusd,1.41803,1.41806,1.41654,1.41662
2021-06-01 15:45:00+00:00,gbpusd,1.41672,1.41802,1.4167,1.41802
2021-06-01 16:00:00+00:00,gbpusd,1.41656,1.4169,1.41648,1.41671
2021-06-01 16:15:00+00:00,gbpusd,1.41643,1.41706,1.4164,1.41655
2021-06-01 16:30:00+00:00,gbpusd,1.41663,1.41694,1.41614,1.41642
2021-06-01 16:45:00+00:00,gbpusd,1.41613,1.41676,1.41607,1.41664
2021-06-01 17:00:00+00:00,gbpusd,1.41605,1.41618,1.4158,1.41614
2021-06-01 17:15:00+00:00,gbpusd,1.41566,1.41626,1.4156,1.41606
2021-06-01 17:30:00+00:00,gbpusd,1.41564,1.41584,1.41551,1.41567
2021-06-01 17:45:00+00:00,gbpusd,1.41557,1.41571,1.41552,1.41563
2021-06-01 18:00:00+00:00,gbpusd,1.41567,1.41588,1.41554,1.41556
2021-06-01 18:15:00+00:00,gbpusd,1.41587,1.41588,1.41561,1.41568
2021-06-01 18:30:00+00:00,gbpusd,1.41606,1.41608,1.41579,1.41586
2021-06-01 18:45:00+00:00,gbpusd,1.41598,1.41632,1.41581,1.41605
2021-06-01 19:00:00+00:00,gbpusd,1.41567,1.41625,1.41562,1.41597
2021-06-01 19:15:00+00:00,gbpusd,1.41574,1.41594,1.41564,1.41568
2021-06-01 19:30:00+00:00,gbpusd,1.41556,1.41576,1.41542,1.41573
2021-06-01 19:45:00+00:00,gbpusd,1.41516,1.41578,1.4151,1.41557
2021-06-01 20:00:00+00:00,gbpusd,1.41508,1.41528,1.41465,1.41517
2021-06-01 20:15:00+00:00,gbpusd,1.41498,1.41526,1.41487,1.41509
2021-06-01 20:30:00+00:00,gbpusd,1.41487,1.41508,1.41476,1.41497
2021-06-01 20:45:00+00:00,gbpusd,1.41509,1.41509,1.41477,1.41486
2021-06-01 21:00:00+00:00,gbpusd,1.4151,1.41527,1.415,1.41508
2021-06-01 21:15:00+00:00,gbpusd,1.41502,1.41511,1.41497,1.41505
2021-06-01 21:30:00+00:00,gbpusd,1.41498,1.41509,1.41495,1.41501
2021-06-01 21:45:00+00:00,gbpusd,1.41498,1.41515,1.41491,1.41499
2021-06-01 22:00:00+00:00,gbpusd,1.41476,1.41516,1.41457,1.41499
2021-06-01 22:15:00+00:00,gbpusd,1.41507,1.41507,1.41476,1.41477
2021-06-01 22:30:00+00:00,gbpusd,1.41506,1.41518,1.41505,1.41506
2021-06-01 22:45:00+00:00,gbpusd,1.4151,1.41516,1.41496,1.41505
2021-06-01 23:00:00+00:00,gbpusd,1.41517,1.41538,1.41505,1.41509
2021-06-01 23:15:00+00:00,gbpusd,1.41507,1.41522,1.41488,1.41516
2021-06-01 23:30:00+00:00,gbpusd,1.41536,1.41543,1.41504,1.41506
2021-06-01 23:45:00+00:00,gbpusd,1.41556,1.4156,1.41525,1.41537
2021-06-02 00:00:00+00:00,gbpusd,1.41576,1.41588,1.41524,1.41557
2021-06-02 00:15:00+00:00,gbpusd,1.41611,1.41628,1.41574,1.41577
2021-06-02 00:30:00+00:00,gbpusd,1.41599,1.41623,1.41586,1.4161
2021-06-02 00:45:00+00:00,gbpusd,1.41582,1.41616,1.41564,1.416
2021-06-02 01:00:00+00:00,gbpusd,1.41595,1.41596,1.41567,1.41581
2021-06-02 01:15:00+00:00,gbpusd,1.41594,1.41621,1.41583,1.41594
2021-06-02 01:30:00+00:00,gbpusd,1.41606,1.4162,1.41544,1.41593
2021-06-02 01:45:00+00:00,gbpusd,1.41565,1.41638,1.41565,1.41605
2021-06-02 02:00:00+00:00,gbpusd,1.41567,1.41578,1.41526,1.41564
2021-06-02 02:15:00+00:00,gbpusd,1.41594,1.41615,1.4156,1.41566
2021-06-02 02:30:00+00:00,gbpusd,1.41624,1.41642,1.41594,1.41595
2021-06-02 02:45:00+00:00,gbpusd,1.41604,1.41637,1.41602,1.41625
2021-06-02 03:00:00+00:00,gbpusd,1.41607,1.41638,1.41605,1.41605
2021-06-02 03:15:00+00:00,gbpusd,1.41595,1.41621,1.41595,1.41608
2021-06-02 03:30:00+00:00,gbpusd,1.41595,1.41606,1.41562,1.41596
2021-06-02 03:45:00+00:00,gbpusd,1.41598,1.41598,1.41586,1.41594
2021-06-02 04:00:00+00:00,gbpusd,1.41586,1.41607,1.41575,1.41599
2021-06-02 04:15:00+00:00,gbpusd,1.41547,1.4159,1.41525,1.41587
2021-06-02 04:30:00+00:00,gbpusd,1.41563,1.4157,1.41529,1.41546
2021-06-02 04:45:00+00:00,gbpusd,1.41485,1.41564,1.41482,1.41564
2021-06-02 05:00:00+00:00,gbpusd,1.41476,1.41536,1.4147,1.41486
2021-06-02 05:15:00+00:00,gbpusd,1.41487,1.4153,1.41472,1.41475
2021-06-02 05:30:00+00:00,gbpusd,1.41545,1.41552,1.41467,1.41486
2021-06-02 05:45:00+00:00,gbpusd,1.41525,1.41571,1.4152,1.41544
2021-06-02 06:00:00+00:00,gbpusd,1.4154,1.41548,1.41428,1.41524
2021-06-02 06:15:00+00:00,gbpusd,1.41566,1.41586,1.41525,1.41539
2021-06-02 06:30:00+00:00,gbpusd,1.4149,1.4158,1.41449,1.41567
2021-06-02 06:45:00+00:00,gbpusd,1.41475,1.415,1.41435,1.41488
2021-06-02 07:00:00+00:00,gbpusd,1.41424,1.4151,1.41377,1.41475
2021-06-02 07:15:00+00:00,gbpusd,1.41342,1.41489,1.41331,1.41427
2021-06-02 07:30:00+00:00,gbpusd,1.41447,1.41462,1.41286,1.41343
2021-06-02 07:45:00+00:00,gbpusd,1.41397,1.41452,1.41319,1.41448
2021-06-02 08:00:00+00:00,gbpusd,1.41432,1.41443,1.41354,1.41396
2021-06-02 08:15:00+00:00,gbpusd,1.4135,1.41436,1.41325,1.41431
2021-06-02 08:30:00+00:00,gbpusd,1.41347,1.41388,1.41253,1.41349
2021-06-02 08:45:00+00:00,gbpusd,1.41361,1.41375,1.41331,1.41348
2021-06-02 09:00:00+00:00,gbpusd,1.41366,1.41403,1.41308,1.41362
2021-06-02 09:15:00+00:00,gbpusd,1.41372,1.41394,1.41338,1.41365
2021-06-02 09:30:00+00:00,gbpusd,1.41428,1.41429,1.41295,1.41373
2021-06-02 09:45:00+00:00,gbpusd,1.41434,1.41453,1.41403,1.41429
2021-06-02 10:00:00+00:00,gbpusd,1.41471,1.41474,1.41396,1.41435
2021-06-02 10:15:00+00:00,gbpusd,1.41338,1.41475,1.41337,1.4147
2021-06-02 10:30:00+00:00,gbpusd,1.41375,1.41398,1.41315,1.41337
2021-06-02 10:45:00+00:00,gbpusd,1.41246,1.41387,1.41224,1.41376
2021-06-02 11:00:00+00:00,gbpusd,1.41239,1.41277,1.41207,1.41247
2021-06-02 11:15:00+00:00,gbpusd,1.41177,1.41255,1.41118,1.4124
2021-06-02 11:30:00+00:00,gbpusd,1.41313,1.4134,1.41177,1.41178
2021-06-02 11:45:00+00:00,gbpusd,1.41406,1.41417,1.41314,1.41314
2021-06-02 12:00:00+00:00,gbpusd,1.41492,1.41571,1.41393,1.41407
2021-06-02 12:15:00+00:00,gbpusd,1.41614,1.41628,1.41485,1.41491
2021-06-02 12:30:00+00:00,gbpusd,1.41624,1.41668,1.41602,1.41613
2021-06-02 12:45:00+00:00,gbpusd,1.41672,1.41725,1.41623,1.41623
2021-06-02 13:00:00+00:00,gbpusd,1.41604,1.41694,1.41604,1.41673
2021-06-02 13:15:00+00:00,gbpusd,1.41566,1.41639,1.41552,1.41603
2021-06-02 13:30:00+00:00,gbpusd,1.41633,1.41664,1.41544,1.41565
2021-06-02 13:45:00+00:00,gbpusd,1.41688,1.41688,1.4159,1.41632
2021-06-02 14:00:00+00:00,gbpusd,1.41727,1.41763,1.4166,1.41693
2021-06-02 14:15:00+00:00,gbpusd,1.41768,1.41797,1.41725,1.41726
2021-06-02 14:30:00+00:00,gbpusd,1.41734,1.41804,1.41725,1.41767
2021-06-02 14:45:00+00:00,gbpusd,1.41632,1.41774,1.4161,1.41735
2021-06-02 15:00:00+00:00,gbpusd,1.41747,1.41754,1.41623,1.4163
2021-06-02 15:15:00+00:00,gbpusd,1.41801,1.41805,1.41718,1.41749
2021-06-02 15:30:00+00:00,gbpusd,1.41804,1.41834,1.41791,1.41802
2021-06-02 15:45:00+00:00,gbpusd,1.41764,1.41815,1.41733,1.41805
2021-06-02 16:00:00+00:00,gbpusd,1.41714,1.41765,1.41713,1.41765
2021-06-02 16:15:00+00:00,gbpusd,1.41672,1.41735,1.41666,1.41715
2021-06-02 16:30:00+00:00,gbpusd,1.41665,1.41684,1.41655,1.41671
2021-06-02 16:45:00+00:00,gbpusd,1.41746,1.41752,1.41664,1.41666
2021-06-02 17:00:00+00:00,gbpusd,1.41742,1.41783,1.41723,1.41747
2021-06-02 17:15:00+00:00,gbpusd,1.41692,1.41751,1.41652,1.41741
2021-06-02 17:30:00+00:00,gbpusd,1.41702,1.41707,1.41679,1.41693
2021-06-02 17:45:00+00:00,gbpusd,1.41746,1.41748,1.41695,1.41703
2021-06-02 18:00:00+00:00,gbpusd,1.41735,1.41767,1.41719,1.41747
2021-06-02 18:15:00+00:00,gbpusd,1.41765,1.41803,1.41725,1.41734
2021-06-02 18:30:00+00:00,gbpusd,1.41634,1.41772,1.41634,1.41764
2021-06-02 18:45:00+00:00,gbpusd,1.41685,1.41687,1.41633,1.41633
2021-06-02 19:00:00+00:00,gbpusd,1.41714,1.41726,1.41679,1.41686
2021-06-02 19:15:00+00:00,gbpusd,1.41723,1.41746,1.41711,1.41715
2021-06-02 19:30:00+00:00,gbpusd,1.41736,1.41744,1.41709,1.41724
2021-06-02 19:45:00+00:00,gbpusd,1.41717,1.41754,1.41708,1.41735
2021-06-02 20:00:00+00:00,gbpusd,1.41697,1.41716,1.41681,1.41716
2021-06-02 20:15:00+00:00,gbpusd,1.41684,1.41707,1.41684,1.41696
2021-06-02 20:30:00+00:00,gbpusd,1.41687,1.41687,1.41663,1.41685
2021-06-02 20:45:00+00:00,gbpusd,1.41709,1.4172,1.41686,1.41686
2021-06-02 21:00:00+00:00,gbpusd,1.41721,1.41739,1.41713,1.41737
2021-06-02 21:15:00+00:00,gbpusd,1.41715,1.41762,1.41711,1.41714
2021-06-02 21:30:00+00:00,gbpusd,1.41734,1.41735,1.41707,1.41714
2021-06-02 21:45:00+00:00,gbpusd,1.41727,1.41738,1.41717,1.41736
2021-06-02 22:00:00+00:00,gbpusd,1.41714,1.41728,1.41714,1.41726
2021-06-02 22:15:00+00:00,gbpusd,1.41711,1.41716,1.41699,1.41715
2021-06-02 22:30:00+00:00,gbpusd,1.41713,1.41721,1.41712,1.41712
2021-06-02 22:45:00+00:00,gbpusd,1.41702,1.41714,1.41691,1.41714
2021-06-02 23:00:00+00:00,gbpusd,1.41705,1.41716,1.41703,1.41703
2021-06-02 23:15:00+00:00,gbpusd,1.41702,1.41707,1.41686,1.41706
2021-06-02 23:30:00+00:00,gbpusd,1.41695,1.41706,1.41686,1.41703
2021-06-02 23:45:00+00:00,gbpusd,1.41712,1.41716,1.41695,1.41696
2021-06-03 00:00:00+00:00,gbpusd,1.41735,1.41752,1.41711,1.41711
2021-06-03 00:15:00+00:00,gbpusd,1.41744,1.41745,1.41722,1.41734
2021-06-03 00:30:00+00:00,gbpusd,1.41775,1.41775,1.41724,1.41743
2021-06-03 00:45:00+00:00,gbpusd,1.41782,1.41795,1.41754,1.41774
2021-06-03 01:00:00+00:00,gbpusd,1.41729,1.41787,1.41712,1.41783
2021-06-03 01:15:00+00:00,gbpusd,1.41746,1.41746,1.4168,1.41728
2021-06-03 01:30:00+00:00,gbpusd,1.41746,1.41765,1.4172,1.41747
2021-06-03 01:45:00+00:00,gbpusd,1.41709,1.4175,1.41696,1.41747
2021-06-03 02:00:00+00:00,gbpusd,1.41741,1.41741,1.41707,1.4171
2021-06-03 02:15:00+00:00,gbpusd,1.41734,1.41759,1.41733,1.41742
2021-06-03 02:30:00+00:00,gbpusd,1.41698,1.41735,1.41683,1.41735
2021-06-03 02:45:00+00:00,gbpusd,1.41683,1.41724,1.41681,1.41699
2021-06-03 03:00:00+00:00,gbpusd,1.41666,1.41695,1.41652,1.41684
2021-06-03 03:15:00+00:00,gbpusd,1.41684,1.41706,1.41667,1.41667
2021-06-03 03:30:00+00:00,gbpusd,1.41686,1.41704,1.41676,1.41683
2021-06-03 03:45:00+00:00,gbpusd,1.41695,1.41696,1.41676,1.41685
2021-06-03 04:00:00+00:00,gbpusd,1.41683,1.41706,1.41664,1.41696
2021-06-03 04:15:00+00:00,gbpusd,1.41651,1.41682,1.41648,1.41682
2021-06-03 04:30:00+00:00,gbpusd,1.41664,1.41677,1.41643,1.4165
2021-06-03 04:45:00+00:00,gbpusd,1.41623,1.41663,1.41614,1.41663
2021-06-03 05:00:00+00:00,gbpusd,1.41615,1.41622,1.41585,1.41622
2021-06-03 05:15:00+00:00,gbpusd,1.41566,1.41616,1.41563,1.41614
2021-06-03 05:30:00+00:00,gbpusd,1.41516,1.41565,1.41513,1.41565
2021-06-03 05:45:00+00:00,gbpusd,1.41538,1.41554,1.41507,1.41515
2021-06-03 06:00:00+00:00,gbpusd,1.41527,1.41548,1.41514,1.41537
2021-06-03 06:15:00+00:00,gbpusd,1.41499,1.41539,1.41476,1.41528
2021-06-03 06:30:00+00:00,gbpusd,1.41518,1.41526,1.41444,1.41498
2021-06-03 06:45:00+00:00,gbpusd,1.41527,1.41597,1.41512,1.41517
2021-06-03 07:00:00+00:00,gbpusd,1.41525,1.41558,1.4145,1.41528
2021-06-03 07:15:00+00:00,gbpusd,1.41605,1.41609,1.41488,1.41527
2021-06-03 07:30:00+00:00,gbpusd,1.41555,1.41638,1.41542,1.41604
2021-06-03 07:45:00+00:00,gbpusd,1.41464,1.41554,1.41436,1.41554
2021-06-03 08:00:00+00:00,gbpusd,1.41664,1.41686,1.41458,1.41463
2021-06-03 08:15:00+00:00,gbpusd,1.41689,1.41705,1.41635,1.41663
2021-06-03 08:30:00+00:00,gbpusd,1.41792,1.41845,1.41685,1.41688
2021-06-03 08:45:00+00:00,gbpusd,1.41785,1.41877,1.41763,1.41791
2021-06-03 09:00:00+00:00,gbpusd,1.41858,1.41866,1.41772,1.41786
2021-06-03 09:15:00+00:00,gbpusd,1.41775,1.41857,1.41769,1.41857
2021-06-03 09:30:00+00:00,gbpusd,1.41773,1.41823,1.41762,1.41774
2021-06-03 09:45:00+00:00,gbpusd,1.41878,1.4188,1.41766,1.41772
2021-06-03 10:00:00+00:00,gbpusd,1.41971,1.42032,1.41878,1.41879
2021-06-03 10:15:00+00:00,gbpusd,1.41958,1.4199,1.41923,1.41972
2021-06-03 10:30:00+00:00,gbpusd,1.41904,1.41973,1.41824,1.41957
2021-06-03 10:45:00+00:00,gbpusd,1.41781,1.41913,1.41772,1.41903
2021-06-03 11:00:00+00:00,gbpusd,1.4186,1.41905,1.41756,1.4178
2021-06-03 11:15:00+00:00,gbpusd,1.41885,1.4189,1.41818,1.41861
2021-06-03 11:30:00+00:00,gbpusd,1.41926,1.41949,1.41834,1.41886
2021-06-03 11:45:00+00:00,gbpusd,1.41863,1.41942,1.41819,1.41927
2021-06-03 12:00:00+00:00,gbpusd,1.41793,1.4189,1.41762,1.41866
2021-06-03 12:15:00+00:00,gbpusd,1.41647,1.41834,1.41639,1.41794
2021-06-03 12:30:00+00:00,gbpusd,1.41579,1.41652,1.41518,1.41638
2021-06-03 12:45:00+00:00,gbpusd,1.41646,1.41688,1.41535,1.41595
2021-06-03 13:00:00+00:00,gbpusd,1.41462,1.41708,1.41457,1.41645
2021-06-03 13:15:00+00:00,gbpusd,1.41374,1.41553,1.41357,1.41465
2021-06-03 13:30:00+00:00,gbpusd,1.41406,1.41435,1.41356,1.41373
2021-06-03 13:45:00+00:00,gbpusd,1.41256,1.41406,1.41216,1.41405
2021-06-03 14:00:00+00:00,gbpusd,1.4111,1.41264,1.4108,1.41255
2021-06-03 14:15:00+00:00,gbpusd,1.41161,1.41178,1.41052,1.41111
2021-06-03 14:30:00+00:00,gbpusd,1.41126,1.41209,1.41082,1.41162
2021-06-03 14:45:00+00:00,gbpusd,1.41126,1.41164,1.41047,1.41122
2021-06-03 15:00:00+00:00,gbpusd,1.41031,1.41134,1.41013,1.41125
2021-06-03 15:15:00+00:00,gbpusd,1.41127,1.41127,1.40999,1.41032
2021-06-03 15:30:00+00:00,gbpusd,1.41117,1.41195,1.4107,1.41126
2021-06-03 15:45:00+00:00,gbpusd,1.41081,1.41116,1.41041,1.41116
2021-06-03 16:00:00+00:00,gbpusd,1.41036,1.41106,1.40927,1.41079
2021-06-03 16:15:00+00:00,gbpusd,1.4103,1.41046,1.40989,1.41038
2021-06-03 16:30:00+00:00,gbpusd,1.41027,1.41051,1.40999,1.41029
2021-06-03 16:45:00+00:00,gbpusd,1.4099,1.41045,1.40965,1.41026
2021-06-03 17:00:00+00:00,gbpusd,1.40974,1.40996,1.40931,1.40989
2021-06-03 17:15:00+00:00,gbpusd,1.4096,1.4098,1.40931,1.40975
2021-06-03 17:30:00+00:00,gbpusd,1.40936,1.40976,1.40931,1.40959
2021-06-03 17:45:00+00:00,gbpusd,1.40918,1.40975,1.40867,1.40935
2021-06-03 18:00:00+00:00,gbpusd,1.40966,1.40973,1.40906,1.40919
2021-06-03 18:15:00+00:00,gbpusd,1.40948,1.40967,1.40929,1.40965
2021-06-03 18:30:00+00:00,gbpusd,1.40956,1.40975,1.40934,1.40947
2021-06-03 18:45:00+00:00,gbpusd,1.40953,1.40995,1.40952,1.40957
2021-06-03 19:00:00+00:00,gbpusd,1.40982,1.40987,1.40951,1.40954
2021-06-03 19:15:00+00:00,gbpusd,1.41016,1.41021,1.40983,1.40983
2021-06-03 19:30:00+00:00,gbpusd,1.41054,1.41071,1.41004,1.41015
2021-06-03 19:45:00+00:00,gbpusd,1.41075,1.41082,1.41043,1.41053
2021-06-03 20:00:00+00:00,gbpusd,1.41072,1.41079,1.41033,1.41076
2021-06-03 20:15:00+00:00,gbpusd,1.41053,1.41076,1.41052,1.41071
2021-06-03 20:30:00+00:00,gbpusd,1.41056,1.41078,1.41049,1.41054
2021-06-03 20:45:00+00:00,gbpusd,1.41066,1.41102,1.41022,1.41057
2021-06-03 21:00:00+00:00,gbpusd,1.41026,1.41053,1.41015,1.41028
2021-06-03 21:15:00+00:00,gbpusd,1.41044,1.41054,1.41022,1.41024
2021-06-03 21:30:00+00:00,gbpusd,1.41038,1.41054,1.4102,1.41041
2021-06-03 21:45:00+00:00,gbpusd,1.41034,1.41055,1.41018,1.41039
2021-06-03 22:00:00+00:00,gbpusd,1.41059,1.41067,1.41035,1.41035
2021-06-03 22:15:00+00:00,gbpusd,1.41053,1.41064,1.41052,1.4106
2021-06-03 22:30:00+00:00,gbpusd,1.4107,1.4107,1.41043,1.41054
2021-06-03 22:45:00+00:00,gbpusd,1.41085,1.41085,1.41071,1.41071
2021-06-03 23:00:00+00:00,gbpusd,1.41084,1.41095,1.41082,1.41086
2021-06-03 23:15:00+00:00,gbpusd,1.41085,1.41091,1.41085,1.41085
2021-06-03 23:30:00+00:00,gbpusd,1.41105,1.41124,1.41086,1.41086
2021-06-03 23:45:00+00:00,gbpusd,1.41081,1.41114,1.41081,1.41106
2021-06-04 00:00:00+00:00,gbpusd,1.40994,1.41083,1.40982,1.41082
2021-06-04 00:15:00+00:00,gbpusd,1.41028,1.41045,1.40952,1.40995
2021-06-04 00:30:00+00:00,gbpusd,1.41016,1.4103,1.40984,1.41027
2021-06-04 00:45:00+00:00,gbpusd,1.41045,1.41065,1.41004,1.41017
2021-06-04 01:00:00+00:00,gbpusd,1.41084,1.41106,1.41035,1.41046
2021-06-04 01:15:00+00:00,gbpusd,1.41056,1.41108,1.41055,1.41085
2021-06-04 01:30:00+00:00,gbpusd,1.41046,1.41067,1.41028,1.41055
2021-06-04 01:45:00+00:00,gbpusd,1.40987,1.41057,1.40957,1.41047
2021-06-04 02:00:00+00:00,gbpusd,1.40978,1.40993,1.40953,1.40988
2021-06-04 02:15:00+00:00,gbpusd,1.41017,1.4102,1.40955,1.40977
2021-06-04 02:30:00+00:00,gbpusd,1.41008,1.41034,1.40998,1.41018
2021-06-04 02:45:00+00:00,gbpusd,1.41037,1.41044,1.40996,1.41009
2021-06-04 03:00:00+00:00,gbpusd,1.41016,1.41055,1.41006,1.41036
2021-06-04 03:15:00+00:00,gbpusd,1.41013,1.41024,1.40984,1.41017
2021-06-04 03:30:00+00:00,gbpusd,1.41028,1.41028,1.40996,1.41014
2021-06-04 03:45:00+00:00,gbpusd,1.40974,1.41027,1.40974,1.41027
2021-06-04 04:00:00+00:00,gbpusd,1.40933,1.40977,1.40919,1.40975
2021-06-04 04:15:00+00:00,gbpusd,1.40946,1.40946,1.40906,1.40934
2021-06-04 04:30:00+00:00,gbpusd,1.40968,1.40978,1.40934,1.40947
2021-06-04 04:45:00+00:00,gbpusd,1.40949,1.40976,1.40933,1.40967
2021-06-04 05:00:00+00:00,gbpusd,1.40892,1.40958,1.40873,1.40948
2021-06-04 05:15:00+00:00,gbpusd,1.40941,1.40963,1.40883,1.40893
2021-06-04 05:30:00+00:00,gbpusd,1.40908,1.40971,1.40899,1.40942
2021-06-04 05:45:00+00:00,gbpusd,1.40877,1.40909,1.40835,1.40907
2021-06-04 06:00:00+00:00,gbpusd,1.40948,1.40955,1.40855,1.40876
2021-06-04 06:15:00+00:00,gbpusd,1.4091,1.40967,1.409,1.40947
2021-06-04 06:30:00+00:00,gbpusd,1.40999,1.41011,1.40868,1.40911
2021-06-04 06:45:00+00:00,gbpusd,1.41073,1.41085,1.40998,1.40998
2021-06-04 07:00:00+00:00,gbpusd,1.41045,1.4111,1.41004,1.41074
2021-06-04 07:15:00+00:00,gbpusd,1.41028,1.411,1.40993,1.41046
2021-06-04 07:30:00+00:00,gbpusd,1.41096,1.41121,1.41028,1.41029
2021-06-04 07:45:00+00:00,gbpusd,1.4115,1.41171,1.4109,1.41097
2021-06-04 08:00:00+00:00,gbpusd,1.41187,1.41191,1.41112,1.41151
2021-06-04 08:15:00+00:00,gbpusd,1.41156,1.41236,1.41146,1.41186
2021-06-04 08:30:00+00:00,gbpusd,1.41224,1.41264,1.41143,1.41155
2021-06-04 08:45:00+00:00,gbpusd,1.41274,1.41319,1.4122,1.41225
2021-06-04 09:00:00+00:00,gbpusd,1.41234,1.41282,1.41212,1.41274
2021-06-04 09:15:00+00:00,gbpusd,1.41254,1.41261,1.41214,1.41235
2021-06-04 09:30:00+00:00,gbpusd,1.41265,1.41271,1.41218,1.41255
2021-06-04 09:45:00+00:00,gbpusd,1.41273,1.41309,1.41254,1.41266
2021-06-04 10:00:00+00:00,gbpusd,1.41255,1.41298,1.41249,1.41274
2021-06-04 10:15:00+00:00,gbpusd,1.41207,1.41257,1.41194,1.41256
2021-06-04 10:30:00+00:00,gbpusd,1.41217,1.41226,1.41169,1.41206
2021-06-04 10:45:00+00:00,gbpusd,1.41179,1.41224,1.41163,1.41216
2021-06-04 11:00:00+00:00,gbpusd,1.41212,1.41235,1.41174,1.41178
2021-06-04 11:15:00+00:00,gbpusd,1.41261,1.41275,1.41157,1.41213
2021-06-04 11:30:00+00:00,gbpusd,1.41207,1.41277,1.41168,1.41262
2021-06-04 11:45:00+00:00,gbpusd,1.41304,1.41316,1.41197,1.41208
2021-06-04 12:00:00+00:00,gbpusd,1.41409,1.41419,1.41299,1.41303
2021-06-04 12:15:00+00:00,gbpusd,1.41344,1.41459,1.41324,1.4141
2021-06-04 12:30:00+00:00,gbpusd,1.41736,1.41767,1.41335,1.41345
2021-06-04 12:45:00+00:00,gbpusd,1.41614,1.41791,1.41604,1.41735
2021-06-04 13:00:00+00:00,gbpusd,1.41639,1.41681,1.41549,1.41625
2021-06-04 13:15:00+00:00,gbpusd,1.41744,1.41763,1.41635,1.41639
2021-06-04 13:30:00+00:00,gbpusd,1.41789,1.41856,1.41732,1.41743
2021-06-04 13:45:00+00:00,gbpusd,1.41812,1.41888,1.41772,1.41795
2021-06-04 14:00:00+00:00,gbpusd,1.41921,1.4195,1.41793,1.41811
2021-06-04 14:15:00+00:00,gbpusd,1.42,1.42004,1.41912,1.4192
2021-06-04 14:30:00+00:00,gbpusd,1.41991,1.42004,1.41929,1.41999
2021-06-04 14:45:00+00:00,gbpusd,1.41868,1.42004,1.41834,1.41991
2021-06-04 15:00:00+00:00,gbpusd,1.41878,1.41928,1.41821,1.4186
2021-06-04 15:15:00+00:00,gbpusd,1.41914,1.41939,1.41832,1.41875
2021-06-04 15:30:00+00:00,gbpusd,1.41682,1.41918,1.41682,1.41915
2021-06-04 15:45:00+00:00,gbpusd,1.41767,1.41767,1.41666,1.41681
2021-06-04 16:00:00+00:00,gbpusd,1.41679,1.41785,1.41658,1.41768
2021-06-04 16:15:00+00:00,gbpusd,1.41724,1.41753,1.41676,1.4168
2021-06-04 16:30:00+00:00,gbpusd,1.41668,1.41734,1.41612,1.41725
2021-06-04 16:45:00+00:00,gbpusd,1.41636,1.41681,1.41635,1.41669
2021-06-04 17:00:00+00:00,gbpusd,1.41623,1.4165,1.4161,1.41637
2021-06-04 17:15:00+00:00,gbpusd,1.41604,1.41632,1.41596,1.41624
2021-06-04 17:30:00+00:00,gbpusd,1.41636,1.41642,1.41591,1.41603
2021-06-04 17:45:00+00:00,gbpusd,1.41624,1.41646,1.41608,1.41637
2021-06-04 18:00:00+00:00,gbpusd,1.41585,1.41645,1.41583,1.41623
2021-06-04 18:15:00+00:00,gbpusd,1.41578,1.41595,1.41554,1.41584
2021-06-04 18:30:00+00:00,gbpusd,1.41594,1.41617,1.41577,1.41577
2021-06-04 18:45:00+00:00,gbpusd,1.41616,1.4162,1.41563,1.41593
2021-06-04 19:00:00+00:00,gbpusd,1.41634,1.41645,1.41603,1.41617
2021-06-04 19:15:00+00:00,gbpusd,1.41612,1.41636,1.41597,1.41635
2021-06-04 19:30:00+00:00,gbpusd,1.41624,1.41627,1.41591,1.41613
2021-06-04 19:45:00+00:00,gbpusd,1.41666,1.41667,1.41625,1.41625
2021-06-04 20:00:00+00:00,gbpusd,1.41656,1.41672,1.41631,1.41665
2021-06-04 20:15:00+00:00,gbpusd,1.41643,1.41658,1.41634,1.41655
2021-06-04 20:30:00+00:00,gbpusd,1.41666,1.41669,1.41636,1.41642
2021-06-04 20:45:00+00:00,gbpusd,1.41584,1.41678,1.41577,1.41667
2021-06-07 03:00:00+00:00,gbpusd,1.41438,1.41447,1.41415,1.41417
2021-06-07 03:15:00+00:00,gbpusd,1.41436,1.41447,1.41423,1.41437
2021-06-07 03:30:00+00:00,gbpusd,1.41444,1.41457,1.41431,1.41435
2021-06-07 03:45:00+00:00,gbpusd,1.41435,1.41445,1.41423,1.41443
2021-06-07 04:00:00+00:00,gbpusd,1.41407,1.41437,1.41394,1.41436
2021-06-07 04:15:00+00:00,gbpusd,1.41456,1.41456,1.41391,1.41406
2021-06-07 04:30:00+00:00,gbpusd,1.41466,1.41495,1.41453,1.41457
2021-06-07 04:45:00+00:00,gbpusd,1.41466,1.41493,1.41458,1.41467
2021-06-07 05:00:00+00:00,gbpusd,1.41433,1.41472,1.41431,1.41465
2021-06-07 05:15:00+00:00,gbpusd,1.41427,1.41462,1.41417,1.41434
2021-06-07 05:30:00+00:00,gbpusd,1.41448,1.4145,1.41412,1.41428
2021-06-07 05:45:00+00:00,gbpusd,1.41335,1.41448,1.41335,1.41447
2021-06-07 06:00:00+00:00,gbpusd,1.41286,1.41338,1.41234,1.41336
2021-06-07 06:15:00+00:00,gbpusd,1.41197,1.41311,1.41185,1.41285
2021-06-07 06:30:00+00:00,gbpusd,1.4116,1.41244,1.41114,1.41196
2021-06-07 06:45:00+00:00,gbpusd,1.4119,1.41222,1.41148,1.41159
2021-06-07 07:00:00+00:00,gbpusd,1.41208,1.41256,1.41156,1.41191
2021-06-07 07:15:00+00:00,gbpusd,1.41346,1.41356,1.41186,1.41207
2021-06-07 07:30:00+00:00,gbpusd,1.41339,1.41385,1.41306,1.41347
2021-06-07 07:45:00+00:00,gbpusd,1.41353,1.41393,1.41321,1.41338
2021-06-07 08:00:00+00:00,gbpusd,1.41277,1.41375,1.41221,1.41352
2021-06-07 08:15:00+00:00,gbpusd,1.41276,1.41299,1.41257,1.41276
2021-06-07 08:30:00+00:00,gbpusd,1.41287,1.41287,1.41182,1.41275
2021-06-07 08:45:00+00:00,gbpusd,1.41419,1.41437,1.41268,1.41286
2021-06-07 09:00:00+00:00,gbpusd,1.41308,1.41426,1.41307,1.4142
2021-06-07 09:15:00+00:00,gbpusd,1.41366,1.41379,1.41306,1.41307
2021-06-07 09:30:00+00:00,gbpusd,1.41377,1.41409,1.41357,1.41365
2021-06-07 09:45:00+00:00,gbpusd,1.41449,1.41456,1.41366,1.41384
2021-06-07 10:00:00+00:00,gbpusd,1.41444,1.41479,1.4139,1.4145
2021-06-07 10:15:00+00:00,gbpusd,1.41306,1.41447,1.41296,1.41445
2021-06-07 10:30:00+00:00,gbpusd,1.41403,1.41415,1.41261,1.41305
2021-06-07 10:45:00+00:00,gbpusd,1.41496,1.41498,1.41396,1.41404
2021-06-07 11:00:00+00:00,gbpusd,1.41616,1.41625,1.41483,1.41495
2021-06-07 11:15:00+00:00,gbpusd,1.41654,1.41655,1.41581,1.41615
2021-06-07 11:30:00+00:00,gbpusd,1.41635,1.41734,1.41623,1.41655
2021-06-07 11:45:00+00:00,gbpusd,1.41735,1.41757,1.41632,1.41636
2021-06-07 12:00:00+00:00,gbpusd,1.41693,1.41772,1.41671,1.41736
2021-06-07 12:15:00+00:00,gbpusd,1.41741,1.41746,1.41673,1.41694
2021-06-07 12:30:00+00:00,gbpusd,1.41752,1.41774,1.41719,1.41742
2021-06-07 12:45:00+00:00,gbpusd,1.41753,1.41805,1.41719,1.41753
2021-06-07 13:00:00+00:00,gbpusd,1.41808,1.4182,1.41725,1.41752
2021-06-07 13:15:00+00:00,gbpusd,1.41785,1.41814,1.41709,1.41807
2021-06-07 13:30:00+00:00,gbpusd,1.41742,1.4181,1.417,1.41784
2021-06-07 13:45:00+00:00,gbpusd,1.41698,1.41789,1.4166,1.41743
2021-06-07 14:00:00+00:00,gbpusd,1.41687,1.41708,1.41626,1.41697
2021-06-07 14:15:00+00:00,gbpusd,1.41714,1.41716,1.41636,1.41688
2021-06-07 14:30:00+00:00,gbpusd,1.4183,1.41852,1.41686,1.41715
2021-06-07 14:45:00+00:00,gbpusd,1.41688,1.41832,1.41651,1.41829
2021-06-07 15:00:00+00:00,gbpusd,1.41737,1.41752,1.41657,1.41689
2021-06-07 15:15:00+00:00,gbpusd,1.41772,1.41786,1.41709,1.41736
2021-06-07 15:30:00+00:00,gbpusd,1.41743,1.41785,1.41743,1.41773
2021-06-07 15:45:00+00:00,gbpusd,1.41772,1.41797,1.41739,1.41744
2021-06-07 16:00:00+00:00,gbpusd,1.41792,1.41831,1.41772,1.41773
2021-06-07 16:15:00+00:00,gbpusd,1.41804,1.41811,1.4177,1.41791
2021-06-07 16:30:00+00:00,gbpusd,1.41811,1.4184,1.41783,1.41805
2021-06-07 16:45:00+00:00,gbpusd,1.41804,1.41841,1.41784,1.41812
2021-06-07 17:00:00+00:00,gbpusd,1.4182,1.41834,1.41799,1.41805
2021-06-07 17:15:00+00:00,gbpusd,1.41854,1.41855,1.41812,1.41819
2021-06-07 17:30:00+00:00,gbpusd,1.41855,1.41864,1.41837,1.41855
2021-06-07 17:45:00+00:00,gbpusd,1.41886,1.41894,1.4185,1.41856
2021-06-07 18:00:00+00:00,gbpusd,1.41883,1.41911,1.41879,1.41885
2021-06-07 18:15:00+00:00,gbpusd,1.41876,1.41891,1.41869,1.41882
2021-06-07 18:30:00+00:00,gbpusd,1.41876,1.41894,1.41868,1.41877
2021-06-07 18:45:00+00:00,gbpusd,1.41842,1.41885,1.41837,1.41877
2021-06-07 19:00:00+00:00,gbpusd,1.41814,1.41843,1.41801,1.41841
2021-06-07 19:15:00+00:00,gbpusd,1.41844,1.41844,1.418,1.41813
2021-06-07 19:30:00+00:00,gbpusd,1.41831,1.41846,1.41824,1.41845
2021-06-07 19:45:00+00:00,gbpusd,1.41824,1.41851,1.4182,1.4183
2021-06-07 20:00:00+00:00,gbpusd,1.41833,1.41835,1.41808,1.41826
2021-06-07 20:15:00+00:00,gbpusd,1.41792,1.41833,1.4179,1.41832
2021-06-07 20:30:00+00:00,gbpusd,1.41786,1.41795,1.41782,1.41793
2021-06-07 20:45:00+00:00,gbpusd,1.41828,1.41828,1.41758,1.41785
2021-06-07 21:00:00+00:00,gbpusd,1.41835,1.41843,1.41809,1.41821
2021-06-07 21:15:00+00:00,gbpusd,1.41787,1.41844,1.41783,1.41817
2021-06-07 21:30:00+00:00,gbpusd,1.41823,1.41832,1.41788,1.41789
2021-06-07 21:45:00+00:00,gbpusd,1.41804,1.41823,1.41791,1.41822
2021-06-07 22:00:00+00:00,gbpusd,1.41802,1.41815,1.41796,1.41803
2021-06-07 22:15:00+00:00,gbpusd,1.41792,1.41809,1.41792,1.41801
2021-06-07 22:30:00+00:00,gbpusd,1.41802,1.41803,1.41788,1.41791
2021-06-07 22:45:00+00:00,gbpusd,1.41797,1.41804,1.41772,1.41801
2021-06-07 23:00:00+00:00,gbpusd,1.41784,1.41799,1.41773,1.41798
2021-06-07 23:15:00+00:00,gbpusd,1.41783,1.4179,1.41782,1.41783
2021-06-07 23:30:00+00:00,gbpusd,1.41776,1.41785,1.41774,1.41782
2021-06-07 23:45:00+00:00,gbpusd,1.41757,1.41785,1.41755,1.41775
2021-06-08 00:00:00+00:00,gbpusd,1.41826,1.41845,1.41755,1.41758
2021-06-08 00:15:00+00:00,gbpusd,1.4176,1.41846,1.41749,1.41827
2021-06-08 00:30:00+00:00,gbpusd,1.41708,1.41758,1.41693,1.41758
2021-06-08 00:45:00+00:00,gbpusd,1.41705,1.41709,1.41662,1.41709
2021-06-08 01:00:00+00:00,gbpusd,1.41748,1.41771,1.41704,1.41706
2021-06-08 01:15:00+00:00,gbpusd,1.41741,1.41766,1.41706,1.41749
2021-06-08 01:30:00+00:00,gbpusd,1.41715,1.41757,1.41682,1.4174
2021-06-08 01:45:00+00:00,gbpusd,1.41707,1.41747,1.41699,1.41716
2021-06-08 02:00:00+00:00,gbpusd,1.41727,1.4174,1.41676,1.41706
2021-06-08 02:15:00+00:00,gbpusd,1.4168,1.41728,1.41679,1.41726
2021-06-08 02:30:00+00:00,gbpusd,1.41685,1.41704,1.41664,1.41679
2021-06-08 02:45:00+00:00,gbpusd,1.41643,1.41691,1.41642,1.41684
2021-06-08 03:00:00+00:00,gbpusd,1.41604,1.41642,1.41594,1.41642
2021-06-08 03:15:00+00:00,gbpusd,1.41612,1.41623,1.41584,1.41603
2021-06-08 03:30:00+00:00,gbpusd,1.41626,1.41631,1.41604,1.41611
2021-06-08 03:45:00+00:00,gbpusd,1.41606,1.41627,1.41596,1.41625
2021-06-08 04:00:00+00:00,gbpusd,1.41604,1.41607,1.41592,1.41605
2021-06-08 04:15:00+00:00,gbpusd,1.41576,1.41605,1.41563,1.41603
2021-06-08 04:30:00+00:00,gbpusd,1.41576,1.41583,1.41563,1.41577
2021-06-08 04:45:00+00:00,gbpusd,1.41573,1.41586,1.41573,1.41575
2021-06-08 05:00:00+00:00,gbpusd,1.4161,1.4161,1.41563,1.41572
2021-06-08 05:15:00+00:00,gbpusd,1.41576,1.41617,1.41568,1.41609
2021-06-08 05:30:00+00:00,gbpusd,1.41568,1.41575,1.41533,1.41575
2021-06-08 05:45:00+00:00,gbpusd,1.41507,1.41576,1.41472,1.41567
2021-06-08 06:00:00+00:00,gbpusd,1.41584,1.41653,1.41505,1.41508
2021-06-08 06:15:00+00:00,gbpusd,1.41574,1.41607,1.41537,1.41585
2021-06-08 06:30:00+00:00,gbpusd,1.41572,1.4162,1.41553,1.41575
2021-06-08 06:45:00+00:00,gbpusd,1.41542,1.41598,1.41529,1.41571
2021-06-08 07:00:00+00:00,gbpusd,1.41534,1.41653,1.41527,1.41541
2021-06-08 07:15:00+00:00,gbpusd,1.41365,1.41533,1.41312,1.41533
2021-06-08 07:30:00+00:00,gbpusd,1.41375,1.41399,1.41329,1.41364
2021-06-08 07:45:00+00:00,gbpusd,1.4139,1.41416,1.41356,1.41374
2021-06-08 08:00:00+00:00,gbpusd,1.41337,1.41429,1.41301,1.41389
2021-06-08 08:15:00+00:00,gbpusd,1.41336,1.41381,1.41287,1.41336
2021-06-08 08:30:00+00:00,gbpusd,1.41423,1.41429,1.41314,1.41335
2021-06-08 08:45:00+00:00,gbpusd,1.41425,1.4146,1.41412,1.41424
2021-06-08 09:00:00+00:00,gbpusd,1.41464,1.41468,1.41396,1.41426
2021-06-08 09:15:00+00:00,gbpusd,1.41432,1.41476,1.41407,1.41465
2021-06-08 09:30:00+00:00,gbpusd,1.41399,1.41459,1.41396,1.41433
2021-06-08 09:45:00+00:00,gbpusd,1.41377,1.41412,1.41357,1.414
2021-06-08 10:00:00+00:00,gbpusd,1.4143,1.41431,1.41314,1.41376
2021-06-08 10:15:00+00:00,gbpusd,1.41335,1.41438,1.41324,1.41429
2021-06-08 10:30:00+00:00,gbpusd,1.41366,1.41417,1.41322,1.41334
2021-06-08 10:45:00+00:00,gbpusd,1.41434,1.41458,1.41362,1.41365
2021-06-08 11:00:00+00:00,gbpusd,1.41526,1.4153,1.41412,1.41435
2021-06-08 11:15:00+00:00,gbpusd,1.41459,1.41547,1.41455,1.41525
2021-06-08 11:30:00+00:00,gbpusd,1.41488,1.41515,1.41427,1.41458
2021-06-08 11:45:00+00:00,gbpusd,1.41464,1.41499,1.4145,1.41487
2021-06-08 12:00:00+00:00,gbpusd,1.41487,1.41488,1.41445,1.41463
2021-06-08 12:15:00+00:00,gbpusd,1.4152,1.41524,1.41439,1.41486
2021-06-08 12:30:00+00:00,gbpusd,1.41491,1.41574,1.41483,1.41521
2021-06-08 12:45:00+00:00,gbpusd,1.41457,1.41501,1.41394,1.41492
2021-06-08 13:00:00+00:00,gbpusd,1.41483,1.41555,1.41437,1.41458
2021-06-08 13:15:00+00:00,gbpusd,1.41383,1.41503,1.41382,1.41484
2021-06-08 13:30:00+00:00,gbpusd,1.41304,1.41416,1.41296,1.41384
2021-06-08 13:45:00+00:00,gbpusd,1.4126,1.41317,1.41221,1.41305
2021-06-08 14:00:00+00:00,gbpusd,1.41359,1.41371,1.41211,1.41261
2021-06-08 14:15:00+00:00,gbpusd,1.41287,1.41387,1.41279,1.41358
2021-06-08 14:30:00+00:00,gbpusd,1.41423,1.41456,1.41278,1.41286
2021-06-08 14:45:00+00:00,gbpusd,1.41573,1.41588,1.41408,1.41424
2021-06-08 15:00:00+00:00,gbpusd,1.41451,1.41575,1.41442,1.41572
2021-06-08 15:15:00+00:00,gbpusd,1.41462,1.41485,1.41417,1.41452
2021-06-08 15:30:00+00:00,gbpusd,1.41496,1.41507,1.41457,1.41461
2021-06-08 15:45:00+00:00,gbpusd,1.41465,1.41502,1.41465,1.41497
2021-06-08 16:00:00+00:00,gbpusd,1.41474,1.41504,1.41445,1.41464
2021-06-08 16:15:00+00:00,gbpusd,1.41476,1.41517,1.41436,1.41473
2021-06-08 16:30:00+00:00,gbpusd,1.41517,1.41526,1.41475,1.41476
2021-06-08 16:45:00+00:00,gbpusd,1.41482,1.41531,1.41478,1.41516
2021-06-08 17:00:00+00:00,gbpusd,1.41498,1.41509,1.41465,1.41483
2021-06-08 17:15:00+00:00,gbpusd,1.41496,1.41508,1.41479,1.41497
2021-06-08 17:30:00+00:00,gbpusd,1.41527,1.41528,1.41495,1.41497
2021-06-08 17:45:00+00:00,gbpusd,1.41539,1.4154,1.41506,1.41528
2021-06-08 18:00:00+00:00,gbpusd,1.41556,1.41576,1.41539,1.4154
2021-06-08 18:15:00+00:00,gbpusd,1.41546,1.41565,1.41534,1.41557
2021-06-08 18:30:00+00:00,gbpusd,1.41557,1.41567,1.41543,1.41545
2021-06-08 18:45:00+00:00,gbpusd,1.41637,1.41645,1.41557,1.41558
2021-06-08 19:00:00+00:00,gbpusd,1.41599,1.4164,1.41598,1.41638
2021-06-08 19:15:00+00:00,gbpusd,1.41586,1.41617,1.41583,1.416
2021-06-08 19:30:00+00:00,gbpusd,1.41601,1.41606,1.41569,1.41587
2021-06-08 19:45:00+00:00,gbpusd,1.41567,1.41601,1.41553,1.416
2021-06-08 20:00:00+00:00,gbpusd,1.41545,1.4157,1.41541,1.41566
2021-06-08 20:15:00+00:00,gbpusd,1.41525,1.41557,1.41521,1.41544
2021-06-08 20:30:00+00:00,gbpusd,1.41505,1.41526,1.41503,1.41524
2021-06-08 20:45:00+00:00,gbpusd,1.41573,1.41577,1.4149,1.41506
2021-06-08 21:00:00+00:00,gbpusd,1.41495,1.41579,1.41476,1.41579
2021-06-08 21:15:00+00:00,gbpusd,1.41499,1.41518,1.4149,1.41518
2021-06-08 21:30:00+00:00,gbpusd,1.41515,1.41548,1.41497,1.41498
2021-06-08 21:45:00+00:00,gbpusd,1.41504,1.41525,1.4149,1.41514
2021-06-08 22:00:00+00:00,gbpusd,1.41478,1.41519,1.41471,1.41505
2021-06-08 22:15:00+00:00,gbpusd,1.41495,1.41503,1.41476,1.41477
2021-06-08 22:30:00+00:00,gbpusd,1.41508,1.41509,1.41496,1.41496
2021-06-08 22:45:00+00:00,gbpusd,1.41498,1.4151,1.41497,1.41509
2021-06-08 23:00:00+00:00,gbpusd,1.41507,1.41509,1.41495,1.41496
2021-06-08 23:15:00+00:00,gbpusd,1.41506,1.41519,1.41503,1.41508
2021-06-08 23:30:00+00:00,gbpusd,1.41485,1.41508,1.41485,1.41505
2021-06-08 23:45:00+00:00,gbpusd,1.41493,1.41509,1.41485,1.41486
2021-06-09 00:00:00+00:00,gbpusd,1.41528,1.41548,1.41478,1.41492
2021-06-09 00:15:00+00:00,gbpusd,1.41555,1.41566,1.41513,1.41527
2021-06-09 00:30:00+00:00,gbpusd,1.41557,1.41571,1.41531,1.41556
2021-06-09 00:45:00+00:00,gbpusd,1.41598,1.41601,1.41553,1.41558
2021-06-09 01:00:00+00:00,gbpusd,1.41615,1.41615,1.41577,1.41599
2021-06-09 01:15:00+00:00,gbpusd,1.41567,1.41633,1.41567,1.41616
2021-06-09 01:30:00+00:00,gbpusd,1.41606,1.41609,1.41554,1.41568
2021-06-09 01:45:00+00:00,gbpusd,1.4162,1.41621,1.41586,1.41607
2021-06-09 02:00:00+00:00,gbpusd,1.41605,1.41639,1.41604,1.41621
2021-06-09 02:15:00+00:00,gbpusd,1.41597,1.41606,1.41575,1.41606
2021-06-09 02:30:00+00:00,gbpusd,1.41598,1.41618,1.41573,1.41598
2021-06-09 02:45:00+00:00,gbpusd,1.41658,1.41664,1.41596,1.41599
2021-06-09 03:00:00+00:00,gbpusd,1.41662,1.41686,1.41652,1.41659
2021-06-09 03:15:00+00:00,gbpusd,1.41642,1.41676,1.41634,1.41663
2021-06-09 03:30:00+00:00,gbpusd,1.41634,1.41673,1.41631,1.41643
2021-06-09 03:45:00+00:00,gbpusd,1.41602,1.41649,1.41593,1.41633
2021-06-09 04:00:00+00:00,gbpusd,1.41587,1.41606,1.41568,1.41601
2021-06-09 04:15:00+00:00,gbpusd,1.41604,1.41636,1.41557,1.41586
2021-06-09 04:30:00+00:00,gbpusd,1.41552,1.41606,1.41549,1.41605
2021-06-09 04:45:00+00:00,gbpusd,1.41522,1.41553,1.4152,1.41551
2021-06-09 05:00:00+00:00,gbpusd,1.41567,1.41599,1.41512,1.41523
2021-06-09 05:15:00+00:00,gbpusd,1.41566,1.41579,1.41544,1.41568
2021-06-09 05:30:00+00:00,gbpusd,1.41556,1.41565,1.41524,1.41565
2021-06-09 05:45:00+00:00,gbpusd,1.41568,1.41579,1.41525,1.41555
2021-06-09 06:00:00+00:00,gbpusd,1.41568,1.4159,1.41552,1.41569
2021-06-09 06:15:00+00:00,gbpusd,1.4156,1.416,1.41537,1.41569
2021-06-09 06:30:00+00:00,gbpusd,1.41794,1.41828,1.41559,1.41561
2021-06-09 06:45:00+00:00,gbpusd,1.41757,1.41817,1.41706,1.41793
2021-06-09 07:00:00+00:00,gbpusd,1.41726,1.41786,1.41705,1.41756
2021-06-09 07:15:00+00:00,gbpusd,1.41797,1.41828,1.41724,1.41727
2021-06-09 07:30:00+00:00,gbpusd,1.41671,1.41803,1.41666,1.41798
2021-06-09 07:45:00+00:00,gbpusd,1.41727,1.41728,1.41655,1.41673
2021-06-09 08:00:00+00:00,gbpusd,1.41873,1.41891,1.41727,1.41728
2021-06-09 08:15:00+00:00,gbpusd,1.41816,1.41887,1.41784,1.41874
2021-06-09 08:30:00+00:00,gbpusd,1.41772,1.41869,1.41772,1.41817
2021-06-09 08:45:00+00:00,gbpusd,1.41857,1.41857,1.41747,1.41773
2021-06-09 09:00:00+00:00,gbpusd,1.41821,1.41865,1.41787,1.41858
2021-06-09 09:15:00+00:00,gbpusd,1.41804,1.41863,1.41797,1.41822
2021-06-09 09:30:00+00:00,gbpusd,1.41765,1.41837,1.41765,1.41803
2021-06-09 09:45:00+00:00,gbpusd,1.41756,1.41771,1.41692,1.41766
2021-06-09 10:00:00+00:00,gbpusd,1.41823,1.41826,1.41746,1.41755
2021-06-09 10:15:00+00:00,gbpusd,1.41785,1.41825,1.41776,1.41824
2021-06-09 10:30:00+00:00,gbpusd,1.41776,1.41808,1.41717,1.41784
2021-06-09 10:45:00+00:00,gbpusd,1.41735,1.4179,1.41733,1.41775
2021-06-09 11:00:00+00:00,gbpusd,1.41711,1.41743,1.4165,1.41736
2021-06-09 11:15:00+00:00,gbpusd,1.41715,1.41744,1.41686,1.41712
2021-06-09 11:30:00+00:00,gbpusd,1.41749,1.41749,1.41684,1.41714
2021-06-09 11:45:00+00:00,gbpusd,1.41744,1.41782,1.41731,1.4175
2021-06-09 12:00:00+00:00,gbpusd,1.41713,1.41754,1.41676,1.41743
2021-06-09 12:15:00+00:00,gbpusd,1.41593,1.41712,1.4158,1.41712
2021-06-09 12:30:00+00:00,gbpusd,1.41444,1.41626,1.41444,1.41593
2021-06-09 12:45:00+00:00,gbpusd,1.41345,1.41497,1.41316,1.41445
2021-06-09 13:00:00+00:00,gbpusd,1.41446,1.41448,1.41327,1.41344
2021-06-09 13:15:00+00:00,gbpusd,1.41536,1.4154,1.41437,1.41445
2021-06-09 13:30:00+00:00,gbpusd,1.41518,1.41599,1.41517,1.41537
2021-06-09 13:45:00+00:00,gbpusd,1.4139,1.41558,1.41365,1.41517
2021-06-09 14:00:00+00:00,gbpusd,1.41336,1.41488,1.41334,1.41391
2021-06-09 14:15:00+00:00,gbpusd,1.41328,1.41358,1.41285,1.41337
2021-06-09 14:30:00+00:00,gbpusd,1.41179,1.41329,1.41164,1.41329
2021-06-09 14:45:00+00:00,gbpusd,1.41259,1.41268,1.41143,1.4118
2021-06-09 15:00:00+00:00,gbpusd,1.41204,1.41288,1.41189,1.4126
2021-06-09 15:15:00+00:00,gbpusd,1.41199,1.41214,1.41148,1.41203
2021-06-09 15:30:00+00:00,gbpusd,1.41238,1.41256,1.41188,1.41198
2021-06-09 15:45:00+00:00,gbpusd,1.41236,1.41255,1.41186,1.41239
2021-06-09 16:00:00+00:00,gbpusd,1.41175,1.41252,1.41164,1.41235
2021-06-09 16:15:00+00:00,gbpusd,1.41164,1.41179,1.41135,1.41174
2021-06-09 16:30:00+00:00,gbpusd,1.41144,1.41164,1.41122,1.41163
2021-06-09 16:45:00+00:00,gbpusd,1.41138,1.41187,1.41136,1.41143
2021-06-09 17:00:00+00:00,gbpusd,1.41165,1.41191,1.41131,1.41137
2021-06-09 17:15:00+00:00,gbpusd,1.41174,1.41194,1.41146,1.41164
2021-06-09 17:30:00+00:00,gbpusd,1.41178,1.41184,1.41157,1.41175
2021-06-09 17:45:00+00:00,gbpusd,1.41156,1.41187,1.41137,1.41177
2021-06-09 18:00:00+00:00,gbpusd,1.41158,1.41165,1.41138,1.41157
2021-06-09 18:15:00+00:00,gbpusd,1.41154,1.41178,1.41153,1.41157
2021-06-09 18:30:00+00:00,gbpusd,1.41125,1.41155,1.41123,1.41153
2021-06-09 18:45:00+00:00,gbpusd,1.41155,1.41159,1.41124,1.41126
2021-06-09 19:00:00+00:00,gbpusd,1.41132,1.41162,1.41121,1.41156
2021-06-09 19:15:00+00:00,gbpusd,1.41115,1.41137,1.4111,1.41133
2021-06-09 19:30:00+00:00,gbpusd,1.41109,1.4113,1.41105,1.41114
2021-06-09 19:45:00+00:00,gbpusd,1.41107,1.41113,1.41101,1.41108
2021-06-09 20:00:00+00:00,gbpusd,1.41117,1.41121,1.41103,1.41108
2021-06-09 20:15:00+00:00,gbpusd,1.41118,1.41121,1.41115,1.41116
2021-06-09 20:30:00+00:00,gbpusd,1.41116,1.4112,1.41107,1.41119
2021-06-09 20:45:00+00:00,gbpusd,1.41169,1.41191,1.41116,1.41117
2021-06-09 21:00:00+00:00,gbpusd,1.41139,1.41168,1.41139,1.41159
2021-06-09 21:15:00+00:00,gbpusd,1.41151,1.41162,1.41137,1.41138
2021-06-09 21:30:00+00:00,gbpusd,1.41161,1.41162,1.4114,1.4115
2021-06-09 21:45:00+00:00,gbpusd,1.41149,1.41163,1.41141,1.41162
2021-06-09 22:00:00+00:00,gbpusd,1.4112,1.41167,1.4112,1.41153
2021-06-09 22:15:00+00:00,gbpusd,1.41103,1.41119,1.41101,1.41119
2021-06-09 22:30:00+00:00,gbpusd,1.41118,1.41118,1.41102,1.41102
2021-06-09 22:45:00+00:00,gbpusd,1.41116,1.41118,1.41113,1.41117
2021-06-09 23:00:00+00:00,gbpusd,1.41106,1.41118,1.41101,1.41117
2021-06-09 23:15:00+00:00,gbpusd,1.41109,1.41117,1.41101,1.41107
2021-06-09 23:30:00+00:00,gbpusd,1.41116,1.41118,1.41109,1.4111
2021-06-09 23:45:00+00:00,gbpusd,1.41113,1.41116,1.41108,1.41115
2021-06-10 00:00:00+00:00,gbpusd,1.41107,1.41147,1.41095,1.41112
2021-06-10 00:15:00+00:00,gbpusd,1.41118,1.4113,1.41103,1.41108
2021-06-10 00:30:00+00:00,gbpusd,1.41133,1.41144,1.41116,1.41119
2021-06-10 00:45:00+00:00,gbpusd,1.41107,1.41132,1.41102,1.41132
2021-06-10 01:00:00+00:00,gbpusd,1.41138,1.41163,1.41101,1.41106
2021-06-10 01:15:00+00:00,gbpusd,1.41145,1.4116,1.41116,1.41137
2021-06-10 01:30:00+00:00,gbpusd,1.41179,1.4125,1.41138,1.41144
2021-06-10 01:45:00+00:00,gbpusd,1.41188,1.41199,1.41148,1.41178
2021-06-10 02:00:00+00:00,gbpusd,1.41159,1.41189,1.41147,1.41189
2021-06-10 02:15:00+00:00,gbpusd,1.41189,1.41198,1.41158,1.4116
2021-06-10 02:30:00+00:00,gbpusd,1.41147,1.4119,1.41139,1.4119
2021-06-10 02:45:00+00:00,gbpusd,1.41137,1.4117,1.4113,1.41148
2021-06-10 03:00:00+00:00,gbpusd,1.41148,1.41154,1.41132,1.41138
2021-06-10 03:15:00+00:00,gbpusd,1.4116,1.41163,1.41146,1.41147
2021-06-10 03:30:00+00:00,gbpusd,1.4118,1.41181,1.41157,1.41161
2021-06-10 03:45:00+00:00,gbpusd,1.41186,1.41198,1.4118,1.41181
2021-06-10 04:00:00+00:00,gbpusd,1.41126,1.41187,1.41125,1.41187
2021-06-10 04:15:00+00:00,gbpusd,1.41085,1.41129,1.41076,1.41127
2021-06-10 04:30:00+00:00,gbpusd,1.41077,1.41096,1.41049,1.41086
2021-06-10 04:45:00+00:00,gbpusd,1.41078,1.41098,1.41073,1.41078
2021-06-10 05:00:00+00:00,gbpusd,1.41115,1.41118,1.41056,1.41079
2021-06-10 05:15:00+00:00,gbpusd,1.41107,1.41119,1.41096,1.41116
2021-06-10 05:30:00+00:00,gbpusd,1.41071,1.41116,1.41056,1.41106
2021-06-10 05:45:00+00:00,gbpusd,1.41111,1.41121,1.41068,1.4107
2021-06-10 06:00:00+00:00,gbpusd,1.41103,1.41111,1.41021,1.4111
2021-06-10 06:15:00+00:00,gbpusd,1.41141,1.41152,1.411,1.41104
2021-06-10 06:30:00+00:00,gbpusd,1.41149,1.41154,1.41086,1.4114
2021-06-10 06:45:00+00:00,gbpusd,1.4111,1.41165,1.41102,1.41148
2021-06-10 07:00:00+00:00,gbpusd,1.40961,1.41119,1.40928,1.41109
2021-06-10 07:15:00+00:00,gbpusd,1.40812,1.40974,1.40781,1.4096
2021-06-10 07:30:00+00:00,gbpusd,1.40848,1.40881,1.40734,1.40811
2021-06-10 07:45:00+00:00,gbpusd,1.4088,1.40891,1.40816,1.40847
2021-06-10 08:00:00+00:00,gbpusd,1.40818,1.40899,1.40807,1.40879
2021-06-10 08:15:00+00:00,gbpusd,1.4091,1.40912,1.40788,1.40817
2021-06-10 08:30:00+00:00,gbpusd,1.4088,1.4091,1.40767,1.40909
2021-06-10 08:45:00+00:00,gbpusd,1.40882,1.40913,1.40804,1.40881
2021-06-10 09:00:00+00:00,gbpusd,1.40946,1.40959,1.40879,1.40881
2021-06-10 09:15:00+00:00,gbpusd,1.40947,1.40967,1.40898,1.40947
2021-06-10 09:30:00+00:00,gbpusd,1.4094,1.41017,1.4094,1.40948
2021-06-10 09:45:00+00:00,gbpusd,1.40984,1.40997,1.40933,1.40941
2021-06-10 10:00:00+00:00,gbpusd,1.40929,1.40994,1.40928,1.40983
2021-06-10 10:15:00+00:00,gbpusd,1.4096,1.40977,1.40915,1.40928
2021-06-10 10:30:00+00:00,gbpusd,1.40987,1.40998,1.40948,1.40959
2021-06-10 10:45:00+00:00,gbpusd,1.40967,1.41044,1.40953,1.40988
2021-06-10 11:00:00+00:00,gbpusd,1.40975,1.40993,1.40906,1.40968
2021-06-10 11:15:00+00:00,gbpusd,1.40952,1.40976,1.40944,1.40976
2021-06-10 12:00:00+00:00,gbpusd,1.41071,1.41071,1.40936,1.40971
2021-06-10 12:15:00+00:00,gbpusd,1.41078,1.41118,1.41016,1.41072
2021-06-10 12:30:00+00:00,gbpusd,1.41027,1.4119,1.40853,1.41079
2021-06-10 12:45:00+00:00,gbpusd,1.41273,1.41304,1.41021,1.41028
2021-06-10 13:00:00+00:00,gbpusd,1.41414,1.41423,1.41228,1.41274
2021-06-10 13:15:00+00:00,gbpusd,1.4134,1.41443,1.41284,1.41415
2021-06-10 13:30:00+00:00,gbpusd,1.41455,1.41504,1.4134,1.4134
2021-06-10 13:45:00+00:00,gbpusd,1.41518,1.41553,1.41426,1.41457
2021-06-10 14:00:00+00:00,gbpusd,1.41436,1.41543,1.41387,1.41517
2021-06-10 14:15:00+00:00,gbpusd,1.41377,1.41463,1.4134,1.41437
2021-06-10 14:30:00+00:00,gbpusd,1.41268,1.41377,1.41204,1.41369
2021-06-10 14:45:00+00:00,gbpusd,1.41453,1.41479,1.41239,1.41269
2021-06-10 15:00:00+00:00,gbpusd,1.41528,1.41571,1.41446,1.41452
2021-06-10 15:15:00+00:00,gbpusd,1.41621,1.4163,1.41469,1.41527
2021-06-10 15:30:00+00:00,gbpusd,1.41673,1.41684,1.41566,1.41619
2021-06-10 15:45:00+00:00,gbpusd,1.41666,1.41719,1.41647,1.41674
2021-06-10 16:00:00+00:00,gbpusd,1.41545,1.41687,1.41505,1.41665
2021-06-10 16:15:00+00:00,gbpusd,1.41448,1.41554,1.41418,1.41543
2021-06-10 16:30:00+00:00,gbpusd,1.41515,1.41517,1.4142,1.41449
2021-06-10 16:45:00+00:00,gbpusd,1.4164,1.41641,1.41469,1.41516
2021-06-10 17:00:00+00:00,gbpusd,1.41594,1.41695,1.41572,1.41637
2021-06-10 17:15:00+00:00,gbpusd,1.41665,1.41704,1.41563,1.41595
2021-06-10 17:30:00+00:00,gbpusd,1.41689,1.41737,1.41654,1.41666
2021-06-10 17:45:00+00:00,gbpusd,1.41697,1.417,1.41676,1.4169
2021-06-10 18:00:00+00:00,gbpusd,1.41694,1.41728,1.41687,1.41698
2021-06-10 18:15:00+00:00,gbpusd,1.41675,1.41719,1.41671,1.41695
2021-06-10 18:30:00+00:00,gbpusd,1.41675,1.41694,1.41663,1.41676
2021-06-10 18:45:00+00:00,gbpusd,1.41708,1.41722,1.41667,1.41674
2021-06-10 19:00:00+00:00,gbpusd,1.41726,1.41729,1.41687,1.41709
2021-06-10 19:15:00+00:00,gbpusd,1.41751,1.41762,1.41724,1.41725
2021-06-10 19:30:00+00:00,gbpusd,1.41726,1.41755,1.41723,1.41752
2021-06-10 19:45:00+00:00,gbpusd,1.41678,1.41728,1.41668,1.41727
2021-06-10 20:00:00+00:00,gbpusd,1.41765,1.41771,1.41673,1.41677
2021-06-10 20:15:00+00:00,gbpusd,1.41773,1.41778,1.41762,1.41764
2021-06-10 20:30:00+00:00,gbpusd,1.4177,1.41782,1.41762,1.41774
2021-06-10 20:45:00+00:00,gbpusd,1.41767,1.41781,1.41763,1.41771
2021-06-10 21:00:00+00:00,gbpusd,1.41769,1.41772,1.41681,1.4169
2021-06-10 21:15:00+00:00,gbpusd,1.41767,1.41783,1.41695,1.4177
2021-06-10 21:30:00+00:00,gbpusd,1.41758,1.41778,1.41754,1.41768
2021-06-10 21:45:00+00:00,gbpusd,1.41762,1.41767,1.41756,1.41757
2021-06-10 22:00:00+00:00,gbpusd,1.41734,1.41775,1.41733,1.41761
2021-06-10 22:15:00+00:00,gbpusd,1.41722,1.41743,1.41712,1.41735
2021-06-10 22:30:00+00:00,gbpusd,1.41721,1.41733,1.41711,1.41721
2021-06-10 22:45:00+00:00,gbpusd,1.41729,1.41734,1.41721,1.41722
2021-06-10 23:00:00+00:00,gbpusd,1.41745,1.41751,1.4173,1.4173
2021-06-10 23:15:00+00:00,gbpusd,1.41743,1.41756,1.41742,1.41746
2021-06-10 23:30:00+00:00,gbpusd,1.41705,1.41744,1.41697,1.41742
2021-06-10 23:45:00+00:00,gbpusd,1.41705,1.41734,1.4169,1.41706
2021-06-11 00:00:00+00:00,gbpusd,1.41775,1.41777,1.41685,1.41706
2021-06-11 00:15:00+00:00,gbpusd,1.41734,1.41786,1.41716,1.41776
2021-06-11 00:30:00+00:00,gbpusd,1.41715,1.41744,1.41693,1.41735
2021-06-11 00:45:00+00:00,gbpusd,1.41715,1.41751,1.41693,1.41716
2021-06-11 01:00:00+00:00,gbpusd,1.41726,1.41748,1.41702,1.41716
2021-06-11 01:15:00+00:00,gbpusd,1.41764,1.41776,1.41725,1.41725
2021-06-11 01:30:00+00:00,gbpusd,1.41765,1.41777,1.41715,1.41765
2021-06-11 01:45:00+00:00,gbpusd,1.41776,1.41784,1.41764,1.41766
2021-06-11 02:00:00+00:00,gbpusd,1.4169,1.41775,1.41686,1.41775
2021-06-11 02:15:00+00:00,gbpusd,1.41697,1.41717,1.41687,1.41691
2021-06-11 02:30:00+00:00,gbpusd,1.41734,1.41751,1.41696,1.41696
2021-06-11 02:45:00+00:00,gbpusd,1.41774,1.41784,1.41725,1.41733
2021-06-11 03:00:00+00:00,gbpusd,1.41774,1.41793,1.4177,1.41775
2021-06-11 03:15:00+00:00,gbpusd,1.41783,1.41783,1.41765,1.41775
2021-06-11 03:30:00+00:00,gbpusd,1.41776,1.41783,1.41754,1.41782
2021-06-11 03:45:00+00:00,gbpusd,1.41786,1.41795,1.41766,1.41777
2021-06-11 04:00:00+00:00,gbpusd,1.41812,1.41817,1.41783,1.41787
2021-06-11 04:15:00+00:00,gbpusd,1.41837,1.41838,1.41811,1.41813
2021-06-11 04:30:00+00:00,gbpusd,1.41834,1.41845,1.41831,1.41838
2021-06-11 04:45:00+00:00,gbpusd,1.41821,1.41838,1.41811,1.41835
2021-06-11 05:00:00+00:00,gbpusd,1.41815,1.41826,1.41783,1.4182
2021-06-11 05:15:00+00:00,gbpusd,1.41803,1.41834,1.41791,1.41816
2021-06-11 05:30:00+00:00,gbpusd,1.41815,1.41854,1.41801,1.41802
2021-06-11 05:45:00+00:00,gbpusd,1.41725,1.4182,1.4172,1.41816
2021-06-11 06:00:00+00:00,gbpusd,1.41822,1.41827,1.41677,1.41726
2021-06-11 06:15:00+00:00,gbpusd,1.41733,1.41837,1.4172,1.4182
2021-06-11 06:30:00+00:00,gbpusd,1.41748,1.41786,1.41727,1.41734
2021-06-11 06:45:00+00:00,gbpusd,1.41725,1.41766,1.41711,1.41749
2021-06-11 07:00:00+00:00,gbpusd,1.41672,1.41724,1.41624,1.41724
2021-06-11 07:15:00+00:00,gbpusd,1.41641,1.4173,1.41604,1.41671
2021-06-11 07:30:00+00:00,gbpusd,1.417,1.41738,1.41605,1.41642
2021-06-11 07:45:00+00:00,gbpusd,1.41676,1.41751,1.41673,1.41699
2021-06-11 08:00:00+00:00,gbpusd,1.41628,1.41705,1.41616,1.41675
2021-06-11 08:15:00+00:00,gbpusd,1.41544,1.41671,1.41538,1.41627
2021-06-11 08:30:00+00:00,gbpusd,1.41618,1.41621,1.41526,1.41545
2021-06-11 08:45:00+00:00,gbpusd,1.41562,1.41652,1.41529,1.41619
2021-06-11 09:00:00+00:00,gbpusd,1.41616,1.41648,1.41553,1.41563
2021-06-11 09:15:00+00:00,gbpusd,1.41579,1.41621,1.41554,1.41615
2021-06-11 09:30:00+00:00,gbpusd,1.41555,1.41578,1.41513,1.41578
2021-06-11 09:45:00+00:00,gbpusd,1.41497,1.41566,1.41474,1.41554
2021-06-11 10:00:00+00:00,gbpusd,1.41513,1.41513,1.41419,1.41499
2021-06-11 10:15:00+00:00,gbpusd,1.41591,1.41596,1.4149,1.41512
2021-06-11 10:30:00+00:00,gbpusd,1.41565,1.41655,1.41553,1.4159
2021-06-11 10:45:00+00:00,gbpusd,1.41597,1.41609,1.4154,1.41564
2021-06-11 11:00:00+00:00,gbpusd,1.41642,1.41657,1.41561,1.41596
2021-06-11 11:15:00+00:00,gbpusd,1.41581,1.41653,1.4158,1.41641
2021-06-11 11:30:00+00:00,gbpusd,1.4155,1.41588,1.41534,1.4158
2021-06-11 11:45:00+00:00,gbpusd,1.41518,1.41583,1.41488,1.41551
2021-06-11 12:00:00+00:00,gbpusd,1.41461,1.41588,1.41458,1.41519
2021-06-11 12:15:00+00:00,gbpusd,1.41475,1.41485,1.41434,1.4146
2021-06-11 12:30:00+00:00,gbpusd,1.41502,1.4151,1.41423,1.41474
2021-06-11 12:45:00+00:00,gbpusd,1.41405,1.41519,1.41398,1.41501
2021-06-11 13:00:00+00:00,gbpusd,1.41466,1.41483,1.41387,1.41404
2021-06-11 13:15:00+00:00,gbpusd,1.41396,1.41505,1.41389,1.41465
2021-06-11 13:30:00+00:00,gbpusd,1.41279,1.41407,1.41268,1.41397
2021-06-11 13:45:00+00:00,gbpusd,1.4123,1.41292,1.41216,1.41278
2021-06-11 14:00:00+00:00,gbpusd,1.41203,1.4132,1.41184,1.41231
2021-06-11 14:15:00+00:00,gbpusd,1.41165,1.41202,1.41137,1.41202
2021-06-11 14:30:00+00:00,gbpusd,1.4111,1.41173,1.41094,1.41166
2021-06-11 14:45:00+00:00,gbpusd,1.4122,1.41223,1.41071,1.41111
2021-06-11 15:00:00+00:00,gbpusd,1.41187,1.41281,1.41173,1.41221
2021-06-11 15:15:00+00:00,gbpusd,1.4117,1.4119,1.41051,1.41188
2021-06-11 15:30:00+00:00,gbpusd,1.41141,1.41177,1.41118,1.41169
2021-06-11 15:45:00+00:00,gbpusd,1.41129,1.41173,1.41116,1.41142
2021-06-11 16:00:00+00:00,gbpusd,1.4107,1.41133,1.41028,1.41128
2021-06-11 16:15:00+00:00,gbpusd,1.4107,1.41096,1.41066,1.41071
2021-06-11 16:30:00+00:00,gbpusd,1.41049,1.41071,1.41038,1.41069
2021-06-11 16:45:00+00:00,gbpusd,1.41055,1.41103,1.41047,1.4105
2021-06-11 17:00:00+00:00,gbpusd,1.40997,1.41055,1.40978,1.41054
2021-06-11 17:15:00+00:00,gbpusd,1.41,1.41003,1.40959,1.40996
2021-06-11 17:30:00+00:00,gbpusd,1.40989,1.4101,1.40986,1.41001
2021-06-11 17:45:00+00:00,gbpusd,1.41039,1.41043,1.40987,1.4099
2021-06-11 18:00:00+00:00,gbpusd,1.41062,1.41069,1.4103,1.41038
2021-06-11 18:15:00+00:00,gbpusd,1.40986,1.41065,1.40974,1.41061
2021-06-11 18:30:00+00:00,gbpusd,1.41055,1.41056,1.40979,1.40987
2021-06-11 18:45:00+00:00,gbpusd,1.41061,1.4107,1.41027,1.41054
2021-06-11 19:00:00+00:00,gbpusd,1.41073,1.41083,1.41054,1.41062
2021-06-11 19:15:00+00:00,gbpusd,1.41063,1.41081,1.41057,1.41072
2021-06-11 19:30:00+00:00,gbpusd,1.41096,1.41102,1.41056,1.41062
2021-06-11 19:45:00+00:00,gbpusd,1.4116,1.41177,1.41092,1.41095
2021-06-11 20:00:00+00:00,gbpusd,1.41152,1.41189,1.41143,1.41161
2021-06-11 20:15:00+00:00,gbpusd,1.41133,1.41153,1.41131,1.41153
2021-06-11 20:30:00+00:00,gbpusd,1.4112,1.41136,1.4112,1.41134
2021-06-11 20:45:00+00:00,gbpusd,1.41125,1.41167,1.41108,1.41119
2021-06-13 21:00:00+00:00,gbpusd,1.411,1.41105,1.41051,1.4108
2021-06-13 21:15:00+00:00,gbpusd,1.4111,1.41121,1.41079,1.41121
2021-06-13 21:30:00+00:00,gbpusd,1.41114,1.41117,1.41092,1.41111
2021-06-13 21:45:00+00:00,gbpusd,1.41124,1.41132,1.41112,1.41113
2021-06-13 22:00:00+00:00,gbpusd,1.41183,1.4119,1.41066,1.41138
2021-06-13 22:15:00+00:00,gbpusd,1.41151,1.41186,1.41124,1.41182
2021-06-13 22:30:00+00:00,gbpusd,1.41172,1.41174,1.41136,1.41152
2021-06-13 22:45:00+00:00,gbpusd,1.41149,1.41184,1.41139,1.41173
2021-06-13 23:00:00+00:00,gbpusd,1.41169,1.41171,1.41137,1.41148
2021-06-13 23:15:00+00:00,gbpusd,1.4116,1.41173,1.41157,1.4117
2021-06-13 23:30:00+00:00,gbpusd,1.41186,1.41192,1.41154,1.41161
2021-06-13 23:45:00+00:00,gbpusd,1.41176,1.41186,1.41164,1.41185
2021-06-14 00:00:00+00:00,gbpusd,1.41134,1.41184,1.41106,1.41177
2021-06-14 00:15:00+00:00,gbpusd,1.41155,1.41156,1.41131,1.41135
2021-06-14 00:30:00+00:00,gbpusd,1.41124,1.41155,1.41112,1.41154
2021-06-14 00:45:00+00:00,gbpusd,1.41082,1.41125,1.41068,1.41123
2021-06-14 01:00:00+00:00,gbpusd,1.41065,1.41103,1.41063,1.41083
2021-06-14 01:15:00+00:00,gbpusd,1.41085,1.41104,1.41054,1.41066
2021-06-14 01:30:00+00:00,gbpusd,1.41124,1.41129,1.41078,1.41086
2021-06-14 01:45:00+00:00,gbpusd,1.41104,1.41136,1.41103,1.41123
2021-06-14 02:00:00+00:00,gbpusd,1.41146,1.41146,1.41105,1.41105
2021-06-14 02:15:00+00:00,gbpusd,1.41174,1.41174,1.41142,1.41145
2021-06-14 02:30:00+00:00,gbpusd,1.41163,1.41185,1.4115,1.41173
2021-06-14 02:45:00+00:00,gbpusd,1.41126,1.41167,1.41124,1.41164
2021-06-14 03:00:00+00:00,gbpusd,1.41115,1.4113,1.41094,1.41124
2021-06-14 03:15:00+00:00,gbpusd,1.41104,1.4114,1.41104,1.41114
2021-06-14 03:30:00+00:00,gbpusd,1.41093,1.41104,1.41065,1.41103
2021-06-14 03:45:00+00:00,gbpusd,1.41113,1.41114,1.41092,1.41094
2021-06-14 04:00:00+00:00,gbpusd,1.41115,1.41126,1.41082,1.41112
2021-06-14 04:15:00+00:00,gbpusd,1.41113,1.41135,1.41113,1.41114
2021-06-14 04:30:00+00:00,gbpusd,1.41134,1.41141,1.41111,1.41114
2021-06-14 04:45:00+00:00,gbpusd,1.41132,1.41152,1.41109,1.41135
2021-06-14 05:00:00+00:00,gbpusd,1.41099,1.41135,1.41083,1.41131
2021-06-14 05:15:00+00:00,gbpusd,1.4111,1.41125,1.41095,1.41098
2021-06-14 05:30:00+00:00,gbpusd,1.41145,1.41147,1.41096,1.41111
2021-06-14 05:45:00+00:00,gbpusd,1.41119,1.41154,1.41118,1.41144
2021-06-14 06:00:00+00:00,gbpusd,1.41075,1.41132,1.4105,1.4112
2021-06-14 06:15:00+00:00,gbpusd,1.41023,1.41092,1.41012,1.41076
2021-06-14 06:30:00+00:00,gbpusd,1.41133,1.41138,1.41023,1.41024
2021-06-14 06:45:00+00:00,gbpusd,1.41079,1.41166,1.41073,1.41132
2021-06-14 07:00:00+00:00,gbpusd,1.40986,1.41092,1.40932,1.41078
2021-06-14 07:15:00+00:00,gbpusd,1.41025,1.41115,1.40983,1.40987
2021-06-14 07:30:00+00:00,gbpusd,1.40956,1.41027,1.40936,1.41024
2021-06-14 07:45:00+00:00,gbpusd,1.41024,1.41029,1.40947,1.40957
2021-06-14 08:00:00+00:00,gbpusd,1.40867,1.41029,1.40848,1.41023
2021-06-14 08:15:00+00:00,gbpusd,1.40813,1.40925,1.40795,1.40868
2021-06-14 08:30:00+00:00,gbpusd,1.40774,1.40832,1.40704,1.40812
2021-06-14 08:45:00+00:00,gbpusd,1.40837,1.40887,1.40754,1.40773
2021-06-14 09:00:00+00:00,gbpusd,1.40837,1.40856,1.4079,1.40836
2021-06-14 09:15:00+00:00,gbpusd,1.40907,1.40944,1.40825,1.40836
2021-06-14 09:30:00+00:00,gbpusd,1.40927,1.40984,1.40906,1.40908
2021-06-14 09:45:00+00:00,gbpusd,1.40914,1.4097,1.40909,1.40928
2021-06-14 10:00:00+00:00,gbpusd,1.4091,1.40954,1.40904,1.40913
2021-06-14 10:15:00+00:00,gbpusd,1.40956,1.40964,1.4085,1.40911
2021-06-14 10:30:00+00:00,gbpusd,1.40971,1.40995,1.40941,1.40955
2021-06-14 10:45:00+00:00,gbpusd,1.41073,1.41094,1.40958,1.40972
2021-06-14 11:00:00+00:00,gbpusd,1.41,1.41098,1.41,1.41074
2021-06-14 11:15:00+00:00,gbpusd,1.41036,1.41051,1.41,1.41001
2021-06-14 11:30:00+00:00,gbpusd,1.41032,1.41044,1.40971,1.41037
2021-06-14 11:45:00+00:00,gbpusd,1.41014,1.41051,1.40982,1.41033
2021-06-14 12:00:00+00:00,gbpusd,1.41014,1.41084,1.41003,1.41015
2021-06-14 12:15:00+00:00,gbpusd,1.41106,1.41108,1.41013,1.41013
2021-06-14 12:30:00+00:00,gbpusd,1.41094,1.41183,1.4109,1.41105
2021-06-14 12:45:00+00:00,gbpusd,1.41092,1.41107,1.41055,1.41093
2021-06-14 13:00:00+00:00,gbpusd,1.41189,1.41211,1.41081,1.41093
2021-06-14 13:15:00+00:00,gbpusd,1.41168,1.41191,1.41125,1.4119
2021-06-14 13:30:00+00:00,gbpusd,1.4122,1.41239,1.4114,1.41169
2021-06-14 13:45:00+00:00,gbpusd,1.41138,1.4124,1.41109,1.41221
2021-06-14 14:00:00+00:00,gbpusd,1.41161,1.41172,1.41111,1.41139
2021-06-14 14:15:00+00:00,gbpusd,1.412,1.412,1.41125,1.41162
2021-06-14 14:30:00+00:00,gbpusd,1.41169,1.41215,1.41142,1.41201
2021-06-14 14:45:00+00:00,gbpusd,1.41159,1.41219,1.41136,1.4117
2021-06-14 15:00:00+00:00,gbpusd,1.41149,1.41208,1.41124,1.4116
2021-06-14 15:15:00+00:00,gbpusd,1.4112,1.41186,1.41093,1.4115
2021-06-14 15:30:00+00:00,gbpusd,1.4113,1.41135,1.41074,1.41121
2021-06-14 15:45:00+00:00,gbpusd,1.41152,1.41186,1.41103,1.41131
2021-06-14 16:00:00+00:00,gbpusd,1.41179,1.41201,1.41147,1.41151
2021-06-14 16:15:00+00:00,gbpusd,1.41165,1.41187,1.41148,1.4118
2021-06-14 16:30:00+00:00,gbpusd,1.41186,1.41187,1.41138,1.41166
2021-06-14 16:45:00+00:00,gbpusd,1.41128,1.41195,1.41127,1.41187
2021-06-14 17:00:00+00:00,gbpusd,1.411,1.41151,1.41097,1.41129
2021-06-14 17:15:00+00:00,gbpusd,1.41119,1.41127,1.41087,1.41101
2021-06-14 17:30:00+00:00,gbpusd,1.41129,1.41139,1.4111,1.4112
2021-06-14 17:45:00+00:00,gbpusd,1.41122,1.4115,1.4112,1.41128
2021-06-14 18:00:00+00:00,gbpusd,1.41099,1.41131,1.41098,1.41123
2021-06-14 18:15:00+00:00,gbpusd,1.41073,1.41113,1.41072,1.411
2021-06-14 18:30:00+00:00,gbpusd,1.41112,1.41119,1.41065,1.41072
2021-06-14 18:45:00+00:00,gbpusd,1.41069,1.41111,1.41068,1.41111
2021-06-14 19:00:00+00:00,gbpusd,1.4108,1.41093,1.41065,1.41068
2021-06-14 19:15:00+00:00,gbpusd,1.41102,1.41102,1.41076,1.41078
2021-06-14 19:30:00+00:00,gbpusd,1.41099,1.41101,1.41076,1.41101
2021-06-14 19:45:00+00:00,gbpusd,1.41089,1.41128,1.41076,1.411
2021-06-14 20:00:00+00:00,gbpusd,1.41069,1.41093,1.41057,1.41088
2021-06-14 20:15:00+00:00,gbpusd,1.41071,1.41073,1.41069,1.4107
2021-06-14 20:30:00+00:00,gbpusd,1.41061,1.41071,1.4106,1.4107
2021-06-14 20:45:00+00:00,gbpusd,1.41101,1.4111,1.41042,1.4106
2021-06-14 21:00:00+00:00,gbpusd,1.41129,1.41157,1.41087,1.41088
2021-06-14 21:15:00+00:00,gbpusd,1.41082,1.41124,1.41048,1.41103
2021-06-14 21:30:00+00:00,gbpusd,1.41074,1.41089,1.4105,1.41084
2021-06-14 21:45:00+00:00,gbpusd,1.41096,1.41102,1.41054,1.41073
2021-06-14 22:00:00+00:00,gbpusd,1.41097,1.41104,1.41074,1.41097
2021-06-14 22:15:00+00:00,gbpusd,1.41088,1.411,1.4107,1.41097
2021-06-14 22:30:00+00:00,gbpusd,1.41089,1.411,1.4108,1.41089
2021-06-14 22:45:00+00:00,gbpusd,1.41091,1.41091,1.41078,1.4109
2021-06-14 23:00:00+00:00,gbpusd,1.41092,1.41103,1.41073,1.41092
2021-06-14 23:15:00+00:00,gbpusd,1.411,1.41102,1.41089,1.41093
2021-06-14 23:30:00+00:00,gbpusd,1.41112,1.41126,1.41098,1.41101
2021-06-14 23:45:00+00:00,gbpusd,1.41097,1.41121,1.41093,1.41113
2021-06-15 00:00:00+00:00,gbpusd,1.41099,1.41119,1.41049,1.41098
2021-06-15 00:15:00+00:00,gbpusd,1.4113,1.41134,1.411,1.411
2021-06-15 00:30:00+00:00,gbpusd,1.41142,1.41169,1.41129,1.41131
2021-06-15 00:45:00+00:00,gbpusd,1.41119,1.41143,1.41081,1.41143
2021-06-15 01:00:00+00:00,gbpusd,1.41102,1.41128,1.41081,1.41118
2021-06-15 01:15:00+00:00,gbpusd,1.4107,1.41123,1.41062,1.41103
2021-06-15 01:30:00+00:00,gbpusd,1.41006,1.41077,1.41006,1.41069
2021-06-15 01:45:00+00:00,gbpusd,1.41024,1.4104,1.40992,1.41005
2021-06-15 02:00:00+00:00,gbpusd,1.41041,1.41047,1.40992,1.41023
2021-06-15 02:15:00+00:00,gbpusd,1.41072,1.41075,1.4103,1.41042
2021-06-15 02:30:00+00:00,gbpusd,1.41114,1.41114,1.41064,1.41071
2021-06-15 02:45:00+00:00,gbpusd,1.41112,1.41123,1.41096,1.41113
2021-06-15 03:00:00+00:00,gbpusd,1.41091,1.41123,1.41081,1.41111
2021-06-15 03:15:00+00:00,gbpusd,1.41111,1.41113,1.4109,1.4109
2021-06-15 03:30:00+00:00,gbpusd,1.41109,1.4113,1.41109,1.4111
2021-06-15 03:45:00+00:00,gbpusd,1.41114,1.41132,1.41099,1.41108
2021-06-15 04:00:00+00:00,gbpusd,1.41143,1.4115,1.41115,1.41115
2021-06-15 04:15:00+00:00,gbpusd,1.41138,1.41154,1.41114,1.41144
2021-06-15 04:30:00+00:00,gbpusd,1.41138,1.4115,1.41129,1.41137
2021-06-15 04:45:00+00:00,gbpusd,1.41141,1.41143,1.41129,1.41137
2021-06-15 05:00:00+00:00,gbpusd,1.4111,1.41143,1.411,1.4114
2021-06-15 05:15:00+00:00,gbpusd,1.41142,1.41144,1.41111,1.41111
2021-06-15 05:30:00+00:00,gbpusd,1.4117,1.41173,1.41142,1.41143
2021-06-15 05:45:00+00:00,gbpusd,1.41234,1.41261,1.41158,1.41171
2021-06-15 06:00:00+00:00,gbpusd,1.41239,1.4129,1.41187,1.41236
2021-06-15 06:15:00+00:00,gbpusd,1.41221,1.41266,1.41156,1.4124
2021-06-15 06:30:00+00:00,gbpusd,1.41167,1.41233,1.41132,1.4122
2021-06-15 06:45:00+00:00,gbpusd,1.41109,1.41169,1.41078,1.41168
2021-06-15 07:00:00+00:00,gbpusd,1.41145,1.41169,1.41079,1.41108
2021-06-15 07:15:00+00:00,gbpusd,1.41089,1.41159,1.41066,1.41144
2021-06-15 07:30:00+00:00,gbpusd,1.41158,1.41167,1.41083,1.4109
2021-06-15 07:45:00+00:00,gbpusd,1.41161,1.41184,1.41137,1.41159
2021-06-15 08:00:00+00:00,gbpusd,1.41143,1.41179,1.41139,1.4116
2021-06-15 08:15:00+00:00,gbpusd,1.41065,1.41147,1.41045,1.41142
2021-06-15 08:30:00+00:00,gbpusd,1.40976,1.41089,1.40976,1.41064
2021-06-15 08:45:00+00:00,gbpusd,1.40878,1.40978,1.40862,1.40975
2021-06-15 09:00:00+00:00,gbpusd,1.4077,1.40879,1.40751,1.40877
2021-06-15 09:15:00+00:00,gbpusd,1.40787,1.40829,1.40738,1.40769
2021-06-15 09:30:00+00:00,gbpusd,1.40762,1.40788,1.40714,1.40786
2021-06-15 09:45:00+00:00,gbpusd,1.40754,1.40775,1.40733,1.40761
2021-06-15 10:00:00+00:00,gbpusd,1.40832,1.40844,1.40752,1.40753
2021-06-15 10:15:00+00:00,gbpusd,1.40811,1.40836,1.40792,1.40831
2021-06-15 10:30:00+00:00,gbpusd,1.40797,1.40811,1.40786,1.4081
2021-06-15 10:45:00+00:00,gbpusd,1.40853,1.40854,1.40749,1.40796
2021-06-15 11:00:00+00:00,gbpusd,1.40771,1.40875,1.4076,1.40852
2021-06-15 11:15:00+00:00,gbpusd,1.40484,1.40772,1.40436,1.4077
2021-06-15 11:30:00+00:00,gbpusd,1.40484,1.40497,1.40438,1.40483
2021-06-15 11:45:00+00:00,gbpusd,1.40415,1.40485,1.40344,1.40483
2021-06-15 12:00:00+00:00,gbpusd,1.40544,1.40546,1.40411,1.40414
2021-06-15 12:15:00+00:00,gbpusd,1.40598,1.40642,1.40541,1.40543
2021-06-15 12:30:00+00:00,gbpusd,1.4064,1.40669,1.40539,1.40599
2021-06-15 12:45:00+00:00,gbpusd,1.40684,1.4069,1.40577,1.40639
2021-06-15 13:00:00+00:00,gbpusd,1.40731,1.40753,1.40668,1.40685
2021-06-15 13:15:00+00:00,gbpusd,1.40822,1.40858,1.40721,1.4073
2021-06-15 13:30:00+00:00,gbpusd,1.40846,1.40847,1.40764,1.40821
2021-06-15 13:45:00+00:00,gbpusd,1.40782,1.40907,1.40762,1.40847
2021-06-15 14:00:00+00:00,gbpusd,1.40808,1.40866,1.40778,1.40781
2021-06-15 14:15:00+00:00,gbpusd,1.40776,1.40844,1.40748,1.40807
2021-06-15 14:30:00+00:00,gbpusd,1.40782,1.40823,1.40736,1.40777
2021-06-15 14:45:00+00:00,gbpusd,1.40858,1.40947,1.40763,1.40788
2021-06-15 15:00:00+00:00,gbpusd,1.40826,1.409,1.40818,1.40855
2021-06-15 15:15:00+00:00,gbpusd,1.40918,1.40921,1.40827,1.40827
2021-06-15 15:30:00+00:00,gbpusd,1.40878,1.40922,1.40829,1.40919
2021-06-15 15:45:00+00:00,gbpusd,1.40726,1.40879,1.4072,1.40877
2021-06-15 16:00:00+00:00,gbpusd,1.40752,1.4076,1.40707,1.40727
2021-06-15 16:15:00+00:00,gbpusd,1.40805,1.40813,1.40752,1.40753
2021-06-15 16:30:00+00:00,gbpusd,1.40835,1.40836,1.4079,1.40804
2021-06-15 16:45:00+00:00,gbpusd,1.40784,1.40854,1.40777,1.40836
2021-06-15 17:00:00+00:00,gbpusd,1.40789,1.40803,1.40766,1.40785
2021-06-15 17:15:00+00:00,gbpusd,1.40774,1.40797,1.40763,1.4079
2021-06-15 17:30:00+00:00,gbpusd,1.40788,1.40792,1.40765,1.40773
2021-06-15 17:45:00+00:00,gbpusd,1.40813,1.40841,1.40786,1.40789
2021-06-15 18:00:00+00:00,gbpusd,1.40805,1.4084,1.40804,1.40814
2021-06-15 18:15:00+00:00,gbpusd,1.40827,1.40843,1.40805,1.40806
2021-06-15 18:30:00+00:00,gbpusd,1.40827,1.40838,1.40818,1.40828
2021-06-15 18:45:00+00:00,gbpusd,1.40815,1.40842,1.40815,1.40828
2021-06-15 19:00:00+00:00,gbpusd,1.40788,1.40817,1.40788,1.40816
2021-06-15 19:15:00+00:00,gbpusd,1.4078,1.40815,1.4077,1.40789
2021-06-15 19:30:00+00:00,gbpusd,1.40816,1.4082,1.40772,1.40781
2021-06-15 19:45:00+00:00,gbpusd,1.40821,1.40823,1.40802,1.40817
2021-06-15 20:00:00+00:00,gbpusd,1.40827,1.40838,1.40808,1.40822
2021-06-15 20:15:00+00:00,gbpusd,1.40819,1.4084,1.40819,1.40826
2021-06-15 20:30:00+00:00,gbpusd,1.40838,1.4084,1.40818,1.40818
2021-06-15 20:45:00+00:00,gbpusd,1.40834,1.40867,1.40819,1.40839
2021-06-15 21:00:00+00:00,gbpusd,1.40846,1.40861,1.40812,1.40831
2021-06-15 21:15:00+00:00,gbpusd,1.40831,1.40862,1.40815,1.40837
2021-06-15 21:30:00+00:00,gbpusd,1.4084,1.40858,1.40826,1.40829
2021-06-15 21:45:00+00:00,gbpusd,1.40846,1.40848,1.40823,1.40838
2021-06-15 22:00:00+00:00,gbpusd,1.40836,1.40863,1.40828,1.40845
2021-06-15 22:15:00+00:00,gbpusd,1.40826,1.40837,1.40819,1.40837
2021-06-15 22:30:00+00:00,gbpusd,1.40818,1.40825,1.40806,1.40825
2021-06-15 22:45:00+00:00,gbpusd,1.40809,1.40823,1.40806,1.40819
2021-06-15 23:00:00+00:00,gbpusd,1.4081,1.40818,1.40806,1.4081
2021-06-15 23:15:00+00:00,gbpusd,1.40807,1.4081,1.40799,1.40809
2021-06-15 23:30:00+00:00,gbpusd,1.40801,1.40809,1.4079,1.40806
2021-06-15 23:45:00+00:00,gbpusd,1.4081,1.40818,1.40799,1.408
2021-06-16 00:00:00+00:00,gbpusd,1.40818,1.4083,1.40797,1.40809
2021-06-16 00:15:00+00:00,gbpusd,1.40815,1.40838,1.40799,1.40819
2021-06-16 00:30:00+00:00,gbpusd,1.40837,1.4085,1.40809,1.40814
2021-06-16 00:45:00+00:00,gbpusd,1.40786,1.40848,1.40786,1.40838
2021-06-16 01:00:00+00:00,gbpusd,1.40779,1.40799,1.40777,1.40787
2021-06-16 01:15:00+00:00,gbpusd,1.4078,1.4079,1.40767,1.4078
2021-06-16 01:30:00+00:00,gbpusd,1.40795,1.4081,1.40771,1.40779
2021-06-16 01:45:00+00:00,gbpusd,1.40796,1.40829,1.40789,1.40796
2021-06-16 02:00:00+00:00,gbpusd,1.40787,1.40815,1.40786,1.40795
2021-06-16 02:15:00+00:00,gbpusd,1.40788,1.40796,1.40773,1.40788
2021-06-16 02:30:00+00:00,gbpusd,1.40799,1.40809,1.40775,1.40789
2021-06-16 02:45:00+00:00,gbpusd,1.40816,1.4082,1.40785,1.408
2021-06-16 03:00:00+00:00,gbpusd,1.40806,1.40818,1.40796,1.40817
2021-06-16 03:15:00+00:00,gbpusd,1.40827,1.4083,1.408,1.40807
2021-06-16 03:30:00+00:00,gbpusd,1.4082,1.40832,1.40808,1.40828
2021-06-16 03:45:00+00:00,gbpusd,1.40826,1.40834,1.40812,1.40819
2021-06-16 04:00:00+00:00,gbpusd,1.40831,1.4085,1.40818,1.40827
2021-06-16 04:15:00+00:00,gbpusd,1.40868,1.40874,1.4083,1.4083
2021-06-16 04:30:00+00:00,gbpusd,1.40889,1.40898,1.40862,1.40869
2021-06-16 04:45:00+00:00,gbpusd,1.40878,1.40895,1.40875,1.40888
2021-06-16 05:00:00+00:00,gbpusd,1.40886,1.40896,1.40866,1.40879
2021-06-16 05:15:00+00:00,gbpusd,1.40897,1.40909,1.40855,1.40887
2021-06-16 05:30:00+00:00,gbpusd,1.40918,1.40929,1.40888,1.40896
2021-06-16 05:45:00+00:00,gbpusd,1.4089,1.40929,1.4087,1.40919
2021-06-16 06:00:00+00:00,gbpusd,1.40937,1.41009,1.40888,1.40891
2021-06-16 06:15:00+00:00,gbpusd,1.40849,1.40936,1.40849,1.40936
2021-06-16 06:30:00+00:00,gbpusd,1.41098,1.4111,1.40847,1.40848
2021-06-16 06:45:00+00:00,gbpusd,1.41139,1.41205,1.41082,1.41097
2021-06-16 07:00:00+00:00,gbpusd,1.41155,1.41234,1.41097,1.41138
2021-06-16 07:15:00+00:00,gbpusd,1.41165,1.41205,1.41108,1.41154
2021-06-16 07:30:00+00:00,gbpusd,1.41118,1.41169,1.41063,1.41166
2021-06-16 07:45:00+00:00,gbpusd,1.41185,1.41187,1.41118,1.41119
2021-06-16 08:00:00+00:00,gbpusd,1.41107,1.41198,1.41095,1.41184
2021-06-16 08:15:00+00:00,gbpusd,1.41078,1.41123,1.41066,1.41106
2021-06-16 08:30:00+00:00,gbpusd,1.41037,1.41098,1.41036,1.41077
2021-06-16 08:45:00+00:00,gbpusd,1.41039,1.41082,1.41028,1.41038
2021-06-16 09:00:00+00:00,gbpusd,1.41036,1.41058,1.4099,1.41038
2021-06-16 09:15:00+00:00,gbpusd,1.41099,1.41134,1.4103,1.41035
2021-06-16 09:30:00+00:00,gbpusd,1.41078,1.41107,1.41076,1.411
2021-06-16 09:45:00+00:00,gbpusd,1.41134,1.41156,1.41072,1.41079
2021-06-16 10:00:00+00:00,gbpusd,1.41166,1.41193,1.41132,1.41135
2021-06-16 10:15:00+00:00,gbpusd,1.41168,1.41193,1.41156,1.41166
2021-06-16 10:30:00+00:00,gbpusd,1.41118,1.4119,1.41111,1.41167
2021-06-16 10:45:00+00:00,gbpusd,1.41169,1.41177,1.41102,1.41119
2021-06-16 11:00:00+00:00,gbpusd,1.41131,1.41186,1.41101,1.4117
2021-06-16 11:15:00+00:00,gbpusd,1.41161,1.41169,1.41116,1.4113
2021-06-16 11:30:00+00:00,gbpusd,1.41137,1.41178,1.41137,1.4116
2021-06-16 11:45:00+00:00,gbpusd,1.41166,1.41185,1.41124,1.41138
2021-06-16 12:00:00+00:00,gbpusd,1.41264,1.41286,1.4116,1.41167
2021-06-16 12:15:00+00:00,gbpusd,1.41227,1.41328,1.41211,1.41265
2021-06-16 12:30:00+00:00,gbpusd,1.4118,1.41231,1.41154,1.41228
2021-06-16 12:45:00+00:00,gbpusd,1.41115,1.41205,1.41109,1.41179
2021-06-16 13:00:00+00:00,gbpusd,1.41173,1.41207,1.41108,1.41116
2021-06-16 13:15:00+00:00,gbpusd,1.41087,1.41178,1.41076,1.41172
2021-06-16 13:30:00+00:00,gbpusd,1.41118,1.41119,1.41054,1.41086
2021-06-16 13:45:00+00:00,gbpusd,1.41189,1.412,1.41059,1.41117
2021-06-16 14:00:00+00:00,gbpusd,1.41109,1.41199,1.41107,1.4119
2021-06-16 14:15:00+00:00,gbpusd,1.41107,1.41137,1.41067,1.4111
2021-06-16 14:30:00+00:00,gbpusd,1.41088,1.4114,1.41061,1.41108
2021-06-16 14:45:00+00:00,gbpusd,1.41042,1.4109,1.41002,1.41087
2021-06-16 15:00:00+00:00,gbpusd,1.41065,1.41068,1.41003,1.41041
2021-06-16 15:15:00+00:00,gbpusd,1.41041,1.41083,1.41029,1.41064
2021-06-16 15:30:00+00:00,gbpusd,1.41039,1.41054,1.41018,1.4104
2021-06-16 15:45:00+00:00,gbpusd,1.41088,1.4111,1.41036,1.41038
2021-06-16 16:00:00+00:00,gbpusd,1.41129,1.41138,1.41078,1.41089
2021-06-16 16:15:00+00:00,gbpusd,1.41043,1.41132,1.41042,1.4113
2021-06-16 16:30:00+00:00,gbpusd,1.4101,1.41063,1.41009,1.41044
2021-06-16 16:45:00+00:00,gbpusd,1.41027,1.4103,1.4099,1.41011
2021-06-16 17:00:00+00:00,gbpusd,1.40979,1.41027,1.40974,1.41026
2021-06-16 17:15:00+00:00,gbpusd,1.40961,1.40982,1.40959,1.40978
2021-06-16 17:30:00+00:00,gbpusd,1.40982,1.40993,1.40961,1.40962
2021-06-16 17:45:00+00:00,gbpusd,1.41034,1.41052,1.4098,1.40981
2021-06-16 18:00:00+00:00,gbpusd,1.4044,1.41036,1.40422,1.41035
2021-06-16 18:15:00+00:00,gbpusd,1.40409,1.40621,1.40352,1.40441
2021-06-16 18:30:00+00:00,gbpusd,1.40268,1.40437,1.40258,1.40397
2021-06-16 18:45:00+00:00,gbpusd,1.40249,1.40312,1.40166,1.40268
2021-06-16 19:00:00+00:00,gbpusd,1.40308,1.40382,1.4021,1.40248
2021-06-16 19:15:00+00:00,gbpusd,1.40233,1.40318,1.40173,1.40307
2021-06-16 19:30:00+00:00,gbpusd,1.40155,1.40283,1.40139,1.40234
2021-06-16 19:45:00+00:00,gbpusd,1.40049,1.40189,1.40025,1.40156
2021-06-16 20:00:00+00:00,gbpusd,1.40177,1.40212,1.39987,1.40026
2021-06-16 20:15:00+00:00,gbpusd,1.40147,1.40169,1.39995,1.40145
2021-06-16 20:30:00+00:00,gbpusd,1.40129,1.4023,1.40115,1.40146
2021-06-16 20:45:00+00:00,gbpusd,1.40108,1.4021,1.40092,1.40128
2021-06-16 21:00:00+00:00,gbpusd,1.40038,1.40142,1.40009,1.401
2021-06-16 21:15:00+00:00,gbpusd,1.39855,1.40042,1.39853,1.40033
2021-06-16 21:30:00+00:00,gbpusd,1.3984,1.39933,1.39827,1.39854
2021-06-16 21:45:00+00:00,gbpusd,1.39869,1.39958,1.39832,1.39837
2021-06-16 22:00:00+00:00,gbpusd,1.39893,1.39902,1.39851,1.3987
2021-06-16 22:15:00+00:00,gbpusd,1.39931,1.39936,1.39874,1.39892
2021-06-16 22:30:00+00:00,gbpusd,1.39935,1.39954,1.3993,1.39932
2021-06-16 22:45:00+00:00,gbpusd,1.39942,1.39961,1.39928,1.39936
2021-06-16 23:00:00+00:00,gbpusd,1.39912,1.39942,1.39891,1.39941
2021-06-16 23:15:00+00:00,gbpusd,1.39892,1.39915,1.39868,1.39913
2021-06-16 23:30:00+00:00,gbpusd,1.39859,1.39902,1.3984,1.39891
2021-06-16 23:45:00+00:00,gbpusd,1.39892,1.39892,1.39858,1.3986
2021-06-17 00:00:00+00:00,gbpusd,1.3974,1.39892,1.3974,1.39891
2021-06-17 00:15:00+00:00,gbpusd,1.39842,1.39842,1.39713,1.39741
2021-06-17 00:30:00+00:00,gbpusd,1.39852,1.39879,1.39822,1.39843
2021-06-17 00:45:00+00:00,gbpusd,1.3976,1.39852,1.39729,1.3985
2021-06-17 01:00:00+00:00,gbpusd,1.39841,1.39862,1.39756,1.39761
2021-06-17 01:15:00+00:00,gbpusd,1.39894,1.39908,1.39811,1.3984
2021-06-17 01:30:00+00:00,gbpusd,1.39863,1.39936,1.39849,1.39893
2021-06-17 01:45:00+00:00,gbpusd,1.39902,1.39921,1.39839,1.39864
2021-06-17 02:00:00+00:00,gbpusd,1.39962,1.39975,1.39901,1.39901
2021-06-17 02:15:00+00:00,gbpusd,1.40001,1.40003,1.39953,1.39961
2021-06-17 02:30:00+00:00,gbpusd,1.39967,1.4,1.39921,1.4
2021-06-17 02:45:00+00:00,gbpusd,1.40019,1.40033,1.39961,1.39968
2021-06-17 03:00:00+00:00,gbpusd,1.39983,1.40023,1.3997,1.40018
2021-06-17 03:15:00+00:00,gbpusd,1.39948,1.39988,1.39945,1.39984
2021-06-17 03:30:00+00:00,gbpusd,1.3995,1.39963,1.39938,1.39949
2021-06-17 03:45:00+00:00,gbpusd,1.39926,1.3995,1.39926,1.39949
2021-06-17 04:00:00+00:00,gbpusd,1.3994,1.3995,1.39916,1.39925
2021-06-17 04:15:00+00:00,gbpusd,1.39941,1.39964,1.39939,1.39941
2021-06-17 04:30:00+00:00,gbpusd,1.39951,1.3996,1.39937,1.39942
2021-06-17 04:45:00+00:00,gbpusd,1.39991,1.39992,1.3995,1.3995
2021-06-17 05:00:00+00:00,gbpusd,1.39963,1.3999,1.39946,1.3999
2021-06-17 05:15:00+00:00,gbpusd,1.39987,1.39992,1.39954,1.39964
2021-06-17 05:30:00+00:00,gbpusd,1.4004,1.40043,1.39968,1.39988
2021-06-17 05:45:00+00:00,gbpusd,1.40049,1.40088,1.40029,1.40039
2021-06-17 06:00:00+00:00,gbpusd,1.39911,1.40059,1.39834,1.40048
2021-06-17 06:15:00+00:00,gbpusd,1.3989,1.39931,1.39849,1.39903
2021-06-17 06:30:00+00:00,gbpusd,1.39889,1.40003,1.39839,1.39889
2021-06-17 06:45:00+00:00,gbpusd,1.39942,1.39955,1.39826,1.39888
2021-06-17 07:00:00+00:00,gbpusd,1.39821,1.40013,1.39806,1.39943
2021-06-17 07:15:00+00:00,gbpusd,1.39804,1.39828,1.39741,1.39822
2021-06-17 07:30:00+00:00,gbpusd,1.39683,1.39808,1.39679,1.39801
2021-06-17 07:45:00+00:00,gbpusd,1.39753,1.39824,1.39662,1.39681
2021-06-17 08:00:00+00:00,gbpusd,1.39892,1.39964,1.39738,1.3975
2021-06-17 08:15:00+00:00,gbpusd,1.39888,1.399,1.39779,1.39891
2021-06-17 08:30:00+00:00,gbpusd,1.39831,1.39897,1.39798,1.39889
2021-06-17 08:45:00+00:00,gbpusd,1.3976,1.39842,1.39722,1.39832
2021-06-17 09:00:00+00:00,gbpusd,1.3979,1.39821,1.39738,1.39767
2021-06-17 09:15:00+00:00,gbpusd,1.39791,1.39822,1.39772,1.39789
2021-06-17 09:30:00+00:00,gbpusd,1.39829,1.3984,1.39716,1.39792
2021-06-17 09:45:00+00:00,gbpusd,1.39734,1.39837,1.39718,1.3983
2021-06-17 10:00:00+00:00,gbpusd,1.3957,1.39756,1.39556,1.39735
2021-06-17 10:15:00+00:00,gbpusd,1.39439,1.39568,1.39342,1.39566
2021-06-17 10:30:00+00:00,gbpusd,1.39432,1.39497,1.39419,1.3944
2021-06-17 10:45:00+00:00,gbpusd,1.39428,1.3946,1.39414,1.39431
2021-06-17 11:00:00+00:00,gbpusd,1.39448,1.39464,1.39447,1.39458
2021-06-17 11:15:00+00:00,gbpusd,1.39567,1.3958,1.39415,1.39449
2021-06-17 11:30:00+00:00,gbpusd,1.39515,1.39589,1.39476,1.39566
2021-06-17 11:45:00+00:00,gbpusd,1.39482,1.3959,1.39475,1.39516
2021-06-17 12:00:00+00:00,gbpusd,1.39567,1.39626,1.39458,1.39476
2021-06-17 12:15:00+00:00,gbpusd,1.39543,1.39577,1.39502,1.39566
2021-06-17 12:30:00+00:00,gbpusd,1.39546,1.39619,1.39499,1.39544
2021-06-17 12:45:00+00:00,gbpusd,1.39278,1.39555,1.39229,1.39545
2021-06-17 13:00:00+00:00,gbpusd,1.39285,1.3932,1.39202,1.39275
2021-06-17 13:15:00+00:00,gbpusd,1.39392,1.3941,1.39261,1.39286
2021-06-17 13:30:00+00:00,gbpusd,1.39542,1.39546,1.39393,1.39393
2021-06-17 13:45:00+00:00,gbpusd,1.39478,1.39583,1.39468,1.39541
2021-06-17 14:00:00+00:00,gbpusd,1.3944,1.39491,1.39384,1.39479
2021-06-17 14:15:00+00:00,gbpusd,1.3941,1.39443,1.39367,1.39441
2021-06-17 14:30:00+00:00,gbpusd,1.39485,1.39504,1.39379,1.39411
2021-06-17 14:45:00+00:00,gbpusd,1.39541,1.39594,1.39439,1.39486
2021-06-17 15:00:00+00:00,gbpusd,1.39601,1.39619,1.39481,1.39542
2021-06-17 15:15:00+00:00,gbpusd,1.39481,1.39626,1.39473,1.39599
2021-06-17 15:30:00+00:00,gbpusd,1.39302,1.39484,1.39278,1.39483
2021-06-17 15:45:00+00:00,gbpusd,1.39343,1.39352,1.3925,1.39299
2021-06-17 16:00:00+00:00,gbpusd,1.39191,1.39377,1.39188,1.39339
2021-06-17 16:15:00+00:00,gbpusd,1.39144,1.39203,1.3909,1.39191
2021-06-17 16:30:00+00:00,gbpusd,1.38999,1.392,1.38988,1.39142
2021-06-17 16:45:00+00:00,gbpusd,1.39014,1.39055,1.38989,1.38998
2021-06-17 17:00:00+00:00,gbpusd,1.3905,1.39075,1.3896,1.39015
2021-06-17 17:15:00+00:00,gbpusd,1.39112,1.39112,1.39022,1.3905
2021-06-17 17:30:00+00:00,gbpusd,1.39192,1.39193,1.39083,1.39111
2021-06-17 17:45:00+00:00,gbpusd,1.39245,1.39247,1.39163,1.39193
2021-06-17 18:00:00+00:00,gbpusd,1.39273,1.39297,1.3924,1.39246
2021-06-17 18:15:00+00:00,gbpusd,1.39302,1.39308,1.39254,1.39274
2021-06-17 18:30:00+00:00,gbpusd,1.3933,1.39354,1.39279,1.39303
2021-06-17 18:45:00+00:00,gbpusd,1.39283,1.3933,1.39275,1.39329
2021-06-17 20:45:00+00:00,gbpusd,1.39256,1.39291,1.39239,1.39249
2021-06-17 21:00:00+00:00,gbpusd,1.39233,1.39247,1.39174,1.39234
2021-06-17 21:15:00+00:00,gbpusd,1.39239,1.39279,1.39211,1.39254
2021-06-17 21:30:00+00:00,gbpusd,1.39245,1.39271,1.39238,1.39238
2021-06-17 21:45:00+00:00,gbpusd,1.39267,1.39269,1.39205,1.39246
2021-06-17 22:00:00+00:00,gbpusd,1.393,1.39315,1.39228,1.39268
2021-06-17 22:15:00+00:00,gbpusd,1.39315,1.39315,1.39291,1.39301
2021-06-17 22:30:00+00:00,gbpusd,1.39328,1.39343,1.39304,1.39314
2021-06-17 22:45:00+00:00,gbpusd,1.39326,1.39339,1.39312,1.39327
2021-06-17 23:00:00+00:00,gbpusd,1.3935,1.3935,1.39324,1.39327
2021-06-17 23:15:00+00:00,gbpusd,1.39338,1.39349,1.39334,1.39349
2021-06-17 23:30:00+00:00,gbpusd,1.39374,1.39375,1.39324,1.39339
2021-06-17 23:45:00+00:00,gbpusd,1.39381,1.39395,1.39364,1.39372
2021-06-18 00:00:00+00:00,gbpusd,1.39382,1.39394,1.39343,1.3938
2021-06-18 00:15:00+00:00,gbpusd,1.39412,1.39424,1.39371,1.39383
2021-06-18 00:30:00+00:00,gbpusd,1.39382,1.39423,1.39378,1.39411
2021-06-18 00:45:00+00:00,gbpusd,1.3934,1.39393,1.39308,1.39381
2021-06-18 01:00:00+00:00,gbpusd,1.39322,1.39352,1.39298,1.39341
2021-06-18 01:15:00+00:00,gbpusd,1.39335,1.39351,1.39319,1.39323
2021-06-18 01:30:00+00:00,gbpusd,1.39423,1.39434,1.39329,1.39334
2021-06-18 01:45:00+00:00,gbpusd,1.39424,1.39429,1.39387,1.39422
2021-06-18 02:00:00+00:00,gbpusd,1.394,1.39447,1.39385,1.39423
2021-06-18 02:15:00+00:00,gbpusd,1.39359,1.39402,1.39322,1.39401
2021-06-18 02:30:00+00:00,gbpusd,1.39371,1.39402,1.39341,1.39358
2021-06-18 02:45:00+00:00,gbpusd,1.3933,1.39381,1.39319,1.39372
2021-06-18 03:00:00+00:00,gbpusd,1.39333,1.39343,1.39315,1.39331
2021-06-18 03:15:00+00:00,gbpusd,1.39327,1.39346,1.39316,1.39334
2021-06-18 03:30:00+00:00,gbpusd,1.39291,1.39326,1.3929,1.39326
2021-06-18 03:45:00+00:00,gbpusd,1.39272,1.3929,1.39259,1.3929
2021-06-18 04:00:00+00:00,gbpusd,1.39258,1.3928,1.39258,1.39271
2021-06-18 04:15:00+00:00,gbpusd,1.3922,1.39265,1.39219,1.39259
2021-06-18 04:30:00+00:00,gbpusd,1.3918,1.3923,1.39169,1.39219
2021-06-18 04:45:00+00:00,gbpusd,1.39116,1.39191,1.39116,1.39181
2021-06-18 05:00:00+00:00,gbpusd,1.38975,1.39128,1.3897,1.39115
2021-06-18 05:15:00+00:00,gbpusd,1.38992,1.39018,1.38969,1.38976
2021-06-18 05:30:00+00:00,gbpusd,1.39,1.39017,1.38951,1.38993
2021-06-18 05:45:00+00:00,gbpusd,1.39034,1.39067,1.38996,1.38999
2021-06-18 06:00:00+00:00,gbpusd,1.38951,1.3904,1.3889,1.39035
2021-06-18 06:15:00+00:00,gbpusd,1.3887,1.38996,1.38798,1.38952
2021-06-18 06:30:00+00:00,gbpusd,1.38779,1.38872,1.38774,1.38871
2021-06-18 06:45:00+00:00,gbpusd,1.38613,1.38814,1.38606,1.38778
2021-06-18 07:00:00+00:00,gbpusd,1.38691,1.38741,1.38555,1.38612
2021-06-18 07:15:00+00:00,gbpusd,1.38683,1.38691,1.38575,1.3869
2021-06-18 07:30:00+00:00,gbpusd,1.3871,1.38736,1.38616,1.38679
2021-06-18 07:45:00+00:00,gbpusd,1.38902,1.38914,1.38693,1.38711
2021-06-18 08:00:00+00:00,gbpusd,1.38831,1.38907,1.38758,1.38903
2021-06-18 08:15:00+00:00,gbpusd,1.38983,1.38993,1.38825,1.3883
2021-06-18 08:30:00+00:00,gbpusd,1.38849,1.38982,1.38834,1.38982
2021-06-18 08:45:00+00:00,gbpusd,1.38797,1.38866,1.38797,1.38848
2021-06-18 09:00:00+00:00,gbpusd,1.38913,1.38933,1.38701,1.38796
2021-06-18 09:15:00+00:00,gbpusd,1.3906,1.39103,1.38911,1.38912
2021-06-18 09:30:00+00:00,gbpusd,1.38988,1.3906,1.38946,1.39059
2021-06-18 09:45:00+00:00,gbpusd,1.39023,1.39041,1.38923,1.38987
2021-06-18 10:00:00+00:00,gbpusd,1.38934,1.39032,1.38902,1.39024
2021-06-18 10:15:00+00:00,gbpusd,1.39033,1.39063,1.38917,1.38935
2021-06-18 10:30:00+00:00,gbpusd,1.39047,1.39105,1.39003,1.39032
2021-06-18 10:45:00+00:00,gbpusd,1.39032,1.39093,1.38997,1.39046
2021-06-18 11:00:00+00:00,gbpusd,1.39009,1.39047,1.38978,1.39031
2021-06-18 11:15:00+00:00,gbpusd,1.3895,1.39024,1.38932,1.3901
2021-06-18 11:30:00+00:00,gbpusd,1.38848,1.38953,1.38791,1.38949
2021-06-18 11:45:00+00:00,gbpusd,1.38911,1.38915,1.38796,1.38847
2021-06-18 12:00:00+00:00,gbpusd,1.38741,1.38913,1.38708,1.38912
2021-06-18 12:15:00+00:00,gbpusd,1.38645,1.38748,1.38621,1.3874
2021-06-18 12:30:00+00:00,gbpusd,1.38532,1.38652,1.38508,1.38646
2021-06-18 12:45:00+00:00,gbpusd,1.38565,1.38644,1.3853,1.38532
2021-06-18 13:00:00+00:00,gbpusd,1.38523,1.38614,1.38509,1.38564
2021-06-18 13:15:00+00:00,gbpusd,1.38581,1.38581,1.38445,1.38524
2021-06-18 13:30:00+00:00,gbpusd,1.38603,1.38618,1.38524,1.38581
2021-06-18 13:45:00+00:00,gbpusd,1.3853,1.38613,1.38505,1.38602
2021-06-18 14:00:00+00:00,gbpusd,1.38501,1.38559,1.38461,1.38531
2021-06-18 14:15:00+00:00,gbpusd,1.38434,1.385,1.38316,1.385
2021-06-18 14:30:00+00:00,gbpusd,1.38401,1.38478,1.38355,1.38435
2021-06-18 14:45:00+00:00,gbpusd,1.38247,1.38449,1.38242,1.38402
2021-06-18 15:00:00+00:00,gbpusd,1.38323,1.3835,1.38243,1.38248
2021-06-18 15:15:00+00:00,gbpusd,1.38233,1.38344,1.38204,1.38325
2021-06-18 15:30:00+00:00,gbpusd,1.3827,1.38289,1.38165,1.38232
2021-06-18 15:45:00+00:00,gbpusd,1.38248,1.3833,1.38187,1.38268
2021-06-18 16:00:00+00:00,gbpusd,1.38212,1.38303,1.38154,1.38249
2021-06-18 16:15:00+00:00,gbpusd,1.3805,1.38238,1.38048,1.38211
2021-06-18 16:30:00+00:00,gbpusd,1.3802,1.3811,1.38014,1.38055
2021-06-18 16:45:00+00:00,gbpusd,1.38032,1.38068,1.37953,1.38022
2021-06-18 17:00:00+00:00,gbpusd,1.38161,1.38162,1.37986,1.38033
2021-06-18 17:15:00+00:00,gbpusd,1.3813,1.38188,1.38088,1.3816
2021-06-18 17:30:00+00:00,gbpusd,1.38212,1.38231,1.3812,1.38129
2021-06-18 17:45:00+00:00,gbpusd,1.38182,1.38241,1.38098,1.38214
2021-06-18 18:00:00+00:00,gbpusd,1.38246,1.38252,1.3816,1.38179
2021-06-18 18:15:00+00:00,gbpusd,1.38239,1.38293,1.38224,1.38242
2021-06-18 18:30:00+00:00,gbpusd,1.38216,1.38277,1.38182,1.3824
2021-06-18 18:45:00+00:00,gbpusd,1.38273,1.38332,1.3821,1.38217
2021-06-18 19:00:00+00:00,gbpusd,1.38221,1.38283,1.38221,1.38272
2021-06-18 19:15:00+00:00,gbpusd,1.38169,1.38236,1.38156,1.38222
2021-06-18 19:30:00+00:00,gbpusd,1.3814,1.38182,1.38128,1.3817
2021-06-18 19:45:00+00:00,gbpusd,1.38147,1.3817,1.38084,1.38139
2021-06-18 20:00:00+00:00,gbpusd,1.38091,1.38148,1.38072,1.38146
2021-06-18 20:15:00+00:00,gbpusd,1.38032,1.38093,1.38007,1.3809
2021-06-18 20:30:00+00:00,gbpusd,1.37977,1.38032,1.3795,1.38031
2021-06-18 20:45:00+00:00,gbpusd,1.38031,1.38031,1.37923,1.37976
2021-06-20 21:00:00+00:00,gbpusd,1.3813,1.38153,1.38076,1.38101
2021-06-20 21:15:00+00:00,gbpusd,1.38067,1.38168,1.3801,1.38121
2021-06-20 21:30:00+00:00,gbpusd,1.3802,1.38125,1.37988,1.38059
2021-06-20 21:45:00+00:00,gbpusd,1.37982,1.38043,1.37979,1.38021
2021-06-20 22:00:00+00:00,gbpusd,1.38107,1.38115,1.37964,1.37979
2021-06-20 22:15:00+00:00,gbpusd,1.38088,1.38159,1.38079,1.38106
2021-06-20 22:30:00+00:00,gbpusd,1.3814,1.38145,1.38076,1.38087
2021-06-20 22:45:00+00:00,gbpusd,1.38166,1.382,1.3814,1.38141
2021-06-20 23:00:00+00:00,gbpusd,1.38192,1.38201,1.3816,1.38167
2021-06-20 23:15:00+00:00,gbpusd,1.38222,1.38225,1.3818,1.3819
2021-06-20 23:30:00+00:00,gbpusd,1.3819,1.38235,1.38171,1.38221
2021-06-20 23:45:00+00:00,gbpusd,1.38166,1.38211,1.38158,1.38189
2021-06-21 00:00:00+00:00,gbpusd,1.38217,1.38241,1.3815,1.38167
2021-06-21 00:15:00+00:00,gbpusd,1.3821,1.38238,1.38189,1.38216
2021-06-21 00:30:00+00:00,gbpusd,1.38239,1.38244,1.38189,1.38209
2021-06-21 00:45:00+00:00,gbpusd,1.38282,1.3829,1.38238,1.3824
2021-06-21 01:00:00+00:00,gbpusd,1.38259,1.38287,1.382,1.38283
2021-06-21 01:15:00+00:00,gbpusd,1.38229,1.38292,1.38228,1.3826
2021-06-21 01:30:00+00:00,gbpusd,1.38228,1.38273,1.38197,1.38228
2021-06-21 01:45:00+00:00,gbpusd,1.38125,1.38253,1.38122,1.38229
2021-06-21 02:00:00+00:00,gbpusd,1.38199,1.38229,1.38111,1.38124
2021-06-21 02:15:00+00:00,gbpusd,1.38161,1.38209,1.38127,1.382
2021-06-21 02:30:00+00:00,gbpusd,1.38151,1.3818,1.3813,1.38162
2021-06-21 02:45:00+00:00,gbpusd,1.3814,1.3816,1.38083,1.3815
2021-06-21 03:00:00+00:00,gbpusd,1.38079,1.38145,1.38063,1.38139
2021-06-21 03:15:00+00:00,gbpusd,1.38001,1.38082,1.37951,1.3808
2021-06-21 03:30:00+00:00,gbpusd,1.37889,1.38002,1.37877,1.38002
2021-06-21 03:45:00+00:00,gbpusd,1.37948,1.3799,1.37867,1.37888
2021-06-21 04:00:00+00:00,gbpusd,1.38007,1.38029,1.37927,1.37949
2021-06-21 04:15:00+00:00,gbpusd,1.37946,1.38015,1.37942,1.38006
2021-06-21 04:30:00+00:00,gbpusd,1.37939,1.3796,1.37901,1.37947
2021-06-21 04:45:00+00:00,gbpusd,1.38008,1.38017,1.37933,1.37938
2021-06-21 05:00:00+00:00,gbpusd,1.37997,1.3802,1.37982,1.38007
2021-06-21 05:15:00+00:00,gbpusd,1.38007,1.38027,1.37955,1.37998
2021-06-21 05:30:00+00:00,gbpusd,1.37937,1.38008,1.37917,1.38008
2021-06-21 05:45:00+00:00,gbpusd,1.38096,1.38096,1.37917,1.37936
2021-06-21 06:00:00+00:00,gbpusd,1.38136,1.38151,1.38026,1.38097
2021-06-21 06:15:00+00:00,gbpusd,1.38132,1.38176,1.38099,1.38135
2021-06-21 06:30:00+00:00,gbpusd,1.38099,1.38206,1.38088,1.38133
2021-06-21 06:45:00+00:00,gbpusd,1.38193,1.38282,1.38088,1.381
2021-06-21 07:00:00+00:00,gbpusd,1.38116,1.38238,1.38056,1.38195
2021-06-21 07:15:00+00:00,gbpusd,1.38058,1.38123,1.38011,1.38117
2021-06-21 07:30:00+00:00,gbpusd,1.38285,1.38286,1.38041,1.38057
2021-06-21 07:45:00+00:00,gbpusd,1.38334,1.38346,1.38224,1.38284
2021-06-21 08:00:00+00:00,gbpusd,1.38386,1.38402,1.38322,1.38333
2021-06-21 08:15:00+00:00,gbpusd,1.38346,1.38385,1.38329,1.38385
2021-06-21 08:30:00+00:00,gbpusd,1.38399,1.38439,1.38339,1.38347
2021-06-21 08:45:00+00:00,gbpusd,1.38414,1.38454,1.38337,1.384
2021-06-21 09:00:00+00:00,gbpusd,1.38525,1.3854,1.38385,1.38417
2021-06-21 09:15:00+00:00,gbpusd,1.38695,1.38698,1.38515,1.38524
2021-06-21 09:30:00+00:00,gbpusd,1.38627,1.38779,1.38627,1.38694
2021-06-21 09:45:00+00:00,gbpusd,1.38711,1.38742,1.38623,1.38626
2021-06-21 10:00:00+00:00,gbpusd,1.38619,1.38728,1.38594,1.3871
2021-06-21 10:15:00+00:00,gbpusd,1.38676,1.38709,1.386,1.38618
2021-06-21 10:30:00+00:00,gbpusd,1.38801,1.38808,1.3865,1.38675
2021-06-21 10:45:00+00:00,gbpusd,1.38779,1.38877,1.38776,1.388
2021-06-21 11:00:00+00:00,gbpusd,1.38856,1.38859,1.3876,1.38777
2021-06-21 11:15:00+00:00,gbpusd,1.38825,1.38859,1.38735,1.38855
2021-06-21 11:30:00+00:00,gbpusd,1.38799,1.38878,1.38795,1.38824
2021-06-21 11:45:00+00:00,gbpusd,1.38769,1.38804,1.38693,1.388
2021-06-21 12:00:00+00:00,gbpusd,1.38796,1.38805,1.38679,1.3877
2021-06-21 12:15:00+00:00,gbpusd,1.38724,1.38802,1.38714,1.38797
2021-06-21 12:30:00+00:00,gbpusd,1.38726,1.38734,1.38693,1.38723
2021-06-21 12:45:00+00:00,gbpusd,1.38744,1.38744,1.3867,1.38727
2021-06-21 13:00:00+00:00,gbpusd,1.38747,1.38773,1.38725,1.38743
2021-06-21 13:15:00+00:00,gbpusd,1.38943,1.38953,1.38716,1.38746
2021-06-21 13:30:00+00:00,gbpusd,1.38919,1.38956,1.38864,1.38942
2021-06-21 13:45:00+00:00,gbpusd,1.38986,1.38987,1.38801,1.38918
2021-06-21 14:00:00+00:00,gbpusd,1.39127,1.39133,1.38955,1.38974
2021-06-21 14:15:00+00:00,gbpusd,1.39154,1.39191,1.39078,1.39128
2021-06-21 14:30:00+00:00,gbpusd,1.3913,1.39158,1.39067,1.39153
2021-06-21 14:45:00+00:00,gbpusd,1.39042,1.39188,1.39012,1.39131
2021-06-21 15:00:00+00:00,gbpusd,1.39121,1.39166,1.39032,1.3904
2021-06-21 15:15:00+00:00,gbpusd,1.39161,1.39178,1.39113,1.3912
2021-06-21 15:30:00+00:00,gbpusd,1.3915,1.39164,1.39112,1.39164
2021-06-21 15:45:00+00:00,gbpusd,1.39139,1.39179,1.39138,1.39149
2021-06-21 16:00:00+00:00,gbpusd,1.39171,1.39183,1.3913,1.3914
2021-06-21 16:15:00+00:00,gbpusd,1.39215,1.39219,1.39141,1.39172
2021-06-21 16:30:00+00:00,gbpusd,1.39252,1.39269,1.3921,1.39214
2021-06-21 16:45:00+00:00,gbpusd,1.39282,1.39322,1.39253,1.39253
2021-06-21 17:00:00+00:00,gbpusd,1.39271,1.39302,1.39241,1.39281
2021-06-21 17:15:00+00:00,gbpusd,1.39282,1.39322,1.39266,1.39272
2021-06-21 17:30:00+00:00,gbpusd,1.39315,1.39344,1.39261,1.39281
2021-06-21 17:45:00+00:00,gbpusd,1.39294,1.39343,1.39289,1.39314
2021-06-21 18:00:00+00:00,gbpusd,1.39309,1.39314,1.39271,1.39293
2021-06-21 18:15:00+00:00,gbpusd,1.39333,1.39345,1.39302,1.39308
2021-06-21 18:30:00+00:00,gbpusd,1.39322,1.3935,1.39301,1.39332
2021-06-21 18:45:00+00:00,gbpusd,1.39286,1.39352,1.39286,1.39321
2021-06-21 19:00:00+00:00,gbpusd,1.39332,1.39362,1.39285,1.39287
2021-06-21 19:15:00+00:00,gbpusd,1.39346,1.39371,1.39329,1.39333
2021-06-21 19:30:00+00:00,gbpusd,1.39313,1.39353,1.39312,1.39347
2021-06-21 19:45:00+00:00,gbpusd,1.39321,1.39336,1.39299,1.39314
2021-06-21 20:00:00+00:00,gbpusd,1.39282,1.39322,1.39279,1.3932
2021-06-21 20:15:00+00:00,gbpusd,1.39285,1.39296,1.39281,1.39281
2021-06-21 20:30:00+00:00,gbpusd,1.39332,1.39333,1.39273,1.39284
2021-06-21 20:45:00+00:00,gbpusd,1.39337,1.39353,1.39322,1.39331
2021-06-21 21:00:00+00:00,gbpusd,1.39349,1.39367,1.39326,1.39339
2021-06-21 21:15:00+00:00,gbpusd,1.39357,1.39366,1.3933,1.39346
2021-06-21 21:30:00+00:00,gbpusd,1.39359,1.39367,1.39351,1.39358
2021-06-21 21:45:00+00:00,gbpusd,1.39369,1.39371,1.39353,1.3936
2021-06-21 22:00:00+00:00,gbpusd,1.39351,1.3937,1.3935,1.39368
2021-06-21 22:15:00+00:00,gbpusd,1.39333,1.39352,1.3933,1.3935
2021-06-21 22:30:00+00:00,gbpusd,1.39294,1.39339,1.39286,1.39334
2021-06-21 22:45:00+00:00,gbpusd,1.39303,1.39315,1.39293,1.39293
2021-06-21 23:00:00+00:00,gbpusd,1.39274,1.39304,1.39273,1.39302
2021-06-21 23:15:00+00:00,gbpusd,1.39296,1.39296,1.39264,1.39273
2021-06-21 23:30:00+00:00,gbpusd,1.39296,1.39319,1.39278,1.39297
2021-06-21 23:45:00+00:00,gbpusd,1.39245,1.39296,1.39244,1.39295
2021-06-22 00:00:00+00:00,gbpusd,1.39188,1.39256,1.39184,1.39244
2021-06-22 00:15:00+00:00,gbpusd,1.39183,1.39234,1.39182,1.39189
2021-06-22 00:30:00+00:00,gbpusd,1.39126,1.39187,1.39107,1.39184
2021-06-22 00:45:00+00:00,gbpusd,1.39135,1.39137,1.39086,1.39125
2021-06-22 01:00:00+00:00,gbpusd,1.39073,1.39141,1.39052,1.39134
2021-06-22 01:15:00+00:00,gbpusd,1.39047,1.39074,1.39013,1.39074
2021-06-22 01:30:00+00:00,gbpusd,1.39087,1.39094,1.39032,1.39048
2021-06-22 01:45:00+00:00,gbpusd,1.39095,1.39096,1.39024,1.39088
2021-06-22 02:00:00+00:00,gbpusd,1.39082,1.39126,1.39068,1.39094
2021-06-22 02:15:00+00:00,gbpusd,1.39137,1.39141,1.39072,1.39083
2021-06-22 02:30:00+00:00,gbpusd,1.39139,1.39196,1.39135,1.39138
2021-06-22 02:45:00+00:00,gbpusd,1.39154,1.39177,1.39134,1.39138
2021-06-22 03:00:00+00:00,gbpusd,1.39171,1.39173,1.39135,1.39153
2021-06-22 03:15:00+00:00,gbpusd,1.39206,1.39207,1.39159,1.39172
2021-06-22 03:30:00+00:00,gbpusd,1.39161,1.39206,1.39157,1.39205
2021-06-22 03:45:00+00:00,gbpusd,1.39139,1.39172,1.39139,1.39162
2021-06-22 04:00:00+00:00,gbpusd,1.39146,1.3915,1.39132,1.39138
2021-06-22 04:15:00+00:00,gbpusd,1.3912,1.39172,1.39119,1.39145
2021-06-22 04:30:00+00:00,gbpusd,1.39117,1.39135,1.39104,1.39121
2021-06-22 04:45:00+00:00,gbpusd,1.39106,1.39126,1.39096,1.39118
2021-06-22 05:00:00+00:00,gbpusd,1.39059,1.39108,1.39053,1.39107
2021-06-22 05:15:00+00:00,gbpusd,1.38996,1.39064,1.38995,1.3906
2021-06-22 05:30:00+00:00,gbpusd,1.39056,1.39057,1.3897,1.38997
2021-06-22 05:45:00+00:00,gbpusd,1.38943,1.3906,1.38923,1.39057
2021-06-22 06:00:00+00:00,gbpusd,1.38999,1.39091,1.38942,1.38942
2021-06-22 06:15:00+00:00,gbpusd,1.39002,1.39044,1.38982,1.39
2021-06-22 06:30:00+00:00,gbpusd,1.39061,1.39086,1.38982,1.39001
2021-06-22 06:45:00+00:00,gbpusd,1.39021,1.39107,1.39,1.39062
2021-06-22 07:00:00+00:00,gbpusd,1.38885,1.39067,1.38864,1.39022
2021-06-22 07:15:00+00:00,gbpusd,1.38905,1.38996,1.38886,1.3889
2021-06-22 07:30:00+00:00,gbpusd,1.38982,1.38984,1.38876,1.38906
2021-06-22 07:45:00+00:00,gbpusd,1.38855,1.39001,1.38784,1.38981
2021-06-22 08:00:00+00:00,gbpusd,1.38742,1.38884,1.38722,1.38856
2021-06-22 08:15:00+00:00,gbpusd,1.38673,1.38797,1.38673,1.38743
2021-06-22 08:30:00+00:00,gbpusd,1.38707,1.38753,1.38665,1.38674
2021-06-22 08:45:00+00:00,gbpusd,1.38675,1.38768,1.38669,1.38706
2021-06-22 09:00:00+00:00,gbpusd,1.38775,1.38798,1.38604,1.38676
2021-06-22 09:15:00+00:00,gbpusd,1.38759,1.38778,1.38715,1.38776
2021-06-22 09:30:00+00:00,gbpusd,1.38687,1.3876,1.38638,1.38758
2021-06-22 09:45:00+00:00,gbpusd,1.38712,1.38735,1.38618,1.38688
2021-06-22 10:00:00+00:00,gbpusd,1.38786,1.38796,1.3869,1.38711
2021-06-22 10:15:00+00:00,gbpusd,1.38757,1.38785,1.38718,1.38785
2021-06-22 10:30:00+00:00,gbpusd,1.3878,1.38811,1.38703,1.38756
2021-06-22 10:45:00+00:00,gbpusd,1.38777,1.38883,1.38767,1.38779
2021-06-22 11:00:00+00:00,gbpusd,1.38933,1.3894,1.38778,1.38778
2021-06-22 11:15:00+00:00,gbpusd,1.38902,1.38932,1.38825,1.38932
2021-06-22 11:30:00+00:00,gbpusd,1.38979,1.38979,1.38901,1.38901
2021-06-22 11:45:00+00:00,gbpusd,1.39007,1.39084,1.38978,1.38978
2021-06-22 12:00:00+00:00,gbpusd,1.39014,1.39074,1.38976,1.39008
2021-06-22 12:15:00+00:00,gbpusd,1.38927,1.39076,1.38917,1.39015
2021-06-22 12:30:00+00:00,gbpusd,1.38885,1.38975,1.38842,1.38928
2021-06-22 12:45:00+00:00,gbpusd,1.38845,1.38886,1.38806,1.38884
2021-06-22 13:00:00+00:00,gbpusd,1.38955,1.38963,1.38804,1.38844
2021-06-22 13:15:00+00:00,gbpusd,1.38992,1.39004,1.38911,1.38954
2021-06-22 13:30:00+00:00,gbpusd,1.38867,1.39003,1.38818,1.38993
2021-06-22 13:45:00+00:00,gbpusd,1.3893,1.38977,1.38868,1.38868
2021-06-22 14:00:00+00:00,gbpusd,1.39006,1.39048,1.38895,1.38936
2021-06-22 14:15:00+00:00,gbpusd,1.39098,1.39129,1.38996,1.39005
2021-06-22 14:30:00+00:00,gbpusd,1.39159,1.392,1.39094,1.39099
2021-06-22 14:45:00+00:00,gbpusd,1.39156,1.39187,1.39067,1.39158
2021-06-22 15:00:00+00:00,gbpusd,1.39289,1.39307,1.39126,1.39155
2021-06-22 15:15:00+00:00,gbpusd,1.39197,1.39298,1.39195,1.39291
2021-06-22 15:30:00+00:00,gbpusd,1.3915,1.39196,1.39132,1.39196
2021-06-22 15:45:00+00:00,gbpusd,1.39204,1.39227,1.39142,1.39149
2021-06-22 16:00:00+00:00,gbpusd,1.39219,1.39224,1.39194,1.39203
2021-06-22 16:15:00+00:00,gbpusd,1.3935,1.39362,1.39209,1.39218
2021-06-22 16:30:00+00:00,gbpusd,1.39357,1.39395,1.39293,1.39349
2021-06-22 16:45:00+00:00,gbpusd,1.39392,1.39419,1.3935,1.39356
2021-06-22 17:00:00+00:00,gbpusd,1.3941,1.39428,1.39364,1.39391
2021-06-22 17:15:00+00:00,gbpusd,1.39413,1.39427,1.39393,1.39409
2021-06-22 17:30:00+00:00,gbpusd,1.39411,1.39427,1.39394,1.39412
2021-06-22 17:45:00+00:00,gbpusd,1.3938,1.39432,1.39362,1.3941
2021-06-22 18:00:00+00:00,gbpusd,1.39437,1.39455,1.39374,1.39381
2021-06-22 18:15:00+00:00,gbpusd,1.39419,1.39436,1.39366,1.39436
2021-06-22 18:30:00+00:00,gbpusd,1.39456,1.39476,1.39391,1.39418
2021-06-22 18:45:00+00:00,gbpusd,1.39407,1.39469,1.39402,1.39455
2021-06-22 19:00:00+00:00,gbpusd,1.39567,1.39637,1.39408,1.39408
2021-06-22 19:15:00+00:00,gbpusd,1.39596,1.39637,1.39529,1.39566
2021-06-22 19:30:00+00:00,gbpusd,1.39537,1.39603,1.39534,1.39594
2021-06-22 19:45:00+00:00,gbpusd,1.39497,1.39551,1.39486,1.39536
2021-06-22 20:00:00+00:00,gbpusd,1.39479,1.3951,1.39464,1.39498
2021-06-22 20:15:00+00:00,gbpusd,1.39487,1.39495,1.39473,1.39478
2021-06-22 20:30:00+00:00,gbpusd,1.39483,1.3952,1.39462,1.39488
2021-06-22 20:45:00+00:00,gbpusd,1.39483,1.39526,1.39459,1.39484
2021-06-22 21:00:00+00:00,gbpusd,1.39526,1.39545,1.39463,1.3952
2021-06-22 21:15:00+00:00,gbpusd,1.39482,1.39523,1.39443,1.3951
2021-06-22 21:30:00+00:00,gbpusd,1.39495,1.39507,1.39462,1.39478
2021-06-22 21:45:00+00:00,gbpusd,1.39473,1.39498,1.39441,1.39494
2021-06-22 22:00:00+00:00,gbpusd,1.39508,1.39524,1.39464,1.39474
2021-06-22 22:15:00+00:00,gbpusd,1.39509,1.39528,1.39506,1.39509
2021-06-22 22:30:00+00:00,gbpusd,1.39505,1.39529,1.39503,1.3951
2021-06-22 22:45:00+00:00,gbpusd,1.39496,1.39507,1.39495,1.39506
2021-06-22 23:00:00+00:00,gbpusd,1.39516,1.39527,1.39491,1.39497
2021-06-22 23:15:00+00:00,gbpusd,1.39515,1.39528,1.39492,1.39517
2021-06-22 23:30:00+00:00,gbpusd,1.39514,1.39565,1.39502,1.39516
2021-06-22 23:45:00+00:00,gbpusd,1.39495,1.39549,1.39494,1.39515
2021-06-23 00:00:00+00:00,gbpusd,1.39517,1.39529,1.39444,1.39494
2021-06-23 00:15:00+00:00,gbpusd,1.39434,1.39525,1.39423,1.39518
2021-06-23 00:30:00+00:00,gbpusd,1.39377,1.39437,1.39376,1.39435
2021-06-23 00:45:00+00:00,gbpusd,1.39403,1.39407,1.39354,1.39376
2021-06-23 01:00:00+00:00,gbpusd,1.39373,1.39432,1.39367,1.39404
2021-06-23 01:15:00+00:00,gbpusd,1.39337,1.39387,1.39336,1.39372
2021-06-23 01:30:00+00:00,gbpusd,1.39315,1.39378,1.39292,1.39336
2021-06-23 01:45:00+00:00,gbpusd,1.39301,1.39317,1.39243,1.39316
2021-06-23 02:00:00+00:00,gbpusd,1.39286,1.39316,1.39268,1.39302
2021-06-23 02:15:00+00:00,gbpusd,1.393,1.39325,1.39284,1.39287
2021-06-23 02:30:00+00:00,gbpusd,1.39297,1.39346,1.3929,1.39299
2021-06-23 02:45:00+00:00,gbpusd,1.39296,1.39306,1.3924,1.39298
2021-06-23 03:00:00+00:00,gbpusd,1.39335,1.39339,1.39296,1.39297
2021-06-23 03:15:00+00:00,gbpusd,1.39334,1.39348,1.39326,1.39336
2021-06-23 03:30:00+00:00,gbpusd,1.39294,1.39334,1.39273,1.39333
2021-06-23 03:45:00+00:00,gbpusd,1.39306,1.3931,1.39284,1.39295
2021-06-23 04:00:00+00:00,gbpusd,1.39281,1.39309,1.3928,1.39307
2021-06-23 04:15:00+00:00,gbpusd,1.39298,1.39314,1.39276,1.3928
2021-06-23 04:30:00+00:00,gbpusd,1.39311,1.39317,1.39295,1.39297
2021-06-23 04:45:00+00:00,gbpusd,1.39314,1.39323,1.39306,1.39312
2021-06-23 05:00:00+00:00,gbpusd,1.39304,1.39337,1.39287,1.39315
2021-06-23 05:15:00+00:00,gbpusd,1.39258,1.39324,1.39257,1.39305
2021-06-23 05:30:00+00:00,gbpusd,1.39315,1.39324,1.39246,1.39259
2021-06-23 05:45:00+00:00,gbpusd,1.39396,1.39408,1.39308,1.39316
2021-06-23 06:00:00+00:00,gbpusd,1.39467,1.39476,1.3938,1.39397
2021-06-23 06:15:00+00:00,gbpusd,1.39484,1.39489,1.39405,1.39466
2021-06-23 06:30:00+00:00,gbpusd,1.39583,1.39606,1.3948,1.39485
2021-06-23 06:45:00+00:00,gbpusd,1.39626,1.39633,1.39553,1.39584
2021-06-23 07:00:00+00:00,gbpusd,1.39637,1.39714,1.39591,1.39627
2021-06-23 07:15:00+00:00,gbpusd,1.39776,1.39797,1.39606,1.39618
2021-06-23 07:30:00+00:00,gbpusd,1.39785,1.39876,1.39749,1.39777
2021-06-23 07:45:00+00:00,gbpusd,1.39797,1.39858,1.39761,1.39786
2021-06-23 08:00:00+00:00,gbpusd,1.39695,1.39842,1.39653,1.39796
2021-06-23 08:15:00+00:00,gbpusd,1.397,1.39805,1.39692,1.39694
2021-06-23 08:30:00+00:00,gbpusd,1.39758,1.39783,1.39692,1.39699
2021-06-23 08:45:00+00:00,gbpusd,1.39699,1.39777,1.39678,1.39758
2021-06-23 09:00:00+00:00,gbpusd,1.39586,1.3971,1.39562,1.397
2021-06-23 09:15:00+00:00,gbpusd,1.39684,1.3969,1.39581,1.39585
2021-06-23 09:30:00+00:00,gbpusd,1.39564,1.39688,1.39553,1.39686
2021-06-23 09:45:00+00:00,gbpusd,1.39598,1.39628,1.39534,1.39565
2021-06-23 10:00:00+00:00,gbpusd,1.39655,1.39658,1.39552,1.39599
2021-06-23 10:15:00+00:00,gbpusd,1.39606,1.39663,1.39602,1.39656
2021-06-23 10:30:00+00:00,gbpusd,1.39617,1.39715,1.39584,1.39605
2021-06-23 10:45:00+00:00,gbpusd,1.39664,1.39721,1.396,1.39618
2021-06-23 11:00:00+00:00,gbpusd,1.39558,1.39663,1.39542,1.39663
2021-06-23 11:15:00+00:00,gbpusd,1.39606,1.39642,1.39542,1.39557
2021-06-23 11:30:00+00:00,gbpusd,1.39704,1.39705,1.39555,1.39607
2021-06-23 11:45:00+00:00,gbpusd,1.39718,1.39743,1.39679,1.39705
2021-06-23 12:00:00+00:00,gbpusd,1.39887,1.39887,1.39713,1.39718
2021-06-23 12:15:00+00:00,gbpusd,1.39895,1.39934,1.39877,1.39893
2021-06-23 12:30:00+00:00,gbpusd,1.39895,1.39923,1.39823,1.39896
2021-06-23 12:45:00+00:00,gbpusd,1.3981,1.39924,1.39805,1.39894
2021-06-23 13:00:00+00:00,gbpusd,1.39848,1.39923,1.39809,1.39809
2021-06-23 13:15:00+00:00,gbpusd,1.39886,1.39923,1.39842,1.39849
2021-06-23 13:30:00+00:00,gbpusd,1.39914,1.39944,1.39861,1.39893
2021-06-23 13:45:00+00:00,gbpusd,1.39992,1.39997,1.39904,1.39904
2021-06-23 14:00:00+00:00,gbpusd,1.39977,1.40008,1.39927,1.39993
2021-06-23 14:15:00+00:00,gbpusd,1.39881,1.40015,1.39875,1.39978
2021-06-23 14:30:00+00:00,gbpusd,1.39758,1.39915,1.39756,1.39877
2021-06-23 14:45:00+00:00,gbpusd,1.39674,1.39783,1.39636,1.39757
2021-06-23 15:00:00+00:00,gbpusd,1.39626,1.39691,1.39603,1.39675
2021-06-23 15:15:00+00:00,gbpusd,1.39628,1.39672,1.39609,1.39627
2021-06-23 15:30:00+00:00,gbpusd,1.39687,1.39702,1.39583,1.39634
2021-06-23 15:45:00+00:00,gbpusd,1.39762,1.39786,1.39666,1.39688
2021-06-23 16:00:00+00:00,gbpusd,1.39759,1.39764,1.39703,1.39761
2021-06-23 16:15:00+00:00,gbpusd,1.39785,1.39805,1.39748,1.3976
2021-06-23 16:30:00+00:00,gbpusd,1.39679,1.39789,1.39639,1.39786
2021-06-23 16:45:00+00:00,gbpusd,1.39634,1.39698,1.3963,1.3968
2021-06-23 17:00:00+00:00,gbpusd,1.39635,1.39657,1.39614,1.39635
2021-06-23 17:15:00+00:00,gbpusd,1.39676,1.39677,1.39625,1.39636
2021-06-23 17:30:00+00:00,gbpusd,1.39706,1.39718,1.39667,1.39677
2021-06-23 17:45:00+00:00,gbpusd,1.39705,1.39717,1.39693,1.39704
2021-06-23 18:00:00+00:00,gbpusd,1.39657,1.39709,1.39655,1.39706
2021-06-23 18:15:00+00:00,gbpusd,1.39647,1.39678,1.39644,1.39656
2021-06-23 18:30:00+00:00,gbpusd,1.39659,1.3967,1.39619,1.39646
2021-06-23 18:45:00+00:00,gbpusd,1.39642,1.39668,1.39622,1.3966
2021-06-23 19:00:00+00:00,gbpusd,1.39598,1.39655,1.39597,1.39641
2021-06-23 19:15:00+00:00,gbpusd,1.39594,1.3961,1.39581,1.39599
2021-06-23 19:30:00+00:00,gbpusd,1.39559,1.39598,1.39546,1.39595
2021-06-23 19:45:00+00:00,gbpusd,1.39587,1.39604,1.39518,1.39558
2021-06-23 20:00:00+00:00,gbpusd,1.39578,1.39605,1.39569,1.39588
2021-06-23 20:15:00+00:00,gbpusd,1.39627,1.39628,1.39574,1.39579
2021-06-23 20:30:00+00:00,gbpusd,1.39656,1.39657,1.39613,1.39628
2021-06-23 20:45:00+00:00,gbpusd,1.39628,1.39663,1.39617,1.39657
2021-06-23 21:00:00+00:00,gbpusd,1.39651,1.3969,1.39633,1.39651
2021-06-23 21:15:00+00:00,gbpusd,1.39646,1.39676,1.39613,1.39613
2021-06-23 21:30:00+00:00,gbpusd,1.39614,1.39648,1.396,1.39641
2021-06-23 21:45:00+00:00,gbpusd,1.39629,1.39636,1.39613,1.39613
2021-06-23 22:00:00+00:00,gbpusd,1.39677,1.39682,1.39626,1.39626
2021-06-23 22:15:00+00:00,gbpusd,1.39668,1.39677,1.39654,1.39675
2021-06-23 22:30:00+00:00,gbpusd,1.39645,1.39681,1.39643,1.39669
2021-06-23 22:45:00+00:00,gbpusd,1.39665,1.3967,1.39643,1.39644
2021-06-23 23:00:00+00:00,gbpusd,1.39638,1.39668,1.39638,1.39666
2021-06-23 23:15:00+00:00,gbpusd,1.39645,1.3966,1.39623,1.39637
2021-06-23 23:30:00+00:00,gbpusd,1.39649,1.39649,1.39616,1.39646
2021-06-23 23:45:00+00:00,gbpusd,1.3967,1.3969,1.39648,1.3965
2021-06-24 00:00:00+00:00,gbpusd,1.39648,1.39682,1.39606,1.39669
2021-06-24 00:15:00+00:00,gbpusd,1.39646,1.39683,1.39639,1.39649
2021-06-24 00:30:00+00:00,gbpusd,1.3961,1.39649,1.39604,1.39647
2021-06-24 00:45:00+00:00,gbpusd,1.39627,1.39649,1.39589,1.39609
2021-06-24 01:00:00+00:00,gbpusd,1.39538,1.3963,1.39538,1.39628
2021-06-24 01:15:00+00:00,gbpusd,1.3956,1.3956,1.39536,1.39537
2021-06-24 01:30:00+00:00,gbpusd,1.39545,1.39545,1.39545,1.39545
2021-06-24 03:15:00+00:00,gbpusd,1.39599,1.39611,1.39594,1.3961
2021-06-24 03:30:00+00:00,gbpusd,1.39589,1.39609,1.39589,1.39598
2021-06-24 03:45:00+00:00,gbpusd,1.39555,1.39588,1.39533,1.39588
2021-06-24 04:00:00+00:00,gbpusd,1.39597,1.39597,1.39553,1.39556
2021-06-24 04:15:00+00:00,gbpusd,1.39599,1.39609,1.39593,1.39598
2021-06-24 04:30:00+00:00,gbpusd,1.3961,1.3962,1.39597,1.39598
2021-06-24 04:45:00+00:00,gbpusd,1.39601,1.39622,1.39599,1.39609
2021-06-24 05:00:00+00:00,gbpusd,1.39596,1.39602,1.39575,1.396
2021-06-24 05:15:00+00:00,gbpusd,1.39577,1.39606,1.39576,1.39597
2021-06-24 05:30:00+00:00,gbpusd,1.39587,1.39587,1.39542,1.39578
2021-06-24 05:45:00+00:00,gbpusd,1.3957,1.39619,1.39557,1.39588
2021-06-24 06:00:00+00:00,gbpusd,1.39631,1.39646,1.39488,1.39569
2021-06-24 06:15:00+00:00,gbpusd,1.39665,1.39741,1.39618,1.3963
2021-06-24 06:30:00+00:00,gbpusd,1.39617,1.39724,1.39574,1.39664
2021-06-24 06:45:00+00:00,gbpusd,1.39602,1.39645,1.39539,1.39616
2021-06-24 07:00:00+00:00,gbpusd,1.39665,1.39702,1.39538,1.39601
2021-06-24 07:15:00+00:00,gbpusd,1.39595,1.39674,1.39565,1.39664
2021-06-24 07:30:00+00:00,gbpusd,1.39558,1.39605,1.39522,1.39596
2021-06-24 07:45:00+00:00,gbpusd,1.39567,1.39601,1.39535,1.39559
2021-06-24 08:00:00+00:00,gbpusd,1.39695,1.39714,1.39565,1.39566
2021-06-24 08:15:00+00:00,gbpusd,1.39833,1.39867,1.39691,1.39696
2021-06-24 08:30:00+00:00,gbpusd,1.39754,1.39843,1.39722,1.39834
2021-06-24 08:45:00+00:00,gbpusd,1.39693,1.39786,1.39681,1.39755
2021-06-24 09:00:00+00:00,gbpusd,1.39638,1.39726,1.39632,1.39692
2021-06-24 09:15:00+00:00,gbpusd,1.39634,1.39741,1.39632,1.39637
2021-06-24 09:30:00+00:00,gbpusd,1.39589,1.39634,1.39499,1.39633
2021-06-24 09:45:00+00:00,gbpusd,1.39649,1.39668,1.39576,1.3959
2021-06-24 10:00:00+00:00,gbpusd,1.39635,1.39658,1.39545,1.39648
2021-06-24 10:15:00+00:00,gbpusd,1.39736,1.39745,1.39633,1.39636
2021-06-24 10:30:00+00:00,gbpusd,1.39725,1.39789,1.39696,1.39734
2021-06-24 10:45:00+00:00,gbpusd,1.39728,1.39823,1.39684,1.39724
2021-06-24 11:00:00+00:00,gbpusd,1.39253,1.3982,1.39214,1.39727
2021-06-24 11:15:00+00:00,gbpusd,1.39141,1.39289,1.39061,1.39252
2021-06-24 11:30:00+00:00,gbpusd,1.39266,1.39297,1.39126,1.39142
2021-06-24 11:45:00+00:00,gbpusd,1.39091,1.39265,1.39051,1.39265
2021-06-24 12:00:00+00:00,gbpusd,1.39124,1.39178,1.39084,1.3909
2021-06-24 12:15:00+00:00,gbpusd,1.38927,1.39166,1.38925,1.39125
2021-06-24 12:30:00+00:00,gbpusd,1.39026,1.3905,1.38907,1.38928
2021-06-24 12:45:00+00:00,gbpusd,1.39181,1.39182,1.38961,1.39027
2021-06-24 13:00:00+00:00,gbpusd,1.39197,1.39205,1.391,1.3918
2021-06-24 13:15:00+00:00,gbpusd,1.39158,1.39228,1.39108,1.39198
2021-06-24 13:30:00+00:00,gbpusd,1.39278,1.39287,1.39156,1.39159
2021-06-24 13:45:00+00:00,gbpusd,1.3924,1.39299,1.39194,1.39279
2021-06-24 14:00:00+00:00,gbpusd,1.39231,1.39263,1.39183,1.39241
2021-06-24 14:15:00+00:00,gbpusd,1.39136,1.39235,1.3912,1.39232
2021-06-24 14:30:00+00:00,gbpusd,1.39293,1.39295,1.39116,1.39137
2021-06-24 14:45:00+00:00,gbpusd,1.39217,1.39303,1.39164,1.39292
2021-06-24 15:00:00+00:00,gbpusd,1.39282,1.39285,1.39201,1.39218
2021-06-24 15:15:00+00:00,gbpusd,1.39232,1.39299,1.39198,1.39281
2021-06-24 15:30:00+00:00,gbpusd,1.3914,1.39264,1.39134,1.39233
2021-06-24 15:45:00+00:00,gbpusd,1.39062,1.39144,1.39053,1.39141
2021-06-24 16:00:00+00:00,gbpusd,1.38935,1.39066,1.38927,1.39061
2021-06-24 16:15:00+00:00,gbpusd,1.39007,1.39007,1.38898,1.38936
2021-06-24 16:30:00+00:00,gbpusd,1.39053,1.39103,1.3898,1.39006
2021-06-24 16:45:00+00:00,gbpusd,1.39006,1.39052,1.3896,1.39052
2021-06-24 17:00:00+00:00,gbpusd,1.39124,1.39129,1.39005,1.39007
2021-06-24 17:15:00+00:00,gbpusd,1.39047,1.39144,1.39038,1.39123
2021-06-24 17:30:00+00:00,gbpusd,1.39148,1.39148,1.39043,1.39046
2021-06-24 17:45:00+00:00,gbpusd,1.39195,1.39229,1.39138,1.39149
2021-06-24 18:00:00+00:00,gbpusd,1.39212,1.39224,1.39159,1.39196
2021-06-24 18:15:00+00:00,gbpusd,1.39206,1.3922,1.39188,1.39213
2021-06-24 18:30:00+00:00,gbpusd,1.39197,1.39216,1.39153,1.39207
2021-06-24 18:45:00+00:00,gbpusd,1.39288,1.39307,1.39186,1.39198
2021-06-24 19:00:00+00:00,gbpusd,1.39343,1.3935,1.39267,1.39289
2021-06-24 19:15:00+00:00,gbpusd,1.39317,1.39356,1.39306,1.39344
2021-06-24 19:30:00+00:00,gbpusd,1.3928,1.39326,1.3926,1.39316
2021-06-24 19:45:00+00:00,gbpusd,1.39289,1.39309,1.39268,1.39279
2021-06-24 20:00:00+00:00,gbpusd,1.3928,1.39311,1.39268,1.3929
2021-06-24 20:15:00+00:00,gbpusd,1.3932,1.39394,1.39266,1.39279
2021-06-24 20:30:00+00:00,gbpusd,1.39248,1.39326,1.39246,1.39321
2021-06-24 20:45:00+00:00,gbpusd,1.39256,1.39266,1.3922,1.39247
2021-06-24 21:00:00+00:00,gbpusd,1.39255,1.3926,1.39211,1.39251
2021-06-24 21:15:00+00:00,gbpusd,1.39203,1.39258,1.39195,1.39243
2021-06-24 21:30:00+00:00,gbpusd,1.39219,1.39235,1.39208,1.39212
2021-06-24 21:45:00+00:00,gbpusd,1.39214,1.39231,1.39203,1.39218
2021-06-24 22:00:00+00:00,gbpusd,1.39235,1.39245,1.39203,1.39215
2021-06-24 22:15:00+00:00,gbpusd,1.39235,1.39243,1.39233,1.39236
2021-06-24 22:30:00+00:00,gbpusd,1.39227,1.39235,1.39223,1.39234
2021-06-24 22:45:00+00:00,gbpusd,1.39214,1.39226,1.39214,1.39226
2021-06-24 23:00:00+00:00,gbpusd,1.39205,1.39223,1.39204,1.39213
2021-06-24 23:15:00+00:00,gbpusd,1.39193,1.3921,1.39189,1.39204
2021-06-24 23:30:00+00:00,gbpusd,1.39194,1.39196,1.39183,1.39194
2021-06-24 23:45:00+00:00,gbpusd,1.39163,1.39196,1.39162,1.39193
2021-06-25 00:00:00+00:00,gbpusd,1.3915,1.39176,1.39142,1.39162
2021-06-25 00:15:00+00:00,gbpusd,1.39184,1.39186,1.39133,1.39149
2021-06-25 00:30:00+00:00,gbpusd,1.39164,1.39192,1.39142,1.39185
2021-06-25 00:45:00+00:00,gbpusd,1.39173,1.39196,1.39156,1.39163
2021-06-25 01:00:00+00:00,gbpusd,1.39215,1.39225,1.39163,1.39172
2021-06-25 01:15:00+00:00,gbpusd,1.39264,1.39268,1.39205,1.39216
2021-06-25 01:30:00+00:00,gbpusd,1.39305,1.39332,1.39263,1.39263
2021-06-25 01:45:00+00:00,gbpusd,1.39329,1.39332,1.39284,1.39306
2021-06-25 02:00:00+00:00,gbpusd,1.39331,1.39346,1.39305,1.39328
2021-06-25 02:15:00+00:00,gbpusd,1.39338,1.39352,1.39318,1.3933
2021-06-25 02:30:00+00:00,gbpusd,1.39311,1.39345,1.39301,1.39337
2021-06-25 02:45:00+00:00,gbpusd,1.39316,1.39347,1.3931,1.39312
2021-06-25 03:00:00+00:00,gbpusd,1.39326,1.39328,1.39296,1.39315
2021-06-25 03:15:00+00:00,gbpusd,1.39334,1.39346,1.3932,1.39325
2021-06-25 03:30:00+00:00,gbpusd,1.39346,1.39356,1.39318,1.39333
2021-06-25 03:45:00+00:00,gbpusd,1.39299,1.39348,1.39299,1.39345
2021-06-25 04:00:00+00:00,gbpusd,1.39257,1.39308,1.39255,1.39298
2021-06-25 04:15:00+00:00,gbpusd,1.39257,1.39275,1.39256,1.39256
2021-06-25 04:30:00+00:00,gbpusd,1.39236,1.39257,1.39212,1.39256
2021-06-25 04:45:00+00:00,gbpusd,1.39236,1.39257,1.39227,1.39235
2021-06-25 05:00:00+00:00,gbpusd,1.39214,1.39257,1.39209,1.39237
2021-06-25 05:15:00+00:00,gbpusd,1.39238,1.39242,1.39206,1.39215
2021-06-25 05:30:00+00:00,gbpusd,1.39269,1.3928,1.39232,1.39237
2021-06-25 05:45:00+00:00,gbpusd,1.39292,1.39315,1.39258,1.3927
2021-06-25 06:00:00+00:00,gbpusd,1.39265,1.39295,1.39211,1.39293
2021-06-25 06:15:00+00:00,gbpusd,1.39287,1.39287,1.39201,1.39266
2021-06-25 06:30:00+00:00,gbpusd,1.39277,1.39325,1.39258,1.39286
2021-06-25 06:45:00+00:00,gbpusd,1.39244,1.39298,1.39243,1.39276
2021-06-25 07:00:00+00:00,gbpusd,1.39035,1.39252,1.39031,1.39246
2021-06-25 07:15:00+00:00,gbpusd,1.39026,1.3911,1.38989,1.39034
2021-06-25 07:30:00+00:00,gbpusd,1.39122,1.39186,1.39026,1.39027
2021-06-25 07:45:00+00:00,gbpusd,1.39116,1.39182,1.39098,1.39123
2021-06-25 08:00:00+00:00,gbpusd,1.39025,1.39116,1.38962,1.39115
2021-06-25 08:15:00+00:00,gbpusd,1.39081,1.39176,1.38997,1.39026
2021-06-25 08:30:00+00:00,gbpusd,1.39065,1.39093,1.39022,1.39082
2021-06-25 08:45:00+00:00,gbpusd,1.39114,1.39136,1.39032,1.39066
2021-06-25 09:00:00+00:00,gbpusd,1.3908,1.39127,1.39043,1.39115
2021-06-25 09:15:00+00:00,gbpusd,1.39125,1.39161,1.39044,1.39079
2021-06-25 09:30:00+00:00,gbpusd,1.39125,1.39164,1.39101,1.39126
2021-06-25 09:45:00+00:00,gbpusd,1.39074,1.39153,1.39054,1.39126
2021-06-25 10:00:00+00:00,gbpusd,1.3902,1.39078,1.38996,1.39073
2021-06-25 10:15:00+00:00,gbpusd,1.39006,1.3903,1.38964,1.39019
2021-06-25 10:30:00+00:00,gbpusd,1.39065,1.3909,1.38988,1.39007
2021-06-25 10:45:00+00:00,gbpusd,1.38995,1.39088,1.38991,1.39064
2021-06-25 11:00:00+00:00,gbpusd,1.39035,1.39074,1.38996,1.38996
2021-06-25 11:15:00+00:00,gbpusd,1.39018,1.39048,1.39002,1.39036
2021-06-25 11:30:00+00:00,gbpusd,1.38974,1.39026,1.3891,1.39019
2021-06-25 11:45:00+00:00,gbpusd,1.38965,1.39025,1.38933,1.38973
2021-06-25 12:00:00+00:00,gbpusd,1.39001,1.39056,1.38955,1.38966
2021-06-25 12:15:00+00:00,gbpusd,1.38975,1.39065,1.38941,1.39002
2021-06-25 12:30:00+00:00,gbpusd,1.39066,1.39073,1.3892,1.38976
2021-06-25 12:45:00+00:00,gbpusd,1.39012,1.39091,1.39007,1.39067
2021-06-25 13:00:00+00:00,gbpusd,1.38992,1.39077,1.3896,1.39011
2021-06-25 13:15:00+00:00,gbpusd,1.39059,1.39061,1.38964,1.38993
2021-06-25 13:30:00+00:00,gbpusd,1.39027,1.39069,1.3897,1.39058
2021-06-25 13:45:00+00:00,gbpusd,1.39163,1.39183,1.39025,1.39026
2021-06-25 14:00:00+00:00,gbpusd,1.391,1.39166,1.39074,1.39164
2021-06-25 14:15:00+00:00,gbpusd,1.39153,1.39158,1.39068,1.39099
2021-06-25 14:30:00+00:00,gbpusd,1.39137,1.39184,1.39124,1.39154
2021-06-25 14:45:00+00:00,gbpusd,1.39134,1.39142,1.39066,1.39136
2021-06-25 15:00:00+00:00,gbpusd,1.39197,1.3922,1.39129,1.39133
2021-06-25 15:15:00+00:00,gbpusd,1.39254,1.39278,1.39178,1.39196
2021-06-25 15:30:00+00:00,gbpusd,1.39142,1.39253,1.39141,1.39253
2021-06-25 15:45:00+00:00,gbpusd,1.39245,1.39245,1.39143,1.39143
2021-06-25 16:00:00+00:00,gbpusd,1.39282,1.393,1.39235,1.39244
2021-06-25 16:15:00+00:00,gbpusd,1.39237,1.39312,1.39224,1.39283
2021-06-25 16:30:00+00:00,gbpusd,1.39205,1.39268,1.39184,1.39238
2021-06-25 16:45:00+00:00,gbpusd,1.39114,1.39206,1.39089,1.39204
2021-06-25 17:00:00+00:00,gbpusd,1.39167,1.39186,1.39085,1.39116
2021-06-25 17:15:00+00:00,gbpusd,1.39103,1.39173,1.39095,1.39166
2021-06-25 17:30:00+00:00,gbpusd,1.3908,1.39153,1.39049,1.39102
2021-06-25 17:45:00+00:00,gbpusd,1.3907,1.39122,1.39061,1.39079
2021-06-25 18:00:00+00:00,gbpusd,1.38983,1.39076,1.38947,1.39071
2021-06-25 18:15:00+00:00,gbpusd,1.39013,1.39016,1.38958,1.38984
2021-06-25 18:30:00+00:00,gbpusd,1.3904,1.39057,1.38986,1.39012
2021-06-25 18:45:00+00:00,gbpusd,1.39028,1.39084,1.38987,1.39041
2021-06-25 19:00:00+00:00,gbpusd,1.38937,1.39044,1.38935,1.39029
2021-06-25 19:15:00+00:00,gbpusd,1.3892,1.38952,1.38855,1.38936
2021-06-25 19:30:00+00:00,gbpusd,1.38811,1.38933,1.38811,1.38919
2021-06-25 19:45:00+00:00,gbpusd,1.38753,1.38826,1.38715,1.38812
2021-06-25 20:00:00+00:00,gbpusd,1.38764,1.3879,1.3874,1.38752
2021-06-25 20:15:00+00:00,gbpusd,1.38804,1.38808,1.38753,1.38763
2021-06-25 20:30:00+00:00,gbpusd,1.38913,1.38919,1.38801,1.38803
2021-06-25 20:45:00+00:00,gbpusd,1.38871,1.38923,1.38857,1.38914
2021-06-25 21:00:00+00:00,gbpusd,1.38857,1.38889,1.38804,1.38872
2021-06-27 21:00:00+00:00,gbpusd,1.38913,1.38938,1.38906,1.38938
2021-06-27 21:15:00+00:00,gbpusd,1.38874,1.38926,1.38859,1.38926
2021-06-27 21:30:00+00:00,gbpusd,1.38817,1.38878,1.38787,1.38859
2021-06-27 21:45:00+00:00,gbpusd,1.38854,1.38886,1.38817,1.38818
2021-06-27 22:00:00+00:00,gbpusd,1.3882,1.38916,1.38819,1.38855
2021-06-27 22:15:00+00:00,gbpusd,1.38843,1.38856,1.38815,1.38819
2021-06-27 22:30:00+00:00,gbpusd,1.38825,1.38856,1.38814,1.38842
2021-06-27 22:45:00+00:00,gbpusd,1.389,1.389,1.38822,1.38824
2021-06-27 23:00:00+00:00,gbpusd,1.38925,1.38938,1.389,1.38901
2021-06-27 23:15:00+00:00,gbpusd,1.38907,1.38963,1.389,1.38924
2021-06-27 23:30:00+00:00,gbpusd,1.38914,1.38922,1.38899,1.38908
2021-06-27 23:45:00+00:00,gbpusd,1.38933,1.38934,1.38896,1.38913
2021-06-28 00:00:00+00:00,gbpusd,1.38875,1.38965,1.38863,1.38934
2021-06-28 00:15:00+00:00,gbpusd,1.38883,1.38897,1.38838,1.38874
2021-06-28 00:30:00+00:00,gbpusd,1.38923,1.38925,1.38874,1.38884
2021-06-28 00:45:00+00:00,gbpusd,1.38878,1.38922,1.38871,1.38922
2021-06-28 01:00:00+00:00,gbpusd,1.38923,1.38966,1.38875,1.38879
2021-06-28 01:15:00+00:00,gbpusd,1.38885,1.38934,1.38884,1.38922
2021-06-28 01:30:00+00:00,gbpusd,1.38808,1.38934,1.38793,1.38886
2021-06-28 01:45:00+00:00,gbpusd,1.38822,1.38864,1.38765,1.38807
2021-06-28 02:00:00+00:00,gbpusd,1.38792,1.38827,1.38781,1.38821
2021-06-28 02:15:00+00:00,gbpusd,1.38793,1.38825,1.38768,1.38794
2021-06-28 02:30:00+00:00,gbpusd,1.38832,1.38835,1.38782,1.38794
2021-06-28 02:45:00+00:00,gbpusd,1.38827,1.38857,1.38811,1.38831
2021-06-28 03:00:00+00:00,gbpusd,1.38844,1.38854,1.38816,1.38826
2021-06-28 03:15:00+00:00,gbpusd,1.38814,1.38844,1.38807,1.38843
2021-06-28 03:30:00+00:00,gbpusd,1.38872,1.38881,1.38798,1.38813
2021-06-28 03:45:00+00:00,gbpusd,1.38862,1.38882,1.38859,1.38873
2021-06-28 04:00:00+00:00,gbpusd,1.38869,1.38913,1.3886,1.38861
2021-06-28 04:15:00+00:00,gbpusd,1.3888,1.38903,1.38869,1.3887
2021-06-28 04:30:00+00:00,gbpusd,1.38881,1.38893,1.38862,1.38881
2021-06-28 04:45:00+00:00,gbpusd,1.38912,1.38925,1.38881,1.38882
2021-06-28 05:00:00+00:00,gbpusd,1.38912,1.38934,1.38899,1.38913
2021-06-28 05:15:00+00:00,gbpusd,1.38982,1.38983,1.3891,1.38913
2021-06-28 05:30:00+00:00,gbpusd,1.38961,1.39003,1.38949,1.38981
2021-06-28 05:45:00+00:00,gbpusd,1.38948,1.38976,1.38928,1.38962
2021-06-28 06:00:00+00:00,gbpusd,1.38966,1.38996,1.389,1.38949
2021-06-28 06:15:00+00:00,gbpusd,1.39039,1.39056,1.38942,1.38967
2021-06-28 06:30:00+00:00,gbpusd,1.3909,1.39121,1.39028,1.3904
2021-06-28 06:45:00+00:00,gbpusd,1.39224,1.39227,1.39064,1.39089
2021-06-28 07:00:00+00:00,gbpusd,1.39307,1.39347,1.39197,1.39223
2021-06-28 07:15:00+00:00,gbpusd,1.3932,1.39398,1.39306,1.39306
2021-06-28 07:30:00+00:00,gbpusd,1.39289,1.39348,1.39249,1.39321
2021-06-28 07:45:00+00:00,gbpusd,1.39266,1.39344,1.39227,1.3929
2021-06-28 08:00:00+00:00,gbpusd,1.39264,1.39299,1.39243,1.39265
2021-06-28 08:15:00+00:00,gbpusd,1.39093,1.39267,1.39079,1.39265
2021-06-28 08:30:00+00:00,gbpusd,1.39045,1.39114,1.39014,1.39094
2021-06-28 08:45:00+00:00,gbpusd,1.3908,1.39086,1.38968,1.39044
2021-06-28 09:00:00+00:00,gbpusd,1.39135,1.39146,1.39022,1.39079
2021-06-28 09:15:00+00:00,gbpusd,1.39249,1.39287,1.39133,1.39134
2021-06-28 09:30:00+00:00,gbpusd,1.39141,1.3925,1.39139,1.3925
2021-06-28 09:45:00+00:00,gbpusd,1.3912,1.39172,1.39076,1.3914
2021-06-28 10:00:00+00:00,gbpusd,1.3917,1.39204,1.3912,1.39121
2021-06-28 10:15:00+00:00,gbpusd,1.39209,1.39262,1.3914,1.39171
2021-06-28 10:30:00+00:00,gbpusd,1.39128,1.3922,1.39122,1.3921
2021-06-28 10:45:00+00:00,gbpusd,1.39039,1.3915,1.39008,1.39129
2021-06-28 11:00:00+00:00,gbpusd,1.39108,1.39121,1.39013,1.39038
2021-06-28 11:15:00+00:00,gbpusd,1.38981,1.39142,1.3896,1.39109
2021-06-28 11:30:00+00:00,gbpusd,1.38903,1.38994,1.38875,1.38982
2021-06-28 11:45:00+00:00,gbpusd,1.38889,1.38929,1.38875,1.38902
2021-06-28 12:00:00+00:00,gbpusd,1.38876,1.38924,1.38866,1.3889
2021-06-28 12:15:00+00:00,gbpusd,1.38875,1.38935,1.38867,1.38877
2021-06-28 12:30:00+00:00,gbpusd,1.38993,1.39006,1.38867,1.38876
2021-06-28 12:45:00+00:00,gbpusd,1.39014,1.39087,1.38983,1.38992
2021-06-28 13:00:00+00:00,gbpusd,1.39035,1.39039,1.38971,1.39013
2021-06-28 13:15:00+00:00,gbpusd,1.39057,1.39098,1.39007,1.39036
2021-06-28 13:30:00+00:00,gbpusd,1.38996,1.39056,1.38973,1.39056
2021-06-28 13:45:00+00:00,gbpusd,1.39061,1.391,1.38987,1.38997
2021-06-28 14:00:00+00:00,gbpusd,1.39009,1.3908,1.38982,1.3906
2021-06-28 14:15:00+00:00,gbpusd,1.38951,1.39034,1.38951,1.39008
2021-06-28 14:30:00+00:00,gbpusd,1.38925,1.38953,1.38855,1.3895
2021-06-28 14:45:00+00:00,gbpusd,1.39158,1.39169,1.38887,1.38924
2021-06-28 15:00:00+00:00,gbpusd,1.3916,1.39199,1.39116,1.39157
2021-06-28 15:15:00+00:00,gbpusd,1.39161,1.39197,1.39119,1.39159
2021-06-28 15:30:00+00:00,gbpusd,1.39149,1.39268,1.39144,1.39162
2021-06-28 15:45:00+00:00,gbpusd,1.39059,1.39149,1.39021,1.39148
2021-06-28 16:00:00+00:00,gbpusd,1.39071,1.39093,1.38989,1.3906
2021-06-28 16:15:00+00:00,gbpusd,1.3889,1.39084,1.3889,1.39072
2021-06-28 16:30:00+00:00,gbpusd,1.38921,1.38927,1.38832,1.38889
2021-06-28 16:45:00+00:00,gbpusd,1.38958,1.38998,1.38917,1.3892
2021-06-28 17:00:00+00:00,gbpusd,1.3883,1.38959,1.38822,1.38959
2021-06-28 17:15:00+00:00,gbpusd,1.389,1.38923,1.38822,1.38829
2021-06-28 17:30:00+00:00,gbpusd,1.38942,1.38949,1.3886,1.38901
2021-06-28 17:45:00+00:00,gbpusd,1.38911,1.38944,1.38902,1.38941
2021-06-28 18:00:00+00:00,gbpusd,1.38813,1.38912,1.38807,1.38912
2021-06-28 18:15:00+00:00,gbpusd,1.38847,1.38867,1.38809,1.38814
2021-06-28 18:30:00+00:00,gbpusd,1.38832,1.38874,1.3883,1.38848
2021-06-28 18:45:00+00:00,gbpusd,1.38851,1.38883,1.38803,1.38831
2021-06-28 19:00:00+00:00,gbpusd,1.38794,1.38869,1.38769,1.38852
2021-06-28 19:15:00+00:00,gbpusd,1.38774,1.38863,1.38762,1.38793
2021-06-28 19:30:00+00:00,gbpusd,1.38784,1.38788,1.38748,1.38775
2021-06-28 19:45:00+00:00,gbpusd,1.38746,1.38787,1.38741,1.38783
2021-06-28 20:00:00+00:00,gbpusd,1.38744,1.38746,1.3871,1.38745
2021-06-28 20:15:00+00:00,gbpusd,1.38764,1.38767,1.38743,1.38745
2021-06-28 20:30:00+00:00,gbpusd,1.38775,1.38776,1.38753,1.38763
2021-06-28 20:45:00+00:00,gbpusd,1.38822,1.38833,1.38774,1.38774
2021-06-28 21:00:00+00:00,gbpusd,1.38792,1.38821,1.38781,1.38817
2021-06-28 21:15:00+00:00,gbpusd,1.3877,1.38844,1.38767,1.38789
2021-06-28 21:30:00+00:00,gbpusd,1.3881,1.38821,1.38759,1.38771
2021-06-28 21:45:00+00:00,gbpusd,1.38814,1.38848,1.38786,1.38809
2021-06-28 22:00:00+00:00,gbpusd,1.38807,1.38817,1.38796,1.38816
2021-06-28 22:15:00+00:00,gbpusd,1.38817,1.3882,1.38796,1.38806
2021-06-28 22:30:00+00:00,gbpusd,1.38797,1.38821,1.38797,1.38816
2021-06-28 22:45:00+00:00,gbpusd,1.38787,1.38803,1.38786,1.38796
2021-06-28 23:00:00+00:00,gbpusd,1.38786,1.38801,1.38776,1.38788
2021-06-28 23:15:00+00:00,gbpusd,1.38777,1.38796,1.38765,1.38787
2021-06-28 23:30:00+00:00,gbpusd,1.38788,1.38788,1.38774,1.38776
2021-06-28 23:45:00+00:00,gbpusd,1.38787,1.38796,1.38775,1.38787
2021-06-29 00:00:00+00:00,gbpusd,1.38739,1.38808,1.38737,1.38786
2021-06-29 00:15:00+00:00,gbpusd,1.38676,1.38747,1.38653,1.3874
2021-06-29 00:30:00+00:00,gbpusd,1.38675,1.38677,1.38601,1.38675
2021-06-29 00:45:00+00:00,gbpusd,1.38636,1.3868,1.38626,1.38676
2021-06-29 01:00:00+00:00,gbpusd,1.38639,1.38694,1.38615,1.38635
2021-06-29 01:15:00+00:00,gbpusd,1.38698,1.38712,1.38634,1.38638
2021-06-29 01:30:00+00:00,gbpusd,1.38686,1.38707,1.38656,1.38699
2021-06-29 01:45:00+00:00,gbpusd,1.38676,1.38693,1.38657,1.38685
2021-06-29 02:00:00+00:00,gbpusd,1.38608,1.38676,1.38605,1.38675
2021-06-29 02:15:00+00:00,gbpusd,1.38657,1.38669,1.38589,1.38609
2021-06-29 02:30:00+00:00,gbpusd,1.38668,1.38693,1.38627,1.38658
2021-06-29 02:45:00+00:00,gbpusd,1.38676,1.38689,1.38657,1.38667
2021-06-29 03:00:00+00:00,gbpusd,1.38646,1.38681,1.38636,1.38675
2021-06-29 03:15:00+00:00,gbpusd,1.38659,1.38675,1.38644,1.38645
2021-06-29 03:30:00+00:00,gbpusd,1.38627,1.38667,1.38626,1.3866
2021-06-29 03:45:00+00:00,gbpusd,1.38655,1.38655,1.38624,1.38628
2021-06-29 04:00:00+00:00,gbpusd,1.38646,1.38665,1.38639,1.38654
2021-06-29 04:15:00+00:00,gbpusd,1.38667,1.38676,1.38645,1.38645
2021-06-29 04:30:00+00:00,gbpusd,1.38696,1.387,1.38662,1.38666
2021-06-29 04:45:00+00:00,gbpusd,1.38647,1.387,1.38647,1.38697
2021-06-29 05:00:00+00:00,gbpusd,1.38679,1.38687,1.38638,1.38648
2021-06-29 05:15:00+00:00,gbpusd,1.38707,1.38731,1.38679,1.3868
2021-06-29 05:30:00+00:00,gbpusd,1.38748,1.38796,1.38706,1.38708
2021-06-29 05:45:00+00:00,gbpusd,1.38767,1.38767,1.38717,1.38749
2021-06-29 06:00:00+00:00,gbpusd,1.38747,1.38773,1.38705,1.38766
2021-06-29 06:15:00+00:00,gbpusd,1.38725,1.38765,1.38694,1.38748
2021-06-29 06:30:00+00:00,gbpusd,1.38676,1.38747,1.38638,1.38726
2021-06-29 06:45:00+00:00,gbpusd,1.38705,1.38728,1.38637,1.38675
2021-06-29 07:00:00+00:00,gbpusd,1.38641,1.38707,1.3862,1.38707
2021-06-29 07:15:00+00:00,gbpusd,1.38595,1.38656,1.38547,1.38642
2021-06-29 07:30:00+00:00,gbpusd,1.38605,1.38624,1.38564,1.38596
2021-06-29 07:45:00+00:00,gbpusd,1.38587,1.38649,1.38587,1.38606
2021-06-29 08:00:00+00:00,gbpusd,1.38535,1.38615,1.38517,1.38586
2021-06-29 08:15:00+00:00,gbpusd,1.38448,1.38546,1.38444,1.38534
2021-06-29 08:30:00+00:00,gbpusd,1.38417,1.38489,1.38394,1.38447
2021-06-29 08:45:00+00:00,gbpusd,1.38367,1.38459,1.38367,1.38416
2021-06-29 09:00:00+00:00,gbpusd,1.38386,1.38442,1.38361,1.38369
2021-06-29 09:15:00+00:00,gbpusd,1.3854,1.38546,1.38384,1.38385
2021-06-29 09:30:00+00:00,gbpusd,1.3857,1.38591,1.38498,1.38539
2021-06-29 09:45:00+00:00,gbpusd,1.38538,1.38649,1.38507,1.38571
2021-06-29 10:00:00+00:00,gbpusd,1.38577,1.38618,1.38537,1.38537
2021-06-29 10:15:00+00:00,gbpusd,1.38448,1.38586,1.3842,1.38578
2021-06-29 10:30:00+00:00,gbpusd,1.38437,1.38479,1.38408,1.38449
2021-06-29 10:45:00+00:00,gbpusd,1.38415,1.38491,1.3838,1.38438
2021-06-29 11:00:00+00:00,gbpusd,1.38244,1.38425,1.38231,1.38416
2021-06-29 11:15:00+00:00,gbpusd,1.38311,1.38327,1.38218,1.38243
2021-06-29 11:30:00+00:00,gbpusd,1.38339,1.384,1.3831,1.38312
2021-06-29 11:45:00+00:00,gbpusd,1.38271,1.38341,1.3822,1.3834
2021-06-29 12:00:00+00:00,gbpusd,1.38318,1.38358,1.3826,1.3827
2021-06-29 12:15:00+00:00,gbpusd,1.38301,1.38328,1.3823,1.38317
2021-06-29 12:30:00+00:00,gbpusd,1.3819,1.3831,1.38183,1.38307
2021-06-29 12:45:00+00:00,gbpusd,1.38237,1.38258,1.38144,1.38184
2021-06-29 13:00:00+00:00,gbpusd,1.38291,1.38313,1.38208,1.38236
2021-06-29 13:15:00+00:00,gbpusd,1.38327,1.38369,1.38291,1.38299
2021-06-29 13:30:00+00:00,gbpusd,1.38347,1.38379,1.38308,1.38326
2021-06-29 13:45:00+00:00,gbpusd,1.38368,1.38438,1.38346,1.38346
2021-06-29 14:00:00+00:00,gbpusd,1.38349,1.38374,1.38274,1.38363
2021-06-29 14:15:00+00:00,gbpusd,1.38259,1.38365,1.38164,1.38348
2021-06-29 14:30:00+00:00,gbpusd,1.38274,1.38344,1.38241,1.3826
2021-06-29 14:45:00+00:00,gbpusd,1.38319,1.38393,1.38188,1.38275
2021-06-29 15:00:00+00:00,gbpusd,1.38372,1.38396,1.3832,1.38328
2021-06-29 15:15:00+00:00,gbpusd,1.38425,1.3846,1.3836,1.38373
2021-06-29 15:30:00+00:00,gbpusd,1.384,1.38449,1.38387,1.38424
2021-06-29 15:45:00+00:00,gbpusd,1.38446,1.38487,1.3839,1.38401
2021-06-29 16:00:00+00:00,gbpusd,1.38497,1.38523,1.38436,1.38445
2021-06-29 16:15:00+00:00,gbpusd,1.38486,1.38497,1.38458,1.38496
2021-06-29 16:30:00+00:00,gbpusd,1.38446,1.38486,1.38414,1.38485
2021-06-29 16:45:00+00:00,gbpusd,1.38414,1.38471,1.38406,1.38445
2021-06-29 17:00:00+00:00,gbpusd,1.38426,1.38427,1.38373,1.38413
2021-06-29 17:15:00+00:00,gbpusd,1.38438,1.38448,1.38424,1.38427
2021-06-29 17:30:00+00:00,gbpusd,1.38419,1.38441,1.38406,1.38439
2021-06-29 17:45:00+00:00,gbpusd,1.3846,1.38462,1.38409,1.38418
2021-06-29 18:00:00+00:00,gbpusd,1.38478,1.38479,1.38459,1.38461
2021-06-29 18:15:00+00:00,gbpusd,1.38515,1.38515,1.38478,1.38479
2021-06-29 18:30:00+00:00,gbpusd,1.38497,1.38522,1.38483,1.38514
2021-06-29 18:45:00+00:00,gbpusd,1.38504,1.38523,1.38465,1.38496
2021-06-29 19:00:00+00:00,gbpusd,1.38448,1.38506,1.38424,1.38503
2021-06-29 19:15:00+00:00,gbpusd,1.38458,1.38464,1.38435,1.38447
2021-06-29 19:30:00+00:00,gbpusd,1.38478,1.38487,1.38453,1.38457
2021-06-29 19:45:00+00:00,gbpusd,1.38507,1.38534,1.38469,1.38479
2021-06-29 20:00:00+00:00,gbpusd,1.38502,1.38516,1.38483,1.38508
2021-06-29 20:15:00+00:00,gbpusd,1.38494,1.38513,1.3849,1.38503
2021-06-29 20:30:00+00:00,gbpusd,1.38474,1.38495,1.38472,1.38495
2021-06-29 20:45:00+00:00,gbpusd,1.38369,1.38474,1.38351,1.38473
2021-06-29 21:00:00+00:00,gbpusd,1.38432,1.38454,1.38414,1.38415
2021-06-29 21:15:00+00:00,gbpusd,1.38428,1.38445,1.38416,1.38416
2021-06-29 21:30:00+00:00,gbpusd,1.38416,1.38445,1.38391,1.38427
2021-06-29 21:45:00+00:00,gbpusd,1.38406,1.38447,1.38396,1.38417
2021-06-29 22:00:00+00:00,gbpusd,1.38437,1.38451,1.38394,1.38405
2021-06-29 22:15:00+00:00,gbpusd,1.38449,1.3845,1.38426,1.38438
2021-06-29 22:30:00+00:00,gbpusd,1.38425,1.38448,1.38405,1.38448
2021-06-29 22:45:00+00:00,gbpusd,1.38435,1.38438,1.38425,1.38426
2021-06-29 23:00:00+00:00,gbpusd,1.38403,1.38436,1.38395,1.38436
2021-06-29 23:15:00+00:00,gbpusd,1.38406,1.38414,1.38385,1.38402
2021-06-29 23:30:00+00:00,gbpusd,1.38405,1.38407,1.38384,1.38407
2021-06-29 23:45:00+00:00,gbpusd,1.38404,1.38425,1.38402,1.38406
2021-06-30 00:00:00+00:00,gbpusd,1.38485,1.38495,1.38396,1.38403
2021-06-30 00:15:00+00:00,gbpusd,1.38527,1.3853,1.38483,1.38486
2021-06-30 00:30:00+00:00,gbpusd,1.38533,1.38539,1.38474,1.38528
2021-06-30 00:45:00+00:00,gbpusd,1.38532,1.38548,1.38501,1.38534
2021-06-30 01:00:00+00:00,gbpusd,1.38536,1.38538,1.38494,1.38531
2021-06-30 01:15:00+00:00,gbpusd,1.38517,1.38537,1.38498,1.38537
2021-06-30 01:30:00+00:00,gbpusd,1.38576,1.38589,1.38503,1.38516
2021-06-30 01:45:00+00:00,gbpusd,1.38567,1.38606,1.38564,1.38577
2021-06-30 02:00:00+00:00,gbpusd,1.38571,1.38586,1.38563,1.38568
2021-06-30 02:15:00+00:00,gbpusd,1.38576,1.38607,1.38564,1.3857
2021-06-30 02:30:00+00:00,gbpusd,1.38565,1.38585,1.38563,1.38575
2021-06-30 02:45:00+00:00,gbpusd,1.38535,1.38564,1.38522,1.38564
2021-06-30 03:00:00+00:00,gbpusd,1.38487,1.38539,1.38455,1.38536
2021-06-30 03:15:00+00:00,gbpusd,1.38455,1.38487,1.38437,1.38486
2021-06-30 03:30:00+00:00,gbpusd,1.38496,1.38502,1.38455,1.38456
2021-06-30 03:45:00+00:00,gbpusd,1.38523,1.38527,1.3849,1.38495
2021-06-30 04:00:00+00:00,gbpusd,1.38516,1.38537,1.38515,1.38526
2021-06-30 04:15:00+00:00,gbpusd,1.38557,1.38563,1.38515,1.38515
2021-06-30 04:30:00+00:00,gbpusd,1.38499,1.38564,1.38498,1.38556
2021-06-30 04:45:00+00:00,gbpusd,1.38494,1.38511,1.3848,1.38497
2021-06-30 05:00:00+00:00,gbpusd,1.38541,1.38543,1.38486,1.38493
2021-06-30 05:15:00+00:00,gbpusd,1.38522,1.38565,1.38509,1.38542
2021-06-30 05:30:00+00:00,gbpusd,1.38514,1.3854,1.38507,1.38523
2021-06-30 05:45:00+00:00,gbpusd,1.38468,1.38513,1.38465,1.38513
2021-06-30 06:00:00+00:00,gbpusd,1.38423,1.38472,1.38395,1.38466
2021-06-30 06:15:00+00:00,gbpusd,1.38486,1.38487,1.38418,1.38422
2021-06-30 06:30:00+00:00,gbpusd,1.38469,1.38533,1.38457,1.38485
2021-06-30 06:45:00+00:00,gbpusd,1.38395,1.38509,1.38383,1.38468
2021-06-30 07:00:00+00:00,gbpusd,1.38254,1.38397,1.38213,1.38394
2021-06-30 07:15:00+00:00,gbpusd,1.38237,1.38287,1.38198,1.38255
2021-06-30 07:30:00+00:00,gbpusd,1.38287,1.383,1.38196,1.38238
2021-06-30 07:45:00+00:00,gbpusd,1.38319,1.3839,1.38285,1.38288
2021-06-30 08:00:00+00:00,gbpusd,1.38188,1.38325,1.38188,1.38318
2021-06-30 08:15:00+00:00,gbpusd,1.38382,1.38384,1.38152,1.38187
2021-06-30 08:30:00+00:00,gbpusd,1.38285,1.38395,1.38277,1.38381
2021-06-30 08:45:00+00:00,gbpusd,1.38349,1.38437,1.38266,1.38286
2021-06-30 09:00:00+00:00,gbpusd,1.38339,1.38377,1.38314,1.38348
2021-06-30 09:15:00+00:00,gbpusd,1.38381,1.38409,1.38326,1.38338
2021-06-30 09:30:00+00:00,gbpusd,1.3839,1.3843,1.38359,1.38383
2021-06-30 09:45:00+00:00,gbpusd,1.38568,1.38578,1.38391,1.38391
2021-06-30 10:00:00+00:00,gbpusd,1.38492,1.38588,1.38491,1.38569
2021-06-30 10:15:00+00:00,gbpusd,1.38566,1.38585,1.38477,1.38491
2021-06-30 10:30:00+00:00,gbpusd,1.38604,1.38731,1.38563,1.38565
2021-06-30 10:45:00+00:00,gbpusd,1.3862,1.38659,1.38588,1.38605
2021-06-30 11:00:00+00:00,gbpusd,1.38681,1.38691,1.38577,1.38619
2021-06-30 11:15:00+00:00,gbpusd,1.38646,1.38705,1.3863,1.38682
2021-06-30 11:30:00+00:00,gbpusd,1.38678,1.38686,1.38625,1.38647
2021-06-30 11:45:00+00:00,gbpusd,1.38676,1.38696,1.38605,1.38679
2021-06-30 12:00:00+00:00,gbpusd,1.3851,1.3868,1.38452,1.38677
2021-06-30 12:15:00+00:00,gbpusd,1.38452,1.38565,1.38447,1.38511
2021-06-30 12:30:00+00:00,gbpusd,1.38492,1.38495,1.3836,1.38475
2021-06-30 12:45:00+00:00,gbpusd,1.3843,1.38495,1.38429,1.38491
2021-06-30 13:00:00+00:00,gbpusd,1.38256,1.3845,1.38256,1.38429
2021-06-30 13:15:00+00:00,gbpusd,1.38261,1.38269,1.38168,1.38257
2021-06-30 13:30:00+00:00,gbpusd,1.3829,1.38329,1.38258,1.3826
2021-06-30 13:45:00+00:00,gbpusd,1.38408,1.38409,1.38272,1.38289
2021-06-30 14:00:00+00:00,gbpusd,1.38302,1.38402,1.38277,1.38401
2021-06-30 14:15:00+00:00,gbpusd,1.38223,1.38309,1.38186,1.38302
2021-06-30 14:30:00+00:00,gbpusd,1.3823,1.38349,1.38211,1.38222
2021-06-30 14:45:00+00:00,gbpusd,1.38158,1.38325,1.38092,1.38231
2021-06-30 15:00:00+00:00,gbpusd,1.38198,1.38233,1.38115,1.38156
2021-06-30 15:15:00+00:00,gbpusd,1.38104,1.38216,1.38094,1.38197
2021-06-30 15:30:00+00:00,gbpusd,1.38067,1.38152,1.3805,1.38105
2021-06-30 15:45:00+00:00,gbpusd,1.38057,1.38078,1.38049,1.38066
2021-06-30 16:00:00+00:00,gbpusd,1.38096,1.38096,1.38029,1.38058
2021-06-30 16:15:00+00:00,gbpusd,1.38041,1.3811,1.38036,1.38097
2021-06-30 16:30:00+00:00,gbpusd,1.38025,1.38077,1.38009,1.38042
2021-06-30 16:45:00+00:00,gbpusd,1.38006,1.38037,1.38001,1.38026
2021-06-30 17:00:00+00:00,gbpusd,1.38022,1.38028,1.37987,1.38007
2021-06-30 17:15:00+00:00,gbpusd,1.38088,1.3812,1.38023,1.38023
2021-06-30 17:30:00+00:00,gbpusd,1.38051,1.38095,1.38039,1.38087
2021-06-30 17:45:00+00:00,gbpusd,1.38121,1.38135,1.38046,1.3805
2021-06-30 18:00:00+00:00,gbpusd,1.38049,1.38128,1.38037,1.3812
2021-06-30 18:15:00+00:00,gbpusd,1.38052,1.38083,1.38047,1.38048
2021-06-30 18:30:00+00:00,gbpusd,1.38079,1.38087,1.38035,1.38053
2021-06-30 18:45:00+00:00,gbpusd,1.38036,1.38079,1.38025,1.38078
2021-06-30 19:00:00+00:00,gbpusd,1.38027,1.38045,1.38015,1.38037
2021-06-30 19:15:00+00:00,gbpusd,1.38185,1.38185,1.38018,1.38028
2021-06-30 19:30:00+00:00,gbpusd,1.38309,1.38329,1.38186,1.38186
2021-06-30 19:45:00+00:00,gbpusd,1.38335,1.38349,1.38292,1.3831
2021-06-30 20:00:00+00:00,gbpusd,1.38327,1.38376,1.38297,1.38334
2021-06-30 20:15:00+00:00,gbpusd,1.38354,1.3838,1.38325,1.38326
2021-06-30 20:30:00+00:00,gbpusd,1.38338,1.38376,1.38324,1.38355
2021-06-30 20:45:00+00:00,gbpusd,1.38304,1.38341,1.38304,1.38337
2021-06-30 21:00:00+00:00,gbpusd,1.38285,1.38351,1.38268,1.38342
2021-06-30 21:15:00+00:00,gbpusd,1.38294,1.38311,1.38256,1.38293
2021-06-30 21:30:00+00:00,gbpusd,1.38318,1.38339,1.3828,1.38292
2021-06-30 21:45:00+00:00,gbpusd,1.38303,1.3833,1.38278,1.38319
2021-06-30 22:00:00+00:00,gbpusd,1.3831,1.38324,1.38273,1.38301
2021-06-30 22:15:00+00:00,gbpusd,1.38306,1.38316,1.38303,1.38311
2021-06-30 22:30:00+00:00,gbpusd,1.38278,1.38309,1.38278,1.38305
2021-06-30 22:45:00+00:00,gbpusd,1.38289,1.38289,1.38275,1.38277
2021-06-30 23:00:00+00:00,gbpusd,1.38316,1.38338,1.3829,1.3829
2021-06-30 23:15:00+00:00,gbpusd,1.38305,1.38328,1.38303,1.38317
2021-06-30 23:30:00+00:00,gbpusd,1.38307,1.38308,1.38276,1.38306
2021-06-30 23:45:00+00:00,gbpusd,1.38286,1.38317,1.38284,1.38308
2021-07-01 00:00:00+00:00,gbpusd,1.38265,1.38296,1.38233,1.38287
2021-07-01 00:15:00+00:00,gbpusd,1.38214,1.38277,1.38204,1.38266
2021-07-01 00:30:00+00:00,gbpusd,1.38205,1.38227,1.382,1.38215
2021-07-01 00:45:00+00:00,gbpusd,1.38123,1.38214,1.38121,1.38204
2021-07-01 01:00:00+00:00,gbpusd,1.38187,1.38207,1.38124,1.38124
2021-07-01 01:15:00+00:00,gbpusd,1.38126,1.38187,1.38118,1.38186
2021-07-01 01:30:00+00:00,gbpusd,1.38148,1.38168,1.38115,1.38127
2021-07-01 01:45:00+00:00,gbpusd,1.38158,1.38158,1.38109,1.38147
2021-07-01 02:00:00+00:00,gbpusd,1.38158,1.3817,1.38127,1.38157
2021-07-01 02:15:00+00:00,gbpusd,1.38146,1.38177,1.38142,1.38157
2021-07-01 02:30:00+00:00,gbpusd,1.38135,1.3817,1.38135,1.38147
2021-07-01 02:45:00+00:00,gbpusd,1.38167,1.38179,1.38135,1.38136
2021-07-01 03:00:00+00:00,gbpusd,1.38134,1.38167,1.38126,1.38166
2021-07-01 03:15:00+00:00,gbpusd,1.38146,1.3816,1.38126,1.38135
2021-07-01 03:30:00+00:00,gbpusd,1.38137,1.38162,1.38137,1.38145
2021-07-01 03:45:00+00:00,gbpusd,1.38184,1.38189,1.38136,1.38138
2021-07-01 04:00:00+00:00,gbpusd,1.38209,1.38222,1.38187,1.38188
2021-07-01 04:15:00+00:00,gbpusd,1.38208,1.38215,1.38189,1.38208
2021-07-01 04:30:00+00:00,gbpusd,1.38189,1.3821,1.38178,1.38209
2021-07-01 04:45:00+00:00,gbpusd,1.38178,1.38208,1.38175,1.3819
2021-07-01 05:00:00+00:00,gbpusd,1.38126,1.38182,1.38119,1.38179
2021-07-01 05:15:00+00:00,gbpusd,1.38097,1.38128,1.38067,1.38127
2021-07-01 05:30:00+00:00,gbpusd,1.38147,1.38147,1.38095,1.38098
2021-07-01 05:45:00+00:00,gbpusd,1.3814,1.38157,1.38115,1.38146
2021-07-01 06:00:00+00:00,gbpusd,1.38142,1.38153,1.38056,1.38139
2021-07-01 06:15:00+00:00,gbpusd,1.38067,1.38149,1.38059,1.38144
2021-07-01 06:30:00+00:00,gbpusd,1.38206,1.38207,1.38068,1.38068
2021-07-01 06:45:00+00:00,gbpusd,1.38167,1.38221,1.38143,1.38207
2021-07-01 07:00:00+00:00,gbpusd,1.38286,1.38286,1.38146,1.38166
2021-07-01 07:15:00+00:00,gbpusd,1.38298,1.38338,1.38266,1.38287
2021-07-01 07:30:00+00:00,gbpusd,1.38238,1.38337,1.38232,1.38297
2021-07-01 07:45:00+00:00,gbpusd,1.38199,1.38253,1.38192,1.38237
2021-07-01 08:00:00+00:00,gbpusd,1.37965,1.38343,1.37954,1.38199
2021-07-01 08:15:00+00:00,gbpusd,1.37988,1.38046,1.37947,1.37964
2021-07-01 08:30:00+00:00,gbpusd,1.37918,1.37995,1.37917,1.37987
2021-07-01 08:45:00+00:00,gbpusd,1.37802,1.37986,1.3775,1.37919
2021-07-01 09:00:00+00:00,gbpusd,1.37802,1.37836,1.37733,1.37801
2021-07-01 09:15:00+00:00,gbpusd,1.37783,1.37858,1.3774,1.37801
2021-07-01 09:30:00+00:00,gbpusd,1.37821,1.37869,1.3776,1.37782
2021-07-01 09:45:00+00:00,gbpusd,1.37781,1.37837,1.37754,1.37822
2021-07-01 10:00:00+00:00,gbpusd,1.3778,1.37802,1.37709,1.37782
2021-07-01 10:15:00+00:00,gbpusd,1.3779,1.37856,1.37761,1.37781
2021-07-01 10:30:00+00:00,gbpusd,1.37788,1.37807,1.37738,1.37791
2021-07-01 10:45:00+00:00,gbpusd,1.37914,1.37915,1.37652,1.37787
2021-07-01 11:00:00+00:00,gbpusd,1.37971,1.38006,1.37895,1.37913
2021-07-01 11:15:00+00:00,gbpusd,1.37999,1.38002,1.37934,1.3797
2021-07-01 11:30:00+00:00,gbpusd,1.3808,1.38084,1.3794,1.37998
2021-07-01 11:45:00+00:00,gbpusd,1.38097,1.38123,1.38013,1.38081
2021-07-01 12:00:00+00:00,gbpusd,1.38149,1.38164,1.38046,1.38098
2021-07-01 12:15:00+00:00,gbpusd,1.38106,1.38178,1.38105,1.38151
2021-07-01 12:30:00+00:00,gbpusd,1.38069,1.38111,1.38045,1.38105
2021-07-01 12:45:00+00:00,gbpusd,1.3811,1.38129,1.38069,1.3807
2021-07-01 13:00:00+00:00,gbpusd,1.3811,1.38207,1.38079,1.38109
2021-07-01 13:15:00+00:00,gbpusd,1.38088,1.38148,1.38075,1.38109
2021-07-01 13:30:00+00:00,gbpusd,1.37998,1.38102,1.37981,1.38087
2021-07-01 13:45:00+00:00,gbpusd,1.38106,1.38146,1.3799,1.37997
2021-07-01 14:00:00+00:00,gbpusd,1.3785,1.38149,1.37829,1.38109
2021-07-01 14:15:00+00:00,gbpusd,1.3789,1.3792,1.37829,1.37851
2021-07-01 14:30:00+00:00,gbpusd,1.37858,1.37913,1.37788,1.37891
2021-07-01 14:45:00+00:00,gbpusd,1.37814,1.37897,1.3777,1.3786
2021-07-01 15:00:00+00:00,gbpusd,1.37638,1.3782,1.37638,1.37811
2021-07-01 15:15:00+00:00,gbpusd,1.37741,1.37752,1.37639,1.3766
2021-07-01 15:30:00+00:00,gbpusd,1.37751,1.37795,1.37703,1.3774
2021-07-01 15:45:00+00:00,gbpusd,1.37787,1.37818,1.37718,1.37749
2021-07-01 16:00:00+00:00,gbpusd,1.37713,1.37799,1.37701,1.37788
2021-07-01 16:15:00+00:00,gbpusd,1.37692,1.37734,1.3766,1.37714
2021-07-01 16:30:00+00:00,gbpusd,1.3767,1.37745,1.37652,1.37691
2021-07-01 16:45:00+00:00,gbpusd,1.37661,1.37673,1.37615,1.37671
2021-07-01 17:00:00+00:00,gbpusd,1.37668,1.37713,1.37657,1.3766
2021-07-01 17:15:00+00:00,gbpusd,1.37621,1.37683,1.37616,1.37669
2021-07-01 17:30:00+00:00,gbpusd,1.37632,1.3766,1.37618,1.3762
2021-07-01 17:45:00+00:00,gbpusd,1.37628,1.37642,1.37614,1.37633
2021-07-01 18:00:00+00:00,gbpusd,1.37612,1.37643,1.37609,1.37629
2021-07-01 18:15:00+00:00,gbpusd,1.37579,1.37613,1.3756,1.37613
2021-07-01 18:30:00+00:00,gbpusd,1.37567,1.37587,1.3756,1.37578
2021-07-01 18:45:00+00:00,gbpusd,1.37553,1.37575,1.37545,1.37566
2021-07-01 19:00:00+00:00,gbpusd,1.37534,1.37555,1.37529,1.37554
2021-07-01 19:15:00+00:00,gbpusd,1.37563,1.37576,1.37533,1.37535
2021-07-01 19:30:00+00:00,gbpusd,1.37548,1.37582,1.37542,1.37564
2021-07-01 19:45:00+00:00,gbpusd,1.3758,1.37604,1.37532,1.37547
2021-07-01 20:00:00+00:00,gbpusd,1.37563,1.37606,1.37563,1.37579
2021-07-01 20:15:00+00:00,gbpusd,1.37552,1.37574,1.37549,1.37564
2021-07-01 20:30:00+00:00,gbpusd,1.37592,1.37603,1.3755,1.37551
2021-07-01 20:45:00+00:00,gbpusd,1.37683,1.37683,1.37592,1.37593
2021-07-01 21:00:00+00:00,gbpusd,1.37621,1.37649,1.37564,1.37636
2021-07-01 21:15:00+00:00,gbpusd,1.37622,1.37633,1.3762,1.37628
2021-07-01 21:30:00+00:00,gbpusd,1.37645,1.37655,1.3762,1.37621
2021-07-01 21:45:00+00:00,gbpusd,1.37631,1.37649,1.37616,1.37644
2021-07-01 22:00:00+00:00,gbpusd,1.3759,1.37632,1.3759,1.37632
2021-07-01 22:15:00+00:00,gbpusd,1.37548,1.37593,1.37519,1.37591
2021-07-01 22:30:00+00:00,gbpusd,1.37601,1.37625,1.37547,1.37547
2021-07-01 22:45:00+00:00,gbpusd,1.37607,1.37622,1.37594,1.37602
2021-07-01 23:00:00+00:00,gbpusd,1.37592,1.37612,1.37589,1.37606
2021-07-01 23:15:00+00:00,gbpusd,1.37601,1.3761,1.37576,1.37593
2021-07-01 23:30:00+00:00,gbpusd,1.37611,1.37612,1.37578,1.376
2021-07-01 23:45:00+00:00,gbpusd,1.37592,1.37622,1.37592,1.3761
2021-07-02 00:00:00+00:00,gbpusd,1.37621,1.37631,1.37579,1.37591
2021-07-02 00:15:00+00:00,gbpusd,1.37633,1.37643,1.37603,1.3762
2021-07-02 00:30:00+00:00,gbpusd,1.37681,1.37691,1.37631,1.37632
2021-07-02 00:45:00+00:00,gbpusd,1.3761,1.37732,1.37609,1.37682
2021-07-02 01:00:00+00:00,gbpusd,1.37628,1.37649,1.37579,1.37611
2021-07-02 01:15:00+00:00,gbpusd,1.3762,1.37638,1.37598,1.37629
2021-07-02 01:30:00+00:00,gbpusd,1.3763,1.37634,1.37596,1.37621
2021-07-02 01:45:00+00:00,gbpusd,1.37632,1.37665,1.37609,1.37631
2021-07-02 02:00:00+00:00,gbpusd,1.37643,1.37653,1.37611,1.37631
2021-07-02 02:15:00+00:00,gbpusd,1.3765,1.37664,1.37636,1.37644
2021-07-02 02:30:00+00:00,gbpusd,1.3768,1.37685,1.37647,1.37649
2021-07-02 02:45:00+00:00,gbpusd,1.37689,1.37691,1.37657,1.37681
2021-07-02 03:00:00+00:00,gbpusd,1.37682,1.37693,1.37658,1.3769
2021-07-02 03:15:00+00:00,gbpusd,1.37686,1.37703,1.37668,1.37683
2021-07-02 03:30:00+00:00,gbpusd,1.37679,1.377,1.37671,1.37685
2021-07-02 03:45:00+00:00,gbpusd,1.37682,1.37702,1.3765,1.37678
2021-07-02 04:00:00+00:00,gbpusd,1.3775,1.37752,1.37681,1.37681
2021-07-02 04:15:00+00:00,gbpusd,1.37711,1.37766,1.37707,1.37748
2021-07-02 04:30:00+00:00,gbpusd,1.37731,1.37742,1.37709,1.37712
2021-07-02 04:45:00+00:00,gbpusd,1.37712,1.37741,1.37711,1.3773
2021-07-02 05:00:00+00:00,gbpusd,1.3773,1.37735,1.37703,1.37713
2021-07-02 05:15:00+00:00,gbpusd,1.37728,1.3774,1.37707,1.37731
2021-07-02 05:30:00+00:00,gbpusd,1.3772,1.37737,1.37716,1.37727
2021-07-02 05:45:00+00:00,gbpusd,1.37676,1.37727,1.37636,1.37719
2021-07-02 06:00:00+00:00,gbpusd,1.37611,1.37675,1.37606,1.37675
2021-07-02 06:15:00+00:00,gbpusd,1.37571,1.37623,1.37545,1.37612
2021-07-02 06:30:00+00:00,gbpusd,1.37588,1.37591,1.37547,1.3757
2021-07-02 06:45:00+00:00,gbpusd,1.37539,1.3759,1.37498,1.37589
2021-07-02 07:00:00+00:00,gbpusd,1.37499,1.3755,1.37442,1.3754
2021-07-02 07:15:00+00:00,gbpusd,1.37592,1.37596,1.37475,1.37498
2021-07-02 07:30:00+00:00,gbpusd,1.37582,1.37611,1.37516,1.37591
2021-07-02 07:45:00+00:00,gbpusd,1.37603,1.37606,1.37532,1.37583
2021-07-02 08:00:00+00:00,gbpusd,1.37662,1.37672,1.37556,1.37604
2021-07-02 08:15:00+00:00,gbpusd,1.37641,1.37672,1.37575,1.37661
2021-07-02 08:30:00+00:00,gbpusd,1.3759,1.37655,1.37587,1.3764
2021-07-02 08:45:00+00:00,gbpusd,1.37551,1.37599,1.3754,1.37591
2021-07-02 09:00:00+00:00,gbpusd,1.37563,1.3757,1.37526,1.3755
2021-07-02 09:15:00+00:00,gbpusd,1.37582,1.37613,1.3753,1.37564
2021-07-02 09:30:00+00:00,gbpusd,1.37606,1.37618,1.37545,1.37581
2021-07-02 09:45:00+00:00,gbpusd,1.37499,1.37611,1.37498,1.37607
2021-07-02 10:00:00+00:00,gbpusd,1.37469,1.37504,1.37465,1.375
2021-07-02 10:15:00+00:00,gbpusd,1.37445,1.37485,1.37404,1.37468
2021-07-02 10:30:00+00:00,gbpusd,1.37397,1.37481,1.37375,1.37444
2021-07-02 10:45:00+00:00,gbpusd,1.37398,1.37504,1.37394,1.37398
2021-07-02 11:00:00+00:00,gbpusd,1.37526,1.3753,1.37384,1.37397
2021-07-02 11:15:00+00:00,gbpusd,1.37502,1.37569,1.37487,1.37525
2021-07-02 11:30:00+00:00,gbpusd,1.37497,1.37528,1.37468,1.37503
2021-07-02 11:45:00+00:00,gbpusd,1.37417,1.37507,1.37408,1.37496
2021-07-02 12:00:00+00:00,gbpusd,1.37471,1.37472,1.37378,1.37416
2021-07-02 12:15:00+00:00,gbpusd,1.37449,1.37533,1.37423,1.3747
2021-07-02 12:30:00+00:00,gbpusd,1.37858,1.37869,1.37341,1.37447
2021-07-02 12:45:00+00:00,gbpusd,1.37803,1.37861,1.37645,1.37859
2021-07-02 13:00:00+00:00,gbpusd,1.37824,1.3791,1.378,1.37804
2021-07-02 13:15:00+00:00,gbpusd,1.37715,1.37891,1.37715,1.37823
2021-07-02 13:30:00+00:00,gbpusd,1.37607,1.37766,1.37595,1.37735
2021-07-02 13:45:00+00:00,gbpusd,1.37788,1.37801,1.37598,1.37606
2021-07-02 14:00:00+00:00,gbpusd,1.3775,1.37807,1.37692,1.37779
2021-07-02 14:15:00+00:00,gbpusd,1.37831,1.37845,1.37716,1.37751
2021-07-02 14:30:00+00:00,gbpusd,1.37787,1.37846,1.3772,1.37832
2021-07-02 14:45:00+00:00,gbpusd,1.37818,1.3787,1.3771,1.37788
2021-07-02 15:00:00+00:00,gbpusd,1.37876,1.37936,1.37811,1.37817
2021-07-02 15:15:00+00:00,gbpusd,1.3794,1.37958,1.37871,1.37874
2021-07-02 15:30:00+00:00,gbpusd,1.37934,1.37968,1.37916,1.37939
2021-07-02 15:45:00+00:00,gbpusd,1.37929,1.37963,1.37927,1.37935
2021-07-02 16:00:00+00:00,gbpusd,1.37918,1.37974,1.37916,1.37928
2021-07-02 16:15:00+00:00,gbpusd,1.37965,1.37969,1.37909,1.37919
2021-07-02 16:30:00+00:00,gbpusd,1.37962,1.37993,1.37954,1.37964
2021-07-02 16:45:00+00:00,gbpusd,1.38043,1.38052,1.37953,1.37963
2021-07-02 17:00:00+00:00,gbpusd,1.38129,1.38138,1.37994,1.38044
2021-07-02 17:15:00+00:00,gbpusd,1.38176,1.38182,1.38127,1.3813
2021-07-02 17:30:00+00:00,gbpusd,1.38218,1.38251,1.38177,1.38177
2021-07-02 17:45:00+00:00,gbpusd,1.38296,1.383,1.38212,1.38217
2021-07-02 18:00:00+00:00,gbpusd,1.38438,1.38447,1.38296,1.38297
2021-07-02 18:15:00+00:00,gbpusd,1.38396,1.38439,1.3835,1.38437
2021-07-02 18:30:00+00:00,gbpusd,1.38439,1.38444,1.38389,1.38397
2021-07-02 18:45:00+00:00,gbpusd,1.38362,1.38444,1.38352,1.38438
2021-07-02 19:00:00+00:00,gbpusd,1.38366,1.38386,1.38347,1.38361
2021-07-02 19:15:00+00:00,gbpusd,1.38346,1.3839,1.38346,1.38365
2021-07-02 19:30:00+00:00,gbpusd,1.38345,1.38365,1.38329,1.38347
2021-07-02 19:45:00+00:00,gbpusd,1.38351,1.38356,1.38324,1.38344
2021-07-02 20:00:00+00:00,gbpusd,1.38376,1.38378,1.38346,1.38352
2021-07-02 20:15:00+00:00,gbpusd,1.38348,1.38378,1.38346,1.38377
2021-07-02 20:30:00+00:00,gbpusd,1.38336,1.38351,1.38334,1.38347
2021-07-02 20:45:00+00:00,gbpusd,1.38299,1.38355,1.38299,1.38335
2021-07-05 03:30:00+00:00,gbpusd,1.38237,1.38243,1.38211,1.38235
2021-07-05 03:45:00+00:00,gbpusd,1.38216,1.38276,1.38214,1.38239
2021-07-05 04:00:00+00:00,gbpusd,1.38206,1.38229,1.38186,1.38217
2021-07-05 04:15:00+00:00,gbpusd,1.38217,1.38225,1.38203,1.38205
2021-07-05 04:30:00+00:00,gbpusd,1.38217,1.38225,1.38212,1.38216
2021-07-05 04:45:00+00:00,gbpusd,1.38245,1.38254,1.38218,1.38218
2021-07-05 05:00:00+00:00,gbpusd,1.38205,1.38248,1.38192,1.38244
2021-07-05 05:15:00+00:00,gbpusd,1.38235,1.38239,1.38193,1.38204
2021-07-05 05:30:00+00:00,gbpusd,1.38196,1.3824,1.38195,1.38236
2021-07-05 05:45:00+00:00,gbpusd,1.38207,1.38209,1.38187,1.38195
2021-07-05 06:00:00+00:00,gbpusd,1.38259,1.38289,1.38185,1.38206
2021-07-05 06:15:00+00:00,gbpusd,1.38347,1.38357,1.38256,1.3826
2021-07-05 06:30:00+00:00,gbpusd,1.38433,1.38457,1.38337,1.38348
2021-07-05 06:45:00+00:00,gbpusd,1.38447,1.38455,1.38408,1.38434
2021-07-05 07:00:00+00:00,gbpusd,1.38365,1.38446,1.38337,1.38446
2021-07-05 07:15:00+00:00,gbpusd,1.38312,1.3838,1.38298,1.38364
2021-07-05 07:30:00+00:00,gbpusd,1.38393,1.38447,1.38306,1.38313
2021-07-05 07:45:00+00:00,gbpusd,1.38475,1.38482,1.38385,1.38394
2021-07-05 08:00:00+00:00,gbpusd,1.38534,1.38559,1.38472,1.38476
2021-07-05 08:15:00+00:00,gbpusd,1.38505,1.3855,1.38498,1.38533
2021-07-05 08:30:00+00:00,gbpusd,1.38552,1.38553,1.38466,1.38504
2021-07-05 08:45:00+00:00,gbpusd,1.38506,1.38578,1.385,1.38551
2021-07-05 09:00:00+00:00,gbpusd,1.38524,1.38544,1.38501,1.38505
2021-07-05 09:15:00+00:00,gbpusd,1.3852,1.3853,1.38485,1.38525
2021-07-05 09:30:00+00:00,gbpusd,1.38573,1.386,1.38495,1.38519
2021-07-05 09:45:00+00:00,gbpusd,1.38548,1.3859,1.38523,1.38572
2021-07-05 10:00:00+00:00,gbpusd,1.3856,1.3857,1.38508,1.38549
2021-07-05 10:15:00+00:00,gbpusd,1.38478,1.38559,1.38459,1.38559
2021-07-05 10:30:00+00:00,gbpusd,1.38572,1.38575,1.38457,1.38479
2021-07-05 10:45:00+00:00,gbpusd,1.38605,1.3862,1.38566,1.38571
2021-07-05 11:00:00+00:00,gbpusd,1.38568,1.38615,1.38566,1.38604
2021-07-05 11:15:00+00:00,gbpusd,1.38553,1.38597,1.38549,1.38569
2021-07-05 11:30:00+00:00,gbpusd,1.38534,1.38573,1.38522,1.38554
2021-07-05 11:45:00+00:00,gbpusd,1.38558,1.38587,1.38533,1.38533
2021-07-05 12:00:00+00:00,gbpusd,1.38509,1.38567,1.38507,1.38557
2021-07-05 12:15:00+00:00,gbpusd,1.38538,1.38542,1.3849,1.3851
2021-07-05 12:30:00+00:00,gbpusd,1.38488,1.38565,1.38477,1.38539
2021-07-05 12:45:00+00:00,gbpusd,1.38456,1.38507,1.38443,1.38487
2021-07-05 13:00:00+00:00,gbpusd,1.38483,1.38508,1.38431,1.38457
2021-07-05 13:15:00+00:00,gbpusd,1.38405,1.38486,1.38403,1.38484
2021-07-05 13:30:00+00:00,gbpusd,1.3848,1.38481,1.38406,1.38406
2021-07-05 13:45:00+00:00,gbpusd,1.38461,1.38499,1.38434,1.38481
2021-07-05 14:00:00+00:00,gbpusd,1.38412,1.38468,1.38379,1.3846
2021-07-05 14:15:00+00:00,gbpusd,1.384,1.38438,1.38397,1.38411
2021-07-05 14:30:00+00:00,gbpusd,1.38436,1.38454,1.3838,1.38401
2021-07-05 14:45:00+00:00,gbpusd,1.38401,1.38442,1.38395,1.38435
2021-07-05 15:00:00+00:00,gbpusd,1.38471,1.38471,1.38397,1.38402
2021-07-05 15:15:00+00:00,gbpusd,1.38501,1.3854,1.38463,1.38472
2021-07-05 15:30:00+00:00,gbpusd,1.38528,1.38543,1.38481,1.38502
2021-07-05 15:45:00+00:00,gbpusd,1.38529,1.38547,1.38508,1.38527
2021-07-05 16:00:00+00:00,gbpusd,1.38548,1.38553,1.38519,1.38528
2021-07-05 16:15:00+00:00,gbpusd,1.38551,1.38591,1.3854,1.38547
2021-07-05 16:30:00+00:00,gbpusd,1.38549,1.38571,1.38536,1.38552
2021-07-05 16:45:00+00:00,gbpusd,1.38568,1.38573,1.38505,1.38548
2021-07-05 17:00:00+00:00,gbpusd,1.38511,1.38579,1.38475,1.38569
2021-07-05 17:15:00+00:00,gbpusd,1.38542,1.3856,1.38494,1.38512
2021-07-05 17:30:00+00:00,gbpusd,1.38545,1.38554,1.38495,1.38543
2021-07-05 17:45:00+00:00,gbpusd,1.38519,1.3855,1.38517,1.38546
2021-07-05 18:00:00+00:00,gbpusd,1.38529,1.38562,1.38512,1.38521
2021-07-05 18:15:00+00:00,gbpusd,1.38535,1.38538,1.38518,1.38528
2021-07-05 18:30:00+00:00,gbpusd,1.3852,1.38543,1.38518,1.38534
2021-07-05 18:45:00+00:00,gbpusd,1.38531,1.38539,1.38503,1.38519
2021-07-05 19:00:00+00:00,gbpusd,1.38538,1.38552,1.38508,1.38532
2021-07-05 19:15:00+00:00,gbpusd,1.38488,1.38544,1.38474,1.38537
2021-07-05 19:30:00+00:00,gbpusd,1.3851,1.38525,1.3847,1.38491
2021-07-05 19:45:00+00:00,gbpusd,1.38501,1.38524,1.38492,1.38507
2021-07-05 20:00:00+00:00,gbpusd,1.38462,1.38502,1.38457,1.38502
2021-07-05 20:15:00+00:00,gbpusd,1.38477,1.38505,1.38451,1.38461
2021-07-05 20:30:00+00:00,gbpusd,1.3847,1.38508,1.38441,1.38478
2021-07-05 20:45:00+00:00,gbpusd,1.38461,1.38478,1.38459,1.38471
2021-07-05 21:00:00+00:00,gbpusd,1.38446,1.38449,1.38437,1.38442
2021-07-05 21:15:00+00:00,gbpusd,1.38455,1.3846,1.38437,1.38448
2021-07-05 21:30:00+00:00,gbpusd,1.3848,1.3848,1.38464,1.38468
2021-07-05 21:45:00+00:00,gbpusd,1.38468,1.38494,1.38421,1.38478
2021-07-05 22:00:00+00:00,gbpusd,1.38536,1.38538,1.38467,1.38469
2021-07-05 22:15:00+00:00,gbpusd,1.38555,1.38589,1.3853,1.38537
2021-07-05 22:30:00+00:00,gbpusd,1.38566,1.38579,1.38527,1.38554
2021-07-05 22:45:00+00:00,gbpusd,1.38568,1.3858,1.38556,1.38565
2021-07-05 23:00:00+00:00,gbpusd,1.3855,1.3857,1.38549,1.38567
2021-07-05 23:15:00+00:00,gbpusd,1.3854,1.38576,1.38539,1.38549
2021-07-05 23:30:00+00:00,gbpusd,1.3855,1.3856,1.38541,1.38541
2021-07-05 23:45:00+00:00,gbpusd,1.38534,1.38573,1.38523,1.38549
2021-07-06 00:00:00+00:00,gbpusd,1.3858,1.3859,1.38517,1.3853
2021-07-06 00:15:00+00:00,gbpusd,1.38548,1.38598,1.38548,1.38579
2021-07-06 00:30:00+00:00,gbpusd,1.38585,1.38591,1.38548,1.38549
2021-07-06 00:45:00+00:00,gbpusd,1.3858,1.38607,1.38571,1.38584
2021-07-06 01:00:00+00:00,gbpusd,1.38573,1.38602,1.3857,1.38581
2021-07-06 01:15:00+00:00,gbpusd,1.38589,1.38602,1.38567,1.38572
2021-07-06 01:30:00+00:00,gbpusd,1.38669,1.38704,1.38563,1.38588
2021-07-06 01:45:00+00:00,gbpusd,1.38728,1.38739,1.38668,1.3867
2021-07-06 02:00:00+00:00,gbpusd,1.38768,1.3878,1.38728,1.38729
2021-07-06 02:15:00+00:00,gbpusd,1.38738,1.38787,1.38738,1.38769
2021-07-06 02:30:00+00:00,gbpusd,1.38753,1.38772,1.38737,1.38739
2021-07-06 02:45:00+00:00,gbpusd,1.38805,1.38814,1.38751,1.38752
2021-07-06 03:00:00+00:00,gbpusd,1.38862,1.38864,1.38784,1.38804
2021-07-06 03:15:00+00:00,gbpusd,1.38862,1.38869,1.38841,1.38863
2021-07-06 03:30:00+00:00,gbpusd,1.38886,1.38888,1.38849,1.38861
2021-07-06 03:45:00+00:00,gbpusd,1.38843,1.38887,1.38842,1.38887
2021-07-06 04:00:00+00:00,gbpusd,1.38839,1.3886,1.38837,1.38844
2021-07-06 04:15:00+00:00,gbpusd,1.38838,1.38849,1.38825,1.3884
2021-07-06 04:30:00+00:00,gbpusd,1.38787,1.3887,1.38764,1.38837
2021-07-06 04:45:00+00:00,gbpusd,1.3881,1.38811,1.38771,1.38788
2021-07-06 05:00:00+00:00,gbpusd,1.3888,1.38889,1.38808,1.3881
2021-07-06 05:15:00+00:00,gbpusd,1.3884,1.38883,1.38829,1.38879
2021-07-06 05:30:00+00:00,gbpusd,1.38883,1.38887,1.38828,1.38839
2021-07-06 05:45:00+00:00,gbpusd,1.38903,1.38908,1.3887,1.38882
2021-07-06 06:00:00+00:00,gbpusd,1.3896,1.38982,1.38887,1.38905
2021-07-06 06:15:00+00:00,gbpusd,1.38946,1.38985,1.38889,1.38961
2021-07-06 06:30:00+00:00,gbpusd,1.38907,1.38953,1.38851,1.38945
2021-07-06 06:45:00+00:00,gbpusd,1.3896,1.3897,1.38866,1.38906
2021-07-06 07:00:00+00:00,gbpusd,1.3882,1.3896,1.38806,1.38959
2021-07-06 07:15:00+00:00,gbpusd,1.38862,1.38878,1.3881,1.38819
2021-07-06 07:30:00+00:00,gbpusd,1.38772,1.38904,1.38762,1.38863
2021-07-06 07:45:00+00:00,gbpusd,1.38708,1.38828,1.38686,1.38771
2021-07-06 08:00:00+00:00,gbpusd,1.38642,1.38738,1.38635,1.38706
2021-07-06 08:15:00+00:00,gbpusd,1.38553,1.38648,1.38516,1.38643
2021-07-06 08:30:00+00:00,gbpusd,1.38572,1.386,1.38509,1.38552
2021-07-06 08:45:00+00:00,gbpusd,1.38562,1.38604,1.38549,1.38571
2021-07-06 09:00:00+00:00,gbpusd,1.38515,1.38584,1.3851,1.38563
2021-07-06 09:15:00+00:00,gbpusd,1.38449,1.38521,1.38408,1.38516
2021-07-06 09:30:00+00:00,gbpusd,1.38437,1.38451,1.38347,1.3845
2021-07-06 09:45:00+00:00,gbpusd,1.38459,1.38479,1.38388,1.38438
2021-07-06 10:00:00+00:00,gbpusd,1.38475,1.38499,1.38443,1.38458
2021-07-06 10:15:00+00:00,gbpusd,1.38469,1.38498,1.38447,1.38476
2021-07-06 10:30:00+00:00,gbpusd,1.38465,1.38467,1.38418,1.38467
2021-07-06 10:45:00+00:00,gbpusd,1.38479,1.38514,1.38459,1.38464
2021-07-06 11:00:00+00:00,gbpusd,1.38519,1.38521,1.38478,1.3848
2021-07-06 11:15:00+00:00,gbpusd,1.38577,1.3858,1.38514,1.3852
2021-07-06 11:30:00+00:00,gbpusd,1.38518,1.38577,1.38515,1.38576
2021-07-06 11:45:00+00:00,gbpusd,1.38551,1.38553,1.38478,1.38519
2021-07-06 12:00:00+00:00,gbpusd,1.38537,1.38616,1.38531,1.3855
2021-07-06 12:15:00+00:00,gbpusd,1.38677,1.38717,1.38515,1.38538
2021-07-06 12:30:00+00:00,gbpusd,1.38739,1.3875,1.38661,1.38678
2021-07-06 12:45:00+00:00,gbpusd,1.38611,1.38741,1.38574,1.3874
2021-07-06 13:00:00+00:00,gbpusd,1.38397,1.38637,1.38392,1.38612
2021-07-06 13:15:00+00:00,gbpusd,1.38428,1.38448,1.38387,1.38398
2021-07-06 13:30:00+00:00,gbpusd,1.3829,1.38441,1.3828,1.38427
2021-07-06 13:45:00+00:00,gbpusd,1.38366,1.38394,1.38281,1.38291
2021-07-06 14:00:00+00:00,gbpusd,1.38281,1.38376,1.38232,1.38376
2021-07-06 14:15:00+00:00,gbpusd,1.38103,1.383,1.3808,1.38297
2021-07-06 14:30:00+00:00,gbpusd,1.38157,1.38184,1.37991,1.38093
2021-07-06 14:45:00+00:00,gbpusd,1.38092,1.38174,1.37987,1.38156
2021-07-06 15:00:00+00:00,gbpusd,1.37918,1.38138,1.37909,1.38092
2021-07-06 15:15:00+00:00,gbpusd,1.37956,1.37981,1.3788,1.3793
2021-07-06 15:30:00+00:00,gbpusd,1.38012,1.38092,1.37966,1.3798
2021-07-06 15:45:00+00:00,gbpusd,1.37931,1.3802,1.3789,1.38011
2021-07-06 16:00:00+00:00,gbpusd,1.37821,1.37958,1.37806,1.37932
2021-07-06 16:15:00+00:00,gbpusd,1.37824,1.37832,1.37752,1.37822
2021-07-06 16:30:00+00:00,gbpusd,1.37794,1.37826,1.37731,1.37825
2021-07-06 16:45:00+00:00,gbpusd,1.37795,1.37827,1.37743,1.37795
2021-07-06 17:00:00+00:00,gbpusd,1.37828,1.37865,1.37777,1.37796
2021-07-06 17:15:00+00:00,gbpusd,1.37899,1.37904,1.37827,1.37829
2021-07-06 17:30:00+00:00,gbpusd,1.37952,1.37954,1.37856,1.37898
2021-07-06 17:45:00+00:00,gbpusd,1.37971,1.37986,1.37929,1.37953
2021-07-06 18:00:00+00:00,gbpusd,1.37952,1.38002,1.3795,1.37972
2021-07-06 18:15:00+00:00,gbpusd,1.38001,1.38001,1.37941,1.37951
2021-07-06 18:30:00+00:00,gbpusd,1.38033,1.38081,1.38002,1.38002
2021-07-06 18:45:00+00:00,gbpusd,1.38003,1.38055,1.37995,1.38032
2021-07-06 19:00:00+00:00,gbpusd,1.38003,1.38023,1.37992,1.38002
2021-07-06 19:15:00+00:00,gbpusd,1.38012,1.38014,1.37981,1.38004
2021-07-06 19:30:00+00:00,gbpusd,1.38028,1.38032,1.37988,1.38013
2021-07-06 19:45:00+00:00,gbpusd,1.37993,1.38049,1.37993,1.38029
2021-07-06 20:00:00+00:00,gbpusd,1.37991,1.38044,1.37991,1.37994
2021-07-06 20:15:00+00:00,gbpusd,1.38035,1.38037,1.37986,1.37992
2021-07-06 20:30:00+00:00,gbpusd,1.38022,1.38034,1.38021,1.38034
2021-07-06 20:45:00+00:00,gbpusd,1.38011,1.38026,1.3799,1.38021
2021-07-06 21:00:00+00:00,gbpusd,1.38022,1.3806,1.38018,1.38025
2021-07-06 21:15:00+00:00,gbpusd,1.38018,1.38021,1.37957,1.38021
2021-07-06 21:30:00+00:00,gbpusd,1.38043,1.38059,1.38009,1.38016
2021-07-06 21:45:00+00:00,gbpusd,1.38005,1.38061,1.37965,1.38045
2021-07-06 22:00:00+00:00,gbpusd,1.38016,1.38028,1.37978,1.38006
2021-07-06 22:15:00+00:00,gbpusd,1.38,1.38017,1.37991,1.38017
2021-07-06 22:30:00+00:00,gbpusd,1.37999,1.38001,1.37976,1.38001
2021-07-06 22:45:00+00:00,gbpusd,1.38006,1.38017,1.37989,1.37998
2021-07-06 23:00:00+00:00,gbpusd,1.38009,1.38022,1.37999,1.38005
2021-07-06 23:15:00+00:00,gbpusd,1.38021,1.38022,1.37994,1.3801
2021-07-06 23:30:00+00:00,gbpusd,1.38042,1.38044,1.38002,1.3802
2021-07-06 23:45:00+00:00,gbpusd,1.38042,1.38045,1.38022,1.38041
2021-07-07 00:00:00+00:00,gbpusd,1.37989,1.38052,1.37976,1.38043
2021-07-07 00:15:00+00:00,gbpusd,1.37987,1.37996,1.37899,1.3799
2021-07-07 00:30:00+00:00,gbpusd,1.38009,1.38022,1.37967,1.37988
2021-07-07 00:45:00+00:00,gbpusd,1.37971,1.38022,1.37954,1.38008
2021-07-07 01:00:00+00:00,gbpusd,1.3799,1.38004,1.37948,1.37972
2021-07-07 01:15:00+00:00,gbpusd,1.38039,1.3804,1.37972,1.37989
2021-07-07 01:30:00+00:00,gbpusd,1.3803,1.38047,1.37999,1.38038
2021-07-07 01:45:00+00:00,gbpusd,1.38049,1.3806,1.38021,1.38029
2021-07-07 02:00:00+00:00,gbpusd,1.38011,1.38062,1.38008,1.38048
2021-07-07 02:15:00+00:00,gbpusd,1.37999,1.38027,1.37985,1.38012
2021-07-07 02:30:00+00:00,gbpusd,1.37958,1.38009,1.37955,1.37998
2021-07-07 02:45:00+00:00,gbpusd,1.37952,1.37979,1.37949,1.37959
2021-07-07 03:00:00+00:00,gbpusd,1.37958,1.37959,1.37927,1.37951
2021-07-07 03:15:00+00:00,gbpusd,1.37988,1.38001,1.37936,1.37959
2021-07-07 03:30:00+00:00,gbpusd,1.37978,1.37987,1.37965,1.37987
2021-07-07 03:45:00+00:00,gbpusd,1.3801,1.38012,1.37974,1.37977
2021-07-07 04:00:00+00:00,gbpusd,1.3801,1.38022,1.38001,1.38009
2021-07-07 04:15:00+00:00,gbpusd,1.3805,1.38051,1.38008,1.38009
2021-07-07 04:30:00+00:00,gbpusd,1.38011,1.38052,1.37991,1.38051
2021-07-07 04:45:00+00:00,gbpusd,1.38019,1.38019,1.37959,1.38012
2021-07-07 05:00:00+00:00,gbpusd,1.38052,1.38068,1.37998,1.3802
2021-07-07 05:15:00+00:00,gbpusd,1.38063,1.38068,1.38019,1.38053
2021-07-07 05:30:00+00:00,gbpusd,1.38131,1.38138,1.38057,1.38062
2021-07-07 05:45:00+00:00,gbpusd,1.38116,1.38133,1.38097,1.38132
2021-07-07 06:00:00+00:00,gbpusd,1.3805,1.38116,1.38016,1.38115
2021-07-07 06:15:00+00:00,gbpusd,1.3815,1.38155,1.38047,1.38051
2021-07-07 06:30:00+00:00,gbpusd,1.38087,1.38151,1.3808,1.38149
2021-07-07 06:45:00+00:00,gbpusd,1.38084,1.38104,1.38035,1.38086
2021-07-07 07:00:00+00:00,gbpusd,1.37938,1.38131,1.37881,1.38083
2021-07-07 07:15:00+00:00,gbpusd,1.37977,1.37988,1.37888,1.37937
2021-07-07 07:30:00+00:00,gbpusd,1.37939,1.3799,1.37866,1.37974
2021-07-07 07:45:00+00:00,gbpusd,1.38009,1.38049,1.37939,1.3794
2021-07-07 08:00:00+00:00,gbpusd,1.38076,1.38105,1.37996,1.3801
2021-07-07 08:15:00+00:00,gbpusd,1.38009,1.38097,1.37989,1.38077
2021-07-07 08:30:00+00:00,gbpusd,1.37915,1.38042,1.37896,1.38008
2021-07-07 08:45:00+00:00,gbpusd,1.37796,1.37932,1.37774,1.37916
2021-07-07 09:00:00+00:00,gbpusd,1.37945,1.37981,1.37791,1.37795
2021-07-07 09:15:00+00:00,gbpusd,1.38017,1.38028,1.37925,1.37946
2021-07-07 09:30:00+00:00,gbpusd,1.38078,1.38099,1.37996,1.38016
2021-07-07 09:45:00+00:00,gbpusd,1.38106,1.38106,1.38007,1.38079
2021-07-07 10:00:00+00:00,gbpusd,1.38107,1.38154,1.38063,1.38105
2021-07-07 10:15:00+00:00,gbpusd,1.38244,1.38251,1.38104,1.38108
2021-07-07 10:30:00+00:00,gbpusd,1.38139,1.3825,1.38136,1.38243
2021-07-07 10:45:00+00:00,gbpusd,1.38237,1.38256,1.38135,1.3814
2021-07-07 11:00:00+00:00,gbpusd,1.38277,1.38294,1.38182,1.38238
2021-07-07 11:15:00+00:00,gbpusd,1.38238,1.38291,1.38197,1.38278
2021-07-07 11:30:00+00:00,gbpusd,1.38307,1.38357,1.38196,1.38237
2021-07-07 11:45:00+00:00,gbpusd,1.38305,1.38359,1.38285,1.38306
2021-07-07 12:00:00+00:00,gbpusd,1.38376,1.38413,1.38296,1.38306
2021-07-07 12:15:00+00:00,gbpusd,1.3836,1.3842,1.38317,1.38377
2021-07-07 12:30:00+00:00,gbpusd,1.38247,1.38361,1.38221,1.38361
2021-07-07 12:45:00+00:00,gbpusd,1.38218,1.38279,1.38185,1.38248
2021-07-07 13:00:00+00:00,gbpusd,1.38145,1.38239,1.38123,1.38217
2021-07-07 13:15:00+00:00,gbpusd,1.38077,1.38194,1.38057,1.38144
2021-07-07 13:30:00+00:00,gbpusd,1.38102,1.38198,1.38049,1.38078
2021-07-07 13:45:00+00:00,gbpusd,1.38098,1.38118,1.38038,1.38103
2021-07-07 14:00:00+00:00,gbpusd,1.3781,1.38106,1.37797,1.38099
2021-07-07 14:15:00+00:00,gbpusd,1.37646,1.37837,1.37628,1.37809
2021-07-07 14:30:00+00:00,gbpusd,1.37611,1.37675,1.3754,1.37629
2021-07-07 14:45:00+00:00,gbpusd,1.37779,1.37802,1.37591,1.37612
2021-07-07 15:00:00+00:00,gbpusd,1.37744,1.37851,1.37716,1.37778
2021-07-07 15:15:00+00:00,gbpusd,1.37717,1.37778,1.37695,1.37744
2021-07-07 15:30:00+00:00,gbpusd,1.37848,1.37872,1.37694,1.37716
2021-07-07 15:45:00+00:00,gbpusd,1.37921,1.37928,1.37821,1.37849
2021-07-07 16:00:00+00:00,gbpusd,1.37927,1.38007,1.37913,1.3792
2021-07-07 16:15:00+00:00,gbpusd,1.37908,1.37946,1.37876,1.37926
2021-07-07 16:30:00+00:00,gbpusd,1.37972,1.37972,1.37921,1.37952
2021-07-07 16:45:00+00:00,gbpusd,1.37971,1.38004,1.37942,1.37973
2021-07-07 17:00:00+00:00,gbpusd,1.37978,1.37989,1.37929,1.37972
2021-07-07 17:15:00+00:00,gbpusd,1.37961,1.37988,1.37906,1.37977
2021-07-07 17:30:00+00:00,gbpusd,1.37963,1.38018,1.37953,1.3796
2021-07-07 17:45:00+00:00,gbpusd,1.37955,1.3799,1.37948,1.37964
2021-07-07 18:00:00+00:00,gbpusd,1.38033,1.38161,1.37895,1.37953
2021-07-07 18:15:00+00:00,gbpusd,1.38067,1.38156,1.38021,1.38039
2021-07-07 18:30:00+00:00,gbpusd,1.38032,1.38076,1.38022,1.38068
2021-07-07 18:45:00+00:00,gbpusd,1.38007,1.38048,1.37987,1.38031
2021-07-07 19:00:00+00:00,gbpusd,1.37994,1.3802,1.37968,1.38006
2021-07-07 19:15:00+00:00,gbpusd,1.38045,1.38065,1.37983,1.37993
2021-07-07 19:30:00+00:00,gbpusd,1.3804,1.38083,1.38037,1.38046
2021-07-07 19:45:00+00:00,gbpusd,1.37993,1.38059,1.37941,1.38039
2021-07-07 20:00:00+00:00,gbpusd,1.38019,1.38023,1.37959,1.37994
2021-07-07 20:15:00+00:00,gbpusd,1.38002,1.3802,1.3799,1.38018
2021-07-07 20:30:00+00:00,gbpusd,1.38018,1.38031,1.37999,1.38001
2021-07-07 20:45:00+00:00,gbpusd,1.38014,1.38025,1.37989,1.38017
2021-07-07 21:00:00+00:00,gbpusd,1.38042,1.38059,1.380175,1.38039
2021-07-07 21:15:00+00:00,gbpusd,1.38023,1.38044,1.3802,1.38035
2021-07-07 21:30:00+00:00,gbpusd,1.38005,1.38046,1.37992,1.38018
2021-07-07 21:45:00+00:00,gbpusd,1.3801,1.38014,1.38002,1.38006
2021-07-07 22:00:00+00:00,gbpusd,1.38013,1.38019,1.38002,1.38009
2021-07-07 22:15:00+00:00,gbpusd,1.38024,1.38032,1.38006,1.38014
2021-07-07 22:30:00+00:00,gbpusd,1.38031,1.38037,1.38024,1.38025
2021-07-07 22:45:00+00:00,gbpusd,1.38041,1.38046,1.3803,1.38032
2021-07-07 23:00:00+00:00,gbpusd,1.38018,1.38052,1.38013,1.3804
2021-07-07 23:15:00+00:00,gbpusd,1.38026,1.3803,1.38014,1.38017
2021-07-07 23:30:00+00:00,gbpusd,1.38021,1.38028,1.38013,1.38025
2021-07-07 23:45:00+00:00,gbpusd,1.37998,1.3803,1.37985,1.38022
2021-07-08 00:00:00+00:00,gbpusd,1.38015,1.38022,1.37959,1.37999
2021-07-08 00:15:00+00:00,gbpusd,1.37984,1.38019,1.37978,1.38016
2021-07-08 00:30:00+00:00,gbpusd,1.37957,1.37991,1.37956,1.37983
2021-07-08 00:45:00+00:00,gbpusd,1.37899,1.37965,1.37891,1.37958
2021-07-08 01:00:00+00:00,gbpusd,1.3789,1.37922,1.37858,1.379
2021-07-08 01:15:00+00:00,gbpusd,1.3785,1.37892,1.37826,1.37891
2021-07-08 01:30:00+00:00,gbpusd,1.37931,1.37937,1.37832,1.37851
2021-07-08 01:45:00+00:00,gbpusd,1.37811,1.37944,1.37798,1.3793
2021-07-08 02:00:00+00:00,gbpusd,1.37882,1.37882,1.37812,1.37812
2021-07-08 02:15:00+00:00,gbpusd,1.37825,1.3789,1.37796,1.37883
2021-07-08 02:30:00+00:00,gbpusd,1.37774,1.37829,1.37749,1.37826
2021-07-08 02:45:00+00:00,gbpusd,1.37813,1.37821,1.37768,1.37773
2021-07-08 03:00:00+00:00,gbpusd,1.37852,1.37862,1.37797,1.37811
2021-07-08 03:15:00+00:00,gbpusd,1.37821,1.37854,1.37817,1.37853
2021-07-08 03:30:00+00:00,gbpusd,1.3784,1.37843,1.37814,1.37822
2021-07-08 03:45:00+00:00,gbpusd,1.37832,1.3785,1.37829,1.37841
2021-07-08 04:00:00+00:00,gbpusd,1.37849,1.37871,1.37819,1.37831
2021-07-08 04:15:00+00:00,gbpusd,1.37853,1.37864,1.37834,1.3785
2021-07-08 04:30:00+00:00,gbpusd,1.37843,1.3786,1.37812,1.37852
2021-07-08 04:45:00+00:00,gbpusd,1.37862,1.37865,1.37829,1.37844
2021-07-08 05:00:00+00:00,gbpusd,1.37812,1.37862,1.37777,1.37861
2021-07-08 05:15:00+00:00,gbpusd,1.37853,1.37865,1.37808,1.37811
2021-07-08 05:30:00+00:00,gbpusd,1.3789,1.379,1.37835,1.37852
2021-07-08 05:45:00+00:00,gbpusd,1.37941,1.37948,1.37874,1.37889
2021-07-08 06:00:00+00:00,gbpusd,1.37869,1.3794,1.37826,1.3794
2021-07-08 06:15:00+00:00,gbpusd,1.37797,1.37868,1.37797,1.37868
2021-07-08 06:30:00+00:00,gbpusd,1.37728,1.37802,1.37712,1.37798
2021-07-08 06:45:00+00:00,gbpusd,1.37722,1.37738,1.3766,1.37727
2021-07-08 07:00:00+00:00,gbpusd,1.37742,1.37776,1.37602,1.37742
2021-07-08 07:15:00+00:00,gbpusd,1.37666,1.37749,1.37611,1.37724
2021-07-08 07:30:00+00:00,gbpusd,1.37794,1.37821,1.3769,1.3772
2021-07-08 07:45:00+00:00,gbpusd,1.37779,1.37794,1.37635,1.37793
2021-07-08 08:00:00+00:00,gbpusd,1.37786,1.37791,1.37669,1.37786
2021-07-08 08:15:00+00:00,gbpusd,1.37794,1.37843,1.37734,1.37787
2021-07-08 08:30:00+00:00,gbpusd,1.37795,1.37843,1.37729,1.37795
2021-07-08 08:45:00+00:00,gbpusd,1.37858,1.37893,1.37752,1.37793
2021-07-08 09:00:00+00:00,gbpusd,1.37842,1.37892,1.37806,1.37859
2021-07-08 09:15:00+00:00,gbpusd,1.37848,1.37869,1.3777,1.37843
2021-07-08 09:30:00+00:00,gbpusd,1.37886,1.37898,1.37839,1.37848
2021-07-08 09:45:00+00:00,gbpusd,1.37804,1.37931,1.37799,1.37885
2021-07-08 10:00:00+00:00,gbpusd,1.37757,1.37804,1.37685,1.37803
2021-07-08 10:15:00+00:00,gbpusd,1.37584,1.37749,1.37553,1.37749
2021-07-08 10:30:00+00:00,gbpusd,1.37582,1.37641,1.37524,1.37585
2021-07-08 10:45:00+00:00,gbpusd,1.37735,1.37742,1.3758,1.37583
2021-07-08 11:00:00+00:00,gbpusd,1.37747,1.37771,1.37634,1.3774
2021-07-08 11:15:00+00:00,gbpusd,1.37722,1.37781,1.37687,1.37748
2021-07-08 11:30:00+00:00,gbpusd,1.3768,1.37721,1.37626,1.37721
2021-07-08 11:45:00+00:00,gbpusd,1.37609,1.37697,1.37607,1.37681
2021-07-08 12:00:00+00:00,gbpusd,1.37432,1.37662,1.37419,1.3761
2021-07-08 12:15:00+00:00,gbpusd,1.37585,1.37585,1.37425,1.37438
2021-07-08 12:30:00+00:00,gbpusd,1.37671,1.37675,1.37521,1.37565
2021-07-08 12:45:00+00:00,gbpusd,1.37611,1.37717,1.37611,1.37672
2021-07-08 13:00:00+00:00,gbpusd,1.37577,1.3768,1.37549,1.37619
2021-07-08 13:15:00+00:00,gbpusd,1.37729,1.3774,1.37589,1.37591
2021-07-08 13:30:00+00:00,gbpusd,1.37752,1.37845,1.37718,1.3773
2021-07-08 13:45:00+00:00,gbpusd,1.3788,1.37894,1.37706,1.37751
2021-07-08 14:00:00+00:00,gbpusd,1.37823,1.37973,1.37776,1.37871
2021-07-08 14:15:00+00:00,gbpusd,1.37776,1.37861,1.37682,1.37822
2021-07-08 14:30:00+00:00,gbpusd,1.3778,1.37832,1.37699,1.37795
2021-07-08 14:45:00+00:00,gbpusd,1.37614,1.37781,1.37598,1.37772
2021-07-08 15:00:00+00:00,gbpusd,1.37707,1.37746,1.37592,1.3761
2021-07-08 15:15:00+00:00,gbpusd,1.37638,1.37716,1.37547,1.37705
2021-07-08 15:30:00+00:00,gbpusd,1.37638,1.37662,1.37565,1.37637
2021-07-08 15:45:00+00:00,gbpusd,1.37666,1.37696,1.37636,1.37639
2021-07-08 16:00:00+00:00,gbpusd,1.37679,1.37688,1.37623,1.37665
2021-07-08 16:15:00+00:00,gbpusd,1.37697,1.37751,1.37671,1.37678
2021-07-08 16:30:00+00:00,gbpusd,1.37697,1.37707,1.37687,1.37696
2021-07-08 16:45:00+00:00,gbpusd,1.3773,1.37742,1.37687,1.37698
2021-07-08 17:00:00+00:00,gbpusd,1.37748,1.37761,1.37727,1.37729
2021-07-08 17:15:00+00:00,gbpusd,1.37775,1.37791,1.37741,1.37747
2021-07-08 17:30:00+00:00,gbpusd,1.37766,1.37787,1.37748,1.37776
2021-07-08 17:45:00+00:00,gbpusd,1.37778,1.3779,1.37764,1.37765
2021-07-08 18:00:00+00:00,gbpusd,1.37747,1.37786,1.37741,1.37779
2021-07-08 18:15:00+00:00,gbpusd,1.37673,1.37753,1.37663,1.37746
2021-07-08 18:30:00+00:00,gbpusd,1.37629,1.37673,1.37619,1.37672
2021-07-08 18:45:00+00:00,gbpusd,1.37749,1.37802,1.37621,1.37628
2021-07-08 19:00:00+00:00,gbpusd,1.37781,1.37804,1.37744,1.37748
2021-07-08 19:15:00+00:00,gbpusd,1.37807,1.37823,1.37758,1.37782
2021-07-08 19:30:00+00:00,gbpusd,1.37791,1.37848,1.37787,1.37808
2021-07-08 19:45:00+00:00,gbpusd,1.37851,1.37854,1.37765,1.3779
2021-07-08 20:00:00+00:00,gbpusd,1.37866,1.37875,1.37824,1.37852
2021-07-08 20:15:00+00:00,gbpusd,1.37865,1.379,1.37839,1.37865
2021-07-08 20:30:00+00:00,gbpusd,1.37911,1.37924,1.37863,1.37864
2021-07-08 20:45:00+00:00,gbpusd,1.37865,1.37913,1.37857,1.37912
2021-07-08 21:00:00+00:00,gbpusd,1.37876,1.37877,1.37807,1.37815
2021-07-08 21:15:00+00:00,gbpusd,1.37844,1.37885,1.37812,1.37862
2021-07-08 21:30:00+00:00,gbpusd,1.37849,1.37879,1.37837,1.37852
2021-07-08 21:45:00+00:00,gbpusd,1.37859,1.37862,1.3783,1.3785
2021-07-08 22:00:00+00:00,gbpusd,1.37919,1.37931,1.3784,1.3786
2021-07-08 22:15:00+00:00,gbpusd,1.37911,1.37928,1.37905,1.3792
2021-07-08 22:30:00+00:00,gbpusd,1.37899,1.37932,1.37893,1.3791
2021-07-08 22:45:00+00:00,gbpusd,1.37859,1.37903,1.37853,1.37898
2021-07-08 23:00:00+00:00,gbpusd,1.3788,1.37888,1.37847,1.3786
2021-07-08 23:15:00+00:00,gbpusd,1.3788,1.3789,1.37859,1.37879
2021-07-08 23:30:00+00:00,gbpusd,1.37943,1.37945,1.3787,1.37879
2021-07-08 23:45:00+00:00,gbpusd,1.37899,1.37942,1.37897,1.37942
2021-07-09 00:00:00+00:00,gbpusd,1.3792,1.37948,1.3789,1.379
2021-07-09 00:15:00+00:00,gbpusd,1.379,1.3794,1.37884,1.37919
2021-07-09 00:30:00+00:00,gbpusd,1.3786,1.37902,1.37826,1.37901
2021-07-09 00:45:00+00:00,gbpusd,1.37879,1.379,1.37819,1.37859
2021-07-09 01:00:00+00:00,gbpusd,1.37856,1.37889,1.37817,1.37878
2021-07-09 01:15:00+00:00,gbpusd,1.37812,1.37869,1.378,1.37855
2021-07-09 01:30:00+00:00,gbpusd,1.37746,1.37819,1.37722,1.37813
2021-07-09 01:45:00+00:00,gbpusd,1.3775,1.37764,1.37688,1.37745
2021-07-09 02:00:00+00:00,gbpusd,1.3771,1.37764,1.37671,1.37751
2021-07-09 02:15:00+00:00,gbpusd,1.37711,1.37713,1.37676,1.37711
2021-07-09 02:30:00+00:00,gbpusd,1.37746,1.37759,1.37708,1.37712
2021-07-09 02:45:00+00:00,gbpusd,1.37722,1.37761,1.37716,1.37747
2021-07-09 03:00:00+00:00,gbpusd,1.37761,1.37762,1.3771,1.37723
2021-07-09 03:15:00+00:00,gbpusd,1.37753,1.37778,1.37748,1.37762
2021-07-09 03:30:00+00:00,gbpusd,1.37749,1.37777,1.37746,1.37752
2021-07-09 03:45:00+00:00,gbpusd,1.37797,1.37799,1.37747,1.3775
2021-07-09 04:00:00+00:00,gbpusd,1.37797,1.37813,1.37765,1.37802
2021-07-09 04:15:00+00:00,gbpusd,1.37758,1.37798,1.37722,1.37798
2021-07-09 04:30:00+00:00,gbpusd,1.37738,1.37766,1.37729,1.37757
2021-07-09 04:45:00+00:00,gbpusd,1.37749,1.37809,1.37726,1.37739
2021-07-09 05:00:00+00:00,gbpusd,1.37814,1.37823,1.37734,1.37748
2021-07-09 05:15:00+00:00,gbpusd,1.37802,1.37825,1.37757,1.37813
2021-07-09 05:30:00+00:00,gbpusd,1.37827,1.37849,1.37779,1.37803
2021-07-09 05:45:00+00:00,gbpusd,1.37796,1.37829,1.37765,1.37828
2021-07-09 06:00:00+00:00,gbpusd,1.37732,1.3781,1.37658,1.37797
2021-07-09 06:15:00+00:00,gbpusd,1.37678,1.37781,1.37669,1.37733
2021-07-09 06:30:00+00:00,gbpusd,1.37661,1.3769,1.37603,1.37679
2021-07-09 06:45:00+00:00,gbpusd,1.3764,1.37708,1.3763,1.3766
2021-07-09 07:00:00+00:00,gbpusd,1.37767,1.37775,1.37558,1.37602
2021-07-09 07:15:00+00:00,gbpusd,1.37691,1.37817,1.37678,1.37768
2021-07-09 07:30:00+00:00,gbpusd,1.37737,1.37781,1.37652,1.3769
2021-07-09 07:45:00+00:00,gbpusd,1.37789,1.37879,1.37683,1.37738
2021-07-09 08:00:00+00:00,gbpusd,1.37908,1.37909,1.37769,1.3779
2021-07-09 08:15:00+00:00,gbpusd,1.37834,1.37909,1.37781,1.37909
2021-07-09 08:30:00+00:00,gbpusd,1.37894,1.37925,1.3783,1.37833
2021-07-09 08:45:00+00:00,gbpusd,1.37781,1.37895,1.37774,1.37895
2021-07-09 09:00:00+00:00,gbpusd,1.37827,1.37827,1.37715,1.3778
2021-07-09 09:15:00+00:00,gbpusd,1.37818,1.37876,1.37806,1.37828
2021-07-09 09:30:00+00:00,gbpusd,1.37884,1.3789,1.37811,1.37819
2021-07-09 09:45:00+00:00,gbpusd,1.37976,1.37982,1.3787,1.37883
2021-07-09 10:00:00+00:00,gbpusd,1.37975,1.37993,1.37948,1.37977
2021-07-09 10:15:00+00:00,gbpusd,1.38012,1.38051,1.37969,1.37974
2021-07-09 10:30:00+00:00,gbpusd,1.38092,1.38134,1.38008,1.38011
2021-07-09 10:45:00+00:00,gbpusd,1.38106,1.38133,1.38078,1.38093
2021-07-09 11:00:00+00:00,gbpusd,1.38152,1.38167,1.38069,1.38105
2021-07-09 11:15:00+00:00,gbpusd,1.38175,1.38246,1.38148,1.38153
2021-07-09 11:30:00+00:00,gbpusd,1.38215,1.38226,1.38145,1.38174
2021-07-09 11:45:00+00:00,gbpusd,1.38174,1.38236,1.38146,1.38214
2021-07-09 12:00:00+00:00,gbpusd,1.38281,1.38308,1.38173,1.38175
2021-07-09 12:15:00+00:00,gbpusd,1.38325,1.38366,1.38262,1.38282
2021-07-09 12:30:00+00:00,gbpusd,1.38336,1.38379,1.38319,1.38324
2021-07-09 12:45:00+00:00,gbpusd,1.38402,1.38416,1.38319,1.38335
2021-07-09 13:00:00+00:00,gbpusd,1.38393,1.38419,1.38365,1.38403
2021-07-09 13:15:00+00:00,gbpusd,1.38456,1.38469,1.38366,1.38392
2021-07-09 13:30:00+00:00,gbpusd,1.38557,1.38575,1.38449,1.38457
2021-07-09 13:45:00+00:00,gbpusd,1.38537,1.38604,1.38486,1.38556
2021-07-09 14:00:00+00:00,gbpusd,1.38527,1.38537,1.38488,1.38536
2021-07-09 14:15:00+00:00,gbpusd,1.38615,1.38624,1.38518,1.38526
2021-07-09 14:30:00+00:00,gbpusd,1.38707,1.38707,1.38587,1.38614
2021-07-09 14:45:00+00:00,gbpusd,1.38334,1.38768,1.38311,1.38708
2021-07-09 15:00:00+00:00,gbpusd,1.38408,1.38415,1.3826,1.38357
2021-07-09 15:15:00+00:00,gbpusd,1.38312,1.38423,1.38298,1.38409
2021-07-09 15:30:00+00:00,gbpusd,1.38368,1.38374,1.38296,1.38311
2021-07-09 15:45:00+00:00,gbpusd,1.38408,1.38412,1.38359,1.38369
2021-07-09 16:00:00+00:00,gbpusd,1.38464,1.38484,1.38407,1.38407
2021-07-09 16:15:00+00:00,gbpusd,1.38476,1.3848,1.3845,1.38463
2021-07-09 16:30:00+00:00,gbpusd,1.38529,1.3853,1.38473,1.38475
2021-07-09 16:45:00+00:00,gbpusd,1.38586,1.38591,1.38493,1.38528
2021-07-09 17:00:00+00:00,gbpusd,1.38667,1.38686,1.38576,1.38585
2021-07-09 17:15:00+00:00,gbpusd,1.38687,1.38707,1.38668,1.38668
2021-07-09 17:30:00+00:00,gbpusd,1.3874,1.38741,1.38673,1.38688
2021-07-09 17:45:00+00:00,gbpusd,1.38808,1.38825,1.38729,1.38739
2021-07-09 18:00:00+00:00,gbpusd,1.38818,1.38833,1.38782,1.38807
2021-07-09 18:15:00+00:00,gbpusd,1.38827,1.38838,1.388,1.38817
2021-07-09 18:30:00+00:00,gbpusd,1.38896,1.38901,1.38806,1.38828
2021-07-09 18:45:00+00:00,gbpusd,1.38897,1.38905,1.38866,1.38895
2021-07-09 19:00:00+00:00,gbpusd,1.38906,1.38921,1.38869,1.38896
2021-07-09 19:15:00+00:00,gbpusd,1.38916,1.38931,1.38893,1.38907
2021-07-09 19:30:00+00:00,gbpusd,1.38916,1.38928,1.38908,1.38915
2021-07-09 19:45:00+00:00,gbpusd,1.38916,1.38925,1.38891,1.38915
2021-07-09 20:00:00+00:00,gbpusd,1.38975,1.39001,1.38916,1.38918
2021-07-09 20:15:00+00:00,gbpusd,1.38977,1.39001,1.38965,1.38976
2021-07-09 20:30:00+00:00,gbpusd,1.38996,1.39004,1.38962,1.38976
2021-07-09 20:45:00+00:00,gbpusd,1.38996,1.39091,1.38965,1.38995
2021-07-11 21:00:00+00:00,gbpusd,1.38972,1.38994,1.38959,1.38967
2021-07-11 21:15:00+00:00,gbpusd,1.38955,1.38993,1.38945,1.38945
2021-07-11 21:30:00+00:00,gbpusd,1.38957,1.38967,1.38944,1.38953
2021-07-11 21:45:00+00:00,gbpusd,1.38898,1.38979,1.38888,1.38961
2021-07-11 22:00:00+00:00,gbpusd,1.38937,1.39007,1.38916,1.38935
2021-07-11 22:15:00+00:00,gbpusd,1.38974,1.3901,1.38937,1.38939
2021-07-11 22:30:00+00:00,gbpusd,1.38983,1.39006,1.38941,1.38975
2021-07-11 22:45:00+00:00,gbpusd,1.38992,1.39002,1.38978,1.38984
2021-07-11 23:00:00+00:00,gbpusd,1.38997,1.39016,1.38981,1.38993
2021-07-11 23:15:00+00:00,gbpusd,1.38989,1.39,1.38952,1.38996
2021-07-11 23:30:00+00:00,gbpusd,1.38979,1.39003,1.38972,1.3899
2021-07-11 23:45:00+00:00,gbpusd,1.38988,1.39014,1.38964,1.3898
2021-07-12 00:00:00+00:00,gbpusd,1.39008,1.39016,1.38957,1.38986
2021-07-12 00:15:00+00:00,gbpusd,1.38979,1.39015,1.38966,1.39009
2021-07-12 00:30:00+00:00,gbpusd,1.38991,1.38998,1.38958,1.38978
2021-07-12 00:45:00+00:00,gbpusd,1.39007,1.39019,1.38963,1.3899
2021-07-12 01:00:00+00:00,gbpusd,1.39057,1.39067,1.38995,1.39008
2021-07-12 01:15:00+00:00,gbpusd,1.39083,1.39104,1.39028,1.39058
2021-07-12 01:30:00+00:00,gbpusd,1.39024,1.39084,1.3901,1.39082
2021-07-12 01:45:00+00:00,gbpusd,1.39009,1.39034,1.39,1.39025
2021-07-12 02:00:00+00:00,gbpusd,1.39042,1.39042,1.39008,1.3901
2021-07-12 02:15:00+00:00,gbpusd,1.3898,1.39067,1.38979,1.39041
2021-07-12 02:30:00+00:00,gbpusd,1.38977,1.39005,1.38944,1.38981
2021-07-12 02:45:00+00:00,gbpusd,1.38951,1.38982,1.38945,1.38978
2021-07-12 03:00:00+00:00,gbpusd,1.38927,1.38963,1.38926,1.3895
2021-07-12 03:15:00+00:00,gbpusd,1.38888,1.38938,1.38877,1.38928
2021-07-12 03:30:00+00:00,gbpusd,1.38879,1.3891,1.38859,1.38889
2021-07-12 03:45:00+00:00,gbpusd,1.38868,1.3888,1.38851,1.38878
2021-07-12 04:00:00+00:00,gbpusd,1.38837,1.3887,1.38835,1.38869
2021-07-12 04:15:00+00:00,gbpusd,1.3887,1.38871,1.38837,1.38838
2021-07-12 04:30:00+00:00,gbpusd,1.38878,1.38882,1.38855,1.38871
2021-07-12 04:45:00+00:00,gbpusd,1.38918,1.38919,1.38876,1.38879
2021-07-12 05:00:00+00:00,gbpusd,1.38899,1.3893,1.38897,1.38917
2021-07-12 05:15:00+00:00,gbpusd,1.38865,1.389,1.38858,1.389
2021-07-12 05:30:00+00:00,gbpusd,1.38838,1.38877,1.38837,1.38866
2021-07-12 05:45:00+00:00,gbpusd,1.3888,1.38896,1.38835,1.38839
2021-07-12 06:00:00+00:00,gbpusd,1.38848,1.38919,1.38846,1.38881
2021-07-12 06:15:00+00:00,gbpusd,1.38859,1.38891,1.38842,1.38847
2021-07-12 06:30:00+00:00,gbpusd,1.38852,1.38932,1.38845,1.38858
2021-07-12 06:45:00+00:00,gbpusd,1.38901,1.3891,1.38817,1.38851
2021-07-12 07:00:00+00:00,gbpusd,1.38929,1.38941,1.38796,1.389
2021-07-12 07:15:00+00:00,gbpusd,1.38825,1.3894,1.38825,1.38928
2021-07-12 07:45:00+00:00,gbpusd,1.3875,1.3875,1.3875,1.3875
2021-07-12 09:15:00+00:00,gbpusd,1.38696,1.38699,1.38631,1.38634
2021-07-12 09:30:00+00:00,gbpusd,1.38719,1.38729,1.38679,1.38697
2021-07-12 09:45:00+00:00,gbpusd,1.38596,1.38722,1.38546,1.3872
2021-07-12 10:00:00+00:00,gbpusd,1.38507,1.38639,1.3848,1.38595
2021-07-12 10:15:00+00:00,gbpusd,1.38457,1.38533,1.38456,1.38506
2021-07-12 10:30:00+00:00,gbpusd,1.3851,1.38527,1.38415,1.38456
2021-07-12 10:45:00+00:00,gbpusd,1.38516,1.38538,1.38477,1.38511
2021-07-12 11:00:00+00:00,gbpusd,1.38561,1.38625,1.38517,1.38517
2021-07-12 11:15:00+00:00,gbpusd,1.38455,1.38566,1.38454,1.38562
2021-07-12 11:30:00+00:00,gbpusd,1.38572,1.38576,1.38431,1.38456
2021-07-12 11:45:00+00:00,gbpusd,1.3844,1.38574,1.38403,1.38571
2021-07-12 12:00:00+00:00,gbpusd,1.38501,1.38537,1.38437,1.38441
2021-07-12 12:15:00+00:00,gbpusd,1.38397,1.38535,1.38391,1.38502
2021-07-12 12:30:00+00:00,gbpusd,1.38531,1.3855,1.38398,1.38398
2021-07-12 12:45:00+00:00,gbpusd,1.38465,1.38537,1.38458,1.38532
2021-07-12 13:00:00+00:00,gbpusd,1.38488,1.38499,1.38399,1.38466
2021-07-12 13:15:00+00:00,gbpusd,1.38593,1.38629,1.3847,1.38487
2021-07-12 13:30:00+00:00,gbpusd,1.3871,1.38713,1.38578,1.38592
2021-07-12 13:45:00+00:00,gbpusd,1.38795,1.38819,1.38708,1.38709
2021-07-12 14:00:00+00:00,gbpusd,1.38855,1.38916,1.38747,1.38791
2021-07-12 14:15:00+00:00,gbpusd,1.38957,1.38961,1.38846,1.38854
2021-07-12 14:30:00+00:00,gbpusd,1.39006,1.39021,1.38934,1.38956
2021-07-12 14:45:00+00:00,gbpusd,1.38937,1.39053,1.38913,1.39007
2021-07-12 15:00:00+00:00,gbpusd,1.38866,1.38939,1.38835,1.38938
2021-07-12 15:15:00+00:00,gbpusd,1.38861,1.38877,1.38787,1.38865
2021-07-12 15:30:00+00:00,gbpusd,1.38775,1.38864,1.38753,1.38862
2021-07-12 15:45:00+00:00,gbpusd,1.38855,1.38857,1.38752,1.38776
2021-07-12 16:00:00+00:00,gbpusd,1.38805,1.38858,1.38798,1.38856
2021-07-12 16:15:00+00:00,gbpusd,1.38793,1.38824,1.38791,1.38804
2021-07-12 16:30:00+00:00,gbpusd,1.38781,1.38815,1.38772,1.38794
2021-07-12 16:45:00+00:00,gbpusd,1.38816,1.3882,1.38777,1.3878
2021-07-12 17:00:00+00:00,gbpusd,1.38824,1.38846,1.38813,1.38817
2021-07-12 17:15:00+00:00,gbpusd,1.38806,1.38835,1.38795,1.38823
2021-07-12 17:30:00+00:00,gbpusd,1.38794,1.38827,1.38793,1.38807
2021-07-12 17:45:00+00:00,gbpusd,1.38804,1.38806,1.38784,1.38795
2021-07-12 18:00:00+00:00,gbpusd,1.38783,1.38814,1.38776,1.38803
2021-07-12 18:15:00+00:00,gbpusd,1.38802,1.38805,1.38781,1.38784
2021-07-12 18:30:00+00:00,gbpusd,1.38772,1.38817,1.38772,1.38803
2021-07-12 18:45:00+00:00,gbpusd,1.38728,1.38787,1.38722,1.38773
2021-07-12 19:00:00+00:00,gbpusd,1.38765,1.3877,1.38729,1.38729
2021-07-12 19:15:00+00:00,gbpusd,1.38795,1.38796,1.38756,1.38766
2021-07-12 19:30:00+00:00,gbpusd,1.38811,1.38815,1.38779,1.38796
2021-07-12 19:45:00+00:00,gbpusd,1.38837,1.38838,1.38801,1.38812
2021-07-12 20:00:00+00:00,gbpusd,1.38818,1.38845,1.38816,1.38836
2021-07-12 20:15:00+00:00,gbpusd,1.38846,1.38846,1.38819,1.38819
2021-07-12 20:30:00+00:00,gbpusd,1.38827,1.38852,1.38826,1.38845
2021-07-12 20:45:00+00:00,gbpusd,1.38837,1.3885,1.38826,1.38828
2021-07-12 21:00:00+00:00,gbpusd,1.38871,1.3888,1.38859,1.3887
2021-07-12 21:15:00+00:00,gbpusd,1.38875,1.38877,1.38855,1.3887
2021-07-12 21:30:00+00:00,gbpusd,1.38857,1.38888,1.38857,1.38874
2021-07-12 21:45:00+00:00,gbpusd,1.38876,1.38878,1.38813,1.38856
2021-07-12 22:00:00+00:00,gbpusd,1.38847,1.38883,1.38846,1.38878
2021-07-12 22:15:00+00:00,gbpusd,1.38884,1.38888,1.38847,1.38848
2021-07-12 22:30:00+00:00,gbpusd,1.38841,1.38886,1.38841,1.38885
2021-07-12 22:45:00+00:00,gbpusd,1.38851,1.38864,1.38839,1.38842
2021-07-12 23:00:00+00:00,gbpusd,1.38851,1.38868,1.3885,1.38852
2021-07-12 23:15:00+00:00,gbpusd,1.38846,1.38857,1.38832,1.38852
2021-07-12 23:30:00+00:00,gbpusd,1.38862,1.38867,1.38844,1.38845
2021-07-12 23:45:00+00:00,gbpusd,1.38865,1.38888,1.3886,1.38861
2021-07-13 00:00:00+00:00,gbpusd,1.38933,1.38947,1.38867,1.38867
2021-07-13 00:15:00+00:00,gbpusd,1.38925,1.38937,1.38895,1.38934
2021-07-13 00:30:00+00:00,gbpusd,1.38948,1.38948,1.38903,1.38926
2021-07-13 00:45:00+00:00,gbpusd,1.38927,1.38951,1.38905,1.38949
2021-07-13 01:00:00+00:00,gbpusd,1.38907,1.3894,1.38885,1.38928
2021-07-13 01:15:00+00:00,gbpusd,1.38848,1.38922,1.38844,1.38908
2021-07-13 01:30:00+00:00,gbpusd,1.38865,1.38888,1.38832,1.38847
2021-07-13 01:45:00+00:00,gbpusd,1.38922,1.38929,1.38863,1.38866
2021-07-13 02:00:00+00:00,gbpusd,1.38917,1.38948,1.38894,1.38921
2021-07-13 02:15:00+00:00,gbpusd,1.38915,1.38934,1.38907,1.38916
2021-07-13 02:30:00+00:00,gbpusd,1.39011,1.39019,1.3891,1.38914
2021-07-13 02:45:00+00:00,gbpusd,1.39043,1.39048,1.38997,1.3901
2021-07-13 03:00:00+00:00,gbpusd,1.39036,1.39052,1.39027,1.39044
2021-07-13 03:15:00+00:00,gbpusd,1.39046,1.39047,1.39029,1.39037
2021-07-13 03:30:00+00:00,gbpusd,1.38985,1.39045,1.38976,1.39045
2021-07-13 03:45:00+00:00,gbpusd,1.38987,1.39006,1.38978,1.38984
2021-07-13 04:00:00+00:00,gbpusd,1.38957,1.38994,1.38944,1.38986
2021-07-13 04:15:00+00:00,gbpusd,1.38966,1.3898,1.38953,1.38956
2021-07-13 04:30:00+00:00,gbpusd,1.38989,1.3899,1.38957,1.38967
2021-07-13 04:45:00+00:00,gbpusd,1.38933,1.38992,1.38927,1.3899
2021-07-13 05:00:00+00:00,gbpusd,1.38894,1.38937,1.38881,1.38932
2021-07-13 05:15:00+00:00,gbpusd,1.38887,1.38905,1.38882,1.38893
2021-07-13 05:30:00+00:00,gbpusd,1.38884,1.38899,1.38853,1.38886
2021-07-13 05:45:00+00:00,gbpusd,1.38827,1.38888,1.38814,1.38885
2021-07-13 06:00:00+00:00,gbpusd,1.38831,1.3888,1.38822,1.38826
2021-07-13 06:15:00+00:00,gbpusd,1.38813,1.38855,1.38808,1.38832
2021-07-13 06:30:00+00:00,gbpusd,1.38878,1.38892,1.38782,1.38814
2021-07-13 06:45:00+00:00,gbpusd,1.38753,1.38889,1.38745,1.38879
2021-07-13 07:00:00+00:00,gbpusd,1.38757,1.38796,1.38662,1.38752
2021-07-13 07:15:00+00:00,gbpusd,1.38776,1.38807,1.38668,1.38756
2021-07-13 07:30:00+00:00,gbpusd,1.3872,1.38787,1.38717,1.38775
2021-07-13 07:45:00+00:00,gbpusd,1.38635,1.38726,1.38628,1.38721
2021-07-13 08:00:00+00:00,gbpusd,1.38617,1.38645,1.38575,1.38636
2021-07-13 08:15:00+00:00,gbpusd,1.38578,1.38624,1.38526,1.38613
2021-07-13 08:30:00+00:00,gbpusd,1.38557,1.3863,1.38511,1.38579
2021-07-13 08:45:00+00:00,gbpusd,1.38611,1.38621,1.38558,1.38558
2021-07-13 09:00:00+00:00,gbpusd,1.38534,1.38626,1.38529,1.3861
2021-07-13 09:15:00+00:00,gbpusd,1.3854,1.38609,1.38515,1.38533
2021-07-13 09:30:00+00:00,gbpusd,1.38545,1.3858,1.38498,1.38539
2021-07-13 09:45:00+00:00,gbpusd,1.38546,1.38559,1.38511,1.38546
2021-07-13 10:00:00+00:00,gbpusd,1.38565,1.38587,1.38544,1.38547
2021-07-13 10:15:00+00:00,gbpusd,1.38529,1.38569,1.38496,1.38566
2021-07-13 10:30:00+00:00,gbpusd,1.38575,1.3859,1.38526,1.38528
2021-07-13 10:45:00+00:00,gbpusd,1.38564,1.38605,1.38557,1.38574
2021-07-13 11:00:00+00:00,gbpusd,1.38477,1.38569,1.38448,1.38563
2021-07-13 11:15:00+00:00,gbpusd,1.38446,1.38495,1.38391,1.38478
2021-07-13 11:30:00+00:00,gbpusd,1.3845,1.38465,1.38418,1.38445
2021-07-13 11:45:00+00:00,gbpusd,1.38498,1.38507,1.38436,1.38449
2021-07-13 12:00:00+00:00,gbpusd,1.38489,1.3851,1.38434,1.38497
2021-07-13 12:15:00+00:00,gbpusd,1.38553,1.38575,1.38475,1.3849
2021-07-13 12:30:00+00:00,gbpusd,1.38191,1.38554,1.38009,1.38554
2021-07-13 12:45:00+00:00,gbpusd,1.38061,1.38208,1.38053,1.3819
2021-07-13 13:00:00+00:00,gbpusd,1.38089,1.38185,1.38069,1.3809
2021-07-13 13:15:00+00:00,gbpusd,1.3815,1.3821,1.38022,1.38088
2021-07-13 13:30:00+00:00,gbpusd,1.38203,1.38217,1.38139,1.38149
2021-07-13 13:45:00+00:00,gbpusd,1.38358,1.38405,1.38192,1.38204
2021-07-13 14:00:00+00:00,gbpusd,1.38262,1.38371,1.38256,1.38361
2021-07-13 14:15:00+00:00,gbpusd,1.38422,1.38454,1.38261,1.38261
2021-07-13 14:30:00+00:00,gbpusd,1.38379,1.38428,1.38362,1.38423
2021-07-13 14:45:00+00:00,gbpusd,1.38429,1.38476,1.383,1.38378
2021-07-13 15:00:00+00:00,gbpusd,1.38356,1.38466,1.38355,1.38424
2021-07-13 15:15:00+00:00,gbpusd,1.3841,1.3842,1.38326,1.38357
2021-07-13 15:30:00+00:00,gbpusd,1.38437,1.38456,1.38393,1.38409
2021-07-13 15:45:00+00:00,gbpusd,1.3846,1.38471,1.38424,1.38438
2021-07-13 16:00:00+00:00,gbpusd,1.38516,1.38516,1.38457,1.38461
2021-07-13 16:15:00+00:00,gbpusd,1.3851,1.38563,1.38507,1.38515
2021-07-13 16:30:00+00:00,gbpusd,1.38427,1.38511,1.38419,1.38509
2021-07-13 16:45:00+00:00,gbpusd,1.3842,1.38443,1.38419,1.38428
2021-07-13 17:00:00+00:00,gbpusd,1.38321,1.3842,1.38321,1.38419
2021-07-13 17:15:00+00:00,gbpusd,1.38342,1.38361,1.38299,1.38322
2021-07-13 17:30:00+00:00,gbpusd,1.383,1.38341,1.38266,1.38341
2021-07-13 17:45:00+00:00,gbpusd,1.38259,1.3831,1.38255,1.38299
2021-07-13 18:00:00+00:00,gbpusd,1.38238,1.38259,1.38175,1.38258
2021-07-13 18:15:00+00:00,gbpusd,1.38244,1.38269,1.38197,1.38239
2021-07-13 18:30:00+00:00,gbpusd,1.38217,1.38251,1.38216,1.38245
2021-07-13 18:45:00+00:00,gbpusd,1.38205,1.38243,1.382,1.38216
2021-07-13 19:00:00+00:00,gbpusd,1.38177,1.38209,1.38163,1.38206
2021-07-13 19:15:00+00:00,gbpusd,1.38125,1.38183,1.38116,1.38178
2021-07-13 19:30:00+00:00,gbpusd,1.38158,1.38161,1.38126,1.38126
2021-07-13 19:45:00+00:00,gbpusd,1.38121,1.3816,1.38091,1.38159
2021-07-13 20:00:00+00:00,gbpusd,1.38152,1.38153,1.38119,1.3812
2021-07-13 20:15:00+00:00,gbpusd,1.38132,1.38152,1.38121,1.38151
2021-07-13 20:30:00+00:00,gbpusd,1.3814,1.3815,1.3813,1.38133
2021-07-13 20:45:00+00:00,gbpusd,1.3813,1.38159,1.38123,1.38139
2021-07-13 21:00:00+00:00,gbpusd,1.38186,1.38212,1.38127,1.38127
2021-07-13 21:15:00+00:00,gbpusd,1.38157,1.38188,1.38123,1.3817
2021-07-13 21:30:00+00:00,gbpusd,1.38145,1.38159,1.38134,1.38156
2021-07-13 21:45:00+00:00,gbpusd,1.38163,1.38163,1.3814,1.38144
2021-07-13 22:00:00+00:00,gbpusd,1.38128,1.38161,1.38113,1.38161
2021-07-13 22:15:00+00:00,gbpusd,1.38147,1.38149,1.38125,1.38127
2021-07-13 22:30:00+00:00,gbpusd,1.38157,1.38158,1.38142,1.38148
2021-07-13 22:45:00+00:00,gbpusd,1.38116,1.38158,1.38116,1.38158
2021-07-13 23:00:00+00:00,gbpusd,1.38112,1.3813,1.38105,1.38117
2021-07-13 23:15:00+00:00,gbpusd,1.38102,1.3812,1.38102,1.38113
2021-07-13 23:30:00+00:00,gbpusd,1.3808,1.38111,1.3807,1.38103
2021-07-13 23:45:00+00:00,gbpusd,1.38057,1.3809,1.38051,1.38081
2021-07-14 00:00:00+00:00,gbpusd,1.3803,1.38057,1.38025,1.38056
2021-07-14 00:15:00+00:00,gbpusd,1.38079,1.38089,1.38016,1.38031
2021-07-14 00:30:00+00:00,gbpusd,1.3809,1.381,1.38049,1.38078
2021-07-14 00:45:00+00:00,gbpusd,1.38066,1.38112,1.38051,1.38091
2021-07-14 01:00:00+00:00,gbpusd,1.38136,1.3814,1.3806,1.38067
2021-07-14 01:15:00+00:00,gbpusd,1.3815,1.38174,1.38125,1.38135
2021-07-14 01:30:00+00:00,gbpusd,1.38182,1.38211,1.38149,1.38149
2021-07-14 01:45:00+00:00,gbpusd,1.38182,1.382,1.38166,1.38181
2021-07-14 02:00:00+00:00,gbpusd,1.38192,1.382,1.38162,1.38183
2021-07-14 02:15:00+00:00,gbpusd,1.382,1.38207,1.3816,1.38191
2021-07-14 02:30:00+00:00,gbpusd,1.38197,1.38207,1.38182,1.38201
2021-07-14 02:45:00+00:00,gbpusd,1.38218,1.38225,1.38185,1.38196
2021-07-14 03:00:00+00:00,gbpusd,1.38207,1.38229,1.38183,1.38217
2021-07-14 03:15:00+00:00,gbpusd,1.38218,1.3824,1.38206,1.38206
2021-07-14 03:30:00+00:00,gbpusd,1.38219,1.38244,1.38206,1.38219
2021-07-14 03:45:00+00:00,gbpusd,1.38197,1.3822,1.38184,1.38218
2021-07-14 04:00:00+00:00,gbpusd,1.38197,1.38217,1.38174,1.38196
2021-07-14 04:15:00+00:00,gbpusd,1.38166,1.38204,1.38161,1.38196
2021-07-14 04:30:00+00:00,gbpusd,1.38185,1.38192,1.38156,1.38167
2021-07-14 04:45:00+00:00,gbpusd,1.38206,1.38207,1.38177,1.38186
2021-07-14 05:00:00+00:00,gbpusd,1.38236,1.3824,1.38194,1.38205
2021-07-14 05:15:00+00:00,gbpusd,1.38217,1.3824,1.38206,1.38237
2021-07-14 05:30:00+00:00,gbpusd,1.38251,1.38257,1.38211,1.38216
2021-07-14 05:45:00+00:00,gbpusd,1.38251,1.3828,1.38239,1.3825
2021-07-14 06:00:00+00:00,gbpusd,1.38316,1.38436,1.38232,1.3825
2021-07-14 06:15:00+00:00,gbpusd,1.38395,1.38399,1.38293,1.38317
2021-07-14 06:30:00+00:00,gbpusd,1.38457,1.38489,1.38375,1.38396
2021-07-14 06:45:00+00:00,gbpusd,1.38467,1.3853,1.38438,1.38458
2021-07-14 07:00:00+00:00,gbpusd,1.38355,1.38495,1.38342,1.38466
2021-07-14 07:15:00+00:00,gbpusd,1.38454,1.38467,1.38339,1.38354
2021-07-14 07:30:00+00:00,gbpusd,1.38474,1.38537,1.38432,1.38455
2021-07-14 07:45:00+00:00,gbpusd,1.38377,1.38492,1.38374,1.38475
2021-07-14 08:00:00+00:00,gbpusd,1.38462,1.38476,1.38352,1.38378
2021-07-14 08:15:00+00:00,gbpusd,1.38546,1.3856,1.38416,1.38463
2021-07-14 08:30:00+00:00,gbpusd,1.38523,1.38621,1.38503,1.38547
2021-07-14 08:45:00+00:00,gbpusd,1.38464,1.38537,1.38452,1.38524
2021-07-14 09:00:00+00:00,gbpusd,1.38439,1.38516,1.38354,1.38463
2021-07-14 09:15:00+00:00,gbpusd,1.38484,1.3849,1.38439,1.38439
2021-07-14 09:30:00+00:00,gbpusd,1.38432,1.38505,1.38427,1.38485
2021-07-14 09:45:00+00:00,gbpusd,1.38455,1.38502,1.384,1.38431
2021-07-14 10:00:00+00:00,gbpusd,1.38537,1.38542,1.38453,1.38456
2021-07-14 10:15:00+00:00,gbpusd,1.38559,1.38587,1.38517,1.38536
2021-07-14 10:30:00+00:00,gbpusd,1.38682,1.38688,1.38551,1.3856
2021-07-14 10:45:00+00:00,gbpusd,1.38631,1.38759,1.38627,1.38683
2021-07-14 11:00:00+00:00,gbpusd,1.38682,1.38706,1.38613,1.3863
2021-07-14 11:15:00+00:00,gbpusd,1.3858,1.38683,1.38565,1.38683
2021-07-14 11:30:00+00:00,gbpusd,1.38565,1.38606,1.38539,1.38581
2021-07-14 11:45:00+00:00,gbpusd,1.38596,1.38601,1.38516,1.38566
2021-07-14 12:00:00+00:00,gbpusd,1.38705,1.38754,1.38581,1.38597
2021-07-14 12:15:00+00:00,gbpusd,1.38637,1.38726,1.38636,1.38706
2021-07-14 12:30:00+00:00,gbpusd,1.38804,1.38886,1.38638,1.38638
2021-07-14 12:45:00+00:00,gbpusd,1.38853,1.38921,1.38814,1.38822
2021-07-14 13:00:00+00:00,gbpusd,1.38829,1.38904,1.38814,1.38854
2021-07-14 13:15:00+00:00,gbpusd,1.38867,1.38869,1.38764,1.3883
2021-07-14 13:30:00+00:00,gbpusd,1.38877,1.38893,1.38793,1.38866
2021-07-14 13:45:00+00:00,gbpusd,1.38806,1.38917,1.38806,1.38877
2021-07-14 14:00:00+00:00,gbpusd,1.38865,1.38867,1.38722,1.38807
2021-07-14 14:15:00+00:00,gbpusd,1.38804,1.38917,1.38803,1.38864
2021-07-14 14:30:00+00:00,gbpusd,1.38805,1.38884,1.38781,1.38817
2021-07-14 14:45:00+00:00,gbpusd,1.3869,1.38894,1.38617,1.38806
2021-07-14 15:00:00+00:00,gbpusd,1.38692,1.38705,1.38605,1.38692
2021-07-14 15:15:00+00:00,gbpusd,1.38558,1.38717,1.38554,1.38691
2021-07-14 15:30:00+00:00,gbpusd,1.38576,1.38587,1.38545,1.38557
2021-07-14 15:45:00+00:00,gbpusd,1.38528,1.38577,1.38485,1.38576
2021-07-14 16:00:00+00:00,gbpusd,1.38508,1.38576,1.38507,1.38529
2021-07-14 16:15:00+00:00,gbpusd,1.38586,1.38591,1.38504,1.38507
2021-07-14 16:30:00+00:00,gbpusd,1.38588,1.38617,1.38581,1.38587
2021-07-14 16:45:00+00:00,gbpusd,1.38539,1.3859,1.38531,1.38587
2021-07-14 17:00:00+00:00,gbpusd,1.38586,1.38675,1.38534,1.3854
2021-07-14 17:15:00+00:00,gbpusd,1.38556,1.38589,1.38524,1.38585
2021-07-14 17:30:00+00:00,gbpusd,1.38589,1.38591,1.38551,1.38555
2021-07-14 17:45:00+00:00,gbpusd,1.38536,1.38598,1.38528,1.38588
2021-07-14 18:00:00+00:00,gbpusd,1.38555,1.38576,1.38519,1.38535
2021-07-14 18:15:00+00:00,gbpusd,1.38596,1.38612,1.38555,1.38556
2021-07-14 18:30:00+00:00,gbpusd,1.38578,1.38598,1.3856,1.38597
2021-07-14 18:45:00+00:00,gbpusd,1.3852,1.38581,1.38507,1.38577
2021-07-14 19:00:00+00:00,gbpusd,1.38529,1.38549,1.38506,1.38521
2021-07-14 19:15:00+00:00,gbpusd,1.38563,1.38565,1.38518,1.38528
2021-07-14 19:30:00+00:00,gbpusd,1.38578,1.38585,1.38547,1.38562
2021-07-14 19:45:00+00:00,gbpusd,1.38578,1.386,1.38537,1.38579
2021-07-14 20:00:00+00:00,gbpusd,1.38598,1.38612,1.3857,1.38577
2021-07-14 20:15:00+00:00,gbpusd,1.38626,1.38629,1.38597,1.38599
2021-07-14 20:30:00+00:00,gbpusd,1.38621,1.3864,1.38617,1.38625
2021-07-14 20:45:00+00:00,gbpusd,1.38606,1.38648,1.38595,1.38622
2021-07-14 21:00:00+00:00,gbpusd,1.3861,1.38634,1.3858,1.3858
2021-07-14 21:15:00+00:00,gbpusd,1.38611,1.3862,1.38582,1.38609
2021-07-14 21:30:00+00:00,gbpusd,1.38607,1.38626,1.38595,1.3861
2021-07-14 21:45:00+00:00,gbpusd,1.38588,1.38651,1.38585,1.3861
2021-07-14 22:00:00+00:00,gbpusd,1.38621,1.38637,1.38588,1.38589
2021-07-14 22:15:00+00:00,gbpusd,1.38636,1.38638,1.38617,1.3862
2021-07-14 22:30:00+00:00,gbpusd,1.3859,1.38635,1.3859,1.38635
2021-07-14 22:45:00+00:00,gbpusd,1.38585,1.38598,1.38583,1.38591
2021-07-14 23:00:00+00:00,gbpusd,1.38581,1.38619,1.38581,1.38586
2021-07-14 23:15:00+00:00,gbpusd,1.38584,1.38606,1.38578,1.3858
2021-07-14 23:30:00+00:00,gbpusd,1.38569,1.38585,1.38562,1.38585
2021-07-14 23:45:00+00:00,gbpusd,1.38565,1.3858,1.38564,1.3857
2021-07-15 00:00:00+00:00,gbpusd,1.38559,1.3858,1.38544,1.38566
2021-07-15 00:15:00+00:00,gbpusd,1.3848,1.3856,1.38456,1.3856
2021-07-15 00:30:00+00:00,gbpusd,1.38421,1.38486,1.38384,1.38481
2021-07-15 00:45:00+00:00,gbpusd,1.38411,1.3842,1.38353,1.3842
2021-07-15 01:00:00+00:00,gbpusd,1.38388,1.38425,1.38351,1.38412
2021-07-15 01:15:00+00:00,gbpusd,1.38402,1.38422,1.38379,1.38389
2021-07-15 01:30:00+00:00,gbpusd,1.38384,1.38431,1.38357,1.38403
2021-07-15 01:45:00+00:00,gbpusd,1.38291,1.38388,1.38274,1.38385
2021-07-15 02:00:00+00:00,gbpusd,1.38266,1.38322,1.38219,1.38292
2021-07-15 02:15:00+00:00,gbpusd,1.38282,1.38283,1.38224,1.38265
2021-07-15 02:30:00+00:00,gbpusd,1.38234,1.38281,1.38228,1.38281
2021-07-15 02:45:00+00:00,gbpusd,1.38231,1.38258,1.38221,1.38233
2021-07-15 03:00:00+00:00,gbpusd,1.38279,1.38284,1.3823,1.3823
2021-07-15 03:15:00+00:00,gbpusd,1.38297,1.38314,1.38268,1.3828
2021-07-15 03:30:00+00:00,gbpusd,1.38323,1.38331,1.38283,1.38296
2021-07-15 03:45:00+00:00,gbpusd,1.38341,1.3835,1.38319,1.38322
2021-07-15 04:00:00+00:00,gbpusd,1.38333,1.38362,1.3833,1.38342
2021-07-15 04:15:00+00:00,gbpusd,1.3838,1.38386,1.38332,1.38332
2021-07-15 04:30:00+00:00,gbpusd,1.38402,1.38404,1.38373,1.38379
2021-07-15 04:45:00+00:00,gbpusd,1.38362,1.38401,1.38351,1.38401
2021-07-15 05:00:00+00:00,gbpusd,1.38402,1.38409,1.38352,1.38361
2021-07-15 05:15:00+00:00,gbpusd,1.38484,1.38495,1.38394,1.38401
2021-07-15 05:30:00+00:00,gbpusd,1.38487,1.38533,1.38464,1.38483
2021-07-15 05:45:00+00:00,gbpusd,1.38529,1.38537,1.38479,1.38486
2021-07-15 06:00:00+00:00,gbpusd,1.38549,1.3856,1.38498,1.38532
2021-07-15 06:15:00+00:00,gbpusd,1.38537,1.38589,1.38527,1.38548
2021-07-15 06:30:00+00:00,gbpusd,1.38608,1.38657,1.38518,1.38538
2021-07-15 06:45:00+00:00,gbpusd,1.38602,1.38668,1.38574,1.38607
2021-07-15 07:00:00+00:00,gbpusd,1.38459,1.38615,1.38455,1.38603
2021-07-15 07:15:00+00:00,gbpusd,1.38202,1.38458,1.382,1.38458
2021-07-15 07:30:00+00:00,gbpusd,1.38236,1.3828,1.38191,1.38201
2021-07-15 07:45:00+00:00,gbpusd,1.38175,1.38293,1.38135,1.38235
2021-07-15 08:00:00+00:00,gbpusd,1.38284,1.38292,1.38134,1.38176
2021-07-15 08:15:00+00:00,gbpusd,1.38353,1.38362,1.38268,1.38283
2021-07-15 08:30:00+00:00,gbpusd,1.38517,1.38544,1.38332,1.38354
2021-07-15 08:45:00+00:00,gbpusd,1.38448,1.38529,1.38433,1.38516
2021-07-15 09:00:00+00:00,gbpusd,1.38368,1.38501,1.38347,1.3845
2021-07-15 09:15:00+00:00,gbpusd,1.3837,1.38393,1.38304,1.38367
2021-07-15 09:30:00+00:00,gbpusd,1.38348,1.384,1.38315,1.38371
2021-07-15 09:45:00+00:00,gbpusd,1.38367,1.38407,1.38314,1.38347
2021-07-15 10:00:00+00:00,gbpusd,1.38856,1.38898,1.38366,1.38366
2021-07-15 10:15:00+00:00,gbpusd,1.38948,1.38991,1.38769,1.38855
2021-07-15 10:30:00+00:00,gbpusd,1.38841,1.38962,1.38841,1.38949
2021-07-15 10:45:00+00:00,gbpusd,1.38713,1.38844,1.38698,1.38842
2021-07-15 11:00:00+00:00,gbpusd,1.38693,1.3877,1.38671,1.38714
2021-07-15 11:15:00+00:00,gbpusd,1.38633,1.38718,1.38595,1.38692
2021-07-15 11:30:00+00:00,gbpusd,1.38606,1.38679,1.38554,1.38634
2021-07-15 11:45:00+00:00,gbpusd,1.38721,1.38735,1.38601,1.38607
2021-07-15 12:00:00+00:00,gbpusd,1.38618,1.38742,1.38568,1.3872
2021-07-15 12:15:00+00:00,gbpusd,1.38654,1.38666,1.38585,1.38617
2021-07-15 12:30:00+00:00,gbpusd,1.386,1.38693,1.38565,1.38653
2021-07-15 12:45:00+00:00,gbpusd,1.38448,1.3863,1.38431,1.38599
2021-07-15 13:00:00+00:00,gbpusd,1.38461,1.38532,1.38411,1.38448
2021-07-15 13:15:00+00:00,gbpusd,1.38443,1.3849,1.38387,1.3846
2021-07-15 13:30:00+00:00,gbpusd,1.38513,1.38531,1.38402,1.38444
2021-07-15 13:45:00+00:00,gbpusd,1.38522,1.3854,1.38442,1.38511
2021-07-15 14:00:00+00:00,gbpusd,1.38606,1.38649,1.38486,1.38521
2021-07-15 14:15:00+00:00,gbpusd,1.38561,1.38636,1.3854,1.38605
2021-07-15 14:30:00+00:00,gbpusd,1.38521,1.38626,1.38518,1.38562
2021-07-15 14:45:00+00:00,gbpusd,1.3863,1.3867,1.3849,1.38519
2021-07-15 15:00:00+00:00,gbpusd,1.386,1.38647,1.38574,1.38629
2021-07-15 15:15:00+00:00,gbpusd,1.38612,1.38634,1.38547,1.38601
2021-07-15 15:30:00+00:00,gbpusd,1.38549,1.38646,1.38539,1.38613
2021-07-15 15:45:00+00:00,gbpusd,1.38481,1.3859,1.38464,1.38548
2021-07-15 16:00:00+00:00,gbpusd,1.38329,1.38516,1.38327,1.3848
2021-07-15 16:15:00+00:00,gbpusd,1.38305,1.38333,1.38247,1.3833
2021-07-15 16:30:00+00:00,gbpusd,1.383,1.38304,1.38258,1.38304
2021-07-15 16:45:00+00:00,gbpusd,1.38257,1.38306,1.38236,1.38301
2021-07-15 17:00:00+00:00,gbpusd,1.3818,1.38257,1.38177,1.38256
2021-07-15 17:15:00+00:00,gbpusd,1.38164,1.38211,1.38145,1.38179
2021-07-15 17:30:00+00:00,gbpusd,1.38079,1.38194,1.38061,1.38163
2021-07-15 17:45:00+00:00,gbpusd,1.38081,1.38098,1.38051,1.38078
2021-07-15 18:00:00+00:00,gbpusd,1.38058,1.38113,1.38055,1.3808
2021-07-15 18:15:00+00:00,gbpusd,1.38072,1.38077,1.38052,1.38057
2021-07-15 18:30:00+00:00,gbpusd,1.38077,1.38093,1.38062,1.38073
2021-07-15 18:45:00+00:00,gbpusd,1.38107,1.38123,1.38063,1.38075
2021-07-15 19:00:00+00:00,gbpusd,1.38132,1.38134,1.38101,1.38108
2021-07-15 19:15:00+00:00,gbpusd,1.38191,1.38199,1.3813,1.38133
2021-07-15 19:30:00+00:00,gbpusd,1.38161,1.38193,1.38159,1.3819
2021-07-15 19:45:00+00:00,gbpusd,1.38244,1.38252,1.3815,1.38162
2021-07-15 20:00:00+00:00,gbpusd,1.38233,1.38247,1.38206,1.38245
2021-07-15 20:15:00+00:00,gbpusd,1.38229,1.38253,1.3822,1.38232
2021-07-15 20:30:00+00:00,gbpusd,1.38251,1.38252,1.38223,1.38228
2021-07-15 20:45:00+00:00,gbpusd,1.38282,1.38285,1.38244,1.38252
2021-07-15 21:00:00+00:00,gbpusd,1.38264,1.38302,1.38253,1.38289
2021-07-15 21:15:00+00:00,gbpusd,1.38265,1.38304,1.38261,1.38265
2021-07-15 21:30:00+00:00,gbpusd,1.38271,1.38281,1.38261,1.38272
2021-07-15 21:45:00+00:00,gbpusd,1.3826,1.38274,1.38248,1.3827
2021-07-15 22:00:00+00:00,gbpusd,1.38276,1.38304,1.38249,1.38261
2021-07-15 22:15:00+00:00,gbpusd,1.38275,1.38282,1.38267,1.38275
2021-07-15 22:30:00+00:00,gbpusd,1.38295,1.38295,1.38264,1.38274
2021-07-15 22:45:00+00:00,gbpusd,1.38307,1.38348,1.38295,1.38295
2021-07-15 23:00:00+00:00,gbpusd,1.383,1.3831,1.38279,1.38308
2021-07-15 23:15:00+00:00,gbpusd,1.38301,1.3831,1.38292,1.38299
2021-07-15 23:30:00+00:00,gbpusd,1.38263,1.38306,1.38262,1.38302
2021-07-15 23:45:00+00:00,gbpusd,1.38282,1.38294,1.38264,1.38264
2021-07-16 00:00:00+00:00,gbpusd,1.38342,1.38343,1.38272,1.38281
2021-07-16 00:15:00+00:00,gbpusd,1.38343,1.38358,1.38298,1.38341
2021-07-16 00:30:00+00:00,gbpusd,1.38332,1.3835,1.38311,1.38342
2021-07-16 00:45:00+00:00,gbpusd,1.38315,1.38346,1.38315,1.38333
2021-07-16 01:00:00+00:00,gbpusd,1.38322,1.38336,1.38259,1.38316
2021-07-16 01:15:00+00:00,gbpusd,1.38317,1.38332,1.38263,1.38323
2021-07-16 01:30:00+00:00,gbpusd,1.38313,1.38341,1.38293,1.38318
2021-07-16 01:45:00+00:00,gbpusd,1.3827,1.38323,1.38263,1.38312
2021-07-16 02:00:00+00:00,gbpusd,1.38283,1.38283,1.38248,1.38271
2021-07-16 02:15:00+00:00,gbpusd,1.38248,1.38299,1.38243,1.38282
2021-07-16 02:30:00+00:00,gbpusd,1.3829,1.38304,1.38248,1.38249
2021-07-16 02:45:00+00:00,gbpusd,1.38287,1.38304,1.3827,1.38291
2021-07-16 03:00:00+00:00,gbpusd,1.3828,1.38309,1.38278,1.38288
2021-07-16 03:15:00+00:00,gbpusd,1.38282,1.38308,1.3827,1.38281
2021-07-16 03:30:00+00:00,gbpusd,1.38354,1.38357,1.38281,1.38283
2021-07-16 03:45:00+00:00,gbpusd,1.38391,1.38397,1.38352,1.38355
2021-07-16 04:00:00+00:00,gbpusd,1.38391,1.38407,1.38366,1.3839
2021-07-16 04:15:00+00:00,gbpusd,1.38387,1.38393,1.38382,1.3839
2021-07-16 04:30:00+00:00,gbpusd,1.38353,1.38392,1.38346,1.38388
2021-07-16 04:45:00+00:00,gbpusd,1.38372,1.38372,1.38349,1.38354
2021-07-16 05:00:00+00:00,gbpusd,1.38348,1.38383,1.38347,1.38373
2021-07-16 05:15:00+00:00,gbpusd,1.38317,1.3835,1.38308,1.38349
2021-07-16 05:30:00+00:00,gbpusd,1.3834,1.38355,1.38317,1.38318
2021-07-16 05:45:00+00:00,gbpusd,1.383,1.38353,1.38298,1.38341
2021-07-16 06:00:00+00:00,gbpusd,1.38204,1.383,1.38172,1.38299
2021-07-16 06:15:00+00:00,gbpusd,1.3829,1.38304,1.38199,1.38205
2021-07-16 06:30:00+00:00,gbpusd,1.38192,1.3829,1.3819,1.38289
2021-07-16 06:45:00+00:00,gbpusd,1.3813,1.38197,1.38047,1.38193
2021-07-16 07:00:00+00:00,gbpusd,1.38177,1.38234,1.38069,1.38131
2021-07-16 07:15:00+00:00,gbpusd,1.38047,1.38176,1.38036,1.38176
2021-07-16 07:30:00+00:00,gbpusd,1.37971,1.38053,1.37914,1.38046
2021-07-16 07:45:00+00:00,gbpusd,1.38095,1.38123,1.37947,1.3797
2021-07-16 08:00:00+00:00,gbpusd,1.38327,1.38327,1.38053,1.38094
2021-07-16 08:15:00+00:00,gbpusd,1.38486,1.38496,1.38327,1.38328
2021-07-16 08:30:00+00:00,gbpusd,1.38547,1.38548,1.38449,1.38487
2021-07-16 08:45:00+00:00,gbpusd,1.38594,1.38622,1.38538,1.38546
2021-07-16 09:00:00+00:00,gbpusd,1.38499,1.38595,1.38498,1.38595
2021-07-16 09:15:00+00:00,gbpusd,1.38418,1.38516,1.38416,1.385
2021-07-16 09:30:00+00:00,gbpusd,1.3829,1.38452,1.3828,1.38417
2021-07-16 09:45:00+00:00,gbpusd,1.38279,1.3832,1.38183,1.38291
2021-07-16 10:00:00+00:00,gbpusd,1.38207,1.3829,1.38182,1.3828
2021-07-16 10:15:00+00:00,gbpusd,1.38154,1.38229,1.38099,1.38206
2021-07-16 10:30:00+00:00,gbpusd,1.38143,1.38166,1.38093,1.38152
2021-07-16 10:45:00+00:00,gbpusd,1.38062,1.3815,1.3803,1.38142
2021-07-16 11:00:00+00:00,gbpusd,1.38033,1.38072,1.38002,1.38061
2021-07-16 11:15:00+00:00,gbpusd,1.38034,1.38064,1.38017,1.38034
2021-07-16 11:30:00+00:00,gbpusd,1.3817,1.38192,1.38012,1.38033
2021-07-16 11:45:00+00:00,gbpusd,1.38129,1.38182,1.38089,1.38169
2021-07-16 12:00:00+00:00,gbpusd,1.38367,1.38394,1.3813,1.3813
2021-07-16 12:15:00+00:00,gbpusd,1.3819,1.38391,1.38175,1.38368
2021-07-16 12:30:00+00:00,gbpusd,1.38204,1.38242,1.38139,1.38189
2021-07-16 12:45:00+00:00,gbpusd,1.38126,1.38224,1.38105,1.38205
2021-07-16 13:00:00+00:00,gbpusd,1.382,1.382,1.38087,1.38117
2021-07-16 13:15:00+00:00,gbpusd,1.38198,1.38219,1.38167,1.38201
2021-07-16 13:30:00+00:00,gbpusd,1.38023,1.38202,1.38019,1.38197
2021-07-16 13:45:00+00:00,gbpusd,1.38037,1.38072,1.37936,1.38022
2021-07-16 14:00:00+00:00,gbpusd,1.37823,1.38045,1.37811,1.38036
2021-07-16 14:15:00+00:00,gbpusd,1.37841,1.37877,1.37743,1.37824
2021-07-16 14:30:00+00:00,gbpusd,1.37789,1.37902,1.37733,1.37822
2021-07-16 14:45:00+00:00,gbpusd,1.37904,1.37936,1.3774,1.3779
2021-07-16 15:00:00+00:00,gbpusd,1.3786,1.37956,1.37855,1.37889
2021-07-16 15:15:00+00:00,gbpusd,1.37843,1.37897,1.37765,1.37861
2021-07-16 15:30:00+00:00,gbpusd,1.37782,1.37862,1.37778,1.37842
2021-07-16 15:45:00+00:00,gbpusd,1.37837,1.37864,1.37728,1.37783
2021-07-16 16:00:00+00:00,gbpusd,1.37891,1.37895,1.37819,1.37838
2021-07-16 16:15:00+00:00,gbpusd,1.3785,1.37891,1.37847,1.3789
2021-07-16 16:30:00+00:00,gbpusd,1.37802,1.37869,1.37796,1.37849
2021-07-16 16:45:00+00:00,gbpusd,1.37783,1.37809,1.37758,1.37803
2021-07-16 17:00:00+00:00,gbpusd,1.37791,1.37822,1.37758,1.37784
2021-07-16 17:15:00+00:00,gbpusd,1.3782,1.37841,1.37782,1.3779
2021-07-16 17:30:00+00:00,gbpusd,1.37813,1.3785,1.3781,1.37821
2021-07-16 17:45:00+00:00,gbpusd,1.37764,1.37813,1.37762,1.37812
2021-07-16 18:00:00+00:00,gbpusd,1.37772,1.37794,1.37728,1.37765
2021-07-16 18:15:00+00:00,gbpusd,1.37742,1.3778,1.37737,1.37773
2021-07-16 18:30:00+00:00,gbpusd,1.37733,1.37748,1.37711,1.37743
2021-07-16 18:45:00+00:00,gbpusd,1.37681,1.37732,1.37676,1.37732
2021-07-16 19:00:00+00:00,gbpusd,1.3763,1.3769,1.37613,1.37682
2021-07-16 19:15:00+00:00,gbpusd,1.37633,1.37659,1.37621,1.37631
2021-07-16 19:30:00+00:00,gbpusd,1.37623,1.37647,1.37616,1.37632
2021-07-16 19:45:00+00:00,gbpusd,1.37614,1.3764,1.37609,1.37624
2021-07-16 20:00:00+00:00,gbpusd,1.37625,1.37662,1.37611,1.37613
2021-07-16 20:15:00+00:00,gbpusd,1.37634,1.37643,1.37619,1.37626
2021-07-16 20:30:00+00:00,gbpusd,1.37642,1.37642,1.37631,1.37635
2021-07-16 20:45:00+00:00,gbpusd,1.37679,1.37679,1.37633,1.37643
