date,ticker,close,high,low,open
2021-04-04 21:00:00+00:00,usdcad,1.25794,1.257975,1.25749,1.25759
2021-04-04 22:00:00+00:00,usdcad,1.25702,1.258945,1.25679,1.257945
2021-04-04 23:00:00+00:00,usdcad,1.25648,1.257475,1.256365,1.25703
2021-04-05 00:00:00+00:00,usdcad,1.256485,1.25717,1.256185,1.256485
2021-04-05 01:00:00+00:00,usdcad,1.256505,1.256995,1.25628,1.25648
2021-04-05 02:00:00+00:00,usdcad,1.257285,1.257325,1.25632,1.2565
2021-04-05 03:00:00+00:00,usdcad,1.2572,1.257305,1.256765,1.25728
2021-04-05 04:00:00+00:00,usdcad,1.258245,1.258245,1.257155,1.257205
2021-04-05 05:00:00+00:00,usdcad,1.25935,1.25936,1.257895,1.258235
2021-04-05 06:00:00+00:00,usdcad,1.258065,1.259475,1.257915,1.259355
2021-04-05 07:00:00+00:00,usdcad,1.25747,1.258825,1.257325,1.25807
2021-04-05 08:00:00+00:00,usdcad,1.256055,1.257675,1.255795,1.257465
2021-04-05 09:00:00+00:00,usdcad,1.25618,1.256395,1.255875,1.25606
2021-04-05 10:00:00+00:00,usdcad,1.254945,1.256215,1.25488,1.256185
2021-04-05 11:00:00+00:00,usdcad,1.254945,1.255265,1.254835,1.25494
2021-04-05 12:00:00+00:00,usdcad,1.252925,1.255055,1.25268,1.25494
2021-04-05 13:00:00+00:00,usdcad,1.252235,1.253885,1.251865,1.252915
2021-04-05 14:00:00+00:00,usdcad,1.251885,1.252315,1.250765,1.252245
2021-04-05 15:00:00+00:00,usdcad,1.25119,1.252155,1.25022,1.25188
2021-04-05 16:00:00+00:00,usdcad,1.253435,1.253495,1.25117,1.251185
2021-04-05 17:00:00+00:00,usdcad,1.252395,1.253735,1.252315,1.253445
2021-04-05 18:00:00+00:00,usdcad,1.252455,1.252645,1.252225,1.25239
2021-04-05 19:00:00+00:00,usdcad,1.252475,1.253165,1.252245,1.252465
2021-04-05 20:00:00+00:00,usdcad,1.252565,1.252695,1.252105,1.25247
2021-04-05 21:00:00+00:00,usdcad,1.252495,1.25289,1.252175,1.25262
2021-04-05 22:00:00+00:00,usdcad,1.251975,1.252545,1.251935,1.252525
2021-04-05 23:00:00+00:00,usdcad,1.252065,1.25223,1.251705,1.251965
2021-04-06 00:00:00+00:00,usdcad,1.252625,1.252835,1.251695,1.252075
2021-04-06 01:00:00+00:00,usdcad,1.252635,1.252835,1.252025,1.25262
2021-04-06 02:00:00+00:00,usdcad,1.253235,1.253415,1.252585,1.25263
2021-04-06 03:00:00+00:00,usdcad,1.254065,1.254335,1.253155,1.25323
2021-04-06 04:00:00+00:00,usdcad,1.25405,1.25416,1.253305,1.254065
2021-04-06 05:00:00+00:00,usdcad,1.25327,1.254115,1.253185,1.254055
2021-04-06 06:00:00+00:00,usdcad,1.254245,1.254445,1.252655,1.253275
2021-04-06 07:00:00+00:00,usdcad,1.253755,1.255455,1.253725,1.25424
2021-04-06 08:00:00+00:00,usdcad,1.25435,1.255125,1.253645,1.253745
2021-04-06 09:00:00+00:00,usdcad,1.255465,1.255665,1.25407,1.254355
2021-04-06 10:00:00+00:00,usdcad,1.256155,1.25624,1.255095,1.25546
2021-04-06 11:00:00+00:00,usdcad,1.256745,1.257555,1.25594,1.25616
2021-04-06 12:00:00+00:00,usdcad,1.256155,1.256975,1.25508,1.256755
2021-04-06 13:00:00+00:00,usdcad,1.254905,1.256415,1.2548,1.25616
2021-04-06 14:00:00+00:00,usdcad,1.254885,1.255875,1.254375,1.254805
2021-04-06 15:00:00+00:00,usdcad,1.25413,1.25539,1.253945,1.25489
2021-04-06 16:00:00+00:00,usdcad,1.254965,1.255265,1.253945,1.254125
2021-04-06 17:00:00+00:00,usdcad,1.257305,1.257535,1.254865,1.25497
2021-04-06 18:00:00+00:00,usdcad,1.257715,1.257915,1.256365,1.25731
2021-04-06 19:00:00+00:00,usdcad,1.257225,1.258315,1.257215,1.25771
2021-04-06 20:00:00+00:00,usdcad,1.256635,1.2573,1.256625,1.25722
2021-04-06 21:00:00+00:00,usdcad,1.25702,1.257165,1.25645,1.25683
2021-04-06 22:00:00+00:00,usdcad,1.258005,1.258015,1.256815,1.257015
2021-04-06 23:00:00+00:00,usdcad,1.257245,1.258195,1.257175,1.25801
2021-04-07 00:00:00+00:00,usdcad,1.25793,1.258175,1.257025,1.25725
2021-04-07 01:00:00+00:00,usdcad,1.258245,1.258255,1.256615,1.257935
2021-04-07 02:00:00+00:00,usdcad,1.258795,1.258915,1.257755,1.25824
2021-04-07 03:00:00+00:00,usdcad,1.258595,1.258825,1.258005,1.258805
2021-04-07 04:00:00+00:00,usdcad,1.258365,1.258625,1.25805,1.2586
2021-04-07 05:00:00+00:00,usdcad,1.258485,1.259035,1.258285,1.258375
2021-04-07 06:00:00+00:00,usdcad,1.261435,1.261435,1.258215,1.25848
2021-04-07 07:00:00+00:00,usdcad,1.260885,1.2618,1.260725,1.26144
2021-04-07 08:00:00+00:00,usdcad,1.259435,1.261815,1.259365,1.260895
2021-04-07 09:00:00+00:00,usdcad,1.260045,1.260165,1.25912,1.25944
2021-04-07 10:00:00+00:00,usdcad,1.259785,1.260175,1.258315,1.260055
2021-04-07 11:00:00+00:00,usdcad,1.259695,1.259925,1.258745,1.25979
2021-04-07 12:00:00+00:00,usdcad,1.261535,1.26234,1.259705,1.259705
2021-04-07 13:00:00+00:00,usdcad,1.26234,1.262785,1.260785,1.26153
2021-04-07 14:00:00+00:00,usdcad,1.26041,1.263495,1.260145,1.262335
2021-04-07 15:00:00+00:00,usdcad,1.26153,1.262765,1.260155,1.260415
2021-04-07 16:00:00+00:00,usdcad,1.261185,1.262455,1.261075,1.261525
2021-04-07 17:00:00+00:00,usdcad,1.26118,1.261795,1.260655,1.26119
2021-04-07 18:00:00+00:00,usdcad,1.262625,1.262625,1.26072,1.261185
2021-04-07 19:00:00+00:00,usdcad,1.26184,1.263285,1.261815,1.26263
2021-04-07 20:00:00+00:00,usdcad,1.260975,1.262055,1.260765,1.261845
2021-04-07 21:00:00+00:00,usdcad,1.261245,1.261345,1.260795,1.260875
2021-04-07 22:00:00+00:00,usdcad,1.261865,1.261865,1.261045,1.26124
2021-04-07 23:00:00+00:00,usdcad,1.2614,1.26191,1.261265,1.261875
2021-04-08 00:00:00+00:00,usdcad,1.261925,1.262005,1.261215,1.261395
2021-04-08 01:00:00+00:00,usdcad,1.261905,1.262735,1.261545,1.26192
2021-04-08 02:00:00+00:00,usdcad,1.261265,1.262385,1.261215,1.261895
2021-04-08 03:00:00+00:00,usdcad,1.260915,1.261285,1.260785,1.26127
2021-04-08 04:00:00+00:00,usdcad,1.260505,1.26106,1.260425,1.26092
2021-04-08 05:00:00+00:00,usdcad,1.260025,1.260535,1.259875,1.2605
2021-04-08 06:00:00+00:00,usdcad,1.259955,1.26115,1.25995,1.26002
2021-04-08 07:00:00+00:00,usdcad,1.26055,1.260865,1.25894,1.259965
2021-04-08 08:00:00+00:00,usdcad,1.261565,1.261775,1.26055,1.260555
2021-04-08 09:00:00+00:00,usdcad,1.261325,1.261325,1.261325,1.261325
2021-04-08 10:00:00+00:00,usdcad,1.260875,1.261535,1.25997,1.26138
2021-04-08 11:00:00+00:00,usdcad,1.258625,1.2609,1.258475,1.260885
2021-04-08 12:00:00+00:00,usdcad,1.258665,1.25943,1.258185,1.25863
2021-04-08 13:00:00+00:00,usdcad,1.259465,1.260675,1.258575,1.258675
2021-04-08 14:00:00+00:00,usdcad,1.258645,1.259955,1.258335,1.25943
2021-04-08 15:00:00+00:00,usdcad,1.257675,1.259055,1.257435,1.258795
2021-04-08 16:00:00+00:00,usdcad,1.257175,1.257845,1.25652,1.25767
2021-04-08 17:00:00+00:00,usdcad,1.257345,1.257575,1.256905,1.25717
2021-04-08 18:00:00+00:00,usdcad,1.256715,1.257575,1.256585,1.25734
2021-04-08 19:00:00+00:00,usdcad,1.256315,1.25733,1.25613,1.25672
2021-04-08 20:00:00+00:00,usdcad,1.256255,1.256685,1.255825,1.25632
2021-04-08 21:00:00+00:00,usdcad,1.256305,1.256585,1.25577,1.256275
2021-04-08 22:00:00+00:00,usdcad,1.256685,1.256755,1.256235,1.256295
2021-04-08 23:00:00+00:00,usdcad,1.25637,1.256845,1.255995,1.25668
2021-04-09 00:00:00+00:00,usdcad,1.255605,1.256525,1.255565,1.256365
2021-04-09 01:00:00+00:00,usdcad,1.257065,1.257475,1.255555,1.2556
2021-04-09 02:00:00+00:00,usdcad,1.257385,1.257525,1.256825,1.25706
2021-04-09 03:00:00+00:00,usdcad,1.257005,1.257655,1.25683,1.25738
2021-04-09 04:00:00+00:00,usdcad,1.257235,1.257465,1.257,1.257
2021-04-09 05:00:00+00:00,usdcad,1.259445,1.259445,1.257205,1.25724
2021-04-09 06:00:00+00:00,usdcad,1.26079,1.261105,1.259035,1.25944
2021-04-09 07:00:00+00:00,usdcad,1.259045,1.260995,1.258985,1.260805
2021-04-09 08:00:00+00:00,usdcad,1.259265,1.260325,1.258955,1.25904
2021-04-09 09:00:00+00:00,usdcad,1.25928,1.259675,1.25896,1.259275
2021-04-09 10:00:00+00:00,usdcad,1.258135,1.259465,1.257865,1.259285
2021-04-09 11:00:00+00:00,usdcad,1.256815,1.258225,1.256415,1.25813
2021-04-09 12:00:00+00:00,usdcad,1.255665,1.258345,1.254155,1.25681
2021-04-09 13:00:00+00:00,usdcad,1.255045,1.25603,1.254135,1.25568
2021-04-09 14:00:00+00:00,usdcad,1.25549,1.256945,1.254785,1.25504
2021-04-09 15:00:00+00:00,usdcad,1.254115,1.255925,1.254105,1.25552
2021-04-09 16:00:00+00:00,usdcad,1.253415,1.254355,1.253135,1.25412
2021-04-09 17:00:00+00:00,usdcad,1.253635,1.25364,1.252845,1.253425
2021-04-09 18:00:00+00:00,usdcad,1.252715,1.25363,1.252705,1.25363
2021-04-09 19:00:00+00:00,usdcad,1.25295,1.253285,1.252705,1.252725
2021-04-09 20:00:00+00:00,usdcad,1.252865,1.253335,1.252635,1.252945
2021-04-11 21:00:00+00:00,usdcad,1.253095,1.254465,1.252935,1.25424
2021-04-11 22:00:00+00:00,usdcad,1.253385,1.25378,1.253025,1.25307
2021-04-11 23:00:00+00:00,usdcad,1.253435,1.253495,1.252845,1.25338
2021-04-12 00:00:00+00:00,usdcad,1.253485,1.253885,1.253085,1.253425
2021-04-12 01:00:00+00:00,usdcad,1.25492,1.255235,1.253415,1.25348
2021-04-12 02:00:00+00:00,usdcad,1.255415,1.255845,1.254895,1.254915
2021-04-12 03:00:00+00:00,usdcad,1.255555,1.255875,1.2554,1.25542
2021-04-12 04:00:00+00:00,usdcad,1.256255,1.256335,1.255465,1.25555
2021-04-12 05:00:00+00:00,usdcad,1.256415,1.256665,1.256175,1.25625
2021-04-12 06:00:00+00:00,usdcad,1.256375,1.256805,1.255625,1.25642
2021-04-12 07:00:00+00:00,usdcad,1.25642,1.25664,1.255615,1.256365
2021-04-12 08:00:00+00:00,usdcad,1.255925,1.256705,1.255725,1.256425
2021-04-12 09:00:00+00:00,usdcad,1.254825,1.25593,1.25443,1.25593
2021-04-12 10:00:00+00:00,usdcad,1.253565,1.254905,1.253165,1.25482
2021-04-12 11:00:00+00:00,usdcad,1.253855,1.253965,1.253165,1.253555
2021-04-12 12:00:00+00:00,usdcad,1.25416,1.254805,1.253375,1.253845
2021-04-12 13:00:00+00:00,usdcad,1.255335,1.255855,1.25355,1.254155
2021-04-12 14:00:00+00:00,usdcad,1.255975,1.25725,1.254915,1.255345
2021-04-12 15:00:00+00:00,usdcad,1.255725,1.256735,1.255325,1.25608
2021-04-12 16:00:00+00:00,usdcad,1.254825,1.256025,1.2541,1.25572
2021-04-12 17:00:00+00:00,usdcad,1.255625,1.255675,1.254715,1.254835
2021-04-12 18:00:00+00:00,usdcad,1.256305,1.256505,1.25546,1.25563
2021-04-12 19:00:00+00:00,usdcad,1.2564,1.257435,1.256105,1.256315
2021-04-12 20:00:00+00:00,usdcad,1.256345,1.25658,1.255925,1.256405
2021-04-12 21:00:00+00:00,usdcad,1.256355,1.256715,1.255875,1.256005
2021-04-12 22:00:00+00:00,usdcad,1.256645,1.2567,1.25606,1.256365
2021-04-12 23:00:00+00:00,usdcad,1.256325,1.25685,1.255865,1.25664
2021-04-13 00:00:00+00:00,usdcad,1.257385,1.257705,1.256285,1.256315
2021-04-13 01:00:00+00:00,usdcad,1.257765,1.258165,1.257275,1.257395
2021-04-13 02:00:00+00:00,usdcad,1.257315,1.257875,1.257195,1.257775
2021-04-13 03:00:00+00:00,usdcad,1.257975,1.258,1.257165,1.25732
2021-04-13 04:00:00+00:00,usdcad,1.258115,1.258265,1.257625,1.25798
2021-04-13 05:00:00+00:00,usdcad,1.257955,1.258795,1.257815,1.25811
2021-04-13 06:00:00+00:00,usdcad,1.258215,1.258525,1.257495,1.257965
2021-04-13 07:00:00+00:00,usdcad,1.258375,1.258415,1.257385,1.25822
2021-04-13 08:00:00+00:00,usdcad,1.258645,1.258905,1.257705,1.25838
2021-04-13 09:00:00+00:00,usdcad,1.2588,1.259345,1.258575,1.25865
2021-04-13 10:00:00+00:00,usdcad,1.259765,1.259865,1.258495,1.258815
2021-04-13 11:00:00+00:00,usdcad,1.261905,1.262285,1.259535,1.25977
2021-04-13 12:00:00+00:00,usdcad,1.259275,1.263015,1.259085,1.261915
2021-04-13 13:00:00+00:00,usdcad,1.256635,1.259385,1.256075,1.25928
2021-04-13 14:00:00+00:00,usdcad,1.255335,1.25789,1.255135,1.256525
2021-04-13 15:00:00+00:00,usdcad,1.254235,1.255775,1.253985,1.255325
2021-04-13 16:00:00+00:00,usdcad,1.254365,1.25459,1.253255,1.25424
2021-04-13 17:00:00+00:00,usdcad,1.253995,1.254425,1.253545,1.25436
2021-04-13 18:00:00+00:00,usdcad,1.253475,1.25436,1.253185,1.25399
2021-04-13 19:00:00+00:00,usdcad,1.253015,1.253695,1.252905,1.253485
2021-04-13 20:00:00+00:00,usdcad,1.253485,1.253745,1.252725,1.25302
2021-04-13 21:00:00+00:00,usdcad,1.253365,1.253735,1.253095,1.253475
2021-04-13 22:00:00+00:00,usdcad,1.253795,1.253815,1.253135,1.25337
2021-04-13 23:00:00+00:00,usdcad,1.25374,1.253965,1.253375,1.2538
2021-04-14 00:00:00+00:00,usdcad,1.254435,1.25463,1.25337,1.253735
2021-04-14 01:00:00+00:00,usdcad,1.254155,1.254785,1.25358,1.25443
2021-04-14 02:00:00+00:00,usdcad,1.254155,1.254685,1.253755,1.25415
2021-04-14 03:00:00+00:00,usdcad,1.254015,1.25445,1.253975,1.25415
2021-04-14 04:00:00+00:00,usdcad,1.253895,1.254065,1.253435,1.25399
2021-04-14 05:00:00+00:00,usdcad,1.253745,1.254155,1.253385,1.253885
2021-04-14 06:00:00+00:00,usdcad,1.253975,1.254485,1.253475,1.253735
2021-04-14 07:00:00+00:00,usdcad,1.2561,1.256205,1.25368,1.253965
2021-04-14 08:00:00+00:00,usdcad,1.254205,1.256115,1.253945,1.256105
2021-04-14 09:00:00+00:00,usdcad,1.254835,1.255125,1.253705,1.25421
2021-04-14 10:00:00+00:00,usdcad,1.255335,1.255805,1.254735,1.25483
2021-04-14 11:00:00+00:00,usdcad,1.255775,1.256175,1.255115,1.25534
2021-04-14 12:00:00+00:00,usdcad,1.25746,1.257645,1.25568,1.25578
2021-04-14 13:00:00+00:00,usdcad,1.255745,1.257575,1.255085,1.257465
2021-04-14 14:00:00+00:00,usdcad,1.253955,1.256005,1.25314,1.25574
2021-04-14 15:00:00+00:00,usdcad,1.251565,1.25402,1.251245,1.25394
2021-04-14 16:00:00+00:00,usdcad,1.250525,1.252255,1.25002,1.25157
2021-04-14 17:00:00+00:00,usdcad,1.252205,1.252355,1.250415,1.25052
2021-04-14 18:00:00+00:00,usdcad,1.252525,1.2531,1.251805,1.25221
2021-04-14 19:00:00+00:00,usdcad,1.25176,1.253005,1.251745,1.25253
2021-04-14 20:00:00+00:00,usdcad,1.25214,1.25224,1.251695,1.251755
2021-04-14 21:00:00+00:00,usdcad,1.251945,1.252265,1.251705,1.252145
2021-04-14 22:00:00+00:00,usdcad,1.251425,1.25203,1.251415,1.25194
2021-04-14 23:00:00+00:00,usdcad,1.251745,1.251815,1.251325,1.251415
2021-04-15 00:00:00+00:00,usdcad,1.250875,1.252045,1.250705,1.251765
2021-04-15 01:00:00+00:00,usdcad,1.252175,1.252675,1.250465,1.250865
2021-04-15 02:00:00+00:00,usdcad,1.251985,1.25245,1.251515,1.25218
2021-04-15 03:00:00+00:00,usdcad,1.252325,1.252455,1.251735,1.25199
2021-04-15 04:00:00+00:00,usdcad,1.25262,1.252635,1.252065,1.25232
2021-04-15 05:00:00+00:00,usdcad,1.25269,1.252875,1.25215,1.252615
2021-04-15 06:00:00+00:00,usdcad,1.250955,1.252865,1.250855,1.252695
2021-04-15 07:00:00+00:00,usdcad,1.249055,1.250965,1.248585,1.250945
2021-04-15 08:00:00+00:00,usdcad,1.248655,1.249365,1.248245,1.249045
2021-04-15 09:00:00+00:00,usdcad,1.249085,1.249145,1.247695,1.248665
2021-04-15 10:00:00+00:00,usdcad,1.249825,1.249895,1.249025,1.249075
2021-04-15 11:00:00+00:00,usdcad,1.249735,1.249845,1.249185,1.24982
2021-04-15 12:00:00+00:00,usdcad,1.25194,1.25194,1.249055,1.24973
2021-04-15 13:00:00+00:00,usdcad,1.251545,1.252255,1.250445,1.251585
2021-04-15 14:00:00+00:00,usdcad,1.253195,1.254165,1.251005,1.251535
2021-04-15 15:00:00+00:00,usdcad,1.253985,1.255865,1.252855,1.253105
2021-04-15 16:00:00+00:00,usdcad,1.2541,1.254835,1.253825,1.25398
2021-04-15 17:00:00+00:00,usdcad,1.254275,1.255135,1.254075,1.254095
2021-04-15 18:00:00+00:00,usdcad,1.253705,1.25428,1.25328,1.25427
2021-04-15 19:00:00+00:00,usdcad,1.253405,1.254215,1.253395,1.253715
2021-04-15 20:00:00+00:00,usdcad,1.2544,1.25489,1.253155,1.25341
2021-04-15 21:00:00+00:00,usdcad,1.25433,1.255255,1.253415,1.25433
2021-04-15 22:00:00+00:00,usdcad,1.255115,1.25512,1.254225,1.254325
2021-04-15 23:00:00+00:00,usdcad,1.25459,1.255205,1.25435,1.25512
2021-04-16 00:00:00+00:00,usdcad,1.2556,1.255735,1.254205,1.254585
2021-04-16 01:00:00+00:00,usdcad,1.255325,1.255965,1.255005,1.255595
2021-04-16 02:00:00+00:00,usdcad,1.25526,1.255945,1.255135,1.25533
2021-04-16 03:00:00+00:00,usdcad,1.254335,1.255265,1.254035,1.255265
2021-04-16 04:00:00+00:00,usdcad,1.253545,1.25453,1.25354,1.25434
2021-04-16 05:00:00+00:00,usdcad,1.252125,1.253785,1.252115,1.25354
2021-04-16 06:00:00+00:00,usdcad,1.252145,1.252755,1.251755,1.252135
2021-04-16 07:00:00+00:00,usdcad,1.251775,1.252545,1.251535,1.252135
2021-04-16 08:00:00+00:00,usdcad,1.251485,1.252175,1.251395,1.251765
2021-04-16 09:00:00+00:00,usdcad,1.25085,1.251785,1.25066,1.251475
2021-04-16 10:00:00+00:00,usdcad,1.250485,1.250925,1.250175,1.250845
2021-04-16 11:00:00+00:00,usdcad,1.250715,1.251225,1.24955,1.250475
2021-04-16 12:00:00+00:00,usdcad,1.249785,1.250735,1.249495,1.25072
2021-04-16 13:00:00+00:00,usdcad,1.251655,1.25182,1.24972,1.24978
2021-04-16 14:00:00+00:00,usdcad,1.249975,1.251725,1.24958,1.251645
2021-04-16 15:00:00+00:00,usdcad,1.24993,1.250505,1.249465,1.249915
2021-04-16 16:00:00+00:00,usdcad,1.2504,1.250615,1.249465,1.249935
2021-04-16 17:00:00+00:00,usdcad,1.250615,1.250765,1.250245,1.250405
2021-04-16 18:00:00+00:00,usdcad,1.25023,1.25085,1.250195,1.25062
2021-04-16 19:00:00+00:00,usdcad,1.25075,1.250845,1.249975,1.250215
2021-04-16 20:00:00+00:00,usdcad,1.250735,1.250895,1.250055,1.250745
2021-04-18 21:00:00+00:00,usdcad,1.251125,1.251205,1.250685,1.250695
2021-04-18 22:00:00+00:00,usdcad,1.251575,1.251575,1.250925,1.25112
2021-04-18 23:00:00+00:00,usdcad,1.251865,1.251865,1.251345,1.25157
2021-04-19 00:00:00+00:00,usdcad,1.25167,1.251905,1.250905,1.251855
2021-04-19 01:00:00+00:00,usdcad,1.252165,1.252865,1.251505,1.251665
2021-04-19 02:00:00+00:00,usdcad,1.251135,1.252255,1.250895,1.25216
2021-04-19 03:00:00+00:00,usdcad,1.251035,1.25129,1.2508,1.251145
2021-04-19 04:00:00+00:00,usdcad,1.250645,1.251045,1.250565,1.25104
2021-04-19 05:00:00+00:00,usdcad,1.25023,1.25096,1.25003,1.250635
2021-04-19 06:00:00+00:00,usdcad,1.250235,1.250935,1.249915,1.250235
2021-04-19 07:00:00+00:00,usdcad,1.248255,1.250755,1.248005,1.25023
2021-04-19 08:00:00+00:00,usdcad,1.247805,1.248895,1.247145,1.24826
2021-04-19 09:00:00+00:00,usdcad,1.247785,1.248565,1.247705,1.2478
2021-04-19 10:00:00+00:00,usdcad,1.247625,1.24867,1.247485,1.247795
2021-04-19 11:00:00+00:00,usdcad,1.249085,1.24945,1.247235,1.24763
2021-04-19 12:00:00+00:00,usdcad,1.248145,1.250595,1.24814,1.24909
2021-04-19 13:00:00+00:00,usdcad,1.249155,1.25045,1.248055,1.24829
2021-04-19 14:00:00+00:00,usdcad,1.251195,1.252515,1.248995,1.249165
2021-04-19 15:00:00+00:00,usdcad,1.253555,1.253655,1.251005,1.251185
2021-04-19 16:00:00+00:00,usdcad,1.253325,1.253995,1.251975,1.253565
2021-04-19 17:00:00+00:00,usdcad,1.25385,1.253865,1.25291,1.25333
2021-04-19 18:00:00+00:00,usdcad,1.253085,1.254425,1.25293,1.253855
2021-04-19 19:00:00+00:00,usdcad,1.253165,1.254285,1.25309,1.25309
2021-04-19 20:00:00+00:00,usdcad,1.253535,1.253565,1.252695,1.25316
2021-04-19 21:00:00+00:00,usdcad,1.253065,1.253315,1.25298,1.253225
2021-04-19 22:00:00+00:00,usdcad,1.252525,1.25306,1.252505,1.25306
2021-04-19 23:00:00+00:00,usdcad,1.2524,1.253005,1.252245,1.252545
2021-04-20 00:00:00+00:00,usdcad,1.252125,1.252675,1.251775,1.25239
2021-04-20 01:00:00+00:00,usdcad,1.250805,1.252425,1.250635,1.25213
2021-04-20 02:00:00+00:00,usdcad,1.250405,1.251185,1.250355,1.25081
2021-04-20 03:00:00+00:00,usdcad,1.249205,1.250615,1.249035,1.250415
2021-04-20 04:00:00+00:00,usdcad,1.249105,1.249795,1.249035,1.24921
2021-04-20 05:00:00+00:00,usdcad,1.249025,1.249635,1.248885,1.2491
2021-04-20 06:00:00+00:00,usdcad,1.249415,1.25004,1.248685,1.24902
2021-04-20 07:00:00+00:00,usdcad,1.249645,1.249735,1.247885,1.249415
2021-04-20 08:00:00+00:00,usdcad,1.249805,1.250025,1.24853,1.24964
2021-04-20 09:00:00+00:00,usdcad,1.251525,1.252635,1.249505,1.249795
2021-04-20 10:00:00+00:00,usdcad,1.253505,1.253625,1.251385,1.251515
2021-04-20 11:00:00+00:00,usdcad,1.252695,1.25405,1.25238,1.2535
2021-04-20 12:00:00+00:00,usdcad,1.253135,1.25388,1.251885,1.25269
2021-04-20 13:00:00+00:00,usdcad,1.252005,1.25346,1.251785,1.25314
2021-04-20 14:00:00+00:00,usdcad,1.255635,1.255705,1.251965,1.252295
2021-04-20 15:00:00+00:00,usdcad,1.257505,1.258705,1.255625,1.255635
2021-04-20 16:00:00+00:00,usdcad,1.25926,1.259655,1.257125,1.257495
2021-04-20 17:00:00+00:00,usdcad,1.260745,1.261315,1.259205,1.259255
2021-04-20 18:00:00+00:00,usdcad,1.261875,1.262375,1.260445,1.260755
2021-04-20 19:00:00+00:00,usdcad,1.261395,1.261905,1.260965,1.261865
2021-04-20 20:00:00+00:00,usdcad,1.261135,1.261975,1.260835,1.26139
2021-04-20 21:00:00+00:00,usdcad,1.260905,1.261405,1.260795,1.261135
2021-04-20 22:00:00+00:00,usdcad,1.261235,1.261475,1.260895,1.260915
2021-04-20 23:00:00+00:00,usdcad,1.261255,1.261655,1.260935,1.261245
2021-04-21 00:00:00+00:00,usdcad,1.260895,1.2614,1.260195,1.26125
2021-04-21 01:00:00+00:00,usdcad,1.260685,1.261225,1.259805,1.2609
2021-04-21 02:00:00+00:00,usdcad,1.260765,1.2613,1.260345,1.260675
2021-04-21 03:00:00+00:00,usdcad,1.260365,1.260945,1.260065,1.26077
2021-04-21 04:00:00+00:00,usdcad,1.26116,1.2614,1.26026,1.260355
2021-04-21 05:00:00+00:00,usdcad,1.260325,1.261415,1.260035,1.261155
2021-04-21 06:00:00+00:00,usdcad,1.258925,1.260355,1.25861,1.26033
2021-04-21 07:00:00+00:00,usdcad,1.258855,1.259975,1.258335,1.25893
2021-04-21 08:00:00+00:00,usdcad,1.259825,1.260115,1.258315,1.258845
2021-04-21 09:00:00+00:00,usdcad,1.259445,1.259975,1.258865,1.25982
2021-04-21 10:00:00+00:00,usdcad,1.259505,1.260515,1.259235,1.259455
2021-04-21 11:00:00+00:00,usdcad,1.260275,1.260695,1.25947,1.2595
2021-04-21 12:00:00+00:00,usdcad,1.262255,1.262585,1.260025,1.26027
2021-04-21 13:00:00+00:00,usdcad,1.263415,1.26539,1.261545,1.26226
2021-04-21 14:00:00+00:00,usdcad,1.248595,1.263475,1.247835,1.263445
2021-04-21 15:00:00+00:00,usdcad,1.248455,1.248675,1.246005,1.248585
2021-04-21 16:00:00+00:00,usdcad,1.24908,1.249885,1.24824,1.24845
2021-04-21 17:00:00+00:00,usdcad,1.248845,1.249345,1.248585,1.249075
2021-04-21 18:00:00+00:00,usdcad,1.249585,1.249905,1.248745,1.24884
2021-04-21 19:00:00+00:00,usdcad,1.249325,1.249875,1.24919,1.24958
2021-04-21 20:00:00+00:00,usdcad,1.249745,1.250155,1.249315,1.249315
2021-04-21 21:00:00+00:00,usdcad,1.249845,1.24993,1.2494,1.249685
2021-04-21 22:00:00+00:00,usdcad,1.250515,1.250745,1.24968,1.249855
2021-04-21 23:00:00+00:00,usdcad,1.250465,1.250705,1.250135,1.25052
2021-04-22 00:00:00+00:00,usdcad,1.249695,1.250685,1.249325,1.250475
2021-04-22 01:00:00+00:00,usdcad,1.250295,1.250445,1.248975,1.249705
2021-04-22 02:00:00+00:00,usdcad,1.249625,1.25037,1.249335,1.2503
2021-04-22 03:00:00+00:00,usdcad,1.25032,1.250455,1.249355,1.24963
2021-04-22 04:00:00+00:00,usdcad,1.250935,1.251295,1.2502,1.250285
2021-04-22 05:00:00+00:00,usdcad,1.250335,1.251205,1.249925,1.25094
2021-04-22 06:00:00+00:00,usdcad,1.247915,1.250685,1.247325,1.25033
2021-04-22 07:00:00+00:00,usdcad,1.249795,1.249925,1.247845,1.247925
2021-04-22 08:00:00+00:00,usdcad,1.250635,1.250955,1.249625,1.2498
2021-04-22 09:00:00+00:00,usdcad,1.24938,1.250875,1.249355,1.250645
2021-04-22 10:00:00+00:00,usdcad,1.25042,1.250595,1.24913,1.249385
2021-04-22 11:00:00+00:00,usdcad,1.250565,1.250775,1.250005,1.250425
2021-04-22 12:00:00+00:00,usdcad,1.249415,1.251265,1.249095,1.25057
2021-04-22 13:00:00+00:00,usdcad,1.251275,1.251845,1.2493,1.24947
2021-04-22 14:00:00+00:00,usdcad,1.250235,1.253475,1.249865,1.25125
2021-04-22 15:00:00+00:00,usdcad,1.24916,1.250765,1.248345,1.250225
2021-04-22 16:00:00+00:00,usdcad,1.24819,1.249765,1.247695,1.249165
2021-04-22 17:00:00+00:00,usdcad,1.25014,1.250325,1.247955,1.248185
2021-04-22 18:00:00+00:00,usdcad,1.249735,1.251085,1.2495,1.250135
2021-04-22 19:00:00+00:00,usdcad,1.250545,1.250955,1.249435,1.24974
2021-04-22 20:00:00+00:00,usdcad,1.25053,1.2506,1.249385,1.250555
2021-04-22 21:00:00+00:00,usdcad,1.25046,1.250855,1.250235,1.250565
2021-04-22 22:00:00+00:00,usdcad,1.250505,1.250645,1.249965,1.250465
2021-04-22 23:00:00+00:00,usdcad,1.250315,1.250575,1.249925,1.25051
2021-04-23 00:00:00+00:00,usdcad,1.249455,1.250635,1.249245,1.250315
2021-04-23 01:00:00+00:00,usdcad,1.248705,1.249845,1.248385,1.24946
2021-04-23 02:00:00+00:00,usdcad,1.248415,1.249255,1.24837,1.248695
2021-04-23 03:00:00+00:00,usdcad,1.247665,1.248475,1.247655,1.248405
2021-04-23 04:00:00+00:00,usdcad,1.247285,1.24767,1.24714,1.24767
2021-04-23 05:00:00+00:00,usdcad,1.247755,1.248375,1.247085,1.247275
2021-04-23 06:00:00+00:00,usdcad,1.24875,1.248885,1.247675,1.24776
2021-04-23 07:00:00+00:00,usdcad,1.247165,1.248755,1.247035,1.248745
2021-04-23 08:00:00+00:00,usdcad,1.248345,1.24835,1.24713,1.24717
2021-04-23 09:00:00+00:00,usdcad,1.248745,1.249615,1.248175,1.248335
2021-04-23 10:00:00+00:00,usdcad,1.248195,1.248895,1.247955,1.248735
2021-04-23 11:00:00+00:00,usdcad,1.247805,1.248925,1.247805,1.248185
2021-04-23 12:00:00+00:00,usdcad,1.249375,1.249805,1.247365,1.247795
2021-04-23 13:00:00+00:00,usdcad,1.249775,1.250335,1.248985,1.24937
2021-04-23 14:00:00+00:00,usdcad,1.250455,1.250535,1.248005,1.249785
2021-04-23 15:00:00+00:00,usdcad,1.249595,1.250445,1.248815,1.25024
2021-04-23 16:00:00+00:00,usdcad,1.250415,1.250945,1.249275,1.24959
2021-04-23 17:00:00+00:00,usdcad,1.24898,1.25062,1.248965,1.25041
2021-04-23 18:00:00+00:00,usdcad,1.247445,1.249015,1.247165,1.248975
2021-04-23 19:00:00+00:00,usdcad,1.247865,1.247895,1.246575,1.24744
2021-04-23 20:00:00+00:00,usdcad,1.247505,1.247905,1.246115,1.247855
2021-04-25 21:00:00+00:00,usdcad,1.24801,1.248335,1.247935,1.247985
2021-04-25 22:00:00+00:00,usdcad,1.248305,1.248305,1.247485,1.248015
2021-04-25 23:00:00+00:00,usdcad,1.248955,1.248975,1.247875,1.2483
2021-04-26 00:00:00+00:00,usdcad,1.24675,1.249015,1.245955,1.248945
2021-04-26 01:00:00+00:00,usdcad,1.24572,1.246755,1.24529,1.246755
2021-04-26 02:00:00+00:00,usdcad,1.24523,1.246125,1.24512,1.245715
2021-04-26 03:00:00+00:00,usdcad,1.24565,1.245725,1.244945,1.245235
2021-04-26 04:00:00+00:00,usdcad,1.24555,1.245665,1.244945,1.245655
2021-04-26 05:00:00+00:00,usdcad,1.246535,1.246575,1.245325,1.245545
2021-04-26 06:00:00+00:00,usdcad,1.247125,1.247205,1.245465,1.24654
2021-04-26 07:00:00+00:00,usdcad,1.246105,1.247345,1.245995,1.24713
2021-04-26 08:00:00+00:00,usdcad,1.246165,1.246965,1.246015,1.246095
2021-04-26 09:00:00+00:00,usdcad,1.2455,1.246425,1.245385,1.24617
2021-04-26 10:00:00+00:00,usdcad,1.244215,1.245735,1.243965,1.245505
2021-04-26 11:00:00+00:00,usdcad,1.244395,1.24489,1.24367,1.24421
2021-04-26 12:00:00+00:00,usdcad,1.244755,1.244865,1.243315,1.24439
2021-04-26 13:00:00+00:00,usdcad,1.243315,1.245495,1.24245,1.24475
2021-04-26 14:00:00+00:00,usdcad,1.239265,1.243395,1.238425,1.243305
2021-04-26 15:00:00+00:00,usdcad,1.239875,1.240255,1.238515,1.239145
2021-04-26 16:00:00+00:00,usdcad,1.241215,1.241275,1.239875,1.239885
2021-04-26 17:00:00+00:00,usdcad,1.241175,1.241445,1.240635,1.24121
2021-04-26 18:00:00+00:00,usdcad,1.239935,1.241255,1.23987,1.24117
2021-04-26 19:00:00+00:00,usdcad,1.239465,1.240495,1.23941,1.23994
2021-04-26 20:00:00+00:00,usdcad,1.239585,1.239955,1.23911,1.239455
2021-04-26 21:00:00+00:00,usdcad,1.239345,1.239995,1.239085,1.239675
2021-04-26 22:00:00+00:00,usdcad,1.239675,1.239805,1.239195,1.239335
2021-04-26 23:00:00+00:00,usdcad,1.239645,1.239885,1.239285,1.239665
2021-04-27 00:00:00+00:00,usdcad,1.239605,1.240215,1.238875,1.239655
2021-04-27 01:00:00+00:00,usdcad,1.240305,1.240555,1.239355,1.2396
2021-04-27 02:00:00+00:00,usdcad,1.24041,1.241055,1.240205,1.240315
2021-04-27 03:00:00+00:00,usdcad,1.240635,1.240735,1.240175,1.240415
2021-04-27 04:00:00+00:00,usdcad,1.240425,1.240775,1.239985,1.24063
2021-04-27 05:00:00+00:00,usdcad,1.239725,1.240435,1.239665,1.24043
2021-04-27 06:00:00+00:00,usdcad,1.240185,1.240805,1.239415,1.23973
2021-04-27 07:00:00+00:00,usdcad,1.240585,1.24135,1.24008,1.240175
2021-04-27 08:00:00+00:00,usdcad,1.241645,1.241885,1.240485,1.24059
2021-04-27 09:00:00+00:00,usdcad,1.241125,1.241875,1.240725,1.24165
2021-04-27 10:00:00+00:00,usdcad,1.239705,1.241185,1.239535,1.241115
2021-04-27 11:00:00+00:00,usdcad,1.240485,1.240585,1.23947,1.2397
2021-04-27 12:00:00+00:00,usdcad,1.240965,1.241225,1.239325,1.240495
2021-04-27 13:00:00+00:00,usdcad,1.240175,1.241645,1.23956,1.240955
2021-04-27 14:00:00+00:00,usdcad,1.240455,1.241125,1.239855,1.24018
2021-04-27 15:00:00+00:00,usdcad,1.239725,1.241075,1.23944,1.24046
2021-04-27 16:00:00+00:00,usdcad,1.2414,1.241495,1.239605,1.23972
2021-04-27 17:00:00+00:00,usdcad,1.240605,1.241505,1.239575,1.241405
2021-04-27 18:00:00+00:00,usdcad,1.240745,1.241185,1.240435,1.24061
2021-04-27 19:00:00+00:00,usdcad,1.239825,1.240765,1.239685,1.24075
2021-04-27 20:00:00+00:00,usdcad,1.24002,1.240305,1.239755,1.23982
2021-04-27 21:00:00+00:00,usdcad,1.240615,1.24072,1.240235,1.240335
2021-04-27 22:00:00+00:00,usdcad,1.240425,1.240915,1.240305,1.240625
2021-04-27 23:00:00+00:00,usdcad,1.240705,1.240715,1.240145,1.240415
2021-04-28 00:00:00+00:00,usdcad,1.241245,1.241555,1.240605,1.240715
2021-04-28 01:00:00+00:00,usdcad,1.240995,1.241835,1.240895,1.24125
2021-04-28 02:00:00+00:00,usdcad,1.2411,1.24115,1.240535,1.241005
2021-04-28 03:00:00+00:00,usdcad,1.241155,1.24129,1.240735,1.241105
2021-04-28 04:00:00+00:00,usdcad,1.240655,1.241155,1.240615,1.241145
2021-04-28 05:00:00+00:00,usdcad,1.24071,1.240715,1.240045,1.240665
2021-04-28 06:00:00+00:00,usdcad,1.24077,1.241005,1.240135,1.240705
2021-04-28 07:00:00+00:00,usdcad,1.241095,1.241475,1.240165,1.240765
2021-04-28 08:00:00+00:00,usdcad,1.240445,1.241525,1.240385,1.241085
2021-04-28 09:00:00+00:00,usdcad,1.240525,1.241135,1.240055,1.24045
2021-04-28 10:00:00+00:00,usdcad,1.240385,1.240875,1.24019,1.24053
2021-04-28 11:00:00+00:00,usdcad,1.239385,1.240755,1.23858,1.240375
2021-04-28 12:00:00+00:00,usdcad,1.239305,1.239635,1.238235,1.239375
2021-04-28 13:00:00+00:00,usdcad,1.238915,1.240325,1.23891,1.239295
2021-04-28 14:00:00+00:00,usdcad,1.23718,1.238925,1.235485,1.238925
2021-04-28 15:00:00+00:00,usdcad,1.235505,1.237215,1.235215,1.237175
2021-04-28 16:00:00+00:00,usdcad,1.233565,1.23581,1.233105,1.235515
2021-04-28 17:00:00+00:00,usdcad,1.234515,1.234745,1.233355,1.233555
2021-04-28 18:00:00+00:00,usdcad,1.23144,1.235415,1.231415,1.234525
2021-04-28 19:00:00+00:00,usdcad,1.231255,1.232955,1.231225,1.231635
2021-04-28 20:00:00+00:00,usdcad,1.231395,1.232165,1.231055,1.23125
2021-04-28 21:00:00+00:00,usdcad,1.231765,1.232265,1.231435,1.231555
2021-04-28 22:00:00+00:00,usdcad,1.230275,1.231785,1.230205,1.231775
2021-04-28 23:00:00+00:00,usdcad,1.230345,1.23075,1.230245,1.23027
2021-04-29 00:00:00+00:00,usdcad,1.230235,1.230515,1.230165,1.230355
2021-04-29 01:00:00+00:00,usdcad,1.228935,1.23023,1.22882,1.23023
2021-04-29 02:00:00+00:00,usdcad,1.230565,1.230825,1.228765,1.228945
2021-04-29 03:00:00+00:00,usdcad,1.231085,1.231265,1.230355,1.23056
2021-04-29 04:00:00+00:00,usdcad,1.231035,1.231345,1.230895,1.23109
2021-04-29 05:00:00+00:00,usdcad,1.23054,1.231165,1.230425,1.231045
2021-04-29 06:00:00+00:00,usdcad,1.230795,1.231265,1.230185,1.230545
2021-04-29 07:00:00+00:00,usdcad,1.230045,1.231045,1.229075,1.2308
2021-04-29 08:00:00+00:00,usdcad,1.230605,1.231125,1.229665,1.23005
2021-04-29 09:00:00+00:00,usdcad,1.231365,1.231445,1.23031,1.23061
2021-04-29 10:00:00+00:00,usdcad,1.230185,1.231385,1.230175,1.23137
2021-04-29 11:00:00+00:00,usdcad,1.228495,1.230455,1.228265,1.230195
2021-04-29 12:00:00+00:00,usdcad,1.228825,1.2291,1.228085,1.228485
2021-04-29 13:00:00+00:00,usdcad,1.231165,1.231355,1.228255,1.22883
2021-04-29 14:00:00+00:00,usdcad,1.2295,1.232205,1.228915,1.231175
2021-04-29 15:00:00+00:00,usdcad,1.229545,1.229875,1.22861,1.2294
2021-04-29 16:00:00+00:00,usdcad,1.228995,1.230865,1.228885,1.22955
2021-04-29 17:00:00+00:00,usdcad,1.2294,1.229695,1.228605,1.229005
2021-04-29 18:00:00+00:00,usdcad,1.22806,1.22983,1.227855,1.229395
2021-04-29 19:00:00+00:00,usdcad,1.227635,1.228845,1.22757,1.228055
2021-04-29 20:00:00+00:00,usdcad,1.228185,1.228555,1.227605,1.227625
2021-04-29 21:00:00+00:00,usdcad,1.22827,1.228605,1.228045,1.2283
2021-04-29 22:00:00+00:00,usdcad,1.227755,1.22837,1.227715,1.228125
2021-04-29 23:00:00+00:00,usdcad,1.22766,1.2281,1.227525,1.22775
2021-04-30 00:00:00+00:00,usdcad,1.227485,1.228305,1.227225,1.227665
2021-04-30 01:00:00+00:00,usdcad,1.227455,1.227775,1.227125,1.227475
2021-04-30 02:00:00+00:00,usdcad,1.227635,1.227935,1.22746,1.22746
2021-04-30 03:00:00+00:00,usdcad,1.227315,1.227845,1.227305,1.22764
2021-04-30 04:00:00+00:00,usdcad,1.227615,1.227625,1.226845,1.227305
2021-04-30 05:00:00+00:00,usdcad,1.22781,1.228095,1.227395,1.22762
2021-04-30 06:00:00+00:00,usdcad,1.228625,1.228635,1.227235,1.227805
2021-04-30 07:00:00+00:00,usdcad,1.228175,1.22889,1.227695,1.228615
2021-04-30 08:00:00+00:00,usdcad,1.227515,1.228825,1.227025,1.22818
2021-04-30 09:00:00+00:00,usdcad,1.227915,1.228125,1.227245,1.227525
2021-04-30 10:00:00+00:00,usdcad,1.228845,1.228945,1.226935,1.22792
2021-04-30 11:00:00+00:00,usdcad,1.22788,1.228895,1.227705,1.22884
2021-04-30 12:00:00+00:00,usdcad,1.227215,1.228465,1.226615,1.227885
2021-04-30 13:00:00+00:00,usdcad,1.227755,1.228505,1.227085,1.22722
2021-04-30 14:00:00+00:00,usdcad,1.230105,1.230375,1.227425,1.22775
2021-04-30 15:00:00+00:00,usdcad,1.229185,1.232275,1.228955,1.23012
2021-04-30 16:00:00+00:00,usdcad,1.228675,1.229605,1.227955,1.229545
2021-04-30 17:00:00+00:00,usdcad,1.228855,1.229065,1.227785,1.22868
2021-04-30 18:00:00+00:00,usdcad,1.228175,1.229075,1.227415,1.22885
2021-04-30 19:00:00+00:00,usdcad,1.229265,1.229285,1.227885,1.228165
2021-04-30 20:00:00+00:00,usdcad,1.228855,1.229475,1.227915,1.22927
2021-05-02 21:00:00+00:00,usdcad,1.228765,1.229445,1.228745,1.22921
2021-05-02 22:00:00+00:00,usdcad,1.228475,1.228775,1.22818,1.22876
2021-05-02 23:00:00+00:00,usdcad,1.228035,1.228485,1.22794,1.228465
2021-05-03 00:00:00+00:00,usdcad,1.227185,1.228275,1.227045,1.228025
2021-05-03 01:00:00+00:00,usdcad,1.22807,1.228115,1.226935,1.22718
2021-05-03 02:00:00+00:00,usdcad,1.2297,1.229785,1.228035,1.228065
2021-05-03 03:00:00+00:00,usdcad,1.229065,1.229915,1.22892,1.229695
2021-05-03 04:00:00+00:00,usdcad,1.229395,1.22962,1.22905,1.229055
2021-05-03 05:00:00+00:00,usdcad,1.229975,1.230145,1.229315,1.22939
2021-05-03 06:00:00+00:00,usdcad,1.230775,1.231075,1.229895,1.229985
2021-05-03 07:00:00+00:00,usdcad,1.23017,1.230775,1.22928,1.230765
2021-05-03 08:00:00+00:00,usdcad,1.229855,1.230645,1.22948,1.230165
2021-05-03 09:00:00+00:00,usdcad,1.230975,1.231885,1.229715,1.22985
2021-05-03 10:00:00+00:00,usdcad,1.2295,1.231305,1.22931,1.230985
2021-05-03 11:00:00+00:00,usdcad,1.229135,1.229525,1.228795,1.229505
2021-05-03 12:00:00+00:00,usdcad,1.230025,1.23047,1.228075,1.22913
2021-05-03 13:00:00+00:00,usdcad,1.228895,1.230135,1.228325,1.230035
2021-05-03 14:00:00+00:00,usdcad,1.226975,1.22905,1.226695,1.228865
2021-05-03 15:00:00+00:00,usdcad,1.227585,1.22784,1.226885,1.22698
2021-05-03 16:00:00+00:00,usdcad,1.227665,1.228475,1.227025,1.22758
2021-05-03 17:00:00+00:00,usdcad,1.227505,1.22779,1.22678,1.22766
2021-05-03 18:00:00+00:00,usdcad,1.227485,1.227725,1.226795,1.227515
2021-05-03 19:00:00+00:00,usdcad,1.227765,1.228025,1.22733,1.22749
2021-05-03 20:00:00+00:00,usdcad,1.227815,1.228375,1.227385,1.227755
2021-05-03 21:00:00+00:00,usdcad,1.22774,1.227905,1.227565,1.227815
2021-05-03 22:00:00+00:00,usdcad,1.227785,1.228115,1.227605,1.22773
2021-05-03 23:00:00+00:00,usdcad,1.228075,1.228245,1.227685,1.22778
2021-05-04 00:00:00+00:00,usdcad,1.228455,1.228755,1.22775,1.22807
2021-05-04 01:00:00+00:00,usdcad,1.229325,1.229365,1.22828,1.228465
2021-05-04 02:00:00+00:00,usdcad,1.229365,1.229865,1.229255,1.22932
2021-05-04 03:00:00+00:00,usdcad,1.229585,1.229775,1.229285,1.22937
2021-05-04 04:00:00+00:00,usdcad,1.229075,1.229805,1.228835,1.229575
2021-05-04 05:00:00+00:00,usdcad,1.22923,1.229685,1.228915,1.229065
2021-05-04 06:00:00+00:00,usdcad,1.230225,1.23043,1.229105,1.229235
2021-05-04 07:00:00+00:00,usdcad,1.231065,1.231715,1.229915,1.230215
2021-05-04 08:00:00+00:00,usdcad,1.231725,1.232055,1.230995,1.231055
2021-05-04 09:00:00+00:00,usdcad,1.231805,1.23269,1.231515,1.23173
2021-05-04 10:00:00+00:00,usdcad,1.231685,1.232385,1.231515,1.2318
2021-05-04 11:00:00+00:00,usdcad,1.233485,1.234605,1.231145,1.231695
2021-05-04 12:00:00+00:00,usdcad,1.2317,1.234425,1.231245,1.23349
2021-05-04 13:00:00+00:00,usdcad,1.232205,1.232515,1.229995,1.231695
2021-05-04 14:00:00+00:00,usdcad,1.231655,1.232895,1.230975,1.232195
2021-05-04 15:00:00+00:00,usdcad,1.231965,1.23518,1.230715,1.23166
2021-05-04 16:00:00+00:00,usdcad,1.231935,1.232165,1.230485,1.231975
2021-05-04 17:00:00+00:00,usdcad,1.231105,1.23202,1.231045,1.231945
2021-05-04 18:00:00+00:00,usdcad,1.230645,1.231185,1.230325,1.231115
2021-05-04 19:00:00+00:00,usdcad,1.230615,1.231165,1.23032,1.230655
2021-05-04 20:00:00+00:00,usdcad,1.230735,1.230915,1.230105,1.230625
2021-05-04 21:00:00+00:00,usdcad,1.230615,1.231135,1.230275,1.230745
2021-05-04 22:00:00+00:00,usdcad,1.230145,1.230845,1.230015,1.230605
2021-05-04 23:00:00+00:00,usdcad,1.230165,1.230325,1.230035,1.23014
2021-05-05 00:00:00+00:00,usdcad,1.229095,1.230305,1.228905,1.23017
2021-05-05 01:00:00+00:00,usdcad,1.228565,1.229305,1.22849,1.22909
2021-05-05 02:00:00+00:00,usdcad,1.228685,1.22886,1.228485,1.22856
2021-05-05 03:00:00+00:00,usdcad,1.22866,1.228805,1.228425,1.22868
2021-05-05 04:00:00+00:00,usdcad,1.228875,1.229075,1.228555,1.228655
2021-05-05 05:00:00+00:00,usdcad,1.22941,1.22957,1.228735,1.228885
2021-05-05 06:00:00+00:00,usdcad,1.229995,1.230265,1.228845,1.22941
2021-05-05 07:00:00+00:00,usdcad,1.229345,1.230635,1.22919,1.23
2021-05-05 08:00:00+00:00,usdcad,1.228325,1.229465,1.22779,1.22934
2021-05-05 09:00:00+00:00,usdcad,1.228505,1.228715,1.227955,1.228315
2021-05-05 10:00:00+00:00,usdcad,1.227405,1.22863,1.226845,1.2285
2021-05-05 11:00:00+00:00,usdcad,1.227545,1.227655,1.22702,1.2274
2021-05-05 12:00:00+00:00,usdcad,1.22776,1.22822,1.226695,1.22685
2021-05-05 13:00:00+00:00,usdcad,1.227845,1.228285,1.226795,1.227755
2021-05-05 14:00:00+00:00,usdcad,1.225705,1.228305,1.225365,1.227835
2021-05-05 15:00:00+00:00,usdcad,1.226305,1.22642,1.225205,1.225695
2021-05-05 16:00:00+00:00,usdcad,1.227655,1.227705,1.226085,1.226295
2021-05-05 17:00:00+00:00,usdcad,1.22726,1.227875,1.227175,1.22766
2021-05-05 18:00:00+00:00,usdcad,1.22803,1.228135,1.227175,1.227265
2021-05-05 19:00:00+00:00,usdcad,1.227045,1.22847,1.226985,1.228025
2021-05-05 20:00:00+00:00,usdcad,1.226665,1.227155,1.226375,1.227035
2021-05-05 21:00:00+00:00,usdcad,1.226785,1.227235,1.226515,1.226815
2021-05-05 22:00:00+00:00,usdcad,1.227415,1.227415,1.226625,1.226795
2021-05-05 23:00:00+00:00,usdcad,1.22689,1.22741,1.226715,1.227405
2021-05-06 00:00:00+00:00,usdcad,1.22755,1.22759,1.226545,1.226895
2021-05-06 01:00:00+00:00,usdcad,1.226035,1.22761,1.225735,1.227555
2021-05-06 02:00:00+00:00,usdcad,1.22811,1.228855,1.225905,1.22603
2021-05-06 03:00:00+00:00,usdcad,1.227625,1.228465,1.227525,1.228105
2021-05-06 04:00:00+00:00,usdcad,1.227165,1.227735,1.227085,1.227615
2021-05-06 05:00:00+00:00,usdcad,1.226265,1.227235,1.226095,1.22716
2021-05-06 06:00:00+00:00,usdcad,1.225735,1.226365,1.225275,1.22626
2021-05-06 07:00:00+00:00,usdcad,1.225945,1.226065,1.22517,1.22574
2021-05-06 08:00:00+00:00,usdcad,1.225505,1.225995,1.224035,1.22595
2021-05-06 09:00:00+00:00,usdcad,1.224735,1.225925,1.224325,1.225495
2021-05-06 10:00:00+00:00,usdcad,1.224425,1.224885,1.224145,1.224745
2021-05-06 11:00:00+00:00,usdcad,1.22435,1.224905,1.223645,1.22442
2021-05-06 12:00:00+00:00,usdcad,1.22348,1.224745,1.223105,1.224345
2021-05-06 13:00:00+00:00,usdcad,1.22101,1.223855,1.219705,1.223485
2021-05-06 14:00:00+00:00,usdcad,1.218705,1.222225,1.218685,1.220925
2021-05-06 15:00:00+00:00,usdcad,1.219335,1.219565,1.219165,1.21949
2021-05-06 16:00:00+00:00,usdcad,1.219405,1.219705,1.218735,1.219345
2021-05-06 17:00:00+00:00,usdcad,1.218875,1.21965,1.218745,1.21941
2021-05-06 18:00:00+00:00,usdcad,1.218355,1.219115,1.218275,1.21887
2021-05-06 19:00:00+00:00,usdcad,1.216195,1.218685,1.215975,1.21836
2021-05-06 20:00:00+00:00,usdcad,1.215055,1.216565,1.214245,1.216205
2021-05-06 21:00:00+00:00,usdcad,1.215605,1.215755,1.215005,1.21513
2021-05-06 22:00:00+00:00,usdcad,1.215565,1.21625,1.215455,1.215595
2021-05-06 23:00:00+00:00,usdcad,1.215635,1.215775,1.215395,1.21557
2021-05-07 00:00:00+00:00,usdcad,1.215835,1.216055,1.215375,1.215605
2021-05-07 01:00:00+00:00,usdcad,1.214935,1.216225,1.214935,1.215845
2021-05-07 02:00:00+00:00,usdcad,1.215825,1.216135,1.214795,1.21493
2021-05-07 03:00:00+00:00,usdcad,1.216655,1.216735,1.215545,1.215815
2021-05-07 04:00:00+00:00,usdcad,1.216535,1.216735,1.216395,1.21666
2021-05-07 05:00:00+00:00,usdcad,1.216655,1.216995,1.216255,1.216545
2021-05-07 06:00:00+00:00,usdcad,1.217465,1.217845,1.216485,1.21666
2021-05-07 07:00:00+00:00,usdcad,1.217385,1.217585,1.216825,1.217455
2021-05-07 12:00:00+00:00,usdcad,1.216895,1.219385,1.214905,1.218215
2021-05-07 13:00:00+00:00,usdcad,1.215785,1.219065,1.215665,1.216855
2021-05-07 14:00:00+00:00,usdcad,1.215325,1.217185,1.21503,1.215765
2021-05-07 15:00:00+00:00,usdcad,1.213835,1.215645,1.212625,1.215315
2021-05-07 16:00:00+00:00,usdcad,1.215185,1.21579,1.21377,1.21383
2021-05-07 17:00:00+00:00,usdcad,1.215245,1.215785,1.214725,1.215195
2021-05-07 18:00:00+00:00,usdcad,1.215035,1.215895,1.215015,1.215255
2021-05-07 20:00:00+00:00,usdcad,1.212785,1.213975,1.212515,1.21373
2021-05-09 21:00:00+00:00,usdcad,1.213015,1.21358,1.212025,1.212065
2021-05-09 22:00:00+00:00,usdcad,1.21278,1.213045,1.211825,1.213025
2021-05-09 23:00:00+00:00,usdcad,1.211675,1.21303,1.21104,1.212775
2021-05-10 00:00:00+00:00,usdcad,1.212505,1.21251,1.21149,1.211695
2021-05-10 01:00:00+00:00,usdcad,1.212095,1.212565,1.21146,1.21251
2021-05-10 02:00:00+00:00,usdcad,1.21287,1.213065,1.21176,1.212105
2021-05-10 03:00:00+00:00,usdcad,1.212545,1.212905,1.21217,1.212865
2021-05-10 04:00:00+00:00,usdcad,1.212235,1.212725,1.212045,1.21254
2021-05-10 05:00:00+00:00,usdcad,1.211695,1.212255,1.211545,1.212245
2021-05-10 06:00:00+00:00,usdcad,1.209795,1.211705,1.209465,1.2117
2021-05-10 07:00:00+00:00,usdcad,1.211345,1.211735,1.20979,1.20979
2021-05-10 08:00:00+00:00,usdcad,1.210995,1.211565,1.210015,1.21135
2021-05-10 09:00:00+00:00,usdcad,1.212155,1.212185,1.210935,1.211005
2021-05-10 10:00:00+00:00,usdcad,1.211725,1.212395,1.211585,1.21215
2021-05-10 11:00:00+00:00,usdcad,1.211435,1.211955,1.211145,1.211735
2021-05-10 12:00:00+00:00,usdcad,1.210115,1.212105,1.20995,1.211425
2021-05-10 13:00:00+00:00,usdcad,1.211915,1.212245,1.208905,1.21012
2021-05-10 14:00:00+00:00,usdcad,1.209235,1.212735,1.20874,1.21191
2021-05-10 15:00:00+00:00,usdcad,1.208605,1.209845,1.208305,1.20923
2021-05-10 16:00:00+00:00,usdcad,1.208775,1.208835,1.208085,1.2086
2021-05-10 17:00:00+00:00,usdcad,1.208235,1.209385,1.207955,1.20877
2021-05-10 18:00:00+00:00,usdcad,1.209875,1.210365,1.207905,1.208245
2021-05-10 19:00:00+00:00,usdcad,1.209085,1.210015,1.208765,1.20988
2021-05-10 20:00:00+00:00,usdcad,1.2103,1.210535,1.209015,1.209075
2021-05-10 21:00:00+00:00,usdcad,1.210455,1.210595,1.209835,1.2102
2021-05-10 22:00:00+00:00,usdcad,1.209125,1.210445,1.20911,1.210445
2021-05-10 23:00:00+00:00,usdcad,1.209455,1.209795,1.209125,1.209135
2021-05-11 00:00:00+00:00,usdcad,1.210925,1.211165,1.20905,1.209445
2021-05-11 01:00:00+00:00,usdcad,1.210285,1.211345,1.209825,1.21092
2021-05-11 02:00:00+00:00,usdcad,1.209295,1.210475,1.209065,1.21028
2021-05-11 03:00:00+00:00,usdcad,1.209655,1.209755,1.209185,1.209285
2021-05-11 04:00:00+00:00,usdcad,1.210025,1.210075,1.209355,1.209645
2021-05-11 05:00:00+00:00,usdcad,1.209055,1.210015,1.208815,1.210015
2021-05-11 06:00:00+00:00,usdcad,1.210075,1.21036,1.209035,1.209045
2021-05-11 07:00:00+00:00,usdcad,1.210735,1.211425,1.209915,1.210065
2021-05-11 08:00:00+00:00,usdcad,1.20934,1.210925,1.209325,1.210725
2021-05-11 09:00:00+00:00,usdcad,1.210535,1.21054,1.209005,1.209335
2021-05-11 10:00:00+00:00,usdcad,1.210115,1.211235,1.20991,1.21053
2021-05-11 11:00:00+00:00,usdcad,1.210625,1.211055,1.2096,1.21012
2021-05-11 12:00:00+00:00,usdcad,1.210585,1.211055,1.209695,1.21062
2021-05-11 13:00:00+00:00,usdcad,1.208265,1.212615,1.207865,1.21058
2021-05-11 14:00:00+00:00,usdcad,1.209835,1.211365,1.208145,1.208295
2021-05-11 15:00:00+00:00,usdcad,1.209265,1.210885,1.208295,1.20984
2021-05-11 16:00:00+00:00,usdcad,1.209775,1.211145,1.208665,1.20926
2021-05-11 17:00:00+00:00,usdcad,1.208665,1.21002,1.208355,1.20978
2021-05-11 18:00:00+00:00,usdcad,1.208905,1.20963,1.208545,1.20862
2021-05-11 19:00:00+00:00,usdcad,1.209655,1.209665,1.20844,1.208915
2021-05-11 20:00:00+00:00,usdcad,1.210185,1.210435,1.209405,1.20965
2021-05-11 21:00:00+00:00,usdcad,1.209595,1.210235,1.209455,1.210145
2021-05-11 22:00:00+00:00,usdcad,1.209775,1.210135,1.2096,1.2096
2021-05-11 23:00:00+00:00,usdcad,1.209765,1.20992,1.209425,1.209785
2021-05-12 00:00:00+00:00,usdcad,1.210875,1.211165,1.209105,1.209755
2021-05-12 01:00:00+00:00,usdcad,1.21108,1.211255,1.210345,1.21087
2021-05-12 02:00:00+00:00,usdcad,1.212145,1.212185,1.210895,1.211085
2021-05-12 03:00:00+00:00,usdcad,1.21315,1.213255,1.211625,1.212135
2021-05-12 04:00:00+00:00,usdcad,1.212105,1.21324,1.211845,1.213155
2021-05-12 05:00:00+00:00,usdcad,1.212205,1.212335,1.211245,1.212095
2021-05-12 06:00:00+00:00,usdcad,1.210375,1.212265,1.210085,1.212215
2021-05-12 07:00:00+00:00,usdcad,1.20998,1.210575,1.209975,1.21037
2021-05-12 22:00:00+00:00,usdcad,1.212755,1.212925,1.212395,1.21282
2021-05-12 23:00:00+00:00,usdcad,1.212085,1.212955,1.212025,1.212745
2021-05-13 00:00:00+00:00,usdcad,1.211575,1.213035,1.211185,1.21207
2021-05-13 01:00:00+00:00,usdcad,1.210805,1.212215,1.210805,1.21158
2021-05-13 02:00:00+00:00,usdcad,1.21103,1.21103,1.21103,1.21103
2021-05-13 03:00:00+00:00,usdcad,1.21189,1.212295,1.211765,1.211765
2021-05-13 04:00:00+00:00,usdcad,1.211705,1.21218,1.211685,1.211885
2021-05-13 05:00:00+00:00,usdcad,1.213395,1.213455,1.211535,1.2117
2021-05-13 06:00:00+00:00,usdcad,1.21238,1.213795,1.211835,1.21339
2021-05-13 07:00:00+00:00,usdcad,1.214605,1.214635,1.212195,1.212375
2021-05-13 08:00:00+00:00,usdcad,1.214035,1.215695,1.214015,1.21458
2021-05-13 09:00:00+00:00,usdcad,1.213605,1.214125,1.21248,1.21403
2021-05-13 10:00:00+00:00,usdcad,1.21487,1.2155,1.213275,1.213595
2021-05-13 11:00:00+00:00,usdcad,1.213695,1.214975,1.212785,1.214875
2021-05-13 12:00:00+00:00,usdcad,1.213145,1.214305,1.212085,1.2137
2021-05-13 13:00:00+00:00,usdcad,1.212205,1.214635,1.211715,1.213135
2021-05-13 14:00:00+00:00,usdcad,1.213185,1.21411,1.21147,1.212195
2021-05-13 15:00:00+00:00,usdcad,1.21468,1.21537,1.21301,1.213195
2021-05-13 16:00:00+00:00,usdcad,1.216845,1.217125,1.213795,1.214665
2021-05-13 17:00:00+00:00,usdcad,1.218985,1.220315,1.216745,1.21684
2021-05-13 18:00:00+00:00,usdcad,1.216845,1.219135,1.216225,1.218995
2021-05-13 19:00:00+00:00,usdcad,1.21622,1.216835,1.215575,1.216835
2021-05-13 20:00:00+00:00,usdcad,1.216235,1.216455,1.215945,1.216215
2021-05-13 21:00:00+00:00,usdcad,1.21641,1.21645,1.216185,1.216195
2021-05-13 22:00:00+00:00,usdcad,1.217245,1.217285,1.216145,1.216405
2021-05-13 23:00:00+00:00,usdcad,1.217075,1.217395,1.216595,1.21725
2021-05-14 00:00:00+00:00,usdcad,1.216805,1.217445,1.216675,1.217075
2021-05-14 01:00:00+00:00,usdcad,1.216915,1.217415,1.216385,1.21681
2021-05-14 02:00:00+00:00,usdcad,1.217265,1.217855,1.216715,1.21692
2021-05-14 03:00:00+00:00,usdcad,1.21756,1.217925,1.216875,1.21726
2021-05-14 04:00:00+00:00,usdcad,1.217255,1.217555,1.216925,1.217555
2021-05-14 05:00:00+00:00,usdcad,1.2168,1.217265,1.216485,1.217265
2021-05-14 06:00:00+00:00,usdcad,1.215375,1.217535,1.214895,1.216795
2021-05-14 07:00:00+00:00,usdcad,1.214405,1.215505,1.214065,1.215365
2021-05-14 08:00:00+00:00,usdcad,1.213795,1.21546,1.213665,1.214415
2021-05-14 09:00:00+00:00,usdcad,1.214075,1.214185,1.213145,1.213785
2021-05-14 10:00:00+00:00,usdcad,1.213125,1.214165,1.213015,1.21408
2021-05-14 11:00:00+00:00,usdcad,1.212495,1.213355,1.212035,1.213135
2021-05-14 12:00:00+00:00,usdcad,1.210255,1.213415,1.21008,1.212505
2021-05-14 13:00:00+00:00,usdcad,1.209095,1.210695,1.208525,1.21025
2021-05-14 14:00:00+00:00,usdcad,1.209865,1.210475,1.208105,1.209105
2021-05-14 15:00:00+00:00,usdcad,1.211575,1.211935,1.209855,1.209915
2021-05-14 16:00:00+00:00,usdcad,1.211595,1.212685,1.211205,1.211555
2021-05-14 17:00:00+00:00,usdcad,1.211955,1.21216,1.211445,1.211585
2021-05-14 18:00:00+00:00,usdcad,1.211265,1.212035,1.2109,1.21196
2021-05-14 19:00:00+00:00,usdcad,1.211725,1.211745,1.210615,1.21126
2021-05-14 20:00:00+00:00,usdcad,1.210575,1.211775,1.210145,1.21173
2021-05-16 21:00:00+00:00,usdcad,1.211125,1.211525,1.210895,1.21149
2021-05-16 22:00:00+00:00,usdcad,1.21186,1.211885,1.210455,1.211135
2021-05-16 23:00:00+00:00,usdcad,1.211305,1.211905,1.211055,1.211865
2021-05-17 00:00:00+00:00,usdcad,1.212095,1.212455,1.21129,1.211325
2021-05-17 01:00:00+00:00,usdcad,1.212915,1.212975,1.2118,1.21211
2021-05-17 02:00:00+00:00,usdcad,1.212365,1.213665,1.212285,1.212905
2021-05-17 03:00:00+00:00,usdcad,1.2132,1.213255,1.212325,1.212355
2021-05-17 04:00:00+00:00,usdcad,1.212575,1.213245,1.212205,1.213195
2021-05-17 05:00:00+00:00,usdcad,1.212605,1.21263,1.211755,1.21258
2021-05-17 06:00:00+00:00,usdcad,1.210805,1.212655,1.210425,1.21261
2021-05-17 07:00:00+00:00,usdcad,1.211675,1.212375,1.21044,1.210815
2021-05-17 08:00:00+00:00,usdcad,1.211195,1.212175,1.210955,1.21168
2021-05-17 09:00:00+00:00,usdcad,1.21096,1.21177,1.2107,1.211185
2021-05-17 10:00:00+00:00,usdcad,1.211045,1.21142,1.210605,1.210965
2021-05-17 11:00:00+00:00,usdcad,1.212745,1.213065,1.210855,1.21105
2021-05-17 12:00:00+00:00,usdcad,1.211675,1.213235,1.211455,1.21272
2021-05-17 13:00:00+00:00,usdcad,1.209285,1.211775,1.208675,1.21168
2021-05-17 14:00:00+00:00,usdcad,1.207655,1.20987,1.207165,1.209295
2021-05-17 15:00:00+00:00,usdcad,1.207385,1.208285,1.2071,1.207645
2021-05-17 16:00:00+00:00,usdcad,1.207295,1.208155,1.206945,1.20739
2021-05-17 17:00:00+00:00,usdcad,1.206465,1.20741,1.20642,1.207305
2021-05-17 18:00:00+00:00,usdcad,1.206175,1.206915,1.206105,1.20646
2021-05-17 19:00:00+00:00,usdcad,1.206555,1.20675,1.206135,1.20617
2021-05-17 20:00:00+00:00,usdcad,1.206785,1.207045,1.206385,1.20656
2021-05-17 21:00:00+00:00,usdcad,1.20712,1.20742,1.206395,1.206765
2021-05-17 22:00:00+00:00,usdcad,1.207055,1.207105,1.206655,1.207105
2021-05-17 23:00:00+00:00,usdcad,1.20622,1.20719,1.206185,1.20705
2021-05-18 00:00:00+00:00,usdcad,1.205955,1.20666,1.205525,1.206225
2021-05-18 01:00:00+00:00,usdcad,1.204825,1.20597,1.20452,1.205945
2021-05-18 02:00:00+00:00,usdcad,1.204545,1.20482,1.20334,1.20482
2021-05-18 03:00:00+00:00,usdcad,1.204035,1.204605,1.203935,1.20455
2021-05-18 04:00:00+00:00,usdcad,1.204405,1.204615,1.204045,1.204045
2021-05-18 05:00:00+00:00,usdcad,1.204565,1.204575,1.203765,1.204415
2021-05-18 06:00:00+00:00,usdcad,1.202725,1.204695,1.202325,1.204575
2021-05-18 07:00:00+00:00,usdcad,1.202805,1.202955,1.201325,1.20272
2021-05-18 08:00:00+00:00,usdcad,1.202295,1.203595,1.201545,1.2028
2021-05-18 09:00:00+00:00,usdcad,1.203455,1.203765,1.201965,1.202285
2021-05-18 10:00:00+00:00,usdcad,1.204175,1.204245,1.20328,1.203445
2021-05-18 11:00:00+00:00,usdcad,1.203595,1.204365,1.203315,1.204165
2021-05-18 12:00:00+00:00,usdcad,1.202485,1.203675,1.202025,1.203605
2021-05-18 13:00:00+00:00,usdcad,1.205135,1.205245,1.20244,1.20249
2021-05-18 14:00:00+00:00,usdcad,1.204895,1.206545,1.204835,1.205
2021-05-18 15:00:00+00:00,usdcad,1.206115,1.206235,1.20414,1.204895
2021-05-18 16:00:00+00:00,usdcad,1.205625,1.208145,1.205425,1.20611
2021-05-18 17:00:00+00:00,usdcad,1.205385,1.206035,1.205235,1.205615
2021-05-18 18:00:00+00:00,usdcad,1.20575,1.20648,1.205155,1.20539
2021-05-18 19:00:00+00:00,usdcad,1.206215,1.206225,1.205,1.205745
2021-05-18 20:00:00+00:00,usdcad,1.20651,1.206575,1.205865,1.20621
2021-05-18 21:00:00+00:00,usdcad,1.206495,1.206605,1.205945,1.20651
2021-05-18 22:00:00+00:00,usdcad,1.20669,1.206715,1.206135,1.2065
2021-05-18 23:00:00+00:00,usdcad,1.207315,1.207335,1.20638,1.206695
2021-05-19 00:00:00+00:00,usdcad,1.20667,1.207465,1.206295,1.20731
2021-05-19 01:00:00+00:00,usdcad,1.207405,1.207755,1.206565,1.206665
2021-05-19 02:00:00+00:00,usdcad,1.20784,1.208075,1.207245,1.2074
2021-05-19 03:00:00+00:00,usdcad,1.20693,1.208045,1.206875,1.207845
2021-05-19 04:00:00+00:00,usdcad,1.207345,1.207725,1.206585,1.206935
2021-05-19 05:00:00+00:00,usdcad,1.206625,1.20747,1.206625,1.207335
2021-05-19 06:00:00+00:00,usdcad,1.206385,1.206755,1.20581,1.206635
2021-05-19 07:00:00+00:00,usdcad,1.207775,1.20793,1.206015,1.20639
2021-05-19 08:00:00+00:00,usdcad,1.208655,1.209545,1.207355,1.20777
2021-05-19 09:00:00+00:00,usdcad,1.20866,1.208855,1.207485,1.20865
2021-05-19 10:00:00+00:00,usdcad,1.207185,1.208695,1.207045,1.208655
2021-05-19 11:00:00+00:00,usdcad,1.208365,1.209265,1.20719,1.207195
2021-05-19 12:00:00+00:00,usdcad,1.20958,1.210065,1.20544,1.208355
2021-05-19 13:00:00+00:00,usdcad,1.20757,1.210175,1.20689,1.209585
2021-05-19 14:00:00+00:00,usdcad,1.211635,1.212345,1.207435,1.207565
2021-05-19 15:00:00+00:00,usdcad,1.208995,1.21199,1.20866,1.211695
2021-05-19 16:00:00+00:00,usdcad,1.208995,1.20989,1.208705,1.209005
2021-05-19 17:00:00+00:00,usdcad,1.208955,1.209235,1.20791,1.208985
2021-05-19 18:00:00+00:00,usdcad,1.213625,1.213635,1.208465,1.208965
2021-05-19 19:00:00+00:00,usdcad,1.212345,1.21432,1.212075,1.21362
2021-05-19 20:00:00+00:00,usdcad,1.213305,1.21357,1.211935,1.21237
2021-05-19 21:00:00+00:00,usdcad,1.212815,1.213185,1.2125,1.212765
2021-05-19 22:00:00+00:00,usdcad,1.213735,1.213805,1.21282,1.21282
2021-05-19 23:00:00+00:00,usdcad,1.213175,1.21402,1.213005,1.213745
2021-05-20 00:00:00+00:00,usdcad,1.211465,1.213335,1.211415,1.213225
2021-05-20 01:00:00+00:00,usdcad,1.21197,1.213355,1.21128,1.21146
2021-05-20 02:00:00+00:00,usdcad,1.212095,1.21253,1.211485,1.211975
2021-05-20 03:00:00+00:00,usdcad,1.211305,1.212205,1.211185,1.21209
2021-05-20 04:00:00+00:00,usdcad,1.210795,1.211415,1.210705,1.2113
2021-05-20 05:00:00+00:00,usdcad,1.2109,1.21133,1.210555,1.210805
2021-05-20 06:00:00+00:00,usdcad,1.211345,1.211445,1.210245,1.210905
2021-05-20 07:00:00+00:00,usdcad,1.210365,1.211395,1.210025,1.211335
2021-05-20 08:00:00+00:00,usdcad,1.213355,1.213805,1.21031,1.21037
2021-05-20 09:00:00+00:00,usdcad,1.212985,1.21446,1.212935,1.21336
2021-05-20 10:00:00+00:00,usdcad,1.212015,1.21378,1.211885,1.212975
2021-05-20 11:00:00+00:00,usdcad,1.21086,1.21214,1.210675,1.21201
2021-05-20 12:00:00+00:00,usdcad,1.210315,1.211085,1.2102,1.210855
2021-05-20 13:00:00+00:00,usdcad,1.207615,1.210825,1.20702,1.210305
2021-05-20 14:00:00+00:00,usdcad,1.206705,1.207745,1.206245,1.207575
2021-05-20 15:00:00+00:00,usdcad,1.205025,1.206815,1.204955,1.206605
2021-05-20 16:00:00+00:00,usdcad,1.206355,1.206995,1.204955,1.205015
2021-05-20 17:00:00+00:00,usdcad,1.206615,1.206785,1.206015,1.20636
2021-05-20 18:00:00+00:00,usdcad,1.20586,1.206735,1.205695,1.206625
2021-05-20 19:00:00+00:00,usdcad,1.205715,1.206075,1.20514,1.205855
2021-05-20 20:00:00+00:00,usdcad,1.205975,1.206315,1.205695,1.205705
2021-05-20 21:00:00+00:00,usdcad,1.206115,1.20621,1.205645,1.20598
2021-05-20 22:00:00+00:00,usdcad,1.206655,1.206655,1.205635,1.206105
2021-05-20 23:00:00+00:00,usdcad,1.206345,1.20681,1.205985,1.20665
2021-05-21 00:00:00+00:00,usdcad,1.206345,1.206605,1.205735,1.206315
2021-05-21 01:00:00+00:00,usdcad,1.207445,1.207455,1.206185,1.20635
2021-05-21 02:00:00+00:00,usdcad,1.207555,1.208725,1.207255,1.20745
2021-05-21 03:00:00+00:00,usdcad,1.207725,1.20792,1.207395,1.20755
2021-05-21 04:00:00+00:00,usdcad,1.207285,1.207865,1.207135,1.207715
2021-05-21 05:00:00+00:00,usdcad,1.207625,1.207635,1.206845,1.207275
2021-05-21 06:00:00+00:00,usdcad,1.208205,1.208235,1.20689,1.207615
2021-05-21 07:00:00+00:00,usdcad,1.20866,1.209495,1.207995,1.208195
2021-05-21 08:00:00+00:00,usdcad,1.207335,1.209255,1.207325,1.208655
2021-05-21 09:00:00+00:00,usdcad,1.205355,1.20733,1.204995,1.20733
2021-05-21 10:00:00+00:00,usdcad,1.204585,1.205365,1.204205,1.20536
2021-05-21 11:00:00+00:00,usdcad,1.204395,1.204645,1.202945,1.20459
2021-05-21 12:00:00+00:00,usdcad,1.203235,1.205005,1.202955,1.204385
2021-05-21 13:00:00+00:00,usdcad,1.205705,1.205755,1.20277,1.203245
2021-05-21 14:00:00+00:00,usdcad,1.20503,1.20773,1.204655,1.20573
2021-05-21 15:00:00+00:00,usdcad,1.207335,1.20741,1.204415,1.205025
2021-05-21 16:00:00+00:00,usdcad,1.209105,1.20917,1.20643,1.20735
2021-05-21 17:00:00+00:00,usdcad,1.207905,1.209375,1.207865,1.2091
2021-05-21 18:00:00+00:00,usdcad,1.206345,1.208085,1.206305,1.207895
2021-05-21 19:00:00+00:00,usdcad,1.2064,1.206565,1.205545,1.20634
2021-05-21 20:00:00+00:00,usdcad,1.206635,1.206895,1.206375,1.206405
2021-05-23 21:00:00+00:00,usdcad,1.206435,1.20704,1.206195,1.207005
2021-05-23 22:00:00+00:00,usdcad,1.207625,1.20772,1.206055,1.20643
2021-05-23 23:00:00+00:00,usdcad,1.207045,1.207645,1.20662,1.20762
2021-05-24 00:00:00+00:00,usdcad,1.207165,1.207295,1.205975,1.207055
2021-05-24 01:00:00+00:00,usdcad,1.206605,1.207795,1.20655,1.207155
2021-05-24 02:00:00+00:00,usdcad,1.20746,1.2077,1.206515,1.20661
2021-05-24 03:00:00+00:00,usdcad,1.206795,1.207505,1.206675,1.207455
2021-05-24 04:00:00+00:00,usdcad,1.207,1.207175,1.206665,1.2068
2021-05-24 05:00:00+00:00,usdcad,1.206645,1.207005,1.206255,1.207005
2021-05-24 06:00:00+00:00,usdcad,1.206725,1.207145,1.206095,1.206635
2021-05-24 07:00:00+00:00,usdcad,1.205775,1.206755,1.205535,1.20672
2021-05-24 08:00:00+00:00,usdcad,1.207505,1.208515,1.205775,1.205785
2021-05-24 09:00:00+00:00,usdcad,1.206365,1.207825,1.206345,1.207495
2021-05-24 10:00:00+00:00,usdcad,1.206375,1.206575,1.205765,1.20636
2021-05-24 11:00:00+00:00,usdcad,1.206375,1.206705,1.205715,1.206365
2021-05-24 12:00:00+00:00,usdcad,1.20567,1.20675,1.205595,1.20638
2021-05-24 13:00:00+00:00,usdcad,1.205385,1.20646,1.205155,1.205665
2021-05-24 14:00:00+00:00,usdcad,1.207135,1.20736,1.20499,1.20538
2021-05-24 15:00:00+00:00,usdcad,1.208305,1.208555,1.206685,1.207065
2021-05-24 16:00:00+00:00,usdcad,1.206275,1.208295,1.206235,1.208295
2021-05-24 17:00:00+00:00,usdcad,1.205375,1.206495,1.205285,1.20627
2021-05-24 18:00:00+00:00,usdcad,1.204775,1.20542,1.20438,1.20537
2021-05-24 19:00:00+00:00,usdcad,1.204265,1.204815,1.204105,1.204765
2021-05-24 20:00:00+00:00,usdcad,1.204435,1.204795,1.20419,1.204245
2021-05-24 21:00:00+00:00,usdcad,1.204835,1.205015,1.204525,1.20483
2021-05-24 22:00:00+00:00,usdcad,1.204735,1.204825,1.204295,1.204825
2021-05-24 23:00:00+00:00,usdcad,1.205035,1.205055,1.204585,1.204725
2021-05-25 00:00:00+00:00,usdcad,1.204575,1.20561,1.204545,1.20505
2021-05-25 01:00:00+00:00,usdcad,1.204865,1.204865,1.203955,1.204565
2021-05-25 02:00:00+00:00,usdcad,1.204345,1.205015,1.204345,1.20486
2021-05-25 03:00:00+00:00,usdcad,1.2044,1.204645,1.204295,1.20435
2021-05-25 04:00:00+00:00,usdcad,1.204125,1.204515,1.203985,1.204405
2021-05-25 05:00:00+00:00,usdcad,1.204585,1.204815,1.203965,1.204135
2021-05-25 06:00:00+00:00,usdcad,1.203545,1.20475,1.203085,1.20459
2021-05-25 07:00:00+00:00,usdcad,1.204895,1.205005,1.203005,1.20354
2021-05-25 08:00:00+00:00,usdcad,1.204265,1.205245,1.204175,1.2049
2021-05-25 09:00:00+00:00,usdcad,1.204005,1.204625,1.203845,1.20426
2021-05-25 10:00:00+00:00,usdcad,1.204205,1.20481,1.203845,1.203995
2021-05-25 11:00:00+00:00,usdcad,1.203305,1.204565,1.203255,1.20421
2021-05-25 12:00:00+00:00,usdcad,1.205055,1.205355,1.202925,1.203295
2021-05-25 13:00:00+00:00,usdcad,1.206025,1.206645,1.20456,1.205065
2021-05-25 14:00:00+00:00,usdcad,1.206915,1.207215,1.205185,1.20602
2021-05-25 15:00:00+00:00,usdcad,1.207105,1.207855,1.206625,1.206925
2021-05-25 16:00:00+00:00,usdcad,1.205155,1.207575,1.205035,1.207095
2021-05-25 17:00:00+00:00,usdcad,1.204785,1.205595,1.204325,1.205165
2021-05-25 18:00:00+00:00,usdcad,1.205995,1.206155,1.204625,1.20478
2021-05-25 19:00:00+00:00,usdcad,1.206665,1.207015,1.20593,1.205985
2021-05-25 20:00:00+00:00,usdcad,1.206675,1.206825,1.206245,1.206675
2021-05-25 21:00:00+00:00,usdcad,1.206615,1.20703,1.206175,1.206365
2021-05-25 22:00:00+00:00,usdcad,1.206415,1.206775,1.20617,1.206625
2021-05-25 23:00:00+00:00,usdcad,1.206655,1.206765,1.206305,1.20641
2021-05-26 00:00:00+00:00,usdcad,1.206405,1.206835,1.205675,1.206665
2021-05-26 01:00:00+00:00,usdcad,1.205935,1.206465,1.205585,1.2064
2021-05-26 02:00:00+00:00,usdcad,1.205325,1.205955,1.20493,1.205925
2021-05-26 03:00:00+00:00,usdcad,1.20496,1.20537,1.204615,1.20533
2021-05-26 04:00:00+00:00,usdcad,1.204925,1.205135,1.204595,1.204965
2021-05-26 05:00:00+00:00,usdcad,1.204935,1.204995,1.204365,1.20492
2021-05-26 06:00:00+00:00,usdcad,1.205275,1.205575,1.2047,1.204925
2021-05-26 07:00:00+00:00,usdcad,1.20713,1.207185,1.205155,1.20527
2021-05-26 08:00:00+00:00,usdcad,1.207685,1.208195,1.206635,1.207125
2021-05-26 09:00:00+00:00,usdcad,1.207605,1.20801,1.206755,1.20768
2021-05-26 10:00:00+00:00,usdcad,1.207405,1.20781,1.206995,1.20761
2021-05-26 11:00:00+00:00,usdcad,1.208825,1.20896,1.20716,1.207395
2021-05-26 12:00:00+00:00,usdcad,1.211735,1.212065,1.208725,1.20883
2021-05-26 13:00:00+00:00,usdcad,1.210915,1.212435,1.210465,1.21173
2021-05-26 14:00:00+00:00,usdcad,1.211405,1.211465,1.208425,1.21091
2021-05-26 15:00:00+00:00,usdcad,1.2112,1.21245,1.210535,1.21141
2021-05-26 16:00:00+00:00,usdcad,1.211305,1.212015,1.21063,1.211195
2021-05-26 17:00:00+00:00,usdcad,1.211405,1.211695,1.210745,1.21131
2021-05-26 18:00:00+00:00,usdcad,1.211455,1.212095,1.21137,1.2114
2021-05-26 19:00:00+00:00,usdcad,1.211705,1.21203,1.211305,1.21146
2021-05-26 20:00:00+00:00,usdcad,1.212205,1.212795,1.2117,1.2117
2021-05-26 21:00:00+00:00,usdcad,1.212285,1.212385,1.21196,1.212225
2021-05-26 22:00:00+00:00,usdcad,1.213285,1.213295,1.212155,1.212295
2021-05-26 23:00:00+00:00,usdcad,1.213055,1.213655,1.21273,1.21328
2021-05-27 00:00:00+00:00,usdcad,1.213035,1.213685,1.212615,1.213065
2021-05-27 01:00:00+00:00,usdcad,1.213065,1.214215,1.212965,1.21304
2021-05-27 02:00:00+00:00,usdcad,1.212545,1.213175,1.21222,1.213075
2021-05-27 03:00:00+00:00,usdcad,1.212285,1.212865,1.212135,1.212535
2021-05-27 04:00:00+00:00,usdcad,1.212525,1.212545,1.212155,1.212275
2021-05-27 05:00:00+00:00,usdcad,1.2118,1.212985,1.211715,1.21253
2021-05-27 06:00:00+00:00,usdcad,1.211495,1.2128,1.211485,1.211805
2021-05-27 07:00:00+00:00,usdcad,1.210455,1.211565,1.210335,1.211505
2021-05-27 08:00:00+00:00,usdcad,1.211775,1.211965,1.210245,1.210465
2021-05-27 09:00:00+00:00,usdcad,1.211195,1.211815,1.21086,1.211765
2021-05-27 10:00:00+00:00,usdcad,1.209675,1.21121,1.20953,1.2112
2021-05-27 11:00:00+00:00,usdcad,1.209215,1.209925,1.208755,1.209665
2021-05-27 12:00:00+00:00,usdcad,1.209095,1.209255,1.207935,1.20921
2021-05-27 13:00:00+00:00,usdcad,1.20817,1.209185,1.206615,1.209085
2021-05-27 14:00:00+00:00,usdcad,1.20725,1.208575,1.205665,1.208055
2021-05-27 15:00:00+00:00,usdcad,1.20765,1.208495,1.206715,1.207245
2021-05-27 16:00:00+00:00,usdcad,1.20712,1.208095,1.206875,1.207655
2021-05-27 17:00:00+00:00,usdcad,1.206595,1.207475,1.20622,1.207125
2021-05-27 18:00:00+00:00,usdcad,1.206605,1.206925,1.20623,1.2066
2021-05-27 19:00:00+00:00,usdcad,1.206425,1.206995,1.206255,1.2066
2021-05-27 20:00:00+00:00,usdcad,1.206565,1.207085,1.20635,1.206415
2021-05-27 21:00:00+00:00,usdcad,1.206985,1.207175,1.206655,1.206655
2021-05-27 22:00:00+00:00,usdcad,1.206885,1.207025,1.206615,1.206995
2021-05-27 23:00:00+00:00,usdcad,1.207115,1.207305,1.206795,1.206875
2021-05-28 00:00:00+00:00,usdcad,1.208105,1.208375,1.20706,1.207125
2021-05-28 01:00:00+00:00,usdcad,1.208335,1.208435,1.2077,1.2081
2021-05-28 02:00:00+00:00,usdcad,1.208595,1.20886,1.20834,1.20834
2021-05-28 03:00:00+00:00,usdcad,1.207765,1.208585,1.20766,1.208585
2021-05-28 04:00:00+00:00,usdcad,1.207975,1.208015,1.207525,1.207775
2021-05-28 05:00:00+00:00,usdcad,1.208915,1.208955,1.20763,1.20797
2021-05-28 06:00:00+00:00,usdcad,1.208465,1.209265,1.208255,1.20892
2021-05-28 07:00:00+00:00,usdcad,1.207925,1.209505,1.207925,1.208475
2021-05-28 08:00:00+00:00,usdcad,1.208175,1.20834,1.206955,1.20792
2021-05-28 09:00:00+00:00,usdcad,1.209675,1.210075,1.208175,1.208185
2021-05-28 10:00:00+00:00,usdcad,1.209995,1.210405,1.20951,1.20968
2021-05-28 11:00:00+00:00,usdcad,1.210985,1.211875,1.209785,1.210005
2021-05-28 12:00:00+00:00,usdcad,1.211735,1.21202,1.210275,1.21099
2021-05-28 13:00:00+00:00,usdcad,1.208355,1.211775,1.208255,1.211765
2021-05-28 14:00:00+00:00,usdcad,1.2077,1.208465,1.206325,1.20835
2021-05-28 15:00:00+00:00,usdcad,1.208865,1.209035,1.207195,1.207705
2021-05-28 16:00:00+00:00,usdcad,1.208645,1.20924,1.208105,1.208855
2021-05-28 17:00:00+00:00,usdcad,1.207655,1.208705,1.20744,1.208635
2021-05-28 18:00:00+00:00,usdcad,1.207875,1.208255,1.207185,1.20765
2021-05-28 19:00:00+00:00,usdcad,1.208095,1.20835,1.207585,1.207885
2021-05-28 20:00:00+00:00,usdcad,1.20752,1.208365,1.20717,1.208085
2021-05-30 21:00:00+00:00,usdcad,1.207155,1.207185,1.206695,1.206935
2021-05-30 22:00:00+00:00,usdcad,1.207645,1.207815,1.207155,1.207165
2021-05-30 23:00:00+00:00,usdcad,1.20787,1.208045,1.207285,1.207635
2021-05-31 00:00:00+00:00,usdcad,1.208035,1.20861,1.207785,1.207865
2021-05-31 01:00:00+00:00,usdcad,1.207595,1.208195,1.207325,1.20804
2021-05-31 02:00:00+00:00,usdcad,1.207045,1.20775,1.207035,1.20759
2021-05-31 03:00:00+00:00,usdcad,1.207795,1.20782,1.206965,1.20706
2021-05-31 04:00:00+00:00,usdcad,1.207845,1.208005,1.207595,1.20779
2021-05-31 05:00:00+00:00,usdcad,1.20793,1.208055,1.207275,1.207855
2021-05-31 06:00:00+00:00,usdcad,1.207735,1.208115,1.207395,1.207925
2021-05-31 07:00:00+00:00,usdcad,1.207065,1.208315,1.206545,1.20774
2021-05-31 08:00:00+00:00,usdcad,1.206895,1.207685,1.20663,1.20707
2021-05-31 09:00:00+00:00,usdcad,1.206565,1.207185,1.206355,1.206885
2021-05-31 10:00:00+00:00,usdcad,1.206785,1.207225,1.206165,1.206575
2021-05-31 11:00:00+00:00,usdcad,1.207245,1.207365,1.206705,1.206775
2021-06-01 02:00:00+00:00,usdcad,1.205265,1.205435,1.20477,1.204995
2021-06-01 03:00:00+00:00,usdcad,1.20491,1.205345,1.204865,1.20526
2021-06-01 04:00:00+00:00,usdcad,1.20502,1.205805,1.20482,1.204915
2021-06-01 05:00:00+00:00,usdcad,1.205245,1.205575,1.204765,1.205025
2021-06-01 06:00:00+00:00,usdcad,1.204955,1.205855,1.204815,1.20525
2021-06-01 07:00:00+00:00,usdcad,1.20311,1.205005,1.203055,1.20495
2021-06-01 08:00:00+00:00,usdcad,1.203745,1.204565,1.202865,1.203105
2021-06-01 09:00:00+00:00,usdcad,1.205065,1.20528,1.203465,1.20375
2021-06-01 10:00:00+00:00,usdcad,1.204335,1.205505,1.204095,1.205055
2021-06-01 11:00:00+00:00,usdcad,1.203255,1.204365,1.20309,1.204325
2021-06-01 12:00:00+00:00,usdcad,1.203235,1.203645,1.202505,1.203265
2021-06-01 13:00:00+00:00,usdcad,1.201995,1.203635,1.201565,1.203245
2021-06-01 14:00:00+00:00,usdcad,1.20237,1.203415,1.201025,1.202
2021-06-01 15:00:00+00:00,usdcad,1.203235,1.203425,1.200725,1.202375
2021-06-01 16:00:00+00:00,usdcad,1.205075,1.205125,1.203195,1.203245
2021-06-01 17:00:00+00:00,usdcad,1.205605,1.206115,1.205085,1.205085
2021-06-01 18:00:00+00:00,usdcad,1.20577,1.20612,1.205375,1.205615
2021-06-01 19:00:00+00:00,usdcad,1.207205,1.20777,1.205765,1.205765
2021-06-01 20:00:00+00:00,usdcad,1.207155,1.207645,1.206815,1.20721
2021-06-01 21:00:00+00:00,usdcad,1.207085,1.207235,1.206995,1.207145
2021-06-01 22:00:00+00:00,usdcad,1.207555,1.207655,1.206965,1.20709
2021-06-01 23:00:00+00:00,usdcad,1.207125,1.207645,1.207095,1.207545
2021-06-02 00:00:00+00:00,usdcad,1.206475,1.207135,1.205785,1.207115
2021-06-02 01:00:00+00:00,usdcad,1.206285,1.206535,1.205735,1.20648
2021-06-02 02:00:00+00:00,usdcad,1.206455,1.20647,1.205665,1.206295
2021-06-02 03:00:00+00:00,usdcad,1.206155,1.206465,1.205745,1.206465
2021-06-02 04:00:00+00:00,usdcad,1.207075,1.207085,1.206165,1.206165
2021-06-02 05:00:00+00:00,usdcad,1.207065,1.207315,1.206595,1.207085
2021-06-02 06:00:00+00:00,usdcad,1.20791,1.208385,1.206875,1.207075
2021-06-02 07:00:00+00:00,usdcad,1.208105,1.208835,1.207255,1.207915
2021-06-02 08:00:00+00:00,usdcad,1.20806,1.208905,1.207305,1.2081
2021-06-02 09:00:00+00:00,usdcad,1.207725,1.208065,1.206865,1.208055
2021-06-02 10:00:00+00:00,usdcad,1.208115,1.20834,1.20746,1.20773
2021-06-02 11:00:00+00:00,usdcad,1.207345,1.209185,1.207295,1.20812
2021-06-02 12:00:00+00:00,usdcad,1.206565,1.207345,1.206125,1.20734
2021-06-02 13:00:00+00:00,usdcad,1.206255,1.207005,1.206155,1.206555
2021-06-02 14:00:00+00:00,usdcad,1.206415,1.206755,1.205495,1.20624
2021-06-02 15:00:00+00:00,usdcad,1.204835,1.20655,1.204375,1.20641
2021-06-02 16:00:00+00:00,usdcad,1.204355,1.205315,1.20408,1.204845
2021-06-02 17:00:00+00:00,usdcad,1.204615,1.204955,1.204235,1.20435
2021-06-02 18:00:00+00:00,usdcad,1.20361,1.204925,1.203305,1.204605
2021-06-02 19:00:00+00:00,usdcad,1.203285,1.203745,1.202945,1.203615
2021-06-02 20:00:00+00:00,usdcad,1.203455,1.203925,1.203295,1.203295
2021-06-02 21:00:00+00:00,usdcad,1.203695,1.203905,1.203425,1.203485
2021-06-02 22:00:00+00:00,usdcad,1.203875,1.203905,1.203485,1.203705
2021-06-02 23:00:00+00:00,usdcad,1.204075,1.204155,1.203815,1.20387
2021-06-03 00:00:00+00:00,usdcad,1.203225,1.204155,1.203035,1.20407
2021-06-03 01:00:00+00:00,usdcad,1.204005,1.204095,1.203075,1.20322
2021-06-03 02:00:00+00:00,usdcad,1.204215,1.20448,1.203785,1.204
2021-06-03 03:00:00+00:00,usdcad,1.203815,1.204315,1.203815,1.20421
2021-06-03 04:00:00+00:00,usdcad,1.204455,1.20446,1.203695,1.203785
2021-06-03 05:00:00+00:00,usdcad,1.204945,1.205065,1.204375,1.204465
2021-06-03 06:00:00+00:00,usdcad,1.20537,1.20537,1.204785,1.204955
2021-06-03 07:00:00+00:00,usdcad,1.206715,1.206805,1.205305,1.205745
2021-06-03 08:00:00+00:00,usdcad,1.206355,1.206885,1.205735,1.20671
2021-06-03 09:00:00+00:00,usdcad,1.205985,1.206695,1.205985,1.206365
2021-06-03 10:00:00+00:00,usdcad,1.206945,1.20735,1.205215,1.205995
2021-06-03 11:00:00+00:00,usdcad,1.206535,1.207435,1.206025,1.206955
2021-06-03 12:00:00+00:00,usdcad,1.207985,1.208705,1.206395,1.20654
2021-06-03 13:00:00+00:00,usdcad,1.210185,1.210465,1.207605,1.20798
2021-06-03 14:00:00+00:00,usdcad,1.210665,1.211515,1.209645,1.21018
2021-06-03 15:00:00+00:00,usdcad,1.211255,1.211415,1.209645,1.210675
2021-06-03 16:00:00+00:00,usdcad,1.211075,1.212,1.210455,1.211265
2021-06-03 17:00:00+00:00,usdcad,1.21089,1.211595,1.210585,1.21108
2021-06-03 18:00:00+00:00,usdcad,1.210665,1.21111,1.21061,1.210885
2021-06-03 19:00:00+00:00,usdcad,1.210315,1.210785,1.210215,1.210655
2021-06-03 20:00:00+00:00,usdcad,1.210815,1.211035,1.210185,1.21032
2021-06-03 21:00:00+00:00,usdcad,1.21097,1.211145,1.210685,1.210805
2021-06-03 22:00:00+00:00,usdcad,1.210675,1.211025,1.21067,1.210975
2021-06-03 23:00:00+00:00,usdcad,1.210975,1.211005,1.21045,1.21067
2021-06-04 00:00:00+00:00,usdcad,1.211445,1.21219,1.210975,1.21098
2021-06-04 01:00:00+00:00,usdcad,1.212195,1.212265,1.211185,1.211435
2021-06-04 02:00:00+00:00,usdcad,1.211795,1.21243,1.211705,1.212185
2021-06-04 03:00:00+00:00,usdcad,1.211835,1.21214,1.211595,1.21179
2021-06-04 04:00:00+00:00,usdcad,1.211765,1.212135,1.211515,1.21183
2021-06-04 05:00:00+00:00,usdcad,1.212355,1.212475,1.211495,1.211755
2021-06-04 06:00:00+00:00,usdcad,1.211045,1.212425,1.211015,1.21236
2021-06-04 07:00:00+00:00,usdcad,1.21217,1.212275,1.210485,1.211055
2021-06-04 08:00:00+00:00,usdcad,1.212425,1.21282,1.211685,1.212165
2021-06-04 09:00:00+00:00,usdcad,1.21247,1.212965,1.212365,1.212415
2021-06-04 10:00:00+00:00,usdcad,1.212935,1.213175,1.21226,1.212475
2021-06-04 11:00:00+00:00,usdcad,1.212145,1.213325,1.211895,1.21293
2021-06-04 12:00:00+00:00,usdcad,1.21044,1.213155,1.20888,1.212155
2021-06-04 13:00:00+00:00,usdcad,1.20825,1.21093,1.207955,1.210375
2021-06-04 14:00:00+00:00,usdcad,1.208415,1.208485,1.207175,1.208245
2021-06-04 15:00:00+00:00,usdcad,1.209195,1.209835,1.208015,1.208535
2021-06-04 16:00:00+00:00,usdcad,1.208255,1.209645,1.208055,1.209185
2021-06-04 17:00:00+00:00,usdcad,1.207665,1.208405,1.207565,1.20825
2021-06-04 18:00:00+00:00,usdcad,1.207455,1.2083,1.207365,1.207675
2021-06-04 19:00:00+00:00,usdcad,1.207835,1.207905,1.207075,1.20745
2021-06-04 20:00:00+00:00,usdcad,1.2081,1.20841,1.20732,1.20783
2021-06-07 03:00:00+00:00,usdcad,1.208605,1.208955,1.208455,1.208645
2021-06-07 04:00:00+00:00,usdcad,1.208345,1.208785,1.208115,1.2086
2021-06-07 05:00:00+00:00,usdcad,1.209585,1.209585,1.208275,1.20834
2021-06-07 06:00:00+00:00,usdcad,1.20958,1.210265,1.209285,1.20959
2021-06-07 07:00:00+00:00,usdcad,1.209085,1.210675,1.208985,1.209575
2021-06-07 08:00:00+00:00,usdcad,1.209005,1.209905,1.208715,1.209075
2021-06-07 09:00:00+00:00,usdcad,1.208445,1.209685,1.208405,1.208995
2021-06-07 10:00:00+00:00,usdcad,1.207995,1.208625,1.207835,1.208455
2021-06-07 11:00:00+00:00,usdcad,1.207025,1.208005,1.206575,1.20799
2021-06-07 12:00:00+00:00,usdcad,1.208855,1.209325,1.206845,1.20703
2021-06-07 13:00:00+00:00,usdcad,1.207675,1.209475,1.207665,1.208865
2021-06-07 14:00:00+00:00,usdcad,1.208005,1.20864,1.20725,1.207665
2021-06-07 15:00:00+00:00,usdcad,1.206305,1.208205,1.206255,1.208
2021-06-07 16:00:00+00:00,usdcad,1.20615,1.20647,1.205725,1.2063
2021-06-07 17:00:00+00:00,usdcad,1.20661,1.206615,1.206015,1.206145
2021-06-07 18:00:00+00:00,usdcad,1.207105,1.207195,1.206325,1.206605
2021-06-07 19:00:00+00:00,usdcad,1.207915,1.208345,1.206955,1.207115
2021-06-07 20:00:00+00:00,usdcad,1.208135,1.208295,1.207305,1.207925
2021-06-07 21:00:00+00:00,usdcad,1.20841,1.208475,1.208,1.20814
2021-06-07 22:00:00+00:00,usdcad,1.208645,1.20872,1.208275,1.208395
2021-06-07 23:00:00+00:00,usdcad,1.208705,1.208765,1.20852,1.20864
2021-06-08 00:00:00+00:00,usdcad,1.208195,1.208765,1.20774,1.208715
2021-06-08 01:00:00+00:00,usdcad,1.208505,1.208595,1.207815,1.208185
2021-06-08 02:00:00+00:00,usdcad,1.208925,1.208925,1.208405,1.208515
2021-06-08 03:00:00+00:00,usdcad,1.208755,1.2091,1.208735,1.20893
2021-06-08 04:00:00+00:00,usdcad,1.208695,1.208995,1.20867,1.20876
2021-06-08 05:00:00+00:00,usdcad,1.208855,1.208925,1.208375,1.2087
2021-06-08 06:00:00+00:00,usdcad,1.208375,1.208955,1.208145,1.20885
2021-06-08 07:00:00+00:00,usdcad,1.208595,1.20951,1.207805,1.20838
2021-06-08 08:00:00+00:00,usdcad,1.208615,1.209445,1.208355,1.208605
2021-06-08 09:00:00+00:00,usdcad,1.208395,1.208925,1.208105,1.20861
2021-06-08 10:00:00+00:00,usdcad,1.208075,1.208935,1.207955,1.2084
2021-06-08 11:00:00+00:00,usdcad,1.207545,1.208095,1.207435,1.208085
2021-06-08 12:00:00+00:00,usdcad,1.208925,1.209225,1.207135,1.207555
2021-06-08 13:00:00+00:00,usdcad,1.209365,1.209555,1.207975,1.20892
2021-06-08 14:00:00+00:00,usdcad,1.2083,1.210155,1.20793,1.20937
2021-06-08 15:00:00+00:00,usdcad,1.21012,1.210155,1.208255,1.208305
2021-06-08 16:00:00+00:00,usdcad,1.211045,1.211435,1.209875,1.210115
2021-06-08 17:00:00+00:00,usdcad,1.21106,1.21137,1.210675,1.21105
2021-06-08 18:00:00+00:00,usdcad,1.210535,1.211755,1.21022,1.211055
2021-06-08 19:00:00+00:00,usdcad,1.211545,1.211745,1.210405,1.21054
2021-06-08 20:00:00+00:00,usdcad,1.211205,1.21179,1.211025,1.21154
2021-06-08 21:00:00+00:00,usdcad,1.211245,1.21158,1.210775,1.211175
2021-06-08 22:00:00+00:00,usdcad,1.211565,1.211715,1.211235,1.21125
2021-06-08 23:00:00+00:00,usdcad,1.211355,1.21172,1.211175,1.211575
2021-06-09 00:00:00+00:00,usdcad,1.210835,1.211575,1.210645,1.211365
2021-06-09 01:00:00+00:00,usdcad,1.210585,1.211035,1.210545,1.210845
2021-06-09 02:00:00+00:00,usdcad,1.210535,1.210885,1.210485,1.21058
2021-06-09 03:00:00+00:00,usdcad,1.210975,1.211145,1.210335,1.21053
2021-06-09 04:00:00+00:00,usdcad,1.210765,1.21112,1.210715,1.210985
2021-06-09 05:00:00+00:00,usdcad,1.21054,1.210825,1.210515,1.210775
2021-06-09 06:00:00+00:00,usdcad,1.210325,1.211155,1.210015,1.210545
2021-06-09 07:00:00+00:00,usdcad,1.209435,1.210605,1.209345,1.210335
2021-06-09 08:00:00+00:00,usdcad,1.20892,1.209515,1.208345,1.20944
2021-06-09 09:00:00+00:00,usdcad,1.20885,1.209405,1.208615,1.208915
2021-06-09 10:00:00+00:00,usdcad,1.208105,1.208855,1.208035,1.208845
2021-06-09 11:00:00+00:00,usdcad,1.207865,1.2086,1.207655,1.20811
2021-06-09 12:00:00+00:00,usdcad,1.208275,1.208715,1.20759,1.20786
2021-06-09 13:00:00+00:00,usdcad,1.206275,1.20827,1.205895,1.20827
2021-06-09 14:00:00+00:00,usdcad,1.20904,1.20943,1.205855,1.20628
2021-06-09 15:00:00+00:00,usdcad,1.21023,1.210505,1.208875,1.209125
2021-06-09 16:00:00+00:00,usdcad,1.211355,1.211695,1.210235,1.210235
2021-06-09 17:00:00+00:00,usdcad,1.210685,1.21177,1.210595,1.21135
2021-06-09 18:00:00+00:00,usdcad,1.210545,1.210745,1.210005,1.210675
2021-06-09 19:00:00+00:00,usdcad,1.211445,1.21164,1.210525,1.210535
2021-06-09 20:00:00+00:00,usdcad,1.211045,1.211595,1.210945,1.211435
2021-06-09 21:00:00+00:00,usdcad,1.211085,1.211235,1.210755,1.211095
2021-06-09 22:00:00+00:00,usdcad,1.211195,1.211375,1.211065,1.211095
2021-06-09 23:00:00+00:00,usdcad,1.211505,1.211595,1.21118,1.211185
2021-06-10 00:00:00+00:00,usdcad,1.211845,1.212185,1.211385,1.21151
2021-06-10 01:00:00+00:00,usdcad,1.21182,1.212375,1.2113,1.21185
2021-06-10 02:00:00+00:00,usdcad,1.211945,1.212255,1.21161,1.211815
2021-06-10 03:00:00+00:00,usdcad,1.211645,1.21195,1.211575,1.21194
2021-06-10 04:00:00+00:00,usdcad,1.21148,1.21181,1.21146,1.21164
2021-06-10 05:00:00+00:00,usdcad,1.211425,1.211655,1.211125,1.211485
2021-06-10 06:00:00+00:00,usdcad,1.211155,1.21196,1.210825,1.21142
2021-06-10 07:00:00+00:00,usdcad,1.211835,1.21248,1.211105,1.211165
2021-06-10 08:00:00+00:00,usdcad,1.211335,1.212245,1.211265,1.211825
2021-06-10 09:00:00+00:00,usdcad,1.211125,1.211355,1.210525,1.21134
2021-06-10 10:00:00+00:00,usdcad,1.210815,1.211135,1.210345,1.21113
2021-06-10 11:00:00+00:00,usdcad,1.210835,1.211175,1.210455,1.210805
2021-06-10 12:00:00+00:00,usdcad,1.21086,1.212545,1.210195,1.21084
2021-06-10 13:00:00+00:00,usdcad,1.207995,1.210995,1.207645,1.210865
2021-06-10 14:00:00+00:00,usdcad,1.21016,1.211625,1.207765,1.208
2021-06-10 15:00:00+00:00,usdcad,1.207815,1.210335,1.207035,1.210165
2021-06-10 16:00:00+00:00,usdcad,1.209655,1.210475,1.20756,1.20782
2021-06-10 17:00:00+00:00,usdcad,1.209165,1.211445,1.208515,1.209645
2021-06-10 18:00:00+00:00,usdcad,1.208785,1.209585,1.208785,1.209155
2021-06-10 19:00:00+00:00,usdcad,1.209505,1.209525,1.208785,1.208795
2021-06-10 20:00:00+00:00,usdcad,1.209525,1.209755,1.209075,1.209515
2021-06-10 21:00:00+00:00,usdcad,1.20938,1.20998,1.209345,1.209565
2021-06-10 22:00:00+00:00,usdcad,1.209545,1.209825,1.209335,1.209385
2021-06-10 23:00:00+00:00,usdcad,1.209635,1.209655,1.209295,1.20954
2021-06-11 00:00:00+00:00,usdcad,1.20912,1.209725,1.208895,1.20964
2021-06-11 01:00:00+00:00,usdcad,1.208815,1.20922,1.208675,1.209115
2021-06-11 02:00:00+00:00,usdcad,1.208875,1.20972,1.208815,1.208825
2021-06-11 03:00:00+00:00,usdcad,1.208875,1.208955,1.208725,1.20887
2021-06-11 04:00:00+00:00,usdcad,1.208725,1.208875,1.208575,1.20887
2021-06-11 05:00:00+00:00,usdcad,1.208735,1.208965,1.208535,1.20873
2021-06-11 06:00:00+00:00,usdcad,1.20866,1.209025,1.208095,1.208745
2021-06-11 07:00:00+00:00,usdcad,1.208795,1.208965,1.208035,1.208665
2021-06-11 08:00:00+00:00,usdcad,1.209375,1.20969,1.208655,1.20879
2021-06-11 09:00:00+00:00,usdcad,1.210125,1.210265,1.209185,1.20937
2021-06-11 10:00:00+00:00,usdcad,1.21002,1.210155,1.209235,1.210115
2021-06-11 11:00:00+00:00,usdcad,1.210635,1.21099,1.209925,1.210025
2021-06-11 12:00:00+00:00,usdcad,1.210885,1.211955,1.21026,1.210645
2021-06-11 13:00:00+00:00,usdcad,1.21263,1.213295,1.210175,1.21089
2021-06-11 14:00:00+00:00,usdcad,1.213975,1.214515,1.212025,1.212625
2021-06-11 15:00:00+00:00,usdcad,1.216175,1.216335,1.213695,1.213925
2021-06-11 16:00:00+00:00,usdcad,1.216425,1.216805,1.215905,1.21617
2021-06-11 17:00:00+00:00,usdcad,1.217085,1.217735,1.21624,1.216415
2021-06-11 18:00:00+00:00,usdcad,1.21673,1.217365,1.216725,1.21709
2021-06-11 19:00:00+00:00,usdcad,1.216065,1.216815,1.216055,1.216725
2021-06-11 20:00:00+00:00,usdcad,1.215935,1.216735,1.21571,1.21606
2021-06-13 21:00:00+00:00,usdcad,1.21611,1.2164,1.21581,1.21581
2021-06-13 22:00:00+00:00,usdcad,1.215865,1.216455,1.215715,1.216085
2021-06-13 23:00:00+00:00,usdcad,1.216035,1.216035,1.21569,1.21586
2021-06-14 00:00:00+00:00,usdcad,1.216565,1.216565,1.215845,1.21603
2021-06-14 01:00:00+00:00,usdcad,1.215955,1.216835,1.215795,1.21657
2021-06-14 02:00:00+00:00,usdcad,1.215825,1.215965,1.215775,1.21596
2021-06-14 04:00:00+00:00,usdcad,1.215005,1.215315,1.214985,1.215185
2021-06-14 05:00:00+00:00,usdcad,1.21489,1.215195,1.21468,1.215015
2021-06-14 06:00:00+00:00,usdcad,1.215125,1.216145,1.214705,1.214895
2021-06-14 07:00:00+00:00,usdcad,1.214995,1.216385,1.21462,1.21513
2021-06-14 08:00:00+00:00,usdcad,1.21641,1.216555,1.214985,1.215
2021-06-14 09:00:00+00:00,usdcad,1.21552,1.216535,1.215315,1.216405
2021-06-14 10:00:00+00:00,usdcad,1.215615,1.216165,1.215185,1.215515
2021-06-14 11:00:00+00:00,usdcad,1.21643,1.21715,1.215595,1.215605
2021-06-14 12:00:00+00:00,usdcad,1.215195,1.216815,1.215105,1.216425
2021-06-14 13:00:00+00:00,usdcad,1.213625,1.215495,1.213265,1.215185
2021-06-14 14:00:00+00:00,usdcad,1.213425,1.214255,1.21284,1.21363
2021-06-14 15:00:00+00:00,usdcad,1.21327,1.214375,1.21322,1.21361
2021-06-14 16:00:00+00:00,usdcad,1.214305,1.214545,1.213025,1.213265
2021-06-14 17:00:00+00:00,usdcad,1.21427,1.214605,1.213925,1.21431
2021-06-14 18:00:00+00:00,usdcad,1.21461,1.214745,1.214135,1.214265
2021-06-14 19:00:00+00:00,usdcad,1.214315,1.214645,1.214025,1.214605
2021-06-14 20:00:00+00:00,usdcad,1.214525,1.21496,1.214275,1.21432
2021-06-14 21:00:00+00:00,usdcad,1.214485,1.21479,1.214255,1.214415
2021-06-14 22:00:00+00:00,usdcad,1.214365,1.214615,1.21431,1.21449
2021-06-14 23:00:00+00:00,usdcad,1.214335,1.214455,1.21393,1.214355
2021-06-15 00:00:00+00:00,usdcad,1.214025,1.214595,1.21372,1.214325
2021-06-15 01:00:00+00:00,usdcad,1.21493,1.214985,1.2139,1.21402
2021-06-15 02:00:00+00:00,usdcad,1.21458,1.215105,1.214495,1.214935
2021-06-15 03:00:00+00:00,usdcad,1.214035,1.214885,1.213985,1.214575
2021-06-15 04:00:00+00:00,usdcad,1.213685,1.214065,1.21367,1.214065
2021-06-15 05:00:00+00:00,usdcad,1.213245,1.213845,1.21322,1.21368
2021-06-15 06:00:00+00:00,usdcad,1.213565,1.213795,1.213015,1.213235
2021-06-15 07:00:00+00:00,usdcad,1.214255,1.214275,1.213315,1.21357
2021-06-15 08:00:00+00:00,usdcad,1.216315,1.216535,1.213915,1.21426
2021-06-15 09:00:00+00:00,usdcad,1.217995,1.218155,1.216325,1.216325
2021-06-15 10:00:00+00:00,usdcad,1.218535,1.218855,1.21786,1.218005
2021-06-15 11:00:00+00:00,usdcad,1.219235,1.21989,1.21808,1.218525
2021-06-15 12:00:00+00:00,usdcad,1.218295,1.219755,1.218295,1.219245
2021-06-15 13:00:00+00:00,usdcad,1.217565,1.218665,1.217375,1.2183
2021-06-15 14:00:00+00:00,usdcad,1.218075,1.21875,1.21709,1.21756
2021-06-15 15:00:00+00:00,usdcad,1.22035,1.22041,1.217845,1.218165
2021-06-15 16:00:00+00:00,usdcad,1.219985,1.220365,1.219425,1.220365
2021-06-15 17:00:00+00:00,usdcad,1.219545,1.220105,1.21925,1.219975
2021-06-15 18:00:00+00:00,usdcad,1.218975,1.219565,1.218835,1.219535
2021-06-15 19:00:00+00:00,usdcad,1.218765,1.219405,1.21871,1.21898
2021-06-15 20:00:00+00:00,usdcad,1.21864,1.21884,1.218085,1.218775
2021-06-15 21:00:00+00:00,usdcad,1.218555,1.218615,1.21831,1.218615
2021-06-15 22:00:00+00:00,usdcad,1.218545,1.218625,1.218045,1.218545
2021-06-15 23:00:00+00:00,usdcad,1.218605,1.218765,1.21841,1.21855
2021-06-16 00:00:00+00:00,usdcad,1.218485,1.2186,1.217965,1.2186
2021-06-16 01:00:00+00:00,usdcad,1.218185,1.21863,1.218065,1.218475
2021-06-16 02:00:00+00:00,usdcad,1.218095,1.218375,1.218015,1.21819
2021-06-16 03:00:00+00:00,usdcad,1.217745,1.218165,1.217575,1.21809
2021-06-16 04:00:00+00:00,usdcad,1.217575,1.218265,1.217515,1.21775
2021-06-16 05:00:00+00:00,usdcad,1.217965,1.217995,1.217445,1.217585
2021-06-16 06:00:00+00:00,usdcad,1.217385,1.218265,1.217065,1.21796
2021-06-16 07:00:00+00:00,usdcad,1.217805,1.218035,1.217185,1.21738
2021-06-16 08:00:00+00:00,usdcad,1.218035,1.21894,1.217725,1.21781
2021-06-16 09:00:00+00:00,usdcad,1.218485,1.218955,1.217865,1.21804
2021-06-16 10:00:00+00:00,usdcad,1.218355,1.218685,1.218045,1.218495
2021-06-16 11:00:00+00:00,usdcad,1.21794,1.218435,1.217925,1.218365
2021-06-16 12:00:00+00:00,usdcad,1.21865,1.218665,1.217195,1.217935
2021-06-16 13:00:00+00:00,usdcad,1.218135,1.219205,1.218055,1.218645
2021-06-16 14:00:00+00:00,usdcad,1.218035,1.218565,1.217055,1.21815
2021-06-16 15:00:00+00:00,usdcad,1.216525,1.218075,1.216515,1.21804
2021-06-16 16:00:00+00:00,usdcad,1.21612,1.216945,1.21571,1.216515
2021-06-16 17:00:00+00:00,usdcad,1.217025,1.217845,1.216125,1.216125
2021-06-16 18:00:00+00:00,usdcad,1.223645,1.224885,1.21703,1.21703
2021-06-16 19:00:00+00:00,usdcad,1.226695,1.2267,1.222425,1.22365
2021-06-16 20:00:00+00:00,usdcad,1.224955,1.22774,1.22365,1.226875
2021-06-16 21:00:00+00:00,usdcad,1.227285,1.228385,1.223575,1.22499
2021-06-16 22:00:00+00:00,usdcad,1.226615,1.227805,1.226565,1.227275
2021-06-16 23:00:00+00:00,usdcad,1.227865,1.228095,1.226605,1.22662
2021-06-17 00:00:00+00:00,usdcad,1.228895,1.229205,1.227725,1.22787
2021-06-17 01:00:00+00:00,usdcad,1.227945,1.22892,1.227165,1.228905
2021-06-17 02:00:00+00:00,usdcad,1.227025,1.227945,1.22696,1.22794
2021-06-17 03:00:00+00:00,usdcad,1.227645,1.227655,1.226895,1.227035
2021-06-17 04:00:00+00:00,usdcad,1.226955,1.227725,1.226925,1.22765
2021-06-17 05:00:00+00:00,usdcad,1.226725,1.22722,1.22627,1.226965
2021-06-17 06:00:00+00:00,usdcad,1.227915,1.2286,1.226725,1.22673
2021-06-17 07:00:00+00:00,usdcad,1.230105,1.230515,1.227065,1.227935
2021-06-17 08:00:00+00:00,usdcad,1.231335,1.23199,1.229235,1.2301
2021-06-17 09:00:00+00:00,usdcad,1.232095,1.23221,1.231055,1.231335
2021-06-17 10:00:00+00:00,usdcad,1.234505,1.234625,1.231775,1.23209
2021-06-17 11:00:00+00:00,usdcad,1.23348,1.234065,1.232525,1.23359
2021-06-17 12:00:00+00:00,usdcad,1.233965,1.234005,1.232205,1.233525
2021-06-17 13:00:00+00:00,usdcad,1.230325,1.234215,1.229625,1.233965
2021-06-17 14:00:00+00:00,usdcad,1.231085,1.233555,1.230985,1.23208
2021-06-17 15:00:00+00:00,usdcad,1.234585,1.235195,1.230765,1.23108
2021-06-17 16:00:00+00:00,usdcad,1.236205,1.237765,1.234295,1.234615
2021-06-17 17:00:00+00:00,usdcad,1.235285,1.23629,1.234145,1.236195
2021-06-17 18:00:00+00:00,usdcad,1.234855,1.235525,1.234265,1.235275
2021-06-17 20:00:00+00:00,usdcad,1.23591,1.23591,1.235335,1.235595
2021-06-17 21:00:00+00:00,usdcad,1.235755,1.23594,1.23542,1.235855
2021-06-17 22:00:00+00:00,usdcad,1.234495,1.235865,1.234435,1.23575
2021-06-17 23:00:00+00:00,usdcad,1.23457,1.234825,1.234325,1.234485
2021-06-18 00:00:00+00:00,usdcad,1.2346,1.235135,1.23427,1.234565
2021-06-18 01:00:00+00:00,usdcad,1.23452,1.23513,1.23392,1.234595
2021-06-18 02:00:00+00:00,usdcad,1.235595,1.235755,1.2345,1.234525
2021-06-18 03:00:00+00:00,usdcad,1.23514,1.235675,1.23484,1.2356
2021-06-18 04:00:00+00:00,usdcad,1.236255,1.236255,1.235125,1.235135
2021-06-18 05:00:00+00:00,usdcad,1.237585,1.238315,1.236245,1.23625
2021-06-18 06:00:00+00:00,usdcad,1.238405,1.238745,1.236995,1.23759
2021-06-18 07:00:00+00:00,usdcad,1.23668,1.238535,1.236435,1.238415
2021-06-18 08:00:00+00:00,usdcad,1.236955,1.237145,1.235865,1.236685
2021-06-18 09:00:00+00:00,usdcad,1.236755,1.23731,1.23559,1.23696
2021-06-18 10:00:00+00:00,usdcad,1.236835,1.23797,1.236435,1.236765
2021-06-18 11:00:00+00:00,usdcad,1.235925,1.237575,1.23568,1.236845
2021-06-18 12:00:00+00:00,usdcad,1.23784,1.239925,1.235935,1.235935
2021-06-18 13:00:00+00:00,usdcad,1.239035,1.23917,1.237555,1.237855
2021-06-18 14:00:00+00:00,usdcad,1.240955,1.240995,1.238475,1.23904
2021-06-18 15:00:00+00:00,usdcad,1.241135,1.24228,1.239285,1.240945
2021-06-18 16:00:00+00:00,usdcad,1.24633,1.246605,1.240895,1.241145
2021-06-18 17:00:00+00:00,usdcad,1.242915,1.248075,1.242105,1.246325
2021-06-18 18:00:00+00:00,usdcad,1.242975,1.244205,1.242205,1.24294
2021-06-18 19:00:00+00:00,usdcad,1.243655,1.244,1.241745,1.24297
2021-06-18 20:00:00+00:00,usdcad,1.246805,1.247345,1.243595,1.243665
2021-06-20 21:00:00+00:00,usdcad,1.246585,1.246915,1.246585,1.246765
2021-06-20 22:00:00+00:00,usdcad,1.244635,1.24671,1.244165,1.246595
2021-06-20 23:00:00+00:00,usdcad,1.245085,1.245125,1.244285,1.24463
2021-06-21 00:00:00+00:00,usdcad,1.24375,1.245395,1.243605,1.24509
2021-06-21 01:00:00+00:00,usdcad,1.245425,1.245435,1.24363,1.243755
2021-06-21 02:00:00+00:00,usdcad,1.24466,1.245545,1.243895,1.245435
2021-06-21 03:00:00+00:00,usdcad,1.246965,1.247675,1.24462,1.244655
2021-06-21 04:00:00+00:00,usdcad,1.246885,1.247515,1.24667,1.24696
2021-06-21 05:00:00+00:00,usdcad,1.247255,1.247995,1.246815,1.24689
2021-06-21 06:00:00+00:00,usdcad,1.246035,1.247275,1.245005,1.24725
2021-06-21 07:00:00+00:00,usdcad,1.24639,1.24868,1.245785,1.246025
2021-06-21 08:00:00+00:00,usdcad,1.24556,1.247295,1.245325,1.246395
2021-06-21 09:00:00+00:00,usdcad,1.242565,1.245755,1.242335,1.245565
2021-06-21 10:00:00+00:00,usdcad,1.242275,1.243445,1.241805,1.24257
2021-06-21 11:00:00+00:00,usdcad,1.241825,1.243275,1.241385,1.242285
2021-06-21 12:00:00+00:00,usdcad,1.24093,1.242245,1.240585,1.241835
2021-06-21 13:00:00+00:00,usdcad,1.238915,1.241435,1.238805,1.240935
2021-06-21 14:00:00+00:00,usdcad,1.238245,1.239255,1.237155,1.239125
2021-06-21 15:00:00+00:00,usdcad,1.237085,1.238795,1.236605,1.23825
2021-06-21 16:00:00+00:00,usdcad,1.236595,1.237095,1.236245,1.237075
2021-06-21 17:00:00+00:00,usdcad,1.236425,1.237085,1.236085,1.2366
2021-06-21 18:00:00+00:00,usdcad,1.236005,1.236505,1.235625,1.23642
2021-06-21 19:00:00+00:00,usdcad,1.235925,1.23663,1.235355,1.23601
2021-06-21 20:00:00+00:00,usdcad,1.23614,1.236545,1.235445,1.23592
2021-06-21 21:00:00+00:00,usdcad,1.236045,1.236305,1.235925,1.236285
2021-06-21 22:00:00+00:00,usdcad,1.236915,1.236935,1.23592,1.236035
2021-06-21 23:00:00+00:00,usdcad,1.237005,1.23726,1.236405,1.236905
2021-06-22 00:00:00+00:00,usdcad,1.237735,1.23826,1.236775,1.237015
2021-06-22 01:00:00+00:00,usdcad,1.237865,1.238305,1.237545,1.23774
2021-06-22 02:00:00+00:00,usdcad,1.237675,1.237935,1.237355,1.23786
2021-06-22 03:00:00+00:00,usdcad,1.237215,1.2377,1.237055,1.237665
2021-06-22 04:00:00+00:00,usdcad,1.237635,1.237635,1.237065,1.237245
2021-06-22 05:00:00+00:00,usdcad,1.238655,1.238695,1.237485,1.237625
2021-06-22 06:00:00+00:00,usdcad,1.237565,1.238685,1.237315,1.23865
2021-06-22 07:00:00+00:00,usdcad,1.238685,1.238925,1.23713,1.237555
2021-06-22 08:00:00+00:00,usdcad,1.238855,1.239175,1.238285,1.238695
2021-06-22 09:00:00+00:00,usdcad,1.238975,1.239235,1.23783,1.23885
2021-06-22 10:00:00+00:00,usdcad,1.238165,1.238975,1.237675,1.238965
2021-06-22 11:00:00+00:00,usdcad,1.238665,1.238995,1.237445,1.238155
2021-06-22 12:00:00+00:00,usdcad,1.239895,1.240335,1.238005,1.238655
2021-06-22 13:00:00+00:00,usdcad,1.23794,1.240175,1.23784,1.23989
2021-06-22 14:00:00+00:00,usdcad,1.238495,1.239095,1.237025,1.23794
2021-06-22 15:00:00+00:00,usdcad,1.236485,1.2387,1.236135,1.23851
2021-06-22 16:00:00+00:00,usdcad,1.2335,1.236545,1.233145,1.236495
2021-06-22 17:00:00+00:00,usdcad,1.233235,1.234235,1.23205,1.233495
2021-06-22 18:00:00+00:00,usdcad,1.23202,1.233515,1.231785,1.23324
2021-06-22 19:00:00+00:00,usdcad,1.23112,1.232155,1.230455,1.232015
2021-06-22 20:00:00+00:00,usdcad,1.230695,1.231405,1.230225,1.231125
2021-06-22 21:00:00+00:00,usdcad,1.230675,1.2308,1.230435,1.230695
2021-06-22 22:00:00+00:00,usdcad,1.231195,1.231205,1.230465,1.230665
2021-06-22 23:00:00+00:00,usdcad,1.231135,1.231225,1.23057,1.2312
2021-06-23 00:00:00+00:00,usdcad,1.23173,1.232175,1.230705,1.23114
2021-06-23 01:00:00+00:00,usdcad,1.232575,1.232805,1.231435,1.231725
2021-06-23 02:00:00+00:00,usdcad,1.23234,1.232775,1.232145,1.232565
2021-06-23 03:00:00+00:00,usdcad,1.232365,1.232445,1.23182,1.232335
2021-06-23 04:00:00+00:00,usdcad,1.23251,1.232575,1.23204,1.23236
2021-06-23 05:00:00+00:00,usdcad,1.232035,1.232885,1.231785,1.232505
2021-06-23 06:00:00+00:00,usdcad,1.230475,1.23227,1.230255,1.23204
2021-06-23 07:00:00+00:00,usdcad,1.2297,1.231735,1.229695,1.230465
2021-06-23 08:00:00+00:00,usdcad,1.229555,1.229855,1.228455,1.229695
2021-06-23 09:00:00+00:00,usdcad,1.22969,1.230075,1.229375,1.22955
2021-06-23 10:00:00+00:00,usdcad,1.229005,1.230015,1.228235,1.229685
2021-06-23 11:00:00+00:00,usdcad,1.227685,1.230015,1.226965,1.228995
2021-06-23 12:00:00+00:00,usdcad,1.227505,1.22835,1.226565,1.22769
2021-06-23 13:00:00+00:00,usdcad,1.225975,1.228355,1.225255,1.22751
2021-06-23 14:00:00+00:00,usdcad,1.228475,1.229085,1.225695,1.22598
2021-06-23 15:00:00+00:00,usdcad,1.228635,1.229745,1.22829,1.228465
2021-06-23 16:00:00+00:00,usdcad,1.230065,1.230305,1.228625,1.22863
2021-06-23 17:00:00+00:00,usdcad,1.229605,1.230375,1.22919,1.230055
2021-06-23 18:00:00+00:00,usdcad,1.2304,1.230605,1.229355,1.2296
2021-06-23 19:00:00+00:00,usdcad,1.23101,1.231545,1.230225,1.230405
2021-06-23 20:00:00+00:00,usdcad,1.230575,1.231135,1.230185,1.231015
2021-06-23 21:00:00+00:00,usdcad,1.23095,1.230995,1.23059,1.230655
2021-06-23 22:00:00+00:00,usdcad,1.230345,1.230965,1.230245,1.230955
2021-06-23 23:00:00+00:00,usdcad,1.230535,1.230595,1.230215,1.23034
2021-06-24 00:00:00+00:00,usdcad,1.230495,1.230585,1.2301,1.23054
2021-06-24 01:00:00+00:00,usdcad,1.230575,1.231345,1.230275,1.23049
2021-06-24 02:00:00+00:00,usdcad,1.230635,1.230965,1.230335,1.23057
2021-06-24 03:00:00+00:00,usdcad,1.23066,1.230755,1.230395,1.23063
2021-06-24 04:00:00+00:00,usdcad,1.230535,1.23092,1.230415,1.230665
2021-06-24 05:00:00+00:00,usdcad,1.231035,1.23139,1.23049,1.23054
2021-06-24 06:00:00+00:00,usdcad,1.230055,1.231485,1.229795,1.23104
2021-06-24 07:00:00+00:00,usdcad,1.229645,1.230335,1.229345,1.23006
2021-06-24 08:00:00+00:00,usdcad,1.23013,1.230255,1.228905,1.229655
2021-06-24 09:00:00+00:00,usdcad,1.229295,1.230195,1.229215,1.230125
2021-06-24 10:00:00+00:00,usdcad,1.22882,1.229635,1.228275,1.229305
2021-06-24 11:00:00+00:00,usdcad,1.22982,1.230065,1.228655,1.228825
2021-06-24 12:00:00+00:00,usdcad,1.229165,1.230135,1.229165,1.229815
2021-06-24 13:00:00+00:00,usdcad,1.229545,1.229985,1.228765,1.22916
2021-06-24 14:00:00+00:00,usdcad,1.230335,1.231235,1.229395,1.229555
2021-06-24 15:00:00+00:00,usdcad,1.23209,1.23209,1.230035,1.23033
2021-06-24 16:00:00+00:00,usdcad,1.233785,1.23409,1.231985,1.232095
2021-06-24 17:00:00+00:00,usdcad,1.232265,1.23395,1.23201,1.23379
2021-06-24 18:00:00+00:00,usdcad,1.231295,1.232475,1.230975,1.232275
2021-06-24 19:00:00+00:00,usdcad,1.232255,1.232615,1.231305,1.231305
2021-06-24 20:00:00+00:00,usdcad,1.23238,1.232645,1.231775,1.23225
2021-06-24 21:00:00+00:00,usdcad,1.232405,1.23242,1.232065,1.232255
2021-06-24 22:00:00+00:00,usdcad,1.232065,1.232415,1.231835,1.232415
2021-06-24 23:00:00+00:00,usdcad,1.23226,1.232265,1.231935,1.232055
2021-06-25 00:00:00+00:00,usdcad,1.232435,1.232985,1.232245,1.232265
2021-06-25 01:00:00+00:00,usdcad,1.231735,1.232455,1.231255,1.232425
2021-06-25 02:00:00+00:00,usdcad,1.231405,1.232005,1.231235,1.23173
2021-06-25 03:00:00+00:00,usdcad,1.231175,1.231475,1.231105,1.2314
2021-06-25 04:00:00+00:00,usdcad,1.231555,1.23163,1.231165,1.23117
2021-06-25 05:00:00+00:00,usdcad,1.230705,1.231745,1.2307,1.231565
2021-06-25 06:00:00+00:00,usdcad,1.230315,1.231315,1.230165,1.23071
2021-06-25 07:00:00+00:00,usdcad,1.230235,1.231085,1.229995,1.230325
2021-06-25 08:00:00+00:00,usdcad,1.23029,1.231035,1.230095,1.230245
2021-06-25 09:00:00+00:00,usdcad,1.230865,1.23097,1.229895,1.230285
2021-06-25 10:00:00+00:00,usdcad,1.230345,1.23136,1.230175,1.230855
2021-06-25 11:00:00+00:00,usdcad,1.230885,1.231315,1.2303,1.23035
2021-06-25 12:00:00+00:00,usdcad,1.229285,1.230935,1.228435,1.230875
2021-06-25 13:00:00+00:00,usdcad,1.229125,1.229775,1.22898,1.22929
2021-06-25 14:00:00+00:00,usdcad,1.22863,1.229655,1.228625,1.229115
2021-06-25 15:00:00+00:00,usdcad,1.227955,1.22871,1.227275,1.228635
2021-06-25 16:00:00+00:00,usdcad,1.22823,1.228885,1.22723,1.227945
2021-06-25 17:00:00+00:00,usdcad,1.229375,1.229465,1.227885,1.228225
2021-06-25 18:00:00+00:00,usdcad,1.229825,1.229975,1.22921,1.22937
2021-06-25 19:00:00+00:00,usdcad,1.230515,1.230765,1.22937,1.22982
2021-06-25 20:00:00+00:00,usdcad,1.229675,1.231015,1.229515,1.23051
2021-06-25 21:00:00+00:00,usdcad,1.22937,1.23025,1.22937,1.229665
2021-06-27 21:00:00+00:00,usdcad,1.229655,1.229885,1.22952,1.229695
2021-06-27 22:00:00+00:00,usdcad,1.229715,1.2305,1.229245,1.22965
2021-06-27 23:00:00+00:00,usdcad,1.229415,1.22976,1.229385,1.22971
2021-06-28 00:00:00+00:00,usdcad,1.229555,1.229745,1.22909,1.22941
2021-06-28 01:00:00+00:00,usdcad,1.230835,1.23113,1.228955,1.229565
2021-06-28 02:00:00+00:00,usdcad,1.23075,1.231345,1.23043,1.23083
2021-06-28 03:00:00+00:00,usdcad,1.230805,1.231185,1.230705,1.230755
2021-06-28 04:00:00+00:00,usdcad,1.230985,1.231005,1.230665,1.230795
2021-06-28 05:00:00+00:00,usdcad,1.230445,1.230995,1.230135,1.230975
2021-06-28 06:00:00+00:00,usdcad,1.229735,1.230845,1.229535,1.23043
2021-06-28 07:00:00+00:00,usdcad,1.22915,1.230025,1.228795,1.22974
2021-06-28 08:00:00+00:00,usdcad,1.23028,1.231055,1.228915,1.229155
2021-06-28 09:00:00+00:00,usdcad,1.230485,1.23075,1.229285,1.230275
2021-06-28 10:00:00+00:00,usdcad,1.231455,1.231885,1.230345,1.23049
2021-06-28 11:00:00+00:00,usdcad,1.233105,1.233105,1.231115,1.23145
2021-06-28 12:00:00+00:00,usdcad,1.23354,1.234055,1.232845,1.233095
2021-06-28 13:00:00+00:00,usdcad,1.233105,1.233965,1.232695,1.233535
2021-06-28 14:00:00+00:00,usdcad,1.232585,1.23479,1.232535,1.23311
2021-06-28 15:00:00+00:00,usdcad,1.232655,1.23332,1.232345,1.232595
2021-06-28 16:00:00+00:00,usdcad,1.23225,1.23428,1.232095,1.232645
2021-06-28 17:00:00+00:00,usdcad,1.233765,1.233795,1.232245,1.232245
2021-06-28 18:00:00+00:00,usdcad,1.23376,1.234605,1.23352,1.23377
2021-06-28 19:00:00+00:00,usdcad,1.234345,1.234635,1.233135,1.23375
2021-06-28 20:00:00+00:00,usdcad,1.233875,1.23457,1.233835,1.234355
2021-06-28 21:00:00+00:00,usdcad,1.233895,1.234395,1.233675,1.233895
2021-06-28 22:00:00+00:00,usdcad,1.23395,1.234095,1.23372,1.233885
2021-06-28 23:00:00+00:00,usdcad,1.233495,1.234055,1.23334,1.233945
2021-06-29 00:00:00+00:00,usdcad,1.233715,1.234335,1.233195,1.233485
2021-06-29 01:00:00+00:00,usdcad,1.233725,1.233875,1.233175,1.23371
2021-06-29 02:00:00+00:00,usdcad,1.234485,1.23468,1.233715,1.23373
2021-06-29 03:00:00+00:00,usdcad,1.23469,1.234895,1.234475,1.23448
2021-06-29 04:00:00+00:00,usdcad,1.234575,1.234705,1.23415,1.234685
2021-06-29 05:00:00+00:00,usdcad,1.233825,1.234635,1.233655,1.234565
2021-06-29 06:00:00+00:00,usdcad,1.234385,1.234505,1.233605,1.23382
2021-06-29 07:00:00+00:00,usdcad,1.235655,1.235885,1.234045,1.234375
2021-06-29 08:00:00+00:00,usdcad,1.238025,1.238205,1.235615,1.23566
2021-06-29 09:00:00+00:00,usdcad,1.236875,1.238255,1.236455,1.23802
2021-06-29 10:00:00+00:00,usdcad,1.236935,1.237695,1.236255,1.236865
2021-06-29 11:00:00+00:00,usdcad,1.238495,1.238775,1.236855,1.23693
2021-06-29 12:00:00+00:00,usdcad,1.237335,1.238515,1.23697,1.238485
2021-06-29 13:00:00+00:00,usdcad,1.237675,1.237675,1.236495,1.23734
2021-06-29 14:00:00+00:00,usdcad,1.238735,1.239845,1.237375,1.23763
2021-06-29 15:00:00+00:00,usdcad,1.237795,1.239065,1.237525,1.23874
2021-06-29 16:00:00+00:00,usdcad,1.239335,1.23945,1.237495,1.2378
2021-06-29 17:00:00+00:00,usdcad,1.239125,1.23976,1.238965,1.239345
2021-06-29 18:00:00+00:00,usdcad,1.23928,1.239435,1.238335,1.23913
2021-06-29 19:00:00+00:00,usdcad,1.239525,1.23972,1.239175,1.239285
2021-06-29 20:00:00+00:00,usdcad,1.240105,1.240315,1.239015,1.239515
2021-06-29 21:00:00+00:00,usdcad,1.239895,1.240105,1.239775,1.240025
2021-06-29 22:00:00+00:00,usdcad,1.240115,1.240115,1.239715,1.23988
2021-06-29 23:00:00+00:00,usdcad,1.239755,1.240325,1.239695,1.24012
2021-06-30 00:00:00+00:00,usdcad,1.239755,1.240265,1.239305,1.23976
2021-06-30 01:00:00+00:00,usdcad,1.239715,1.24042,1.239165,1.23975
2021-06-30 02:00:00+00:00,usdcad,1.239635,1.239745,1.239155,1.239725
2021-06-30 03:00:00+00:00,usdcad,1.23957,1.240125,1.239565,1.23964
2021-06-30 04:00:00+00:00,usdcad,1.239155,1.239645,1.239095,1.239575
2021-06-30 05:00:00+00:00,usdcad,1.239395,1.239395,1.238815,1.23916
2021-06-30 06:00:00+00:00,usdcad,1.23841,1.23976,1.23825,1.2394
2021-06-30 07:00:00+00:00,usdcad,1.239775,1.240245,1.238415,1.238415
2021-06-30 08:00:00+00:00,usdcad,1.242095,1.242155,1.23974,1.23977
2021-06-30 09:00:00+00:00,usdcad,1.240525,1.242355,1.240465,1.24209
2021-06-30 10:00:00+00:00,usdcad,1.239545,1.240765,1.239145,1.240515
2021-06-30 11:00:00+00:00,usdcad,1.238345,1.239755,1.238195,1.23954
2021-06-30 12:00:00+00:00,usdcad,1.238375,1.23894,1.236905,1.238355
2021-06-30 13:00:00+00:00,usdcad,1.237135,1.239585,1.236985,1.23837
2021-06-30 14:00:00+00:00,usdcad,1.23806,1.240535,1.235585,1.23697
2021-06-30 15:00:00+00:00,usdcad,1.24049,1.240705,1.237635,1.238065
2021-06-30 16:00:00+00:00,usdcad,1.240775,1.242135,1.239875,1.240485
2021-06-30 17:00:00+00:00,usdcad,1.241005,1.241495,1.239985,1.24077
2021-06-30 18:00:00+00:00,usdcad,1.240475,1.241405,1.239915,1.240995
2021-06-30 19:00:00+00:00,usdcad,1.239775,1.2412,1.23944,1.240465
2021-06-30 20:00:00+00:00,usdcad,1.239845,1.239865,1.239105,1.23974
2021-06-30 21:00:00+00:00,usdcad,1.23984,1.24016,1.239685,1.240075
2021-06-30 22:00:00+00:00,usdcad,1.239415,1.24004,1.239415,1.239835
2021-06-30 23:00:00+00:00,usdcad,1.23944,1.239595,1.239055,1.23942
2021-07-01 00:00:00+00:00,usdcad,1.240935,1.240995,1.239365,1.239435
2021-07-01 01:00:00+00:00,usdcad,1.240355,1.24093,1.240055,1.24093
2021-07-01 02:00:00+00:00,usdcad,1.240135,1.240745,1.240045,1.24036
2021-07-01 03:00:00+00:00,usdcad,1.23969,1.240465,1.23966,1.24014
2021-07-01 04:00:00+00:00,usdcad,1.239985,1.24021,1.239515,1.239695
2021-07-01 05:00:00+00:00,usdcad,1.24033,1.240885,1.239965,1.23998
2021-07-01 06:00:00+00:00,usdcad,1.240195,1.240965,1.23996,1.240325
2021-07-01 07:00:00+00:00,usdcad,1.24005,1.240405,1.238765,1.24019
2021-07-01 08:00:00+00:00,usdcad,1.241265,1.241305,1.239775,1.240045
2021-07-01 09:00:00+00:00,usdcad,1.240335,1.241735,1.239905,1.241275
2021-07-01 10:00:00+00:00,usdcad,1.239675,1.24118,1.239675,1.240345
2021-07-01 11:00:00+00:00,usdcad,1.238065,1.239885,1.238045,1.239685
2021-07-01 12:00:00+00:00,usdcad,1.237775,1.238465,1.236485,1.23807
2021-07-01 13:00:00+00:00,usdcad,1.236835,1.238435,1.236545,1.23777
2021-07-01 14:00:00+00:00,usdcad,1.238915,1.23915,1.236925,1.236925
2021-07-01 15:00:00+00:00,usdcad,1.240565,1.242775,1.23892,1.23892
2021-07-01 16:00:00+00:00,usdcad,1.242585,1.242775,1.240505,1.240555
2021-07-01 17:00:00+00:00,usdcad,1.24338,1.243475,1.242055,1.242595
2021-07-01 18:00:00+00:00,usdcad,1.244415,1.244585,1.24298,1.243385
2021-07-01 19:00:00+00:00,usdcad,1.243915,1.244565,1.243845,1.24442
2021-07-01 20:00:00+00:00,usdcad,1.24362,1.244355,1.243505,1.243925
2021-07-01 21:00:00+00:00,usdcad,1.244065,1.244095,1.24373,1.24373
2021-07-01 22:00:00+00:00,usdcad,1.244,1.244325,1.243715,1.244075
2021-07-01 23:00:00+00:00,usdcad,1.244115,1.244375,1.243875,1.244005
2021-07-02 00:00:00+00:00,usdcad,1.24418,1.244185,1.243625,1.24411
2021-07-02 01:00:00+00:00,usdcad,1.243935,1.244475,1.243625,1.244185
2021-07-02 02:00:00+00:00,usdcad,1.243385,1.244155,1.243145,1.243945
2021-07-02 03:00:00+00:00,usdcad,1.243155,1.24354,1.243065,1.24339
2021-07-02 04:00:00+00:00,usdcad,1.243125,1.2432,1.242825,1.243165
2021-07-02 05:00:00+00:00,usdcad,1.243615,1.243725,1.242835,1.24312
2021-07-02 06:00:00+00:00,usdcad,1.24432,1.244485,1.24326,1.24362
2021-07-02 07:00:00+00:00,usdcad,1.244075,1.244985,1.243615,1.244325
2021-07-02 08:00:00+00:00,usdcad,1.243625,1.244135,1.242385,1.24407
2021-07-02 09:00:00+00:00,usdcad,1.243025,1.243715,1.242685,1.24363
2021-07-02 10:00:00+00:00,usdcad,1.241615,1.243245,1.241275,1.24302
2021-07-02 11:00:00+00:00,usdcad,1.241785,1.241965,1.240255,1.241605
2021-07-02 12:00:00+00:00,usdcad,1.238735,1.242745,1.237915,1.241795
2021-07-02 13:00:00+00:00,usdcad,1.236595,1.2391,1.236595,1.23873
2021-07-02 14:00:00+00:00,usdcad,1.236975,1.23889,1.235875,1.236705
2021-07-02 15:00:00+00:00,usdcad,1.234575,1.237245,1.234265,1.23698
2021-07-02 16:00:00+00:00,usdcad,1.234345,1.235255,1.23422,1.23458
2021-07-02 17:00:00+00:00,usdcad,1.233045,1.234605,1.232875,1.234355
2021-07-02 18:00:00+00:00,usdcad,1.231755,1.233055,1.230935,1.23304
2021-07-02 19:00:00+00:00,usdcad,1.232375,1.232585,1.231755,1.23176
2021-07-02 20:00:00+00:00,usdcad,1.231935,1.23302,1.231895,1.232365
2021-07-05 03:00:00+00:00,usdcad,1.234655,1.234675,1.234115,1.2344
2021-07-05 04:00:00+00:00,usdcad,1.234275,1.234835,1.23421,1.23466
2021-07-05 05:00:00+00:00,usdcad,1.234615,1.234755,1.234115,1.23428
2021-07-05 06:00:00+00:00,usdcad,1.234255,1.234895,1.233425,1.234605
2021-07-05 07:00:00+00:00,usdcad,1.234435,1.23549,1.234205,1.23426
2021-07-05 08:00:00+00:00,usdcad,1.234205,1.234475,1.233485,1.234425
2021-07-05 09:00:00+00:00,usdcad,1.234745,1.234835,1.233735,1.2342
2021-07-05 10:00:00+00:00,usdcad,1.234635,1.235185,1.234405,1.23474
2021-07-05 11:00:00+00:00,usdcad,1.235665,1.235825,1.234485,1.23464
2021-07-05 12:00:00+00:00,usdcad,1.23648,1.236565,1.235495,1.23566
2021-07-05 13:00:00+00:00,usdcad,1.23595,1.236655,1.23534,1.236475
2021-07-05 14:00:00+00:00,usdcad,1.23534,1.237175,1.235325,1.235945
2021-07-05 15:00:00+00:00,usdcad,1.233055,1.235395,1.233035,1.235335
2021-07-05 16:00:00+00:00,usdcad,1.233215,1.23351,1.232455,1.233065
2021-07-05 17:00:00+00:00,usdcad,1.233455,1.233665,1.232505,1.233225
2021-07-05 18:00:00+00:00,usdcad,1.23366,1.233675,1.233185,1.233445
2021-07-05 19:00:00+00:00,usdcad,1.233315,1.233855,1.233265,1.233465
2021-07-05 20:00:00+00:00,usdcad,1.23398,1.235095,1.233305,1.233305
2021-07-05 21:00:00+00:00,usdcad,1.234025,1.234065,1.233655,1.233945
2021-07-05 22:00:00+00:00,usdcad,1.233515,1.234035,1.232705,1.23402
2021-07-05 23:00:00+00:00,usdcad,1.234085,1.234155,1.233495,1.233525
2021-07-06 00:00:00+00:00,usdcad,1.2342,1.234635,1.233675,1.234105
2021-07-06 01:00:00+00:00,usdcad,1.233155,1.23464,1.232825,1.234205
2021-07-06 02:00:00+00:00,usdcad,1.232705,1.233315,1.232585,1.233165
2021-07-06 03:00:00+00:00,usdcad,1.232425,1.23284,1.232105,1.23271
2021-07-06 04:00:00+00:00,usdcad,1.23275,1.2335,1.23242,1.232435
2021-07-06 05:00:00+00:00,usdcad,1.231975,1.232925,1.231935,1.232745
2021-07-06 06:00:00+00:00,usdcad,1.23093,1.232155,1.230405,1.231965
2021-07-06 07:00:00+00:00,usdcad,1.23254,1.232965,1.230925,1.230925
2021-07-06 08:00:00+00:00,usdcad,1.23424,1.235265,1.232375,1.232535
2021-07-06 09:00:00+00:00,usdcad,1.235705,1.236445,1.234045,1.234245
2021-07-06 10:00:00+00:00,usdcad,1.235555,1.236265,1.234805,1.2357
2021-07-06 11:00:00+00:00,usdcad,1.236115,1.23634,1.234855,1.23555
2021-07-06 12:00:00+00:00,usdcad,1.237885,1.237885,1.235675,1.23612
2021-07-06 13:00:00+00:00,usdcad,1.24082,1.24182,1.237775,1.23789
2021-07-06 14:00:00+00:00,usdcad,1.248215,1.249315,1.240475,1.240695
2021-07-06 15:00:00+00:00,usdcad,1.246525,1.24944,1.246275,1.248205
2021-07-06 16:00:00+00:00,usdcad,1.248595,1.249375,1.24634,1.24652
2021-07-06 17:00:00+00:00,usdcad,1.245195,1.249205,1.245115,1.248585
2021-07-06 18:00:00+00:00,usdcad,1.24632,1.246695,1.245205,1.245205
2021-07-06 19:00:00+00:00,usdcad,1.246435,1.246605,1.245325,1.246325
2021-07-06 20:00:00+00:00,usdcad,1.24598,1.246425,1.245465,1.246425
2021-07-06 21:00:00+00:00,usdcad,1.245725,1.246365,1.245715,1.245965
2021-07-06 22:00:00+00:00,usdcad,1.246145,1.246485,1.245715,1.245715
2021-07-06 23:00:00+00:00,usdcad,1.245865,1.246145,1.245685,1.246135
2021-07-07 00:00:00+00:00,usdcad,1.247015,1.247195,1.24586,1.24586
2021-07-07 01:00:00+00:00,usdcad,1.246915,1.247485,1.246385,1.24701
2021-07-07 02:00:00+00:00,usdcad,1.247295,1.24742,1.246745,1.24691
2021-07-07 03:00:00+00:00,usdcad,1.246455,1.247375,1.246435,1.24729
2021-07-07 04:00:00+00:00,usdcad,1.247155,1.247235,1.246045,1.246445
2021-07-07 05:00:00+00:00,usdcad,1.246155,1.247285,1.245915,1.247145
2021-07-07 06:00:00+00:00,usdcad,1.245425,1.246685,1.245345,1.246165
2021-07-07 07:00:00+00:00,usdcad,1.244285,1.246285,1.244075,1.245415
2021-07-07 08:00:00+00:00,usdcad,1.24458,1.24541,1.24356,1.24428
2021-07-07 09:00:00+00:00,usdcad,1.243455,1.244915,1.243325,1.244575
2021-07-07 10:00:00+00:00,usdcad,1.24389,1.244355,1.24331,1.243445
2021-07-07 11:00:00+00:00,usdcad,1.243145,1.244625,1.24293,1.243895
2021-07-07 12:00:00+00:00,usdcad,1.244825,1.244955,1.242325,1.243155
2021-07-07 13:00:00+00:00,usdcad,1.2446,1.245475,1.242835,1.24483
2021-07-07 14:00:00+00:00,usdcad,1.250715,1.25196,1.244515,1.244605
2021-07-07 15:00:00+00:00,usdcad,1.250775,1.251145,1.250065,1.250725
2021-07-07 16:00:00+00:00,usdcad,1.248325,1.250765,1.248195,1.250765
2021-07-07 17:00:00+00:00,usdcad,1.248615,1.248685,1.24689,1.24832
2021-07-07 18:00:00+00:00,usdcad,1.247625,1.248925,1.244975,1.24861
2021-07-07 19:00:00+00:00,usdcad,1.248525,1.248975,1.247485,1.24762
2021-07-07 20:00:00+00:00,usdcad,1.248275,1.24897,1.24821,1.248535
2021-07-07 21:00:00+00:00,usdcad,1.248065,1.248465,1.247745,1.248455
2021-07-07 22:00:00+00:00,usdcad,1.248045,1.248315,1.24804,1.248055
2021-07-07 23:00:00+00:00,usdcad,1.248265,1.248455,1.247865,1.24804
2021-07-08 00:00:00+00:00,usdcad,1.250015,1.250215,1.247885,1.24826
2021-07-08 01:00:00+00:00,usdcad,1.251485,1.251595,1.249715,1.25001
2021-07-08 02:00:00+00:00,usdcad,1.25103,1.251735,1.250935,1.251475
2021-07-08 03:00:00+00:00,usdcad,1.251945,1.252025,1.250595,1.251025
2021-07-08 04:00:00+00:00,usdcad,1.252245,1.252605,1.251855,1.251935
2021-07-08 05:00:00+00:00,usdcad,1.252175,1.25298,1.252045,1.25225
2021-07-08 06:00:00+00:00,usdcad,1.254725,1.25483,1.251995,1.252195
2021-07-08 07:00:00+00:00,usdcad,1.25505,1.25647,1.254435,1.254665
2021-07-08 08:00:00+00:00,usdcad,1.256535,1.257455,1.25497,1.25497
2021-07-08 09:00:00+00:00,usdcad,1.256515,1.25745,1.255195,1.256525
2021-07-08 10:00:00+00:00,usdcad,1.255695,1.259045,1.255245,1.25651
2021-07-08 11:00:00+00:00,usdcad,1.25637,1.256375,1.253885,1.25571
2021-07-08 12:00:00+00:00,usdcad,1.25837,1.25849,1.255675,1.256365
2021-07-08 13:00:00+00:00,usdcad,1.253845,1.258215,1.253315,1.258195
2021-07-08 14:00:00+00:00,usdcad,1.255025,1.255765,1.25311,1.25384
2021-07-08 15:00:00+00:00,usdcad,1.253465,1.255205,1.252575,1.255065
2021-07-08 16:00:00+00:00,usdcad,1.252505,1.253595,1.2523,1.253455
2021-07-08 17:00:00+00:00,usdcad,1.251855,1.253485,1.251765,1.252515
2021-07-08 18:00:00+00:00,usdcad,1.253295,1.253335,1.251835,1.25185
2021-07-08 19:00:00+00:00,usdcad,1.253335,1.254045,1.252445,1.253305
2021-07-08 20:00:00+00:00,usdcad,1.253305,1.253895,1.252805,1.25334
2021-07-08 21:00:00+00:00,usdcad,1.2534,1.253415,1.252585,1.253375
2021-07-08 22:00:00+00:00,usdcad,1.254565,1.254705,1.252865,1.253405
2021-07-08 23:00:00+00:00,usdcad,1.253135,1.254665,1.2528,1.254555
2021-07-09 00:00:00+00:00,usdcad,1.253215,1.253655,1.252495,1.253125
2021-07-09 01:00:00+00:00,usdcad,1.25519,1.255645,1.25311,1.25322
2021-07-09 02:00:00+00:00,usdcad,1.254685,1.255705,1.253955,1.255185
2021-07-09 03:00:00+00:00,usdcad,1.254405,1.254845,1.254065,1.25468
2021-07-09 04:00:00+00:00,usdcad,1.253815,1.254745,1.2535,1.254415
2021-07-09 05:00:00+00:00,usdcad,1.253205,1.25381,1.252855,1.253805
2021-07-09 06:00:00+00:00,usdcad,1.253865,1.253865,1.252835,1.253195
2021-07-09 07:00:00+00:00,usdcad,1.252465,1.254525,1.251645,1.254045
2021-07-09 08:00:00+00:00,usdcad,1.252205,1.252565,1.251445,1.252455
2021-07-09 09:00:00+00:00,usdcad,1.250915,1.252535,1.25075,1.252225
2021-07-09 10:00:00+00:00,usdcad,1.251095,1.252255,1.250805,1.25094
2021-07-09 11:00:00+00:00,usdcad,1.249555,1.25156,1.249075,1.251085
2021-07-09 12:00:00+00:00,usdcad,1.2487,1.249905,1.247125,1.249545
2021-07-09 13:00:00+00:00,usdcad,1.249325,1.249775,1.248265,1.248705
2021-07-09 14:00:00+00:00,usdcad,1.24793,1.250175,1.247465,1.249315
2021-07-09 15:00:00+00:00,usdcad,1.247775,1.248075,1.246655,1.247955
2021-07-09 16:00:00+00:00,usdcad,1.247425,1.248405,1.247385,1.247765
2021-07-09 17:00:00+00:00,usdcad,1.24666,1.247685,1.246615,1.24743
2021-07-09 18:00:00+00:00,usdcad,1.24557,1.246835,1.245335,1.246655
2021-07-09 19:00:00+00:00,usdcad,1.244935,1.24565,1.244885,1.245575
2021-07-09 20:00:00+00:00,usdcad,1.24476,1.245495,1.244345,1.24493
2021-07-11 21:00:00+00:00,usdcad,1.24553,1.24574,1.245015,1.24574
2021-07-11 22:00:00+00:00,usdcad,1.245235,1.24559,1.244765,1.245525
2021-07-11 23:00:00+00:00,usdcad,1.244885,1.245415,1.24469,1.24523
2021-07-12 00:00:00+00:00,usdcad,1.24561,1.24619,1.244875,1.244895
2021-07-12 01:00:00+00:00,usdcad,1.246295,1.246335,1.245115,1.245605
2021-07-12 02:00:00+00:00,usdcad,1.24644,1.246675,1.24611,1.24629
2021-07-12 03:00:00+00:00,usdcad,1.247275,1.247605,1.246345,1.246445
2021-07-12 04:00:00+00:00,usdcad,1.246515,1.247645,1.246515,1.247265
2021-07-12 05:00:00+00:00,usdcad,1.246665,1.247445,1.246385,1.246525
2021-07-12 06:00:00+00:00,usdcad,1.247575,1.247605,1.246355,1.24666
2021-07-12 07:00:00+00:00,usdcad,1.2472,1.248165,1.246365,1.24758
2021-07-12 08:00:00+00:00,usdcad,1.24861,1.24861,1.246145,1.247195
2021-07-12 09:00:00+00:00,usdcad,1.24928,1.249485,1.247925,1.248615
2021-07-12 10:00:00+00:00,usdcad,1.251125,1.251465,1.248805,1.249275
2021-07-12 11:00:00+00:00,usdcad,1.250805,1.251175,1.249585,1.25112
2021-07-12 12:00:00+00:00,usdcad,1.249555,1.250905,1.2494,1.25081
2021-07-12 13:00:00+00:00,usdcad,1.248775,1.25043,1.248315,1.249545
2021-07-12 14:00:00+00:00,usdcad,1.245715,1.249155,1.24527,1.248835
2021-07-12 15:00:00+00:00,usdcad,1.245565,1.246845,1.245435,1.24571
2021-07-12 16:00:00+00:00,usdcad,1.24667,1.246935,1.245555,1.24556
2021-07-12 17:00:00+00:00,usdcad,1.246675,1.246955,1.24627,1.246675
2021-07-12 18:00:00+00:00,usdcad,1.246675,1.246975,1.246135,1.246685
2021-07-12 19:00:00+00:00,usdcad,1.245485,1.246975,1.245455,1.24667
2021-07-12 20:00:00+00:00,usdcad,1.24534,1.245755,1.244945,1.24549
2021-07-12 21:00:00+00:00,usdcad,1.245445,1.245505,1.24523,1.245365
2021-07-12 22:00:00+00:00,usdcad,1.245685,1.245745,1.245345,1.24544
2021-07-12 23:00:00+00:00,usdcad,1.245655,1.245835,1.245455,1.245675
2021-07-13 00:00:00+00:00,usdcad,1.24472,1.245645,1.244645,1.245645
2021-07-13 01:00:00+00:00,usdcad,1.244765,1.245655,1.244645,1.244715
2021-07-13 02:00:00+00:00,usdcad,1.244605,1.245595,1.24457,1.24476
2021-07-13 03:00:00+00:00,usdcad,1.24506,1.2452,1.24426,1.24461
2021-07-13 04:00:00+00:00,usdcad,1.245565,1.245735,1.24497,1.245055
2021-07-13 05:00:00+00:00,usdcad,1.246165,1.2462,1.245515,1.245555
2021-07-13 06:00:00+00:00,usdcad,1.246385,1.246675,1.24575,1.24616
2021-07-13 07:00:00+00:00,usdcad,1.246715,1.24675,1.245305,1.246395
2021-07-13 08:00:00+00:00,usdcad,1.246445,1.24736,1.246425,1.246695
2021-07-13 09:00:00+00:00,usdcad,1.247985,1.24827,1.246425,1.24644
2021-07-13 10:00:00+00:00,usdcad,1.248035,1.248545,1.247505,1.24799
2021-07-13 11:00:00+00:00,usdcad,1.24783,1.249305,1.247745,1.248045
2021-07-13 12:00:00+00:00,usdcad,1.253175,1.253375,1.246945,1.247835
2021-07-13 13:00:00+00:00,usdcad,1.252615,1.25391,1.250865,1.25317
2021-07-13 14:00:00+00:00,usdcad,1.252885,1.253975,1.250925,1.25273
2021-07-13 15:00:00+00:00,usdcad,1.251005,1.253065,1.250615,1.252875
2021-07-13 16:00:00+00:00,usdcad,1.251055,1.251335,1.249965,1.251
2021-07-13 17:00:00+00:00,usdcad,1.251825,1.252155,1.250725,1.25105
2021-07-13 18:00:00+00:00,usdcad,1.251875,1.252635,1.250785,1.25183
2021-07-13 19:00:00+00:00,usdcad,1.251715,1.252215,1.251525,1.25188
2021-07-13 20:00:00+00:00,usdcad,1.251315,1.251835,1.251255,1.251725
2021-07-13 21:00:00+00:00,usdcad,1.251285,1.251555,1.251045,1.251555
2021-07-13 22:00:00+00:00,usdcad,1.252415,1.252455,1.25124,1.251305
2021-07-13 23:00:00+00:00,usdcad,1.252185,1.252515,1.251745,1.252405
2021-07-14 00:00:00+00:00,usdcad,1.251435,1.252465,1.251335,1.25219
2021-07-14 01:00:00+00:00,usdcad,1.25098,1.251495,1.250735,1.251425
2021-07-14 02:00:00+00:00,usdcad,1.25016,1.251045,1.249365,1.250975
2021-07-14 03:00:00+00:00,usdcad,1.250415,1.250625,1.250105,1.250165
2021-07-14 04:00:00+00:00,usdcad,1.250915,1.251155,1.250415,1.250425
2021-07-14 05:00:00+00:00,usdcad,1.250295,1.250965,1.250065,1.25092
2021-07-14 06:00:00+00:00,usdcad,1.249865,1.250755,1.249075,1.250305
2021-07-14 07:00:00+00:00,usdcad,1.251325,1.251365,1.249385,1.24987
2021-07-14 08:00:00+00:00,usdcad,1.251755,1.251775,1.250125,1.251315
2021-07-14 09:00:00+00:00,usdcad,1.250865,1.252635,1.250465,1.25175
2021-07-14 10:00:00+00:00,usdcad,1.250015,1.251005,1.249455,1.25086
2021-07-14 11:00:00+00:00,usdcad,1.247995,1.250255,1.247965,1.25002
2021-07-14 12:00:00+00:00,usdcad,1.245705,1.248115,1.245135,1.24799
2021-07-14 13:00:00+00:00,usdcad,1.246225,1.246435,1.24496,1.245695
2021-07-14 14:00:00+00:00,usdcad,1.2496,1.252115,1.242725,1.246235
2021-07-14 15:00:00+00:00,usdcad,1.252325,1.25245,1.24957,1.249585
2021-07-14 16:00:00+00:00,usdcad,1.251455,1.25235,1.250445,1.252315
2021-07-14 17:00:00+00:00,usdcad,1.2513,1.25216,1.250705,1.251465
2021-07-14 18:00:00+00:00,usdcad,1.250915,1.251715,1.249495,1.251295
2021-07-14 19:00:00+00:00,usdcad,1.250605,1.251535,1.25056,1.25091
2021-07-14 20:00:00+00:00,usdcad,1.251,1.251395,1.250295,1.250615
2021-07-14 21:00:00+00:00,usdcad,1.251205,1.251375,1.25087,1.25098
2021-07-14 22:00:00+00:00,usdcad,1.251475,1.251555,1.25083,1.251225
2021-07-14 23:00:00+00:00,usdcad,1.251635,1.251885,1.251095,1.25147
2021-07-15 00:00:00+00:00,usdcad,1.252805,1.253305,1.251475,1.251625
2021-07-15 01:00:00+00:00,usdcad,1.253575,1.253745,1.252455,1.252795
2021-07-15 02:00:00+00:00,usdcad,1.254825,1.254865,1.253145,1.253585
2021-07-15 03:00:00+00:00,usdcad,1.253815,1.25485,1.253685,1.254815
2021-07-15 04:00:00+00:00,usdcad,1.253915,1.254325,1.253815,1.253835
2021-07-15 05:00:00+00:00,usdcad,1.25268,1.254085,1.252495,1.253925
2021-07-15 06:00:00+00:00,usdcad,1.253125,1.253445,1.251955,1.252685
2021-07-15 07:00:00+00:00,usdcad,1.252875,1.254705,1.252665,1.253115
2021-07-15 08:00:00+00:00,usdcad,1.250675,1.253015,1.250155,1.25288
2021-07-15 09:00:00+00:00,usdcad,1.25084,1.25178,1.250425,1.250685
2021-07-15 10:00:00+00:00,usdcad,1.251965,1.252025,1.250635,1.250845
2021-07-15 11:00:00+00:00,usdcad,1.25323,1.253645,1.251625,1.251955
2021-07-15 12:00:00+00:00,usdcad,1.255615,1.255805,1.253165,1.253235
2021-07-15 13:00:00+00:00,usdcad,1.254895,1.256425,1.25482,1.25561
2021-07-15 14:00:00+00:00,usdcad,1.254845,1.25526,1.25311,1.2549
2021-07-15 15:00:00+00:00,usdcad,1.258185,1.25856,1.254275,1.25485
2021-07-15 16:00:00+00:00,usdcad,1.258725,1.258765,1.256765,1.25821
2021-07-15 17:00:00+00:00,usdcad,1.260495,1.261025,1.258555,1.25873
2021-07-15 18:00:00+00:00,usdcad,1.26086,1.261385,1.25988,1.2605
2021-07-15 19:00:00+00:00,usdcad,1.259905,1.261305,1.259805,1.260855
2021-07-15 20:00:00+00:00,usdcad,1.259545,1.260045,1.258975,1.25991
2021-07-15 21:00:00+00:00,usdcad,1.25934,1.259505,1.258865,1.259395
2021-07-15 22:00:00+00:00,usdcad,1.25934,1.25946,1.258295,1.259315
2021-07-15 23:00:00+00:00,usdcad,1.259225,1.260075,1.259165,1.259345
2021-07-16 00:00:00+00:00,usdcad,1.259065,1.2596,1.258155,1.259255
2021-07-16 01:00:00+00:00,usdcad,1.258775,1.259605,1.258615,1.25907
2021-07-16 02:00:00+00:00,usdcad,1.258075,1.258795,1.257715,1.258765
2021-07-16 03:00:00+00:00,usdcad,1.257425,1.258065,1.257255,1.258065
2021-07-16 04:00:00+00:00,usdcad,1.256965,1.257475,1.256775,1.25743
2021-07-16 05:00:00+00:00,usdcad,1.257135,1.257555,1.256725,1.25696
2021-07-16 06:00:00+00:00,usdcad,1.257525,1.258285,1.257145,1.257145
2021-07-16 07:00:00+00:00,usdcad,1.25962,1.259675,1.257365,1.257535
2021-07-16 08:00:00+00:00,usdcad,1.256495,1.259945,1.256125,1.259625
2021-07-16 09:00:00+00:00,usdcad,1.257425,1.258065,1.256495,1.2565
2021-07-16 10:00:00+00:00,usdcad,1.258855,1.259465,1.257385,1.25743
2021-07-16 11:00:00+00:00,usdcad,1.25954,1.25993,1.258825,1.25886
2021-07-16 12:00:00+00:00,usdcad,1.25883,1.259545,1.257635,1.259535
2021-07-16 13:00:00+00:00,usdcad,1.259175,1.259995,1.257195,1.258825
2021-07-16 14:00:00+00:00,usdcad,1.259615,1.261195,1.258715,1.25917
2021-07-16 15:00:00+00:00,usdcad,1.258735,1.26039,1.258325,1.259835
2021-07-16 16:00:00+00:00,usdcad,1.258635,1.25946,1.257815,1.258745
2021-07-16 17:00:00+00:00,usdcad,1.25967,1.259765,1.258155,1.25863
2021-07-16 18:00:00+00:00,usdcad,1.260565,1.260755,1.259505,1.25968
2021-07-16 19:00:00+00:00,usdcad,1.261145,1.261745,1.260555,1.260575
2021-07-16 20:00:00+00:00,usdcad,1.261445,1.262075,1.260325,1.26114
2021-07-18 21:00:00+00:00,usdcad,1.261065,1.261165,1.260915,1.26093
2021-07-18 22:00:00+00:00,usdcad,1.262075,1.262085,1.261015,1.26107
2021-07-18 23:00:00+00:00,usdcad,1.261795,1.262315,1.261385,1.262065
2021-07-19 00:00:00+00:00,usdcad,1.263485,1.263685,1.261795,1.261805
2021-07-19 01:00:00+00:00,usdcad,1.263305,1.26362,1.26236,1.263495
2021-07-19 02:00:00+00:00,usdcad,1.2641,1.264125,1.263125,1.26331
2021-07-19 03:00:00+00:00,usdcad,1.263895,1.264105,1.263555,1.264105
2021-07-19 04:00:00+00:00,usdcad,1.264125,1.264355,1.263735,1.263885
2021-07-19 05:00:00+00:00,usdcad,1.264525,1.264675,1.263915,1.264115
2021-07-19 06:00:00+00:00,usdcad,1.265975,1.266355,1.26439,1.26453
2021-07-19 07:00:00+00:00,usdcad,1.269665,1.270775,1.265715,1.26597
2021-07-19 08:00:00+00:00,usdcad,1.273305,1.274035,1.269005,1.26966
2021-07-19 09:00:00+00:00,usdcad,1.275515,1.278115,1.273235,1.2733
2021-07-19 10:00:00+00:00,usdcad,1.278395,1.280465,1.275085,1.27552
2021-07-19 11:00:00+00:00,usdcad,1.277555,1.279065,1.27605,1.278385
2021-07-19 12:00:00+00:00,usdcad,1.274635,1.278615,1.273715,1.27755
2021-07-19 13:00:00+00:00,usdcad,1.274995,1.275555,1.27335,1.274645
2021-07-19 14:00:00+00:00,usdcad,1.277705,1.27798,1.273955,1.27501
2021-07-19 15:00:00+00:00,usdcad,1.275295,1.278145,1.275095,1.27771
2021-07-19 16:00:00+00:00,usdcad,1.277245,1.277795,1.275255,1.2753
2021-07-19 17:00:00+00:00,usdcad,1.275985,1.277305,1.275575,1.277255
2021-07-19 18:00:00+00:00,usdcad,1.27586,1.276605,1.275145,1.275995
2021-07-19 19:00:00+00:00,usdcad,1.27469,1.276445,1.274665,1.275865
2021-07-19 20:00:00+00:00,usdcad,1.274635,1.275015,1.273935,1.274695
2021-07-19 21:00:00+00:00,usdcad,1.274965,1.274965,1.274585,1.274745
2021-07-19 22:00:00+00:00,usdcad,1.27524,1.27543,1.274625,1.274945
2021-07-19 23:00:00+00:00,usdcad,1.275015,1.27524,1.274745,1.275235
2021-07-20 00:00:00+00:00,usdcad,1.27452,1.275005,1.274005,1.275005
2021-07-20 01:00:00+00:00,usdcad,1.273805,1.274855,1.273795,1.274515
2021-07-20 02:00:00+00:00,usdcad,1.274275,1.274275,1.273345,1.2738
2021-07-20 03:00:00+00:00,usdcad,1.275425,1.27557,1.274015,1.27427
2021-07-20 04:00:00+00:00,usdcad,1.275835,1.27663,1.2754,1.27541
2021-07-20 05:00:00+00:00,usdcad,1.27693,1.277475,1.27566,1.27583
2021-07-20 06:00:00+00:00,usdcad,1.277475,1.278455,1.276335,1.276925
2021-07-20 07:00:00+00:00,usdcad,1.277945,1.278475,1.276085,1.277485
2021-07-20 08:00:00+00:00,usdcad,1.2753,1.278025,1.275035,1.27795
2021-07-20 09:00:00+00:00,usdcad,1.275065,1.275785,1.273795,1.275305
2021-07-20 10:00:00+00:00,usdcad,1.276165,1.27654,1.274415,1.27507
2021-07-20 11:00:00+00:00,usdcad,1.274995,1.276685,1.274075,1.276335
2021-07-20 12:00:00+00:00,usdcad,1.277295,1.277855,1.274655,1.275
2021-07-20 13:00:00+00:00,usdcad,1.275795,1.278685,1.274165,1.27719
2021-07-20 14:00:00+00:00,usdcad,1.274155,1.275895,1.273185,1.275805
2021-07-20 15:00:00+00:00,usdcad,1.272475,1.27555,1.272245,1.27416
2021-07-20 16:00:00+00:00,usdcad,1.271035,1.273135,1.271025,1.27248
2021-07-20 17:00:00+00:00,usdcad,1.271785,1.272495,1.270945,1.27103
2021-07-20 18:00:00+00:00,usdcad,1.269585,1.27183,1.269145,1.271795
2021-07-20 19:00:00+00:00,usdcad,1.267795,1.269575,1.267515,1.269575
2021-07-20 20:00:00+00:00,usdcad,1.268145,1.268255,1.267475,1.26779
2021-07-20 21:00:00+00:00,usdcad,1.267845,1.268105,1.26768,1.268025
2021-07-20 22:00:00+00:00,usdcad,1.267955,1.268125,1.267595,1.26783
2021-07-20 23:00:00+00:00,usdcad,1.267575,1.268125,1.267415,1.26795
2021-07-21 00:00:00+00:00,usdcad,1.268305,1.268445,1.267355,1.26758
2021-07-21 01:00:00+00:00,usdcad,1.269285,1.269565,1.268055,1.268295
2021-07-21 02:00:00+00:00,usdcad,1.271275,1.271275,1.269265,1.26928
2021-07-21 03:00:00+00:00,usdcad,1.270155,1.271315,1.270095,1.27127
2021-07-21 04:00:00+00:00,usdcad,1.270745,1.27075,1.270115,1.270145
2021-07-21 05:00:00+00:00,usdcad,1.27164,1.271705,1.270185,1.27075
2021-07-21 06:00:00+00:00,usdcad,1.271735,1.272955,1.271325,1.271645
2021-07-21 07:00:00+00:00,usdcad,1.270075,1.272865,1.270065,1.27173
2021-07-21 08:00:00+00:00,usdcad,1.267455,1.270905,1.267115,1.270085
2021-07-21 09:00:00+00:00,usdcad,1.268475,1.268865,1.267165,1.26745
2021-07-21 10:00:00+00:00,usdcad,1.268345,1.268825,1.267595,1.26847
2021-07-21 11:00:00+00:00,usdcad,1.26995,1.270465,1.267945,1.26835
2021-07-21 12:00:00+00:00,usdcad,1.266555,1.270035,1.266485,1.269955
2021-07-21 13:00:00+00:00,usdcad,1.26337,1.266745,1.262935,1.266565
2021-07-21 14:00:00+00:00,usdcad,1.258385,1.263505,1.25825,1.263365
2021-07-21 15:00:00+00:00,usdcad,1.254065,1.25876,1.252585,1.25847
2021-07-21 16:00:00+00:00,usdcad,1.255885,1.256915,1.253345,1.254055
2021-07-21 17:00:00+00:00,usdcad,1.255665,1.256215,1.25518,1.255875
2021-07-21 18:00:00+00:00,usdcad,1.255995,1.25613,1.255285,1.25566
2021-07-21 19:00:00+00:00,usdcad,1.256465,1.25677,1.255845,1.255985
2021-07-21 20:00:00+00:00,usdcad,1.256095,1.256975,1.25589,1.256455
2021-07-21 21:00:00+00:00,usdcad,1.256375,1.2568,1.255665,1.256085
2021-07-21 22:00:00+00:00,usdcad,1.256615,1.25665,1.255915,1.25637
2021-07-21 23:00:00+00:00,usdcad,1.257155,1.257215,1.256435,1.25661
2021-07-22 00:00:00+00:00,usdcad,1.258225,1.258235,1.25691,1.257125
2021-07-22 01:00:00+00:00,usdcad,1.257685,1.258435,1.257395,1.258205
2021-07-22 02:00:00+00:00,usdcad,1.258025,1.258025,1.257325,1.25769
2021-07-22 03:00:00+00:00,usdcad,1.257625,1.258145,1.257215,1.258035
2021-07-22 04:00:00+00:00,usdcad,1.258335,1.258355,1.257325,1.257665
2021-07-22 05:00:00+00:00,usdcad,1.258585,1.258835,1.257915,1.258345
2021-07-22 06:00:00+00:00,usdcad,1.257525,1.258845,1.257245,1.25858
2021-07-22 07:00:00+00:00,usdcad,1.257135,1.25768,1.256205,1.25752
2021-07-22 08:00:00+00:00,usdcad,1.256965,1.257785,1.25604,1.25714
2021-07-22 09:00:00+00:00,usdcad,1.255935,1.257515,1.255455,1.25697
2021-07-22 10:00:00+00:00,usdcad,1.254905,1.256475,1.25479,1.25594
2021-07-22 11:00:00+00:00,usdcad,1.254125,1.256555,1.25392,1.254915
2021-07-22 12:00:00+00:00,usdcad,1.255865,1.25734,1.254125,1.25413
2021-07-22 13:00:00+00:00,usdcad,1.258025,1.259335,1.252935,1.255935
2021-07-22 14:00:00+00:00,usdcad,1.257255,1.25943,1.256555,1.258015
2021-07-22 15:00:00+00:00,usdcad,1.257955,1.25938,1.256845,1.25713
2021-07-22 16:00:00+00:00,usdcad,1.25661,1.258345,1.256495,1.257945
2021-07-22 17:00:00+00:00,usdcad,1.256665,1.257785,1.256455,1.256605
2021-07-22 18:00:00+00:00,usdcad,1.25572,1.256925,1.255565,1.256675
2021-07-22 19:00:00+00:00,usdcad,1.256575,1.25676,1.255395,1.25572
2021-07-22 20:00:00+00:00,usdcad,1.256165,1.257035,1.255575,1.25658
2021-07-22 21:00:00+00:00,usdcad,1.256275,1.256415,1.256065,1.256245
2021-07-22 22:00:00+00:00,usdcad,1.256345,1.256455,1.255905,1.256255
2021-07-22 23:00:00+00:00,usdcad,1.256445,1.25669,1.25604,1.256355
2021-07-23 00:00:00+00:00,usdcad,1.255895,1.25654,1.25554,1.25644
2021-07-23 01:00:00+00:00,usdcad,1.256775,1.256785,1.255595,1.2559
2021-07-23 02:00:00+00:00,usdcad,1.256995,1.257165,1.256525,1.25678
2021-07-23 03:00:00+00:00,usdcad,1.257085,1.257115,1.256655,1.256985
2021-07-23 04:00:00+00:00,usdcad,1.257245,1.257325,1.256905,1.257095
2021-07-23 05:00:00+00:00,usdcad,1.257475,1.257615,1.25665,1.25724
2021-07-23 06:00:00+00:00,usdcad,1.257295,1.257845,1.256465,1.25748
2021-07-23 07:00:00+00:00,usdcad,1.257255,1.258185,1.257035,1.2573
2021-07-23 08:00:00+00:00,usdcad,1.25663,1.257525,1.256315,1.25725
2021-07-23 09:00:00+00:00,usdcad,1.256775,1.2574,1.256015,1.256635
2021-07-23 10:00:00+00:00,usdcad,1.256235,1.25713,1.256065,1.256785
2021-07-23 11:00:00+00:00,usdcad,1.256715,1.25825,1.256055,1.25623
2021-07-23 12:00:00+00:00,usdcad,1.256635,1.257435,1.256005,1.25672
2021-07-23 13:00:00+00:00,usdcad,1.259005,1.25933,1.2563,1.25663
2021-07-23 14:00:00+00:00,usdcad,1.258875,1.260735,1.25859,1.25899
2021-07-23 15:00:00+00:00,usdcad,1.258255,1.25896,1.257465,1.258895
2021-07-23 16:00:00+00:00,usdcad,1.257315,1.25825,1.257095,1.25825
2021-07-23 17:00:00+00:00,usdcad,1.257375,1.257845,1.25708,1.257325
2021-07-23 18:00:00+00:00,usdcad,1.25755,1.257885,1.257215,1.257385
2021-07-23 19:00:00+00:00,usdcad,1.256895,1.257545,1.25655,1.257545
2021-07-23 20:00:00+00:00,usdcad,1.256455,1.256925,1.25586,1.256905
2021-07-25 21:00:00+00:00,usdcad,1.256155,1.25628,1.255975,1.25614
2021-07-25 22:00:00+00:00,usdcad,1.25692,1.256975,1.255925,1.25615
2021-07-25 23:00:00+00:00,usdcad,1.256865,1.257295,1.256565,1.256925
2021-07-26 00:00:00+00:00,usdcad,1.257915,1.258385,1.25681,1.256885
2021-07-26 01:00:00+00:00,usdcad,1.258085,1.258545,1.257355,1.257925
2021-07-26 02:00:00+00:00,usdcad,1.258575,1.258695,1.25767,1.25808
2021-07-26 03:00:00+00:00,usdcad,1.258075,1.258775,1.258035,1.258565
2021-07-26 04:00:00+00:00,usdcad,1.257505,1.258065,1.257225,1.258065
2021-07-26 05:00:00+00:00,usdcad,1.258035,1.258575,1.257505,1.257515
2021-07-26 06:00:00+00:00,usdcad,1.258885,1.259035,1.25757,1.25804
2021-07-26 07:00:00+00:00,usdcad,1.257415,1.258895,1.256015,1.258865
2021-07-26 08:00:00+00:00,usdcad,1.256515,1.2591,1.256425,1.257405
2021-07-26 09:00:00+00:00,usdcad,1.255055,1.257025,1.254525,1.256505
2021-07-26 10:00:00+00:00,usdcad,1.256185,1.256375,1.2548,1.25506
2021-07-26 11:00:00+00:00,usdcad,1.255725,1.256705,1.255705,1.25619
2021-07-26 12:00:00+00:00,usdcad,1.257775,1.258865,1.255155,1.255715
2021-07-26 13:00:00+00:00,usdcad,1.255025,1.25875,1.254915,1.25778
2021-07-26 14:00:00+00:00,usdcad,1.253705,1.255315,1.252825,1.255035
2021-07-26 15:00:00+00:00,usdcad,1.254045,1.254595,1.253505,1.25371
2021-07-26 16:00:00+00:00,usdcad,1.254165,1.254815,1.254055,1.254055
2021-07-26 17:00:00+00:00,usdcad,1.254955,1.255385,1.253925,1.25416
2021-07-26 18:00:00+00:00,usdcad,1.254815,1.255435,1.254135,1.25495
2021-07-26 19:00:00+00:00,usdcad,1.254185,1.255055,1.25404,1.254805
2021-07-26 20:00:00+00:00,usdcad,1.254995,1.255,1.254035,1.254175
2021-07-26 21:00:00+00:00,usdcad,1.254585,1.254995,1.254495,1.254685
2021-07-26 22:00:00+00:00,usdcad,1.254465,1.254835,1.254365,1.2546
2021-07-26 23:00:00+00:00,usdcad,1.254335,1.254565,1.253835,1.254455
2021-07-27 00:00:00+00:00,usdcad,1.254185,1.254725,1.253845,1.25434
2021-07-27 01:00:00+00:00,usdcad,1.254535,1.25477,1.254055,1.254195
2021-07-27 02:00:00+00:00,usdcad,1.254335,1.255345,1.254235,1.254525
2021-07-27 03:00:00+00:00,usdcad,1.254495,1.254965,1.25433,1.25434
2021-07-27 04:00:00+00:00,usdcad,1.254785,1.255025,1.254345,1.254485
2021-07-27 05:00:00+00:00,usdcad,1.255365,1.255595,1.254765,1.25478
2021-07-27 06:00:00+00:00,usdcad,1.25615,1.256445,1.255355,1.255355
2021-07-27 07:00:00+00:00,usdcad,1.257865,1.259275,1.255985,1.256145
2021-07-27 08:00:00+00:00,usdcad,1.25875,1.259275,1.257065,1.25784
2021-07-27 09:00:00+00:00,usdcad,1.257535,1.259215,1.257135,1.258755
2021-07-27 10:00:00+00:00,usdcad,1.257545,1.258095,1.256985,1.257545
2021-07-27 11:00:00+00:00,usdcad,1.257115,1.258195,1.256905,1.257535
2021-07-27 12:00:00+00:00,usdcad,1.25552,1.257265,1.255375,1.25711
2021-07-27 13:00:00+00:00,usdcad,1.258365,1.25905,1.255485,1.255515
2021-07-27 14:00:00+00:00,usdcad,1.256735,1.259465,1.256395,1.258375
2021-07-27 15:00:00+00:00,usdcad,1.258115,1.25892,1.256015,1.256675
2021-07-27 16:00:00+00:00,usdcad,1.2579,1.258665,1.25733,1.25811
2021-07-27 17:00:00+00:00,usdcad,1.258565,1.258705,1.257345,1.257905
2021-07-27 18:00:00+00:00,usdcad,1.259265,1.259275,1.257835,1.258575
2021-07-27 19:00:00+00:00,usdcad,1.259415,1.259905,1.25867,1.25926
2021-07-27 20:00:00+00:00,usdcad,1.260235,1.26046,1.25898,1.25942
2021-07-27 21:00:00+00:00,usdcad,1.260105,1.260365,1.259885,1.260235
2021-07-27 22:00:00+00:00,usdcad,1.259885,1.260465,1.259785,1.260125
2021-07-27 23:00:00+00:00,usdcad,1.259165,1.259965,1.259095,1.259875
2021-07-28 00:00:00+00:00,usdcad,1.259435,1.259775,1.258675,1.25916
2021-07-28 01:00:00+00:00,usdcad,1.258745,1.259425,1.258125,1.259415
2021-07-28 02:00:00+00:00,usdcad,1.258175,1.25975,1.25795,1.25874
2021-07-28 03:00:00+00:00,usdcad,1.258805,1.258835,1.257855,1.25818
2021-07-28 04:00:00+00:00,usdcad,1.258645,1.2588,1.258285,1.2588
2021-07-28 05:00:00+00:00,usdcad,1.258175,1.259625,1.258155,1.25865
2021-07-28 06:00:00+00:00,usdcad,1.258525,1.258855,1.257515,1.25818
2021-07-28 07:00:00+00:00,usdcad,1.258285,1.259085,1.257505,1.25852
2021-07-28 08:00:00+00:00,usdcad,1.25687,1.259305,1.256715,1.25828
2021-07-28 09:00:00+00:00,usdcad,1.256535,1.2571,1.256065,1.256865
2021-07-28 10:00:00+00:00,usdcad,1.257615,1.258025,1.256155,1.25654
2021-07-28 11:00:00+00:00,usdcad,1.256415,1.257605,1.256415,1.257605
2021-07-28 12:00:00+00:00,usdcad,1.258815,1.258865,1.256045,1.256425
2021-07-28 13:00:00+00:00,usdcad,1.259535,1.260265,1.257525,1.25882
2021-07-28 14:00:00+00:00,usdcad,1.257965,1.25963,1.256995,1.25957
2021-07-28 15:00:00+00:00,usdcad,1.25637,1.257965,1.255505,1.25796
2021-07-28 16:00:00+00:00,usdcad,1.255895,1.256765,1.255765,1.256365
2021-07-28 17:00:00+00:00,usdcad,1.256555,1.257015,1.255285,1.255885
2021-07-28 18:00:00+00:00,usdcad,1.253225,1.260255,1.252455,1.25655
2021-07-28 19:00:00+00:00,usdcad,1.253065,1.253805,1.25244,1.253015
2021-07-28 20:00:00+00:00,usdcad,1.252625,1.25317,1.251585,1.25307
2021-07-28 21:00:00+00:00,usdcad,1.252465,1.252565,1.252395,1.252445
2021-07-28 22:00:00+00:00,usdcad,1.25236,1.252485,1.25202,1.25247
2021-07-28 23:00:00+00:00,usdcad,1.252045,1.252375,1.251965,1.252355
2021-07-29 00:00:00+00:00,usdcad,1.252455,1.253055,1.25189,1.25205
2021-07-29 01:00:00+00:00,usdcad,1.251905,1.252825,1.251865,1.25245
2021-07-29 02:00:00+00:00,usdcad,1.250715,1.252455,1.250145,1.2519
2021-07-29 03:00:00+00:00,usdcad,1.249235,1.250955,1.249175,1.25071
2021-07-29 04:00:00+00:00,usdcad,1.248845,1.249285,1.248595,1.249245
2021-07-29 05:00:00+00:00,usdcad,1.248995,1.249105,1.248405,1.24884
2021-07-29 06:00:00+00:00,usdcad,1.248825,1.249115,1.24818,1.248985
2021-07-29 07:00:00+00:00,usdcad,1.246735,1.248845,1.246735,1.248805
2021-07-29 08:00:00+00:00,usdcad,1.246425,1.247145,1.245155,1.246755
2021-07-29 09:00:00+00:00,usdcad,1.246815,1.247285,1.246255,1.24643
2021-07-29 10:00:00+00:00,usdcad,1.247145,1.247435,1.246395,1.246805
2021-07-29 11:00:00+00:00,usdcad,1.246875,1.247575,1.246755,1.247135
2021-07-29 12:00:00+00:00,usdcad,1.246315,1.247385,1.245565,1.246865
2021-07-29 13:00:00+00:00,usdcad,1.247065,1.247895,1.24577,1.246315
2021-07-29 14:00:00+00:00,usdcad,1.24458,1.248055,1.244365,1.247325
2021-07-29 15:00:00+00:00,usdcad,1.244,1.245195,1.243455,1.244815
2021-07-29 16:00:00+00:00,usdcad,1.244395,1.244995,1.243905,1.243995
2021-07-29 17:00:00+00:00,usdcad,1.243875,1.244605,1.243365,1.244405
2021-07-29 18:00:00+00:00,usdcad,1.243675,1.244445,1.243245,1.243885
2021-07-29 19:00:00+00:00,usdcad,1.24483,1.24513,1.243685,1.243685
2021-07-29 20:00:00+00:00,usdcad,1.244655,1.245095,1.244145,1.244835
2021-07-29 21:00:00+00:00,usdcad,1.244705,1.24492,1.244075,1.244635
2021-07-29 22:00:00+00:00,usdcad,1.2441,1.244725,1.244085,1.244725
2021-07-29 23:00:00+00:00,usdcad,1.244985,1.245075,1.243925,1.244095
2021-07-30 00:00:00+00:00,usdcad,1.246255,1.24643,1.244755,1.244975
2021-07-30 01:00:00+00:00,usdcad,1.246565,1.247275,1.24612,1.246245
2021-07-30 02:00:00+00:00,usdcad,1.244935,1.24674,1.244855,1.246575
2021-07-30 03:00:00+00:00,usdcad,1.245115,1.24538,1.244795,1.24494
2021-07-30 04:00:00+00:00,usdcad,1.245005,1.245235,1.244795,1.245085
2021-07-30 05:00:00+00:00,usdcad,1.245425,1.24555,1.244915,1.245015
2021-07-30 06:00:00+00:00,usdcad,1.244695,1.24553,1.244595,1.24542
2021-07-30 07:00:00+00:00,usdcad,1.243785,1.245095,1.243545,1.2447
2021-07-30 08:00:00+00:00,usdcad,1.242935,1.244345,1.242675,1.243775
2021-07-30 09:00:00+00:00,usdcad,1.244015,1.244235,1.242685,1.24294
2021-07-30 10:00:00+00:00,usdcad,1.243835,1.24477,1.243275,1.24402
2021-07-30 11:00:00+00:00,usdcad,1.244605,1.245075,1.243655,1.24383
2021-07-30 12:00:00+00:00,usdcad,1.243795,1.244905,1.242975,1.244595
2021-07-30 13:00:00+00:00,usdcad,1.243175,1.244435,1.24225,1.24379
2021-07-30 14:00:00+00:00,usdcad,1.24759,1.248845,1.242425,1.243165
2021-07-30 15:00:00+00:00,usdcad,1.246595,1.248615,1.246445,1.247715
2021-07-30 16:00:00+00:00,usdcad,1.247535,1.247905,1.246585,1.246605
2021-07-30 17:00:00+00:00,usdcad,1.24806,1.248345,1.24694,1.24753
2021-07-30 18:00:00+00:00,usdcad,1.24801,1.249165,1.247705,1.248055
2021-07-30 19:00:00+00:00,usdcad,1.247985,1.248025,1.246925,1.248005
2021-07-30 20:00:00+00:00,usdcad,1.247455,1.248055,1.246075,1.247975
2021-08-01 21:00:00+00:00,usdcad,1.24791,1.24848,1.247235,1.24832
2021-08-01 22:00:00+00:00,usdcad,1.247065,1.247935,1.24646,1.247915
2021-08-01 23:00:00+00:00,usdcad,1.246785,1.247425,1.246755,1.24707
2021-08-02 00:00:00+00:00,usdcad,1.247665,1.24788,1.24679,1.246805
2021-08-02 01:00:00+00:00,usdcad,1.248435,1.248635,1.24747,1.247655
2021-08-02 02:00:00+00:00,usdcad,1.24796,1.249115,1.247565,1.24844
2021-08-02 03:00:00+00:00,usdcad,1.247535,1.248215,1.247475,1.247965
2021-08-02 04:00:00+00:00,usdcad,1.247795,1.247805,1.247255,1.24753
2021-08-02 05:00:00+00:00,usdcad,1.247425,1.24814,1.247035,1.2478
2021-08-02 06:00:00+00:00,usdcad,1.24688,1.24781,1.246775,1.24742
2021-08-02 07:00:00+00:00,usdcad,1.247035,1.247395,1.245905,1.246885
2021-08-02 08:00:00+00:00,usdcad,1.246985,1.247515,1.245865,1.247025
2021-08-02 09:00:00+00:00,usdcad,1.245785,1.24733,1.245765,1.246995
2021-08-02 10:00:00+00:00,usdcad,1.246955,1.247005,1.245545,1.245795
2021-08-02 11:00:00+00:00,usdcad,1.246405,1.247255,1.246255,1.24696
2021-08-02 12:00:00+00:00,usdcad,1.247045,1.247125,1.245685,1.246415
2021-08-02 13:00:00+00:00,usdcad,1.246075,1.24714,1.245305,1.247035
2021-08-02 14:00:00+00:00,usdcad,1.248845,1.249705,1.245635,1.245985
2021-08-02 15:00:00+00:00,usdcad,1.250225,1.25039,1.248205,1.24881
2021-08-02 16:00:00+00:00,usdcad,1.25006,1.251215,1.24977,1.25022
2021-08-02 17:00:00+00:00,usdcad,1.250705,1.251165,1.249815,1.250055
2021-08-02 18:00:00+00:00,usdcad,1.250815,1.251515,1.250525,1.25071
2021-08-02 19:00:00+00:00,usdcad,1.2509,1.251315,1.250615,1.250825
2021-08-02 20:00:00+00:00,usdcad,1.250815,1.25116,1.250225,1.250905
2021-08-02 21:00:00+00:00,usdcad,1.250465,1.250755,1.25032,1.250505
2021-08-02 22:00:00+00:00,usdcad,1.250315,1.250725,1.249835,1.250475
2021-08-02 23:00:00+00:00,usdcad,1.250155,1.250385,1.249975,1.250305
2021-08-03 00:00:00+00:00,usdcad,1.249515,1.250195,1.248965,1.250145
2021-08-03 01:00:00+00:00,usdcad,1.250505,1.25083,1.249355,1.249495
2021-08-03 02:00:00+00:00,usdcad,1.251655,1.251725,1.250465,1.250515
2021-08-03 03:00:00+00:00,usdcad,1.251575,1.251735,1.251115,1.251665
2021-08-03 04:00:00+00:00,usdcad,1.25163,1.251885,1.25076,1.251585
2021-08-03 05:00:00+00:00,usdcad,1.252505,1.25259,1.251395,1.251625
2021-08-03 06:00:00+00:00,usdcad,1.251705,1.2525,1.251485,1.2525
2021-08-03 07:00:00+00:00,usdcad,1.251035,1.251725,1.249975,1.251715
2021-08-03 08:00:00+00:00,usdcad,1.25155,1.252235,1.250595,1.251025
2021-08-03 09:00:00+00:00,usdcad,1.251755,1.251915,1.251385,1.251545
2021-08-03 22:00:00+00:00,usdcad,1.25317,1.253235,1.25317,1.25323
2021-08-03 23:00:00+00:00,usdcad,1.253385,1.253555,1.253165,1.253175
2021-08-04 00:00:00+00:00,usdcad,1.254745,1.255195,1.253235,1.25338
2021-08-04 01:00:00+00:00,usdcad,1.253255,1.254985,1.253175,1.25475
2021-08-04 02:00:00+00:00,usdcad,1.252595,1.253545,1.252525,1.253265
2021-08-04 03:00:00+00:00,usdcad,1.25205,1.252615,1.25169,1.2526
2021-08-04 04:00:00+00:00,usdcad,1.252725,1.25301,1.251965,1.252055
2021-08-04 05:00:00+00:00,usdcad,1.253115,1.254305,1.252705,1.252715
2021-08-04 06:00:00+00:00,usdcad,1.252295,1.253475,1.252215,1.253125
2021-08-04 07:00:00+00:00,usdcad,1.252165,1.253025,1.251555,1.252285
2021-08-04 08:00:00+00:00,usdcad,1.253745,1.254105,1.252095,1.25218
2021-08-04 09:00:00+00:00,usdcad,1.253275,1.254065,1.252895,1.25374
2021-08-04 10:00:00+00:00,usdcad,1.253965,1.254135,1.252785,1.25327
2021-08-04 11:00:00+00:00,usdcad,1.254955,1.255195,1.253775,1.25397
2021-08-04 12:00:00+00:00,usdcad,1.253755,1.255095,1.253345,1.25496
2021-08-04 13:00:00+00:00,usdcad,1.253245,1.254885,1.25229,1.253765
2021-08-04 14:00:00+00:00,usdcad,1.254015,1.256285,1.252845,1.253255
2021-08-04 15:00:00+00:00,usdcad,1.255135,1.255255,1.253565,1.254035
2021-08-04 16:00:00+00:00,usdcad,1.254825,1.255595,1.254045,1.25514
2021-08-04 17:00:00+00:00,usdcad,1.25471,1.25495,1.254375,1.25482
2021-08-04 18:00:00+00:00,usdcad,1.255135,1.255515,1.254295,1.254705
2021-08-04 19:00:00+00:00,usdcad,1.254855,1.255155,1.254535,1.25513
2021-08-04 20:00:00+00:00,usdcad,1.25419,1.25525,1.253965,1.254865
2021-08-04 21:00:00+00:00,usdcad,1.254495,1.254555,1.253965,1.25418
2021-08-04 22:00:00+00:00,usdcad,1.254545,1.254655,1.254355,1.254505
2021-08-04 23:00:00+00:00,usdcad,1.254475,1.25477,1.254455,1.254555
2021-08-05 00:00:00+00:00,usdcad,1.254045,1.254525,1.2539,1.254465
2021-08-05 01:00:00+00:00,usdcad,1.25374,1.254435,1.253645,1.254035
2021-08-05 02:00:00+00:00,usdcad,1.253495,1.253825,1.253395,1.253735
2021-08-05 03:00:00+00:00,usdcad,1.252915,1.25349,1.252775,1.25349
2021-08-05 04:00:00+00:00,usdcad,1.252855,1.253145,1.252835,1.25291
2021-08-05 05:00:00+00:00,usdcad,1.252685,1.252855,1.252475,1.25285
2021-08-05 06:00:00+00:00,usdcad,1.253195,1.253815,1.252665,1.252705
2021-08-05 07:00:00+00:00,usdcad,1.252075,1.253315,1.251765,1.253185
2021-08-05 08:00:00+00:00,usdcad,1.251995,1.253335,1.251905,1.25207
2021-08-05 09:00:00+00:00,usdcad,1.251175,1.252295,1.250675,1.251985
2021-08-05 10:00:00+00:00,usdcad,1.25176,1.251915,1.251075,1.251185
2021-08-05 11:00:00+00:00,usdcad,1.250665,1.252055,1.250435,1.251765
2021-08-05 12:00:00+00:00,usdcad,1.25139,1.251515,1.249405,1.250675
2021-08-05 13:00:00+00:00,usdcad,1.249865,1.252355,1.249435,1.251395
2021-08-05 14:00:00+00:00,usdcad,1.248175,1.250455,1.247485,1.24986
2021-08-05 15:00:00+00:00,usdcad,1.24869,1.249185,1.24769,1.24818
2021-08-05 16:00:00+00:00,usdcad,1.249965,1.250215,1.248635,1.248685
2021-08-05 17:00:00+00:00,usdcad,1.249845,1.250365,1.24966,1.24996
2021-08-05 18:00:00+00:00,usdcad,1.24954,1.250355,1.249265,1.24985
2021-08-05 19:00:00+00:00,usdcad,1.249925,1.250285,1.249415,1.249545
2021-08-05 20:00:00+00:00,usdcad,1.250365,1.250375,1.249755,1.24993
2021-08-05 21:00:00+00:00,usdcad,1.249865,1.250315,1.249725,1.249735
2021-08-05 22:00:00+00:00,usdcad,1.24976,1.249955,1.249565,1.249885
2021-08-05 23:00:00+00:00,usdcad,1.250185,1.250185,1.249705,1.249755
2021-08-06 00:00:00+00:00,usdcad,1.250895,1.251065,1.250185,1.250195
2021-08-06 01:00:00+00:00,usdcad,1.250585,1.25117,1.250535,1.25089
2021-08-06 02:00:00+00:00,usdcad,1.250745,1.251295,1.250575,1.250575
2021-08-06 03:00:00+00:00,usdcad,1.250825,1.251085,1.250525,1.250735
2021-08-06 04:00:00+00:00,usdcad,1.250845,1.251055,1.250745,1.25083
2021-08-06 05:00:00+00:00,usdcad,1.250435,1.251085,1.250275,1.250855
2021-08-06 06:00:00+00:00,usdcad,1.249745,1.25061,1.249625,1.25044
2021-08-06 07:00:00+00:00,usdcad,1.250375,1.25062,1.249455,1.24974
2021-08-06 08:00:00+00:00,usdcad,1.251055,1.251185,1.250195,1.250365
2021-08-06 09:00:00+00:00,usdcad,1.251395,1.251475,1.250615,1.251045
2021-08-06 10:00:00+00:00,usdcad,1.251305,1.251505,1.25047,1.251385
2021-08-06 11:00:00+00:00,usdcad,1.250655,1.251315,1.250135,1.2513
2021-08-06 12:00:00+00:00,usdcad,1.252565,1.254145,1.250285,1.250645
2021-08-06 13:00:00+00:00,usdcad,1.254515,1.255225,1.251675,1.252615
2021-08-06 14:00:00+00:00,usdcad,1.257595,1.258105,1.253845,1.25452
2021-08-06 15:00:00+00:00,usdcad,1.256425,1.257835,1.256405,1.25747
2021-08-06 16:00:00+00:00,usdcad,1.256565,1.256795,1.25569,1.256415
2021-08-06 17:00:00+00:00,usdcad,1.255615,1.25656,1.255375,1.25656
2021-08-06 18:00:00+00:00,usdcad,1.255945,1.256125,1.255065,1.25562
2021-08-06 19:00:00+00:00,usdcad,1.255955,1.255965,1.254945,1.255935
2021-08-06 20:00:00+00:00,usdcad,1.255625,1.256215,1.25517,1.25595
2021-08-06 21:00:00+00:00,usdcad,1.255835,1.25584,1.255355,1.255605
2021-08-08 21:00:00+00:00,usdcad,1.255245,1.255385,1.255075,1.255085
2021-08-08 22:00:00+00:00,usdcad,1.25734,1.257665,1.255035,1.255275
2021-08-08 23:00:00+00:00,usdcad,1.257385,1.257975,1.257045,1.257335
2021-08-09 00:00:00+00:00,usdcad,1.257785,1.258415,1.257125,1.257395
2021-08-09 01:00:00+00:00,usdcad,1.25702,1.25807,1.2568,1.25779
2021-08-09 02:00:00+00:00,usdcad,1.25643,1.25729,1.25621,1.257025
2021-08-09 03:00:00+00:00,usdcad,1.256275,1.256505,1.25589,1.25644
2021-08-09 04:00:00+00:00,usdcad,1.256055,1.256505,1.256055,1.256285
2021-08-09 05:00:00+00:00,usdcad,1.256425,1.256435,1.255715,1.25606
2021-08-09 06:00:00+00:00,usdcad,1.256715,1.25692,1.256065,1.25643
2021-08-09 07:00:00+00:00,usdcad,1.254875,1.256835,1.25419,1.256725
2021-08-09 08:00:00+00:00,usdcad,1.255595,1.256095,1.254845,1.25488
2021-08-09 09:00:00+00:00,usdcad,1.253965,1.255865,1.253715,1.2556
2021-08-09 10:00:00+00:00,usdcad,1.254665,1.255065,1.253875,1.25397
2021-08-09 11:00:00+00:00,usdcad,1.253535,1.254855,1.253415,1.254675
2021-08-09 12:00:00+00:00,usdcad,1.254435,1.254835,1.253275,1.253545
2021-08-09 13:00:00+00:00,usdcad,1.254125,1.255355,1.253185,1.254445
2021-08-09 14:00:00+00:00,usdcad,1.256855,1.257065,1.253955,1.25413
2021-08-09 15:00:00+00:00,usdcad,1.258205,1.258795,1.25599,1.256845
2021-08-09 16:00:00+00:00,usdcad,1.257355,1.25822,1.256885,1.258195
2021-08-09 17:00:00+00:00,usdcad,1.257495,1.258255,1.256375,1.25736
2021-08-09 18:00:00+00:00,usdcad,1.257165,1.257825,1.256825,1.257505
2021-08-09 19:00:00+00:00,usdcad,1.258,1.258045,1.257105,1.257175
2021-08-09 20:00:00+00:00,usdcad,1.257785,1.258435,1.257715,1.257995
2021-08-09 21:00:00+00:00,usdcad,1.25771,1.258325,1.25737,1.257795
2021-08-09 22:00:00+00:00,usdcad,1.257545,1.257865,1.257485,1.257715
2021-08-09 23:00:00+00:00,usdcad,1.257585,1.257795,1.25749,1.257555
2021-08-10 00:00:00+00:00,usdcad,1.257375,1.258245,1.257215,1.25759
2021-08-10 01:00:00+00:00,usdcad,1.258725,1.258865,1.257125,1.257385
2021-08-10 02:00:00+00:00,usdcad,1.258055,1.258945,1.257955,1.25872
2021-08-10 03:00:00+00:00,usdcad,1.257915,1.258215,1.257865,1.258065
2021-08-10 04:00:00+00:00,usdcad,1.257755,1.258145,1.257735,1.25791
2021-08-10 05:00:00+00:00,usdcad,1.257175,1.257825,1.256995,1.25775
2021-08-10 06:00:00+00:00,usdcad,1.25671,1.257445,1.256245,1.25718
2021-08-10 07:00:00+00:00,usdcad,1.256735,1.25706,1.255535,1.256715
2021-08-10 08:00:00+00:00,usdcad,1.257045,1.257495,1.256565,1.25674
2021-08-10 09:00:00+00:00,usdcad,1.257415,1.258015,1.256775,1.257055
2021-08-10 10:00:00+00:00,usdcad,1.257235,1.257985,1.25694,1.257425
2021-08-11 10:00:00+00:00,usdcad,1.253895,1.254035,1.253825,1.25389
2021-08-11 11:00:00+00:00,usdcad,1.25271,1.25431,1.252605,1.253905
2021-08-11 12:00:00+00:00,usdcad,1.250455,1.253335,1.24902,1.252715
2021-08-11 13:00:00+00:00,usdcad,1.251455,1.251515,1.249435,1.250455
2021-08-11 14:00:00+00:00,usdcad,1.250385,1.252405,1.250265,1.25146
2021-08-11 15:00:00+00:00,usdcad,1.251475,1.251835,1.250135,1.25039
2021-08-11 16:00:00+00:00,usdcad,1.249305,1.251495,1.24928,1.251465
2021-08-11 17:00:00+00:00,usdcad,1.24942,1.24999,1.24895,1.249315
2021-08-11 18:00:00+00:00,usdcad,1.250895,1.251005,1.249355,1.249425
2021-08-11 19:00:00+00:00,usdcad,1.250215,1.250945,1.250215,1.250905
2021-08-11 20:00:00+00:00,usdcad,1.250495,1.250835,1.250225,1.250225
2021-08-11 21:00:00+00:00,usdcad,1.250655,1.25078,1.250275,1.250525
2021-08-11 22:00:00+00:00,usdcad,1.250555,1.251225,1.250335,1.25066
2021-08-11 23:00:00+00:00,usdcad,1.250805,1.250895,1.250425,1.25056
2021-08-12 00:00:00+00:00,usdcad,1.25116,1.25133,1.250605,1.2508
2021-08-12 01:00:00+00:00,usdcad,1.251245,1.25146,1.25084,1.251165
2021-08-12 02:00:00+00:00,usdcad,1.25077,1.251425,1.250595,1.251255
2021-08-12 03:00:00+00:00,usdcad,1.250195,1.250765,1.25017,1.250765
2021-08-12 04:00:00+00:00,usdcad,1.250515,1.250605,1.250165,1.2502
2021-08-12 05:00:00+00:00,usdcad,1.250865,1.250885,1.250285,1.25052
2021-08-12 06:00:00+00:00,usdcad,1.251905,1.252095,1.250755,1.25087
2021-08-12 07:00:00+00:00,usdcad,1.251265,1.252205,1.25114,1.25191
2021-08-12 08:00:00+00:00,usdcad,1.251005,1.252025,1.250585,1.25127
2021-08-12 09:00:00+00:00,usdcad,1.251045,1.251285,1.250495,1.25101
2021-08-12 10:00:00+00:00,usdcad,1.251925,1.252015,1.251055,1.251055
2021-08-12 11:00:00+00:00,usdcad,1.251345,1.25224,1.251245,1.25193
2021-08-12 12:00:00+00:00,usdcad,1.25109,1.25234,1.250955,1.251355
2021-08-12 13:00:00+00:00,usdcad,1.250335,1.252645,1.250095,1.251075
2021-08-12 14:00:00+00:00,usdcad,1.251935,1.252175,1.250275,1.25034
2021-08-12 15:00:00+00:00,usdcad,1.252035,1.252915,1.251815,1.25194
2021-08-12 16:00:00+00:00,usdcad,1.2521,1.252295,1.251365,1.252045
2021-08-12 17:00:00+00:00,usdcad,1.25239,1.252455,1.251825,1.252095
2021-08-12 18:00:00+00:00,usdcad,1.253105,1.253355,1.252285,1.252385
2021-08-12 19:00:00+00:00,usdcad,1.251565,1.253095,1.251325,1.253095
2021-08-12 20:00:00+00:00,usdcad,1.25234,1.252435,1.2514,1.25156
2021-08-12 21:00:00+00:00,usdcad,1.252465,1.25284,1.25231,1.252455
2021-08-12 22:00:00+00:00,usdcad,1.252175,1.252695,1.252095,1.252455
2021-08-12 23:00:00+00:00,usdcad,1.252035,1.252235,1.251955,1.252195
2021-08-13 00:00:00+00:00,usdcad,1.252275,1.25241,1.251875,1.252045
2021-08-13 01:00:00+00:00,usdcad,1.252075,1.252945,1.252045,1.25227
2021-08-13 02:00:00+00:00,usdcad,1.252065,1.252175,1.251715,1.25208
2021-08-13 03:00:00+00:00,usdcad,1.251925,1.252155,1.251775,1.25206
2021-08-13 04:00:00+00:00,usdcad,1.251755,1.251955,1.25162,1.25192
2021-08-13 05:00:00+00:00,usdcad,1.25217,1.25234,1.25169,1.25176
2021-08-13 06:00:00+00:00,usdcad,1.252565,1.252585,1.252035,1.252165
2021-08-13 07:00:00+00:00,usdcad,1.251625,1.252635,1.251365,1.25257
2021-08-13 08:00:00+00:00,usdcad,1.251695,1.252925,1.251545,1.25162
2021-08-13 09:00:00+00:00,usdcad,1.251665,1.251795,1.250995,1.251705
2021-08-13 10:00:00+00:00,usdcad,1.252415,1.252425,1.251615,1.25167
2021-08-13 11:00:00+00:00,usdcad,1.251635,1.253215,1.251555,1.25241
2021-08-13 12:00:00+00:00,usdcad,1.252115,1.252735,1.251345,1.25163
2021-08-13 13:00:00+00:00,usdcad,1.252515,1.252715,1.251385,1.252105
2021-08-13 14:00:00+00:00,usdcad,1.250765,1.252615,1.250555,1.25251
2021-08-13 15:00:00+00:00,usdcad,1.251255,1.251655,1.250185,1.25077
2021-08-13 16:00:00+00:00,usdcad,1.251285,1.251655,1.250705,1.251245
2021-08-13 17:00:00+00:00,usdcad,1.250935,1.251555,1.250875,1.251275
2021-08-13 18:00:00+00:00,usdcad,1.251765,1.251985,1.250785,1.25093
2021-08-13 19:00:00+00:00,usdcad,1.25147,1.251855,1.251315,1.25176
2021-08-13 20:00:00+00:00,usdcad,1.251565,1.252135,1.251355,1.25146
2021-08-15 21:00:00+00:00,usdcad,1.251815,1.25198,1.251815,1.251885
2021-08-15 22:00:00+00:00,usdcad,1.251445,1.25182,1.251225,1.25182
2021-08-15 23:00:00+00:00,usdcad,1.25189,1.25204,1.251335,1.251435
2021-08-16 00:00:00+00:00,usdcad,1.253275,1.253575,1.251795,1.251885
2021-08-16 01:00:00+00:00,usdcad,1.253065,1.253455,1.25272,1.253265
2021-08-16 02:00:00+00:00,usdcad,1.252985,1.25332,1.252725,1.25308
2021-08-16 03:00:00+00:00,usdcad,1.254145,1.254295,1.252975,1.252975
2021-08-16 04:00:00+00:00,usdcad,1.253335,1.254185,1.253205,1.254155
2021-08-16 05:00:00+00:00,usdcad,1.25402,1.254165,1.25322,1.253345
2021-08-16 06:00:00+00:00,usdcad,1.254505,1.254625,1.253535,1.254015
2021-08-16 07:00:00+00:00,usdcad,1.25492,1.25534,1.253795,1.254495
2021-08-16 08:00:00+00:00,usdcad,1.25414,1.254995,1.253395,1.254925
2021-08-16 09:00:00+00:00,usdcad,1.254815,1.25523,1.254035,1.254135
2021-08-16 10:00:00+00:00,usdcad,1.254985,1.255865,1.254675,1.25481
2021-08-16 11:00:00+00:00,usdcad,1.255545,1.256175,1.254755,1.25498
2021-08-16 12:00:00+00:00,usdcad,1.25593,1.256585,1.255465,1.255535
2021-08-16 13:00:00+00:00,usdcad,1.257185,1.257605,1.255295,1.255925
2021-08-16 14:00:00+00:00,usdcad,1.257855,1.257855,1.255455,1.25719
2021-08-16 15:00:00+00:00,usdcad,1.256955,1.258445,1.256515,1.25786
2021-08-16 16:00:00+00:00,usdcad,1.25749,1.257925,1.256755,1.256945
2021-08-16 17:00:00+00:00,usdcad,1.257145,1.257605,1.257035,1.257495
2021-08-16 18:00:00+00:00,usdcad,1.257145,1.257685,1.256905,1.25714
2021-08-16 19:00:00+00:00,usdcad,1.2569,1.257535,1.256655,1.25714
2021-08-16 20:00:00+00:00,usdcad,1.25735,1.257605,1.256825,1.256905
2021-08-16 21:00:00+00:00,usdcad,1.257375,1.25756,1.256965,1.257205
2021-08-16 22:00:00+00:00,usdcad,1.257085,1.257445,1.257075,1.25738
2021-08-16 23:00:00+00:00,usdcad,1.257175,1.257235,1.256965,1.257075
2021-08-17 00:00:00+00:00,usdcad,1.258115,1.258365,1.257075,1.257165
2021-08-17 01:00:00+00:00,usdcad,1.258905,1.259465,1.258055,1.258125
2021-08-17 02:00:00+00:00,usdcad,1.25946,1.259515,1.258655,1.258915
2021-08-17 03:00:00+00:00,usdcad,1.259775,1.259905,1.259365,1.259465
2021-08-17 04:00:00+00:00,usdcad,1.258565,1.259765,1.258455,1.259765
2021-08-17 05:00:00+00:00,usdcad,1.259055,1.259085,1.258485,1.25857
2021-08-17 06:00:00+00:00,usdcad,1.261825,1.262005,1.258955,1.25905
2021-08-17 07:00:00+00:00,usdcad,1.262275,1.263015,1.261585,1.261815
2021-08-17 08:00:00+00:00,usdcad,1.261255,1.262275,1.260845,1.26227
2021-08-17 09:00:00+00:00,usdcad,1.261425,1.262395,1.261245,1.261245
2021-08-17 10:00:00+00:00,usdcad,1.260985,1.261825,1.260715,1.26142
2021-08-17 11:00:00+00:00,usdcad,1.261185,1.262235,1.260775,1.260995
2021-08-17 12:00:00+00:00,usdcad,1.261505,1.263045,1.260765,1.261195
2021-08-17 13:00:00+00:00,usdcad,1.261295,1.26271,1.260115,1.2615
2021-08-17 14:00:00+00:00,usdcad,1.262815,1.263455,1.260605,1.2613
2021-08-17 15:00:00+00:00,usdcad,1.262285,1.263035,1.261325,1.262825
2021-08-17 16:00:00+00:00,usdcad,1.26484,1.264865,1.261685,1.262275
2021-08-17 17:00:00+00:00,usdcad,1.263455,1.264915,1.263315,1.264845
2021-08-17 18:00:00+00:00,usdcad,1.262425,1.263545,1.26235,1.263465
2021-08-17 19:00:00+00:00,usdcad,1.262285,1.262675,1.262055,1.26242
2021-08-17 20:00:00+00:00,usdcad,1.262925,1.263095,1.262035,1.262275
2021-08-17 21:00:00+00:00,usdcad,1.262465,1.262705,1.262205,1.262685
2021-08-17 22:00:00+00:00,usdcad,1.262695,1.263035,1.262245,1.262455
2021-08-17 23:00:00+00:00,usdcad,1.262755,1.2628,1.262385,1.2627
2021-08-18 00:00:00+00:00,usdcad,1.263595,1.263755,1.262225,1.262745
2021-08-18 01:00:00+00:00,usdcad,1.262625,1.26395,1.262595,1.263595
2021-08-18 02:00:00+00:00,usdcad,1.261645,1.26412,1.261645,1.262615
2021-08-18 03:00:00+00:00,usdcad,1.261405,1.261735,1.261025,1.261655
2021-08-18 04:00:00+00:00,usdcad,1.2612,1.261625,1.26089,1.261395
2021-08-18 05:00:00+00:00,usdcad,1.26147,1.261675,1.261075,1.261205
2021-08-18 06:00:00+00:00,usdcad,1.260895,1.26157,1.26054,1.261475
2021-08-18 07:00:00+00:00,usdcad,1.261975,1.262135,1.260375,1.26089
2021-08-18 08:00:00+00:00,usdcad,1.261835,1.262445,1.261255,1.26197
2021-08-18 09:00:00+00:00,usdcad,1.262465,1.26249,1.261795,1.261845
2021-08-18 10:00:00+00:00,usdcad,1.262505,1.263275,1.262335,1.262455
2021-08-18 11:00:00+00:00,usdcad,1.261415,1.262795,1.261275,1.262495
2021-08-18 12:00:00+00:00,usdcad,1.260975,1.262075,1.259855,1.261405
2021-08-18 13:00:00+00:00,usdcad,1.261265,1.262245,1.260655,1.26097
2021-08-18 14:00:00+00:00,usdcad,1.262765,1.263765,1.26127,1.26127
2021-08-18 15:00:00+00:00,usdcad,1.263895,1.264365,1.262155,1.262775
2021-08-18 16:00:00+00:00,usdcad,1.264285,1.265345,1.263675,1.263885
2021-08-18 17:00:00+00:00,usdcad,1.264165,1.264785,1.263275,1.264275
2021-08-18 18:00:00+00:00,usdcad,1.263325,1.264205,1.261175,1.26416
2021-08-18 19:00:00+00:00,usdcad,1.265145,1.2653,1.263175,1.263335
2021-08-18 20:00:00+00:00,usdcad,1.265815,1.266295,1.264645,1.26515
2021-08-18 21:00:00+00:00,usdcad,1.265485,1.266265,1.265385,1.265875
2021-08-18 22:00:00+00:00,usdcad,1.264965,1.265875,1.26491,1.265515
2021-08-18 23:00:00+00:00,usdcad,1.26636,1.266365,1.26496,1.264975
2021-08-19 00:00:00+00:00,usdcad,1.267545,1.267835,1.266005,1.266355
2021-08-19 01:00:00+00:00,usdcad,1.268655,1.268665,1.26702,1.26754
2021-08-19 02:00:00+00:00,usdcad,1.269195,1.269435,1.268125,1.268645
2021-08-19 03:00:00+00:00,usdcad,1.269225,1.269925,1.269025,1.269185
2021-08-19 04:00:00+00:00,usdcad,1.269775,1.26985,1.268765,1.269235
2021-08-19 05:00:00+00:00,usdcad,1.27116,1.271205,1.269535,1.26977
2021-08-19 06:00:00+00:00,usdcad,1.271945,1.272705,1.271045,1.271155
2021-08-19 07:00:00+00:00,usdcad,1.273565,1.274175,1.271775,1.271935
2021-08-19 08:00:00+00:00,usdcad,1.274945,1.275535,1.273555,1.273555
2021-08-19 09:00:00+00:00,usdcad,1.274625,1.277305,1.274145,1.274935
2021-08-19 10:00:00+00:00,usdcad,1.274815,1.275235,1.273635,1.274635
2021-08-19 11:00:00+00:00,usdcad,1.275115,1.27575,1.273895,1.274825
2021-08-19 12:00:00+00:00,usdcad,1.275555,1.276095,1.27448,1.27511
2021-08-19 13:00:00+00:00,usdcad,1.275915,1.276905,1.2749,1.27556
2021-08-19 14:00:00+00:00,usdcad,1.281335,1.2818,1.275655,1.275915
2021-08-19 15:00:00+00:00,usdcad,1.279315,1.281525,1.276945,1.281345
2021-08-19 16:00:00+00:00,usdcad,1.280225,1.280875,1.278845,1.279335
2021-08-19 17:00:00+00:00,usdcad,1.281665,1.281765,1.2802,1.280235
2021-08-19 18:00:00+00:00,usdcad,1.282155,1.283095,1.28121,1.281675
2021-08-19 19:00:00+00:00,usdcad,1.282475,1.282895,1.281795,1.28216
2021-08-19 20:00:00+00:00,usdcad,1.282825,1.283025,1.282145,1.282485
2021-08-19 21:00:00+00:00,usdcad,1.282615,1.28303,1.282525,1.282705
2021-08-19 22:00:00+00:00,usdcad,1.282745,1.28295,1.282465,1.282605
2021-08-19 23:00:00+00:00,usdcad,1.283165,1.283295,1.28273,1.28275
2021-08-20 00:00:00+00:00,usdcad,1.28153,1.283185,1.28153,1.28317
2021-08-20 01:00:00+00:00,usdcad,1.286235,1.28646,1.281445,1.281535
2021-08-20 02:00:00+00:00,usdcad,1.285925,1.286315,1.28552,1.28624
2021-08-20 03:00:00+00:00,usdcad,1.285285,1.286055,1.284895,1.28593
2021-08-20 04:00:00+00:00,usdcad,1.286095,1.286215,1.284995,1.28526
2021-08-20 05:00:00+00:00,usdcad,1.286645,1.290465,1.285955,1.286085
2021-08-20 06:00:00+00:00,usdcad,1.288645,1.288675,1.286005,1.28664
2021-08-20 07:00:00+00:00,usdcad,1.29107,1.292115,1.288255,1.288655
2021-08-20 08:00:00+00:00,usdcad,1.291065,1.292735,1.28971,1.291065
2021-08-20 09:00:00+00:00,usdcad,1.292785,1.294915,1.290865,1.29107
2021-08-20 10:00:00+00:00,usdcad,1.290965,1.292865,1.29053,1.29278
2021-08-20 11:00:00+00:00,usdcad,1.29073,1.292075,1.289795,1.290955
2021-08-20 12:00:00+00:00,usdcad,1.290265,1.29132,1.289365,1.290725
2021-08-20 13:00:00+00:00,usdcad,1.285635,1.291145,1.285335,1.290275
2021-08-20 14:00:00+00:00,usdcad,1.2869,1.287405,1.283405,1.285625
2021-08-20 15:00:00+00:00,usdcad,1.285215,1.287205,1.284535,1.286905
2021-08-20 16:00:00+00:00,usdcad,1.284205,1.285415,1.283805,1.28522
2021-08-20 17:00:00+00:00,usdcad,1.284595,1.284665,1.283745,1.284215
2021-08-20 18:00:00+00:00,usdcad,1.284615,1.28468,1.283835,1.284585
2021-08-20 19:00:00+00:00,usdcad,1.282595,1.284655,1.282485,1.284625
2021-08-20 20:00:00+00:00,usdcad,1.282345,1.282995,1.282085,1.282585
2021-08-22 21:00:00+00:00,usdcad,1.283155,1.283325,1.281565,1.28231
2021-08-22 22:00:00+00:00,usdcad,1.282875,1.283365,1.28215,1.283135
2021-08-22 23:00:00+00:00,usdcad,1.28261,1.282955,1.282105,1.28288
2021-08-23 00:00:00+00:00,usdcad,1.28022,1.282635,1.279825,1.282615
2021-08-23 01:00:00+00:00,usdcad,1.277785,1.28048,1.27719,1.280215
2021-08-23 02:00:00+00:00,usdcad,1.27793,1.278085,1.276895,1.27779
2021-08-23 03:00:00+00:00,usdcad,1.27727,1.27815,1.27693,1.277925
2021-08-23 04:00:00+00:00,usdcad,1.277335,1.277855,1.277025,1.277275
2021-08-23 05:00:00+00:00,usdcad,1.276705,1.27759,1.276295,1.277345
2021-08-23 06:00:00+00:00,usdcad,1.276255,1.277545,1.27556,1.2767
2021-08-23 07:00:00+00:00,usdcad,1.27578,1.277845,1.275715,1.27626
2021-08-23 08:00:00+00:00,usdcad,1.27419,1.276145,1.274035,1.275775
2021-08-23 09:00:00+00:00,usdcad,1.274025,1.274455,1.27342,1.274195
2021-08-23 10:00:00+00:00,usdcad,1.273555,1.27468,1.273435,1.274035
2021-08-23 11:00:00+00:00,usdcad,1.272085,1.274535,1.27126,1.27356
2021-08-23 12:00:00+00:00,usdcad,1.271875,1.273235,1.271675,1.272075
2021-08-23 13:00:00+00:00,usdcad,1.272835,1.27298,1.271475,1.271885
2021-08-23 14:00:00+00:00,usdcad,1.26878,1.273065,1.26822,1.27285
2021-08-23 15:00:00+00:00,usdcad,1.266755,1.269315,1.266065,1.26877
2021-08-23 16:00:00+00:00,usdcad,1.266105,1.267265,1.265895,1.26675
2021-08-23 17:00:00+00:00,usdcad,1.26539,1.26637,1.265125,1.26611
2021-08-23 18:00:00+00:00,usdcad,1.264465,1.265565,1.26428,1.265395
2021-08-23 19:00:00+00:00,usdcad,1.265365,1.265455,1.264425,1.264455
2021-08-23 20:00:00+00:00,usdcad,1.265345,1.266075,1.26473,1.265375
2021-08-23 21:00:00+00:00,usdcad,1.26528,1.265325,1.26487,1.265035
2021-08-23 22:00:00+00:00,usdcad,1.26516,1.26529,1.26441,1.26529
2021-08-23 23:00:00+00:00,usdcad,1.26535,1.265435,1.265055,1.265155
2021-08-24 00:00:00+00:00,usdcad,1.265665,1.265715,1.264775,1.265365
2021-08-24 01:00:00+00:00,usdcad,1.26537,1.2658,1.264675,1.26566
2021-08-24 02:00:00+00:00,usdcad,1.265055,1.265795,1.264945,1.265365
2021-08-24 03:00:00+00:00,usdcad,1.265385,1.265665,1.265005,1.265045
2021-08-24 04:00:00+00:00,usdcad,1.265325,1.265605,1.265185,1.265415
2021-08-24 05:00:00+00:00,usdcad,1.26373,1.26542,1.263675,1.26533
2021-08-24 06:00:00+00:00,usdcad,1.262305,1.263955,1.261255,1.263725
2021-08-24 07:00:00+00:00,usdcad,1.262755,1.263325,1.26194,1.2623
2021-08-24 08:00:00+00:00,usdcad,1.263405,1.263945,1.261895,1.26276
2021-08-24 09:00:00+00:00,usdcad,1.26355,1.26381,1.262505,1.263415
2021-08-24 10:00:00+00:00,usdcad,1.261325,1.263645,1.260895,1.263555
2021-08-24 11:00:00+00:00,usdcad,1.26269,1.262835,1.26064,1.261335
2021-08-24 12:00:00+00:00,usdcad,1.263015,1.263545,1.262075,1.262685
2021-08-24 13:00:00+00:00,usdcad,1.263315,1.263825,1.26188,1.263005
2021-08-24 14:00:00+00:00,usdcad,1.258515,1.263305,1.257895,1.263295
2021-08-24 15:00:00+00:00,usdcad,1.2615,1.262015,1.258455,1.2585
2021-08-24 16:00:00+00:00,usdcad,1.260135,1.262075,1.259985,1.261505
2021-08-24 17:00:00+00:00,usdcad,1.26024,1.260655,1.259745,1.26014
2021-08-24 18:00:00+00:00,usdcad,1.259435,1.260405,1.259205,1.260235
2021-08-24 19:00:00+00:00,usdcad,1.25973,1.260155,1.259225,1.259425
2021-08-24 20:00:00+00:00,usdcad,1.258825,1.259845,1.258695,1.259725
2021-08-24 21:00:00+00:00,usdcad,1.259415,1.259845,1.258865,1.25901
2021-08-24 22:00:00+00:00,usdcad,1.259055,1.259525,1.258875,1.259385
2021-08-24 23:00:00+00:00,usdcad,1.25975,1.259865,1.258985,1.259025
2021-08-25 00:00:00+00:00,usdcad,1.260245,1.26055,1.25878,1.259755
2021-08-25 01:00:00+00:00,usdcad,1.260935,1.260955,1.259965,1.26024
2021-08-25 02:00:00+00:00,usdcad,1.260875,1.261675,1.260855,1.26094
2021-08-25 03:00:00+00:00,usdcad,1.261345,1.261685,1.260885,1.260885
2021-08-25 04:00:00+00:00,usdcad,1.261725,1.261895,1.26117,1.26134
2021-08-25 05:00:00+00:00,usdcad,1.261665,1.26176,1.26101,1.261715
2021-08-25 06:00:00+00:00,usdcad,1.262595,1.262635,1.261425,1.26167
2021-08-25 07:00:00+00:00,usdcad,1.261415,1.2626,1.260825,1.2626
2021-08-25 08:00:00+00:00,usdcad,1.261125,1.261915,1.260305,1.26142
2021-08-25 09:00:00+00:00,usdcad,1.260305,1.261325,1.260075,1.261135
2021-08-25 10:00:00+00:00,usdcad,1.261575,1.261945,1.26007,1.26031
2021-08-25 11:00:00+00:00,usdcad,1.262695,1.263225,1.261445,1.26158
2021-08-25 12:00:00+00:00,usdcad,1.263165,1.263485,1.262445,1.2627
2021-08-25 13:00:00+00:00,usdcad,1.262645,1.264385,1.261985,1.26317
2021-08-25 14:00:00+00:00,usdcad,1.263135,1.263165,1.261035,1.262635
2021-08-25 15:00:00+00:00,usdcad,1.262475,1.263435,1.262155,1.263125
2021-08-25 16:00:00+00:00,usdcad,1.262005,1.262475,1.261205,1.262465
2021-08-25 17:00:00+00:00,usdcad,1.261345,1.262375,1.26116,1.262
2021-08-25 18:00:00+00:00,usdcad,1.259965,1.261355,1.25979,1.26135
2021-08-25 19:00:00+00:00,usdcad,1.259315,1.26014,1.259115,1.25997
2021-08-25 20:00:00+00:00,usdcad,1.259015,1.259565,1.258705,1.25932
2021-08-25 21:00:00+00:00,usdcad,1.259085,1.259545,1.258875,1.259145
2021-08-25 22:00:00+00:00,usdcad,1.25928,1.259345,1.25864,1.259075
2021-08-25 23:00:00+00:00,usdcad,1.258955,1.259355,1.258875,1.259275
2021-08-26 00:00:00+00:00,usdcad,1.259605,1.259835,1.258915,1.25896
2021-08-26 01:00:00+00:00,usdcad,1.260425,1.260535,1.259615,1.259615
2021-08-26 02:00:00+00:00,usdcad,1.261345,1.261565,1.260295,1.26042
2021-08-26 03:00:00+00:00,usdcad,1.262255,1.262505,1.261295,1.26134
2021-08-26 04:00:00+00:00,usdcad,1.261885,1.262295,1.261615,1.262285
2021-08-26 05:00:00+00:00,usdcad,1.261495,1.262295,1.261255,1.261895
2021-08-26 06:00:00+00:00,usdcad,1.262155,1.262715,1.2614,1.261485
2021-08-26 07:00:00+00:00,usdcad,1.26066,1.262175,1.259455,1.26216
2021-08-26 08:00:00+00:00,usdcad,1.261495,1.261585,1.260305,1.260655
2021-08-26 09:00:00+00:00,usdcad,1.26068,1.261825,1.260565,1.26149
2021-08-26 10:00:00+00:00,usdcad,1.260395,1.261215,1.260105,1.260685
2021-08-26 11:00:00+00:00,usdcad,1.260795,1.261025,1.259665,1.26039
2021-08-26 12:00:00+00:00,usdcad,1.26196,1.262325,1.260475,1.2608
2021-08-26 13:00:00+00:00,usdcad,1.262245,1.263055,1.261495,1.261965
2021-08-26 14:00:00+00:00,usdcad,1.264525,1.265375,1.261275,1.262255
2021-08-26 15:00:00+00:00,usdcad,1.265425,1.2656,1.263895,1.264535
2021-08-26 16:00:00+00:00,usdcad,1.26648,1.267005,1.265345,1.265415
2021-08-26 17:00:00+00:00,usdcad,1.267095,1.267895,1.266355,1.266475
2021-08-26 18:00:00+00:00,usdcad,1.26869,1.26869,1.267015,1.26709
2021-08-26 19:00:00+00:00,usdcad,1.268665,1.269545,1.268045,1.268695
2021-08-26 20:00:00+00:00,usdcad,1.268695,1.268775,1.267895,1.26866
2021-08-26 21:00:00+00:00,usdcad,1.26857,1.268715,1.268355,1.26869
2021-08-26 22:00:00+00:00,usdcad,1.268315,1.26858,1.267985,1.268575
2021-08-26 23:00:00+00:00,usdcad,1.2686,1.268605,1.268115,1.2683
2021-08-27 00:00:00+00:00,usdcad,1.270025,1.270845,1.268595,1.268595
2021-08-27 01:00:00+00:00,usdcad,1.269805,1.270785,1.269445,1.27003
2021-08-27 02:00:00+00:00,usdcad,1.268955,1.269805,1.268065,1.2698
2021-08-27 03:00:00+00:00,usdcad,1.268295,1.269025,1.268065,1.26896
2021-08-27 04:00:00+00:00,usdcad,1.268385,1.268805,1.268245,1.2683
2021-08-27 05:00:00+00:00,usdcad,1.267955,1.26889,1.26768,1.26838
2021-08-27 06:00:00+00:00,usdcad,1.266525,1.268105,1.265905,1.267945
2021-08-27 07:00:00+00:00,usdcad,1.266305,1.26681,1.265905,1.26653
2021-08-27 08:00:00+00:00,usdcad,1.267115,1.267685,1.266135,1.26631
2021-08-27 09:00:00+00:00,usdcad,1.266835,1.267825,1.26679,1.26712
2021-08-27 10:00:00+00:00,usdcad,1.268005,1.268095,1.266515,1.26684
2021-08-27 11:00:00+00:00,usdcad,1.268645,1.268965,1.267915,1.26801
2021-08-27 12:00:00+00:00,usdcad,1.26904,1.269575,1.267805,1.268635
2021-08-27 13:00:00+00:00,usdcad,1.26722,1.270665,1.266395,1.269035
2021-08-27 14:00:00+00:00,usdcad,1.262885,1.269125,1.26107,1.267215
2021-08-27 15:00:00+00:00,usdcad,1.261385,1.26366,1.261195,1.26289
2021-08-27 16:00:00+00:00,usdcad,1.26075,1.261825,1.260565,1.26138
2021-08-27 17:00:00+00:00,usdcad,1.261515,1.261815,1.260685,1.260755
2021-08-27 18:00:00+00:00,usdcad,1.261915,1.262055,1.261125,1.261505
2021-08-27 19:00:00+00:00,usdcad,1.261355,1.262335,1.261295,1.261905
2021-08-27 20:00:00+00:00,usdcad,1.261705,1.262045,1.26116,1.261375
2021-08-29 21:00:00+00:00,usdcad,1.2623,1.262365,1.261865,1.26206
2021-08-29 22:00:00+00:00,usdcad,1.26146,1.262335,1.260935,1.262295
2021-08-29 23:00:00+00:00,usdcad,1.261265,1.261665,1.260875,1.261445
2021-08-30 00:00:00+00:00,usdcad,1.2618,1.262195,1.261065,1.26127
2021-08-30 01:00:00+00:00,usdcad,1.262275,1.262895,1.26119,1.261795
2021-08-30 02:00:00+00:00,usdcad,1.26256,1.26258,1.261585,1.26228
2021-08-30 03:00:00+00:00,usdcad,1.262695,1.26309,1.262235,1.262555
2021-08-30 04:00:00+00:00,usdcad,1.262555,1.262765,1.262195,1.26269
2021-08-30 05:00:00+00:00,usdcad,1.262945,1.263005,1.262395,1.262565
2021-08-30 06:00:00+00:00,usdcad,1.262515,1.26345,1.262365,1.262955
2021-08-30 07:00:00+00:00,usdcad,1.261325,1.262685,1.261205,1.262525
2021-08-30 08:00:00+00:00,usdcad,1.261385,1.261905,1.26036,1.26133
2021-08-30 09:00:00+00:00,usdcad,1.26182,1.26249,1.261205,1.26139
2021-08-30 10:00:00+00:00,usdcad,1.260985,1.261825,1.260935,1.261825
2021-08-30 11:00:00+00:00,usdcad,1.260215,1.261505,1.26021,1.26098
2021-08-30 12:00:00+00:00,usdcad,1.260465,1.260685,1.259425,1.260225
2021-08-30 13:00:00+00:00,usdcad,1.260365,1.260745,1.257375,1.260455
2021-08-30 14:00:00+00:00,usdcad,1.258825,1.261175,1.25871,1.260375
2021-08-30 15:00:00+00:00,usdcad,1.260685,1.261465,1.258245,1.25883
2021-08-30 16:00:00+00:00,usdcad,1.261085,1.261415,1.260665,1.260675
2021-08-30 17:00:00+00:00,usdcad,1.261035,1.26111,1.26017,1.26109
2021-08-30 18:00:00+00:00,usdcad,1.260665,1.26134,1.260485,1.261045
2021-08-30 19:00:00+00:00,usdcad,1.260655,1.261535,1.260555,1.26067
2021-08-30 20:00:00+00:00,usdcad,1.260605,1.26122,1.260465,1.260645
2021-08-30 21:00:00+00:00,usdcad,1.260525,1.261235,1.260305,1.260845
2021-08-30 22:00:00+00:00,usdcad,1.260615,1.260935,1.260535,1.260535
2021-08-30 23:00:00+00:00,usdcad,1.260945,1.26095,1.260385,1.260625
2021-08-31 00:00:00+00:00,usdcad,1.26067,1.261575,1.260215,1.260935
2021-08-31 01:00:00+00:00,usdcad,1.261635,1.261885,1.260555,1.260665
2021-08-31 02:00:00+00:00,usdcad,1.262165,1.262545,1.261615,1.261645
2021-08-31 03:00:00+00:00,usdcad,1.260685,1.262405,1.26046,1.262175
2021-08-31 04:00:00+00:00,usdcad,1.259875,1.2609,1.259875,1.26072
2021-08-31 05:00:00+00:00,usdcad,1.257925,1.259865,1.257885,1.259865
2021-08-31 06:00:00+00:00,usdcad,1.258275,1.25835,1.257025,1.25793
2021-08-31 07:00:00+00:00,usdcad,1.258805,1.259045,1.257895,1.25827
2021-08-31 08:00:00+00:00,usdcad,1.25903,1.25918,1.258375,1.2588
2021-08-31 09:00:00+00:00,usdcad,1.25857,1.259095,1.257275,1.259035
2021-08-31 10:00:00+00:00,usdcad,1.258625,1.258995,1.256965,1.258575
2021-08-31 11:00:00+00:00,usdcad,1.25798,1.258875,1.25743,1.25862
2021-08-31 12:00:00+00:00,usdcad,1.260075,1.261285,1.25788,1.257975
2021-08-31 13:00:00+00:00,usdcad,1.26228,1.262945,1.259755,1.260085
2021-08-31 14:00:00+00:00,usdcad,1.263555,1.264035,1.26071,1.262275
2021-08-31 15:00:00+00:00,usdcad,1.26293,1.265365,1.262765,1.263555
2021-08-31 16:00:00+00:00,usdcad,1.262625,1.263435,1.261955,1.262925
2021-08-31 17:00:00+00:00,usdcad,1.261585,1.263565,1.261265,1.26263
2021-08-31 18:00:00+00:00,usdcad,1.260655,1.262095,1.260245,1.26158
2021-08-31 19:00:00+00:00,usdcad,1.261605,1.26207,1.260625,1.260665
2021-08-31 20:00:00+00:00,usdcad,1.261615,1.262015,1.26131,1.26161
2021-08-31 21:00:00+00:00,usdcad,1.261315,1.261485,1.261155,1.261385
2021-08-31 22:00:00+00:00,usdcad,1.261635,1.261715,1.261115,1.261325
2021-08-31 23:00:00+00:00,usdcad,1.261685,1.262295,1.261205,1.26163
2021-09-01 00:00:00+00:00,usdcad,1.263435,1.263735,1.261045,1.26169
2021-09-01 01:00:00+00:00,usdcad,1.262955,1.2637,1.262475,1.263445
2021-09-01 02:00:00+00:00,usdcad,1.262155,1.263315,1.262155,1.26295
2021-09-01 03:00:00+00:00,usdcad,1.261875,1.262715,1.261675,1.262165
2021-09-01 04:00:00+00:00,usdcad,1.262295,1.262335,1.261735,1.261885
2021-09-01 05:00:00+00:00,usdcad,1.261505,1.262615,1.261425,1.2623
2021-09-01 06:00:00+00:00,usdcad,1.260315,1.261605,1.260175,1.261495
2021-09-01 07:00:00+00:00,usdcad,1.258715,1.260595,1.258295,1.260325
2021-09-01 08:00:00+00:00,usdcad,1.25922,1.25963,1.258355,1.258705
2021-09-01 09:00:00+00:00,usdcad,1.260225,1.260955,1.259195,1.259225
2021-09-01 10:00:00+00:00,usdcad,1.259815,1.260465,1.259715,1.260245
2021-09-01 11:00:00+00:00,usdcad,1.259555,1.260145,1.258825,1.25981
2021-09-01 12:00:00+00:00,usdcad,1.258345,1.259565,1.25808,1.259565
2021-09-01 13:00:00+00:00,usdcad,1.260145,1.260415,1.258105,1.258335
2021-09-01 14:00:00+00:00,usdcad,1.261215,1.262705,1.260075,1.260155
2021-09-01 15:00:00+00:00,usdcad,1.261555,1.262535,1.26079,1.26129
2021-09-01 16:00:00+00:00,usdcad,1.260565,1.261625,1.259595,1.26155
2021-09-01 17:00:00+00:00,usdcad,1.26105,1.261105,1.260225,1.26057
2021-09-01 18:00:00+00:00,usdcad,1.261585,1.262345,1.260855,1.261055
2021-09-01 19:00:00+00:00,usdcad,1.262315,1.262405,1.261535,1.261575
2021-09-01 20:00:00+00:00,usdcad,1.261985,1.262705,1.261675,1.26231
2021-09-01 21:00:00+00:00,usdcad,1.262055,1.262225,1.261805,1.261845
2021-09-01 22:00:00+00:00,usdcad,1.262095,1.262215,1.261865,1.262035
2021-09-01 23:00:00+00:00,usdcad,1.262205,1.262515,1.261995,1.26209
2021-09-02 00:00:00+00:00,usdcad,1.262875,1.26357,1.261455,1.2622
2021-09-02 01:00:00+00:00,usdcad,1.263365,1.263825,1.262445,1.26288
2021-09-02 02:00:00+00:00,usdcad,1.26342,1.26368,1.262795,1.26337
2021-09-02 03:00:00+00:00,usdcad,1.262755,1.263515,1.262665,1.26341
2021-09-02 04:00:00+00:00,usdcad,1.262375,1.262805,1.262335,1.262785
2021-09-02 05:00:00+00:00,usdcad,1.261665,1.26247,1.261535,1.26238
2021-09-02 06:00:00+00:00,usdcad,1.25969,1.262115,1.259575,1.261675
2021-09-02 07:00:00+00:00,usdcad,1.258955,1.26018,1.25874,1.259685
2021-09-02 08:00:00+00:00,usdcad,1.2597,1.260325,1.258915,1.25895
2021-09-02 09:00:00+00:00,usdcad,1.260155,1.260395,1.259435,1.259695
2021-09-02 10:00:00+00:00,usdcad,1.260525,1.26067,1.259535,1.26017
2021-09-02 11:00:00+00:00,usdcad,1.260535,1.260945,1.260205,1.260515
2021-09-02 12:00:00+00:00,usdcad,1.260455,1.262175,1.260315,1.26053
2021-09-02 13:00:00+00:00,usdcad,1.260295,1.261235,1.259445,1.260445
2021-09-02 14:00:00+00:00,usdcad,1.256285,1.260975,1.255965,1.2603
2021-09-02 15:00:00+00:00,usdcad,1.256145,1.25683,1.255245,1.256275
2021-09-02 16:00:00+00:00,usdcad,1.255465,1.256555,1.255245,1.25614
2021-09-02 17:00:00+00:00,usdcad,1.255515,1.255895,1.2552,1.25546
2021-09-02 18:00:00+00:00,usdcad,1.255505,1.256225,1.25543,1.255525
2021-09-02 19:00:00+00:00,usdcad,1.255135,1.25582,1.255125,1.2555
2021-09-02 20:00:00+00:00,usdcad,1.255265,1.255345,1.254835,1.25514
2021-09-02 21:00:00+00:00,usdcad,1.255325,1.255615,1.255035,1.255185
2021-09-02 22:00:00+00:00,usdcad,1.255215,1.255485,1.254945,1.255335
2021-09-02 23:00:00+00:00,usdcad,1.255355,1.255455,1.255135,1.25522
2021-09-03 00:00:00+00:00,usdcad,1.255225,1.255695,1.254915,1.25535
2021-09-03 01:00:00+00:00,usdcad,1.255325,1.255865,1.25518,1.255235
2021-09-03 02:00:00+00:00,usdcad,1.255155,1.255925,1.255065,1.25533
2021-09-03 03:00:00+00:00,usdcad,1.255705,1.255845,1.254965,1.255145
2021-09-03 04:00:00+00:00,usdcad,1.255455,1.255775,1.255325,1.25571
2021-09-03 05:00:00+00:00,usdcad,1.254185,1.255605,1.25417,1.25545
2021-09-03 06:00:00+00:00,usdcad,1.254265,1.255075,1.254005,1.25418
2021-09-03 07:00:00+00:00,usdcad,1.254555,1.255485,1.254045,1.25427
2021-09-03 08:00:00+00:00,usdcad,1.254185,1.254765,1.253355,1.254545
2021-09-03 09:00:00+00:00,usdcad,1.255005,1.255445,1.253685,1.254175
2021-09-03 10:00:00+00:00,usdcad,1.254165,1.25522,1.25408,1.25501
2021-09-03 11:00:00+00:00,usdcad,1.253605,1.254185,1.253055,1.25417
2021-09-03 12:00:00+00:00,usdcad,1.252195,1.253805,1.249425,1.253595
2021-09-03 13:00:00+00:00,usdcad,1.252895,1.254345,1.249925,1.25222
2021-09-03 14:00:00+00:00,usdcad,1.251045,1.253835,1.251035,1.25289
2021-09-03 15:00:00+00:00,usdcad,1.252445,1.252545,1.249925,1.25104
2021-09-03 16:00:00+00:00,usdcad,1.251495,1.25275,1.251405,1.252455
2021-09-03 17:00:00+00:00,usdcad,1.250705,1.25173,1.250685,1.2515
2021-09-03 18:00:00+00:00,usdcad,1.251385,1.251635,1.250355,1.25071
2021-09-03 19:00:00+00:00,usdcad,1.252435,1.252475,1.251365,1.251375
2021-09-03 20:00:00+00:00,usdcad,1.252785,1.253295,1.252245,1.25244
2021-09-05 21:00:00+00:00,usdcad,1.252835,1.252855,1.252345,1.252515
2021-09-05 22:00:00+00:00,usdcad,1.252685,1.252995,1.252495,1.252845
2021-09-05 23:00:00+00:00,usdcad,1.253175,1.253185,1.252455,1.25268
2021-09-06 00:00:00+00:00,usdcad,1.25388,1.254295,1.253095,1.253165
2021-09-06 01:00:00+00:00,usdcad,1.253545,1.254255,1.253375,1.253885
2021-09-06 02:00:00+00:00,usdcad,1.253775,1.254185,1.253335,1.253535
2021-09-06 03:00:00+00:00,usdcad,1.253955,1.254335,1.253645,1.253765
2021-09-06 04:00:00+00:00,usdcad,1.254365,1.254415,1.253945,1.25395
2021-09-06 05:00:00+00:00,usdcad,1.253865,1.25441,1.253705,1.254355
2021-09-06 06:00:00+00:00,usdcad,1.253535,1.254035,1.252925,1.25386
2021-09-06 07:00:00+00:00,usdcad,1.254065,1.254275,1.25312,1.25354
2021-09-06 08:00:00+00:00,usdcad,1.254355,1.254495,1.253855,1.25407
2021-09-06 09:00:00+00:00,usdcad,1.25544,1.255585,1.25411,1.25435
2021-09-06 10:00:00+00:00,usdcad,1.255515,1.255915,1.254885,1.255445
2021-09-06 11:00:00+00:00,usdcad,1.254735,1.255605,1.254665,1.2555
2021-09-06 12:00:00+00:00,usdcad,1.253865,1.254935,1.25386,1.25474
2021-09-06 13:00:00+00:00,usdcad,1.252445,1.254005,1.252445,1.253855
2021-09-06 14:00:00+00:00,usdcad,1.25384,1.254565,1.252365,1.25245
2021-09-06 15:00:00+00:00,usdcad,1.253235,1.254355,1.253205,1.25383
2021-09-06 16:00:00+00:00,usdcad,1.252915,1.253235,1.252745,1.253225
2021-09-06 17:00:00+00:00,usdcad,1.253305,1.253525,1.252865,1.252925
2021-09-06 18:00:00+00:00,usdcad,1.25352,1.253595,1.252975,1.2533
2021-09-06 19:00:00+00:00,usdcad,1.25348,1.253685,1.253065,1.253515
2021-09-06 20:00:00+00:00,usdcad,1.253485,1.253665,1.253205,1.253475
2021-09-06 21:00:00+00:00,usdcad,1.2537,1.253845,1.25329,1.253505
2021-09-06 22:00:00+00:00,usdcad,1.253485,1.253705,1.253055,1.253705
2021-09-06 23:00:00+00:00,usdcad,1.253465,1.253475,1.253125,1.253475
2021-09-07 00:00:00+00:00,usdcad,1.252775,1.253505,1.252285,1.253475
2021-09-07 01:00:00+00:00,usdcad,1.252405,1.252835,1.251975,1.25278
2021-09-07 02:00:00+00:00,usdcad,1.252385,1.252695,1.252125,1.2524
2021-09-07 03:00:00+00:00,usdcad,1.252955,1.253185,1.252015,1.25239
2021-09-07 04:00:00+00:00,usdcad,1.253605,1.253675,1.25214,1.25295
2021-09-07 05:00:00+00:00,usdcad,1.254345,1.254745,1.25357,1.253615
2021-09-07 06:00:00+00:00,usdcad,1.254965,1.255675,1.254005,1.25434
2021-09-07 07:00:00+00:00,usdcad,1.255185,1.255265,1.254125,1.254955
2021-09-07 08:00:00+00:00,usdcad,1.255905,1.257445,1.255185,1.25519
2021-09-07 09:00:00+00:00,usdcad,1.257905,1.258095,1.255515,1.255915
2021-09-07 10:00:00+00:00,usdcad,1.258345,1.259245,1.25736,1.25791
2021-09-07 11:00:00+00:00,usdcad,1.258525,1.25917,1.257525,1.258335
2021-09-07 12:00:00+00:00,usdcad,1.259765,1.259945,1.258405,1.25853
2021-09-07 13:00:00+00:00,usdcad,1.259335,1.2602,1.258145,1.259775
2021-09-07 14:00:00+00:00,usdcad,1.263505,1.264365,1.25905,1.259325
2021-09-07 15:00:00+00:00,usdcad,1.262395,1.264045,1.261885,1.2635
2021-09-07 16:00:00+00:00,usdcad,1.263425,1.263445,1.261885,1.2624
2021-09-07 17:00:00+00:00,usdcad,1.263045,1.263685,1.262545,1.263415
2021-09-07 18:00:00+00:00,usdcad,1.264195,1.264365,1.263015,1.26304
2021-09-07 19:00:00+00:00,usdcad,1.265335,1.265615,1.263915,1.26419
2021-09-07 20:00:00+00:00,usdcad,1.2647,1.265335,1.264455,1.26533
2021-09-07 21:00:00+00:00,usdcad,1.264695,1.264885,1.264395,1.264735
2021-09-07 22:00:00+00:00,usdcad,1.264495,1.264835,1.264395,1.264685
2021-09-07 23:00:00+00:00,usdcad,1.264705,1.26496,1.264485,1.264485
2021-09-08 00:00:00+00:00,usdcad,1.26391,1.2651,1.263745,1.2647
2021-09-08 01:00:00+00:00,usdcad,1.262895,1.264025,1.262675,1.263915
2021-09-08 02:00:00+00:00,usdcad,1.263495,1.263665,1.262645,1.262885
2021-09-08 03:00:00+00:00,usdcad,1.264205,1.264325,1.263145,1.2635
2021-09-08 04:00:00+00:00,usdcad,1.263835,1.264225,1.263585,1.264185
2021-09-08 05:00:00+00:00,usdcad,1.264195,1.264335,1.263755,1.26383
2021-09-08 06:00:00+00:00,usdcad,1.266075,1.266305,1.263985,1.264185
2021-09-08 07:00:00+00:00,usdcad,1.268335,1.26846,1.26608,1.266085
2021-09-08 08:00:00+00:00,usdcad,1.268165,1.270675,1.267675,1.268345
2021-09-08 09:00:00+00:00,usdcad,1.268185,1.268965,1.267635,1.26816
2021-09-08 10:00:00+00:00,usdcad,1.267195,1.268455,1.266735,1.268175
2021-09-08 11:00:00+00:00,usdcad,1.266475,1.267205,1.266155,1.2672
2021-09-08 12:00:00+00:00,usdcad,1.266845,1.267535,1.265925,1.26647
2021-09-08 13:00:00+00:00,usdcad,1.266755,1.269005,1.266285,1.26684
2021-09-08 14:00:00+00:00,usdcad,1.27238,1.276225,1.264615,1.26676
2021-09-08 15:00:00+00:00,usdcad,1.268055,1.27318,1.267855,1.272605
2021-09-08 16:00:00+00:00,usdcad,1.26686,1.26857,1.264805,1.268065
2021-09-08 17:00:00+00:00,usdcad,1.266625,1.26766,1.265985,1.266855
2021-09-08 18:00:00+00:00,usdcad,1.26734,1.267765,1.26568,1.266635
2021-09-08 19:00:00+00:00,usdcad,1.268795,1.2688,1.267335,1.267335
2021-09-08 20:00:00+00:00,usdcad,1.269275,1.269565,1.268435,1.26879
2021-09-08 21:00:00+00:00,usdcad,1.26905,1.269375,1.26886,1.26913
2021-09-08 22:00:00+00:00,usdcad,1.26888,1.269305,1.268865,1.269055
2021-09-08 23:00:00+00:00,usdcad,1.269445,1.269625,1.268885,1.268885
2021-09-09 00:00:00+00:00,usdcad,1.270485,1.270645,1.26944,1.26945
2021-09-09 01:00:00+00:00,usdcad,1.26972,1.270615,1.269685,1.270495
2021-09-09 02:00:00+00:00,usdcad,1.269185,1.26977,1.268735,1.269725
2021-09-09 03:00:00+00:00,usdcad,1.270215,1.270265,1.268955,1.26918
2021-09-09 04:00:00+00:00,usdcad,1.271775,1.272455,1.270025,1.270185
2021-09-09 05:00:00+00:00,usdcad,1.271895,1.27225,1.271615,1.271765
2021-09-09 06:00:00+00:00,usdcad,1.271645,1.272365,1.270185,1.2719
2021-09-09 07:00:00+00:00,usdcad,1.270865,1.272785,1.270395,1.271635
2021-09-09 08:00:00+00:00,usdcad,1.269555,1.27095,1.268965,1.27087
2021-09-09 09:00:00+00:00,usdcad,1.268505,1.270585,1.267915,1.269565
2021-09-09 10:00:00+00:00,usdcad,1.269575,1.269705,1.268375,1.2685
2021-09-09 11:00:00+00:00,usdcad,1.267195,1.269775,1.26688,1.26958
2021-09-09 12:00:00+00:00,usdcad,1.268115,1.270505,1.266755,1.26719
2021-09-09 13:00:00+00:00,usdcad,1.266405,1.269255,1.265555,1.268105
2021-09-09 14:00:00+00:00,usdcad,1.26486,1.266555,1.26457,1.266415
2021-09-09 15:00:00+00:00,usdcad,1.265105,1.266305,1.264455,1.265065
2021-09-09 16:00:00+00:00,usdcad,1.262955,1.265375,1.262615,1.26511
2021-09-09 17:00:00+00:00,usdcad,1.263665,1.26479,1.262275,1.262945
2021-09-09 18:00:00+00:00,usdcad,1.264965,1.265365,1.263665,1.26367
2021-09-09 19:00:00+00:00,usdcad,1.265575,1.265635,1.264445,1.26496
2021-09-09 20:00:00+00:00,usdcad,1.266245,1.26656,1.265195,1.265565
2021-09-09 21:00:00+00:00,usdcad,1.266485,1.266605,1.266285,1.266355
2021-09-09 22:00:00+00:00,usdcad,1.26632,1.266555,1.265975,1.26649
2021-09-09 23:00:00+00:00,usdcad,1.266585,1.266585,1.26612,1.266315
2021-09-10 00:00:00+00:00,usdcad,1.266515,1.266685,1.265685,1.26659
2021-09-10 01:00:00+00:00,usdcad,1.265865,1.267315,1.265655,1.266505
2021-09-10 02:00:00+00:00,usdcad,1.264215,1.26598,1.263935,1.26586
2021-09-10 03:00:00+00:00,usdcad,1.264145,1.264845,1.26396,1.26422
2021-09-10 04:00:00+00:00,usdcad,1.264855,1.26506,1.26393,1.26414
2021-09-10 05:00:00+00:00,usdcad,1.264265,1.264925,1.264105,1.264845
2021-09-10 06:00:00+00:00,usdcad,1.26389,1.264915,1.263875,1.26426
2021-09-10 07:00:00+00:00,usdcad,1.261575,1.26421,1.261535,1.263895
2021-09-10 08:00:00+00:00,usdcad,1.259835,1.261645,1.259665,1.261585
2021-09-10 09:00:00+00:00,usdcad,1.261435,1.261475,1.259465,1.259845
2021-09-10 10:00:00+00:00,usdcad,1.261645,1.261955,1.26099,1.261425
2021-09-10 11:00:00+00:00,usdcad,1.26067,1.262085,1.260665,1.26165
2021-09-10 12:00:00+00:00,usdcad,1.258905,1.260815,1.258265,1.260675
2021-09-10 13:00:00+00:00,usdcad,1.25972,1.26045,1.258545,1.25891
2021-09-10 14:00:00+00:00,usdcad,1.262475,1.263595,1.259345,1.259725
2021-09-10 15:00:00+00:00,usdcad,1.263505,1.264165,1.262325,1.26261
2021-09-10 16:00:00+00:00,usdcad,1.263875,1.264555,1.262855,1.263515
2021-09-10 17:00:00+00:00,usdcad,1.265855,1.26628,1.263605,1.263865
2021-09-10 18:00:00+00:00,usdcad,1.265885,1.266445,1.26568,1.265865
2021-09-10 19:00:00+00:00,usdcad,1.26805,1.268055,1.265755,1.26589
2021-09-10 20:00:00+00:00,usdcad,1.269225,1.269525,1.267725,1.268045
2021-09-12 21:00:00+00:00,usdcad,1.26821,1.268855,1.2681,1.268535
2021-09-12 22:00:00+00:00,usdcad,1.26849,1.2689,1.268045,1.268215
2021-09-12 23:00:00+00:00,usdcad,1.268065,1.268575,1.267775,1.268475
2021-09-13 00:00:00+00:00,usdcad,1.268495,1.269045,1.267765,1.26804
2021-09-13 01:00:00+00:00,usdcad,1.269035,1.269155,1.267975,1.26849
2021-09-13 02:00:00+00:00,usdcad,1.267715,1.269205,1.267655,1.26903
2021-09-13 03:00:00+00:00,usdcad,1.267465,1.26791,1.26662,1.267705
2021-09-13 04:00:00+00:00,usdcad,1.268585,1.268935,1.26729,1.26746
2021-09-13 05:00:00+00:00,usdcad,1.267385,1.269545,1.267365,1.268575
2021-09-13 06:00:00+00:00,usdcad,1.267935,1.267975,1.266115,1.26738
2021-09-13 07:00:00+00:00,usdcad,1.267715,1.269105,1.26715,1.26795
2021-09-13 08:00:00+00:00,usdcad,1.267085,1.26796,1.266865,1.267725
2021-09-13 09:00:00+00:00,usdcad,1.2666,1.26752,1.26643,1.26709
2021-09-13 10:00:00+00:00,usdcad,1.267895,1.268135,1.266285,1.266605
2021-09-13 11:00:00+00:00,usdcad,1.268375,1.268425,1.267575,1.26789
2021-09-13 13:00:00+00:00,usdcad,1.264985,1.266795,1.264865,1.2655
2021-09-13 14:00:00+00:00,usdcad,1.265585,1.267405,1.264765,1.26498
2021-09-13 15:00:00+00:00,usdcad,1.264325,1.266325,1.263825,1.265595
2021-09-13 16:00:00+00:00,usdcad,1.26649,1.26662,1.264145,1.26432
2021-09-13 17:00:00+00:00,usdcad,1.266875,1.26725,1.266305,1.266485
2021-09-13 18:00:00+00:00,usdcad,1.266675,1.268055,1.266485,1.26687
2021-09-13 19:00:00+00:00,usdcad,1.2656,1.26755,1.265465,1.26667
2021-09-13 20:00:00+00:00,usdcad,1.264755,1.265705,1.264175,1.265605
2021-09-13 21:00:00+00:00,usdcad,1.264815,1.26542,1.264395,1.264565
2021-09-13 22:00:00+00:00,usdcad,1.264865,1.26491,1.264505,1.26481
2021-09-13 23:00:00+00:00,usdcad,1.26489,1.264955,1.264615,1.264885
2021-09-14 00:00:00+00:00,usdcad,1.264855,1.265555,1.264195,1.264895
2021-09-14 01:00:00+00:00,usdcad,1.265135,1.265475,1.26405,1.264865
2021-09-14 02:00:00+00:00,usdcad,1.264695,1.265315,1.264275,1.265125
2021-09-14 03:00:00+00:00,usdcad,1.264875,1.265635,1.26466,1.2647
2021-09-14 04:00:00+00:00,usdcad,1.26529,1.265425,1.26428,1.26488
2021-09-14 05:00:00+00:00,usdcad,1.265465,1.265575,1.26468,1.265295
2021-09-14 06:00:00+00:00,usdcad,1.265935,1.266075,1.264965,1.265475
2021-09-14 07:00:00+00:00,usdcad,1.26467,1.266245,1.26458,1.26594
2021-09-14 08:00:00+00:00,usdcad,1.264675,1.26546,1.264185,1.264665
2021-09-14 09:00:00+00:00,usdcad,1.265395,1.265865,1.264115,1.264665
2021-09-14 10:00:00+00:00,usdcad,1.265075,1.265575,1.264515,1.26539
2021-09-14 11:00:00+00:00,usdcad,1.26595,1.266415,1.264675,1.265085
2021-09-14 12:00:00+00:00,usdcad,1.261145,1.26651,1.260185,1.265945
2021-09-14 13:00:00+00:00,usdcad,1.264995,1.265465,1.260195,1.260995
2021-09-14 14:00:00+00:00,usdcad,1.267965,1.268555,1.264985,1.26499
2021-09-14 15:00:00+00:00,usdcad,1.266425,1.26816,1.266085,1.26796
2021-09-14 16:00:00+00:00,usdcad,1.266965,1.267165,1.265375,1.26643
2021-09-14 17:00:00+00:00,usdcad,1.266485,1.267365,1.265885,1.26696
2021-09-14 18:00:00+00:00,usdcad,1.268515,1.268685,1.26642,1.26649
2021-09-14 19:00:00+00:00,usdcad,1.269005,1.269855,1.268465,1.26851
2021-09-14 20:00:00+00:00,usdcad,1.269365,1.269395,1.268685,1.268995
2021-09-14 21:00:00+00:00,usdcad,1.26917,1.269445,1.26896,1.26943
2021-09-14 22:00:00+00:00,usdcad,1.269475,1.269475,1.269005,1.269165
2021-09-14 23:00:00+00:00,usdcad,1.269155,1.269615,1.269065,1.26948
2021-09-15 00:00:00+00:00,usdcad,1.269945,1.269965,1.268755,1.269145
2021-09-15 01:00:00+00:00,usdcad,1.269705,1.270005,1.26889,1.269955
2021-09-15 02:00:00+00:00,usdcad,1.269645,1.270885,1.268955,1.26971
2021-09-15 03:00:00+00:00,usdcad,1.268765,1.26967,1.26872,1.269635
2021-09-15 04:00:00+00:00,usdcad,1.268165,1.2689,1.267925,1.268745
2021-09-15 05:00:00+00:00,usdcad,1.269455,1.269785,1.268085,1.268175
2021-09-15 06:00:00+00:00,usdcad,1.268575,1.270295,1.268335,1.26946
2021-09-15 07:00:00+00:00,usdcad,1.268655,1.269635,1.26788,1.268585
2021-09-15 08:00:00+00:00,usdcad,1.267345,1.26865,1.267295,1.26865
2021-09-15 09:00:00+00:00,usdcad,1.267045,1.267775,1.266645,1.26735
2021-09-15 10:00:00+00:00,usdcad,1.267895,1.267945,1.266955,1.26704
2021-09-15 11:00:00+00:00,usdcad,1.268765,1.269565,1.267555,1.26789
2021-09-15 12:00:00+00:00,usdcad,1.267805,1.269455,1.266915,1.26876
2021-09-15 13:00:00+00:00,usdcad,1.264215,1.268625,1.263995,1.267815
2021-09-15 14:00:00+00:00,usdcad,1.264755,1.265955,1.263445,1.26421
2021-09-15 15:00:00+00:00,usdcad,1.26548,1.266265,1.263745,1.26475
2021-09-15 16:00:00+00:00,usdcad,1.264805,1.266125,1.264545,1.26549
2021-09-15 17:00:00+00:00,usdcad,1.264025,1.265105,1.263215,1.2648
2021-09-15 18:00:00+00:00,usdcad,1.264175,1.26433,1.26326,1.264015
2021-09-15 19:00:00+00:00,usdcad,1.26293,1.264425,1.262525,1.264165
2021-09-15 20:00:00+00:00,usdcad,1.2628,1.263465,1.262465,1.262925
2021-09-15 21:00:00+00:00,usdcad,1.262685,1.263205,1.262595,1.262845
2021-09-15 22:00:00+00:00,usdcad,1.26208,1.26271,1.261935,1.262675
2021-09-15 23:00:00+00:00,usdcad,1.261865,1.262685,1.261795,1.262075
2021-09-16 00:00:00+00:00,usdcad,1.262265,1.262675,1.261675,1.26187
2021-09-16 01:00:00+00:00,usdcad,1.263565,1.263635,1.262255,1.26226
2021-09-16 02:00:00+00:00,usdcad,1.263205,1.264045,1.262905,1.263555
2021-09-16 03:00:00+00:00,usdcad,1.263915,1.264145,1.262955,1.26321
2021-09-16 04:00:00+00:00,usdcad,1.263535,1.264145,1.263445,1.263925
2021-09-16 05:00:00+00:00,usdcad,1.26449,1.26449,1.263135,1.26353
2021-09-16 06:00:00+00:00,usdcad,1.264785,1.264945,1.263605,1.264495
2021-09-16 07:00:00+00:00,usdcad,1.26396,1.264975,1.263075,1.264795
2021-09-16 08:00:00+00:00,usdcad,1.263715,1.265135,1.263475,1.263955
2021-09-16 09:00:00+00:00,usdcad,1.264065,1.264625,1.263385,1.26372
2021-09-16 10:00:00+00:00,usdcad,1.263315,1.2646,1.263315,1.26407
2021-09-16 11:00:00+00:00,usdcad,1.263255,1.263545,1.26273,1.263305
2021-09-16 12:00:00+00:00,usdcad,1.264075,1.265035,1.262805,1.263265
2021-09-16 13:00:00+00:00,usdcad,1.266695,1.267445,1.26408,1.26408
2021-09-16 14:00:00+00:00,usdcad,1.269295,1.269955,1.2667,1.266705
2021-09-16 15:00:00+00:00,usdcad,1.268035,1.269845,1.26782,1.2693
2021-09-16 16:00:00+00:00,usdcad,1.268625,1.268925,1.267815,1.268025
2021-09-16 17:00:00+00:00,usdcad,1.268385,1.269085,1.268135,1.268615
2021-09-16 18:00:00+00:00,usdcad,1.267895,1.268495,1.267575,1.26838
2021-09-16 19:00:00+00:00,usdcad,1.26801,1.268635,1.26682,1.2679
2021-09-16 20:00:00+00:00,usdcad,1.268315,1.268575,1.26756,1.267995
2021-09-16 21:00:00+00:00,usdcad,1.268265,1.26854,1.267905,1.26815
2021-09-16 22:00:00+00:00,usdcad,1.268125,1.268475,1.26812,1.268275
2021-09-16 23:00:00+00:00,usdcad,1.268215,1.268485,1.267675,1.268135
2021-09-17 00:00:00+00:00,usdcad,1.268985,1.269075,1.267885,1.268235
2021-09-17 01:00:00+00:00,usdcad,1.268905,1.269075,1.267695,1.268975
2021-09-17 02:00:00+00:00,usdcad,1.268025,1.268995,1.267855,1.268915
2021-09-17 03:00:00+00:00,usdcad,1.26727,1.268125,1.26706,1.268015
2021-09-17 04:00:00+00:00,usdcad,1.266505,1.267375,1.266495,1.267265
2021-09-17 05:00:00+00:00,usdcad,1.266515,1.266755,1.265855,1.2665
2021-09-17 06:00:00+00:00,usdcad,1.26594,1.266755,1.265605,1.26652
2021-09-17 07:00:00+00:00,usdcad,1.265035,1.265965,1.264545,1.265945
2021-09-17 08:00:00+00:00,usdcad,1.263985,1.265565,1.263835,1.26503
2021-09-17 09:00:00+00:00,usdcad,1.265285,1.2661,1.263685,1.26398
2021-09-17 10:00:00+00:00,usdcad,1.26619,1.266645,1.265195,1.26529
2021-09-17 11:00:00+00:00,usdcad,1.266035,1.266785,1.265535,1.266185
2021-09-17 12:00:00+00:00,usdcad,1.265965,1.266265,1.265085,1.26603
2021-09-17 13:00:00+00:00,usdcad,1.26888,1.269265,1.265415,1.265975
2021-09-17 14:00:00+00:00,usdcad,1.275135,1.276095,1.268295,1.268885
2021-09-17 15:00:00+00:00,usdcad,1.274115,1.276305,1.273425,1.27513
2021-09-17 16:00:00+00:00,usdcad,1.273905,1.274185,1.272575,1.274125
2021-09-17 17:00:00+00:00,usdcad,1.275405,1.275825,1.2737,1.273895
2021-09-17 18:00:00+00:00,usdcad,1.274655,1.275555,1.27401,1.2754
2021-09-17 19:00:00+00:00,usdcad,1.274935,1.274975,1.274105,1.274635
2021-09-17 20:00:00+00:00,usdcad,1.276815,1.277355,1.274935,1.274945
2021-09-19 21:00:00+00:00,usdcad,1.275725,1.276565,1.275585,1.27601
2021-09-19 22:00:00+00:00,usdcad,1.276565,1.277875,1.275625,1.276135
2021-09-19 23:00:00+00:00,usdcad,1.276655,1.27712,1.2762,1.27656
2021-09-20 00:00:00+00:00,usdcad,1.27659,1.27682,1.275975,1.276645
2021-09-20 01:00:00+00:00,usdcad,1.278415,1.278455,1.276595,1.276595
2021-09-20 02:00:00+00:00,usdcad,1.27996,1.279975,1.27833,1.27841
2021-09-20 03:00:00+00:00,usdcad,1.279375,1.280195,1.27902,1.279965
2021-09-20 04:00:00+00:00,usdcad,1.279915,1.280195,1.279325,1.279385
2021-09-20 05:00:00+00:00,usdcad,1.278655,1.279985,1.278395,1.279905
2021-09-20 06:00:00+00:00,usdcad,1.28086,1.281495,1.278665,1.278665
2021-09-20 07:00:00+00:00,usdcad,1.279805,1.281515,1.279045,1.28084
2021-09-20 08:00:00+00:00,usdcad,1.281325,1.28194,1.279125,1.2798
2021-09-20 09:00:00+00:00,usdcad,1.283325,1.284715,1.281005,1.281335
2021-09-20 10:00:00+00:00,usdcad,1.282485,1.283355,1.281765,1.28333
2021-09-20 11:00:00+00:00,usdcad,1.285925,1.286745,1.282355,1.28248
2021-09-20 12:00:00+00:00,usdcad,1.284835,1.289635,1.283745,1.285935
2021-09-20 13:00:00+00:00,usdcad,1.28169,1.285645,1.281145,1.284825
2021-09-20 14:00:00+00:00,usdcad,1.281735,1.283195,1.279025,1.281695
2021-09-20 15:00:00+00:00,usdcad,1.28205,1.282525,1.279765,1.281755
2021-09-20 16:00:00+00:00,usdcad,1.283765,1.283935,1.281835,1.282055
2021-09-20 17:00:00+00:00,usdcad,1.28235,1.284375,1.281685,1.28376
2021-09-20 18:00:00+00:00,usdcad,1.28287,1.283575,1.281945,1.282345
2021-09-20 19:00:00+00:00,usdcad,1.28129,1.283955,1.280865,1.282865
2021-09-20 20:00:00+00:00,usdcad,1.282105,1.282155,1.281045,1.281295
2021-09-20 21:00:00+00:00,usdcad,1.282225,1.282335,1.281495,1.282145
2021-09-20 22:00:00+00:00,usdcad,1.281245,1.282225,1.281095,1.282215
2021-09-20 23:00:00+00:00,usdcad,1.280315,1.281595,1.280195,1.28125
2021-09-21 00:00:00+00:00,usdcad,1.280635,1.281215,1.279925,1.28032
2021-09-21 01:00:00+00:00,usdcad,1.278585,1.281065,1.278365,1.28064
2021-09-21 02:00:00+00:00,usdcad,1.278395,1.279175,1.278015,1.278575
2021-09-21 03:00:00+00:00,usdcad,1.277345,1.279525,1.277205,1.278385
2021-09-21 04:00:00+00:00,usdcad,1.276295,1.277445,1.276195,1.277355
2021-09-21 05:00:00+00:00,usdcad,1.276865,1.277315,1.275925,1.27629
2021-09-21 06:00:00+00:00,usdcad,1.275645,1.27755,1.274295,1.27687
2021-09-21 07:00:00+00:00,usdcad,1.275985,1.27665,1.27508,1.27565
2021-09-21 08:00:00+00:00,usdcad,1.275565,1.276625,1.27484,1.27599
2021-09-21 09:00:00+00:00,usdcad,1.27551,1.27642,1.275105,1.27556
2021-09-21 10:00:00+00:00,usdcad,1.27602,1.27671,1.275435,1.275505
2021-09-21 11:00:00+00:00,usdcad,1.275455,1.277085,1.275315,1.276025
2021-09-21 12:00:00+00:00,usdcad,1.277575,1.277645,1.274905,1.27545
2021-09-21 13:00:00+00:00,usdcad,1.280065,1.280475,1.277265,1.27758
2021-09-21 14:00:00+00:00,usdcad,1.283515,1.284865,1.279655,1.280055
2021-09-21 15:00:00+00:00,usdcad,1.278945,1.283985,1.278465,1.28351
2021-09-21 16:00:00+00:00,usdcad,1.279335,1.28024,1.278415,1.278935
2021-09-21 17:00:00+00:00,usdcad,1.280905,1.281465,1.279075,1.27934
2021-09-21 18:00:00+00:00,usdcad,1.281125,1.281835,1.280475,1.2809
2021-09-21 19:00:00+00:00,usdcad,1.280995,1.281735,1.28054,1.28112
2021-09-21 20:00:00+00:00,usdcad,1.281545,1.282535,1.28095,1.28099
2021-09-21 21:00:00+00:00,usdcad,1.281455,1.282385,1.28132,1.281585
2021-09-21 22:00:00+00:00,usdcad,1.28229,1.282305,1.281175,1.281465
2021-09-21 23:00:00+00:00,usdcad,1.281705,1.282605,1.281665,1.282285
2021-09-22 00:00:00+00:00,usdcad,1.282105,1.282635,1.281385,1.28169
2021-09-22 01:00:00+00:00,usdcad,1.279045,1.282285,1.277585,1.28211
2021-09-22 02:00:00+00:00,usdcad,1.279155,1.28018,1.27896,1.27905
2021-09-22 03:00:00+00:00,usdcad,1.279665,1.279785,1.278755,1.27916
2021-09-22 04:00:00+00:00,usdcad,1.279815,1.279965,1.279355,1.27966
2021-09-22 05:00:00+00:00,usdcad,1.279395,1.27989,1.278745,1.27981
2021-09-22 06:00:00+00:00,usdcad,1.27797,1.279825,1.2775,1.279405
2021-09-22 07:00:00+00:00,usdcad,1.280695,1.28071,1.277045,1.27798
2021-09-22 08:00:00+00:00,usdcad,1.280145,1.280985,1.279595,1.280685
2021-09-22 09:00:00+00:00,usdcad,1.279095,1.28018,1.278825,1.28014
2021-09-22 10:00:00+00:00,usdcad,1.27794,1.279205,1.277355,1.27909
2021-09-22 11:00:00+00:00,usdcad,1.27826,1.278515,1.277505,1.277935
2021-09-22 12:00:00+00:00,usdcad,1.279575,1.280205,1.277875,1.27826
2021-09-22 13:00:00+00:00,usdcad,1.279585,1.281655,1.279165,1.279565
2021-09-22 14:00:00+00:00,usdcad,1.275395,1.279595,1.275075,1.27958
2021-09-22 15:00:00+00:00,usdcad,1.273355,1.275505,1.272545,1.275385
2021-09-22 16:00:00+00:00,usdcad,1.273235,1.273635,1.272815,1.27335
2021-09-22 17:00:00+00:00,usdcad,1.274665,1.274935,1.273225,1.273245
2021-09-22 18:00:00+00:00,usdcad,1.277855,1.278955,1.269815,1.274685
2021-09-22 19:00:00+00:00,usdcad,1.276275,1.278765,1.27263,1.277915
2021-09-22 20:00:00+00:00,usdcad,1.27726,1.277885,1.276095,1.27628
2021-09-22 21:00:00+00:00,usdcad,1.277195,1.277495,1.276875,1.277375
2021-09-22 22:00:00+00:00,usdcad,1.277805,1.277815,1.276965,1.27719
2021-09-22 23:00:00+00:00,usdcad,1.278665,1.27885,1.277325,1.277795
2021-09-23 00:00:00+00:00,usdcad,1.27939,1.279595,1.278065,1.27866
2021-09-23 01:00:00+00:00,usdcad,1.277625,1.279605,1.27761,1.279395
2021-09-23 02:00:00+00:00,usdcad,1.277795,1.278675,1.277455,1.27763
2021-09-23 03:00:00+00:00,usdcad,1.275715,1.27779,1.275335,1.27779
2021-09-23 04:00:00+00:00,usdcad,1.275565,1.276325,1.275405,1.275735
2021-09-23 05:00:00+00:00,usdcad,1.275165,1.276075,1.274905,1.27556
2021-09-23 06:00:00+00:00,usdcad,1.272315,1.275395,1.272055,1.27516
2021-09-23 07:00:00+00:00,usdcad,1.267985,1.272565,1.267945,1.27232
2021-09-23 08:00:00+00:00,usdcad,1.266975,1.268895,1.265015,1.267975
2021-09-23 09:00:00+00:00,usdcad,1.26726,1.267885,1.265715,1.26698
2021-09-23 10:00:00+00:00,usdcad,1.266925,1.26863,1.265995,1.267255
2021-09-23 11:00:00+00:00,usdcad,1.266585,1.267725,1.265595,1.266935
2021-09-23 12:00:00+00:00,usdcad,1.26555,1.268175,1.265055,1.266575
2021-09-23 13:00:00+00:00,usdcad,1.26586,1.268275,1.26357,1.265555
2021-09-23 14:00:00+00:00,usdcad,1.264185,1.265865,1.263375,1.265865
2021-09-23 15:00:00+00:00,usdcad,1.266175,1.267595,1.264185,1.26419
2021-09-23 16:00:00+00:00,usdcad,1.264725,1.266865,1.264595,1.26618
2021-09-23 17:00:00+00:00,usdcad,1.264355,1.265085,1.263855,1.26472
2021-09-23 18:00:00+00:00,usdcad,1.264885,1.265375,1.264175,1.264365
2021-09-23 19:00:00+00:00,usdcad,1.265785,1.26581,1.264585,1.26489
2021-09-23 20:00:00+00:00,usdcad,1.265635,1.266475,1.265565,1.26578
2021-09-23 21:00:00+00:00,usdcad,1.265405,1.265865,1.265365,1.265725
2021-09-23 22:00:00+00:00,usdcad,1.265535,1.265735,1.265085,1.265585
2021-09-23 23:00:00+00:00,usdcad,1.266275,1.266275,1.265515,1.265525
2021-09-24 00:00:00+00:00,usdcad,1.264625,1.266285,1.264125,1.266285
2021-09-24 01:00:00+00:00,usdcad,1.266985,1.267015,1.264455,1.264615
2021-09-24 02:00:00+00:00,usdcad,1.267175,1.267345,1.265955,1.266975
2021-09-24 03:00:00+00:00,usdcad,1.267135,1.267385,1.266655,1.267185
2021-09-24 04:00:00+00:00,usdcad,1.26724,1.267375,1.266875,1.267155
2021-09-24 05:00:00+00:00,usdcad,1.267155,1.267715,1.266995,1.267235
2021-09-24 06:00:00+00:00,usdcad,1.267635,1.267855,1.266345,1.267145
2021-09-24 07:00:00+00:00,usdcad,1.268995,1.269765,1.267555,1.26763
2021-09-24 08:00:00+00:00,usdcad,1.26755,1.269555,1.267155,1.26899
2021-09-24 09:00:00+00:00,usdcad,1.268555,1.26889,1.267405,1.267545
2021-09-24 10:00:00+00:00,usdcad,1.268135,1.269115,1.26691,1.26855
2021-09-24 11:00:00+00:00,usdcad,1.270865,1.27093,1.267825,1.26813
2021-09-24 12:00:00+00:00,usdcad,1.27252,1.273055,1.270425,1.27086
2021-09-24 13:00:00+00:00,usdcad,1.268815,1.273015,1.268655,1.272525
2021-09-24 14:00:00+00:00,usdcad,1.269535,1.270675,1.267685,1.268825
2021-09-24 15:00:00+00:00,usdcad,1.267335,1.269915,1.267095,1.269545
2021-09-24 16:00:00+00:00,usdcad,1.266275,1.267495,1.265535,1.26733
2021-09-24 17:00:00+00:00,usdcad,1.266765,1.266855,1.265565,1.266285
2021-09-24 18:00:00+00:00,usdcad,1.266215,1.267105,1.265745,1.26676
2021-09-24 19:00:00+00:00,usdcad,1.26571,1.26653,1.2654,1.26622
2021-09-24 20:00:00+00:00,usdcad,1.265225,1.265855,1.264095,1.265715
2021-09-26 21:00:00+00:00,usdcad,1.265755,1.266195,1.264855,1.265065
2021-09-26 22:00:00+00:00,usdcad,1.265395,1.26577,1.264855,1.265745
2021-09-26 23:00:00+00:00,usdcad,1.265035,1.265765,1.264825,1.265405
2021-09-27 00:00:00+00:00,usdcad,1.26405,1.265135,1.263725,1.265025
2021-09-27 01:00:00+00:00,usdcad,1.262235,1.264045,1.261175,1.264045
2021-09-27 02:00:00+00:00,usdcad,1.262885,1.263365,1.261975,1.262215
2021-09-27 03:00:00+00:00,usdcad,1.263245,1.263465,1.262615,1.262905
2021-09-27 04:00:00+00:00,usdcad,1.262965,1.26335,1.262775,1.26325
2021-09-27 05:00:00+00:00,usdcad,1.26236,1.26321,1.262245,1.262955
2021-09-27 06:00:00+00:00,usdcad,1.262565,1.263515,1.261625,1.26235
2021-09-27 07:00:00+00:00,usdcad,1.263765,1.263765,1.261025,1.262555
2021-09-27 08:00:00+00:00,usdcad,1.26542,1.265425,1.26327,1.26377
2021-09-27 09:00:00+00:00,usdcad,1.265625,1.265745,1.264075,1.265425
2021-09-27 10:00:00+00:00,usdcad,1.264835,1.266655,1.264065,1.265635
2021-09-27 11:00:00+00:00,usdcad,1.266125,1.266385,1.26422,1.264845
2021-09-27 12:00:00+00:00,usdcad,1.265835,1.267275,1.265335,1.26613
2021-09-27 13:00:00+00:00,usdcad,1.264685,1.26674,1.26416,1.26583
2021-09-27 14:00:00+00:00,usdcad,1.26384,1.26558,1.263065,1.26468
2021-09-27 15:00:00+00:00,usdcad,1.26439,1.265285,1.263665,1.263835
2021-09-27 16:00:00+00:00,usdcad,1.2622,1.26472,1.262125,1.264395
2021-09-27 17:00:00+00:00,usdcad,1.262205,1.262925,1.261875,1.262195
2021-09-27 18:00:00+00:00,usdcad,1.262145,1.262215,1.261645,1.2622
2021-09-27 19:00:00+00:00,usdcad,1.262735,1.262985,1.261665,1.26215
2021-09-27 20:00:00+00:00,usdcad,1.262885,1.263025,1.26258,1.26274
2021-09-27 21:00:00+00:00,usdcad,1.26278,1.263055,1.262675,1.26287
2021-09-27 22:00:00+00:00,usdcad,1.262515,1.26293,1.262435,1.262785
2021-09-27 23:00:00+00:00,usdcad,1.262705,1.262975,1.262455,1.262505
2021-09-28 00:00:00+00:00,usdcad,1.263345,1.26389,1.262345,1.262695
2021-09-28 01:00:00+00:00,usdcad,1.262355,1.263555,1.262215,1.263335
2021-09-28 02:00:00+00:00,usdcad,1.260985,1.262345,1.260855,1.262345
2021-09-28 03:00:00+00:00,usdcad,1.261085,1.261175,1.260305,1.261005
2021-09-28 04:00:00+00:00,usdcad,1.260065,1.26118,1.26005,1.261095
2021-09-28 05:00:00+00:00,usdcad,1.260035,1.26086,1.259995,1.26007
2021-09-28 06:00:00+00:00,usdcad,1.263495,1.263545,1.259385,1.260045
2021-09-28 07:00:00+00:00,usdcad,1.263225,1.264715,1.262615,1.26349
2021-09-28 08:00:00+00:00,usdcad,1.263425,1.265175,1.263215,1.263235
2021-09-28 09:00:00+00:00,usdcad,1.264855,1.265445,1.262885,1.26342
2021-09-28 10:00:00+00:00,usdcad,1.265365,1.265735,1.264235,1.26486
2021-09-28 11:00:00+00:00,usdcad,1.264335,1.265535,1.26352,1.265355
2021-09-28 12:00:00+00:00,usdcad,1.266915,1.268,1.264235,1.26433
2021-09-28 13:00:00+00:00,usdcad,1.26738,1.269115,1.264935,1.266985
2021-09-28 14:00:00+00:00,usdcad,1.270155,1.270335,1.266735,1.267375
2021-09-28 15:00:00+00:00,usdcad,1.269405,1.270745,1.268305,1.26993
2021-09-28 16:00:00+00:00,usdcad,1.269525,1.2698,1.267325,1.26942
2021-09-28 17:00:00+00:00,usdcad,1.269015,1.270255,1.267925,1.269535
2021-09-28 18:00:00+00:00,usdcad,1.26787,1.27026,1.267605,1.269025
2021-09-28 19:00:00+00:00,usdcad,1.267865,1.268865,1.267365,1.267875
2021-09-28 20:00:00+00:00,usdcad,1.268545,1.26866,1.266805,1.267855
2021-09-28 21:00:00+00:00,usdcad,1.26859,1.26879,1.26834,1.268585
2021-09-28 22:00:00+00:00,usdcad,1.268285,1.26864,1.267945,1.268595
2021-09-28 23:00:00+00:00,usdcad,1.267745,1.268745,1.26774,1.268275
2021-09-29 00:00:00+00:00,usdcad,1.268145,1.26831,1.266865,1.267755
2021-09-29 01:00:00+00:00,usdcad,1.269025,1.270015,1.267435,1.268125
2021-09-29 02:00:00+00:00,usdcad,1.268855,1.269435,1.267985,1.269035
2021-09-29 03:00:00+00:00,usdcad,1.26817,1.269275,1.267815,1.26886
2021-09-29 04:00:00+00:00,usdcad,1.267655,1.268565,1.26758,1.268175
2021-09-29 05:00:00+00:00,usdcad,1.267985,1.26855,1.267175,1.26765
2021-09-29 06:00:00+00:00,usdcad,1.268305,1.268535,1.267065,1.267975
2021-09-29 07:00:00+00:00,usdcad,1.268825,1.270105,1.267275,1.268295
2021-09-29 08:00:00+00:00,usdcad,1.268785,1.269515,1.267955,1.26882
2021-09-29 09:00:00+00:00,usdcad,1.268145,1.269615,1.26792,1.268775
2021-09-29 10:00:00+00:00,usdcad,1.268045,1.268765,1.267485,1.268155
2021-09-29 11:00:00+00:00,usdcad,1.269845,1.270295,1.267865,1.26804
2021-09-29 12:00:00+00:00,usdcad,1.271395,1.271855,1.26892,1.26985
2021-09-29 13:00:00+00:00,usdcad,1.271755,1.272315,1.27065,1.2714
2021-09-29 14:00:00+00:00,usdcad,1.274805,1.27583,1.270335,1.272015
2021-09-29 15:00:00+00:00,usdcad,1.275035,1.275415,1.273545,1.274815
2021-09-29 16:00:00+00:00,usdcad,1.275965,1.276545,1.274445,1.27503
2021-09-29 17:00:00+00:00,usdcad,1.277025,1.27737,1.275705,1.27596
2021-09-29 18:00:00+00:00,usdcad,1.274755,1.277475,1.274255,1.27703
2021-09-29 19:00:00+00:00,usdcad,1.275875,1.2759,1.274495,1.27475
2021-09-29 23:00:00+00:00,usdcad,1.27544,1.27608,1.27526,1.27608
2021-09-30 00:00:00+00:00,usdcad,1.274505,1.275725,1.274165,1.275445
2021-09-30 01:00:00+00:00,usdcad,1.274115,1.27507,1.273835,1.274525
2021-09-30 02:00:00+00:00,usdcad,1.273685,1.27438,1.273525,1.274095
2021-09-30 03:00:00+00:00,usdcad,1.273555,1.274155,1.273445,1.273695
2021-09-30 04:00:00+00:00,usdcad,1.273565,1.273855,1.27331,1.27355
2021-09-30 05:00:00+00:00,usdcad,1.273655,1.27374,1.272665,1.273575
2021-09-30 06:00:00+00:00,usdcad,1.272555,1.273835,1.272195,1.273665
2021-09-30 07:00:00+00:00,usdcad,1.271745,1.274135,1.271155,1.27256
2021-09-30 08:00:00+00:00,usdcad,1.271975,1.272725,1.271075,1.27175
2021-09-30 09:00:00+00:00,usdcad,1.272685,1.272835,1.27178,1.27198
2021-09-30 10:00:00+00:00,usdcad,1.27442,1.275605,1.272285,1.272695
2021-09-30 11:00:00+00:00,usdcad,1.274225,1.274815,1.273005,1.274425
2021-09-30 12:00:00+00:00,usdcad,1.273645,1.274295,1.272525,1.274235
2021-09-30 13:00:00+00:00,usdcad,1.273055,1.274735,1.272155,1.273635
2021-09-30 14:00:00+00:00,usdcad,1.267025,1.273465,1.265585,1.273005
2021-09-30 15:00:00+00:00,usdcad,1.267465,1.268235,1.263065,1.26686
2021-09-30 16:00:00+00:00,usdcad,1.268745,1.270325,1.266865,1.26757
2021-09-30 17:00:00+00:00,usdcad,1.268745,1.270615,1.267985,1.26875
2021-09-30 18:00:00+00:00,usdcad,1.265795,1.268775,1.265635,1.26874
2021-09-30 19:00:00+00:00,usdcad,1.266825,1.266905,1.264775,1.265785
2021-09-30 20:00:00+00:00,usdcad,1.268185,1.26859,1.266145,1.26683
2021-09-30 21:00:00+00:00,usdcad,1.268075,1.268635,1.267925,1.268235
2021-09-30 22:00:00+00:00,usdcad,1.26794,1.268315,1.267875,1.268065
2021-09-30 23:00:00+00:00,usdcad,1.268465,1.268695,1.26789,1.267925
2021-10-01 00:00:00+00:00,usdcad,1.270125,1.270165,1.267765,1.268475
2021-10-01 01:00:00+00:00,usdcad,1.26975,1.271275,1.269665,1.270105
2021-10-01 02:00:00+00:00,usdcad,1.270955,1.271205,1.269745,1.269745
2021-10-01 03:00:00+00:00,usdcad,1.271885,1.272015,1.270545,1.27095
2021-10-01 04:00:00+00:00,usdcad,1.271605,1.272405,1.271315,1.271935
2021-10-01 05:00:00+00:00,usdcad,1.271535,1.273425,1.271335,1.271615
2021-10-01 06:00:00+00:00,usdcad,1.2724,1.273905,1.270735,1.27154
2021-10-01 07:00:00+00:00,usdcad,1.272875,1.273775,1.27173,1.272395
2021-10-01 08:00:00+00:00,usdcad,1.27006,1.273075,1.270025,1.272885
2021-10-01 09:00:00+00:00,usdcad,1.270045,1.270375,1.268895,1.270055
2021-10-01 10:00:00+00:00,usdcad,1.270875,1.270935,1.26898,1.27005
2021-10-01 11:00:00+00:00,usdcad,1.266345,1.270895,1.265255,1.270865
2021-10-01 12:00:00+00:00,usdcad,1.268415,1.269815,1.26626,1.26634
2021-10-01 13:00:00+00:00,usdcad,1.26727,1.268415,1.266285,1.26841
2021-10-01 14:00:00+00:00,usdcad,1.267505,1.267845,1.26451,1.267515
2021-10-01 15:00:00+00:00,usdcad,1.265805,1.268605,1.265445,1.267495
2021-10-01 16:00:00+00:00,usdcad,1.264525,1.26625,1.26446,1.2658
2021-10-01 17:00:00+00:00,usdcad,1.263525,1.264845,1.263505,1.26453
2021-10-01 18:00:00+00:00,usdcad,1.263705,1.263725,1.262805,1.263515
2021-10-01 19:00:00+00:00,usdcad,1.263745,1.264475,1.263145,1.26371
2021-10-01 20:00:00+00:00,usdcad,1.264675,1.264675,1.263205,1.263735
2021-10-03 21:00:00+00:00,usdcad,1.26461,1.264755,1.26409,1.26442
2021-10-03 22:00:00+00:00,usdcad,1.262165,1.264685,1.26139,1.26463
2021-10-03 23:00:00+00:00,usdcad,1.262695,1.263135,1.262075,1.26216
2021-10-04 00:00:00+00:00,usdcad,1.26436,1.264585,1.2621,1.262705
2021-10-04 01:00:00+00:00,usdcad,1.264855,1.265505,1.263455,1.264355
2021-10-04 02:00:00+00:00,usdcad,1.26355,1.265225,1.2631,1.264865
2021-10-04 03:00:00+00:00,usdcad,1.26327,1.263755,1.263115,1.263545
2021-10-04 04:00:00+00:00,usdcad,1.26199,1.263445,1.26183,1.263275
2021-10-04 05:00:00+00:00,usdcad,1.262815,1.26298,1.261515,1.261995
2021-10-04 06:00:00+00:00,usdcad,1.263515,1.264265,1.26243,1.26282
2021-10-04 07:00:00+00:00,usdcad,1.262775,1.264665,1.262535,1.263505
2021-10-04 08:00:00+00:00,usdcad,1.262155,1.263505,1.26171,1.262765
2021-10-04 09:00:00+00:00,usdcad,1.261595,1.262165,1.260515,1.26215
2021-10-04 10:00:00+00:00,usdcad,1.26154,1.262805,1.261275,1.2616
2021-10-04 11:00:00+00:00,usdcad,1.260855,1.262805,1.26069,1.261545
2021-10-04 12:00:00+00:00,usdcad,1.259835,1.261545,1.259315,1.26085
2021-10-04 13:00:00+00:00,usdcad,1.256815,1.260125,1.25614,1.25984
2021-10-04 14:00:00+00:00,usdcad,1.257595,1.258365,1.2558,1.256835
2021-10-04 15:00:00+00:00,usdcad,1.257425,1.259245,1.257145,1.25742
2021-10-04 16:00:00+00:00,usdcad,1.2579,1.258285,1.257065,1.257415
2021-10-04 17:00:00+00:00,usdcad,1.258305,1.258455,1.257235,1.257905
2021-10-04 18:00:00+00:00,usdcad,1.258185,1.258755,1.257675,1.25829
2021-10-04 19:00:00+00:00,usdcad,1.257825,1.259025,1.257775,1.25819
2021-10-04 20:00:00+00:00,usdcad,1.258905,1.259065,1.257805,1.25782
2021-10-04 21:00:00+00:00,usdcad,1.258665,1.259065,1.25856,1.259005
2021-10-04 22:00:00+00:00,usdcad,1.258925,1.258925,1.258485,1.25866
2021-10-04 23:00:00+00:00,usdcad,1.259035,1.259315,1.258435,1.258915
2021-10-05 00:00:00+00:00,usdcad,1.260415,1.260465,1.25853,1.259065
2021-10-05 01:00:00+00:00,usdcad,1.260995,1.261725,1.26015,1.26042
2021-10-05 02:00:00+00:00,usdcad,1.260485,1.2613,1.26027,1.26099
2021-10-05 03:00:00+00:00,usdcad,1.26142,1.261645,1.260365,1.260475
2021-10-05 04:00:00+00:00,usdcad,1.261945,1.26235,1.261325,1.261415
2021-10-05 05:00:00+00:00,usdcad,1.262195,1.262515,1.261585,1.26194
2021-10-05 06:00:00+00:00,usdcad,1.260955,1.262805,1.260835,1.262185
2021-10-05 07:00:00+00:00,usdcad,1.260535,1.261645,1.259985,1.26096
2021-10-05 08:00:00+00:00,usdcad,1.259315,1.260665,1.258845,1.26053
2021-10-05 09:00:00+00:00,usdcad,1.259395,1.259965,1.258685,1.259305
2021-10-05 10:00:00+00:00,usdcad,1.260035,1.26059,1.259095,1.259385
2021-10-05 11:00:00+00:00,usdcad,1.259235,1.260085,1.258285,1.260025
2021-10-05 12:00:00+00:00,usdcad,1.25921,1.259565,1.258185,1.259245
2021-10-05 13:00:00+00:00,usdcad,1.257145,1.26021,1.256695,1.259215
2021-10-05 14:00:00+00:00,usdcad,1.25681,1.258205,1.255525,1.257065
2021-10-05 15:00:00+00:00,usdcad,1.256245,1.257065,1.254575,1.256805
2021-10-05 16:00:00+00:00,usdcad,1.257615,1.257835,1.256005,1.256255
2021-10-05 17:00:00+00:00,usdcad,1.257595,1.257915,1.256975,1.25762
2021-10-05 18:00:00+00:00,usdcad,1.257765,1.258495,1.257315,1.257585
2021-10-05 19:00:00+00:00,usdcad,1.25789,1.258555,1.257745,1.25777
2021-10-05 20:00:00+00:00,usdcad,1.258225,1.25831,1.257525,1.257885
2021-10-05 21:00:00+00:00,usdcad,1.258245,1.25852,1.257675,1.258235
2021-10-05 22:00:00+00:00,usdcad,1.25803,1.258265,1.257815,1.25824
2021-10-05 23:00:00+00:00,usdcad,1.258355,1.25866,1.257935,1.258025
2021-10-06 00:00:00+00:00,usdcad,1.258585,1.259155,1.258295,1.258365
2021-10-06 01:00:00+00:00,usdcad,1.259555,1.260165,1.258155,1.258595
2021-10-06 02:00:00+00:00,usdcad,1.259385,1.260105,1.258605,1.25956
2021-10-06 03:00:00+00:00,usdcad,1.259865,1.260275,1.259385,1.259395
2021-10-06 04:00:00+00:00,usdcad,1.26046,1.261415,1.25969,1.259855
2021-10-06 05:00:00+00:00,usdcad,1.260495,1.260735,1.25937,1.260465
2021-10-06 06:00:00+00:00,usdcad,1.260675,1.260985,1.259495,1.26049
2021-10-06 07:00:00+00:00,usdcad,1.26398,1.26413,1.26067,1.260685
2021-10-06 08:00:00+00:00,usdcad,1.263545,1.264655,1.262705,1.263985
2021-10-06 09:00:00+00:00,usdcad,1.263665,1.264585,1.262825,1.26355
2021-10-06 10:00:00+00:00,usdcad,1.26414,1.264825,1.263595,1.26376
2021-10-06 11:00:00+00:00,usdcad,1.263955,1.264425,1.263045,1.264145
2021-10-06 12:00:00+00:00,usdcad,1.262355,1.263955,1.260655,1.263945
2021-10-06 13:00:00+00:00,usdcad,1.263365,1.263935,1.260555,1.262345
2021-10-06 14:00:00+00:00,usdcad,1.263375,1.264555,1.261025,1.264075
2021-10-06 15:00:00+00:00,usdcad,1.261475,1.264485,1.261125,1.26344
2021-10-06 16:00:00+00:00,usdcad,1.261765,1.262335,1.261185,1.26148
2021-10-06 17:00:00+00:00,usdcad,1.259365,1.26176,1.259365,1.26176
2021-10-06 18:00:00+00:00,usdcad,1.259195,1.259615,1.258425,1.259355
2021-10-06 19:00:00+00:00,usdcad,1.258915,1.259525,1.258735,1.259205
2021-10-06 20:00:00+00:00,usdcad,1.258905,1.259275,1.25871,1.258905
2021-10-06 21:00:00+00:00,usdcad,1.259305,1.259495,1.25866,1.25911
2021-10-06 22:00:00+00:00,usdcad,1.259085,1.259365,1.258505,1.259315
2021-10-06 23:00:00+00:00,usdcad,1.258625,1.259085,1.258505,1.25908
2021-10-07 00:00:00+00:00,usdcad,1.258055,1.259135,1.257215,1.258635
2021-10-07 01:00:00+00:00,usdcad,1.257745,1.258945,1.257465,1.25806
2021-10-07 02:00:00+00:00,usdcad,1.258625,1.258875,1.25766,1.25775
2021-10-07 03:00:00+00:00,usdcad,1.258575,1.259195,1.258465,1.258615
2021-10-07 04:00:00+00:00,usdcad,1.258785,1.258855,1.258135,1.25858
2021-10-07 05:00:00+00:00,usdcad,1.258945,1.259285,1.258385,1.258805
2021-10-07 06:00:00+00:00,usdcad,1.257045,1.258985,1.256515,1.258955
2021-10-07 07:00:00+00:00,usdcad,1.257905,1.258405,1.256395,1.25704
2021-10-07 08:00:00+00:00,usdcad,1.258815,1.259955,1.257795,1.257925
2021-10-07 09:00:00+00:00,usdcad,1.258475,1.25905,1.257905,1.258825
2021-10-07 10:00:00+00:00,usdcad,1.258475,1.258625,1.25771,1.258465
2021-10-07 11:00:00+00:00,usdcad,1.258035,1.25852,1.257065,1.25847
2021-10-07 12:00:00+00:00,usdcad,1.257885,1.258405,1.257195,1.25803
2021-10-07 13:00:00+00:00,usdcad,1.2571,1.259415,1.25641,1.257855
2021-10-07 14:00:00+00:00,usdcad,1.25491,1.25742,1.254525,1.257105
2021-10-07 15:00:00+00:00,usdcad,1.254695,1.255285,1.254045,1.254915
2021-10-07 16:00:00+00:00,usdcad,1.255765,1.255775,1.254575,1.25469
2021-10-07 17:00:00+00:00,usdcad,1.254655,1.256475,1.254335,1.255775
2021-10-07 18:00:00+00:00,usdcad,1.25517,1.256095,1.254525,1.25466
2021-10-07 19:00:00+00:00,usdcad,1.254275,1.255955,1.254105,1.255165
2021-10-07 20:00:00+00:00,usdcad,1.25512,1.255375,1.254125,1.254265
2021-10-07 21:00:00+00:00,usdcad,1.255185,1.255345,1.255035,1.255125
2021-10-07 22:00:00+00:00,usdcad,1.255235,1.255295,1.254985,1.25518
2021-10-07 23:00:00+00:00,usdcad,1.254805,1.255515,1.254755,1.25524
2021-10-08 00:00:00+00:00,usdcad,1.254525,1.256255,1.254515,1.25481
2021-10-08 01:00:00+00:00,usdcad,1.254755,1.254825,1.254115,1.25453
2021-10-08 02:00:00+00:00,usdcad,1.253495,1.25482,1.253345,1.25476
2021-10-08 03:00:00+00:00,usdcad,1.254955,1.255275,1.253445,1.25349
2021-10-08 04:00:00+00:00,usdcad,1.25573,1.255825,1.254375,1.254905
2021-10-08 05:00:00+00:00,usdcad,1.255535,1.255765,1.25491,1.255725
2021-10-08 06:00:00+00:00,usdcad,1.255495,1.255885,1.255065,1.25553
2021-10-08 07:00:00+00:00,usdcad,1.254565,1.255925,1.254435,1.25549
2021-10-08 08:00:00+00:00,usdcad,1.254625,1.255455,1.254345,1.25456
2021-10-08 09:00:00+00:00,usdcad,1.254015,1.254895,1.254005,1.254615
2021-10-08 10:00:00+00:00,usdcad,1.25411,1.254205,1.2533,1.254025
2021-10-08 11:00:00+00:00,usdcad,1.254035,1.25445,1.253625,1.254115
2021-10-08 12:00:00+00:00,usdcad,1.250095,1.254055,1.249055,1.25403
2021-10-08 13:00:00+00:00,usdcad,1.250625,1.251915,1.248765,1.250085
2021-10-08 14:00:00+00:00,usdcad,1.24588,1.250625,1.245335,1.250605
2021-10-08 15:00:00+00:00,usdcad,1.247825,1.248435,1.245175,1.245885
2021-10-08 16:00:00+00:00,usdcad,1.247675,1.249215,1.247495,1.247835
2021-10-08 17:00:00+00:00,usdcad,1.246565,1.248435,1.246375,1.24768
2021-10-08 18:00:00+00:00,usdcad,1.245965,1.246895,1.245835,1.24656
2021-10-08 19:00:00+00:00,usdcad,1.247065,1.247615,1.245805,1.24597
2021-10-08 20:00:00+00:00,usdcad,1.247015,1.247635,1.24691,1.247075
2021-10-10 21:00:00+00:00,usdcad,1.247745,1.247935,1.247665,1.24779
2021-10-10 22:00:00+00:00,usdcad,1.247675,1.2483,1.246665,1.247725
2021-10-10 23:00:00+00:00,usdcad,1.248495,1.248655,1.247355,1.24768
2021-10-11 00:00:00+00:00,usdcad,1.246805,1.248625,1.24624,1.2485
2021-10-11 01:00:00+00:00,usdcad,1.24622,1.246985,1.245035,1.24681
2021-10-11 02:00:00+00:00,usdcad,1.246525,1.246705,1.24599,1.246235
2021-10-11 03:00:00+00:00,usdcad,1.246515,1.24707,1.246105,1.24653
2021-10-11 04:00:00+00:00,usdcad,1.246105,1.246705,1.246025,1.24652
2021-10-11 05:00:00+00:00,usdcad,1.245055,1.24669,1.245035,1.24611
2021-10-11 06:00:00+00:00,usdcad,1.245295,1.246555,1.244665,1.24504
2021-10-11 07:00:00+00:00,usdcad,1.245115,1.246315,1.244695,1.245305
2021-10-11 08:00:00+00:00,usdcad,1.24491,1.246695,1.24466,1.24511
2021-10-11 09:00:00+00:00,usdcad,1.245575,1.2463,1.244885,1.244905
2021-10-11 10:00:00+00:00,usdcad,1.246355,1.246585,1.245435,1.245555
2021-10-11 11:00:00+00:00,usdcad,1.24663,1.24674,1.245245,1.246345
2021-10-11 12:00:00+00:00,usdcad,1.24683,1.247455,1.246285,1.246635
2021-10-11 13:00:00+00:00,usdcad,1.245845,1.247545,1.2451,1.246825
2021-10-11 14:00:00+00:00,usdcad,1.246465,1.246835,1.244895,1.245865
2021-10-11 15:00:00+00:00,usdcad,1.245665,1.24686,1.245295,1.246455
2021-10-11 16:00:00+00:00,usdcad,1.24661,1.247185,1.24564,1.24567
2021-10-11 17:00:00+00:00,usdcad,1.248235,1.248615,1.24659,1.246605
2021-10-11 18:00:00+00:00,usdcad,1.24796,1.248775,1.247865,1.24823
2021-10-11 19:00:00+00:00,usdcad,1.24889,1.24895,1.247815,1.24795
2021-10-11 20:00:00+00:00,usdcad,1.248375,1.249205,1.248005,1.248885
2021-10-11 21:00:00+00:00,usdcad,1.24806,1.24874,1.247755,1.248345
2021-10-11 22:00:00+00:00,usdcad,1.248875,1.248955,1.24807,1.24821
2021-10-11 23:00:00+00:00,usdcad,1.248145,1.24904,1.248055,1.24888
2021-10-12 00:00:00+00:00,usdcad,1.249555,1.249635,1.247565,1.248135
2021-10-12 01:00:00+00:00,usdcad,1.248975,1.249875,1.248575,1.24955
2021-10-12 02:00:00+00:00,usdcad,1.248715,1.249095,1.248305,1.24897
2021-10-12 03:00:00+00:00,usdcad,1.249005,1.249155,1.248345,1.24871
2021-10-12 04:00:00+00:00,usdcad,1.24861,1.24902,1.248455,1.249
2021-10-12 05:00:00+00:00,usdcad,1.247705,1.24878,1.247325,1.248615
2021-10-12 06:00:00+00:00,usdcad,1.247895,1.248535,1.247615,1.247695
2021-10-12 07:00:00+00:00,usdcad,1.247545,1.249025,1.246495,1.247885
2021-10-12 08:00:00+00:00,usdcad,1.246605,1.247975,1.246135,1.24754
2021-10-12 09:00:00+00:00,usdcad,1.24665,1.246925,1.245825,1.246595
2021-10-12 10:00:00+00:00,usdcad,1.245545,1.24708,1.24527,1.246655
2021-10-12 11:00:00+00:00,usdcad,1.246115,1.24616,1.245105,1.245555
2021-10-12 12:00:00+00:00,usdcad,1.247625,1.248615,1.245535,1.246125
2021-10-12 13:00:00+00:00,usdcad,1.246435,1.24827,1.2457,1.247615
2021-10-12 14:00:00+00:00,usdcad,1.245905,1.247855,1.245175,1.246065
2021-10-12 15:00:00+00:00,usdcad,1.24406,1.246045,1.24405,1.245915
2021-10-12 16:00:00+00:00,usdcad,1.24582,1.246155,1.243465,1.244055
2021-10-12 17:00:00+00:00,usdcad,1.245985,1.247265,1.245275,1.245825
2021-10-12 18:00:00+00:00,usdcad,1.246135,1.246635,1.245215,1.245975
2021-10-12 19:00:00+00:00,usdcad,1.246065,1.247105,1.24588,1.24614
2021-10-12 20:00:00+00:00,usdcad,1.246805,1.246925,1.246055,1.24606
2021-10-12 21:00:00+00:00,usdcad,1.246325,1.246585,1.24593,1.246345
2021-10-12 22:00:00+00:00,usdcad,1.247315,1.24738,1.24632,1.246345
2021-10-12 23:00:00+00:00,usdcad,1.24777,1.247845,1.246895,1.247305
2021-10-13 00:00:00+00:00,usdcad,1.246605,1.247895,1.246355,1.247745
2021-10-13 01:00:00+00:00,usdcad,1.246145,1.247175,1.245905,1.2466
2021-10-13 02:00:00+00:00,usdcad,1.245915,1.246705,1.245685,1.24615
2021-10-13 03:00:00+00:00,usdcad,1.245535,1.245985,1.245145,1.24591
2021-10-13 04:00:00+00:00,usdcad,1.245055,1.24554,1.245045,1.24553
2021-10-13 05:00:00+00:00,usdcad,1.24514,1.245665,1.244925,1.24505
2021-10-13 06:00:00+00:00,usdcad,1.245425,1.246125,1.244825,1.245145
2021-10-13 07:00:00+00:00,usdcad,1.24467,1.246475,1.244485,1.24543
2021-10-13 08:00:00+00:00,usdcad,1.244345,1.244915,1.243565,1.244665
2021-10-13 09:00:00+00:00,usdcad,1.244975,1.245225,1.243575,1.24435
2021-10-13 10:00:00+00:00,usdcad,1.244295,1.244995,1.243955,1.244985
2021-10-13 11:00:00+00:00,usdcad,1.244065,1.244705,1.243505,1.244285
2021-10-13 12:00:00+00:00,usdcad,1.246505,1.247105,1.243865,1.24406
2021-10-13 13:00:00+00:00,usdcad,1.245455,1.24662,1.244425,1.246515
2021-10-13 14:00:00+00:00,usdcad,1.244915,1.246715,1.243505,1.245475
2021-10-13 15:00:00+00:00,usdcad,1.245035,1.245215,1.243285,1.24492
2021-10-13 16:00:00+00:00,usdcad,1.244015,1.245025,1.243625,1.245025
2021-10-13 17:00:00+00:00,usdcad,1.243765,1.244325,1.24327,1.244005
2021-10-13 18:00:00+00:00,usdcad,1.243495,1.24469,1.243065,1.243755
2021-10-13 19:00:00+00:00,usdcad,1.244015,1.24428,1.243465,1.2435
2021-10-13 20:00:00+00:00,usdcad,1.24427,1.244455,1.2438,1.244005
2021-10-13 21:00:00+00:00,usdcad,1.244105,1.244705,1.2441,1.244675
2021-10-13 22:00:00+00:00,usdcad,1.244085,1.244195,1.243815,1.244075
2021-10-13 23:00:00+00:00,usdcad,1.243895,1.24455,1.243895,1.244075
2021-10-14 00:00:00+00:00,usdcad,1.242605,1.243915,1.24242,1.243895
2021-10-14 01:00:00+00:00,usdcad,1.243685,1.243845,1.242455,1.242595
2021-10-14 02:00:00+00:00,usdcad,1.242925,1.243755,1.242835,1.243675
2021-10-14 03:00:00+00:00,usdcad,1.242925,1.243005,1.242415,1.24293
2021-10-14 04:00:00+00:00,usdcad,1.242545,1.243025,1.242535,1.24292
2021-10-14 05:00:00+00:00,usdcad,1.242255,1.242755,1.24219,1.242555
2021-10-14 06:00:00+00:00,usdcad,1.240185,1.242545,1.24018,1.24226
2021-10-14 07:00:00+00:00,usdcad,1.239955,1.240475,1.239475,1.24019
2021-10-14 08:00:00+00:00,usdcad,1.238785,1.240055,1.238425,1.23995
2021-10-14 09:00:00+00:00,usdcad,1.23794,1.2388,1.237745,1.238795
2021-10-14 10:00:00+00:00,usdcad,1.237725,1.238735,1.23737,1.237935
2021-10-14 11:00:00+00:00,usdcad,1.23831,1.238835,1.237285,1.237735
2021-10-14 12:00:00+00:00,usdcad,1.238225,1.238845,1.237285,1.238315
2021-10-14 13:00:00+00:00,usdcad,1.235745,1.23913,1.235695,1.238235
2021-10-14 14:00:00+00:00,usdcad,1.236205,1.238165,1.235485,1.235735
2021-10-14 15:00:00+00:00,usdcad,1.236215,1.237895,1.236035,1.236195
2021-10-14 16:00:00+00:00,usdcad,1.23661,1.237365,1.235865,1.23621
2021-10-14 17:00:00+00:00,usdcad,1.236555,1.237415,1.236235,1.236615
2021-10-14 18:00:00+00:00,usdcad,1.23683,1.237545,1.236195,1.23655
2021-10-14 19:00:00+00:00,usdcad,1.237835,1.237905,1.23684,1.23684
2021-10-14 20:00:00+00:00,usdcad,1.23701,1.237905,1.236805,1.23783
2021-10-14 21:00:00+00:00,usdcad,1.237145,1.237505,1.236705,1.23683
2021-10-14 22:00:00+00:00,usdcad,1.237755,1.237755,1.23694,1.237135
2021-10-14 23:00:00+00:00,usdcad,1.237565,1.237755,1.23701,1.23775
2021-10-15 00:00:00+00:00,usdcad,1.237025,1.23821,1.237015,1.23757
2021-10-15 01:00:00+00:00,usdcad,1.236685,1.237315,1.236295,1.23702
2021-10-15 02:00:00+00:00,usdcad,1.235755,1.236995,1.235525,1.236675
2021-10-15 03:00:00+00:00,usdcad,1.236075,1.236305,1.235725,1.235745
2021-10-15 04:00:00+00:00,usdcad,1.23553,1.236175,1.235505,1.23607
2021-10-15 05:00:00+00:00,usdcad,1.235165,1.235615,1.23513,1.235535
2021-10-15 06:00:00+00:00,usdcad,1.23452,1.235775,1.234355,1.23517
2021-10-15 07:00:00+00:00,usdcad,1.234145,1.234795,1.233685,1.234515
2021-10-15 08:00:00+00:00,usdcad,1.234665,1.235145,1.233685,1.23414
2021-10-15 09:00:00+00:00,usdcad,1.234575,1.23529,1.234245,1.234655
2021-10-15 10:00:00+00:00,usdcad,1.234665,1.235035,1.234065,1.23458
2021-10-15 11:00:00+00:00,usdcad,1.23575,1.23615,1.234105,1.234675
2021-10-15 12:00:00+00:00,usdcad,1.23848,1.238555,1.235665,1.235755
2021-10-15 13:00:00+00:00,usdcad,1.237265,1.238475,1.236475,1.238475
2021-10-15 14:00:00+00:00,usdcad,1.235925,1.239075,1.235585,1.23727
2021-10-15 15:00:00+00:00,usdcad,1.23884,1.238955,1.23552,1.23592
2021-10-15 16:00:00+00:00,usdcad,1.239355,1.239755,1.238205,1.238845
2021-10-15 17:00:00+00:00,usdcad,1.238675,1.239365,1.238275,1.239365
2021-10-15 18:00:00+00:00,usdcad,1.238455,1.23928,1.238215,1.23867
2021-10-15 19:00:00+00:00,usdcad,1.237575,1.23878,1.23734,1.238445
2021-10-15 20:00:00+00:00,usdcad,1.236685,1.237555,1.235935,1.237555
2021-10-17 21:00:00+00:00,usdcad,1.23693,1.2378,1.23672,1.237215
2021-10-17 22:00:00+00:00,usdcad,1.236775,1.236935,1.23491,1.236885
2021-10-17 23:00:00+00:00,usdcad,1.237475,1.23749,1.236515,1.236765
2021-10-18 00:00:00+00:00,usdcad,1.23837,1.23847,1.237295,1.237465
2021-10-18 01:00:00+00:00,usdcad,1.238105,1.2385,1.237375,1.238375
2021-10-18 02:00:00+00:00,usdcad,1.23784,1.238195,1.237515,1.238095
2021-10-18 03:00:00+00:00,usdcad,1.239215,1.239275,1.23781,1.237845
2021-10-18 04:00:00+00:00,usdcad,1.239485,1.239665,1.239165,1.23921
2021-10-18 05:00:00+00:00,usdcad,1.239985,1.240055,1.239395,1.239495
2021-10-18 06:00:00+00:00,usdcad,1.240235,1.240985,1.23964,1.23998
2021-10-18 07:00:00+00:00,usdcad,1.239125,1.240475,1.23911,1.240225
2021-10-18 08:00:00+00:00,usdcad,1.240255,1.240435,1.2383,1.239115
2021-10-18 09:00:00+00:00,usdcad,1.239265,1.240375,1.239035,1.240265
2021-10-18 10:00:00+00:00,usdcad,1.239135,1.239905,1.238845,1.239275
2021-10-18 11:00:00+00:00,usdcad,1.239735,1.24023,1.238815,1.23913
2021-10-18 12:00:00+00:00,usdcad,1.239565,1.240065,1.237885,1.23974
2021-10-18 13:00:00+00:00,usdcad,1.236765,1.240025,1.236615,1.23957
2021-10-18 14:00:00+00:00,usdcad,1.236775,1.237125,1.235125,1.23697
2021-10-18 15:00:00+00:00,usdcad,1.236275,1.237375,1.236195,1.236785
2021-10-18 16:00:00+00:00,usdcad,1.236725,1.237055,1.236,1.23627
2021-10-18 17:00:00+00:00,usdcad,1.23731,1.237755,1.23667,1.23673
2021-10-18 18:00:00+00:00,usdcad,1.23767,1.238225,1.237285,1.237315
2021-10-18 19:00:00+00:00,usdcad,1.238145,1.238485,1.237535,1.237665
2021-10-18 20:00:00+00:00,usdcad,1.237905,1.238335,1.237605,1.238155
2021-10-18 21:00:00+00:00,usdcad,1.237635,1.237875,1.237515,1.237685
2021-10-18 22:00:00+00:00,usdcad,1.238265,1.238275,1.237585,1.23763
2021-10-18 23:00:00+00:00,usdcad,1.2373,1.238285,1.237295,1.23826
2021-10-19 00:00:00+00:00,usdcad,1.236415,1.237335,1.236365,1.237295
2021-10-19 01:00:00+00:00,usdcad,1.235355,1.236895,1.235035,1.23641
2021-10-19 02:00:00+00:00,usdcad,1.234815,1.235825,1.234785,1.23535
2021-10-19 03:00:00+00:00,usdcad,1.23471,1.235525,1.234515,1.23482
2021-10-19 04:00:00+00:00,usdcad,1.234945,1.234955,1.234165,1.234705
2021-10-19 05:00:00+00:00,usdcad,1.23356,1.234995,1.233515,1.23494
2021-10-19 06:00:00+00:00,usdcad,1.232805,1.233895,1.23264,1.233555
2021-10-19 07:00:00+00:00,usdcad,1.233435,1.23345,1.232125,1.2328
2021-10-19 08:00:00+00:00,usdcad,1.232075,1.233445,1.232025,1.23344
2021-10-19 09:00:00+00:00,usdcad,1.23204,1.232315,1.231745,1.232085
2021-10-19 10:00:00+00:00,usdcad,1.2326,1.232655,1.23114,1.232035
2021-10-19 11:00:00+00:00,usdcad,1.233865,1.234495,1.232425,1.232605
2021-10-19 12:00:00+00:00,usdcad,1.235545,1.236225,1.233825,1.233855
2021-10-19 13:00:00+00:00,usdcad,1.23533,1.237445,1.235275,1.23554
2021-10-19 14:00:00+00:00,usdcad,1.235605,1.237375,1.235085,1.23544
2021-10-19 15:00:00+00:00,usdcad,1.235375,1.236165,1.234745,1.23561
2021-10-19 16:00:00+00:00,usdcad,1.235625,1.236045,1.23532,1.235365
2021-10-19 17:00:00+00:00,usdcad,1.235425,1.235745,1.234955,1.235635
2021-10-19 18:00:00+00:00,usdcad,1.235935,1.236785,1.23528,1.235415
2021-10-19 19:00:00+00:00,usdcad,1.236825,1.23687,1.23572,1.235925
2021-10-19 20:00:00+00:00,usdcad,1.236465,1.236955,1.236285,1.23682
2021-10-19 21:00:00+00:00,usdcad,1.236215,1.23683,1.236105,1.236685
2021-10-19 22:00:00+00:00,usdcad,1.236335,1.236815,1.236155,1.236275
2021-10-19 23:00:00+00:00,usdcad,1.235585,1.236615,1.235515,1.23634
2021-10-20 00:00:00+00:00,usdcad,1.235275,1.236675,1.235275,1.235595
2021-10-20 01:00:00+00:00,usdcad,1.235405,1.235745,1.234095,1.235285
2021-10-20 02:00:00+00:00,usdcad,1.235925,1.23625,1.23476,1.235415
2021-10-20 03:00:00+00:00,usdcad,1.234385,1.236015,1.234355,1.23592
2021-10-20 04:00:00+00:00,usdcad,1.23376,1.234525,1.233635,1.234375
2021-10-20 05:00:00+00:00,usdcad,1.234295,1.234645,1.233635,1.233765
2021-10-20 06:00:00+00:00,usdcad,1.23558,1.23567,1.234245,1.2343
2021-10-20 07:00:00+00:00,usdcad,1.234895,1.235745,1.233615,1.235575
2021-10-20 08:00:00+00:00,usdcad,1.234725,1.235175,1.234105,1.23489
2021-10-20 09:00:00+00:00,usdcad,1.235135,1.23596,1.234475,1.23473
2021-10-20 10:00:00+00:00,usdcad,1.235215,1.23586,1.234945,1.23513
2021-10-20 11:00:00+00:00,usdcad,1.235505,1.235775,1.23482,1.23521
2021-10-20 12:00:00+00:00,usdcad,1.234915,1.235645,1.233505,1.235495
2021-10-20 13:00:00+00:00,usdcad,1.234685,1.236285,1.234555,1.23491
2021-10-20 14:00:00+00:00,usdcad,1.231945,1.235145,1.231845,1.234715
2021-10-20 15:00:00+00:00,usdcad,1.23278,1.23323,1.231875,1.23194
2021-10-20 16:00:00+00:00,usdcad,1.232005,1.233245,1.231515,1.232765
2021-10-20 17:00:00+00:00,usdcad,1.231435,1.232755,1.231005,1.231995
2021-10-20 18:00:00+00:00,usdcad,1.231475,1.231755,1.230775,1.231445
2021-10-20 19:00:00+00:00,usdcad,1.232335,1.232625,1.231435,1.23148
2021-10-20 20:00:00+00:00,usdcad,1.231985,1.232725,1.231625,1.232345
2021-10-20 21:00:00+00:00,usdcad,1.23189,1.232205,1.231515,1.232005
2021-10-20 22:00:00+00:00,usdcad,1.23255,1.23255,1.23172,1.231875
2021-10-20 23:00:00+00:00,usdcad,1.232575,1.232595,1.232055,1.232555
2021-10-21 00:00:00+00:00,usdcad,1.2316,1.232565,1.231475,1.232565
2021-10-21 01:00:00+00:00,usdcad,1.230395,1.231855,1.230355,1.231605
2021-10-21 02:00:00+00:00,usdcad,1.229585,1.230535,1.228865,1.23039
2021-10-21 03:00:00+00:00,usdcad,1.229905,1.229935,1.229095,1.22959
2021-10-21 04:00:00+00:00,usdcad,1.231975,1.232295,1.229775,1.229925
2021-10-21 05:00:00+00:00,usdcad,1.233065,1.233075,1.231705,1.231965
2021-10-21 06:00:00+00:00,usdcad,1.234105,1.234435,1.232505,1.23307
2021-10-21 07:00:00+00:00,usdcad,1.23267,1.234355,1.232435,1.234095
2021-10-21 08:00:00+00:00,usdcad,1.233525,1.234325,1.232455,1.232665
2021-10-21 09:00:00+00:00,usdcad,1.23346,1.234575,1.233375,1.23352
2021-10-21 10:00:00+00:00,usdcad,1.234065,1.23408,1.232965,1.233455
2021-10-21 11:00:00+00:00,usdcad,1.23348,1.234525,1.233035,1.234055
2021-10-21 12:00:00+00:00,usdcad,1.23269,1.234225,1.232615,1.233475
2021-10-21 13:00:00+00:00,usdcad,1.231755,1.233295,1.231275,1.23271
2021-10-21 14:00:00+00:00,usdcad,1.232705,1.233765,1.231735,1.231745
2021-10-21 15:00:00+00:00,usdcad,1.234225,1.235445,1.232695,1.2327
2021-10-21 16:00:00+00:00,usdcad,1.236345,1.23655,1.233815,1.23423
2021-10-21 17:00:00+00:00,usdcad,1.238335,1.238385,1.236205,1.23635
2021-10-21 18:00:00+00:00,usdcad,1.238035,1.23834,1.237405,1.23833
2021-10-21 19:00:00+00:00,usdcad,1.237615,1.238035,1.237075,1.238025
2021-10-21 20:00:00+00:00,usdcad,1.23684,1.237825,1.236815,1.237625
2021-10-21 21:00:00+00:00,usdcad,1.23709,1.237195,1.236585,1.23691
2021-10-21 22:00:00+00:00,usdcad,1.236985,1.237205,1.236955,1.237095
2021-10-21 23:00:00+00:00,usdcad,1.23712,1.237175,1.236525,1.23699
2021-10-22 00:00:00+00:00,usdcad,1.236345,1.237525,1.236345,1.237115
2021-10-22 01:00:00+00:00,usdcad,1.234735,1.236365,1.234305,1.23635
2021-10-22 02:00:00+00:00,usdcad,1.234955,1.235665,1.234675,1.23473
2021-10-22 03:00:00+00:00,usdcad,1.234835,1.235445,1.234665,1.23496
2021-10-22 04:00:00+00:00,usdcad,1.235295,1.23563,1.234775,1.234785
2021-10-22 05:00:00+00:00,usdcad,1.235415,1.235535,1.234735,1.23529
2021-10-22 06:00:00+00:00,usdcad,1.234995,1.235755,1.234435,1.23542
2021-10-22 07:00:00+00:00,usdcad,1.23417,1.235065,1.233065,1.23499
2021-10-22 08:00:00+00:00,usdcad,1.233455,1.23443,1.233085,1.234165
2021-10-22 09:00:00+00:00,usdcad,1.233325,1.234465,1.233305,1.23346
2021-10-22 10:00:00+00:00,usdcad,1.232935,1.23348,1.232635,1.23332
2021-10-22 11:00:00+00:00,usdcad,1.233425,1.233515,1.232315,1.23294
2021-10-22 12:00:00+00:00,usdcad,1.233365,1.233765,1.232095,1.23343
2021-10-22 13:00:00+00:00,usdcad,1.232955,1.234175,1.232485,1.233375
2021-10-22 14:00:00+00:00,usdcad,1.235255,1.235595,1.232535,1.23296
2021-10-22 15:00:00+00:00,usdcad,1.238465,1.23865,1.234795,1.23539
2021-10-22 16:00:00+00:00,usdcad,1.237115,1.23903,1.23636,1.23847
2021-10-22 17:00:00+00:00,usdcad,1.237755,1.237935,1.23705,1.237105
2021-10-22 18:00:00+00:00,usdcad,1.236685,1.237845,1.236205,1.23775
2021-10-22 19:00:00+00:00,usdcad,1.236765,1.237485,1.236615,1.236675
2021-10-22 20:00:00+00:00,usdcad,1.23666,1.237385,1.236515,1.23676
2021-10-24 21:00:00+00:00,usdcad,1.23677,1.23695,1.236715,1.23684
2021-10-24 22:00:00+00:00,usdcad,1.236925,1.237395,1.236445,1.23674
2021-10-24 23:00:00+00:00,usdcad,1.237245,1.237975,1.236745,1.236935
2021-10-25 00:00:00+00:00,usdcad,1.236175,1.237345,1.235785,1.23725
2021-10-25 01:00:00+00:00,usdcad,1.23628,1.236945,1.235895,1.23617
2021-10-25 02:00:00+00:00,usdcad,1.235075,1.23652,1.234885,1.236285
2021-10-25 03:00:00+00:00,usdcad,1.23455,1.23508,1.23432,1.23508
2021-10-25 04:00:00+00:00,usdcad,1.234865,1.235195,1.23448,1.234555
2021-10-25 05:00:00+00:00,usdcad,1.23485,1.235235,1.234665,1.234875
2021-10-25 06:00:00+00:00,usdcad,1.236145,1.236245,1.234455,1.234845
2021-10-25 07:00:00+00:00,usdcad,1.234315,1.2366,1.234085,1.23614
2021-10-25 08:00:00+00:00,usdcad,1.234765,1.234985,1.233835,1.23431
2021-10-25 09:00:00+00:00,usdcad,1.236615,1.237315,1.234575,1.23477
2021-10-25 10:00:00+00:00,usdcad,1.235535,1.236875,1.235345,1.23661
2021-10-25 11:00:00+00:00,usdcad,1.236205,1.23672,1.23529,1.23554
2021-10-25 12:00:00+00:00,usdcad,1.237175,1.237465,1.235605,1.236195
2021-10-25 13:00:00+00:00,usdcad,1.236915,1.23893,1.236635,1.23718
2021-10-25 14:00:00+00:00,usdcad,1.236995,1.237775,1.236065,1.236925
2021-10-25 15:00:00+00:00,usdcad,1.237375,1.237585,1.236475,1.237005
2021-10-25 16:00:00+00:00,usdcad,1.239575,1.240025,1.237365,1.23737
2021-10-25 17:00:00+00:00,usdcad,1.238495,1.239655,1.238415,1.23957
2021-10-25 18:00:00+00:00,usdcad,1.238525,1.238925,1.238105,1.238485
2021-10-25 19:00:00+00:00,usdcad,1.238555,1.239385,1.238465,1.23853
2021-10-25 20:00:00+00:00,usdcad,1.238275,1.23884,1.238205,1.23856
2021-10-25 21:00:00+00:00,usdcad,1.238195,1.238675,1.237935,1.238455
2021-10-25 22:00:00+00:00,usdcad,1.238345,1.238535,1.238165,1.238205
2021-10-25 23:00:00+00:00,usdcad,1.237945,1.238545,1.237845,1.238335
2021-10-26 00:00:00+00:00,usdcad,1.2381,1.238605,1.237605,1.237935
2021-10-26 01:00:00+00:00,usdcad,1.238115,1.238455,1.236805,1.238095
2021-10-26 02:00:00+00:00,usdcad,1.237895,1.238525,1.237835,1.238125
2021-10-26 03:00:00+00:00,usdcad,1.237435,1.238385,1.237385,1.2379
2021-10-26 04:00:00+00:00,usdcad,1.237305,1.237765,1.237295,1.23743
2021-10-26 05:00:00+00:00,usdcad,1.238475,1.23861,1.23731,1.23731
2021-10-26 06:00:00+00:00,usdcad,1.238495,1.238825,1.23782,1.238465
2021-10-26 07:00:00+00:00,usdcad,1.238645,1.239395,1.237895,1.238485
2021-10-26 08:00:00+00:00,usdcad,1.237245,1.238875,1.237125,1.23865
2021-10-26 09:00:00+00:00,usdcad,1.23706,1.237545,1.23706,1.23725
2021-10-26 10:00:00+00:00,usdcad,1.235555,1.237075,1.23553,1.237055
2021-10-26 11:00:00+00:00,usdcad,1.236235,1.236415,1.235085,1.235545
2021-10-26 12:00:00+00:00,usdcad,1.235215,1.236785,1.235035,1.23624
2021-10-26 13:00:00+00:00,usdcad,1.235615,1.236855,1.235065,1.235205
2021-10-26 14:00:00+00:00,usdcad,1.23786,1.2383,1.235435,1.23562
2021-10-26 15:00:00+00:00,usdcad,1.23874,1.239075,1.236975,1.237875
2021-10-26 16:00:00+00:00,usdcad,1.23915,1.23964,1.238575,1.238745
2021-10-26 17:00:00+00:00,usdcad,1.238675,1.239315,1.238235,1.239145
2021-10-26 18:00:00+00:00,usdcad,1.238515,1.238785,1.237965,1.23867
2021-10-26 19:00:00+00:00,usdcad,1.23894,1.23905,1.238035,1.23851
2021-10-26 20:00:00+00:00,usdcad,1.238985,1.239195,1.238325,1.238935
2021-10-26 21:00:00+00:00,usdcad,1.239175,1.239315,1.23887,1.23887
2021-10-26 22:00:00+00:00,usdcad,1.239275,1.239375,1.238805,1.23915
2021-10-26 23:00:00+00:00,usdcad,1.239145,1.239515,1.238935,1.239285
2021-10-27 00:00:00+00:00,usdcad,1.239055,1.239495,1.238315,1.239195
2021-10-27 01:00:00+00:00,usdcad,1.239855,1.239865,1.238615,1.23906
2021-10-27 02:00:00+00:00,usdcad,1.239295,1.23988,1.239125,1.239865
2021-10-27 03:00:00+00:00,usdcad,1.239135,1.239395,1.238635,1.23929
2021-10-27 04:00:00+00:00,usdcad,1.238785,1.239285,1.23876,1.239145
2021-10-27 05:00:00+00:00,usdcad,1.238945,1.23938,1.238755,1.23879
2021-10-27 06:00:00+00:00,usdcad,1.238645,1.239275,1.238435,1.23894
2021-10-27 07:00:00+00:00,usdcad,1.240095,1.240295,1.238345,1.23864
2021-10-27 08:00:00+00:00,usdcad,1.241895,1.241965,1.23982,1.240105
2021-10-27 09:00:00+00:00,usdcad,1.241545,1.242885,1.241355,1.24189
2021-10-27 10:00:00+00:00,usdcad,1.241415,1.242225,1.24128,1.241555
2021-10-27 11:00:00+00:00,usdcad,1.241665,1.241825,1.241195,1.241405
2021-10-27 12:00:00+00:00,usdcad,1.242835,1.243135,1.240255,1.24167
2021-10-27 13:00:00+00:00,usdcad,1.240895,1.243175,1.24075,1.24284
2021-10-27 14:00:00+00:00,usdcad,1.23413,1.24091,1.230165,1.240905
2021-10-27 15:00:00+00:00,usdcad,1.23383,1.235595,1.232645,1.234135
2021-10-27 16:00:00+00:00,usdcad,1.233015,1.234335,1.232165,1.233825
2021-10-27 17:00:00+00:00,usdcad,1.233295,1.234235,1.2317,1.233025
2021-10-27 18:00:00+00:00,usdcad,1.234445,1.234815,1.233285,1.2333
2021-10-27 19:00:00+00:00,usdcad,1.236475,1.23652,1.234445,1.234455
2021-10-27 20:00:00+00:00,usdcad,1.236095,1.236465,1.235565,1.236465
2021-10-27 21:00:00+00:00,usdcad,1.236255,1.236445,1.235585,1.23606
2021-10-27 22:00:00+00:00,usdcad,1.236015,1.236685,1.235965,1.23626
2021-10-27 23:00:00+00:00,usdcad,1.237055,1.237185,1.235965,1.23601
2021-10-28 00:00:00+00:00,usdcad,1.23702,1.237255,1.236105,1.23705
2021-10-28 01:00:00+00:00,usdcad,1.237355,1.237945,1.236935,1.237015
2021-10-28 02:00:00+00:00,usdcad,1.237205,1.237605,1.236775,1.23735
2021-10-28 03:00:00+00:00,usdcad,1.237465,1.237585,1.237025,1.2372
2021-10-28 04:00:00+00:00,usdcad,1.237495,1.237795,1.237305,1.23746
2021-10-28 05:00:00+00:00,usdcad,1.237345,1.237785,1.23715,1.2375
2021-10-28 06:00:00+00:00,usdcad,1.23822,1.23828,1.236895,1.23734
2021-10-28 07:00:00+00:00,usdcad,1.237145,1.238225,1.236515,1.238225
2021-10-28 08:00:00+00:00,usdcad,1.237055,1.237535,1.236665,1.237135
2021-10-28 09:00:00+00:00,usdcad,1.2366,1.237285,1.236505,1.237065
2021-10-28 10:00:00+00:00,usdcad,1.235895,1.237,1.235875,1.236605
2021-10-28 11:00:00+00:00,usdcad,1.235675,1.236495,1.235095,1.23589
2021-10-28 12:00:00+00:00,usdcad,1.236815,1.237335,1.235225,1.23568
2021-10-28 13:00:00+00:00,usdcad,1.234365,1.237175,1.233775,1.23682
2021-10-28 14:00:00+00:00,usdcad,1.233445,1.23624,1.23302,1.234535
2021-10-28 15:00:00+00:00,usdcad,1.234905,1.235215,1.233075,1.23357
2021-10-28 16:00:00+00:00,usdcad,1.235565,1.235715,1.23373,1.234895
2021-10-28 17:00:00+00:00,usdcad,1.234675,1.235745,1.234205,1.23556
2021-10-28 18:00:00+00:00,usdcad,1.234815,1.235225,1.234395,1.23467
2021-10-28 19:00:00+00:00,usdcad,1.234135,1.234965,1.233845,1.23481
2021-10-28 20:00:00+00:00,usdcad,1.23459,1.234695,1.233945,1.234145
2021-10-28 21:00:00+00:00,usdcad,1.234705,1.234705,1.234365,1.23448
2021-10-28 22:00:00+00:00,usdcad,1.234775,1.235015,1.23441,1.234695
2021-10-28 23:00:00+00:00,usdcad,1.234765,1.235085,1.23457,1.23478
2021-10-29 00:00:00+00:00,usdcad,1.235675,1.236015,1.2341,1.234755
2021-10-29 01:00:00+00:00,usdcad,1.235355,1.236305,1.235025,1.235665
2021-10-29 02:00:00+00:00,usdcad,1.235285,1.235965,1.235095,1.23535
2021-10-29 03:00:00+00:00,usdcad,1.235085,1.235685,1.234775,1.235275
2021-10-29 04:00:00+00:00,usdcad,1.235245,1.23526,1.234365,1.235075
2021-10-29 05:00:00+00:00,usdcad,1.235915,1.235945,1.23517,1.23525
2021-10-29 06:00:00+00:00,usdcad,1.23637,1.23637,1.23538,1.23591
2021-10-29 07:00:00+00:00,usdcad,1.233925,1.236385,1.233515,1.236375
2021-10-29 08:00:00+00:00,usdcad,1.235735,1.235965,1.233865,1.233915
2021-10-29 09:00:00+00:00,usdcad,1.234065,1.235955,1.233885,1.235725
2021-10-29 10:00:00+00:00,usdcad,1.23358,1.23434,1.232815,1.23407
2021-10-29 11:00:00+00:00,usdcad,1.235345,1.235355,1.233585,1.233585
2021-10-29 12:00:00+00:00,usdcad,1.238285,1.239335,1.23462,1.23535
2021-10-29 13:00:00+00:00,usdcad,1.237335,1.23944,1.237165,1.238295
2021-10-29 14:00:00+00:00,usdcad,1.239535,1.239765,1.23728,1.237325
2021-10-29 15:00:00+00:00,usdcad,1.239985,1.240825,1.238855,1.239515
2021-10-29 16:00:00+00:00,usdcad,1.239555,1.240585,1.238845,1.23999
2021-10-29 17:00:00+00:00,usdcad,1.238065,1.239725,1.237795,1.239545
2021-10-29 18:00:00+00:00,usdcad,1.237445,1.23838,1.237095,1.238055
2021-10-29 19:00:00+00:00,usdcad,1.237875,1.239215,1.237245,1.23744
2021-10-29 20:00:00+00:00,usdcad,1.238745,1.238845,1.237255,1.237865
2021-10-31 21:00:00+00:00,usdcad,1.238245,1.238675,1.238225,1.238625
2021-10-31 22:00:00+00:00,usdcad,1.238385,1.238715,1.237715,1.238265
2021-10-31 23:00:00+00:00,usdcad,1.2384,1.23863,1.23797,1.23838
2021-11-01 00:00:00+00:00,usdcad,1.238755,1.23901,1.2373,1.238395
2021-11-01 01:00:00+00:00,usdcad,1.238125,1.23904,1.238035,1.238765
2021-11-01 02:00:00+00:00,usdcad,1.237705,1.238345,1.237705,1.23813
2021-11-01 03:00:00+00:00,usdcad,1.238385,1.238435,1.23769,1.237715
2021-11-01 04:00:00+00:00,usdcad,1.239,1.23925,1.238305,1.238375
2021-11-01 05:00:00+00:00,usdcad,1.238025,1.238995,1.237985,1.238995
2021-11-01 06:00:00+00:00,usdcad,1.238775,1.23941,1.23799,1.23802
2021-11-01 07:00:00+00:00,usdcad,1.240225,1.240355,1.238465,1.23877
2021-11-01 08:00:00+00:00,usdcad,1.238925,1.240265,1.23858,1.240215
2021-11-01 09:00:00+00:00,usdcad,1.238075,1.239315,1.237695,1.23892
2021-11-01 10:00:00+00:00,usdcad,1.237205,1.23816,1.237145,1.23807
2021-11-01 11:00:00+00:00,usdcad,1.237365,1.23811,1.237035,1.237215
2021-11-01 12:00:00+00:00,usdcad,1.238045,1.238785,1.236955,1.23737
2021-11-01 13:00:00+00:00,usdcad,1.238265,1.238385,1.237005,1.238055
2021-11-01 14:00:00+00:00,usdcad,1.23667,1.23947,1.235645,1.238275
2021-11-01 15:00:00+00:00,usdcad,1.235635,1.237055,1.235205,1.236675
2021-11-01 16:00:00+00:00,usdcad,1.235835,1.236295,1.235375,1.23563
2021-11-01 17:00:00+00:00,usdcad,1.23642,1.237005,1.235475,1.23583
2021-11-01 18:00:00+00:00,usdcad,1.236875,1.2373,1.236015,1.236415
2021-11-01 19:00:00+00:00,usdcad,1.236585,1.23734,1.236585,1.23687
2021-11-01 20:00:00+00:00,usdcad,1.236915,1.237435,1.236475,1.236575
2021-11-01 21:00:00+00:00,usdcad,1.237145,1.237495,1.23686,1.237085
2021-11-01 22:00:00+00:00,usdcad,1.237455,1.237485,1.236975,1.237165
2021-11-01 23:00:00+00:00,usdcad,1.237435,1.23765,1.237205,1.23745
2021-11-02 00:00:00+00:00,usdcad,1.237565,1.237975,1.237175,1.23743
2021-11-02 01:00:00+00:00,usdcad,1.237535,1.23806,1.237265,1.23756
2021-11-02 02:00:00+00:00,usdcad,1.238075,1.238135,1.237415,1.23754
2021-11-02 03:00:00+00:00,usdcad,1.238155,1.238575,1.237795,1.238085
2021-11-02 04:00:00+00:00,usdcad,1.238335,1.238575,1.238035,1.23815
2021-11-02 05:00:00+00:00,usdcad,1.238925,1.23897,1.237975,1.238325
2021-11-02 06:00:00+00:00,usdcad,1.239395,1.239715,1.23893,1.23893
2021-11-02 07:00:00+00:00,usdcad,1.238795,1.239665,1.238555,1.239405
2021-11-02 08:00:00+00:00,usdcad,1.240555,1.240625,1.238635,1.23879
2021-11-02 09:00:00+00:00,usdcad,1.240045,1.240855,1.23978,1.24056
2021-11-02 10:00:00+00:00,usdcad,1.240545,1.241805,1.240515,1.24065
2021-11-02 11:00:00+00:00,usdcad,1.240575,1.241645,1.240475,1.24055
2021-11-02 12:00:00+00:00,usdcad,1.239685,1.240795,1.239505,1.24057
2021-11-02 13:00:00+00:00,usdcad,1.24002,1.240795,1.239345,1.239695
2021-11-02 14:00:00+00:00,usdcad,1.23997,1.24045,1.239385,1.240015
2021-11-02 15:00:00+00:00,usdcad,1.241965,1.242485,1.238765,1.23997
2021-11-02 16:00:00+00:00,usdcad,1.241585,1.24233,1.24093,1.241955
2021-11-02 17:00:00+00:00,usdcad,1.24015,1.241765,1.24004,1.241575
2021-11-02 18:00:00+00:00,usdcad,1.240805,1.240865,1.240075,1.240145
2021-11-02 19:00:00+00:00,usdcad,1.240155,1.2408,1.2399,1.2408
2021-11-02 20:00:00+00:00,usdcad,1.240935,1.241065,1.240065,1.24017
2021-11-02 21:00:00+00:00,usdcad,1.240755,1.241265,1.240535,1.241115
2021-11-02 22:00:00+00:00,usdcad,1.240995,1.241165,1.24064,1.24076
2021-11-02 23:00:00+00:00,usdcad,1.240795,1.241245,1.240775,1.240985
2021-11-03 00:00:00+00:00,usdcad,1.241455,1.241945,1.24079,1.24079
2021-11-03 01:00:00+00:00,usdcad,1.241695,1.241855,1.240555,1.24145
2021-11-03 02:00:00+00:00,usdcad,1.241955,1.242225,1.241585,1.241705
2021-11-03 03:00:00+00:00,usdcad,1.241835,1.242205,1.241755,1.241965
2021-11-03 04:00:00+00:00,usdcad,1.241875,1.241985,1.241365,1.24184
2021-11-03 05:00:00+00:00,usdcad,1.242045,1.242145,1.241595,1.24187
2021-11-03 06:00:00+00:00,usdcad,1.241645,1.24208,1.241145,1.24204
2021-11-03 07:00:00+00:00,usdcad,1.242065,1.242295,1.241365,1.24165
2021-11-03 08:00:00+00:00,usdcad,1.241185,1.242345,1.240565,1.24207
2021-11-03 09:00:00+00:00,usdcad,1.241345,1.241715,1.240745,1.24119
2021-11-03 10:00:00+00:00,usdcad,1.24122,1.242145,1.241185,1.241335
2021-11-03 11:00:00+00:00,usdcad,1.241095,1.241905,1.240935,1.241225
2021-11-03 12:00:00+00:00,usdcad,1.241825,1.242225,1.240715,1.24109
2021-11-03 13:00:00+00:00,usdcad,1.244535,1.244665,1.241815,1.24183
2021-11-03 14:00:00+00:00,usdcad,1.242465,1.245685,1.241935,1.244545
2021-11-03 15:00:00+00:00,usdcad,1.241905,1.24275,1.241095,1.24246
2021-11-03 16:00:00+00:00,usdcad,1.241445,1.242145,1.241065,1.241895
2021-11-03 17:00:00+00:00,usdcad,1.24139,1.241955,1.241345,1.241455
2021-11-03 18:00:00+00:00,usdcad,1.239345,1.243395,1.238115,1.241405
2021-11-03 19:00:00+00:00,usdcad,1.238915,1.24037,1.23836,1.239235
2021-11-03 20:00:00+00:00,usdcad,1.239185,1.239475,1.23847,1.238925
2021-11-03 21:00:00+00:00,usdcad,1.238955,1.23959,1.238925,1.239045
2021-11-03 22:00:00+00:00,usdcad,1.238975,1.239175,1.238445,1.238945
2021-11-03 23:00:00+00:00,usdcad,1.237835,1.239015,1.237795,1.23898
2021-11-04 00:00:00+00:00,usdcad,1.238825,1.238895,1.23776,1.237835
2021-11-04 01:00:00+00:00,usdcad,1.239825,1.239955,1.238815,1.23883
2021-11-04 02:00:00+00:00,usdcad,1.23926,1.24022,1.239075,1.23982
2021-11-04 03:00:00+00:00,usdcad,1.240035,1.240155,1.239235,1.239265
2021-11-04 04:00:00+00:00,usdcad,1.240115,1.24015,1.239525,1.24004
2021-11-04 05:00:00+00:00,usdcad,1.240705,1.24089,1.240075,1.240125
2021-11-04 06:00:00+00:00,usdcad,1.240845,1.240945,1.240335,1.24072
2021-11-04 07:00:00+00:00,usdcad,1.239465,1.240995,1.239215,1.24085
2021-11-04 08:00:00+00:00,usdcad,1.240285,1.240815,1.23922,1.239475
2021-11-04 09:00:00+00:00,usdcad,1.2417,1.2417,1.240245,1.24029
2021-11-04 10:00:00+00:00,usdcad,1.241835,1.242265,1.241535,1.241695
2021-11-04 11:00:00+00:00,usdcad,1.241785,1.242535,1.241295,1.241825
2021-11-04 12:00:00+00:00,usdcad,1.24283,1.24341,1.241755,1.24179
2021-11-04 13:00:00+00:00,usdcad,1.242715,1.243265,1.241235,1.242815
2021-11-04 14:00:00+00:00,usdcad,1.245,1.245535,1.242405,1.242705
2021-11-04 15:00:00+00:00,usdcad,1.246145,1.247175,1.244935,1.245005
2021-11-04 16:00:00+00:00,usdcad,1.24645,1.246855,1.244965,1.246065
2021-11-04 17:00:00+00:00,usdcad,1.246495,1.2469,1.245815,1.246455
2021-11-04 18:00:00+00:00,usdcad,1.2461,1.246985,1.24598,1.246505
2021-11-04 19:00:00+00:00,usdcad,1.245855,1.246425,1.2457,1.246105
2021-11-04 20:00:00+00:00,usdcad,1.24564,1.246235,1.245525,1.24586
2021-11-04 21:00:00+00:00,usdcad,1.245715,1.246045,1.24547,1.245885
2021-11-04 22:00:00+00:00,usdcad,1.245605,1.24584,1.245405,1.245725
2021-11-04 23:00:00+00:00,usdcad,1.245295,1.245725,1.245155,1.245615
2021-11-05 00:00:00+00:00,usdcad,1.245525,1.246315,1.24522,1.245275
2021-11-05 01:00:00+00:00,usdcad,1.246685,1.246855,1.245355,1.24552
2021-11-05 02:00:00+00:00,usdcad,1.246575,1.246945,1.245845,1.24669
2021-11-05 03:00:00+00:00,usdcad,1.246085,1.246795,1.245855,1.246585
2021-11-05 04:00:00+00:00,usdcad,1.245785,1.246245,1.245685,1.24608
2021-11-05 05:00:00+00:00,usdcad,1.246635,1.246635,1.245545,1.245795
2021-11-05 06:00:00+00:00,usdcad,1.2464,1.246925,1.246325,1.24664
2021-11-05 07:00:00+00:00,usdcad,1.245895,1.246955,1.245715,1.246395
2021-11-05 08:00:00+00:00,usdcad,1.246735,1.246905,1.245605,1.245885
2021-11-05 09:00:00+00:00,usdcad,1.247235,1.24727,1.246415,1.24674
2021-11-05 10:00:00+00:00,usdcad,1.24759,1.247965,1.247035,1.24723
2021-11-05 11:00:00+00:00,usdcad,1.24678,1.247815,1.246715,1.247585
2021-11-05 12:00:00+00:00,usdcad,1.24533,1.24758,1.244105,1.246775
2021-11-05 13:00:00+00:00,usdcad,1.246305,1.247005,1.244295,1.245335
2021-11-05 14:00:00+00:00,usdcad,1.246335,1.24721,1.246065,1.2463
2021-11-05 15:00:00+00:00,usdcad,1.244175,1.24659,1.243675,1.246325
2021-11-05 16:00:00+00:00,usdcad,1.244155,1.244905,1.243615,1.244035
2021-11-05 17:00:00+00:00,usdcad,1.244875,1.245515,1.24387,1.244145
2021-11-05 18:00:00+00:00,usdcad,1.245815,1.245895,1.244755,1.24488
2021-11-05 19:00:00+00:00,usdcad,1.244545,1.246205,1.244485,1.245805
2021-11-05 20:00:00+00:00,usdcad,1.245625,1.245955,1.244345,1.24454
2021-11-07 22:00:00+00:00,usdcad,1.245385,1.245535,1.245,1.245085
2021-11-07 23:00:00+00:00,usdcad,1.245155,1.245545,1.244495,1.245395
2021-11-08 00:00:00+00:00,usdcad,1.245975,1.246005,1.245105,1.245145
2021-11-08 01:00:00+00:00,usdcad,1.245875,1.246065,1.244685,1.245985
2021-11-08 02:00:00+00:00,usdcad,1.245165,1.245995,1.245095,1.245865
2021-11-08 03:00:00+00:00,usdcad,1.245555,1.245695,1.244895,1.24516
2021-11-08 04:00:00+00:00,usdcad,1.245635,1.245805,1.245485,1.245565
2021-11-08 05:00:00+00:00,usdcad,1.245025,1.245705,1.2448,1.24564
2021-11-08 06:00:00+00:00,usdcad,1.244955,1.245025,1.244235,1.24502
2021-11-08 07:00:00+00:00,usdcad,1.244785,1.24526,1.244155,1.244965
2021-11-08 08:00:00+00:00,usdcad,1.245795,1.24657,1.243995,1.244775
2021-11-08 09:00:00+00:00,usdcad,1.24503,1.24586,1.244365,1.2458
2021-11-08 10:00:00+00:00,usdcad,1.245025,1.245925,1.244755,1.245035
2021-11-08 11:00:00+00:00,usdcad,1.244085,1.245025,1.24401,1.245015
2021-11-08 12:00:00+00:00,usdcad,1.245045,1.24521,1.243605,1.244095
2021-11-08 13:00:00+00:00,usdcad,1.245765,1.245835,1.244095,1.245055
2021-11-08 14:00:00+00:00,usdcad,1.246195,1.24645,1.24488,1.245755
2021-11-08 15:00:00+00:00,usdcad,1.244555,1.246235,1.244175,1.246185
2021-11-08 16:00:00+00:00,usdcad,1.244095,1.24515,1.244025,1.244565
2021-11-08 17:00:00+00:00,usdcad,1.245605,1.245715,1.244045,1.244105
2021-11-08 18:00:00+00:00,usdcad,1.245445,1.24587,1.244955,1.245615
2021-11-08 19:00:00+00:00,usdcad,1.244505,1.245445,1.244425,1.24544
2021-11-08 20:00:00+00:00,usdcad,1.244345,1.24504,1.244275,1.2445
2021-11-08 21:00:00+00:00,usdcad,1.244155,1.244655,1.244105,1.244355
2021-11-08 22:00:00+00:00,usdcad,1.244305,1.244685,1.244225,1.244305
2021-11-08 23:00:00+00:00,usdcad,1.24431,1.24449,1.244045,1.244325
2021-11-09 00:00:00+00:00,usdcad,1.245455,1.24571,1.244265,1.244305
2021-11-09 01:00:00+00:00,usdcad,1.24483,1.245125,1.24408,1.245055
2021-11-10 01:00:00+00:00,usdcad,1.243245,1.244015,1.243175,1.243545
2021-11-10 02:00:00+00:00,usdcad,1.244175,1.244495,1.243175,1.243235
2021-11-10 03:00:00+00:00,usdcad,1.244235,1.244475,1.243825,1.244185
2021-11-10 04:00:00+00:00,usdcad,1.243975,1.244585,1.243915,1.244225
2021-11-10 05:00:00+00:00,usdcad,1.244155,1.244565,1.243895,1.24397
2021-11-10 06:00:00+00:00,usdcad,1.24274,1.244245,1.24265,1.244165
2021-11-10 07:00:00+00:00,usdcad,1.241485,1.243455,1.241395,1.242745
2021-11-10 08:00:00+00:00,usdcad,1.24209,1.242275,1.241155,1.241475
2021-11-10 09:00:00+00:00,usdcad,1.242065,1.243115,1.24183,1.242095
2021-11-10 10:00:00+00:00,usdcad,1.242255,1.24242,1.24155,1.24206
2021-11-10 11:00:00+00:00,usdcad,1.243265,1.243905,1.242155,1.242265
2021-11-10 12:00:00+00:00,usdcad,1.243405,1.244215,1.24318,1.24326
2021-11-10 13:00:00+00:00,usdcad,1.241805,1.24594,1.2415,1.2434
2021-11-10 14:00:00+00:00,usdcad,1.239885,1.241815,1.23874,1.241695
2021-11-10 15:00:00+00:00,usdcad,1.244085,1.244765,1.239725,1.239795
2021-11-10 16:00:00+00:00,usdcad,1.244665,1.244845,1.242555,1.24409
2021-11-10 17:00:00+00:00,usdcad,1.245725,1.246375,1.244645,1.24466
2021-11-10 18:00:00+00:00,usdcad,1.248515,1.24944,1.245555,1.24573
2021-11-10 19:00:00+00:00,usdcad,1.249925,1.249965,1.248475,1.24851
2021-11-10 20:00:00+00:00,usdcad,1.249495,1.249955,1.248675,1.249925
2021-11-10 21:00:00+00:00,usdcad,1.249475,1.250375,1.24927,1.2495
2021-11-10 22:00:00+00:00,usdcad,1.249065,1.24956,1.248035,1.24946
2021-11-10 23:00:00+00:00,usdcad,1.248775,1.249265,1.248745,1.249075
2021-11-11 00:00:00+00:00,usdcad,1.248825,1.249285,1.248225,1.248785
2021-11-11 01:00:00+00:00,usdcad,1.24918,1.249515,1.248555,1.248835
2021-11-11 02:00:00+00:00,usdcad,1.250745,1.250945,1.248695,1.249175
2021-11-11 03:00:00+00:00,usdcad,1.250845,1.251165,1.250335,1.25074
2021-11-11 04:00:00+00:00,usdcad,1.250945,1.251375,1.250825,1.25085
2021-11-11 05:00:00+00:00,usdcad,1.250985,1.251285,1.250775,1.25095
2021-11-11 06:00:00+00:00,usdcad,1.251055,1.251085,1.250325,1.25098
2021-11-11 07:00:00+00:00,usdcad,1.251865,1.251915,1.250865,1.25106
2021-11-11 08:00:00+00:00,usdcad,1.252625,1.253495,1.251835,1.25186
2021-11-11 09:00:00+00:00,usdcad,1.253235,1.253555,1.252225,1.252615
2021-11-11 10:00:00+00:00,usdcad,1.2561,1.257145,1.252455,1.25324
2021-11-11 11:00:00+00:00,usdcad,1.255815,1.257265,1.255495,1.256105
2021-11-11 12:00:00+00:00,usdcad,1.25717,1.257905,1.255455,1.255825
2021-11-11 13:00:00+00:00,usdcad,1.255775,1.25846,1.25565,1.257175
2021-11-11 14:00:00+00:00,usdcad,1.25799,1.258765,1.25564,1.255785
2021-11-11 15:00:00+00:00,usdcad,1.258185,1.259325,1.25742,1.257995
2021-11-11 16:00:00+00:00,usdcad,1.258565,1.259105,1.257885,1.258145
2021-11-11 17:00:00+00:00,usdcad,1.259325,1.259645,1.258235,1.25857
2021-11-11 18:00:00+00:00,usdcad,1.25879,1.259655,1.25828,1.259315
2021-11-11 19:00:00+00:00,usdcad,1.257985,1.259075,1.25795,1.258785
2021-11-11 20:00:00+00:00,usdcad,1.258785,1.258805,1.25795,1.25799
2021-11-11 21:00:00+00:00,usdcad,1.257945,1.258865,1.257755,1.25879
2021-11-11 22:00:00+00:00,usdcad,1.258,1.258295,1.257895,1.25796
2021-11-11 23:00:00+00:00,usdcad,1.25894,1.258955,1.258045,1.258045
2021-11-12 00:00:00+00:00,usdcad,1.258645,1.25912,1.258155,1.258935
2021-11-12 01:00:00+00:00,usdcad,1.259405,1.259545,1.258525,1.258645
2021-11-12 02:00:00+00:00,usdcad,1.259575,1.25984,1.259065,1.25935
2021-11-12 03:00:00+00:00,usdcad,1.259515,1.260035,1.259435,1.25958
2021-11-12 04:00:00+00:00,usdcad,1.259295,1.259655,1.259175,1.25952
2021-11-12 05:00:00+00:00,usdcad,1.258405,1.259595,1.258255,1.259305
2021-11-12 06:00:00+00:00,usdcad,1.257985,1.258785,1.257975,1.258415
2021-11-12 07:00:00+00:00,usdcad,1.257695,1.258725,1.25699,1.257995
2021-11-12 08:00:00+00:00,usdcad,1.258605,1.258965,1.257065,1.25764
2021-11-12 09:00:00+00:00,usdcad,1.259655,1.260475,1.2586,1.2586
2021-11-12 10:00:00+00:00,usdcad,1.259725,1.259835,1.258315,1.25966
2021-11-12 11:00:00+00:00,usdcad,1.259065,1.259755,1.258795,1.259715
2021-11-12 12:00:00+00:00,usdcad,1.259065,1.259285,1.258145,1.259055
2021-11-12 13:00:00+00:00,usdcad,1.258865,1.259735,1.258705,1.259075
2021-11-12 14:00:00+00:00,usdcad,1.258945,1.259135,1.257685,1.25887
2021-11-12 15:00:00+00:00,usdcad,1.25722,1.258975,1.254685,1.25896
2021-11-12 16:00:00+00:00,usdcad,1.256035,1.257725,1.255525,1.257225
2021-11-12 17:00:00+00:00,usdcad,1.255935,1.25679,1.255675,1.256045
2021-11-12 18:00:00+00:00,usdcad,1.255545,1.256145,1.255495,1.25593
2021-11-12 19:00:00+00:00,usdcad,1.255395,1.255735,1.254635,1.25554
2021-11-12 20:00:00+00:00,usdcad,1.254585,1.255405,1.254145,1.2554
2021-11-12 21:00:00+00:00,usdcad,1.255205,1.255325,1.254205,1.254595
2021-11-14 22:00:00+00:00,usdcad,1.254845,1.255155,1.25448,1.25477
2021-11-14 23:00:00+00:00,usdcad,1.254625,1.255165,1.25438,1.25482
2021-11-15 00:00:00+00:00,usdcad,1.255065,1.255625,1.254525,1.254635
2021-11-15 01:00:00+00:00,usdcad,1.254455,1.255525,1.254455,1.25506
2021-11-15 02:00:00+00:00,usdcad,1.25369,1.254465,1.253605,1.254465
2021-11-15 03:00:00+00:00,usdcad,1.2536,1.253905,1.253525,1.2537
2021-11-15 04:00:00+00:00,usdcad,1.25373,1.25398,1.253425,1.253605
2021-11-15 05:00:00+00:00,usdcad,1.253065,1.253805,1.252875,1.253725
2021-11-15 06:00:00+00:00,usdcad,1.253495,1.253665,1.252925,1.25307
2021-11-15 07:00:00+00:00,usdcad,1.252645,1.253555,1.252475,1.253515
2021-11-15 08:00:00+00:00,usdcad,1.253015,1.253765,1.25265,1.252655
2021-11-15 09:00:00+00:00,usdcad,1.252955,1.253575,1.252515,1.253005
2021-11-15 10:00:00+00:00,usdcad,1.252315,1.253275,1.252145,1.25296
2021-11-15 11:00:00+00:00,usdcad,1.252495,1.25296,1.252105,1.25232
2021-11-15 12:00:00+00:00,usdcad,1.253045,1.253125,1.252165,1.2525
2021-11-15 13:00:00+00:00,usdcad,1.25283,1.253215,1.252225,1.25305
2021-11-15 14:00:00+00:00,usdcad,1.252345,1.253175,1.250825,1.252825
2021-11-15 15:00:00+00:00,usdcad,1.252325,1.252445,1.250175,1.252335
2021-11-15 16:00:00+00:00,usdcad,1.251555,1.252785,1.25133,1.25232
2021-11-15 17:00:00+00:00,usdcad,1.25243,1.253335,1.251545,1.25155
2021-11-15 18:00:00+00:00,usdcad,1.251465,1.252485,1.251005,1.252435
2021-11-15 19:00:00+00:00,usdcad,1.251235,1.25146,1.25051,1.25146
2021-11-15 20:00:00+00:00,usdcad,1.251605,1.25211,1.250535,1.25124
2021-11-15 21:00:00+00:00,usdcad,1.251595,1.252015,1.250975,1.251615
2021-11-15 22:00:00+00:00,usdcad,1.251295,1.251915,1.250985,1.25161
2021-11-15 23:00:00+00:00,usdcad,1.251525,1.25153,1.250625,1.251285
2021-11-16 00:00:00+00:00,usdcad,1.25115,1.251765,1.250795,1.25153
2021-11-16 01:00:00+00:00,usdcad,1.24965,1.251535,1.249295,1.251155
2021-11-16 02:00:00+00:00,usdcad,1.2502,1.250315,1.249415,1.249645
2021-11-16 03:00:00+00:00,usdcad,1.250255,1.250345,1.249615,1.250205
2021-11-16 04:00:00+00:00,usdcad,1.251155,1.251345,1.250235,1.250245
2021-11-16 05:00:00+00:00,usdcad,1.25207,1.252315,1.250925,1.251175
2021-11-16 06:00:00+00:00,usdcad,1.251905,1.252165,1.251585,1.252065
2021-11-16 07:00:00+00:00,usdcad,1.251495,1.252165,1.251425,1.2519
2021-11-16 08:00:00+00:00,usdcad,1.252185,1.25244,1.251475,1.25149
2021-11-16 09:00:00+00:00,usdcad,1.252735,1.253545,1.25201,1.25218
2021-11-16 10:00:00+00:00,usdcad,1.253085,1.253335,1.252715,1.25273
2021-11-16 11:00:00+00:00,usdcad,1.252825,1.25354,1.25261,1.25309
2021-11-16 12:00:00+00:00,usdcad,1.25392,1.254435,1.252835,1.252835
2021-11-16 13:00:00+00:00,usdcad,1.253165,1.253945,1.252315,1.253915
2021-11-16 14:00:00+00:00,usdcad,1.254865,1.255655,1.253135,1.253145
2021-11-16 15:00:00+00:00,usdcad,1.254245,1.25528,1.253835,1.254855
2021-11-16 16:00:00+00:00,usdcad,1.25629,1.25639,1.254045,1.254255
2021-11-16 17:00:00+00:00,usdcad,1.255975,1.25661,1.255415,1.256295
2021-11-16 18:00:00+00:00,usdcad,1.255475,1.256065,1.25524,1.25597
2021-11-16 19:00:00+00:00,usdcad,1.255925,1.256115,1.255315,1.255485
2021-11-16 20:00:00+00:00,usdcad,1.256495,1.256825,1.255575,1.255935
2021-11-16 21:00:00+00:00,usdcad,1.256065,1.256825,1.255935,1.25649
2021-11-16 22:00:00+00:00,usdcad,1.255995,1.256695,1.25581,1.256155
2021-11-16 23:00:00+00:00,usdcad,1.25663,1.256835,1.256005,1.256005
2021-11-17 00:00:00+00:00,usdcad,1.256915,1.25707,1.256115,1.256625
2021-11-17 01:00:00+00:00,usdcad,1.256125,1.256925,1.255735,1.25692
2021-11-17 02:00:00+00:00,usdcad,1.255935,1.256515,1.255865,1.25613
2021-11-17 03:00:00+00:00,usdcad,1.257775,1.258635,1.255905,1.25594
2021-11-17 04:00:00+00:00,usdcad,1.25711,1.257925,1.25669,1.25777
2021-11-17 05:00:00+00:00,usdcad,1.257245,1.257565,1.256655,1.257115
2021-11-17 06:00:00+00:00,usdcad,1.255455,1.257295,1.255315,1.25725
2021-11-17 07:00:00+00:00,usdcad,1.254715,1.255925,1.254235,1.255445
2021-11-17 08:00:00+00:00,usdcad,1.254465,1.255665,1.254065,1.254765
2021-11-17 09:00:00+00:00,usdcad,1.256605,1.256975,1.25444,1.254475
2021-11-17 10:00:00+00:00,usdcad,1.2572,1.257435,1.25632,1.256615
2021-11-17 11:00:00+00:00,usdcad,1.256855,1.25746,1.256625,1.257195
2021-11-17 12:00:00+00:00,usdcad,1.255625,1.25726,1.255375,1.25686
2021-11-17 13:00:00+00:00,usdcad,1.258905,1.259505,1.254895,1.25562
2021-11-17 14:00:00+00:00,usdcad,1.258165,1.259065,1.257405,1.2589
2021-11-17 15:00:00+00:00,usdcad,1.259435,1.25979,1.257875,1.258175
2021-11-17 16:00:00+00:00,usdcad,1.259365,1.260485,1.25909,1.259445
2021-11-17 17:00:00+00:00,usdcad,1.26029,1.260405,1.25912,1.259355
2021-11-17 18:00:00+00:00,usdcad,1.261105,1.262095,1.25922,1.260285
2021-11-17 19:00:00+00:00,usdcad,1.261535,1.26228,1.260865,1.261095
2021-11-17 20:00:00+00:00,usdcad,1.261255,1.261845,1.260185,1.26154
2021-11-17 21:00:00+00:00,usdcad,1.26105,1.261405,1.260505,1.26125
2021-11-17 22:00:00+00:00,usdcad,1.261175,1.261515,1.260925,1.2613
2021-11-17 23:00:00+00:00,usdcad,1.261165,1.261615,1.260945,1.26117
2021-11-18 00:00:00+00:00,usdcad,1.261125,1.26144,1.26045,1.261155
2021-11-18 01:00:00+00:00,usdcad,1.262335,1.26244,1.260825,1.26113
2021-11-18 02:00:00+00:00,usdcad,1.262005,1.262335,1.261655,1.26233
2021-11-18 03:00:00+00:00,usdcad,1.262245,1.26232,1.261825,1.262015
2021-11-18 04:00:00+00:00,usdcad,1.261475,1.262255,1.261265,1.26224
2021-11-18 05:00:00+00:00,usdcad,1.261115,1.261635,1.26108,1.26147
2021-11-18 06:00:00+00:00,usdcad,1.260785,1.261235,1.260505,1.26112
2021-11-18 07:00:00+00:00,usdcad,1.260095,1.261235,1.259945,1.26077
2021-11-18 08:00:00+00:00,usdcad,1.261605,1.261955,1.260085,1.26011
2021-11-18 09:00:00+00:00,usdcad,1.260725,1.261565,1.260255,1.26155
2021-11-18 10:00:00+00:00,usdcad,1.259965,1.260845,1.259915,1.260715
2021-11-18 11:00:00+00:00,usdcad,1.2602,1.260495,1.259305,1.259975
2021-11-18 12:00:00+00:00,usdcad,1.25969,1.26075,1.25951,1.260205
2021-11-18 13:00:00+00:00,usdcad,1.262095,1.26213,1.259695,1.259695
2021-11-18 14:00:00+00:00,usdcad,1.262975,1.263345,1.261145,1.262175
2021-11-18 15:00:00+00:00,usdcad,1.264035,1.264715,1.262665,1.26298
2021-11-18 16:00:00+00:00,usdcad,1.26295,1.264285,1.262545,1.26394
2021-11-18 17:00:00+00:00,usdcad,1.260345,1.263095,1.259745,1.262945
2021-11-18 18:00:00+00:00,usdcad,1.260975,1.261205,1.260005,1.26034
2021-11-18 19:00:00+00:00,usdcad,1.260235,1.261135,1.260065,1.26099
2021-11-18 20:00:00+00:00,usdcad,1.260015,1.26094,1.259975,1.260225
2021-11-18 21:00:00+00:00,usdcad,1.26018,1.260315,1.259565,1.26001
2021-11-18 22:00:00+00:00,usdcad,1.260195,1.260505,1.259975,1.260195
2021-11-18 23:00:00+00:00,usdcad,1.260445,1.260465,1.259945,1.2602
2021-11-19 00:00:00+00:00,usdcad,1.260095,1.26052,1.25998,1.26045
2021-11-19 01:00:00+00:00,usdcad,1.259785,1.260345,1.259515,1.2601
2021-11-19 02:00:00+00:00,usdcad,1.259945,1.260045,1.259555,1.25979
2021-11-19 03:00:00+00:00,usdcad,1.260145,1.26021,1.259505,1.259935
2021-11-19 04:00:00+00:00,usdcad,1.260145,1.260265,1.259625,1.260155
2021-11-19 05:00:00+00:00,usdcad,1.259595,1.260185,1.259425,1.26015
2021-11-19 06:00:00+00:00,usdcad,1.259235,1.25963,1.258745,1.259605
2021-11-19 07:00:00+00:00,usdcad,1.25965,1.259675,1.258485,1.25924
2021-11-19 08:00:00+00:00,usdcad,1.261245,1.261245,1.259435,1.259655
2021-11-19 09:00:00+00:00,usdcad,1.264435,1.26462,1.261225,1.26125
2021-11-19 10:00:00+00:00,usdcad,1.264605,1.265605,1.264135,1.264415
2021-11-19 11:00:00+00:00,usdcad,1.2652,1.265765,1.26441,1.26461
2021-11-19 12:00:00+00:00,usdcad,1.265655,1.26624,1.264315,1.264975
2021-11-19 13:00:00+00:00,usdcad,1.264265,1.265985,1.263255,1.265585
2021-11-19 14:00:00+00:00,usdcad,1.262465,1.264485,1.261115,1.26426
2021-11-19 15:00:00+00:00,usdcad,1.26411,1.264645,1.262045,1.262455
2021-11-19 16:00:00+00:00,usdcad,1.263165,1.264295,1.262885,1.264105
2021-11-19 17:00:00+00:00,usdcad,1.263755,1.264485,1.262635,1.26316
2021-11-19 18:00:00+00:00,usdcad,1.265145,1.265235,1.263455,1.263745
2021-11-19 19:00:00+00:00,usdcad,1.26613,1.266135,1.264375,1.26515
2021-11-19 20:00:00+00:00,usdcad,1.264935,1.266225,1.26469,1.266135
2021-11-19 21:00:00+00:00,usdcad,1.26422,1.265165,1.264215,1.26494
2021-11-21 22:00:00+00:00,usdcad,1.26436,1.264455,1.264275,1.26441
2021-11-21 23:00:00+00:00,usdcad,1.265475,1.265525,1.264295,1.264365
2021-11-22 00:00:00+00:00,usdcad,1.26504,1.265685,1.264845,1.26547
2021-11-22 01:00:00+00:00,usdcad,1.26521,1.26559,1.264265,1.265035
2021-11-22 02:00:00+00:00,usdcad,1.26492,1.265365,1.26461,1.265205
2021-11-22 03:00:00+00:00,usdcad,1.26442,1.26527,1.26429,1.264915
2021-11-22 04:00:00+00:00,usdcad,1.26399,1.264425,1.263745,1.264415
2021-11-22 05:00:00+00:00,usdcad,1.264055,1.26448,1.26399,1.263995
2021-11-22 06:00:00+00:00,usdcad,1.264245,1.264405,1.263755,1.26406
2021-11-22 07:00:00+00:00,usdcad,1.264645,1.264815,1.263645,1.264235
2021-11-22 08:00:00+00:00,usdcad,1.264175,1.26504,1.263305,1.26464
2021-11-22 09:00:00+00:00,usdcad,1.264175,1.264385,1.263045,1.264185
2021-11-22 10:00:00+00:00,usdcad,1.263505,1.264305,1.263325,1.26418
2021-11-22 11:00:00+00:00,usdcad,1.263755,1.264085,1.262795,1.263515
2021-11-22 12:00:00+00:00,usdcad,1.263505,1.263945,1.263115,1.26376
2021-11-22 13:00:00+00:00,usdcad,1.264385,1.264725,1.263335,1.263515
2021-11-22 14:00:00+00:00,usdcad,1.266275,1.268275,1.26439,1.26439
2021-11-22 15:00:00+00:00,usdcad,1.26797,1.269035,1.26605,1.266285
2021-11-22 16:00:00+00:00,usdcad,1.268405,1.268845,1.266925,1.26801
2021-11-22 17:00:00+00:00,usdcad,1.269645,1.269755,1.268255,1.268415
2021-11-22 18:00:00+00:00,usdcad,1.269655,1.27023,1.269095,1.26964
2021-11-22 19:00:00+00:00,usdcad,1.269825,1.270045,1.269325,1.26965
2021-11-22 20:00:00+00:00,usdcad,1.270025,1.270265,1.269075,1.269815
2021-11-22 21:00:00+00:00,usdcad,1.270015,1.27056,1.269695,1.27002
2021-11-22 22:00:00+00:00,usdcad,1.270175,1.270325,1.268945,1.269985
2021-11-22 23:00:00+00:00,usdcad,1.270225,1.270485,1.270115,1.270165
2021-11-23 00:00:00+00:00,usdcad,1.269795,1.27037,1.269645,1.27022
2021-11-23 01:00:00+00:00,usdcad,1.27002,1.27017,1.269505,1.269785
2021-11-23 02:00:00+00:00,usdcad,1.270265,1.271265,1.269825,1.270015
2021-11-23 03:00:00+00:00,usdcad,1.27056,1.27078,1.270045,1.27026
2021-11-23 04:00:00+00:00,usdcad,1.270555,1.270895,1.270375,1.270555
2021-11-23 05:00:00+00:00,usdcad,1.271465,1.271665,1.270285,1.270565
2021-11-23 06:00:00+00:00,usdcad,1.271265,1.271575,1.270985,1.27146
2021-11-23 07:00:00+00:00,usdcad,1.27157,1.271805,1.270385,1.271255
2021-11-23 08:00:00+00:00,usdcad,1.2735,1.274205,1.271535,1.27159
2021-11-23 09:00:00+00:00,usdcad,1.272915,1.27365,1.272385,1.273495
2021-11-23 10:00:00+00:00,usdcad,1.273865,1.273885,1.272195,1.27291
2021-11-23 11:00:00+00:00,usdcad,1.273785,1.27449,1.273395,1.273855
2021-11-23 12:00:00+00:00,usdcad,1.272875,1.273865,1.272385,1.27379
2021-11-23 13:00:00+00:00,usdcad,1.273065,1.273355,1.272165,1.272885
2021-11-23 14:00:00+00:00,usdcad,1.270215,1.273065,1.269855,1.27306
2021-11-23 15:00:00+00:00,usdcad,1.271405,1.272235,1.27012,1.27021
2021-11-23 16:00:00+00:00,usdcad,1.271355,1.272065,1.270855,1.271415
2021-11-23 17:00:00+00:00,usdcad,1.270965,1.272025,1.270335,1.27135
2021-11-23 18:00:00+00:00,usdcad,1.270075,1.271385,1.269605,1.270975
2021-11-23 19:00:00+00:00,usdcad,1.268295,1.270555,1.268145,1.27007
2021-11-23 20:00:00+00:00,usdcad,1.267155,1.268465,1.266555,1.2683
2021-11-23 21:00:00+00:00,usdcad,1.26703,1.267275,1.26604,1.267155
2021-11-23 22:00:00+00:00,usdcad,1.267235,1.267865,1.266875,1.266875
2021-11-23 23:00:00+00:00,usdcad,1.267655,1.267875,1.267145,1.267225
2021-11-24 00:00:00+00:00,usdcad,1.267915,1.268025,1.267395,1.267645
2021-11-24 01:00:00+00:00,usdcad,1.267475,1.268485,1.267395,1.267925
2021-11-24 02:00:00+00:00,usdcad,1.268065,1.268095,1.267455,1.267485
2021-11-24 03:00:00+00:00,usdcad,1.269005,1.26921,1.267845,1.268055
2021-11-24 04:00:00+00:00,usdcad,1.268715,1.269355,1.268705,1.26901
2021-11-24 05:00:00+00:00,usdcad,1.268045,1.26897,1.268035,1.26872
2021-11-24 06:00:00+00:00,usdcad,1.268095,1.268505,1.267635,1.26805
2021-11-24 07:00:00+00:00,usdcad,1.268295,1.268935,1.267805,1.26809
2021-11-24 08:00:00+00:00,usdcad,1.267275,1.268795,1.267005,1.268305
2021-11-24 09:00:00+00:00,usdcad,1.268115,1.268175,1.266515,1.267385
2021-11-24 10:00:00+00:00,usdcad,1.269255,1.269275,1.267765,1.2681
2021-11-24 11:00:00+00:00,usdcad,1.268975,1.2696,1.268615,1.26926
2021-11-24 12:00:00+00:00,usdcad,1.270185,1.270335,1.2684,1.268965
2021-11-24 13:00:00+00:00,usdcad,1.270225,1.27103,1.269655,1.270195
2021-11-24 14:00:00+00:00,usdcad,1.269225,1.270285,1.26806,1.27023
2021-11-24 15:00:00+00:00,usdcad,1.267835,1.269415,1.267035,1.269195
2021-11-24 16:00:00+00:00,usdcad,1.265775,1.26818,1.265105,1.26784
2021-11-24 17:00:00+00:00,usdcad,1.266865,1.267975,1.265735,1.265785
2021-11-24 18:00:00+00:00,usdcad,1.26624,1.267475,1.266235,1.26686
2021-11-24 19:00:00+00:00,usdcad,1.26716,1.267595,1.265795,1.266245
2021-11-24 20:00:00+00:00,usdcad,1.266205,1.267235,1.26592,1.267165
2021-11-24 21:00:00+00:00,usdcad,1.266715,1.266715,1.265775,1.266195
2021-11-24 22:00:00+00:00,usdcad,1.266135,1.266625,1.265865,1.266325
2021-11-24 23:00:00+00:00,usdcad,1.266225,1.266495,1.26597,1.266145
2021-11-25 00:00:00+00:00,usdcad,1.265285,1.266235,1.265015,1.266215
2021-11-25 01:00:00+00:00,usdcad,1.265775,1.265825,1.264875,1.26528
2021-11-25 02:00:00+00:00,usdcad,1.265495,1.265805,1.265075,1.26578
2021-11-25 03:00:00+00:00,usdcad,1.265435,1.265575,1.265055,1.2655
2021-11-25 04:00:00+00:00,usdcad,1.265555,1.265665,1.265325,1.265445
2021-11-25 05:00:00+00:00,usdcad,1.265295,1.265975,1.265205,1.265545
2021-11-25 06:00:00+00:00,usdcad,1.265035,1.265335,1.26477,1.2653
2021-11-25 07:00:00+00:00,usdcad,1.264225,1.265225,1.264105,1.265045
2021-11-25 08:00:00+00:00,usdcad,1.264775,1.265185,1.26409,1.26423
2021-11-25 09:00:00+00:00,usdcad,1.266575,1.26688,1.264755,1.264765
2021-11-25 10:00:00+00:00,usdcad,1.26645,1.267015,1.266415,1.266585
2021-11-25 11:00:00+00:00,usdcad,1.26636,1.267055,1.266235,1.266445
2021-11-25 12:00:00+00:00,usdcad,1.26706,1.267065,1.2659,1.266355
2021-11-25 13:00:00+00:00,usdcad,1.266915,1.26773,1.26686,1.26708
2021-11-25 14:00:00+00:00,usdcad,1.265155,1.267105,1.265135,1.26692
2021-11-25 15:00:00+00:00,usdcad,1.264895,1.265635,1.264725,1.265145
2021-11-25 16:00:00+00:00,usdcad,1.264685,1.265765,1.264665,1.26527
2021-11-25 17:00:00+00:00,usdcad,1.26487,1.265125,1.264505,1.26468
2021-11-25 18:00:00+00:00,usdcad,1.26497,1.265315,1.264845,1.264875
2021-11-25 19:00:00+00:00,usdcad,1.26505,1.265435,1.26476,1.26501
2021-11-25 20:00:00+00:00,usdcad,1.265235,1.265355,1.264935,1.265055
2021-11-25 21:00:00+00:00,usdcad,1.26488,1.265335,1.264775,1.264805
2021-11-25 22:00:00+00:00,usdcad,1.265125,1.265535,1.264845,1.264845
2021-11-25 23:00:00+00:00,usdcad,1.266455,1.26647,1.264975,1.265145
2021-11-26 00:00:00+00:00,usdcad,1.26669,1.26738,1.266125,1.26646
2021-11-26 01:00:00+00:00,usdcad,1.268275,1.268505,1.26646,1.266685
2021-11-26 02:00:00+00:00,usdcad,1.270235,1.270635,1.268245,1.26827
2021-11-26 03:00:00+00:00,usdcad,1.271135,1.271485,1.270105,1.270225
2021-11-26 04:00:00+00:00,usdcad,1.271495,1.271525,1.270955,1.27114
2021-11-26 05:00:00+00:00,usdcad,1.271635,1.271985,1.271495,1.271525
2021-11-26 06:00:00+00:00,usdcad,1.272205,1.27247,1.271435,1.27164
2021-11-26 07:00:00+00:00,usdcad,1.274185,1.274355,1.2722,1.2722
2021-11-26 08:00:00+00:00,usdcad,1.27485,1.277465,1.274175,1.274175
2021-11-26 09:00:00+00:00,usdcad,1.276345,1.277245,1.27465,1.274845
2021-11-26 10:00:00+00:00,usdcad,1.276305,1.276585,1.27382,1.27635
2021-11-26 11:00:00+00:00,usdcad,1.276845,1.27701,1.275535,1.27631
2021-11-26 12:00:00+00:00,usdcad,1.275095,1.277075,1.274095,1.27685
2021-11-26 13:00:00+00:00,usdcad,1.276975,1.277085,1.274785,1.2751
2021-11-26 14:00:00+00:00,usdcad,1.277295,1.27946,1.276725,1.27698
2021-11-26 15:00:00+00:00,usdcad,1.279165,1.279935,1.277255,1.277255
2021-11-26 16:00:00+00:00,usdcad,1.276055,1.279665,1.275975,1.27916
2021-11-26 17:00:00+00:00,usdcad,1.277715,1.277965,1.275075,1.27605
2021-11-26 18:00:00+00:00,usdcad,1.275535,1.27779,1.27526,1.277705
2021-11-26 19:00:00+00:00,usdcad,1.278275,1.278275,1.275525,1.27553
2021-11-26 20:00:00+00:00,usdcad,1.278605,1.278945,1.277495,1.278845
2021-11-26 21:00:00+00:00,usdcad,1.279255,1.27987,1.278485,1.27854
2021-11-28 22:00:00+00:00,usdcad,1.276005,1.27629,1.275375,1.27586
2021-11-28 23:00:00+00:00,usdcad,1.272565,1.276435,1.272555,1.27601
2021-11-29 00:00:00+00:00,usdcad,1.274775,1.275355,1.272255,1.272575
2021-11-29 01:00:00+00:00,usdcad,1.273975,1.275195,1.273965,1.27477
2021-11-29 02:00:00+00:00,usdcad,1.274185,1.274935,1.273705,1.273985
2021-11-29 03:00:00+00:00,usdcad,1.274045,1.274855,1.274035,1.27418
2021-11-29 04:00:00+00:00,usdcad,1.274795,1.274855,1.273795,1.27405
2021-11-29 05:00:00+00:00,usdcad,1.274955,1.27548,1.27437,1.27479
2021-11-29 06:00:00+00:00,usdcad,1.273865,1.275755,1.273785,1.274945
2021-11-29 07:00:00+00:00,usdcad,1.273455,1.274725,1.273225,1.273855
2021-11-29 08:00:00+00:00,usdcad,1.275675,1.276005,1.27346,1.27346
2021-11-29 09:00:00+00:00,usdcad,1.274445,1.275775,1.273775,1.275685
2021-11-29 10:00:00+00:00,usdcad,1.2741,1.275165,1.273735,1.27445
2021-11-29 11:00:00+00:00,usdcad,1.273875,1.274105,1.272875,1.274095
2021-11-29 12:00:00+00:00,usdcad,1.27375,1.275445,1.273495,1.27388
2021-11-29 13:00:00+00:00,usdcad,1.273655,1.274275,1.27293,1.273765
2021-11-29 14:00:00+00:00,usdcad,1.275825,1.276155,1.273045,1.27365
2021-11-29 15:00:00+00:00,usdcad,1.279255,1.279345,1.276235,1.276495
2021-11-29 16:00:00+00:00,usdcad,1.279195,1.279315,1.278085,1.27924
2021-11-29 17:00:00+00:00,usdcad,1.277355,1.279245,1.277355,1.279185
2021-11-29 18:00:00+00:00,usdcad,1.276065,1.277445,1.275875,1.27736
2021-11-29 19:00:00+00:00,usdcad,1.27703,1.277275,1.276065,1.276075
2021-11-29 20:00:00+00:00,usdcad,1.275375,1.277045,1.27528,1.27704
2021-11-29 21:00:00+00:00,usdcad,1.273975,1.275545,1.273675,1.275365
2021-11-29 22:00:00+00:00,usdcad,1.274745,1.274875,1.273865,1.274315
2021-11-29 23:00:00+00:00,usdcad,1.273845,1.274745,1.273065,1.27474
2021-11-30 00:00:00+00:00,usdcad,1.274385,1.274685,1.273715,1.273855
2021-11-30 01:00:00+00:00,usdcad,1.273815,1.274655,1.273305,1.27438
2021-11-30 02:00:00+00:00,usdcad,1.273445,1.273965,1.273405,1.27381
2021-11-30 03:00:00+00:00,usdcad,1.273675,1.273775,1.27325,1.273435
2021-11-30 04:00:00+00:00,usdcad,1.27442,1.274565,1.273635,1.273665
2021-11-30 05:00:00+00:00,usdcad,1.279255,1.2793,1.274355,1.274425
2021-11-30 06:00:00+00:00,usdcad,1.279075,1.280295,1.278405,1.27925
2021-11-30 07:00:00+00:00,usdcad,1.279165,1.280165,1.278225,1.27923
2021-11-30 08:00:00+00:00,usdcad,1.280145,1.280385,1.27826,1.279405
2021-11-30 09:00:00+00:00,usdcad,1.278755,1.281255,1.278695,1.280455
2021-11-30 10:00:00+00:00,usdcad,1.278255,1.27959,1.277875,1.27875
2021-11-30 11:00:00+00:00,usdcad,1.277525,1.278845,1.276805,1.27825
2021-11-30 12:00:00+00:00,usdcad,1.27779,1.278525,1.276785,1.277535
2021-11-30 13:00:00+00:00,usdcad,1.276745,1.278775,1.276255,1.277775
2021-11-30 14:00:00+00:00,usdcad,1.277225,1.27823,1.275095,1.27675
2021-11-30 15:00:00+00:00,usdcad,1.283105,1.283105,1.275685,1.277205
2021-11-30 16:00:00+00:00,usdcad,1.281045,1.28371,1.278995,1.28316
2021-11-30 17:00:00+00:00,usdcad,1.2818,1.282625,1.280555,1.281055
2021-11-30 18:00:00+00:00,usdcad,1.280625,1.28282,1.28047,1.281795
2021-11-30 19:00:00+00:00,usdcad,1.278525,1.280735,1.278315,1.280615
2021-11-30 20:00:00+00:00,usdcad,1.277795,1.278945,1.277225,1.27852
2021-11-30 21:00:00+00:00,usdcad,1.277905,1.278495,1.277185,1.27779
2021-11-30 22:00:00+00:00,usdcad,1.27846,1.278535,1.277385,1.277865
2021-11-30 23:00:00+00:00,usdcad,1.277485,1.278595,1.27747,1.278465
2021-12-01 00:00:00+00:00,usdcad,1.277325,1.27839,1.276915,1.27749
2021-12-01 01:00:00+00:00,usdcad,1.275885,1.277815,1.275575,1.27733
2021-12-01 02:00:00+00:00,usdcad,1.273875,1.275945,1.273865,1.275875
2021-12-01 03:00:00+00:00,usdcad,1.274225,1.274845,1.273665,1.273885
2021-12-01 04:00:00+00:00,usdcad,1.273495,1.274325,1.273475,1.27422
2021-12-01 05:00:00+00:00,usdcad,1.273335,1.273965,1.273145,1.27349
2021-12-01 06:00:00+00:00,usdcad,1.27314,1.273795,1.272685,1.27333
2021-12-01 07:00:00+00:00,usdcad,1.275455,1.275875,1.272765,1.273145
2021-12-01 08:00:00+00:00,usdcad,1.27641,1.277535,1.275175,1.275615
2021-12-01 09:00:00+00:00,usdcad,1.274365,1.276505,1.274125,1.27642
2021-12-01 10:00:00+00:00,usdcad,1.275215,1.275955,1.274315,1.27437
2021-12-01 11:00:00+00:00,usdcad,1.274395,1.275555,1.274145,1.275205
2021-12-01 12:00:00+00:00,usdcad,1.275345,1.275365,1.273975,1.274405
2021-12-01 13:00:00+00:00,usdcad,1.273515,1.276215,1.273425,1.275335
2021-12-01 14:00:00+00:00,usdcad,1.274085,1.27481,1.272935,1.27351
2021-12-01 15:00:00+00:00,usdcad,1.27493,1.275005,1.271295,1.27402
2021-12-01 16:00:00+00:00,usdcad,1.277725,1.277865,1.274615,1.274945
2021-12-01 17:00:00+00:00,usdcad,1.28042,1.280425,1.277635,1.277735
2021-12-01 18:00:00+00:00,usdcad,1.280645,1.281875,1.27964,1.28042
2021-12-01 19:00:00+00:00,usdcad,1.28134,1.28286,1.280245,1.28064
2021-12-01 20:00:00+00:00,usdcad,1.282245,1.282995,1.281225,1.281335
2021-12-01 21:00:00+00:00,usdcad,1.28182,1.282385,1.280765,1.28225
2021-12-01 22:00:00+00:00,usdcad,1.281615,1.281975,1.28099,1.281785
2021-12-01 23:00:00+00:00,usdcad,1.281155,1.281845,1.280995,1.281605
2021-12-02 00:00:00+00:00,usdcad,1.28222,1.28288,1.281035,1.28116
2021-12-02 01:00:00+00:00,usdcad,1.280055,1.282225,1.280015,1.282225
2021-12-02 02:00:00+00:00,usdcad,1.279785,1.28089,1.279755,1.280065
2021-12-02 03:00:00+00:00,usdcad,1.280395,1.28062,1.279765,1.27979
2021-12-02 04:00:00+00:00,usdcad,1.280885,1.281135,1.280075,1.280385
2021-12-02 05:00:00+00:00,usdcad,1.28024,1.28127,1.280065,1.28086
2021-12-02 06:00:00+00:00,usdcad,1.278275,1.28039,1.278185,1.280235
2021-12-02 07:00:00+00:00,usdcad,1.278925,1.279165,1.27787,1.27827
2021-12-02 08:00:00+00:00,usdcad,1.279175,1.280565,1.278915,1.278915
2021-12-02 09:00:00+00:00,usdcad,1.278385,1.279705,1.278315,1.27918
2021-12-02 10:00:00+00:00,usdcad,1.279365,1.280485,1.27827,1.27839
2021-12-02 11:00:00+00:00,usdcad,1.280065,1.280265,1.27917,1.279355
2021-12-02 12:00:00+00:00,usdcad,1.281525,1.282945,1.280055,1.28006
2021-12-02 13:00:00+00:00,usdcad,1.281375,1.282675,1.281115,1.28152
2021-12-02 14:00:00+00:00,usdcad,1.28016,1.283535,1.28015,1.281345
2021-12-02 15:00:00+00:00,usdcad,1.282495,1.283765,1.280155,1.28062
2021-12-02 16:00:00+00:00,usdcad,1.28115,1.282835,1.280555,1.282475
2021-12-02 17:00:00+00:00,usdcad,1.281645,1.282135,1.28016,1.281155
2021-12-02 18:00:00+00:00,usdcad,1.281305,1.28354,1.281225,1.28164
2021-12-02 19:00:00+00:00,usdcad,1.281395,1.28172,1.280345,1.281295
2021-12-02 20:00:00+00:00,usdcad,1.280825,1.281405,1.280445,1.2814
2021-12-02 21:00:00+00:00,usdcad,1.280915,1.28104,1.280405,1.280835
2021-12-02 22:00:00+00:00,usdcad,1.280955,1.281035,1.280455,1.280595
2021-12-02 23:00:00+00:00,usdcad,1.281855,1.281905,1.280765,1.280945
2021-12-03 00:00:00+00:00,usdcad,1.282195,1.282265,1.281455,1.28185
2021-12-03 01:00:00+00:00,usdcad,1.282755,1.283595,1.282065,1.28219
2021-12-03 02:00:00+00:00,usdcad,1.282805,1.283215,1.282725,1.28276
2021-12-03 03:00:00+00:00,usdcad,1.28206,1.282795,1.2818,1.282795
2021-12-03 04:00:00+00:00,usdcad,1.281345,1.282115,1.281225,1.282055
2021-12-03 05:00:00+00:00,usdcad,1.281075,1.281685,1.280495,1.281355
2021-12-03 06:00:00+00:00,usdcad,1.281815,1.281835,1.280455,1.28107
2021-12-03 07:00:00+00:00,usdcad,1.281215,1.282245,1.281165,1.281805
2021-12-03 08:00:00+00:00,usdcad,1.282815,1.283235,1.281045,1.28121
2021-12-03 09:00:00+00:00,usdcad,1.28254,1.283635,1.282255,1.28281
2021-12-03 10:00:00+00:00,usdcad,1.284,1.284555,1.282515,1.282535
2021-12-03 11:00:00+00:00,usdcad,1.282805,1.284035,1.282615,1.283995
2021-12-03 12:00:00+00:00,usdcad,1.282145,1.282975,1.281705,1.282815
2021-12-03 13:00:00+00:00,usdcad,1.276435,1.28266,1.275635,1.282155
2021-12-03 14:00:00+00:00,usdcad,1.278365,1.278455,1.274405,1.276405
2021-12-03 15:00:00+00:00,usdcad,1.279225,1.280805,1.27784,1.278705
2021-12-03 16:00:00+00:00,usdcad,1.283325,1.283665,1.278765,1.279385
2021-12-03 17:00:00+00:00,usdcad,1.283795,1.28462,1.282545,1.283315
2021-12-03 18:00:00+00:00,usdcad,1.283145,1.28442,1.282645,1.2838
2021-12-03 19:00:00+00:00,usdcad,1.283815,1.283875,1.282145,1.28315
2021-12-03 20:00:00+00:00,usdcad,1.28367,1.284345,1.282965,1.28381
2021-12-03 21:00:00+00:00,usdcad,1.284345,1.285455,1.283535,1.28366
2021-12-05 22:00:00+00:00,usdcad,1.283325,1.283995,1.282715,1.283185
2021-12-05 23:00:00+00:00,usdcad,1.281795,1.283785,1.281775,1.283315
2021-12-06 00:00:00+00:00,usdcad,1.283765,1.2843,1.281815,1.28182
2021-12-06 01:00:00+00:00,usdcad,1.282445,1.28379,1.281805,1.28377
2021-12-06 02:00:00+00:00,usdcad,1.28249,1.282975,1.28185,1.28245
2021-12-06 03:00:00+00:00,usdcad,1.282395,1.283065,1.282075,1.282485
2021-12-06 04:00:00+00:00,usdcad,1.282555,1.282725,1.282265,1.2824
2021-12-06 05:00:00+00:00,usdcad,1.282525,1.282805,1.282215,1.28255
2021-12-06 06:00:00+00:00,usdcad,1.283275,1.283285,1.282095,1.28252
2021-12-06 07:00:00+00:00,usdcad,1.282485,1.283575,1.281855,1.28328
2021-12-06 08:00:00+00:00,usdcad,1.281155,1.282575,1.281045,1.28248
2021-12-06 09:00:00+00:00,usdcad,1.280175,1.281455,1.279535,1.28116
2021-12-06 10:00:00+00:00,usdcad,1.279855,1.281065,1.279845,1.280165
2021-12-06 11:00:00+00:00,usdcad,1.278565,1.279935,1.278365,1.27985
2021-12-06 12:00:00+00:00,usdcad,1.279545,1.279625,1.278405,1.278575
2021-12-06 13:00:00+00:00,usdcad,1.279505,1.280125,1.279165,1.279545
2021-12-06 14:00:00+00:00,usdcad,1.278745,1.280695,1.278625,1.279515
2021-12-06 15:00:00+00:00,usdcad,1.27912,1.279535,1.277395,1.278785
2021-12-06 16:00:00+00:00,usdcad,1.27862,1.279735,1.27752,1.27911
2021-12-06 17:00:00+00:00,usdcad,1.277395,1.278655,1.277335,1.278615
2021-12-06 18:00:00+00:00,usdcad,1.27682,1.278235,1.276815,1.27739
2021-12-06 19:00:00+00:00,usdcad,1.27709,1.277095,1.275435,1.276815
2021-12-06 20:00:00+00:00,usdcad,1.276075,1.277545,1.275985,1.277085
2021-12-06 21:00:00+00:00,usdcad,1.275615,1.27648,1.275365,1.27609
2021-12-06 22:00:00+00:00,usdcad,1.27583,1.275985,1.275565,1.275715
2021-12-06 23:00:00+00:00,usdcad,1.276285,1.276555,1.275735,1.275845
2021-12-07 00:00:00+00:00,usdcad,1.275915,1.276755,1.275825,1.27628
2021-12-07 01:00:00+00:00,usdcad,1.2747,1.276335,1.274665,1.275925
2021-12-07 02:00:00+00:00,usdcad,1.275015,1.275555,1.274675,1.274705
2021-12-07 03:00:00+00:00,usdcad,1.274325,1.27519,1.274015,1.27502
2021-12-07 04:00:00+00:00,usdcad,1.274005,1.274315,1.27334,1.274315
2021-12-07 05:00:00+00:00,usdcad,1.27293,1.274135,1.27285,1.273975
2021-12-07 06:00:00+00:00,usdcad,1.273015,1.273455,1.272615,1.272935
2021-12-07 07:00:00+00:00,usdcad,1.27272,1.273545,1.272425,1.27301
2021-12-07 08:00:00+00:00,usdcad,1.27146,1.272785,1.271005,1.272725
2021-12-07 09:00:00+00:00,usdcad,1.270595,1.27236,1.270565,1.271465
2021-12-07 10:00:00+00:00,usdcad,1.269905,1.270715,1.269575,1.27059
2021-12-07 11:00:00+00:00,usdcad,1.268365,1.269935,1.267895,1.269915
2021-12-07 12:00:00+00:00,usdcad,1.267975,1.268805,1.267515,1.268365
2021-12-07 13:00:00+00:00,usdcad,1.267295,1.268655,1.266435,1.267965
2021-12-07 14:00:00+00:00,usdcad,1.266015,1.268625,1.266015,1.267305
2021-12-07 15:00:00+00:00,usdcad,1.264575,1.266555,1.263535,1.26602
2021-12-07 16:00:00+00:00,usdcad,1.265365,1.265445,1.263785,1.264585
2021-12-07 17:00:00+00:00,usdcad,1.265925,1.267305,1.265095,1.26537
2021-12-07 18:00:00+00:00,usdcad,1.26584,1.266755,1.265565,1.26593
2021-12-07 19:00:00+00:00,usdcad,1.264715,1.266375,1.2647,1.265835
2021-12-07 20:00:00+00:00,usdcad,1.264805,1.265695,1.264515,1.26472
2021-12-07 21:00:00+00:00,usdcad,1.26396,1.264825,1.263575,1.264825
2021-12-07 22:00:00+00:00,usdcad,1.26441,1.264725,1.264135,1.264285
2021-12-07 23:00:00+00:00,usdcad,1.264635,1.264735,1.26389,1.264405
2021-12-08 00:00:00+00:00,usdcad,1.263765,1.264735,1.26371,1.26464
2021-12-08 01:00:00+00:00,usdcad,1.264265,1.264335,1.263325,1.26376
2021-12-08 02:00:00+00:00,usdcad,1.26385,1.26434,1.263245,1.26426
2021-12-08 03:00:00+00:00,usdcad,1.263765,1.264345,1.263525,1.263845
2021-12-08 04:00:00+00:00,usdcad,1.264015,1.264265,1.263485,1.263755
2021-12-08 05:00:00+00:00,usdcad,1.264665,1.264825,1.263995,1.264005
2021-12-08 06:00:00+00:00,usdcad,1.265785,1.265855,1.264655,1.26467
2021-12-08 07:00:00+00:00,usdcad,1.265055,1.266425,1.264895,1.26578
2021-12-08 08:00:00+00:00,usdcad,1.264145,1.26531,1.264,1.26506
2021-12-08 09:00:00+00:00,usdcad,1.262225,1.264555,1.26191,1.26415
2021-12-08 10:00:00+00:00,usdcad,1.26361,1.264335,1.262225,1.26223
2021-12-08 11:00:00+00:00,usdcad,1.261915,1.26454,1.261865,1.263615
2021-12-08 12:00:00+00:00,usdcad,1.263575,1.264275,1.261595,1.261925
2021-12-08 13:00:00+00:00,usdcad,1.262155,1.264315,1.26149,1.2636
2021-12-08 14:00:00+00:00,usdcad,1.261655,1.262965,1.260825,1.262275
2021-12-08 15:00:00+00:00,usdcad,1.266055,1.2664,1.260885,1.262785
2021-12-08 16:00:00+00:00,usdcad,1.265375,1.266655,1.264015,1.266055
2021-12-08 17:00:00+00:00,usdcad,1.264415,1.265855,1.263695,1.265385
2021-12-08 18:00:00+00:00,usdcad,1.265215,1.26539,1.264335,1.264425
2021-12-08 19:00:00+00:00,usdcad,1.265865,1.265975,1.26446,1.265195
2021-12-08 20:00:00+00:00,usdcad,1.265045,1.26587,1.26447,1.26586
2021-12-08 21:00:00+00:00,usdcad,1.26535,1.2656,1.264875,1.265055
2021-12-08 22:00:00+00:00,usdcad,1.265075,1.265225,1.265015,1.265185
2021-12-08 23:00:00+00:00,usdcad,1.265275,1.265635,1.265055,1.265085
2021-12-09 00:00:00+00:00,usdcad,1.265935,1.265935,1.265045,1.265285
2021-12-09 01:00:00+00:00,usdcad,1.26672,1.266735,1.265675,1.26593
2021-12-09 02:00:00+00:00,usdcad,1.265535,1.266755,1.265275,1.266715
2021-12-09 03:00:00+00:00,usdcad,1.2663,1.266395,1.265125,1.26553
2021-12-09 04:00:00+00:00,usdcad,1.266895,1.266955,1.265765,1.26631
2021-12-09 05:00:00+00:00,usdcad,1.266885,1.26705,1.266205,1.2669
2021-12-09 06:00:00+00:00,usdcad,1.266255,1.266925,1.265515,1.26689
2021-12-09 07:00:00+00:00,usdcad,1.266425,1.266575,1.265205,1.266245
2021-12-09 08:00:00+00:00,usdcad,1.267035,1.267745,1.266105,1.266435
2021-12-09 09:00:00+00:00,usdcad,1.267855,1.268035,1.266805,1.267045
2021-12-09 10:00:00+00:00,usdcad,1.267695,1.26867,1.267085,1.26785
2021-12-09 11:00:00+00:00,usdcad,1.268275,1.268905,1.267425,1.267685
2021-12-09 12:00:00+00:00,usdcad,1.269365,1.269665,1.26828,1.26828
2021-12-09 13:00:00+00:00,usdcad,1.269275,1.269875,1.268545,1.26937
2021-12-09 14:00:00+00:00,usdcad,1.269075,1.269885,1.26815,1.269285
2021-12-09 15:00:00+00:00,usdcad,1.270985,1.271585,1.268945,1.26908
2021-12-09 16:00:00+00:00,usdcad,1.269975,1.271245,1.269745,1.270995
2021-12-09 17:00:00+00:00,usdcad,1.269015,1.270005,1.268615,1.269985
2021-12-09 18:00:00+00:00,usdcad,1.269855,1.270055,1.268645,1.269025
2021-12-09 19:00:00+00:00,usdcad,1.272185,1.272235,1.269225,1.26985
2021-12-09 20:00:00+00:00,usdcad,1.271465,1.2722,1.271235,1.272195
2021-12-09 21:00:00+00:00,usdcad,1.271335,1.271545,1.270695,1.27148
2021-12-09 22:00:00+00:00,usdcad,1.2709,1.271355,1.270645,1.271255
2021-12-09 23:00:00+00:00,usdcad,1.270685,1.271165,1.270675,1.270905
2021-12-10 00:00:00+00:00,usdcad,1.271455,1.271545,1.270505,1.270675
2021-12-10 01:00:00+00:00,usdcad,1.270435,1.2719,1.269985,1.271445
2021-12-10 02:00:00+00:00,usdcad,1.270325,1.270645,1.270095,1.270425
2021-12-10 03:00:00+00:00,usdcad,1.269915,1.270365,1.269325,1.27033
2021-12-10 04:00:00+00:00,usdcad,1.270685,1.270685,1.269885,1.269925
2021-12-10 05:00:00+00:00,usdcad,1.271705,1.271705,1.270605,1.270715
2021-12-10 06:00:00+00:00,usdcad,1.271115,1.27171,1.271005,1.271695
2021-12-10 07:00:00+00:00,usdcad,1.27172,1.272285,1.270955,1.271105
2021-12-10 08:00:00+00:00,usdcad,1.271495,1.271875,1.270785,1.271715
2021-12-10 09:00:00+00:00,usdcad,1.271955,1.272005,1.27144,1.2715
2021-12-10 10:00:00+00:00,usdcad,1.271405,1.27229,1.271345,1.27196
2021-12-10 11:00:00+00:00,usdcad,1.269895,1.271785,1.269655,1.271415
2021-12-10 12:00:00+00:00,usdcad,1.27057,1.271645,1.269685,1.269905
2021-12-10 13:00:00+00:00,usdcad,1.269415,1.272445,1.268025,1.270575
2021-12-10 14:00:00+00:00,usdcad,1.272175,1.273845,1.269075,1.26943
2021-12-10 15:00:00+00:00,usdcad,1.270995,1.27299,1.270085,1.272165
2021-12-10 16:00:00+00:00,usdcad,1.27079,1.272435,1.270075,1.27106
2021-12-10 17:00:00+00:00,usdcad,1.27105,1.271365,1.270365,1.270795
2021-12-10 18:00:00+00:00,usdcad,1.271825,1.272165,1.270695,1.271045
2021-12-10 19:00:00+00:00,usdcad,1.27297,1.273255,1.271755,1.27182
2021-12-10 20:00:00+00:00,usdcad,1.272105,1.273305,1.272065,1.272975
2021-12-10 21:00:00+00:00,usdcad,1.27258,1.27278,1.272105,1.272115
2021-12-12 22:00:00+00:00,usdcad,1.273115,1.273155,1.272855,1.272905
2021-12-12 23:00:00+00:00,usdcad,1.27216,1.273135,1.27178,1.273125
2021-12-13 00:00:00+00:00,usdcad,1.271935,1.272225,1.271555,1.272155
2021-12-13 01:00:00+00:00,usdcad,1.27097,1.272115,1.270595,1.271925
2021-12-13 02:00:00+00:00,usdcad,1.27172,1.27172,1.27085,1.270965
2021-12-13 03:00:00+00:00,usdcad,1.271535,1.27197,1.271235,1.271715
2021-12-13 04:00:00+00:00,usdcad,1.271665,1.27182,1.27119,1.271545
2021-12-13 05:00:00+00:00,usdcad,1.271985,1.272355,1.271615,1.27167
2021-12-13 06:00:00+00:00,usdcad,1.27321,1.27323,1.271865,1.271995
2021-12-13 07:00:00+00:00,usdcad,1.273495,1.27434,1.272915,1.273205
2021-12-13 08:00:00+00:00,usdcad,1.274715,1.274715,1.273255,1.273485
2021-12-13 09:00:00+00:00,usdcad,1.274945,1.275175,1.274145,1.27472
2021-12-13 10:00:00+00:00,usdcad,1.27545,1.275555,1.2747,1.27494
2021-12-13 11:00:00+00:00,usdcad,1.275035,1.275535,1.274785,1.27544
2021-12-13 12:00:00+00:00,usdcad,1.275755,1.276605,1.275025,1.275025
2021-12-13 13:00:00+00:00,usdcad,1.277295,1.277495,1.27512,1.275765
2021-12-13 14:00:00+00:00,usdcad,1.27769,1.278835,1.27712,1.2773
2021-12-13 15:00:00+00:00,usdcad,1.280885,1.281125,1.277685,1.277685
2021-12-13 16:00:00+00:00,usdcad,1.279535,1.282025,1.279525,1.280935
2021-12-13 17:00:00+00:00,usdcad,1.27891,1.279905,1.278625,1.27953
2021-12-13 18:00:00+00:00,usdcad,1.279575,1.279815,1.27834,1.278915
2021-12-13 19:00:00+00:00,usdcad,1.279625,1.279885,1.279145,1.27958
2021-12-13 20:00:00+00:00,usdcad,1.282035,1.282145,1.279415,1.279635
2021-12-13 21:00:00+00:00,usdcad,1.280865,1.28214,1.280435,1.282065
2021-12-13 22:00:00+00:00,usdcad,1.28074,1.281455,1.28056,1.280715
2021-12-13 23:00:00+00:00,usdcad,1.280855,1.281345,1.28064,1.280745
2021-12-14 00:00:00+00:00,usdcad,1.28134,1.281685,1.280605,1.280845
2021-12-14 01:00:00+00:00,usdcad,1.281745,1.282255,1.281265,1.281335
2021-12-14 02:00:00+00:00,usdcad,1.282255,1.282495,1.28157,1.281735
2021-12-14 03:00:00+00:00,usdcad,1.282565,1.282745,1.281745,1.28225
2021-12-14 04:00:00+00:00,usdcad,1.282445,1.28266,1.282315,1.282575
2021-12-14 05:00:00+00:00,usdcad,1.281665,1.282725,1.281665,1.28245
2021-12-14 06:00:00+00:00,usdcad,1.280185,1.28202,1.28002,1.281675
2021-12-14 07:00:00+00:00,usdcad,1.28059,1.281075,1.279765,1.28018
2021-12-14 08:00:00+00:00,usdcad,1.281155,1.281395,1.280015,1.280585
2021-12-14 09:00:00+00:00,usdcad,1.282085,1.282385,1.28055,1.28115
2021-12-14 10:00:00+00:00,usdcad,1.281345,1.282415,1.281155,1.28209
2021-12-14 11:00:00+00:00,usdcad,1.28084,1.281905,1.28067,1.28134
2021-12-14 12:00:00+00:00,usdcad,1.282115,1.2824,1.2807,1.280835
2021-12-14 13:00:00+00:00,usdcad,1.283325,1.283575,1.281425,1.28211
2021-12-14 14:00:00+00:00,usdcad,1.282355,1.284035,1.281805,1.28333
2021-12-14 15:00:00+00:00,usdcad,1.284345,1.285085,1.282075,1.282345
2021-12-14 16:00:00+00:00,usdcad,1.285745,1.285935,1.284275,1.284355
2021-12-14 17:00:00+00:00,usdcad,1.285165,1.286015,1.284725,1.28574
2021-12-14 18:00:00+00:00,usdcad,1.285835,1.286375,1.285085,1.28517
2021-12-14 19:00:00+00:00,usdcad,1.285605,1.285885,1.284705,1.28584
2021-12-14 20:00:00+00:00,usdcad,1.285705,1.28609,1.28515,1.285595
2021-12-14 21:00:00+00:00,usdcad,1.286105,1.286515,1.28551,1.28571
2021-12-14 22:00:00+00:00,usdcad,1.286165,1.28632,1.28598,1.286245
2021-12-14 23:00:00+00:00,usdcad,1.286745,1.286805,1.286035,1.28616
2021-12-15 00:00:00+00:00,usdcad,1.285055,1.28674,1.284845,1.28674
2021-12-15 01:00:00+00:00,usdcad,1.284915,1.28605,1.284795,1.28505
2021-12-15 02:00:00+00:00,usdcad,1.285115,1.28545,1.284725,1.28491
2021-12-15 03:00:00+00:00,usdcad,1.284945,1.28559,1.284875,1.285105
2021-12-15 04:00:00+00:00,usdcad,1.284805,1.284955,1.28454,1.284935
2021-12-15 05:00:00+00:00,usdcad,1.285355,1.285485,1.284705,1.28481
2021-12-15 06:00:00+00:00,usdcad,1.28561,1.285985,1.284955,1.28535
2021-12-15 07:00:00+00:00,usdcad,1.285425,1.286265,1.284985,1.285605
2021-12-15 08:00:00+00:00,usdcad,1.28643,1.28666,1.28487,1.28543
2021-12-15 09:00:00+00:00,usdcad,1.28689,1.287395,1.28584,1.286435
2021-12-15 10:00:00+00:00,usdcad,1.287525,1.288065,1.286845,1.286895
2021-12-15 11:00:00+00:00,usdcad,1.287725,1.28829,1.287525,1.28753
2021-12-15 12:00:00+00:00,usdcad,1.28721,1.28849,1.287205,1.28773
2021-12-15 13:00:00+00:00,usdcad,1.287635,1.288615,1.286405,1.287205
2021-12-15 14:00:00+00:00,usdcad,1.29015,1.290695,1.287425,1.287645
2021-12-15 15:00:00+00:00,usdcad,1.291345,1.292005,1.290145,1.290155
2021-12-15 16:00:00+00:00,usdcad,1.291965,1.29205,1.29032,1.291395
2021-12-15 17:00:00+00:00,usdcad,1.290235,1.291965,1.290115,1.29196
2021-12-15 18:00:00+00:00,usdcad,1.290225,1.291085,1.28963,1.29024
2021-12-15 19:00:00+00:00,usdcad,1.286865,1.293595,1.285995,1.290215
2021-12-15 20:00:00+00:00,usdcad,1.284375,1.28767,1.283335,1.286965
2021-12-15 21:00:00+00:00,usdcad,1.283385,1.284385,1.283045,1.284355
2021-12-15 22:00:00+00:00,usdcad,1.283535,1.283565,1.283335,1.28337
2021-12-15 23:00:00+00:00,usdcad,1.28374,1.283785,1.28323,1.283545
2021-12-16 00:00:00+00:00,usdcad,1.284445,1.284925,1.28346,1.283745
2021-12-16 01:00:00+00:00,usdcad,1.285285,1.285705,1.28406,1.28445
2021-12-16 02:00:00+00:00,usdcad,1.28542,1.285785,1.284945,1.285275
2021-12-16 03:00:00+00:00,usdcad,1.285065,1.285525,1.284815,1.285425
2021-12-16 04:00:00+00:00,usdcad,1.284905,1.285065,1.284545,1.28506
2021-12-16 05:00:00+00:00,usdcad,1.284535,1.285445,1.284445,1.2849
2021-12-16 06:00:00+00:00,usdcad,1.282915,1.284695,1.282515,1.284525
2021-12-16 07:00:00+00:00,usdcad,1.28043,1.282995,1.280095,1.28292
2021-12-16 08:00:00+00:00,usdcad,1.2791,1.28122,1.279055,1.280425
2021-12-16 09:00:00+00:00,usdcad,1.278865,1.2796,1.278565,1.279095
2021-12-16 10:00:00+00:00,usdcad,1.27765,1.279515,1.277485,1.27888
2021-12-16 11:00:00+00:00,usdcad,1.277425,1.278135,1.277045,1.277655
2021-12-16 12:00:00+00:00,usdcad,1.278375,1.278555,1.2765,1.27742
2021-12-16 13:00:00+00:00,usdcad,1.276795,1.278695,1.276545,1.278335
2021-12-16 14:00:00+00:00,usdcad,1.279755,1.279805,1.276375,1.276785
2021-12-16 15:00:00+00:00,usdcad,1.27685,1.281125,1.27682,1.27976
2021-12-16 16:00:00+00:00,usdcad,1.277335,1.27849,1.276465,1.276835
2021-12-16 17:00:00+00:00,usdcad,1.277745,1.278695,1.277015,1.27734
2021-12-16 18:00:00+00:00,usdcad,1.278225,1.278475,1.276735,1.277755
2021-12-16 19:00:00+00:00,usdcad,1.279715,1.279885,1.277695,1.278235
2021-12-16 20:00:00+00:00,usdcad,1.277955,1.28031,1.27776,1.2797
2021-12-16 21:00:00+00:00,usdcad,1.277435,1.278285,1.277185,1.277965
2021-12-16 22:00:00+00:00,usdcad,1.277445,1.277875,1.27728,1.27785
2021-12-16 23:00:00+00:00,usdcad,1.278115,1.278175,1.277455,1.277455
2021-12-17 00:00:00+00:00,usdcad,1.278225,1.278625,1.277865,1.27811
2021-12-17 01:00:00+00:00,usdcad,1.278785,1.279055,1.277875,1.27823
2021-12-17 02:00:00+00:00,usdcad,1.278885,1.279105,1.278555,1.278795
2021-12-17 03:00:00+00:00,usdcad,1.280515,1.2806,1.278885,1.27889
2021-12-17 04:00:00+00:00,usdcad,1.279705,1.281005,1.279655,1.280505
2021-12-17 05:00:00+00:00,usdcad,1.279695,1.280435,1.279555,1.279695
2021-12-17 06:00:00+00:00,usdcad,1.279785,1.280035,1.278875,1.279685
2021-12-17 07:00:00+00:00,usdcad,1.27904,1.279895,1.278985,1.27978
2021-12-17 08:00:00+00:00,usdcad,1.27877,1.279245,1.278015,1.279045
2021-12-17 09:00:00+00:00,usdcad,1.279125,1.279775,1.278515,1.278765
2021-12-17 10:00:00+00:00,usdcad,1.280925,1.280995,1.278955,1.27913
2021-12-17 11:00:00+00:00,usdcad,1.280475,1.28119,1.280175,1.28093
2021-12-17 12:00:00+00:00,usdcad,1.281595,1.282785,1.280315,1.280465
2021-12-17 13:00:00+00:00,usdcad,1.283175,1.283485,1.281495,1.28159
2021-12-17 14:00:00+00:00,usdcad,1.283915,1.28424,1.282765,1.28318
2021-12-17 15:00:00+00:00,usdcad,1.282445,1.284535,1.281525,1.28394
2021-12-17 16:00:00+00:00,usdcad,1.283055,1.283495,1.281235,1.28244
2021-12-17 17:00:00+00:00,usdcad,1.284845,1.285105,1.283035,1.28305
2021-12-17 18:00:00+00:00,usdcad,1.2866,1.286715,1.284445,1.284835
2021-12-17 19:00:00+00:00,usdcad,1.287895,1.288265,1.286545,1.286595
2021-12-17 20:00:00+00:00,usdcad,1.289435,1.289445,1.287255,1.287905
2021-12-17 21:00:00+00:00,usdcad,1.289195,1.290175,1.288995,1.289445
2021-12-19 22:00:00+00:00,usdcad,1.288785,1.28932,1.288415,1.288835
2021-12-19 23:00:00+00:00,usdcad,1.289935,1.290245,1.288705,1.288775
2021-12-20 00:00:00+00:00,usdcad,1.288885,1.290065,1.288695,1.28993
2021-12-20 01:00:00+00:00,usdcad,1.289685,1.28992,1.288825,1.28888
2021-12-20 02:00:00+00:00,usdcad,1.289845,1.290445,1.289605,1.28969
2021-12-20 03:00:00+00:00,usdcad,1.289845,1.290055,1.289295,1.28985
2021-12-20 04:00:00+00:00,usdcad,1.290365,1.29057,1.289635,1.28985
2021-12-20 05:00:00+00:00,usdcad,1.291005,1.291645,1.290045,1.290375
2021-12-20 06:00:00+00:00,usdcad,1.291255,1.291745,1.290705,1.29101
2021-12-20 07:00:00+00:00,usdcad,1.291835,1.2936,1.291165,1.29124
2021-12-20 08:00:00+00:00,usdcad,1.29295,1.293135,1.291105,1.29184
2021-12-20 09:00:00+00:00,usdcad,1.29274,1.293585,1.292345,1.292955
2021-12-20 10:00:00+00:00,usdcad,1.291845,1.292705,1.291255,1.292705
2021-12-20 11:00:00+00:00,usdcad,1.291495,1.29228,1.291165,1.29184
2021-12-20 12:00:00+00:00,usdcad,1.293005,1.293285,1.291105,1.29149
2021-12-20 13:00:00+00:00,usdcad,1.293985,1.294095,1.292015,1.293
2021-12-20 14:00:00+00:00,usdcad,1.294315,1.295125,1.292925,1.29398
2021-12-20 15:00:00+00:00,usdcad,1.295875,1.296395,1.293625,1.29429
2021-12-20 16:00:00+00:00,usdcad,1.294395,1.29634,1.29397,1.29587
2021-12-20 17:00:00+00:00,usdcad,1.293845,1.29446,1.293395,1.29439
2021-12-20 18:00:00+00:00,usdcad,1.294245,1.294835,1.2935,1.293855
2021-12-20 19:00:00+00:00,usdcad,1.294765,1.295005,1.293855,1.29425
2021-12-20 20:00:00+00:00,usdcad,1.293965,1.294805,1.29367,1.29477
2021-12-20 21:00:00+00:00,usdcad,1.29408,1.294585,1.293655,1.293945
2021-12-20 22:00:00+00:00,usdcad,1.294285,1.294645,1.293835,1.29423
2021-12-20 23:00:00+00:00,usdcad,1.293685,1.294455,1.293545,1.294275
2021-12-21 00:00:00+00:00,usdcad,1.293305,1.294345,1.293265,1.29368
2021-12-21 01:00:00+00:00,usdcad,1.292365,1.294095,1.291405,1.293315
2021-12-21 02:00:00+00:00,usdcad,1.292525,1.292975,1.291955,1.29236
2021-12-21 03:00:00+00:00,usdcad,1.29246,1.292805,1.292205,1.29253
2021-12-21 04:00:00+00:00,usdcad,1.292605,1.29272,1.29238,1.292455
2021-12-21 05:00:00+00:00,usdcad,1.292465,1.292955,1.292435,1.292615
2021-12-21 06:00:00+00:00,usdcad,1.292515,1.293115,1.29244,1.292475
2021-12-21 07:00:00+00:00,usdcad,1.293625,1.294085,1.292475,1.29251
2021-12-21 08:00:00+00:00,usdcad,1.29397,1.29461,1.293555,1.293615
2021-12-21 09:00:00+00:00,usdcad,1.293825,1.294045,1.29344,1.293975
2021-12-21 10:00:00+00:00,usdcad,1.293695,1.293845,1.292555,1.29382
2021-12-21 11:00:00+00:00,usdcad,1.293155,1.293755,1.292465,1.29369
2021-12-21 12:00:00+00:00,usdcad,1.292505,1.29315,1.292325,1.293145
2021-12-21 13:00:00+00:00,usdcad,1.293245,1.293365,1.291955,1.292495
2021-12-21 14:00:00+00:00,usdcad,1.292655,1.293405,1.292145,1.29325
2021-12-21 15:00:00+00:00,usdcad,1.293145,1.294225,1.292235,1.292635
2021-12-21 16:00:00+00:00,usdcad,1.292845,1.293855,1.292535,1.29314
2021-12-21 17:00:00+00:00,usdcad,1.293125,1.29381,1.292145,1.29285
2021-12-21 18:00:00+00:00,usdcad,1.292435,1.293675,1.292065,1.29312
2021-12-21 19:00:00+00:00,usdcad,1.29259,1.292745,1.292085,1.29243
2021-12-21 20:00:00+00:00,usdcad,1.291565,1.292645,1.2913,1.292585
2021-12-21 21:00:00+00:00,usdcad,1.29137,1.291865,1.291255,1.291575
2021-12-21 22:00:00+00:00,usdcad,1.2915,1.291535,1.291195,1.291335
2021-12-21 23:00:00+00:00,usdcad,1.292355,1.292465,1.291405,1.291505
2021-12-22 00:00:00+00:00,usdcad,1.291445,1.292415,1.290585,1.292365
2021-12-22 01:00:00+00:00,usdcad,1.290925,1.29159,1.290685,1.29145
2021-12-22 02:00:00+00:00,usdcad,1.29112,1.29136,1.290675,1.290935
2021-12-22 03:00:00+00:00,usdcad,1.291025,1.291605,1.290635,1.291125
2021-12-22 04:00:00+00:00,usdcad,1.291435,1.291675,1.29103,1.291035
2021-12-22 05:00:00+00:00,usdcad,1.29145,1.292085,1.291345,1.29144
2021-12-22 06:00:00+00:00,usdcad,1.29185,1.29189,1.290885,1.291455
2021-12-22 07:00:00+00:00,usdcad,1.290975,1.29189,1.290875,1.291855
2021-12-22 08:00:00+00:00,usdcad,1.290565,1.29147,1.290535,1.29098
2021-12-22 09:00:00+00:00,usdcad,1.290625,1.290715,1.290435,1.29057
2021-12-22 10:00:00+00:00,usdcad,1.29064,1.290775,1.290335,1.290615
2021-12-22 11:00:00+00:00,usdcad,1.290445,1.290735,1.290345,1.290645
2021-12-22 12:00:00+00:00,usdcad,1.290705,1.291075,1.290235,1.29045
2021-12-22 13:00:00+00:00,usdcad,1.291085,1.291765,1.290485,1.2907
2021-12-22 14:00:00+00:00,usdcad,1.288885,1.291715,1.288035,1.291075
2021-12-22 15:00:00+00:00,usdcad,1.285555,1.289065,1.285015,1.28889
2021-12-22 16:00:00+00:00,usdcad,1.284395,1.285955,1.283705,1.28556
2021-12-22 17:00:00+00:00,usdcad,1.285635,1.285675,1.284165,1.28443
2021-12-22 18:00:00+00:00,usdcad,1.285175,1.286655,1.285175,1.28563
2021-12-22 19:00:00+00:00,usdcad,1.284335,1.28663,1.284205,1.28518
2021-12-22 20:00:00+00:00,usdcad,1.283305,1.284525,1.283285,1.284325
2021-12-22 21:00:00+00:00,usdcad,1.28359,1.284045,1.28328,1.283315
2021-12-22 22:00:00+00:00,usdcad,1.284295,1.284305,1.283765,1.283765
2021-12-22 23:00:00+00:00,usdcad,1.285205,1.285255,1.283935,1.28429
2021-12-23 00:00:00+00:00,usdcad,1.284275,1.285315,1.284015,1.28521
2021-12-23 01:00:00+00:00,usdcad,1.284885,1.28514,1.284275,1.284285
2021-12-23 02:00:00+00:00,usdcad,1.284285,1.285365,1.284255,1.28488
2021-12-23 03:00:00+00:00,usdcad,1.284505,1.284785,1.284295,1.284295
2021-12-23 04:00:00+00:00,usdcad,1.28419,1.284545,1.284115,1.28451
2021-12-23 05:00:00+00:00,usdcad,1.283635,1.284235,1.283405,1.284195
2021-12-23 06:00:00+00:00,usdcad,1.283905,1.28412,1.283455,1.28363
2021-12-23 07:00:00+00:00,usdcad,1.282925,1.283915,1.282405,1.28391
2021-12-23 08:00:00+00:00,usdcad,1.28252,1.28304,1.281765,1.28293
2021-12-23 09:00:00+00:00,usdcad,1.2817,1.282845,1.281625,1.282515
2021-12-23 10:00:00+00:00,usdcad,1.281455,1.282335,1.281365,1.281705
2021-12-23 11:00:00+00:00,usdcad,1.282045,1.28254,1.281115,1.28145
2021-12-23 12:00:00+00:00,usdcad,1.282435,1.282875,1.281745,1.28204
2021-12-23 13:00:00+00:00,usdcad,1.283415,1.28361,1.282215,1.282425
2021-12-23 14:00:00+00:00,usdcad,1.283295,1.283605,1.281855,1.28342
2021-12-23 15:00:00+00:00,usdcad,1.281485,1.28423,1.280835,1.283285
2021-12-23 16:00:00+00:00,usdcad,1.28095,1.282325,1.280805,1.281495
2021-12-23 17:00:00+00:00,usdcad,1.280425,1.281005,1.279835,1.280945
2021-12-23 18:00:00+00:00,usdcad,1.280875,1.28136,1.28029,1.28043
2021-12-23 19:00:00+00:00,usdcad,1.281125,1.28163,1.280725,1.280865
2021-12-23 20:00:00+00:00,usdcad,1.280395,1.281385,1.27999,1.281135
2021-12-23 21:00:00+00:00,usdcad,1.28086,1.28107,1.280285,1.2804
2021-12-23 22:00:00+00:00,usdcad,1.281215,1.281245,1.280805,1.28084
2021-12-23 23:00:00+00:00,usdcad,1.28274,1.282755,1.280635,1.281095
2021-12-24 00:00:00+00:00,usdcad,1.281735,1.283505,1.280915,1.282735
2021-12-24 01:00:00+00:00,usdcad,1.281665,1.2821,1.281615,1.28173
2021-12-24 02:00:00+00:00,usdcad,1.281945,1.282375,1.281635,1.281715
2021-12-24 03:00:00+00:00,usdcad,1.282055,1.282305,1.281715,1.281975
2021-12-24 04:00:00+00:00,usdcad,1.28258,1.282615,1.281745,1.28205
2021-12-24 05:00:00+00:00,usdcad,1.282395,1.282655,1.282375,1.282585
2021-12-24 06:00:00+00:00,usdcad,1.28225,1.282545,1.28194,1.282405
2021-12-24 07:00:00+00:00,usdcad,1.282475,1.282685,1.281695,1.282245
2021-12-24 08:00:00+00:00,usdcad,1.2827,1.282975,1.28232,1.282455
2021-12-24 09:00:00+00:00,usdcad,1.280995,1.283145,1.280595,1.282705
2021-12-24 10:00:00+00:00,usdcad,1.278895,1.281265,1.278695,1.28099
2021-12-24 11:00:00+00:00,usdcad,1.27886,1.280115,1.27885,1.2789
2021-12-24 12:00:00+00:00,usdcad,1.281315,1.282035,1.279075,1.279105
2021-12-24 13:00:00+00:00,usdcad,1.281415,1.28219,1.281285,1.28132
2021-12-24 14:00:00+00:00,usdcad,1.281595,1.282235,1.280475,1.281405
2021-12-24 15:00:00+00:00,usdcad,1.280745,1.281645,1.280695,1.281585
2021-12-24 16:00:00+00:00,usdcad,1.28132,1.282095,1.280745,1.28075
2021-12-24 17:00:00+00:00,usdcad,1.281725,1.281885,1.281095,1.281305
2021-12-24 18:00:00+00:00,usdcad,1.281675,1.28212,1.281035,1.281825
2021-12-24 19:00:00+00:00,usdcad,1.281345,1.282595,1.281275,1.281695
2021-12-24 20:00:00+00:00,usdcad,1.281565,1.28169,1.28077,1.281315
2021-12-24 21:00:00+00:00,usdcad,1.281225,1.281785,1.280725,1.28157
2021-12-26 22:00:00+00:00,usdcad,1.28143,1.28153,1.280795,1.280985
2021-12-26 23:00:00+00:00,usdcad,1.281615,1.28176,1.280825,1.28145
2021-12-27 00:00:00+00:00,usdcad,1.281495,1.281815,1.281225,1.281625
2021-12-27 01:00:00+00:00,usdcad,1.28126,1.281825,1.280915,1.2815
2021-12-27 02:00:00+00:00,usdcad,1.28069,1.281445,1.28062,1.281255
2021-12-27 03:00:00+00:00,usdcad,1.280605,1.280875,1.280385,1.280685
2021-12-27 04:00:00+00:00,usdcad,1.281345,1.281365,1.280595,1.280595
2021-12-27 05:00:00+00:00,usdcad,1.281805,1.28187,1.281315,1.28134
2021-12-27 06:00:00+00:00,usdcad,1.28232,1.282455,1.281705,1.2818
2021-12-27 07:00:00+00:00,usdcad,1.281915,1.28259,1.281715,1.282315
2021-12-27 08:00:00+00:00,usdcad,1.282505,1.282525,1.281665,1.28191
2021-12-27 09:00:00+00:00,usdcad,1.2831,1.28328,1.282265,1.282515
2021-12-27 10:00:00+00:00,usdcad,1.282995,1.283415,1.282655,1.283095
2021-12-27 11:00:00+00:00,usdcad,1.283185,1.283365,1.282965,1.283
2021-12-27 12:00:00+00:00,usdcad,1.284295,1.28459,1.28317,1.28319
2021-12-27 13:00:00+00:00,usdcad,1.282045,1.284765,1.282025,1.284305
2021-12-27 14:00:00+00:00,usdcad,1.281645,1.282225,1.28076,1.28205
2021-12-27 15:00:00+00:00,usdcad,1.278415,1.281905,1.277885,1.281625
2021-12-27 16:00:00+00:00,usdcad,1.279805,1.280035,1.278395,1.278425
2021-12-27 17:00:00+00:00,usdcad,1.279465,1.27992,1.279155,1.27981
2021-12-27 18:00:00+00:00,usdcad,1.280045,1.280055,1.279465,1.27947
2021-12-27 19:00:00+00:00,usdcad,1.27972,1.280305,1.279385,1.28005
2021-12-27 20:00:00+00:00,usdcad,1.279185,1.279965,1.279105,1.279725
2021-12-27 21:00:00+00:00,usdcad,1.27882,1.279385,1.2785,1.279175
2021-12-27 22:00:00+00:00,usdcad,1.27856,1.278995,1.278285,1.278995
2021-12-27 23:00:00+00:00,usdcad,1.278855,1.279165,1.278525,1.278555
2021-12-28 00:00:00+00:00,usdcad,1.27882,1.279355,1.27876,1.278845
2021-12-28 01:00:00+00:00,usdcad,1.279735,1.27982,1.278815,1.27884
2021-12-28 02:00:00+00:00,usdcad,1.279245,1.279915,1.279205,1.27973
2021-12-28 03:00:00+00:00,usdcad,1.279475,1.279745,1.279165,1.279235
2021-12-28 04:00:00+00:00,usdcad,1.27934,1.279595,1.279255,1.27947
2021-12-28 05:00:00+00:00,usdcad,1.2787,1.279435,1.2787,1.279335
2021-12-28 06:00:00+00:00,usdcad,1.27836,1.279035,1.278295,1.278705
2021-12-28 07:00:00+00:00,usdcad,1.279915,1.279925,1.27825,1.278365
2021-12-28 08:00:00+00:00,usdcad,1.27972,1.280335,1.279255,1.279905
2021-12-28 09:00:00+00:00,usdcad,1.279585,1.280095,1.279575,1.279725
2021-12-28 10:00:00+00:00,usdcad,1.279275,1.280075,1.279275,1.27958
2021-12-28 11:00:00+00:00,usdcad,1.279575,1.279845,1.279255,1.27927
2021-12-28 12:00:00+00:00,usdcad,1.27896,1.279595,1.278655,1.279585
2021-12-28 13:00:00+00:00,usdcad,1.278835,1.27904,1.278265,1.278955
2021-12-28 14:00:00+00:00,usdcad,1.279915,1.280785,1.27868,1.27884
2021-12-28 15:00:00+00:00,usdcad,1.281075,1.281775,1.27922,1.27992
2021-12-28 16:00:00+00:00,usdcad,1.28149,1.282405,1.280905,1.28107
2021-12-28 17:00:00+00:00,usdcad,1.282055,1.28244,1.281235,1.281485
2021-12-28 18:00:00+00:00,usdcad,1.282635,1.283135,1.282055,1.282065
2021-12-28 19:00:00+00:00,usdcad,1.281575,1.283195,1.28155,1.282645
2021-12-28 20:00:00+00:00,usdcad,1.281225,1.281785,1.28094,1.28157
2021-12-28 21:00:00+00:00,usdcad,1.28168,1.28191,1.280825,1.281215
2021-12-28 22:00:00+00:00,usdcad,1.281615,1.282135,1.281385,1.282095
2021-12-28 23:00:00+00:00,usdcad,1.28157,1.281785,1.281395,1.281665
2021-12-29 00:00:00+00:00,usdcad,1.281365,1.282045,1.281345,1.281575
2021-12-29 01:00:00+00:00,usdcad,1.282945,1.283335,1.281205,1.281335
2021-12-29 02:00:00+00:00,usdcad,1.281845,1.283075,1.281845,1.28294
2021-12-29 03:00:00+00:00,usdcad,1.28169,1.282115,1.281615,1.28184
2021-12-29 04:00:00+00:00,usdcad,1.282275,1.282285,1.281545,1.281685
2021-12-29 05:00:00+00:00,usdcad,1.282005,1.282465,1.28193,1.28228
2021-12-29 06:00:00+00:00,usdcad,1.282885,1.282925,1.281715,1.282015
2021-12-29 07:00:00+00:00,usdcad,1.281745,1.282885,1.281575,1.28288
2021-12-29 08:00:00+00:00,usdcad,1.281795,1.281975,1.281015,1.28175
2021-12-29 09:00:00+00:00,usdcad,1.282765,1.283045,1.281665,1.28179
2021-12-29 10:00:00+00:00,usdcad,1.283045,1.283045,1.282195,1.28277
2021-12-29 11:00:00+00:00,usdcad,1.28262,1.283515,1.282355,1.28304
2021-12-29 12:00:00+00:00,usdcad,1.282935,1.283105,1.282405,1.282625
2021-12-29 13:00:00+00:00,usdcad,1.281595,1.282945,1.280675,1.28294
2021-12-29 14:00:00+00:00,usdcad,1.281775,1.282165,1.280395,1.2816
2021-12-29 15:00:00+00:00,usdcad,1.280245,1.281855,1.278825,1.28178
2021-12-29 16:00:00+00:00,usdcad,1.281115,1.281345,1.279555,1.280205
2021-12-29 17:00:00+00:00,usdcad,1.280225,1.281355,1.279995,1.28112
2021-12-29 18:00:00+00:00,usdcad,1.279395,1.280425,1.279265,1.28022
2021-12-29 19:00:00+00:00,usdcad,1.279395,1.279895,1.279195,1.2794
2021-12-29 20:00:00+00:00,usdcad,1.279675,1.279905,1.279045,1.279385
2021-12-29 21:00:00+00:00,usdcad,1.279155,1.279695,1.278965,1.27967
2021-12-29 22:00:00+00:00,usdcad,1.279335,1.279365,1.278915,1.279165
2021-12-29 23:00:00+00:00,usdcad,1.278355,1.279335,1.278335,1.279325
2021-12-30 00:00:00+00:00,usdcad,1.277705,1.278685,1.277595,1.27835
2021-12-30 01:00:00+00:00,usdcad,1.277115,1.277915,1.277055,1.27771
2021-12-30 02:00:00+00:00,usdcad,1.278365,1.278575,1.277115,1.277125
2021-12-30 03:00:00+00:00,usdcad,1.27909,1.279105,1.278245,1.278375
2021-12-30 04:00:00+00:00,usdcad,1.279215,1.279325,1.279005,1.279095
2021-12-30 05:00:00+00:00,usdcad,1.28023,1.280235,1.279175,1.27921
2021-12-30 06:00:00+00:00,usdcad,1.280435,1.280475,1.279805,1.280235
2021-12-30 07:00:00+00:00,usdcad,1.280235,1.28115,1.279825,1.28043
2021-12-30 08:00:00+00:00,usdcad,1.280815,1.280995,1.280065,1.28023
2021-12-30 09:00:00+00:00,usdcad,1.28064,1.281285,1.280495,1.28082
2021-12-30 10:00:00+00:00,usdcad,1.279085,1.281005,1.279025,1.280645
2021-12-30 11:00:00+00:00,usdcad,1.27812,1.2792,1.277955,1.27908
2021-12-30 12:00:00+00:00,usdcad,1.277415,1.278725,1.27713,1.27808
2021-12-30 13:00:00+00:00,usdcad,1.278965,1.279315,1.27723,1.27741
2021-12-30 14:00:00+00:00,usdcad,1.278015,1.279905,1.277795,1.278975
2021-12-30 15:00:00+00:00,usdcad,1.278775,1.280865,1.277735,1.278005
2021-12-30 16:00:00+00:00,usdcad,1.277805,1.279155,1.277505,1.278795
2021-12-30 17:00:00+00:00,usdcad,1.27823,1.278675,1.277415,1.27781
2021-12-30 18:00:00+00:00,usdcad,1.276985,1.2789,1.276945,1.278225
2021-12-30 19:00:00+00:00,usdcad,1.274395,1.277495,1.273905,1.276975
2021-12-30 20:00:00+00:00,usdcad,1.274735,1.274765,1.27378,1.274405
2021-12-30 21:00:00+00:00,usdcad,1.274105,1.27474,1.273425,1.27474
2021-12-30 22:00:00+00:00,usdcad,1.27406,1.274115,1.27383,1.274025
2021-12-30 23:00:00+00:00,usdcad,1.274575,1.27459,1.27361,1.274065
2021-12-31 00:00:00+00:00,usdcad,1.274155,1.2749,1.27401,1.274585
2021-12-31 01:00:00+00:00,usdcad,1.274505,1.274595,1.273825,1.274145
2021-12-31 02:00:00+00:00,usdcad,1.274465,1.27509,1.274465,1.2745
2021-12-31 03:00:00+00:00,usdcad,1.274495,1.274935,1.27443,1.27446
2021-12-31 04:00:00+00:00,usdcad,1.274105,1.274585,1.274045,1.27449
2021-12-31 05:00:00+00:00,usdcad,1.273115,1.274185,1.272605,1.27411
2021-12-31 06:00:00+00:00,usdcad,1.27225,1.273385,1.272235,1.273125
2021-12-31 07:00:00+00:00,usdcad,1.273355,1.273805,1.272255,1.272255
2021-12-31 08:00:00+00:00,usdcad,1.273285,1.273585,1.27267,1.273365
2021-12-31 09:00:00+00:00,usdcad,1.271915,1.273535,1.271625,1.27329
2021-12-31 10:00:00+00:00,usdcad,1.272465,1.272845,1.271675,1.27192
2021-12-31 11:00:00+00:00,usdcad,1.273555,1.273795,1.272195,1.272455
2021-12-31 12:00:00+00:00,usdcad,1.271745,1.27429,1.271045,1.27356
2021-12-31 13:00:00+00:00,usdcad,1.27046,1.271785,1.2704,1.27175
2021-12-31 14:00:00+00:00,usdcad,1.269565,1.270755,1.266705,1.270455
2021-12-31 15:00:00+00:00,usdcad,1.263665,1.269555,1.263065,1.269555
2021-12-31 16:00:00+00:00,usdcad,1.265475,1.265775,1.262065,1.263265
2021-12-31 17:00:00+00:00,usdcad,1.264875,1.265725,1.264135,1.265465
2021-12-31 18:00:00+00:00,usdcad,1.263465,1.265845,1.263465,1.264865
2021-12-31 19:00:00+00:00,usdcad,1.264005,1.264585,1.263275,1.26347
2021-12-31 20:00:00+00:00,usdcad,1.264545,1.26475,1.26323,1.264015
2021-12-31 21:00:00+00:00,usdcad,1.264005,1.265665,1.26377,1.264555
2022-01-02 22:00:00+00:00,usdcad,1.263835,1.264155,1.263715,1.26393
2022-01-02 23:00:00+00:00,usdcad,1.265985,1.26603,1.26313,1.263885
2022-01-03 00:00:00+00:00,usdcad,1.2654,1.265925,1.265015,1.265925
2022-01-03 01:00:00+00:00,usdcad,1.266235,1.266465,1.264515,1.265405
2022-01-03 02:00:00+00:00,usdcad,1.267325,1.267425,1.266175,1.266225
2022-01-03 03:00:00+00:00,usdcad,1.267875,1.268575,1.267095,1.26732
2022-01-03 04:00:00+00:00,usdcad,1.267685,1.268045,1.267,1.267865
2022-01-03 05:00:00+00:00,usdcad,1.26798,1.268225,1.26764,1.267675
2022-01-03 06:00:00+00:00,usdcad,1.267845,1.268565,1.26755,1.267985
2022-01-03 07:00:00+00:00,usdcad,1.267555,1.268615,1.267505,1.267855
2022-01-03 08:00:00+00:00,usdcad,1.26724,1.267825,1.266715,1.26756
2022-01-03 09:00:00+00:00,usdcad,1.26801,1.268395,1.267055,1.267245
2022-01-03 10:00:00+00:00,usdcad,1.268095,1.26815,1.267455,1.268015
2022-01-03 11:00:00+00:00,usdcad,1.268295,1.268485,1.267875,1.26809
2022-01-03 12:00:00+00:00,usdcad,1.268155,1.268595,1.268035,1.2683
2022-01-03 13:00:00+00:00,usdcad,1.27164,1.27199,1.26815,1.26815
2022-01-03 14:00:00+00:00,usdcad,1.273995,1.274865,1.27151,1.271635
2022-01-03 15:00:00+00:00,usdcad,1.277285,1.27792,1.273435,1.27399
2022-01-03 16:00:00+00:00,usdcad,1.275635,1.277345,1.275215,1.27729
2022-01-03 17:00:00+00:00,usdcad,1.275525,1.275945,1.275025,1.27564
2022-01-03 18:00:00+00:00,usdcad,1.274415,1.275615,1.274385,1.275515
2022-01-03 19:00:00+00:00,usdcad,1.274745,1.275475,1.274405,1.27441
2022-01-03 20:00:00+00:00,usdcad,1.275225,1.275845,1.274395,1.27474
2022-01-03 21:00:00+00:00,usdcad,1.27448,1.275475,1.274425,1.27523
2022-01-03 22:00:00+00:00,usdcad,1.275075,1.27538,1.274575,1.274675
2022-01-03 23:00:00+00:00,usdcad,1.275185,1.275205,1.27457,1.275045
2022-01-04 00:00:00+00:00,usdcad,1.274645,1.275555,1.274415,1.275195
2022-01-04 01:00:00+00:00,usdcad,1.275305,1.275395,1.273755,1.27465
2022-01-04 02:00:00+00:00,usdcad,1.274815,1.275445,1.274075,1.275315
2022-01-04 03:00:00+00:00,usdcad,1.274445,1.275235,1.274255,1.27482
2022-01-04 04:00:00+00:00,usdcad,1.273125,1.274565,1.272885,1.274455
2022-01-04 05:00:00+00:00,usdcad,1.272355,1.273365,1.272335,1.273135
2022-01-04 06:00:00+00:00,usdcad,1.273385,1.273475,1.272365,1.272365
2022-01-04 07:00:00+00:00,usdcad,1.272895,1.273755,1.272535,1.273375
2022-01-04 08:00:00+00:00,usdcad,1.274585,1.27486,1.27289,1.27289
2022-01-04 09:00:00+00:00,usdcad,1.27458,1.274915,1.273695,1.274595
2022-01-04 10:00:00+00:00,usdcad,1.274845,1.274855,1.2736,1.274575
2022-01-04 11:00:00+00:00,usdcad,1.275155,1.275595,1.274295,1.27484
2022-01-04 12:00:00+00:00,usdcad,1.276135,1.276615,1.274885,1.275145
2022-01-04 13:00:00+00:00,usdcad,1.272895,1.27613,1.272655,1.27613
2022-01-04 14:00:00+00:00,usdcad,1.271265,1.273135,1.270485,1.27289
2022-01-04 15:00:00+00:00,usdcad,1.26756,1.271525,1.26673,1.271255
2022-01-04 16:00:00+00:00,usdcad,1.269945,1.271115,1.267555,1.267555
2022-01-04 17:00:00+00:00,usdcad,1.2693,1.270755,1.269055,1.26995
2022-01-04 18:00:00+00:00,usdcad,1.27189,1.27189,1.269295,1.269305
2022-01-04 19:00:00+00:00,usdcad,1.270535,1.271985,1.270415,1.271885
2022-01-04 20:00:00+00:00,usdcad,1.271185,1.271415,1.27001,1.270545
2022-01-04 21:00:00+00:00,usdcad,1.270775,1.271195,1.27031,1.27119
2022-01-04 22:00:00+00:00,usdcad,1.27043,1.27103,1.26981,1.270675
2022-01-04 23:00:00+00:00,usdcad,1.270545,1.270645,1.270075,1.27041
2022-01-05 00:00:00+00:00,usdcad,1.270425,1.270685,1.269715,1.270555
2022-01-05 01:00:00+00:00,usdcad,1.271035,1.271075,1.270015,1.270435
2022-01-05 02:00:00+00:00,usdcad,1.271335,1.271545,1.270825,1.27103
2022-01-05 03:00:00+00:00,usdcad,1.271315,1.27187,1.271185,1.27133
2022-01-05 04:00:00+00:00,usdcad,1.27157,1.271745,1.271255,1.27131
2022-01-05 05:00:00+00:00,usdcad,1.272445,1.272565,1.271425,1.271575
2022-01-05 06:00:00+00:00,usdcad,1.271265,1.272435,1.270985,1.272435
2022-01-05 07:00:00+00:00,usdcad,1.271405,1.271725,1.270715,1.27127
2022-01-05 08:00:00+00:00,usdcad,1.271495,1.271975,1.270905,1.2714
2022-01-05 09:00:00+00:00,usdcad,1.271315,1.271845,1.271065,1.2715
2022-01-05 10:00:00+00:00,usdcad,1.27191,1.271915,1.270835,1.27132
2022-01-05 11:00:00+00:00,usdcad,1.272185,1.272855,1.271695,1.271905
2022-01-05 12:00:00+00:00,usdcad,1.272985,1.274005,1.271775,1.272145
2022-01-05 13:00:00+00:00,usdcad,1.270795,1.273155,1.2706,1.27298
2022-01-05 14:00:00+00:00,usdcad,1.270255,1.2721,1.269675,1.2708
2022-01-05 15:00:00+00:00,usdcad,1.270005,1.271755,1.269175,1.270265
2022-01-05 16:00:00+00:00,usdcad,1.270015,1.270955,1.269915,1.270085
2022-01-05 17:00:00+00:00,usdcad,1.27081,1.271175,1.269315,1.27001
2022-01-05 18:00:00+00:00,usdcad,1.270225,1.270945,1.269655,1.270805
2022-01-05 19:00:00+00:00,usdcad,1.275435,1.275675,1.26988,1.27023
2022-01-05 20:00:00+00:00,usdcad,1.276565,1.276655,1.275335,1.275555
2022-01-05 21:00:00+00:00,usdcad,1.275585,1.27658,1.275185,1.27656
2022-01-05 22:00:00+00:00,usdcad,1.275775,1.275855,1.275345,1.275625
2022-01-05 23:00:00+00:00,usdcad,1.276045,1.276375,1.275585,1.275785
2022-01-06 00:00:00+00:00,usdcad,1.276385,1.276675,1.275815,1.276065
2022-01-06 01:00:00+00:00,usdcad,1.276575,1.277475,1.276265,1.276375
2022-01-06 02:00:00+00:00,usdcad,1.276755,1.277745,1.276555,1.276565
2022-01-06 03:00:00+00:00,usdcad,1.278285,1.278415,1.27676,1.27676
2022-01-06 04:00:00+00:00,usdcad,1.279265,1.279265,1.277935,1.278275
2022-01-06 05:00:00+00:00,usdcad,1.278875,1.279805,1.27875,1.279255
2022-01-06 06:00:00+00:00,usdcad,1.280145,1.28015,1.27885,1.278865
2022-01-06 07:00:00+00:00,usdcad,1.280465,1.280585,1.279135,1.28015
2022-01-06 08:00:00+00:00,usdcad,1.280455,1.281385,1.279325,1.28047
2022-01-06 09:00:00+00:00,usdcad,1.278495,1.280725,1.278185,1.28045
2022-01-06 10:00:00+00:00,usdcad,1.276525,1.278655,1.27552,1.27849
2022-01-06 11:00:00+00:00,usdcad,1.277775,1.277915,1.276365,1.27653
2022-01-06 12:00:00+00:00,usdcad,1.276535,1.27781,1.276225,1.27778
2022-01-06 13:00:00+00:00,usdcad,1.27641,1.277745,1.275645,1.276545
2022-01-06 14:00:00+00:00,usdcad,1.276195,1.276995,1.272425,1.276395
2022-01-06 15:00:00+00:00,usdcad,1.275345,1.278645,1.274635,1.276075
2022-01-06 16:00:00+00:00,usdcad,1.27267,1.275825,1.272215,1.27528
2022-01-06 17:00:00+00:00,usdcad,1.27187,1.27294,1.270695,1.272665
2022-01-06 18:00:00+00:00,usdcad,1.272525,1.27313,1.271585,1.271875
2022-01-06 19:00:00+00:00,usdcad,1.273015,1.27315,1.27199,1.272535
2022-01-06 20:00:00+00:00,usdcad,1.272725,1.274015,1.272645,1.27301
2022-01-06 21:00:00+00:00,usdcad,1.272765,1.273195,1.272355,1.27273
2022-01-06 22:00:00+00:00,usdcad,1.272645,1.273055,1.27235,1.272745
2022-01-06 23:00:00+00:00,usdcad,1.27306,1.273065,1.272315,1.272635
2022-01-07 00:00:00+00:00,usdcad,1.271215,1.273065,1.271185,1.273065
2022-01-07 01:00:00+00:00,usdcad,1.270855,1.271315,1.270665,1.271205
2022-01-07 02:00:00+00:00,usdcad,1.271635,1.272375,1.270835,1.27086
2022-01-07 03:00:00+00:00,usdcad,1.271325,1.271825,1.271015,1.271645
2022-01-07 04:00:00+00:00,usdcad,1.271045,1.27175,1.270875,1.27132
2022-01-07 05:00:00+00:00,usdcad,1.27106,1.271455,1.270825,1.27104
2022-01-07 06:00:00+00:00,usdcad,1.271175,1.271695,1.270865,1.271065
2022-01-07 07:00:00+00:00,usdcad,1.272415,1.273035,1.271075,1.27118
2022-01-07 08:00:00+00:00,usdcad,1.272175,1.273065,1.272045,1.27241
2022-01-07 09:00:00+00:00,usdcad,1.271385,1.272805,1.271285,1.27218
2022-01-07 10:00:00+00:00,usdcad,1.271325,1.271525,1.270655,1.27138
2022-01-07 11:00:00+00:00,usdcad,1.271865,1.272175,1.271325,1.27133
2022-01-07 12:00:00+00:00,usdcad,1.272305,1.272755,1.271605,1.271855
2022-01-07 13:00:00+00:00,usdcad,1.272305,1.272475,1.267945,1.27231
2022-01-07 14:00:00+00:00,usdcad,1.268675,1.272645,1.268255,1.2723
2022-01-07 15:00:00+00:00,usdcad,1.267505,1.268855,1.26697,1.268665
2022-01-07 16:00:00+00:00,usdcad,1.264305,1.26761,1.26422,1.2675
2022-01-07 17:00:00+00:00,usdcad,1.26477,1.265875,1.264285,1.264295
2022-01-07 18:00:00+00:00,usdcad,1.263975,1.265195,1.263795,1.26478
2022-01-07 19:00:00+00:00,usdcad,1.263475,1.264555,1.263245,1.263985
2022-01-07 20:00:00+00:00,usdcad,1.26415,1.26428,1.263205,1.26347
2022-01-07 21:00:00+00:00,usdcad,1.26438,1.26485,1.263595,1.264155
2022-01-09 22:00:00+00:00,usdcad,1.264645,1.264955,1.264345,1.26494
2022-01-09 23:00:00+00:00,usdcad,1.264795,1.265665,1.263575,1.264635
2022-01-10 00:00:00+00:00,usdcad,1.264055,1.265055,1.263715,1.26479
2022-01-10 01:00:00+00:00,usdcad,1.263835,1.264945,1.263745,1.264045
2022-01-10 02:00:00+00:00,usdcad,1.264425,1.264555,1.26346,1.263825
2022-01-10 03:00:00+00:00,usdcad,1.264435,1.264945,1.264255,1.264415
2022-01-10 04:00:00+00:00,usdcad,1.264335,1.264545,1.263825,1.264425
2022-01-10 05:00:00+00:00,usdcad,1.26429,1.26496,1.264255,1.26433
2022-01-10 06:00:00+00:00,usdcad,1.264575,1.265325,1.264205,1.264295
2022-01-10 07:00:00+00:00,usdcad,1.263385,1.26459,1.26305,1.264585
2022-01-10 08:00:00+00:00,usdcad,1.263205,1.26467,1.26309,1.26338
2022-01-10 09:00:00+00:00,usdcad,1.262405,1.26321,1.261565,1.263195
2022-01-10 10:00:00+00:00,usdcad,1.262175,1.262565,1.261045,1.262415
2022-01-10 11:00:00+00:00,usdcad,1.263035,1.263205,1.261995,1.262165
2022-01-10 12:00:00+00:00,usdcad,1.266105,1.266365,1.262615,1.26304
2022-01-10 13:00:00+00:00,usdcad,1.26641,1.266785,1.265505,1.266095
2022-01-10 14:00:00+00:00,usdcad,1.268125,1.268835,1.266315,1.266415
2022-01-10 15:00:00+00:00,usdcad,1.26775,1.26944,1.26734,1.26813
2022-01-10 16:00:00+00:00,usdcad,1.26785,1.26889,1.26752,1.26778
2022-01-10 17:00:00+00:00,usdcad,1.2694,1.26964,1.26736,1.26786
2022-01-10 18:00:00+00:00,usdcad,1.26807,1.26966,1.26785,1.26941
2022-01-10 19:00:00+00:00,usdcad,1.26788,1.26886,1.26737,1.26806
2022-01-10 20:00:00+00:00,usdcad,1.26742,1.26875,1.26701,1.26787
2022-01-10 21:00:00+00:00,usdcad,1.26763,1.26849,1.26727,1.26734
2022-01-10 22:00:00+00:00,usdcad,1.26779,1.26811,1.267365,1.267565
2022-01-10 23:00:00+00:00,usdcad,1.26661,1.267935,1.26656,1.267795
2022-01-11 00:00:00+00:00,usdcad,1.26617,1.26707,1.26596,1.26662
2022-01-11 01:00:00+00:00,usdcad,1.26666,1.26685,1.26594,1.26616
2022-01-11 02:00:00+00:00,usdcad,1.26556,1.26694,1.26524,1.26667
2022-01-11 03:00:00+00:00,usdcad,1.26503,1.2656,1.26455,1.26555
2022-01-11 04:00:00+00:00,usdcad,1.26539,1.26559,1.26502,1.26502
2022-01-11 05:00:00+00:00,usdcad,1.26491,1.26555,1.26476,1.26538
2022-01-11 06:00:00+00:00,usdcad,1.26618,1.26661,1.26477,1.2649
2022-01-11 07:00:00+00:00,usdcad,1.2646,1.26621,1.26433,1.26617
2022-01-11 08:00:00+00:00,usdcad,1.2646,1.26511,1.26338,1.26459
2022-01-11 09:00:00+00:00,usdcad,1.26405,1.26467,1.26306,1.26459
2022-01-11 10:00:00+00:00,usdcad,1.26412,1.26469,1.26355,1.26406
2022-01-11 11:00:00+00:00,usdcad,1.26395,1.26498,1.26344,1.26411
2022-01-11 12:00:00+00:00,usdcad,1.26411,1.26459,1.26344,1.26393
2022-01-11 13:00:00+00:00,usdcad,1.26493,1.2659,1.26337,1.2641
2022-01-11 14:00:00+00:00,usdcad,1.26468,1.26638,1.26435,1.26492
2022-01-11 15:00:00+00:00,usdcad,1.26295,1.2647,1.26138,1.2646
2022-01-11 16:00:00+00:00,usdcad,1.25982,1.2629,1.25968,1.26282
2022-01-11 17:00:00+00:00,usdcad,1.25879,1.2607,1.25863,1.25983
2022-01-11 18:00:00+00:00,usdcad,1.25701,1.25923,1.25674,1.2588
2022-01-11 19:00:00+00:00,usdcad,1.25824,1.25857,1.25702,1.25702
2022-01-11 20:00:00+00:00,usdcad,1.25767,1.25838,1.25736,1.25823
2022-01-11 21:00:00+00:00,usdcad,1.25738,1.25793,1.25688,1.25768
2022-01-11 22:00:00+00:00,usdcad,1.25751,1.25775,1.257195,1.257505
2022-01-11 23:00:00+00:00,usdcad,1.25778,1.2578,1.25697,1.257535
2022-01-12 00:00:00+00:00,usdcad,1.25672,1.258,1.25655,1.25779
2022-01-12 01:00:00+00:00,usdcad,1.25674,1.25714,1.25611,1.25673
2022-01-12 02:00:00+00:00,usdcad,1.25547,1.25682,1.25528,1.25675
2022-01-12 03:00:00+00:00,usdcad,1.25535,1.25572,1.25522,1.25546
2022-01-12 04:00:00+00:00,usdcad,1.25544,1.25548,1.25521,1.25534
2022-01-12 05:00:00+00:00,usdcad,1.25541,1.25546,1.25462,1.25543
2022-01-12 06:00:00+00:00,usdcad,1.25611,1.25617,1.25489,1.2554
2022-01-12 07:00:00+00:00,usdcad,1.25746,1.25767,1.25592,1.2561
2022-01-12 08:00:00+00:00,usdcad,1.25601,1.25745,1.25581,1.25745
2022-01-12 09:00:00+00:00,usdcad,1.25484,1.25618,1.25471,1.25602
2022-01-12 10:00:00+00:00,usdcad,1.25369,1.25503,1.25361,1.25485
2022-01-12 11:00:00+00:00,usdcad,1.25466,1.25466,1.25337,1.2537
2022-01-12 12:00:00+00:00,usdcad,1.25467,1.25573,1.25425,1.25464
2022-01-12 13:00:00+00:00,usdcad,1.25192,1.25497,1.25134,1.25466
2022-01-12 14:00:00+00:00,usdcad,1.25222,1.25331,1.251,1.25179
2022-01-12 15:00:00+00:00,usdcad,1.25093,1.25267,1.25072,1.25205
2022-01-12 16:00:00+00:00,usdcad,1.24998,1.25163,1.24981,1.25092
2022-01-12 17:00:00+00:00,usdcad,1.24984,1.25133,1.24957,1.24999
2022-01-12 18:00:00+00:00,usdcad,1.25056,1.25092,1.24976,1.24985
2022-01-12 19:00:00+00:00,usdcad,1.25012,1.25071,1.24991,1.25057
2022-01-12 20:00:00+00:00,usdcad,1.25037,1.25099,1.24998,1.25012
2022-01-12 21:00:00+00:00,usdcad,1.250885,1.250965,1.24999,1.25036
2022-01-12 22:00:00+00:00,usdcad,1.250665,1.250805,1.250405,1.25076
2022-01-12 23:00:00+00:00,usdcad,1.25031,1.250685,1.25027,1.250685
2022-01-13 00:00:00+00:00,usdcad,1.25062,1.25095,1.25011,1.25034
2022-01-13 01:00:00+00:00,usdcad,1.25079,1.25103,1.25023,1.25061
2022-01-13 02:00:00+00:00,usdcad,1.24976,1.25099,1.24962,1.2508
2022-01-13 03:00:00+00:00,usdcad,1.24991,1.25072,1.24977,1.24977
2022-01-13 04:00:00+00:00,usdcad,1.24961,1.25009,1.24952,1.24992
2022-01-13 05:00:00+00:00,usdcad,1.25077,1.25086,1.24951,1.2496
2022-01-13 06:00:00+00:00,usdcad,1.24988,1.25078,1.24978,1.25078
2022-01-13 07:00:00+00:00,usdcad,1.24855,1.25038,1.24854,1.24989
2022-01-13 08:00:00+00:00,usdcad,1.24838,1.24859,1.2466,1.24856
2022-01-13 09:00:00+00:00,usdcad,1.24825,1.24916,1.24808,1.24837
2022-01-13 10:00:00+00:00,usdcad,1.24816,1.24873,1.24812,1.24824
2022-01-13 11:00:00+00:00,usdcad,1.24801,1.2485,1.24754,1.24815
2022-01-13 12:00:00+00:00,usdcad,1.24855,1.24877,1.24733,1.248
2022-01-13 13:00:00+00:00,usdcad,1.24613,1.24857,1.2461,1.24856
2022-01-13 14:00:00+00:00,usdcad,1.24607,1.24657,1.24535,1.24614
2022-01-13 15:00:00+00:00,usdcad,1.24853,1.24967,1.24602,1.24602
2022-01-13 16:00:00+00:00,usdcad,1.2482,1.24952,1.24769,1.24856
2022-01-13 17:00:00+00:00,usdcad,1.24923,1.25035,1.24819,1.24821
2022-01-13 18:00:00+00:00,usdcad,1.2489,1.24964,1.24884,1.24922
2022-01-13 19:00:00+00:00,usdcad,1.24882,1.24972,1.24837,1.24889
2022-01-13 20:00:00+00:00,usdcad,1.2517,1.252,1.24883,1.24883
2022-01-13 21:00:00+00:00,usdcad,1.25206,1.25215,1.25086,1.25171
2022-01-13 22:00:00+00:00,usdcad,1.25139,1.25206,1.250505,1.25161
2022-01-13 23:00:00+00:00,usdcad,1.25086,1.25148,1.25062,1.25138
2022-01-14 00:00:00+00:00,usdcad,1.25164,1.25211,1.25085,1.25085
2022-01-14 01:00:00+00:00,usdcad,1.25193,1.25258,1.25121,1.25163
2022-01-14 02:00:00+00:00,usdcad,1.25094,1.25219,1.25094,1.25192
2022-01-14 03:00:00+00:00,usdcad,1.25076,1.25142,1.25041,1.25095
2022-01-14 04:00:00+00:00,usdcad,1.25007,1.25077,1.24966,1.25077
2022-01-14 05:00:00+00:00,usdcad,1.24904,1.25038,1.24897,1.25006
2022-01-14 06:00:00+00:00,usdcad,1.2489,1.24908,1.24844,1.24905
2022-01-14 07:00:00+00:00,usdcad,1.2495,1.25049,1.24871,1.24889
2022-01-14 08:00:00+00:00,usdcad,1.24731,1.25024,1.24718,1.24951
2022-01-14 09:00:00+00:00,usdcad,1.24817,1.24854,1.2471,1.24732
2022-01-14 10:00:00+00:00,usdcad,1.24903,1.24912,1.24815,1.24818
2022-01-14 11:00:00+00:00,usdcad,1.24884,1.24902,1.2477,1.24902
2022-01-14 12:00:00+00:00,usdcad,1.25162,1.25185,1.24879,1.24885
2022-01-14 13:00:00+00:00,usdcad,1.25271,1.25352,1.25058,1.25162
2022-01-14 14:00:00+00:00,usdcad,1.25107,1.25337,1.25095,1.25272
2022-01-14 15:00:00+00:00,usdcad,1.25432,1.2546,1.25117,1.25123
2022-01-14 16:00:00+00:00,usdcad,1.25467,1.25538,1.25389,1.25431
2022-01-14 17:00:00+00:00,usdcad,1.25642,1.25656,1.25459,1.25469
2022-01-14 18:00:00+00:00,usdcad,1.25636,1.25695,1.25609,1.25641
2022-01-14 19:00:00+00:00,usdcad,1.25613,1.25706,1.256,1.25637
2022-01-14 20:00:00+00:00,usdcad,1.2553,1.25652,1.25465,1.25614
2022-01-14 21:00:00+00:00,usdcad,1.25496,1.25553,1.25418,1.25531
2022-01-16 22:00:00+00:00,usdcad,1.254515,1.25502,1.25384,1.25402
2022-01-16 23:00:00+00:00,usdcad,1.25418,1.25572,1.25409,1.25452
2022-01-17 00:00:00+00:00,usdcad,1.25448,1.25513,1.25396,1.25419
2022-01-17 01:00:00+00:00,usdcad,1.2548,1.25521,1.25432,1.25449
2022-01-17 02:00:00+00:00,usdcad,1.25397,1.25488,1.25373,1.25479
2022-01-17 03:00:00+00:00,usdcad,1.25386,1.25427,1.25346,1.25396
2022-01-17 04:00:00+00:00,usdcad,1.25402,1.25407,1.25351,1.25385
2022-01-17 05:00:00+00:00,usdcad,1.25424,1.25468,1.25392,1.25403
2022-01-17 06:00:00+00:00,usdcad,1.25438,1.25457,1.25391,1.25423
2022-01-17 07:00:00+00:00,usdcad,1.25245,1.25479,1.25228,1.25439
2022-01-17 08:00:00+00:00,usdcad,1.25119,1.25296,1.25112,1.25244
2022-01-17 09:00:00+00:00,usdcad,1.25107,1.25194,1.25101,1.2512
2022-01-17 10:00:00+00:00,usdcad,1.25057,1.25124,1.25012,1.25108
2022-01-17 11:00:00+00:00,usdcad,1.25173,1.25189,1.25003,1.25056
2022-01-17 12:00:00+00:00,usdcad,1.25338,1.25345,1.2514,1.25172
2022-01-17 13:00:00+00:00,usdcad,1.25291,1.25363,1.25261,1.25339
2022-01-17 14:00:00+00:00,usdcad,1.25235,1.25363,1.25195,1.2529
2022-01-17 15:00:00+00:00,usdcad,1.25192,1.25267,1.25037,1.25234
2022-01-17 16:00:00+00:00,usdcad,1.25117,1.25237,1.2511,1.25193
2022-01-17 17:00:00+00:00,usdcad,1.25122,1.25154,1.25067,1.25118
2022-01-17 18:00:00+00:00,usdcad,1.25194,1.25195,1.25118,1.25121
2022-01-17 19:00:00+00:00,usdcad,1.25186,1.2521,1.25161,1.25193
2022-01-17 20:00:00+00:00,usdcad,1.25236,1.2524,1.25184,1.25187
2022-01-17 21:00:00+00:00,usdcad,1.251665,1.25244,1.251605,1.25237
2022-01-17 22:00:00+00:00,usdcad,1.25177,1.25201,1.251525,1.251645
2022-01-17 23:00:00+00:00,usdcad,1.25164,1.25195,1.25162,1.251775
2022-01-18 00:00:00+00:00,usdcad,1.25012,1.25163,1.25008,1.25163
2022-01-18 01:00:00+00:00,usdcad,1.24908,1.25066,1.24884,1.25011
2022-01-18 02:00:00+00:00,usdcad,1.24892,1.24963,1.24885,1.24907
2022-01-18 03:00:00+00:00,usdcad,1.25285,1.25337,1.24862,1.24891
2022-01-18 04:00:00+00:00,usdcad,1.25177,1.25307,1.25175,1.25286
2022-01-18 05:00:00+00:00,usdcad,1.25182,1.25225,1.2511,1.25176
2022-01-18 06:00:00+00:00,usdcad,1.25051,1.25184,1.25025,1.25183
2022-01-18 07:00:00+00:00,usdcad,1.25015,1.25193,1.24982,1.25052
2022-01-18 08:00:00+00:00,usdcad,1.25092,1.25143,1.25016,1.25016
2022-01-18 09:00:00+00:00,usdcad,1.25249,1.25296,1.25083,1.25091
2022-01-18 10:00:00+00:00,usdcad,1.25155,1.25261,1.25106,1.2525
2022-01-18 11:00:00+00:00,usdcad,1.25012,1.25181,1.24955,1.25154
2022-01-18 12:00:00+00:00,usdcad,1.251,1.25112,1.24971,1.25011
2022-01-18 13:00:00+00:00,usdcad,1.25078,1.25255,1.25042,1.25101
2022-01-18 14:00:00+00:00,usdcad,1.25143,1.25285,1.25068,1.25077
2022-01-18 15:00:00+00:00,usdcad,1.25283,1.25315,1.2511,1.25178
2022-01-18 16:00:00+00:00,usdcad,1.25376,1.2549,1.25233,1.25284
2022-01-18 17:00:00+00:00,usdcad,1.2556,1.25638,1.25364,1.25375
2022-01-18 18:00:00+00:00,usdcad,1.25404,1.25609,1.25386,1.25561
2022-01-18 19:00:00+00:00,usdcad,1.25037,1.25413,1.25034,1.25405
2022-01-18 20:00:00+00:00,usdcad,1.25179,1.25236,1.25035,1.25039
2022-01-18 21:00:00+00:00,usdcad,1.251375,1.25205,1.25107,1.25178
2022-01-18 22:00:00+00:00,usdcad,1.25099,1.25177,1.25093,1.25141
2022-01-18 23:00:00+00:00,usdcad,1.2498,1.251,1.24962,1.250995
2022-01-19 00:00:00+00:00,usdcad,1.25061,1.25094,1.24962,1.24977
2022-01-19 01:00:00+00:00,usdcad,1.25004,1.25067,1.24934,1.25062
2022-01-19 02:00:00+00:00,usdcad,1.25015,1.25033,1.24871,1.25003
2022-01-19 03:00:00+00:00,usdcad,1.25044,1.2511,1.24986,1.25016
2022-01-19 04:00:00+00:00,usdcad,1.25022,1.25061,1.24884,1.25043
2022-01-19 05:00:00+00:00,usdcad,1.2502,1.2507,1.24988,1.25027
2022-01-19 06:00:00+00:00,usdcad,1.25105,1.25129,1.24995,1.25021
2022-01-19 07:00:00+00:00,usdcad,1.252,1.25227,1.2509,1.25106
2022-01-19 08:00:00+00:00,usdcad,1.24982,1.25247,1.24945,1.25203
2022-01-19 09:00:00+00:00,usdcad,1.24808,1.25018,1.24787,1.24983
2022-01-19 10:00:00+00:00,usdcad,1.24717,1.24835,1.24715,1.24809
2022-01-19 11:00:00+00:00,usdcad,1.24758,1.24779,1.24702,1.24718
2022-01-19 12:00:00+00:00,usdcad,1.24813,1.2483,1.24714,1.24759
2022-01-19 13:00:00+00:00,usdcad,1.2479,1.24817,1.24506,1.24814
2022-01-19 14:00:00+00:00,usdcad,1.24938,1.24991,1.24775,1.24788
2022-01-19 15:00:00+00:00,usdcad,1.25172,1.25187,1.24884,1.24939
2022-01-19 16:00:00+00:00,usdcad,1.25044,1.25173,1.2491,1.25171
2022-01-19 17:00:00+00:00,usdcad,1.24883,1.25056,1.24839,1.25043
2022-01-19 18:00:00+00:00,usdcad,1.24919,1.24951,1.24848,1.24882
2022-01-19 19:00:00+00:00,usdcad,1.24901,1.24976,1.24877,1.2492
2022-01-19 20:00:00+00:00,usdcad,1.25023,1.25032,1.24873,1.24903
2022-01-19 21:00:00+00:00,usdcad,1.251395,1.25159,1.25,1.25023
2022-01-19 22:00:00+00:00,usdcad,1.25111,1.25144,1.25083,1.25127
2022-01-19 23:00:00+00:00,usdcad,1.2511,1.25166,1.25096,1.2511
2022-01-20 00:00:00+00:00,usdcad,1.25014,1.25109,1.2501,1.25109
2022-01-20 01:00:00+00:00,usdcad,1.25064,1.25075,1.24936,1.25015
2022-01-20 02:00:00+00:00,usdcad,1.25008,1.2512,1.24996,1.25063
2022-01-20 03:00:00+00:00,usdcad,1.24955,1.25027,1.24928,1.25007
2022-01-20 04:00:00+00:00,usdcad,1.24945,1.24971,1.24926,1.24954
2022-01-20 05:00:00+00:00,usdcad,1.2494,1.24993,1.24922,1.24948
2022-01-20 06:00:00+00:00,usdcad,1.2489,1.2495,1.24866,1.24939
2022-01-20 07:00:00+00:00,usdcad,1.24902,1.24947,1.24833,1.24891
2022-01-20 08:00:00+00:00,usdcad,1.24939,1.24978,1.24846,1.24901
2022-01-20 09:00:00+00:00,usdcad,1.24876,1.24966,1.24856,1.2494
2022-01-20 10:00:00+00:00,usdcad,1.24967,1.24975,1.24811,1.24875
2022-01-20 11:00:00+00:00,usdcad,1.24896,1.24966,1.24869,1.24966
2022-01-20 12:00:00+00:00,usdcad,1.24929,1.24957,1.24881,1.24895
2022-01-20 13:00:00+00:00,usdcad,1.24788,1.24948,1.24766,1.24928
2022-01-20 14:00:00+00:00,usdcad,1.24761,1.2489,1.24748,1.24787
2022-01-20 15:00:00+00:00,usdcad,1.24567,1.24863,1.24549,1.24759
2022-01-20 16:00:00+00:00,usdcad,1.24633,1.24729,1.24533,1.24569
2022-01-20 17:00:00+00:00,usdcad,1.24624,1.24658,1.24586,1.24632
2022-01-20 18:00:00+00:00,usdcad,1.24633,1.24709,1.2461,1.24622
2022-01-20 19:00:00+00:00,usdcad,1.24716,1.24778,1.24577,1.24632
2022-01-20 20:00:00+00:00,usdcad,1.25143,1.25154,1.2469,1.24717
2022-01-20 21:00:00+00:00,usdcad,1.25032,1.25144,1.24995,1.25142
2022-01-20 22:00:00+00:00,usdcad,1.25039,1.250435,1.25016,1.25026
2022-01-20 23:00:00+00:00,usdcad,1.25008,1.25152,1.24999,1.250295
2022-01-21 00:00:00+00:00,usdcad,1.25212,1.25227,1.24985,1.25007
2022-01-21 01:00:00+00:00,usdcad,1.25219,1.25377,1.252,1.25211
2022-01-21 02:00:00+00:00,usdcad,1.25196,1.25294,1.2514,1.2522
2022-01-21 03:00:00+00:00,usdcad,1.25287,1.25368,1.25172,1.25197
2022-01-21 04:00:00+00:00,usdcad,1.25261,1.2529,1.25195,1.25286
2022-01-21 05:00:00+00:00,usdcad,1.25181,1.253,1.25161,1.25262
2022-01-21 06:00:00+00:00,usdcad,1.25226,1.2525,1.2518,1.2518
2022-01-21 07:00:00+00:00,usdcad,1.25165,1.25269,1.25093,1.25227
2022-01-21 08:00:00+00:00,usdcad,1.25225,1.25328,1.25129,1.25166
2022-01-21 09:00:00+00:00,usdcad,1.2525,1.2535,1.25206,1.25226
2022-01-21 10:00:00+00:00,usdcad,1.25077,1.25298,1.25073,1.25251
2022-01-21 11:00:00+00:00,usdcad,1.25224,1.25258,1.25062,1.25078
2022-01-21 12:00:00+00:00,usdcad,1.25262,1.25324,1.25215,1.25225
2022-01-21 13:00:00+00:00,usdcad,1.25178,1.25293,1.25155,1.25263
2022-01-21 14:00:00+00:00,usdcad,1.25336,1.25432,1.25147,1.25177
2022-01-21 15:00:00+00:00,usdcad,1.25329,1.25542,1.25245,1.2533
2022-01-21 16:00:00+00:00,usdcad,1.25414,1.25474,1.25243,1.25328
2022-01-21 17:00:00+00:00,usdcad,1.25534,1.25564,1.25403,1.25415
2022-01-21 18:00:00+00:00,usdcad,1.25558,1.25601,1.25447,1.25535
2022-01-21 19:00:00+00:00,usdcad,1.25727,1.25738,1.25543,1.25557
2022-01-21 20:00:00+00:00,usdcad,1.25837,1.25838,1.25704,1.25728
2022-01-21 21:00:00+00:00,usdcad,1.2579,1.25876,1.25771,1.25838
2022-01-23 22:00:00+00:00,usdcad,1.25773,1.25805,1.257595,1.25801
2022-01-23 23:00:00+00:00,usdcad,1.25619,1.258175,1.25619,1.25774
2022-01-24 00:00:00+00:00,usdcad,1.25702,1.25747,1.2562,1.25624
2022-01-24 01:00:00+00:00,usdcad,1.25642,1.25738,1.25634,1.25701
2022-01-24 02:00:00+00:00,usdcad,1.25616,1.25689,1.25594,1.25641
2022-01-24 03:00:00+00:00,usdcad,1.25612,1.25634,1.25582,1.25617
2022-01-24 04:00:00+00:00,usdcad,1.25577,1.25615,1.25547,1.25611
2022-01-24 05:00:00+00:00,usdcad,1.25674,1.25689,1.25558,1.25576
2022-01-24 06:00:00+00:00,usdcad,1.25767,1.25794,1.25665,1.25675
2022-01-24 07:00:00+00:00,usdcad,1.25769,1.25886,1.25752,1.25766
2022-01-24 08:00:00+00:00,usdcad,1.25953,1.25961,1.25679,1.2577
2022-01-24 09:00:00+00:00,usdcad,1.2597,1.26029,1.25889,1.25952
2022-01-24 10:00:00+00:00,usdcad,1.26063,1.26158,1.25969,1.25969
2022-01-24 11:00:00+00:00,usdcad,1.2609,1.26153,1.2596,1.26062
2022-01-24 12:00:00+00:00,usdcad,1.26221,1.26241,1.2607,1.26071
2022-01-24 13:00:00+00:00,usdcad,1.26466,1.26472,1.26166,1.2622
2022-01-24 14:00:00+00:00,usdcad,1.26499,1.26557,1.26344,1.26477
2022-01-24 15:00:00+00:00,usdcad,1.26634,1.26792,1.2643,1.26498
2022-01-24 16:00:00+00:00,usdcad,1.26873,1.27016,1.26592,1.26633
2022-01-24 17:00:00+00:00,usdcad,1.26737,1.27001,1.26691,1.26883
2022-01-24 18:00:00+00:00,usdcad,1.26472,1.26762,1.26459,1.26737
2022-01-24 19:00:00+00:00,usdcad,1.26473,1.26611,1.26375,1.26472
2022-01-24 20:00:00+00:00,usdcad,1.26411,1.2654,1.26229,1.26476
2022-01-24 21:00:00+00:00,usdcad,1.26366,1.2645,1.26257,1.26409
2022-01-24 22:00:00+00:00,usdcad,1.263695,1.264005,1.263285,1.26365
2022-01-24 23:00:00+00:00,usdcad,1.26262,1.26439,1.2626,1.2637
2022-01-25 00:00:00+00:00,usdcad,1.26359,1.26371,1.26185,1.26261
2022-01-25 01:00:00+00:00,usdcad,1.26391,1.26483,1.26328,1.2636
2022-01-25 02:00:00+00:00,usdcad,1.26411,1.26512,1.26377,1.26392
2022-01-25 03:00:00+00:00,usdcad,1.26458,1.26555,1.26412,1.26412
2022-01-25 04:00:00+00:00,usdcad,1.26541,1.26583,1.26445,1.26457
2022-01-25 05:00:00+00:00,usdcad,1.26369,1.26583,1.26353,1.26538
2022-01-25 06:00:00+00:00,usdcad,1.26343,1.26432,1.26285,1.26368
2022-01-25 07:00:00+00:00,usdcad,1.26384,1.26474,1.26338,1.26342
2022-01-25 08:00:00+00:00,usdcad,1.26439,1.265,1.26315,1.26383
2022-01-25 09:00:00+00:00,usdcad,1.26359,1.26507,1.26281,1.26438
2022-01-25 10:00:00+00:00,usdcad,1.26386,1.26429,1.26283,1.26358
2022-01-25 11:00:00+00:00,usdcad,1.26426,1.26474,1.26278,1.26387
2022-01-25 12:00:00+00:00,usdcad,1.26457,1.26545,1.2642,1.26425
2022-01-25 13:00:00+00:00,usdcad,1.26422,1.26489,1.26362,1.26456
2022-01-25 14:00:00+00:00,usdcad,1.26607,1.26618,1.26259,1.26424
2022-01-25 15:00:00+00:00,usdcad,1.26355,1.26693,1.26228,1.26608
2022-01-25 16:00:00+00:00,usdcad,1.26383,1.2645,1.26262,1.26355
2022-01-25 17:00:00+00:00,usdcad,1.26276,1.26402,1.26208,1.26383
2022-01-25 18:00:00+00:00,usdcad,1.26064,1.26321,1.26053,1.26275
2022-01-25 19:00:00+00:00,usdcad,1.25997,1.26117,1.25976,1.26063
2022-01-25 20:00:00+00:00,usdcad,1.26205,1.26264,1.25979,1.25996
2022-01-25 21:00:00+00:00,usdcad,1.263015,1.26329,1.26171,1.26205
2022-01-25 22:00:00+00:00,usdcad,1.263075,1.26313,1.262755,1.263005
2022-01-25 23:00:00+00:00,usdcad,1.26173,1.263085,1.26161,1.263065
2022-01-26 00:00:00+00:00,usdcad,1.26271,1.26286,1.26168,1.26174
2022-01-26 01:00:00+00:00,usdcad,1.2614,1.26308,1.26139,1.2627
2022-01-26 02:00:00+00:00,usdcad,1.26122,1.26141,1.25997,1.26139
2022-01-26 03:00:00+00:00,usdcad,1.26068,1.26121,1.26036,1.26121
2022-01-26 04:00:00+00:00,usdcad,1.2602,1.26101,1.26019,1.26067
2022-01-26 05:00:00+00:00,usdcad,1.26056,1.26113,1.26016,1.26021
2022-01-26 06:00:00+00:00,usdcad,1.26053,1.26083,1.25912,1.26057
2022-01-26 07:00:00+00:00,usdcad,1.25977,1.2609,1.25947,1.26052
2022-01-26 08:00:00+00:00,usdcad,1.25885,1.25988,1.25802,1.25976
2022-01-26 09:00:00+00:00,usdcad,1.2575,1.2591,1.25699,1.25886
2022-01-26 10:00:00+00:00,usdcad,1.25695,1.25777,1.25634,1.25749
2022-01-26 11:00:00+00:00,usdcad,1.25637,1.25766,1.25637,1.25694
2022-01-26 12:00:00+00:00,usdcad,1.25678,1.25688,1.25596,1.25636
2022-01-26 13:00:00+00:00,usdcad,1.25775,1.25816,1.25608,1.25677
2022-01-26 14:00:00+00:00,usdcad,1.2573,1.25912,1.25646,1.25773
2022-01-26 15:00:00+00:00,usdcad,1.26273,1.2639,1.25673,1.25728
2022-01-26 16:00:00+00:00,usdcad,1.25988,1.26283,1.25872,1.26272
2022-01-26 17:00:00+00:00,usdcad,1.25843,1.26013,1.25839,1.25987
2022-01-26 18:00:00+00:00,usdcad,1.26099,1.26135,1.25836,1.25842
2022-01-26 19:00:00+00:00,usdcad,1.2654,1.266865,1.25811,1.261005
2022-01-26 20:00:00+00:00,usdcad,1.26742,1.26883,1.26503,1.2653
2022-01-26 21:00:00+00:00,usdcad,1.26684,1.26823,1.26631,1.26761
2022-01-26 22:00:00+00:00,usdcad,1.266635,1.266985,1.26635,1.266835
2022-01-26 23:00:00+00:00,usdcad,1.26567,1.26667,1.26566,1.26664
2022-01-27 00:00:00+00:00,usdcad,1.26827,1.26835,1.26565,1.26569
2022-01-27 01:00:00+00:00,usdcad,1.26974,1.26998,1.26816,1.26826
2022-01-27 02:00:00+00:00,usdcad,1.27006,1.2707,1.26908,1.26975
2022-01-27 03:00:00+00:00,usdcad,1.27069,1.27091,1.26972,1.27005
2022-01-27 04:00:00+00:00,usdcad,1.27103,1.27134,1.27023,1.2707
2022-01-27 05:00:00+00:00,usdcad,1.27078,1.27168,1.27046,1.27104
2022-01-27 06:00:00+00:00,usdcad,1.27166,1.27261,1.27071,1.27077
2022-01-27 07:00:00+00:00,usdcad,1.27246,1.27271,1.27101,1.27165
2022-01-27 08:00:00+00:00,usdcad,1.26752,1.27267,1.26738,1.27246
2022-01-27 09:00:00+00:00,usdcad,1.26702,1.26909,1.26662,1.26753
2022-01-27 10:00:00+00:00,usdcad,1.27036,1.27038,1.2663,1.26703
2022-01-27 11:00:00+00:00,usdcad,1.27017,1.27192,1.26948,1.27037
2022-01-27 12:00:00+00:00,usdcad,1.26984,1.27042,1.26874,1.27016
2022-01-27 13:00:00+00:00,usdcad,1.26733,1.27013,1.26688,1.26974
2022-01-27 14:00:00+00:00,usdcad,1.26739,1.2679,1.26505,1.26734
2022-01-27 15:00:00+00:00,usdcad,1.27066,1.27205,1.26663,1.26738
2022-01-27 16:00:00+00:00,usdcad,1.27086,1.27208,1.26977,1.27067
2022-01-27 17:00:00+00:00,usdcad,1.27311,1.27385,1.27062,1.27085
2022-01-27 18:00:00+00:00,usdcad,1.27273,1.27435,1.27254,1.27312
2022-01-27 19:00:00+00:00,usdcad,1.27455,1.27455,1.27188,1.27274
2022-01-27 20:00:00+00:00,usdcad,1.27458,1.27466,1.27319,1.27454
2022-01-27 21:00:00+00:00,usdcad,1.274245,1.2748,1.27397,1.27459
2022-01-27 22:00:00+00:00,usdcad,1.27367,1.274185,1.273665,1.27418
2022-01-27 23:00:00+00:00,usdcad,1.27475,1.27481,1.27345,1.27368
2022-01-28 00:00:00+00:00,usdcad,1.27343,1.27482,1.27322,1.27472
2022-01-28 01:00:00+00:00,usdcad,1.27312,1.27401,1.27279,1.27344
2022-01-28 02:00:00+00:00,usdcad,1.27138,1.27344,1.27137,1.27311
2022-01-28 03:00:00+00:00,usdcad,1.27237,1.27259,1.2713,1.27139
2022-01-28 04:00:00+00:00,usdcad,1.27326,1.27338,1.27221,1.27238
2022-01-28 05:00:00+00:00,usdcad,1.27175,1.27358,1.27133,1.27327
2022-01-28 06:00:00+00:00,usdcad,1.27247,1.2727,1.27149,1.27176
2022-01-28 07:00:00+00:00,usdcad,1.27451,1.27477,1.27247,1.27248
2022-01-28 08:00:00+00:00,usdcad,1.2768,1.27737,1.27433,1.2745
2022-01-28 09:00:00+00:00,usdcad,1.27784,1.27793,1.27663,1.27684
2022-01-28 10:00:00+00:00,usdcad,1.27883,1.27935,1.2778,1.27783
2022-01-28 11:00:00+00:00,usdcad,1.27833,1.27965,1.27825,1.27882
2022-01-28 12:00:00+00:00,usdcad,1.27915,1.27969,1.27791,1.27833
2022-01-28 13:00:00+00:00,usdcad,1.27594,1.27946,1.27496,1.27914
2022-01-28 14:00:00+00:00,usdcad,1.27679,1.27747,1.27519,1.27591
2022-01-28 15:00:00+00:00,usdcad,1.27697,1.27824,1.2758,1.27697
2022-01-28 16:00:00+00:00,usdcad,1.27533,1.27783,1.27481,1.27694
2022-01-28 17:00:00+00:00,usdcad,1.27826,1.27828,1.27497,1.27528
2022-01-28 18:00:00+00:00,usdcad,1.27755,1.27825,1.27697,1.27825
2022-01-28 19:00:00+00:00,usdcad,1.27861,1.27951,1.2774,1.27757
2022-01-28 20:00:00+00:00,usdcad,1.27737,1.27862,1.27657,1.27862
2022-01-28 21:00:00+00:00,usdcad,1.27634,1.27816,1.27619,1.27738
2022-01-30 22:00:00+00:00,usdcad,1.277125,1.277405,1.277045,1.27709
2022-01-30 23:00:00+00:00,usdcad,1.27602,1.27771,1.27598,1.277085
2022-01-31 00:00:00+00:00,usdcad,1.27629,1.27639,1.27532,1.27603
2022-01-31 01:00:00+00:00,usdcad,1.2746,1.27629,1.27456,1.27629
2022-01-31 02:00:00+00:00,usdcad,1.27367,1.27494,1.27343,1.27461
2022-01-31 03:00:00+00:00,usdcad,1.27343,1.27388,1.27316,1.27368
2022-01-31 04:00:00+00:00,usdcad,1.27375,1.27389,1.27341,1.27342
2022-01-31 05:00:00+00:00,usdcad,1.27318,1.27422,1.27314,1.27376
2022-01-31 06:00:00+00:00,usdcad,1.27244,1.27335,1.27237,1.27317
2022-01-31 07:00:00+00:00,usdcad,1.2724,1.27338,1.27239,1.27245
2022-01-31 08:00:00+00:00,usdcad,1.27252,1.27324,1.27212,1.27239
2022-01-31 09:00:00+00:00,usdcad,1.27326,1.27352,1.27204,1.27253
2022-01-31 10:00:00+00:00,usdcad,1.27403,1.27426,1.27299,1.27327
2022-01-31 11:00:00+00:00,usdcad,1.27422,1.27441,1.27326,1.27404
2022-01-31 12:00:00+00:00,usdcad,1.27448,1.27756,1.27415,1.27423
2022-01-31 13:00:00+00:00,usdcad,1.27394,1.2766,1.27378,1.27447
2022-01-31 14:00:00+00:00,usdcad,1.2755,1.27618,1.27343,1.27395
2022-01-31 15:00:00+00:00,usdcad,1.27144,1.27522,1.27123,1.27482
2022-01-31 16:00:00+00:00,usdcad,1.26956,1.27306,1.26934,1.27149
2022-01-31 17:00:00+00:00,usdcad,1.26976,1.27001,1.26822,1.26955
2022-01-31 18:00:00+00:00,usdcad,1.26957,1.27031,1.26906,1.26977
2022-01-31 19:00:00+00:00,usdcad,1.26972,1.27015,1.26901,1.26956
2022-01-31 20:00:00+00:00,usdcad,1.2712,1.27123,1.26952,1.26973
2022-01-31 21:00:00+00:00,usdcad,1.27076,1.27185,1.27028,1.27122
2022-01-31 22:00:00+00:00,usdcad,1.27079,1.271085,1.27063,1.270755
2022-01-31 23:00:00+00:00,usdcad,1.2718,1.27183,1.27052,1.27078
2022-02-01 00:00:00+00:00,usdcad,1.27111,1.27229,1.27104,1.27181
2022-02-01 01:00:00+00:00,usdcad,1.27139,1.27173,1.27074,1.27112
2022-02-01 02:00:00+00:00,usdcad,1.2711,1.27179,1.27079,1.2714
2022-02-01 03:00:00+00:00,usdcad,1.27158,1.27205,1.27034,1.27109
2022-02-01 04:00:00+00:00,usdcad,1.26992,1.27171,1.26991,1.27159
2022-02-01 05:00:00+00:00,usdcad,1.26967,1.26999,1.26941,1.26991
2022-02-01 06:00:00+00:00,usdcad,1.27019,1.2704,1.26944,1.26966
2022-02-01 07:00:00+00:00,usdcad,1.2671,1.27024,1.2671,1.2702
2022-02-01 08:00:00+00:00,usdcad,1.26588,1.2671,1.26555,1.26709
2022-02-01 09:00:00+00:00,usdcad,1.26726,1.26776,1.26567,1.26589
2022-02-01 10:00:00+00:00,usdcad,1.26759,1.26791,1.26685,1.26725
2022-02-01 11:00:00+00:00,usdcad,1.26942,1.26945,1.26708,1.2676
2022-02-01 12:00:00+00:00,usdcad,1.26987,1.26995,1.26859,1.26941
2022-02-01 13:00:00+00:00,usdcad,1.26911,1.27064,1.26861,1.26986
2022-02-01 14:00:00+00:00,usdcad,1.27093,1.27195,1.26903,1.26912
2022-02-01 15:00:00+00:00,usdcad,1.26836,1.27264,1.26783,1.270755
2022-02-01 16:00:00+00:00,usdcad,1.26887,1.26975,1.26771,1.2683
2022-02-01 17:00:00+00:00,usdcad,1.26916,1.27006,1.26824,1.26886
2022-02-01 18:00:00+00:00,usdcad,1.26976,1.27031,1.26915,1.26917
2022-02-01 19:00:00+00:00,usdcad,1.27012,1.2702,1.26884,1.26975
2022-02-01 20:00:00+00:00,usdcad,1.26869,1.27013,1.26824,1.27013
2022-02-01 21:00:00+00:00,usdcad,1.26861,1.268715,1.26811,1.26868
2022-02-01 22:00:00+00:00,usdcad,1.268545,1.268735,1.2681,1.268645
2022-02-01 23:00:00+00:00,usdcad,1.26904,1.26919,1.26807,1.26854
2022-02-02 00:00:00+00:00,usdcad,1.26818,1.26925,1.26805,1.26903
2022-02-02 01:00:00+00:00,usdcad,1.26822,1.26869,1.26801,1.26819
2022-02-02 02:00:00+00:00,usdcad,1.2692,1.26947,1.26755,1.26821
2022-02-02 03:00:00+00:00,usdcad,1.26902,1.26953,1.26893,1.26921
2022-02-02 04:00:00+00:00,usdcad,1.26909,1.26918,1.26848,1.26901
2022-02-02 05:00:00+00:00,usdcad,1.26871,1.26917,1.26836,1.2691
2022-02-02 06:00:00+00:00,usdcad,1.26828,1.2688,1.26809,1.26872
2022-02-02 07:00:00+00:00,usdcad,1.26811,1.26876,1.26768,1.26829
2022-02-02 08:00:00+00:00,usdcad,1.26971,1.26988,1.26796,1.2681
2022-02-02 09:00:00+00:00,usdcad,1.2686,1.26993,1.26831,1.26969
2022-02-02 10:00:00+00:00,usdcad,1.26846,1.26891,1.26729,1.26859
2022-02-02 11:00:00+00:00,usdcad,1.26796,1.26936,1.26743,1.26845
2022-02-02 12:00:00+00:00,usdcad,1.26575,1.26845,1.26572,1.26795
2022-02-02 13:00:00+00:00,usdcad,1.26693,1.26693,1.26506,1.26574
2022-02-02 14:00:00+00:00,usdcad,1.2696,1.27013,1.26653,1.26694
2022-02-02 15:00:00+00:00,usdcad,1.26862,1.27061,1.26768,1.26938
2022-02-02 16:00:00+00:00,usdcad,1.26885,1.26978,1.26836,1.26863
2022-02-02 17:00:00+00:00,usdcad,1.26824,1.26899,1.26762,1.26884
2022-02-02 18:00:00+00:00,usdcad,1.26736,1.26878,1.26732,1.26825
2022-02-02 19:00:00+00:00,usdcad,1.26662,1.26773,1.26627,1.26737
2022-02-02 20:00:00+00:00,usdcad,1.26685,1.26704,1.26528,1.26663
2022-02-02 21:00:00+00:00,usdcad,1.266845,1.26764,1.266475,1.26684
2022-02-02 22:00:00+00:00,usdcad,1.26732,1.267395,1.2669,1.26691
2022-02-02 23:00:00+00:00,usdcad,1.26873,1.26877,1.267,1.26733
2022-02-03 00:00:00+00:00,usdcad,1.26805,1.26878,1.26787,1.26872
2022-02-03 01:00:00+00:00,usdcad,1.26829,1.26861,1.26741,1.26804
2022-02-03 02:00:00+00:00,usdcad,1.26806,1.26855,1.2676,1.2683
2022-02-03 03:00:00+00:00,usdcad,1.26745,1.26808,1.26732,1.26807
2022-02-03 04:00:00+00:00,usdcad,1.26841,1.26848,1.26741,1.26746
2022-02-03 05:00:00+00:00,usdcad,1.26841,1.26856,1.26806,1.2684
2022-02-03 06:00:00+00:00,usdcad,1.26855,1.26891,1.26815,1.2684
2022-02-03 07:00:00+00:00,usdcad,1.2687,1.26921,1.26788,1.26856
2022-02-03 08:00:00+00:00,usdcad,1.26961,1.27072,1.26827,1.26869
2022-02-03 09:00:00+00:00,usdcad,1.27097,1.27102,1.26936,1.2696
2022-02-03 10:00:00+00:00,usdcad,1.2713,1.27155,1.26999,1.27098
2022-02-03 11:00:00+00:00,usdcad,1.27082,1.27138,1.27035,1.27131
2022-02-03 12:00:00+00:00,usdcad,1.26955,1.27131,1.26918,1.27083
2022-02-03 13:00:00+00:00,usdcad,1.26896,1.27035,1.26829,1.26956
2022-02-03 14:00:00+00:00,usdcad,1.26902,1.26954,1.26636,1.26897
2022-02-03 15:00:00+00:00,usdcad,1.26808,1.26944,1.26668,1.26902
2022-02-03 16:00:00+00:00,usdcad,1.2679,1.26905,1.26619,1.26806
2022-02-03 17:00:00+00:00,usdcad,1.2675,1.26863,1.26733,1.26796
2022-02-03 18:00:00+00:00,usdcad,1.26638,1.26828,1.26632,1.26751
2022-02-03 19:00:00+00:00,usdcad,1.26781,1.26839,1.26581,1.26639
2022-02-03 20:00:00+00:00,usdcad,1.26906,1.26937,1.26708,1.26782
2022-02-03 21:00:00+00:00,usdcad,1.267815,1.26906,1.2673,1.26905
2022-02-03 22:00:00+00:00,usdcad,1.267745,1.26803,1.267375,1.26785
2022-02-03 23:00:00+00:00,usdcad,1.26793,1.26813,1.26729,1.267735
2022-02-04 00:00:00+00:00,usdcad,1.26709,1.26813,1.26707,1.26793
2022-02-04 01:00:00+00:00,usdcad,1.26801,1.26851,1.26683,1.2671
2022-02-04 02:00:00+00:00,usdcad,1.26732,1.26808,1.26723,1.268
2022-02-04 03:00:00+00:00,usdcad,1.267,1.26731,1.26668,1.26731
2022-02-04 04:00:00+00:00,usdcad,1.26662,1.26713,1.26631,1.26699
2022-02-04 05:00:00+00:00,usdcad,1.26804,1.26827,1.26649,1.26661
2022-02-04 06:00:00+00:00,usdcad,1.26865,1.26906,1.26795,1.26803
2022-02-04 07:00:00+00:00,usdcad,1.27003,1.27005,1.26831,1.26863
2022-02-04 08:00:00+00:00,usdcad,1.27072,1.27159,1.26906,1.26975
2022-02-04 09:00:00+00:00,usdcad,1.27127,1.27148,1.27045,1.27073
2022-02-04 10:00:00+00:00,usdcad,1.27258,1.27282,1.27109,1.27126
2022-02-04 11:00:00+00:00,usdcad,1.27295,1.27339,1.27206,1.27259
2022-02-04 12:00:00+00:00,usdcad,1.27197,1.2732,1.27156,1.27294
2022-02-04 13:00:00+00:00,usdcad,1.27779,1.2785,1.27155,1.27196
2022-02-04 14:00:00+00:00,usdcad,1.27657,1.27876,1.27587,1.27778
2022-02-04 15:00:00+00:00,usdcad,1.27729,1.27823,1.27554,1.27659
2022-02-04 16:00:00+00:00,usdcad,1.27608,1.27809,1.27522,1.27728
2022-02-04 17:00:00+00:00,usdcad,1.2762,1.27657,1.27544,1.27607
2022-02-04 18:00:00+00:00,usdcad,1.27453,1.27621,1.27437,1.2762
2022-02-04 19:00:00+00:00,usdcad,1.27537,1.2755,1.27436,1.27452
2022-02-04 20:00:00+00:00,usdcad,1.27559,1.27584,1.27425,1.27536
2022-02-04 21:00:00+00:00,usdcad,1.27616,1.27675,1.27547,1.2756
2022-02-06 22:00:00+00:00,usdcad,1.275,1.275275,1.274855,1.274885
2022-02-06 23:00:00+00:00,usdcad,1.27464,1.27526,1.27462,1.275
2022-02-07 00:00:00+00:00,usdcad,1.27476,1.27565,1.27459,1.27463
2022-02-07 01:00:00+00:00,usdcad,1.27404,1.27501,1.27345,1.27475
2022-02-07 02:00:00+00:00,usdcad,1.27488,1.27506,1.27383,1.27403
2022-02-07 03:00:00+00:00,usdcad,1.27445,1.27525,1.27392,1.27489
2022-02-07 04:00:00+00:00,usdcad,1.27304,1.27453,1.27272,1.27444
2022-02-07 05:00:00+00:00,usdcad,1.27305,1.27383,1.27289,1.27305
2022-02-07 06:00:00+00:00,usdcad,1.27225,1.2734,1.27188,1.27306
2022-02-07 07:00:00+00:00,usdcad,1.271,1.27249,1.27085,1.27226
2022-02-07 08:00:00+00:00,usdcad,1.27267,1.27358,1.27099,1.27099
2022-02-07 09:00:00+00:00,usdcad,1.27337,1.27423,1.27255,1.27268
2022-02-07 10:00:00+00:00,usdcad,1.27352,1.274,1.27286,1.27336
2022-02-07 11:00:00+00:00,usdcad,1.27244,1.2736,1.27229,1.27353
2022-02-07 12:00:00+00:00,usdcad,1.27141,1.27245,1.27095,1.27245
2022-02-07 13:00:00+00:00,usdcad,1.27116,1.2725,1.27027,1.27142
2022-02-07 14:00:00+00:00,usdcad,1.26978,1.27282,1.26975,1.27124
2022-02-07 15:00:00+00:00,usdcad,1.26838,1.27028,1.26812,1.26987
2022-02-07 16:00:00+00:00,usdcad,1.26854,1.26952,1.26713,1.26838
2022-02-07 17:00:00+00:00,usdcad,1.2688,1.26934,1.26819,1.26854
2022-02-07 18:00:00+00:00,usdcad,1.26755,1.26884,1.26749,1.26881
2022-02-07 19:00:00+00:00,usdcad,1.26621,1.26778,1.26608,1.26754
2022-02-07 20:00:00+00:00,usdcad,1.26702,1.26756,1.2658,1.2662
2022-02-07 21:00:00+00:00,usdcad,1.266625,1.26711,1.26616,1.26701
2022-02-07 22:00:00+00:00,usdcad,1.267025,1.26726,1.266575,1.266785
2022-02-07 23:00:00+00:00,usdcad,1.26662,1.267035,1.26652,1.267035
2022-02-08 00:00:00+00:00,usdcad,1.26694,1.26721,1.26644,1.26661
2022-02-08 01:00:00+00:00,usdcad,1.26729,1.26775,1.26689,1.26695
2022-02-08 02:00:00+00:00,usdcad,1.26826,1.2686,1.26726,1.2673
2022-02-08 03:00:00+00:00,usdcad,1.26833,1.26845,1.26766,1.26827
2022-02-08 04:00:00+00:00,usdcad,1.26916,1.26933,1.26799,1.26832
2022-02-08 05:00:00+00:00,usdcad,1.26947,1.27015,1.26914,1.26917
2022-02-08 06:00:00+00:00,usdcad,1.26876,1.2695,1.26824,1.26948
2022-02-08 07:00:00+00:00,usdcad,1.26923,1.26993,1.26833,1.26877
2022-02-08 08:00:00+00:00,usdcad,1.26811,1.26928,1.26751,1.26922
2022-02-08 09:00:00+00:00,usdcad,1.26838,1.26866,1.2673,1.2681
2022-02-08 10:00:00+00:00,usdcad,1.26954,1.26994,1.26838,1.26839
2022-02-08 11:00:00+00:00,usdcad,1.27013,1.27068,1.26926,1.26953
2022-02-08 12:00:00+00:00,usdcad,1.2712,1.27144,1.27004,1.27015
2022-02-08 13:00:00+00:00,usdcad,1.27076,1.27173,1.2706,1.27121
2022-02-08 14:00:00+00:00,usdcad,1.27159,1.2721,1.26966,1.27077
2022-02-08 15:00:00+00:00,usdcad,1.27137,1.27192,1.26972,1.27161
2022-02-08 16:00:00+00:00,usdcad,1.27072,1.27209,1.27071,1.27136
2022-02-08 17:00:00+00:00,usdcad,1.27074,1.27104,1.27006,1.27071
2022-02-08 18:00:00+00:00,usdcad,1.27017,1.27163,1.27016,1.27073
2022-02-08 19:00:00+00:00,usdcad,1.27143,1.27185,1.26968,1.27016
2022-02-08 20:00:00+00:00,usdcad,1.27053,1.27148,1.27014,1.27142
2022-02-08 21:00:00+00:00,usdcad,1.2707,1.27078,1.27015,1.27054
2022-02-08 22:00:00+00:00,usdcad,1.27034,1.270925,1.270205,1.270665
2022-02-08 23:00:00+00:00,usdcad,1.27064,1.27071,1.270165,1.270345
2022-02-09 00:00:00+00:00,usdcad,1.27135,1.27142,1.27048,1.27061
2022-02-09 01:00:00+00:00,usdcad,1.27031,1.27156,1.27022,1.27136
2022-02-09 02:00:00+00:00,usdcad,1.26971,1.27081,1.26964,1.2703
2022-02-09 03:00:00+00:00,usdcad,1.26935,1.2699,1.26891,1.26972
2022-02-09 04:00:00+00:00,usdcad,1.26933,1.26976,1.26899,1.26936
2022-02-09 05:00:00+00:00,usdcad,1.26948,1.26955,1.26893,1.26932
2022-02-09 06:00:00+00:00,usdcad,1.27035,1.27066,1.26924,1.26949
2022-02-09 07:00:00+00:00,usdcad,1.2708,1.27143,1.27006,1.27036
2022-02-09 08:00:00+00:00,usdcad,1.26969,1.27127,1.26942,1.27081
2022-02-09 09:00:00+00:00,usdcad,1.26948,1.26982,1.26912,1.26968
2022-02-09 10:00:00+00:00,usdcad,1.26854,1.26958,1.26823,1.26949
2022-02-09 11:00:00+00:00,usdcad,1.26926,1.2696,1.26852,1.26855
2022-02-09 12:00:00+00:00,usdcad,1.2689,1.2695,1.26821,1.26925
2022-02-09 13:00:00+00:00,usdcad,1.26905,1.26977,1.26865,1.26889
2022-02-09 14:00:00+00:00,usdcad,1.269,1.27001,1.26848,1.26907
2022-02-09 15:00:00+00:00,usdcad,1.26831,1.2691,1.26775,1.26901
2022-02-09 16:00:00+00:00,usdcad,1.26767,1.26824,1.26705,1.26823
2022-02-09 17:00:00+00:00,usdcad,1.26695,1.26804,1.2666,1.26768
2022-02-09 18:00:00+00:00,usdcad,1.26687,1.26764,1.26678,1.26696
2022-02-09 19:00:00+00:00,usdcad,1.26702,1.26732,1.26656,1.26686
2022-02-09 20:00:00+00:00,usdcad,1.26687,1.26846,1.26684,1.26704
2022-02-09 21:00:00+00:00,usdcad,1.267095,1.26754,1.26669,1.26688
2022-02-09 22:00:00+00:00,usdcad,1.267265,1.26734,1.267125,1.267135
2022-02-09 23:00:00+00:00,usdcad,1.26767,1.26769,1.26692,1.26727
2022-02-10 00:00:00+00:00,usdcad,1.26786,1.26841,1.26712,1.26768
2022-02-10 01:00:00+00:00,usdcad,1.26824,1.26862,1.26782,1.26787
2022-02-10 02:00:00+00:00,usdcad,1.26801,1.26865,1.26789,1.26823
2022-02-10 03:00:00+00:00,usdcad,1.26779,1.26842,1.26758,1.268
2022-02-10 04:00:00+00:00,usdcad,1.26726,1.26789,1.26714,1.26778
2022-02-10 05:00:00+00:00,usdcad,1.26767,1.26785,1.26724,1.26727
2022-02-10 06:00:00+00:00,usdcad,1.26753,1.26793,1.26735,1.26766
2022-02-10 07:00:00+00:00,usdcad,1.26702,1.2677,1.26686,1.26752
2022-02-10 08:00:00+00:00,usdcad,1.26702,1.26754,1.26654,1.26701
2022-02-10 09:00:00+00:00,usdcad,1.26753,1.26755,1.26657,1.26701
2022-02-10 10:00:00+00:00,usdcad,1.26743,1.26804,1.26724,1.26754
2022-02-10 11:00:00+00:00,usdcad,1.26727,1.26768,1.26656,1.26742
2022-02-10 12:00:00+00:00,usdcad,1.26714,1.26735,1.26655,1.26728
2022-02-10 13:00:00+00:00,usdcad,1.27018,1.27148,1.26673,1.26713
2022-02-10 14:00:00+00:00,usdcad,1.26886,1.27192,1.26798,1.27034
2022-02-10 15:00:00+00:00,usdcad,1.26545,1.2691,1.26362,1.26884
2022-02-10 16:00:00+00:00,usdcad,1.26465,1.26587,1.26421,1.26546
2022-02-10 17:00:00+00:00,usdcad,1.26651,1.26819,1.26411,1.26464
2022-02-10 18:00:00+00:00,usdcad,1.26843,1.26963,1.26621,1.26652
2022-02-10 19:00:00+00:00,usdcad,1.27149,1.27175,1.26842,1.26842
2022-02-10 20:00:00+00:00,usdcad,1.27232,1.27276,1.27041,1.27148
2022-02-10 21:00:00+00:00,usdcad,1.271975,1.2728,1.271945,1.27231
2022-02-10 22:00:00+00:00,usdcad,1.271975,1.27214,1.27171,1.272045
2022-02-10 23:00:00+00:00,usdcad,1.27341,1.27346,1.271945,1.27198
2022-02-11 00:00:00+00:00,usdcad,1.27456,1.27505,1.27339,1.2734
2022-02-11 01:00:00+00:00,usdcad,1.274,1.27507,1.27355,1.27457
2022-02-11 02:00:00+00:00,usdcad,1.27296,1.27481,1.27287,1.27399
2022-02-11 03:00:00+00:00,usdcad,1.27346,1.2738,1.27245,1.27295
2022-02-11 04:00:00+00:00,usdcad,1.27475,1.27527,1.2734,1.27345
2022-02-11 05:00:00+00:00,usdcad,1.27419,1.275,1.27414,1.27474
2022-02-11 06:00:00+00:00,usdcad,1.27436,1.27539,1.27419,1.2742
2022-02-11 07:00:00+00:00,usdcad,1.27315,1.27455,1.27247,1.27437
2022-02-11 08:00:00+00:00,usdcad,1.27275,1.27382,1.27198,1.27316
2022-02-11 09:00:00+00:00,usdcad,1.27296,1.27371,1.27224,1.27274
2022-02-11 10:00:00+00:00,usdcad,1.2722,1.27324,1.27209,1.27297
2022-02-11 11:00:00+00:00,usdcad,1.27252,1.27301,1.27213,1.27219
2022-02-11 12:00:00+00:00,usdcad,1.2708,1.27253,1.2696,1.27251
2022-02-11 13:00:00+00:00,usdcad,1.27105,1.27123,1.26942,1.27079
2022-02-11 14:00:00+00:00,usdcad,1.26983,1.27163,1.26856,1.27104
2022-02-11 15:00:00+00:00,usdcad,1.26861,1.27005,1.26754,1.26982
2022-02-11 16:00:00+00:00,usdcad,1.26782,1.26965,1.26765,1.26861
2022-02-11 17:00:00+00:00,usdcad,1.26718,1.26845,1.2671,1.26783
2022-02-11 18:00:00+00:00,usdcad,1.272,1.27206,1.26694,1.26719
2022-02-11 19:00:00+00:00,usdcad,1.2742,1.27466,1.27126,1.27199
2022-02-11 20:00:00+00:00,usdcad,1.27451,1.27467,1.27253,1.27419
2022-02-11 21:00:00+00:00,usdcad,1.273245,1.27469,1.273185,1.27452
2022-02-13 22:00:00+00:00,usdcad,1.27359,1.27382,1.27354,1.27356
2022-02-13 23:00:00+00:00,usdcad,1.27246,1.27428,1.27207,1.2736
2022-02-14 00:00:00+00:00,usdcad,1.27298,1.27399,1.27233,1.27245
2022-02-14 01:00:00+00:00,usdcad,1.27407,1.27415,1.2725,1.27297
2022-02-14 02:00:00+00:00,usdcad,1.27423,1.27459,1.27389,1.27408
2022-02-14 03:00:00+00:00,usdcad,1.27348,1.27455,1.27338,1.27424
2022-02-14 04:00:00+00:00,usdcad,1.27316,1.27381,1.27268,1.2735
2022-02-14 05:00:00+00:00,usdcad,1.27315,1.27336,1.2728,1.27317
2022-02-14 06:00:00+00:00,usdcad,1.27314,1.27378,1.27295,1.27314
2022-02-14 07:00:00+00:00,usdcad,1.27374,1.27464,1.27303,1.27315
2022-02-14 08:00:00+00:00,usdcad,1.27815,1.2783,1.27375,1.27375
2022-02-14 09:00:00+00:00,usdcad,1.27708,1.27841,1.2755,1.27816
2022-02-14 10:00:00+00:00,usdcad,1.27724,1.27744,1.2764,1.27706
2022-02-14 11:00:00+00:00,usdcad,1.27741,1.2783,1.27705,1.27725
2022-02-14 12:00:00+00:00,usdcad,1.2747,1.27827,1.27384,1.2774
2022-02-14 13:00:00+00:00,usdcad,1.27557,1.27572,1.27397,1.27469
2022-02-14 14:00:00+00:00,usdcad,1.27315,1.27619,1.27283,1.27556
2022-02-14 15:00:00+00:00,usdcad,1.27468,1.27488,1.27216,1.27317
2022-02-14 16:00:00+00:00,usdcad,1.27332,1.27568,1.27326,1.27467
2022-02-14 17:00:00+00:00,usdcad,1.27293,1.27405,1.27247,1.27331
2022-02-14 18:00:00+00:00,usdcad,1.27448,1.27464,1.27201,1.27294
2022-02-14 19:00:00+00:00,usdcad,1.27356,1.27513,1.27231,1.27449
2022-02-14 20:00:00+00:00,usdcad,1.27332,1.27427,1.27208,1.27357
2022-02-14 21:00:00+00:00,usdcad,1.27291,1.27341,1.2723,1.27331
2022-02-14 22:00:00+00:00,usdcad,1.272825,1.27303,1.27238,1.27289
2022-02-14 23:00:00+00:00,usdcad,1.27293,1.27298,1.27245,1.272805
2022-02-15 00:00:00+00:00,usdcad,1.27276,1.27338,1.27239,1.27294
2022-02-15 01:00:00+00:00,usdcad,1.27364,1.27397,1.27256,1.27275
2022-02-15 02:00:00+00:00,usdcad,1.27339,1.274,1.27317,1.27365
2022-02-15 03:00:00+00:00,usdcad,1.27398,1.2741,1.27324,1.27338
2022-02-15 04:00:00+00:00,usdcad,1.2743,1.27441,1.27375,1.27399
2022-02-15 05:00:00+00:00,usdcad,1.27479,1.27534,1.27429,1.27429
2022-02-15 06:00:00+00:00,usdcad,1.27397,1.27502,1.27372,1.2748
2022-02-15 07:00:00+00:00,usdcad,1.2734,1.27426,1.27291,1.27396
2022-02-15 08:00:00+00:00,usdcad,1.27115,1.27389,1.27114,1.27341
2022-02-15 09:00:00+00:00,usdcad,1.27029,1.27211,1.27027,1.27116
2022-02-15 10:00:00+00:00,usdcad,1.27135,1.27185,1.27012,1.27028
2022-02-15 11:00:00+00:00,usdcad,1.27214,1.27273,1.27063,1.27136
2022-02-15 12:00:00+00:00,usdcad,1.27168,1.27275,1.27144,1.27213
2022-02-15 13:00:00+00:00,usdcad,1.27224,1.27301,1.27157,1.27169
2022-02-15 14:00:00+00:00,usdcad,1.27736,1.27739,1.27104,1.27225
2022-02-15 15:00:00+00:00,usdcad,1.27597,1.27747,1.27485,1.27737
2022-02-15 16:00:00+00:00,usdcad,1.27447,1.27632,1.27428,1.27596
2022-02-15 17:00:00+00:00,usdcad,1.27444,1.27584,1.27421,1.27446
2022-02-15 18:00:00+00:00,usdcad,1.2742,1.27494,1.27407,1.27445
2022-02-15 19:00:00+00:00,usdcad,1.2733,1.27461,1.27312,1.27421
2022-02-15 20:00:00+00:00,usdcad,1.27308,1.27419,1.27259,1.27331
2022-02-15 21:00:00+00:00,usdcad,1.27184,1.27348,1.27153,1.27309
2022-02-15 22:00:00+00:00,usdcad,1.27217,1.27228,1.27192,1.272105
2022-02-15 23:00:00+00:00,usdcad,1.27255,1.27257,1.27155,1.27218
2022-02-16 00:00:00+00:00,usdcad,1.27247,1.2726,1.27177,1.27254
2022-02-16 01:00:00+00:00,usdcad,1.27158,1.27254,1.27157,1.27248
2022-02-16 02:00:00+00:00,usdcad,1.27179,1.27204,1.27107,1.27159
2022-02-16 03:00:00+00:00,usdcad,1.27205,1.27219,1.2716,1.27178
2022-02-16 04:00:00+00:00,usdcad,1.27191,1.27227,1.27177,1.27204
2022-02-16 05:00:00+00:00,usdcad,1.27162,1.27195,1.27127,1.27192
2022-02-16 06:00:00+00:00,usdcad,1.27114,1.27176,1.27113,1.27163
2022-02-16 07:00:00+00:00,usdcad,1.27042,1.27128,1.27034,1.27115
2022-02-16 08:00:00+00:00,usdcad,1.26821,1.27073,1.26812,1.27041
2022-02-16 09:00:00+00:00,usdcad,1.26826,1.26953,1.26791,1.2682
2022-02-16 10:00:00+00:00,usdcad,1.26768,1.26901,1.26757,1.26827
2022-02-16 11:00:00+00:00,usdcad,1.26872,1.26886,1.26753,1.26769
2022-02-16 12:00:00+00:00,usdcad,1.26797,1.26881,1.26784,1.26873
2022-02-16 13:00:00+00:00,usdcad,1.26807,1.269,1.26637,1.26798
2022-02-16 14:00:00+00:00,usdcad,1.26902,1.26954,1.26736,1.26806
2022-02-16 15:00:00+00:00,usdcad,1.26971,1.27044,1.26827,1.26903
2022-02-16 16:00:00+00:00,usdcad,1.26871,1.2704,1.26863,1.26972
2022-02-16 17:00:00+00:00,usdcad,1.26847,1.26944,1.26815,1.2687
2022-02-16 18:00:00+00:00,usdcad,1.268915,1.26917,1.26795,1.26848
2022-02-16 19:00:00+00:00,usdcad,1.26765,1.2701,1.2673,1.26891
2022-02-16 20:00:00+00:00,usdcad,1.26845,1.26888,1.26733,1.26764
2022-02-16 21:00:00+00:00,usdcad,1.268895,1.26959,1.26843,1.26844
2022-02-16 22:00:00+00:00,usdcad,1.2691,1.26931,1.26886,1.268905
2022-02-16 23:00:00+00:00,usdcad,1.26965,1.26965,1.268,1.26915
2022-02-17 00:00:00+00:00,usdcad,1.26911,1.26973,1.2682,1.26966
2022-02-17 01:00:00+00:00,usdcad,1.26955,1.26997,1.26911,1.26912
2022-02-17 02:00:00+00:00,usdcad,1.26969,1.26974,1.2691,1.26954
2022-02-17 03:00:00+00:00,usdcad,1.27243,1.27247,1.26891,1.2697
2022-02-17 04:00:00+00:00,usdcad,1.27228,1.27346,1.27004,1.27244
2022-02-17 05:00:00+00:00,usdcad,1.2704,1.27234,1.27039,1.27227
2022-02-17 06:00:00+00:00,usdcad,1.27087,1.27168,1.26964,1.27041
2022-02-17 07:00:00+00:00,usdcad,1.27015,1.27156,1.26996,1.27086
2022-02-17 08:00:00+00:00,usdcad,1.27122,1.27256,1.26946,1.27014
2022-02-17 09:00:00+00:00,usdcad,1.2708,1.27195,1.27009,1.27123
2022-02-17 10:00:00+00:00,usdcad,1.27026,1.27101,1.26972,1.27079
2022-02-17 11:00:00+00:00,usdcad,1.27057,1.27107,1.26996,1.27025
2022-02-17 12:00:00+00:00,usdcad,1.26983,1.27069,1.2697,1.27056
2022-02-17 13:00:00+00:00,usdcad,1.27086,1.27149,1.26932,1.26985
2022-02-17 14:00:00+00:00,usdcad,1.27005,1.27119,1.26941,1.27087
2022-02-17 15:00:00+00:00,usdcad,1.26932,1.2702,1.26747,1.27004
2022-02-17 16:00:00+00:00,usdcad,1.26989,1.27015,1.2686,1.26934
2022-02-17 17:00:00+00:00,usdcad,1.26871,1.26992,1.2687,1.2699
2022-02-17 18:00:00+00:00,usdcad,1.26845,1.26954,1.2682,1.2687
2022-02-17 19:00:00+00:00,usdcad,1.26974,1.26983,1.26839,1.26846
2022-02-17 20:00:00+00:00,usdcad,1.27057,1.27105,1.26956,1.26973
2022-02-17 21:00:00+00:00,usdcad,1.2708,1.27096,1.27039,1.27056
2022-02-17 22:00:00+00:00,usdcad,1.27074,1.270825,1.270515,1.270745
2022-02-17 23:00:00+00:00,usdcad,1.27093,1.27095,1.27006,1.27074
2022-02-18 00:00:00+00:00,usdcad,1.27128,1.27145,1.27061,1.27094
2022-02-18 01:00:00+00:00,usdcad,1.2698,1.27174,1.26947,1.27127
2022-02-18 02:00:00+00:00,usdcad,1.26985,1.27049,1.26933,1.26979
2022-02-18 03:00:00+00:00,usdcad,1.2695,1.27017,1.26934,1.26984
2022-02-18 04:00:00+00:00,usdcad,1.26949,1.26951,1.26882,1.26951
2022-02-18 05:00:00+00:00,usdcad,1.26936,1.26984,1.26909,1.26948
2022-02-18 06:00:00+00:00,usdcad,1.26911,1.26985,1.26877,1.26937
2022-02-18 07:00:00+00:00,usdcad,1.26823,1.26926,1.26821,1.2691
2022-02-18 08:00:00+00:00,usdcad,1.26793,1.26842,1.26739,1.26824
2022-02-18 09:00:00+00:00,usdcad,1.26808,1.26904,1.26784,1.26794
2022-02-18 10:00:00+00:00,usdcad,1.27017,1.27026,1.26801,1.26809
2022-02-18 11:00:00+00:00,usdcad,1.27007,1.27081,1.26979,1.27016
2022-02-18 12:00:00+00:00,usdcad,1.26951,1.27026,1.26927,1.27008
2022-02-18 13:00:00+00:00,usdcad,1.27098,1.27101,1.26928,1.26952
2022-02-18 14:00:00+00:00,usdcad,1.26969,1.27186,1.26951,1.27097
2022-02-18 15:00:00+00:00,usdcad,1.27368,1.27386,1.26952,1.2697
2022-02-18 16:00:00+00:00,usdcad,1.275,1.2753,1.27365,1.27369
2022-02-18 17:00:00+00:00,usdcad,1.27556,1.27556,1.27437,1.27501
2022-02-18 18:00:00+00:00,usdcad,1.27424,1.27589,1.27384,1.27556
2022-02-18 19:00:00+00:00,usdcad,1.27437,1.27486,1.27372,1.27423
2022-02-18 20:00:00+00:00,usdcad,1.27602,1.2761,1.27412,1.27439
2022-02-18 21:00:00+00:00,usdcad,1.275295,1.27602,1.27442,1.27601
2022-02-20 22:00:00+00:00,usdcad,1.275115,1.27557,1.274555,1.274815
2022-02-20 23:00:00+00:00,usdcad,1.2757,1.27621,1.2751,1.27511
2022-02-21 00:00:00+00:00,usdcad,1.2742,1.27596,1.27394,1.27569
2022-02-21 01:00:00+00:00,usdcad,1.27372,1.2746,1.27319,1.27422
2022-02-21 02:00:00+00:00,usdcad,1.27332,1.27397,1.27329,1.27371
2022-02-21 03:00:00+00:00,usdcad,1.27307,1.27343,1.27279,1.27333
2022-02-21 04:00:00+00:00,usdcad,1.27274,1.2734,1.27268,1.27308
2022-02-21 05:00:00+00:00,usdcad,1.27241,1.27307,1.27221,1.27275
2022-02-21 06:00:00+00:00,usdcad,1.27263,1.27282,1.27223,1.27242
2022-02-21 07:00:00+00:00,usdcad,1.27323,1.27323,1.27221,1.27262
2022-02-21 08:00:00+00:00,usdcad,1.2729,1.27406,1.2726,1.27322
2022-02-21 09:00:00+00:00,usdcad,1.27372,1.27396,1.27281,1.27291
2022-02-21 10:00:00+00:00,usdcad,1.27488,1.27494,1.27343,1.27373
2022-02-21 11:00:00+00:00,usdcad,1.27461,1.27509,1.27436,1.27489
2022-02-21 12:00:00+00:00,usdcad,1.27484,1.27568,1.27424,1.27462
2022-02-21 13:00:00+00:00,usdcad,1.27403,1.2756,1.2735,1.27485
2022-02-21 14:00:00+00:00,usdcad,1.27401,1.27484,1.27339,1.27404
2022-02-21 15:00:00+00:00,usdcad,1.27397,1.27526,1.27337,1.27403
2022-02-21 16:00:00+00:00,usdcad,1.27442,1.27479,1.27397,1.27398
2022-02-21 17:00:00+00:00,usdcad,1.275,1.27514,1.27405,1.27443
2022-02-21 18:00:00+00:00,usdcad,1.27514,1.27565,1.27447,1.27499
2022-02-21 19:00:00+00:00,usdcad,1.27495,1.27593,1.27487,1.27513
2022-02-21 20:00:00+00:00,usdcad,1.27532,1.2756,1.27488,1.27494
2022-02-21 21:00:00+00:00,usdcad,1.27537,1.27548,1.27501,1.27533
2022-02-21 22:00:00+00:00,usdcad,1.27523,1.27541,1.275055,1.275335
2022-02-21 23:00:00+00:00,usdcad,1.27578,1.27661,1.275135,1.275235
2022-02-22 00:00:00+00:00,usdcad,1.27519,1.27609,1.27455,1.27577
2022-02-22 01:00:00+00:00,usdcad,1.27595,1.27651,1.27496,1.2752
2022-02-22 02:00:00+00:00,usdcad,1.2757,1.2764,1.27543,1.27596
2022-02-22 03:00:00+00:00,usdcad,1.27654,1.2769,1.27567,1.27571
2022-02-22 04:00:00+00:00,usdcad,1.27587,1.27654,1.27557,1.27653
2022-02-22 05:00:00+00:00,usdcad,1.27418,1.27592,1.27408,1.27589
2022-02-22 06:00:00+00:00,usdcad,1.27517,1.27559,1.27419,1.27419
2022-02-22 07:00:00+00:00,usdcad,1.27642,1.27656,1.27511,1.27518
2022-02-22 08:00:00+00:00,usdcad,1.27422,1.27669,1.27383,1.27641
2022-02-22 09:00:00+00:00,usdcad,1.27432,1.27448,1.2731,1.27421
2022-02-22 10:00:00+00:00,usdcad,1.27334,1.27431,1.27265,1.27431
2022-02-22 11:00:00+00:00,usdcad,1.2735,1.27405,1.27254,1.27333
2022-02-22 12:00:00+00:00,usdcad,1.27304,1.27375,1.27238,1.27349
2022-02-22 13:00:00+00:00,usdcad,1.27262,1.2735,1.27233,1.27303
2022-02-22 14:00:00+00:00,usdcad,1.27321,1.27328,1.2719,1.27263
2022-02-22 15:00:00+00:00,usdcad,1.27338,1.27405,1.27245,1.27327
2022-02-22 16:00:00+00:00,usdcad,1.2736,1.27394,1.27267,1.27338
2022-02-22 17:00:00+00:00,usdcad,1.27496,1.27511,1.27344,1.27361
2022-02-22 18:00:00+00:00,usdcad,1.27708,1.27755,1.2748,1.27497
2022-02-22 19:00:00+00:00,usdcad,1.27547,1.27832,1.27465,1.2771
2022-02-22 20:00:00+00:00,usdcad,1.27658,1.27732,1.27481,1.27546
2022-02-22 21:00:00+00:00,usdcad,1.27696,1.27708,1.2761,1.27657
2022-02-22 22:00:00+00:00,usdcad,1.276915,1.277105,1.27647,1.277035
2022-02-22 23:00:00+00:00,usdcad,1.27676,1.27703,1.27645,1.276905
2022-02-23 00:00:00+00:00,usdcad,1.276,1.27688,1.27596,1.27672
2022-02-23 01:00:00+00:00,usdcad,1.27509,1.27609,1.27494,1.27601
2022-02-23 02:00:00+00:00,usdcad,1.27567,1.27607,1.27438,1.27508
2022-02-23 03:00:00+00:00,usdcad,1.27503,1.27605,1.27495,1.27566
2022-02-23 04:00:00+00:00,usdcad,1.27482,1.27551,1.27478,1.27501
2022-02-23 05:00:00+00:00,usdcad,1.27465,1.27524,1.2746,1.27483
2022-02-23 06:00:00+00:00,usdcad,1.27489,1.27503,1.27439,1.27466
2022-02-23 07:00:00+00:00,usdcad,1.27358,1.27557,1.27358,1.27488
2022-02-23 08:00:00+00:00,usdcad,1.27153,1.27381,1.27151,1.27359
2022-02-23 09:00:00+00:00,usdcad,1.27107,1.27164,1.27052,1.27152
2022-02-23 10:00:00+00:00,usdcad,1.27073,1.27141,1.27066,1.27108
2022-02-23 11:00:00+00:00,usdcad,1.2716,1.27174,1.27035,1.27074
2022-02-23 12:00:00+00:00,usdcad,1.26927,1.27164,1.26883,1.27161
2022-02-23 13:00:00+00:00,usdcad,1.26834,1.26926,1.2682,1.26926
2022-02-23 14:00:00+00:00,usdcad,1.27123,1.27134,1.26819,1.26835
2022-02-23 15:00:00+00:00,usdcad,1.27224,1.27269,1.27085,1.27122
2022-02-23 16:00:00+00:00,usdcad,1.27191,1.27377,1.27171,1.27223
2022-02-23 17:00:00+00:00,usdcad,1.27172,1.27197,1.27097,1.27192
2022-02-23 18:00:00+00:00,usdcad,1.27263,1.27315,1.27173,1.27173
2022-02-23 19:00:00+00:00,usdcad,1.27366,1.27416,1.27229,1.27264
2022-02-23 20:00:00+00:00,usdcad,1.2744,1.27482,1.27367,1.27367
2022-02-23 21:00:00+00:00,usdcad,1.27346,1.2744,1.27336,1.27439
2022-02-23 22:00:00+00:00,usdcad,1.27287,1.27361,1.27287,1.27353
2022-02-23 23:00:00+00:00,usdcad,1.27345,1.27364,1.27285,1.27288
2022-02-24 00:00:00+00:00,usdcad,1.27531,1.27542,1.2732,1.27343
2022-02-24 01:00:00+00:00,usdcad,1.27413,1.27569,1.27376,1.2753
2022-02-24 02:00:00+00:00,usdcad,1.27537,1.27591,1.27394,1.27414
2022-02-24 03:00:00+00:00,usdcad,1.27693,1.27773,1.27484,1.27538
2022-02-24 04:00:00+00:00,usdcad,1.278,1.27928,1.27654,1.27694
2022-02-24 05:00:00+00:00,usdcad,1.27777,1.2792,1.27769,1.27799
2022-02-24 06:00:00+00:00,usdcad,1.27844,1.27929,1.27745,1.27778
2022-02-24 07:00:00+00:00,usdcad,1.28022,1.28056,1.27842,1.27844
2022-02-24 08:00:00+00:00,usdcad,1.28061,1.28146,1.27857,1.28023
2022-02-24 09:00:00+00:00,usdcad,1.28216,1.28219,1.27953,1.2806
2022-02-24 10:00:00+00:00,usdcad,1.28295,1.28298,1.28105,1.28215
2022-02-24 11:00:00+00:00,usdcad,1.28151,1.28476,1.28137,1.28296
2022-02-24 12:00:00+00:00,usdcad,1.28159,1.2829,1.28136,1.2815
2022-02-24 13:00:00+00:00,usdcad,1.28221,1.28301,1.28054,1.28158
2022-02-24 14:00:00+00:00,usdcad,1.28404,1.28406,1.28177,1.28222
2022-02-24 15:00:00+00:00,usdcad,1.28773,1.28777,1.28325,1.28403
2022-02-24 16:00:00+00:00,usdcad,1.28414,1.28775,1.284,1.28774
2022-02-24 17:00:00+00:00,usdcad,1.28395,1.28528,1.28314,1.28414
2022-02-24 18:00:00+00:00,usdcad,1.28253,1.28497,1.28124,1.28397
2022-02-24 19:00:00+00:00,usdcad,1.28177,1.28331,1.28004,1.28252
2022-02-24 20:00:00+00:00,usdcad,1.28065,1.28178,1.27916,1.28178
2022-02-24 21:00:00+00:00,usdcad,1.281525,1.28195,1.28046,1.28066
2022-02-24 22:00:00+00:00,usdcad,1.280895,1.281455,1.280845,1.281375
2022-02-24 23:00:00+00:00,usdcad,1.28081,1.28163,1.28063,1.2809
2022-02-25 00:00:00+00:00,usdcad,1.28038,1.28145,1.27912,1.28082
2022-02-25 01:00:00+00:00,usdcad,1.27939,1.28109,1.27936,1.28037
2022-02-25 02:00:00+00:00,usdcad,1.27951,1.28022,1.27938,1.2794
2022-02-25 03:00:00+00:00,usdcad,1.2789,1.27999,1.27886,1.27952
2022-02-25 04:00:00+00:00,usdcad,1.27802,1.27914,1.27715,1.27891
2022-02-25 05:00:00+00:00,usdcad,1.27792,1.27868,1.27783,1.27803
2022-02-25 06:00:00+00:00,usdcad,1.27889,1.27947,1.27788,1.27791
2022-02-25 07:00:00+00:00,usdcad,1.2785,1.27914,1.2779,1.2789
2022-02-25 08:00:00+00:00,usdcad,1.28063,1.28087,1.27839,1.27851
2022-02-25 09:00:00+00:00,usdcad,1.28088,1.28207,1.2805,1.28062
2022-02-25 10:00:00+00:00,usdcad,1.28089,1.28132,1.28045,1.28087
2022-02-25 11:00:00+00:00,usdcad,1.28037,1.28184,1.28015,1.28088
2022-02-25 12:00:00+00:00,usdcad,1.27764,1.28037,1.27663,1.28036
2022-02-25 13:00:00+00:00,usdcad,1.2758,1.27803,1.2754,1.27765
2022-02-25 14:00:00+00:00,usdcad,1.27942,1.27958,1.2755,1.27581
2022-02-25 15:00:00+00:00,usdcad,1.27413,1.27956,1.27353,1.27941
2022-02-25 16:00:00+00:00,usdcad,1.27427,1.27499,1.27347,1.27412
2022-02-25 17:00:00+00:00,usdcad,1.27531,1.27561,1.27403,1.27425
2022-02-25 18:00:00+00:00,usdcad,1.27393,1.27536,1.27353,1.2753
2022-02-25 19:00:00+00:00,usdcad,1.2711,1.27418,1.27109,1.27392
2022-02-25 20:00:00+00:00,usdcad,1.27005,1.27227,1.26969,1.27111
2022-02-25 21:00:00+00:00,usdcad,1.2706,1.27074,1.26956,1.27004
2022-02-27 22:00:00+00:00,usdcad,1.27577,1.27707,1.27453,1.27688
2022-02-27 23:00:00+00:00,usdcad,1.27564,1.27601,1.27435,1.2757
2022-02-28 00:00:00+00:00,usdcad,1.2764,1.27655,1.27508,1.27566
2022-02-28 01:00:00+00:00,usdcad,1.27809,1.27816,1.27585,1.27641
2022-02-28 02:00:00+00:00,usdcad,1.27953,1.28034,1.27787,1.2781
2022-02-28 03:00:00+00:00,usdcad,1.28081,1.281,1.27931,1.27954
2022-02-28 04:00:00+00:00,usdcad,1.2807,1.28098,1.27983,1.2808
2022-02-28 05:00:00+00:00,usdcad,1.27866,1.28098,1.27864,1.28069
2022-02-28 06:00:00+00:00,usdcad,1.27832,1.27905,1.27771,1.27867
2022-02-28 07:00:00+00:00,usdcad,1.27717,1.27842,1.2764,1.27831
2022-02-28 08:00:00+00:00,usdcad,1.27774,1.27893,1.27675,1.27716
2022-02-28 09:00:00+00:00,usdcad,1.27692,1.27797,1.27619,1.27775
2022-02-28 10:00:00+00:00,usdcad,1.2737,1.27705,1.27365,1.27691
2022-02-28 11:00:00+00:00,usdcad,1.27538,1.27592,1.27325,1.27369
2022-02-28 12:00:00+00:00,usdcad,1.27319,1.27543,1.27225,1.27539
2022-02-28 13:00:00+00:00,usdcad,1.27309,1.27459,1.27251,1.2732
2022-02-28 14:00:00+00:00,usdcad,1.27073,1.27367,1.27073,1.27308
2022-02-28 15:00:00+00:00,usdcad,1.26819,1.27093,1.26736,1.27072
2022-02-28 16:00:00+00:00,usdcad,1.26617,1.26972,1.26607,1.26817
2022-02-28 17:00:00+00:00,usdcad,1.26877,1.26907,1.26598,1.26618
2022-02-28 18:00:00+00:00,usdcad,1.26926,1.26955,1.26818,1.26878
2022-02-28 19:00:00+00:00,usdcad,1.26857,1.27058,1.26857,1.26927
2022-02-28 20:00:00+00:00,usdcad,1.2678,1.27012,1.26725,1.26858
2022-02-28 21:00:00+00:00,usdcad,1.267395,1.26791,1.2668,1.26779
2022-02-28 22:00:00+00:00,usdcad,1.26751,1.26755,1.26711,1.267225
2022-02-28 23:00:00+00:00,usdcad,1.26674,1.26755,1.26659,1.2675
2022-03-01 00:00:00+00:00,usdcad,1.26753,1.26769,1.26658,1.2667
2022-03-01 01:00:00+00:00,usdcad,1.26749,1.26767,1.26661,1.26752
2022-03-01 02:00:00+00:00,usdcad,1.26704,1.26778,1.26681,1.26748
2022-03-01 03:00:00+00:00,usdcad,1.26816,1.26846,1.26702,1.26703
2022-03-01 04:00:00+00:00,usdcad,1.26723,1.26816,1.26706,1.26815
2022-03-01 05:00:00+00:00,usdcad,1.26802,1.26802,1.26707,1.26724
2022-03-01 06:00:00+00:00,usdcad,1.26662,1.26803,1.26657,1.26801
2022-03-01 07:00:00+00:00,usdcad,1.26665,1.26726,1.26538,1.26661
2022-03-01 08:00:00+00:00,usdcad,1.2658,1.267,1.26567,1.26666
2022-03-01 09:00:00+00:00,usdcad,1.26696,1.26764,1.26562,1.26579
2022-03-01 10:00:00+00:00,usdcad,1.26672,1.26823,1.26669,1.26697
2022-03-01 11:00:00+00:00,usdcad,1.26797,1.26804,1.26648,1.26673
2022-03-01 12:00:00+00:00,usdcad,1.2688,1.2689,1.26719,1.26796
2022-03-01 13:00:00+00:00,usdcad,1.26714,1.26941,1.2671,1.26881
2022-03-01 14:00:00+00:00,usdcad,1.26633,1.26734,1.26549,1.26715
2022-03-01 15:00:00+00:00,usdcad,1.26761,1.26966,1.26625,1.26631
2022-03-01 16:00:00+00:00,usdcad,1.271,1.2712,1.26701,1.2676
2022-03-01 17:00:00+00:00,usdcad,1.2726,1.27294,1.27083,1.27101
2022-03-01 18:00:00+00:00,usdcad,1.27339,1.27498,1.27247,1.27261
2022-03-01 19:00:00+00:00,usdcad,1.27432,1.27498,1.27274,1.2734
2022-03-01 20:00:00+00:00,usdcad,1.27422,1.27503,1.27308,1.27431
2022-03-01 21:00:00+00:00,usdcad,1.27429,1.27475,1.27286,1.27422
2022-03-01 22:00:00+00:00,usdcad,1.274225,1.27443,1.27391,1.27418
2022-03-01 23:00:00+00:00,usdcad,1.27244,1.27441,1.27239,1.274205
2022-03-02 00:00:00+00:00,usdcad,1.27326,1.27354,1.27233,1.27243
2022-03-02 01:00:00+00:00,usdcad,1.27216,1.27332,1.27166,1.27325
2022-03-02 02:00:00+00:00,usdcad,1.27203,1.27302,1.27191,1.27217
2022-03-02 03:00:00+00:00,usdcad,1.2721,1.27264,1.27155,1.27204
2022-03-02 04:00:00+00:00,usdcad,1.27205,1.27236,1.27148,1.27209
2022-03-02 05:00:00+00:00,usdcad,1.27214,1.27258,1.27194,1.27206
2022-03-02 06:00:00+00:00,usdcad,1.27318,1.27333,1.27172,1.27215
2022-03-02 07:00:00+00:00,usdcad,1.27299,1.27452,1.27265,1.27317
2022-03-02 08:00:00+00:00,usdcad,1.27154,1.27319,1.27103,1.27298
2022-03-02 09:00:00+00:00,usdcad,1.27094,1.27246,1.27034,1.27155
2022-03-02 10:00:00+00:00,usdcad,1.27144,1.27195,1.27088,1.27095
2022-03-02 11:00:00+00:00,usdcad,1.26999,1.27185,1.26975,1.27145
2022-03-02 12:00:00+00:00,usdcad,1.2691,1.27044,1.26891,1.27
2022-03-02 13:00:00+00:00,usdcad,1.26905,1.26981,1.26843,1.26909
2022-03-02 14:00:00+00:00,usdcad,1.26814,1.26988,1.26767,1.26906
2022-03-02 15:00:00+00:00,usdcad,1.2695,1.27083,1.26636,1.268145
2022-03-02 16:00:00+00:00,usdcad,1.26573,1.27004,1.26562,1.26951
2022-03-02 17:00:00+00:00,usdcad,1.26652,1.267,1.26486,1.26571
2022-03-02 18:00:00+00:00,usdcad,1.26382,1.26681,1.26351,1.26651
2022-03-02 19:00:00+00:00,usdcad,1.2651,1.26563,1.26349,1.26381
2022-03-02 20:00:00+00:00,usdcad,1.26308,1.26524,1.26302,1.26509
2022-03-02 21:00:00+00:00,usdcad,1.26311,1.26387,1.26281,1.26309
2022-03-02 22:00:00+00:00,usdcad,1.2636,1.26367,1.263085,1.26309
2022-03-02 23:00:00+00:00,usdcad,1.26471,1.2648,1.26301,1.26359
2022-03-03 00:00:00+00:00,usdcad,1.26454,1.26471,1.26341,1.2647
2022-03-03 01:00:00+00:00,usdcad,1.2648,1.2655,1.26446,1.26455
2022-03-03 02:00:00+00:00,usdcad,1.26384,1.26551,1.26356,1.26479
2022-03-03 03:00:00+00:00,usdcad,1.26384,1.26486,1.26373,1.26383
2022-03-03 04:00:00+00:00,usdcad,1.26349,1.26386,1.26338,1.26383
2022-03-03 05:00:00+00:00,usdcad,1.26288,1.26358,1.26252,1.2635
2022-03-03 06:00:00+00:00,usdcad,1.26081,1.263,1.26059,1.26289
2022-03-03 07:00:00+00:00,usdcad,1.26078,1.26183,1.26054,1.2608
2022-03-03 08:00:00+00:00,usdcad,1.26112,1.26252,1.25872,1.26079
2022-03-03 09:00:00+00:00,usdcad,1.26253,1.26288,1.26102,1.26113
2022-03-03 10:00:00+00:00,usdcad,1.26289,1.26311,1.26204,1.26254
2022-03-03 11:00:00+00:00,usdcad,1.26348,1.26407,1.26266,1.26288
2022-03-03 12:00:00+00:00,usdcad,1.26356,1.26375,1.26228,1.26347
2022-03-03 13:00:00+00:00,usdcad,1.26404,1.26445,1.26307,1.26355
2022-03-03 14:00:00+00:00,usdcad,1.263795,1.26518,1.26268,1.26403
2022-03-03 15:00:00+00:00,usdcad,1.26671,1.26689,1.26304,1.263775
2022-03-03 16:00:00+00:00,usdcad,1.26759,1.26929,1.26629,1.2667
2022-03-03 17:00:00+00:00,usdcad,1.26778,1.268,1.26465,1.26758
2022-03-03 18:00:00+00:00,usdcad,1.26766,1.26839,1.26679,1.26779
2022-03-03 19:00:00+00:00,usdcad,1.26817,1.26907,1.26706,1.26765
2022-03-03 20:00:00+00:00,usdcad,1.2681,1.26912,1.26772,1.26816
2022-03-03 21:00:00+00:00,usdcad,1.26815,1.26828,1.26757,1.26808
2022-03-03 22:00:00+00:00,usdcad,1.26783,1.26799,1.26753,1.267845
2022-03-03 23:00:00+00:00,usdcad,1.26715,1.26795,1.26701,1.26781
2022-03-04 00:00:00+00:00,usdcad,1.27178,1.27221,1.267,1.26714
2022-03-04 01:00:00+00:00,usdcad,1.26862,1.27226,1.26782,1.27179
2022-03-04 02:00:00+00:00,usdcad,1.2697,1.27026,1.26855,1.26861
2022-03-04 03:00:00+00:00,usdcad,1.27,1.27027,1.26921,1.26971
2022-03-04 04:00:00+00:00,usdcad,1.26921,1.27025,1.26901,1.27001
2022-03-04 05:00:00+00:00,usdcad,1.26932,1.26966,1.26814,1.2692
2022-03-04 06:00:00+00:00,usdcad,1.27042,1.27057,1.26883,1.26931
2022-03-04 07:00:00+00:00,usdcad,1.26973,1.27052,1.26883,1.27041
2022-03-04 08:00:00+00:00,usdcad,1.27093,1.27126,1.26929,1.26974
2022-03-04 09:00:00+00:00,usdcad,1.27312,1.27319,1.27063,1.27094
2022-03-04 10:00:00+00:00,usdcad,1.27308,1.27318,1.2715,1.27313
2022-03-04 11:00:00+00:00,usdcad,1.27449,1.27484,1.27286,1.27307
2022-03-04 12:00:00+00:00,usdcad,1.27593,1.27633,1.27426,1.2745
2022-03-04 13:00:00+00:00,usdcad,1.27709,1.27907,1.27353,1.27594
2022-03-04 14:00:00+00:00,usdcad,1.27716,1.27922,1.27646,1.2771
2022-03-04 15:00:00+00:00,usdcad,1.27637,1.27859,1.27624,1.27717
2022-03-04 16:00:00+00:00,usdcad,1.27619,1.27758,1.27587,1.27636
2022-03-04 17:00:00+00:00,usdcad,1.27303,1.27654,1.27258,1.27618
2022-03-04 18:00:00+00:00,usdcad,1.27243,1.27307,1.27147,1.27302
2022-03-04 19:00:00+00:00,usdcad,1.27409,1.27462,1.27133,1.27242
2022-03-04 20:00:00+00:00,usdcad,1.27244,1.2744,1.27208,1.27408
2022-03-04 21:00:00+00:00,usdcad,1.27319,1.27387,1.27241,1.27243
2022-03-06 22:00:00+00:00,usdcad,1.273575,1.273945,1.27296,1.273015
2022-03-06 23:00:00+00:00,usdcad,1.27155,1.27572,1.27134,1.27367
2022-03-07 00:00:00+00:00,usdcad,1.27344,1.2737,1.27143,1.27156
2022-03-07 01:00:00+00:00,usdcad,1.27228,1.27357,1.27161,1.27345
2022-03-07 02:00:00+00:00,usdcad,1.27246,1.27293,1.27119,1.27227
2022-03-07 03:00:00+00:00,usdcad,1.27168,1.27292,1.27111,1.27245
2022-03-07 04:00:00+00:00,usdcad,1.271,1.27221,1.271,1.27167
2022-03-07 05:00:00+00:00,usdcad,1.27115,1.27159,1.27016,1.27101
2022-03-07 06:00:00+00:00,usdcad,1.26888,1.27165,1.26888,1.27116
2022-03-07 07:00:00+00:00,usdcad,1.2708,1.27093,1.26857,1.26889
2022-03-07 08:00:00+00:00,usdcad,1.27136,1.27297,1.26919,1.27079
2022-03-07 09:00:00+00:00,usdcad,1.27119,1.27264,1.26944,1.27135
2022-03-07 10:00:00+00:00,usdcad,1.27228,1.27392,1.27074,1.27118
2022-03-07 11:00:00+00:00,usdcad,1.27134,1.27276,1.27067,1.27229
2022-03-07 12:00:00+00:00,usdcad,1.27169,1.27289,1.27021,1.27133
2022-03-07 13:00:00+00:00,usdcad,1.27375,1.27417,1.27144,1.2717
2022-03-07 14:00:00+00:00,usdcad,1.27581,1.27669,1.27293,1.27374
2022-03-07 15:00:00+00:00,usdcad,1.27705,1.27741,1.27492,1.2758
2022-03-07 16:00:00+00:00,usdcad,1.27736,1.27795,1.27605,1.27704
2022-03-07 17:00:00+00:00,usdcad,1.27891,1.27934,1.27686,1.27737
2022-03-07 18:00:00+00:00,usdcad,1.27972,1.28019,1.27768,1.27892
2022-03-07 19:00:00+00:00,usdcad,1.28073,1.28075,1.27882,1.27972
2022-03-07 20:00:00+00:00,usdcad,1.28115,1.28149,1.27975,1.28072
2022-03-07 21:00:00+00:00,usdcad,1.28208,1.28209,1.28022,1.28114
2022-03-07 22:00:00+00:00,usdcad,1.28146,1.28201,1.28118,1.282
2022-03-07 23:00:00+00:00,usdcad,1.27997,1.28168,1.27995,1.28147
2022-03-08 00:00:00+00:00,usdcad,1.28111,1.28134,1.27996,1.27999
2022-03-08 01:00:00+00:00,usdcad,1.28082,1.28146,1.27979,1.28112
2022-03-08 02:00:00+00:00,usdcad,1.28097,1.28109,1.27963,1.28081
2022-03-08 03:00:00+00:00,usdcad,1.28033,1.28136,1.28004,1.28098
2022-03-08 04:00:00+00:00,usdcad,1.28108,1.28122,1.28018,1.28032
2022-03-08 05:00:00+00:00,usdcad,1.2825,1.28297,1.28101,1.2811
2022-03-08 06:00:00+00:00,usdcad,1.28216,1.28336,1.28158,1.28249
2022-03-08 07:00:00+00:00,usdcad,1.2834,1.28349,1.28093,1.28215
2022-03-08 08:00:00+00:00,usdcad,1.28316,1.28373,1.28067,1.28339
2022-03-08 09:00:00+00:00,usdcad,1.28294,1.28369,1.28215,1.28315
2022-03-08 10:00:00+00:00,usdcad,1.28351,1.28395,1.28293,1.28295
2022-03-08 11:00:00+00:00,usdcad,1.28153,1.28372,1.28142,1.2835
2022-03-08 12:00:00+00:00,usdcad,1.283,1.28315,1.28069,1.28152
2022-03-08 13:00:00+00:00,usdcad,1.28267,1.28441,1.28149,1.28301
2022-03-08 14:00:00+00:00,usdcad,1.28399,1.28445,1.28204,1.28268
2022-03-08 15:00:00+00:00,usdcad,1.2868,1.28693,1.28354,1.284
2022-03-08 16:00:00+00:00,usdcad,1.28965,1.29012,1.28567,1.28679
2022-03-08 17:00:00+00:00,usdcad,1.28834,1.28973,1.28587,1.28966
2022-03-08 18:00:00+00:00,usdcad,1.28904,1.28963,1.28605,1.28835
2022-03-08 19:00:00+00:00,usdcad,1.289,1.2897,1.28801,1.28904
2022-03-08 20:00:00+00:00,usdcad,1.28906,1.28908,1.28781,1.289
2022-03-08 21:00:00+00:00,usdcad,1.28863,1.28916,1.28818,1.28906
2022-03-08 22:00:00+00:00,usdcad,1.288895,1.289,1.28838,1.288915
2022-03-08 23:00:00+00:00,usdcad,1.28914,1.28946,1.288045,1.288865
2022-03-09 00:00:00+00:00,usdcad,1.28753,1.28916,1.2875,1.28915
2022-03-09 01:00:00+00:00,usdcad,1.28725,1.28811,1.28686,1.28752
2022-03-09 02:00:00+00:00,usdcad,1.28808,1.28835,1.28677,1.28724
2022-03-09 03:00:00+00:00,usdcad,1.28908,1.28926,1.28784,1.28809
2022-03-09 04:00:00+00:00,usdcad,1.28743,1.28907,1.28723,1.28907
2022-03-09 05:00:00+00:00,usdcad,1.28826,1.28872,1.28724,1.28744
2022-03-09 06:00:00+00:00,usdcad,1.28742,1.28829,1.28715,1.28825
2022-03-09 07:00:00+00:00,usdcad,1.2866,1.28782,1.28625,1.28739
2022-03-09 08:00:00+00:00,usdcad,1.28392,1.28675,1.28338,1.28661
2022-03-09 09:00:00+00:00,usdcad,1.28262,1.28445,1.28256,1.28391
2022-03-09 10:00:00+00:00,usdcad,1.28195,1.28319,1.28061,1.28263
2022-03-09 11:00:00+00:00,usdcad,1.28332,1.28421,1.28173,1.28196
2022-03-09 12:00:00+00:00,usdcad,1.28374,1.28448,1.28295,1.28333
2022-03-09 13:00:00+00:00,usdcad,1.28246,1.28414,1.28234,1.28375
2022-03-09 14:00:00+00:00,usdcad,1.28263,1.28374,1.28083,1.28247
2022-03-09 15:00:00+00:00,usdcad,1.2816,1.28299,1.28066,1.28262
2022-03-09 16:00:00+00:00,usdcad,1.28113,1.28239,1.28038,1.28159
2022-03-09 17:00:00+00:00,usdcad,1.28167,1.28294,1.28054,1.28112
2022-03-09 18:00:00+00:00,usdcad,1.28335,1.28343,1.28136,1.28166
2022-03-09 19:00:00+00:00,usdcad,1.28308,1.28355,1.28231,1.28336
2022-03-09 20:00:00+00:00,usdcad,1.28106,1.28308,1.28066,1.28307
2022-03-09 21:00:00+00:00,usdcad,1.28079,1.28171,1.280565,1.28105
2022-03-09 22:00:00+00:00,usdcad,1.28104,1.281125,1.28056,1.280755
2022-03-09 23:00:00+00:00,usdcad,1.27991,1.28187,1.27983,1.280985
2022-03-10 00:00:00+00:00,usdcad,1.28172,1.28175,1.27916,1.27994
2022-03-10 01:00:00+00:00,usdcad,1.28303,1.2842,1.2815,1.28171
2022-03-10 02:00:00+00:00,usdcad,1.2819,1.28321,1.2809,1.28304
2022-03-10 03:00:00+00:00,usdcad,1.28108,1.28214,1.28105,1.28191
2022-03-10 04:00:00+00:00,usdcad,1.28103,1.28142,1.28077,1.28109
2022-03-10 05:00:00+00:00,usdcad,1.28168,1.28226,1.28097,1.28098
2022-03-10 06:00:00+00:00,usdcad,1.28181,1.28202,1.28134,1.28167
2022-03-10 07:00:00+00:00,usdcad,1.27954,1.2824,1.27943,1.2818
2022-03-10 08:00:00+00:00,usdcad,1.28318,1.2832,1.27942,1.27953
2022-03-10 09:00:00+00:00,usdcad,1.28168,1.28318,1.28075,1.28317
2022-03-10 10:00:00+00:00,usdcad,1.28221,1.28287,1.2814,1.28167
2022-03-10 11:00:00+00:00,usdcad,1.28234,1.2831,1.28206,1.28222
2022-03-10 12:00:00+00:00,usdcad,1.28032,1.28327,1.27927,1.28233
2022-03-10 13:00:00+00:00,usdcad,1.27853,1.28074,1.27796,1.28031
2022-03-10 14:00:00+00:00,usdcad,1.27834,1.28059,1.27812,1.27852
2022-03-10 15:00:00+00:00,usdcad,1.27821,1.27921,1.27582,1.27833
2022-03-10 16:00:00+00:00,usdcad,1.27713,1.27922,1.27707,1.27819
2022-03-10 17:00:00+00:00,usdcad,1.27746,1.2777,1.27651,1.27714
2022-03-10 18:00:00+00:00,usdcad,1.27577,1.2777,1.2757,1.27745
2022-03-10 19:00:00+00:00,usdcad,1.27577,1.27609,1.27506,1.27578
2022-03-10 20:00:00+00:00,usdcad,1.27734,1.27747,1.27574,1.27576
2022-03-10 21:00:00+00:00,usdcad,1.276795,1.27749,1.27642,1.27733
2022-03-10 22:00:00+00:00,usdcad,1.277235,1.27724,1.276935,1.277085
2022-03-10 23:00:00+00:00,usdcad,1.27566,1.27729,1.27535,1.277155
2022-03-11 00:00:00+00:00,usdcad,1.27686,1.27702,1.27537,1.27558
2022-03-11 01:00:00+00:00,usdcad,1.27846,1.2785,1.27681,1.27685
2022-03-11 02:00:00+00:00,usdcad,1.27877,1.27899,1.27795,1.27847
2022-03-11 03:00:00+00:00,usdcad,1.27787,1.27898,1.27785,1.27878
2022-03-11 04:00:00+00:00,usdcad,1.27832,1.27843,1.27776,1.27788
2022-03-11 05:00:00+00:00,usdcad,1.27878,1.27942,1.27823,1.27831
2022-03-11 06:00:00+00:00,usdcad,1.27716,1.27895,1.27688,1.27879
2022-03-11 07:00:00+00:00,usdcad,1.27727,1.27748,1.27596,1.27715
2022-03-11 08:00:00+00:00,usdcad,1.27848,1.27882,1.27709,1.27726
2022-03-11 09:00:00+00:00,usdcad,1.27716,1.27872,1.27716,1.27847
2022-03-11 10:00:00+00:00,usdcad,1.27672,1.27777,1.27619,1.27717
2022-03-11 11:00:00+00:00,usdcad,1.27595,1.27768,1.27571,1.27671
2022-03-11 12:00:00+00:00,usdcad,1.27689,1.27777,1.27552,1.27594
2022-03-11 13:00:00+00:00,usdcad,1.2717,1.27693,1.27148,1.27688
2022-03-11 14:00:00+00:00,usdcad,1.27125,1.27241,1.26941,1.27169
2022-03-11 15:00:00+00:00,usdcad,1.27009,1.27184,1.26978,1.27124
2022-03-11 16:00:00+00:00,usdcad,1.27232,1.27278,1.26988,1.27008
2022-03-11 17:00:00+00:00,usdcad,1.27315,1.27315,1.27205,1.27233
2022-03-11 18:00:00+00:00,usdcad,1.27147,1.27329,1.27074,1.27316
2022-03-11 19:00:00+00:00,usdcad,1.27246,1.27263,1.27127,1.27147
2022-03-11 20:00:00+00:00,usdcad,1.27438,1.27446,1.27246,1.27246
2022-03-11 21:00:00+00:00,usdcad,1.27487,1.27544,1.27383,1.27437
2022-03-13 21:00:00+00:00,usdcad,1.273625,1.273895,1.27317,1.27351
2022-03-13 22:00:00+00:00,usdcad,1.27386,1.27447,1.27359,1.273595
2022-03-13 23:00:00+00:00,usdcad,1.2736,1.27397,1.27297,1.27385
2022-03-14 00:00:00+00:00,usdcad,1.27401,1.27474,1.27335,1.27359
2022-03-14 01:00:00+00:00,usdcad,1.27459,1.27509,1.27393,1.274
2022-03-14 02:00:00+00:00,usdcad,1.27848,1.27894,1.27455,1.27458
2022-03-14 03:00:00+00:00,usdcad,1.27828,1.27896,1.27816,1.27849
2022-03-14 04:00:00+00:00,usdcad,1.27677,1.27847,1.27661,1.27829
2022-03-14 05:00:00+00:00,usdcad,1.27788,1.27788,1.27663,1.27678
2022-03-14 06:00:00+00:00,usdcad,1.27837,1.27866,1.27743,1.27789
2022-03-14 07:00:00+00:00,usdcad,1.27747,1.2788,1.27651,1.27838
2022-03-14 08:00:00+00:00,usdcad,1.27574,1.27746,1.27526,1.27746
2022-03-14 09:00:00+00:00,usdcad,1.27543,1.276,1.27456,1.27573
2022-03-14 10:00:00+00:00,usdcad,1.27539,1.27623,1.27493,1.27542
2022-03-14 11:00:00+00:00,usdcad,1.27717,1.27784,1.27532,1.2754
2022-03-14 12:00:00+00:00,usdcad,1.27464,1.27718,1.27447,1.27716
2022-03-14 13:00:00+00:00,usdcad,1.27632,1.27681,1.27458,1.27466
2022-03-14 14:00:00+00:00,usdcad,1.27432,1.27699,1.27431,1.27631
2022-03-14 15:00:00+00:00,usdcad,1.27728,1.27808,1.27382,1.27431
2022-03-14 16:00:00+00:00,usdcad,1.27819,1.2787,1.27592,1.27729
2022-03-14 17:00:00+00:00,usdcad,1.28101,1.28161,1.27781,1.27818
2022-03-14 18:00:00+00:00,usdcad,1.28265,1.28267,1.2809,1.281
2022-03-14 19:00:00+00:00,usdcad,1.28223,1.28267,1.2811,1.28266
2022-03-14 20:00:00+00:00,usdcad,1.282395,1.28265,1.28126,1.28222
2022-03-14 21:00:00+00:00,usdcad,1.28209,1.28213,1.281855,1.282
2022-03-14 22:00:00+00:00,usdcad,1.28174,1.28222,1.28161,1.282075
2022-03-14 23:00:00+00:00,usdcad,1.28219,1.28271,1.28175,1.28175
2022-03-15 00:00:00+00:00,usdcad,1.28258,1.2827,1.28144,1.2822
2022-03-15 01:00:00+00:00,usdcad,1.28493,1.28535,1.2825,1.28259
2022-03-15 02:00:00+00:00,usdcad,1.28249,1.28505,1.28194,1.28494
2022-03-15 03:00:00+00:00,usdcad,1.28216,1.28255,1.28192,1.2825
2022-03-15 04:00:00+00:00,usdcad,1.2823,1.28258,1.28185,1.28217
2022-03-15 05:00:00+00:00,usdcad,1.2825,1.28311,1.28204,1.28231
2022-03-15 06:00:00+00:00,usdcad,1.28452,1.2847,1.28245,1.28249
2022-03-15 07:00:00+00:00,usdcad,1.28416,1.28528,1.28385,1.28453
2022-03-15 08:00:00+00:00,usdcad,1.28527,1.28573,1.28382,1.28415
2022-03-15 09:00:00+00:00,usdcad,1.28586,1.28715,1.28519,1.28528
2022-03-15 10:00:00+00:00,usdcad,1.28465,1.28669,1.28386,1.28587
2022-03-15 11:00:00+00:00,usdcad,1.28378,1.28479,1.28288,1.28466
2022-03-15 12:00:00+00:00,usdcad,1.28291,1.28385,1.28256,1.28379
2022-03-15 13:00:00+00:00,usdcad,1.28199,1.28311,1.28193,1.28291
2022-03-15 14:00:00+00:00,usdcad,1.28139,1.28241,1.28059,1.282
2022-03-15 15:00:00+00:00,usdcad,1.28056,1.283,1.27903,1.28138
2022-03-15 16:00:00+00:00,usdcad,1.27817,1.28071,1.27799,1.28057
2022-03-15 17:00:00+00:00,usdcad,1.27857,1.2789,1.27778,1.27816
2022-03-15 18:00:00+00:00,usdcad,1.2782,1.27945,1.27787,1.27856
2022-03-15 19:00:00+00:00,usdcad,1.27702,1.2783,1.27648,1.27821
2022-03-15 20:00:00+00:00,usdcad,1.276555,1.27716,1.27619,1.27701
2022-03-15 21:00:00+00:00,usdcad,1.276965,1.27705,1.27644,1.276575
2022-03-15 22:00:00+00:00,usdcad,1.2771,1.2771,1.27655,1.276975
2022-03-15 23:00:00+00:00,usdcad,1.27714,1.27756,1.27686,1.27709
2022-03-16 00:00:00+00:00,usdcad,1.27727,1.27745,1.27624,1.27716
2022-03-16 01:00:00+00:00,usdcad,1.27598,1.27756,1.27581,1.27726
2022-03-16 02:00:00+00:00,usdcad,1.27689,1.27696,1.27555,1.27597
2022-03-16 03:00:00+00:00,usdcad,1.2763,1.277,1.27585,1.2769
2022-03-16 04:00:00+00:00,usdcad,1.2756,1.2765,1.27553,1.27631
2022-03-16 05:00:00+00:00,usdcad,1.2741,1.27559,1.27377,1.27559
2022-03-16 06:00:00+00:00,usdcad,1.27364,1.27454,1.27328,1.27411
2022-03-16 07:00:00+00:00,usdcad,1.27518,1.27543,1.27353,1.27363
2022-03-16 08:00:00+00:00,usdcad,1.27235,1.27522,1.27198,1.27519
2022-03-16 09:00:00+00:00,usdcad,1.27226,1.2726,1.27191,1.27234
2022-03-16 10:00:00+00:00,usdcad,1.27149,1.27251,1.27136,1.27225
2022-03-16 17:00:00+00:00,usdcad,1.272245,1.27399,1.271955,1.27315
2022-03-16 18:00:00+00:00,usdcad,1.27213,1.27783,1.27145,1.27224
2022-03-16 19:00:00+00:00,usdcad,1.26898,1.27386,1.26897,1.27212
2022-03-16 20:00:00+00:00,usdcad,1.267795,1.26968,1.2675,1.26897
2022-03-16 21:00:00+00:00,usdcad,1.267975,1.26819,1.26761,1.267995
2022-03-16 22:00:00+00:00,usdcad,1.26893,1.26921,1.26783,1.267975
2022-03-16 23:00:00+00:00,usdcad,1.2688,1.26893,1.268,1.26892
2022-03-17 00:00:00+00:00,usdcad,1.267,1.2691,1.26692,1.26881
2022-03-17 01:00:00+00:00,usdcad,1.2693,1.2699,1.26695,1.26699
2022-03-17 02:00:00+00:00,usdcad,1.26802,1.26938,1.26785,1.26929
2022-03-17 03:00:00+00:00,usdcad,1.26835,1.26902,1.26794,1.26802
2022-03-17 04:00:00+00:00,usdcad,1.2677,1.26846,1.26725,1.26836
2022-03-17 05:00:00+00:00,usdcad,1.26814,1.2687,1.26765,1.26771
2022-03-17 06:00:00+00:00,usdcad,1.2676,1.26855,1.26734,1.26815
2022-03-17 07:00:00+00:00,usdcad,1.26606,1.26825,1.26606,1.26759
2022-03-17 08:00:00+00:00,usdcad,1.26584,1.26654,1.26543,1.26607
2022-03-17 09:00:00+00:00,usdcad,1.26536,1.26629,1.26521,1.26583
2022-03-17 10:00:00+00:00,usdcad,1.26614,1.26735,1.26537,1.26537
2022-03-17 11:00:00+00:00,usdcad,1.26566,1.26647,1.26532,1.26613
2022-03-17 12:00:00+00:00,usdcad,1.2669,1.26739,1.26532,1.26567
2022-03-17 13:00:00+00:00,usdcad,1.26621,1.26793,1.26592,1.26689
2022-03-17 14:00:00+00:00,usdcad,1.26661,1.26738,1.26555,1.2662
2022-03-17 15:00:00+00:00,usdcad,1.26392,1.26713,1.26386,1.26662
2022-03-17 16:00:00+00:00,usdcad,1.26376,1.26502,1.26302,1.26392
2022-03-17 17:00:00+00:00,usdcad,1.26373,1.26409,1.26309,1.26377
2022-03-17 18:00:00+00:00,usdcad,1.26417,1.26498,1.26355,1.26374
2022-03-17 19:00:00+00:00,usdcad,1.26195,1.26455,1.26195,1.26418
2022-03-17 20:00:00+00:00,usdcad,1.26277,1.26289,1.26131,1.26196
2022-03-17 21:00:00+00:00,usdcad,1.26248,1.26347,1.262465,1.26279
2022-03-17 22:00:00+00:00,usdcad,1.2635,1.26358,1.2618,1.26242
2022-03-17 23:00:00+00:00,usdcad,1.26327,1.26351,1.2625,1.26349
2022-03-18 00:00:00+00:00,usdcad,1.26293,1.26338,1.26145,1.26327
2022-03-18 01:00:00+00:00,usdcad,1.26217,1.26299,1.26209,1.26292
2022-03-18 02:00:00+00:00,usdcad,1.2622,1.26253,1.262,1.26216
2022-03-18 03:00:00+00:00,usdcad,1.26206,1.26301,1.26202,1.26221
2022-03-18 04:00:00+00:00,usdcad,1.26176,1.2621,1.26129,1.26205
2022-03-18 05:00:00+00:00,usdcad,1.26057,1.26192,1.26045,1.26177
2022-03-18 06:00:00+00:00,usdcad,1.26003,1.26064,1.25978,1.26058
2022-03-18 07:00:00+00:00,usdcad,1.26034,1.26189,1.2599,1.26002
2022-03-18 08:00:00+00:00,usdcad,1.26139,1.26193,1.25954,1.26035
2022-03-18 09:00:00+00:00,usdcad,1.26203,1.26218,1.26087,1.2614
2022-03-18 10:00:00+00:00,usdcad,1.26016,1.26203,1.25991,1.26202
2022-03-18 11:00:00+00:00,usdcad,1.26194,1.26237,1.26042,1.26046
2022-03-18 12:00:00+00:00,usdcad,1.26296,1.26375,1.26162,1.26193
2022-03-18 13:00:00+00:00,usdcad,1.26237,1.26394,1.26224,1.26295
2022-03-18 14:00:00+00:00,usdcad,1.26191,1.26237,1.26124,1.26236
2022-03-18 15:00:00+00:00,usdcad,1.2633,1.26468,1.26125,1.26192
2022-03-18 16:00:00+00:00,usdcad,1.26203,1.26394,1.26149,1.26331
2022-03-18 17:00:00+00:00,usdcad,1.26098,1.26224,1.26008,1.26204
2022-03-18 18:00:00+00:00,usdcad,1.26005,1.2617,1.26004,1.26094
2022-03-18 19:00:00+00:00,usdcad,1.25934,1.2602,1.25892,1.26006
2022-03-18 20:00:00+00:00,usdcad,1.26043,1.26075,1.25911,1.25933
2022-03-20 21:00:00+00:00,usdcad,1.26134,1.261475,1.260735,1.26106
2022-03-20 22:00:00+00:00,usdcad,1.26026,1.26146,1.25999,1.261325
2022-03-20 23:00:00+00:00,usdcad,1.26064,1.26068,1.25971,1.26025
2022-03-21 00:00:00+00:00,usdcad,1.26021,1.26081,1.25988,1.26063
2022-03-21 01:00:00+00:00,usdcad,1.2593,1.26029,1.25915,1.2602
2022-03-21 02:00:00+00:00,usdcad,1.26032,1.26048,1.2593,1.25931
2022-03-21 03:00:00+00:00,usdcad,1.26067,1.26097,1.2603,1.26033
2022-03-21 04:00:00+00:00,usdcad,1.26063,1.26079,1.26036,1.26066
2022-03-21 05:00:00+00:00,usdcad,1.26097,1.26139,1.26056,1.26062
2022-03-21 06:00:00+00:00,usdcad,1.26109,1.26151,1.26059,1.26096
2022-03-21 07:00:00+00:00,usdcad,1.26027,1.2613,1.26018,1.26108
2022-03-21 08:00:00+00:00,usdcad,1.25907,1.26026,1.25898,1.26026
2022-03-21 09:00:00+00:00,usdcad,1.26082,1.26094,1.25908,1.25908
2022-03-21 10:00:00+00:00,usdcad,1.26153,1.26191,1.26074,1.26081
2022-03-21 11:00:00+00:00,usdcad,1.26128,1.26221,1.26103,1.26152
2022-03-21 12:00:00+00:00,usdcad,1.26013,1.26142,1.26012,1.26127
2022-03-21 13:00:00+00:00,usdcad,1.2595,1.26058,1.25837,1.26014
2022-03-21 14:00:00+00:00,usdcad,1.25865,1.25978,1.25833,1.25948
2022-03-21 15:00:00+00:00,usdcad,1.25783,1.25915,1.25753,1.25864
2022-03-21 16:00:00+00:00,usdcad,1.25786,1.2584,1.25654,1.25784
2022-03-21 17:00:00+00:00,usdcad,1.25979,1.26122,1.25787,1.25787
2022-03-21 18:00:00+00:00,usdcad,1.25951,1.26055,1.25865,1.2598
2022-03-21 19:00:00+00:00,usdcad,1.25898,1.26004,1.25856,1.25952
2022-03-21 20:00:00+00:00,usdcad,1.259285,1.25972,1.25878,1.25899
2022-03-21 21:00:00+00:00,usdcad,1.259305,1.259475,1.25899,1.259125
2022-03-21 22:00:00+00:00,usdcad,1.25928,1.25947,1.25904,1.259295
2022-03-21 23:00:00+00:00,usdcad,1.25882,1.25957,1.25876,1.25927
2022-03-22 00:00:00+00:00,usdcad,1.25904,1.25931,1.25878,1.25883
2022-03-22 20:00:00+00:00,usdcad,1.257,1.25767,1.25679,1.25731
2022-03-22 21:00:00+00:00,usdcad,1.25727,1.257325,1.2567,1.25716
2022-03-22 22:00:00+00:00,usdcad,1.25656,1.257365,1.25652,1.257275
2022-03-22 23:00:00+00:00,usdcad,1.25833,1.2587,1.25649,1.25657
2022-03-23 00:00:00+00:00,usdcad,1.25805,1.25858,1.2573,1.25834
2022-03-23 01:00:00+00:00,usdcad,1.25776,1.25821,1.25735,1.25806
2022-03-23 02:00:00+00:00,usdcad,1.25713,1.25778,1.25657,1.25777
2022-03-23 03:00:00+00:00,usdcad,1.25773,1.25796,1.25699,1.25711
2022-03-23 04:00:00+00:00,usdcad,1.25822,1.25831,1.25772,1.25772
2022-03-23 05:00:00+00:00,usdcad,1.25762,1.25905,1.25722,1.25821
2022-03-23 06:00:00+00:00,usdcad,1.25774,1.25822,1.25738,1.25763
2022-03-23 07:00:00+00:00,usdcad,1.25733,1.25823,1.25704,1.25773
2022-03-23 08:00:00+00:00,usdcad,1.25865,1.2591,1.2571,1.25732
2022-03-23 09:00:00+00:00,usdcad,1.25854,1.259,1.2582,1.25866
2022-03-23 10:00:00+00:00,usdcad,1.25842,1.25885,1.25826,1.25855
2022-03-23 11:00:00+00:00,usdcad,1.25939,1.26003,1.25822,1.25841
2022-03-23 12:00:00+00:00,usdcad,1.26018,1.26057,1.25906,1.2594
2022-03-23 13:00:00+00:00,usdcad,1.25847,1.26035,1.25817,1.26017
2022-03-23 14:00:00+00:00,usdcad,1.25602,1.25848,1.25528,1.25848
2022-03-23 15:00:00+00:00,usdcad,1.25553,1.2566,1.25423,1.25603
2022-03-23 16:00:00+00:00,usdcad,1.25569,1.25654,1.25535,1.25554
2022-03-23 17:00:00+00:00,usdcad,1.25635,1.25695,1.25542,1.25568
2022-03-23 18:00:00+00:00,usdcad,1.25635,1.25703,1.25613,1.25636
2022-03-23 19:00:00+00:00,usdcad,1.25663,1.25697,1.25613,1.25634
2022-03-23 20:00:00+00:00,usdcad,1.25612,1.25688,1.25603,1.25665
2022-03-23 21:00:00+00:00,usdcad,1.25633,1.25637,1.25609,1.2562
2022-03-23 22:00:00+00:00,usdcad,1.25724,1.25765,1.256115,1.25635
2022-03-23 23:00:00+00:00,usdcad,1.25599,1.25728,1.25597,1.25725
2022-03-24 00:00:00+00:00,usdcad,1.25683,1.25696,1.25558,1.25598
2022-03-24 01:00:00+00:00,usdcad,1.2571,1.25752,1.2566,1.25684
2022-03-24 02:00:00+00:00,usdcad,1.25683,1.2571,1.25632,1.25709
2022-03-24 03:00:00+00:00,usdcad,1.25782,1.25786,1.25646,1.25682
2022-03-24 04:00:00+00:00,usdcad,1.25793,1.25844,1.2575,1.25781
2022-03-24 05:00:00+00:00,usdcad,1.25768,1.25824,1.25745,1.25794
2022-03-24 06:00:00+00:00,usdcad,1.2577,1.25795,1.25726,1.25769
2022-03-24 07:00:00+00:00,usdcad,1.25725,1.2577,1.25673,1.25769
2022-03-24 08:00:00+00:00,usdcad,1.25731,1.25736,1.25594,1.25726
2022-03-24 09:00:00+00:00,usdcad,1.25779,1.25862,1.25701,1.2573
2022-03-24 10:00:00+00:00,usdcad,1.25665,1.25792,1.25661,1.25778
2022-03-24 11:00:00+00:00,usdcad,1.25586,1.25704,1.25536,1.25664
2022-03-24 12:00:00+00:00,usdcad,1.25658,1.25734,1.25519,1.25585
2022-03-24 13:00:00+00:00,usdcad,1.25578,1.25767,1.25525,1.25659
2022-03-24 14:00:00+00:00,usdcad,1.25121,1.2558,1.25118,1.25579
2022-03-24 15:00:00+00:00,usdcad,1.25308,1.25344,1.25099,1.25122
2022-03-24 16:00:00+00:00,usdcad,1.25495,1.25541,1.25308,1.25309
2022-03-24 17:00:00+00:00,usdcad,1.25422,1.25506,1.25375,1.25494
2022-03-24 18:00:00+00:00,usdcad,1.25454,1.25535,1.25344,1.25423
2022-03-24 19:00:00+00:00,usdcad,1.25299,1.25517,1.25297,1.25455
2022-03-24 20:00:00+00:00,usdcad,1.25256,1.25376,1.25208,1.25298
2022-03-24 21:00:00+00:00,usdcad,1.25253,1.25265,1.2525,1.25256
2022-03-24 22:00:00+00:00,usdcad,1.2534,1.25348,1.25243,1.252705
2022-03-24 23:00:00+00:00,usdcad,1.25209,1.25341,1.25208,1.25341
2022-03-25 00:00:00+00:00,usdcad,1.25404,1.25443,1.25179,1.25207
2022-03-25 01:00:00+00:00,usdcad,1.25254,1.25407,1.25248,1.25405
2022-03-25 02:00:00+00:00,usdcad,1.25312,1.25327,1.25249,1.25255
2022-03-25 03:00:00+00:00,usdcad,1.25295,1.25322,1.25253,1.25311
2022-03-25 04:00:00+00:00,usdcad,1.25263,1.25298,1.25248,1.25294
2022-03-25 05:00:00+00:00,usdcad,1.25258,1.25335,1.25255,1.25264
2022-03-25 06:00:00+00:00,usdcad,1.25297,1.2533,1.25248,1.25257
2022-03-25 07:00:00+00:00,usdcad,1.25395,1.25449,1.25278,1.25296
2022-03-25 08:00:00+00:00,usdcad,1.25519,1.25525,1.25348,1.25395
2022-03-25 09:00:00+00:00,usdcad,1.25411,1.25533,1.25382,1.25518
2022-03-25 10:00:00+00:00,usdcad,1.25296,1.25434,1.25289,1.2541
2022-03-25 11:00:00+00:00,usdcad,1.25267,1.25363,1.25263,1.25297
2022-03-25 12:00:00+00:00,usdcad,1.25295,1.25326,1.25219,1.25268
2022-03-25 13:00:00+00:00,usdcad,1.25173,1.25333,1.25109,1.25296
2022-03-25 14:00:00+00:00,usdcad,1.2509,1.25294,1.2506,1.25174
2022-03-25 15:00:00+00:00,usdcad,1.25136,1.25158,1.24987,1.25089
2022-03-25 16:00:00+00:00,usdcad,1.24861,1.25143,1.24857,1.25137
2022-03-25 17:00:00+00:00,usdcad,1.24836,1.24932,1.24811,1.2486
2022-03-25 18:00:00+00:00,usdcad,1.24719,1.24838,1.247,1.24835
2022-03-25 19:00:00+00:00,usdcad,1.24659,1.24854,1.24658,1.2472
2022-03-25 20:00:00+00:00,usdcad,1.247705,1.24812,1.24656,1.2466
2022-03-27 21:00:00+00:00,usdcad,1.248325,1.24837,1.24815,1.24828
2022-03-27 22:00:00+00:00,usdcad,1.24851,1.24862,1.24764,1.24827
2022-03-27 23:00:00+00:00,usdcad,1.24874,1.24874,1.24781,1.24852
2022-03-28 00:00:00+00:00,usdcad,1.24951,1.24994,1.24784,1.24873
2022-03-28 01:00:00+00:00,usdcad,1.24948,1.25004,1.24894,1.24952
2022-03-28 02:00:00+00:00,usdcad,1.24902,1.24987,1.24821,1.24949
2022-03-28 03:00:00+00:00,usdcad,1.24894,1.24931,1.2486,1.24901
2022-03-28 04:00:00+00:00,usdcad,1.24935,1.24937,1.24867,1.24893
2022-03-28 05:00:00+00:00,usdcad,1.24981,1.25031,1.24912,1.24934
2022-03-28 06:00:00+00:00,usdcad,1.2493,1.25025,1.24906,1.2498
2022-03-28 07:00:00+00:00,usdcad,1.24926,1.24973,1.24858,1.24929
2022-03-28 08:00:00+00:00,usdcad,1.24846,1.24965,1.24787,1.24927
2022-03-28 09:00:00+00:00,usdcad,1.24841,1.24982,1.248,1.24847
2022-03-28 10:00:00+00:00,usdcad,1.24805,1.24843,1.24736,1.2484
2022-03-28 11:00:00+00:00,usdcad,1.24957,1.25005,1.24775,1.24806
2022-03-28 12:00:00+00:00,usdcad,1.25046,1.2506,1.24876,1.24958
2022-03-28 13:00:00+00:00,usdcad,1.25633,1.25683,1.25046,1.25047
2022-03-28 14:00:00+00:00,usdcad,1.25817,1.25929,1.25634,1.25634
2022-03-28 15:00:00+00:00,usdcad,1.2551,1.25845,1.25482,1.25819
2022-03-28 16:00:00+00:00,usdcad,1.25426,1.25572,1.25387,1.25511
2022-03-28 17:00:00+00:00,usdcad,1.25486,1.25486,1.25356,1.25425
2022-03-28 18:00:00+00:00,usdcad,1.25224,1.25507,1.25211,1.25485
2022-03-28 19:00:00+00:00,usdcad,1.25246,1.25372,1.25223,1.25225
2022-03-28 20:00:00+00:00,usdcad,1.251925,1.25314,1.2517,1.25247
2022-03-28 21:00:00+00:00,usdcad,1.25222,1.252345,1.25187,1.251885
2022-03-28 22:00:00+00:00,usdcad,1.25185,1.25223,1.25165,1.252225
2022-03-28 23:00:00+00:00,usdcad,1.25217,1.25219,1.25153,1.25186
2022-03-29 00:00:00+00:00,usdcad,1.25273,1.25301,1.25182,1.25211
2022-03-29 01:00:00+00:00,usdcad,1.25157,1.25274,1.25155,1.25274
2022-03-29 02:00:00+00:00,usdcad,1.25145,1.252,1.25129,1.25156
2022-03-29 03:00:00+00:00,usdcad,1.25173,1.25194,1.25136,1.25146
2022-03-29 04:00:00+00:00,usdcad,1.25191,1.25193,1.25124,1.25174
2022-03-29 05:00:00+00:00,usdcad,1.25123,1.252,1.25105,1.2519
2022-03-29 06:00:00+00:00,usdcad,1.25101,1.25135,1.25099,1.25122
2022-03-29 21:00:00+00:00,usdcad,1.25013,1.25016,1.249655,1.250015
2022-03-29 22:00:00+00:00,usdcad,1.2502,1.250235,1.24942,1.250115
2022-03-29 23:00:00+00:00,usdcad,1.24987,1.2502,1.2497,1.25019
2022-03-30 00:00:00+00:00,usdcad,1.25023,1.25088,1.24988,1.24991
2022-03-30 01:00:00+00:00,usdcad,1.24958,1.25048,1.24893,1.25021
2022-03-30 02:00:00+00:00,usdcad,1.24927,1.24966,1.24902,1.24957
2022-03-30 03:00:00+00:00,usdcad,1.24921,1.24962,1.24899,1.24928
2022-03-30 04:00:00+00:00,usdcad,1.24902,1.24921,1.24893,1.2492
2022-03-30 05:00:00+00:00,usdcad,1.24865,1.24943,1.24854,1.24901
2022-03-30 06:00:00+00:00,usdcad,1.24883,1.24916,1.24798,1.24864
2022-03-30 07:00:00+00:00,usdcad,1.24779,1.24895,1.24757,1.24884
2022-03-30 08:00:00+00:00,usdcad,1.24803,1.24896,1.24772,1.24778
2022-03-30 09:00:00+00:00,usdcad,1.24797,1.24855,1.2479,1.24804
2022-03-30 10:00:00+00:00,usdcad,1.24795,1.24857,1.24789,1.24796
2022-03-30 11:00:00+00:00,usdcad,1.24775,1.24803,1.24754,1.24794
2022-03-30 12:00:00+00:00,usdcad,1.2467,1.24881,1.24669,1.24776
2022-03-30 13:00:00+00:00,usdcad,1.24451,1.24671,1.24414,1.24671
2022-03-30 14:00:00+00:00,usdcad,1.24477,1.24556,1.24297,1.24452
2022-03-30 15:00:00+00:00,usdcad,1.24963,1.25028,1.24467,1.24478
2022-03-30 16:00:00+00:00,usdcad,1.24692,1.24979,1.24668,1.24962
2022-03-30 17:00:00+00:00,usdcad,1.24792,1.24793,1.24664,1.24693
2022-03-30 18:00:00+00:00,usdcad,1.2477,1.24829,1.24707,1.24794
2022-03-30 19:00:00+00:00,usdcad,1.24763,1.24875,1.24731,1.24769
2022-03-30 20:00:00+00:00,usdcad,1.24801,1.24831,1.24716,1.24762
2022-03-30 21:00:00+00:00,usdcad,1.24815,1.248695,1.248,1.248075
2022-03-30 22:00:00+00:00,usdcad,1.24818,1.24823,1.24779,1.24812
2022-03-30 23:00:00+00:00,usdcad,1.24839,1.24917,1.24785,1.24817
2022-03-31 00:00:00+00:00,usdcad,1.24952,1.2504,1.24767,1.2484
2022-03-31 01:00:00+00:00,usdcad,1.25046,1.25083,1.24902,1.24951
2022-03-31 02:00:00+00:00,usdcad,1.25156,1.25156,1.25005,1.25045
2022-03-31 03:00:00+00:00,usdcad,1.25165,1.25193,1.2514,1.25157
2022-03-31 04:00:00+00:00,usdcad,1.25196,1.252,1.25149,1.25166
2022-03-31 05:00:00+00:00,usdcad,1.25165,1.25203,1.25148,1.25195
2022-03-31 06:00:00+00:00,usdcad,1.25088,1.2517,1.25072,1.25164
2022-03-31 07:00:00+00:00,usdcad,1.25106,1.25122,1.24978,1.25087
2022-03-31 08:00:00+00:00,usdcad,1.25242,1.25296,1.25107,1.25107
2022-03-31 09:00:00+00:00,usdcad,1.25296,1.25335,1.25225,1.25243
2022-03-31 10:00:00+00:00,usdcad,1.25244,1.25299,1.25197,1.25296
2022-03-31 11:00:00+00:00,usdcad,1.25207,1.25275,1.25175,1.25245
2022-03-31 12:00:00+00:00,usdcad,1.25081,1.25252,1.25005,1.25208
2022-03-31 13:00:00+00:00,usdcad,1.25093,1.25269,1.25073,1.25081
2022-03-31 14:00:00+00:00,usdcad,1.24907,1.25249,1.24873,1.25093
2022-03-31 15:00:00+00:00,usdcad,1.2484,1.24963,1.24805,1.24909
2022-03-31 16:00:00+00:00,usdcad,1.24824,1.24958,1.24817,1.24839
2022-03-31 17:00:00+00:00,usdcad,1.24825,1.24846,1.24643,1.24825
2022-03-31 18:00:00+00:00,usdcad,1.2482,1.2487,1.24784,1.24824
2022-03-31 19:00:00+00:00,usdcad,1.25031,1.25032,1.24771,1.24819
2022-03-31 20:00:00+00:00,usdcad,1.25017,1.25099,1.24902,1.2503
2022-03-31 21:00:00+00:00,usdcad,1.25048,1.25085,1.25042,1.250425
2022-03-31 22:00:00+00:00,usdcad,1.25105,1.25108,1.25024,1.250495
2022-03-31 23:00:00+00:00,usdcad,1.25023,1.25105,1.24979,1.25104
2022-04-01 00:00:00+00:00,usdcad,1.25048,1.2507,1.24981,1.25022
2022-04-01 01:00:00+00:00,usdcad,1.24993,1.25086,1.24974,1.25049
2022-04-01 02:00:00+00:00,usdcad,1.25048,1.25054,1.24948,1.24994
2022-04-01 03:00:00+00:00,usdcad,1.24929,1.25066,1.24924,1.25047
2022-04-01 04:00:00+00:00,usdcad,1.24964,1.24967,1.24926,1.2493
2022-04-01 05:00:00+00:00,usdcad,1.251,1.25107,1.24953,1.24963
2022-04-01 06:00:00+00:00,usdcad,1.25199,1.25237,1.25083,1.25099
2022-04-01 07:00:00+00:00,usdcad,1.25121,1.25269,1.25025,1.25199
2022-04-01 08:00:00+00:00,usdcad,1.24999,1.25156,1.24992,1.25122
2022-04-01 09:00:00+00:00,usdcad,1.24879,1.25002,1.24827,1.25
2022-04-01 10:00:00+00:00,usdcad,1.24895,1.24933,1.2485,1.2488
2022-04-01 11:00:00+00:00,usdcad,1.24884,1.24916,1.24808,1.24896
2022-04-01 12:00:00+00:00,usdcad,1.25033,1.25091,1.24865,1.24885
2022-04-01 13:00:00+00:00,usdcad,1.25054,1.25113,1.24919,1.25034
2022-04-01 14:00:00+00:00,usdcad,1.25023,1.25212,1.24992,1.25055
2022-04-01 15:00:00+00:00,usdcad,1.25063,1.25131,1.25004,1.25022
2022-04-01 16:00:00+00:00,usdcad,1.25293,1.25316,1.25042,1.25064
2022-04-01 17:00:00+00:00,usdcad,1.25319,1.25386,1.25216,1.25294
2022-04-01 18:00:00+00:00,usdcad,1.251,1.25322,1.25093,1.2532
2022-04-01 19:00:00+00:00,usdcad,1.2513,1.25234,1.25068,1.25099
2022-04-01 20:00:00+00:00,usdcad,1.251335,1.25254,1.25118,1.25131
2022-04-03 21:00:00+00:00,usdcad,1.25196,1.251975,1.251585,1.251585
2022-04-03 22:00:00+00:00,usdcad,1.25231,1.25268,1.25181,1.25199
2022-04-03 23:00:00+00:00,usdcad,1.25275,1.25278,1.25208,1.25232
2022-04-04 00:00:00+00:00,usdcad,1.25184,1.25282,1.25154,1.25276
2022-04-04 01:00:00+00:00,usdcad,1.25154,1.25195,1.25133,1.25185
2022-04-04 02:00:00+00:00,usdcad,1.25116,1.25177,1.25113,1.25153
2022-04-04 03:00:00+00:00,usdcad,1.25107,1.25146,1.251,1.25115
2022-04-04 04:00:00+00:00,usdcad,1.25106,1.2512,1.25098,1.25108
2022-04-04 05:00:00+00:00,usdcad,1.25054,1.25114,1.25052,1.25107
2022-04-04 06:00:00+00:00,usdcad,1.24983,1.25061,1.24966,1.25055
2022-04-04 07:00:00+00:00,usdcad,1.2489,1.25022,1.2485,1.24984
2022-04-04 08:00:00+00:00,usdcad,1.24962,1.24974,1.24853,1.24889
2022-04-04 09:00:00+00:00,usdcad,1.25029,1.25037,1.2493,1.24961
2022-04-04 10:00:00+00:00,usdcad,1.25002,1.25052,1.24969,1.2503
2022-04-04 11:00:00+00:00,usdcad,1.24987,1.25023,1.2488,1.25001
2022-04-04 12:00:00+00:00,usdcad,1.24928,1.24986,1.24898,1.24986
2022-04-04 13:00:00+00:00,usdcad,1.24845,1.24928,1.24802,1.24926
2022-04-04 14:00:00+00:00,usdcad,1.24724,1.24888,1.24683,1.24846
2022-04-04 15:00:00+00:00,usdcad,1.24917,1.24943,1.24685,1.24722
2022-04-04 16:00:00+00:00,usdcad,1.24971,1.2503,1.24882,1.24918
2022-04-04 17:00:00+00:00,usdcad,1.2494,1.25026,1.249,1.2497
2022-04-04 18:00:00+00:00,usdcad,1.24852,1.24979,1.24852,1.24939
2022-04-04 19:00:00+00:00,usdcad,1.24875,1.24877,1.24825,1.24853
2022-04-04 20:00:00+00:00,usdcad,1.248625,1.24885,1.24802,1.24876
2022-04-04 21:00:00+00:00,usdcad,1.248735,1.24878,1.24849,1.248545
2022-04-04 22:00:00+00:00,usdcad,1.24924,1.24933,1.24849,1.24874
2022-04-04 23:00:00+00:00,usdcad,1.24866,1.24931,1.24855,1.24925
2022-04-05 00:00:00+00:00,usdcad,1.24859,1.24907,1.2485,1.24867
2022-04-05 01:00:00+00:00,usdcad,1.24856,1.24893,1.24854,1.2486
2022-04-05 02:00:00+00:00,usdcad,1.24875,1.249,1.24849,1.24855
2022-04-05 03:00:00+00:00,usdcad,1.24877,1.24894,1.24863,1.24874
2022-04-05 04:00:00+00:00,usdcad,1.24806,1.24916,1.24793,1.24878
2022-04-05 05:00:00+00:00,usdcad,1.24765,1.24825,1.24746,1.24807
2022-04-05 06:00:00+00:00,usdcad,1.24716,1.24841,1.24703,1.24764
2022-04-05 07:00:00+00:00,usdcad,1.24576,1.24715,1.24536,1.24715
2022-04-05 08:00:00+00:00,usdcad,1.24546,1.24634,1.24528,1.24575
2022-04-05 09:00:00+00:00,usdcad,1.24573,1.24616,1.24523,1.24547
2022-04-05 10:00:00+00:00,usdcad,1.24564,1.24688,1.24544,1.24574
2022-04-05 11:00:00+00:00,usdcad,1.24401,1.24614,1.2439,1.24565
2022-04-05 12:00:00+00:00,usdcad,1.24319,1.24455,1.24319,1.24402
2022-04-05 13:00:00+00:00,usdcad,1.24099,1.24318,1.24029,1.24318
2022-04-05 14:00:00+00:00,usdcad,1.2439,1.24486,1.24046,1.24098
2022-04-05 15:00:00+00:00,usdcad,1.2453,1.24617,1.24374,1.24389
2022-04-05 16:00:00+00:00,usdcad,1.24678,1.24744,1.2451,1.24531
2022-04-05 17:00:00+00:00,usdcad,1.24597,1.24698,1.24495,1.24679
2022-04-05 18:00:00+00:00,usdcad,1.24715,1.24767,1.24561,1.24596
2022-04-05 19:00:00+00:00,usdcad,1.24931,1.24981,1.24707,1.24714
2022-04-05 20:00:00+00:00,usdcad,1.248695,1.24931,1.2485,1.2493
2022-04-05 21:00:00+00:00,usdcad,1.24886,1.24901,1.24852,1.248655
2022-04-05 22:00:00+00:00,usdcad,1.24878,1.24892,1.24852,1.248865
2022-04-05 23:00:00+00:00,usdcad,1.2485,1.24904,1.24833,1.24879
2022-04-06 00:00:00+00:00,usdcad,1.2494,1.24958,1.24844,1.24848
2022-04-06 01:00:00+00:00,usdcad,1.25029,1.25041,1.24899,1.24939
2022-04-06 02:00:00+00:00,usdcad,1.24913,1.25028,1.24857,1.25028
2022-04-06 03:00:00+00:00,usdcad,1.25007,1.25017,1.24894,1.24914
2022-04-06 04:00:00+00:00,usdcad,1.25008,1.25045,1.25002,1.25008
2022-04-06 05:00:00+00:00,usdcad,1.25065,1.25069,1.24924,1.25007
2022-04-06 06:00:00+00:00,usdcad,1.25054,1.25099,1.25011,1.25064
2022-04-06 07:00:00+00:00,usdcad,1.25053,1.2507,1.24925,1.25053
2022-04-06 08:00:00+00:00,usdcad,1.24937,1.25074,1.249,1.25052
2022-04-06 09:00:00+00:00,usdcad,1.24908,1.24994,1.24897,1.24938
2022-04-06 10:00:00+00:00,usdcad,1.24938,1.25001,1.24882,1.24907
2022-04-06 11:00:00+00:00,usdcad,1.24949,1.25043,1.24921,1.24939
2022-04-06 12:00:00+00:00,usdcad,1.24917,1.24972,1.24794,1.24948
2022-04-06 13:00:00+00:00,usdcad,1.25007,1.25067,1.24806,1.24918
2022-04-06 14:00:00+00:00,usdcad,1.25034,1.25193,1.24921,1.25008
2022-04-06 15:00:00+00:00,usdcad,1.25025,1.25215,1.24943,1.25033
2022-04-06 16:00:00+00:00,usdcad,1.25043,1.25142,1.24971,1.25024
2022-04-06 17:00:00+00:00,usdcad,1.251475,1.25193,1.25038,1.25044
2022-04-06 18:00:00+00:00,usdcad,1.25226,1.25587,1.24896,1.25145
2022-04-06 19:00:00+00:00,usdcad,1.25324,1.25366,1.25142,1.25227
2022-04-06 20:00:00+00:00,usdcad,1.25433,1.25467,1.25305,1.25325
2022-04-06 21:00:00+00:00,usdcad,1.25432,1.25464,1.253945,1.254255
2022-04-06 22:00:00+00:00,usdcad,1.25568,1.25589,1.254075,1.254345
2022-04-06 23:00:00+00:00,usdcad,1.25644,1.25667,1.25526,1.25569
2022-04-07 00:00:00+00:00,usdcad,1.2559,1.25683,1.25581,1.25645
2022-04-07 01:00:00+00:00,usdcad,1.25573,1.25689,1.25526,1.25591
2022-04-07 02:00:00+00:00,usdcad,1.25575,1.25635,1.25527,1.25574
2022-04-07 03:00:00+00:00,usdcad,1.25562,1.25601,1.2552,1.25574
2022-04-07 04:00:00+00:00,usdcad,1.25587,1.25648,1.25561,1.25561
2022-04-07 05:00:00+00:00,usdcad,1.25574,1.25662,1.25555,1.25588
2022-04-07 06:00:00+00:00,usdcad,1.25538,1.25579,1.25491,1.25573
2022-04-07 07:00:00+00:00,usdcad,1.25513,1.25558,1.25384,1.25537
2022-04-07 08:00:00+00:00,usdcad,1.25646,1.25655,1.25511,1.25512
2022-04-07 09:00:00+00:00,usdcad,1.25662,1.25719,1.25597,1.25645
2022-04-07 10:00:00+00:00,usdcad,1.25588,1.25662,1.25529,1.25661
2022-04-07 11:00:00+00:00,usdcad,1.255,1.25608,1.2539,1.25587
2022-04-07 12:00:00+00:00,usdcad,1.25704,1.25745,1.25467,1.25499
2022-04-07 13:00:00+00:00,usdcad,1.25802,1.25872,1.25632,1.25704
2022-04-07 14:00:00+00:00,usdcad,1.25862,1.25956,1.25747,1.25801
2022-04-07 15:00:00+00:00,usdcad,1.25936,1.26118,1.25796,1.25861
2022-04-07 16:00:00+00:00,usdcad,1.25981,1.26079,1.25884,1.25937
2022-04-07 17:00:00+00:00,usdcad,1.25923,1.25983,1.25784,1.25982
2022-04-07 18:00:00+00:00,usdcad,1.25768,1.25948,1.25766,1.25924
2022-04-07 19:00:00+00:00,usdcad,1.25858,1.25877,1.25758,1.2577
2022-04-07 20:00:00+00:00,usdcad,1.259075,1.25947,1.25855,1.25859
2022-04-07 21:00:00+00:00,usdcad,1.25883,1.259115,1.258725,1.25907
2022-04-07 22:00:00+00:00,usdcad,1.25874,1.25921,1.25866,1.25882
2022-04-07 23:00:00+00:00,usdcad,1.25874,1.25898,1.2585,1.25873
2022-04-08 00:00:00+00:00,usdcad,1.25886,1.2595,1.25808,1.25873
2022-04-08 01:00:00+00:00,usdcad,1.25804,1.25913,1.25802,1.25887
2022-04-08 02:00:00+00:00,usdcad,1.25871,1.2591,1.25783,1.25805
2022-04-08 03:00:00+00:00,usdcad,1.25861,1.25944,1.25846,1.2587
2022-04-08 04:00:00+00:00,usdcad,1.25903,1.25906,1.25837,1.2586
2022-04-08 05:00:00+00:00,usdcad,1.25813,1.2592,1.25761,1.25904
2022-04-08 06:00:00+00:00,usdcad,1.25852,1.25876,1.25779,1.25812
2022-04-08 07:00:00+00:00,usdcad,1.25879,1.25991,1.25824,1.25851
2022-04-08 08:00:00+00:00,usdcad,1.25922,1.25959,1.25838,1.25878
2022-04-08 09:00:00+00:00,usdcad,1.25932,1.25968,1.25908,1.25923
2022-04-08 10:00:00+00:00,usdcad,1.25878,1.25959,1.25862,1.25933
2022-04-08 11:00:00+00:00,usdcad,1.25875,1.25997,1.25874,1.25877
2022-04-08 12:00:00+00:00,usdcad,1.25969,1.2597,1.25823,1.25874
2022-04-08 13:00:00+00:00,usdcad,1.26125,1.26191,1.25954,1.2597
2022-04-08 14:00:00+00:00,usdcad,1.25988,1.26149,1.25972,1.26126
2022-04-08 15:00:00+00:00,usdcad,1.25783,1.26,1.25759,1.25989
2022-04-08 16:00:00+00:00,usdcad,1.25824,1.2585,1.25743,1.25784
2022-04-08 17:00:00+00:00,usdcad,1.25832,1.25945,1.25824,1.25825
2022-04-08 18:00:00+00:00,usdcad,1.25684,1.25848,1.25657,1.25833
2022-04-08 19:00:00+00:00,usdcad,1.25692,1.25772,1.2565,1.25683
2022-04-08 20:00:00+00:00,usdcad,1.257195,1.25827,1.2568,1.25691
2022-04-10 21:00:00+00:00,usdcad,1.256945,1.257095,1.25656,1.256795
2022-04-10 22:00:00+00:00,usdcad,1.25682,1.25751,1.25667,1.256925
2022-04-10 23:00:00+00:00,usdcad,1.25813,1.25813,1.25663,1.25683
2022-04-11 00:00:00+00:00,usdcad,1.2598,1.25982,1.25809,1.25814
2022-04-11 01:00:00+00:00,usdcad,1.26049,1.26054,1.25854,1.25981
2022-04-11 02:00:00+00:00,usdcad,1.26139,1.26175,1.26033,1.2605
2022-04-11 03:00:00+00:00,usdcad,1.26083,1.2614,1.26029,1.2614
2022-04-11 04:00:00+00:00,usdcad,1.25978,1.26084,1.25975,1.26082
2022-04-11 05:00:00+00:00,usdcad,1.25921,1.26051,1.25918,1.25977
2022-04-11 06:00:00+00:00,usdcad,1.26131,1.26135,1.25907,1.25922
2022-04-11 07:00:00+00:00,usdcad,1.26043,1.26176,1.26025,1.26128
2022-04-11 08:00:00+00:00,usdcad,1.25987,1.26066,1.25953,1.26042
2022-04-11 09:00:00+00:00,usdcad,1.25779,1.26026,1.25752,1.25988
2022-04-11 10:00:00+00:00,usdcad,1.25861,1.25934,1.2573,1.25778
2022-04-11 11:00:00+00:00,usdcad,1.2594,1.26032,1.25836,1.25862
2022-04-11 12:00:00+00:00,usdcad,1.25961,1.26099,1.25932,1.25941
2022-04-11 13:00:00+00:00,usdcad,1.26196,1.26292,1.25938,1.2596
2022-04-11 14:00:00+00:00,usdcad,1.26191,1.26285,1.26098,1.26197
2022-04-11 15:00:00+00:00,usdcad,1.26219,1.26257,1.26137,1.26192
2022-04-11 16:00:00+00:00,usdcad,1.26338,1.26375,1.26211,1.2622
2022-04-11 17:00:00+00:00,usdcad,1.26285,1.26355,1.26252,1.26339
2022-04-11 18:00:00+00:00,usdcad,1.26212,1.26327,1.26208,1.26286
2022-04-11 19:00:00+00:00,usdcad,1.2636,1.26368,1.262,1.26211
2022-04-11 20:00:00+00:00,usdcad,1.263175,1.26412,1.26312,1.26361
2022-04-11 21:00:00+00:00,usdcad,1.26345,1.26346,1.26311,1.263335
2022-04-11 22:00:00+00:00,usdcad,1.26347,1.26359,1.26313,1.263445
2022-04-11 23:00:00+00:00,usdcad,1.26403,1.26444,1.26334,1.26348
2022-04-12 00:00:00+00:00,usdcad,1.26519,1.26537,1.26365,1.26402
2022-04-12 01:00:00+00:00,usdcad,1.26549,1.26565,1.26501,1.2652
2022-04-12 02:00:00+00:00,usdcad,1.26506,1.2656,1.26445,1.2655
2022-04-12 03:00:00+00:00,usdcad,1.2645,1.26519,1.2643,1.26505
2022-04-12 04:00:00+00:00,usdcad,1.26445,1.26455,1.26415,1.26451
2022-04-12 05:00:00+00:00,usdcad,1.2639,1.26458,1.26325,1.26444
2022-04-12 06:00:00+00:00,usdcad,1.26451,1.26484,1.26356,1.26389
2022-04-12 07:00:00+00:00,usdcad,1.26468,1.26557,1.26405,1.26452
2022-04-12 08:00:00+00:00,usdcad,1.2654,1.26617,1.26435,1.26469
2022-04-12 09:00:00+00:00,usdcad,1.26594,1.26613,1.26537,1.26539
2022-04-12 10:00:00+00:00,usdcad,1.265,1.26597,1.26465,1.26593
2022-04-12 11:00:00+00:00,usdcad,1.26311,1.26501,1.26305,1.26501
2022-04-12 12:00:00+00:00,usdcad,1.25922,1.26429,1.25818,1.2631
2022-04-12 13:00:00+00:00,usdcad,1.26111,1.26171,1.25923,1.25924
2022-04-12 14:00:00+00:00,usdcad,1.26125,1.26154,1.26001,1.2611
2022-04-12 15:00:00+00:00,usdcad,1.26074,1.26133,1.25993,1.26126
2022-04-12 16:00:00+00:00,usdcad,1.26123,1.26197,1.25962,1.26073
2022-04-12 17:00:00+00:00,usdcad,1.26182,1.262,1.26052,1.26124
2022-04-12 18:00:00+00:00,usdcad,1.26367,1.26427,1.26177,1.26183
2022-04-12 19:00:00+00:00,usdcad,1.26398,1.26455,1.26348,1.26369
2022-04-12 20:00:00+00:00,usdcad,1.264445,1.26451,1.264,1.264
2022-04-12 21:00:00+00:00,usdcad,1.26433,1.26448,1.2642,1.26445
2022-04-12 22:00:00+00:00,usdcad,1.26356,1.26434,1.26353,1.264325
2022-04-12 23:00:00+00:00,usdcad,1.26356,1.26381,1.26337,1.26357
2022-04-13 00:00:00+00:00,usdcad,1.26397,1.26427,1.2632,1.26357
2022-04-13 01:00:00+00:00,usdcad,1.26258,1.26396,1.26253,1.26396
2022-04-13 02:00:00+00:00,usdcad,1.26143,1.26262,1.26108,1.26257
2022-04-13 03:00:00+00:00,usdcad,1.26165,1.26199,1.26125,1.26142
2022-04-13 04:00:00+00:00,usdcad,1.26268,1.26299,1.26166,1.26166
2022-04-13 05:00:00+00:00,usdcad,1.26128,1.26305,1.2612,1.26269
2022-04-13 06:00:00+00:00,usdcad,1.26411,1.26414,1.26125,1.26127
2022-04-13 07:00:00+00:00,usdcad,1.26359,1.26491,1.26344,1.2641
2022-04-13 08:00:00+00:00,usdcad,1.26433,1.26446,1.26285,1.2636
2022-04-13 09:00:00+00:00,usdcad,1.26493,1.26519,1.26383,1.26432
2022-04-13 10:00:00+00:00,usdcad,1.26534,1.2654,1.26448,1.26492
2022-04-13 11:00:00+00:00,usdcad,1.26571,1.26588,1.26395,1.26533
2022-04-13 12:00:00+00:00,usdcad,1.26647,1.26647,1.26512,1.26572
2022-04-13 13:00:00+00:00,usdcad,1.26556,1.26763,1.26469,1.26646
2022-04-13 14:00:00+00:00,usdcad,1.26314,1.26747,1.26258,1.265565
2022-04-13 15:00:00+00:00,usdcad,1.25976,1.26339,1.25915,1.26314
2022-04-13 16:00:00+00:00,usdcad,1.25868,1.25991,1.25839,1.25975
2022-04-13 17:00:00+00:00,usdcad,1.25654,1.25874,1.25632,1.25867
2022-04-13 18:00:00+00:00,usdcad,1.25679,1.25697,1.25552,1.25654
2022-04-13 19:00:00+00:00,usdcad,1.25656,1.25744,1.25582,1.25678
2022-04-13 20:00:00+00:00,usdcad,1.25662,1.2571,1.25615,1.25657
2022-04-13 21:00:00+00:00,usdcad,1.25649,1.25702,1.256385,1.256675
2022-04-13 22:00:00+00:00,usdcad,1.25635,1.25677,1.25616,1.256465
2022-04-13 23:00:00+00:00,usdcad,1.25683,1.2569,1.25636,1.25636
2022-04-14 00:00:00+00:00,usdcad,1.25682,1.25697,1.25548,1.25684
2022-04-14 01:00:00+00:00,usdcad,1.25506,1.25696,1.25489,1.25681
2022-04-14 02:00:00+00:00,usdcad,1.25525,1.25526,1.25463,1.25505
2022-04-14 03:00:00+00:00,usdcad,1.25525,1.2553,1.25439,1.25526
2022-04-14 04:00:00+00:00,usdcad,1.25496,1.25558,1.25474,1.25526
2022-04-14 05:00:00+00:00,usdcad,1.25545,1.25548,1.25473,1.25495
2022-04-14 06:00:00+00:00,usdcad,1.25451,1.25555,1.25415,1.25543
2022-04-14 07:00:00+00:00,usdcad,1.25567,1.2567,1.25446,1.2545
2022-04-14 08:00:00+00:00,usdcad,1.25442,1.25597,1.25418,1.25568
2022-04-14 09:00:00+00:00,usdcad,1.25447,1.25496,1.25402,1.25443
2022-04-14 10:00:00+00:00,usdcad,1.25418,1.25482,1.25402,1.25448
2022-04-14 11:00:00+00:00,usdcad,1.25546,1.25556,1.25217,1.25419
2022-04-14 12:00:00+00:00,usdcad,1.25808,1.25819,1.25503,1.25545
2022-04-14 13:00:00+00:00,usdcad,1.25953,1.2605,1.25783,1.25809
2022-04-14 14:00:00+00:00,usdcad,1.26145,1.2625,1.25755,1.25954
2022-04-14 15:00:00+00:00,usdcad,1.26283,1.26422,1.26068,1.26145
2022-04-14 16:00:00+00:00,usdcad,1.26221,1.2634,1.26145,1.26284
2022-04-14 17:00:00+00:00,usdcad,1.25941,1.26265,1.25941,1.2622
2022-04-14 18:00:00+00:00,usdcad,1.26095,1.26111,1.25873,1.2594
2022-04-14 19:00:00+00:00,usdcad,1.26163,1.26174,1.26068,1.26099
2022-04-15 01:00:00+00:00,usdcad,1.261095,1.26166,1.260595,1.261585
2022-04-15 02:00:00+00:00,usdcad,1.26092,1.2612,1.260035,1.2611
2022-04-15 03:00:00+00:00,usdcad,1.26128,1.261395,1.260445,1.26093
2022-04-15 04:00:00+00:00,usdcad,1.260545,1.26142,1.26047,1.26127
2022-04-15 05:00:00+00:00,usdcad,1.26113,1.26113,1.260295,1.260575
2022-04-15 06:00:00+00:00,usdcad,1.26015,1.261135,1.25967,1.261115
2022-04-15 07:00:00+00:00,usdcad,1.259465,1.260245,1.25932,1.260145
2022-04-15 08:00:00+00:00,usdcad,1.25971,1.260305,1.25911,1.259455
2022-04-15 09:00:00+00:00,usdcad,1.25988,1.260115,1.259515,1.25969
2022-04-15 10:00:00+00:00,usdcad,1.25972,1.260125,1.25909,1.25986
2022-04-15 11:00:00+00:00,usdcad,1.26025,1.2604,1.25939,1.259715
2022-04-15 12:00:00+00:00,usdcad,1.260595,1.26094,1.25978,1.26024
2022-04-15 13:00:00+00:00,usdcad,1.261265,1.26142,1.26053,1.260595
2022-04-15 14:00:00+00:00,usdcad,1.26145,1.26152,1.26099,1.261275
2022-04-15 15:00:00+00:00,usdcad,1.261385,1.26153,1.260995,1.26144
2022-04-15 16:00:00+00:00,usdcad,1.260705,1.2616,1.26066,1.261395
2022-04-15 17:00:00+00:00,usdcad,1.26077,1.260895,1.260285,1.260715
2022-04-15 18:00:00+00:00,usdcad,1.260815,1.26094,1.260405,1.2608
2022-04-15 19:00:00+00:00,usdcad,1.26106,1.2611,1.260775,1.260825
2022-04-15 20:00:00+00:00,usdcad,1.261295,1.2614,1.2608,1.261075
2022-04-17 21:00:00+00:00,usdcad,1.261215,1.261295,1.26101,1.26114
2022-04-17 22:00:00+00:00,usdcad,1.26095,1.26222,1.26091,1.26124
2022-04-17 23:00:00+00:00,usdcad,1.26149,1.26172,1.26088,1.26096
2022-04-18 00:00:00+00:00,usdcad,1.26278,1.26293,1.26114,1.26148
2022-04-18 01:00:00+00:00,usdcad,1.26224,1.26359,1.26207,1.26279
2022-04-18 02:00:00+00:00,usdcad,1.26331,1.26349,1.26203,1.26225
2022-04-18 03:00:00+00:00,usdcad,1.26387,1.26389,1.26328,1.26332
2022-04-18 04:00:00+00:00,usdcad,1.26408,1.26437,1.26359,1.26388
2022-04-18 05:00:00+00:00,usdcad,1.2639,1.26418,1.26356,1.26407
2022-04-18 06:00:00+00:00,usdcad,1.26343,1.26433,1.26316,1.26391
2022-04-18 07:00:00+00:00,usdcad,1.26376,1.26389,1.26291,1.26344
2022-04-18 08:00:00+00:00,usdcad,1.2638,1.26413,1.26338,1.26377
2022-04-18 09:00:00+00:00,usdcad,1.26407,1.26435,1.26313,1.26379
2022-04-18 10:00:00+00:00,usdcad,1.26347,1.26442,1.26345,1.26408
2022-04-18 11:00:00+00:00,usdcad,1.26273,1.2635,1.26243,1.26346
2022-04-18 12:00:00+00:00,usdcad,1.26243,1.26316,1.26133,1.26272
2022-04-18 13:00:00+00:00,usdcad,1.26175,1.2629,1.26061,1.26242
2022-04-18 14:00:00+00:00,usdcad,1.26224,1.26277,1.26036,1.26176
2022-04-18 15:00:00+00:00,usdcad,1.26214,1.26276,1.26086,1.26225
2022-04-18 16:00:00+00:00,usdcad,1.26164,1.26255,1.26143,1.26213
2022-04-18 17:00:00+00:00,usdcad,1.26083,1.26194,1.26056,1.26165
2022-04-18 18:00:00+00:00,usdcad,1.2617,1.26199,1.26073,1.26082
2022-04-18 19:00:00+00:00,usdcad,1.26169,1.26266,1.26135,1.26171
2022-04-18 20:00:00+00:00,usdcad,1.261025,1.26173,1.26084,1.2617
2022-04-18 21:00:00+00:00,usdcad,1.261105,1.262395,1.26099,1.26135
2022-04-18 22:00:00+00:00,usdcad,1.26048,1.261335,1.26035,1.261015
2022-04-18 23:00:00+00:00,usdcad,1.26011,1.261,1.25999,1.26047
2022-04-19 00:00:00+00:00,usdcad,1.26059,1.26083,1.25923,1.26012
2022-04-19 01:00:00+00:00,usdcad,1.26041,1.26084,1.25969,1.2606
2022-04-19 02:00:00+00:00,usdcad,1.25947,1.26145,1.25942,1.26042
2022-04-19 03:00:00+00:00,usdcad,1.25842,1.25959,1.25809,1.25946
2022-04-19 04:00:00+00:00,usdcad,1.258,1.25853,1.25773,1.25841
2022-04-19 05:00:00+00:00,usdcad,1.25775,1.25857,1.25708,1.25799
2022-04-19 06:00:00+00:00,usdcad,1.25781,1.25856,1.25692,1.25774
2022-04-19 07:00:00+00:00,usdcad,1.25765,1.25851,1.25716,1.25783
2022-04-19 08:00:00+00:00,usdcad,1.25857,1.25923,1.25684,1.25766
2022-04-19 09:00:00+00:00,usdcad,1.25957,1.26004,1.25858,1.25858
2022-04-19 10:00:00+00:00,usdcad,1.26006,1.26007,1.25938,1.25956
2022-04-19 11:00:00+00:00,usdcad,1.26149,1.26215,1.26003,1.26005
2022-04-19 12:00:00+00:00,usdcad,1.26343,1.2636,1.26125,1.26148
2022-04-19 13:00:00+00:00,usdcad,1.26106,1.26468,1.26085,1.26342
2022-04-19 14:00:00+00:00,usdcad,1.26248,1.26271,1.26073,1.26107
2022-04-19 15:00:00+00:00,usdcad,1.26176,1.26337,1.26167,1.26249
2022-04-19 16:00:00+00:00,usdcad,1.26221,1.26403,1.26176,1.26177
2022-04-19 17:00:00+00:00,usdcad,1.26185,1.26281,1.26164,1.26222
2022-04-19 18:00:00+00:00,usdcad,1.26261,1.26288,1.26179,1.26184
2022-04-19 19:00:00+00:00,usdcad,1.26171,1.26276,1.26165,1.26262
2022-04-19 20:00:00+00:00,usdcad,1.26183,1.26242,1.26158,1.2617
2022-04-19 21:00:00+00:00,usdcad,1.261825,1.261955,1.26145,1.2619
2022-04-19 22:00:00+00:00,usdcad,1.26076,1.26195,1.26075,1.26182
2022-04-19 23:00:00+00:00,usdcad,1.26047,1.26134,1.26032,1.26074
2022-04-20 00:00:00+00:00,usdcad,1.2606,1.26098,1.26012,1.26048
2022-04-20 01:00:00+00:00,usdcad,1.2607,1.26246,1.26021,1.26059
2022-04-20 02:00:00+00:00,usdcad,1.25972,1.26141,1.25971,1.26071
2022-04-20 03:00:00+00:00,usdcad,1.25872,1.25976,1.25854,1.25971
2022-04-20 04:00:00+00:00,usdcad,1.25836,1.25889,1.25834,1.25871
2022-04-20 05:00:00+00:00,usdcad,1.25854,1.25894,1.2581,1.25837
2022-04-20 06:00:00+00:00,usdcad,1.258,1.25889,1.25778,1.25856
2022-04-20 07:00:00+00:00,usdcad,1.25791,1.25885,1.25693,1.25799
2022-04-20 08:00:00+00:00,usdcad,1.25643,1.25818,1.25627,1.2579
2022-04-20 09:00:00+00:00,usdcad,1.25445,1.25645,1.2543,1.25642
2022-04-20 10:00:00+00:00,usdcad,1.25434,1.25451,1.25369,1.25444
2022-04-20 11:00:00+00:00,usdcad,1.25381,1.25526,1.25339,1.25435
2022-04-20 12:00:00+00:00,usdcad,1.2525,1.25398,1.25156,1.25382
2022-04-20 13:00:00+00:00,usdcad,1.25162,1.2528,1.25015,1.25251
2022-04-20 14:00:00+00:00,usdcad,1.24897,1.25215,1.24816,1.25163
2022-04-20 15:00:00+00:00,usdcad,1.24953,1.24982,1.24724,1.24896
2022-04-20 16:00:00+00:00,usdcad,1.24995,1.25043,1.24876,1.24954
2022-04-20 17:00:00+00:00,usdcad,1.24916,1.25004,1.24848,1.24994
2022-04-20 18:00:00+00:00,usdcad,1.25057,1.25093,1.24845,1.24915
2022-04-20 19:00:00+00:00,usdcad,1.24964,1.25056,1.24944,1.25056
2022-04-20 20:00:00+00:00,usdcad,1.249675,1.25013,1.24924,1.24963
2022-04-20 21:00:00+00:00,usdcad,1.2496,1.25028,1.249535,1.2497
2022-04-20 22:00:00+00:00,usdcad,1.24865,1.25014,1.2486,1.24959
2022-04-20 23:00:00+00:00,usdcad,1.24879,1.24932,1.24838,1.24864
2022-04-21 00:00:00+00:00,usdcad,1.24954,1.24999,1.24861,1.2488
2022-04-21 01:00:00+00:00,usdcad,1.24851,1.24968,1.24795,1.24953
2022-04-21 02:00:00+00:00,usdcad,1.24933,1.24942,1.24821,1.2485
2022-04-21 03:00:00+00:00,usdcad,1.24953,1.24974,1.2488,1.24932
2022-04-21 04:00:00+00:00,usdcad,1.24865,1.24952,1.24835,1.24952
2022-04-21 05:00:00+00:00,usdcad,1.24817,1.2487,1.24737,1.24866
2022-04-21 06:00:00+00:00,usdcad,1.24793,1.24893,1.24744,1.24816
2022-04-21 07:00:00+00:00,usdcad,1.24603,1.24914,1.24586,1.24792
2022-04-21 08:00:00+00:00,usdcad,1.24731,1.24797,1.24602,1.24602
2022-04-21 09:00:00+00:00,usdcad,1.24785,1.24785,1.24683,1.2473
2022-04-21 10:00:00+00:00,usdcad,1.24857,1.24866,1.24751,1.24786
2022-04-21 11:00:00+00:00,usdcad,1.24927,1.24995,1.24854,1.24856
2022-04-21 12:00:00+00:00,usdcad,1.24953,1.25005,1.24838,1.24928
2022-04-21 13:00:00+00:00,usdcad,1.24951,1.24969,1.24744,1.24952
2022-04-21 14:00:00+00:00,usdcad,1.25037,1.25104,1.24853,1.24952
2022-04-21 15:00:00+00:00,usdcad,1.25265,1.25289,1.24972,1.25036
2022-04-21 16:00:00+00:00,usdcad,1.25502,1.25532,1.25255,1.25264
2022-04-21 17:00:00+00:00,usdcad,1.25678,1.25679,1.25414,1.25501
2022-04-21 18:00:00+00:00,usdcad,1.2578,1.25804,1.25615,1.25679
2022-04-21 19:00:00+00:00,usdcad,1.25779,1.25904,1.25738,1.25781
2022-04-21 20:00:00+00:00,usdcad,1.258205,1.25858,1.25712,1.25779
2022-04-21 21:00:00+00:00,usdcad,1.25823,1.25833,1.258025,1.25824
2022-04-21 22:00:00+00:00,usdcad,1.25807,1.25873,1.25802,1.258215
2022-04-21 23:00:00+00:00,usdcad,1.25923,1.25927,1.25677,1.25806
2022-04-22 00:00:00+00:00,usdcad,1.25944,1.26006,1.25853,1.25924
2022-04-22 01:00:00+00:00,usdcad,1.25989,1.26054,1.25869,1.25945
2022-04-22 02:00:00+00:00,usdcad,1.2593,1.26018,1.25901,1.25988
2022-04-22 03:00:00+00:00,usdcad,1.25994,1.26079,1.25926,1.25931
2022-04-22 04:00:00+00:00,usdcad,1.25936,1.26031,1.25924,1.25995
2022-04-22 05:00:00+00:00,usdcad,1.26017,1.2603,1.25902,1.25935
2022-04-22 06:00:00+00:00,usdcad,1.26239,1.2624,1.26002,1.26018
2022-04-22 07:00:00+00:00,usdcad,1.26298,1.26378,1.26197,1.26238
2022-04-22 08:00:00+00:00,usdcad,1.26689,1.26689,1.26277,1.26297
2022-04-22 09:00:00+00:00,usdcad,1.26818,1.2682,1.26604,1.2669
2022-04-22 10:00:00+00:00,usdcad,1.26652,1.26841,1.26604,1.26819
2022-04-22 11:00:00+00:00,usdcad,1.26679,1.26704,1.26541,1.26651
2022-04-22 12:00:00+00:00,usdcad,1.26756,1.26832,1.266,1.2668
2022-04-22 13:00:00+00:00,usdcad,1.26894,1.26953,1.26696,1.26757
2022-04-22 14:00:00+00:00,usdcad,1.2713,1.27153,1.26821,1.26894
2022-04-22 15:00:00+00:00,usdcad,1.27158,1.27244,1.26958,1.2713
2022-04-22 16:00:00+00:00,usdcad,1.27135,1.27259,1.27084,1.27159
2022-04-22 17:00:00+00:00,usdcad,1.27124,1.27186,1.27039,1.27134
2022-04-22 18:00:00+00:00,usdcad,1.27214,1.27222,1.27042,1.27125
2022-04-22 19:00:00+00:00,usdcad,1.2722,1.27263,1.27029,1.27213
2022-04-22 20:00:00+00:00,usdcad,1.270995,1.27249,1.27093,1.27219
2022-04-24 21:00:00+00:00,usdcad,1.27104,1.272005,1.270805,1.271885
2022-04-24 22:00:00+00:00,usdcad,1.2717,1.2728,1.27083,1.27107
2022-04-24 23:00:00+00:00,usdcad,1.27236,1.27256,1.27161,1.27169
2022-04-25 00:00:00+00:00,usdcad,1.27275,1.27283,1.27212,1.27234
2022-04-25 01:00:00+00:00,usdcad,1.27367,1.27433,1.2726,1.27274
2022-04-25 02:00:00+00:00,usdcad,1.2737,1.27381,1.27342,1.27368
2022-04-25 03:00:00+00:00,usdcad,1.27319,1.2738,1.27255,1.27369
2022-04-25 04:00:00+00:00,usdcad,1.27351,1.27379,1.27302,1.27318
2022-04-25 05:00:00+00:00,usdcad,1.27347,1.27364,1.27285,1.27352
2022-04-25 06:00:00+00:00,usdcad,1.27551,1.27567,1.27318,1.27348
2022-04-25 07:00:00+00:00,usdcad,1.27321,1.27568,1.27279,1.2755
2022-04-25 08:00:00+00:00,usdcad,1.27298,1.27356,1.27194,1.2732
2022-04-25 09:00:00+00:00,usdcad,1.27465,1.27468,1.27268,1.27299
2022-04-25 10:00:00+00:00,usdcad,1.27572,1.27631,1.27408,1.27464
2022-04-25 11:00:00+00:00,usdcad,1.27503,1.27688,1.27421,1.27571
2022-04-25 12:00:00+00:00,usdcad,1.27608,1.27634,1.27454,1.27504
2022-04-25 13:00:00+00:00,usdcad,1.27659,1.27686,1.27501,1.27607
2022-04-25 14:00:00+00:00,usdcad,1.27718,1.27737,1.27592,1.27657
2022-04-25 15:00:00+00:00,usdcad,1.27762,1.27774,1.27567,1.27719
2022-04-25 16:00:00+00:00,usdcad,1.2762,1.27774,1.27553,1.27761
2022-04-25 17:00:00+00:00,usdcad,1.27553,1.27716,1.27541,1.27619
2022-04-25 18:00:00+00:00,usdcad,1.27289,1.27635,1.27263,1.27552
2022-04-25 19:00:00+00:00,usdcad,1.27254,1.2735,1.27154,1.27289
2022-04-25 20:00:00+00:00,usdcad,1.27344,1.27381,1.27231,1.27253
2022-04-25 21:00:00+00:00,usdcad,1.27351,1.273915,1.272845,1.27354
2022-04-25 22:00:00+00:00,usdcad,1.27338,1.27436,1.27312,1.27352
2022-04-25 23:00:00+00:00,usdcad,1.27386,1.27404,1.27333,1.27335
2022-04-26 00:00:00+00:00,usdcad,1.27308,1.27452,1.27305,1.27387
2022-04-26 01:00:00+00:00,usdcad,1.27324,1.27424,1.27267,1.27309
2022-04-26 02:00:00+00:00,usdcad,1.27169,1.27347,1.27166,1.27325
2022-04-26 03:00:00+00:00,usdcad,1.26906,1.27183,1.26906,1.27168
2022-04-26 04:00:00+00:00,usdcad,1.26879,1.26912,1.26845,1.26907
2022-04-26 05:00:00+00:00,usdcad,1.26942,1.2695,1.26869,1.26878
2022-04-26 06:00:00+00:00,usdcad,1.27173,1.27198,1.26924,1.26943
2022-04-26 07:00:00+00:00,usdcad,1.27453,1.27457,1.27164,1.2717
2022-04-26 08:00:00+00:00,usdcad,1.27364,1.27475,1.27351,1.27454
2022-04-26 09:00:00+00:00,usdcad,1.27382,1.27464,1.27319,1.27365
2022-04-26 10:00:00+00:00,usdcad,1.27373,1.2745,1.2732,1.27383
2022-04-26 11:00:00+00:00,usdcad,1.27508,1.27564,1.27361,1.27374
2022-04-26 12:00:00+00:00,usdcad,1.27771,1.27793,1.27486,1.27509
2022-04-26 13:00:00+00:00,usdcad,1.28131,1.28195,1.27714,1.27774
2022-04-26 14:00:00+00:00,usdcad,1.2811,1.28281,1.28013,1.281325
2022-04-26 15:00:00+00:00,usdcad,1.27985,1.28118,1.27873,1.28109
2022-04-26 16:00:00+00:00,usdcad,1.27851,1.28021,1.27849,1.27986
2022-04-26 17:00:00+00:00,usdcad,1.27989,1.27997,1.27841,1.27852
2022-04-26 18:00:00+00:00,usdcad,1.28,1.28038,1.27948,1.27988
2022-04-26 19:00:00+00:00,usdcad,1.28136,1.28195,1.27997,1.28001
2022-04-26 20:00:00+00:00,usdcad,1.28261,1.282665,1.28079,1.28135
2022-04-26 21:00:00+00:00,usdcad,1.28239,1.282655,1.28237,1.282625
2022-04-26 22:00:00+00:00,usdcad,1.28102,1.28239,1.28092,1.28239
2022-04-26 23:00:00+00:00,usdcad,1.2807,1.28126,1.28049,1.28103
2022-04-27 00:00:00+00:00,usdcad,1.28091,1.28213,1.28029,1.2807
2022-04-27 01:00:00+00:00,usdcad,1.27962,1.28122,1.27927,1.28092
2022-04-27 02:00:00+00:00,usdcad,1.27919,1.28082,1.27897,1.27963
2022-04-27 03:00:00+00:00,usdcad,1.27944,1.27978,1.27887,1.27918
2022-04-27 04:00:00+00:00,usdcad,1.27853,1.27957,1.27851,1.27942
2022-04-27 05:00:00+00:00,usdcad,1.27906,1.27911,1.27783,1.27852
2022-04-27 06:00:00+00:00,usdcad,1.28032,1.28066,1.27906,1.27907
2022-04-27 07:00:00+00:00,usdcad,1.28228,1.28463,1.28021,1.28031
2022-04-27 08:00:00+00:00,usdcad,1.28461,1.28461,1.28135,1.28229
2022-04-27 09:00:00+00:00,usdcad,1.28357,1.28478,1.28276,1.2846
2022-04-27 10:00:00+00:00,usdcad,1.28309,1.2845,1.28298,1.28358
2022-04-27 11:00:00+00:00,usdcad,1.2832,1.28405,1.28228,1.2831
2022-04-27 12:00:00+00:00,usdcad,1.2836,1.28464,1.28174,1.28321
2022-04-27 13:00:00+00:00,usdcad,1.28326,1.28471,1.28232,1.28361
2022-04-27 14:00:00+00:00,usdcad,1.28534,1.28542,1.28313,1.28325
2022-04-27 15:00:00+00:00,usdcad,1.28284,1.2854,1.28283,1.28534
2022-04-27 16:00:00+00:00,usdcad,1.28103,1.2832,1.27964,1.28283
2022-04-27 17:00:00+00:00,usdcad,1.28017,1.28228,1.28015,1.28102
2022-04-27 18:00:00+00:00,usdcad,1.2832,1.28327,1.28006,1.28018
2022-04-27 19:00:00+00:00,usdcad,1.2819,1.28349,1.28176,1.28322
2022-04-27 20:00:00+00:00,usdcad,1.28261,1.28286,1.2817,1.28192
2022-04-27 21:00:00+00:00,usdcad,1.28157,1.2822,1.281255,1.28183
2022-04-27 22:00:00+00:00,usdcad,1.28177,1.28196,1.2811,1.28158
2022-04-27 23:00:00+00:00,usdcad,1.28155,1.2821,1.28141,1.28174
2022-04-28 00:00:00+00:00,usdcad,1.2823,1.28298,1.28137,1.2816
2022-04-28 01:00:00+00:00,usdcad,1.28111,1.28279,1.28104,1.28229
2022-04-28 02:00:00+00:00,usdcad,1.28187,1.2824,1.28103,1.28112
2022-04-28 03:00:00+00:00,usdcad,1.28412,1.28418,1.28143,1.28188
2022-04-28 04:00:00+00:00,usdcad,1.28334,1.2844,1.28288,1.28413
2022-04-28 05:00:00+00:00,usdcad,1.28407,1.2858,1.28306,1.28335
2022-04-28 06:00:00+00:00,usdcad,1.28186,1.28417,1.28147,1.28406
2022-04-28 07:00:00+00:00,usdcad,1.28046,1.28222,1.27984,1.28185
2022-04-28 08:00:00+00:00,usdcad,1.2818,1.28215,1.2804,1.28047
2022-04-28 09:00:00+00:00,usdcad,1.28357,1.2839,1.2813,1.28179
2022-04-28 10:00:00+00:00,usdcad,1.28628,1.28649,1.28343,1.28358
2022-04-28 11:00:00+00:00,usdcad,1.28761,1.28799,1.28553,1.28629
2022-04-28 12:00:00+00:00,usdcad,1.28675,1.28769,1.28362,1.28762
2022-04-28 13:00:00+00:00,usdcad,1.28569,1.28696,1.28488,1.28677
2022-04-28 14:00:00+00:00,usdcad,1.28386,1.28647,1.28363,1.28572
2022-04-28 15:00:00+00:00,usdcad,1.28319,1.284,1.28254,1.28385
2022-04-28 16:00:00+00:00,usdcad,1.28039,1.28402,1.28,1.28318
2022-04-28 17:00:00+00:00,usdcad,1.27987,1.28083,1.27913,1.2804
2022-04-28 18:00:00+00:00,usdcad,1.28074,1.28128,1.27925,1.27986
2022-04-28 19:00:00+00:00,usdcad,1.27999,1.28084,1.27984,1.28074
2022-04-28 20:00:00+00:00,usdcad,1.280875,1.28095,1.27972,1.28001
2022-04-28 21:00:00+00:00,usdcad,1.280775,1.280895,1.280345,1.28081
2022-04-28 22:00:00+00:00,usdcad,1.28071,1.281355,1.28062,1.280785
2022-04-28 23:00:00+00:00,usdcad,1.28044,1.2811,1.28042,1.28069
2022-04-29 00:00:00+00:00,usdcad,1.27826,1.28047,1.27825,1.2804
2022-04-29 01:00:00+00:00,usdcad,1.27789,1.27837,1.27644,1.27825
2022-04-29 02:00:00+00:00,usdcad,1.27865,1.27937,1.27759,1.2779
2022-04-29 03:00:00+00:00,usdcad,1.27772,1.27869,1.27715,1.27863
2022-04-29 04:00:00+00:00,usdcad,1.27596,1.27814,1.2758,1.27774
2022-04-29 05:00:00+00:00,usdcad,1.27521,1.27605,1.27406,1.27597
2022-04-29 06:00:00+00:00,usdcad,1.27454,1.27571,1.2741,1.27522
2022-04-29 07:00:00+00:00,usdcad,1.27314,1.27513,1.27246,1.27455
2022-04-29 08:00:00+00:00,usdcad,1.275,1.27501,1.27293,1.27313
2022-04-29 09:00:00+00:00,usdcad,1.27453,1.27505,1.27405,1.27499
2022-04-29 10:00:00+00:00,usdcad,1.27382,1.27483,1.27382,1.27452
2022-04-29 11:00:00+00:00,usdcad,1.27435,1.27514,1.27298,1.27383
2022-04-29 12:00:00+00:00,usdcad,1.2721,1.27509,1.2719,1.27434
2022-04-29 13:00:00+00:00,usdcad,1.27423,1.27483,1.27201,1.27211
2022-04-29 14:00:00+00:00,usdcad,1.27786,1.27912,1.27371,1.27424
2022-04-29 15:00:00+00:00,usdcad,1.28037,1.28213,1.27777,1.27787
2022-04-29 16:00:00+00:00,usdcad,1.28166,1.28253,1.28026,1.28036
2022-04-29 17:00:00+00:00,usdcad,1.28101,1.28209,1.27973,1.28165
2022-04-29 18:00:00+00:00,usdcad,1.28329,1.28359,1.2808,1.281
2022-04-29 19:00:00+00:00,usdcad,1.28468,1.28608,1.2833,1.2833
2022-04-29 20:00:00+00:00,usdcad,1.285815,1.28601,1.28439,1.28469
2022-05-01 21:00:00+00:00,usdcad,1.285295,1.28542,1.28455,1.28455
2022-05-01 22:00:00+00:00,usdcad,1.28471,1.28628,1.28415,1.285305
2022-05-01 23:00:00+00:00,usdcad,1.28554,1.28559,1.28425,1.28472
2022-05-02 00:00:00+00:00,usdcad,1.28579,1.28623,1.28469,1.28555
2022-05-02 01:00:00+00:00,usdcad,1.28673,1.28705,1.28491,1.2858
2022-05-02 02:00:00+00:00,usdcad,1.28692,1.28741,1.2865,1.28672
2022-05-02 03:00:00+00:00,usdcad,1.28652,1.28691,1.28608,1.28691
2022-05-02 04:00:00+00:00,usdcad,1.28647,1.28712,1.28612,1.28651
2022-05-02 05:00:00+00:00,usdcad,1.28694,1.28697,1.28567,1.28646
2022-05-02 06:00:00+00:00,usdcad,1.2861,1.28719,1.2857,1.28693
2022-05-02 07:00:00+00:00,usdcad,1.28757,1.28787,1.28503,1.28611
2022-05-02 08:00:00+00:00,usdcad,1.28781,1.288,1.28616,1.28752
2022-05-02 09:00:00+00:00,usdcad,1.28698,1.28799,1.28615,1.28782
2022-05-02 10:00:00+00:00,usdcad,1.28669,1.28751,1.28668,1.28697
2022-05-02 11:00:00+00:00,usdcad,1.28794,1.28803,1.28616,1.2867
2022-05-02 12:00:00+00:00,usdcad,1.29023,1.2906,1.28774,1.28795
2022-05-02 13:00:00+00:00,usdcad,1.28994,1.29079,1.28822,1.29024
2022-05-02 14:00:00+00:00,usdcad,1.28937,1.2914,1.28804,1.2899
2022-05-02 15:00:00+00:00,usdcad,1.28836,1.29028,1.28818,1.28938
2022-05-02 16:00:00+00:00,usdcad,1.29017,1.29036,1.28771,1.28837
2022-05-02 17:00:00+00:00,usdcad,1.29031,1.29116,1.28933,1.29018
2022-05-02 18:00:00+00:00,usdcad,1.29075,1.2914,1.28975,1.29033
2022-05-02 19:00:00+00:00,usdcad,1.28738,1.2908,1.28721,1.29077
2022-05-02 20:00:00+00:00,usdcad,1.28787,1.28834,1.28739,1.28739
2022-05-02 21:00:00+00:00,usdcad,1.28757,1.28809,1.287255,1.287885
2022-05-02 22:00:00+00:00,usdcad,1.28741,1.28816,1.28741,1.28755
2022-05-02 23:00:00+00:00,usdcad,1.28714,1.28794,1.28714,1.28738
2022-05-03 00:00:00+00:00,usdcad,1.284,1.28718,1.28391,1.28715
2022-05-03 01:00:00+00:00,usdcad,1.28529,1.28626,1.2839,1.28399
2022-05-03 02:00:00+00:00,usdcad,1.28438,1.28544,1.28413,1.2853
2022-05-03 03:00:00+00:00,usdcad,1.28514,1.28535,1.28429,1.28439
2022-05-03 04:00:00+00:00,usdcad,1.28653,1.28653,1.28364,1.28515
2022-05-03 05:00:00+00:00,usdcad,1.28538,1.287,1.28513,1.28652
2022-05-03 06:00:00+00:00,usdcad,1.28629,1.28708,1.28496,1.28553
2022-05-03 07:00:00+00:00,usdcad,1.28579,1.28827,1.28567,1.28631
2022-05-03 08:00:00+00:00,usdcad,1.28731,1.28786,1.28514,1.28578
2022-05-03 09:00:00+00:00,usdcad,1.28688,1.28814,1.28663,1.2873
2022-05-03 10:00:00+00:00,usdcad,1.28869,1.28937,1.28635,1.28687
2022-05-03 11:00:00+00:00,usdcad,1.28588,1.28868,1.28577,1.28868
2022-05-03 12:00:00+00:00,usdcad,1.28496,1.28606,1.28467,1.28587
2022-05-03 13:00:00+00:00,usdcad,1.28558,1.28589,1.2839,1.28495
2022-05-03 14:00:00+00:00,usdcad,1.28523,1.28686,1.28255,1.28556
2022-05-03 15:00:00+00:00,usdcad,1.28368,1.28577,1.2835,1.28524
2022-05-03 16:00:00+00:00,usdcad,1.28557,1.28596,1.28366,1.28369
2022-05-03 17:00:00+00:00,usdcad,1.28399,1.28576,1.28322,1.28558
2022-05-03 18:00:00+00:00,usdcad,1.28438,1.2864,1.28389,1.284
2022-05-03 19:00:00+00:00,usdcad,1.28325,1.28475,1.28311,1.28436
2022-05-03 20:00:00+00:00,usdcad,1.283955,1.28424,1.28324,1.28326
2022-05-03 21:00:00+00:00,usdcad,1.28382,1.284245,1.283735,1.283855
2022-05-03 22:00:00+00:00,usdcad,1.28357,1.28406,1.28342,1.283815
2022-05-03 23:00:00+00:00,usdcad,1.2834,1.28407,1.28316,1.28358
2022-05-04 00:00:00+00:00,usdcad,1.28299,1.28391,1.28253,1.28341
2022-05-04 01:00:00+00:00,usdcad,1.28206,1.28315,1.28161,1.28298
2022-05-04 02:00:00+00:00,usdcad,1.28251,1.28253,1.28177,1.28205
2022-05-04 03:00:00+00:00,usdcad,1.28291,1.28297,1.28202,1.2825
2022-05-04 04:00:00+00:00,usdcad,1.28326,1.28331,1.28266,1.2829
2022-05-04 05:00:00+00:00,usdcad,1.28338,1.28403,1.28316,1.28327
2022-05-04 06:00:00+00:00,usdcad,1.28245,1.2837,1.28241,1.28337
2022-05-04 07:00:00+00:00,usdcad,1.28238,1.28426,1.28217,1.28246
2022-05-04 08:00:00+00:00,usdcad,1.28112,1.28247,1.28083,1.28239
2022-05-04 09:00:00+00:00,usdcad,1.28096,1.28189,1.28083,1.28111
2022-05-04 10:00:00+00:00,usdcad,1.28051,1.28145,1.28043,1.28095
2022-05-04 11:00:00+00:00,usdcad,1.28098,1.28157,1.2805,1.28052
2022-05-04 12:00:00+00:00,usdcad,1.28128,1.28202,1.28075,1.28099
2022-05-04 13:00:00+00:00,usdcad,1.28339,1.28374,1.28123,1.28127
2022-05-04 14:00:00+00:00,usdcad,1.28355,1.28535,1.28319,1.28341
2022-05-04 15:00:00+00:00,usdcad,1.28183,1.28367,1.28159,1.28354
2022-05-04 16:00:00+00:00,usdcad,1.28111,1.28248,1.2811,1.28182
2022-05-04 17:00:00+00:00,usdcad,1.281495,1.28291,1.28063,1.2811
2022-05-04 18:00:00+00:00,usdcad,1.27507,1.28469,1.27303,1.2815
2022-05-04 19:00:00+00:00,usdcad,1.27353,1.27763,1.27353,1.27506
2022-05-04 20:00:00+00:00,usdcad,1.2744,1.2751,1.27337,1.27354
2022-05-04 21:00:00+00:00,usdcad,1.274255,1.274565,1.273935,1.27439
2022-05-04 22:00:00+00:00,usdcad,1.27489,1.2749,1.27364,1.274225
2022-05-04 23:00:00+00:00,usdcad,1.27385,1.27488,1.27338,1.27488
2022-05-05 00:00:00+00:00,usdcad,1.27383,1.27476,1.27329,1.27386
2022-05-05 01:00:00+00:00,usdcad,1.27354,1.27426,1.27214,1.27382
2022-05-05 02:00:00+00:00,usdcad,1.27377,1.27414,1.27291,1.27355
2022-05-05 03:00:00+00:00,usdcad,1.27196,1.27393,1.27184,1.27378
2022-05-05 04:00:00+00:00,usdcad,1.27246,1.27261,1.27136,1.27194
2022-05-05 05:00:00+00:00,usdcad,1.27269,1.27324,1.27225,1.27245
2022-05-05 06:00:00+00:00,usdcad,1.27397,1.27398,1.27218,1.2727
2022-05-05 07:00:00+00:00,usdcad,1.27493,1.27564,1.27367,1.27398
2022-05-05 08:00:00+00:00,usdcad,1.2756,1.2765,1.27489,1.27493
2022-05-05 09:00:00+00:00,usdcad,1.27427,1.27584,1.27427,1.27561
2022-05-05 10:00:00+00:00,usdcad,1.27488,1.27522,1.27371,1.27429
2022-05-05 11:00:00+00:00,usdcad,1.27687,1.27723,1.27425,1.27489
2022-05-05 12:00:00+00:00,usdcad,1.27672,1.27706,1.27573,1.27689
2022-05-05 13:00:00+00:00,usdcad,1.27797,1.27894,1.27541,1.27673
2022-05-05 14:00:00+00:00,usdcad,1.28158,1.28342,1.27795,1.27796
2022-05-05 15:00:00+00:00,usdcad,1.28483,1.28499,1.28143,1.28159
2022-05-05 16:00:00+00:00,usdcad,1.28376,1.28601,1.28363,1.28484
2022-05-05 17:00:00+00:00,usdcad,1.28601,1.28637,1.28245,1.28375
2022-05-05 18:00:00+00:00,usdcad,1.28567,1.28684,1.2846,1.28602
2022-05-05 19:00:00+00:00,usdcad,1.28329,1.28601,1.283,1.28568
2022-05-05 20:00:00+00:00,usdcad,1.28342,1.28386,1.28296,1.28328
2022-05-05 21:00:00+00:00,usdcad,1.28363,1.284045,1.2836,1.28392
2022-05-05 22:00:00+00:00,usdcad,1.28229,1.28386,1.28201,1.283665
2022-05-05 23:00:00+00:00,usdcad,1.28281,1.28347,1.2821,1.28228
2022-05-06 00:00:00+00:00,usdcad,1.28343,1.28353,1.28146,1.28281
2022-05-06 01:00:00+00:00,usdcad,1.28488,1.28567,1.28267,1.28343
2022-05-06 02:00:00+00:00,usdcad,1.28365,1.28526,1.28314,1.28489
2022-05-06 03:00:00+00:00,usdcad,1.2833,1.28378,1.28295,1.28364
2022-05-06 04:00:00+00:00,usdcad,1.28361,1.28428,1.28279,1.28333
2022-05-06 05:00:00+00:00,usdcad,1.2846,1.28461,1.28359,1.2836
2022-05-06 06:00:00+00:00,usdcad,1.28609,1.28623,1.28387,1.28459
2022-05-06 07:00:00+00:00,usdcad,1.2854,1.28669,1.28428,1.28608
2022-05-06 08:00:00+00:00,usdcad,1.28442,1.28575,1.28242,1.28539
2022-05-06 09:00:00+00:00,usdcad,1.28229,1.28511,1.2819,1.28443
2022-05-06 10:00:00+00:00,usdcad,1.28279,1.28309,1.28203,1.2823
2022-05-06 11:00:00+00:00,usdcad,1.28377,1.28394,1.28259,1.28278
2022-05-06 12:00:00+00:00,usdcad,1.28672,1.28681,1.28137,1.28378
2022-05-06 13:00:00+00:00,usdcad,1.28951,1.28953,1.2847,1.28675
2022-05-06 14:00:00+00:00,usdcad,1.28784,1.28961,1.2865,1.28949
2022-05-06 15:00:00+00:00,usdcad,1.28894,1.28931,1.28615,1.28785
2022-05-06 16:00:00+00:00,usdcad,1.28792,1.28939,1.28721,1.28893
2022-05-06 17:00:00+00:00,usdcad,1.29049,1.29056,1.28717,1.28791
2022-05-06 18:00:00+00:00,usdcad,1.29064,1.29102,1.28962,1.2905
2022-05-06 19:00:00+00:00,usdcad,1.28848,1.29127,1.28812,1.29066
2022-05-06 20:00:00+00:00,usdcad,1.29086,1.29126,1.28848,1.28849
2022-05-08 21:00:00+00:00,usdcad,1.29042,1.290575,1.29039,1.29056
2022-05-08 22:00:00+00:00,usdcad,1.29177,1.29185,1.290405,1.290425
2022-05-08 23:00:00+00:00,usdcad,1.29193,1.29206,1.29137,1.29178
2022-05-09 00:00:00+00:00,usdcad,1.29395,1.294,1.29191,1.29194
2022-05-09 01:00:00+00:00,usdcad,1.29278,1.29444,1.29278,1.29396
2022-05-09 02:00:00+00:00,usdcad,1.29369,1.29419,1.29278,1.29279
2022-05-09 03:00:00+00:00,usdcad,1.29417,1.29449,1.293,1.29366
2022-05-09 04:00:00+00:00,usdcad,1.29457,1.29482,1.29417,1.29418
2022-05-09 05:00:00+00:00,usdcad,1.29496,1.29502,1.29425,1.29456
2022-05-09 06:00:00+00:00,usdcad,1.29431,1.29497,1.29352,1.29497
2022-05-09 07:00:00+00:00,usdcad,1.29302,1.29471,1.29257,1.29432
2022-05-09 08:00:00+00:00,usdcad,1.29326,1.29412,1.29263,1.29303
2022-05-09 09:00:00+00:00,usdcad,1.29331,1.29376,1.29221,1.29327
2022-05-09 10:00:00+00:00,usdcad,1.29433,1.29492,1.29304,1.2933
2022-05-09 11:00:00+00:00,usdcad,1.29365,1.29542,1.29311,1.29434
2022-05-09 12:00:00+00:00,usdcad,1.29169,1.29399,1.29082,1.29366
2022-05-09 13:00:00+00:00,usdcad,1.29386,1.29404,1.29137,1.29168
2022-05-09 14:00:00+00:00,usdcad,1.29749,1.29754,1.29334,1.29384
2022-05-09 15:00:00+00:00,usdcad,1.29636,1.29938,1.29628,1.2975
2022-05-09 16:00:00+00:00,usdcad,1.29655,1.29753,1.29324,1.29637
2022-05-09 17:00:00+00:00,usdcad,1.29948,1.30002,1.29643,1.29656
2022-05-09 18:00:00+00:00,usdcad,1.29879,1.30008,1.29821,1.29949
2022-05-09 19:00:00+00:00,usdcad,1.30097,1.30107,1.29816,1.29877
2022-05-09 20:00:00+00:00,usdcad,1.30099,1.30158,1.30028,1.30096
2022-05-09 21:00:00+00:00,usdcad,1.301215,1.301405,1.300855,1.301395
2022-05-09 22:00:00+00:00,usdcad,1.30108,1.30191,1.30088,1.301255
2022-05-09 23:00:00+00:00,usdcad,1.3011,1.30146,1.30067,1.30109
2022-05-10 00:00:00+00:00,usdcad,1.30255,1.30321,1.30102,1.30111
2022-05-10 01:00:00+00:00,usdcad,1.30249,1.30369,1.30207,1.30254
2022-05-10 02:00:00+00:00,usdcad,1.30036,1.30251,1.29974,1.3025
2022-05-10 03:00:00+00:00,usdcad,1.29933,1.30142,1.29916,1.30035
2022-05-10 04:00:00+00:00,usdcad,1.29992,1.30025,1.29914,1.29934
2022-05-10 05:00:00+00:00,usdcad,1.30027,1.30029,1.29871,1.29993
2022-05-10 06:00:00+00:00,usdcad,1.30088,1.30088,1.29921,1.30028
2022-05-10 07:00:00+00:00,usdcad,1.30176,1.30216,1.30048,1.30087
2022-05-10 08:00:00+00:00,usdcad,1.29924,1.30176,1.29917,1.30175
2022-05-10 09:00:00+00:00,usdcad,1.30063,1.30065,1.29865,1.29922
2022-05-10 10:00:00+00:00,usdcad,1.29924,1.30095,1.29857,1.30062
2022-05-10 11:00:00+00:00,usdcad,1.29934,1.30115,1.29856,1.29925
2022-05-10 12:00:00+00:00,usdcad,1.29841,1.29966,1.29777,1.29935
2022-05-10 13:00:00+00:00,usdcad,1.2983,1.29931,1.2962,1.2984
2022-05-10 14:00:00+00:00,usdcad,1.30134,1.30193,1.29683,1.29827
2022-05-10 15:00:00+00:00,usdcad,1.30292,1.30383,1.301,1.30135
2022-05-10 16:00:00+00:00,usdcad,1.30462,1.3049,1.3024,1.30291
2022-05-10 17:00:00+00:00,usdcad,1.30094,1.30525,1.3009,1.30461
2022-05-10 18:00:00+00:00,usdcad,1.30258,1.30303,1.30056,1.30093
2022-05-10 19:00:00+00:00,usdcad,1.30235,1.30389,1.30131,1.30259
2022-05-10 20:00:00+00:00,usdcad,1.302805,1.30342,1.30224,1.30236
2022-05-10 21:00:00+00:00,usdcad,1.302815,1.30296,1.30231,1.302815
2022-05-10 22:00:00+00:00,usdcad,1.30284,1.30299,1.30256,1.30283
2022-05-10 23:00:00+00:00,usdcad,1.30325,1.30345,1.30265,1.30283
2022-05-11 00:00:00+00:00,usdcad,1.30293,1.30352,1.30214,1.30326
2022-05-11 01:00:00+00:00,usdcad,1.3012,1.30319,1.30085,1.30294
2022-05-11 02:00:00+00:00,usdcad,1.30077,1.30155,1.30048,1.30119
2022-05-11 03:00:00+00:00,usdcad,1.30072,1.30114,1.30053,1.30078
2022-05-11 04:00:00+00:00,usdcad,1.30086,1.30112,1.30069,1.30073
2022-05-11 08:00:00+00:00,usdcad,1.29673,1.29748,1.2966,1.29746
2022-05-11 09:00:00+00:00,usdcad,1.29626,1.2968,1.29543,1.29672
2022-05-11 10:00:00+00:00,usdcad,1.29673,1.29716,1.29615,1.29625
2022-05-11 11:00:00+00:00,usdcad,1.29612,1.29687,1.29555,1.29672
2022-05-11 12:00:00+00:00,usdcad,1.30347,1.30398,1.29601,1.2961
2022-05-11 13:00:00+00:00,usdcad,1.29322,1.30368,1.29225,1.30348
2022-05-11 14:00:00+00:00,usdcad,1.29409,1.29518,1.29212,1.29319
2022-05-11 15:00:00+00:00,usdcad,1.29438,1.29548,1.29279,1.29408
2022-05-11 16:00:00+00:00,usdcad,1.29741,1.29757,1.29389,1.29439
2022-05-11 17:00:00+00:00,usdcad,1.30032,1.30067,1.29705,1.2974
2022-05-11 18:00:00+00:00,usdcad,1.29818,1.30038,1.29642,1.30033
2022-05-11 19:00:00+00:00,usdcad,1.29975,1.30028,1.29806,1.2982
2022-05-11 20:00:00+00:00,usdcad,1.299155,1.30011,1.29897,1.29974
2022-05-11 21:00:00+00:00,usdcad,1.29901,1.29955,1.298945,1.29897
2022-05-11 22:00:00+00:00,usdcad,1.29902,1.29971,1.299,1.299055
2022-05-11 23:00:00+00:00,usdcad,1.29959,1.2997,1.2989,1.29901
2022-05-12 00:00:00+00:00,usdcad,1.2988,1.30051,1.29835,1.29958
2022-05-12 01:00:00+00:00,usdcad,1.29819,1.29958,1.29772,1.29881
2022-05-12 02:00:00+00:00,usdcad,1.30041,1.30135,1.29797,1.2982
2022-05-12 03:00:00+00:00,usdcad,1.29969,1.30056,1.29937,1.3004
2022-05-12 04:00:00+00:00,usdcad,1.30192,1.30198,1.29939,1.29968
2022-05-12 05:00:00+00:00,usdcad,1.30297,1.30315,1.30116,1.30193
2022-05-12 06:00:00+00:00,usdcad,1.30231,1.30359,1.30165,1.30296
2022-05-12 07:00:00+00:00,usdcad,1.30122,1.30378,1.30062,1.3023
2022-05-12 08:00:00+00:00,usdcad,1.30275,1.30285,1.30094,1.30121
2022-05-12 09:00:00+00:00,usdcad,1.30393,1.30465,1.30169,1.30274
2022-05-12 10:00:00+00:00,usdcad,1.30313,1.30406,1.30295,1.30392
2022-05-12 11:00:00+00:00,usdcad,1.30402,1.3048,1.30214,1.30312
2022-05-12 12:00:00+00:00,usdcad,1.30149,1.30444,1.30008,1.30403
2022-05-12 13:00:00+00:00,usdcad,1.30432,1.30459,1.30025,1.30148
2022-05-12 14:00:00+00:00,usdcad,1.30225,1.30507,1.30123,1.30431
2022-05-12 15:00:00+00:00,usdcad,1.30566,1.30606,1.3002,1.30224
2022-05-12 16:00:00+00:00,usdcad,1.30393,1.30644,1.30175,1.30566
2022-05-12 17:00:00+00:00,usdcad,1.30608,1.30708,1.30377,1.30392
2022-05-12 18:00:00+00:00,usdcad,1.30739,1.30768,1.30537,1.3061
2022-05-12 19:00:00+00:00,usdcad,1.30406,1.30739,1.30397,1.30738
2022-05-12 20:00:00+00:00,usdcad,1.304655,1.30494,1.30401,1.30405
2022-05-12 21:00:00+00:00,usdcad,1.30482,1.30501,1.30441,1.30461
2022-05-12 22:00:00+00:00,usdcad,1.30369,1.304835,1.30366,1.304825
2022-05-12 23:00:00+00:00,usdcad,1.30257,1.30402,1.30233,1.3037
2022-05-13 00:00:00+00:00,usdcad,1.30208,1.30316,1.3011,1.3026
2022-05-13 01:00:00+00:00,usdcad,1.3023,1.30267,1.30053,1.30209
2022-05-13 02:00:00+00:00,usdcad,1.30104,1.30234,1.30077,1.30231
2022-05-13 03:00:00+00:00,usdcad,1.30032,1.30128,1.29956,1.30106
2022-05-13 04:00:00+00:00,usdcad,1.29973,1.30068,1.29972,1.30033
2022-05-13 05:00:00+00:00,usdcad,1.2999,1.30015,1.29923,1.29972
2022-05-13 06:00:00+00:00,usdcad,1.3015,1.30186,1.29968,1.29991
2022-05-13 07:00:00+00:00,usdcad,1.30063,1.30245,1.29929,1.30151
2022-05-13 08:00:00+00:00,usdcad,1.3006,1.3012,1.29987,1.30064
2022-05-13 09:00:00+00:00,usdcad,1.30177,1.30207,1.30036,1.30061
2022-05-13 10:00:00+00:00,usdcad,1.30015,1.30181,1.30001,1.30176
2022-05-13 11:00:00+00:00,usdcad,1.30052,1.30102,1.29943,1.30016
2022-05-13 12:00:00+00:00,usdcad,1.30137,1.30182,1.30021,1.30051
2022-05-13 13:00:00+00:00,usdcad,1.29775,1.30145,1.29726,1.30136
2022-05-13 14:00:00+00:00,usdcad,1.29476,1.29782,1.29242,1.29774
2022-05-13 15:00:00+00:00,usdcad,1.29283,1.29508,1.29279,1.29477
2022-05-13 16:00:00+00:00,usdcad,1.29294,1.29383,1.29147,1.29284
2022-05-13 17:00:00+00:00,usdcad,1.29484,1.29503,1.29225,1.29295
2022-05-13 18:00:00+00:00,usdcad,1.29304,1.29621,1.29301,1.29485
2022-05-13 19:00:00+00:00,usdcad,1.2922,1.29361,1.29201,1.29305
2022-05-13 20:00:00+00:00,usdcad,1.290825,1.29277,1.28946,1.29222
2022-05-16 00:00:00+00:00,usdcad,1.29052,1.29159,1.29037,1.29064
2022-05-16 01:00:00+00:00,usdcad,1.29317,1.29346,1.28953,1.29051
2022-05-16 02:00:00+00:00,usdcad,1.29547,1.29581,1.29318,1.29318
2022-05-16 03:00:00+00:00,usdcad,1.29732,1.29818,1.29524,1.29548
2022-05-16 04:00:00+00:00,usdcad,1.29657,1.2974,1.29634,1.29733
2022-05-16 05:00:00+00:00,usdcad,1.29585,1.2969,1.29539,1.29658
2022-05-16 06:00:00+00:00,usdcad,1.29611,1.2974,1.29539,1.29584
2022-05-16 07:00:00+00:00,usdcad,1.29467,1.29689,1.29356,1.2961
2022-05-16 08:00:00+00:00,usdcad,1.29232,1.29467,1.29207,1.29466
2022-05-16 09:00:00+00:00,usdcad,1.29413,1.29425,1.29198,1.29231
2022-05-16 10:00:00+00:00,usdcad,1.29244,1.29413,1.29221,1.29412
2022-05-16 11:00:00+00:00,usdcad,1.29267,1.29304,1.29169,1.29245
2022-05-16 12:00:00+00:00,usdcad,1.29234,1.29329,1.29203,1.29266
2022-05-16 13:00:00+00:00,usdcad,1.29203,1.293,1.29004,1.29233
2022-05-16 14:00:00+00:00,usdcad,1.29086,1.29279,1.28869,1.29204
2022-05-16 15:00:00+00:00,usdcad,1.28814,1.29165,1.28787,1.29087
2022-05-16 16:00:00+00:00,usdcad,1.2884,1.28871,1.28761,1.28813
2022-05-16 17:00:00+00:00,usdcad,1.28624,1.2885,1.28607,1.28841
2022-05-16 18:00:00+00:00,usdcad,1.28394,1.28675,1.28375,1.28626
2022-05-16 19:00:00+00:00,usdcad,1.28468,1.2852,1.28365,1.28395
2022-05-16 20:00:00+00:00,usdcad,1.28464,1.28586,1.28457,1.28469
2022-05-16 21:00:00+00:00,usdcad,1.28516,1.285355,1.28467,1.28467
2022-05-16 22:00:00+00:00,usdcad,1.28489,1.28539,1.284805,1.28518
2022-05-16 23:00:00+00:00,usdcad,1.28502,1.28529,1.28471,1.28488
2022-05-17 00:00:00+00:00,usdcad,1.28353,1.28502,1.28281,1.28502
2022-05-17 01:00:00+00:00,usdcad,1.2821,1.28437,1.28194,1.28354
2022-05-17 02:00:00+00:00,usdcad,1.28353,1.28394,1.28207,1.28211
2022-05-17 03:00:00+00:00,usdcad,1.28363,1.284,1.28336,1.28352
2022-05-17 04:00:00+00:00,usdcad,1.28296,1.28398,1.28294,1.28362
2022-05-17 05:00:00+00:00,usdcad,1.28202,1.28309,1.28188,1.28295
2022-05-17 06:00:00+00:00,usdcad,1.28243,1.28272,1.28135,1.28201
2022-05-17 07:00:00+00:00,usdcad,1.28234,1.28329,1.28204,1.28242
2022-05-17 08:00:00+00:00,usdcad,1.28114,1.28245,1.28075,1.28235
2022-05-17 09:00:00+00:00,usdcad,1.28092,1.28238,1.2808,1.28113
2022-05-17 10:00:00+00:00,usdcad,1.28155,1.28201,1.28069,1.28093
2022-05-17 11:00:00+00:00,usdcad,1.28242,1.28259,1.28124,1.28156
2022-05-17 12:00:00+00:00,usdcad,1.2831,1.28416,1.28212,1.28242
2022-05-17 13:00:00+00:00,usdcad,1.28262,1.28522,1.28252,1.28309
2022-05-17 14:00:00+00:00,usdcad,1.2846,1.28545,1.28206,1.28263
2022-05-17 15:00:00+00:00,usdcad,1.2839,1.28514,1.28337,1.28458
2022-05-17 16:00:00+00:00,usdcad,1.28255,1.28517,1.28239,1.28391
2022-05-17 17:00:00+00:00,usdcad,1.28318,1.28322,1.28234,1.28256
2022-05-17 18:00:00+00:00,usdcad,1.28294,1.28588,1.28219,1.28317
2022-05-17 19:00:00+00:00,usdcad,1.28164,1.28339,1.28164,1.28293
2022-05-17 20:00:00+00:00,usdcad,1.281105,1.2823,1.28085,1.28162
2022-05-17 21:00:00+00:00,usdcad,1.2809,1.281385,1.280855,1.28109
2022-05-17 22:00:00+00:00,usdcad,1.28065,1.28122,1.28056,1.280895
2022-05-17 23:00:00+00:00,usdcad,1.28066,1.28099,1.28043,1.28063
2022-05-18 00:00:00+00:00,usdcad,1.28062,1.28076,1.27953,1.28067
2022-05-18 01:00:00+00:00,usdcad,1.28252,1.28335,1.28057,1.28061
2022-05-18 02:00:00+00:00,usdcad,1.28313,1.28319,1.28244,1.28253
2022-05-18 03:00:00+00:00,usdcad,1.28357,1.28418,1.28286,1.28314
2022-05-18 04:00:00+00:00,usdcad,1.28369,1.28393,1.28309,1.28358
2022-05-18 05:00:00+00:00,usdcad,1.28119,1.28369,1.281,1.28368
2022-05-18 06:00:00+00:00,usdcad,1.28291,1.28291,1.28087,1.28117
2022-05-18 07:00:00+00:00,usdcad,1.28403,1.28405,1.28204,1.2829
2022-05-18 08:00:00+00:00,usdcad,1.28475,1.28518,1.28285,1.28402
2022-05-18 09:00:00+00:00,usdcad,1.2825,1.28512,1.28248,1.28474
2022-05-18 10:00:00+00:00,usdcad,1.28355,1.28361,1.28175,1.28249
2022-05-18 11:00:00+00:00,usdcad,1.28313,1.28469,1.28303,1.28354
2022-05-18 12:00:00+00:00,usdcad,1.28216,1.28314,1.28032,1.28312
2022-05-18 13:00:00+00:00,usdcad,1.28412,1.2843,1.2817,1.28215
2022-05-18 14:00:00+00:00,usdcad,1.28138,1.28462,1.28124,1.28411
2022-05-18 15:00:00+00:00,usdcad,1.28405,1.28574,1.28124,1.2814
2022-05-18 16:00:00+00:00,usdcad,1.28278,1.28549,1.28237,1.28407
2022-05-18 17:00:00+00:00,usdcad,1.28467,1.28504,1.28265,1.28279
2022-05-18 18:00:00+00:00,usdcad,1.28769,1.28791,1.28404,1.28466
2022-05-18 19:00:00+00:00,usdcad,1.28837,1.28851,1.28687,1.28767
2022-05-18 20:00:00+00:00,usdcad,1.288995,1.28961,1.28815,1.28832
2022-05-18 21:00:00+00:00,usdcad,1.288795,1.289225,1.288715,1.288985
2022-05-18 22:00:00+00:00,usdcad,1.2869,1.288835,1.28664,1.2888
2022-05-18 23:00:00+00:00,usdcad,1.28888,1.28888,1.28659,1.28691
2022-05-19 00:00:00+00:00,usdcad,1.28642,1.28887,1.28616,1.28887
2022-05-19 01:00:00+00:00,usdcad,1.28644,1.28738,1.28596,1.28641
2022-05-19 02:00:00+00:00,usdcad,1.28396,1.28646,1.28356,1.28645
2022-05-19 03:00:00+00:00,usdcad,1.28236,1.28409,1.28204,1.28395
2022-05-19 04:00:00+00:00,usdcad,1.28252,1.28277,1.28184,1.28237
2022-05-19 05:00:00+00:00,usdcad,1.28441,1.28454,1.28216,1.28251
2022-05-19 06:00:00+00:00,usdcad,1.28483,1.28566,1.28398,1.28442
2022-05-19 07:00:00+00:00,usdcad,1.28353,1.28596,1.28323,1.28482
2022-05-19 08:00:00+00:00,usdcad,1.28386,1.28491,1.2831,1.28352
2022-05-19 09:00:00+00:00,usdcad,1.28282,1.28467,1.2828,1.28387
2022-05-19 10:00:00+00:00,usdcad,1.28169,1.28373,1.28151,1.28283
2022-05-19 11:00:00+00:00,usdcad,1.28134,1.28338,1.28008,1.2817
2022-05-19 12:00:00+00:00,usdcad,1.28194,1.28254,1.28121,1.28135
2022-05-19 13:00:00+00:00,usdcad,1.28006,1.28199,1.27898,1.28196
2022-05-19 14:00:00+00:00,usdcad,1.28175,1.28271,1.27831,1.28009
2022-05-19 15:00:00+00:00,usdcad,1.28285,1.28294,1.2793,1.28173
2022-05-19 16:00:00+00:00,usdcad,1.28202,1.28284,1.2804,1.28284
2022-05-19 17:00:00+00:00,usdcad,1.27973,1.28292,1.27945,1.282
2022-05-19 18:00:00+00:00,usdcad,1.27984,1.28085,1.27894,1.27972
2022-05-19 19:00:00+00:00,usdcad,1.28098,1.28143,1.27889,1.27983
2022-05-19 20:00:00+00:00,usdcad,1.28227,1.28247,1.28097,1.28098
2022-05-19 21:00:00+00:00,usdcad,1.282445,1.28248,1.282015,1.282325
2022-05-19 22:00:00+00:00,usdcad,1.28162,1.282495,1.28159,1.282495
2022-05-19 23:00:00+00:00,usdcad,1.28194,1.28207,1.28151,1.28163
2022-05-20 00:00:00+00:00,usdcad,1.28217,1.28298,1.28116,1.28195
2022-05-20 01:00:00+00:00,usdcad,1.2816,1.28271,1.28075,1.28218
2022-05-20 02:00:00+00:00,usdcad,1.2827,1.2835,1.28154,1.28162
2022-05-20 03:00:00+00:00,usdcad,1.28317,1.28338,1.28259,1.28269
2022-05-20 04:00:00+00:00,usdcad,1.28121,1.28346,1.28113,1.28318
2022-05-20 05:00:00+00:00,usdcad,1.28036,1.28181,1.27985,1.28122
2022-05-20 06:00:00+00:00,usdcad,1.28005,1.28081,1.27956,1.28037
2022-05-20 07:00:00+00:00,usdcad,1.27956,1.28073,1.2788,1.28006
2022-05-20 08:00:00+00:00,usdcad,1.27881,1.28031,1.27864,1.27957
2022-05-20 09:00:00+00:00,usdcad,1.27808,1.2792,1.27767,1.27882
2022-05-20 10:00:00+00:00,usdcad,1.27835,1.27854,1.27772,1.27809
2022-05-20 11:00:00+00:00,usdcad,1.27941,1.27958,1.2783,1.27834
2022-05-20 12:00:00+00:00,usdcad,1.2795,1.28024,1.27819,1.27942
2022-05-20 13:00:00+00:00,usdcad,1.2802,1.28024,1.2794,1.27951
2022-05-20 15:00:00+00:00,usdcad,1.28371,1.28449,1.28299,1.28354
2022-05-20 16:00:00+00:00,usdcad,1.28417,1.28525,1.28326,1.28372
2022-05-20 17:00:00+00:00,usdcad,1.28457,1.28583,1.28361,1.28418
2022-05-20 18:00:00+00:00,usdcad,1.28509,1.28684,1.28448,1.28456
2022-05-20 19:00:00+00:00,usdcad,1.28332,1.28569,1.28282,1.28508
2022-05-20 20:00:00+00:00,usdcad,1.28384,1.283875,1.28289,1.28331
2022-05-22 21:00:00+00:00,usdcad,1.28399,1.28442,1.283835,1.28442
2022-05-22 22:00:00+00:00,usdcad,1.28244,1.283915,1.28173,1.283915
2022-05-22 23:00:00+00:00,usdcad,1.28156,1.28256,1.28122,1.28245
2022-05-23 00:00:00+00:00,usdcad,1.28023,1.28189,1.28002,1.28157
2022-05-23 01:00:00+00:00,usdcad,1.28062,1.28075,1.27921,1.28024
2022-05-23 02:00:00+00:00,usdcad,1.2801,1.28123,1.28004,1.28061
2022-05-23 03:00:00+00:00,usdcad,1.27992,1.28066,1.27924,1.28009
2022-05-23 04:00:00+00:00,usdcad,1.28023,1.2804,1.27966,1.27991
2022-05-23 05:00:00+00:00,usdcad,1.27936,1.28066,1.27831,1.28022
2022-05-23 06:00:00+00:00,usdcad,1.27886,1.2799,1.27836,1.27938
2022-05-23 07:00:00+00:00,usdcad,1.2788,1.2797,1.27851,1.27885
2022-05-23 08:00:00+00:00,usdcad,1.27993,1.28052,1.27786,1.27881
2022-05-23 09:00:00+00:00,usdcad,1.27871,1.28042,1.27814,1.27992
2022-05-23 10:00:00+00:00,usdcad,1.27746,1.27951,1.27739,1.27872
2022-05-23 11:00:00+00:00,usdcad,1.27843,1.27917,1.27735,1.27745
2022-05-23 12:00:00+00:00,usdcad,1.27936,1.27973,1.278,1.27841
2022-05-23 13:00:00+00:00,usdcad,1.2788,1.28017,1.27805,1.27935
2022-05-23 14:00:00+00:00,usdcad,1.27831,1.28042,1.27673,1.27879
2022-05-23 15:00:00+00:00,usdcad,1.27845,1.27869,1.27717,1.27832
2022-05-23 16:00:00+00:00,usdcad,1.27935,1.2798,1.27813,1.27844
2022-05-23 17:00:00+00:00,usdcad,1.27886,1.28084,1.27886,1.27934
2022-05-23 18:00:00+00:00,usdcad,1.27816,1.27902,1.27723,1.27885
2022-05-23 19:00:00+00:00,usdcad,1.27756,1.27829,1.2772,1.27815
2022-05-23 20:00:00+00:00,usdcad,1.276685,1.27761,1.276675,1.27755
2022-05-23 21:00:00+00:00,usdcad,1.276975,1.27758,1.27621,1.276835
2022-05-23 22:00:00+00:00,usdcad,1.27859,1.27862,1.27681,1.27694
2022-05-23 23:00:00+00:00,usdcad,1.27878,1.27944,1.27844,1.27859
2022-05-24 00:00:00+00:00,usdcad,1.28014,1.28033,1.27869,1.27879
2022-05-24 01:00:00+00:00,usdcad,1.27996,1.28054,1.2792,1.28013
2022-05-24 02:00:00+00:00,usdcad,1.28031,1.28078,1.27989,1.27994
2022-05-24 03:00:00+00:00,usdcad,1.28026,1.28097,1.28014,1.28033
2022-05-24 04:00:00+00:00,usdcad,1.28096,1.28131,1.28017,1.28025
2022-05-24 05:00:00+00:00,usdcad,1.28047,1.2812,1.28025,1.28097
2022-05-24 06:00:00+00:00,usdcad,1.28015,1.28131,1.27959,1.28048
2022-05-24 07:00:00+00:00,usdcad,1.27833,1.28013,1.27811,1.28013
2022-05-24 08:00:00+00:00,usdcad,1.28066,1.28105,1.27792,1.27834
2022-05-24 09:00:00+00:00,usdcad,1.28026,1.28085,1.27948,1.28067
2022-05-24 10:00:00+00:00,usdcad,1.27894,1.28034,1.27884,1.28027
2022-05-24 11:00:00+00:00,usdcad,1.27933,1.27948,1.27824,1.27893
2022-05-24 12:00:00+00:00,usdcad,1.27901,1.28001,1.27817,1.27931
2022-05-24 13:00:00+00:00,usdcad,1.2801,1.28097,1.27899,1.279
2022-05-24 14:00:00+00:00,usdcad,1.28568,1.28628,1.27985,1.28012
2022-05-24 15:00:00+00:00,usdcad,1.28426,1.28726,1.28416,1.28569
2022-05-24 16:00:00+00:00,usdcad,1.2839,1.28466,1.28214,1.28427
2022-05-24 17:00:00+00:00,usdcad,1.28251,1.28487,1.28198,1.28391
2022-05-24 18:00:00+00:00,usdcad,1.28353,1.28392,1.28167,1.28248
2022-05-24 19:00:00+00:00,usdcad,1.28108,1.28363,1.28035,1.28354
2022-05-24 20:00:00+00:00,usdcad,1.281845,1.28229,1.28098,1.28108
2022-05-24 21:00:00+00:00,usdcad,1.28201,1.282165,1.28168,1.28182
2022-05-24 22:00:00+00:00,usdcad,1.28239,1.28244,1.28147,1.282035
2022-05-24 23:00:00+00:00,usdcad,1.28237,1.28248,1.2815,1.28238
