date,ticker,close,high,low,open
2021-04-04 20:00:00+00:00,usdcad,1.25648,1.258945,1.256365,1.25759
2021-04-05 00:00:00+00:00,usdcad,1.2572,1.257325,1.256185,1.256485
2021-04-05 04:00:00+00:00,usdcad,1.25747,1.259475,1.257155,1.257205
2021-04-05 08:00:00+00:00,usdcad,1.254945,1.257675,1.254835,1.257465
2021-04-05 12:00:00+00:00,usdcad,1.25119,1.255055,1.25022,1.25494
2021-04-05 16:00:00+00:00,usdcad,1.252475,1.253735,1.25117,1.251185
2021-04-05 20:00:00+00:00,usdcad,1.252065,1.25289,1.251705,1.25247
2021-04-06 00:00:00+00:00,usdcad,1.254065,1.254335,1.251695,1.252075
2021-04-06 04:00:00+00:00,usdcad,1.253755,1.255455,1.252655,1.254065
2021-04-06 08:00:00+00:00,usdcad,1.256745,1.257555,1.253645,1.253745
2021-04-06 12:00:00+00:00,usdcad,1.25413,1.256975,1.253945,1.256755
2021-04-06 16:00:00+00:00,usdcad,1.257225,1.258315,1.253945,1.254125
2021-04-06 20:00:00+00:00,usdcad,1.257245,1.258195,1.25645,1.25722
2021-04-07 00:00:00+00:00,usdcad,1.258595,1.258915,1.256615,1.25725
2021-04-07 04:00:00+00:00,usdcad,1.260885,1.2618,1.25805,1.2586
2021-04-07 08:00:00+00:00,usdcad,1.259695,1.261815,1.258315,1.260895
2021-04-07 12:00:00+00:00,usdcad,1.26153,1.263495,1.259705,1.259705
2021-04-07 16:00:00+00:00,usdcad,1.26184,1.263285,1.260655,1.261525
2021-04-07 20:00:00+00:00,usdcad,1.2614,1.262055,1.260765,1.261845
2021-04-08 00:00:00+00:00,usdcad,1.260915,1.262735,1.260785,1.261395
2021-04-08 04:00:00+00:00,usdcad,1.26055,1.26115,1.25894,1.26092
2021-04-08 08:00:00+00:00,usdcad,1.258625,1.261775,1.258475,1.260555
2021-04-08 12:00:00+00:00,usdcad,1.257675,1.260675,1.257435,1.25863
2021-04-08 16:00:00+00:00,usdcad,1.256315,1.257845,1.25613,1.25767
2021-04-08 20:00:00+00:00,usdcad,1.25637,1.256845,1.25577,1.25632
2021-04-09 00:00:00+00:00,usdcad,1.257005,1.257655,1.255555,1.256365
2021-04-09 04:00:00+00:00,usdcad,1.259045,1.261105,1.257,1.257
2021-04-09 08:00:00+00:00,usdcad,1.256815,1.260325,1.256415,1.25904
2021-04-09 12:00:00+00:00,usdcad,1.254115,1.258345,1.254105,1.25681
2021-04-09 16:00:00+00:00,usdcad,1.25295,1.254355,1.252705,1.25412
2021-04-09 20:00:00+00:00,usdcad,1.252865,1.253335,1.252635,1.252945
2021-04-11 20:00:00+00:00,usdcad,1.253435,1.254465,1.252845,1.25424
2021-04-12 00:00:00+00:00,usdcad,1.255555,1.255875,1.253085,1.253425
2021-04-12 04:00:00+00:00,usdcad,1.25642,1.256805,1.255465,1.25555
2021-04-12 08:00:00+00:00,usdcad,1.253855,1.256705,1.253165,1.256425
2021-04-12 12:00:00+00:00,usdcad,1.255725,1.25725,1.253375,1.253845
2021-04-12 16:00:00+00:00,usdcad,1.2564,1.257435,1.2541,1.25572
2021-04-12 20:00:00+00:00,usdcad,1.256325,1.25685,1.255865,1.256405
2021-04-13 00:00:00+00:00,usdcad,1.257975,1.258165,1.256285,1.256315
2021-04-13 04:00:00+00:00,usdcad,1.258375,1.258795,1.257385,1.25798
2021-04-13 08:00:00+00:00,usdcad,1.261905,1.262285,1.257705,1.25838
2021-04-13 12:00:00+00:00,usdcad,1.254235,1.263015,1.253985,1.261915
2021-04-13 16:00:00+00:00,usdcad,1.253015,1.25459,1.252905,1.25424
2021-04-13 20:00:00+00:00,usdcad,1.25374,1.253965,1.252725,1.25302
2021-04-14 00:00:00+00:00,usdcad,1.254015,1.254785,1.25337,1.253735
2021-04-14 04:00:00+00:00,usdcad,1.2561,1.256205,1.253385,1.25399
2021-04-14 08:00:00+00:00,usdcad,1.255775,1.256175,1.253705,1.256105
2021-04-14 12:00:00+00:00,usdcad,1.251565,1.257645,1.251245,1.25578
2021-04-14 16:00:00+00:00,usdcad,1.25176,1.2531,1.25002,1.25157
2021-04-14 20:00:00+00:00,usdcad,1.251745,1.252265,1.251325,1.251755
2021-04-15 00:00:00+00:00,usdcad,1.252325,1.252675,1.250465,1.251765
2021-04-15 04:00:00+00:00,usdcad,1.249055,1.252875,1.248585,1.25232
2021-04-15 08:00:00+00:00,usdcad,1.249735,1.249895,1.247695,1.249045
2021-04-15 12:00:00+00:00,usdcad,1.253985,1.255865,1.249055,1.24973
2021-04-15 16:00:00+00:00,usdcad,1.253405,1.255135,1.25328,1.25398
2021-04-15 20:00:00+00:00,usdcad,1.25459,1.255255,1.253155,1.25341
2021-04-16 00:00:00+00:00,usdcad,1.254335,1.255965,1.254035,1.254585
2021-04-16 04:00:00+00:00,usdcad,1.251775,1.25453,1.251535,1.25434
2021-04-16 08:00:00+00:00,usdcad,1.250715,1.252175,1.24955,1.251765
2021-04-16 12:00:00+00:00,usdcad,1.24993,1.25182,1.249465,1.25072
2021-04-16 16:00:00+00:00,usdcad,1.25075,1.25085,1.249465,1.249935
2021-04-16 20:00:00+00:00,usdcad,1.250735,1.250895,1.250055,1.250745
2021-04-18 20:00:00+00:00,usdcad,1.251865,1.251865,1.250685,1.250695
2021-04-19 00:00:00+00:00,usdcad,1.251035,1.252865,1.2508,1.251855
2021-04-19 04:00:00+00:00,usdcad,1.248255,1.251045,1.248005,1.25104
2021-04-19 08:00:00+00:00,usdcad,1.249085,1.24945,1.247145,1.24826
2021-04-19 12:00:00+00:00,usdcad,1.253555,1.253655,1.248055,1.24909
2021-04-19 16:00:00+00:00,usdcad,1.253165,1.254425,1.251975,1.253565
2021-04-19 20:00:00+00:00,usdcad,1.2524,1.253565,1.252245,1.25316
2021-04-20 00:00:00+00:00,usdcad,1.249205,1.252675,1.249035,1.25239
2021-04-20 04:00:00+00:00,usdcad,1.249645,1.25004,1.247885,1.24921
2021-04-20 08:00:00+00:00,usdcad,1.252695,1.25405,1.24853,1.24964
2021-04-20 12:00:00+00:00,usdcad,1.257505,1.258705,1.251785,1.25269
2021-04-20 16:00:00+00:00,usdcad,1.261395,1.262375,1.257125,1.257495
2021-04-20 20:00:00+00:00,usdcad,1.261255,1.261975,1.260795,1.26139
2021-04-21 00:00:00+00:00,usdcad,1.260365,1.2614,1.259805,1.26125
2021-04-21 04:00:00+00:00,usdcad,1.258855,1.261415,1.258335,1.260355
2021-04-21 08:00:00+00:00,usdcad,1.260275,1.260695,1.258315,1.258845
2021-04-21 12:00:00+00:00,usdcad,1.248455,1.26539,1.246005,1.26027
2021-04-21 16:00:00+00:00,usdcad,1.249325,1.249905,1.24824,1.24845
2021-04-21 20:00:00+00:00,usdcad,1.250465,1.250745,1.249315,1.249315
2021-04-22 00:00:00+00:00,usdcad,1.25032,1.250685,1.248975,1.250475
2021-04-22 04:00:00+00:00,usdcad,1.249795,1.251295,1.247325,1.250285
2021-04-22 08:00:00+00:00,usdcad,1.250565,1.250955,1.24913,1.2498
2021-04-22 12:00:00+00:00,usdcad,1.24916,1.253475,1.248345,1.25057
2021-04-22 16:00:00+00:00,usdcad,1.250545,1.251085,1.247695,1.249165
2021-04-22 20:00:00+00:00,usdcad,1.250315,1.250855,1.249385,1.250555
2021-04-23 00:00:00+00:00,usdcad,1.247665,1.250635,1.247655,1.250315
2021-04-23 04:00:00+00:00,usdcad,1.247165,1.248885,1.247035,1.24767
2021-04-23 08:00:00+00:00,usdcad,1.247805,1.249615,1.24713,1.24717
2021-04-23 12:00:00+00:00,usdcad,1.249595,1.250535,1.247365,1.247795
2021-04-23 16:00:00+00:00,usdcad,1.247865,1.250945,1.246575,1.24959
2021-04-23 20:00:00+00:00,usdcad,1.247505,1.247905,1.246115,1.247855
2021-04-25 20:00:00+00:00,usdcad,1.248955,1.248975,1.247485,1.247985
2021-04-26 00:00:00+00:00,usdcad,1.24565,1.249015,1.244945,1.248945
2021-04-26 04:00:00+00:00,usdcad,1.246105,1.247345,1.244945,1.245655
2021-04-26 08:00:00+00:00,usdcad,1.244395,1.246965,1.24367,1.246095
2021-04-26 12:00:00+00:00,usdcad,1.239875,1.245495,1.238425,1.24439
2021-04-26 16:00:00+00:00,usdcad,1.239465,1.241445,1.23941,1.239885
2021-04-26 20:00:00+00:00,usdcad,1.239645,1.239995,1.239085,1.239455
2021-04-27 00:00:00+00:00,usdcad,1.240635,1.241055,1.238875,1.239655
2021-04-27 04:00:00+00:00,usdcad,1.240585,1.24135,1.239415,1.24063
2021-04-27 08:00:00+00:00,usdcad,1.240485,1.241885,1.23947,1.24059
2021-04-27 12:00:00+00:00,usdcad,1.239725,1.241645,1.239325,1.240495
2021-04-27 16:00:00+00:00,usdcad,1.239825,1.241505,1.239575,1.23972
2021-04-27 20:00:00+00:00,usdcad,1.240705,1.240915,1.239755,1.23982
2021-04-28 00:00:00+00:00,usdcad,1.241155,1.241835,1.240535,1.240715
2021-04-28 04:00:00+00:00,usdcad,1.241095,1.241475,1.240045,1.241145
2021-04-28 08:00:00+00:00,usdcad,1.239385,1.241525,1.23858,1.241085
2021-04-28 12:00:00+00:00,usdcad,1.235505,1.240325,1.235215,1.239375
2021-04-28 16:00:00+00:00,usdcad,1.231255,1.23581,1.231225,1.235515
2021-04-28 20:00:00+00:00,usdcad,1.230345,1.232265,1.230205,1.23125
2021-04-29 00:00:00+00:00,usdcad,1.231085,1.231265,1.228765,1.230355
2021-04-29 04:00:00+00:00,usdcad,1.230045,1.231345,1.229075,1.23109
2021-04-29 08:00:00+00:00,usdcad,1.228495,1.231445,1.228265,1.23005
2021-04-29 12:00:00+00:00,usdcad,1.229545,1.232205,1.228085,1.228485
2021-04-29 16:00:00+00:00,usdcad,1.227635,1.230865,1.22757,1.22955
2021-04-29 20:00:00+00:00,usdcad,1.22766,1.228605,1.227525,1.227625
2021-04-30 00:00:00+00:00,usdcad,1.227315,1.228305,1.227125,1.227665
2021-04-30 04:00:00+00:00,usdcad,1.228175,1.22889,1.226845,1.227305
2021-04-30 08:00:00+00:00,usdcad,1.22788,1.228945,1.226935,1.22818
2021-04-30 12:00:00+00:00,usdcad,1.229185,1.232275,1.226615,1.227885
2021-04-30 16:00:00+00:00,usdcad,1.229265,1.229605,1.227415,1.229545
2021-04-30 20:00:00+00:00,usdcad,1.228855,1.229475,1.227915,1.22927
2021-05-02 20:00:00+00:00,usdcad,1.228035,1.229445,1.22794,1.22921
2021-05-03 00:00:00+00:00,usdcad,1.229065,1.229915,1.226935,1.228025
2021-05-03 04:00:00+00:00,usdcad,1.23017,1.231075,1.22905,1.229055
2021-05-03 08:00:00+00:00,usdcad,1.229135,1.231885,1.228795,1.230165
2021-05-03 12:00:00+00:00,usdcad,1.227585,1.23047,1.226695,1.22913
2021-05-03 16:00:00+00:00,usdcad,1.227765,1.228475,1.22678,1.22758
2021-05-03 20:00:00+00:00,usdcad,1.228075,1.228375,1.227385,1.227755
2021-05-04 00:00:00+00:00,usdcad,1.229585,1.229865,1.22775,1.22807
2021-05-04 04:00:00+00:00,usdcad,1.231065,1.231715,1.228835,1.229575
2021-05-04 08:00:00+00:00,usdcad,1.233485,1.234605,1.230995,1.231055
2021-05-04 12:00:00+00:00,usdcad,1.231965,1.23518,1.229995,1.23349
2021-05-04 16:00:00+00:00,usdcad,1.230615,1.232165,1.23032,1.231975
2021-05-04 20:00:00+00:00,usdcad,1.230165,1.231135,1.230015,1.230625
2021-05-05 00:00:00+00:00,usdcad,1.22866,1.230305,1.228425,1.23017
2021-05-05 04:00:00+00:00,usdcad,1.229345,1.230635,1.228555,1.228655
2021-05-05 08:00:00+00:00,usdcad,1.227545,1.229465,1.226845,1.22934
2021-05-05 12:00:00+00:00,usdcad,1.226305,1.228305,1.225205,1.22685
2021-05-05 16:00:00+00:00,usdcad,1.227045,1.22847,1.226085,1.226295
2021-05-05 20:00:00+00:00,usdcad,1.22689,1.227415,1.226375,1.227035
2021-05-06 00:00:00+00:00,usdcad,1.227625,1.228855,1.225735,1.226895
2021-05-06 04:00:00+00:00,usdcad,1.225945,1.227735,1.22517,1.227615
2021-05-06 08:00:00+00:00,usdcad,1.22435,1.225995,1.223645,1.22595
2021-05-06 12:00:00+00:00,usdcad,1.219335,1.224745,1.218685,1.224345
2021-05-06 16:00:00+00:00,usdcad,1.216195,1.219705,1.215975,1.219345
2021-05-06 20:00:00+00:00,usdcad,1.215635,1.216565,1.214245,1.216205
2021-05-07 00:00:00+00:00,usdcad,1.216655,1.216735,1.214795,1.215605
2021-05-07 04:00:00+00:00,usdcad,1.217385,1.217845,1.216255,1.21666
2021-05-07 12:00:00+00:00,usdcad,1.213835,1.219385,1.212625,1.218215
2021-05-07 16:00:00+00:00,usdcad,1.215035,1.215895,1.21377,1.21383
2021-05-07 20:00:00+00:00,usdcad,1.212785,1.213975,1.212515,1.21373
2021-05-09 20:00:00+00:00,usdcad,1.211675,1.21358,1.21104,1.212065
2021-05-10 00:00:00+00:00,usdcad,1.212545,1.213065,1.21146,1.211695
2021-05-10 04:00:00+00:00,usdcad,1.211345,1.212725,1.209465,1.21254
2021-05-10 08:00:00+00:00,usdcad,1.211435,1.212395,1.210015,1.21135
2021-05-10 12:00:00+00:00,usdcad,1.208605,1.212735,1.208305,1.211425
2021-05-10 16:00:00+00:00,usdcad,1.209085,1.210365,1.207905,1.2086
2021-05-10 20:00:00+00:00,usdcad,1.209455,1.210595,1.209015,1.209075
2021-05-11 00:00:00+00:00,usdcad,1.209655,1.211345,1.20905,1.209445
2021-05-11 04:00:00+00:00,usdcad,1.210735,1.211425,1.208815,1.209645
2021-05-11 08:00:00+00:00,usdcad,1.210625,1.211235,1.209005,1.210725
2021-05-11 12:00:00+00:00,usdcad,1.209265,1.212615,1.207865,1.21062
2021-05-11 16:00:00+00:00,usdcad,1.209655,1.211145,1.208355,1.20926
2021-05-11 20:00:00+00:00,usdcad,1.209765,1.210435,1.209405,1.20965
2021-05-12 00:00:00+00:00,usdcad,1.21315,1.213255,1.209105,1.209755
2021-05-12 04:00:00+00:00,usdcad,1.20998,1.21324,1.209975,1.213155
2021-05-12 20:00:00+00:00,usdcad,1.212085,1.212955,1.212025,1.21282
2021-05-13 00:00:00+00:00,usdcad,1.21189,1.213035,1.210805,1.21207
2021-05-13 04:00:00+00:00,usdcad,1.214605,1.214635,1.211535,1.211885
2021-05-13 08:00:00+00:00,usdcad,1.213695,1.215695,1.21248,1.21458
2021-05-13 12:00:00+00:00,usdcad,1.21468,1.21537,1.21147,1.2137
2021-05-13 16:00:00+00:00,usdcad,1.21622,1.220315,1.213795,1.214665
2021-05-13 20:00:00+00:00,usdcad,1.217075,1.217395,1.215945,1.216215
2021-05-14 00:00:00+00:00,usdcad,1.21756,1.217925,1.216385,1.217075
2021-05-14 04:00:00+00:00,usdcad,1.214405,1.217555,1.214065,1.217555
2021-05-14 08:00:00+00:00,usdcad,1.212495,1.21546,1.212035,1.214415
2021-05-14 12:00:00+00:00,usdcad,1.211575,1.213415,1.208105,1.212505
2021-05-14 16:00:00+00:00,usdcad,1.211725,1.212685,1.210615,1.211555
2021-05-14 20:00:00+00:00,usdcad,1.210575,1.211775,1.210145,1.21173
2021-05-16 20:00:00+00:00,usdcad,1.211305,1.211905,1.210455,1.21149
2021-05-17 00:00:00+00:00,usdcad,1.2132,1.213665,1.21129,1.211325
2021-05-17 04:00:00+00:00,usdcad,1.211675,1.213245,1.210425,1.213195
2021-05-17 08:00:00+00:00,usdcad,1.212745,1.213065,1.210605,1.21168
2021-05-17 12:00:00+00:00,usdcad,1.207385,1.213235,1.2071,1.21272
2021-05-17 16:00:00+00:00,usdcad,1.206555,1.208155,1.206105,1.20739
2021-05-17 20:00:00+00:00,usdcad,1.20622,1.20742,1.206185,1.20656
2021-05-18 00:00:00+00:00,usdcad,1.204035,1.20666,1.20334,1.206225
2021-05-18 04:00:00+00:00,usdcad,1.202805,1.204695,1.201325,1.204045
2021-05-18 08:00:00+00:00,usdcad,1.203595,1.204365,1.201545,1.2028
2021-05-18 12:00:00+00:00,usdcad,1.206115,1.206545,1.202025,1.203605
2021-05-18 16:00:00+00:00,usdcad,1.206215,1.208145,1.205,1.20611
2021-05-18 20:00:00+00:00,usdcad,1.207315,1.207335,1.205865,1.20621
2021-05-19 00:00:00+00:00,usdcad,1.20693,1.208075,1.206295,1.20731
2021-05-19 04:00:00+00:00,usdcad,1.207775,1.20793,1.20581,1.206935
2021-05-19 08:00:00+00:00,usdcad,1.208365,1.209545,1.207045,1.20777
2021-05-19 12:00:00+00:00,usdcad,1.208995,1.212345,1.20544,1.208355
2021-05-19 16:00:00+00:00,usdcad,1.212345,1.21432,1.20791,1.209005
2021-05-19 20:00:00+00:00,usdcad,1.213175,1.21402,1.211935,1.21237
2021-05-20 00:00:00+00:00,usdcad,1.211305,1.213355,1.211185,1.213225
2021-05-20 04:00:00+00:00,usdcad,1.210365,1.211445,1.210025,1.2113
2021-05-20 08:00:00+00:00,usdcad,1.21086,1.21446,1.21031,1.21037
2021-05-20 12:00:00+00:00,usdcad,1.205025,1.211085,1.204955,1.210855
2021-05-20 16:00:00+00:00,usdcad,1.205715,1.206995,1.204955,1.205015
2021-05-20 20:00:00+00:00,usdcad,1.206345,1.20681,1.205635,1.205705
2021-05-21 00:00:00+00:00,usdcad,1.207725,1.208725,1.205735,1.206315
2021-05-21 04:00:00+00:00,usdcad,1.20866,1.209495,1.206845,1.207715
2021-05-21 08:00:00+00:00,usdcad,1.204395,1.209255,1.202945,1.208655
2021-05-21 12:00:00+00:00,usdcad,1.207335,1.20773,1.20277,1.204385
2021-05-21 16:00:00+00:00,usdcad,1.2064,1.209375,1.205545,1.20735
2021-05-21 20:00:00+00:00,usdcad,1.206635,1.206895,1.206375,1.206405
2021-05-23 20:00:00+00:00,usdcad,1.207045,1.20772,1.206055,1.207005
2021-05-24 00:00:00+00:00,usdcad,1.206795,1.207795,1.205975,1.207055
2021-05-24 04:00:00+00:00,usdcad,1.205775,1.207175,1.205535,1.2068
2021-05-24 08:00:00+00:00,usdcad,1.206375,1.208515,1.205715,1.205785
2021-05-24 12:00:00+00:00,usdcad,1.208305,1.208555,1.20499,1.20638
2021-05-24 16:00:00+00:00,usdcad,1.204265,1.208295,1.204105,1.208295
2021-05-24 20:00:00+00:00,usdcad,1.205035,1.205055,1.20419,1.204245
2021-05-25 00:00:00+00:00,usdcad,1.2044,1.20561,1.203955,1.20505
2021-05-25 04:00:00+00:00,usdcad,1.204895,1.205005,1.203005,1.204405
2021-05-25 08:00:00+00:00,usdcad,1.203305,1.205245,1.203255,1.2049
2021-05-25 12:00:00+00:00,usdcad,1.207105,1.207855,1.202925,1.203295
2021-05-25 16:00:00+00:00,usdcad,1.206665,1.207575,1.204325,1.207095
2021-05-25 20:00:00+00:00,usdcad,1.206655,1.20703,1.20617,1.206675
2021-05-26 00:00:00+00:00,usdcad,1.20496,1.206835,1.204615,1.206665
2021-05-26 04:00:00+00:00,usdcad,1.20713,1.207185,1.204365,1.204965
2021-05-26 08:00:00+00:00,usdcad,1.208825,1.20896,1.206635,1.207125
2021-05-26 12:00:00+00:00,usdcad,1.2112,1.21245,1.208425,1.20883
2021-05-26 16:00:00+00:00,usdcad,1.211705,1.212095,1.21063,1.211195
2021-05-26 20:00:00+00:00,usdcad,1.213055,1.213655,1.2117,1.2117
2021-05-27 00:00:00+00:00,usdcad,1.212285,1.214215,1.212135,1.213065
2021-05-27 04:00:00+00:00,usdcad,1.210455,1.212985,1.210335,1.212275
2021-05-27 08:00:00+00:00,usdcad,1.209215,1.211965,1.208755,1.210465
2021-05-27 12:00:00+00:00,usdcad,1.20765,1.209255,1.205665,1.20921
2021-05-27 16:00:00+00:00,usdcad,1.206425,1.208095,1.20622,1.207655
2021-05-27 20:00:00+00:00,usdcad,1.207115,1.207305,1.20635,1.206415
2021-05-28 00:00:00+00:00,usdcad,1.207765,1.20886,1.20706,1.207125
2021-05-28 04:00:00+00:00,usdcad,1.207925,1.209505,1.207525,1.207775
2021-05-28 08:00:00+00:00,usdcad,1.210985,1.211875,1.206955,1.20792
2021-05-28 12:00:00+00:00,usdcad,1.208865,1.21202,1.206325,1.21099
2021-05-28 16:00:00+00:00,usdcad,1.208095,1.20924,1.207185,1.208855
2021-05-28 20:00:00+00:00,usdcad,1.20752,1.208365,1.20717,1.208085
2021-05-30 20:00:00+00:00,usdcad,1.20787,1.208045,1.206695,1.206935
2021-05-31 00:00:00+00:00,usdcad,1.207795,1.20861,1.206965,1.207865
2021-05-31 04:00:00+00:00,usdcad,1.207065,1.208315,1.206545,1.20779
2021-05-31 08:00:00+00:00,usdcad,1.207245,1.207685,1.206165,1.20707
2021-06-01 00:00:00+00:00,usdcad,1.20491,1.205435,1.20477,1.204995
2021-06-01 04:00:00+00:00,usdcad,1.20311,1.205855,1.203055,1.204915
2021-06-01 08:00:00+00:00,usdcad,1.203255,1.205505,1.202865,1.203105
2021-06-01 12:00:00+00:00,usdcad,1.203235,1.203645,1.200725,1.203265
2021-06-01 16:00:00+00:00,usdcad,1.207205,1.20777,1.203195,1.203245
2021-06-01 20:00:00+00:00,usdcad,1.207125,1.207655,1.206815,1.20721
2021-06-02 00:00:00+00:00,usdcad,1.206155,1.207135,1.205665,1.207115
2021-06-02 04:00:00+00:00,usdcad,1.208105,1.208835,1.206165,1.206165
2021-06-02 08:00:00+00:00,usdcad,1.207345,1.209185,1.206865,1.2081
2021-06-02 12:00:00+00:00,usdcad,1.204835,1.207345,1.204375,1.20734
2021-06-02 16:00:00+00:00,usdcad,1.203285,1.205315,1.202945,1.204845
2021-06-02 20:00:00+00:00,usdcad,1.204075,1.204155,1.203295,1.203295
2021-06-03 00:00:00+00:00,usdcad,1.203815,1.20448,1.203035,1.20407
2021-06-03 04:00:00+00:00,usdcad,1.206715,1.206805,1.203695,1.203785
2021-06-03 08:00:00+00:00,usdcad,1.206535,1.207435,1.205215,1.20671
2021-06-03 12:00:00+00:00,usdcad,1.211255,1.211515,1.206395,1.20654
2021-06-03 16:00:00+00:00,usdcad,1.210315,1.212,1.210215,1.211265
2021-06-03 20:00:00+00:00,usdcad,1.210975,1.211145,1.210185,1.21032
2021-06-04 00:00:00+00:00,usdcad,1.211835,1.21243,1.210975,1.21098
2021-06-04 04:00:00+00:00,usdcad,1.21217,1.212475,1.210485,1.21183
2021-06-04 08:00:00+00:00,usdcad,1.212145,1.213325,1.211685,1.212165
2021-06-04 12:00:00+00:00,usdcad,1.209195,1.213155,1.207175,1.212155
2021-06-04 16:00:00+00:00,usdcad,1.207835,1.209645,1.207075,1.209185
2021-06-04 20:00:00+00:00,usdcad,1.2081,1.20841,1.20732,1.20783
2021-06-07 00:00:00+00:00,usdcad,1.208605,1.208955,1.208455,1.208645
2021-06-07 04:00:00+00:00,usdcad,1.209085,1.210675,1.208115,1.2086
2021-06-07 08:00:00+00:00,usdcad,1.207025,1.209905,1.206575,1.209075
2021-06-07 12:00:00+00:00,usdcad,1.206305,1.209475,1.206255,1.20703
2021-06-07 16:00:00+00:00,usdcad,1.207915,1.208345,1.205725,1.2063
2021-06-07 20:00:00+00:00,usdcad,1.208705,1.208765,1.207305,1.207925
2021-06-08 00:00:00+00:00,usdcad,1.208755,1.2091,1.20774,1.208715
2021-06-08 04:00:00+00:00,usdcad,1.208595,1.20951,1.207805,1.20876
2021-06-08 08:00:00+00:00,usdcad,1.207545,1.209445,1.207435,1.208605
2021-06-08 12:00:00+00:00,usdcad,1.21012,1.210155,1.207135,1.207555
2021-06-08 16:00:00+00:00,usdcad,1.211545,1.211755,1.209875,1.210115
2021-06-08 20:00:00+00:00,usdcad,1.211355,1.21179,1.210775,1.21154
2021-06-09 00:00:00+00:00,usdcad,1.210975,1.211575,1.210335,1.211365
2021-06-09 04:00:00+00:00,usdcad,1.209435,1.211155,1.209345,1.210985
2021-06-09 08:00:00+00:00,usdcad,1.207865,1.209515,1.207655,1.20944
2021-06-09 12:00:00+00:00,usdcad,1.21023,1.210505,1.205855,1.20786
2021-06-09 16:00:00+00:00,usdcad,1.211445,1.21177,1.210005,1.210235
2021-06-09 20:00:00+00:00,usdcad,1.211505,1.211595,1.210755,1.211435
2021-06-10 00:00:00+00:00,usdcad,1.211645,1.212375,1.2113,1.21151
2021-06-10 04:00:00+00:00,usdcad,1.211835,1.21248,1.210825,1.21164
2021-06-10 08:00:00+00:00,usdcad,1.210835,1.212245,1.210345,1.211825
2021-06-10 12:00:00+00:00,usdcad,1.207815,1.212545,1.207035,1.21084
2021-06-10 16:00:00+00:00,usdcad,1.209505,1.211445,1.20756,1.20782
2021-06-10 20:00:00+00:00,usdcad,1.209635,1.20998,1.209075,1.209515
2021-06-11 00:00:00+00:00,usdcad,1.208875,1.209725,1.208675,1.20964
2021-06-11 04:00:00+00:00,usdcad,1.208795,1.209025,1.208035,1.20887
2021-06-11 08:00:00+00:00,usdcad,1.210635,1.21099,1.208655,1.20879
2021-06-11 12:00:00+00:00,usdcad,1.216175,1.216335,1.210175,1.210645
2021-06-11 16:00:00+00:00,usdcad,1.216065,1.217735,1.215905,1.21617
2021-06-11 20:00:00+00:00,usdcad,1.215935,1.216735,1.21571,1.21606
2021-06-13 20:00:00+00:00,usdcad,1.216035,1.216455,1.21569,1.21581
2021-06-14 00:00:00+00:00,usdcad,1.215825,1.216835,1.215775,1.21603
2021-06-14 04:00:00+00:00,usdcad,1.214995,1.216385,1.21462,1.215185
2021-06-14 08:00:00+00:00,usdcad,1.21643,1.21715,1.214985,1.215
2021-06-14 12:00:00+00:00,usdcad,1.21327,1.216815,1.21284,1.216425
2021-06-14 16:00:00+00:00,usdcad,1.214315,1.214745,1.213025,1.213265
2021-06-14 20:00:00+00:00,usdcad,1.214335,1.21496,1.21393,1.21432
2021-06-15 00:00:00+00:00,usdcad,1.214035,1.215105,1.21372,1.214325
2021-06-15 04:00:00+00:00,usdcad,1.214255,1.214275,1.213015,1.214065
2021-06-15 08:00:00+00:00,usdcad,1.219235,1.21989,1.213915,1.21426
2021-06-15 12:00:00+00:00,usdcad,1.22035,1.22041,1.21709,1.219245
2021-06-15 16:00:00+00:00,usdcad,1.218765,1.220365,1.21871,1.220365
2021-06-15 20:00:00+00:00,usdcad,1.218605,1.21884,1.218045,1.218775
2021-06-16 00:00:00+00:00,usdcad,1.217745,1.21863,1.217575,1.2186
2021-06-16 04:00:00+00:00,usdcad,1.217805,1.218265,1.217065,1.21775
2021-06-16 08:00:00+00:00,usdcad,1.21794,1.218955,1.217725,1.21781
2021-06-16 12:00:00+00:00,usdcad,1.216525,1.219205,1.216515,1.217935
2021-06-16 16:00:00+00:00,usdcad,1.226695,1.2267,1.21571,1.216515
2021-06-16 20:00:00+00:00,usdcad,1.227865,1.228385,1.223575,1.226875
2021-06-17 00:00:00+00:00,usdcad,1.227645,1.229205,1.226895,1.22787
2021-06-17 04:00:00+00:00,usdcad,1.230105,1.230515,1.22627,1.22765
2021-06-17 08:00:00+00:00,usdcad,1.23348,1.234625,1.229235,1.2301
2021-06-17 12:00:00+00:00,usdcad,1.234585,1.235195,1.229625,1.233525
2021-06-17 16:00:00+00:00,usdcad,1.234855,1.237765,1.234145,1.234615
2021-06-17 20:00:00+00:00,usdcad,1.23457,1.23594,1.234325,1.235595
2021-06-18 00:00:00+00:00,usdcad,1.23514,1.235755,1.23392,1.234565
2021-06-18 04:00:00+00:00,usdcad,1.23668,1.238745,1.235125,1.235135
2021-06-18 08:00:00+00:00,usdcad,1.235925,1.23797,1.23559,1.236685
2021-06-18 12:00:00+00:00,usdcad,1.241135,1.24228,1.235935,1.235935
2021-06-18 16:00:00+00:00,usdcad,1.243655,1.248075,1.240895,1.241145
2021-06-18 20:00:00+00:00,usdcad,1.246805,1.247345,1.243595,1.243665
2021-06-20 20:00:00+00:00,usdcad,1.245085,1.246915,1.244165,1.246765
2021-06-21 00:00:00+00:00,usdcad,1.246965,1.247675,1.243605,1.24509
2021-06-21 04:00:00+00:00,usdcad,1.24639,1.24868,1.245005,1.24696
2021-06-21 08:00:00+00:00,usdcad,1.241825,1.247295,1.241385,1.246395
2021-06-21 12:00:00+00:00,usdcad,1.237085,1.242245,1.236605,1.241835
2021-06-21 16:00:00+00:00,usdcad,1.235925,1.237095,1.235355,1.237075
2021-06-21 20:00:00+00:00,usdcad,1.237005,1.23726,1.235445,1.23592
2021-06-22 00:00:00+00:00,usdcad,1.237215,1.238305,1.236775,1.237015
2021-06-22 04:00:00+00:00,usdcad,1.238685,1.238925,1.237065,1.237245
2021-06-22 08:00:00+00:00,usdcad,1.238665,1.239235,1.237445,1.238695
2021-06-22 12:00:00+00:00,usdcad,1.236485,1.240335,1.236135,1.238655
2021-06-22 16:00:00+00:00,usdcad,1.23112,1.236545,1.230455,1.236495
2021-06-22 20:00:00+00:00,usdcad,1.231135,1.231405,1.230225,1.231125
2021-06-23 00:00:00+00:00,usdcad,1.232365,1.232805,1.230705,1.23114
2021-06-23 04:00:00+00:00,usdcad,1.2297,1.232885,1.229695,1.23236
2021-06-23 08:00:00+00:00,usdcad,1.227685,1.230075,1.226965,1.229695
2021-06-23 12:00:00+00:00,usdcad,1.228635,1.229745,1.225255,1.22769
2021-06-23 16:00:00+00:00,usdcad,1.23101,1.231545,1.228625,1.22863
2021-06-23 20:00:00+00:00,usdcad,1.230535,1.231135,1.230185,1.231015
2021-06-24 00:00:00+00:00,usdcad,1.23066,1.231345,1.2301,1.23054
2021-06-24 04:00:00+00:00,usdcad,1.229645,1.231485,1.229345,1.230665
2021-06-24 08:00:00+00:00,usdcad,1.22982,1.230255,1.228275,1.229655
2021-06-24 12:00:00+00:00,usdcad,1.23209,1.23209,1.228765,1.229815
2021-06-24 16:00:00+00:00,usdcad,1.232255,1.23409,1.230975,1.232095
2021-06-24 20:00:00+00:00,usdcad,1.23226,1.232645,1.231775,1.23225
2021-06-25 00:00:00+00:00,usdcad,1.231175,1.232985,1.231105,1.232265
2021-06-25 04:00:00+00:00,usdcad,1.230235,1.231745,1.229995,1.23117
2021-06-25 08:00:00+00:00,usdcad,1.230885,1.23136,1.229895,1.230245
2021-06-25 12:00:00+00:00,usdcad,1.227955,1.230935,1.227275,1.230875
2021-06-25 16:00:00+00:00,usdcad,1.230515,1.230765,1.22723,1.227945
2021-06-25 20:00:00+00:00,usdcad,1.22937,1.231015,1.22937,1.23051
2021-06-27 20:00:00+00:00,usdcad,1.229415,1.2305,1.229245,1.229695
2021-06-28 00:00:00+00:00,usdcad,1.230805,1.231345,1.228955,1.22941
2021-06-28 04:00:00+00:00,usdcad,1.22915,1.231005,1.228795,1.230795
2021-06-28 08:00:00+00:00,usdcad,1.233105,1.233105,1.228915,1.229155
2021-06-28 12:00:00+00:00,usdcad,1.232655,1.23479,1.232345,1.233095
2021-06-28 16:00:00+00:00,usdcad,1.234345,1.234635,1.232095,1.232645
2021-06-28 20:00:00+00:00,usdcad,1.233495,1.23457,1.23334,1.234355
2021-06-29 00:00:00+00:00,usdcad,1.23469,1.234895,1.233175,1.233485
2021-06-29 04:00:00+00:00,usdcad,1.235655,1.235885,1.233605,1.234685
2021-06-29 08:00:00+00:00,usdcad,1.238495,1.238775,1.235615,1.23566
2021-06-29 12:00:00+00:00,usdcad,1.237795,1.239845,1.236495,1.238485
2021-06-29 16:00:00+00:00,usdcad,1.239525,1.23976,1.237495,1.2378
2021-06-29 20:00:00+00:00,usdcad,1.239755,1.240325,1.239015,1.239515
2021-06-30 00:00:00+00:00,usdcad,1.23957,1.24042,1.239155,1.23976
2021-06-30 04:00:00+00:00,usdcad,1.239775,1.240245,1.23825,1.239575
2021-06-30 08:00:00+00:00,usdcad,1.238345,1.242355,1.238195,1.23977
2021-06-30 12:00:00+00:00,usdcad,1.24049,1.240705,1.235585,1.238355
2021-06-30 16:00:00+00:00,usdcad,1.239775,1.242135,1.23944,1.240485
2021-06-30 20:00:00+00:00,usdcad,1.23944,1.24016,1.239055,1.23974
2021-07-01 00:00:00+00:00,usdcad,1.23969,1.240995,1.239365,1.239435
2021-07-01 04:00:00+00:00,usdcad,1.24005,1.240965,1.238765,1.239695
2021-07-01 08:00:00+00:00,usdcad,1.238065,1.241735,1.238045,1.240045
2021-07-01 12:00:00+00:00,usdcad,1.240565,1.242775,1.236485,1.23807
2021-07-01 16:00:00+00:00,usdcad,1.243915,1.244585,1.240505,1.240555
2021-07-01 20:00:00+00:00,usdcad,1.244115,1.244375,1.243505,1.243925
2021-07-02 00:00:00+00:00,usdcad,1.243155,1.244475,1.243065,1.24411
2021-07-02 04:00:00+00:00,usdcad,1.244075,1.244985,1.242825,1.243165
2021-07-02 08:00:00+00:00,usdcad,1.241785,1.244135,1.240255,1.24407
2021-07-02 12:00:00+00:00,usdcad,1.234575,1.242745,1.234265,1.241795
2021-07-02 16:00:00+00:00,usdcad,1.232375,1.235255,1.230935,1.23458
2021-07-02 20:00:00+00:00,usdcad,1.231935,1.23302,1.231895,1.232365
2021-07-05 00:00:00+00:00,usdcad,1.234655,1.234675,1.234115,1.2344
2021-07-05 04:00:00+00:00,usdcad,1.234435,1.23549,1.233425,1.23466
2021-07-05 08:00:00+00:00,usdcad,1.235665,1.235825,1.233485,1.234425
2021-07-05 12:00:00+00:00,usdcad,1.233055,1.237175,1.233035,1.23566
2021-07-05 16:00:00+00:00,usdcad,1.233315,1.233855,1.232455,1.233065
2021-07-05 20:00:00+00:00,usdcad,1.234085,1.235095,1.232705,1.233305
2021-07-06 00:00:00+00:00,usdcad,1.232425,1.23464,1.232105,1.234105
2021-07-06 04:00:00+00:00,usdcad,1.23254,1.2335,1.230405,1.232435
2021-07-06 08:00:00+00:00,usdcad,1.236115,1.236445,1.232375,1.232535
2021-07-06 12:00:00+00:00,usdcad,1.246525,1.24944,1.235675,1.23612
2021-07-06 16:00:00+00:00,usdcad,1.246435,1.249375,1.245115,1.24652
2021-07-06 20:00:00+00:00,usdcad,1.245865,1.246485,1.245465,1.246425
2021-07-07 00:00:00+00:00,usdcad,1.246455,1.247485,1.24586,1.24586
2021-07-07 04:00:00+00:00,usdcad,1.244285,1.247285,1.244075,1.246445
2021-07-07 08:00:00+00:00,usdcad,1.243145,1.24541,1.24293,1.24428
2021-07-07 12:00:00+00:00,usdcad,1.250775,1.25196,1.242325,1.243155
2021-07-07 16:00:00+00:00,usdcad,1.248525,1.250765,1.244975,1.250765
2021-07-07 20:00:00+00:00,usdcad,1.248265,1.24897,1.247745,1.248535
2021-07-08 00:00:00+00:00,usdcad,1.251945,1.252025,1.247885,1.24826
2021-07-08 04:00:00+00:00,usdcad,1.25505,1.25647,1.251855,1.251935
2021-07-08 08:00:00+00:00,usdcad,1.25637,1.259045,1.253885,1.25497
2021-07-08 12:00:00+00:00,usdcad,1.253465,1.25849,1.252575,1.256365
2021-07-08 16:00:00+00:00,usdcad,1.253335,1.254045,1.251765,1.253455
2021-07-08 20:00:00+00:00,usdcad,1.253135,1.254705,1.252585,1.25334
2021-07-09 00:00:00+00:00,usdcad,1.254405,1.255705,1.252495,1.253125
2021-07-09 04:00:00+00:00,usdcad,1.252465,1.254745,1.251645,1.254415
2021-07-09 08:00:00+00:00,usdcad,1.249555,1.252565,1.249075,1.252455
2021-07-09 12:00:00+00:00,usdcad,1.247775,1.250175,1.246655,1.249545
2021-07-09 16:00:00+00:00,usdcad,1.244935,1.248405,1.244885,1.247765
2021-07-09 20:00:00+00:00,usdcad,1.24476,1.245495,1.244345,1.24493
2021-07-11 20:00:00+00:00,usdcad,1.244885,1.24574,1.24469,1.24574
2021-07-12 00:00:00+00:00,usdcad,1.247275,1.247605,1.244875,1.244895
2021-07-12 04:00:00+00:00,usdcad,1.2472,1.248165,1.246355,1.247265
2021-07-12 08:00:00+00:00,usdcad,1.250805,1.251465,1.246145,1.247195
2021-07-12 12:00:00+00:00,usdcad,1.245565,1.250905,1.24527,1.25081
2021-07-12 16:00:00+00:00,usdcad,1.245485,1.246975,1.245455,1.24556
2021-07-12 20:00:00+00:00,usdcad,1.245655,1.245835,1.244945,1.24549
2021-07-13 00:00:00+00:00,usdcad,1.24506,1.245655,1.24426,1.245645
2021-07-13 04:00:00+00:00,usdcad,1.246715,1.24675,1.24497,1.245055
2021-07-13 08:00:00+00:00,usdcad,1.24783,1.249305,1.246425,1.246695
2021-07-13 12:00:00+00:00,usdcad,1.251005,1.253975,1.246945,1.247835
2021-07-13 16:00:00+00:00,usdcad,1.251715,1.252635,1.249965,1.251
2021-07-13 20:00:00+00:00,usdcad,1.252185,1.252515,1.251045,1.251725
2021-07-14 00:00:00+00:00,usdcad,1.250415,1.252465,1.249365,1.25219
2021-07-14 04:00:00+00:00,usdcad,1.251325,1.251365,1.249075,1.250425
2021-07-14 08:00:00+00:00,usdcad,1.247995,1.252635,1.247965,1.251315
2021-07-14 12:00:00+00:00,usdcad,1.252325,1.25245,1.242725,1.24799
2021-07-14 16:00:00+00:00,usdcad,1.250605,1.25235,1.249495,1.252315
2021-07-14 20:00:00+00:00,usdcad,1.251635,1.251885,1.250295,1.250615
2021-07-15 00:00:00+00:00,usdcad,1.253815,1.254865,1.251475,1.251625
2021-07-15 04:00:00+00:00,usdcad,1.252875,1.254705,1.251955,1.253835
2021-07-15 08:00:00+00:00,usdcad,1.25323,1.253645,1.250155,1.25288
2021-07-15 12:00:00+00:00,usdcad,1.258185,1.25856,1.25311,1.253235
2021-07-15 16:00:00+00:00,usdcad,1.259905,1.261385,1.256765,1.25821
2021-07-15 20:00:00+00:00,usdcad,1.259225,1.260075,1.258295,1.25991
2021-07-16 00:00:00+00:00,usdcad,1.257425,1.259605,1.257255,1.259255
2021-07-16 04:00:00+00:00,usdcad,1.25962,1.259675,1.256725,1.25743
2021-07-16 08:00:00+00:00,usdcad,1.25954,1.259945,1.256125,1.259625
2021-07-16 12:00:00+00:00,usdcad,1.258735,1.261195,1.257195,1.259535
2021-07-16 16:00:00+00:00,usdcad,1.261145,1.261745,1.257815,1.258745
2021-07-16 20:00:00+00:00,usdcad,1.261445,1.262075,1.260325,1.26114
2021-07-18 20:00:00+00:00,usdcad,1.261795,1.262315,1.260915,1.26093
2021-07-19 00:00:00+00:00,usdcad,1.263895,1.264125,1.261795,1.261805
2021-07-19 04:00:00+00:00,usdcad,1.269665,1.270775,1.263735,1.263885
2021-07-19 08:00:00+00:00,usdcad,1.277555,1.280465,1.269005,1.26966
2021-07-19 12:00:00+00:00,usdcad,1.275295,1.278615,1.27335,1.27755
2021-07-19 16:00:00+00:00,usdcad,1.27469,1.277795,1.274665,1.2753
2021-07-19 20:00:00+00:00,usdcad,1.275015,1.27543,1.273935,1.274695
2021-07-20 00:00:00+00:00,usdcad,1.275425,1.27557,1.273345,1.275005
2021-07-20 04:00:00+00:00,usdcad,1.277945,1.278475,1.2754,1.27541
2021-07-20 08:00:00+00:00,usdcad,1.274995,1.278025,1.273795,1.27795
2021-07-20 12:00:00+00:00,usdcad,1.272475,1.278685,1.272245,1.275
2021-07-20 16:00:00+00:00,usdcad,1.267795,1.273135,1.267515,1.27248
2021-07-20 20:00:00+00:00,usdcad,1.267575,1.268255,1.267415,1.26779
2021-07-21 00:00:00+00:00,usdcad,1.270155,1.271315,1.267355,1.26758
2021-07-21 04:00:00+00:00,usdcad,1.270075,1.272955,1.270065,1.270145
2021-07-21 08:00:00+00:00,usdcad,1.26995,1.270905,1.267115,1.270085
2021-07-21 12:00:00+00:00,usdcad,1.254065,1.270035,1.252585,1.269955
2021-07-21 16:00:00+00:00,usdcad,1.256465,1.256915,1.253345,1.254055
2021-07-21 20:00:00+00:00,usdcad,1.257155,1.257215,1.255665,1.256455
2021-07-22 00:00:00+00:00,usdcad,1.257625,1.258435,1.25691,1.257125
2021-07-22 04:00:00+00:00,usdcad,1.257135,1.258845,1.256205,1.257665
2021-07-22 08:00:00+00:00,usdcad,1.254125,1.257785,1.25392,1.25714
2021-07-22 12:00:00+00:00,usdcad,1.257955,1.25943,1.252935,1.25413
2021-07-22 16:00:00+00:00,usdcad,1.256575,1.258345,1.255395,1.257945
2021-07-22 20:00:00+00:00,usdcad,1.256445,1.257035,1.255575,1.25658
2021-07-23 00:00:00+00:00,usdcad,1.257085,1.257165,1.25554,1.25644
2021-07-23 04:00:00+00:00,usdcad,1.257255,1.258185,1.256465,1.257095
2021-07-23 08:00:00+00:00,usdcad,1.256715,1.25825,1.256015,1.25725
2021-07-23 12:00:00+00:00,usdcad,1.258255,1.260735,1.256005,1.25672
2021-07-23 16:00:00+00:00,usdcad,1.256895,1.25825,1.25655,1.25825
2021-07-23 20:00:00+00:00,usdcad,1.256455,1.256925,1.25586,1.256905
2021-07-25 20:00:00+00:00,usdcad,1.256865,1.257295,1.255925,1.25614
2021-07-26 00:00:00+00:00,usdcad,1.258075,1.258775,1.25681,1.256885
2021-07-26 04:00:00+00:00,usdcad,1.257415,1.259035,1.256015,1.258065
2021-07-26 08:00:00+00:00,usdcad,1.255725,1.2591,1.254525,1.257405
2021-07-26 12:00:00+00:00,usdcad,1.254045,1.258865,1.252825,1.255715
2021-07-26 16:00:00+00:00,usdcad,1.254185,1.255435,1.253925,1.254055
2021-07-26 20:00:00+00:00,usdcad,1.254335,1.255,1.253835,1.254175
2021-07-27 00:00:00+00:00,usdcad,1.254495,1.255345,1.253845,1.25434
2021-07-27 04:00:00+00:00,usdcad,1.257865,1.259275,1.254345,1.254485
2021-07-27 08:00:00+00:00,usdcad,1.257115,1.259275,1.256905,1.25784
2021-07-27 12:00:00+00:00,usdcad,1.258115,1.259465,1.255375,1.25711
2021-07-27 16:00:00+00:00,usdcad,1.259415,1.259905,1.25733,1.25811
2021-07-27 20:00:00+00:00,usdcad,1.259165,1.260465,1.25898,1.25942
2021-07-28 00:00:00+00:00,usdcad,1.258805,1.259775,1.257855,1.25916
2021-07-28 04:00:00+00:00,usdcad,1.258285,1.259625,1.257505,1.2588
2021-07-28 08:00:00+00:00,usdcad,1.256415,1.259305,1.256065,1.25828
2021-07-28 12:00:00+00:00,usdcad,1.25637,1.260265,1.255505,1.256425
2021-07-28 16:00:00+00:00,usdcad,1.253065,1.260255,1.25244,1.256365
2021-07-28 20:00:00+00:00,usdcad,1.252045,1.25317,1.251585,1.25307
2021-07-29 00:00:00+00:00,usdcad,1.249235,1.253055,1.249175,1.25205
2021-07-29 04:00:00+00:00,usdcad,1.246735,1.249285,1.246735,1.249245
2021-07-29 08:00:00+00:00,usdcad,1.246875,1.247575,1.245155,1.246755
2021-07-29 12:00:00+00:00,usdcad,1.244,1.248055,1.243455,1.246865
2021-07-29 16:00:00+00:00,usdcad,1.24483,1.24513,1.243245,1.243995
2021-07-29 20:00:00+00:00,usdcad,1.244985,1.245095,1.243925,1.244835
2021-07-30 00:00:00+00:00,usdcad,1.245115,1.247275,1.244755,1.244975
2021-07-30 04:00:00+00:00,usdcad,1.243785,1.24555,1.243545,1.245085
2021-07-30 08:00:00+00:00,usdcad,1.244605,1.245075,1.242675,1.243775
2021-07-30 12:00:00+00:00,usdcad,1.246595,1.248845,1.24225,1.244595
2021-07-30 16:00:00+00:00,usdcad,1.247985,1.249165,1.246585,1.246605
2021-07-30 20:00:00+00:00,usdcad,1.247455,1.248055,1.246075,1.247975
2021-08-01 20:00:00+00:00,usdcad,1.246785,1.24848,1.24646,1.24832
2021-08-02 00:00:00+00:00,usdcad,1.247535,1.249115,1.24679,1.246805
2021-08-02 04:00:00+00:00,usdcad,1.247035,1.24814,1.245905,1.24753
2021-08-02 08:00:00+00:00,usdcad,1.246405,1.247515,1.245545,1.247025
2021-08-02 12:00:00+00:00,usdcad,1.250225,1.25039,1.245305,1.246415
2021-08-02 16:00:00+00:00,usdcad,1.2509,1.251515,1.24977,1.25022
2021-08-02 20:00:00+00:00,usdcad,1.250155,1.25116,1.249835,1.250905
2021-08-03 00:00:00+00:00,usdcad,1.251575,1.251735,1.248965,1.250145
2021-08-03 04:00:00+00:00,usdcad,1.251035,1.25259,1.249975,1.251585
2021-08-03 08:00:00+00:00,usdcad,1.251755,1.252235,1.250595,1.251025
2021-08-03 20:00:00+00:00,usdcad,1.253385,1.253555,1.253165,1.25323
2021-08-04 00:00:00+00:00,usdcad,1.25205,1.255195,1.25169,1.25338
2021-08-04 04:00:00+00:00,usdcad,1.252165,1.254305,1.251555,1.252055
2021-08-04 08:00:00+00:00,usdcad,1.254955,1.255195,1.252095,1.25218
2021-08-04 12:00:00+00:00,usdcad,1.255135,1.256285,1.25229,1.25496
2021-08-04 16:00:00+00:00,usdcad,1.254855,1.255595,1.254045,1.25514
2021-08-04 20:00:00+00:00,usdcad,1.254475,1.25525,1.253965,1.254865
2021-08-05 00:00:00+00:00,usdcad,1.252915,1.254525,1.252775,1.254465
2021-08-05 04:00:00+00:00,usdcad,1.252075,1.253815,1.251765,1.25291
2021-08-05 08:00:00+00:00,usdcad,1.250665,1.253335,1.250435,1.25207
2021-08-05 12:00:00+00:00,usdcad,1.24869,1.252355,1.247485,1.250675
2021-08-05 16:00:00+00:00,usdcad,1.249925,1.250365,1.248635,1.248685
2021-08-05 20:00:00+00:00,usdcad,1.250185,1.250375,1.249565,1.24993
2021-08-06 00:00:00+00:00,usdcad,1.250825,1.251295,1.250185,1.250195
2021-08-06 04:00:00+00:00,usdcad,1.250375,1.251085,1.249455,1.25083
2021-08-06 08:00:00+00:00,usdcad,1.250655,1.251505,1.250135,1.250365
2021-08-06 12:00:00+00:00,usdcad,1.256425,1.258105,1.250285,1.250645
2021-08-06 16:00:00+00:00,usdcad,1.255955,1.256795,1.254945,1.256415
2021-08-06 20:00:00+00:00,usdcad,1.255835,1.256215,1.25517,1.25595
2021-08-08 20:00:00+00:00,usdcad,1.257385,1.257975,1.255035,1.255085
2021-08-09 00:00:00+00:00,usdcad,1.256275,1.258415,1.25589,1.257395
2021-08-09 04:00:00+00:00,usdcad,1.254875,1.25692,1.25419,1.256285
2021-08-09 08:00:00+00:00,usdcad,1.253535,1.256095,1.253415,1.25488
2021-08-09 12:00:00+00:00,usdcad,1.258205,1.258795,1.253185,1.253545
2021-08-09 16:00:00+00:00,usdcad,1.258,1.258255,1.256375,1.258195
2021-08-09 20:00:00+00:00,usdcad,1.257585,1.258435,1.25737,1.257995
2021-08-10 00:00:00+00:00,usdcad,1.257915,1.258945,1.257125,1.25759
2021-08-10 04:00:00+00:00,usdcad,1.256735,1.258145,1.255535,1.25791
2021-08-10 08:00:00+00:00,usdcad,1.257235,1.258015,1.256565,1.25674
2021-08-11 08:00:00+00:00,usdcad,1.25271,1.25431,1.252605,1.25389
2021-08-11 12:00:00+00:00,usdcad,1.251475,1.253335,1.24902,1.252715
2021-08-11 16:00:00+00:00,usdcad,1.250215,1.251495,1.24895,1.251465
2021-08-11 20:00:00+00:00,usdcad,1.250805,1.251225,1.250225,1.250225
2021-08-12 00:00:00+00:00,usdcad,1.250195,1.25146,1.25017,1.2508
2021-08-12 04:00:00+00:00,usdcad,1.251265,1.252205,1.250165,1.2502
2021-08-12 08:00:00+00:00,usdcad,1.251345,1.25224,1.250495,1.25127
2021-08-12 12:00:00+00:00,usdcad,1.252035,1.252915,1.250095,1.251355
2021-08-12 16:00:00+00:00,usdcad,1.251565,1.253355,1.251325,1.252045
2021-08-12 20:00:00+00:00,usdcad,1.252035,1.25284,1.2514,1.25156
2021-08-13 00:00:00+00:00,usdcad,1.251925,1.252945,1.251715,1.252045
2021-08-13 04:00:00+00:00,usdcad,1.251625,1.252635,1.251365,1.25192
2021-08-13 08:00:00+00:00,usdcad,1.251635,1.253215,1.250995,1.25162
2021-08-13 12:00:00+00:00,usdcad,1.251255,1.252735,1.250185,1.25163
2021-08-13 16:00:00+00:00,usdcad,1.25147,1.251985,1.250705,1.251245
2021-08-13 20:00:00+00:00,usdcad,1.251565,1.252135,1.251355,1.25146
2021-08-15 20:00:00+00:00,usdcad,1.25189,1.25204,1.251225,1.251885
2021-08-16 00:00:00+00:00,usdcad,1.254145,1.254295,1.251795,1.251885
2021-08-16 04:00:00+00:00,usdcad,1.25492,1.25534,1.253205,1.254155
2021-08-16 08:00:00+00:00,usdcad,1.255545,1.256175,1.253395,1.254925
2021-08-16 12:00:00+00:00,usdcad,1.256955,1.258445,1.255295,1.255535
2021-08-16 16:00:00+00:00,usdcad,1.2569,1.257925,1.256655,1.256945
2021-08-16 20:00:00+00:00,usdcad,1.257175,1.257605,1.256825,1.256905
2021-08-17 00:00:00+00:00,usdcad,1.259775,1.259905,1.257075,1.257165
2021-08-17 04:00:00+00:00,usdcad,1.262275,1.263015,1.258455,1.259765
2021-08-17 08:00:00+00:00,usdcad,1.261185,1.262395,1.260715,1.26227
2021-08-17 12:00:00+00:00,usdcad,1.262285,1.263455,1.260115,1.261195
2021-08-17 16:00:00+00:00,usdcad,1.262285,1.264915,1.261685,1.262275
2021-08-17 20:00:00+00:00,usdcad,1.262755,1.263095,1.262035,1.262275
2021-08-18 00:00:00+00:00,usdcad,1.261405,1.26412,1.261025,1.262745
2021-08-18 04:00:00+00:00,usdcad,1.261975,1.262135,1.260375,1.261395
2021-08-18 08:00:00+00:00,usdcad,1.261415,1.263275,1.261255,1.26197
2021-08-18 12:00:00+00:00,usdcad,1.263895,1.264365,1.259855,1.261405
2021-08-18 16:00:00+00:00,usdcad,1.265145,1.265345,1.261175,1.263885
2021-08-18 20:00:00+00:00,usdcad,1.26636,1.266365,1.264645,1.26515
2021-08-19 00:00:00+00:00,usdcad,1.269225,1.269925,1.266005,1.266355
2021-08-19 04:00:00+00:00,usdcad,1.273565,1.274175,1.268765,1.269235
2021-08-19 08:00:00+00:00,usdcad,1.275115,1.277305,1.273555,1.273555
2021-08-19 12:00:00+00:00,usdcad,1.279315,1.2818,1.27448,1.27511
2021-08-19 16:00:00+00:00,usdcad,1.282475,1.283095,1.278845,1.279335
2021-08-19 20:00:00+00:00,usdcad,1.283165,1.283295,1.282145,1.282485
2021-08-20 00:00:00+00:00,usdcad,1.285285,1.28646,1.281445,1.28317
2021-08-20 04:00:00+00:00,usdcad,1.29107,1.292115,1.284995,1.28526
2021-08-20 08:00:00+00:00,usdcad,1.29073,1.294915,1.28971,1.291065
2021-08-20 12:00:00+00:00,usdcad,1.285215,1.29132,1.283405,1.290725
2021-08-20 16:00:00+00:00,usdcad,1.282595,1.285415,1.282485,1.28522
2021-08-20 20:00:00+00:00,usdcad,1.282345,1.282995,1.282085,1.282585
2021-08-22 20:00:00+00:00,usdcad,1.28261,1.283365,1.281565,1.28231
2021-08-23 00:00:00+00:00,usdcad,1.27727,1.282635,1.276895,1.282615
2021-08-23 04:00:00+00:00,usdcad,1.27578,1.277855,1.27556,1.277275
2021-08-23 08:00:00+00:00,usdcad,1.272085,1.276145,1.27126,1.275775
2021-08-23 12:00:00+00:00,usdcad,1.266755,1.273235,1.266065,1.272075
2021-08-23 16:00:00+00:00,usdcad,1.265365,1.267265,1.26428,1.26675
2021-08-23 20:00:00+00:00,usdcad,1.26535,1.266075,1.26441,1.265375
2021-08-24 00:00:00+00:00,usdcad,1.265385,1.2658,1.264675,1.265365
2021-08-24 04:00:00+00:00,usdcad,1.262755,1.265605,1.261255,1.265415
2021-08-24 08:00:00+00:00,usdcad,1.26269,1.263945,1.26064,1.26276
2021-08-24 12:00:00+00:00,usdcad,1.2615,1.263825,1.257895,1.262685
2021-08-24 16:00:00+00:00,usdcad,1.25973,1.262075,1.259205,1.261505
2021-08-24 20:00:00+00:00,usdcad,1.25975,1.259865,1.258695,1.259725
2021-08-25 00:00:00+00:00,usdcad,1.261345,1.261685,1.25878,1.259755
2021-08-25 04:00:00+00:00,usdcad,1.261415,1.262635,1.260825,1.26134
2021-08-25 08:00:00+00:00,usdcad,1.262695,1.263225,1.26007,1.26142
2021-08-25 12:00:00+00:00,usdcad,1.262475,1.264385,1.261035,1.2627
2021-08-25 16:00:00+00:00,usdcad,1.259315,1.262475,1.259115,1.262465
2021-08-25 20:00:00+00:00,usdcad,1.258955,1.259565,1.25864,1.25932
2021-08-26 00:00:00+00:00,usdcad,1.262255,1.262505,1.258915,1.25896
2021-08-26 04:00:00+00:00,usdcad,1.26066,1.262715,1.259455,1.262285
2021-08-26 08:00:00+00:00,usdcad,1.260795,1.261825,1.259665,1.260655
2021-08-26 12:00:00+00:00,usdcad,1.265425,1.2656,1.260475,1.2608
2021-08-26 16:00:00+00:00,usdcad,1.268665,1.269545,1.265345,1.265415
2021-08-26 20:00:00+00:00,usdcad,1.2686,1.268775,1.267895,1.26866
2021-08-27 00:00:00+00:00,usdcad,1.268295,1.270845,1.268065,1.268595
2021-08-27 04:00:00+00:00,usdcad,1.266305,1.26889,1.265905,1.2683
2021-08-27 08:00:00+00:00,usdcad,1.268645,1.268965,1.266135,1.26631
2021-08-27 12:00:00+00:00,usdcad,1.261385,1.270665,1.26107,1.268635
2021-08-27 16:00:00+00:00,usdcad,1.261355,1.262335,1.260565,1.26138
2021-08-27 20:00:00+00:00,usdcad,1.261705,1.262045,1.26116,1.261375
2021-08-29 20:00:00+00:00,usdcad,1.261265,1.262365,1.260875,1.26206
2021-08-30 00:00:00+00:00,usdcad,1.262695,1.26309,1.261065,1.26127
2021-08-30 04:00:00+00:00,usdcad,1.261325,1.26345,1.261205,1.26269
2021-08-30 08:00:00+00:00,usdcad,1.260215,1.26249,1.26021,1.26133
2021-08-30 12:00:00+00:00,usdcad,1.260685,1.261465,1.257375,1.260225
2021-08-30 16:00:00+00:00,usdcad,1.260655,1.261535,1.26017,1.260675
2021-08-30 20:00:00+00:00,usdcad,1.260945,1.261235,1.260305,1.260645
2021-08-31 00:00:00+00:00,usdcad,1.260685,1.262545,1.260215,1.260935
2021-08-31 04:00:00+00:00,usdcad,1.258805,1.2609,1.257025,1.26072
2021-08-31 08:00:00+00:00,usdcad,1.25798,1.25918,1.256965,1.2588
2021-08-31 12:00:00+00:00,usdcad,1.26293,1.265365,1.25788,1.257975
2021-08-31 16:00:00+00:00,usdcad,1.261605,1.263565,1.260245,1.262925
2021-08-31 20:00:00+00:00,usdcad,1.261685,1.262295,1.261115,1.26161
2021-09-01 00:00:00+00:00,usdcad,1.261875,1.263735,1.261045,1.26169
2021-09-01 04:00:00+00:00,usdcad,1.258715,1.262615,1.258295,1.261885
2021-09-01 08:00:00+00:00,usdcad,1.259555,1.260955,1.258355,1.258705
2021-09-01 12:00:00+00:00,usdcad,1.261555,1.262705,1.25808,1.259565
2021-09-01 16:00:00+00:00,usdcad,1.262315,1.262405,1.259595,1.26155
2021-09-01 20:00:00+00:00,usdcad,1.262205,1.262705,1.261675,1.26231
2021-09-02 00:00:00+00:00,usdcad,1.262755,1.263825,1.261455,1.2622
2021-09-02 04:00:00+00:00,usdcad,1.258955,1.262805,1.25874,1.262785
2021-09-02 08:00:00+00:00,usdcad,1.260535,1.260945,1.258915,1.25895
2021-09-02 12:00:00+00:00,usdcad,1.256145,1.262175,1.255245,1.26053
2021-09-02 16:00:00+00:00,usdcad,1.255135,1.256555,1.255125,1.25614
2021-09-02 20:00:00+00:00,usdcad,1.255355,1.255615,1.254835,1.25514
2021-09-03 00:00:00+00:00,usdcad,1.255705,1.255925,1.254915,1.25535
2021-09-03 04:00:00+00:00,usdcad,1.254555,1.255775,1.254005,1.25571
2021-09-03 08:00:00+00:00,usdcad,1.253605,1.255445,1.253055,1.254545
2021-09-03 12:00:00+00:00,usdcad,1.252445,1.254345,1.249425,1.253595
2021-09-03 16:00:00+00:00,usdcad,1.252435,1.25275,1.250355,1.252455
2021-09-03 20:00:00+00:00,usdcad,1.252785,1.253295,1.252245,1.25244
2021-09-05 20:00:00+00:00,usdcad,1.253175,1.253185,1.252345,1.252515
2021-09-06 00:00:00+00:00,usdcad,1.253955,1.254335,1.253095,1.253165
2021-09-06 04:00:00+00:00,usdcad,1.254065,1.254415,1.252925,1.25395
2021-09-06 08:00:00+00:00,usdcad,1.254735,1.255915,1.253855,1.25407
2021-09-06 12:00:00+00:00,usdcad,1.253235,1.254935,1.252365,1.25474
2021-09-06 16:00:00+00:00,usdcad,1.25348,1.253685,1.252745,1.253225
2021-09-06 20:00:00+00:00,usdcad,1.253465,1.253845,1.253055,1.253475
2021-09-07 00:00:00+00:00,usdcad,1.252955,1.253505,1.251975,1.253475
2021-09-07 04:00:00+00:00,usdcad,1.255185,1.255675,1.25214,1.25295
2021-09-07 08:00:00+00:00,usdcad,1.258525,1.259245,1.255185,1.25519
2021-09-07 12:00:00+00:00,usdcad,1.262395,1.264365,1.258145,1.25853
2021-09-07 16:00:00+00:00,usdcad,1.265335,1.265615,1.261885,1.2624
2021-09-07 20:00:00+00:00,usdcad,1.264705,1.265335,1.264395,1.26533
2021-09-08 00:00:00+00:00,usdcad,1.264205,1.2651,1.262645,1.2647
2021-09-08 04:00:00+00:00,usdcad,1.268335,1.26846,1.263585,1.264185
2021-09-08 08:00:00+00:00,usdcad,1.266475,1.270675,1.266155,1.268345
2021-09-08 12:00:00+00:00,usdcad,1.268055,1.276225,1.264615,1.26647
2021-09-08 16:00:00+00:00,usdcad,1.268795,1.2688,1.264805,1.268065
2021-09-08 20:00:00+00:00,usdcad,1.269445,1.269625,1.268435,1.26879
2021-09-09 00:00:00+00:00,usdcad,1.270215,1.270645,1.268735,1.26945
2021-09-09 04:00:00+00:00,usdcad,1.270865,1.272785,1.270025,1.270185
2021-09-09 08:00:00+00:00,usdcad,1.267195,1.27095,1.26688,1.27087
2021-09-09 12:00:00+00:00,usdcad,1.265105,1.270505,1.264455,1.26719
2021-09-09 16:00:00+00:00,usdcad,1.265575,1.265635,1.262275,1.26511
2021-09-09 20:00:00+00:00,usdcad,1.266585,1.266605,1.265195,1.265565
2021-09-10 00:00:00+00:00,usdcad,1.264145,1.267315,1.263935,1.26659
2021-09-10 04:00:00+00:00,usdcad,1.261575,1.26506,1.261535,1.26414
2021-09-10 08:00:00+00:00,usdcad,1.26067,1.262085,1.259465,1.261585
2021-09-10 12:00:00+00:00,usdcad,1.263505,1.264165,1.258265,1.260675
2021-09-10 16:00:00+00:00,usdcad,1.26805,1.268055,1.262855,1.263515
2021-09-10 20:00:00+00:00,usdcad,1.269225,1.269525,1.267725,1.268045
2021-09-12 20:00:00+00:00,usdcad,1.268065,1.2689,1.267775,1.268535
2021-09-13 00:00:00+00:00,usdcad,1.267465,1.269205,1.26662,1.26804
2021-09-13 04:00:00+00:00,usdcad,1.267715,1.269545,1.266115,1.26746
2021-09-13 08:00:00+00:00,usdcad,1.268375,1.268425,1.266285,1.267725
2021-09-13 12:00:00+00:00,usdcad,1.264325,1.267405,1.263825,1.2655
2021-09-13 16:00:00+00:00,usdcad,1.2656,1.268055,1.264145,1.26432
2021-09-13 20:00:00+00:00,usdcad,1.26489,1.265705,1.264175,1.265605
2021-09-14 00:00:00+00:00,usdcad,1.264875,1.265635,1.26405,1.264895
2021-09-14 04:00:00+00:00,usdcad,1.26467,1.266245,1.26428,1.26488
2021-09-14 08:00:00+00:00,usdcad,1.26595,1.266415,1.264115,1.264665
2021-09-14 12:00:00+00:00,usdcad,1.266425,1.268555,1.260185,1.265945
2021-09-14 16:00:00+00:00,usdcad,1.269005,1.269855,1.265375,1.26643
2021-09-14 20:00:00+00:00,usdcad,1.269155,1.269615,1.268685,1.268995
2021-09-15 00:00:00+00:00,usdcad,1.268765,1.270885,1.26872,1.269145
2021-09-15 04:00:00+00:00,usdcad,1.268655,1.270295,1.26788,1.268745
2021-09-15 08:00:00+00:00,usdcad,1.268765,1.269565,1.266645,1.26865
2021-09-15 12:00:00+00:00,usdcad,1.26548,1.269455,1.263445,1.26876
2021-09-15 16:00:00+00:00,usdcad,1.26293,1.266125,1.262525,1.26549
2021-09-15 20:00:00+00:00,usdcad,1.261865,1.263465,1.261795,1.262925
2021-09-16 00:00:00+00:00,usdcad,1.263915,1.264145,1.261675,1.26187
2021-09-16 04:00:00+00:00,usdcad,1.26396,1.264975,1.263075,1.263925
2021-09-16 08:00:00+00:00,usdcad,1.263255,1.265135,1.26273,1.263955
2021-09-16 12:00:00+00:00,usdcad,1.268035,1.269955,1.262805,1.263265
2021-09-16 16:00:00+00:00,usdcad,1.26801,1.269085,1.26682,1.268025
2021-09-16 20:00:00+00:00,usdcad,1.268215,1.268575,1.26756,1.267995
2021-09-17 00:00:00+00:00,usdcad,1.26727,1.269075,1.26706,1.268235
2021-09-17 04:00:00+00:00,usdcad,1.265035,1.267375,1.264545,1.267265
2021-09-17 08:00:00+00:00,usdcad,1.266035,1.266785,1.263685,1.26503
2021-09-17 12:00:00+00:00,usdcad,1.274115,1.276305,1.265085,1.26603
2021-09-17 16:00:00+00:00,usdcad,1.274935,1.275825,1.272575,1.274125
2021-09-17 20:00:00+00:00,usdcad,1.276815,1.277355,1.274935,1.274945
2021-09-19 20:00:00+00:00,usdcad,1.276655,1.277875,1.275585,1.27601
2021-09-20 00:00:00+00:00,usdcad,1.279375,1.280195,1.275975,1.276645
2021-09-20 04:00:00+00:00,usdcad,1.279805,1.281515,1.278395,1.279385
2021-09-20 08:00:00+00:00,usdcad,1.285925,1.286745,1.279125,1.2798
2021-09-20 12:00:00+00:00,usdcad,1.28205,1.289635,1.279025,1.285935
2021-09-20 16:00:00+00:00,usdcad,1.28129,1.284375,1.280865,1.282055
2021-09-20 20:00:00+00:00,usdcad,1.280315,1.282335,1.280195,1.281295
2021-09-21 00:00:00+00:00,usdcad,1.277345,1.281215,1.277205,1.28032
2021-09-21 04:00:00+00:00,usdcad,1.275985,1.27755,1.274295,1.277355
2021-09-21 08:00:00+00:00,usdcad,1.275455,1.277085,1.27484,1.27599
2021-09-21 12:00:00+00:00,usdcad,1.278945,1.284865,1.274905,1.27545
2021-09-21 16:00:00+00:00,usdcad,1.280995,1.281835,1.278415,1.278935
2021-09-21 20:00:00+00:00,usdcad,1.281705,1.282605,1.28095,1.28099
2021-09-22 00:00:00+00:00,usdcad,1.279665,1.282635,1.277585,1.28169
2021-09-22 04:00:00+00:00,usdcad,1.280695,1.28071,1.277045,1.27966
2021-09-22 08:00:00+00:00,usdcad,1.27826,1.280985,1.277355,1.280685
2021-09-22 12:00:00+00:00,usdcad,1.273355,1.281655,1.272545,1.27826
2021-09-22 16:00:00+00:00,usdcad,1.276275,1.278955,1.269815,1.27335
2021-09-22 20:00:00+00:00,usdcad,1.278665,1.27885,1.276095,1.27628
2021-09-23 00:00:00+00:00,usdcad,1.275715,1.279605,1.275335,1.27866
2021-09-23 04:00:00+00:00,usdcad,1.267985,1.276325,1.267945,1.275735
2021-09-23 08:00:00+00:00,usdcad,1.266585,1.268895,1.265015,1.267975
2021-09-23 12:00:00+00:00,usdcad,1.266175,1.268275,1.263375,1.266575
2021-09-23 16:00:00+00:00,usdcad,1.265785,1.266865,1.263855,1.26618
2021-09-23 20:00:00+00:00,usdcad,1.266275,1.266475,1.265085,1.26578
2021-09-24 00:00:00+00:00,usdcad,1.267135,1.267385,1.264125,1.266285
2021-09-24 04:00:00+00:00,usdcad,1.268995,1.269765,1.266345,1.267155
2021-09-24 08:00:00+00:00,usdcad,1.270865,1.27093,1.26691,1.26899
2021-09-24 12:00:00+00:00,usdcad,1.267335,1.273055,1.267095,1.27086
2021-09-24 16:00:00+00:00,usdcad,1.26571,1.267495,1.2654,1.26733
2021-09-24 20:00:00+00:00,usdcad,1.265225,1.265855,1.264095,1.265715
2021-09-26 20:00:00+00:00,usdcad,1.265035,1.266195,1.264825,1.265065
2021-09-27 00:00:00+00:00,usdcad,1.263245,1.265135,1.261175,1.265025
2021-09-27 04:00:00+00:00,usdcad,1.263765,1.263765,1.261025,1.26325
2021-09-27 08:00:00+00:00,usdcad,1.266125,1.266655,1.26327,1.26377
2021-09-27 12:00:00+00:00,usdcad,1.26439,1.267275,1.263065,1.26613
2021-09-27 16:00:00+00:00,usdcad,1.262735,1.26472,1.261645,1.264395
2021-09-27 20:00:00+00:00,usdcad,1.262705,1.263055,1.262435,1.26274
2021-09-28 00:00:00+00:00,usdcad,1.261085,1.26389,1.260305,1.262695
2021-09-28 04:00:00+00:00,usdcad,1.263225,1.264715,1.259385,1.261095
2021-09-28 08:00:00+00:00,usdcad,1.264335,1.265735,1.262885,1.263235
2021-09-28 12:00:00+00:00,usdcad,1.269405,1.270745,1.264235,1.26433
2021-09-28 16:00:00+00:00,usdcad,1.267865,1.27026,1.267325,1.26942
2021-09-28 20:00:00+00:00,usdcad,1.267745,1.26879,1.266805,1.267855
2021-09-29 00:00:00+00:00,usdcad,1.26817,1.270015,1.266865,1.267755
2021-09-29 04:00:00+00:00,usdcad,1.268825,1.270105,1.267065,1.268175
2021-09-29 08:00:00+00:00,usdcad,1.269845,1.270295,1.267485,1.26882
2021-09-29 12:00:00+00:00,usdcad,1.275035,1.27583,1.26892,1.26985
2021-09-29 16:00:00+00:00,usdcad,1.275875,1.277475,1.274255,1.27503
2021-09-29 20:00:00+00:00,usdcad,1.27544,1.27608,1.27526,1.27608
2021-09-30 00:00:00+00:00,usdcad,1.273555,1.275725,1.273445,1.275445
2021-09-30 04:00:00+00:00,usdcad,1.271745,1.274135,1.271155,1.27355
2021-09-30 08:00:00+00:00,usdcad,1.274225,1.275605,1.271075,1.27175
2021-09-30 12:00:00+00:00,usdcad,1.267465,1.274735,1.263065,1.274235
2021-09-30 16:00:00+00:00,usdcad,1.266825,1.270615,1.264775,1.26757
2021-09-30 20:00:00+00:00,usdcad,1.268465,1.268695,1.266145,1.26683
2021-10-01 00:00:00+00:00,usdcad,1.271885,1.272015,1.267765,1.268475
2021-10-01 04:00:00+00:00,usdcad,1.272875,1.273905,1.270735,1.271935
2021-10-01 08:00:00+00:00,usdcad,1.266345,1.273075,1.265255,1.272885
2021-10-01 12:00:00+00:00,usdcad,1.265805,1.269815,1.26451,1.26634
2021-10-01 16:00:00+00:00,usdcad,1.263745,1.26625,1.262805,1.2658
2021-10-01 20:00:00+00:00,usdcad,1.264675,1.264675,1.263205,1.263735
2021-10-03 20:00:00+00:00,usdcad,1.262695,1.264755,1.26139,1.26442
2021-10-04 00:00:00+00:00,usdcad,1.26327,1.265505,1.2621,1.262705
2021-10-04 04:00:00+00:00,usdcad,1.262775,1.264665,1.261515,1.263275
2021-10-04 08:00:00+00:00,usdcad,1.260855,1.263505,1.260515,1.262765
2021-10-04 12:00:00+00:00,usdcad,1.257425,1.261545,1.2558,1.26085
2021-10-04 16:00:00+00:00,usdcad,1.257825,1.259025,1.257065,1.257415
2021-10-04 20:00:00+00:00,usdcad,1.259035,1.259315,1.257805,1.25782
2021-10-05 00:00:00+00:00,usdcad,1.26142,1.261725,1.25853,1.259065
2021-10-05 04:00:00+00:00,usdcad,1.260535,1.262805,1.259985,1.261415
2021-10-05 08:00:00+00:00,usdcad,1.259235,1.260665,1.258285,1.26053
2021-10-05 12:00:00+00:00,usdcad,1.256245,1.26021,1.254575,1.259245
2021-10-05 16:00:00+00:00,usdcad,1.25789,1.258555,1.256005,1.256255
2021-10-05 20:00:00+00:00,usdcad,1.258355,1.25866,1.257525,1.257885
2021-10-06 00:00:00+00:00,usdcad,1.259865,1.260275,1.258155,1.258365
2021-10-06 04:00:00+00:00,usdcad,1.26398,1.26413,1.25937,1.259855
2021-10-06 08:00:00+00:00,usdcad,1.263955,1.264825,1.262705,1.263985
2021-10-06 12:00:00+00:00,usdcad,1.261475,1.264555,1.260555,1.263945
2021-10-06 16:00:00+00:00,usdcad,1.258915,1.262335,1.258425,1.26148
2021-10-06 20:00:00+00:00,usdcad,1.258625,1.259495,1.258505,1.258905
2021-10-07 00:00:00+00:00,usdcad,1.258575,1.259195,1.257215,1.258635
2021-10-07 04:00:00+00:00,usdcad,1.257905,1.259285,1.256395,1.25858
2021-10-07 08:00:00+00:00,usdcad,1.258035,1.259955,1.257065,1.257925
2021-10-07 12:00:00+00:00,usdcad,1.254695,1.259415,1.254045,1.25803
2021-10-07 16:00:00+00:00,usdcad,1.254275,1.256475,1.254105,1.25469
2021-10-07 20:00:00+00:00,usdcad,1.254805,1.255515,1.254125,1.254265
2021-10-08 00:00:00+00:00,usdcad,1.254955,1.256255,1.253345,1.25481
2021-10-08 04:00:00+00:00,usdcad,1.254565,1.255925,1.254375,1.254905
2021-10-08 08:00:00+00:00,usdcad,1.254035,1.255455,1.2533,1.25456
2021-10-08 12:00:00+00:00,usdcad,1.247825,1.254055,1.245175,1.25403
2021-10-08 16:00:00+00:00,usdcad,1.247065,1.249215,1.245805,1.247835
2021-10-08 20:00:00+00:00,usdcad,1.247015,1.247635,1.24691,1.247075
2021-10-10 20:00:00+00:00,usdcad,1.248495,1.248655,1.246665,1.24779
2021-10-11 00:00:00+00:00,usdcad,1.246515,1.248625,1.245035,1.2485
2021-10-11 04:00:00+00:00,usdcad,1.245115,1.246705,1.244665,1.24652
2021-10-11 08:00:00+00:00,usdcad,1.24663,1.24674,1.24466,1.24511
2021-10-11 12:00:00+00:00,usdcad,1.245665,1.247545,1.244895,1.246635
2021-10-11 16:00:00+00:00,usdcad,1.24889,1.24895,1.24564,1.24567
2021-10-11 20:00:00+00:00,usdcad,1.248145,1.249205,1.247755,1.248885
2021-10-12 00:00:00+00:00,usdcad,1.249005,1.249875,1.247565,1.248135
2021-10-12 04:00:00+00:00,usdcad,1.247545,1.249025,1.246495,1.249
2021-10-12 08:00:00+00:00,usdcad,1.246115,1.247975,1.245105,1.24754
2021-10-12 12:00:00+00:00,usdcad,1.24406,1.248615,1.24405,1.246125
2021-10-12 16:00:00+00:00,usdcad,1.246065,1.247265,1.243465,1.244055
2021-10-12 20:00:00+00:00,usdcad,1.24777,1.247845,1.24593,1.24606
2021-10-13 00:00:00+00:00,usdcad,1.245535,1.247895,1.245145,1.247745
2021-10-13 04:00:00+00:00,usdcad,1.24467,1.246475,1.244485,1.24553
2021-10-13 08:00:00+00:00,usdcad,1.244065,1.245225,1.243505,1.244665
2021-10-13 12:00:00+00:00,usdcad,1.245035,1.247105,1.243285,1.24406
2021-10-13 16:00:00+00:00,usdcad,1.244015,1.245025,1.243065,1.245025
2021-10-13 20:00:00+00:00,usdcad,1.243895,1.244705,1.2438,1.244005
2021-10-14 00:00:00+00:00,usdcad,1.242925,1.243915,1.242415,1.243895
2021-10-14 04:00:00+00:00,usdcad,1.239955,1.243025,1.239475,1.24292
2021-10-14 08:00:00+00:00,usdcad,1.23831,1.240055,1.237285,1.23995
2021-10-14 12:00:00+00:00,usdcad,1.236215,1.23913,1.235485,1.238315
2021-10-14 16:00:00+00:00,usdcad,1.237835,1.237905,1.235865,1.23621
2021-10-14 20:00:00+00:00,usdcad,1.237565,1.237905,1.236705,1.23783
2021-10-15 00:00:00+00:00,usdcad,1.236075,1.23821,1.235525,1.23757
2021-10-15 04:00:00+00:00,usdcad,1.234145,1.236175,1.233685,1.23607
2021-10-15 08:00:00+00:00,usdcad,1.23575,1.23615,1.233685,1.23414
2021-10-15 12:00:00+00:00,usdcad,1.23884,1.239075,1.23552,1.235755
2021-10-15 16:00:00+00:00,usdcad,1.237575,1.239755,1.23734,1.238845
2021-10-15 20:00:00+00:00,usdcad,1.236685,1.237555,1.235935,1.237555
2021-10-17 20:00:00+00:00,usdcad,1.237475,1.2378,1.23491,1.237215
2021-10-18 00:00:00+00:00,usdcad,1.239215,1.239275,1.237295,1.237465
2021-10-18 04:00:00+00:00,usdcad,1.239125,1.240985,1.23911,1.23921
2021-10-18 08:00:00+00:00,usdcad,1.239735,1.240435,1.2383,1.239115
2021-10-18 12:00:00+00:00,usdcad,1.236275,1.240065,1.235125,1.23974
2021-10-18 16:00:00+00:00,usdcad,1.238145,1.238485,1.236,1.23627
2021-10-18 20:00:00+00:00,usdcad,1.2373,1.238335,1.237295,1.238155
2021-10-19 00:00:00+00:00,usdcad,1.23471,1.237335,1.234515,1.237295
2021-10-19 04:00:00+00:00,usdcad,1.233435,1.234995,1.232125,1.234705
2021-10-19 08:00:00+00:00,usdcad,1.233865,1.234495,1.23114,1.23344
2021-10-19 12:00:00+00:00,usdcad,1.235375,1.237445,1.233825,1.233855
2021-10-19 16:00:00+00:00,usdcad,1.236825,1.23687,1.234955,1.235365
2021-10-19 20:00:00+00:00,usdcad,1.235585,1.236955,1.235515,1.23682
2021-10-20 00:00:00+00:00,usdcad,1.234385,1.236675,1.234095,1.235595
2021-10-20 04:00:00+00:00,usdcad,1.234895,1.235745,1.233615,1.234375
2021-10-20 08:00:00+00:00,usdcad,1.235505,1.23596,1.234105,1.23489
2021-10-20 12:00:00+00:00,usdcad,1.23278,1.236285,1.231845,1.235495
2021-10-20 16:00:00+00:00,usdcad,1.232335,1.233245,1.230775,1.232765
2021-10-20 20:00:00+00:00,usdcad,1.232575,1.232725,1.231515,1.232345
2021-10-21 00:00:00+00:00,usdcad,1.229905,1.232565,1.228865,1.232565
2021-10-21 04:00:00+00:00,usdcad,1.23267,1.234435,1.229775,1.229925
2021-10-21 08:00:00+00:00,usdcad,1.23348,1.234575,1.232455,1.232665
2021-10-21 12:00:00+00:00,usdcad,1.234225,1.235445,1.231275,1.233475
2021-10-21 16:00:00+00:00,usdcad,1.237615,1.238385,1.233815,1.23423
2021-10-21 20:00:00+00:00,usdcad,1.23712,1.237825,1.236525,1.237625
2021-10-22 00:00:00+00:00,usdcad,1.234835,1.237525,1.234305,1.237115
2021-10-22 04:00:00+00:00,usdcad,1.23417,1.235755,1.233065,1.234785
2021-10-22 08:00:00+00:00,usdcad,1.233425,1.234465,1.232315,1.234165
2021-10-22 12:00:00+00:00,usdcad,1.238465,1.23865,1.232095,1.23343
2021-10-22 16:00:00+00:00,usdcad,1.236765,1.23903,1.236205,1.23847
2021-10-22 20:00:00+00:00,usdcad,1.23666,1.237385,1.236515,1.23676
2021-10-24 20:00:00+00:00,usdcad,1.237245,1.237975,1.236445,1.23684
2021-10-25 00:00:00+00:00,usdcad,1.23455,1.237345,1.23432,1.23725
2021-10-25 04:00:00+00:00,usdcad,1.234315,1.2366,1.234085,1.234555
2021-10-25 08:00:00+00:00,usdcad,1.236205,1.237315,1.233835,1.23431
2021-10-25 12:00:00+00:00,usdcad,1.237375,1.23893,1.235605,1.236195
2021-10-25 16:00:00+00:00,usdcad,1.238555,1.240025,1.237365,1.23737
2021-10-25 20:00:00+00:00,usdcad,1.237945,1.23884,1.237845,1.23856
2021-10-26 00:00:00+00:00,usdcad,1.237435,1.238605,1.236805,1.237935
2021-10-26 04:00:00+00:00,usdcad,1.238645,1.239395,1.237295,1.23743
2021-10-26 08:00:00+00:00,usdcad,1.236235,1.238875,1.235085,1.23865
2021-10-26 12:00:00+00:00,usdcad,1.23874,1.239075,1.235035,1.23624
2021-10-26 16:00:00+00:00,usdcad,1.23894,1.23964,1.237965,1.238745
2021-10-26 20:00:00+00:00,usdcad,1.239145,1.239515,1.238325,1.238935
2021-10-27 00:00:00+00:00,usdcad,1.239135,1.23988,1.238315,1.239195
2021-10-27 04:00:00+00:00,usdcad,1.240095,1.240295,1.238345,1.239145
2021-10-27 08:00:00+00:00,usdcad,1.241665,1.242885,1.23982,1.240105
2021-10-27 12:00:00+00:00,usdcad,1.23383,1.243175,1.230165,1.24167
2021-10-27 16:00:00+00:00,usdcad,1.236475,1.23652,1.2317,1.233825
2021-10-27 20:00:00+00:00,usdcad,1.237055,1.237185,1.235565,1.236465
2021-10-28 00:00:00+00:00,usdcad,1.237465,1.237945,1.236105,1.23705
2021-10-28 04:00:00+00:00,usdcad,1.237145,1.23828,1.236515,1.23746
2021-10-28 08:00:00+00:00,usdcad,1.235675,1.237535,1.235095,1.237135
2021-10-28 12:00:00+00:00,usdcad,1.234905,1.237335,1.23302,1.23568
2021-10-28 16:00:00+00:00,usdcad,1.234135,1.235745,1.23373,1.234895
2021-10-28 20:00:00+00:00,usdcad,1.234765,1.235085,1.233945,1.234145
2021-10-29 00:00:00+00:00,usdcad,1.235085,1.236305,1.2341,1.234755
2021-10-29 04:00:00+00:00,usdcad,1.233925,1.236385,1.233515,1.235075
2021-10-29 08:00:00+00:00,usdcad,1.235345,1.235965,1.232815,1.233915
2021-10-29 12:00:00+00:00,usdcad,1.239985,1.240825,1.23462,1.23535
2021-10-29 16:00:00+00:00,usdcad,1.237875,1.240585,1.237095,1.23999
2021-10-29 20:00:00+00:00,usdcad,1.238745,1.238845,1.237255,1.237865
2021-10-31 20:00:00+00:00,usdcad,1.2384,1.238715,1.237715,1.238625
2021-11-01 00:00:00+00:00,usdcad,1.238385,1.23904,1.2373,1.238395
2021-11-01 04:00:00+00:00,usdcad,1.240225,1.240355,1.237985,1.238375
2021-11-01 08:00:00+00:00,usdcad,1.237365,1.240265,1.237035,1.240215
2021-11-01 12:00:00+00:00,usdcad,1.235635,1.23947,1.235205,1.23737
2021-11-01 16:00:00+00:00,usdcad,1.236585,1.23734,1.235375,1.23563
2021-11-01 20:00:00+00:00,usdcad,1.237435,1.23765,1.236475,1.236575
2021-11-02 00:00:00+00:00,usdcad,1.238155,1.238575,1.237175,1.23743
2021-11-02 04:00:00+00:00,usdcad,1.238795,1.239715,1.237975,1.23815
2021-11-02 08:00:00+00:00,usdcad,1.240575,1.241805,1.238635,1.23879
2021-11-02 12:00:00+00:00,usdcad,1.241965,1.242485,1.238765,1.24057
2021-11-02 16:00:00+00:00,usdcad,1.240155,1.24233,1.2399,1.241955
2021-11-02 20:00:00+00:00,usdcad,1.240795,1.241265,1.240065,1.24017
2021-11-03 00:00:00+00:00,usdcad,1.241835,1.242225,1.240555,1.24079
2021-11-03 04:00:00+00:00,usdcad,1.242065,1.242295,1.241145,1.24184
2021-11-03 08:00:00+00:00,usdcad,1.241095,1.242345,1.240565,1.24207
2021-11-03 12:00:00+00:00,usdcad,1.241905,1.245685,1.240715,1.24109
2021-11-03 16:00:00+00:00,usdcad,1.238915,1.243395,1.238115,1.241895
2021-11-03 20:00:00+00:00,usdcad,1.237835,1.23959,1.237795,1.238925
2021-11-04 00:00:00+00:00,usdcad,1.240035,1.24022,1.23776,1.237835
2021-11-04 04:00:00+00:00,usdcad,1.239465,1.240995,1.239215,1.24004
2021-11-04 08:00:00+00:00,usdcad,1.241785,1.242535,1.23922,1.239475
2021-11-04 12:00:00+00:00,usdcad,1.246145,1.247175,1.241235,1.24179
2021-11-04 16:00:00+00:00,usdcad,1.245855,1.246985,1.244965,1.246065
2021-11-04 20:00:00+00:00,usdcad,1.245295,1.246235,1.245155,1.24586
2021-11-05 00:00:00+00:00,usdcad,1.246085,1.246945,1.24522,1.245275
2021-11-05 04:00:00+00:00,usdcad,1.245895,1.246955,1.245545,1.24608
2021-11-05 08:00:00+00:00,usdcad,1.24678,1.247965,1.245605,1.245885
2021-11-05 12:00:00+00:00,usdcad,1.244175,1.24758,1.243675,1.246775
2021-11-05 16:00:00+00:00,usdcad,1.244545,1.246205,1.243615,1.244035
2021-11-05 20:00:00+00:00,usdcad,1.245625,1.245955,1.244345,1.24454
2021-11-07 20:00:00+00:00,usdcad,1.245155,1.245545,1.244495,1.245085
2021-11-08 00:00:00+00:00,usdcad,1.245555,1.246065,1.244685,1.245145
2021-11-08 04:00:00+00:00,usdcad,1.244785,1.245805,1.244155,1.245565
2021-11-08 08:00:00+00:00,usdcad,1.244085,1.24657,1.243995,1.244775
2021-11-08 12:00:00+00:00,usdcad,1.244555,1.24645,1.243605,1.244095
2021-11-08 16:00:00+00:00,usdcad,1.244505,1.24587,1.244025,1.244565
2021-11-08 20:00:00+00:00,usdcad,1.24431,1.24504,1.244045,1.2445
2021-11-09 00:00:00+00:00,usdcad,1.24483,1.24571,1.24408,1.244305
2021-11-10 00:00:00+00:00,usdcad,1.244235,1.244495,1.243175,1.243545
2021-11-10 04:00:00+00:00,usdcad,1.241485,1.244585,1.241395,1.244225
2021-11-10 08:00:00+00:00,usdcad,1.243265,1.243905,1.241155,1.241475
2021-11-10 12:00:00+00:00,usdcad,1.244085,1.24594,1.23874,1.24326
2021-11-10 16:00:00+00:00,usdcad,1.249925,1.249965,1.242555,1.24409
2021-11-10 20:00:00+00:00,usdcad,1.248775,1.250375,1.248035,1.249925
2021-11-11 00:00:00+00:00,usdcad,1.250845,1.251165,1.248225,1.248785
2021-11-11 04:00:00+00:00,usdcad,1.251865,1.251915,1.250325,1.25085
2021-11-11 08:00:00+00:00,usdcad,1.255815,1.257265,1.251835,1.25186
2021-11-11 12:00:00+00:00,usdcad,1.258185,1.259325,1.255455,1.255825
2021-11-11 16:00:00+00:00,usdcad,1.257985,1.259655,1.257885,1.258145
2021-11-11 20:00:00+00:00,usdcad,1.25894,1.258955,1.257755,1.25799
2021-11-12 00:00:00+00:00,usdcad,1.259515,1.260035,1.258155,1.258935
2021-11-12 04:00:00+00:00,usdcad,1.257695,1.259655,1.25699,1.25952
2021-11-12 08:00:00+00:00,usdcad,1.259065,1.260475,1.257065,1.25764
2021-11-12 12:00:00+00:00,usdcad,1.25722,1.259735,1.254685,1.259055
2021-11-12 16:00:00+00:00,usdcad,1.255395,1.257725,1.254635,1.257225
2021-11-12 20:00:00+00:00,usdcad,1.255205,1.255405,1.254145,1.2554
2021-11-14 20:00:00+00:00,usdcad,1.254625,1.255165,1.25438,1.25477
2021-11-15 00:00:00+00:00,usdcad,1.2536,1.255625,1.253525,1.254635
2021-11-15 04:00:00+00:00,usdcad,1.252645,1.25398,1.252475,1.253605
2021-11-15 08:00:00+00:00,usdcad,1.252495,1.253765,1.252105,1.252655
2021-11-15 12:00:00+00:00,usdcad,1.252325,1.253215,1.250175,1.2525
2021-11-15 16:00:00+00:00,usdcad,1.251235,1.253335,1.25051,1.25232
2021-11-15 20:00:00+00:00,usdcad,1.251525,1.25211,1.250535,1.25124
2021-11-16 00:00:00+00:00,usdcad,1.250255,1.251765,1.249295,1.25153
2021-11-16 04:00:00+00:00,usdcad,1.251495,1.252315,1.250235,1.250245
2021-11-16 08:00:00+00:00,usdcad,1.252825,1.253545,1.251475,1.25149
2021-11-16 12:00:00+00:00,usdcad,1.254245,1.255655,1.252315,1.252835
2021-11-16 16:00:00+00:00,usdcad,1.255925,1.25661,1.254045,1.254255
2021-11-16 20:00:00+00:00,usdcad,1.25663,1.256835,1.255575,1.255935
2021-11-17 00:00:00+00:00,usdcad,1.257775,1.258635,1.255735,1.256625
2021-11-17 04:00:00+00:00,usdcad,1.254715,1.257925,1.254235,1.25777
2021-11-17 08:00:00+00:00,usdcad,1.256855,1.25746,1.254065,1.254765
2021-11-17 12:00:00+00:00,usdcad,1.259435,1.25979,1.254895,1.25686
2021-11-17 16:00:00+00:00,usdcad,1.261535,1.26228,1.25909,1.259445
2021-11-17 20:00:00+00:00,usdcad,1.261165,1.261845,1.260185,1.26154
2021-11-18 00:00:00+00:00,usdcad,1.262245,1.26244,1.26045,1.261155
2021-11-18 04:00:00+00:00,usdcad,1.260095,1.262255,1.259945,1.26224
2021-11-18 08:00:00+00:00,usdcad,1.2602,1.261955,1.259305,1.26011
2021-11-18 12:00:00+00:00,usdcad,1.264035,1.264715,1.25951,1.260205
2021-11-18 16:00:00+00:00,usdcad,1.260235,1.264285,1.259745,1.26394
2021-11-18 20:00:00+00:00,usdcad,1.260445,1.26094,1.259565,1.260225
2021-11-19 00:00:00+00:00,usdcad,1.260145,1.26052,1.259505,1.26045
2021-11-19 04:00:00+00:00,usdcad,1.25965,1.260265,1.258485,1.260155
2021-11-19 08:00:00+00:00,usdcad,1.2652,1.265765,1.259435,1.259655
2021-11-19 12:00:00+00:00,usdcad,1.26411,1.26624,1.261115,1.264975
2021-11-19 16:00:00+00:00,usdcad,1.26613,1.266135,1.262635,1.264105
2021-11-19 20:00:00+00:00,usdcad,1.26422,1.266225,1.264215,1.266135
2021-11-21 20:00:00+00:00,usdcad,1.265475,1.265525,1.264275,1.26441
2021-11-22 00:00:00+00:00,usdcad,1.26442,1.265685,1.264265,1.26547
2021-11-22 04:00:00+00:00,usdcad,1.264645,1.264815,1.263645,1.264415
2021-11-22 08:00:00+00:00,usdcad,1.263755,1.26504,1.262795,1.26464
2021-11-22 12:00:00+00:00,usdcad,1.26797,1.269035,1.263115,1.26376
2021-11-22 16:00:00+00:00,usdcad,1.269825,1.27023,1.266925,1.26801
2021-11-22 20:00:00+00:00,usdcad,1.270225,1.27056,1.268945,1.269815
2021-11-23 00:00:00+00:00,usdcad,1.27056,1.271265,1.269505,1.27022
2021-11-23 04:00:00+00:00,usdcad,1.27157,1.271805,1.270285,1.270555
2021-11-23 08:00:00+00:00,usdcad,1.273785,1.27449,1.271535,1.27159
2021-11-23 12:00:00+00:00,usdcad,1.271405,1.273865,1.269855,1.27379
2021-11-23 16:00:00+00:00,usdcad,1.268295,1.272065,1.268145,1.271415
2021-11-23 20:00:00+00:00,usdcad,1.267655,1.268465,1.26604,1.2683
2021-11-24 00:00:00+00:00,usdcad,1.269005,1.26921,1.267395,1.267645
2021-11-24 04:00:00+00:00,usdcad,1.268295,1.269355,1.267635,1.26901
2021-11-24 08:00:00+00:00,usdcad,1.268975,1.2696,1.266515,1.268305
2021-11-24 12:00:00+00:00,usdcad,1.267835,1.27103,1.267035,1.268965
2021-11-24 16:00:00+00:00,usdcad,1.26716,1.26818,1.265105,1.26784
2021-11-24 20:00:00+00:00,usdcad,1.266225,1.267235,1.265775,1.267165
2021-11-25 00:00:00+00:00,usdcad,1.265435,1.266235,1.264875,1.266215
2021-11-25 04:00:00+00:00,usdcad,1.264225,1.265975,1.264105,1.265445
2021-11-25 08:00:00+00:00,usdcad,1.26636,1.267055,1.26409,1.26423
2021-11-25 12:00:00+00:00,usdcad,1.264895,1.26773,1.264725,1.266355
2021-11-25 16:00:00+00:00,usdcad,1.26505,1.265765,1.264505,1.26527
2021-11-25 20:00:00+00:00,usdcad,1.266455,1.26647,1.264775,1.265055
2021-11-26 00:00:00+00:00,usdcad,1.271135,1.271485,1.266125,1.26646
2021-11-26 04:00:00+00:00,usdcad,1.274185,1.274355,1.270955,1.27114
2021-11-26 08:00:00+00:00,usdcad,1.276845,1.277465,1.27382,1.274175
2021-11-26 12:00:00+00:00,usdcad,1.279165,1.279935,1.274095,1.27685
2021-11-26 16:00:00+00:00,usdcad,1.278275,1.279665,1.275075,1.27916
2021-11-26 20:00:00+00:00,usdcad,1.279255,1.27987,1.277495,1.278845
2021-11-28 20:00:00+00:00,usdcad,1.272565,1.276435,1.272555,1.27586
2021-11-29 00:00:00+00:00,usdcad,1.274045,1.275355,1.272255,1.272575
2021-11-29 04:00:00+00:00,usdcad,1.273455,1.275755,1.273225,1.27405
2021-11-29 08:00:00+00:00,usdcad,1.273875,1.276005,1.272875,1.27346
2021-11-29 12:00:00+00:00,usdcad,1.279255,1.279345,1.27293,1.27388
2021-11-29 16:00:00+00:00,usdcad,1.27703,1.279315,1.275875,1.27924
2021-11-29 20:00:00+00:00,usdcad,1.273845,1.277045,1.273065,1.27704
2021-11-30 00:00:00+00:00,usdcad,1.273675,1.274685,1.27325,1.273855
2021-11-30 04:00:00+00:00,usdcad,1.279165,1.280295,1.273635,1.273665
2021-11-30 08:00:00+00:00,usdcad,1.277525,1.281255,1.276805,1.279405
2021-11-30 12:00:00+00:00,usdcad,1.283105,1.283105,1.275095,1.277535
2021-11-30 16:00:00+00:00,usdcad,1.278525,1.28371,1.278315,1.28316
2021-11-30 20:00:00+00:00,usdcad,1.277485,1.278945,1.277185,1.27852
2021-12-01 00:00:00+00:00,usdcad,1.274225,1.27839,1.273665,1.27749
2021-12-01 04:00:00+00:00,usdcad,1.275455,1.275875,1.272685,1.27422
2021-12-01 08:00:00+00:00,usdcad,1.274395,1.277535,1.274125,1.275615
2021-12-01 12:00:00+00:00,usdcad,1.27493,1.276215,1.271295,1.274405
2021-12-01 16:00:00+00:00,usdcad,1.28134,1.28286,1.274615,1.274945
2021-12-01 20:00:00+00:00,usdcad,1.281155,1.282995,1.280765,1.281335
2021-12-02 00:00:00+00:00,usdcad,1.280395,1.28288,1.279755,1.28116
2021-12-02 04:00:00+00:00,usdcad,1.278925,1.28127,1.27787,1.280385
2021-12-02 08:00:00+00:00,usdcad,1.280065,1.280565,1.27827,1.278915
2021-12-02 12:00:00+00:00,usdcad,1.282495,1.283765,1.280055,1.28006
2021-12-02 16:00:00+00:00,usdcad,1.281395,1.28354,1.28016,1.282475
2021-12-02 20:00:00+00:00,usdcad,1.281855,1.281905,1.280405,1.2814
2021-12-03 00:00:00+00:00,usdcad,1.28206,1.283595,1.281455,1.28185
2021-12-03 04:00:00+00:00,usdcad,1.281215,1.282245,1.280455,1.282055
2021-12-03 08:00:00+00:00,usdcad,1.282805,1.284555,1.281045,1.28121
2021-12-03 12:00:00+00:00,usdcad,1.279225,1.282975,1.274405,1.282815
2021-12-03 16:00:00+00:00,usdcad,1.283815,1.28462,1.278765,1.279385
2021-12-03 20:00:00+00:00,usdcad,1.284345,1.285455,1.282965,1.28381
2021-12-05 20:00:00+00:00,usdcad,1.281795,1.283995,1.281775,1.283185
2021-12-06 00:00:00+00:00,usdcad,1.282395,1.2843,1.281805,1.28182
2021-12-06 04:00:00+00:00,usdcad,1.282485,1.283575,1.281855,1.2824
2021-12-06 08:00:00+00:00,usdcad,1.278565,1.282575,1.278365,1.28248
2021-12-06 12:00:00+00:00,usdcad,1.27912,1.280695,1.277395,1.278575
2021-12-06 16:00:00+00:00,usdcad,1.27709,1.279735,1.275435,1.27911
2021-12-06 20:00:00+00:00,usdcad,1.276285,1.277545,1.275365,1.277085
2021-12-07 00:00:00+00:00,usdcad,1.274325,1.276755,1.274015,1.27628
2021-12-07 04:00:00+00:00,usdcad,1.27272,1.274315,1.272425,1.274315
2021-12-07 08:00:00+00:00,usdcad,1.268365,1.272785,1.267895,1.272725
2021-12-07 12:00:00+00:00,usdcad,1.264575,1.268805,1.263535,1.268365
2021-12-07 16:00:00+00:00,usdcad,1.264715,1.267305,1.263785,1.264585
2021-12-07 20:00:00+00:00,usdcad,1.264635,1.265695,1.263575,1.26472
2021-12-08 00:00:00+00:00,usdcad,1.263765,1.264735,1.263245,1.26464
2021-12-08 04:00:00+00:00,usdcad,1.265055,1.266425,1.263485,1.263755
2021-12-08 08:00:00+00:00,usdcad,1.261915,1.26531,1.261865,1.26506
2021-12-08 12:00:00+00:00,usdcad,1.266055,1.2664,1.260825,1.261925
2021-12-08 16:00:00+00:00,usdcad,1.265865,1.266655,1.263695,1.266055
2021-12-08 20:00:00+00:00,usdcad,1.265275,1.26587,1.26447,1.26586
2021-12-09 00:00:00+00:00,usdcad,1.2663,1.266755,1.265045,1.265285
2021-12-09 04:00:00+00:00,usdcad,1.266425,1.26705,1.265205,1.26631
2021-12-09 08:00:00+00:00,usdcad,1.268275,1.268905,1.266105,1.266435
2021-12-09 12:00:00+00:00,usdcad,1.270985,1.271585,1.26815,1.26828
2021-12-09 16:00:00+00:00,usdcad,1.272185,1.272235,1.268615,1.270995
2021-12-09 20:00:00+00:00,usdcad,1.270685,1.2722,1.270645,1.272195
2021-12-10 00:00:00+00:00,usdcad,1.269915,1.2719,1.269325,1.270675
2021-12-10 04:00:00+00:00,usdcad,1.27172,1.272285,1.269885,1.269925
2021-12-10 08:00:00+00:00,usdcad,1.269895,1.27229,1.269655,1.271715
2021-12-10 12:00:00+00:00,usdcad,1.270995,1.273845,1.268025,1.269905
2021-12-10 16:00:00+00:00,usdcad,1.27297,1.273255,1.270075,1.27106
2021-12-10 20:00:00+00:00,usdcad,1.27258,1.273305,1.272065,1.272975
2021-12-12 20:00:00+00:00,usdcad,1.27216,1.273155,1.27178,1.272905
2021-12-13 00:00:00+00:00,usdcad,1.271535,1.272225,1.270595,1.272155
2021-12-13 04:00:00+00:00,usdcad,1.273495,1.27434,1.27119,1.271545
2021-12-13 08:00:00+00:00,usdcad,1.275035,1.275555,1.273255,1.273485
2021-12-13 12:00:00+00:00,usdcad,1.280885,1.281125,1.275025,1.275025
2021-12-13 16:00:00+00:00,usdcad,1.279625,1.282025,1.27834,1.280935
2021-12-13 20:00:00+00:00,usdcad,1.280855,1.282145,1.279415,1.279635
2021-12-14 00:00:00+00:00,usdcad,1.282565,1.282745,1.280605,1.280845
2021-12-14 04:00:00+00:00,usdcad,1.28059,1.282725,1.279765,1.282575
2021-12-14 08:00:00+00:00,usdcad,1.28084,1.282415,1.280015,1.280585
2021-12-14 12:00:00+00:00,usdcad,1.284345,1.285085,1.2807,1.280835
2021-12-14 16:00:00+00:00,usdcad,1.285605,1.286375,1.284275,1.284355
2021-12-14 20:00:00+00:00,usdcad,1.286745,1.286805,1.28515,1.285595
2021-12-15 00:00:00+00:00,usdcad,1.284945,1.28674,1.284725,1.28674
2021-12-15 04:00:00+00:00,usdcad,1.285425,1.286265,1.28454,1.284935
2021-12-15 08:00:00+00:00,usdcad,1.287725,1.28829,1.28487,1.28543
2021-12-15 12:00:00+00:00,usdcad,1.291345,1.292005,1.286405,1.28773
2021-12-15 16:00:00+00:00,usdcad,1.286865,1.293595,1.285995,1.291395
2021-12-15 20:00:00+00:00,usdcad,1.28374,1.28767,1.283045,1.286965
2021-12-16 00:00:00+00:00,usdcad,1.285065,1.285785,1.28346,1.283745
2021-12-16 04:00:00+00:00,usdcad,1.28043,1.285445,1.280095,1.28506
2021-12-16 08:00:00+00:00,usdcad,1.277425,1.28122,1.277045,1.280425
2021-12-16 12:00:00+00:00,usdcad,1.27685,1.281125,1.276375,1.27742
2021-12-16 16:00:00+00:00,usdcad,1.279715,1.279885,1.276465,1.276835
2021-12-16 20:00:00+00:00,usdcad,1.278115,1.28031,1.277185,1.2797
2021-12-17 00:00:00+00:00,usdcad,1.280515,1.2806,1.277865,1.27811
2021-12-17 04:00:00+00:00,usdcad,1.27904,1.281005,1.278875,1.280505
2021-12-17 08:00:00+00:00,usdcad,1.280475,1.28119,1.278015,1.279045
2021-12-17 12:00:00+00:00,usdcad,1.282445,1.284535,1.280315,1.280465
2021-12-17 16:00:00+00:00,usdcad,1.287895,1.288265,1.281235,1.28244
2021-12-17 20:00:00+00:00,usdcad,1.289195,1.290175,1.287255,1.287905
2021-12-19 20:00:00+00:00,usdcad,1.289935,1.290245,1.288415,1.288835
2021-12-20 00:00:00+00:00,usdcad,1.289845,1.290445,1.288695,1.28993
2021-12-20 04:00:00+00:00,usdcad,1.291835,1.2936,1.289635,1.28985
2021-12-20 08:00:00+00:00,usdcad,1.291495,1.293585,1.291105,1.29184
2021-12-20 12:00:00+00:00,usdcad,1.295875,1.296395,1.291105,1.29149
2021-12-20 16:00:00+00:00,usdcad,1.294765,1.29634,1.293395,1.29587
2021-12-20 20:00:00+00:00,usdcad,1.293685,1.294805,1.293545,1.29477
2021-12-21 00:00:00+00:00,usdcad,1.29246,1.294345,1.291405,1.29368
2021-12-21 04:00:00+00:00,usdcad,1.293625,1.294085,1.29238,1.292455
2021-12-21 08:00:00+00:00,usdcad,1.293155,1.29461,1.292465,1.293615
2021-12-21 12:00:00+00:00,usdcad,1.293145,1.294225,1.291955,1.293145
2021-12-21 16:00:00+00:00,usdcad,1.29259,1.293855,1.292065,1.29314
2021-12-21 20:00:00+00:00,usdcad,1.292355,1.292645,1.291195,1.292585
2021-12-22 00:00:00+00:00,usdcad,1.291025,1.292415,1.290585,1.292365
2021-12-22 04:00:00+00:00,usdcad,1.290975,1.292085,1.290875,1.291035
2021-12-22 08:00:00+00:00,usdcad,1.290445,1.29147,1.290335,1.29098
2021-12-22 12:00:00+00:00,usdcad,1.285555,1.291765,1.285015,1.29045
2021-12-22 16:00:00+00:00,usdcad,1.284335,1.286655,1.283705,1.28556
2021-12-22 20:00:00+00:00,usdcad,1.285205,1.285255,1.28328,1.284325
2021-12-23 00:00:00+00:00,usdcad,1.284505,1.285365,1.284015,1.28521
2021-12-23 04:00:00+00:00,usdcad,1.282925,1.284545,1.282405,1.28451
2021-12-23 08:00:00+00:00,usdcad,1.282045,1.28304,1.281115,1.28293
2021-12-23 12:00:00+00:00,usdcad,1.281485,1.28423,1.280835,1.28204
2021-12-23 16:00:00+00:00,usdcad,1.281125,1.282325,1.279835,1.281495
2021-12-23 20:00:00+00:00,usdcad,1.28274,1.282755,1.27999,1.281135
2021-12-24 00:00:00+00:00,usdcad,1.282055,1.283505,1.280915,1.282735
2021-12-24 04:00:00+00:00,usdcad,1.282475,1.282685,1.281695,1.28205
2021-12-24 08:00:00+00:00,usdcad,1.27886,1.283145,1.278695,1.282455
2021-12-24 12:00:00+00:00,usdcad,1.280745,1.282235,1.279075,1.279105
2021-12-24 16:00:00+00:00,usdcad,1.281345,1.282595,1.280745,1.28075
2021-12-24 20:00:00+00:00,usdcad,1.281225,1.281785,1.280725,1.281315
2021-12-26 20:00:00+00:00,usdcad,1.281615,1.28176,1.280795,1.280985
2021-12-27 00:00:00+00:00,usdcad,1.280605,1.281825,1.280385,1.281625
2021-12-27 04:00:00+00:00,usdcad,1.281915,1.28259,1.280595,1.280595
2021-12-27 08:00:00+00:00,usdcad,1.283185,1.283415,1.281665,1.28191
2021-12-27 12:00:00+00:00,usdcad,1.278415,1.284765,1.277885,1.28319
2021-12-27 16:00:00+00:00,usdcad,1.27972,1.280305,1.278395,1.278425
2021-12-27 20:00:00+00:00,usdcad,1.278855,1.279965,1.278285,1.279725
2021-12-28 00:00:00+00:00,usdcad,1.279475,1.279915,1.27876,1.278845
2021-12-28 04:00:00+00:00,usdcad,1.279915,1.279925,1.27825,1.27947
2021-12-28 08:00:00+00:00,usdcad,1.279575,1.280335,1.279255,1.279905
2021-12-28 12:00:00+00:00,usdcad,1.281075,1.281775,1.278265,1.279585
2021-12-28 16:00:00+00:00,usdcad,1.281575,1.283195,1.280905,1.28107
2021-12-28 20:00:00+00:00,usdcad,1.28157,1.282135,1.280825,1.28157
2021-12-29 00:00:00+00:00,usdcad,1.28169,1.283335,1.281205,1.281575
2021-12-29 04:00:00+00:00,usdcad,1.281745,1.282925,1.281545,1.281685
2021-12-29 08:00:00+00:00,usdcad,1.28262,1.283515,1.281015,1.28175
2021-12-29 12:00:00+00:00,usdcad,1.280245,1.283105,1.278825,1.282625
2021-12-29 16:00:00+00:00,usdcad,1.279395,1.281355,1.279195,1.280205
2021-12-29 20:00:00+00:00,usdcad,1.278355,1.279905,1.278335,1.279385
2021-12-30 00:00:00+00:00,usdcad,1.27909,1.279105,1.277055,1.27835
2021-12-30 04:00:00+00:00,usdcad,1.280235,1.28115,1.279005,1.279095
2021-12-30 08:00:00+00:00,usdcad,1.27812,1.281285,1.277955,1.28023
2021-12-30 12:00:00+00:00,usdcad,1.278775,1.280865,1.27713,1.27808
2021-12-30 16:00:00+00:00,usdcad,1.274395,1.279155,1.273905,1.278795
2021-12-30 20:00:00+00:00,usdcad,1.274575,1.274765,1.273425,1.274405
2021-12-31 00:00:00+00:00,usdcad,1.274495,1.27509,1.273825,1.274585
2021-12-31 04:00:00+00:00,usdcad,1.273355,1.274585,1.272235,1.27449
2021-12-31 08:00:00+00:00,usdcad,1.273555,1.273795,1.271625,1.273365
2021-12-31 12:00:00+00:00,usdcad,1.263665,1.27429,1.263065,1.27356
2021-12-31 16:00:00+00:00,usdcad,1.264005,1.265845,1.262065,1.263265
2021-12-31 20:00:00+00:00,usdcad,1.264005,1.265665,1.26323,1.264015
2022-01-02 20:00:00+00:00,usdcad,1.265985,1.26603,1.26313,1.26393
2022-01-03 00:00:00+00:00,usdcad,1.267875,1.268575,1.264515,1.265925
2022-01-03 04:00:00+00:00,usdcad,1.267555,1.268615,1.267,1.267865
2022-01-03 08:00:00+00:00,usdcad,1.268295,1.268485,1.266715,1.26756
2022-01-03 12:00:00+00:00,usdcad,1.277285,1.27792,1.268035,1.2683
2022-01-03 16:00:00+00:00,usdcad,1.274745,1.277345,1.274385,1.27729
2022-01-03 20:00:00+00:00,usdcad,1.275185,1.275845,1.274395,1.27474
2022-01-04 00:00:00+00:00,usdcad,1.274445,1.275555,1.273755,1.275195
2022-01-04 04:00:00+00:00,usdcad,1.272895,1.274565,1.272335,1.274455
2022-01-04 08:00:00+00:00,usdcad,1.275155,1.275595,1.27289,1.27289
2022-01-04 12:00:00+00:00,usdcad,1.26756,1.276615,1.26673,1.275145
2022-01-04 16:00:00+00:00,usdcad,1.270535,1.271985,1.267555,1.267555
2022-01-04 20:00:00+00:00,usdcad,1.270545,1.271415,1.26981,1.270545
2022-01-05 00:00:00+00:00,usdcad,1.271315,1.27187,1.269715,1.270555
2022-01-05 04:00:00+00:00,usdcad,1.271405,1.272565,1.270715,1.27131
2022-01-05 08:00:00+00:00,usdcad,1.272185,1.272855,1.270835,1.2714
2022-01-05 12:00:00+00:00,usdcad,1.270005,1.274005,1.269175,1.272145
2022-01-05 16:00:00+00:00,usdcad,1.275435,1.275675,1.269315,1.270085
2022-01-05 20:00:00+00:00,usdcad,1.276045,1.276655,1.275185,1.275555
2022-01-06 00:00:00+00:00,usdcad,1.278285,1.278415,1.275815,1.276065
2022-01-06 04:00:00+00:00,usdcad,1.280465,1.280585,1.277935,1.278275
2022-01-06 08:00:00+00:00,usdcad,1.277775,1.281385,1.27552,1.28047
2022-01-06 12:00:00+00:00,usdcad,1.275345,1.278645,1.272425,1.27778
2022-01-06 16:00:00+00:00,usdcad,1.273015,1.275825,1.270695,1.27528
2022-01-06 20:00:00+00:00,usdcad,1.27306,1.274015,1.272315,1.27301
2022-01-07 00:00:00+00:00,usdcad,1.271325,1.273065,1.270665,1.273065
2022-01-07 04:00:00+00:00,usdcad,1.272415,1.273035,1.270825,1.27132
2022-01-07 08:00:00+00:00,usdcad,1.271865,1.273065,1.270655,1.27241
2022-01-07 12:00:00+00:00,usdcad,1.267505,1.272755,1.26697,1.271855
2022-01-07 16:00:00+00:00,usdcad,1.263475,1.26761,1.263245,1.2675
2022-01-07 20:00:00+00:00,usdcad,1.26438,1.26485,1.263205,1.26347
2022-01-09 20:00:00+00:00,usdcad,1.264795,1.265665,1.263575,1.26494
2022-01-10 00:00:00+00:00,usdcad,1.264435,1.265055,1.26346,1.26479
2022-01-10 04:00:00+00:00,usdcad,1.263385,1.265325,1.26305,1.264425
2022-01-10 08:00:00+00:00,usdcad,1.263035,1.26467,1.261045,1.26338
2022-01-10 12:00:00+00:00,usdcad,1.26775,1.26944,1.262615,1.26304
2022-01-10 16:00:00+00:00,usdcad,1.26788,1.26966,1.26736,1.26778
2022-01-10 20:00:00+00:00,usdcad,1.26661,1.26875,1.26656,1.26787
2022-01-11 00:00:00+00:00,usdcad,1.26503,1.26707,1.26455,1.26662
2022-01-11 04:00:00+00:00,usdcad,1.2646,1.26661,1.26433,1.26502
2022-01-11 08:00:00+00:00,usdcad,1.26395,1.26511,1.26306,1.26459
2022-01-11 12:00:00+00:00,usdcad,1.26295,1.26638,1.26138,1.26393
2022-01-11 16:00:00+00:00,usdcad,1.25824,1.2629,1.25674,1.26282
2022-01-11 20:00:00+00:00,usdcad,1.25778,1.25838,1.25688,1.25823
2022-01-12 00:00:00+00:00,usdcad,1.25535,1.258,1.25522,1.25779
2022-01-12 04:00:00+00:00,usdcad,1.25746,1.25767,1.25462,1.25534
2022-01-12 08:00:00+00:00,usdcad,1.25466,1.25745,1.25337,1.25745
2022-01-12 12:00:00+00:00,usdcad,1.25093,1.25573,1.25072,1.25464
2022-01-12 16:00:00+00:00,usdcad,1.25012,1.25163,1.24957,1.25092
2022-01-12 20:00:00+00:00,usdcad,1.25031,1.25099,1.24998,1.25012
2022-01-13 00:00:00+00:00,usdcad,1.24991,1.25103,1.24962,1.25034
2022-01-13 04:00:00+00:00,usdcad,1.24855,1.25086,1.24854,1.24992
2022-01-13 08:00:00+00:00,usdcad,1.24801,1.24916,1.2466,1.24856
2022-01-13 12:00:00+00:00,usdcad,1.24853,1.24967,1.24535,1.248
2022-01-13 16:00:00+00:00,usdcad,1.24882,1.25035,1.24769,1.24856
2022-01-13 20:00:00+00:00,usdcad,1.25086,1.25215,1.24883,1.24883
2022-01-14 00:00:00+00:00,usdcad,1.25076,1.25258,1.25041,1.25085
2022-01-14 04:00:00+00:00,usdcad,1.2495,1.25077,1.24844,1.25077
2022-01-14 08:00:00+00:00,usdcad,1.24884,1.25024,1.2471,1.24951
2022-01-14 12:00:00+00:00,usdcad,1.25432,1.2546,1.24879,1.24885
2022-01-14 16:00:00+00:00,usdcad,1.25613,1.25706,1.25389,1.25431
2022-01-14 20:00:00+00:00,usdcad,1.25496,1.25652,1.25418,1.25614
2022-01-16 20:00:00+00:00,usdcad,1.25418,1.25572,1.25384,1.25402
2022-01-17 00:00:00+00:00,usdcad,1.25386,1.25521,1.25346,1.25419
2022-01-17 04:00:00+00:00,usdcad,1.25245,1.25479,1.25228,1.25385
2022-01-17 08:00:00+00:00,usdcad,1.25173,1.25296,1.25003,1.25244
2022-01-17 12:00:00+00:00,usdcad,1.25192,1.25363,1.25037,1.25172
2022-01-17 16:00:00+00:00,usdcad,1.25186,1.25237,1.25067,1.25193
2022-01-17 20:00:00+00:00,usdcad,1.25164,1.25244,1.251525,1.25187
2022-01-18 00:00:00+00:00,usdcad,1.25285,1.25337,1.24862,1.25163
2022-01-18 04:00:00+00:00,usdcad,1.25015,1.25307,1.24982,1.25286
2022-01-18 08:00:00+00:00,usdcad,1.25012,1.25296,1.24955,1.25016
2022-01-18 12:00:00+00:00,usdcad,1.25283,1.25315,1.24971,1.25011
2022-01-18 16:00:00+00:00,usdcad,1.25037,1.25638,1.25034,1.25284
2022-01-18 20:00:00+00:00,usdcad,1.2498,1.25236,1.24962,1.25039
2022-01-19 00:00:00+00:00,usdcad,1.25044,1.2511,1.24871,1.24977
2022-01-19 04:00:00+00:00,usdcad,1.252,1.25227,1.24884,1.25043
2022-01-19 08:00:00+00:00,usdcad,1.24758,1.25247,1.24702,1.25203
2022-01-19 12:00:00+00:00,usdcad,1.25172,1.25187,1.24506,1.24759
2022-01-19 16:00:00+00:00,usdcad,1.24901,1.25173,1.24839,1.25171
2022-01-19 20:00:00+00:00,usdcad,1.2511,1.25166,1.24873,1.24903
2022-01-20 00:00:00+00:00,usdcad,1.24955,1.2512,1.24928,1.25109
2022-01-20 04:00:00+00:00,usdcad,1.24902,1.24993,1.24833,1.24954
2022-01-20 08:00:00+00:00,usdcad,1.24896,1.24978,1.24811,1.24901
2022-01-20 12:00:00+00:00,usdcad,1.24567,1.24957,1.24549,1.24895
2022-01-20 16:00:00+00:00,usdcad,1.24716,1.24778,1.24533,1.24569
2022-01-20 20:00:00+00:00,usdcad,1.25008,1.25154,1.2469,1.24717
2022-01-21 00:00:00+00:00,usdcad,1.25287,1.25377,1.24985,1.25007
2022-01-21 04:00:00+00:00,usdcad,1.25165,1.253,1.25093,1.25286
2022-01-21 08:00:00+00:00,usdcad,1.25224,1.2535,1.25062,1.25166
2022-01-21 12:00:00+00:00,usdcad,1.25329,1.25542,1.25147,1.25225
2022-01-21 16:00:00+00:00,usdcad,1.25727,1.25738,1.25243,1.25328
2022-01-21 20:00:00+00:00,usdcad,1.2579,1.25876,1.25704,1.25728
2022-01-23 20:00:00+00:00,usdcad,1.25619,1.258175,1.25619,1.25801
2022-01-24 00:00:00+00:00,usdcad,1.25612,1.25747,1.25582,1.25624
2022-01-24 04:00:00+00:00,usdcad,1.25769,1.25886,1.25547,1.25611
2022-01-24 08:00:00+00:00,usdcad,1.2609,1.26158,1.25679,1.2577
2022-01-24 12:00:00+00:00,usdcad,1.26634,1.26792,1.2607,1.26071
2022-01-24 16:00:00+00:00,usdcad,1.26473,1.27016,1.26375,1.26633
2022-01-24 20:00:00+00:00,usdcad,1.26262,1.2654,1.26229,1.26476
2022-01-25 00:00:00+00:00,usdcad,1.26458,1.26555,1.26185,1.26261
2022-01-25 04:00:00+00:00,usdcad,1.26384,1.26583,1.26285,1.26457
2022-01-25 08:00:00+00:00,usdcad,1.26426,1.26507,1.26278,1.26383
2022-01-25 12:00:00+00:00,usdcad,1.26355,1.26693,1.26228,1.26425
2022-01-25 16:00:00+00:00,usdcad,1.25997,1.2645,1.25976,1.26355
2022-01-25 20:00:00+00:00,usdcad,1.26173,1.26329,1.25979,1.25996
2022-01-26 00:00:00+00:00,usdcad,1.26068,1.26308,1.25997,1.26174
2022-01-26 04:00:00+00:00,usdcad,1.25977,1.26113,1.25912,1.26067
2022-01-26 08:00:00+00:00,usdcad,1.25637,1.25988,1.25634,1.25976
2022-01-26 12:00:00+00:00,usdcad,1.26273,1.2639,1.25596,1.25636
2022-01-26 16:00:00+00:00,usdcad,1.2654,1.266865,1.25811,1.26272
2022-01-26 20:00:00+00:00,usdcad,1.26567,1.26883,1.26503,1.2653
2022-01-27 00:00:00+00:00,usdcad,1.27069,1.27091,1.26565,1.26569
2022-01-27 04:00:00+00:00,usdcad,1.27246,1.27271,1.27023,1.2707
2022-01-27 08:00:00+00:00,usdcad,1.27017,1.27267,1.2663,1.27246
2022-01-27 12:00:00+00:00,usdcad,1.27066,1.27205,1.26505,1.27016
2022-01-27 16:00:00+00:00,usdcad,1.27455,1.27455,1.26977,1.27067
2022-01-27 20:00:00+00:00,usdcad,1.27475,1.27481,1.27319,1.27454
2022-01-28 00:00:00+00:00,usdcad,1.27237,1.27482,1.2713,1.27472
2022-01-28 04:00:00+00:00,usdcad,1.27451,1.27477,1.27133,1.27238
2022-01-28 08:00:00+00:00,usdcad,1.27833,1.27965,1.27433,1.2745
2022-01-28 12:00:00+00:00,usdcad,1.27697,1.27969,1.27496,1.27833
2022-01-28 16:00:00+00:00,usdcad,1.27861,1.27951,1.27481,1.27694
2022-01-28 20:00:00+00:00,usdcad,1.27634,1.27862,1.27619,1.27862
2022-01-30 20:00:00+00:00,usdcad,1.27602,1.27771,1.27598,1.27709
2022-01-31 00:00:00+00:00,usdcad,1.27343,1.27639,1.27316,1.27603
2022-01-31 04:00:00+00:00,usdcad,1.2724,1.27422,1.27237,1.27342
2022-01-31 08:00:00+00:00,usdcad,1.27422,1.27441,1.27204,1.27239
2022-01-31 12:00:00+00:00,usdcad,1.27144,1.27756,1.27123,1.27423
2022-01-31 16:00:00+00:00,usdcad,1.26972,1.27306,1.26822,1.27149
2022-01-31 20:00:00+00:00,usdcad,1.2718,1.27185,1.26952,1.26973
2022-02-01 00:00:00+00:00,usdcad,1.27158,1.27229,1.27034,1.27181
2022-02-01 04:00:00+00:00,usdcad,1.2671,1.27171,1.2671,1.27159
2022-02-01 08:00:00+00:00,usdcad,1.26942,1.26945,1.26555,1.26709
2022-02-01 12:00:00+00:00,usdcad,1.26836,1.27264,1.26783,1.26941
2022-02-01 16:00:00+00:00,usdcad,1.27012,1.27031,1.26771,1.2683
2022-02-01 20:00:00+00:00,usdcad,1.26904,1.27013,1.26807,1.27013
2022-02-02 00:00:00+00:00,usdcad,1.26902,1.26953,1.26755,1.26903
2022-02-02 04:00:00+00:00,usdcad,1.26811,1.26918,1.26768,1.26901
2022-02-02 08:00:00+00:00,usdcad,1.26796,1.26993,1.26729,1.2681
2022-02-02 12:00:00+00:00,usdcad,1.26862,1.27061,1.26506,1.26795
2022-02-02 16:00:00+00:00,usdcad,1.26662,1.26978,1.26627,1.26863
2022-02-02 20:00:00+00:00,usdcad,1.26873,1.26877,1.26528,1.26663
2022-02-03 00:00:00+00:00,usdcad,1.26745,1.26878,1.26732,1.26872
2022-02-03 04:00:00+00:00,usdcad,1.2687,1.26921,1.26741,1.26746
2022-02-03 08:00:00+00:00,usdcad,1.27082,1.27155,1.26827,1.26869
2022-02-03 12:00:00+00:00,usdcad,1.26808,1.27131,1.26636,1.27083
2022-02-03 16:00:00+00:00,usdcad,1.26781,1.26905,1.26581,1.26806
2022-02-03 20:00:00+00:00,usdcad,1.26793,1.26937,1.26708,1.26782
2022-02-04 00:00:00+00:00,usdcad,1.267,1.26851,1.26668,1.26793
2022-02-04 04:00:00+00:00,usdcad,1.27003,1.27005,1.26631,1.26699
2022-02-04 08:00:00+00:00,usdcad,1.27295,1.27339,1.26906,1.26975
2022-02-04 12:00:00+00:00,usdcad,1.27729,1.27876,1.27155,1.27294
2022-02-04 16:00:00+00:00,usdcad,1.27537,1.27809,1.27436,1.27728
2022-02-04 20:00:00+00:00,usdcad,1.27616,1.27675,1.27425,1.27536
2022-02-06 20:00:00+00:00,usdcad,1.27464,1.275275,1.27462,1.274885
2022-02-07 00:00:00+00:00,usdcad,1.27445,1.27565,1.27345,1.27463
2022-02-07 04:00:00+00:00,usdcad,1.271,1.27453,1.27085,1.27444
2022-02-07 08:00:00+00:00,usdcad,1.27244,1.27423,1.27099,1.27099
2022-02-07 12:00:00+00:00,usdcad,1.26838,1.27282,1.26812,1.27245
2022-02-07 16:00:00+00:00,usdcad,1.26621,1.26952,1.26608,1.26838
2022-02-07 20:00:00+00:00,usdcad,1.26662,1.26756,1.2658,1.2662
2022-02-08 00:00:00+00:00,usdcad,1.26833,1.2686,1.26644,1.26661
2022-02-08 04:00:00+00:00,usdcad,1.26923,1.27015,1.26799,1.26832
2022-02-08 08:00:00+00:00,usdcad,1.27013,1.27068,1.2673,1.26922
2022-02-08 12:00:00+00:00,usdcad,1.27137,1.2721,1.26966,1.27015
2022-02-08 16:00:00+00:00,usdcad,1.27143,1.27209,1.26968,1.27136
2022-02-08 20:00:00+00:00,usdcad,1.27064,1.27148,1.27014,1.27142
2022-02-09 00:00:00+00:00,usdcad,1.26935,1.27156,1.26891,1.27061
2022-02-09 04:00:00+00:00,usdcad,1.2708,1.27143,1.26893,1.26936
2022-02-09 08:00:00+00:00,usdcad,1.26926,1.27127,1.26823,1.27081
2022-02-09 12:00:00+00:00,usdcad,1.26831,1.27001,1.26775,1.26925
2022-02-09 16:00:00+00:00,usdcad,1.26702,1.26824,1.26656,1.26823
2022-02-09 20:00:00+00:00,usdcad,1.26767,1.26846,1.26669,1.26704
2022-02-10 00:00:00+00:00,usdcad,1.26779,1.26865,1.26712,1.26768
2022-02-10 04:00:00+00:00,usdcad,1.26702,1.26793,1.26686,1.26778
2022-02-10 08:00:00+00:00,usdcad,1.26727,1.26804,1.26654,1.26701
2022-02-10 12:00:00+00:00,usdcad,1.26545,1.27192,1.26362,1.26728
2022-02-10 16:00:00+00:00,usdcad,1.27149,1.27175,1.26411,1.26546
2022-02-10 20:00:00+00:00,usdcad,1.27341,1.27346,1.27041,1.27148
2022-02-11 00:00:00+00:00,usdcad,1.27346,1.27507,1.27245,1.2734
2022-02-11 04:00:00+00:00,usdcad,1.27315,1.27539,1.27247,1.27345
2022-02-11 08:00:00+00:00,usdcad,1.27252,1.27382,1.27198,1.27316
2022-02-11 12:00:00+00:00,usdcad,1.26861,1.27253,1.26754,1.27251
2022-02-11 16:00:00+00:00,usdcad,1.2742,1.27466,1.26694,1.26861
2022-02-11 20:00:00+00:00,usdcad,1.273245,1.27469,1.27253,1.27419
2022-02-13 20:00:00+00:00,usdcad,1.27246,1.27428,1.27207,1.27356
2022-02-14 00:00:00+00:00,usdcad,1.27348,1.27459,1.27233,1.27245
2022-02-14 04:00:00+00:00,usdcad,1.27374,1.27464,1.27268,1.2735
2022-02-14 08:00:00+00:00,usdcad,1.27741,1.27841,1.27375,1.27375
2022-02-14 12:00:00+00:00,usdcad,1.27468,1.27827,1.27216,1.2774
2022-02-14 16:00:00+00:00,usdcad,1.27356,1.27568,1.27201,1.27467
2022-02-14 20:00:00+00:00,usdcad,1.27293,1.27427,1.27208,1.27357
2022-02-15 00:00:00+00:00,usdcad,1.27398,1.2741,1.27239,1.27294
2022-02-15 04:00:00+00:00,usdcad,1.2734,1.27534,1.27291,1.27399
2022-02-15 08:00:00+00:00,usdcad,1.27214,1.27389,1.27012,1.27341
2022-02-15 12:00:00+00:00,usdcad,1.27597,1.27747,1.27104,1.27213
2022-02-15 16:00:00+00:00,usdcad,1.2733,1.27632,1.27312,1.27596
2022-02-15 20:00:00+00:00,usdcad,1.27255,1.27419,1.27153,1.27331
2022-02-16 00:00:00+00:00,usdcad,1.27205,1.2726,1.27107,1.27254
2022-02-16 04:00:00+00:00,usdcad,1.27042,1.27227,1.27034,1.27204
2022-02-16 08:00:00+00:00,usdcad,1.26872,1.27073,1.26753,1.27041
2022-02-16 12:00:00+00:00,usdcad,1.26971,1.27044,1.26637,1.26873
2022-02-16 16:00:00+00:00,usdcad,1.26765,1.2704,1.2673,1.26972
2022-02-16 20:00:00+00:00,usdcad,1.26965,1.26965,1.26733,1.26764
2022-02-17 00:00:00+00:00,usdcad,1.27243,1.27247,1.2682,1.26966
2022-02-17 04:00:00+00:00,usdcad,1.27015,1.27346,1.26964,1.27244
2022-02-17 08:00:00+00:00,usdcad,1.27057,1.27256,1.26946,1.27014
2022-02-17 12:00:00+00:00,usdcad,1.26932,1.27149,1.26747,1.27056
2022-02-17 16:00:00+00:00,usdcad,1.26974,1.27015,1.2682,1.26934
2022-02-17 20:00:00+00:00,usdcad,1.27093,1.27105,1.26956,1.26973
2022-02-18 00:00:00+00:00,usdcad,1.2695,1.27174,1.26933,1.27094
2022-02-18 04:00:00+00:00,usdcad,1.26823,1.26985,1.26821,1.26951
2022-02-18 08:00:00+00:00,usdcad,1.27007,1.27081,1.26739,1.26824
2022-02-18 12:00:00+00:00,usdcad,1.27368,1.27386,1.26927,1.27008
2022-02-18 16:00:00+00:00,usdcad,1.27437,1.27589,1.27365,1.27369
2022-02-18 20:00:00+00:00,usdcad,1.275295,1.2761,1.27412,1.27439
2022-02-20 20:00:00+00:00,usdcad,1.2757,1.27621,1.274555,1.274815
2022-02-21 00:00:00+00:00,usdcad,1.27307,1.27596,1.27279,1.27569
2022-02-21 04:00:00+00:00,usdcad,1.27323,1.2734,1.27221,1.27308
2022-02-21 08:00:00+00:00,usdcad,1.27461,1.27509,1.2726,1.27322
2022-02-21 12:00:00+00:00,usdcad,1.27397,1.27568,1.27337,1.27462
2022-02-21 16:00:00+00:00,usdcad,1.27495,1.27593,1.27397,1.27398
2022-02-21 20:00:00+00:00,usdcad,1.27578,1.27661,1.27488,1.27494
2022-02-22 00:00:00+00:00,usdcad,1.27654,1.2769,1.27455,1.27577
2022-02-22 04:00:00+00:00,usdcad,1.27642,1.27656,1.27408,1.27653
2022-02-22 08:00:00+00:00,usdcad,1.2735,1.27669,1.27254,1.27641
2022-02-22 12:00:00+00:00,usdcad,1.27338,1.27405,1.2719,1.27349
2022-02-22 16:00:00+00:00,usdcad,1.27547,1.27832,1.27267,1.27338
2022-02-22 20:00:00+00:00,usdcad,1.27676,1.27732,1.27481,1.27546
2022-02-23 00:00:00+00:00,usdcad,1.27503,1.27688,1.27438,1.27672
2022-02-23 04:00:00+00:00,usdcad,1.27358,1.27557,1.27358,1.27501
2022-02-23 08:00:00+00:00,usdcad,1.2716,1.27381,1.27035,1.27359
2022-02-23 12:00:00+00:00,usdcad,1.27224,1.27269,1.26819,1.27161
2022-02-23 16:00:00+00:00,usdcad,1.27366,1.27416,1.27097,1.27223
2022-02-23 20:00:00+00:00,usdcad,1.27345,1.27482,1.27285,1.27367
2022-02-24 00:00:00+00:00,usdcad,1.27693,1.27773,1.2732,1.27343
2022-02-24 04:00:00+00:00,usdcad,1.28022,1.28056,1.27654,1.27694
2022-02-24 08:00:00+00:00,usdcad,1.28151,1.28476,1.27857,1.28023
2022-02-24 12:00:00+00:00,usdcad,1.28773,1.28777,1.28054,1.2815
2022-02-24 16:00:00+00:00,usdcad,1.28177,1.28775,1.28004,1.28774
2022-02-24 20:00:00+00:00,usdcad,1.28081,1.28195,1.27916,1.28178
2022-02-25 00:00:00+00:00,usdcad,1.2789,1.28145,1.27886,1.28082
2022-02-25 04:00:00+00:00,usdcad,1.2785,1.27947,1.27715,1.27891
2022-02-25 08:00:00+00:00,usdcad,1.28037,1.28207,1.27839,1.27851
2022-02-25 12:00:00+00:00,usdcad,1.27413,1.28037,1.27353,1.28036
2022-02-25 16:00:00+00:00,usdcad,1.2711,1.27561,1.27109,1.27412
2022-02-25 20:00:00+00:00,usdcad,1.2706,1.27227,1.26956,1.27111
2022-02-27 20:00:00+00:00,usdcad,1.27564,1.27707,1.27435,1.27688
2022-02-28 00:00:00+00:00,usdcad,1.28081,1.281,1.27508,1.27566
2022-02-28 04:00:00+00:00,usdcad,1.27717,1.28098,1.2764,1.2808
2022-02-28 08:00:00+00:00,usdcad,1.27538,1.27893,1.27325,1.27716
2022-02-28 12:00:00+00:00,usdcad,1.26819,1.27543,1.26736,1.27539
2022-02-28 16:00:00+00:00,usdcad,1.26857,1.27058,1.26598,1.26817
2022-02-28 20:00:00+00:00,usdcad,1.26674,1.27012,1.26659,1.26858
2022-03-01 00:00:00+00:00,usdcad,1.26816,1.26846,1.26658,1.2667
2022-03-01 04:00:00+00:00,usdcad,1.26665,1.26816,1.26538,1.26815
2022-03-01 08:00:00+00:00,usdcad,1.26797,1.26823,1.26562,1.26666
2022-03-01 12:00:00+00:00,usdcad,1.26761,1.26966,1.26549,1.26796
2022-03-01 16:00:00+00:00,usdcad,1.27432,1.27498,1.26701,1.2676
2022-03-01 20:00:00+00:00,usdcad,1.27244,1.27503,1.27239,1.27431
2022-03-02 00:00:00+00:00,usdcad,1.2721,1.27354,1.27155,1.27243
2022-03-02 04:00:00+00:00,usdcad,1.27299,1.27452,1.27148,1.27209
2022-03-02 08:00:00+00:00,usdcad,1.26999,1.27319,1.26975,1.27298
2022-03-02 12:00:00+00:00,usdcad,1.2695,1.27083,1.26636,1.27
2022-03-02 16:00:00+00:00,usdcad,1.2651,1.27004,1.26349,1.26951
2022-03-02 20:00:00+00:00,usdcad,1.26471,1.26524,1.26281,1.26509
2022-03-03 00:00:00+00:00,usdcad,1.26384,1.26551,1.26341,1.2647
2022-03-03 04:00:00+00:00,usdcad,1.26078,1.26386,1.26054,1.26383
2022-03-03 08:00:00+00:00,usdcad,1.26348,1.26407,1.25872,1.26079
2022-03-03 12:00:00+00:00,usdcad,1.26671,1.26689,1.26228,1.26347
2022-03-03 16:00:00+00:00,usdcad,1.26817,1.26929,1.26465,1.2667
2022-03-03 20:00:00+00:00,usdcad,1.26715,1.26912,1.26701,1.26816
2022-03-04 00:00:00+00:00,usdcad,1.27,1.27226,1.267,1.26714
2022-03-04 04:00:00+00:00,usdcad,1.26973,1.27057,1.26814,1.27001
2022-03-04 08:00:00+00:00,usdcad,1.27449,1.27484,1.26929,1.26974
2022-03-04 12:00:00+00:00,usdcad,1.27637,1.27922,1.27353,1.2745
2022-03-04 16:00:00+00:00,usdcad,1.27409,1.27758,1.27133,1.27636
2022-03-04 20:00:00+00:00,usdcad,1.27319,1.2744,1.27208,1.27408
2022-03-06 20:00:00+00:00,usdcad,1.27155,1.27572,1.27134,1.273015
2022-03-07 00:00:00+00:00,usdcad,1.27168,1.2737,1.27111,1.27156
2022-03-07 04:00:00+00:00,usdcad,1.2708,1.27221,1.26857,1.27167
2022-03-07 08:00:00+00:00,usdcad,1.27134,1.27392,1.26919,1.27079
2022-03-07 12:00:00+00:00,usdcad,1.27705,1.27741,1.27021,1.27133
2022-03-07 16:00:00+00:00,usdcad,1.28073,1.28075,1.27605,1.27704
2022-03-07 20:00:00+00:00,usdcad,1.27997,1.28209,1.27975,1.28072
2022-03-08 00:00:00+00:00,usdcad,1.28033,1.28146,1.27963,1.27999
2022-03-08 04:00:00+00:00,usdcad,1.2834,1.28349,1.28018,1.28032
2022-03-08 08:00:00+00:00,usdcad,1.28153,1.28395,1.28067,1.28339
2022-03-08 12:00:00+00:00,usdcad,1.2868,1.28693,1.28069,1.28152
2022-03-08 16:00:00+00:00,usdcad,1.289,1.29012,1.28567,1.28679
2022-03-08 20:00:00+00:00,usdcad,1.28914,1.28946,1.28781,1.289
2022-03-09 00:00:00+00:00,usdcad,1.28908,1.28926,1.28677,1.28915
2022-03-09 04:00:00+00:00,usdcad,1.2866,1.28907,1.28625,1.28907
2022-03-09 08:00:00+00:00,usdcad,1.28332,1.28675,1.28061,1.28661
2022-03-09 12:00:00+00:00,usdcad,1.2816,1.28448,1.28066,1.28333
2022-03-09 16:00:00+00:00,usdcad,1.28308,1.28355,1.28038,1.28159
2022-03-09 20:00:00+00:00,usdcad,1.27991,1.28308,1.27983,1.28307
2022-03-10 00:00:00+00:00,usdcad,1.28108,1.2842,1.27916,1.27994
2022-03-10 04:00:00+00:00,usdcad,1.27954,1.2824,1.27943,1.28109
2022-03-10 08:00:00+00:00,usdcad,1.28234,1.2832,1.27942,1.27953
2022-03-10 12:00:00+00:00,usdcad,1.27821,1.28327,1.27582,1.28233
2022-03-10 16:00:00+00:00,usdcad,1.27577,1.27922,1.27506,1.27819
2022-03-10 20:00:00+00:00,usdcad,1.27566,1.27749,1.27535,1.27576
2022-03-11 00:00:00+00:00,usdcad,1.27787,1.27899,1.27537,1.27558
2022-03-11 04:00:00+00:00,usdcad,1.27727,1.27942,1.27596,1.27788
2022-03-11 08:00:00+00:00,usdcad,1.27595,1.27882,1.27571,1.27726
2022-03-11 12:00:00+00:00,usdcad,1.27009,1.27777,1.26941,1.27594
2022-03-11 16:00:00+00:00,usdcad,1.27246,1.27329,1.26988,1.27008
2022-03-11 20:00:00+00:00,usdcad,1.27487,1.27544,1.27246,1.27246
2022-03-13 20:00:00+00:00,usdcad,1.2736,1.27447,1.27297,1.27351
2022-03-14 00:00:00+00:00,usdcad,1.27828,1.27896,1.27335,1.27359
2022-03-14 04:00:00+00:00,usdcad,1.27747,1.2788,1.27651,1.27829
2022-03-14 08:00:00+00:00,usdcad,1.27717,1.27784,1.27456,1.27746
2022-03-14 12:00:00+00:00,usdcad,1.27728,1.27808,1.27382,1.27716
2022-03-14 16:00:00+00:00,usdcad,1.28223,1.28267,1.27592,1.27729
2022-03-14 20:00:00+00:00,usdcad,1.28219,1.28271,1.28126,1.28222
2022-03-15 00:00:00+00:00,usdcad,1.28216,1.28535,1.28144,1.2822
2022-03-15 04:00:00+00:00,usdcad,1.28416,1.28528,1.28185,1.28217
2022-03-15 08:00:00+00:00,usdcad,1.28378,1.28715,1.28288,1.28415
2022-03-15 12:00:00+00:00,usdcad,1.28056,1.28385,1.27903,1.28379
2022-03-15 16:00:00+00:00,usdcad,1.27702,1.28071,1.27648,1.28057
2022-03-15 20:00:00+00:00,usdcad,1.27714,1.27756,1.27619,1.27701
2022-03-16 00:00:00+00:00,usdcad,1.2763,1.27756,1.27555,1.27716
2022-03-16 04:00:00+00:00,usdcad,1.27518,1.2765,1.27328,1.27631
2022-03-16 08:00:00+00:00,usdcad,1.27149,1.27522,1.27136,1.27519
2022-03-16 16:00:00+00:00,usdcad,1.26898,1.27783,1.26897,1.27315
2022-03-16 20:00:00+00:00,usdcad,1.2688,1.26968,1.2675,1.26897
2022-03-17 00:00:00+00:00,usdcad,1.26835,1.2699,1.26692,1.26881
2022-03-17 04:00:00+00:00,usdcad,1.26606,1.2687,1.26606,1.26836
2022-03-17 08:00:00+00:00,usdcad,1.26566,1.26735,1.26521,1.26607
2022-03-17 12:00:00+00:00,usdcad,1.26392,1.26793,1.26386,1.26567
2022-03-17 16:00:00+00:00,usdcad,1.26195,1.26502,1.26195,1.26392
2022-03-17 20:00:00+00:00,usdcad,1.26327,1.26358,1.26131,1.26196
2022-03-18 00:00:00+00:00,usdcad,1.26206,1.26338,1.26145,1.26327
2022-03-18 04:00:00+00:00,usdcad,1.26034,1.2621,1.25978,1.26205
2022-03-18 08:00:00+00:00,usdcad,1.26194,1.26237,1.25954,1.26035
2022-03-18 12:00:00+00:00,usdcad,1.2633,1.26468,1.26124,1.26193
2022-03-18 16:00:00+00:00,usdcad,1.25934,1.26394,1.25892,1.26331
2022-03-18 20:00:00+00:00,usdcad,1.26043,1.26075,1.25911,1.25933
2022-03-20 20:00:00+00:00,usdcad,1.26064,1.261475,1.25971,1.26106
2022-03-21 00:00:00+00:00,usdcad,1.26067,1.26097,1.25915,1.26063
2022-03-21 04:00:00+00:00,usdcad,1.26027,1.26151,1.26018,1.26066
2022-03-21 08:00:00+00:00,usdcad,1.26128,1.26221,1.25898,1.26026
2022-03-21 12:00:00+00:00,usdcad,1.25783,1.26142,1.25753,1.26127
2022-03-21 16:00:00+00:00,usdcad,1.25898,1.26122,1.25654,1.25784
2022-03-21 20:00:00+00:00,usdcad,1.25882,1.25972,1.25876,1.25899
2022-03-22 00:00:00+00:00,usdcad,1.25904,1.25931,1.25878,1.25883
2022-03-22 20:00:00+00:00,usdcad,1.25833,1.2587,1.25649,1.25731
2022-03-23 00:00:00+00:00,usdcad,1.25773,1.25858,1.25657,1.25834
2022-03-23 04:00:00+00:00,usdcad,1.25733,1.25905,1.25704,1.25772
2022-03-23 08:00:00+00:00,usdcad,1.25939,1.26003,1.2571,1.25732
2022-03-23 12:00:00+00:00,usdcad,1.25553,1.26057,1.25423,1.2594
2022-03-23 16:00:00+00:00,usdcad,1.25663,1.25703,1.25535,1.25554
2022-03-23 20:00:00+00:00,usdcad,1.25599,1.25765,1.25597,1.25665
2022-03-24 00:00:00+00:00,usdcad,1.25782,1.25786,1.25558,1.25598
2022-03-24 04:00:00+00:00,usdcad,1.25725,1.25844,1.25673,1.25781
2022-03-24 08:00:00+00:00,usdcad,1.25586,1.25862,1.25536,1.25726
2022-03-24 12:00:00+00:00,usdcad,1.25308,1.25767,1.25099,1.25585
2022-03-24 16:00:00+00:00,usdcad,1.25299,1.25541,1.25297,1.25309
2022-03-24 20:00:00+00:00,usdcad,1.25209,1.25376,1.25208,1.25298
2022-03-25 00:00:00+00:00,usdcad,1.25295,1.25443,1.25179,1.25207
2022-03-25 04:00:00+00:00,usdcad,1.25395,1.25449,1.25248,1.25294
2022-03-25 08:00:00+00:00,usdcad,1.25267,1.25533,1.25263,1.25395
2022-03-25 12:00:00+00:00,usdcad,1.25136,1.25333,1.24987,1.25268
2022-03-25 16:00:00+00:00,usdcad,1.24659,1.25143,1.24658,1.25137
2022-03-25 20:00:00+00:00,usdcad,1.247705,1.24812,1.24656,1.2466
2022-03-27 20:00:00+00:00,usdcad,1.24874,1.24874,1.24764,1.24828
2022-03-28 00:00:00+00:00,usdcad,1.24894,1.25004,1.24784,1.24873
2022-03-28 04:00:00+00:00,usdcad,1.24926,1.25031,1.24858,1.24893
2022-03-28 08:00:00+00:00,usdcad,1.24957,1.25005,1.24736,1.24927
2022-03-28 12:00:00+00:00,usdcad,1.2551,1.25929,1.24876,1.24958
2022-03-28 16:00:00+00:00,usdcad,1.25246,1.25572,1.25211,1.25511
2022-03-28 20:00:00+00:00,usdcad,1.25217,1.25314,1.25153,1.25247
2022-03-29 00:00:00+00:00,usdcad,1.25173,1.25301,1.25129,1.25211
2022-03-29 04:00:00+00:00,usdcad,1.25101,1.252,1.25099,1.25174
2022-03-29 20:00:00+00:00,usdcad,1.24987,1.250235,1.24942,1.250015
2022-03-30 00:00:00+00:00,usdcad,1.24921,1.25088,1.24893,1.24991
2022-03-30 04:00:00+00:00,usdcad,1.24779,1.24943,1.24757,1.2492
2022-03-30 08:00:00+00:00,usdcad,1.24775,1.24896,1.24754,1.24778
2022-03-30 12:00:00+00:00,usdcad,1.24963,1.25028,1.24297,1.24776
2022-03-30 16:00:00+00:00,usdcad,1.24763,1.24979,1.24664,1.24962
2022-03-30 20:00:00+00:00,usdcad,1.24839,1.24917,1.24716,1.24762
2022-03-31 00:00:00+00:00,usdcad,1.25165,1.25193,1.24767,1.2484
2022-03-31 04:00:00+00:00,usdcad,1.25106,1.25203,1.24978,1.25166
2022-03-31 08:00:00+00:00,usdcad,1.25207,1.25335,1.25107,1.25107
2022-03-31 12:00:00+00:00,usdcad,1.2484,1.25269,1.24805,1.25208
2022-03-31 16:00:00+00:00,usdcad,1.25031,1.25032,1.24643,1.24839
2022-03-31 20:00:00+00:00,usdcad,1.25023,1.25108,1.24902,1.2503
2022-04-01 00:00:00+00:00,usdcad,1.24929,1.25086,1.24924,1.25022
2022-04-01 04:00:00+00:00,usdcad,1.25121,1.25269,1.24926,1.2493
2022-04-01 08:00:00+00:00,usdcad,1.24884,1.25156,1.24808,1.25122
2022-04-01 12:00:00+00:00,usdcad,1.25063,1.25212,1.24865,1.24885
2022-04-01 16:00:00+00:00,usdcad,1.2513,1.25386,1.25042,1.25064
2022-04-01 20:00:00+00:00,usdcad,1.251335,1.25254,1.25118,1.25131
2022-04-03 20:00:00+00:00,usdcad,1.25275,1.25278,1.251585,1.251585
2022-04-04 00:00:00+00:00,usdcad,1.25107,1.25282,1.251,1.25276
2022-04-04 04:00:00+00:00,usdcad,1.2489,1.2512,1.2485,1.25108
2022-04-04 08:00:00+00:00,usdcad,1.24987,1.25052,1.24853,1.24889
2022-04-04 12:00:00+00:00,usdcad,1.24917,1.24986,1.24683,1.24986
2022-04-04 16:00:00+00:00,usdcad,1.24875,1.2503,1.24825,1.24918
2022-04-04 20:00:00+00:00,usdcad,1.24866,1.24933,1.24802,1.24876
2022-04-05 00:00:00+00:00,usdcad,1.24877,1.24907,1.24849,1.24867
2022-04-05 04:00:00+00:00,usdcad,1.24576,1.24916,1.24536,1.24878
2022-04-05 08:00:00+00:00,usdcad,1.24401,1.24688,1.2439,1.24575
2022-04-05 12:00:00+00:00,usdcad,1.2453,1.24617,1.24029,1.24402
2022-04-05 16:00:00+00:00,usdcad,1.24931,1.24981,1.24495,1.24531
2022-04-05 20:00:00+00:00,usdcad,1.2485,1.24931,1.24833,1.2493
2022-04-06 00:00:00+00:00,usdcad,1.25007,1.25041,1.24844,1.24848
2022-04-06 04:00:00+00:00,usdcad,1.25053,1.25099,1.24924,1.25008
2022-04-06 08:00:00+00:00,usdcad,1.24949,1.25074,1.24882,1.25052
2022-04-06 12:00:00+00:00,usdcad,1.25025,1.25215,1.24794,1.24948
2022-04-06 16:00:00+00:00,usdcad,1.25324,1.25587,1.24896,1.25024
2022-04-06 20:00:00+00:00,usdcad,1.25644,1.25667,1.25305,1.25325
2022-04-07 00:00:00+00:00,usdcad,1.25562,1.25689,1.2552,1.25645
2022-04-07 04:00:00+00:00,usdcad,1.25513,1.25662,1.25384,1.25561
2022-04-07 08:00:00+00:00,usdcad,1.255,1.25719,1.2539,1.25512
2022-04-07 12:00:00+00:00,usdcad,1.25936,1.26118,1.25467,1.25499
2022-04-07 16:00:00+00:00,usdcad,1.25858,1.26079,1.25758,1.25937
2022-04-07 20:00:00+00:00,usdcad,1.25874,1.25947,1.2585,1.25859
2022-04-08 00:00:00+00:00,usdcad,1.25861,1.2595,1.25783,1.25873
2022-04-08 04:00:00+00:00,usdcad,1.25879,1.25991,1.25761,1.2586
2022-04-08 08:00:00+00:00,usdcad,1.25875,1.25997,1.25838,1.25878
2022-04-08 12:00:00+00:00,usdcad,1.25783,1.26191,1.25759,1.25874
2022-04-08 16:00:00+00:00,usdcad,1.25692,1.25945,1.2565,1.25784
2022-04-08 20:00:00+00:00,usdcad,1.257195,1.25827,1.2568,1.25691
2022-04-10 20:00:00+00:00,usdcad,1.25813,1.25813,1.25656,1.256795
2022-04-11 00:00:00+00:00,usdcad,1.26083,1.26175,1.25809,1.25814
2022-04-11 04:00:00+00:00,usdcad,1.26043,1.26176,1.25907,1.26082
2022-04-11 08:00:00+00:00,usdcad,1.2594,1.26066,1.2573,1.26042
2022-04-11 12:00:00+00:00,usdcad,1.26219,1.26292,1.25932,1.25941
2022-04-11 16:00:00+00:00,usdcad,1.2636,1.26375,1.262,1.2622
2022-04-11 20:00:00+00:00,usdcad,1.26403,1.26444,1.26311,1.26361
2022-04-12 00:00:00+00:00,usdcad,1.2645,1.26565,1.26365,1.26402
2022-04-12 04:00:00+00:00,usdcad,1.26468,1.26557,1.26325,1.26451
2022-04-12 08:00:00+00:00,usdcad,1.26311,1.26617,1.26305,1.26469
2022-04-12 12:00:00+00:00,usdcad,1.26074,1.26429,1.25818,1.2631
2022-04-12 16:00:00+00:00,usdcad,1.26398,1.26455,1.25962,1.26073
2022-04-12 20:00:00+00:00,usdcad,1.26356,1.26451,1.26337,1.264
2022-04-13 00:00:00+00:00,usdcad,1.26165,1.26427,1.26108,1.26357
2022-04-13 04:00:00+00:00,usdcad,1.26359,1.26491,1.2612,1.26166
2022-04-13 08:00:00+00:00,usdcad,1.26571,1.26588,1.26285,1.2636
2022-04-13 12:00:00+00:00,usdcad,1.25976,1.26763,1.25915,1.26572
2022-04-13 16:00:00+00:00,usdcad,1.25656,1.25991,1.25552,1.25975
2022-04-13 20:00:00+00:00,usdcad,1.25683,1.2571,1.25615,1.25657
2022-04-14 00:00:00+00:00,usdcad,1.25525,1.25697,1.25439,1.25684
2022-04-14 04:00:00+00:00,usdcad,1.25567,1.2567,1.25415,1.25526
2022-04-14 08:00:00+00:00,usdcad,1.25546,1.25597,1.25217,1.25568
2022-04-14 12:00:00+00:00,usdcad,1.26283,1.26422,1.25503,1.25545
2022-04-14 16:00:00+00:00,usdcad,1.26163,1.2634,1.25873,1.26284
2022-04-15 00:00:00+00:00,usdcad,1.26128,1.26166,1.260035,1.261585
2022-04-15 04:00:00+00:00,usdcad,1.259465,1.26142,1.25932,1.26127
2022-04-15 08:00:00+00:00,usdcad,1.26025,1.2604,1.25909,1.259455
2022-04-15 12:00:00+00:00,usdcad,1.261385,1.26153,1.25978,1.26024
2022-04-15 16:00:00+00:00,usdcad,1.26106,1.2616,1.260285,1.261395
2022-04-15 20:00:00+00:00,usdcad,1.261295,1.2614,1.2608,1.261075
2022-04-17 20:00:00+00:00,usdcad,1.26149,1.26222,1.26088,1.26114
2022-04-18 00:00:00+00:00,usdcad,1.26387,1.26389,1.26114,1.26148
2022-04-18 04:00:00+00:00,usdcad,1.26376,1.26437,1.26291,1.26388
2022-04-18 08:00:00+00:00,usdcad,1.26273,1.26442,1.26243,1.26377
2022-04-18 12:00:00+00:00,usdcad,1.26214,1.26316,1.26036,1.26272
2022-04-18 16:00:00+00:00,usdcad,1.26169,1.26266,1.26056,1.26213
2022-04-18 20:00:00+00:00,usdcad,1.26011,1.262395,1.25999,1.2617
2022-04-19 00:00:00+00:00,usdcad,1.25842,1.26145,1.25809,1.26012
2022-04-19 04:00:00+00:00,usdcad,1.25765,1.25857,1.25692,1.25841
2022-04-19 08:00:00+00:00,usdcad,1.26149,1.26215,1.25684,1.25766
2022-04-19 12:00:00+00:00,usdcad,1.26176,1.26468,1.26073,1.26148
2022-04-19 16:00:00+00:00,usdcad,1.26171,1.26403,1.26164,1.26177
2022-04-19 20:00:00+00:00,usdcad,1.26047,1.26242,1.26032,1.2617
2022-04-20 00:00:00+00:00,usdcad,1.25872,1.26246,1.25854,1.26048
2022-04-20 04:00:00+00:00,usdcad,1.25791,1.25894,1.25693,1.25871
2022-04-20 08:00:00+00:00,usdcad,1.25381,1.25818,1.25339,1.2579
2022-04-20 12:00:00+00:00,usdcad,1.24953,1.25398,1.24724,1.25382
2022-04-20 16:00:00+00:00,usdcad,1.24964,1.25093,1.24845,1.24954
2022-04-20 20:00:00+00:00,usdcad,1.24879,1.25028,1.24838,1.24963
2022-04-21 00:00:00+00:00,usdcad,1.24953,1.24999,1.24795,1.2488
2022-04-21 04:00:00+00:00,usdcad,1.24603,1.24952,1.24586,1.24952
2022-04-21 08:00:00+00:00,usdcad,1.24927,1.24995,1.24602,1.24602
2022-04-21 12:00:00+00:00,usdcad,1.25265,1.25289,1.24744,1.24928
2022-04-21 16:00:00+00:00,usdcad,1.25779,1.25904,1.25255,1.25264
2022-04-21 20:00:00+00:00,usdcad,1.25923,1.25927,1.25677,1.25779
2022-04-22 00:00:00+00:00,usdcad,1.25994,1.26079,1.25853,1.25924
2022-04-22 04:00:00+00:00,usdcad,1.26298,1.26378,1.25902,1.25995
2022-04-22 08:00:00+00:00,usdcad,1.26679,1.26841,1.26277,1.26297
2022-04-22 12:00:00+00:00,usdcad,1.27158,1.27244,1.266,1.2668
2022-04-22 16:00:00+00:00,usdcad,1.2722,1.27263,1.27029,1.27159
2022-04-22 20:00:00+00:00,usdcad,1.270995,1.27249,1.27093,1.27219
2022-04-24 20:00:00+00:00,usdcad,1.27236,1.2728,1.270805,1.271885
2022-04-25 00:00:00+00:00,usdcad,1.27319,1.27433,1.27212,1.27234
2022-04-25 04:00:00+00:00,usdcad,1.27321,1.27568,1.27279,1.27318
2022-04-25 08:00:00+00:00,usdcad,1.27503,1.27688,1.27194,1.2732
2022-04-25 12:00:00+00:00,usdcad,1.27762,1.27774,1.27454,1.27504
2022-04-25 16:00:00+00:00,usdcad,1.27254,1.27774,1.27154,1.27761
2022-04-25 20:00:00+00:00,usdcad,1.27386,1.27436,1.27231,1.27253
2022-04-26 00:00:00+00:00,usdcad,1.26906,1.27452,1.26906,1.27387
2022-04-26 04:00:00+00:00,usdcad,1.27453,1.27457,1.26845,1.26907
2022-04-26 08:00:00+00:00,usdcad,1.27508,1.27564,1.27319,1.27454
2022-04-26 12:00:00+00:00,usdcad,1.27985,1.28281,1.27486,1.27509
2022-04-26 16:00:00+00:00,usdcad,1.28136,1.28195,1.27841,1.27986
2022-04-26 20:00:00+00:00,usdcad,1.2807,1.282665,1.28049,1.28135
2022-04-27 00:00:00+00:00,usdcad,1.27944,1.28213,1.27887,1.2807
2022-04-27 04:00:00+00:00,usdcad,1.28228,1.28463,1.27783,1.27942
2022-04-27 08:00:00+00:00,usdcad,1.2832,1.28478,1.28135,1.28229
2022-04-27 12:00:00+00:00,usdcad,1.28284,1.28542,1.28174,1.28321
2022-04-27 16:00:00+00:00,usdcad,1.2819,1.28349,1.27964,1.28283
2022-04-27 20:00:00+00:00,usdcad,1.28155,1.28286,1.2811,1.28192
2022-04-28 00:00:00+00:00,usdcad,1.28412,1.28418,1.28103,1.2816
2022-04-28 04:00:00+00:00,usdcad,1.28046,1.2858,1.27984,1.28413
2022-04-28 08:00:00+00:00,usdcad,1.28761,1.28799,1.2804,1.28047
2022-04-28 12:00:00+00:00,usdcad,1.28319,1.28769,1.28254,1.28762
2022-04-28 16:00:00+00:00,usdcad,1.27999,1.28402,1.27913,1.28318
2022-04-28 20:00:00+00:00,usdcad,1.28044,1.281355,1.27972,1.28001
2022-04-29 00:00:00+00:00,usdcad,1.27772,1.28047,1.27644,1.2804
2022-04-29 04:00:00+00:00,usdcad,1.27314,1.27814,1.27246,1.27774
2022-04-29 08:00:00+00:00,usdcad,1.27435,1.27514,1.27293,1.27313
2022-04-29 12:00:00+00:00,usdcad,1.28037,1.28213,1.2719,1.27434
2022-04-29 16:00:00+00:00,usdcad,1.28468,1.28608,1.27973,1.28036
2022-04-29 20:00:00+00:00,usdcad,1.285815,1.28601,1.28439,1.28469
2022-05-01 20:00:00+00:00,usdcad,1.28554,1.28628,1.28415,1.28455
2022-05-02 00:00:00+00:00,usdcad,1.28652,1.28741,1.28469,1.28555
2022-05-02 04:00:00+00:00,usdcad,1.28757,1.28787,1.28503,1.28651
2022-05-02 08:00:00+00:00,usdcad,1.28794,1.28803,1.28615,1.28752
2022-05-02 12:00:00+00:00,usdcad,1.28836,1.2914,1.28774,1.28795
2022-05-02 16:00:00+00:00,usdcad,1.28738,1.2914,1.28721,1.28837
2022-05-02 20:00:00+00:00,usdcad,1.28714,1.28834,1.28714,1.28739
2022-05-03 00:00:00+00:00,usdcad,1.28514,1.28718,1.2839,1.28715
2022-05-03 04:00:00+00:00,usdcad,1.28579,1.28827,1.28364,1.28515
2022-05-03 08:00:00+00:00,usdcad,1.28588,1.28937,1.28514,1.28578
2022-05-03 12:00:00+00:00,usdcad,1.28368,1.28686,1.28255,1.28587
2022-05-03 16:00:00+00:00,usdcad,1.28325,1.2864,1.28311,1.28369
2022-05-03 20:00:00+00:00,usdcad,1.2834,1.284245,1.28316,1.28326
2022-05-04 00:00:00+00:00,usdcad,1.28291,1.28391,1.28161,1.28341
2022-05-04 04:00:00+00:00,usdcad,1.28238,1.28426,1.28217,1.2829
2022-05-04 08:00:00+00:00,usdcad,1.28098,1.28247,1.28043,1.28239
2022-05-04 12:00:00+00:00,usdcad,1.28183,1.28535,1.28075,1.28099
2022-05-04 16:00:00+00:00,usdcad,1.27353,1.28469,1.27303,1.28182
2022-05-04 20:00:00+00:00,usdcad,1.27385,1.2751,1.27337,1.27354
2022-05-05 00:00:00+00:00,usdcad,1.27196,1.27476,1.27184,1.27386
2022-05-05 04:00:00+00:00,usdcad,1.27493,1.27564,1.27136,1.27194
2022-05-05 08:00:00+00:00,usdcad,1.27687,1.27723,1.27371,1.27493
2022-05-05 12:00:00+00:00,usdcad,1.28483,1.28499,1.27541,1.27689
2022-05-05 16:00:00+00:00,usdcad,1.28329,1.28684,1.28245,1.28484
2022-05-05 20:00:00+00:00,usdcad,1.28281,1.284045,1.28201,1.28328
2022-05-06 00:00:00+00:00,usdcad,1.2833,1.28567,1.28146,1.28281
2022-05-06 04:00:00+00:00,usdcad,1.2854,1.28669,1.28279,1.28333
2022-05-06 08:00:00+00:00,usdcad,1.28377,1.28575,1.2819,1.28539
2022-05-06 12:00:00+00:00,usdcad,1.28894,1.28961,1.28137,1.28378
2022-05-06 16:00:00+00:00,usdcad,1.28848,1.29127,1.28717,1.28893
2022-05-06 20:00:00+00:00,usdcad,1.29086,1.29126,1.28848,1.28849
2022-05-08 20:00:00+00:00,usdcad,1.29193,1.29206,1.29039,1.29056
2022-05-09 00:00:00+00:00,usdcad,1.29417,1.29449,1.29191,1.29194
2022-05-09 04:00:00+00:00,usdcad,1.29302,1.29502,1.29257,1.29418
2022-05-09 08:00:00+00:00,usdcad,1.29365,1.29542,1.29221,1.29303
2022-05-09 12:00:00+00:00,usdcad,1.29636,1.29938,1.29082,1.29366
2022-05-09 16:00:00+00:00,usdcad,1.30097,1.30107,1.29324,1.29637
2022-05-09 20:00:00+00:00,usdcad,1.3011,1.30191,1.30028,1.30096
2022-05-10 00:00:00+00:00,usdcad,1.29933,1.30369,1.29916,1.30111
2022-05-10 04:00:00+00:00,usdcad,1.30176,1.30216,1.29871,1.29934
2022-05-10 08:00:00+00:00,usdcad,1.29934,1.30176,1.29856,1.30175
2022-05-10 12:00:00+00:00,usdcad,1.30292,1.30383,1.2962,1.29935
2022-05-10 16:00:00+00:00,usdcad,1.30235,1.30525,1.30056,1.30291
2022-05-10 20:00:00+00:00,usdcad,1.30325,1.30345,1.30224,1.30236
2022-05-11 00:00:00+00:00,usdcad,1.30072,1.30352,1.30048,1.30326
2022-05-11 04:00:00+00:00,usdcad,1.30086,1.30112,1.30069,1.30073
2022-05-11 08:00:00+00:00,usdcad,1.29612,1.29748,1.29543,1.29746
2022-05-11 12:00:00+00:00,usdcad,1.29438,1.30398,1.29212,1.2961
2022-05-11 16:00:00+00:00,usdcad,1.29975,1.30067,1.29389,1.29439
2022-05-11 20:00:00+00:00,usdcad,1.29959,1.30011,1.2989,1.29974
2022-05-12 00:00:00+00:00,usdcad,1.29969,1.30135,1.29772,1.29958
2022-05-12 04:00:00+00:00,usdcad,1.30122,1.30378,1.29939,1.29968
2022-05-12 08:00:00+00:00,usdcad,1.30402,1.3048,1.30094,1.30121
2022-05-12 12:00:00+00:00,usdcad,1.30566,1.30606,1.30008,1.30403
2022-05-12 16:00:00+00:00,usdcad,1.30406,1.30768,1.30175,1.30566
2022-05-12 20:00:00+00:00,usdcad,1.30257,1.30501,1.30233,1.30405
2022-05-13 00:00:00+00:00,usdcad,1.30032,1.30316,1.29956,1.3026
2022-05-13 04:00:00+00:00,usdcad,1.30063,1.30245,1.29923,1.30033
2022-05-13 08:00:00+00:00,usdcad,1.30052,1.30207,1.29943,1.30064
2022-05-13 12:00:00+00:00,usdcad,1.29283,1.30182,1.29242,1.30051
2022-05-13 16:00:00+00:00,usdcad,1.2922,1.29621,1.29147,1.29284
2022-05-13 20:00:00+00:00,usdcad,1.290825,1.29277,1.28946,1.29222
2022-05-16 00:00:00+00:00,usdcad,1.29732,1.29818,1.28953,1.29064
2022-05-16 04:00:00+00:00,usdcad,1.29467,1.2974,1.29356,1.29733
2022-05-16 08:00:00+00:00,usdcad,1.29267,1.29467,1.29169,1.29466
2022-05-16 12:00:00+00:00,usdcad,1.28814,1.29329,1.28787,1.29266
2022-05-16 16:00:00+00:00,usdcad,1.28468,1.28871,1.28365,1.28813
2022-05-16 20:00:00+00:00,usdcad,1.28502,1.28586,1.28457,1.28469
2022-05-17 00:00:00+00:00,usdcad,1.28363,1.28502,1.28194,1.28502
2022-05-17 04:00:00+00:00,usdcad,1.28234,1.28398,1.28135,1.28362
2022-05-17 08:00:00+00:00,usdcad,1.28242,1.28259,1.28069,1.28235
2022-05-17 12:00:00+00:00,usdcad,1.2839,1.28545,1.28206,1.28242
2022-05-17 16:00:00+00:00,usdcad,1.28164,1.28588,1.28164,1.28391
2022-05-17 20:00:00+00:00,usdcad,1.28066,1.2823,1.28043,1.28162
2022-05-18 00:00:00+00:00,usdcad,1.28357,1.28418,1.27953,1.28067
2022-05-18 04:00:00+00:00,usdcad,1.28403,1.28405,1.28087,1.28358
2022-05-18 08:00:00+00:00,usdcad,1.28313,1.28518,1.28175,1.28402
2022-05-18 12:00:00+00:00,usdcad,1.28405,1.28574,1.28032,1.28312
2022-05-18 16:00:00+00:00,usdcad,1.28837,1.28851,1.28237,1.28407
2022-05-18 20:00:00+00:00,usdcad,1.28888,1.28961,1.28659,1.28832
2022-05-19 00:00:00+00:00,usdcad,1.28236,1.28887,1.28204,1.28887
2022-05-19 04:00:00+00:00,usdcad,1.28353,1.28596,1.28184,1.28237
2022-05-19 08:00:00+00:00,usdcad,1.28134,1.28491,1.28008,1.28352
2022-05-19 12:00:00+00:00,usdcad,1.28285,1.28294,1.27831,1.28135
2022-05-19 16:00:00+00:00,usdcad,1.28098,1.28292,1.27889,1.28284
2022-05-19 20:00:00+00:00,usdcad,1.28194,1.282495,1.28097,1.28098
2022-05-20 00:00:00+00:00,usdcad,1.28317,1.2835,1.28075,1.28195
2022-05-20 04:00:00+00:00,usdcad,1.27956,1.28346,1.2788,1.28318
2022-05-20 08:00:00+00:00,usdcad,1.27941,1.28031,1.27767,1.27957
2022-05-20 12:00:00+00:00,usdcad,1.28371,1.28449,1.27819,1.27942
2022-05-20 16:00:00+00:00,usdcad,1.28332,1.28684,1.28282,1.28372
2022-05-20 20:00:00+00:00,usdcad,1.28384,1.283875,1.28289,1.28331
2022-05-22 20:00:00+00:00,usdcad,1.28156,1.28442,1.28122,1.28442
2022-05-23 00:00:00+00:00,usdcad,1.27992,1.28189,1.27921,1.28157
2022-05-23 04:00:00+00:00,usdcad,1.2788,1.28066,1.27831,1.27991
2022-05-23 08:00:00+00:00,usdcad,1.27843,1.28052,1.27735,1.27881
2022-05-23 12:00:00+00:00,usdcad,1.27845,1.28042,1.27673,1.27841
2022-05-23 16:00:00+00:00,usdcad,1.27756,1.28084,1.2772,1.27844
2022-05-23 20:00:00+00:00,usdcad,1.27878,1.27944,1.27621,1.27755
2022-05-24 00:00:00+00:00,usdcad,1.28026,1.28097,1.27869,1.27879
2022-05-24 04:00:00+00:00,usdcad,1.27833,1.28131,1.27811,1.28025
2022-05-24 08:00:00+00:00,usdcad,1.27933,1.28105,1.27792,1.27834
2022-05-24 12:00:00+00:00,usdcad,1.28426,1.28726,1.27817,1.27931
2022-05-24 16:00:00+00:00,usdcad,1.28108,1.28487,1.28035,1.28427
2022-05-24 20:00:00+00:00,usdcad,1.28237,1.28248,1.28098,1.28108
2022-05-25 00:00:00+00:00,usdcad,1.28129,1.28345,1.28105,1.28237
2022-05-25 04:00:00+00:00,usdcad,1.28333,1.28409,1.28122,1.2813
2022-05-25 08:00:00+00:00,usdcad,1.28688,1.28763,1.283,1.28334
2022-05-25 12:00:00+00:00,usdcad,1.28384,1.28852,1.28121,1.28687
2022-05-25 16:00:00+00:00,usdcad,1.28147,1.28514,1.28027,1.28383
2022-05-25 20:00:00+00:00,usdcad,1.28204,1.28222,1.28079,1.28147
2022-05-26 00:00:00+00:00,usdcad,1.28227,1.28374,1.28014,1.28149
2022-05-26 04:00:00+00:00,usdcad,1.28114,1.28488,1.28111,1.28226
2022-05-26 08:00:00+00:00,usdcad,1.28168,1.28327,1.28102,1.28113
2022-05-26 12:00:00+00:00,usdcad,1.27903,1.28343,1.27772,1.28169
2022-05-26 16:00:00+00:00,usdcad,1.27784,1.27907,1.27709,1.279
2022-05-26 20:00:00+00:00,usdcad,1.27754,1.2784,1.27687,1.27785
2022-05-29 20:00:00+00:00,usdcad,1.27261,1.27321,1.27194,1.27297
2022-05-30 00:00:00+00:00,usdcad,1.2706,1.27267,1.27014,1.27262
2022-05-30 04:00:00+00:00,usdcad,1.26978,1.27101,1.2691,1.27059
2022-05-30 08:00:00+00:00,usdcad,1.2683,1.27001,1.26806,1.26977
2022-05-30 12:00:00+00:00,usdcad,1.26582,1.2686,1.26506,1.26831
2022-05-30 16:00:00+00:00,usdcad,1.26585,1.26625,1.26508,1.26581
2022-05-30 20:00:00+00:00,usdcad,1.26573,1.266135,1.2653,1.26584
2022-05-31 00:00:00+00:00,usdcad,1.26737,1.26852,1.26528,1.26572
2022-05-31 04:00:00+00:00,usdcad,1.26795,1.26799,1.2655,1.26738
2022-05-31 08:00:00+00:00,usdcad,1.2663,1.26833,1.26627,1.26798
2022-05-31 12:00:00+00:00,usdcad,1.26414,1.26868,1.26295,1.26629
2022-05-31 16:00:00+00:00,usdcad,1.26495,1.26516,1.26304,1.26415
2022-05-31 20:00:00+00:00,usdcad,1.26376,1.26542,1.26356,1.26494
2022-06-01 00:00:00+00:00,usdcad,1.26499,1.26538,1.26357,1.26375
2022-06-01 04:00:00+00:00,usdcad,1.26543,1.2673,1.2649,1.26498
2022-06-01 08:00:00+00:00,usdcad,1.26428,1.26598,1.26381,1.26544
2022-06-01 12:00:00+00:00,usdcad,1.26716,1.2675,1.26065,1.26429
2022-06-01 16:00:00+00:00,usdcad,1.26569,1.2677,1.26233,1.26717
2022-06-01 20:00:00+00:00,usdcad,1.26678,1.26688,1.26531,1.2657
2022-06-02 00:00:00+00:00,usdcad,1.267,1.26761,1.26588,1.26679
2022-06-02 04:00:00+00:00,usdcad,1.26601,1.26864,1.26549,1.26699
2022-06-02 08:00:00+00:00,usdcad,1.26481,1.2664,1.26393,1.26602
2022-06-02 12:00:00+00:00,usdcad,1.25872,1.26533,1.25796,1.26482
2022-06-02 16:00:00+00:00,usdcad,1.25776,1.25884,1.25646,1.25872
2022-06-02 20:00:00+00:00,usdcad,1.2572,1.25791,1.25677,1.25777
2022-06-03 00:00:00+00:00,usdcad,1.25719,1.2579,1.25582,1.25721
2022-06-03 04:00:00+00:00,usdcad,1.2567,1.25751,1.25631,1.25718
2022-06-03 08:00:00+00:00,usdcad,1.25796,1.25803,1.25565,1.25671
2022-06-03 12:00:00+00:00,usdcad,1.25838,1.25882,1.25513,1.25795
2022-06-03 16:00:00+00:00,usdcad,1.2592,1.25957,1.25734,1.2584
2022-06-03 20:00:00+00:00,usdcad,1.25953,1.25958,1.2588,1.25921
2022-06-05 20:00:00+00:00,usdcad,1.25884,1.25945,1.25794,1.259375
2022-06-06 00:00:00+00:00,usdcad,1.25844,1.26013,1.25789,1.25885
2022-06-06 04:00:00+00:00,usdcad,1.25648,1.25875,1.25638,1.25845
2022-06-06 08:00:00+00:00,usdcad,1.25535,1.25684,1.25533,1.25649
2022-06-06 12:00:00+00:00,usdcad,1.25702,1.25796,1.25352,1.25536
2022-06-06 16:00:00+00:00,usdcad,1.25759,1.25856,1.25564,1.25703
2022-06-06 20:00:00+00:00,usdcad,1.25824,1.25858,1.25737,1.25758
2022-06-07 00:00:00+00:00,usdcad,1.25936,1.2603,1.2582,1.25823
2022-06-07 04:00:00+00:00,usdcad,1.26026,1.26186,1.25686,1.25937
2022-06-07 08:00:00+00:00,usdcad,1.25911,1.26037,1.25787,1.26025
2022-06-07 12:00:00+00:00,usdcad,1.25497,1.26126,1.25396,1.2591
2022-06-07 16:00:00+00:00,usdcad,1.25378,1.25545,1.25354,1.25496
2022-06-07 20:00:00+00:00,usdcad,1.25365,1.2538,1.252735,1.253175
2022-06-08 00:00:00+00:00,usdcad,1.2549,1.25508,1.25255,1.25366
2022-06-08 04:00:00+00:00,usdcad,1.25422,1.2552,1.25323,1.25491
2022-06-08 08:00:00+00:00,usdcad,1.25371,1.25581,1.25363,1.25421
2022-06-08 12:00:00+00:00,usdcad,1.25221,1.25489,1.25178,1.25372
2022-06-08 16:00:00+00:00,usdcad,1.25508,1.25654,1.2521,1.25222
2022-06-08 20:00:00+00:00,usdcad,1.25544,1.25601,1.25487,1.25506
2022-06-09 00:00:00+00:00,usdcad,1.25592,1.25705,1.25506,1.25564
2022-06-09 04:00:00+00:00,usdcad,1.25783,1.25803,1.25541,1.25593
2022-06-09 08:00:00+00:00,usdcad,1.25649,1.25807,1.25495,1.25782
2022-06-09 12:00:00+00:00,usdcad,1.26504,1.26592,1.25618,1.25648
2022-06-09 16:00:00+00:00,usdcad,1.26974,1.26987,1.26496,1.26503
2022-06-09 20:00:00+00:00,usdcad,1.2703,1.27051,1.26966,1.26975
2022-06-10 00:00:00+00:00,usdcad,1.26985,1.27098,1.26945,1.27027
2022-06-10 04:00:00+00:00,usdcad,1.27089,1.27097,1.26816,1.26986
2022-06-10 08:00:00+00:00,usdcad,1.27544,1.27575,1.27022,1.2709
2022-06-10 12:00:00+00:00,usdcad,1.2783,1.28127,1.2729,1.27544
2022-06-10 16:00:00+00:00,usdcad,1.27748,1.27996,1.27523,1.27833
2022-06-10 20:00:00+00:00,usdcad,1.27863,1.27871,1.27738,1.27747
2022-06-12 20:00:00+00:00,usdcad,1.2797,1.28009,1.27771,1.27815
2022-06-13 00:00:00+00:00,usdcad,1.28123,1.28181,1.27939,1.27971
2022-06-13 04:00:00+00:00,usdcad,1.28367,1.28368,1.28041,1.28122
2022-06-13 08:00:00+00:00,usdcad,1.28601,1.28678,1.28318,1.28368
2022-06-13 12:00:00+00:00,usdcad,1.28519,1.28813,1.28263,1.286
2022-06-13 16:00:00+00:00,usdcad,1.28923,1.28937,1.28377,1.2852
2022-06-13 20:00:00+00:00,usdcad,1.28905,1.29006,1.2884,1.28922
2022-06-14 00:00:00+00:00,usdcad,1.28861,1.29007,1.2881,1.28908
2022-06-14 04:00:00+00:00,usdcad,1.2893,1.29049,1.28663,1.2886
2022-06-14 08:00:00+00:00,usdcad,1.29389,1.2939,1.28904,1.28931
2022-06-14 12:00:00+00:00,usdcad,1.29313,1.29429,1.29031,1.2939
2022-06-14 16:00:00+00:00,usdcad,1.29553,1.29751,1.29298,1.29312
2022-06-14 20:00:00+00:00,usdcad,1.29484,1.296135,1.29434,1.29555
2022-06-15 00:00:00+00:00,usdcad,1.29528,1.29583,1.29325,1.29483
2022-06-15 04:00:00+00:00,usdcad,1.29669,1.29732,1.29435,1.29529
2022-06-15 08:00:00+00:00,usdcad,1.29244,1.29698,1.29157,1.2967
2022-06-15 12:00:00+00:00,usdcad,1.29756,1.29758,1.29223,1.29245
2022-06-15 16:00:00+00:00,usdcad,1.28914,1.29959,1.28628,1.29757
2022-06-15 20:00:00+00:00,usdcad,1.28719,1.29057,1.28719,1.28915
2022-06-16 00:00:00+00:00,usdcad,1.28724,1.28724,1.2872,1.2872
2022-06-16 08:00:00+00:00,usdcad,1.29468,1.29491,1.29184,1.29315
2022-06-16 12:00:00+00:00,usdcad,1.29241,1.29706,1.29105,1.29469
2022-06-16 16:00:00+00:00,usdcad,1.2933,1.2944,1.28879,1.29236
2022-06-16 20:00:00+00:00,usdcad,1.29554,1.2956,1.29312,1.29332
2022-06-17 00:00:00+00:00,usdcad,1.29634,1.29641,1.29411,1.29465
2022-06-17 04:00:00+00:00,usdcad,1.2965,1.29885,1.29436,1.29633
2022-06-17 08:00:00+00:00,usdcad,1.29969,1.29976,1.29539,1.29651
2022-06-17 12:00:00+00:00,usdcad,1.3053,1.3079,1.29819,1.2997
2022-06-17 16:00:00+00:00,usdcad,1.30282,1.30568,1.30141,1.30531
2022-06-17 20:00:00+00:00,usdcad,1.30272,1.30317,1.30171,1.30281
2022-06-19 20:00:00+00:00,usdcad,1.30005,1.303725,1.2996,1.30284
2022-06-20 00:00:00+00:00,usdcad,1.30038,1.30256,1.29965,1.30006
2022-06-20 04:00:00+00:00,usdcad,1.29954,1.30119,1.29866,1.30039
2022-06-20 08:00:00+00:00,usdcad,1.29911,1.30065,1.29855,1.29952
2022-06-20 12:00:00+00:00,usdcad,1.2979,1.30133,1.2979,1.29911
2022-06-20 16:00:00+00:00,usdcad,1.29874,1.30005,1.2979,1.29792
2022-06-20 20:00:00+00:00,usdcad,1.29844,1.29894,1.29757,1.29875
2022-06-21 00:00:00+00:00,usdcad,1.2943,1.29855,1.29424,1.29845
2022-06-21 04:00:00+00:00,usdcad,1.2912,1.29561,1.29093,1.29429
2022-06-21 08:00:00+00:00,usdcad,1.29556,1.2963,1.2906,1.29121
2022-06-21 12:00:00+00:00,usdcad,1.2929,1.29568,1.29086,1.29557
2022-06-21 16:00:00+00:00,usdcad,1.29187,1.2944,1.2911,1.29291
2022-06-21 20:00:00+00:00,usdcad,1.2933,1.2934,1.29137,1.29186
2022-06-22 00:00:00+00:00,usdcad,1.29653,1.2975,1.29322,1.29329
2022-06-22 04:00:00+00:00,usdcad,1.29811,1.29966,1.29614,1.29654
2022-06-22 08:00:00+00:00,usdcad,1.29812,1.29915,1.29669,1.29812
2022-06-22 12:00:00+00:00,usdcad,1.29352,1.2991,1.29174,1.29811
2022-06-22 16:00:00+00:00,usdcad,1.29466,1.29481,1.29123,1.29353
2022-06-22 20:00:00+00:00,usdcad,1.29633,1.29643,1.29366,1.29467
2022-06-23 20:00:00+00:00,usdcad,1.299,1.30019,1.29802,1.29932
2022-06-24 00:00:00+00:00,usdcad,1.29846,1.29999,1.29797,1.29899
2022-06-24 04:00:00+00:00,usdcad,1.29796,1.29872,1.29737,1.29847
2022-06-24 08:00:00+00:00,usdcad,1.29707,1.29935,1.29587,1.29797
2022-06-26 20:00:00+00:00,usdcad,1.28992,1.28997,1.28848,1.289395
2022-06-27 00:00:00+00:00,usdcad,1.28737,1.29167,1.28711,1.28994
2022-06-27 04:00:00+00:00,usdcad,1.2869,1.28913,1.28645,1.28736
2022-06-27 08:00:00+00:00,usdcad,1.29016,1.29036,1.28655,1.28689
2022-06-27 12:00:00+00:00,usdcad,1.28725,1.29155,1.28708,1.29015
2022-06-27 16:00:00+00:00,usdcad,1.28811,1.28904,1.28686,1.28724
2022-06-27 20:00:00+00:00,usdcad,1.28719,1.28821,1.28653,1.28812
2022-06-28 00:00:00+00:00,usdcad,1.28641,1.28778,1.28555,1.2872
2022-06-28 04:00:00+00:00,usdcad,1.28395,1.28657,1.28242,1.28642
2022-06-28 08:00:00+00:00,usdcad,1.28243,1.28406,1.28193,1.28394
2022-06-28 20:00:00+00:00,usdcad,1.28739,1.28764,1.286825,1.287095
2022-06-29 20:00:00+00:00,usdcad,1.28844,1.289495,1.28836,1.28936
2022-06-30 00:00:00+00:00,usdcad,1.28888,1.29077,1.28781,1.28845
2022-06-30 04:00:00+00:00,usdcad,1.29116,1.29192,1.28872,1.28889
2022-06-30 08:00:00+00:00,usdcad,1.29175,1.29335,1.29036,1.29117
2022-06-30 12:00:00+00:00,usdcad,1.28704,1.29297,1.28649,1.29176
2022-06-30 16:00:00+00:00,usdcad,1.28723,1.28874,1.28615,1.28703
2022-06-30 20:00:00+00:00,usdcad,1.2873,1.28848,1.28688,1.28724
2022-07-01 00:00:00+00:00,usdcad,1.2911,1.29164,1.2867,1.28723
2022-07-01 04:00:00+00:00,usdcad,1.29268,1.29307,1.29089,1.29111
2022-07-01 08:00:00+00:00,usdcad,1.29304,1.29382,1.29066,1.29269
2022-07-01 12:00:00+00:00,usdcad,1.29155,1.29664,1.29056,1.29305
2022-07-01 16:00:00+00:00,usdcad,1.28901,1.29203,1.2884,1.29154
2022-07-01 20:00:00+00:00,usdcad,1.28839,1.28922,1.28833,1.289
2022-07-03 20:00:00+00:00,usdcad,1.28897,1.28941,1.28765,1.288145
2022-07-04 00:00:00+00:00,usdcad,1.28976,1.2903,1.28741,1.28896
2022-07-04 04:00:00+00:00,usdcad,1.28647,1.28996,1.28627,1.28977
2022-07-04 08:00:00+00:00,usdcad,1.28483,1.2874,1.28375,1.28649
2022-07-04 12:00:00+00:00,usdcad,1.28803,1.28946,1.28474,1.28482
2022-07-04 16:00:00+00:00,usdcad,1.28646,1.28819,1.28527,1.28802
2022-07-04 20:00:00+00:00,usdcad,1.28587,1.286735,1.28467,1.28645
2022-07-05 00:00:00+00:00,usdcad,1.28617,1.28654,1.28461,1.28586
2022-07-05 04:00:00+00:00,usdcad,1.28725,1.28796,1.28437,1.28618
2022-07-05 08:00:00+00:00,usdcad,1.29566,1.29594,1.2869,1.28726
2022-07-05 12:00:00+00:00,usdcad,1.30667,1.30838,1.29554,1.29565
2022-07-05 16:00:00+00:00,usdcad,1.30371,1.30786,1.30287,1.30666
2022-07-05 20:00:00+00:00,usdcad,1.30325,1.30379,1.3024,1.30372
2022-07-06 00:00:00+00:00,usdcad,1.30369,1.30449,1.30146,1.30326
2022-07-06 04:00:00+00:00,usdcad,1.30228,1.30646,1.30122,1.30368
2022-07-06 08:00:00+00:00,usdcad,1.30323,1.30517,1.30168,1.30227
2022-07-06 12:00:00+00:00,usdcad,1.30535,1.30783,1.30149,1.30322
2022-07-06 16:00:00+00:00,usdcad,1.30402,1.30721,1.30236,1.30534
2022-07-06 20:00:00+00:00,usdcad,1.30381,1.30488,1.3029,1.30401
2022-07-07 00:00:00+00:00,usdcad,1.30185,1.3056,1.30142,1.3038
2022-07-07 04:00:00+00:00,usdcad,1.30067,1.30269,1.30004,1.30186
2022-07-07 08:00:00+00:00,usdcad,1.29816,1.30228,1.29801,1.30068
2022-07-07 12:00:00+00:00,usdcad,1.2988,1.30209,1.29631,1.29815
2022-07-07 16:00:00+00:00,usdcad,1.29767,1.29932,1.29724,1.29879
2022-07-07 20:00:00+00:00,usdcad,1.29682,1.29808,1.29653,1.29767
2022-07-08 00:00:00+00:00,usdcad,1.30142,1.30176,1.2954,1.2967
2022-07-08 04:00:00+00:00,usdcad,1.30068,1.30244,1.29916,1.30141
2022-07-08 08:00:00+00:00,usdcad,1.299,1.3025,1.29796,1.30067
2022-07-08 12:00:00+00:00,usdcad,1.29468,1.30356,1.29364,1.29899
2022-07-08 16:00:00+00:00,usdcad,1.29547,1.29778,1.2946,1.29467
2022-07-08 20:00:00+00:00,usdcad,1.29377,1.29551,1.29372,1.29548
2022-07-11 00:00:00+00:00,usdcad,1.29747,1.29813,1.29518,1.29574
2022-07-11 04:00:00+00:00,usdcad,1.29942,1.30033,1.29695,1.29748
2022-07-11 08:00:00+00:00,usdcad,1.30152,1.30182,1.29828,1.29942
2022-07-11 12:00:00+00:00,usdcad,1.29802,1.30517,1.29785,1.30151
2022-07-11 16:00:00+00:00,usdcad,1.29998,1.30113,1.29757,1.29801
2022-07-11 20:00:00+00:00,usdcad,1.29978,1.30083,1.29947,1.29999
2022-07-12 00:00:00+00:00,usdcad,1.30163,1.30335,1.29917,1.29977
2022-07-12 04:00:00+00:00,usdcad,1.30353,1.30438,1.30157,1.30164
2022-07-12 08:00:00+00:00,usdcad,1.30384,1.30506,1.30182,1.30352
2022-07-12 12:00:00+00:00,usdcad,1.30034,1.30461,1.29914,1.30382
2022-07-12 16:00:00+00:00,usdcad,1.30167,1.30329,1.29845,1.30035
2022-07-12 20:00:00+00:00,usdcad,1.30333,1.30337,1.30084,1.30166
2022-07-13 00:00:00+00:00,usdcad,1.30089,1.30351,1.30015,1.30323
2022-07-13 04:00:00+00:00,usdcad,1.30195,1.30306,1.30041,1.3009
2022-07-13 08:00:00+00:00,usdcad,1.29898,1.30266,1.29897,1.30196
2022-07-13 12:00:00+00:00,usdcad,1.29594,1.30608,1.29367,1.29897
2022-07-13 16:00:00+00:00,usdcad,1.29716,1.29811,1.29397,1.29593
2022-07-13 20:00:00+00:00,usdcad,1.3,1.30026,1.29679,1.29717
2022-07-14 00:00:00+00:00,usdcad,1.29765,1.30066,1.29717,1.29999
2022-07-14 04:00:00+00:00,usdcad,1.30187,1.30251,1.29742,1.29764
2022-07-14 08:00:00+00:00,usdcad,1.31388,1.31447,1.30173,1.30186
2022-07-14 12:00:00+00:00,usdcad,1.31007,1.32239,1.30911,1.31387
2022-07-14 16:00:00+00:00,usdcad,1.31042,1.31396,1.31001,1.31006
2022-07-14 20:00:00+00:00,usdcad,1.31082,1.31254,1.31033,1.31041
2022-07-15 00:00:00+00:00,usdcad,1.31076,1.31293,1.3094,1.31083
2022-07-15 04:00:00+00:00,usdcad,1.31167,1.31358,1.31048,1.31077
2022-07-15 08:00:00+00:00,usdcad,1.30714,1.3127,1.30622,1.31168
2022-07-15 12:00:00+00:00,usdcad,1.30441,1.30817,1.30134,1.30713
2022-07-15 16:00:00+00:00,usdcad,1.30211,1.30441,1.3019,1.3044
2022-07-15 20:00:00+00:00,usdcad,1.30236,1.30285,1.30183,1.3021
2022-07-17 20:00:00+00:00,usdcad,1.30082,1.30245,1.30055,1.30216
2022-07-18 00:00:00+00:00,usdcad,1.29937,1.30252,1.2987,1.30081
2022-07-18 04:00:00+00:00,usdcad,1.29783,1.30043,1.29697,1.29936
2022-07-18 08:00:00+00:00,usdcad,1.2986,1.29905,1.29642,1.29782
2022-07-18 12:00:00+00:00,usdcad,1.29198,1.29904,1.28986,1.29859
2022-07-18 16:00:00+00:00,usdcad,1.29764,1.29834,1.29146,1.29197
2022-07-18 20:00:00+00:00,usdcad,1.29802,1.29902,1.29673,1.29764
2022-07-19 00:00:00+00:00,usdcad,1.29733,1.29887,1.29684,1.29801
2022-07-19 04:00:00+00:00,usdcad,1.29503,1.29757,1.29376,1.29732
2022-07-19 08:00:00+00:00,usdcad,1.29388,1.29611,1.29297,1.29502
2022-07-19 12:00:00+00:00,usdcad,1.28875,1.29563,1.28858,1.29387
2022-07-19 16:00:00+00:00,usdcad,1.28736,1.29013,1.28718,1.28876
2022-07-19 20:00:00+00:00,usdcad,1.287395,1.28754,1.28662,1.28733
2022-07-20 00:00:00+00:00,usdcad,1.28624,1.28763,1.28561,1.2874
2022-07-20 04:00:00+00:00,usdcad,1.28783,1.28825,1.28571,1.28625
2022-07-20 08:00:00+00:00,usdcad,1.28786,1.28919,1.28549,1.28784
2022-07-20 12:00:00+00:00,usdcad,1.28758,1.29071,1.2868,1.28783
2022-07-20 16:00:00+00:00,usdcad,1.28773,1.29067,1.28707,1.28757
2022-07-20 20:00:00+00:00,usdcad,1.28873,1.28977,1.28768,1.28774
2022-07-21 00:00:00+00:00,usdcad,1.28759,1.28888,1.28701,1.28874
2022-07-21 04:00:00+00:00,usdcad,1.28992,1.29008,1.28598,1.28758
2022-07-21 08:00:00+00:00,usdcad,1.29239,1.29312,1.28989,1.28991
2022-07-21 12:00:00+00:00,usdcad,1.2885,1.29372,1.28807,1.29238
2022-07-21 16:00:00+00:00,usdcad,1.28733,1.28951,1.28726,1.28851
2022-07-21 20:00:00+00:00,usdcad,1.28804,1.28808,1.28639,1.2873
2022-07-22 00:00:00+00:00,usdcad,1.28851,1.28936,1.28753,1.28805
2022-07-22 04:00:00+00:00,usdcad,1.28817,1.28976,1.2869,1.28852
2022-07-22 08:00:00+00:00,usdcad,1.28631,1.28842,1.28581,1.28816
2022-07-22 12:00:00+00:00,usdcad,1.28604,1.28712,1.28225,1.2863
2022-07-22 16:00:00+00:00,usdcad,1.29147,1.29282,1.28603,1.28605
2022-07-22 20:00:00+00:00,usdcad,1.29166,1.2918,1.29094,1.29147
2022-07-24 20:00:00+00:00,usdcad,1.29263,1.29263,1.29215,1.29221
2022-07-25 00:00:00+00:00,usdcad,1.29269,1.29468,1.29199,1.29262
2022-07-25 04:00:00+00:00,usdcad,1.29166,1.29439,1.29149,1.2927
2022-07-25 08:00:00+00:00,usdcad,1.2867,1.29219,1.28617,1.29165
2022-07-25 12:00:00+00:00,usdcad,1.2844,1.28779,1.28424,1.28669
2022-07-25 16:00:00+00:00,usdcad,1.28358,1.28666,1.28349,1.28439
2022-07-25 20:00:00+00:00,usdcad,1.28516,1.28547,1.28352,1.28357
2022-07-26 00:00:00+00:00,usdcad,1.28365,1.28545,1.28248,1.28515
2022-07-26 04:00:00+00:00,usdcad,1.28238,1.28417,1.28158,1.28366
2022-07-26 08:00:00+00:00,usdcad,1.28746,1.28838,1.28221,1.28239
2022-07-26 12:00:00+00:00,usdcad,1.28921,1.28984,1.28591,1.28747
2022-07-26 16:00:00+00:00,usdcad,1.28904,1.29014,1.28741,1.2892
2022-07-26 20:00:00+00:00,usdcad,1.28763,1.28912,1.28721,1.28905
2022-07-27 00:00:00+00:00,usdcad,1.28699,1.28764,1.28625,1.28764
2022-07-27 04:00:00+00:00,usdcad,1.28598,1.28701,1.28521,1.28698
2022-07-27 08:00:00+00:00,usdcad,1.28602,1.28661,1.2847,1.28597
2022-07-27 12:00:00+00:00,usdcad,1.28832,1.29,1.28476,1.28603
2022-07-27 16:00:00+00:00,usdcad,1.28188,1.29116,1.28084,1.28831
2022-07-27 20:00:00+00:00,usdcad,1.28184,1.28357,1.28129,1.28189
2022-07-28 00:00:00+00:00,usdcad,1.2828,1.28368,1.28148,1.28185
2022-07-28 04:00:00+00:00,usdcad,1.28054,1.2832,1.27953,1.28281
2022-07-28 08:00:00+00:00,usdcad,1.28192,1.28352,1.27975,1.28053
2022-07-28 12:00:00+00:00,usdcad,1.28321,1.28697,1.28079,1.28193
2022-07-28 16:00:00+00:00,usdcad,1.28189,1.2853,1.28125,1.28322
2022-07-28 20:00:00+00:00,usdcad,1.28071,1.28202,1.28024,1.28188
2022-07-29 00:00:00+00:00,usdcad,1.28052,1.28164,1.28008,1.28072
2022-07-29 04:00:00+00:00,usdcad,1.27957,1.28123,1.27889,1.28053
2022-07-29 08:00:00+00:00,usdcad,1.28448,1.2845,1.27952,1.27955
2022-07-29 12:00:00+00:00,usdcad,1.28035,1.28555,1.27992,1.28449
2022-07-29 16:00:00+00:00,usdcad,1.28048,1.28309,1.27997,1.28036
2022-07-29 20:00:00+00:00,usdcad,1.279835,1.28065,1.27906,1.28049
2022-07-31 20:00:00+00:00,usdcad,1.28149,1.2821,1.280145,1.280885
2022-08-01 00:00:00+00:00,usdcad,1.28073,1.28176,1.27948,1.28148
2022-08-01 04:00:00+00:00,usdcad,1.27839,1.2811,1.27815,1.28072
2022-08-01 08:00:00+00:00,usdcad,1.27795,1.27953,1.27675,1.27838
2022-08-01 12:00:00+00:00,usdcad,1.28328,1.28388,1.27724,1.27794
2022-08-01 16:00:00+00:00,usdcad,1.28409,1.28562,1.28205,1.28327
2022-08-01 20:00:00+00:00,usdcad,1.28446,1.28454,1.283725,1.2841
2022-08-02 00:00:00+00:00,usdcad,1.28499,1.28634,1.28374,1.28445
2022-08-02 04:00:00+00:00,usdcad,1.2864,1.28784,1.28456,1.285
2022-08-02 08:00:00+00:00,usdcad,1.28526,1.2876,1.2847,1.28641
2022-08-02 12:00:00+00:00,usdcad,1.28553,1.28876,1.28384,1.28525
2022-08-02 16:00:00+00:00,usdcad,1.28711,1.28724,1.2834,1.28552
2022-08-02 20:00:00+00:00,usdcad,1.28883,1.28894,1.28705,1.28712
2022-08-03 00:00:00+00:00,usdcad,1.28579,1.28919,1.28547,1.28884
2022-08-03 04:00:00+00:00,usdcad,1.28659,1.28704,1.28505,1.2858
2022-08-03 08:00:00+00:00,usdcad,1.28478,1.28722,1.28448,1.28657
2022-08-03 12:00:00+00:00,usdcad,1.287,1.28852,1.28326,1.28479
2022-08-03 16:00:00+00:00,usdcad,1.28427,1.28747,1.28348,1.28699
2022-08-03 20:00:00+00:00,usdcad,1.2854,1.28545,1.28355,1.28426
2022-08-04 00:00:00+00:00,usdcad,1.28459,1.28561,1.28342,1.28536
2022-08-04 04:00:00+00:00,usdcad,1.28451,1.28551,1.2837,1.2846
2022-08-04 08:00:00+00:00,usdcad,1.28427,1.28546,1.28182,1.28452
2022-08-04 12:00:00+00:00,usdcad,1.28532,1.28763,1.28302,1.28428
2022-08-04 16:00:00+00:00,usdcad,1.28588,1.28728,1.28431,1.28531
2022-08-04 20:00:00+00:00,usdcad,1.287,1.28722,1.28566,1.28589
2022-08-05 00:00:00+00:00,usdcad,1.28701,1.28791,1.28674,1.28701
2022-08-05 04:00:00+00:00,usdcad,1.28678,1.28767,1.28641,1.28702
2022-08-05 08:00:00+00:00,usdcad,1.28907,1.28949,1.28678,1.28679
2022-08-05 12:00:00+00:00,usdcad,1.29422,1.29851,1.28793,1.28906
2022-08-05 16:00:00+00:00,usdcad,1.29343,1.29435,1.29185,1.29421
2022-08-05 20:00:00+00:00,usdcad,1.2937,1.29388,1.29283,1.29344
2022-08-07 20:00:00+00:00,usdcad,1.29441,1.29471,1.2935,1.29356
2022-08-08 00:00:00+00:00,usdcad,1.29322,1.29502,1.29311,1.2944
2022-08-08 04:00:00+00:00,usdcad,1.28937,1.29338,1.28887,1.29321
2022-08-08 08:00:00+00:00,usdcad,1.28834,1.29136,1.28808,1.28938
2022-08-08 12:00:00+00:00,usdcad,1.28547,1.28838,1.28389,1.28835
2022-08-08 16:00:00+00:00,usdcad,1.28606,1.28689,1.28467,1.28548
2022-08-08 20:00:00+00:00,usdcad,1.28559,1.2864,1.28546,1.28607
2022-08-09 00:00:00+00:00,usdcad,1.28527,1.28744,1.28486,1.2856
2022-08-09 04:00:00+00:00,usdcad,1.28637,1.28697,1.2851,1.28526
2022-08-09 08:00:00+00:00,usdcad,1.28635,1.28727,1.28435,1.28636
2022-08-09 12:00:00+00:00,usdcad,1.28798,1.289,1.28554,1.28634
2022-08-09 16:00:00+00:00,usdcad,1.28847,1.29005,1.2877,1.28799
2022-08-09 20:00:00+00:00,usdcad,1.28858,1.288935,1.28795,1.28848
2022-08-10 00:00:00+00:00,usdcad,1.28872,1.28956,1.28836,1.28859
2022-08-10 04:00:00+00:00,usdcad,1.28773,1.28956,1.28729,1.28871
2022-08-10 08:00:00+00:00,usdcad,1.28794,1.28815,1.28645,1.28774
2022-08-10 12:00:00+00:00,usdcad,1.27762,1.289435,1.27513,1.28793
2022-08-10 16:00:00+00:00,usdcad,1.27769,1.27867,1.2759,1.2776
2022-08-10 20:00:00+00:00,usdcad,1.27748,1.278115,1.27726,1.27771
2022-08-11 00:00:00+00:00,usdcad,1.27841,1.27902,1.27725,1.27747
2022-08-11 04:00:00+00:00,usdcad,1.27656,1.27919,1.27619,1.2784
2022-08-11 08:00:00+00:00,usdcad,1.27722,1.27752,1.2757,1.27655
2022-08-11 12:00:00+00:00,usdcad,1.27452,1.27768,1.27279,1.27723
2022-08-11 16:00:00+00:00,usdcad,1.27723,1.27764,1.27335,1.27451
2022-08-11 20:00:00+00:00,usdcad,1.2764,1.27722,1.27601,1.27722
2022-08-12 00:00:00+00:00,usdcad,1.27549,1.27722,1.27538,1.27639
2022-08-12 04:00:00+00:00,usdcad,1.27411,1.27557,1.27404,1.27548
2022-08-12 08:00:00+00:00,usdcad,1.27843,1.27888,1.27395,1.27412
2022-08-12 12:00:00+00:00,usdcad,1.27845,1.28031,1.27754,1.27842
2022-08-12 16:00:00+00:00,usdcad,1.27695,1.27852,1.27682,1.27847
2022-08-12 20:00:00+00:00,usdcad,1.277565,1.27784,1.27694,1.27697
2022-08-14 20:00:00+00:00,usdcad,1.27811,1.27812,1.277035,1.27737
2022-08-15 00:00:00+00:00,usdcad,1.27874,1.27945,1.27726,1.2781
2022-08-15 04:00:00+00:00,usdcad,1.28448,1.2845,1.27869,1.27873
2022-08-15 08:00:00+00:00,usdcad,1.29105,1.29164,1.28418,1.28447
2022-08-15 12:00:00+00:00,usdcad,1.28912,1.29341,1.28875,1.29106
2022-08-15 16:00:00+00:00,usdcad,1.29064,1.29147,1.28881,1.28911
2022-08-15 20:00:00+00:00,usdcad,1.29053,1.29118,1.289805,1.29063
2022-08-16 00:00:00+00:00,usdcad,1.28979,1.29218,1.28933,1.29052
2022-08-16 04:00:00+00:00,usdcad,1.29071,1.29287,1.2889,1.28978
2022-08-16 08:00:00+00:00,usdcad,1.29115,1.29204,1.28921,1.29072
2022-08-16 12:00:00+00:00,usdcad,1.28736,1.29132,1.28545,1.29114
2022-08-16 16:00:00+00:00,usdcad,1.28423,1.28804,1.28312,1.28737
2022-08-16 20:00:00+00:00,usdcad,1.28461,1.28516,1.28397,1.28422
2022-08-17 00:00:00+00:00,usdcad,1.28503,1.28593,1.28395,1.2846
2022-08-17 04:00:00+00:00,usdcad,1.28692,1.28752,1.28275,1.28502
2022-08-17 08:00:00+00:00,usdcad,1.29058,1.29143,1.28675,1.28693
2022-08-17 12:00:00+00:00,usdcad,1.2934,1.29366,1.28958,1.29057
2022-08-17 16:00:00+00:00,usdcad,1.29067,1.29339,1.28783,1.29339
2022-08-17 20:00:00+00:00,usdcad,1.29188,1.29207,1.29047,1.29066
2022-08-18 00:00:00+00:00,usdcad,1.29255,1.29279,1.2914,1.29187
2022-08-18 04:00:00+00:00,usdcad,1.29273,1.29467,1.29148,1.29256
2022-08-18 08:00:00+00:00,usdcad,1.28911,1.29292,1.28812,1.29272
2022-08-18 12:00:00+00:00,usdcad,1.29462,1.29468,1.28807,1.2891
2022-08-18 16:00:00+00:00,usdcad,1.29334,1.29672,1.29298,1.29463
2022-08-18 20:00:00+00:00,usdcad,1.29479,1.2955,1.29332,1.29333
2022-08-19 00:00:00+00:00,usdcad,1.29556,1.2967,1.29457,1.29477
2022-08-19 04:00:00+00:00,usdcad,1.29666,1.29778,1.29547,1.29555
2022-08-19 08:00:00+00:00,usdcad,1.29948,1.3004,1.2963,1.29667
2022-08-19 12:00:00+00:00,usdcad,1.29947,1.30092,1.29712,1.29947
2022-08-19 16:00:00+00:00,usdcad,1.29942,1.29989,1.29804,1.29948
2022-08-19 20:00:00+00:00,usdcad,1.29908,1.29993,1.29907,1.29943
2022-08-21 20:00:00+00:00,usdcad,1.30008,1.30045,1.298935,1.298955
2022-08-22 00:00:00+00:00,usdcad,1.29894,1.30056,1.29861,1.30007
2022-08-22 04:00:00+00:00,usdcad,1.30099,1.30112,1.29885,1.29895
2022-08-22 08:00:00+00:00,usdcad,1.29839,1.30192,1.29716,1.30098
2022-08-22 12:00:00+00:00,usdcad,1.30396,1.3049,1.29825,1.2984
2022-08-22 16:00:00+00:00,usdcad,1.3047,1.30611,1.30286,1.30395
2022-08-22 20:00:00+00:00,usdcad,1.30496,1.30557,1.30447,1.30469
2022-08-23 00:00:00+00:00,usdcad,1.30268,1.30569,1.30249,1.30496
2022-08-23 04:00:00+00:00,usdcad,1.30181,1.30634,1.30122,1.30267
2022-08-23 08:00:00+00:00,usdcad,1.30223,1.30354,1.30062,1.30182
2022-08-23 12:00:00+00:00,usdcad,1.29451,1.30331,1.29337,1.30224
2022-08-23 16:00:00+00:00,usdcad,1.29521,1.29678,1.2945,1.29452
2022-08-23 20:00:00+00:00,usdcad,1.29596,1.29636,1.29458,1.29522
2022-08-24 00:00:00+00:00,usdcad,1.29808,1.29865,1.29564,1.29595
2022-08-24 04:00:00+00:00,usdcad,1.2974,1.2985,1.29695,1.29809
2022-08-24 08:00:00+00:00,usdcad,1.29927,1.30023,1.29567,1.29739
2022-08-24 12:00:00+00:00,usdcad,1.29694,1.30188,1.29591,1.29926
2022-08-24 16:00:00+00:00,usdcad,1.29625,1.29847,1.29612,1.29695
2022-08-24 20:00:00+00:00,usdcad,1.29713,1.2973,1.29613,1.29626
2022-08-25 00:00:00+00:00,usdcad,1.29479,1.2976,1.29468,1.29707
2022-08-25 04:00:00+00:00,usdcad,1.29072,1.29502,1.29068,1.2948
2022-08-25 08:00:00+00:00,usdcad,1.29174,1.29268,1.28954,1.29071
2022-08-25 12:00:00+00:00,usdcad,1.29441,1.29571,1.29117,1.29173
2022-08-25 16:00:00+00:00,usdcad,1.2925,1.29568,1.29249,1.29442
2022-08-25 20:00:00+00:00,usdcad,1.29393,1.29394,1.29234,1.29249
2022-08-26 00:00:00+00:00,usdcad,1.29476,1.29563,1.29363,1.29394
2022-08-26 04:00:00+00:00,usdcad,1.29476,1.29582,1.29445,1.29477
2022-08-26 08:00:00+00:00,usdcad,1.2937,1.29593,1.29251,1.29477
2022-08-26 12:00:00+00:00,usdcad,1.30064,1.30104,1.29043,1.29369
2022-08-26 16:00:00+00:00,usdcad,1.30378,1.30379,1.30048,1.30062
2022-08-26 20:00:00+00:00,usdcad,1.303625,1.30436,1.30329,1.30379
2022-08-28 20:00:00+00:00,usdcad,1.30625,1.30634,1.30617,1.3062
2022-08-29 00:00:00+00:00,usdcad,1.30582,1.30735,1.30514,1.30603
2022-08-29 04:00:00+00:00,usdcad,1.30675,1.30755,1.30565,1.30581
2022-08-29 08:00:00+00:00,usdcad,1.30401,1.3076,1.30394,1.30676
2022-08-29 12:00:00+00:00,usdcad,1.30024,1.30453,1.29908,1.30402
2022-08-29 16:00:00+00:00,usdcad,1.30066,1.3011,1.29923,1.30021
2022-08-29 20:00:00+00:00,usdcad,1.30028,1.30132,1.30015,1.30067
2022-08-30 00:00:00+00:00,usdcad,1.30109,1.30257,1.29973,1.30027
2022-08-30 04:00:00+00:00,usdcad,1.29891,1.30145,1.29847,1.3011
2022-08-30 08:00:00+00:00,usdcad,1.30039,1.30128,1.29722,1.29894
2022-08-30 12:00:00+00:00,usdcad,1.30871,1.31071,1.30015,1.3004
2022-08-30 16:00:00+00:00,usdcad,1.30994,1.31083,1.30809,1.30872
2022-08-30 20:00:00+00:00,usdcad,1.30913,1.30994,1.30874,1.30993
2022-08-31 00:00:00+00:00,usdcad,1.30751,1.30968,1.30746,1.30915
2022-08-31 04:00:00+00:00,usdcad,1.30898,1.30899,1.30635,1.3075
2022-08-31 08:00:00+00:00,usdcad,1.31058,1.31231,1.30839,1.309
2022-08-31 12:00:00+00:00,usdcad,1.30913,1.31409,1.30728,1.31059
2022-08-31 16:00:00+00:00,usdcad,1.31343,1.31355,1.30884,1.30912
2022-08-31 20:00:00+00:00,usdcad,1.31431,1.31455,1.312935,1.31344
2022-09-01 00:00:00+00:00,usdcad,1.3166,1.31697,1.31432,1.31432
2022-09-01 04:00:00+00:00,usdcad,1.31706,1.31752,1.31528,1.31662
2022-09-01 08:00:00+00:00,usdcad,1.31569,1.31946,1.31517,1.31705
2022-09-01 12:00:00+00:00,usdcad,1.31595,1.32081,1.3154,1.31568
2022-09-01 16:00:00+00:00,usdcad,1.31553,1.31749,1.31405,1.31594
2022-09-01 20:00:00+00:00,usdcad,1.31486,1.31629,1.31477,1.31552
2022-09-02 00:00:00+00:00,usdcad,1.31554,1.31635,1.31406,1.31487
2022-09-02 04:00:00+00:00,usdcad,1.31471,1.317,1.31399,1.31555
2022-09-02 08:00:00+00:00,usdcad,1.31377,1.31568,1.31338,1.31472
2022-09-02 12:00:00+00:00,usdcad,1.30903,1.31524,1.30749,1.31378
2022-09-02 16:00:00+00:00,usdcad,1.31381,1.31485,1.30887,1.30902
2022-09-02 20:00:00+00:00,usdcad,1.31249,1.31388,1.31247,1.3138
2022-09-05 00:00:00+00:00,usdcad,1.31503,1.31508,1.31467,1.31473
2022-09-05 04:00:00+00:00,usdcad,1.31712,1.31719,1.31435,1.31502
2022-09-05 08:00:00+00:00,usdcad,1.31484,1.31739,1.31403,1.31713
2022-09-05 12:00:00+00:00,usdcad,1.3136,1.31517,1.31297,1.31483
2022-09-05 16:00:00+00:00,usdcad,1.31428,1.31432,1.31341,1.31361
2022-09-05 20:00:00+00:00,usdcad,1.31306,1.31486,1.31268,1.31427
2022-09-06 00:00:00+00:00,usdcad,1.31183,1.31305,1.30967,1.31305
2022-09-06 04:00:00+00:00,usdcad,1.31062,1.31312,1.31013,1.31182
2022-09-06 08:00:00+00:00,usdcad,1.31284,1.31423,1.31042,1.31063
2022-09-06 12:00:00+00:00,usdcad,1.31225,1.31702,1.31141,1.31285
2022-09-06 16:00:00+00:00,usdcad,1.31501,1.31596,1.31196,1.31227
2022-09-06 20:00:00+00:00,usdcad,1.31559,1.31593,1.31458,1.315
2022-09-07 00:00:00+00:00,usdcad,1.31945,1.31986,1.31544,1.3156
2022-09-07 04:00:00+00:00,usdcad,1.31742,1.32056,1.31727,1.31947
2022-09-07 08:00:00+00:00,usdcad,1.31814,1.31829,1.31501,1.31741
2022-09-07 12:00:00+00:00,usdcad,1.31685,1.3209,1.31613,1.31813
2022-09-07 16:00:00+00:00,usdcad,1.31122,1.31786,1.31113,1.31686
2022-09-07 20:00:00+00:00,usdcad,1.31298,1.3132,1.31107,1.31124
2022-09-08 00:00:00+00:00,usdcad,1.31306,1.31388,1.3122,1.31294
2022-09-08 04:00:00+00:00,usdcad,1.31323,1.31365,1.31055,1.31305
2022-09-08 08:00:00+00:00,usdcad,1.31127,1.31486,1.31094,1.31322
2022-09-08 12:00:00+00:00,usdcad,1.31211,1.31596,1.31096,1.31128
2022-09-08 16:00:00+00:00,usdcad,1.30938,1.31447,1.30773,1.3121
2022-09-08 20:00:00+00:00,usdcad,1.30818,1.30966,1.30808,1.30937
2022-09-09 00:00:00+00:00,usdcad,1.30343,1.3083,1.30288,1.30823
2022-09-09 04:00:00+00:00,usdcad,1.30001,1.30373,1.29989,1.30344
2022-09-09 08:00:00+00:00,usdcad,1.30158,1.30168,1.2982,1.3
2022-09-09 12:00:00+00:00,usdcad,1.30356,1.30547,1.30022,1.30157
2022-09-09 16:00:00+00:00,usdcad,1.30221,1.30458,1.3021,1.30355
2022-09-09 20:00:00+00:00,usdcad,1.3021,1.303,1.30195,1.30222
2022-09-11 20:00:00+00:00,usdcad,1.30244,1.304445,1.30202,1.303915
2022-09-12 00:00:00+00:00,usdcad,1.30271,1.30314,1.3012,1.30243
2022-09-12 04:00:00+00:00,usdcad,1.299,1.30365,1.29849,1.30272
2022-09-12 08:00:00+00:00,usdcad,1.29933,1.3007,1.29783,1.29899
2022-09-12 12:00:00+00:00,usdcad,1.29782,1.30019,1.2964,1.29934
2022-09-12 16:00:00+00:00,usdcad,1.29865,1.29909,1.29638,1.29781
2022-09-12 20:00:00+00:00,usdcad,1.2982,1.29877,1.29784,1.29866
2022-09-13 00:00:00+00:00,usdcad,1.29853,1.2994,1.29755,1.29821
2022-09-13 04:00:00+00:00,usdcad,1.29716,1.29945,1.29708,1.29854
2022-09-13 08:00:00+00:00,usdcad,1.29683,1.29791,1.29541,1.29715
2022-09-13 12:00:00+00:00,usdcad,1.31238,1.31256,1.29657,1.29682
2022-09-13 16:00:00+00:00,usdcad,1.31661,1.31747,1.31146,1.31239
2022-09-13 20:00:00+00:00,usdcad,1.31675,1.31814,1.31608,1.3166
2022-09-14 00:00:00+00:00,usdcad,1.31726,1.31784,1.31578,1.31676
2022-09-14 04:00:00+00:00,usdcad,1.3169,1.31946,1.31574,1.31727
2022-09-14 08:00:00+00:00,usdcad,1.32021,1.32064,1.31484,1.31689
2022-09-14 12:00:00+00:00,usdcad,1.31552,1.32029,1.31392,1.32023
2022-09-14 16:00:00+00:00,usdcad,1.31676,1.31901,1.31422,1.31551
2022-09-14 20:00:00+00:00,usdcad,1.31602,1.3171,1.31542,1.31675
2022-09-15 00:00:00+00:00,usdcad,1.31692,1.31756,1.31547,1.31601
2022-09-15 04:00:00+00:00,usdcad,1.31608,1.31845,1.31584,1.31693
2022-09-15 08:00:00+00:00,usdcad,1.31873,1.31901,1.31559,1.31609
2022-09-15 12:00:00+00:00,usdcad,1.32038,1.3214,1.31621,1.31874
2022-09-15 16:00:00+00:00,usdcad,1.32304,1.32403,1.31828,1.32039
2022-09-15 20:00:00+00:00,usdcad,1.32494,1.32521,1.32263,1.32305
2022-09-16 00:00:00+00:00,usdcad,1.32412,1.32494,1.32284,1.32492
2022-09-16 04:00:00+00:00,usdcad,1.32842,1.329,1.32357,1.32411
2022-09-16 08:00:00+00:00,usdcad,1.32782,1.32956,1.32641,1.32841
2022-09-16 12:00:00+00:00,usdcad,1.32733,1.3308,1.32626,1.32781
2022-09-16 16:00:00+00:00,usdcad,1.32718,1.32999,1.32686,1.32734
2022-09-16 20:00:00+00:00,usdcad,1.326525,1.3275,1.326525,1.32719
2022-09-18 20:00:00+00:00,usdcad,1.3259,1.32783,1.32521,1.32652
2022-09-19 00:00:00+00:00,usdcad,1.32834,1.32911,1.32503,1.32589
2022-09-19 04:00:00+00:00,usdcad,1.33135,1.3315,1.3279,1.32833
2022-09-19 08:00:00+00:00,usdcad,1.33145,1.33242,1.32963,1.33134
2022-09-19 12:00:00+00:00,usdcad,1.32869,1.33443,1.32715,1.33144
2022-09-19 16:00:00+00:00,usdcad,1.32491,1.32915,1.3249,1.3287
2022-09-19 20:00:00+00:00,usdcad,1.32436,1.32565,1.32427,1.32492
2022-09-20 00:00:00+00:00,usdcad,1.3248,1.32626,1.32274,1.32437
2022-09-20 04:00:00+00:00,usdcad,1.32626,1.32669,1.32395,1.32479
2022-09-20 08:00:00+00:00,usdcad,1.32886,1.33007,1.32616,1.32627
2022-09-20 12:00:00+00:00,usdcad,1.33396,1.33539,1.32816,1.32887
2022-09-20 16:00:00+00:00,usdcad,1.33611,1.33751,1.33352,1.33397
2022-09-20 20:00:00+00:00,usdcad,1.33649,1.33719,1.33548,1.33612
2022-09-21 00:00:00+00:00,usdcad,1.33707,1.33765,1.33579,1.33651
2022-09-21 04:00:00+00:00,usdcad,1.33752,1.33939,1.33595,1.33706
2022-09-21 08:00:00+00:00,usdcad,1.33784,1.3388,1.336,1.33751
2022-09-21 12:00:00+00:00,usdcad,1.33974,1.3409,1.33731,1.33783
2022-09-21 16:00:00+00:00,usdcad,1.34441,1.34489,1.33579,1.33973
2022-09-21 20:00:00+00:00,usdcad,1.34793,1.34857,1.34481,1.34492
2022-09-22 00:00:00+00:00,usdcad,1.35128,1.3533,1.34774,1.34792
2022-09-22 04:00:00+00:00,usdcad,1.34849,1.35446,1.34845,1.35127
2022-09-22 08:00:00+00:00,usdcad,1.34477,1.3489,1.3415,1.3485
2022-09-22 12:00:00+00:00,usdcad,1.34985,1.3513,1.3409,1.34478
2022-09-22 16:00:00+00:00,usdcad,1.34873,1.35001,1.34593,1.34986
2022-09-22 20:00:00+00:00,usdcad,1.34733,1.34912,1.34714,1.34874
2022-09-23 00:00:00+00:00,usdcad,1.34885,1.34923,1.34682,1.34734
2022-09-23 04:00:00+00:00,usdcad,1.35121,1.35219,1.34769,1.34884
2022-09-23 08:00:00+00:00,usdcad,1.35181,1.35514,1.35084,1.35122
2022-09-23 12:00:00+00:00,usdcad,1.358,1.35884,1.35007,1.35182
2022-09-23 16:00:00+00:00,usdcad,1.3592,1.36127,1.3567,1.35843
2022-09-23 20:00:00+00:00,usdcad,1.3589,1.35964,1.35697,1.35922
2022-09-25 20:00:00+00:00,usdcad,1.35797,1.36155,1.35768,1.359695
2022-09-26 00:00:00+00:00,usdcad,1.36337,1.36337,1.35594,1.35798
2022-09-26 04:00:00+00:00,usdcad,1.36089,1.36386,1.35678,1.36336
2022-09-26 08:00:00+00:00,usdcad,1.36464,1.36569,1.35818,1.36088
2022-09-26 12:00:00+00:00,usdcad,1.37462,1.37674,1.36241,1.36766
2022-09-26 16:00:00+00:00,usdcad,1.37336,1.38086,1.37222,1.37461
2022-09-26 20:00:00+00:00,usdcad,1.37128,1.37416,1.37106,1.37337
2022-09-27 00:00:00+00:00,usdcad,1.36974,1.37154,1.36801,1.37129
2022-09-27 04:00:00+00:00,usdcad,1.36628,1.36982,1.364,1.36975
2022-09-27 08:00:00+00:00,usdcad,1.36853,1.37164,1.36618,1.36629
2022-09-27 12:00:00+00:00,usdcad,1.37386,1.37532,1.36734,1.36854
2022-09-27 16:00:00+00:00,usdcad,1.37304,1.37757,1.37074,1.37385
2022-09-27 20:00:00+00:00,usdcad,1.37234,1.3734,1.3717,1.37305
2022-09-28 00:00:00+00:00,usdcad,1.37709,1.37881,1.37152,1.37233
2022-09-28 04:00:00+00:00,usdcad,1.37686,1.38011,1.37591,1.37708
2022-09-28 08:00:00+00:00,usdcad,1.37649,1.38331,1.37305,1.37685
2022-09-28 12:00:00+00:00,usdcad,1.36498,1.37659,1.36464,1.3765
2022-09-28 16:00:00+00:00,usdcad,1.36269,1.36556,1.36045,1.36497
2022-09-28 20:00:00+00:00,usdcad,1.36299,1.36309,1.36031,1.36267
2022-09-29 00:00:00+00:00,usdcad,1.36545,1.3671,1.36276,1.36298
2022-09-29 04:00:00+00:00,usdcad,1.37386,1.37558,1.36496,1.36546
2022-09-29 08:00:00+00:00,usdcad,1.36685,1.37507,1.36575,1.37383
2022-09-29 12:00:00+00:00,usdcad,1.37011,1.37558,1.36562,1.36993
2022-09-29 16:00:00+00:00,usdcad,1.36959,1.37369,1.36805,1.37012
2022-09-29 20:00:00+00:00,usdcad,1.36754,1.36989,1.36664,1.3696
2022-09-30 00:00:00+00:00,usdcad,1.37153,1.37179,1.36739,1.36753
2022-09-30 04:00:00+00:00,usdcad,1.36713,1.37243,1.36695,1.37154
2022-09-30 08:00:00+00:00,usdcad,1.37375,1.37475,1.36584,1.36712
2022-09-30 12:00:00+00:00,usdcad,1.37528,1.37554,1.36876,1.37376
2022-09-30 16:00:00+00:00,usdcad,1.38105,1.38306,1.37525,1.37527
2022-09-30 20:00:00+00:00,usdcad,1.382925,1.38385,1.3801,1.38108
2022-10-02 20:00:00+00:00,usdcad,1.37838,1.382915,1.37783,1.381575
2022-10-03 00:00:00+00:00,usdcad,1.37634,1.38057,1.37365,1.37839
2022-10-03 04:00:00+00:00,usdcad,1.37522,1.37865,1.37311,1.37635
2022-10-03 08:00:00+00:00,usdcad,1.37261,1.37835,1.37246,1.37523
2022-10-03 12:00:00+00:00,usdcad,1.36514,1.37409,1.36343,1.37261
2022-10-03 16:00:00+00:00,usdcad,1.36283,1.36608,1.36278,1.36513
2022-10-03 20:00:00+00:00,usdcad,1.36268,1.36435,1.36203,1.36284
2022-10-04 00:00:00+00:00,usdcad,1.35978,1.36533,1.35974,1.36267
2022-10-04 04:00:00+00:00,usdcad,1.35936,1.36224,1.35683,1.3598
2022-10-04 08:00:00+00:00,usdcad,1.36369,1.36633,1.35901,1.35935
2022-10-04 12:00:00+00:00,usdcad,1.35518,1.36644,1.35518,1.36368
2022-10-04 16:00:00+00:00,usdcad,1.35115,1.35663,1.35031,1.35517
2022-10-04 20:00:00+00:00,usdcad,1.35079,1.35193,1.35037,1.35114
2022-10-05 00:00:00+00:00,usdcad,1.35294,1.35431,1.3505,1.35078
2022-10-05 04:00:00+00:00,usdcad,1.35606,1.35643,1.35039,1.35295
2022-10-05 08:00:00+00:00,usdcad,1.36176,1.36239,1.35532,1.35607
2022-10-05 12:00:00+00:00,usdcad,1.36624,1.36959,1.36042,1.36175
2022-10-05 16:00:00+00:00,usdcad,1.36107,1.36712,1.3591,1.36623
2022-10-05 20:00:00+00:00,usdcad,1.35969,1.36219,1.35967,1.36108
2022-10-06 00:00:00+00:00,usdcad,1.35783,1.36082,1.35649,1.3597
2022-10-06 04:00:00+00:00,usdcad,1.3604,1.3618,1.35678,1.35782
2022-10-06 08:00:00+00:00,usdcad,1.3663,1.36857,1.36039,1.36041
2022-10-06 12:00:00+00:00,usdcad,1.37322,1.37345,1.36397,1.36632
2022-10-06 16:00:00+00:00,usdcad,1.37502,1.37553,1.37251,1.37323
2022-10-06 20:00:00+00:00,usdcad,1.37421,1.37508,1.37396,1.37503
2022-10-07 00:00:00+00:00,usdcad,1.37348,1.37508,1.37245,1.37422
2022-10-07 04:00:00+00:00,usdcad,1.37394,1.37606,1.37182,1.37347
2022-10-07 08:00:00+00:00,usdcad,1.37241,1.37436,1.37036,1.37395
2022-10-07 12:00:00+00:00,usdcad,1.36923,1.37612,1.36759,1.37242
2022-10-07 16:00:00+00:00,usdcad,1.37394,1.37537,1.36775,1.36924
2022-10-07 20:00:00+00:00,usdcad,1.37331,1.37418,1.37253,1.37395
2022-10-09 20:00:00+00:00,usdcad,1.37322,1.37546,1.37307,1.37358
2022-10-10 00:00:00+00:00,usdcad,1.37312,1.37493,1.37166,1.37321
2022-10-10 04:00:00+00:00,usdcad,1.37495,1.37576,1.37249,1.37313
2022-10-10 08:00:00+00:00,usdcad,1.3722,1.37617,1.371,1.37496
2022-10-10 12:00:00+00:00,usdcad,1.3746,1.37623,1.37032,1.37221
2022-10-10 16:00:00+00:00,usdcad,1.37648,1.37823,1.37342,1.37461
2022-10-10 20:00:00+00:00,usdcad,1.37731,1.37824,1.37632,1.37647
2022-10-11 00:00:00+00:00,usdcad,1.38339,1.38346,1.37692,1.37732
2022-10-11 04:00:00+00:00,usdcad,1.38496,1.38556,1.38219,1.38338
2022-10-11 08:00:00+00:00,usdcad,1.37908,1.3851,1.37837,1.38497
2022-10-11 12:00:00+00:00,usdcad,1.3738,1.3839,1.37352,1.37829
2022-10-11 16:00:00+00:00,usdcad,1.37997,1.38232,1.37147,1.37379
2022-10-11 20:00:00+00:00,usdcad,1.37927,1.38076,1.37815,1.38
2022-10-12 00:00:00+00:00,usdcad,1.38176,1.38304,1.37819,1.37926
2022-10-12 04:00:00+00:00,usdcad,1.38125,1.38243,1.37771,1.38175
2022-10-12 08:00:00+00:00,usdcad,1.37977,1.3814,1.37604,1.38124
2022-10-12 12:00:00+00:00,usdcad,1.37981,1.38307,1.37697,1.37978
2022-10-12 16:00:00+00:00,usdcad,1.38226,1.38261,1.37747,1.37982
2022-10-12 20:00:00+00:00,usdcad,1.38187,1.38257,1.38115,1.38227
2022-10-13 00:00:00+00:00,usdcad,1.38206,1.38243,1.38007,1.38188
2022-10-13 04:00:00+00:00,usdcad,1.38146,1.3837,1.38124,1.38205
2022-10-13 08:00:00+00:00,usdcad,1.37933,1.38286,1.37778,1.38145
2022-10-13 12:00:00+00:00,usdcad,1.37459,1.39779,1.37406,1.37932
2022-10-13 16:00:00+00:00,usdcad,1.37527,1.37732,1.37068,1.37458
2022-10-13 20:00:00+00:00,usdcad,1.37646,1.37647,1.37434,1.37528
2022-10-14 00:00:00+00:00,usdcad,1.37208,1.37696,1.37099,1.37648
2022-10-14 04:00:00+00:00,usdcad,1.37432,1.3762,1.37039,1.37207
2022-10-14 08:00:00+00:00,usdcad,1.38192,1.38269,1.37433,1.37433
2022-10-14 12:00:00+00:00,usdcad,1.38729,1.38904,1.37381,1.38191
2022-10-14 16:00:00+00:00,usdcad,1.38828,1.38984,1.38577,1.3873
2022-10-14 20:00:00+00:00,usdcad,1.38816,1.38887,1.38782,1.38829
2022-10-16 20:00:00+00:00,usdcad,1.38552,1.388075,1.38518,1.38737
2022-10-17 00:00:00+00:00,usdcad,1.38338,1.38603,1.38212,1.38551
2022-10-17 04:00:00+00:00,usdcad,1.38144,1.38405,1.38017,1.38339
2022-10-17 08:00:00+00:00,usdcad,1.38007,1.38421,1.37874,1.38143
2022-10-17 12:00:00+00:00,usdcad,1.37228,1.38161,1.37092,1.38008
2022-10-17 16:00:00+00:00,usdcad,1.37311,1.37359,1.36993,1.37229
2022-10-17 20:00:00+00:00,usdcad,1.37149,1.37313,1.37056,1.37312
2022-10-18 00:00:00+00:00,usdcad,1.36939,1.37369,1.36922,1.3715
2022-10-18 04:00:00+00:00,usdcad,1.37057,1.37375,1.36573,1.36938
2022-10-18 08:00:00+00:00,usdcad,1.37362,1.37796,1.37036,1.37058
2022-10-18 12:00:00+00:00,usdcad,1.37902,1.38057,1.36935,1.37361
2022-10-18 16:00:00+00:00,usdcad,1.37424,1.38109,1.37424,1.37903
2022-10-18 20:00:00+00:00,usdcad,1.37276,1.37496,1.37185,1.37425
2022-10-19 00:00:00+00:00,usdcad,1.3742,1.37445,1.37195,1.37277
2022-10-19 04:00:00+00:00,usdcad,1.37534,1.37708,1.37384,1.37421
2022-10-19 08:00:00+00:00,usdcad,1.3783,1.38005,1.37242,1.37533
2022-10-19 12:00:00+00:00,usdcad,1.37828,1.38092,1.37404,1.37831
2022-10-19 16:00:00+00:00,usdcad,1.37663,1.38097,1.37621,1.37829
2022-10-19 20:00:00+00:00,usdcad,1.37643,1.37725,1.37601,1.37662
2022-10-21 08:00:00+00:00,usdcad,1.38167,1.38223,1.38012,1.38205
2022-10-21 12:00:00+00:00,usdcad,1.36754,1.38549,1.36754,1.38168
2022-10-21 16:00:00+00:00,usdcad,1.36392,1.37102,1.36299,1.36751
2022-10-21 20:00:00+00:00,usdcad,1.364365,1.36493,1.36371,1.36393
2022-10-23 20:00:00+00:00,usdcad,1.36479,1.36667,1.36067,1.36438
2022-10-24 00:00:00+00:00,usdcad,1.36931,1.36964,1.36454,1.36478
2022-10-24 04:00:00+00:00,usdcad,1.3711,1.37206,1.3672,1.36932
2022-10-24 08:00:00+00:00,usdcad,1.37078,1.37547,1.36839,1.37108
2022-10-24 12:00:00+00:00,usdcad,1.37042,1.37747,1.36873,1.37077
2022-10-24 16:00:00+00:00,usdcad,1.3713,1.37437,1.36986,1.37041
2022-10-24 20:00:00+00:00,usdcad,1.36984,1.37168,1.36879,1.37131
2022-10-25 00:00:00+00:00,usdcad,1.36953,1.37165,1.36795,1.36983
2022-10-25 04:00:00+00:00,usdcad,1.37157,1.37218,1.3694,1.36954
2022-10-25 08:00:00+00:00,usdcad,1.37334,1.37481,1.37038,1.37156
2022-10-25 12:00:00+00:00,usdcad,1.36162,1.37359,1.36042,1.37333
2022-10-25 16:00:00+00:00,usdcad,1.36038,1.36435,1.36022,1.36163
2022-10-25 20:00:00+00:00,usdcad,1.36191,1.36295,1.36013,1.36039
2022-10-26 00:00:00+00:00,usdcad,1.35976,1.36393,1.35971,1.3619
2022-10-26 04:00:00+00:00,usdcad,1.35485,1.3611,1.35427,1.35977
2022-10-26 08:00:00+00:00,usdcad,1.35419,1.35633,1.35079,1.35486
2022-10-26 12:00:00+00:00,usdcad,1.35506,1.36514,1.35293,1.3542
2022-10-26 16:00:00+00:00,usdcad,1.35614,1.35809,1.35381,1.35507
2022-10-26 20:00:00+00:00,usdcad,1.355,1.35669,1.35495,1.35613
2022-10-27 00:00:00+00:00,usdcad,1.35574,1.35804,1.35446,1.35501
2022-10-27 04:00:00+00:00,usdcad,1.35811,1.35934,1.35386,1.35575
2022-10-27 08:00:00+00:00,usdcad,1.36172,1.36203,1.35628,1.3581
2022-10-27 12:00:00+00:00,usdcad,1.35323,1.36268,1.34958,1.36172
2022-10-27 16:00:00+00:00,usdcad,1.35572,1.35686,1.35185,1.35324
2022-10-27 20:00:00+00:00,usdcad,1.35637,1.35799,1.35537,1.35573
2022-10-28 00:00:00+00:00,usdcad,1.3529,1.35694,1.35255,1.35633
2022-10-28 04:00:00+00:00,usdcad,1.36071,1.36125,1.35262,1.35291
2022-10-28 08:00:00+00:00,usdcad,1.36096,1.36302,1.3591,1.3607
2022-10-28 12:00:00+00:00,usdcad,1.36221,1.36347,1.35826,1.36097
2022-10-28 16:00:00+00:00,usdcad,1.3606,1.36301,1.36027,1.36222
2022-10-28 20:00:00+00:00,usdcad,1.36038,1.36086,1.36018,1.36061
2022-10-30 20:00:00+00:00,usdcad,1.36088,1.36215,1.360215,1.360345
2022-10-31 00:00:00+00:00,usdcad,1.36108,1.36299,1.36008,1.36089
2022-10-31 04:00:00+00:00,usdcad,1.36293,1.36358,1.36073,1.36107
2022-10-31 08:00:00+00:00,usdcad,1.366,1.36731,1.36279,1.36294
2022-10-31 12:00:00+00:00,usdcad,1.36406,1.36855,1.36328,1.36599
2022-10-31 16:00:00+00:00,usdcad,1.36236,1.36534,1.36171,1.36405
2022-10-31 20:00:00+00:00,usdcad,1.36123,1.362765,1.36113,1.36237
2022-11-01 00:00:00+00:00,usdcad,1.35843,1.36206,1.35777,1.36122
2022-11-01 04:00:00+00:00,usdcad,1.35675,1.35907,1.35494,1.35842
2022-11-01 08:00:00+00:00,usdcad,1.35465,1.35744,1.35343,1.35674
2022-11-01 12:00:00+00:00,usdcad,1.36394,1.36588,1.35304,1.35464
2022-11-01 16:00:00+00:00,usdcad,1.36259,1.36687,1.36024,1.36393
2022-11-01 20:00:00+00:00,usdcad,1.362,1.36361,1.3619,1.3626
2022-11-02 00:00:00+00:00,usdcad,1.35994,1.36284,1.35908,1.36199
2022-11-02 04:00:00+00:00,usdcad,1.36028,1.36135,1.35882,1.35993
2022-11-02 08:00:00+00:00,usdcad,1.36008,1.361,1.35866,1.36027
2022-11-02 12:00:00+00:00,usdcad,1.36289,1.36497,1.35931,1.36007
2022-11-02 16:00:00+00:00,usdcad,1.37039,1.37064,1.35486,1.36288
2022-11-02 20:00:00+00:00,usdcad,1.37161,1.3724,1.36958,1.37038
2022-11-03 00:00:00+00:00,usdcad,1.36866,1.37245,1.36839,1.37166
2022-11-03 04:00:00+00:00,usdcad,1.37298,1.37466,1.36828,1.36865
2022-11-03 08:00:00+00:00,usdcad,1.3792,1.3794,1.37285,1.37297
2022-11-03 12:00:00+00:00,usdcad,1.37291,1.38084,1.37162,1.37921
2022-11-03 16:00:00+00:00,usdcad,1.37388,1.37472,1.37181,1.37292
2022-11-03 20:00:00+00:00,usdcad,1.37431,1.37516,1.37299,1.37389
2022-11-04 00:00:00+00:00,usdcad,1.36975,1.37457,1.36952,1.37432
2022-11-04 04:00:00+00:00,usdcad,1.367,1.36991,1.36388,1.36973
2022-11-04 08:00:00+00:00,usdcad,1.36177,1.36705,1.36088,1.36699
2022-11-04 12:00:00+00:00,usdcad,1.35282,1.36596,1.34689,1.36176
2022-11-04 16:00:00+00:00,usdcad,1.34772,1.35491,1.34735,1.35281
2022-11-04 20:00:00+00:00,usdcad,1.348235,1.34833,1.34719,1.34773
2022-11-06 20:00:00+00:00,usdcad,1.35131,1.35381,1.34983,1.35337
2022-11-07 00:00:00+00:00,usdcad,1.35195,1.35449,1.34983,1.3513
2022-11-07 04:00:00+00:00,usdcad,1.35457,1.35532,1.35078,1.35196
2022-11-07 08:00:00+00:00,usdcad,1.34821,1.3552,1.3466,1.35456
2022-11-07 12:00:00+00:00,usdcad,1.34903,1.35264,1.34655,1.34822
2022-11-07 16:00:00+00:00,usdcad,1.34936,1.35097,1.34815,1.34904
2022-11-07 20:00:00+00:00,usdcad,1.34926,1.3499,1.3483,1.34935
2022-11-08 00:00:00+00:00,usdcad,1.35029,1.35094,1.34759,1.34927
2022-11-08 04:00:00+00:00,usdcad,1.35115,1.35269,1.34978,1.35028
2022-11-08 08:00:00+00:00,usdcad,1.34868,1.35253,1.34824,1.35114
2022-11-08 12:00:00+00:00,usdcad,1.34221,1.35076,1.34096,1.34867
2022-11-08 16:00:00+00:00,usdcad,1.3444,1.34747,1.33877,1.3422
2022-11-08 20:00:00+00:00,usdcad,1.34167,1.34455,1.34138,1.34443
2022-11-09 00:00:00+00:00,usdcad,1.34373,1.34481,1.34168,1.34168
2022-11-09 04:00:00+00:00,usdcad,1.3436,1.3453,1.343,1.34372
2022-11-09 08:00:00+00:00,usdcad,1.34354,1.34668,1.34133,1.34359
2022-11-09 12:00:00+00:00,usdcad,1.34815,1.34939,1.34112,1.34358
2022-11-09 16:00:00+00:00,usdcad,1.35361,1.3542,1.34453,1.34814
2022-11-09 20:00:00+00:00,usdcad,1.35276,1.3539,1.35148,1.35362
2022-11-10 00:00:00+00:00,usdcad,1.35352,1.35484,1.35155,1.35277
2022-11-10 04:00:00+00:00,usdcad,1.35471,1.35619,1.35234,1.35353
2022-11-10 08:00:00+00:00,usdcad,1.35661,1.35711,1.3511,1.3547
2022-11-10 12:00:00+00:00,usdcad,1.33366,1.35692,1.33337,1.3566
2022-11-10 16:00:00+00:00,usdcad,1.33497,1.34007,1.33358,1.33365
2022-11-10 20:00:00+00:00,usdcad,1.33322,1.33538,1.33087,1.33498
2022-11-11 00:00:00+00:00,usdcad,1.33354,1.33607,1.33278,1.33323
2022-11-11 04:00:00+00:00,usdcad,1.33038,1.33418,1.329,1.33355
2022-11-11 08:00:00+00:00,usdcad,1.33014,1.33247,1.32843,1.33039
2022-11-11 12:00:00+00:00,usdcad,1.32657,1.33176,1.32571,1.33013
2022-11-11 16:00:00+00:00,usdcad,1.32456,1.33001,1.32363,1.32656
2022-11-11 20:00:00+00:00,usdcad,1.32529,1.32635,1.32455,1.32455
2022-11-13 20:00:00+00:00,usdcad,1.32655,1.33087,1.3263,1.327485
2022-11-14 00:00:00+00:00,usdcad,1.32549,1.32732,1.32395,1.32657
2022-11-14 04:00:00+00:00,usdcad,1.32639,1.32822,1.32546,1.3255
2022-11-14 08:00:00+00:00,usdcad,1.32937,1.33035,1.32489,1.3264
2022-11-14 12:00:00+00:00,usdcad,1.3272,1.33046,1.32622,1.32938
2022-11-14 16:00:00+00:00,usdcad,1.32914,1.33099,1.32693,1.32721
2022-11-14 20:00:00+00:00,usdcad,1.33245,1.33256,1.32833,1.32915
2022-11-15 00:00:00+00:00,usdcad,1.33055,1.33262,1.33,1.33246
2022-11-15 04:00:00+00:00,usdcad,1.32553,1.33136,1.32505,1.33054
2022-11-15 08:00:00+00:00,usdcad,1.32861,1.32964,1.32525,1.32554
2022-11-15 12:00:00+00:00,usdcad,1.32973,1.33366,1.32264,1.3286
2022-11-15 16:00:00+00:00,usdcad,1.32826,1.33281,1.32732,1.32972
2022-11-15 20:00:00+00:00,usdcad,1.3275,1.32894,1.32644,1.32828
2022-11-16 00:00:00+00:00,usdcad,1.32905,1.33043,1.32692,1.32749
2022-11-16 04:00:00+00:00,usdcad,1.32546,1.33065,1.32451,1.32904
2022-11-16 08:00:00+00:00,usdcad,1.32583,1.32711,1.32284,1.32545
2022-11-16 12:00:00+00:00,usdcad,1.33113,1.33187,1.323945,1.32582
2022-11-16 16:00:00+00:00,usdcad,1.33307,1.33472,1.32963,1.33114
2022-11-16 20:00:00+00:00,usdcad,1.33362,1.33382,1.33183,1.33306
2022-11-17 00:00:00+00:00,usdcad,1.33506,1.33618,1.3326,1.33363
2022-11-17 04:00:00+00:00,usdcad,1.33205,1.33611,1.33153,1.33505
2022-11-17 08:00:00+00:00,usdcad,1.33656,1.33844,1.3305,1.33204
2022-11-17 12:00:00+00:00,usdcad,1.33505,1.34012,1.33228,1.33657
2022-11-17 16:00:00+00:00,usdcad,1.3329,1.33647,1.33221,1.33506
2022-11-17 20:00:00+00:00,usdcad,1.33246,1.33377,1.33215,1.33291
2022-11-18 00:00:00+00:00,usdcad,1.3307,1.33295,1.33007,1.33245
2022-11-18 04:00:00+00:00,usdcad,1.3319,1.33315,1.3307,1.33071
2022-11-18 08:00:00+00:00,usdcad,1.33495,1.33496,1.33138,1.33189
2022-11-18 12:00:00+00:00,usdcad,1.33846,1.33992,1.33333,1.33496
2022-11-18 16:00:00+00:00,usdcad,1.3384,1.34092,1.33697,1.33847
2022-11-18 20:00:00+00:00,usdcad,1.338695,1.3391,1.33789,1.33839
2022-11-20 20:00:00+00:00,usdcad,1.33783,1.33849,1.337515,1.338225
2022-11-21 00:00:00+00:00,usdcad,1.34065,1.34197,1.33775,1.33784
2022-11-21 04:00:00+00:00,usdcad,1.34168,1.3426,1.34045,1.34066
2022-11-21 08:00:00+00:00,usdcad,1.34274,1.34422,1.34072,1.34166
2022-11-21 12:00:00+00:00,usdcad,1.34941,1.34949,1.34173,1.34273
2022-11-21 16:00:00+00:00,usdcad,1.34487,1.34952,1.34315,1.34942
2022-11-21 20:00:00+00:00,usdcad,1.34472,1.34568,1.34443,1.34486
2022-11-22 00:00:00+00:00,usdcad,1.3432,1.34507,1.34206,1.34471
2022-11-22 04:00:00+00:00,usdcad,1.34252,1.3444,1.34222,1.34319
2022-11-22 08:00:00+00:00,usdcad,1.3394,1.34313,1.33853,1.34251
2022-11-22 12:00:00+00:00,usdcad,1.33969,1.34187,1.33833,1.33939
2022-11-22 16:00:00+00:00,usdcad,1.33844,1.34175,1.33768,1.33968
2022-11-22 20:00:00+00:00,usdcad,1.33633,1.33874,1.33633,1.33845
2022-11-23 00:00:00+00:00,usdcad,1.33867,1.33876,1.33571,1.33631
2022-11-23 04:00:00+00:00,usdcad,1.3369,1.33958,1.33636,1.33868
2022-11-23 08:00:00+00:00,usdcad,1.34122,1.34231,1.33659,1.33689
2022-11-23 12:00:00+00:00,usdcad,1.33801,1.34404,1.33647,1.34121
2022-11-23 16:00:00+00:00,usdcad,1.33596,1.34218,1.3355,1.338
2022-11-23 20:00:00+00:00,usdcad,1.33399,1.33641,1.33394,1.33595
2022-11-24 00:00:00+00:00,usdcad,1.33317,1.33549,1.33316,1.33398
2022-11-24 04:00:00+00:00,usdcad,1.33543,1.33547,1.33281,1.33318
2022-11-24 08:00:00+00:00,usdcad,1.33406,1.33624,1.33372,1.33541
2022-11-24 12:00:00+00:00,usdcad,1.333,1.33588,1.33165,1.33405
2022-11-24 16:00:00+00:00,usdcad,1.33379,1.33427,1.33277,1.33301
2022-11-24 20:00:00+00:00,usdcad,1.33382,1.33413,1.3334,1.33378
2022-11-25 00:00:00+00:00,usdcad,1.33279,1.33497,1.33279,1.33381
2022-11-25 04:00:00+00:00,usdcad,1.3349,1.33495,1.33172,1.3328
2022-11-25 08:00:00+00:00,usdcad,1.33557,1.33707,1.33373,1.33491
2022-11-25 12:00:00+00:00,usdcad,1.33738,1.33987,1.33469,1.33558
2022-11-25 16:00:00+00:00,usdcad,1.337495,1.33875,1.33636,1.33737
2022-11-25 20:00:00+00:00,usdcad,1.33859,1.33859,1.336885,1.33749
2022-11-27 20:00:00+00:00,usdcad,1.34104,1.34106,1.339325,1.33994
2022-11-28 00:00:00+00:00,usdcad,1.34452,1.34737,1.34007,1.34103
2022-11-28 04:00:00+00:00,usdcad,1.34492,1.34621,1.34347,1.34451
2022-11-28 08:00:00+00:00,usdcad,1.34247,1.34561,1.34133,1.34491
2022-11-28 12:00:00+00:00,usdcad,1.34343,1.34678,1.34221,1.34246
2022-11-28 16:00:00+00:00,usdcad,1.34908,1.34926,1.34249,1.34344
2022-11-28 20:00:00+00:00,usdcad,1.34907,1.35051,1.34863,1.34907
2022-11-29 00:00:00+00:00,usdcad,1.34371,1.34944,1.34353,1.34907
2022-11-29 04:00:00+00:00,usdcad,1.3426,1.34462,1.34146,1.3437
2022-11-29 08:00:00+00:00,usdcad,1.34411,1.34631,1.34091,1.34261
2022-11-29 12:00:00+00:00,usdcad,1.35742,1.35773,1.34412,1.34412
2022-11-29 16:00:00+00:00,usdcad,1.35848,1.36459,1.35693,1.35741
2022-11-29 20:00:00+00:00,usdcad,1.35854,1.35944,1.35792,1.35846
2022-11-30 00:00:00+00:00,usdcad,1.35679,1.35928,1.35669,1.3585
2022-11-30 04:00:00+00:00,usdcad,1.35544,1.35774,1.35464,1.35677
2022-11-30 08:00:00+00:00,usdcad,1.35194,1.35758,1.35153,1.35545
2022-11-30 12:00:00+00:00,usdcad,1.35574,1.35785,1.348955,1.35192
2022-11-30 16:00:00+00:00,usdcad,1.34374,1.35666,1.34362,1.35573
2022-11-30 20:00:00+00:00,usdcad,1.34151,1.34553,1.3409,1.34375
2022-12-01 00:00:00+00:00,usdcad,1.34208,1.34269,1.34028,1.34155
2022-12-01 04:00:00+00:00,usdcad,1.34304,1.34364,1.33956,1.34209
2022-12-01 08:00:00+00:00,usdcad,1.34288,1.34353,1.34037,1.34303
2022-12-01 12:00:00+00:00,usdcad,1.34295,1.34669,1.34066,1.34287
2022-12-01 16:00:00+00:00,usdcad,1.34277,1.34711,1.34054,1.34296
2022-12-01 20:00:00+00:00,usdcad,1.34361,1.34402,1.34243,1.34278
2022-12-02 00:00:00+00:00,usdcad,1.34384,1.34528,1.34361,1.34362
2022-12-02 04:00:00+00:00,usdcad,1.34323,1.34455,1.34209,1.34382
2022-12-02 08:00:00+00:00,usdcad,1.34396,1.34532,1.34267,1.34324
2022-12-02 12:00:00+00:00,usdcad,1.34775,1.3521,1.34226,1.34395
2022-12-02 16:00:00+00:00,usdcad,1.34623,1.34948,1.34433,1.34774
2022-12-02 20:00:00+00:00,usdcad,1.347145,1.3473,1.34543,1.34624
2022-12-04 20:00:00+00:00,usdcad,1.34471,1.34744,1.34468,1.346695
2022-12-05 00:00:00+00:00,usdcad,1.33957,1.34538,1.33853,1.34472
2022-12-05 04:00:00+00:00,usdcad,1.34231,1.34281,1.33935,1.33958
2022-12-05 08:00:00+00:00,usdcad,1.34097,1.34478,1.34078,1.34232
2022-12-05 12:00:00+00:00,usdcad,1.35174,1.35227,1.33945,1.34098
2022-12-05 16:00:00+00:00,usdcad,1.35935,1.36019,1.35148,1.35173
2022-12-05 20:00:00+00:00,usdcad,1.35888,1.36055,1.3586,1.35936
2022-12-06 00:00:00+00:00,usdcad,1.35826,1.35927,1.35711,1.35887
2022-12-06 04:00:00+00:00,usdcad,1.35895,1.36108,1.35809,1.35827
2022-12-06 08:00:00+00:00,usdcad,1.36148,1.36322,1.35814,1.35894
2022-12-06 12:00:00+00:00,usdcad,1.36481,1.36731,1.36063,1.36149
2022-12-06 16:00:00+00:00,usdcad,1.36643,1.36759,1.36139,1.3648
2022-12-06 20:00:00+00:00,usdcad,1.36503,1.36641,1.36473,1.36641
2022-12-07 00:00:00+00:00,usdcad,1.36471,1.36589,1.36316,1.36502
2022-12-07 04:00:00+00:00,usdcad,1.36579,1.3664,1.36359,1.3647
2022-12-07 08:00:00+00:00,usdcad,1.36875,1.37001,1.36564,1.36578
2022-12-07 12:00:00+00:00,usdcad,1.36068,1.36886,1.35897,1.36874
2022-12-07 16:00:00+00:00,usdcad,1.36496,1.36511,1.36027,1.36069
2022-12-07 20:00:00+00:00,usdcad,1.36534,1.36619,1.36445,1.36495
2022-12-08 00:00:00+00:00,usdcad,1.36837,1.36891,1.3649,1.36533
2022-12-08 04:00:00+00:00,usdcad,1.36563,1.36891,1.36472,1.36839
2022-12-08 08:00:00+00:00,usdcad,1.36446,1.36867,1.36445,1.36562
2022-12-08 12:00:00+00:00,usdcad,1.35882,1.36495,1.35613,1.36447
2022-12-08 16:00:00+00:00,usdcad,1.35845,1.36031,1.35625,1.35881
2022-12-08 20:00:00+00:00,usdcad,1.35995,1.36007,1.35786,1.35846
2022-12-09 00:00:00+00:00,usdcad,1.35893,1.36066,1.35692,1.35994
2022-12-09 04:00:00+00:00,usdcad,1.35986,1.36016,1.3582,1.35892
2022-12-09 08:00:00+00:00,usdcad,1.36157,1.36423,1.35978,1.35987
2022-12-09 12:00:00+00:00,usdcad,1.36337,1.36917,1.36039,1.36156
2022-12-09 16:00:00+00:00,usdcad,1.36274,1.36364,1.36016,1.36338
2022-12-09 20:00:00+00:00,usdcad,1.36444,1.36507,1.36226,1.36273
2022-12-11 20:00:00+00:00,usdcad,1.36571,1.36615,1.36327,1.363915
2022-12-12 00:00:00+00:00,usdcad,1.36645,1.36749,1.36551,1.36572
2022-12-12 04:00:00+00:00,usdcad,1.36458,1.36651,1.36364,1.36644
2022-12-12 08:00:00+00:00,usdcad,1.36633,1.36703,1.36458,1.36459
2022-12-12 12:00:00+00:00,usdcad,1.36748,1.36833,1.36319,1.36634
2022-12-12 16:00:00+00:00,usdcad,1.36415,1.36795,1.36364,1.36747
2022-12-12 20:00:00+00:00,usdcad,1.36315,1.36414,1.36189,1.36414
2022-12-13 00:00:00+00:00,usdcad,1.3634,1.36442,1.36128,1.36316
2022-12-13 04:00:00+00:00,usdcad,1.36164,1.36379,1.36125,1.36339
2022-12-13 08:00:00+00:00,usdcad,1.36187,1.36332,1.36032,1.36163
2022-12-13 12:00:00+00:00,usdcad,1.35436,1.36209,1.35219,1.36186
2022-12-13 16:00:00+00:00,usdcad,1.35542,1.35597,1.35234,1.35434
2022-12-13 20:00:00+00:00,usdcad,1.35562,1.35635,1.35428,1.35543
2022-12-14 00:00:00+00:00,usdcad,1.35704,1.35742,1.35524,1.35565
2022-12-14 04:00:00+00:00,usdcad,1.35529,1.35735,1.3552,1.35705
2022-12-14 08:00:00+00:00,usdcad,1.35517,1.35689,1.35307,1.35528
2022-12-14 12:00:00+00:00,usdcad,1.35625,1.35848,1.35502,1.35516
2022-12-14 16:00:00+00:00,usdcad,1.35584,1.36126,1.35337,1.35624
2022-12-14 20:00:00+00:00,usdcad,1.3551,1.35608,1.35189,1.35583
2022-12-15 00:00:00+00:00,usdcad,1.35629,1.35743,1.35409,1.35511
2022-12-15 04:00:00+00:00,usdcad,1.35745,1.35751,1.35553,1.35628
2022-12-15 08:00:00+00:00,usdcad,1.35824,1.35898,1.35633,1.35744
2022-12-15 12:00:00+00:00,usdcad,1.36166,1.36511,1.35825,1.35825
2022-12-15 16:00:00+00:00,usdcad,1.36573,1.36744,1.36132,1.36168
2022-12-15 20:00:00+00:00,usdcad,1.36571,1.36713,1.36467,1.36572
2022-12-16 00:00:00+00:00,usdcad,1.36292,1.36579,1.36176,1.3657
2022-12-16 04:00:00+00:00,usdcad,1.36457,1.36459,1.36184,1.36291
2022-12-16 08:00:00+00:00,usdcad,1.36516,1.36878,1.36393,1.36456
2022-12-16 12:00:00+00:00,usdcad,1.36902,1.36949,1.36421,1.36517
2022-12-16 16:00:00+00:00,usdcad,1.3693,1.37053,1.36766,1.36901
2022-12-16 20:00:00+00:00,usdcad,1.36975,1.37003,1.36818,1.36929
2022-12-18 20:00:00+00:00,usdcad,1.36893,1.36893,1.36787,1.368325
2022-12-19 00:00:00+00:00,usdcad,1.36622,1.36905,1.36455,1.36891
2022-12-19 04:00:00+00:00,usdcad,1.36587,1.36793,1.36569,1.36621
2022-12-19 08:00:00+00:00,usdcad,1.36626,1.36633,1.36298,1.36588
2022-12-19 12:00:00+00:00,usdcad,1.36883,1.369,1.36248,1.36625
2022-12-19 16:00:00+00:00,usdcad,1.36646,1.36948,1.36232,1.36884
2022-12-19 20:00:00+00:00,usdcad,1.36433,1.36691,1.36397,1.36645
2022-12-20 00:00:00+00:00,usdcad,1.36734,1.36736,1.36152,1.36434
2022-12-20 04:00:00+00:00,usdcad,1.36728,1.37043,1.36563,1.36735
2022-12-20 08:00:00+00:00,usdcad,1.36105,1.36728,1.36062,1.36727
2022-12-20 12:00:00+00:00,usdcad,1.36073,1.36587,1.35802,1.36104
2022-12-20 16:00:00+00:00,usdcad,1.3609,1.36427,1.36067,1.36074
2022-12-20 20:00:00+00:00,usdcad,1.36015,1.36192,1.35989,1.36092
2022-12-21 00:00:00+00:00,usdcad,1.36153,1.36188,1.35893,1.36014
2022-12-21 04:00:00+00:00,usdcad,1.3609,1.36259,1.36015,1.36152
2022-12-21 08:00:00+00:00,usdcad,1.36288,1.36332,1.36036,1.36089
2022-12-21 12:00:00+00:00,usdcad,1.36125,1.3638,1.35946,1.36287
2022-12-21 16:00:00+00:00,usdcad,1.36094,1.36376,1.35896,1.36124
2022-12-21 20:00:00+00:00,usdcad,1.36167,1.36177,1.360055,1.36097
2022-12-22 00:00:00+00:00,usdcad,1.35872,1.36202,1.35864,1.36164
2022-12-22 04:00:00+00:00,usdcad,1.35789,1.35912,1.35712,1.35871
2022-12-22 08:00:00+00:00,usdcad,1.36239,1.36319,1.35747,1.3579
2022-12-22 12:00:00+00:00,usdcad,1.36583,1.36734,1.36182,1.3624
2022-12-22 16:00:00+00:00,usdcad,1.36491,1.36849,1.36478,1.36582
2022-12-22 20:00:00+00:00,usdcad,1.36374,1.36555,1.363725,1.36493
2022-12-23 00:00:00+00:00,usdcad,1.36283,1.36586,1.3625,1.36373
2022-12-23 04:00:00+00:00,usdcad,1.36213,1.36376,1.36139,1.36282
2022-12-23 08:00:00+00:00,usdcad,1.36089,1.36292,1.3594,1.36215
2022-12-23 12:00:00+00:00,usdcad,1.35854,1.36473,1.35754,1.3609
2022-12-23 16:00:00+00:00,usdcad,1.36007,1.36106,1.3563,1.35855
2022-12-23 20:00:00+00:00,usdcad,1.359465,1.360395,1.35889,1.36006
2022-12-25 20:00:00+00:00,usdcad,1.361745,1.361745,1.360615,1.360775
2022-12-26 00:00:00+00:00,usdcad,1.36053,1.36059,1.358745,1.35985
2022-12-26 04:00:00+00:00,usdcad,1.359505,1.36009,1.359445,1.35991
2022-12-26 08:00:00+00:00,usdcad,1.359365,1.35965,1.359325,1.359515
2022-12-26 12:00:00+00:00,usdcad,1.35812,1.35965,1.35758,1.35937
2022-12-26 16:00:00+00:00,usdcad,1.358875,1.35942,1.3584,1.35896
2022-12-26 20:00:00+00:00,usdcad,1.35577,1.35848,1.35575,1.358405
2022-12-27 00:00:00+00:00,usdcad,1.35668,1.35691,1.35484,1.35576
2022-12-27 04:00:00+00:00,usdcad,1.35487,1.35675,1.35386,1.35667
2022-12-27 08:00:00+00:00,usdcad,1.35373,1.35544,1.35256,1.35488
2022-12-27 12:00:00+00:00,usdcad,1.34969,1.35475,1.34846,1.35374
2022-12-27 16:00:00+00:00,usdcad,1.35268,1.35396,1.34938,1.34968
2022-12-27 20:00:00+00:00,usdcad,1.35249,1.35292,1.35075,1.35269
2022-12-28 00:00:00+00:00,usdcad,1.35367,1.35403,1.35178,1.3525
2022-12-28 04:00:00+00:00,usdcad,1.35124,1.35377,1.35124,1.35368
2022-12-28 08:00:00+00:00,usdcad,1.35107,1.35404,1.35016,1.35123
2022-12-28 12:00:00+00:00,usdcad,1.3591,1.35911,1.34858,1.35106
2022-12-28 16:00:00+00:00,usdcad,1.35947,1.35999,1.35631,1.35909
2022-12-28 20:00:00+00:00,usdcad,1.36013,1.3612,1.35946,1.35946
2022-12-29 00:00:00+00:00,usdcad,1.35887,1.36013,1.35867,1.36012
2022-12-29 04:00:00+00:00,usdcad,1.35998,1.36087,1.35786,1.35886
2022-12-29 08:00:00+00:00,usdcad,1.35884,1.36069,1.35828,1.35997
2022-12-29 12:00:00+00:00,usdcad,1.35695,1.35963,1.35456,1.35883
2022-12-29 16:00:00+00:00,usdcad,1.35393,1.35738,1.35383,1.35694
2022-12-29 20:00:00+00:00,usdcad,1.35545,1.35564,1.35381,1.35394
2022-12-30 00:00:00+00:00,usdcad,1.35527,1.35593,1.35428,1.35544
2022-12-30 04:00:00+00:00,usdcad,1.35526,1.35633,1.35423,1.35528
2022-12-30 08:00:00+00:00,usdcad,1.3524,1.35564,1.35145,1.35525
2022-12-30 12:00:00+00:00,usdcad,1.35493,1.35817,1.35226,1.35241
2022-12-30 16:00:00+00:00,usdcad,1.35347,1.35683,1.35269,1.35494
2022-12-30 20:00:00+00:00,usdcad,1.35436,1.35532,1.3526,1.35346
2023-01-01 20:00:00+00:00,usdcad,1.35344,1.35345,1.35317,1.35317
2023-01-02 00:00:00+00:00,usdcad,1.355205,1.355205,1.352525,1.35321
2023-01-02 04:00:00+00:00,usdcad,1.35538,1.35564,1.35465,1.354845
2023-01-02 08:00:00+00:00,usdcad,1.357125,1.357395,1.35404,1.35449
2023-01-02 12:00:00+00:00,usdcad,1.35672,1.35803,1.35651,1.35712
2023-01-02 16:00:00+00:00,usdcad,1.357445,1.358465,1.35652,1.356715
2023-01-02 20:00:00+00:00,usdcad,1.35635,1.35719,1.35552,1.35719
2023-01-03 00:00:00+00:00,usdcad,1.35424,1.36196,1.35411,1.35636
2023-01-03 04:00:00+00:00,usdcad,1.35367,1.35711,1.35232,1.35423
2023-01-03 08:00:00+00:00,usdcad,1.36288,1.36417,1.35321,1.35366
2023-01-03 12:00:00+00:00,usdcad,1.3637,1.368,1.36021,1.36289
2023-01-03 16:00:00+00:00,usdcad,1.36638,1.36854,1.36271,1.36371
2023-01-03 20:00:00+00:00,usdcad,1.36737,1.36808,1.36577,1.36639
2023-01-04 00:00:00+00:00,usdcad,1.36364,1.36749,1.36344,1.36738
2023-01-04 04:00:00+00:00,usdcad,1.36192,1.36582,1.36131,1.36363
2023-01-04 08:00:00+00:00,usdcad,1.35526,1.3628,1.35424,1.36193
2023-01-04 12:00:00+00:00,usdcad,1.35255,1.35583,1.35087,1.35525
2023-01-04 16:00:00+00:00,usdcad,1.34828,1.35344,1.34768,1.35256
2023-01-04 20:00:00+00:00,usdcad,1.34859,1.34904,1.34704,1.34829
2023-01-05 00:00:00+00:00,usdcad,1.35112,1.35168,1.34794,1.3486
2023-01-05 04:00:00+00:00,usdcad,1.35177,1.35238,1.34896,1.35113
2023-01-05 08:00:00+00:00,usdcad,1.35056,1.35274,1.34958,1.35176
2023-01-05 12:00:00+00:00,usdcad,1.35895,1.35903,1.34887,1.35057
2023-01-05 16:00:00+00:00,usdcad,1.3568,1.35954,1.35514,1.35894
2023-01-05 20:00:00+00:00,usdcad,1.35631,1.35834,1.35613,1.35678
2023-01-06 00:00:00+00:00,usdcad,1.3549,1.35671,1.3538,1.35632
2023-01-06 04:00:00+00:00,usdcad,1.35834,1.35927,1.35463,1.35491
2023-01-06 08:00:00+00:00,usdcad,1.36497,1.36497,1.35716,1.35833
2023-01-06 12:00:00+00:00,usdcad,1.34813,1.36649,1.34762,1.36496
2023-01-06 16:00:00+00:00,usdcad,1.34353,1.3486,1.34338,1.34812
2023-01-06 20:00:00+00:00,usdcad,1.344395,1.34487,1.34337,1.34354
2023-01-08 20:00:00+00:00,usdcad,1.34365,1.344515,1.34328,1.34435
2023-01-09 00:00:00+00:00,usdcad,1.34141,1.34446,1.34047,1.34364
2023-01-09 04:00:00+00:00,usdcad,1.34144,1.34192,1.33857,1.34142
2023-01-09 08:00:00+00:00,usdcad,1.33765,1.34178,1.33761,1.34145
2023-01-09 12:00:00+00:00,usdcad,1.3368,1.34158,1.33571,1.33766
2023-01-09 16:00:00+00:00,usdcad,1.33666,1.33895,1.3359,1.33681
2023-01-09 20:00:00+00:00,usdcad,1.33944,1.33958,1.33662,1.33667
2023-01-10 00:00:00+00:00,usdcad,1.339,1.34105,1.33763,1.33945
2023-01-10 04:00:00+00:00,usdcad,1.33985,1.3406,1.33778,1.33899
2023-01-10 08:00:00+00:00,usdcad,1.33966,1.34005,1.33765,1.33986
2023-01-10 12:00:00+00:00,usdcad,1.3434,1.34455,1.33821,1.33967
2023-01-10 16:00:00+00:00,usdcad,1.34178,1.34396,1.3415,1.34339
2023-01-10 20:00:00+00:00,usdcad,1.34351,1.34352,1.341645,1.34179
2023-01-11 00:00:00+00:00,usdcad,1.34338,1.34422,1.34218,1.34352
2023-01-11 04:00:00+00:00,usdcad,1.34276,1.3436,1.34124,1.34337
2023-01-11 08:00:00+00:00,usdcad,1.3426,1.34354,1.34115,1.34277
2023-01-11 12:00:00+00:00,usdcad,1.34305,1.34454,1.34044,1.34261
2023-01-11 16:00:00+00:00,usdcad,1.34206,1.34375,1.34141,1.34304
2023-01-11 20:00:00+00:00,usdcad,1.34304,1.34381,1.34171,1.34209
2023-01-12 00:00:00+00:00,usdcad,1.34264,1.34376,1.34209,1.34307
2023-01-12 04:00:00+00:00,usdcad,1.34348,1.34446,1.34232,1.34263
2023-01-12 08:00:00+00:00,usdcad,1.34248,1.34486,1.34187,1.34347
2023-01-12 12:00:00+00:00,usdcad,1.34036,1.346085,1.33483,1.34249
2023-01-12 16:00:00+00:00,usdcad,1.33559,1.34118,1.33456,1.34035
2023-01-12 20:00:00+00:00,usdcad,1.33785,1.33796,1.33559,1.3356
2023-01-13 00:00:00+00:00,usdcad,1.33841,1.33958,1.33674,1.33786
2023-01-13 04:00:00+00:00,usdcad,1.33559,1.33966,1.33558,1.3384
2023-01-13 08:00:00+00:00,usdcad,1.338,1.33893,1.33218,1.3356
2023-01-13 12:00:00+00:00,usdcad,1.33963,1.34398,1.33714,1.33802
2023-01-13 16:00:00+00:00,usdcad,1.33888,1.34258,1.33883,1.33964
2023-01-13 20:00:00+00:00,usdcad,1.33955,1.33979,1.33864,1.33889
2023-01-15 20:00:00+00:00,usdcad,1.33988,1.3399,1.339,1.33918
2023-01-16 00:00:00+00:00,usdcad,1.33591,1.3401,1.3353,1.33987
2023-01-16 04:00:00+00:00,usdcad,1.33874,1.33914,1.33571,1.3359
2023-01-16 08:00:00+00:00,usdcad,1.33858,1.34183,1.33775,1.33876
2023-01-16 12:00:00+00:00,usdcad,1.33959,1.34032,1.33805,1.33859
2023-01-16 16:00:00+00:00,usdcad,1.34038,1.3405,1.33873,1.33958
2023-01-16 20:00:00+00:00,usdcad,1.33996,1.34162,1.33989,1.34037
2023-01-17 00:00:00+00:00,usdcad,1.34043,1.34223,1.33939,1.33997
2023-01-17 04:00:00+00:00,usdcad,1.34102,1.34266,1.33962,1.34044
2023-01-17 08:00:00+00:00,usdcad,1.34102,1.34373,1.33975,1.34101
2023-01-17 12:00:00+00:00,usdcad,1.33763,1.343005,1.33692,1.34101
2023-01-17 16:00:00+00:00,usdcad,1.33851,1.34048,1.33714,1.33762
2023-01-17 20:00:00+00:00,usdcad,1.33914,1.33931,1.33735,1.3385
2023-01-18 00:00:00+00:00,usdcad,1.339,1.34096,1.33817,1.33917
2023-01-18 04:00:00+00:00,usdcad,1.33616,1.33976,1.33518,1.33899
2023-01-18 08:00:00+00:00,usdcad,1.33718,1.33825,1.33509,1.33615
2023-01-18 12:00:00+00:00,usdcad,1.34038,1.34149,1.33628,1.33717
2023-01-18 16:00:00+00:00,usdcad,1.34899,1.34931,1.33976,1.34037
2023-01-18 20:00:00+00:00,usdcad,1.34966,1.35005,1.34876,1.34898
2023-01-19 00:00:00+00:00,usdcad,1.35011,1.35186,1.34896,1.34967
2023-01-19 04:00:00+00:00,usdcad,1.34984,1.35144,1.349,1.35012
2023-01-19 08:00:00+00:00,usdcad,1.34969,1.35207,1.34927,1.34985
2023-01-19 12:00:00+00:00,usdcad,1.34891,1.35147,1.34543,1.34968
2023-01-19 16:00:00+00:00,usdcad,1.34564,1.3497,1.34469,1.34889
2023-01-19 20:00:00+00:00,usdcad,1.34645,1.346865,1.34497,1.34563
2023-01-20 00:00:00+00:00,usdcad,1.34573,1.34673,1.34458,1.34644
2023-01-20 04:00:00+00:00,usdcad,1.34525,1.34704,1.34492,1.34572
2023-01-20 08:00:00+00:00,usdcad,1.34724,1.34771,1.34423,1.34524
2023-01-20 12:00:00+00:00,usdcad,1.34234,1.34977,1.34115,1.34725
2023-01-20 16:00:00+00:00,usdcad,1.33857,1.34253,1.33813,1.34233
2023-01-20 20:00:00+00:00,usdcad,1.338025,1.33881,1.33734,1.33856
2023-01-22 20:00:00+00:00,usdcad,1.33713,1.338685,1.33672,1.3386
2023-01-23 00:00:00+00:00,usdcad,1.33765,1.33802,1.33559,1.33712
2023-01-23 04:00:00+00:00,usdcad,1.33693,1.33847,1.33631,1.33766
2023-01-23 08:00:00+00:00,usdcad,1.33737,1.33816,1.33423,1.33692
2023-01-23 12:00:00+00:00,usdcad,1.33792,1.34179,1.33505,1.33738
2023-01-23 16:00:00+00:00,usdcad,1.33881,1.3395,1.33693,1.33793
2023-01-23 20:00:00+00:00,usdcad,1.33719,1.33881,1.33631,1.33879
2023-01-24 00:00:00+00:00,usdcad,1.33614,1.33744,1.33511,1.33718
2023-01-24 04:00:00+00:00,usdcad,1.33581,1.33692,1.3347,1.33615
2023-01-24 08:00:00+00:00,usdcad,1.33574,1.33855,1.33521,1.3358
2023-01-24 12:00:00+00:00,usdcad,1.33628,1.34139,1.33539,1.33575
2023-01-24 16:00:00+00:00,usdcad,1.33627,1.33784,1.33538,1.33627
2023-01-24 20:00:00+00:00,usdcad,1.33723,1.33805,1.33606,1.33626
2023-01-25 00:00:00+00:00,usdcad,1.33517,1.33803,1.33499,1.33722
2023-01-25 04:00:00+00:00,usdcad,1.3367,1.33712,1.33435,1.33516
2023-01-25 08:00:00+00:00,usdcad,1.33709,1.33846,1.33589,1.33671
2023-01-25 12:00:00+00:00,usdcad,1.34114,1.34282,1.33431,1.3371
2023-01-25 16:00:00+00:00,usdcad,1.33837,1.34282,1.33812,1.34113
2023-01-25 20:00:00+00:00,usdcad,1.33814,1.33971,1.33765,1.33836
2023-01-26 00:00:00+00:00,usdcad,1.34044,1.34081,1.33802,1.33813
2023-01-26 04:00:00+00:00,usdcad,1.339,1.34075,1.33888,1.34045
2023-01-26 08:00:00+00:00,usdcad,1.33843,1.34081,1.33706,1.33901
2023-01-26 12:00:00+00:00,usdcad,1.33676,1.33856,1.33034,1.33841
2023-01-26 16:00:00+00:00,usdcad,1.33348,1.33702,1.33316,1.33673
2023-01-26 20:00:00+00:00,usdcad,1.33174,1.33365,1.33153,1.33347
2023-01-27 00:00:00+00:00,usdcad,1.33397,1.33397,1.33129,1.33172
2023-01-27 04:00:00+00:00,usdcad,1.33357,1.33454,1.33319,1.33396
2023-01-27 08:00:00+00:00,usdcad,1.33169,1.3347,1.33125,1.33358
2023-01-27 12:00:00+00:00,usdcad,1.33308,1.33422,1.33007,1.3317
2023-01-27 16:00:00+00:00,usdcad,1.33047,1.33328,1.33005,1.33309
2023-01-27 20:00:00+00:00,usdcad,1.33088,1.33153,1.33006,1.33046
2023-01-29 20:00:00+00:00,usdcad,1.3306,1.331785,1.3302,1.33121
2023-01-30 00:00:00+00:00,usdcad,1.33263,1.33263,1.32998,1.33059
2023-01-30 04:00:00+00:00,usdcad,1.33419,1.33442,1.33163,1.33262
2023-01-30 08:00:00+00:00,usdcad,1.33293,1.33538,1.33159,1.3342
2023-01-30 12:00:00+00:00,usdcad,1.33427,1.33585,1.33214,1.33292
2023-01-30 16:00:00+00:00,usdcad,1.33827,1.33888,1.33363,1.33426
2023-01-30 20:00:00+00:00,usdcad,1.33845,1.33929,1.33773,1.33828
2023-01-31 00:00:00+00:00,usdcad,1.34105,1.34109,1.33776,1.33844
2023-01-31 04:00:00+00:00,usdcad,1.34115,1.34251,1.34053,1.34104
2023-01-31 08:00:00+00:00,usdcad,1.34555,1.34718,1.34095,1.34116
2023-01-31 12:00:00+00:00,usdcad,1.33458,1.34592,1.33347,1.34554
2023-01-31 16:00:00+00:00,usdcad,1.33061,1.33509,1.32998,1.33456
2023-01-31 20:00:00+00:00,usdcad,1.33082,1.331,1.32991,1.3306
2023-02-01 00:00:00+00:00,usdcad,1.33109,1.33245,1.32989,1.33081
2023-02-01 04:00:00+00:00,usdcad,1.33113,1.33251,1.3305,1.3311
2023-02-01 08:00:00+00:00,usdcad,1.33049,1.33159,1.3289,1.33112
2023-02-01 12:00:00+00:00,usdcad,1.33234,1.33313,1.32922,1.33048
2023-02-01 16:00:00+00:00,usdcad,1.3302,1.338,1.3295,1.33235
2023-02-01 20:00:00+00:00,usdcad,1.32743,1.33058,1.32636,1.33019
2023-02-02 00:00:00+00:00,usdcad,1.32839,1.32924,1.32711,1.32742
2023-02-02 04:00:00+00:00,usdcad,1.32889,1.32927,1.32749,1.32838
2023-02-02 08:00:00+00:00,usdcad,1.32764,1.32976,1.32625,1.32888
2023-02-02 12:00:00+00:00,usdcad,1.33042,1.33475,1.32709,1.32763
2023-02-02 16:00:00+00:00,usdcad,1.33255,1.333,1.32959,1.33041
2023-02-02 20:00:00+00:00,usdcad,1.3318,1.33309,1.33076,1.33253
2023-02-03 00:00:00+00:00,usdcad,1.33298,1.33401,1.33178,1.33179
2023-02-03 04:00:00+00:00,usdcad,1.33394,1.33441,1.33216,1.33297
2023-02-03 08:00:00+00:00,usdcad,1.33505,1.33746,1.33392,1.33393
2023-02-03 12:00:00+00:00,usdcad,1.33683,1.34262,1.33482,1.33504
2023-02-03 16:00:00+00:00,usdcad,1.33905,1.34078,1.33621,1.33684
2023-02-03 20:00:00+00:00,usdcad,1.34024,1.34097,1.33903,1.33904
2023-02-05 20:00:00+00:00,usdcad,1.34029,1.34216,1.33996,1.3415
2023-02-06 00:00:00+00:00,usdcad,1.34071,1.34112,1.33987,1.3403
2023-02-06 04:00:00+00:00,usdcad,1.34117,1.34158,1.33967,1.34073
2023-02-06 08:00:00+00:00,usdcad,1.34329,1.34474,1.34027,1.34116
2023-02-06 12:00:00+00:00,usdcad,1.34552,1.34756,1.34128,1.34328
2023-02-06 16:00:00+00:00,usdcad,1.34442,1.34568,1.34247,1.34553
2023-02-06 20:00:00+00:00,usdcad,1.34433,1.3451,1.34408,1.34441
2023-02-07 00:00:00+00:00,usdcad,1.34206,1.34442,1.34017,1.34432
2023-02-07 04:00:00+00:00,usdcad,1.34287,1.34317,1.34117,1.34205
2023-02-07 08:00:00+00:00,usdcad,1.34273,1.34435,1.34055,1.34288
2023-02-07 12:00:00+00:00,usdcad,1.34511,1.34692,1.34176,1.34274
2023-02-07 16:00:00+00:00,usdcad,1.3412,1.34591,1.33806,1.3451
2023-02-07 20:00:00+00:00,usdcad,1.33913,1.3422,1.33895,1.34121
2023-02-08 00:00:00+00:00,usdcad,1.3393,1.34076,1.33899,1.33912
2023-02-08 04:00:00+00:00,usdcad,1.33728,1.3398,1.33719,1.33931
2023-02-08 08:00:00+00:00,usdcad,1.33769,1.33862,1.33604,1.3373
2023-02-08 12:00:00+00:00,usdcad,1.34272,1.34437,1.33725,1.33768
2023-02-08 16:00:00+00:00,usdcad,1.34385,1.34447,1.34216,1.34273
2023-02-08 20:00:00+00:00,usdcad,1.34458,1.34508,1.34363,1.34384
2023-02-09 00:00:00+00:00,usdcad,1.34378,1.34597,1.34363,1.3446
2023-02-09 04:00:00+00:00,usdcad,1.34171,1.3439,1.34157,1.34379
2023-02-09 08:00:00+00:00,usdcad,1.34075,1.34181,1.33975,1.34172
2023-02-09 12:00:00+00:00,usdcad,1.3415,1.34175,1.33726,1.34076
2023-02-09 16:00:00+00:00,usdcad,1.34516,1.34586,1.34149,1.34149
2023-02-09 20:00:00+00:00,usdcad,1.34488,1.34633,1.34474,1.34515
2023-02-10 00:00:00+00:00,usdcad,1.34704,1.34712,1.34478,1.34486
2023-02-10 04:00:00+00:00,usdcad,1.34451,1.34725,1.34396,1.34705
2023-02-10 08:00:00+00:00,usdcad,1.34494,1.34542,1.34137,1.34452
2023-02-10 12:00:00+00:00,usdcad,1.33537,1.34533,1.33453,1.34493
2023-02-10 16:00:00+00:00,usdcad,1.33449,1.33752,1.33447,1.33536
2023-02-10 20:00:00+00:00,usdcad,1.33439,1.33496,1.33381,1.3345
2023-02-12 20:00:00+00:00,usdcad,1.33582,1.33584,1.334425,1.334745
2023-02-13 00:00:00+00:00,usdcad,1.33755,1.33801,1.33527,1.33581
2023-02-13 04:00:00+00:00,usdcad,1.33637,1.33794,1.33573,1.33754
2023-02-13 08:00:00+00:00,usdcad,1.33422,1.33718,1.33413,1.33636
2023-02-13 12:00:00+00:00,usdcad,1.33437,1.33727,1.33252,1.33421
2023-02-13 16:00:00+00:00,usdcad,1.33369,1.33555,1.33264,1.33436
2023-02-13 20:00:00+00:00,usdcad,1.33355,1.33427,1.33311,1.33368
2023-02-14 00:00:00+00:00,usdcad,1.33338,1.33537,1.33322,1.33356
2023-02-14 04:00:00+00:00,usdcad,1.33447,1.33464,1.33302,1.33339
2023-02-14 08:00:00+00:00,usdcad,1.33451,1.335,1.33277,1.33446
2023-02-14 12:00:00+00:00,usdcad,1.33556,1.33906,1.32747,1.33452
2023-02-14 16:00:00+00:00,usdcad,1.33387,1.33766,1.33341,1.33555
2023-02-14 20:00:00+00:00,usdcad,1.33412,1.33486,1.333365,1.33388
2023-02-15 00:00:00+00:00,usdcad,1.3365,1.33658,1.33406,1.33413
2023-02-15 04:00:00+00:00,usdcad,1.33831,1.33848,1.33572,1.33649
2023-02-15 08:00:00+00:00,usdcad,1.34056,1.34072,1.33828,1.3383
2023-02-15 12:00:00+00:00,usdcad,1.34183,1.34404,1.33911,1.34057
2023-02-15 16:00:00+00:00,usdcad,1.34003,1.34302,1.33873,1.34184
2023-02-15 20:00:00+00:00,usdcad,1.33925,1.34027,1.33895,1.34002
2023-02-16 00:00:00+00:00,usdcad,1.3384,1.34081,1.33712,1.33924
2023-02-16 04:00:00+00:00,usdcad,1.33769,1.33954,1.33741,1.33841
2023-02-16 08:00:00+00:00,usdcad,1.33849,1.33897,1.33575,1.3377
2023-02-16 12:00:00+00:00,usdcad,1.34514,1.34792,1.33819,1.33848
2023-02-16 16:00:00+00:00,usdcad,1.34271,1.34685,1.34232,1.34513
2023-02-16 20:00:00+00:00,usdcad,1.34738,1.34738,1.34267,1.34272
2023-02-17 00:00:00+00:00,usdcad,1.34845,1.34851,1.34651,1.34739
2023-02-17 04:00:00+00:00,usdcad,1.34997,1.35013,1.34832,1.34844
2023-02-17 08:00:00+00:00,usdcad,1.35356,1.35375,1.34969,1.34998
2023-02-17 12:00:00+00:00,usdcad,1.3493,1.35374,1.34699,1.35355
2023-02-17 16:00:00+00:00,usdcad,1.34708,1.35048,1.3467,1.34929
2023-02-17 20:00:00+00:00,usdcad,1.34737,1.34775,1.34672,1.34707
2023-02-19 20:00:00+00:00,usdcad,1.34828,1.34855,1.34713,1.34799
2023-02-20 00:00:00+00:00,usdcad,1.34807,1.34947,1.34773,1.34827
2023-02-20 04:00:00+00:00,usdcad,1.34629,1.34812,1.34628,1.34806
2023-02-20 08:00:00+00:00,usdcad,1.34627,1.34718,1.34505,1.3463
2023-02-20 12:00:00+00:00,usdcad,1.34556,1.34711,1.34417,1.34626
2023-02-20 16:00:00+00:00,usdcad,1.34511,1.34593,1.34488,1.34557
2023-02-20 20:00:00+00:00,usdcad,1.34537,1.34567,1.344725,1.34512
2023-02-21 00:00:00+00:00,usdcad,1.34746,1.3481,1.34536,1.34538
2023-02-21 04:00:00+00:00,usdcad,1.34848,1.34919,1.34682,1.34747
2023-02-21 08:00:00+00:00,usdcad,1.34548,1.34921,1.34417,1.34849
2023-02-21 12:00:00+00:00,usdcad,1.34971,1.35287,1.34447,1.34549
2023-02-21 16:00:00+00:00,usdcad,1.35357,1.35494,1.34883,1.34972
2023-02-21 20:00:00+00:00,usdcad,1.35336,1.35437,1.35299,1.35356
2023-02-22 00:00:00+00:00,usdcad,1.35398,1.35455,1.35274,1.35337
2023-02-22 04:00:00+00:00,usdcad,1.354,1.35471,1.35299,1.35397
2023-02-22 08:00:00+00:00,usdcad,1.35514,1.35607,1.35389,1.35401
2023-02-22 12:00:00+00:00,usdcad,1.35435,1.35593,1.35148,1.35513
2023-02-22 16:00:00+00:00,usdcad,1.3568,1.35685,1.35235,1.35434
2023-02-22 20:00:00+00:00,usdcad,1.35462,1.35679,1.35462,1.35679
2023-02-23 00:00:00+00:00,usdcad,1.35226,1.35471,1.3518,1.35463
2023-02-23 04:00:00+00:00,usdcad,1.35253,1.35325,1.35198,1.35225
2023-02-23 08:00:00+00:00,usdcad,1.35265,1.35445,1.35224,1.35254
2023-02-23 12:00:00+00:00,usdcad,1.35477,1.35551,1.35164,1.35264
2023-02-23 16:00:00+00:00,usdcad,1.35507,1.35814,1.35349,1.35478
2023-02-23 20:00:00+00:00,usdcad,1.35438,1.35506,1.35363,1.35506
2023-02-24 00:00:00+00:00,usdcad,1.35365,1.35474,1.35277,1.3544
2023-02-24 04:00:00+00:00,usdcad,1.35573,1.35577,1.35352,1.35364
2023-02-24 08:00:00+00:00,usdcad,1.35856,1.35949,1.35562,1.35574
2023-02-24 12:00:00+00:00,usdcad,1.36446,1.36654,1.35846,1.35855
2023-02-24 16:00:00+00:00,usdcad,1.36081,1.36456,1.36006,1.36445
2023-02-24 20:00:00+00:00,usdcad,1.36082,1.36138,1.35972,1.36082
2023-02-26 20:00:00+00:00,usdcad,1.3597,1.361055,1.35954,1.360995
2023-02-27 00:00:00+00:00,usdcad,1.36166,1.36177,1.35926,1.35972
2023-02-27 04:00:00+00:00,usdcad,1.36017,1.36244,1.36007,1.36165
2023-02-27 08:00:00+00:00,usdcad,1.35983,1.36085,1.35874,1.36016
2023-02-27 12:00:00+00:00,usdcad,1.35652,1.36069,1.35342,1.35982
2023-02-27 16:00:00+00:00,usdcad,1.35806,1.35888,1.35598,1.35651
2023-02-27 20:00:00+00:00,usdcad,1.35761,1.35832,1.357025,1.35807
2023-02-28 00:00:00+00:00,usdcad,1.35797,1.35825,1.35676,1.3576
2023-02-28 04:00:00+00:00,usdcad,1.35968,1.35968,1.3577,1.35796
2023-02-28 08:00:00+00:00,usdcad,1.35657,1.3606,1.35611,1.35969
2023-02-28 12:00:00+00:00,usdcad,1.36123,1.36191,1.35639,1.35658
2023-02-28 16:00:00+00:00,usdcad,1.36293,1.36294,1.35937,1.36122
2023-02-28 20:00:00+00:00,usdcad,1.36461,1.36485,1.36266,1.36294
2023-03-01 00:00:00+00:00,usdcad,1.36241,1.36593,1.36203,1.3646
2023-03-01 04:00:00+00:00,usdcad,1.36058,1.36264,1.36017,1.3624
2023-03-01 08:00:00+00:00,usdcad,1.35954,1.36179,1.35906,1.36059
2023-03-01 12:00:00+00:00,usdcad,1.36015,1.36536,1.35845,1.35953
2023-03-01 16:00:00+00:00,usdcad,1.36104,1.36278,1.35941,1.36014
2023-03-01 20:00:00+00:00,usdcad,1.35903,1.36107,1.35896,1.36103
2023-03-02 00:00:00+00:00,usdcad,1.36106,1.36267,1.35827,1.35902
2023-03-02 04:00:00+00:00,usdcad,1.36267,1.36276,1.36038,1.36105
2023-03-02 08:00:00+00:00,usdcad,1.36109,1.3634,1.35976,1.36268
2023-03-02 12:00:00+00:00,usdcad,1.36053,1.36415,1.35987,1.36108
2023-03-02 16:00:00+00:00,usdcad,1.36028,1.36319,1.35968,1.36052
2023-03-02 20:00:00+00:00,usdcad,1.3598,1.36074,1.35891,1.36029
2023-03-03 00:00:00+00:00,usdcad,1.35859,1.36017,1.35765,1.35979
2023-03-03 04:00:00+00:00,usdcad,1.35782,1.35905,1.35701,1.35858
2023-03-03 08:00:00+00:00,usdcad,1.35738,1.35802,1.35554,1.35783
2023-03-03 12:00:00+00:00,usdcad,1.36256,1.36441,1.35699,1.35739
2023-03-03 16:00:00+00:00,usdcad,1.35914,1.36295,1.35914,1.36255
2023-03-03 20:00:00+00:00,usdcad,1.35981,1.35998,1.35834,1.35915
2023-03-05 20:00:00+00:00,usdcad,1.36054,1.36071,1.359535,1.359575
2023-03-06 00:00:00+00:00,usdcad,1.35933,1.36144,1.35843,1.36055
2023-03-06 04:00:00+00:00,usdcad,1.35866,1.36038,1.35856,1.35934
2023-03-06 08:00:00+00:00,usdcad,1.36263,1.36281,1.35823,1.35865
2023-03-06 12:00:00+00:00,usdcad,1.36138,1.3629,1.36021,1.36264
2023-03-06 16:00:00+00:00,usdcad,1.36199,1.36222,1.3597,1.36139
2023-03-06 20:00:00+00:00,usdcad,1.36167,1.36243,1.36102,1.362
2023-03-07 00:00:00+00:00,usdcad,1.3606,1.3619,1.36,1.36168
2023-03-07 04:00:00+00:00,usdcad,1.36201,1.36228,1.36041,1.36059
2023-03-07 08:00:00+00:00,usdcad,1.364,1.36401,1.36144,1.362
2023-03-07 12:00:00+00:00,usdcad,1.37235,1.37314,1.36355,1.36401
2023-03-07 16:00:00+00:00,usdcad,1.3761,1.37614,1.3712,1.37234
2023-03-07 20:00:00+00:00,usdcad,1.37504,1.37609,1.37424,1.37609
2023-03-08 00:00:00+00:00,usdcad,1.37718,1.37736,1.37464,1.37505
2023-03-08 04:00:00+00:00,usdcad,1.37651,1.37717,1.37544,1.37717
2023-03-08 08:00:00+00:00,usdcad,1.37552,1.37673,1.37498,1.3765
2023-03-08 12:00:00+00:00,usdcad,1.37905,1.37946,1.37453,1.37564
2023-03-08 16:00:00+00:00,usdcad,1.37999,1.38149,1.3772,1.37904
2023-03-08 20:00:00+00:00,usdcad,1.37998,1.380505,1.37904,1.37998
2023-03-09 00:00:00+00:00,usdcad,1.38104,1.38175,1.3799,1.37999
2023-03-09 04:00:00+00:00,usdcad,1.37962,1.38132,1.37934,1.38103
2023-03-09 08:00:00+00:00,usdcad,1.37886,1.38087,1.37857,1.37961
2023-03-09 12:00:00+00:00,usdcad,1.3763,1.38149,1.37528,1.37885
2023-03-09 16:00:00+00:00,usdcad,1.38245,1.38245,1.37617,1.37629
2023-03-09 20:00:00+00:00,usdcad,1.38319,1.38374,1.38225,1.38244
2023-03-10 00:00:00+00:00,usdcad,1.3846,1.38483,1.38259,1.3832
2023-03-10 04:00:00+00:00,usdcad,1.38359,1.38483,1.38276,1.38461
2023-03-10 08:00:00+00:00,usdcad,1.38308,1.38621,1.38219,1.3836
2023-03-10 12:00:00+00:00,usdcad,1.37757,1.38394,1.37616,1.38309
2023-03-10 16:00:00+00:00,usdcad,1.38306,1.38474,1.37658,1.37759
2023-03-10 20:00:00+00:00,usdcad,1.382355,1.38356,1.38224,1.38307
2023-03-12 20:00:00+00:00,usdcad,1.37677,1.381775,1.37635,1.38076
2023-03-13 00:00:00+00:00,usdcad,1.37197,1.37872,1.37116,1.37676
2023-03-13 04:00:00+00:00,usdcad,1.37293,1.37527,1.37167,1.37198
2023-03-13 08:00:00+00:00,usdcad,1.37877,1.38012,1.37155,1.37294
2023-03-13 12:00:00+00:00,usdcad,1.36873,1.38021,1.36802,1.37878
2023-03-13 16:00:00+00:00,usdcad,1.37302,1.37407,1.36775,1.36872
2023-03-13 20:00:00+00:00,usdcad,1.37418,1.37447,1.372375,1.37301
2023-03-14 00:00:00+00:00,usdcad,1.37303,1.37489,1.37261,1.37415
2023-03-14 04:00:00+00:00,usdcad,1.37153,1.37371,1.37023,1.37301
2023-03-14 08:00:00+00:00,usdcad,1.36945,1.37503,1.36869,1.37154
2023-03-14 12:00:00+00:00,usdcad,1.36762,1.37257,1.36518,1.36946
2023-03-14 16:00:00+00:00,usdcad,1.36718,1.36992,1.36678,1.36763
2023-03-14 20:00:00+00:00,usdcad,1.36896,1.36904,1.36708,1.36717
2023-03-15 00:00:00+00:00,usdcad,1.36749,1.36961,1.36604,1.36897
2023-03-15 04:00:00+00:00,usdcad,1.36874,1.36995,1.36733,1.36748
2023-03-15 08:00:00+00:00,usdcad,1.37632,1.37683,1.36862,1.3688
2023-03-15 12:00:00+00:00,usdcad,1.37994,1.38145,1.37412,1.37634
2023-03-15 16:00:00+00:00,usdcad,1.37602,1.3814,1.37402,1.37993
2023-03-15 20:00:00+00:00,usdcad,1.37682,1.3771,1.37562,1.37601
2023-03-16 00:00:00+00:00,usdcad,1.37506,1.37682,1.37403,1.376805
2023-03-16 04:00:00+00:00,usdcad,1.37362,1.37667,1.37327,1.37507
2023-03-16 08:00:00+00:00,usdcad,1.37326,1.37691,1.37216,1.37361
2023-03-16 12:00:00+00:00,usdcad,1.37606,1.3788,1.37267,1.37327
2023-03-16 16:00:00+00:00,usdcad,1.37205,1.37708,1.37187,1.37608
2023-03-16 20:00:00+00:00,usdcad,1.37206,1.37278,1.37139,1.37203
2023-03-17 00:00:00+00:00,usdcad,1.36929,1.37366,1.36858,1.37203
2023-03-17 04:00:00+00:00,usdcad,1.36852,1.37114,1.36781,1.3693
2023-03-17 08:00:00+00:00,usdcad,1.37098,1.37291,1.36789,1.36848
2023-03-17 12:00:00+00:00,usdcad,1.37531,1.37734,1.37075,1.37096
2023-03-17 16:00:00+00:00,usdcad,1.37339,1.37572,1.37144,1.37534
2023-03-17 20:00:00+00:00,usdcad,1.37348,1.3739,1.37323,1.37341
2023-03-19 20:00:00+00:00,usdcad,1.37139,1.37266,1.37092,1.3725
2023-03-20 00:00:00+00:00,usdcad,1.37196,1.37256,1.36862,1.37142
2023-03-20 04:00:00+00:00,usdcad,1.37249,1.37473,1.37143,1.37195
2023-03-20 08:00:00+00:00,usdcad,1.37064,1.37428,1.36971,1.37245
2023-03-20 12:00:00+00:00,usdcad,1.36865,1.3711,1.36518,1.37065
2023-03-20 16:00:00+00:00,usdcad,1.36614,1.36925,1.36556,1.36864
2023-03-20 20:00:00+00:00,usdcad,1.3673,1.36742,1.36596,1.36612
2023-03-21 00:00:00+00:00,usdcad,1.36812,1.36841,1.36622,1.36729
2023-03-21 04:00:00+00:00,usdcad,1.36829,1.36991,1.36753,1.36813
2023-03-21 08:00:00+00:00,usdcad,1.36594,1.36878,1.36535,1.36833
2023-03-21 12:00:00+00:00,usdcad,1.37323,1.37373,1.36443,1.36592
2023-03-21 16:00:00+00:00,usdcad,1.37154,1.37371,1.37118,1.37324
2023-03-21 20:00:00+00:00,usdcad,1.37099,1.37165,1.37098,1.37149
2023-03-22 00:00:00+00:00,usdcad,1.37021,1.37187,1.36997,1.371
2023-03-22 04:00:00+00:00,usdcad,1.37081,1.37128,1.3698,1.37023
2023-03-22 08:00:00+00:00,usdcad,1.37046,1.37192,1.36954,1.37082
2023-03-22 12:00:00+00:00,usdcad,1.37225,1.37249,1.3694,1.37045
2023-03-22 16:00:00+00:00,usdcad,1.37251,1.37448,1.36576,1.37224
2023-03-22 20:00:00+00:00,usdcad,1.37206,1.373435,1.37153,1.37252
2023-03-23 00:00:00+00:00,usdcad,1.3678,1.3722,1.36633,1.37208
2023-03-23 04:00:00+00:00,usdcad,1.36702,1.36819,1.3661,1.36781
2023-03-23 08:00:00+00:00,usdcad,1.36665,1.36859,1.36649,1.36701
2023-03-23 12:00:00+00:00,usdcad,1.36581,1.3683,1.36309,1.36663
2023-03-23 16:00:00+00:00,usdcad,1.37191,1.37335,1.36535,1.36582
2023-03-23 20:00:00+00:00,usdcad,1.37186,1.37277,1.37086,1.37195
2023-03-24 00:00:00+00:00,usdcad,1.37225,1.37367,1.37138,1.37185
2023-03-24 04:00:00+00:00,usdcad,1.37219,1.37262,1.37097,1.3723
2023-03-24 08:00:00+00:00,usdcad,1.37881,1.37913,1.37211,1.37217
2023-03-24 12:00:00+00:00,usdcad,1.37633,1.38048,1.37539,1.37882
2023-03-24 16:00:00+00:00,usdcad,1.37342,1.37645,1.37309,1.37631
2023-03-24 20:00:00+00:00,usdcad,1.374585,1.37459,1.37333,1.37344
2023-03-26 20:00:00+00:00,usdcad,1.373,1.374055,1.37267,1.37345
2023-03-27 00:00:00+00:00,usdcad,1.37252,1.37443,1.37242,1.37296
2023-03-27 04:00:00+00:00,usdcad,1.37341,1.37452,1.37179,1.37249
2023-03-27 08:00:00+00:00,usdcad,1.37102,1.37361,1.37002,1.37345
2023-03-27 12:00:00+00:00,usdcad,1.36863,1.37165,1.3686,1.37105
2023-03-27 16:00:00+00:00,usdcad,1.36574,1.36872,1.36501,1.36867
2023-03-27 20:00:00+00:00,usdcad,1.36559,1.36653,1.36528,1.36573
2023-03-28 00:00:00+00:00,usdcad,1.3637,1.36582,1.36351,1.36557
2023-03-28 04:00:00+00:00,usdcad,1.36438,1.36446,1.36319,1.36369
2023-03-28 08:00:00+00:00,usdcad,1.36635,1.36952,1.36415,1.36443
2023-03-28 12:00:00+00:00,usdcad,1.36161,1.36674,1.36125,1.36638
2023-03-28 16:00:00+00:00,usdcad,1.3599,1.36198,1.35923,1.3616
2023-03-28 20:00:00+00:00,usdcad,1.35943,1.36019,1.35933,1.35989
2023-03-29 00:00:00+00:00,usdcad,1.36033,1.36058,1.35877,1.35942
2023-03-29 04:00:00+00:00,usdcad,1.36105,1.36169,1.35978,1.36032
2023-03-29 08:00:00+00:00,usdcad,1.35814,1.36151,1.35719,1.36102
2023-03-29 12:00:00+00:00,usdcad,1.35759,1.36049,1.35599,1.35812
2023-03-29 16:00:00+00:00,usdcad,1.35663,1.35799,1.35598,1.35758
2023-03-29 20:00:00+00:00,usdcad,1.35672,1.3568,1.35565,1.35665
2023-03-30 00:00:00+00:00,usdcad,1.3575,1.35814,1.35635,1.35671
2023-03-30 04:00:00+00:00,usdcad,1.35376,1.35753,1.35376,1.35749
2023-03-30 08:00:00+00:00,usdcad,1.35375,1.35566,1.35305,1.35373
2023-03-30 12:00:00+00:00,usdcad,1.35366,1.35514,1.35246,1.35376
2023-03-30 16:00:00+00:00,usdcad,1.35248,1.35415,1.35162,1.35368
2023-03-30 20:00:00+00:00,usdcad,1.35226,1.35278,1.35187,1.35247
2023-03-31 00:00:00+00:00,usdcad,1.35204,1.35258,1.3508,1.35226
2023-03-31 04:00:00+00:00,usdcad,1.35534,1.35638,1.35191,1.35206
2023-03-31 08:00:00+00:00,usdcad,1.35495,1.35646,1.35358,1.35536
2023-03-31 12:00:00+00:00,usdcad,1.35256,1.35567,1.3521,1.35491
2023-03-31 16:00:00+00:00,usdcad,1.35161,1.35418,1.35128,1.35255
2023-03-31 20:00:00+00:00,usdcad,1.351705,1.35228,1.35138,1.35158
2023-04-02 20:00:00+00:00,usdcad,1.35044,1.35159,1.34884,1.349625
2023-04-03 00:00:00+00:00,usdcad,1.35213,1.35246,1.35018,1.35048
2023-04-03 04:00:00+00:00,usdcad,1.34977,1.35367,1.34972,1.35212
2023-04-03 08:00:00+00:00,usdcad,1.34476,1.35004,1.34474,1.34978
2023-04-03 12:00:00+00:00,usdcad,1.34351,1.34739,1.34254,1.34475
2023-04-03 16:00:00+00:00,usdcad,1.34211,1.34398,1.34119,1.34353
2023-04-03 20:00:00+00:00,usdcad,1.34375,1.34391,1.34186,1.34212
2023-04-04 00:00:00+00:00,usdcad,1.3437,1.34445,1.34274,1.34371
2023-04-04 04:00:00+00:00,usdcad,1.34248,1.34427,1.34184,1.34369
2023-04-04 08:00:00+00:00,usdcad,1.34346,1.34415,1.34109,1.34251
2023-04-04 12:00:00+00:00,usdcad,1.34538,1.346,1.34074,1.34345
2023-04-04 16:00:00+00:00,usdcad,1.34488,1.34677,1.34457,1.34539
2023-04-04 20:00:00+00:00,usdcad,1.34396,1.345,1.34381,1.34487
2023-04-05 00:00:00+00:00,usdcad,1.34441,1.34459,1.34261,1.34402
2023-04-05 04:00:00+00:00,usdcad,1.34628,1.34687,1.34441,1.34442
2023-04-05 08:00:00+00:00,usdcad,1.34607,1.34831,1.34604,1.34629
2023-04-05 12:00:00+00:00,usdcad,1.34535,1.34778,1.34298,1.34606
2023-04-05 16:00:00+00:00,usdcad,1.34636,1.3481,1.34514,1.34533
2023-04-05 20:00:00+00:00,usdcad,1.34549,1.34637,1.34475,1.34637
2023-04-06 00:00:00+00:00,usdcad,1.34859,1.3487,1.34531,1.3455
2023-04-06 04:00:00+00:00,usdcad,1.34669,1.34896,1.34586,1.3486
2023-04-06 08:00:00+00:00,usdcad,1.3463,1.34865,1.346,1.3467
2023-04-06 12:00:00+00:00,usdcad,1.34739,1.3506,1.34599,1.34625
2023-04-06 16:00:00+00:00,usdcad,1.34849,1.34878,1.34636,1.34736
2023-04-06 20:00:00+00:00,usdcad,1.34957,1.34988,1.34849,1.3485
2023-04-07 00:00:00+00:00,usdcad,1.34892,1.34958,1.34864,1.34956
2023-04-07 04:00:00+00:00,usdcad,1.34916,1.34969,1.34859,1.34891
2023-04-07 08:00:00+00:00,usdcad,1.35095,1.35166,1.34918,1.34918
2023-04-07 12:00:00+00:00,usdcad,1.351635,1.35307,1.34984,1.35096
2023-04-07 16:00:00+00:00,usdcad,1.351585,1.35192,1.3507,1.35162
2023-04-07 20:00:00+00:00,usdcad,1.35143,1.35199,1.35119,1.35158
2023-04-09 20:00:00+00:00,usdcad,1.35055,1.352055,1.35013,1.351735
2023-04-10 00:00:00+00:00,usdcad,1.35127,1.35166,1.35021,1.35053
2023-04-10 04:00:00+00:00,usdcad,1.34978,1.35199,1.34897,1.35128
2023-04-10 08:00:00+00:00,usdcad,1.34976,1.3504,1.34853,1.34977
2023-04-10 12:00:00+00:00,usdcad,1.35345,1.3554,1.34968,1.34993
2023-04-10 16:00:00+00:00,usdcad,1.35059,1.35409,1.35058,1.35347
2023-04-10 20:00:00+00:00,usdcad,1.3504,1.35114,1.35027,1.3506
2023-04-11 00:00:00+00:00,usdcad,1.34958,1.35132,1.34895,1.35041
2023-04-11 04:00:00+00:00,usdcad,1.34962,1.34997,1.34818,1.34959
2023-04-11 08:00:00+00:00,usdcad,1.35091,1.35145,1.34886,1.34961
2023-04-11 12:00:00+00:00,usdcad,1.34809,1.35163,1.34694,1.35093
2023-04-11 16:00:00+00:00,usdcad,1.34689,1.34876,1.34624,1.34805
2023-04-11 20:00:00+00:00,usdcad,1.34642,1.346935,1.34621,1.34686
2023-04-12 00:00:00+00:00,usdcad,1.34613,1.34703,1.34584,1.34639
2023-04-12 04:00:00+00:00,usdcad,1.34661,1.34684,1.34494,1.34614
2023-04-12 08:00:00+00:00,usdcad,1.34793,1.34809,1.34526,1.3466
2023-04-12 12:00:00+00:00,usdcad,1.34512,1.34895,1.34329,1.34794
2023-04-12 16:00:00+00:00,usdcad,1.34429,1.34513,1.34284,1.34507
2023-04-12 20:00:00+00:00,usdcad,1.34404,1.344585,1.34373,1.34424
2023-04-13 00:00:00+00:00,usdcad,1.34365,1.34483,1.34282,1.34407
2023-04-13 04:00:00+00:00,usdcad,1.34072,1.34392,1.34045,1.34366
2023-04-13 08:00:00+00:00,usdcad,1.34015,1.34086,1.33876,1.34069
2023-04-13 12:00:00+00:00,usdcad,1.33452,1.34073,1.33434,1.34014
2023-04-13 16:00:00+00:00,usdcad,1.33369,1.33534,1.33336,1.33451
2023-04-13 20:00:00+00:00,usdcad,1.33408,1.33424,1.33344,1.3337
2023-04-14 00:00:00+00:00,usdcad,1.33234,1.33438,1.33178,1.33413
2023-04-14 04:00:00+00:00,usdcad,1.33226,1.33345,1.33173,1.33232
2023-04-14 08:00:00+00:00,usdcad,1.33242,1.33347,1.33142,1.33225
2023-04-14 12:00:00+00:00,usdcad,1.3379,1.33818,1.33018,1.33239
2023-04-14 16:00:00+00:00,usdcad,1.33647,1.33958,1.33592,1.33791
2023-04-14 20:00:00+00:00,usdcad,1.335935,1.33673,1.33587,1.33646
2023-04-16 20:00:00+00:00,usdcad,1.33665,1.33697,1.33606,1.33659
2023-04-17 00:00:00+00:00,usdcad,1.3362,1.33763,1.33585,1.33661
2023-04-17 04:00:00+00:00,usdcad,1.33558,1.33622,1.33429,1.33622
2023-04-17 08:00:00+00:00,usdcad,1.3371,1.33721,1.33532,1.33557
2023-04-17 12:00:00+00:00,usdcad,1.34052,1.34201,1.33588,1.33706
2023-04-17 16:00:00+00:00,usdcad,1.33909,1.34116,1.33909,1.34053
2023-04-17 20:00:00+00:00,usdcad,1.33949,1.33982,1.339035,1.33908
2023-04-18 00:00:00+00:00,usdcad,1.33867,1.3397,1.33795,1.3395
2023-04-18 04:00:00+00:00,usdcad,1.33745,1.33904,1.33703,1.33869
2023-04-18 08:00:00+00:00,usdcad,1.33802,1.33886,1.33598,1.33744
2023-04-18 12:00:00+00:00,usdcad,1.33935,1.33973,1.33656,1.33803
2023-04-18 16:00:00+00:00,usdcad,1.33946,1.33996,1.33835,1.33934
2023-04-18 20:00:00+00:00,usdcad,1.33918,1.3396,1.338715,1.33946
2023-04-19 00:00:00+00:00,usdcad,1.33944,1.34049,1.3385,1.33911
2023-04-19 04:00:00+00:00,usdcad,1.34055,1.34185,1.33944,1.33945
2023-04-19 08:00:00+00:00,usdcad,1.34444,1.34539,1.34049,1.34056
2023-04-19 12:00:00+00:00,usdcad,1.34544,1.34568,1.34224,1.34443
2023-04-19 16:00:00+00:00,usdcad,1.34556,1.34673,1.34426,1.3454
2023-04-19 20:00:00+00:00,usdcad,1.34697,1.34715,1.345455,1.34558
2023-04-20 00:00:00+00:00,usdcad,1.34705,1.34734,1.34584,1.34696
2023-04-20 04:00:00+00:00,usdcad,1.34712,1.34747,1.34515,1.34704
2023-04-20 08:00:00+00:00,usdcad,1.34821,1.34826,1.3463,1.34713
2023-04-20 12:00:00+00:00,usdcad,1.34614,1.34896,1.34489,1.34822
2023-04-20 16:00:00+00:00,usdcad,1.34783,1.34836,1.34594,1.34613
2023-04-20 20:00:00+00:00,usdcad,1.34816,1.34836,1.34728,1.34782
2023-04-21 00:00:00+00:00,usdcad,1.34979,1.35008,1.34754,1.34817
2023-04-21 04:00:00+00:00,usdcad,1.35298,1.35339,1.34967,1.3498
2023-04-21 08:00:00+00:00,usdcad,1.35334,1.35353,1.35141,1.35296
2023-04-21 12:00:00+00:00,usdcad,1.35357,1.35634,1.35236,1.35335
2023-04-21 16:00:00+00:00,usdcad,1.35385,1.355,1.35342,1.35355
2023-04-21 20:00:00+00:00,usdcad,1.354095,1.35416,1.35357,1.35386
2023-04-24 12:00:00+00:00,usdcad,1.35449,1.35499,1.35254,1.35463
2023-04-24 16:00:00+00:00,usdcad,1.35377,1.35486,1.35342,1.3545
2023-04-24 20:00:00+00:00,usdcad,1.35342,1.35435,1.35322,1.35376
2023-04-25 00:00:00+00:00,usdcad,1.35438,1.35483,1.35249,1.35343
2023-04-25 04:00:00+00:00,usdcad,1.35805,1.35832,1.35421,1.35436
2023-04-25 08:00:00+00:00,usdcad,1.35951,1.36018,1.35647,1.35803
2023-04-25 12:00:00+00:00,usdcad,1.36291,1.36291,1.35817,1.35953
2023-04-25 16:00:00+00:00,usdcad,1.36357,1.36481,1.36275,1.36289
2023-04-25 20:00:00+00:00,usdcad,1.36193,1.36358,1.36177,1.36357
2023-04-26 00:00:00+00:00,usdcad,1.36394,1.36426,1.36171,1.36194
2023-04-26 04:00:00+00:00,usdcad,1.36271,1.36405,1.36162,1.36393
2023-04-26 08:00:00+00:00,usdcad,1.36162,1.36379,1.36087,1.3627
2023-04-26 12:00:00+00:00,usdcad,1.36032,1.3636,1.35998,1.36165
2023-04-26 16:00:00+00:00,usdcad,1.36434,1.3651,1.35996,1.36029
2023-04-26 20:00:00+00:00,usdcad,1.36313,1.36461,1.36274,1.36433
2023-04-27 00:00:00+00:00,usdcad,1.36368,1.36455,1.36301,1.36314
2023-04-27 04:00:00+00:00,usdcad,1.36339,1.36375,1.3616,1.36369
2023-04-27 08:00:00+00:00,usdcad,1.36198,1.36389,1.36144,1.3634
2023-04-27 12:00:00+00:00,usdcad,1.36119,1.36404,1.35915,1.36199
2023-04-27 16:00:00+00:00,usdcad,1.35943,1.36242,1.35926,1.36118
2023-04-27 20:00:00+00:00,usdcad,1.36004,1.36076,1.35892,1.35947
2023-04-28 00:00:00+00:00,usdcad,1.3603,1.36077,1.35945,1.36003
2023-04-28 04:00:00+00:00,usdcad,1.36444,1.36526,1.36002,1.36031
2023-04-28 08:00:00+00:00,usdcad,1.36503,1.36678,1.36418,1.36445
2023-04-28 12:00:00+00:00,usdcad,1.35541,1.365595,1.35514,1.36504
2023-04-28 16:00:00+00:00,usdcad,1.35463,1.35652,1.35363,1.35538
2023-04-28 20:00:00+00:00,usdcad,1.354535,1.35504,1.354345,1.35464
2023-04-30 20:00:00+00:00,usdcad,1.35615,1.35615,1.35414,1.354235
2023-05-01 00:00:00+00:00,usdcad,1.35508,1.35644,1.35505,1.35614
2023-05-01 04:00:00+00:00,usdcad,1.35503,1.35585,1.35487,1.35506
2023-05-01 08:00:00+00:00,usdcad,1.35813,1.35826,1.35504,1.35505
2023-05-01 12:00:00+00:00,usdcad,1.35436,1.35833,1.35304,1.35817
2023-05-01 16:00:00+00:00,usdcad,1.35469,1.35513,1.35309,1.35439
2023-05-01 20:00:00+00:00,usdcad,1.35528,1.3553,1.354065,1.35468
2023-05-02 00:00:00+00:00,usdcad,1.35454,1.35564,1.35379,1.35529
2023-05-02 04:00:00+00:00,usdcad,1.35519,1.35523,1.35287,1.35452
2023-05-02 08:00:00+00:00,usdcad,1.35709,1.35847,1.3552,1.3552
2023-05-02 12:00:00+00:00,usdcad,1.36288,1.36379,1.3571,1.3571
2023-05-02 16:00:00+00:00,usdcad,1.36231,1.36336,1.36161,1.3629
2023-05-02 20:00:00+00:00,usdcad,1.36208,1.36273,1.36182,1.36229
2023-05-03 00:00:00+00:00,usdcad,1.36121,1.36314,1.36115,1.36207
2023-05-03 04:00:00+00:00,usdcad,1.36209,1.3621,1.3603,1.36119
2023-05-03 08:00:00+00:00,usdcad,1.36226,1.36314,1.3613,1.3621
2023-05-03 12:00:00+00:00,usdcad,1.36125,1.36396,1.36116,1.36229
2023-05-03 16:00:00+00:00,usdcad,1.36247,1.36271,1.35823,1.36126
2023-05-03 20:00:00+00:00,usdcad,1.36318,1.36329,1.36084,1.36252
2023-05-04 00:00:00+00:00,usdcad,1.35914,1.36329,1.35899,1.36316
2023-05-04 04:00:00+00:00,usdcad,1.36015,1.36135,1.35826,1.35915
2023-05-04 08:00:00+00:00,usdcad,1.36095,1.36231,1.36002,1.36016
2023-05-04 12:00:00+00:00,usdcad,1.35726,1.36162,1.35703,1.36093
2023-05-04 16:00:00+00:00,usdcad,1.35379,1.35726,1.35195,1.35725
2023-05-04 20:00:00+00:00,usdcad,1.35246,1.354205,1.352,1.35376
2023-05-05 00:00:00+00:00,usdcad,1.35062,1.35297,1.35055,1.35244
2023-05-05 04:00:00+00:00,usdcad,1.35009,1.35155,1.34906,1.35063
2023-05-05 08:00:00+00:00,usdcad,1.34956,1.35137,1.3479,1.35006
2023-05-05 12:00:00+00:00,usdcad,1.34215,1.35133,1.34186,1.34953
2023-05-05 16:00:00+00:00,usdcad,1.33856,1.34266,1.33714,1.34214
2023-05-05 20:00:00+00:00,usdcad,1.33771,1.33865,1.33746,1.33852
2023-05-07 20:00:00+00:00,usdcad,1.33801,1.33853,1.337165,1.33853
2023-05-08 00:00:00+00:00,usdcad,1.33746,1.33878,1.33703,1.338
2023-05-08 04:00:00+00:00,usdcad,1.33564,1.33747,1.33488,1.33747
2023-05-08 08:00:00+00:00,usdcad,1.33356,1.3362,1.33305,1.33563
2023-05-08 12:00:00+00:00,usdcad,1.33579,1.3364,1.33152,1.33355
2023-05-08 16:00:00+00:00,usdcad,1.33745,1.33835,1.33543,1.33577
2023-05-08 20:00:00+00:00,usdcad,1.33727,1.337735,1.33677,1.33744
2023-05-09 00:00:00+00:00,usdcad,1.33686,1.33765,1.3367,1.33729
2023-05-09 04:00:00+00:00,usdcad,1.33816,1.33855,1.33654,1.33684
2023-05-09 08:00:00+00:00,usdcad,1.33926,1.33936,1.33679,1.33815
2023-05-09 12:00:00+00:00,usdcad,1.34012,1.34064,1.33864,1.33925
2023-05-09 16:00:00+00:00,usdcad,1.33847,1.34044,1.33725,1.34013
2023-05-09 20:00:00+00:00,usdcad,1.33756,1.33877,1.33754,1.33844
2023-05-10 00:00:00+00:00,usdcad,1.33819,1.33836,1.33745,1.33758
2023-05-10 04:00:00+00:00,usdcad,1.33898,1.3396,1.33699,1.33818
2023-05-10 08:00:00+00:00,usdcad,1.33854,1.33976,1.33835,1.33902
2023-05-10 12:00:00+00:00,usdcad,1.33747,1.33874,1.33351,1.33857
2023-05-10 16:00:00+00:00,usdcad,1.33765,1.34148,1.3368,1.33746
2023-05-10 20:00:00+00:00,usdcad,1.33728,1.33783,1.33692,1.33764
2023-05-11 00:00:00+00:00,usdcad,1.33803,1.3386,1.33633,1.33727
2023-05-11 04:00:00+00:00,usdcad,1.3408,1.34203,1.33756,1.33802
2023-05-11 08:00:00+00:00,usdcad,1.34264,1.34267,1.33965,1.34079
2023-05-11 12:00:00+00:00,usdcad,1.34888,1.34948,1.34114,1.34265
2023-05-11 16:00:00+00:00,usdcad,1.34923,1.34958,1.34826,1.34889
2023-05-11 20:00:00+00:00,usdcad,1.34957,1.34962,1.34844,1.34922
2023-05-12 00:00:00+00:00,usdcad,1.34884,1.34963,1.34831,1.34958
2023-05-12 04:00:00+00:00,usdcad,1.34941,1.34961,1.34801,1.34885
2023-05-12 08:00:00+00:00,usdcad,1.34945,1.35037,1.34834,1.34944
2023-05-12 12:00:00+00:00,usdcad,1.35409,1.35445,1.34843,1.34944
2023-05-12 16:00:00+00:00,usdcad,1.35523,1.35653,1.35398,1.35408
2023-05-12 20:00:00+00:00,usdcad,1.3558,1.3558,1.35522,1.35522
2023-05-14 20:00:00+00:00,usdcad,1.35561,1.356055,1.35502,1.35506
2023-05-15 00:00:00+00:00,usdcad,1.35517,1.35678,1.35482,1.35562
2023-05-15 04:00:00+00:00,usdcad,1.35091,1.35522,1.3507,1.35519
2023-05-15 08:00:00+00:00,usdcad,1.34993,1.35214,1.34961,1.35096
2023-05-15 12:00:00+00:00,usdcad,1.34832,1.35185,1.34826,1.34992
2023-05-15 16:00:00+00:00,usdcad,1.34663,1.34854,1.34594,1.34835
2023-05-15 20:00:00+00:00,usdcad,1.34668,1.34703,1.34624,1.34664
2023-05-16 00:00:00+00:00,usdcad,1.34682,1.34821,1.3462,1.34669
2023-05-16 04:00:00+00:00,usdcad,1.34604,1.3494,1.34532,1.34681
2023-05-16 08:00:00+00:00,usdcad,1.34637,1.34696,1.34482,1.34603
2023-05-16 12:00:00+00:00,usdcad,1.34561,1.34716,1.34044,1.34635
2023-05-16 16:00:00+00:00,usdcad,1.34801,1.34828,1.34543,1.34562
2023-05-16 20:00:00+00:00,usdcad,1.34778,1.348275,1.34713,1.34802
2023-05-17 00:00:00+00:00,usdcad,1.34741,1.34853,1.34626,1.34776
2023-05-17 04:00:00+00:00,usdcad,1.35359,1.35361,1.34728,1.34742
2023-05-17 08:00:00+00:00,usdcad,1.34879,1.3536,1.34758,1.3536
2023-05-17 12:00:00+00:00,usdcad,1.34849,1.35015,1.34426,1.34882
2023-05-17 16:00:00+00:00,usdcad,1.34448,1.3485,1.34374,1.3485
2023-05-17 20:00:00+00:00,usdcad,1.34674,1.34685,1.34445,1.34453
2023-05-18 00:00:00+00:00,usdcad,1.34639,1.34725,1.34524,1.34673
2023-05-18 04:00:00+00:00,usdcad,1.34686,1.34802,1.34628,1.34637
2023-05-18 08:00:00+00:00,usdcad,1.34737,1.34823,1.34635,1.34685
2023-05-18 12:00:00+00:00,usdcad,1.35037,1.35101,1.34637,1.34734
2023-05-18 16:00:00+00:00,usdcad,1.34975,1.35248,1.34955,1.35036
2023-05-18 20:00:00+00:00,usdcad,1.34984,1.350655,1.34947,1.34978
2023-05-19 00:00:00+00:00,usdcad,1.34921,1.35128,1.34853,1.34982
2023-05-19 04:00:00+00:00,usdcad,1.34854,1.34979,1.34739,1.34924
2023-05-19 08:00:00+00:00,usdcad,1.34836,1.34949,1.34702,1.34855
2023-05-19 12:00:00+00:00,usdcad,1.35079,1.35239,1.34691,1.34835
2023-05-19 16:00:00+00:00,usdcad,1.35056,1.35188,1.34937,1.35081
2023-05-19 20:00:00+00:00,usdcad,1.34977,1.35103,1.34976,1.3506
2023-05-21 20:00:00+00:00,usdcad,1.34901,1.350685,1.34898,1.35062
2023-05-22 00:00:00+00:00,usdcad,1.34987,1.35028,1.34857,1.34899
2023-05-22 04:00:00+00:00,usdcad,1.34956,1.35177,1.34947,1.34986
2023-05-22 08:00:00+00:00,usdcad,1.35063,1.35141,1.34905,1.34957
2023-05-22 12:00:00+00:00,usdcad,1.35095,1.35191,1.34953,1.35062
2023-05-22 16:00:00+00:00,usdcad,1.35094,1.35133,1.35022,1.35097
2023-05-22 20:00:00+00:00,usdcad,1.35037,1.35102,1.34998,1.35095
2023-05-23 00:00:00+00:00,usdcad,1.34921,1.35035,1.3486,1.35034
2023-05-23 04:00:00+00:00,usdcad,1.35288,1.35315,1.34882,1.34922
2023-05-23 08:00:00+00:00,usdcad,1.35289,1.35489,1.35196,1.35291
2023-05-23 12:00:00+00:00,usdcad,1.34865,1.35288,1.34847,1.35288
2023-05-23 16:00:00+00:00,usdcad,1.35065,1.35149,1.34863,1.34868
2023-05-23 20:00:00+00:00,usdcad,1.35009,1.35092,1.34962,1.35066
2023-05-24 00:00:00+00:00,usdcad,1.35061,1.35109,1.34959,1.3501
2023-05-24 04:00:00+00:00,usdcad,1.35465,1.35472,1.34974,1.35058
2023-05-24 08:00:00+00:00,usdcad,1.35371,1.35594,1.35344,1.35464
2023-05-24 12:00:00+00:00,usdcad,1.35911,1.35989,1.35322,1.35365
2023-05-24 16:00:00+00:00,usdcad,1.35977,1.36057,1.35839,1.35908
2023-05-24 20:00:00+00:00,usdcad,1.35902,1.36017,1.35883,1.35978
2023-05-25 00:00:00+00:00,usdcad,1.36071,1.3613,1.359,1.359
2023-05-25 04:00:00+00:00,usdcad,1.35964,1.3613,1.35909,1.3607
2023-05-25 08:00:00+00:00,usdcad,1.3595,1.36107,1.35866,1.35963
2023-05-25 12:00:00+00:00,usdcad,1.36383,1.36452,1.35927,1.35946
2023-05-25 16:00:00+00:00,usdcad,1.36347,1.36428,1.36201,1.36381
2023-05-25 20:00:00+00:00,usdcad,1.36441,1.36473,1.36344,1.36348
2023-05-26 00:00:00+00:00,usdcad,1.36381,1.36547,1.36367,1.36442
2023-05-26 04:00:00+00:00,usdcad,1.36245,1.36419,1.36215,1.36379
2023-05-26 08:00:00+00:00,usdcad,1.36068,1.3634,1.36011,1.36247
2023-05-26 12:00:00+00:00,usdcad,1.36276,1.36467,1.36056,1.36067
2023-05-26 16:00:00+00:00,usdcad,1.36126,1.36285,1.36122,1.36278
2023-05-26 20:00:00+00:00,usdcad,1.36148,1.361865,1.36119,1.36125
2023-05-28 20:00:00+00:00,usdcad,1.36093,1.36208,1.360285,1.361135
2023-05-29 00:00:00+00:00,usdcad,1.36074,1.36134,1.35955,1.36094
2023-05-29 04:00:00+00:00,usdcad,1.35972,1.36076,1.35843,1.36075
2023-05-29 08:00:00+00:00,usdcad,1.35908,1.3602,1.35865,1.35971
2023-05-29 12:00:00+00:00,usdcad,1.35852,1.36125,1.35848,1.35909
2023-05-29 16:00:00+00:00,usdcad,1.35914,1.35949,1.35834,1.3585
2023-05-29 20:00:00+00:00,usdcad,1.36043,1.36046,1.35882,1.35915
2023-05-30 00:00:00+00:00,usdcad,1.36049,1.36076,1.35679,1.36044
2023-05-30 04:00:00+00:00,usdcad,1.3587,1.36079,1.35869,1.3605
2023-05-30 08:00:00+00:00,usdcad,1.35802,1.35944,1.35676,1.35869
2023-05-30 12:00:00+00:00,usdcad,1.35966,1.36136,1.35725,1.35801
2023-05-30 16:00:00+00:00,usdcad,1.35949,1.3613,1.3585,1.35965
2023-05-30 20:00:00+00:00,usdcad,1.36002,1.36046,1.35938,1.35952
2023-05-31 00:00:00+00:00,usdcad,1.36371,1.36414,1.35996,1.36007
2023-05-31 04:00:00+00:00,usdcad,1.36459,1.36484,1.36257,1.36373
2023-05-31 08:00:00+00:00,usdcad,1.36499,1.36514,1.36331,1.36461
2023-05-31 12:00:00+00:00,usdcad,1.359,1.36513,1.35733,1.36498
2023-05-31 16:00:00+00:00,usdcad,1.35754,1.36106,1.35695,1.35899
2023-05-31 20:00:00+00:00,usdcad,1.35672,1.35787,1.35639,1.35759
2023-06-01 00:00:00+00:00,usdcad,1.35654,1.35831,1.35634,1.35671
2023-06-01 04:00:00+00:00,usdcad,1.3579,1.35853,1.35608,1.35655
2023-06-01 08:00:00+00:00,usdcad,1.35617,1.35849,1.35553,1.35791
2023-06-01 12:00:00+00:00,usdcad,1.34423,1.357305,1.34414,1.35621
2023-06-01 16:00:00+00:00,usdcad,1.34509,1.34586,1.34368,1.34431
2023-06-01 20:00:00+00:00,usdcad,1.34453,1.34549,1.34424,1.3451
2023-06-02 00:00:00+00:00,usdcad,1.34294,1.34505,1.3428,1.34452
2023-06-02 04:00:00+00:00,usdcad,1.34251,1.34387,1.34164,1.34295
2023-06-02 08:00:00+00:00,usdcad,1.34261,1.34321,1.34071,1.34252
2023-06-02 12:00:00+00:00,usdcad,1.34396,1.34497,1.341,1.34262
2023-06-02 16:00:00+00:00,usdcad,1.34252,1.34513,1.3424,1.34395
2023-06-02 20:00:00+00:00,usdcad,1.343115,1.34327,1.34222,1.34253
2023-06-04 20:00:00+00:00,usdcad,1.34292,1.34312,1.34181,1.342465
2023-06-05 00:00:00+00:00,usdcad,1.34347,1.34393,1.3423,1.34293
2023-06-05 04:00:00+00:00,usdcad,1.34313,1.34431,1.3423,1.34346
2023-06-05 08:00:00+00:00,usdcad,1.34424,1.3452,1.34264,1.34309
2023-06-05 12:00:00+00:00,usdcad,1.34208,1.34618,1.342,1.34425
2023-06-05 16:00:00+00:00,usdcad,1.34426,1.34428,1.34175,1.3421
2023-06-05 20:00:00+00:00,usdcad,1.34491,1.34499,1.343855,1.34427
2023-06-06 00:00:00+00:00,usdcad,1.34316,1.34506,1.34195,1.34488
2023-06-06 04:00:00+00:00,usdcad,1.34081,1.34329,1.33902,1.34314
2023-06-06 08:00:00+00:00,usdcad,1.34292,1.34299,1.34051,1.34078
2023-06-06 12:00:00+00:00,usdcad,1.34045,1.34525,1.34013,1.34291
2023-06-06 16:00:00+00:00,usdcad,1.34053,1.3418,1.33998,1.34048
2023-06-06 20:00:00+00:00,usdcad,1.33988,1.34068,1.33985,1.34052
2023-06-07 00:00:00+00:00,usdcad,1.34036,1.34115,1.33883,1.33991
2023-06-07 04:00:00+00:00,usdcad,1.34159,1.34269,1.34003,1.34035
2023-06-07 08:00:00+00:00,usdcad,1.33933,1.34166,1.33756,1.34158
2023-06-07 12:00:00+00:00,usdcad,1.33659,1.34128,1.33213,1.33935
2023-06-07 16:00:00+00:00,usdcad,1.33739,1.33929,1.33595,1.33654
2023-06-07 20:00:00+00:00,usdcad,1.33716,1.33758,1.33686,1.3374
2023-06-08 00:00:00+00:00,usdcad,1.33615,1.33714,1.33508,1.33714
2023-06-08 04:00:00+00:00,usdcad,1.33429,1.33681,1.33427,1.33614
2023-06-08 08:00:00+00:00,usdcad,1.33595,1.33648,1.33343,1.33431
2023-06-08 12:00:00+00:00,usdcad,1.3382,1.33879,1.3342,1.33594
2023-06-08 16:00:00+00:00,usdcad,1.33528,1.33829,1.33496,1.33818
2023-06-08 20:00:00+00:00,usdcad,1.33628,1.336555,1.335285,1.33529
2023-06-09 00:00:00+00:00,usdcad,1.33693,1.33699,1.33613,1.33627
2023-06-09 04:00:00+00:00,usdcad,1.33337,1.33714,1.33325,1.33694
2023-06-09 08:00:00+00:00,usdcad,1.33238,1.33492,1.33168,1.33336
2023-06-09 12:00:00+00:00,usdcad,1.33437,1.33692,1.33135,1.33241
2023-06-09 16:00:00+00:00,usdcad,1.33465,1.33548,1.33411,1.33438
2023-06-09 20:00:00+00:00,usdcad,1.33406,1.33477,1.333885,1.33466
2023-06-11 20:00:00+00:00,usdcad,1.33375,1.33468,1.33369,1.334225
2023-06-12 00:00:00+00:00,usdcad,1.33487,1.33583,1.33379,1.33379
2023-06-12 04:00:00+00:00,usdcad,1.3321,1.33547,1.33204,1.33488
2023-06-12 08:00:00+00:00,usdcad,1.33368,1.33377,1.33153,1.33212
2023-06-12 12:00:00+00:00,usdcad,1.33786,1.33839,1.333,1.33367
2023-06-12 16:00:00+00:00,usdcad,1.3365,1.33835,1.33635,1.33783
2023-06-12 20:00:00+00:00,usdcad,1.33649,1.337315,1.33642,1.3365
2023-06-13 00:00:00+00:00,usdcad,1.33566,1.33785,1.3355,1.3365
2023-06-13 04:00:00+00:00,usdcad,1.33551,1.33693,1.33419,1.33564
2023-06-13 08:00:00+00:00,usdcad,1.33524,1.33619,1.33464,1.33552
2023-06-13 12:00:00+00:00,usdcad,1.32988,1.33548,1.32863,1.33521
2023-06-13 16:00:00+00:00,usdcad,1.33126,1.33171,1.32884,1.32989
2023-06-13 20:00:00+00:00,usdcad,1.33149,1.331865,1.33088,1.33127
2023-06-14 00:00:00+00:00,usdcad,1.33088,1.33198,1.33044,1.33146
2023-06-14 04:00:00+00:00,usdcad,1.3293,1.33184,1.32909,1.3309
2023-06-14 08:00:00+00:00,usdcad,1.33008,1.3308,1.32854,1.32931
2023-06-14 12:00:00+00:00,usdcad,1.32853,1.33082,1.32753,1.33007
2023-06-14 16:00:00+00:00,usdcad,1.33355,1.3353,1.32723,1.32854
2023-06-14 20:00:00+00:00,usdcad,1.33278,1.33354,1.33212,1.33354
2023-06-15 00:00:00+00:00,usdcad,1.33421,1.33549,1.33239,1.33275
2023-06-15 04:00:00+00:00,usdcad,1.33276,1.33514,1.3324,1.33422
2023-06-15 08:00:00+00:00,usdcad,1.33269,1.33364,1.33198,1.33278
2023-06-15 12:00:00+00:00,usdcad,1.32397,1.33406,1.32283,1.3327
2023-06-15 16:00:00+00:00,usdcad,1.3219,1.3241,1.32102,1.32396
2023-06-15 20:00:00+00:00,usdcad,1.32234,1.322795,1.32155,1.32189
2023-06-16 00:00:00+00:00,usdcad,1.32336,1.32395,1.32202,1.32235
2023-06-16 04:00:00+00:00,usdcad,1.3234,1.32383,1.32118,1.32333
2023-06-16 08:00:00+00:00,usdcad,1.32288,1.32377,1.32162,1.32338
2023-06-16 12:00:00+00:00,usdcad,1.31959,1.32312,1.31885,1.32289
2023-06-16 16:00:00+00:00,usdcad,1.32006,1.32014,1.31777,1.31963
2023-06-16 20:00:00+00:00,usdcad,1.319695,1.32022,1.31917,1.31999
2023-06-18 20:00:00+00:00,usdcad,1.31994,1.320305,1.31876,1.319355
2023-06-19 00:00:00+00:00,usdcad,1.32261,1.32289,1.31987,1.31995
2023-06-19 04:00:00+00:00,usdcad,1.31914,1.32277,1.31793,1.3226
2023-06-19 08:00:00+00:00,usdcad,1.31949,1.32098,1.31868,1.31913
2023-06-19 12:00:00+00:00,usdcad,1.32041,1.32096,1.31853,1.31947
2023-06-19 16:00:00+00:00,usdcad,1.32107,1.32187,1.32031,1.32042
2023-06-19 20:00:00+00:00,usdcad,1.32108,1.32138,1.32067,1.32108
2023-06-20 00:00:00+00:00,usdcad,1.32194,1.3232,1.32057,1.32109
2023-06-20 04:00:00+00:00,usdcad,1.32172,1.32393,1.32093,1.32195
2023-06-20 08:00:00+00:00,usdcad,1.32335,1.32343,1.32101,1.32173
2023-06-20 12:00:00+00:00,usdcad,1.32483,1.32699,1.3226,1.32334
2023-06-20 16:00:00+00:00,usdcad,1.32289,1.32516,1.32242,1.32482
2023-06-20 20:00:00+00:00,usdcad,1.32255,1.32364,1.32255,1.3229
2023-06-21 00:00:00+00:00,usdcad,1.32183,1.32307,1.32173,1.32256
2023-06-21 04:00:00+00:00,usdcad,1.32342,1.3246,1.32095,1.32182
2023-06-21 08:00:00+00:00,usdcad,1.32178,1.32376,1.32143,1.32341
2023-06-21 12:00:00+00:00,usdcad,1.31812,1.32266,1.31756,1.32179
2023-06-21 16:00:00+00:00,usdcad,1.31648,1.3185,1.31574,1.31811
2023-06-21 20:00:00+00:00,usdcad,1.31611,1.31671,1.31579,1.31649
2023-06-22 00:00:00+00:00,usdcad,1.31539,1.31626,1.31512,1.3161
2023-06-22 04:00:00+00:00,usdcad,1.31518,1.31686,1.31458,1.31538
2023-06-22 08:00:00+00:00,usdcad,1.31642,1.31704,1.3139,1.31519
2023-06-22 12:00:00+00:00,usdcad,1.31648,1.31766,1.315,1.31641
2023-06-22 16:00:00+00:00,usdcad,1.31503,1.31696,1.31451,1.31647
2023-06-22 20:00:00+00:00,usdcad,1.31475,1.31543,1.31443,1.31504
2023-06-23 00:00:00+00:00,usdcad,1.31863,1.31882,1.31432,1.31474
2023-06-23 04:00:00+00:00,usdcad,1.31961,1.3207,1.31765,1.31864
2023-06-23 08:00:00+00:00,usdcad,1.32099,1.32138,1.31878,1.3196
2023-06-23 12:00:00+00:00,usdcad,1.31987,1.32262,1.31848,1.321
2023-06-23 16:00:00+00:00,usdcad,1.31897,1.32023,1.3179,1.31986
2023-06-23 20:00:00+00:00,usdcad,1.31801,1.31904,1.317925,1.31897
2023-06-25 20:00:00+00:00,usdcad,1.31657,1.31827,1.31614,1.31825
2023-06-26 00:00:00+00:00,usdcad,1.31589,1.31733,1.31538,1.31655
2023-06-26 04:00:00+00:00,usdcad,1.31474,1.31697,1.31392,1.3159
2023-06-26 08:00:00+00:00,usdcad,1.31495,1.31711,1.31474,1.31475
2023-06-26 12:00:00+00:00,usdcad,1.31472,1.31772,1.31363,1.31494
2023-06-26 16:00:00+00:00,usdcad,1.31522,1.31534,1.3139,1.31473
2023-06-26 20:00:00+00:00,usdcad,1.31521,1.31567,1.31491,1.31521
2023-06-27 00:00:00+00:00,usdcad,1.31259,1.31552,1.3122,1.31522
2023-06-27 04:00:00+00:00,usdcad,1.31233,1.31319,1.31169,1.31258
2023-06-27 08:00:00+00:00,usdcad,1.31611,1.31691,1.31234,1.31234
2023-06-27 12:00:00+00:00,usdcad,1.31765,1.31898,1.31495,1.3161
2023-06-27 16:00:00+00:00,usdcad,1.31795,1.31894,1.31744,1.31766
2023-06-27 20:00:00+00:00,usdcad,1.31974,1.31986,1.31794,1.31796
2023-06-28 00:00:00+00:00,usdcad,1.3208,1.32159,1.31895,1.31973
2023-06-28 04:00:00+00:00,usdcad,1.32166,1.32326,1.32057,1.32081
2023-06-28 08:00:00+00:00,usdcad,1.32373,1.32375,1.32121,1.32165
2023-06-28 12:00:00+00:00,usdcad,1.32503,1.32768,1.32371,1.32372
2023-06-28 16:00:00+00:00,usdcad,1.32534,1.3259,1.32451,1.32504
2023-06-28 20:00:00+00:00,usdcad,1.32534,1.32592,1.32499,1.32533
2023-06-29 00:00:00+00:00,usdcad,1.32684,1.32724,1.32431,1.32535
2023-06-29 04:00:00+00:00,usdcad,1.32674,1.32788,1.32627,1.32685
2023-06-29 08:00:00+00:00,usdcad,1.32566,1.32718,1.32532,1.32673
2023-06-29 12:00:00+00:00,usdcad,1.32477,1.32857,1.32407,1.32567
2023-06-29 16:00:00+00:00,usdcad,1.32467,1.32587,1.32393,1.32476
2023-06-29 20:00:00+00:00,usdcad,1.32517,1.32551,1.32465,1.32467
2023-06-30 00:00:00+00:00,usdcad,1.32473,1.32611,1.32411,1.32516
2023-06-30 04:00:00+00:00,usdcad,1.32623,1.32687,1.32427,1.32474
2023-06-30 08:00:00+00:00,usdcad,1.32706,1.3274,1.32511,1.32621
2023-06-30 12:00:00+00:00,usdcad,1.3235,1.32845,1.32069,1.32705
2023-06-30 16:00:00+00:00,usdcad,1.32474,1.32474,1.32205,1.32349
2023-06-30 20:00:00+00:00,usdcad,1.324845,1.32512,1.3246,1.32473
2023-07-02 20:00:00+00:00,usdcad,1.32504,1.32516,1.32425,1.32453
2023-07-03 00:00:00+00:00,usdcad,1.32412,1.32578,1.32401,1.32503
2023-07-03 04:00:00+00:00,usdcad,1.32684,1.3271,1.32386,1.32411
2023-07-03 08:00:00+00:00,usdcad,1.32503,1.32736,1.32488,1.32685
2023-07-03 12:00:00+00:00,usdcad,1.32451,1.32627,1.32303,1.32502
2023-07-03 16:00:00+00:00,usdcad,1.32538,1.32565,1.32411,1.32452
2023-07-03 20:00:00+00:00,usdcad,1.32484,1.32543,1.32469,1.32537
2023-07-04 00:00:00+00:00,usdcad,1.3248,1.3257,1.32442,1.32485
2023-07-04 04:00:00+00:00,usdcad,1.32332,1.32558,1.32293,1.32479
2023-07-04 08:00:00+00:00,usdcad,1.32229,1.3244,1.32175,1.32331
2023-07-04 12:00:00+00:00,usdcad,1.32113,1.32263,1.32033,1.3223
2023-07-04 16:00:00+00:00,usdcad,1.32237,1.3228,1.32105,1.32112
2023-07-04 20:00:00+00:00,usdcad,1.32251,1.32265,1.32203,1.32238
2023-07-05 00:00:00+00:00,usdcad,1.32314,1.32347,1.32205,1.3225
2023-07-05 04:00:00+00:00,usdcad,1.32497,1.32498,1.32262,1.32313
2023-07-05 08:00:00+00:00,usdcad,1.32738,1.32933,1.32499,1.32499
2023-07-05 12:00:00+00:00,usdcad,1.32726,1.32856,1.32432,1.32739
2023-07-05 16:00:00+00:00,usdcad,1.32819,1.32867,1.32679,1.32727
2023-07-05 20:00:00+00:00,usdcad,1.32857,1.32883,1.32794,1.32818
2023-07-06 00:00:00+00:00,usdcad,1.32973,1.32978,1.32796,1.32856
2023-07-06 04:00:00+00:00,usdcad,1.32976,1.33065,1.3282,1.32974
2023-07-06 08:00:00+00:00,usdcad,1.32874,1.33023,1.32753,1.32977
2023-07-06 12:00:00+00:00,usdcad,1.33556,1.33701,1.32873,1.32875
2023-07-06 16:00:00+00:00,usdcad,1.33664,1.33675,1.33528,1.33555
2023-07-06 20:00:00+00:00,usdcad,1.33653,1.33725,1.336175,1.33663
2023-07-07 00:00:00+00:00,usdcad,1.33642,1.33735,1.33598,1.33654
2023-07-07 04:00:00+00:00,usdcad,1.33775,1.33809,1.33584,1.33641
2023-07-07 08:00:00+00:00,usdcad,1.33675,1.33872,1.33582,1.33774
2023-07-07 12:00:00+00:00,usdcad,1.32862,1.33706,1.32854,1.33674
2023-07-07 16:00:00+00:00,usdcad,1.32793,1.32891,1.32662,1.32861
2023-07-07 20:00:00+00:00,usdcad,1.327635,1.32794,1.32727,1.32794
2023-07-09 20:00:00+00:00,usdcad,1.32789,1.32806,1.3274,1.3274
2023-07-10 00:00:00+00:00,usdcad,1.32925,1.32951,1.32728,1.3279
2023-07-10 04:00:00+00:00,usdcad,1.32775,1.33032,1.32774,1.32924
2023-07-10 08:00:00+00:00,usdcad,1.32863,1.32979,1.32743,1.32774
2023-07-10 12:00:00+00:00,usdcad,1.32813,1.33046,1.32685,1.32864
2023-07-10 16:00:00+00:00,usdcad,1.32789,1.32898,1.3274,1.32812
2023-07-10 20:00:00+00:00,usdcad,1.32747,1.328195,1.32742,1.32788
2023-07-11 00:00:00+00:00,usdcad,1.32633,1.328,1.32535,1.32748
2023-07-11 04:00:00+00:00,usdcad,1.32709,1.3272,1.32453,1.32632
2023-07-11 08:00:00+00:00,usdcad,1.32779,1.32818,1.32589,1.3271
2023-07-11 12:00:00+00:00,usdcad,1.32492,1.32897,1.32474,1.3278
2023-07-11 16:00:00+00:00,usdcad,1.32355,1.32568,1.32352,1.32492
2023-07-11 20:00:00+00:00,usdcad,1.32293,1.32359,1.32242,1.32356
2023-07-12 00:00:00+00:00,usdcad,1.3207,1.32312,1.32001,1.32294
2023-07-12 04:00:00+00:00,usdcad,1.32184,1.32281,1.32033,1.32071
2023-07-12 08:00:00+00:00,usdcad,1.32207,1.32227,1.32065,1.32183
2023-07-12 12:00:00+00:00,usdcad,1.31802,1.32341,1.31438,1.32206
2023-07-12 16:00:00+00:00,usdcad,1.31841,1.31995,1.31739,1.31803
2023-07-12 20:00:00+00:00,usdcad,1.31838,1.319085,1.31799,1.3184
2023-07-13 00:00:00+00:00,usdcad,1.31773,1.31949,1.31746,1.31839
2023-07-13 04:00:00+00:00,usdcad,1.31557,1.3186,1.31526,1.31772
2023-07-13 08:00:00+00:00,usdcad,1.31545,1.31695,1.31504,1.31556
2023-07-13 12:00:00+00:00,usdcad,1.31285,1.31753,1.3107,1.31546
2023-07-13 16:00:00+00:00,usdcad,1.3111,1.31306,1.31039,1.31285
2023-07-13 20:00:00+00:00,usdcad,1.31133,1.311795,1.31076,1.31111
2023-07-14 00:00:00+00:00,usdcad,1.30941,1.31158,1.30928,1.31134
2023-07-14 04:00:00+00:00,usdcad,1.31146,1.31391,1.30942,1.30942
2023-07-14 08:00:00+00:00,usdcad,1.31217,1.31268,1.31066,1.31145
2023-07-14 12:00:00+00:00,usdcad,1.32048,1.32058,1.31136,1.31218
2023-07-14 16:00:00+00:00,usdcad,1.32241,1.32269,1.32004,1.32049
2023-07-14 20:00:00+00:00,usdcad,1.321735,1.32272,1.321715,1.32242
2023-07-16 20:00:00+00:00,usdcad,1.3227,1.32324,1.32147,1.32164
2023-07-17 00:00:00+00:00,usdcad,1.32229,1.32324,1.322,1.32271
2023-07-17 04:00:00+00:00,usdcad,1.32207,1.32251,1.32118,1.32228
2023-07-17 08:00:00+00:00,usdcad,1.32184,1.32245,1.32047,1.32208
2023-07-17 12:00:00+00:00,usdcad,1.31738,1.32223,1.31609,1.32183
2023-07-17 16:00:00+00:00,usdcad,1.31911,1.31919,1.31686,1.31737
2023-07-17 20:00:00+00:00,usdcad,1.32018,1.32032,1.31905,1.3191
2023-07-18 00:00:00+00:00,usdcad,1.31865,1.32047,1.31863,1.32019
2023-07-18 04:00:00+00:00,usdcad,1.32057,1.32095,1.31847,1.31864
2023-07-18 08:00:00+00:00,usdcad,1.32054,1.32135,1.3192,1.32056
2023-07-18 12:00:00+00:00,usdcad,1.31776,1.32435,1.31674,1.32053
2023-07-18 16:00:00+00:00,usdcad,1.31696,1.31943,1.31688,1.31777
2023-07-18 20:00:00+00:00,usdcad,1.31669,1.317605,1.31626,1.31697
2023-07-19 00:00:00+00:00,usdcad,1.3172,1.31798,1.31652,1.3167
2023-07-19 04:00:00+00:00,usdcad,1.31669,1.3185,1.31632,1.31721
2023-07-19 08:00:00+00:00,usdcad,1.3186,1.31933,1.31636,1.3167
2023-07-19 12:00:00+00:00,usdcad,1.31606,1.31913,1.31556,1.31859
2023-07-19 16:00:00+00:00,usdcad,1.31675,1.31808,1.31583,1.31607
2023-07-19 20:00:00+00:00,usdcad,1.31636,1.31683,1.3161,1.31674
2023-07-20 00:00:00+00:00,usdcad,1.31405,1.31639,1.31333,1.31635
2023-07-20 04:00:00+00:00,usdcad,1.31429,1.31567,1.31341,1.31404
2023-07-20 08:00:00+00:00,usdcad,1.31343,1.31439,1.31195,1.31428
2023-07-20 12:00:00+00:00,usdcad,1.31844,1.31947,1.31332,1.31344
2023-07-20 16:00:00+00:00,usdcad,1.3173,1.31852,1.31652,1.31843
2023-07-20 20:00:00+00:00,usdcad,1.31745,1.31776,1.31691,1.31731
2023-07-21 00:00:00+00:00,usdcad,1.31699,1.31798,1.31622,1.31744
2023-07-21 04:00:00+00:00,usdcad,1.31726,1.31779,1.31535,1.317
2023-07-21 08:00:00+00:00,usdcad,1.31909,1.31912,1.31538,1.31727
2023-07-21 12:00:00+00:00,usdcad,1.32188,1.32266,1.31823,1.31908
2023-07-21 16:00:00+00:00,usdcad,1.32171,1.32209,1.32047,1.32187
2023-07-21 20:00:00+00:00,usdcad,1.32238,1.32238,1.32134,1.32172
2023-07-23 20:00:00+00:00,usdcad,1.32258,1.3226,1.321635,1.322005
2023-07-24 00:00:00+00:00,usdcad,1.32192,1.32289,1.3215,1.32257
2023-07-24 04:00:00+00:00,usdcad,1.32057,1.32218,1.32007,1.32191
2023-07-24 08:00:00+00:00,usdcad,1.31887,1.32091,1.31821,1.32058
2023-07-24 12:00:00+00:00,usdcad,1.31557,1.32053,1.31554,1.31886
2023-07-24 16:00:00+00:00,usdcad,1.31699,1.31742,1.31504,1.31558
2023-07-24 20:00:00+00:00,usdcad,1.31755,1.31756,1.31664,1.31698
2023-07-25 00:00:00+00:00,usdcad,1.31552,1.31777,1.31531,1.31754
2023-07-25 04:00:00+00:00,usdcad,1.31647,1.31679,1.31471,1.31551
2023-07-25 08:00:00+00:00,usdcad,1.31766,1.31887,1.31586,1.31646
2023-07-25 12:00:00+00:00,usdcad,1.31808,1.32097,1.31719,1.31767
2023-07-25 16:00:00+00:00,usdcad,1.31728,1.31893,1.31668,1.31809
2023-07-25 20:00:00+00:00,usdcad,1.3188,1.31881,1.3169,1.31729
2023-07-26 00:00:00+00:00,usdcad,1.31842,1.32028,1.3182,1.31878
2023-07-26 04:00:00+00:00,usdcad,1.31865,1.31984,1.31722,1.31842
2023-07-26 08:00:00+00:00,usdcad,1.32166,1.3222,1.3184,1.31866
2023-07-26 12:00:00+00:00,usdcad,1.32202,1.32359,1.31989,1.32165
2023-07-26 16:00:00+00:00,usdcad,1.32017,1.32379,1.31934,1.32201
2023-07-26 20:00:00+00:00,usdcad,1.32052,1.321215,1.32004,1.32018
2023-07-27 00:00:00+00:00,usdcad,1.31767,1.32061,1.31634,1.32053
2023-07-27 04:00:00+00:00,usdcad,1.31717,1.31873,1.31664,1.31766
2023-07-27 08:00:00+00:00,usdcad,1.31697,1.31873,1.31596,1.31716
2023-07-27 12:00:00+00:00,usdcad,1.31956,1.32007,1.31584,1.31696
2023-07-27 16:00:00+00:00,usdcad,1.32361,1.32434,1.31847,1.31957
2023-07-27 20:00:00+00:00,usdcad,1.32285,1.32365,1.322035,1.3236
2023-07-28 00:00:00+00:00,usdcad,1.32326,1.32405,1.32207,1.32284
2023-07-28 04:00:00+00:00,usdcad,1.32454,1.3249,1.32185,1.32325
2023-07-28 08:00:00+00:00,usdcad,1.32152,1.32478,1.32132,1.32455
2023-07-28 12:00:00+00:00,usdcad,1.32276,1.3243,1.32014,1.32153
2023-07-28 16:00:00+00:00,usdcad,1.32354,1.32492,1.32255,1.32275
2023-07-28 20:00:00+00:00,usdcad,1.32485,1.32499,1.32337,1.32353
2023-07-30 20:00:00+00:00,usdcad,1.32522,1.32523,1.32422,1.324385
2023-07-31 00:00:00+00:00,usdcad,1.32513,1.32618,1.32405,1.32521
2023-07-31 04:00:00+00:00,usdcad,1.32436,1.32579,1.32301,1.32514
2023-07-31 08:00:00+00:00,usdcad,1.32156,1.32454,1.32148,1.32435
2023-07-31 12:00:00+00:00,usdcad,1.31603,1.32157,1.31513,1.32155
2023-07-31 16:00:00+00:00,usdcad,1.31859,1.31871,1.31582,1.31604
2023-07-31 20:00:00+00:00,usdcad,1.31945,1.31945,1.318395,1.31858
2023-08-01 00:00:00+00:00,usdcad,1.32214,1.32225,1.31861,1.31946
2023-08-01 04:00:00+00:00,usdcad,1.32442,1.32446,1.3215,1.32216
2023-08-01 08:00:00+00:00,usdcad,1.32724,1.3274,1.32429,1.32443
2023-08-01 12:00:00+00:00,usdcad,1.32916,1.33,1.32663,1.32725
2023-08-01 16:00:00+00:00,usdcad,1.32884,1.33001,1.32843,1.32915
2023-08-01 20:00:00+00:00,usdcad,1.32698,1.32891,1.32662,1.32885
2023-08-02 00:00:00+00:00,usdcad,1.32893,1.32967,1.32697,1.32699
2023-08-02 04:00:00+00:00,usdcad,1.33049,1.33081,1.32888,1.32894
2023-08-02 08:00:00+00:00,usdcad,1.33169,1.33215,1.33026,1.33051
2023-08-02 12:00:00+00:00,usdcad,1.33357,1.33489,1.3308,1.3317
2023-08-02 16:00:00+00:00,usdcad,1.33454,1.33528,1.33277,1.33356
2023-08-02 20:00:00+00:00,usdcad,1.33448,1.33535,1.33432,1.33453
2023-08-03 00:00:00+00:00,usdcad,1.3353,1.33558,1.33349,1.33449
2023-08-03 04:00:00+00:00,usdcad,1.33686,1.33734,1.33464,1.33531
2023-08-03 08:00:00+00:00,usdcad,1.33694,1.33781,1.3356,1.33687
2023-08-03 12:00:00+00:00,usdcad,1.33415,1.33765,1.33346,1.33695
2023-08-03 16:00:00+00:00,usdcad,1.33562,1.33602,1.3329,1.33415
2023-08-03 20:00:00+00:00,usdcad,1.33513,1.33575,1.33496,1.33563
2023-08-04 00:00:00+00:00,usdcad,1.33502,1.33565,1.3335,1.33512
2023-08-04 04:00:00+00:00,usdcad,1.33622,1.33701,1.33452,1.33501
2023-08-04 08:00:00+00:00,usdcad,1.33763,1.33775,1.33574,1.33623
2023-08-04 12:00:00+00:00,usdcad,1.33385,1.33943,1.3336,1.33764
2023-08-04 16:00:00+00:00,usdcad,1.33843,1.33905,1.33194,1.33386
2023-08-04 20:00:00+00:00,usdcad,1.3385,1.33861,1.33796,1.33844
2023-08-06 20:00:00+00:00,usdcad,1.33755,1.338185,1.33718,1.337455
2023-08-07 00:00:00+00:00,usdcad,1.33738,1.33852,1.33682,1.33754
2023-08-07 04:00:00+00:00,usdcad,1.33757,1.33881,1.33707,1.33739
2023-08-07 08:00:00+00:00,usdcad,1.337,1.33996,1.33696,1.33758
2023-08-07 12:00:00+00:00,usdcad,1.33737,1.33861,1.33562,1.33699
2023-08-07 16:00:00+00:00,usdcad,1.33696,1.33754,1.33614,1.33738
2023-08-07 20:00:00+00:00,usdcad,1.33723,1.33763,1.336535,1.33697
2023-08-08 00:00:00+00:00,usdcad,1.33945,1.33988,1.33678,1.33722
2023-08-08 04:00:00+00:00,usdcad,1.34236,1.3427,1.33909,1.33946
2023-08-08 08:00:00+00:00,usdcad,1.34768,1.34784,1.3421,1.34237
2023-08-08 12:00:00+00:00,usdcad,1.34563,1.35023,1.34538,1.34767
2023-08-08 16:00:00+00:00,usdcad,1.34146,1.34576,1.34106,1.34564
2023-08-08 20:00:00+00:00,usdcad,1.34265,1.34291,1.34143,1.34147
2023-08-09 00:00:00+00:00,usdcad,1.34191,1.34311,1.34113,1.34264
2023-08-09 04:00:00+00:00,usdcad,1.34121,1.34209,1.34043,1.3419
2023-08-09 08:00:00+00:00,usdcad,1.34288,1.34297,1.34078,1.34122
2023-08-09 12:00:00+00:00,usdcad,1.34437,1.34543,1.34163,1.34289
2023-08-09 16:00:00+00:00,usdcad,1.34242,1.34452,1.34083,1.34438
2023-08-09 20:00:00+00:00,usdcad,1.34197,1.342715,1.34189,1.34241
2023-08-10 00:00:00+00:00,usdcad,1.34154,1.34245,1.34082,1.34198
2023-08-10 04:00:00+00:00,usdcad,1.34062,1.34202,1.33871,1.34153
2023-08-10 08:00:00+00:00,usdcad,1.33965,1.34105,1.33958,1.34061
2023-08-10 12:00:00+00:00,usdcad,1.34036,1.34124,1.33728,1.33966
2023-08-10 16:00:00+00:00,usdcad,1.34414,1.34456,1.34011,1.34034
2023-08-10 20:00:00+00:00,usdcad,1.34448,1.34502,1.34405,1.34418
2023-08-11 00:00:00+00:00,usdcad,1.34395,1.34462,1.34274,1.34449
2023-08-11 04:00:00+00:00,usdcad,1.34418,1.34468,1.34305,1.34394
2023-08-11 08:00:00+00:00,usdcad,1.34409,1.34591,1.34318,1.34417
2023-08-11 12:00:00+00:00,usdcad,1.34379,1.34662,1.34126,1.3441
2023-08-11 16:00:00+00:00,usdcad,1.34471,1.34518,1.34294,1.34378
2023-08-11 20:00:00+00:00,usdcad,1.344525,1.34493,1.34423,1.34472
2023-08-13 20:00:00+00:00,usdcad,1.34405,1.3446,1.34385,1.344195
2023-08-14 00:00:00+00:00,usdcad,1.34651,1.347,1.34403,1.34406
2023-08-14 04:00:00+00:00,usdcad,1.34463,1.34673,1.34445,1.34652
2023-08-14 08:00:00+00:00,usdcad,1.34414,1.34538,1.34381,1.34462
2023-08-14 12:00:00+00:00,usdcad,1.34535,1.34802,1.34413,1.34415
2023-08-14 16:00:00+00:00,usdcad,1.34641,1.34727,1.34444,1.34536
2023-08-14 20:00:00+00:00,usdcad,1.34595,1.34647,1.34562,1.3464
2023-08-15 00:00:00+00:00,usdcad,1.34435,1.34705,1.34431,1.34594
2023-08-15 04:00:00+00:00,usdcad,1.34922,1.34926,1.34396,1.34434
2023-08-15 08:00:00+00:00,usdcad,1.34982,1.34988,1.34791,1.34921
2023-08-15 12:00:00+00:00,usdcad,1.34745,1.35007,1.34461,1.34981
2023-08-15 16:00:00+00:00,usdcad,1.34975,1.35018,1.34704,1.34744
2023-08-15 20:00:00+00:00,usdcad,1.34908,1.35021,1.34898,1.34976
2023-08-16 00:00:00+00:00,usdcad,1.3501,1.351,1.34901,1.34909
2023-08-16 04:00:00+00:00,usdcad,1.34882,1.35102,1.3482,1.35011
2023-08-16 08:00:00+00:00,usdcad,1.349,1.34996,1.34756,1.34883
2023-08-16 12:00:00+00:00,usdcad,1.35178,1.35269,1.34819,1.34901
2023-08-16 16:00:00+00:00,usdcad,1.35335,1.35454,1.35165,1.35177
2023-08-16 20:00:00+00:00,usdcad,1.35374,1.35393,1.35235,1.35334
2023-08-17 00:00:00+00:00,usdcad,1.35361,1.35529,1.35321,1.35373
2023-08-17 04:00:00+00:00,usdcad,1.35274,1.35466,1.35191,1.3536
2023-08-17 08:00:00+00:00,usdcad,1.3504,1.3535,1.35011,1.35275
2023-08-17 12:00:00+00:00,usdcad,1.35238,1.35302,1.34965,1.35041
2023-08-17 16:00:00+00:00,usdcad,1.35437,1.35523,1.35143,1.35237
2023-08-17 20:00:00+00:00,usdcad,1.3546,1.35494,1.35377,1.35438
2023-08-18 00:00:00+00:00,usdcad,1.35431,1.35478,1.35247,1.35459
2023-08-18 04:00:00+00:00,usdcad,1.35521,1.3556,1.35347,1.35432
2023-08-18 08:00:00+00:00,usdcad,1.35626,1.35649,1.35322,1.35522
2023-08-18 12:00:00+00:00,usdcad,1.35593,1.35751,1.35452,1.35625
2023-08-18 16:00:00+00:00,usdcad,1.35478,1.35604,1.35339,1.35594
2023-08-18 20:00:00+00:00,usdcad,1.355245,1.35554,1.35466,1.35479
2023-08-20 20:00:00+00:00,usdcad,1.35423,1.35516,1.35422,1.35497
2023-08-21 00:00:00+00:00,usdcad,1.35458,1.35552,1.35349,1.35424
2023-08-21 04:00:00+00:00,usdcad,1.35322,1.35494,1.35312,1.35457
2023-08-21 08:00:00+00:00,usdcad,1.35049,1.35379,1.35002,1.35323
2023-08-21 12:00:00+00:00,usdcad,1.35652,1.3573,1.34965,1.35048
2023-08-21 16:00:00+00:00,usdcad,1.35467,1.35726,1.35412,1.35653
2023-08-21 20:00:00+00:00,usdcad,1.35465,1.35494,1.35412,1.35468
2023-08-22 00:00:00+00:00,usdcad,1.35402,1.35544,1.3535,1.35466
2023-08-22 04:00:00+00:00,usdcad,1.35302,1.35507,1.35251,1.35403
2023-08-22 08:00:00+00:00,usdcad,1.35194,1.35378,1.35183,1.35301
2023-08-22 12:00:00+00:00,usdcad,1.35487,1.35651,1.35132,1.35193
2023-08-22 16:00:00+00:00,usdcad,1.35589,1.35642,1.35455,1.35487
2023-08-22 20:00:00+00:00,usdcad,1.35503,1.35599,1.35453,1.35587
2023-08-23 00:00:00+00:00,usdcad,1.35392,1.35526,1.35328,1.35504
2023-08-23 04:00:00+00:00,usdcad,1.35537,1.3561,1.35357,1.35393
2023-08-23 08:00:00+00:00,usdcad,1.35706,1.35791,1.35477,1.35536
2023-08-23 12:00:00+00:00,usdcad,1.35423,1.3604,1.35409,1.35707
2023-08-23 16:00:00+00:00,usdcad,1.35354,1.35454,1.35204,1.35422
2023-08-23 20:00:00+00:00,usdcad,1.35242,1.35379,1.35235,1.35355
2023-08-24 00:00:00+00:00,usdcad,1.35198,1.35335,1.35137,1.35241
2023-08-24 04:00:00+00:00,usdcad,1.35382,1.35404,1.35101,1.35197
2023-08-24 08:00:00+00:00,usdcad,1.35477,1.35495,1.35283,1.35383
2023-08-24 12:00:00+00:00,usdcad,1.35646,1.35879,1.35461,1.35478
2023-08-24 16:00:00+00:00,usdcad,1.35809,1.35832,1.35607,1.35645
2023-08-24 20:00:00+00:00,usdcad,1.35871,1.35892,1.35781,1.3581
2023-08-25 00:00:00+00:00,usdcad,1.36006,1.36011,1.35802,1.3587
2023-08-25 04:00:00+00:00,usdcad,1.35855,1.36028,1.35802,1.36005
2023-08-25 08:00:00+00:00,usdcad,1.35795,1.35916,1.35694,1.35854
2023-08-25 12:00:00+00:00,usdcad,1.36282,1.36401,1.35733,1.35794
2023-08-25 16:00:00+00:00,usdcad,1.36035,1.36299,1.35888,1.3628
2023-08-25 20:00:00+00:00,usdcad,1.360455,1.36075,1.36019,1.36035
2023-08-28 00:00:00+00:00,usdcad,1.359275,1.359375,1.35905,1.359215
2023-08-28 04:00:00+00:00,usdcad,1.359365,1.35946,1.35919,1.35931
2023-08-28 12:00:00+00:00,usdcad,1.35977,1.3612,1.35704,1.35981
2023-08-28 16:00:00+00:00,usdcad,1.36029,1.36101,1.35889,1.35976
2023-08-28 20:00:00+00:00,usdcad,1.3601,1.36031,1.359425,1.3603
2023-08-29 00:00:00+00:00,usdcad,1.35887,1.36059,1.35869,1.36009
2023-08-29 04:00:00+00:00,usdcad,1.36035,1.36054,1.35883,1.35888
2023-08-29 08:00:00+00:00,usdcad,1.36268,1.36274,1.35988,1.36036
2023-08-29 12:00:00+00:00,usdcad,1.35904,1.36376,1.35783,1.36269
2023-08-29 16:00:00+00:00,usdcad,1.35603,1.35926,1.35547,1.35905
2023-08-29 20:00:00+00:00,usdcad,1.35593,1.356515,1.35503,1.35604
2023-08-30 00:00:00+00:00,usdcad,1.35668,1.35743,1.35575,1.35594
2023-08-30 04:00:00+00:00,usdcad,1.35582,1.35769,1.35581,1.35667
2023-08-30 08:00:00+00:00,usdcad,1.35628,1.35715,1.35556,1.35581
2023-08-30 12:00:00+00:00,usdcad,1.35169,1.35675,1.35133,1.35629
2023-08-30 16:00:00+00:00,usdcad,1.35334,1.35483,1.35171,1.35171
2023-08-30 20:00:00+00:00,usdcad,1.35351,1.353905,1.35271,1.35333
2023-08-31 00:00:00+00:00,usdcad,1.35409,1.35409,1.3521,1.3535
2023-08-31 04:00:00+00:00,usdcad,1.35389,1.35488,1.35314,1.35408
2023-08-31 08:00:00+00:00,usdcad,1.35457,1.35579,1.35383,1.3539
2023-08-31 12:00:00+00:00,usdcad,1.35406,1.35515,1.35152,1.35456
2023-08-31 16:00:00+00:00,usdcad,1.35148,1.35557,1.35041,1.35405
2023-08-31 20:00:00+00:00,usdcad,1.35107,1.35165,1.350735,1.35147
2023-09-01 00:00:00+00:00,usdcad,1.35131,1.35162,1.34894,1.35105
2023-09-01 04:00:00+00:00,usdcad,1.35001,1.35216,1.34942,1.3513
2023-09-01 08:00:00+00:00,usdcad,1.35136,1.35155,1.34954,1.34999
2023-09-01 12:00:00+00:00,usdcad,1.35839,1.35927,1.34978,1.35137
2023-09-01 16:00:00+00:00,usdcad,1.36027,1.3613,1.35839,1.3584
2023-09-01 20:00:00+00:00,usdcad,1.359395,1.36025,1.359265,1.36025
2023-09-03 20:00:00+00:00,usdcad,1.35952,1.360025,1.359195,1.35928
2023-09-04 00:00:00+00:00,usdcad,1.35852,1.35982,1.35841,1.35951
2023-09-04 04:00:00+00:00,usdcad,1.35915,1.35936,1.35757,1.35851
2023-09-04 08:00:00+00:00,usdcad,1.35963,1.36044,1.35889,1.35914
2023-09-04 12:00:00+00:00,usdcad,1.35944,1.36048,1.35888,1.35964
2023-09-04 16:00:00+00:00,usdcad,1.35943,1.35971,1.35927,1.35943
2023-09-04 20:00:00+00:00,usdcad,1.35999,1.35999,1.35884,1.35942
2023-09-05 00:00:00+00:00,usdcad,1.36164,1.36181,1.35968,1.35998
2023-09-05 04:00:00+00:00,usdcad,1.36571,1.36594,1.36124,1.36163
2023-09-05 08:00:00+00:00,usdcad,1.36502,1.36697,1.36407,1.3657
2023-09-05 12:00:00+00:00,usdcad,1.36089,1.36605,1.36015,1.36503
2023-09-05 16:00:00+00:00,usdcad,1.36413,1.36413,1.35997,1.36088
2023-09-05 20:00:00+00:00,usdcad,1.36403,1.36447,1.36314,1.36409
2023-09-06 00:00:00+00:00,usdcad,1.36449,1.36572,1.36386,1.36404
2023-09-06 04:00:00+00:00,usdcad,1.36628,1.36637,1.36269,1.36448
2023-09-06 08:00:00+00:00,usdcad,1.36489,1.3672,1.36408,1.36629
2023-09-06 12:00:00+00:00,usdcad,1.36569,1.36767,1.36226,1.3649
2023-09-06 16:00:00+00:00,usdcad,1.36396,1.36666,1.3637,1.3657
2023-09-06 20:00:00+00:00,usdcad,1.36398,1.364505,1.36353,1.36395
2023-09-07 00:00:00+00:00,usdcad,1.36446,1.36506,1.3636,1.36397
2023-09-07 04:00:00+00:00,usdcad,1.36395,1.36552,1.36324,1.36447
2023-09-07 08:00:00+00:00,usdcad,1.36581,1.36603,1.36388,1.36396
2023-09-07 12:00:00+00:00,usdcad,1.36804,1.36828,1.36457,1.36582
2023-09-07 16:00:00+00:00,usdcad,1.36863,1.36948,1.36738,1.36805
2023-09-07 20:00:00+00:00,usdcad,1.36833,1.36871,1.36792,1.36862
2023-09-08 00:00:00+00:00,usdcad,1.36696,1.36898,1.36663,1.3683
2023-09-08 04:00:00+00:00,usdcad,1.36653,1.3672,1.36528,1.36695
2023-09-08 08:00:00+00:00,usdcad,1.36625,1.36765,1.36586,1.36654
2023-09-08 12:00:00+00:00,usdcad,1.36231,1.3667,1.36081,1.36624
2023-09-08 16:00:00+00:00,usdcad,1.36435,1.3647,1.36182,1.3623
2023-09-08 20:00:00+00:00,usdcad,1.363995,1.36451,1.36395,1.36436
2023-09-10 20:00:00+00:00,usdcad,1.36293,1.363985,1.36263,1.363855
2023-09-11 00:00:00+00:00,usdcad,1.36206,1.36359,1.36184,1.36292
2023-09-11 04:00:00+00:00,usdcad,1.35992,1.3622,1.35876,1.36205
2023-09-11 08:00:00+00:00,usdcad,1.35876,1.36076,1.35854,1.35991
2023-09-11 12:00:00+00:00,usdcad,1.35835,1.36015,1.35612,1.35877
2023-09-11 16:00:00+00:00,usdcad,1.35808,1.35866,1.35669,1.35836
2023-09-11 20:00:00+00:00,usdcad,1.35801,1.3581,1.35724,1.35807
2023-09-12 00:00:00+00:00,usdcad,1.35748,1.35934,1.35719,1.35802
2023-09-12 04:00:00+00:00,usdcad,1.35838,1.35899,1.35733,1.3575
2023-09-12 08:00:00+00:00,usdcad,1.35834,1.35895,1.35738,1.35837
2023-09-12 12:00:00+00:00,usdcad,1.35539,1.3586,1.35436,1.35835
2023-09-12 16:00:00+00:00,usdcad,1.35598,1.35635,1.35484,1.35538
2023-09-12 20:00:00+00:00,usdcad,1.35532,1.35602,1.35489,1.35599
2023-09-13 00:00:00+00:00,usdcad,1.35632,1.35672,1.35477,1.35533
2023-09-13 04:00:00+00:00,usdcad,1.35626,1.35748,1.35507,1.35633
2023-09-13 08:00:00+00:00,usdcad,1.35616,1.35739,1.35561,1.35627
2023-09-13 12:00:00+00:00,usdcad,1.35349,1.35871,1.35211,1.35615
2023-09-13 16:00:00+00:00,usdcad,1.3554,1.35699,1.35343,1.35348
2023-09-13 20:00:00+00:00,usdcad,1.35529,1.35569,1.35481,1.3555
2023-09-14 00:00:00+00:00,usdcad,1.3535,1.35545,1.35308,1.3553
2023-09-14 04:00:00+00:00,usdcad,1.35382,1.3543,1.35266,1.35351
2023-09-14 08:00:00+00:00,usdcad,1.35206,1.35409,1.35158,1.35383
2023-09-14 12:00:00+00:00,usdcad,1.35132,1.3543,1.35017,1.35205
2023-09-14 16:00:00+00:00,usdcad,1.3517,1.35191,1.34935,1.35131
2023-09-14 20:00:00+00:00,usdcad,1.35163,1.35179,1.35056,1.35168
2023-09-15 00:00:00+00:00,usdcad,1.34992,1.35176,1.3497,1.35164
2023-09-15 04:00:00+00:00,usdcad,1.35038,1.35147,1.34942,1.34991
2023-09-15 08:00:00+00:00,usdcad,1.35194,1.35228,1.35022,1.35037
2023-09-15 12:00:00+00:00,usdcad,1.35065,1.35499,1.3506,1.35193
2023-09-15 16:00:00+00:00,usdcad,1.35262,1.35343,1.35027,1.35066
2023-09-15 20:00:00+00:00,usdcad,1.35265,1.35289,1.35213,1.35259
2023-09-17 20:00:00+00:00,usdcad,1.3523,1.35268,1.352215,1.352215
2023-09-18 00:00:00+00:00,usdcad,1.35182,1.35285,1.35135,1.35229
2023-09-18 04:00:00+00:00,usdcad,1.35093,1.35196,1.34961,1.35183
2023-09-18 08:00:00+00:00,usdcad,1.35089,1.35193,1.35015,1.35092
2023-09-18 12:00:00+00:00,usdcad,1.34838,1.35153,1.3472,1.3509
2023-09-18 16:00:00+00:00,usdcad,1.34915,1.34972,1.34759,1.34837
2023-09-18 20:00:00+00:00,usdcad,1.34873,1.34916,1.34825,1.34914
2023-09-19 00:00:00+00:00,usdcad,1.34782,1.34887,1.34767,1.34872
2023-09-19 04:00:00+00:00,usdcad,1.34588,1.34842,1.34565,1.34781
2023-09-19 08:00:00+00:00,usdcad,1.34244,1.34593,1.34229,1.34589
2023-09-19 12:00:00+00:00,usdcad,1.34327,1.34346,1.33801,1.34243
2023-09-19 16:00:00+00:00,usdcad,1.34425,1.34479,1.34328,1.34328
2023-09-19 20:00:00+00:00,usdcad,1.34434,1.34495,1.34418,1.34426
2023-09-20 00:00:00+00:00,usdcad,1.34628,1.34651,1.34431,1.34435
2023-09-20 04:00:00+00:00,usdcad,1.34503,1.3463,1.34445,1.34629
2023-09-20 08:00:00+00:00,usdcad,1.34305,1.34526,1.34237,1.34504
2023-09-20 12:00:00+00:00,usdcad,1.34265,1.3439,1.33958,1.34304
2023-09-20 16:00:00+00:00,usdcad,1.34718,1.3473,1.34036,1.34264
2023-09-20 20:00:00+00:00,usdcad,1.34779,1.34786,1.345755,1.34719
2023-09-21 00:00:00+00:00,usdcad,1.34896,1.3501,1.34717,1.34778
2023-09-21 04:00:00+00:00,usdcad,1.34895,1.35015,1.34842,1.34895
2023-09-21 08:00:00+00:00,usdcad,1.35115,1.3515,1.34855,1.34896
2023-09-21 12:00:00+00:00,usdcad,1.34864,1.35239,1.34753,1.35114
2023-09-21 16:00:00+00:00,usdcad,1.34852,1.34887,1.34609,1.34863
2023-09-21 20:00:00+00:00,usdcad,1.3478,1.34891,1.34742,1.34851
2023-09-22 00:00:00+00:00,usdcad,1.34628,1.34815,1.34604,1.34779
2023-09-22 04:00:00+00:00,usdcad,1.34707,1.34843,1.34602,1.34629
2023-09-22 08:00:00+00:00,usdcad,1.34357,1.34753,1.34323,1.34706
2023-09-22 12:00:00+00:00,usdcad,1.34688,1.34734,1.34238,1.34356
2023-09-22 16:00:00+00:00,usdcad,1.34823,1.34918,1.34669,1.34689
2023-09-22 20:00:00+00:00,usdcad,1.3483,1.34836,1.34759,1.34822
2023-09-24 20:00:00+00:00,usdcad,1.34778,1.34814,1.34721,1.34743
2023-09-25 00:00:00+00:00,usdcad,1.34871,1.34898,1.34717,1.34779
2023-09-25 04:00:00+00:00,usdcad,1.34755,1.34898,1.34728,1.3487
2023-09-25 08:00:00+00:00,usdcad,1.34644,1.34882,1.34541,1.34754
2023-09-25 12:00:00+00:00,usdcad,1.34752,1.34919,1.34578,1.34643
2023-09-25 16:00:00+00:00,usdcad,1.34585,1.34782,1.34584,1.34753
2023-09-25 20:00:00+00:00,usdcad,1.3451,1.34589,1.34492,1.34584
2023-09-26 00:00:00+00:00,usdcad,1.34756,1.34807,1.345,1.34511
2023-09-26 04:00:00+00:00,usdcad,1.34966,1.34999,1.34737,1.34755
2023-09-26 08:00:00+00:00,usdcad,1.35089,1.3511,1.34779,1.34965
2023-09-26 12:00:00+00:00,usdcad,1.35098,1.35158,1.34867,1.3509
2023-09-26 16:00:00+00:00,usdcad,1.35179,1.35282,1.35052,1.35098
2023-09-26 20:00:00+00:00,usdcad,1.35201,1.35229,1.35118,1.3518
2023-09-27 00:00:00+00:00,usdcad,1.35197,1.35256,1.35015,1.352
2023-09-27 04:00:00+00:00,usdcad,1.35219,1.35259,1.35165,1.35198
2023-09-27 08:00:00+00:00,usdcad,1.35342,1.3538,1.35118,1.35218
2023-09-27 12:00:00+00:00,usdcad,1.35138,1.3536,1.35018,1.35341
2023-09-27 16:00:00+00:00,usdcad,1.35078,1.35433,1.34955,1.35137
2023-09-27 20:00:00+00:00,usdcad,1.35009,1.35107,1.34957,1.35077
2023-09-28 00:00:00+00:00,usdcad,1.34936,1.35024,1.34829,1.35008
2023-09-28 04:00:00+00:00,usdcad,1.3507,1.35081,1.3487,1.34937
2023-09-28 08:00:00+00:00,usdcad,1.34818,1.35141,1.34816,1.35071
2023-09-28 12:00:00+00:00,usdcad,1.34761,1.3505,1.34755,1.34817
2023-09-28 16:00:00+00:00,usdcad,1.34914,1.35164,1.34707,1.34762
2023-09-28 20:00:00+00:00,usdcad,1.34914,1.34954,1.34808,1.34913
2023-09-29 00:00:00+00:00,usdcad,1.34832,1.35071,1.34758,1.34915
2023-09-29 04:00:00+00:00,usdcad,1.34452,1.34841,1.34424,1.34831
2023-09-29 08:00:00+00:00,usdcad,1.34303,1.34526,1.34171,1.34451
2023-09-29 12:00:00+00:00,usdcad,1.35378,1.35406,1.34176,1.34304
2023-09-29 16:00:00+00:00,usdcad,1.35828,1.35842,1.35265,1.35374
2023-09-29 20:00:00+00:00,usdcad,1.35746,1.35849,1.35675,1.35826
2023-10-01 20:00:00+00:00,usdcad,1.35739,1.35818,1.35635,1.357155
2023-10-02 00:00:00+00:00,usdcad,1.3582,1.35824,1.35671,1.35738
2023-10-02 04:00:00+00:00,usdcad,1.35831,1.36008,1.35618,1.35819
2023-10-02 08:00:00+00:00,usdcad,1.36091,1.36132,1.35772,1.3583
2023-10-02 12:00:00+00:00,usdcad,1.36674,1.36758,1.36077,1.36092
2023-10-02 16:00:00+00:00,usdcad,1.36717,1.368,1.36557,1.36675
2023-10-02 20:00:00+00:00,usdcad,1.36765,1.36851,1.36674,1.36718
2023-10-03 00:00:00+00:00,usdcad,1.36935,1.36997,1.36762,1.36764
2023-10-03 04:00:00+00:00,usdcad,1.37042,1.37163,1.36902,1.36936
2023-10-03 08:00:00+00:00,usdcad,1.3718,1.37283,1.3686,1.37069
2023-10-03 12:00:00+00:00,usdcad,1.37228,1.37361,1.36828,1.37181
2023-10-03 16:00:00+00:00,usdcad,1.37087,1.37239,1.36982,1.37227
2023-10-03 20:00:00+00:00,usdcad,1.37098,1.37143,1.37041,1.37088
2023-10-04 00:00:00+00:00,usdcad,1.37148,1.372,1.36991,1.37099
2023-10-04 04:00:00+00:00,usdcad,1.37061,1.37243,1.36954,1.37147
2023-10-04 08:00:00+00:00,usdcad,1.37071,1.37157,1.36906,1.37062
2023-10-04 12:00:00+00:00,usdcad,1.37419,1.37798,1.3694,1.37072
2023-10-04 16:00:00+00:00,usdcad,1.37423,1.37614,1.37247,1.37416
2023-10-04 20:00:00+00:00,usdcad,1.37448,1.37502,1.374045,1.37424
2023-10-05 00:00:00+00:00,usdcad,1.37137,1.37556,1.3711,1.37449
2023-10-05 04:00:00+00:00,usdcad,1.3758,1.37592,1.37114,1.37138
2023-10-05 08:00:00+00:00,usdcad,1.37548,1.37856,1.37495,1.37581
2023-10-05 12:00:00+00:00,usdcad,1.3738,1.37625,1.37227,1.37547
2023-10-05 16:00:00+00:00,usdcad,1.371,1.37443,1.37059,1.37381
2023-10-05 20:00:00+00:00,usdcad,1.37074,1.37115,1.37037,1.37099
2023-10-06 00:00:00+00:00,usdcad,1.37096,1.37147,1.37031,1.37073
2023-10-06 04:00:00+00:00,usdcad,1.36962,1.37278,1.36961,1.37097
2023-10-06 08:00:00+00:00,usdcad,1.37176,1.37226,1.36961,1.36963
2023-10-06 12:00:00+00:00,usdcad,1.36578,1.3746,1.36523,1.37177
2023-10-06 16:00:00+00:00,usdcad,1.36641,1.36778,1.3644,1.36579
2023-10-06 20:00:00+00:00,usdcad,1.36633,1.36679,1.36612,1.3664
2023-10-08 20:00:00+00:00,usdcad,1.36626,1.367995,1.36611,1.36745
2023-10-09 00:00:00+00:00,usdcad,1.3661,1.36643,1.36402,1.36625
2023-10-09 04:00:00+00:00,usdcad,1.36716,1.36765,1.3644,1.36606
2023-10-09 08:00:00+00:00,usdcad,1.36596,1.36726,1.3654,1.36717
2023-10-09 12:00:00+00:00,usdcad,1.36185,1.36627,1.36128,1.36597
2023-10-09 16:00:00+00:00,usdcad,1.35823,1.36264,1.35813,1.36186
2023-10-09 20:00:00+00:00,usdcad,1.35809,1.35948,1.3579,1.35822
2023-10-10 00:00:00+00:00,usdcad,1.35797,1.35846,1.35695,1.35808
2023-10-10 04:00:00+00:00,usdcad,1.36087,1.36174,1.35793,1.35796
2023-10-10 08:00:00+00:00,usdcad,1.35991,1.36133,1.35779,1.36086
2023-10-10 12:00:00+00:00,usdcad,1.35796,1.36078,1.35778,1.3599
2023-10-10 16:00:00+00:00,usdcad,1.35796,1.36,1.35764,1.35797
2023-10-10 20:00:00+00:00,usdcad,1.35843,1.35859,1.35761,1.35795
2023-10-11 00:00:00+00:00,usdcad,1.35891,1.35951,1.35716,1.35842
2023-10-11 04:00:00+00:00,usdcad,1.35965,1.36011,1.35821,1.3589
2023-10-11 08:00:00+00:00,usdcad,1.36059,1.36068,1.3591,1.35964
2023-10-11 12:00:00+00:00,usdcad,1.36189,1.36196,1.35797,1.36058
2023-10-11 16:00:00+00:00,usdcad,1.3597,1.36238,1.35938,1.36188
2023-10-11 20:00:00+00:00,usdcad,1.35964,1.360245,1.3588,1.35971
2023-10-12 00:00:00+00:00,usdcad,1.35897,1.35973,1.35829,1.35965
2023-10-12 04:00:00+00:00,usdcad,1.35911,1.35946,1.35786,1.35898
2023-10-12 08:00:00+00:00,usdcad,1.35855,1.36002,1.35834,1.3591
2023-10-12 12:00:00+00:00,usdcad,1.36582,1.36687,1.35824,1.35854
2023-10-12 16:00:00+00:00,usdcad,1.36919,1.37008,1.36559,1.36581
2023-10-12 20:00:00+00:00,usdcad,1.36852,1.36945,1.36835,1.36918
2023-10-13 00:00:00+00:00,usdcad,1.36832,1.36876,1.36782,1.36851
2023-10-13 04:00:00+00:00,usdcad,1.36687,1.36891,1.36663,1.36834
2023-10-13 08:00:00+00:00,usdcad,1.36792,1.36886,1.36603,1.36688
2023-10-13 12:00:00+00:00,usdcad,1.36521,1.36829,1.36365,1.36791
2023-10-13 16:00:00+00:00,usdcad,1.36579,1.36711,1.36468,1.36518
2023-10-13 20:00:00+00:00,usdcad,1.36584,1.3665,1.36568,1.36578
2023-10-15 20:00:00+00:00,usdcad,1.36439,1.3659,1.36426,1.36589
2023-10-16 00:00:00+00:00,usdcad,1.36418,1.36541,1.36383,1.3644
2023-10-16 04:00:00+00:00,usdcad,1.36462,1.36538,1.36331,1.36416
2023-10-16 08:00:00+00:00,usdcad,1.36267,1.36557,1.36251,1.36463
2023-10-16 12:00:00+00:00,usdcad,1.36174,1.36382,1.36124,1.36266
2023-10-16 16:00:00+00:00,usdcad,1.36137,1.36214,1.36067,1.36173
2023-10-16 20:00:00+00:00,usdcad,1.36158,1.36175,1.36067,1.36138
2023-10-17 00:00:00+00:00,usdcad,1.36277,1.36326,1.36089,1.36157
2023-10-17 04:00:00+00:00,usdcad,1.36261,1.36351,1.3618,1.36278
2023-10-17 08:00:00+00:00,usdcad,1.36361,1.36447,1.36223,1.36264
2023-10-17 12:00:00+00:00,usdcad,1.36225,1.37032,1.36218,1.36362
2023-10-17 16:00:00+00:00,usdcad,1.36433,1.36585,1.3621,1.36226
2023-10-17 20:00:00+00:00,usdcad,1.36533,1.36546,1.3643,1.3643
2023-10-18 00:00:00+00:00,usdcad,1.36359,1.36585,1.36323,1.36534
2023-10-18 04:00:00+00:00,usdcad,1.36305,1.36404,1.36251,1.36358
2023-10-18 08:00:00+00:00,usdcad,1.36514,1.36532,1.36174,1.36306
2023-10-18 12:00:00+00:00,usdcad,1.3698,1.36995,1.36465,1.36513
2023-10-18 16:00:00+00:00,usdcad,1.37115,1.3715,1.36779,1.36978
2023-10-18 20:00:00+00:00,usdcad,1.37141,1.37167,1.37077,1.37113
2023-10-19 00:00:00+00:00,usdcad,1.37345,1.37358,1.37096,1.3714
2023-10-19 04:00:00+00:00,usdcad,1.37333,1.37372,1.37172,1.37344
2023-10-19 08:00:00+00:00,usdcad,1.37216,1.3741,1.37145,1.37334
2023-10-19 12:00:00+00:00,usdcad,1.37176,1.37358,1.3704,1.37218
2023-10-19 16:00:00+00:00,usdcad,1.37163,1.37325,1.36796,1.37175
2023-10-19 20:00:00+00:00,usdcad,1.37162,1.37246,1.37145,1.37162
2023-10-20 00:00:00+00:00,usdcad,1.37109,1.37344,1.37051,1.37165
2023-10-20 04:00:00+00:00,usdcad,1.37188,1.3729,1.37088,1.37108
2023-10-20 08:00:00+00:00,usdcad,1.36929,1.37204,1.3683,1.37187
2023-10-20 12:00:00+00:00,usdcad,1.36932,1.37094,1.36701,1.36931
2023-10-20 16:00:00+00:00,usdcad,1.37117,1.37119,1.36866,1.36931
2023-10-20 20:00:00+00:00,usdcad,1.371575,1.371575,1.37087,1.37118
2023-10-22 20:00:00+00:00,usdcad,1.37061,1.3718,1.36969,1.37104
2023-10-23 00:00:00+00:00,usdcad,1.37189,1.37199,1.37026,1.37059
2023-10-23 04:00:00+00:00,usdcad,1.37325,1.37336,1.3709,1.3719
2023-10-23 08:00:00+00:00,usdcad,1.37175,1.37367,1.37068,1.37322
2023-10-23 12:00:00+00:00,usdcad,1.36781,1.37352,1.36761,1.37176
2023-10-23 16:00:00+00:00,usdcad,1.36945,1.36981,1.36675,1.36782
2023-10-23 20:00:00+00:00,usdcad,1.36893,1.3695,1.368655,1.36946
2023-10-24 00:00:00+00:00,usdcad,1.36723,1.36926,1.36677,1.36891
2023-10-24 04:00:00+00:00,usdcad,1.36788,1.36822,1.36613,1.36725
2023-10-24 08:00:00+00:00,usdcad,1.36943,1.37017,1.36761,1.36785
2023-10-24 12:00:00+00:00,usdcad,1.37462,1.37548,1.36923,1.36941
2023-10-24 16:00:00+00:00,usdcad,1.3731,1.37527,1.3726,1.37461
2023-10-24 20:00:00+00:00,usdcad,1.37424,1.37446,1.37292,1.37314
2023-10-25 00:00:00+00:00,usdcad,1.37429,1.37465,1.37305,1.37423
2023-10-25 04:00:00+00:00,usdcad,1.37561,1.37666,1.37405,1.37428
2023-10-25 08:00:00+00:00,usdcad,1.37635,1.37838,1.37506,1.37563
2023-10-25 12:00:00+00:00,usdcad,1.37741,1.38102,1.37523,1.37634
2023-10-25 16:00:00+00:00,usdcad,1.37939,1.37998,1.37739,1.37742
2023-10-25 20:00:00+00:00,usdcad,1.38033,1.38072,1.37917,1.37937
2023-10-26 00:00:00+00:00,usdcad,1.38131,1.38186,1.37993,1.38037
2023-10-26 04:00:00+00:00,usdcad,1.38034,1.38201,1.38023,1.3813
2023-10-26 08:00:00+00:00,usdcad,1.38167,1.38177,1.379,1.38032
2023-10-26 12:00:00+00:00,usdcad,1.38322,1.38386,1.38056,1.38164
2023-10-26 16:00:00+00:00,usdcad,1.38306,1.38441,1.38127,1.38323
2023-10-26 20:00:00+00:00,usdcad,1.38171,1.38331,1.38162,1.38305
2023-10-27 00:00:00+00:00,usdcad,1.38097,1.38309,1.38046,1.38172
2023-10-27 04:00:00+00:00,usdcad,1.38124,1.38256,1.38039,1.38096
2023-10-27 08:00:00+00:00,usdcad,1.38293,1.38293,1.37964,1.38125
2023-10-27 12:00:00+00:00,usdcad,1.38679,1.3869,1.38165,1.38292
2023-10-27 16:00:00+00:00,usdcad,1.38709,1.38808,1.38619,1.38677
2023-10-27 20:00:00+00:00,usdcad,1.387525,1.38769,1.38693,1.38711
2023-10-29 20:00:00+00:00,usdcad,1.38641,1.38734,1.38602,1.38651
2023-10-30 00:00:00+00:00,usdcad,1.38604,1.38669,1.38504,1.3864
2023-10-30 04:00:00+00:00,usdcad,1.38564,1.38663,1.38524,1.38605
2023-10-30 08:00:00+00:00,usdcad,1.38332,1.38648,1.38266,1.38563
2023-10-30 12:00:00+00:00,usdcad,1.38279,1.38576,1.38135,1.3833
2023-10-30 16:00:00+00:00,usdcad,1.38235,1.3851,1.38168,1.3828
2023-10-30 20:00:00+00:00,usdcad,1.38304,1.38305,1.38214,1.38236
2023-10-31 00:00:00+00:00,usdcad,1.38464,1.38493,1.38275,1.38305
2023-10-31 04:00:00+00:00,usdcad,1.38367,1.38524,1.38282,1.38464
2023-10-31 08:00:00+00:00,usdcad,1.38296,1.38401,1.3814,1.38366
2023-10-31 12:00:00+00:00,usdcad,1.38805,1.38855,1.38247,1.38295
2023-10-31 16:00:00+00:00,usdcad,1.38685,1.38924,1.38616,1.38804
2023-10-31 20:00:00+00:00,usdcad,1.38786,1.38788,1.38648,1.38678
2023-11-01 00:00:00+00:00,usdcad,1.38792,1.38895,1.38738,1.38785
2023-11-01 04:00:00+00:00,usdcad,1.38775,1.38841,1.38637,1.38795
2023-11-01 08:00:00+00:00,usdcad,1.38795,1.38921,1.38744,1.38773
2023-11-01 12:00:00+00:00,usdcad,1.38823,1.38922,1.38414,1.38794
2023-11-01 16:00:00+00:00,usdcad,1.38626,1.3899,1.38597,1.38824
2023-11-01 20:00:00+00:00,usdcad,1.38351,1.38716,1.38351,1.3863
2023-11-02 00:00:00+00:00,usdcad,1.38306,1.38363,1.38247,1.38349
2023-11-02 04:00:00+00:00,usdcad,1.38399,1.38455,1.38304,1.38305
2023-11-02 08:00:00+00:00,usdcad,1.38059,1.38521,1.3802,1.384
2023-11-02 12:00:00+00:00,usdcad,1.37895,1.38176,1.37694,1.38061
2023-11-02 16:00:00+00:00,usdcad,1.37391,1.37959,1.37359,1.37896
2023-11-02 20:00:00+00:00,usdcad,1.37477,1.37493,1.37363,1.37386
2023-11-03 00:00:00+00:00,usdcad,1.37425,1.37606,1.37377,1.37476
2023-11-03 04:00:00+00:00,usdcad,1.37313,1.37429,1.37283,1.37427
2023-11-03 08:00:00+00:00,usdcad,1.37405,1.37555,1.37284,1.37314
2023-11-03 12:00:00+00:00,usdcad,1.36728,1.37443,1.36656,1.37404
2023-11-03 16:00:00+00:00,usdcad,1.36695,1.36863,1.36548,1.36725
2023-11-03 20:00:00+00:00,usdcad,1.36563,1.36714,1.36536,1.36696
2023-11-05 20:00:00+00:00,usdcad,1.36613,1.3665,1.36574,1.36595
2023-11-06 00:00:00+00:00,usdcad,1.36523,1.36671,1.36482,1.3661
2023-11-06 04:00:00+00:00,usdcad,1.36542,1.36563,1.36438,1.36522
2023-11-06 08:00:00+00:00,usdcad,1.3644,1.36557,1.36296,1.36546
2023-11-06 12:00:00+00:00,usdcad,1.36757,1.36846,1.36411,1.36437
2023-11-06 16:00:00+00:00,usdcad,1.36893,1.36936,1.36614,1.36758
2023-11-06 20:00:00+00:00,usdcad,1.36982,1.3703,1.36893,1.36894
2023-11-07 00:00:00+00:00,usdcad,1.37097,1.37125,1.36945,1.36981
2023-11-07 04:00:00+00:00,usdcad,1.3738,1.37411,1.37098,1.37098
2023-11-07 08:00:00+00:00,usdcad,1.37531,1.37603,1.37254,1.37379
2023-11-07 12:00:00+00:00,usdcad,1.375,1.37687,1.3736,1.37529
2023-11-07 16:00:00+00:00,usdcad,1.37609,1.37828,1.37462,1.37499
2023-11-07 20:00:00+00:00,usdcad,1.3769,1.37695,1.37538,1.3761
2023-11-08 00:00:00+00:00,usdcad,1.3771,1.37748,1.37551,1.37692
2023-11-08 04:00:00+00:00,usdcad,1.37711,1.37832,1.37677,1.37711
2023-11-08 08:00:00+00:00,usdcad,1.37732,1.37928,1.37682,1.3771
2023-11-08 12:00:00+00:00,usdcad,1.37994,1.38052,1.37732,1.37733
2023-11-08 16:00:00+00:00,usdcad,1.38027,1.38147,1.3793,1.37993
2023-11-08 20:00:00+00:00,usdcad,1.37908,1.38049,1.37908,1.38028
2023-11-09 00:00:00+00:00,usdcad,1.37926,1.37974,1.37832,1.37909
2023-11-09 04:00:00+00:00,usdcad,1.37911,1.37964,1.37824,1.37925
2023-11-09 08:00:00+00:00,usdcad,1.37878,1.38073,1.37827,1.37912
2023-11-09 12:00:00+00:00,usdcad,1.375,1.37919,1.37468,1.37877
2023-11-09 16:00:00+00:00,usdcad,1.38124,1.38165,1.37495,1.37502
2023-11-09 20:00:00+00:00,usdcad,1.38092,1.38155,1.380385,1.38122
2023-11-10 00:00:00+00:00,usdcad,1.38026,1.38149,1.37981,1.38097
2023-11-10 04:00:00+00:00,usdcad,1.37992,1.38041,1.37915,1.38027
2023-11-10 08:00:00+00:00,usdcad,1.38161,1.38185,1.37955,1.37993
2023-11-10 12:00:00+00:00,usdcad,1.38374,1.38549,1.38078,1.38162
2023-11-10 16:00:00+00:00,usdcad,1.38101,1.38401,1.3797,1.38373
2023-11-10 20:00:00+00:00,usdcad,1.37981,1.38114,1.37951,1.38102
2023-11-12 20:00:00+00:00,usdcad,1.37978,1.38021,1.37909,1.379625
2023-11-13 00:00:00+00:00,usdcad,1.38154,1.38198,1.37975,1.37979
2023-11-13 04:00:00+00:00,usdcad,1.3801,1.382,1.37988,1.38153
2023-11-13 08:00:00+00:00,usdcad,1.38084,1.38135,1.37955,1.38009
2023-11-13 12:00:00+00:00,usdcad,1.37996,1.3832,1.3799,1.38082
2023-11-13 16:00:00+00:00,usdcad,1.3798,1.38011,1.37775,1.37995
2023-11-13 20:00:00+00:00,usdcad,1.38016,1.38084,1.37964,1.37981
2023-11-14 00:00:00+00:00,usdcad,1.38118,1.3815,1.37995,1.38017
2023-11-14 04:00:00+00:00,usdcad,1.38144,1.38219,1.38096,1.38119
2023-11-14 08:00:00+00:00,usdcad,1.3836,1.38437,1.38083,1.38141
2023-11-14 12:00:00+00:00,usdcad,1.37261,1.38369,1.37222,1.38359
2023-11-14 16:00:00+00:00,usdcad,1.36968,1.3729,1.36964,1.3726
2023-11-14 20:00:00+00:00,usdcad,1.37,1.37,1.36846,1.36967
2023-11-15 00:00:00+00:00,usdcad,1.3685,1.37101,1.36846,1.37001
2023-11-15 04:00:00+00:00,usdcad,1.36853,1.36955,1.3678,1.36849
2023-11-15 08:00:00+00:00,usdcad,1.36788,1.37045,1.36771,1.36852
2023-11-15 12:00:00+00:00,usdcad,1.36604,1.36956,1.36549,1.36784
2023-11-15 16:00:00+00:00,usdcad,1.36827,1.36861,1.36556,1.36603
2023-11-15 20:00:00+00:00,usdcad,1.36839,1.36881,1.36801,1.36829
2023-11-16 00:00:00+00:00,usdcad,1.37084,1.37131,1.36778,1.36838
2023-11-16 04:00:00+00:00,usdcad,1.37037,1.37098,1.36901,1.37083
2023-11-16 08:00:00+00:00,usdcad,1.37059,1.37108,1.36868,1.37038
2023-11-16 12:00:00+00:00,usdcad,1.37422,1.37577,1.37057,1.3706
2023-11-16 16:00:00+00:00,usdcad,1.37614,1.37772,1.37388,1.3742
2023-11-16 20:00:00+00:00,usdcad,1.37528,1.37695,1.3751,1.37616
2023-11-17 00:00:00+00:00,usdcad,1.37499,1.37583,1.37476,1.37527
2023-11-17 04:00:00+00:00,usdcad,1.37632,1.37681,1.37486,1.37498
2023-11-17 08:00:00+00:00,usdcad,1.37273,1.37711,1.37198,1.37633
2023-11-17 12:00:00+00:00,usdcad,1.37283,1.37348,1.37083,1.37274
2023-11-17 16:00:00+00:00,usdcad,1.37187,1.37468,1.37106,1.37284
2023-11-17 20:00:00+00:00,usdcad,1.371765,1.37192,1.37099,1.37184
2023-11-20 00:00:00+00:00,usdcad,1.36992,1.37179,1.36976,1.37165
2023-11-20 04:00:00+00:00,usdcad,1.3707,1.37091,1.36901,1.36991
2023-11-20 08:00:00+00:00,usdcad,1.37186,1.37217,1.36995,1.37067
2023-11-20 12:00:00+00:00,usdcad,1.37301,1.37496,1.37089,1.37183
2023-11-20 16:00:00+00:00,usdcad,1.37231,1.37372,1.37124,1.37302
2023-11-20 20:00:00+00:00,usdcad,1.37269,1.37296,1.37203,1.37232
2023-11-21 00:00:00+00:00,usdcad,1.37093,1.37301,1.37052,1.37268
2023-11-21 04:00:00+00:00,usdcad,1.37242,1.37277,1.37052,1.37094
2023-11-21 08:00:00+00:00,usdcad,1.37132,1.37315,1.36997,1.37241
2023-11-21 12:00:00+00:00,usdcad,1.36901,1.37249,1.36827,1.3713
2023-11-21 16:00:00+00:00,usdcad,1.37002,1.37056,1.36813,1.369
2023-11-21 20:00:00+00:00,usdcad,1.37012,1.37044,1.36965,1.36999
2023-11-22 00:00:00+00:00,usdcad,1.37048,1.37061,1.36908,1.37013
2023-11-22 04:00:00+00:00,usdcad,1.37148,1.37258,1.37008,1.3705
2023-11-22 08:00:00+00:00,usdcad,1.3708,1.37285,1.36992,1.3715
2023-11-22 12:00:00+00:00,usdcad,1.37448,1.37656,1.3703,1.37081
2023-11-22 16:00:00+00:00,usdcad,1.37026,1.37466,1.36937,1.37449
2023-11-22 20:00:00+00:00,usdcad,1.36928,1.37045,1.36861,1.37027
2023-11-23 00:00:00+00:00,usdcad,1.36821,1.36934,1.36814,1.36929
2023-11-23 04:00:00+00:00,usdcad,1.36588,1.36844,1.3651,1.3682
2023-11-23 08:00:00+00:00,usdcad,1.36838,1.36898,1.36551,1.36587
2023-11-23 12:00:00+00:00,usdcad,1.36995,1.37113,1.36834,1.36837
2023-11-23 16:00:00+00:00,usdcad,1.36959,1.37029,1.36905,1.36994
2023-11-23 20:00:00+00:00,usdcad,1.36965,1.36999,1.36941,1.36956
2023-11-24 00:00:00+00:00,usdcad,1.37063,1.37118,1.36925,1.36964
2023-11-24 04:00:00+00:00,usdcad,1.36953,1.37084,1.36934,1.37065
2023-11-24 08:00:00+00:00,usdcad,1.36847,1.36991,1.36814,1.36952
2023-11-24 12:00:00+00:00,usdcad,1.36016,1.36884,1.35941,1.36846
2023-11-24 16:00:00+00:00,usdcad,1.36232,1.36487,1.3598,1.36015
2023-11-24 20:00:00+00:00,usdcad,1.36346,1.363605,1.361985,1.36232
2023-11-26 20:00:00+00:00,usdcad,1.36315,1.36397,1.36247,1.363925
2023-11-27 00:00:00+00:00,usdcad,1.36556,1.36603,1.36247,1.36317
2023-11-27 04:00:00+00:00,usdcad,1.36336,1.36612,1.36304,1.36557
2023-11-27 08:00:00+00:00,usdcad,1.36316,1.36592,1.36227,1.36337
2023-11-27 12:00:00+00:00,usdcad,1.3637,1.36537,1.36226,1.36317
2023-11-27 16:00:00+00:00,usdcad,1.36235,1.36458,1.36199,1.36369
2023-11-27 20:00:00+00:00,usdcad,1.36063,1.36282,1.36054,1.36236
2023-11-28 00:00:00+00:00,usdcad,1.36051,1.36115,1.35992,1.36064
2023-11-28 04:00:00+00:00,usdcad,1.35987,1.36084,1.35936,1.3605
2023-11-28 08:00:00+00:00,usdcad,1.35854,1.36078,1.35751,1.35986
2023-11-28 12:00:00+00:00,usdcad,1.35828,1.36137,1.35743,1.35855
2023-11-28 16:00:00+00:00,usdcad,1.35666,1.35914,1.35604,1.35827
2023-11-28 20:00:00+00:00,usdcad,1.35665,1.35813,1.35641,1.35667
2023-11-29 00:00:00+00:00,usdcad,1.35481,1.35682,1.35414,1.35663
2023-11-29 04:00:00+00:00,usdcad,1.35663,1.35669,1.35436,1.3548
2023-11-29 08:00:00+00:00,usdcad,1.35686,1.35945,1.3559,1.35659
2023-11-29 12:00:00+00:00,usdcad,1.35898,1.36129,1.3566,1.35685
2023-11-29 16:00:00+00:00,usdcad,1.35846,1.36153,1.35716,1.35897
2023-11-29 20:00:00+00:00,usdcad,1.35927,1.35997,1.35838,1.35847
2023-11-30 00:00:00+00:00,usdcad,1.3579,1.35943,1.35775,1.35926
2023-11-30 04:00:00+00:00,usdcad,1.35857,1.36004,1.35675,1.35792
2023-11-30 08:00:00+00:00,usdcad,1.36104,1.362,1.35765,1.35859
2023-11-30 12:00:00+00:00,usdcad,1.35641,1.36268,1.35524,1.36101
2023-11-30 16:00:00+00:00,usdcad,1.35675,1.35897,1.35541,1.35642
2023-11-30 20:00:00+00:00,usdcad,1.35572,1.35762,1.35568,1.35676
2023-12-01 00:00:00+00:00,usdcad,1.35448,1.35575,1.35347,1.35573
2023-12-01 04:00:00+00:00,usdcad,1.35411,1.35503,1.35375,1.35447
2023-12-01 08:00:00+00:00,usdcad,1.35224,1.3541,1.35178,1.3541
2023-12-01 12:00:00+00:00,usdcad,1.35153,1.35512,1.34953,1.35225
2023-12-01 16:00:00+00:00,usdcad,1.34937,1.35211,1.34874,1.35154
2023-12-01 20:00:00+00:00,usdcad,1.34971,1.34995,1.34923,1.34939
2023-12-03 20:00:00+00:00,usdcad,1.349,1.35025,1.34804,1.350245
2023-12-04 00:00:00+00:00,usdcad,1.35177,1.35177,1.34867,1.34899
2023-12-04 04:00:00+00:00,usdcad,1.35369,1.35379,1.35153,1.35179
2023-12-04 08:00:00+00:00,usdcad,1.35398,1.35516,1.35332,1.35368
2023-12-04 12:00:00+00:00,usdcad,1.35385,1.35623,1.35177,1.35396
2023-12-04 16:00:00+00:00,usdcad,1.35425,1.35548,1.35287,1.35384
2023-12-04 20:00:00+00:00,usdcad,1.354,1.35527,1.353405,1.35426
2023-12-05 00:00:00+00:00,usdcad,1.35592,1.3566,1.35368,1.35401
2023-12-05 04:00:00+00:00,usdcad,1.35668,1.35681,1.35549,1.35593
2023-12-05 08:00:00+00:00,usdcad,1.35714,1.35721,1.35498,1.35667
2023-12-05 12:00:00+00:00,usdcad,1.35603,1.35919,1.356,1.35713
2023-12-05 16:00:00+00:00,usdcad,1.35873,1.35882,1.35564,1.35602
2023-12-05 20:00:00+00:00,usdcad,1.35923,1.3595,1.35852,1.35874
2023-12-06 00:00:00+00:00,usdcad,1.35705,1.35923,1.35683,1.35922
2023-12-06 04:00:00+00:00,usdcad,1.35655,1.35796,1.3559,1.35706
2023-12-06 08:00:00+00:00,usdcad,1.35748,1.3589,1.35593,1.35654
2023-12-06 12:00:00+00:00,usdcad,1.35641,1.35771,1.35489,1.35747
2023-12-06 16:00:00+00:00,usdcad,1.35877,1.35899,1.35607,1.3564
2023-12-06 20:00:00+00:00,usdcad,1.35923,1.35966,1.35856,1.35876
2023-12-07 00:00:00+00:00,usdcad,1.36057,1.3608,1.35893,1.35922
2023-12-07 04:00:00+00:00,usdcad,1.35866,1.36081,1.35848,1.36058
2023-12-07 08:00:00+00:00,usdcad,1.35944,1.35999,1.35839,1.35864
2023-12-07 12:00:00+00:00,usdcad,1.36013,1.36194,1.35867,1.35943
2023-12-07 16:00:00+00:00,usdcad,1.35932,1.36109,1.35839,1.36014
2023-12-07 20:00:00+00:00,usdcad,1.3597,1.36038,1.35876,1.35933
2023-12-08 00:00:00+00:00,usdcad,1.35741,1.35984,1.35715,1.35969
2023-12-08 04:00:00+00:00,usdcad,1.35882,1.35919,1.35716,1.35742
2023-12-08 08:00:00+00:00,usdcad,1.3582,1.35933,1.35648,1.3588
2023-12-08 12:00:00+00:00,usdcad,1.35827,1.3608,1.35507,1.35821
2023-12-08 16:00:00+00:00,usdcad,1.35843,1.36099,1.35756,1.35829
2023-12-08 20:00:00+00:00,usdcad,1.35837,1.359115,1.35823,1.35844
2023-12-10 20:00:00+00:00,usdcad,1.35817,1.35891,1.35804,1.358465
2023-12-11 00:00:00+00:00,usdcad,1.36,1.36007,1.35793,1.35816
2023-12-11 04:00:00+00:00,usdcad,1.35921,1.36049,1.35826,1.36001
2023-12-11 08:00:00+00:00,usdcad,1.3592,1.35993,1.35808,1.3592
2023-12-11 12:00:00+00:00,usdcad,1.35646,1.35919,1.35504,1.35919
2023-12-11 16:00:00+00:00,usdcad,1.35704,1.35891,1.35632,1.35647
2023-12-11 20:00:00+00:00,usdcad,1.35788,1.35797,1.35685,1.35703
2023-12-12 00:00:00+00:00,usdcad,1.35566,1.35788,1.35554,1.35787
2023-12-12 04:00:00+00:00,usdcad,1.35556,1.35603,1.35489,1.35565
2023-12-12 08:00:00+00:00,usdcad,1.3566,1.35737,1.35557,1.35558
2023-12-12 12:00:00+00:00,usdcad,1.36016,1.36172,1.35453,1.35661
2023-12-12 16:00:00+00:00,usdcad,1.35959,1.36186,1.35949,1.36015
2023-12-12 20:00:00+00:00,usdcad,1.35858,1.35963,1.35852,1.35961
2023-12-13 00:00:00+00:00,usdcad,1.35959,1.36,1.35853,1.35857
2023-12-13 04:00:00+00:00,usdcad,1.35997,1.3606,1.35909,1.3596
2023-12-13 08:00:00+00:00,usdcad,1.35887,1.36085,1.35854,1.35998
2023-12-13 12:00:00+00:00,usdcad,1.35739,1.359,1.35505,1.35884
2023-12-13 16:00:00+00:00,usdcad,1.35027,1.35917,1.34995,1.3574
2023-12-13 20:00:00+00:00,usdcad,1.35104,1.35195,1.34952,1.35026
2023-12-14 00:00:00+00:00,usdcad,1.34629,1.35103,1.34566,1.35103
2023-12-14 04:00:00+00:00,usdcad,1.34754,1.34818,1.34594,1.3463
2023-12-14 08:00:00+00:00,usdcad,1.34458,1.3478,1.34443,1.34755
2023-12-14 12:00:00+00:00,usdcad,1.34215,1.34516,1.34152,1.34456
2023-12-14 16:00:00+00:00,usdcad,1.34093,1.3426,1.33943,1.34216
2023-12-14 20:00:00+00:00,usdcad,1.3405,1.34145,1.34031,1.34097
2023-12-15 00:00:00+00:00,usdcad,1.33895,1.3415,1.33885,1.34048
2023-12-15 04:00:00+00:00,usdcad,1.33882,1.34003,1.33842,1.33896
2023-12-15 08:00:00+00:00,usdcad,1.33804,1.3389,1.33736,1.33888
2023-12-15 12:00:00+00:00,usdcad,1.33715,1.34038,1.33682,1.33805
2023-12-15 16:00:00+00:00,usdcad,1.33705,1.33837,1.33504,1.33713
2023-12-15 20:00:00+00:00,usdcad,1.33801,1.33811,1.33645,1.33707
2023-12-17 20:00:00+00:00,usdcad,1.33822,1.33822,1.33709,1.337325
2023-12-18 00:00:00+00:00,usdcad,1.33787,1.33888,1.3374,1.3382
2023-12-18 04:00:00+00:00,usdcad,1.33813,1.33821,1.33692,1.33786
2023-12-18 08:00:00+00:00,usdcad,1.33632,1.33843,1.33627,1.33809
2023-12-18 12:00:00+00:00,usdcad,1.33966,1.34036,1.335,1.33631
2023-12-18 16:00:00+00:00,usdcad,1.33923,1.34094,1.33855,1.33965
2023-12-18 20:00:00+00:00,usdcad,1.33984,1.34017,1.33918,1.33925
2023-12-19 00:00:00+00:00,usdcad,1.33929,1.34002,1.33885,1.33985
2023-12-19 04:00:00+00:00,usdcad,1.33968,1.34006,1.33889,1.3393
2023-12-19 08:00:00+00:00,usdcad,1.33895,1.33969,1.33811,1.33969
2023-12-19 12:00:00+00:00,usdcad,1.33401,1.33897,1.33343,1.33894
2023-12-19 16:00:00+00:00,usdcad,1.3336,1.33505,1.33333,1.33403
2023-12-19 20:00:00+00:00,usdcad,1.33391,1.33435,1.33325,1.33359
2023-12-20 00:00:00+00:00,usdcad,1.33466,1.33488,1.33381,1.3339
2023-12-20 04:00:00+00:00,usdcad,1.33453,1.33535,1.33425,1.33465
2023-12-20 08:00:00+00:00,usdcad,1.33393,1.3346,1.33258,1.33452
2023-12-20 12:00:00+00:00,usdcad,1.33203,1.33509,1.33195,1.33394
2023-12-20 16:00:00+00:00,usdcad,1.33419,1.33453,1.33119,1.33204
2023-12-20 20:00:00+00:00,usdcad,1.336,1.33707,1.33418,1.33418
2023-12-21 00:00:00+00:00,usdcad,1.33565,1.33604,1.33507,1.33601
2023-12-21 04:00:00+00:00,usdcad,1.33536,1.33601,1.3348,1.33566
2023-12-21 08:00:00+00:00,usdcad,1.33409,1.33583,1.33394,1.33535
2023-12-21 12:00:00+00:00,usdcad,1.33079,1.33555,1.33044,1.3341
2023-12-21 16:00:00+00:00,usdcad,1.32908,1.33233,1.32864,1.33078
2023-12-21 20:00:00+00:00,usdcad,1.32847,1.32961,1.32762,1.3291
2023-12-22 00:00:00+00:00,usdcad,1.32887,1.32895,1.32771,1.32846
2023-12-22 04:00:00+00:00,usdcad,1.32788,1.3293,1.32783,1.32886
2023-12-22 08:00:00+00:00,usdcad,1.32716,1.32807,1.32701,1.32787
2023-12-22 12:00:00+00:00,usdcad,1.32677,1.3292,1.32195,1.32717
2023-12-22 16:00:00+00:00,usdcad,1.32599,1.32854,1.32535,1.32676
2023-12-22 20:00:00+00:00,usdcad,1.32694,1.32694,1.32561,1.32598
2023-12-25 20:00:00+00:00,usdcad,1.32527,1.32581,1.32515,1.32567
2023-12-26 00:00:00+00:00,usdcad,1.3252,1.32621,1.32517,1.32528
2023-12-26 04:00:00+00:00,usdcad,1.32511,1.32553,1.32456,1.32521
2023-12-26 08:00:00+00:00,usdcad,1.32486,1.32622,1.32472,1.3251
2023-12-26 12:00:00+00:00,usdcad,1.32079,1.32499,1.32016,1.32485
2023-12-26 16:00:00+00:00,usdcad,1.32017,1.32156,1.32015,1.3208
2023-12-26 20:00:00+00:00,usdcad,1.31972,1.32048,1.31933,1.3202
2023-12-27 00:00:00+00:00,usdcad,1.31954,1.32102,1.31936,1.31973
2023-12-27 04:00:00+00:00,usdcad,1.31962,1.31964,1.3185,1.31955
2023-12-27 08:00:00+00:00,usdcad,1.31987,1.32091,1.31902,1.31963
2023-12-27 12:00:00+00:00,usdcad,1.3205,1.32103,1.31775,1.31988
2023-12-27 16:00:00+00:00,usdcad,1.3213,1.32197,1.31915,1.32051
2023-12-27 20:00:00+00:00,usdcad,1.32058,1.32165,1.32022,1.32131
2023-12-28 00:00:00+00:00,usdcad,1.3197,1.32061,1.31928,1.32059
2023-12-28 04:00:00+00:00,usdcad,1.31913,1.3206,1.31911,1.31971
2023-12-28 08:00:00+00:00,usdcad,1.32184,1.32255,1.31888,1.31912
2023-12-28 12:00:00+00:00,usdcad,1.31867,1.32325,1.31855,1.32185
2023-12-28 16:00:00+00:00,usdcad,1.32307,1.32356,1.31827,1.31866
2023-12-28 20:00:00+00:00,usdcad,1.32311,1.32331,1.32232,1.32306
2023-12-29 00:00:00+00:00,usdcad,1.32271,1.32322,1.32229,1.3231
2023-12-29 04:00:00+00:00,usdcad,1.32395,1.32422,1.32241,1.3227
2023-12-29 08:00:00+00:00,usdcad,1.32545,1.32643,1.32356,1.32392
2023-12-29 12:00:00+00:00,usdcad,1.3186,1.32653,1.31802,1.32544
2023-12-29 16:00:00+00:00,usdcad,1.32388,1.32514,1.31782,1.31862
2023-12-29 20:00:00+00:00,usdcad,1.32509,1.32566,1.32286,1.32389
2024-01-01 20:00:00+00:00,usdcad,1.32449,1.32542,1.32408,1.32474
2024-01-02 00:00:00+00:00,usdcad,1.3256,1.32568,1.32291,1.32448
2024-01-02 04:00:00+00:00,usdcad,1.32513,1.32579,1.32365,1.32559
2024-01-02 08:00:00+00:00,usdcad,1.3268,1.32712,1.32289,1.32512
2024-01-02 12:00:00+00:00,usdcad,1.33128,1.33292,1.32671,1.32681
2024-01-02 16:00:00+00:00,usdcad,1.33271,1.33332,1.33007,1.33129
2024-01-02 20:00:00+00:00,usdcad,1.33223,1.33341,1.33202,1.3327
2024-01-03 00:00:00+00:00,usdcad,1.33258,1.33322,1.3318,1.33224
2024-01-03 04:00:00+00:00,usdcad,1.33248,1.33342,1.33218,1.33259
2024-01-03 08:00:00+00:00,usdcad,1.33438,1.33465,1.33231,1.33247
2024-01-03 12:00:00+00:00,usdcad,1.33512,1.33679,1.33374,1.33436
2024-01-03 16:00:00+00:00,usdcad,1.33559,1.33721,1.33436,1.33509
2024-01-03 20:00:00+00:00,usdcad,1.33487,1.33589,1.3348,1.33558
2024-01-04 00:00:00+00:00,usdcad,1.33389,1.33552,1.33374,1.33488
2024-01-04 04:00:00+00:00,usdcad,1.33203,1.33438,1.33179,1.33388
2024-01-04 08:00:00+00:00,usdcad,1.33379,1.3339,1.33173,1.33202
2024-01-04 12:00:00+00:00,usdcad,1.3354,1.33661,1.33294,1.33378
2024-01-04 16:00:00+00:00,usdcad,1.33566,1.33636,1.33479,1.33541
2024-01-04 20:00:00+00:00,usdcad,1.33567,1.335895,1.33464,1.33567
2024-01-05 00:00:00+00:00,usdcad,1.33612,1.33624,1.33467,1.33565
2024-01-05 04:00:00+00:00,usdcad,1.33614,1.33724,1.33554,1.33613
2024-01-05 08:00:00+00:00,usdcad,1.3373,1.338,1.33557,1.33615
2024-01-05 12:00:00+00:00,usdcad,1.33235,1.33993,1.32877,1.33731
2024-01-05 16:00:00+00:00,usdcad,1.3362,1.33673,1.33156,1.33237
2024-01-05 20:00:00+00:00,usdcad,1.336,1.33687,1.33597,1.33621
2024-01-07 20:00:00+00:00,usdcad,1.33604,1.33658,1.3354,1.3354
2024-01-08 00:00:00+00:00,usdcad,1.33705,1.33726,1.33452,1.33605
2024-01-08 04:00:00+00:00,usdcad,1.33759,1.33794,1.33595,1.33706
2024-01-08 08:00:00+00:00,usdcad,1.3389,1.33947,1.3376,1.33761
2024-01-08 12:00:00+00:00,usdcad,1.33737,1.34051,1.33719,1.33889
2024-01-08 16:00:00+00:00,usdcad,1.33514,1.33766,1.33495,1.33735
2024-01-08 20:00:00+00:00,usdcad,1.33514,1.33581,1.334615,1.33513
2024-01-09 00:00:00+00:00,usdcad,1.33489,1.33539,1.33409,1.33515
2024-01-09 04:00:00+00:00,usdcad,1.33552,1.33654,1.33484,1.33488
2024-01-09 08:00:00+00:00,usdcad,1.33747,1.33785,1.33499,1.33553
2024-01-09 12:00:00+00:00,usdcad,1.34025,1.34148,1.33527,1.33748
2024-01-09 16:00:00+00:00,usdcad,1.33954,1.3406,1.33842,1.34026
2024-01-09 20:00:00+00:00,usdcad,1.33901,1.34019,1.33881,1.33955
2024-01-10 00:00:00+00:00,usdcad,1.3383,1.339,1.33776,1.339
2024-01-10 04:00:00+00:00,usdcad,1.33855,1.33949,1.33808,1.33832
2024-01-10 08:00:00+00:00,usdcad,1.3375,1.33908,1.33655,1.33854
2024-01-10 12:00:00+00:00,usdcad,1.33806,1.33901,1.33672,1.33751
2024-01-10 16:00:00+00:00,usdcad,1.33777,1.33911,1.3377,1.33805
2024-01-10 20:00:00+00:00,usdcad,1.33804,1.33852,1.33763,1.33775
2024-01-11 00:00:00+00:00,usdcad,1.33607,1.33806,1.33575,1.33803
2024-01-11 04:00:00+00:00,usdcad,1.33654,1.33665,1.33559,1.33609
2024-01-11 08:00:00+00:00,usdcad,1.3365,1.33771,1.33626,1.33655
2024-01-11 12:00:00+00:00,usdcad,1.34296,1.34305,1.33511,1.33649
2024-01-11 16:00:00+00:00,usdcad,1.33964,1.34432,1.33944,1.34295
2024-01-11 20:00:00+00:00,usdcad,1.33791,1.34091,1.33788,1.33961
2024-01-12 00:00:00+00:00,usdcad,1.33766,1.33847,1.33707,1.3379
2024-01-12 04:00:00+00:00,usdcad,1.33767,1.33864,1.33737,1.33767
2024-01-12 08:00:00+00:00,usdcad,1.33771,1.33847,1.3348,1.33766
2024-01-12 12:00:00+00:00,usdcad,1.33861,1.33872,1.33435,1.33772
2024-01-12 16:00:00+00:00,usdcad,1.34049,1.34119,1.33775,1.33862
2024-01-12 20:00:00+00:00,usdcad,1.340675,1.34094,1.34012,1.34048
2024-01-14 20:00:00+00:00,usdcad,1.34071,1.34128,1.34018,1.340695
2024-01-15 00:00:00+00:00,usdcad,1.33886,1.34147,1.33824,1.3407
2024-01-15 04:00:00+00:00,usdcad,1.34103,1.34126,1.33887,1.33887
2024-01-15 08:00:00+00:00,usdcad,1.34162,1.34255,1.34026,1.34102
2024-01-15 12:00:00+00:00,usdcad,1.34361,1.34433,1.341,1.34165
2024-01-15 16:00:00+00:00,usdcad,1.34359,1.34484,1.34334,1.3436
2024-01-15 20:00:00+00:00,usdcad,1.34363,1.34365,1.34242,1.34358
2024-01-16 00:00:00+00:00,usdcad,1.34735,1.34745,1.34361,1.34364
2024-01-16 04:00:00+00:00,usdcad,1.34819,1.34846,1.34684,1.34736
2024-01-16 08:00:00+00:00,usdcad,1.34869,1.35006,1.34813,1.34821
2024-01-16 12:00:00+00:00,usdcad,1.34747,1.34944,1.34451,1.34868
2024-01-16 16:00:00+00:00,usdcad,1.34938,1.3502,1.34572,1.34742
2024-01-16 20:00:00+00:00,usdcad,1.34899,1.3502,1.34894,1.34939
2024-01-17 00:00:00+00:00,usdcad,1.35,1.35007,1.34805,1.34898
2024-01-17 04:00:00+00:00,usdcad,1.35179,1.35225,1.34946,1.35001
2024-01-17 08:00:00+00:00,usdcad,1.35256,1.35307,1.35123,1.3518
2024-01-17 12:00:00+00:00,usdcad,1.35189,1.35419,1.35048,1.35255
2024-01-17 16:00:00+00:00,usdcad,1.35186,1.35358,1.35116,1.35187
2024-01-17 20:00:00+00:00,usdcad,1.35022,1.35268,1.35021,1.35187
2024-01-18 00:00:00+00:00,usdcad,1.34934,1.35082,1.34838,1.35023
2024-01-18 04:00:00+00:00,usdcad,1.34923,1.34976,1.34808,1.34935
2024-01-18 08:00:00+00:00,usdcad,1.34894,1.3504,1.3483,1.34925
2024-01-18 12:00:00+00:00,usdcad,1.35143,1.35282,1.34829,1.34893
2024-01-18 16:00:00+00:00,usdcad,1.35041,1.3518,1.34898,1.35141
2024-01-18 20:00:00+00:00,usdcad,1.34857,1.35042,1.3485,1.35042
2024-01-19 00:00:00+00:00,usdcad,1.34863,1.34931,1.3482,1.34858
2024-01-19 04:00:00+00:00,usdcad,1.34872,1.35023,1.34831,1.34861
2024-01-19 08:00:00+00:00,usdcad,1.34709,1.34923,1.34634,1.34873
2024-01-19 12:00:00+00:00,usdcad,1.3464,1.34944,1.34548,1.3471
2024-01-19 16:00:00+00:00,usdcad,1.34349,1.34789,1.34348,1.34641
2024-01-19 20:00:00+00:00,usdcad,1.34288,1.34373,1.34275,1.3435
2024-01-21 20:00:00+00:00,usdcad,1.34324,1.343905,1.34297,1.343325
2024-01-22 00:00:00+00:00,usdcad,1.34352,1.34374,1.34215,1.34325
2024-01-22 04:00:00+00:00,usdcad,1.34339,1.34449,1.34312,1.3435
2024-01-22 08:00:00+00:00,usdcad,1.34185,1.34385,1.34175,1.3434
2024-01-22 12:00:00+00:00,usdcad,1.3446,1.34488,1.34151,1.34186
2024-01-22 16:00:00+00:00,usdcad,1.34744,1.34754,1.34458,1.34461
2024-01-22 20:00:00+00:00,usdcad,1.34786,1.34837,1.34743,1.34743
2024-01-23 00:00:00+00:00,usdcad,1.34674,1.34863,1.34647,1.34785
2024-01-23 04:00:00+00:00,usdcad,1.34683,1.34703,1.34534,1.34675
2024-01-23 08:00:00+00:00,usdcad,1.34781,1.34831,1.34644,1.34682
2024-01-23 12:00:00+00:00,usdcad,1.34818,1.34912,1.34647,1.3478
2024-01-23 16:00:00+00:00,usdcad,1.34684,1.34921,1.34653,1.34817
2024-01-23 20:00:00+00:00,usdcad,1.34569,1.34701,1.34563,1.34683
2024-01-24 00:00:00+00:00,usdcad,1.34753,1.34776,1.34568,1.34568
2024-01-24 04:00:00+00:00,usdcad,1.34544,1.34776,1.34513,1.34754
2024-01-24 08:00:00+00:00,usdcad,1.345,1.34571,1.34383,1.34543
2024-01-24 12:00:00+00:00,usdcad,1.34867,1.34926,1.34302,1.34501
2024-01-24 16:00:00+00:00,usdcad,1.35149,1.35239,1.34737,1.34866
2024-01-24 20:00:00+00:00,usdcad,1.35259,1.35285,1.35148,1.3515
2024-01-25 00:00:00+00:00,usdcad,1.35193,1.35348,1.35151,1.3526
2024-01-25 04:00:00+00:00,usdcad,1.35212,1.35252,1.3515,1.35194
2024-01-25 08:00:00+00:00,usdcad,1.35072,1.353,1.35014,1.35211
2024-01-25 12:00:00+00:00,usdcad,1.35014,1.35201,1.34859,1.35071
2024-01-25 16:00:00+00:00,usdcad,1.34798,1.35068,1.34781,1.35015
2024-01-25 20:00:00+00:00,usdcad,1.34804,1.34848,1.34686,1.34799
2024-01-26 00:00:00+00:00,usdcad,1.34676,1.34828,1.3466,1.34803
2024-01-26 04:00:00+00:00,usdcad,1.34739,1.34834,1.34635,1.34675
2024-01-26 08:00:00+00:00,usdcad,1.34451,1.34771,1.34427,1.34737
2024-01-26 12:00:00+00:00,usdcad,1.34465,1.34592,1.34147,1.3445
2024-01-26 16:00:00+00:00,usdcad,1.34477,1.34678,1.34441,1.34466
2024-01-26 20:00:00+00:00,usdcad,1.34527,1.345355,1.34437,1.34476
2024-01-28 20:00:00+00:00,usdcad,1.3456,1.34615,1.34454,1.3457
2024-01-29 00:00:00+00:00,usdcad,1.34489,1.34591,1.34466,1.34561
2024-01-29 04:00:00+00:00,usdcad,1.34357,1.34524,1.34319,1.34488
2024-01-29 08:00:00+00:00,usdcad,1.34331,1.34423,1.34297,1.34356
2024-01-29 12:00:00+00:00,usdcad,1.34525,1.34652,1.34258,1.3433
2024-01-29 16:00:00+00:00,usdcad,1.3432,1.34563,1.34304,1.34524
2024-01-29 20:00:00+00:00,usdcad,1.34121,1.34319,1.3409,1.34317
2024-01-30 00:00:00+00:00,usdcad,1.34102,1.3412,1.34022,1.3412
2024-01-30 04:00:00+00:00,usdcad,1.34072,1.34156,1.34018,1.34103
2024-01-30 08:00:00+00:00,usdcad,1.34111,1.34131,1.33992,1.34071
2024-01-30 12:00:00+00:00,usdcad,1.34303,1.34465,1.341,1.34112
2024-01-30 16:00:00+00:00,usdcad,1.33992,1.34352,1.33991,1.34305
2024-01-30 20:00:00+00:00,usdcad,1.3402,1.340445,1.33959,1.33993
2024-01-31 00:00:00+00:00,usdcad,1.34213,1.34238,1.33977,1.34019
2024-01-31 04:00:00+00:00,usdcad,1.34171,1.34224,1.34142,1.34214
2024-01-31 08:00:00+00:00,usdcad,1.34299,1.3432,1.34103,1.3417
2024-01-31 12:00:00+00:00,usdcad,1.33599,1.34375,1.33589,1.34298
2024-01-31 16:00:00+00:00,usdcad,1.34017,1.34159,1.33588,1.336
2024-01-31 20:00:00+00:00,usdcad,1.34324,1.34465,1.34006,1.34014
2024-02-01 00:00:00+00:00,usdcad,1.34303,1.34387,1.34203,1.34325
2024-02-01 04:00:00+00:00,usdcad,1.34594,1.34646,1.34297,1.34302
2024-02-01 08:00:00+00:00,usdcad,1.34469,1.34628,1.34445,1.34595
2024-02-01 12:00:00+00:00,usdcad,1.34138,1.3457,1.34123,1.3447
2024-02-01 16:00:00+00:00,usdcad,1.33861,1.3414,1.33679,1.34139
2024-02-01 20:00:00+00:00,usdcad,1.33849,1.33927,1.33808,1.3386
2024-02-02 00:00:00+00:00,usdcad,1.33754,1.3385,1.33698,1.3385
2024-02-02 04:00:00+00:00,usdcad,1.33808,1.33821,1.33724,1.33755
2024-02-02 08:00:00+00:00,usdcad,1.33761,1.33819,1.33661,1.33809
2024-02-02 12:00:00+00:00,usdcad,1.34524,1.34758,1.33687,1.3376
2024-02-02 16:00:00+00:00,usdcad,1.34616,1.34747,1.3451,1.34522
2024-02-02 20:00:00+00:00,usdcad,1.346705,1.34675,1.34546,1.34615
2024-02-04 20:00:00+00:00,usdcad,1.34709,1.34755,1.34605,1.346285
2024-02-05 00:00:00+00:00,usdcad,1.34758,1.34893,1.34669,1.34708
2024-02-05 04:00:00+00:00,usdcad,1.34787,1.3479,1.34671,1.34759
2024-02-05 08:00:00+00:00,usdcad,1.34888,1.34926,1.34723,1.34785
2024-02-05 12:00:00+00:00,usdcad,1.35379,1.35441,1.34873,1.34889
2024-02-05 16:00:00+00:00,usdcad,1.35354,1.35441,1.35225,1.35377
2024-02-05 20:00:00+00:00,usdcad,1.35437,1.35442,1.353485,1.35352
2024-02-06 00:00:00+00:00,usdcad,1.35217,1.35438,1.35176,1.35436
2024-02-06 04:00:00+00:00,usdcad,1.35152,1.35236,1.35058,1.35218
2024-02-06 08:00:00+00:00,usdcad,1.35261,1.35421,1.35131,1.35153
2024-02-06 12:00:00+00:00,usdcad,1.35236,1.3543,1.35146,1.35262
2024-02-06 16:00:00+00:00,usdcad,1.3484,1.35247,1.34766,1.35235
2024-02-06 20:00:00+00:00,usdcad,1.349,1.34942,1.34803,1.34841
2024-02-07 00:00:00+00:00,usdcad,1.34837,1.34926,1.34745,1.34901
2024-02-07 04:00:00+00:00,usdcad,1.34814,1.349,1.34767,1.34836
2024-02-07 08:00:00+00:00,usdcad,1.34766,1.34892,1.34701,1.34816
2024-02-07 12:00:00+00:00,usdcad,1.34684,1.34813,1.34551,1.34767
2024-02-07 16:00:00+00:00,usdcad,1.34662,1.34795,1.346,1.34683
2024-02-07 20:00:00+00:00,usdcad,1.3463,1.34686,1.34589,1.34664
2024-02-08 00:00:00+00:00,usdcad,1.34536,1.34633,1.34488,1.34629
2024-02-08 04:00:00+00:00,usdcad,1.34566,1.34598,1.3448,1.34535
2024-02-08 08:00:00+00:00,usdcad,1.34767,1.34822,1.34554,1.34564
2024-02-08 12:00:00+00:00,usdcad,1.34641,1.34931,1.3464,1.34768
2024-02-08 16:00:00+00:00,usdcad,1.3457,1.34747,1.34525,1.3464
2024-02-08 20:00:00+00:00,usdcad,1.34605,1.34634,1.34524,1.34569
2024-02-09 00:00:00+00:00,usdcad,1.34634,1.34645,1.34586,1.34606
2024-02-09 04:00:00+00:00,usdcad,1.34597,1.34661,1.34549,1.34633
2024-02-09 08:00:00+00:00,usdcad,1.34531,1.34645,1.345,1.34598
2024-02-09 12:00:00+00:00,usdcad,1.34616,1.34622,1.34132,1.3453
2024-02-09 16:00:00+00:00,usdcad,1.3463,1.34819,1.34529,1.34617
2024-02-09 20:00:00+00:00,usdcad,1.34584,1.34658,1.34565,1.34629
2024-02-11 20:00:00+00:00,usdcad,1.34583,1.34664,1.34574,1.346635
2024-02-12 00:00:00+00:00,usdcad,1.34615,1.34646,1.3453,1.34584
2024-02-12 04:00:00+00:00,usdcad,1.34534,1.34637,1.34508,1.34614
2024-02-12 08:00:00+00:00,usdcad,1.34665,1.34701,1.34532,1.34533
2024-02-12 12:00:00+00:00,usdcad,1.34482,1.34753,1.34451,1.34664
2024-02-12 16:00:00+00:00,usdcad,1.3456,1.34592,1.34304,1.34483
2024-02-12 20:00:00+00:00,usdcad,1.34561,1.34567,1.34492,1.34559
2024-02-13 00:00:00+00:00,usdcad,1.34598,1.34603,1.3451,1.34562
2024-02-13 04:00:00+00:00,usdcad,1.34542,1.34613,1.34477,1.34599
2024-02-13 08:00:00+00:00,usdcad,1.34493,1.34633,1.34421,1.34541
2024-02-13 12:00:00+00:00,usdcad,1.35528,1.35788,1.3438,1.34492
2024-02-13 16:00:00+00:00,usdcad,1.3585,1.35861,1.35446,1.35529
2024-02-13 20:00:00+00:00,usdcad,1.35664,1.35862,1.35612,1.35849
2024-02-14 00:00:00+00:00,usdcad,1.35613,1.35725,1.35591,1.35665
2024-02-14 04:00:00+00:00,usdcad,1.35524,1.35626,1.3547,1.35614
2024-02-14 08:00:00+00:00,usdcad,1.35351,1.35614,1.35313,1.35523
2024-02-14 12:00:00+00:00,usdcad,1.35546,1.35632,1.35311,1.35352
2024-02-14 16:00:00+00:00,usdcad,1.35456,1.3561,1.35408,1.35544
2024-02-14 20:00:00+00:00,usdcad,1.35389,1.35473,1.35388,1.35457
2024-02-15 00:00:00+00:00,usdcad,1.35454,1.35519,1.35379,1.3539
2024-02-15 04:00:00+00:00,usdcad,1.35446,1.35468,1.35384,1.35455
2024-02-15 08:00:00+00:00,usdcad,1.3541,1.35446,1.35292,1.35445
2024-02-15 12:00:00+00:00,usdcad,1.35,1.35428,1.34757,1.35412
2024-02-15 16:00:00+00:00,usdcad,1.34707,1.35114,1.34691,1.34999
2024-02-15 20:00:00+00:00,usdcad,1.34659,1.34753,1.34614,1.34706
2024-02-16 00:00:00+00:00,usdcad,1.34839,1.34861,1.34657,1.3466
2024-02-16 04:00:00+00:00,usdcad,1.34783,1.34861,1.34764,1.3484
2024-02-16 08:00:00+00:00,usdcad,1.34759,1.34854,1.3475,1.34782
2024-02-16 12:00:00+00:00,usdcad,1.34826,1.35079,1.34725,1.3476
2024-02-16 16:00:00+00:00,usdcad,1.34908,1.34925,1.34693,1.34825
2024-02-16 20:00:00+00:00,usdcad,1.348705,1.34908,1.34829,1.34907
2024-02-18 20:00:00+00:00,usdcad,1.34784,1.348785,1.34782,1.348405
2024-02-19 00:00:00+00:00,usdcad,1.34819,1.34821,1.34681,1.34783
2024-02-19 04:00:00+00:00,usdcad,1.34764,1.34839,1.34714,1.3482
2024-02-19 08:00:00+00:00,usdcad,1.34742,1.34812,1.34715,1.34765
2024-02-19 12:00:00+00:00,usdcad,1.34932,1.34967,1.34715,1.34743
2024-02-19 16:00:00+00:00,usdcad,1.34898,1.34956,1.34889,1.34933
2024-02-19 20:00:00+00:00,usdcad,1.35,1.35014,1.34878,1.34899
2024-02-20 00:00:00+00:00,usdcad,1.35069,1.35108,1.3496,1.34999
2024-02-20 04:00:00+00:00,usdcad,1.35102,1.35118,1.35018,1.3507
2024-02-20 08:00:00+00:00,usdcad,1.34874,1.35107,1.34764,1.35101
2024-02-20 12:00:00+00:00,usdcad,1.35098,1.353,1.34725,1.34873
2024-02-20 16:00:00+00:00,usdcad,1.35235,1.35299,1.35087,1.35097
2024-02-20 20:00:00+00:00,usdcad,1.3524,1.35277,1.35203,1.35234
2024-02-21 00:00:00+00:00,usdcad,1.35084,1.35288,1.35077,1.35239
2024-02-21 04:00:00+00:00,usdcad,1.35183,1.35183,1.35054,1.35082
2024-02-21 08:00:00+00:00,usdcad,1.35276,1.35365,1.3514,1.35182
2024-02-21 12:00:00+00:00,usdcad,1.3513,1.35323,1.35053,1.35275
2024-02-21 16:00:00+00:00,usdcad,1.35022,1.35211,1.34944,1.35129
2024-02-21 20:00:00+00:00,usdcad,1.34955,1.35151,1.34949,1.35023
2024-02-22 00:00:00+00:00,usdcad,1.34872,1.34974,1.34837,1.34954
2024-02-22 04:00:00+00:00,usdcad,1.34542,1.34891,1.34531,1.34873
2024-02-22 08:00:00+00:00,usdcad,1.34535,1.34652,1.34411,1.34544
2024-02-22 12:00:00+00:00,usdcad,1.35002,1.35079,1.34531,1.34536
2024-02-22 16:00:00+00:00,usdcad,1.34889,1.35049,1.34817,1.35003
2024-02-22 20:00:00+00:00,usdcad,1.34829,1.34894,1.34787,1.34888
2024-02-23 00:00:00+00:00,usdcad,1.34827,1.34952,1.34788,1.3483
2024-02-23 04:00:00+00:00,usdcad,1.34772,1.3483,1.34759,1.34826
2024-02-23 08:00:00+00:00,usdcad,1.34797,1.35022,1.34725,1.34771
2024-02-23 12:00:00+00:00,usdcad,1.3502,1.35043,1.34618,1.34796
2024-02-23 16:00:00+00:00,usdcad,1.35008,1.35177,1.34909,1.35021
2024-02-23 20:00:00+00:00,usdcad,1.350875,1.35096,1.34994,1.35007
2024-02-25 20:00:00+00:00,usdcad,1.3511,1.35112,1.349525,1.3496
2024-02-26 00:00:00+00:00,usdcad,1.35155,1.35196,1.35079,1.35111
2024-02-26 04:00:00+00:00,usdcad,1.35177,1.35187,1.3507,1.35156
2024-02-26 08:00:00+00:00,usdcad,1.35163,1.35288,1.35133,1.35179
2024-02-26 12:00:00+00:00,usdcad,1.35151,1.35259,1.35003,1.3516
2024-02-26 16:00:00+00:00,usdcad,1.35136,1.35213,1.3512,1.35152
2024-02-26 20:00:00+00:00,usdcad,1.35022,1.35137,1.35004,1.35135
2024-02-27 00:00:00+00:00,usdcad,1.35066,1.35139,1.35005,1.3502
2024-02-27 04:00:00+00:00,usdcad,1.34997,1.35065,1.34933,1.35064
2024-02-27 08:00:00+00:00,usdcad,1.34936,1.35016,1.34903,1.34996
2024-02-27 12:00:00+00:00,usdcad,1.35198,1.35374,1.34848,1.34934
2024-02-27 16:00:00+00:00,usdcad,1.35288,1.35395,1.3516,1.35197
2024-02-27 20:00:00+00:00,usdcad,1.35318,1.35339,1.35238,1.35289
2024-02-28 00:00:00+00:00,usdcad,1.35408,1.35451,1.35279,1.35319
2024-02-28 04:00:00+00:00,usdcad,1.35536,1.35588,1.35398,1.35409
2024-02-28 08:00:00+00:00,usdcad,1.35782,1.35881,1.35531,1.35537
2024-02-28 12:00:00+00:00,usdcad,1.35651,1.36061,1.35593,1.35783
2024-02-28 16:00:00+00:00,usdcad,1.35793,1.35832,1.35632,1.35652
2024-02-28 20:00:00+00:00,usdcad,1.3578,1.35818,1.35714,1.35792
2024-02-29 00:00:00+00:00,usdcad,1.35715,1.35855,1.35705,1.35781
2024-02-29 04:00:00+00:00,usdcad,1.35775,1.35809,1.35696,1.35716
2024-02-29 08:00:00+00:00,usdcad,1.35844,1.35921,1.35728,1.35776
2024-02-29 12:00:00+00:00,usdcad,1.35639,1.35977,1.35414,1.35842
2024-02-29 16:00:00+00:00,usdcad,1.35772,1.35851,1.3562,1.35638
2024-02-29 20:00:00+00:00,usdcad,1.35688,1.35823,1.35682,1.35771
2024-03-01 00:00:00+00:00,usdcad,1.35638,1.35756,1.35616,1.35687
2024-03-01 04:00:00+00:00,usdcad,1.35801,1.35803,1.35637,1.35637
2024-03-01 08:00:00+00:00,usdcad,1.35748,1.35923,1.35692,1.358
2024-03-01 12:00:00+00:00,usdcad,1.35524,1.36018,1.35468,1.35749
2024-03-01 16:00:00+00:00,usdcad,1.35593,1.35619,1.35453,1.35522
2024-03-01 20:00:00+00:00,usdcad,1.356035,1.35624,1.3558,1.35594
2024-03-03 20:00:00+00:00,usdcad,1.3552,1.35575,1.3552,1.35541
2024-03-04 00:00:00+00:00,usdcad,1.35595,1.35664,1.35458,1.35517
2024-03-04 04:00:00+00:00,usdcad,1.35576,1.35668,1.35565,1.35596
2024-03-04 08:00:00+00:00,usdcad,1.35646,1.35727,1.35573,1.35575
2024-03-04 12:00:00+00:00,usdcad,1.3562,1.35842,1.35598,1.35645
2024-03-04 16:00:00+00:00,usdcad,1.358,1.35821,1.3557,1.35619
2024-03-04 20:00:00+00:00,usdcad,1.3576,1.35808,1.35716,1.35799
2024-03-05 00:00:00+00:00,usdcad,1.35798,1.35854,1.35717,1.35761
2024-03-05 04:00:00+00:00,usdcad,1.35972,1.35994,1.35789,1.35797
2024-03-05 08:00:00+00:00,usdcad,1.35865,1.36053,1.35796,1.3597
2024-03-05 12:00:00+00:00,usdcad,1.35692,1.35983,1.35557,1.35864
2024-03-05 16:00:00+00:00,usdcad,1.35943,1.35945,1.35676,1.35691
2024-03-05 20:00:00+00:00,usdcad,1.35906,1.36,1.35899,1.35944
2024-03-06 00:00:00+00:00,usdcad,1.35859,1.36002,1.35817,1.35908
2024-03-06 04:00:00+00:00,usdcad,1.3588,1.35889,1.35804,1.35858
2024-03-06 08:00:00+00:00,usdcad,1.35769,1.35946,1.35758,1.35881
2024-03-06 12:00:00+00:00,usdcad,1.35137,1.35898,1.35098,1.35768
2024-03-06 16:00:00+00:00,usdcad,1.35168,1.35235,1.34991,1.35138
2024-03-06 20:00:00+00:00,usdcad,1.35125,1.35234,1.35122,1.35169
2024-03-07 00:00:00+00:00,usdcad,1.35103,1.35256,1.35088,1.35124
2024-03-07 04:00:00+00:00,usdcad,1.35084,1.35164,1.35035,1.35104
2024-03-07 08:00:00+00:00,usdcad,1.34999,1.35164,1.34971,1.35083
2024-03-07 12:00:00+00:00,usdcad,1.3479,1.35059,1.34767,1.35
2024-03-07 16:00:00+00:00,usdcad,1.34567,1.34798,1.34545,1.34789
2024-03-07 20:00:00+00:00,usdcad,1.34534,1.34647,1.34532,1.34569
2024-03-08 00:00:00+00:00,usdcad,1.34493,1.34602,1.34471,1.34535
2024-03-08 04:00:00+00:00,usdcad,1.3443,1.345,1.34422,1.34494
2024-03-08 08:00:00+00:00,usdcad,1.34518,1.34549,1.34325,1.34429
2024-03-08 12:00:00+00:00,usdcad,1.34517,1.347155,1.34203,1.34519
2024-03-08 16:00:00+00:00,usdcad,1.34844,1.34981,1.34512,1.34518
2024-03-08 20:00:00+00:00,usdcad,1.34854,1.3497,1.34831,1.34846
2024-03-10 20:00:00+00:00,usdcad,1.34813,1.34917,1.34801,1.34858
2024-03-11 00:00:00+00:00,usdcad,1.34833,1.34877,1.34745,1.34812
2024-03-11 04:00:00+00:00,usdcad,1.34829,1.3493,1.3479,1.34836
2024-03-11 08:00:00+00:00,usdcad,1.34767,1.34841,1.34697,1.3483
2024-03-11 12:00:00+00:00,usdcad,1.34873,1.351,1.34765,1.34768
2024-03-11 16:00:00+00:00,usdcad,1.34823,1.34918,1.34779,1.34872
2024-03-11 20:00:00+00:00,usdcad,1.3478,1.34865,1.34778,1.34826
2024-03-12 00:00:00+00:00,usdcad,1.34756,1.34825,1.34724,1.34781
2024-03-12 04:00:00+00:00,usdcad,1.34734,1.34798,1.34718,1.34757
2024-03-12 08:00:00+00:00,usdcad,1.34807,1.34846,1.3467,1.34733
2024-03-12 12:00:00+00:00,usdcad,1.34973,1.35258,1.34691,1.34805
2024-03-12 16:00:00+00:00,usdcad,1.34923,1.35103,1.34914,1.34972
2024-03-12 20:00:00+00:00,usdcad,1.34936,1.34936,1.34901,1.34924
2024-03-13 00:00:00+00:00,usdcad,1.34939,1.34975,1.34901,1.34937
2024-03-13 04:00:00+00:00,usdcad,1.34879,1.34985,1.34875,1.3494
2024-03-13 08:00:00+00:00,usdcad,1.34867,1.34972,1.34856,1.34878
2024-03-13 12:00:00+00:00,usdcad,1.34715,1.34945,1.34593,1.34868
2024-03-13 16:00:00+00:00,usdcad,1.34713,1.34735,1.34606,1.34716
2024-03-13 20:00:00+00:00,usdcad,1.34657,1.34736,1.34655,1.34714
2024-03-14 00:00:00+00:00,usdcad,1.34765,1.34776,1.34627,1.34658
2024-03-14 04:00:00+00:00,usdcad,1.3472,1.34814,1.34719,1.34762
2024-03-14 08:00:00+00:00,usdcad,1.34625,1.34754,1.3462,1.34719
2024-03-14 12:00:00+00:00,usdcad,1.35182,1.35346,1.34598,1.34624
2024-03-14 16:00:00+00:00,usdcad,1.35305,1.35412,1.35129,1.35181
2024-03-14 20:00:00+00:00,usdcad,1.35377,1.35414,1.35295,1.35299
2024-03-15 00:00:00+00:00,usdcad,1.35357,1.35435,1.35351,1.35376
2024-03-15 04:00:00+00:00,usdcad,1.35455,1.35459,1.35322,1.35356
2024-03-15 08:00:00+00:00,usdcad,1.35286,1.35501,1.35251,1.35454
2024-03-15 12:00:00+00:00,usdcad,1.3532,1.35359,1.35103,1.35285
2024-03-15 16:00:00+00:00,usdcad,1.35453,1.35519,1.35293,1.35319
2024-03-15 20:00:00+00:00,usdcad,1.35427,1.35468,1.35402,1.35452
2024-03-17 20:00:00+00:00,usdcad,1.35464,1.35487,1.353485,1.35416
2024-03-18 00:00:00+00:00,usdcad,1.35394,1.3551,1.35343,1.35465
2024-03-18 04:00:00+00:00,usdcad,1.3524,1.35407,1.3521,1.35395
2024-03-18 08:00:00+00:00,usdcad,1.35424,1.35459,1.3523,1.35241
2024-03-18 12:00:00+00:00,usdcad,1.35418,1.35517,1.3531,1.35425
2024-03-18 16:00:00+00:00,usdcad,1.35377,1.35482,1.35291,1.35419
2024-03-18 20:00:00+00:00,usdcad,1.35357,1.35391,1.353185,1.35376
2024-03-19 00:00:00+00:00,usdcad,1.35448,1.3552,1.35354,1.35356
2024-03-19 04:00:00+00:00,usdcad,1.35648,1.35724,1.35417,1.35447
2024-03-19 08:00:00+00:00,usdcad,1.35689,1.35808,1.35621,1.35647
2024-03-19 12:00:00+00:00,usdcad,1.35797,1.36135,1.35663,1.35686
2024-03-19 16:00:00+00:00,usdcad,1.35674,1.35839,1.35525,1.35796
2024-03-19 20:00:00+00:00,usdcad,1.35751,1.35755,1.356205,1.35675
2024-03-20 00:00:00+00:00,usdcad,1.35696,1.35821,1.35687,1.3575
2024-03-20 04:00:00+00:00,usdcad,1.35874,1.35879,1.35693,1.35695
2024-03-20 08:00:00+00:00,usdcad,1.35945,1.36051,1.35875,1.35876
2024-03-20 12:00:00+00:00,usdcad,1.35639,1.35968,1.35631,1.35944
2024-03-20 16:00:00+00:00,usdcad,1.3486,1.35657,1.34829,1.3564
2024-03-20 20:00:00+00:00,usdcad,1.34736,1.34962,1.34723,1.3486
2024-03-21 00:00:00+00:00,usdcad,1.34658,1.34777,1.34631,1.34737
2024-03-21 04:00:00+00:00,usdcad,1.34681,1.3469,1.34561,1.34659
2024-03-21 08:00:00+00:00,usdcad,1.35127,1.35132,1.34682,1.34682
2024-03-21 12:00:00+00:00,usdcad,1.35386,1.35418,1.34976,1.35126
2024-03-21 16:00:00+00:00,usdcad,1.35342,1.35397,1.35256,1.35385
2024-03-21 20:00:00+00:00,usdcad,1.35282,1.3534,1.35259,1.35339
2024-03-22 00:00:00+00:00,usdcad,1.35617,1.35637,1.35197,1.35281
2024-03-22 04:00:00+00:00,usdcad,1.35661,1.35744,1.35548,1.35618
2024-03-22 08:00:00+00:00,usdcad,1.35803,1.35887,1.35632,1.3566
2024-03-22 12:00:00+00:00,usdcad,1.35961,1.36075,1.35629,1.35802
2024-03-22 16:00:00+00:00,usdcad,1.36112,1.36142,1.35945,1.35962
2024-03-22 20:00:00+00:00,usdcad,1.36077,1.36114,1.36029,1.36111
2024-03-24 20:00:00+00:00,usdcad,1.36122,1.36124,1.360235,1.360275
2024-03-25 00:00:00+00:00,usdcad,1.35984,1.36142,1.35858,1.36121
2024-03-25 04:00:00+00:00,usdcad,1.3601,1.36068,1.35926,1.35985
2024-03-25 08:00:00+00:00,usdcad,1.35865,1.36025,1.35827,1.36011
2024-03-25 12:00:00+00:00,usdcad,1.35811,1.35938,1.35707,1.35864
2024-03-25 16:00:00+00:00,usdcad,1.35852,1.35882,1.35792,1.35812
2024-03-25 20:00:00+00:00,usdcad,1.35859,1.35889,1.35825,1.35851
2024-03-26 00:00:00+00:00,usdcad,1.35855,1.35875,1.35731,1.35858
2024-03-26 04:00:00+00:00,usdcad,1.35872,1.35884,1.35742,1.35854
2024-03-26 08:00:00+00:00,usdcad,1.35647,1.35906,1.35597,1.35874
2024-03-26 12:00:00+00:00,usdcad,1.35705,1.35806,1.35529,1.35648
2024-03-26 16:00:00+00:00,usdcad,1.3587,1.35872,1.35694,1.35704
2024-03-26 20:00:00+00:00,usdcad,1.35822,1.35887,1.35773,1.35869
2024-03-27 00:00:00+00:00,usdcad,1.35956,1.35994,1.35821,1.35821
2024-03-27 04:00:00+00:00,usdcad,1.35955,1.35973,1.35889,1.35957
2024-03-27 08:00:00+00:00,usdcad,1.35973,1.36083,1.35859,1.35954
2024-03-27 12:00:00+00:00,usdcad,1.35883,1.3606,1.3571,1.35974
2024-03-27 16:00:00+00:00,usdcad,1.35711,1.3594,1.35711,1.35882
2024-03-27 20:00:00+00:00,usdcad,1.35858,1.35897,1.35655,1.3571
2024-03-28 00:00:00+00:00,usdcad,1.35782,1.35913,1.35708,1.35859
2024-03-28 04:00:00+00:00,usdcad,1.35937,1.35949,1.35746,1.35783
2024-03-28 08:00:00+00:00,usdcad,1.35971,1.3614,1.35842,1.35938
2024-03-28 12:00:00+00:00,usdcad,1.35319,1.35996,1.35312,1.35972
2024-03-28 16:00:00+00:00,usdcad,1.35446,1.35471,1.35252,1.35321
2024-03-28 20:00:00+00:00,usdcad,1.35373,1.35506,1.35318,1.35445
2024-03-29 00:00:00+00:00,usdcad,1.35405,1.35423,1.35339,1.35372
2024-03-29 04:00:00+00:00,usdcad,1.355615,1.35613,1.35405,1.35408
2024-03-29 08:00:00+00:00,usdcad,1.35519,1.35564,1.35494,1.355625
2024-03-29 12:00:00+00:00,usdcad,1.35416,1.355195,1.35341,1.35518
2024-03-29 16:00:00+00:00,usdcad,1.35458,1.35475,1.35411,1.35419
2024-03-29 20:00:00+00:00,usdcad,1.35359,1.35458,1.35359,1.35458
2024-03-31 20:00:00+00:00,usdcad,1.35223,1.35491,1.35203,1.35452
2024-04-01 00:00:00+00:00,usdcad,1.35251,1.35324,1.35151,1.35222
2024-04-01 04:00:00+00:00,usdcad,1.35297,1.35354,1.35247,1.3525
2024-04-01 08:00:00+00:00,usdcad,1.3551,1.35516,1.35255,1.35298
2024-04-01 12:00:00+00:00,usdcad,1.35815,1.3585,1.3545,1.35511
2024-04-01 16:00:00+00:00,usdcad,1.35747,1.35867,1.35721,1.35813
2024-04-01 20:00:00+00:00,usdcad,1.35743,1.35781,1.35686,1.35746
2024-04-02 00:00:00+00:00,usdcad,1.35802,1.35802,1.357,1.35745
2024-04-02 04:00:00+00:00,usdcad,1.35691,1.35846,1.35668,1.35801
2024-04-02 08:00:00+00:00,usdcad,1.35622,1.35699,1.35566,1.3569
2024-04-02 12:00:00+00:00,usdcad,1.35722,1.35838,1.35604,1.35623
2024-04-02 16:00:00+00:00,usdcad,1.35725,1.35787,1.35683,1.35721
2024-04-02 20:00:00+00:00,usdcad,1.3565,1.35743,1.35619,1.35726
2024-04-03 00:00:00+00:00,usdcad,1.35636,1.35747,1.35623,1.35651
2024-04-03 04:00:00+00:00,usdcad,1.3579,1.358,1.35607,1.35635
2024-04-03 08:00:00+00:00,usdcad,1.35643,1.35891,1.35632,1.35791
2024-04-03 12:00:00+00:00,usdcad,1.35232,1.35729,1.3512,1.35644
2024-04-03 16:00:00+00:00,usdcad,1.3533,1.35384,1.35218,1.35231
2024-04-03 20:00:00+00:00,usdcad,1.35244,1.35332,1.35209,1.35329
2024-04-04 00:00:00+00:00,usdcad,1.35153,1.35278,1.35135,1.35245
2024-04-04 04:00:00+00:00,usdcad,1.35119,1.35161,1.35036,1.35152
2024-04-04 08:00:00+00:00,usdcad,1.35026,1.35123,1.34983,1.3512
2024-04-04 12:00:00+00:00,usdcad,1.34956,1.35041,1.34782,1.35025
2024-04-04 16:00:00+00:00,usdcad,1.35533,1.35593,1.34939,1.34958
2024-04-04 20:00:00+00:00,usdcad,1.3544,1.35532,1.35398,1.35532
2024-04-05 00:00:00+00:00,usdcad,1.3571,1.35783,1.35407,1.35442
2024-04-05 04:00:00+00:00,usdcad,1.35609,1.35739,1.35585,1.35709
2024-04-05 08:00:00+00:00,usdcad,1.35595,1.35669,1.35503,1.3561
2024-04-05 12:00:00+00:00,usdcad,1.35822,1.36476,1.35545,1.35594
2024-04-05 16:00:00+00:00,usdcad,1.35903,1.35941,1.35751,1.35821
2024-04-05 20:00:00+00:00,usdcad,1.35908,1.3592,1.35876,1.35905
2024-04-07 20:00:00+00:00,usdcad,1.36047,1.3606,1.359125,1.359265
2024-04-08 00:00:00+00:00,usdcad,1.3602,1.3617,1.35843,1.36046
2024-04-08 04:00:00+00:00,usdcad,1.35951,1.3606,1.35914,1.36021
2024-04-08 08:00:00+00:00,usdcad,1.35966,1.36026,1.35869,1.3595
2024-04-08 12:00:00+00:00,usdcad,1.3585,1.36001,1.35695,1.35967
2024-04-08 16:00:00+00:00,usdcad,1.35777,1.35944,1.35727,1.35853
2024-04-08 20:00:00+00:00,usdcad,1.3571,1.357855,1.3569,1.35778
2024-04-09 00:00:00+00:00,usdcad,1.35834,1.35853,1.35687,1.35709
2024-04-09 04:00:00+00:00,usdcad,1.35796,1.35833,1.35709,1.35833
2024-04-09 08:00:00+00:00,usdcad,1.35765,1.35835,1.35608,1.35797
2024-04-09 12:00:00+00:00,usdcad,1.35838,1.35989,1.35474,1.35764
2024-04-09 16:00:00+00:00,usdcad,1.35721,1.35907,1.35716,1.35837
2024-04-09 20:00:00+00:00,usdcad,1.35736,1.357635,1.35686,1.35722
2024-04-10 00:00:00+00:00,usdcad,1.35697,1.35735,1.35621,1.35735
2024-04-10 04:00:00+00:00,usdcad,1.35627,1.35716,1.35589,1.35698
2024-04-10 08:00:00+00:00,usdcad,1.35644,1.35706,1.35562,1.35628
2024-04-10 12:00:00+00:00,usdcad,1.36915,1.36965,1.35595,1.35643
2024-04-10 16:00:00+00:00,usdcad,1.36781,1.37029,1.36708,1.36914
2024-04-10 20:00:00+00:00,usdcad,1.36888,1.36897,1.36774,1.36782
2024-04-11 00:00:00+00:00,usdcad,1.36805,1.36937,1.36769,1.36887
2024-04-11 04:00:00+00:00,usdcad,1.36808,1.36953,1.36749,1.36806
2024-04-11 08:00:00+00:00,usdcad,1.36916,1.36931,1.36737,1.36807
2024-04-11 12:00:00+00:00,usdcad,1.3707,1.37259,1.36612,1.36915
2024-04-11 16:00:00+00:00,usdcad,1.36828,1.37089,1.36742,1.37068
2024-04-11 20:00:00+00:00,usdcad,1.36872,1.36917,1.36811,1.36827
2024-04-12 00:00:00+00:00,usdcad,1.37013,1.37027,1.36823,1.36873
2024-04-12 04:00:00+00:00,usdcad,1.37237,1.37289,1.37004,1.37014
2024-04-12 08:00:00+00:00,usdcad,1.37469,1.37522,1.37215,1.37236
2024-04-12 12:00:00+00:00,usdcad,1.37578,1.37718,1.37417,1.37468
2024-04-12 16:00:00+00:00,usdcad,1.37767,1.37874,1.37553,1.37579
2024-04-12 20:00:00+00:00,usdcad,1.377375,1.37789,1.376905,1.37769
2024-04-14 20:00:00+00:00,usdcad,1.37598,1.378015,1.37551,1.37778
2024-04-15 00:00:00+00:00,usdcad,1.37582,1.37816,1.37542,1.37597
2024-04-15 04:00:00+00:00,usdcad,1.37479,1.37634,1.37429,1.37583
2024-04-15 08:00:00+00:00,usdcad,1.37422,1.37483,1.3734,1.37478
2024-04-15 12:00:00+00:00,usdcad,1.37526,1.37731,1.37254,1.37421
2024-04-15 16:00:00+00:00,usdcad,1.3785,1.37935,1.37504,1.37527
2024-04-15 20:00:00+00:00,usdcad,1.37873,1.37937,1.3782,1.37853
2024-04-16 00:00:00+00:00,usdcad,1.38034,1.38141,1.3785,1.37871
2024-04-16 04:00:00+00:00,usdcad,1.37959,1.3811,1.37901,1.38033
2024-04-16 08:00:00+00:00,usdcad,1.37767,1.38038,1.37745,1.3796
2024-04-16 12:00:00+00:00,usdcad,1.38262,1.38459,1.37768,1.37768
2024-04-16 16:00:00+00:00,usdcad,1.38182,1.3846,1.38022,1.38261
2024-04-16 20:00:00+00:00,usdcad,1.38195,1.38322,1.38165,1.38183
2024-04-17 00:00:00+00:00,usdcad,1.38198,1.38256,1.381,1.38196
2024-04-17 04:00:00+00:00,usdcad,1.38149,1.38379,1.38069,1.38199
2024-04-17 08:00:00+00:00,usdcad,1.381,1.38169,1.38012,1.3815
2024-04-17 12:00:00+00:00,usdcad,1.38059,1.3816,1.37834,1.38101
2024-04-17 16:00:00+00:00,usdcad,1.37725,1.38187,1.37599,1.3806
2024-04-17 20:00:00+00:00,usdcad,1.3772,1.3778,1.37662,1.37724
2024-04-18 00:00:00+00:00,usdcad,1.37503,1.37758,1.37502,1.37717
2024-04-18 04:00:00+00:00,usdcad,1.37578,1.37602,1.37422,1.37504
2024-04-18 08:00:00+00:00,usdcad,1.37521,1.37612,1.37485,1.37579
2024-04-18 12:00:00+00:00,usdcad,1.37573,1.37717,1.37461,1.37522
2024-04-18 16:00:00+00:00,usdcad,1.37681,1.37819,1.37528,1.37572
2024-04-18 20:00:00+00:00,usdcad,1.3771,1.37736,1.37657,1.37683
2024-04-19 00:00:00+00:00,usdcad,1.37784,1.38046,1.37678,1.37712
2024-04-19 04:00:00+00:00,usdcad,1.37479,1.37899,1.37464,1.37785
2024-04-19 08:00:00+00:00,usdcad,1.3764,1.37759,1.37478,1.37478
2024-04-19 12:00:00+00:00,usdcad,1.37443,1.37681,1.37237,1.37639
2024-04-19 16:00:00+00:00,usdcad,1.37501,1.37638,1.37377,1.37442
2024-04-19 20:00:00+00:00,usdcad,1.37497,1.375265,1.37484,1.37503
2024-04-21 20:00:00+00:00,usdcad,1.37397,1.37534,1.37388,1.3748
2024-04-22 00:00:00+00:00,usdcad,1.37272,1.3742,1.37154,1.37398
2024-04-22 04:00:00+00:00,usdcad,1.37358,1.37394,1.37192,1.37274
2024-04-22 08:00:00+00:00,usdcad,1.37172,1.37376,1.37157,1.37359
2024-04-22 12:00:00+00:00,usdcad,1.37226,1.37499,1.37102,1.37173
2024-04-22 16:00:00+00:00,usdcad,1.37024,1.37225,1.36871,1.37225
2024-04-22 20:00:00+00:00,usdcad,1.37003,1.37048,1.36959,1.37023
2024-04-23 00:00:00+00:00,usdcad,1.37003,1.3705,1.36902,1.37002
2024-04-23 04:00:00+00:00,usdcad,1.36995,1.37077,1.3689,1.37004
2024-04-23 08:00:00+00:00,usdcad,1.37046,1.37144,1.36946,1.36996
2024-04-23 12:00:00+00:00,usdcad,1.36767,1.3707,1.36563,1.37045
2024-04-23 16:00:00+00:00,usdcad,1.36613,1.36777,1.36586,1.36766
2024-04-23 20:00:00+00:00,usdcad,1.36622,1.3669,1.36591,1.36612
2024-04-24 00:00:00+00:00,usdcad,1.36634,1.36655,1.36549,1.36621
2024-04-24 04:00:00+00:00,usdcad,1.36786,1.36822,1.36605,1.36633
2024-04-24 08:00:00+00:00,usdcad,1.36873,1.36904,1.36759,1.36787
2024-04-24 12:00:00+00:00,usdcad,1.37224,1.37291,1.36815,1.36874
2024-04-24 16:00:00+00:00,usdcad,1.37009,1.37238,1.36948,1.37225
2024-04-24 20:00:00+00:00,usdcad,1.37045,1.37074,1.37004,1.3701
2024-04-25 00:00:00+00:00,usdcad,1.36941,1.37048,1.36925,1.37044
2024-04-25 04:00:00+00:00,usdcad,1.36802,1.36951,1.3677,1.3694
2024-04-25 08:00:00+00:00,usdcad,1.36742,1.36837,1.36656,1.36803
2024-04-25 12:00:00+00:00,usdcad,1.36928,1.37312,1.36663,1.36743
2024-04-25 16:00:00+00:00,usdcad,1.3663,1.36962,1.36503,1.36929
2024-04-25 20:00:00+00:00,usdcad,1.36597,1.36643,1.36533,1.36631
2024-04-26 00:00:00+00:00,usdcad,1.36571,1.36632,1.36514,1.36599
2024-04-26 04:00:00+00:00,usdcad,1.36485,1.36578,1.36373,1.3657
2024-04-26 08:00:00+00:00,usdcad,1.36567,1.36607,1.36382,1.36486
2024-04-26 12:00:00+00:00,usdcad,1.368,1.36959,1.363365,1.36566
2024-04-26 16:00:00+00:00,usdcad,1.3667,1.36826,1.36538,1.36799
2024-04-26 20:00:00+00:00,usdcad,1.36693,1.367105,1.36623,1.36671
2024-04-28 20:00:00+00:00,usdcad,1.36563,1.36702,1.36561,1.36702
2024-04-29 00:00:00+00:00,usdcad,1.36495,1.366,1.36428,1.36562
2024-04-29 04:00:00+00:00,usdcad,1.36571,1.36605,1.36322,1.36496
2024-04-29 08:00:00+00:00,usdcad,1.36523,1.36633,1.36464,1.36572
2024-04-29 12:00:00+00:00,usdcad,1.36516,1.36771,1.3647,1.36524
2024-04-29 16:00:00+00:00,usdcad,1.36626,1.3673,1.36438,1.36515
2024-04-29 20:00:00+00:00,usdcad,1.36678,1.36681,1.36585,1.36627
2024-04-30 00:00:00+00:00,usdcad,1.36805,1.36824,1.36629,1.3668
2024-04-30 04:00:00+00:00,usdcad,1.36927,1.37012,1.36792,1.36804
2024-04-30 08:00:00+00:00,usdcad,1.36916,1.36999,1.36816,1.36928
2024-04-30 12:00:00+00:00,usdcad,1.37484,1.37551,1.36741,1.36915
2024-04-30 16:00:00+00:00,usdcad,1.37677,1.37678,1.37452,1.37483
2024-04-30 20:00:00+00:00,usdcad,1.3778,1.378485,1.37656,1.37678
2024-05-01 00:00:00+00:00,usdcad,1.37803,1.37835,1.37738,1.37781
2024-05-01 04:00:00+00:00,usdcad,1.37729,1.37828,1.37717,1.37802
2024-05-01 08:00:00+00:00,usdcad,1.37715,1.37763,1.37664,1.37728
2024-05-01 12:00:00+00:00,usdcad,1.37605,1.37741,1.374735,1.37716
2024-05-01 16:00:00+00:00,usdcad,1.37594,1.37749,1.37037,1.37606
2024-05-01 20:00:00+00:00,usdcad,1.37252,1.37612,1.37228,1.37592
2024-05-02 00:00:00+00:00,usdcad,1.37265,1.3737,1.3717,1.37251
2024-05-02 04:00:00+00:00,usdcad,1.37123,1.37264,1.37054,1.37264
2024-05-02 08:00:00+00:00,usdcad,1.37215,1.37288,1.37051,1.37122
2024-05-02 12:00:00+00:00,usdcad,1.36979,1.37297,1.36954,1.37213
2024-05-02 16:00:00+00:00,usdcad,1.36767,1.37032,1.36697,1.3698
2024-05-02 20:00:00+00:00,usdcad,1.36667,1.36791,1.3666,1.36769
2024-05-03 00:00:00+00:00,usdcad,1.36637,1.36738,1.36555,1.36666
2024-05-03 04:00:00+00:00,usdcad,1.36698,1.36755,1.36581,1.36636
2024-05-03 08:00:00+00:00,usdcad,1.36652,1.3672,1.36611,1.367
2024-05-03 12:00:00+00:00,usdcad,1.36837,1.36918,1.36101,1.36651
2024-05-03 16:00:00+00:00,usdcad,1.368,1.36896,1.36761,1.36836
2024-05-03 20:00:00+00:00,usdcad,1.36865,1.36877,1.36799,1.36801
2024-05-05 20:00:00+00:00,usdcad,1.36921,1.36925,1.36797,1.36814
2024-05-06 00:00:00+00:00,usdcad,1.36845,1.36973,1.36747,1.36925
2024-05-06 04:00:00+00:00,usdcad,1.36811,1.36891,1.36729,1.36846
2024-05-06 08:00:00+00:00,usdcad,1.36712,1.3685,1.36689,1.36812
2024-05-06 12:00:00+00:00,usdcad,1.36572,1.36736,1.36482,1.36711
2024-05-06 16:00:00+00:00,usdcad,1.36661,1.3672,1.36567,1.36571
2024-05-06 20:00:00+00:00,usdcad,1.36709,1.36731,1.36614,1.3666
2024-05-07 00:00:00+00:00,usdcad,1.36714,1.36809,1.3661,1.36708
2024-05-07 04:00:00+00:00,usdcad,1.36835,1.36913,1.36711,1.36715
2024-05-07 08:00:00+00:00,usdcad,1.36805,1.36892,1.36774,1.36834
2024-05-07 12:00:00+00:00,usdcad,1.37132,1.37174,1.36696,1.36806
2024-05-07 16:00:00+00:00,usdcad,1.37254,1.37415,1.37055,1.37131
2024-05-07 20:00:00+00:00,usdcad,1.37337,1.37357,1.37218,1.37254
2024-05-08 00:00:00+00:00,usdcad,1.37534,1.37537,1.3731,1.37341
2024-05-08 04:00:00+00:00,usdcad,1.37563,1.37597,1.37501,1.37533
2024-05-08 08:00:00+00:00,usdcad,1.37581,1.37608,1.37454,1.37564
2024-05-08 12:00:00+00:00,usdcad,1.37192,1.37627,1.37175,1.37582
2024-05-08 16:00:00+00:00,usdcad,1.37323,1.37354,1.37185,1.37191
2024-05-08 20:00:00+00:00,usdcad,1.37284,1.37346,1.37216,1.37322
2024-05-09 00:00:00+00:00,usdcad,1.37239,1.37346,1.37206,1.37283
2024-05-09 04:00:00+00:00,usdcad,1.37332,1.37381,1.37218,1.37238
2024-05-09 08:00:00+00:00,usdcad,1.37258,1.37357,1.37218,1.37333
2024-05-09 12:00:00+00:00,usdcad,1.36919,1.3726,1.36827,1.37259
2024-05-09 16:00:00+00:00,usdcad,1.36759,1.36926,1.36753,1.3692
2024-05-09 20:00:00+00:00,usdcad,1.3678,1.368045,1.36722,1.36758
2024-05-10 00:00:00+00:00,usdcad,1.3688,1.36907,1.36745,1.36783
2024-05-10 04:00:00+00:00,usdcad,1.36817,1.36884,1.36774,1.36881
2024-05-10 08:00:00+00:00,usdcad,1.36821,1.36891,1.36783,1.36814
2024-05-10 12:00:00+00:00,usdcad,1.36648,1.36829,1.36337,1.36822
2024-05-10 16:00:00+00:00,usdcad,1.36711,1.36771,1.36615,1.36647
2024-05-10 20:00:00+00:00,usdcad,1.367285,1.36742,1.36704,1.3671
2024-05-12 20:00:00+00:00,usdcad,1.3678,1.36783,1.366905,1.3671
2024-05-13 00:00:00+00:00,usdcad,1.3682,1.36897,1.36769,1.36782
2024-05-13 04:00:00+00:00,usdcad,1.36758,1.36851,1.36753,1.36821
2024-05-13 08:00:00+00:00,usdcad,1.36734,1.36815,1.36692,1.36759
2024-05-13 12:00:00+00:00,usdcad,1.36767,1.36846,1.3661,1.36733
2024-05-13 16:00:00+00:00,usdcad,1.36693,1.36799,1.3668,1.36766
2024-05-13 20:00:00+00:00,usdcad,1.36665,1.36719,1.36648,1.36694
2024-05-14 00:00:00+00:00,usdcad,1.368,1.36852,1.36661,1.36666
2024-05-14 04:00:00+00:00,usdcad,1.36761,1.36809,1.36748,1.36801
2024-05-14 08:00:00+00:00,usdcad,1.36669,1.36824,1.36641,1.3676
2024-05-14 12:00:00+00:00,usdcad,1.36521,1.36908,1.3633,1.3667
2024-05-14 16:00:00+00:00,usdcad,1.36497,1.36649,1.36467,1.36523
2024-05-14 20:00:00+00:00,usdcad,1.36542,1.3655,1.3649,1.36496
2024-05-15 00:00:00+00:00,usdcad,1.36389,1.36544,1.36378,1.36541
2024-05-15 04:00:00+00:00,usdcad,1.36349,1.36454,1.36335,1.36388
2024-05-15 08:00:00+00:00,usdcad,1.36335,1.36366,1.3625,1.3635
2024-05-15 12:00:00+00:00,usdcad,1.36142,1.3661,1.35902,1.36336
2024-05-15 16:00:00+00:00,usdcad,1.36062,1.36185,1.35957,1.36139
2024-05-15 20:00:00+00:00,usdcad,1.3598,1.36081,1.35951,1.36063
2024-05-16 00:00:00+00:00,usdcad,1.36025,1.36122,1.35902,1.35981
2024-05-16 04:00:00+00:00,usdcad,1.36187,1.36243,1.36025,1.36026
2024-05-16 08:00:00+00:00,usdcad,1.36326,1.36348,1.36164,1.36188
2024-05-16 12:00:00+00:00,usdcad,1.36077,1.36413,1.36075,1.36325
2024-05-16 16:00:00+00:00,usdcad,1.36171,1.36215,1.36076,1.36076
2024-05-16 20:00:00+00:00,usdcad,1.36153,1.36196,1.36121,1.3617
2024-05-17 00:00:00+00:00,usdcad,1.36263,1.36318,1.36133,1.36152
2024-05-17 04:00:00+00:00,usdcad,1.36312,1.36324,1.36166,1.36262
2024-05-17 08:00:00+00:00,usdcad,1.36359,1.3644,1.36302,1.36311
2024-05-17 12:00:00+00:00,usdcad,1.3617,1.36382,1.36014,1.3636
2024-05-17 16:00:00+00:00,usdcad,1.36089,1.36216,1.36067,1.36171
2024-05-17 20:00:00+00:00,usdcad,1.36118,1.36123,1.36086,1.36088
2024-05-19 20:00:00+00:00,usdcad,1.36091,1.361635,1.36052,1.361635
2024-05-20 00:00:00+00:00,usdcad,1.36076,1.36148,1.36029,1.3609
2024-05-20 04:00:00+00:00,usdcad,1.36136,1.36189,1.36004,1.36074
2024-05-20 08:00:00+00:00,usdcad,1.36215,1.36218,1.36102,1.36135
2024-05-20 12:00:00+00:00,usdcad,1.36136,1.36354,1.35961,1.36214
2024-05-20 16:00:00+00:00,usdcad,1.36231,1.36268,1.36118,1.36137
2024-05-20 20:00:00+00:00,usdcad,1.3624,1.36261,1.36229,1.3623
2024-05-21 00:00:00+00:00,usdcad,1.36392,1.36443,1.36232,1.36239
2024-05-21 04:00:00+00:00,usdcad,1.36359,1.36395,1.36252,1.36393
2024-05-21 08:00:00+00:00,usdcad,1.36164,1.36388,1.3616,1.36358
2024-05-21 12:00:00+00:00,usdcad,1.3646,1.36756,1.36151,1.36162
2024-05-21 16:00:00+00:00,usdcad,1.36491,1.36566,1.36454,1.36459
2024-05-21 20:00:00+00:00,usdcad,1.36412,1.36556,1.36291,1.36492
2024-05-22 00:00:00+00:00,usdcad,1.36413,1.36421,1.36241,1.36413
2024-05-22 04:00:00+00:00,usdcad,1.36567,1.3662,1.36371,1.36414
2024-05-22 08:00:00+00:00,usdcad,1.36753,1.3678,1.36492,1.36568
2024-05-22 12:00:00+00:00,usdcad,1.36694,1.36785,1.36607,1.36752
2024-05-22 16:00:00+00:00,usdcad,1.36901,1.36982,1.36569,1.36695
2024-05-22 20:00:00+00:00,usdcad,1.36909,1.36964,1.36874,1.36902
2024-05-23 00:00:00+00:00,usdcad,1.368,1.36966,1.36798,1.36908
2024-05-23 04:00:00+00:00,usdcad,1.3685,1.36867,1.36771,1.36801
2024-05-23 08:00:00+00:00,usdcad,1.36676,1.36848,1.36649,1.36848
2024-05-23 12:00:00+00:00,usdcad,1.36978,1.37048,1.36569,1.36675
2024-05-23 16:00:00+00:00,usdcad,1.3736,1.37436,1.36934,1.36977
2024-05-23 20:00:00+00:00,usdcad,1.37329,1.37373,1.37277,1.37359
2024-05-24 00:00:00+00:00,usdcad,1.37378,1.37388,1.37266,1.3733
2024-05-24 04:00:00+00:00,usdcad,1.37225,1.37387,1.37224,1.37377
2024-05-24 08:00:00+00:00,usdcad,1.37127,1.3729,1.37117,1.37224
2024-05-24 12:00:00+00:00,usdcad,1.3667,1.37251,1.36584,1.37125
2024-05-24 16:00:00+00:00,usdcad,1.36659,1.36686,1.36482,1.36669
2024-05-24 20:00:00+00:00,usdcad,1.36647,1.366655,1.36624,1.36658
2024-05-26 20:00:00+00:00,usdcad,1.36704,1.36711,1.36597,1.36689
2024-05-27 00:00:00+00:00,usdcad,1.36664,1.3671,1.36626,1.36703
2024-05-27 04:00:00+00:00,usdcad,1.36614,1.36678,1.36596,1.36663
2024-05-27 08:00:00+00:00,usdcad,1.36563,1.36652,1.3653,1.36613
2024-05-27 12:00:00+00:00,usdcad,1.36335,1.36642,1.36322,1.36564
2024-05-27 16:00:00+00:00,usdcad,1.36323,1.36347,1.36301,1.36336
2024-05-27 20:00:00+00:00,usdcad,1.36288,1.363765,1.36284,1.36324
2024-05-28 00:00:00+00:00,usdcad,1.36161,1.36297,1.36149,1.36289
2024-05-28 04:00:00+00:00,usdcad,1.36233,1.36311,1.36154,1.3616
2024-05-28 08:00:00+00:00,usdcad,1.36218,1.36321,1.36177,1.36235
2024-05-28 12:00:00+00:00,usdcad,1.36319,1.36505,1.36152,1.36217
2024-05-28 16:00:00+00:00,usdcad,1.36438,1.36539,1.36314,1.36321
2024-05-28 20:00:00+00:00,usdcad,1.36475,1.36487,1.36424,1.36438
2024-05-29 00:00:00+00:00,usdcad,1.36631,1.36649,1.36466,1.36476
2024-05-29 04:00:00+00:00,usdcad,1.36569,1.36731,1.36506,1.3663
2024-05-29 08:00:00+00:00,usdcad,1.36716,1.36786,1.36557,1.36568
2024-05-29 12:00:00+00:00,usdcad,1.37042,1.37145,1.36659,1.36715
2024-05-29 16:00:00+00:00,usdcad,1.37154,1.37175,1.37028,1.37043
2024-05-29 20:00:00+00:00,usdcad,1.37177,1.37219,1.37118,1.37149
2024-05-30 00:00:00+00:00,usdcad,1.37235,1.3728,1.3713,1.37176
2024-05-30 04:00:00+00:00,usdcad,1.37201,1.37349,1.37187,1.37234
2024-05-30 08:00:00+00:00,usdcad,1.37066,1.37257,1.37037,1.372
2024-05-30 12:00:00+00:00,usdcad,1.36698,1.37133,1.36603,1.37067
2024-05-30 16:00:00+00:00,usdcad,1.3682,1.36892,1.36621,1.36699
2024-05-30 20:00:00+00:00,usdcad,1.3684,1.3685,1.36784,1.36821
2024-05-31 00:00:00+00:00,usdcad,1.36748,1.36898,1.36747,1.36839
2024-05-31 04:00:00+00:00,usdcad,1.36685,1.36782,1.36617,1.36747
2024-05-31 08:00:00+00:00,usdcad,1.36398,1.36691,1.36286,1.36686
2024-05-31 12:00:00+00:00,usdcad,1.36486,1.36527,1.36194,1.36399
2024-05-31 16:00:00+00:00,usdcad,1.36257,1.36539,1.36225,1.36487
2024-05-31 20:00:00+00:00,usdcad,1.36273,1.3631,1.36226,1.36258
2024-06-02 20:00:00+00:00,usdcad,1.36194,1.363355,1.36192,1.36312
2024-06-03 00:00:00+00:00,usdcad,1.3629,1.3632,1.36058,1.36195
2024-06-03 04:00:00+00:00,usdcad,1.36565,1.36587,1.3625,1.36291
2024-06-03 08:00:00+00:00,usdcad,1.36382,1.36688,1.36363,1.36564
2024-06-03 12:00:00+00:00,usdcad,1.36277,1.36406,1.36029,1.36381
2024-06-03 16:00:00+00:00,usdcad,1.36374,1.36545,1.3625,1.36276
2024-06-03 20:00:00+00:00,usdcad,1.36292,1.36373,1.36247,1.36373
2024-06-04 00:00:00+00:00,usdcad,1.36379,1.36422,1.36209,1.3629
2024-06-04 04:00:00+00:00,usdcad,1.367,1.36713,1.36352,1.36381
2024-06-04 08:00:00+00:00,usdcad,1.36796,1.36991,1.36701,1.36701
2024-06-04 12:00:00+00:00,usdcad,1.36865,1.36951,1.36696,1.36795
2024-06-04 16:00:00+00:00,usdcad,1.36765,1.36917,1.36704,1.36864
2024-06-04 20:00:00+00:00,usdcad,1.36774,1.36802,1.36752,1.36766
2024-06-05 00:00:00+00:00,usdcad,1.36731,1.36806,1.36669,1.36773
2024-06-05 04:00:00+00:00,usdcad,1.3673,1.36841,1.36718,1.36732
2024-06-05 08:00:00+00:00,usdcad,1.36784,1.36906,1.36694,1.36731
2024-06-05 12:00:00+00:00,usdcad,1.37052,1.37417,1.36658,1.36783
2024-06-05 16:00:00+00:00,usdcad,1.36899,1.37146,1.36854,1.37051
2024-06-05 20:00:00+00:00,usdcad,1.36905,1.36976,1.3689,1.36898
2024-06-06 00:00:00+00:00,usdcad,1.3678,1.36905,1.36663,1.36904
2024-06-06 04:00:00+00:00,usdcad,1.36867,1.36901,1.36765,1.36779
2024-06-06 08:00:00+00:00,usdcad,1.36938,1.36977,1.36863,1.36868
2024-06-06 12:00:00+00:00,usdcad,1.36858,1.37101,1.36833,1.36939
2024-06-06 16:00:00+00:00,usdcad,1.36706,1.36939,1.36644,1.36857
2024-06-06 20:00:00+00:00,usdcad,1.36688,1.36752,1.366365,1.36704
2024-06-07 00:00:00+00:00,usdcad,1.36683,1.36719,1.36652,1.36691
2024-06-07 04:00:00+00:00,usdcad,1.36738,1.36761,1.36635,1.36684
2024-06-07 08:00:00+00:00,usdcad,1.3673,1.36883,1.36691,1.36737
2024-06-07 12:00:00+00:00,usdcad,1.37496,1.3759,1.36729,1.36731
2024-06-07 16:00:00+00:00,usdcad,1.37584,1.37588,1.37432,1.37495
2024-06-07 20:00:00+00:00,usdcad,1.376635,1.37678,1.37573,1.37583
2024-06-09 20:00:00+00:00,usdcad,1.37594,1.37687,1.37588,1.37624
2024-06-10 00:00:00+00:00,usdcad,1.37713,1.37714,1.3756,1.37595
2024-06-10 04:00:00+00:00,usdcad,1.37648,1.37737,1.37577,1.37711
2024-06-10 08:00:00+00:00,usdcad,1.37675,1.37813,1.37643,1.37649
2024-06-10 12:00:00+00:00,usdcad,1.37557,1.37819,1.37553,1.37674
2024-06-10 16:00:00+00:00,usdcad,1.37616,1.37696,1.3754,1.37555
2024-06-10 20:00:00+00:00,usdcad,1.37606,1.37636,1.37558,1.37617
2024-06-11 00:00:00+00:00,usdcad,1.37668,1.37695,1.37602,1.37607
2024-06-11 04:00:00+00:00,usdcad,1.37629,1.37705,1.37554,1.37669
2024-06-11 08:00:00+00:00,usdcad,1.37805,1.37845,1.37617,1.37628
2024-06-11 12:00:00+00:00,usdcad,1.37668,1.37919,1.37657,1.37803
2024-06-11 16:00:00+00:00,usdcad,1.37544,1.37746,1.37482,1.37666
2024-06-11 20:00:00+00:00,usdcad,1.37552,1.37592,1.37536,1.37545
2024-06-12 00:00:00+00:00,usdcad,1.37501,1.37607,1.37473,1.37553
2024-06-12 04:00:00+00:00,usdcad,1.37456,1.37548,1.37428,1.37502
2024-06-12 08:00:00+00:00,usdcad,1.3743,1.37515,1.37412,1.37457
2024-06-12 12:00:00+00:00,usdcad,1.36924,1.37453,1.36802,1.37429
2024-06-12 16:00:00+00:00,usdcad,1.37264,1.37347,1.36834,1.36925
2024-06-12 20:00:00+00:00,usdcad,1.37219,1.37288,1.37159,1.37263
2024-06-13 00:00:00+00:00,usdcad,1.37402,1.37423,1.37213,1.37218
2024-06-13 04:00:00+00:00,usdcad,1.37415,1.3749,1.37366,1.374
2024-06-13 08:00:00+00:00,usdcad,1.37518,1.37525,1.3732,1.37414
2024-06-13 12:00:00+00:00,usdcad,1.37485,1.37636,1.3715,1.37517
2024-06-13 16:00:00+00:00,usdcad,1.37387,1.37608,1.37362,1.37486
2024-06-13 20:00:00+00:00,usdcad,1.37447,1.37463,1.37348,1.37388
2024-06-14 00:00:00+00:00,usdcad,1.37422,1.37496,1.37343,1.37446
2024-06-14 04:00:00+00:00,usdcad,1.3751,1.37583,1.37373,1.37421
2024-06-14 08:00:00+00:00,usdcad,1.37565,1.37675,1.37478,1.37509
2024-06-14 12:00:00+00:00,usdcad,1.37384,1.37795,1.37384,1.37563
2024-06-14 16:00:00+00:00,usdcad,1.37331,1.37462,1.37278,1.37385
2024-06-14 20:00:00+00:00,usdcad,1.37343,1.373695,1.37303,1.37332
2024-06-16 20:00:00+00:00,usdcad,1.37354,1.37394,1.373075,1.37359
2024-06-17 00:00:00+00:00,usdcad,1.37432,1.37455,1.37306,1.37355
2024-06-17 04:00:00+00:00,usdcad,1.37442,1.37527,1.37357,1.37431
2024-06-17 08:00:00+00:00,usdcad,1.37475,1.37489,1.37356,1.37443
2024-06-17 12:00:00+00:00,usdcad,1.37525,1.37646,1.37405,1.37474
2024-06-17 16:00:00+00:00,usdcad,1.37229,1.37525,1.37215,1.37524
2024-06-17 20:00:00+00:00,usdcad,1.37143,1.37252,1.37138,1.3723
2024-06-18 00:00:00+00:00,usdcad,1.37381,1.37409,1.37105,1.37144
2024-06-18 04:00:00+00:00,usdcad,1.37457,1.37465,1.37289,1.3738
2024-06-18 08:00:00+00:00,usdcad,1.37541,1.37568,1.37446,1.37456
2024-06-18 12:00:00+00:00,usdcad,1.37233,1.37554,1.37094,1.3754
2024-06-18 16:00:00+00:00,usdcad,1.3718,1.37266,1.3714,1.37234
2024-06-18 20:00:00+00:00,usdcad,1.37168,1.37193,1.37149,1.37181
2024-06-19 00:00:00+00:00,usdcad,1.37202,1.37214,1.37122,1.37169
2024-06-19 04:00:00+00:00,usdcad,1.3716,1.37259,1.37142,1.37201
2024-06-19 08:00:00+00:00,usdcad,1.37082,1.37189,1.37074,1.37161
2024-06-19 12:00:00+00:00,usdcad,1.37081,1.37134,1.36983,1.37081
2024-06-19 16:00:00+00:00,usdcad,1.37092,1.37148,1.3708,1.37082
2024-06-19 20:00:00+00:00,usdcad,1.37069,1.371115,1.37051,1.37091
2024-06-20 00:00:00+00:00,usdcad,1.37115,1.37177,1.37067,1.37068
2024-06-20 04:00:00+00:00,usdcad,1.37127,1.37169,1.37055,1.37113
2024-06-20 08:00:00+00:00,usdcad,1.37145,1.37209,1.3707,1.37128
2024-06-20 12:00:00+00:00,usdcad,1.37053,1.3715,1.36872,1.37146
2024-06-20 16:00:00+00:00,usdcad,1.36828,1.37092,1.36823,1.37054
2024-06-20 20:00:00+00:00,usdcad,1.3685,1.36918,1.36825,1.36833
2024-06-21 00:00:00+00:00,usdcad,1.36814,1.36911,1.36792,1.36851
2024-06-21 04:00:00+00:00,usdcad,1.36945,1.36977,1.36746,1.36815
2024-06-21 08:00:00+00:00,usdcad,1.36919,1.37004,1.36867,1.36946
2024-06-21 12:00:00+00:00,usdcad,1.37014,1.371875,1.36882,1.36918
2024-06-21 16:00:00+00:00,usdcad,1.36976,1.37089,1.36951,1.37013
2024-06-21 20:00:00+00:00,usdcad,1.369365,1.36983,1.36928,1.36978
2024-06-23 20:00:00+00:00,usdcad,1.37008,1.37026,1.36918,1.369285
2024-06-24 00:00:00+00:00,usdcad,1.3697,1.37083,1.36946,1.37007
2024-06-24 04:00:00+00:00,usdcad,1.36826,1.36972,1.36817,1.36968
2024-06-24 08:00:00+00:00,usdcad,1.36779,1.36828,1.36703,1.36827
2024-06-24 12:00:00+00:00,usdcad,1.366,1.36889,1.36517,1.3678
2024-06-24 16:00:00+00:00,usdcad,1.36549,1.36667,1.36501,1.36601
2024-06-24 20:00:00+00:00,usdcad,1.36583,1.36606,1.36537,1.3655
2024-06-25 00:00:00+00:00,usdcad,1.36415,1.36584,1.36413,1.36584
2024-06-25 04:00:00+00:00,usdcad,1.36488,1.36563,1.36411,1.36416
2024-06-25 08:00:00+00:00,usdcad,1.36785,1.36808,1.36433,1.36489
2024-06-25 12:00:00+00:00,usdcad,1.366,1.36785,1.36218,1.36784
2024-06-25 16:00:00+00:00,usdcad,1.36549,1.36694,1.36498,1.36601
2024-06-25 20:00:00+00:00,usdcad,1.3662,1.36621,1.365425,1.3655
2024-06-26 00:00:00+00:00,usdcad,1.36576,1.36672,1.36507,1.36619
2024-06-26 04:00:00+00:00,usdcad,1.36661,1.36689,1.3655,1.36579
2024-06-26 08:00:00+00:00,usdcad,1.36871,1.36957,1.36632,1.3666
2024-06-26 12:00:00+00:00,usdcad,1.36985,1.37041,1.36798,1.3687
2024-06-26 16:00:00+00:00,usdcad,1.37007,1.37079,1.36923,1.36986
2024-06-26 20:00:00+00:00,usdcad,1.37051,1.37071,1.36969,1.37008
2024-06-27 00:00:00+00:00,usdcad,1.36998,1.37125,1.36966,1.3705
2024-06-27 04:00:00+00:00,usdcad,1.36882,1.36998,1.36861,1.36997
2024-06-27 08:00:00+00:00,usdcad,1.36954,1.36955,1.36792,1.36883
2024-06-27 12:00:00+00:00,usdcad,1.36945,1.36981,1.36761,1.36953
2024-06-27 16:00:00+00:00,usdcad,1.36938,1.37003,1.3681,1.36946
2024-06-27 20:00:00+00:00,usdcad,1.36999,1.37052,1.36925,1.36939
2024-06-28 00:00:00+00:00,usdcad,1.37234,1.37345,1.36967,1.36998
2024-06-28 04:00:00+00:00,usdcad,1.37098,1.37336,1.37072,1.37235
2024-06-28 08:00:00+00:00,usdcad,1.37045,1.37125,1.36871,1.37099
2024-06-28 12:00:00+00:00,usdcad,1.36862,1.37177,1.36758,1.37044
2024-06-28 16:00:00+00:00,usdcad,1.36821,1.36957,1.36555,1.36861
2024-06-28 20:00:00+00:00,usdcad,1.367895,1.36868,1.36772,1.36822
2024-06-30 20:00:00+00:00,usdcad,1.36748,1.36762,1.36668,1.367265
2024-07-01 00:00:00+00:00,usdcad,1.36753,1.36788,1.36657,1.36747
2024-07-01 04:00:00+00:00,usdcad,1.36775,1.36799,1.36636,1.36754
2024-07-01 08:00:00+00:00,usdcad,1.36876,1.36914,1.36701,1.36776
2024-07-01 12:00:00+00:00,usdcad,1.37445,1.3749,1.36815,1.36875
2024-07-01 16:00:00+00:00,usdcad,1.37396,1.37481,1.37331,1.37444
2024-07-01 20:00:00+00:00,usdcad,1.37385,1.37406,1.373435,1.37395
2024-07-02 00:00:00+00:00,usdcad,1.37533,1.37554,1.37331,1.37386
2024-07-02 04:00:00+00:00,usdcad,1.37362,1.37551,1.37348,1.37531
2024-07-02 08:00:00+00:00,usdcad,1.37333,1.37402,1.37277,1.37361
2024-07-02 12:00:00+00:00,usdcad,1.3693,1.3733,1.36884,1.37329
2024-07-02 16:00:00+00:00,usdcad,1.36708,1.37014,1.36675,1.36931
2024-07-02 20:00:00+00:00,usdcad,1.36776,1.36793,1.36706,1.36707
2024-07-03 00:00:00+00:00,usdcad,1.36775,1.36843,1.3672,1.36777
2024-07-03 04:00:00+00:00,usdcad,1.36693,1.36868,1.36681,1.36776
2024-07-03 08:00:00+00:00,usdcad,1.36717,1.3681,1.36692,1.36694
2024-07-03 12:00:00+00:00,usdcad,1.36256,1.36721,1.36174,1.36716
2024-07-03 16:00:00+00:00,usdcad,1.36355,1.3642,1.36252,1.36257
2024-07-03 20:00:00+00:00,usdcad,1.36339,1.364205,1.36332,1.36354
2024-07-04 00:00:00+00:00,usdcad,1.36381,1.36392,1.36261,1.3634
2024-07-04 04:00:00+00:00,usdcad,1.36262,1.36383,1.36239,1.36382
2024-07-04 08:00:00+00:00,usdcad,1.36196,1.36285,1.36172,1.36259
2024-07-04 12:00:00+00:00,usdcad,1.36095,1.36211,1.36092,1.36195
2024-07-04 16:00:00+00:00,usdcad,1.36129,1.36138,1.36084,1.36094
2024-07-04 20:00:00+00:00,usdcad,1.36155,1.36165,1.36116,1.36128
2024-07-05 00:00:00+00:00,usdcad,1.36076,1.36155,1.36054,1.36154
2024-07-05 04:00:00+00:00,usdcad,1.36043,1.36108,1.36027,1.36077
2024-07-05 08:00:00+00:00,usdcad,1.36135,1.3614,1.36038,1.36044
2024-07-05 12:00:00+00:00,usdcad,1.36337,1.36534,1.36079,1.36136
2024-07-05 16:00:00+00:00,usdcad,1.36314,1.3644,1.3627,1.36335
2024-07-05 20:00:00+00:00,usdcad,1.36422,1.36428,1.36314,1.36315
2024-07-07 20:00:00+00:00,usdcad,1.36409,1.36469,1.36396,1.36457
2024-07-08 00:00:00+00:00,usdcad,1.36351,1.36476,1.36285,1.36411
2024-07-08 04:00:00+00:00,usdcad,1.36322,1.36462,1.36313,1.3635
2024-07-08 08:00:00+00:00,usdcad,1.36332,1.3643,1.36292,1.36321
2024-07-08 12:00:00+00:00,usdcad,1.36391,1.36413,1.36244,1.36329
2024-07-08 16:00:00+00:00,usdcad,1.36394,1.36432,1.36274,1.3639
2024-07-08 20:00:00+00:00,usdcad,1.36303,1.36403,1.36302,1.36395
2024-07-09 00:00:00+00:00,usdcad,1.36374,1.36472,1.36285,1.36302
2024-07-09 04:00:00+00:00,usdcad,1.364,1.36409,1.36287,1.36373
2024-07-09 08:00:00+00:00,usdcad,1.36414,1.36459,1.36359,1.36398
2024-07-09 12:00:00+00:00,usdcad,1.36383,1.36484,1.3634,1.36416
2024-07-09 16:00:00+00:00,usdcad,1.36317,1.36403,1.36284,1.36382
2024-07-09 20:00:00+00:00,usdcad,1.36326,1.36366,1.362885,1.36319
2024-07-10 00:00:00+00:00,usdcad,1.36308,1.36381,1.36281,1.36325
2024-07-10 04:00:00+00:00,usdcad,1.364,1.3642,1.36304,1.36307
2024-07-10 08:00:00+00:00,usdcad,1.36356,1.3643,1.36305,1.36399
2024-07-10 12:00:00+00:00,usdcad,1.36098,1.36362,1.36082,1.36357
2024-07-10 16:00:00+00:00,usdcad,1.36197,1.36261,1.3609,1.36097
2024-07-10 20:00:00+00:00,usdcad,1.36188,1.36227,1.36164,1.36198
2024-07-11 00:00:00+00:00,usdcad,1.36171,1.36241,1.36142,1.36189
2024-07-11 04:00:00+00:00,usdcad,1.36325,1.36339,1.36155,1.3617
2024-07-11 08:00:00+00:00,usdcad,1.36308,1.36394,1.36281,1.36326
2024-07-11 12:00:00+00:00,usdcad,1.36192,1.36315,1.3589,1.36309
2024-07-11 16:00:00+00:00,usdcad,1.3635,1.36482,1.36191,1.36193
2024-07-11 20:00:00+00:00,usdcad,1.36247,1.36356,1.36228,1.36353
2024-07-12 00:00:00+00:00,usdcad,1.36205,1.36345,1.36202,1.36248
2024-07-12 04:00:00+00:00,usdcad,1.36248,1.36303,1.36188,1.36204
2024-07-12 08:00:00+00:00,usdcad,1.3622,1.36249,1.36114,1.36247
2024-07-12 12:00:00+00:00,usdcad,1.36271,1.36396,1.36124,1.36219
2024-07-12 16:00:00+00:00,usdcad,1.36334,1.36351,1.36189,1.36272
2024-07-12 20:00:00+00:00,usdcad,1.36348,1.36371,1.36327,1.36331
2024-07-14 20:00:00+00:00,usdcad,1.36478,1.36532,1.36362,1.364475
2024-07-15 00:00:00+00:00,usdcad,1.36509,1.36589,1.36475,1.36477
2024-07-15 04:00:00+00:00,usdcad,1.36531,1.36643,1.36503,1.3651
2024-07-15 08:00:00+00:00,usdcad,1.36424,1.3653,1.36314,1.3653
2024-07-15 12:00:00+00:00,usdcad,1.36623,1.36674,1.36405,1.36422
2024-07-15 16:00:00+00:00,usdcad,1.36742,1.36891,1.36599,1.36624
2024-07-15 20:00:00+00:00,usdcad,1.3678,1.3684,1.36727,1.36743
2024-07-16 00:00:00+00:00,usdcad,1.36821,1.36848,1.36747,1.36779
2024-07-16 04:00:00+00:00,usdcad,1.36888,1.36949,1.36809,1.36822
2024-07-16 08:00:00+00:00,usdcad,1.36776,1.36924,1.3676,1.36887
2024-07-16 12:00:00+00:00,usdcad,1.36884,1.37081,1.366655,1.3678
2024-07-16 16:00:00+00:00,usdcad,1.36709,1.36902,1.36695,1.36885
2024-07-16 20:00:00+00:00,usdcad,1.36708,1.36756,1.36689,1.3671
2024-07-17 00:00:00+00:00,usdcad,1.36727,1.36825,1.36692,1.3671
2024-07-17 04:00:00+00:00,usdcad,1.36764,1.36863,1.36713,1.36726
2024-07-17 08:00:00+00:00,usdcad,1.36715,1.36789,1.3657,1.36765
2024-07-17 12:00:00+00:00,usdcad,1.36852,1.36922,1.36616,1.36714
2024-07-17 16:00:00+00:00,usdcad,1.36878,1.37018,1.36836,1.36851
2024-07-17 20:00:00+00:00,usdcad,1.36794,1.36901,1.3677,1.36879
2024-07-18 00:00:00+00:00,usdcad,1.36822,1.36886,1.3677,1.36793
2024-07-18 04:00:00+00:00,usdcad,1.3675,1.36823,1.36715,1.36823
2024-07-18 08:00:00+00:00,usdcad,1.36798,1.36825,1.36706,1.36748
2024-07-18 12:00:00+00:00,usdcad,1.36967,1.36991,1.36777,1.36796
2024-07-18 16:00:00+00:00,usdcad,1.37141,1.37186,1.36918,1.36968
2024-07-18 20:00:00+00:00,usdcad,1.37041,1.37141,1.37018,1.3714
2024-07-19 00:00:00+00:00,usdcad,1.37065,1.37148,1.37026,1.3704
2024-07-19 04:00:00+00:00,usdcad,1.37123,1.37177,1.37032,1.37066
2024-07-19 08:00:00+00:00,usdcad,1.37122,1.37203,1.37077,1.37124
2024-07-19 12:00:00+00:00,usdcad,1.37257,1.3748,1.37117,1.3712
2024-07-19 16:00:00+00:00,usdcad,1.37317,1.37353,1.37185,1.37258
2024-07-19 20:00:00+00:00,usdcad,1.372855,1.37341,1.37283,1.37312
2024-07-21 20:00:00+00:00,usdcad,1.37083,1.37271,1.37055,1.371925
2024-07-22 00:00:00+00:00,usdcad,1.37299,1.37338,1.37079,1.37084
2024-07-22 04:00:00+00:00,usdcad,1.37453,1.37462,1.37296,1.373
2024-07-22 08:00:00+00:00,usdcad,1.37502,1.37511,1.37348,1.37455
2024-07-22 12:00:00+00:00,usdcad,1.37595,1.37749,1.37474,1.37499
2024-07-22 16:00:00+00:00,usdcad,1.37537,1.37597,1.37442,1.37594
2024-07-22 20:00:00+00:00,usdcad,1.37616,1.37616,1.37532,1.37536
2024-07-23 00:00:00+00:00,usdcad,1.37615,1.37678,1.37568,1.37615
2024-07-23 04:00:00+00:00,usdcad,1.37707,1.37737,1.37604,1.37614
2024-07-23 08:00:00+00:00,usdcad,1.37601,1.37715,1.37529,1.37706
2024-07-23 12:00:00+00:00,usdcad,1.37657,1.3775,1.37579,1.37602
2024-07-23 16:00:00+00:00,usdcad,1.37796,1.37802,1.37588,1.37656
2024-07-23 20:00:00+00:00,usdcad,1.37864,1.37875,1.37762,1.37795
2024-07-24 00:00:00+00:00,usdcad,1.37968,1.37975,1.37812,1.37865
2024-07-24 04:00:00+00:00,usdcad,1.37955,1.38002,1.3789,1.37969
2024-07-24 08:00:00+00:00,usdcad,1.37839,1.37975,1.37835,1.37954
2024-07-24 12:00:00+00:00,usdcad,1.37857,1.38079,1.377835,1.37837
2024-07-24 16:00:00+00:00,usdcad,1.3812,1.38166,1.37823,1.37856
2024-07-24 20:00:00+00:00,usdcad,1.38118,1.38126,1.38042,1.38119
2024-07-25 00:00:00+00:00,usdcad,1.38138,1.38219,1.38109,1.38119
2024-07-25 04:00:00+00:00,usdcad,1.38225,1.38381,1.38138,1.38139
2024-07-25 08:00:00+00:00,usdcad,1.38412,1.38439,1.38185,1.38224
2024-07-25 12:00:00+00:00,usdcad,1.38107,1.38491,1.38068,1.38413
2024-07-25 16:00:00+00:00,usdcad,1.38257,1.3826,1.37968,1.38109
2024-07-25 20:00:00+00:00,usdcad,1.38195,1.3828,1.38193,1.38255
2024-07-26 00:00:00+00:00,usdcad,1.38175,1.38214,1.38105,1.38197
2024-07-26 04:00:00+00:00,usdcad,1.38123,1.38192,1.3811,1.38174
2024-07-26 08:00:00+00:00,usdcad,1.38151,1.38196,1.38085,1.38124
2024-07-26 12:00:00+00:00,usdcad,1.38342,1.38491,1.38074,1.38152
2024-07-26 16:00:00+00:00,usdcad,1.38312,1.38401,1.38197,1.38341
2024-07-26 20:00:00+00:00,usdcad,1.38356,1.3838,1.3829,1.3831
2024-07-28 20:00:00+00:00,usdcad,1.38308,1.383625,1.38249,1.38326
2024-07-29 00:00:00+00:00,usdcad,1.38197,1.3832,1.38166,1.38307
2024-07-29 04:00:00+00:00,usdcad,1.38379,1.38388,1.38187,1.38196
2024-07-29 08:00:00+00:00,usdcad,1.38456,1.38468,1.3829,1.38378
2024-07-29 12:00:00+00:00,usdcad,1.38548,1.38651,1.38358,1.38457
2024-07-29 16:00:00+00:00,usdcad,1.38535,1.38636,1.38475,1.38549
2024-07-29 20:00:00+00:00,usdcad,1.38564,1.38569,1.384905,1.38536
2024-07-30 00:00:00+00:00,usdcad,1.38477,1.3864,1.38475,1.38566
2024-07-30 04:00:00+00:00,usdcad,1.38485,1.38498,1.38412,1.38476
2024-07-30 08:00:00+00:00,usdcad,1.38546,1.38555,1.38384,1.38486
2024-07-30 12:00:00+00:00,usdcad,1.38489,1.38646,1.38435,1.38545
2024-07-30 16:00:00+00:00,usdcad,1.38542,1.38545,1.38396,1.38488
2024-07-30 20:00:00+00:00,usdcad,1.38486,1.38572,1.38461,1.3854
2024-07-31 00:00:00+00:00,usdcad,1.38456,1.38588,1.38392,1.38487
2024-07-31 04:00:00+00:00,usdcad,1.38391,1.38499,1.38344,1.38455
2024-07-31 08:00:00+00:00,usdcad,1.38313,1.38504,1.38242,1.38392
2024-07-31 12:00:00+00:00,usdcad,1.38062,1.38326,1.37875,1.38309
2024-07-31 16:00:00+00:00,usdcad,1.38081,1.38224,1.37905,1.38063
2024-07-31 20:00:00+00:00,usdcad,1.38084,1.38123,1.38014,1.3808
2024-08-01 00:00:00+00:00,usdcad,1.38073,1.382,1.38006,1.38083
2024-08-01 04:00:00+00:00,usdcad,1.3824,1.38249,1.38032,1.38075
2024-08-01 08:00:00+00:00,usdcad,1.38226,1.38365,1.38167,1.38238
2024-08-01 12:00:00+00:00,usdcad,1.38472,1.38495,1.37957,1.38225
2024-08-01 16:00:00+00:00,usdcad,1.38735,1.38893,1.38407,1.38471
2024-08-01 20:00:00+00:00,usdcad,1.38813,1.38849,1.38705,1.38734
2024-08-02 00:00:00+00:00,usdcad,1.38638,1.38886,1.38589,1.38815
2024-08-02 04:00:00+00:00,usdcad,1.38715,1.38727,1.38531,1.38639
2024-08-02 08:00:00+00:00,usdcad,1.38797,1.38866,1.38691,1.38716
2024-08-02 12:00:00+00:00,usdcad,1.38465,1.3886,1.38344,1.38798
2024-08-02 16:00:00+00:00,usdcad,1.38633,1.38749,1.38455,1.38463
2024-08-02 20:00:00+00:00,usdcad,1.38733,1.38747,1.38634,1.38634
2024-08-04 20:00:00+00:00,usdcad,1.38833,1.38849,1.386605,1.38691
2024-08-05 00:00:00+00:00,usdcad,1.38698,1.38867,1.38599,1.3883
2024-08-05 04:00:00+00:00,usdcad,1.3878,1.39469,1.38654,1.38697
2024-08-05 08:00:00+00:00,usdcad,1.3849,1.3885,1.38489,1.38779
2024-08-05 12:00:00+00:00,usdcad,1.38202,1.38524,1.38097,1.38491
2024-08-05 16:00:00+00:00,usdcad,1.38236,1.3848,1.38183,1.38201
2024-08-05 20:00:00+00:00,usdcad,1.38055,1.3833,1.38021,1.38237
2024-08-06 00:00:00+00:00,usdcad,1.38141,1.38175,1.37932,1.38054
2024-08-06 04:00:00+00:00,usdcad,1.38347,1.3844,1.38124,1.38142
2024-08-06 08:00:00+00:00,usdcad,1.38442,1.3856,1.38302,1.38346
2024-08-06 12:00:00+00:00,usdcad,1.37913,1.38453,1.37892,1.38441
2024-08-06 16:00:00+00:00,usdcad,1.37762,1.37958,1.3757,1.37912
2024-08-06 20:00:00+00:00,usdcad,1.37878,1.37898,1.37742,1.37761
2024-08-07 00:00:00+00:00,usdcad,1.37689,1.37908,1.37678,1.37877
2024-08-07 04:00:00+00:00,usdcad,1.37651,1.37804,1.37636,1.37688
2024-08-07 08:00:00+00:00,usdcad,1.37411,1.37688,1.37375,1.37649
2024-08-07 12:00:00+00:00,usdcad,1.37298,1.37482,1.37212,1.37409
2024-08-07 16:00:00+00:00,usdcad,1.37478,1.37539,1.3726,1.37297
2024-08-07 20:00:00+00:00,usdcad,1.37524,1.37613,1.37461,1.37477
2024-08-08 00:00:00+00:00,usdcad,1.37277,1.37531,1.37267,1.37522
2024-08-08 04:00:00+00:00,usdcad,1.3738,1.37447,1.37269,1.37278
2024-08-08 08:00:00+00:00,usdcad,1.37428,1.3751,1.37305,1.37379
2024-08-08 12:00:00+00:00,usdcad,1.37429,1.37658,1.37372,1.37427
2024-08-08 16:00:00+00:00,usdcad,1.3733,1.37499,1.37292,1.3743
2024-08-08 20:00:00+00:00,usdcad,1.37362,1.37392,1.37292,1.37331
2024-08-09 00:00:00+00:00,usdcad,1.37237,1.37442,1.37234,1.37363
2024-08-09 04:00:00+00:00,usdcad,1.37342,1.37413,1.37182,1.37238
2024-08-09 08:00:00+00:00,usdcad,1.3745,1.37462,1.37313,1.37343
2024-08-09 12:00:00+00:00,usdcad,1.37276,1.375575,1.37213,1.37451
2024-08-09 16:00:00+00:00,usdcad,1.37306,1.37367,1.37233,1.37277
2024-08-09 20:00:00+00:00,usdcad,1.37297,1.37328,1.37277,1.37305
2024-08-11 20:00:00+00:00,usdcad,1.37357,1.37411,1.372935,1.37353
2024-08-12 00:00:00+00:00,usdcad,1.37363,1.37395,1.37285,1.3736
2024-08-12 04:00:00+00:00,usdcad,1.37211,1.37363,1.37206,1.37362
2024-08-12 08:00:00+00:00,usdcad,1.37288,1.37307,1.37187,1.3721
2024-08-12 12:00:00+00:00,usdcad,1.37407,1.3748,1.37251,1.37289
2024-08-12 16:00:00+00:00,usdcad,1.37439,1.37467,1.37348,1.3741
2024-08-12 20:00:00+00:00,usdcad,1.37421,1.37462,1.37395,1.3744
2024-08-13 00:00:00+00:00,usdcad,1.37399,1.37475,1.37362,1.37419
2024-08-13 04:00:00+00:00,usdcad,1.37282,1.37458,1.37268,1.37398
2024-08-13 08:00:00+00:00,usdcad,1.37373,1.37404,1.37272,1.37283
2024-08-13 12:00:00+00:00,usdcad,1.37238,1.37421,1.372,1.37374
2024-08-13 16:00:00+00:00,usdcad,1.37087,1.37257,1.37073,1.37239
2024-08-13 20:00:00+00:00,usdcad,1.37101,1.3711,1.370435,1.37086
2024-08-14 00:00:00+00:00,usdcad,1.37178,1.37205,1.37047,1.37102
2024-08-14 04:00:00+00:00,usdcad,1.37099,1.37214,1.37067,1.37177
2024-08-14 08:00:00+00:00,usdcad,1.37139,1.37142,1.36998,1.37098
2024-08-14 12:00:00+00:00,usdcad,1.36964,1.37219,1.3689,1.37138
2024-08-14 16:00:00+00:00,usdcad,1.37162,1.37247,1.3696,1.36965
2024-08-14 20:00:00+00:00,usdcad,1.37174,1.37205,1.37134,1.37163
2024-08-15 00:00:00+00:00,usdcad,1.37149,1.37263,1.37124,1.37173
2024-08-15 04:00:00+00:00,usdcad,1.37043,1.37148,1.3703,1.37148
2024-08-15 08:00:00+00:00,usdcad,1.37021,1.37107,1.37019,1.37042
2024-08-15 12:00:00+00:00,usdcad,1.37012,1.37384,1.36955,1.3702
2024-08-15 16:00:00+00:00,usdcad,1.37352,1.37354,1.36982,1.37013
2024-08-15 20:00:00+00:00,usdcad,1.37344,1.37386,1.37269,1.37351
2024-08-16 00:00:00+00:00,usdcad,1.37274,1.37354,1.37218,1.37343
2024-08-16 04:00:00+00:00,usdcad,1.37266,1.37292,1.37171,1.37275
2024-08-16 08:00:00+00:00,usdcad,1.37308,1.37372,1.37165,1.37264
2024-08-16 12:00:00+00:00,usdcad,1.37056,1.37368,1.37052,1.37305
2024-08-16 16:00:00+00:00,usdcad,1.36835,1.3706,1.36833,1.37057
2024-08-16 20:00:00+00:00,usdcad,1.36779,1.36869,1.36779,1.36836
2024-08-18 20:00:00+00:00,usdcad,1.36794,1.368525,1.36756,1.36838
2024-08-19 00:00:00+00:00,usdcad,1.36653,1.36798,1.36625,1.36791
2024-08-19 04:00:00+00:00,usdcad,1.36717,1.3673,1.36619,1.36654
2024-08-19 08:00:00+00:00,usdcad,1.36753,1.36849,1.36642,1.36718
2024-08-19 12:00:00+00:00,usdcad,1.36595,1.36783,1.3636,1.36752
2024-08-19 16:00:00+00:00,usdcad,1.36365,1.36597,1.363,1.36596
2024-08-19 20:00:00+00:00,usdcad,1.36319,1.36382,1.363,1.36364
2024-08-20 00:00:00+00:00,usdcad,1.36405,1.36406,1.36283,1.36318
2024-08-20 04:00:00+00:00,usdcad,1.36198,1.36415,1.36195,1.36404
2024-08-20 08:00:00+00:00,usdcad,1.36145,1.36219,1.36098,1.36196
2024-08-20 12:00:00+00:00,usdcad,1.36315,1.36407,1.36052,1.36146
2024-08-20 16:00:00+00:00,usdcad,1.36226,1.36343,1.36193,1.36311
2024-08-20 20:00:00+00:00,usdcad,1.36177,1.36246,1.36149,1.36227
2024-08-21 00:00:00+00:00,usdcad,1.36165,1.36237,1.36139,1.36176
2024-08-21 04:00:00+00:00,usdcad,1.36178,1.36235,1.36114,1.36164
2024-08-21 08:00:00+00:00,usdcad,1.36002,1.36187,1.35993,1.36176
2024-08-21 12:00:00+00:00,usdcad,1.35833,1.36115,1.35759,1.36001
2024-08-21 16:00:00+00:00,usdcad,1.35969,1.3601,1.3577,1.35832
2024-08-21 20:00:00+00:00,usdcad,1.35843,1.36016,1.35834,1.35968
2024-08-22 00:00:00+00:00,usdcad,1.35877,1.35926,1.35833,1.35845
2024-08-22 04:00:00+00:00,usdcad,1.35764,1.35899,1.35748,1.35876
2024-08-22 08:00:00+00:00,usdcad,1.35848,1.35949,1.35715,1.35765
2024-08-22 12:00:00+00:00,usdcad,1.36053,1.36189,1.35757,1.35847
2024-08-22 16:00:00+00:00,usdcad,1.36105,1.36148,1.35968,1.36054
2024-08-22 20:00:00+00:00,usdcad,1.36046,1.361675,1.36034,1.36104
2024-08-23 00:00:00+00:00,usdcad,1.3596,1.36057,1.35953,1.36047
2024-08-23 04:00:00+00:00,usdcad,1.35903,1.35966,1.35859,1.35961
2024-08-23 08:00:00+00:00,usdcad,1.35841,1.35924,1.35831,1.35904
2024-08-23 12:00:00+00:00,usdcad,1.35139,1.35926,1.35011,1.3584
2024-08-23 16:00:00+00:00,usdcad,1.35114,1.3523,1.34989,1.3514
2024-08-23 20:00:00+00:00,usdcad,1.35098,1.35128,1.3507,1.35115
2024-08-25 20:00:00+00:00,usdcad,1.35091,1.35157,1.350495,1.35069
2024-08-26 00:00:00+00:00,usdcad,1.35123,1.35144,1.34992,1.3509
2024-08-26 04:00:00+00:00,usdcad,1.35115,1.35133,1.35036,1.35124
2024-08-26 08:00:00+00:00,usdcad,1.35066,1.35132,1.34995,1.35116
2024-08-26 12:00:00+00:00,usdcad,1.34853,1.35072,1.34633,1.35067
2024-08-26 16:00:00+00:00,usdcad,1.34873,1.34888,1.34665,1.34854
2024-08-26 20:00:00+00:00,usdcad,1.34823,1.349,1.34792,1.34874
2024-08-27 00:00:00+00:00,usdcad,1.34787,1.34884,1.34783,1.34822
2024-08-27 04:00:00+00:00,usdcad,1.34772,1.34856,1.34742,1.34788
2024-08-27 08:00:00+00:00,usdcad,1.34783,1.34783,1.34632,1.34774
2024-08-27 12:00:00+00:00,usdcad,1.34579,1.34812,1.34511,1.34784
2024-08-27 16:00:00+00:00,usdcad,1.34446,1.34646,1.34446,1.3458
2024-08-27 20:00:00+00:00,usdcad,1.34478,1.34494,1.34414,1.34447
2024-08-28 00:00:00+00:00,usdcad,1.34494,1.34533,1.34412,1.34479
2024-08-28 04:00:00+00:00,usdcad,1.34531,1.34683,1.34489,1.34495
2024-08-28 08:00:00+00:00,usdcad,1.3472,1.3474,1.34501,1.34532
2024-08-28 12:00:00+00:00,usdcad,1.34618,1.34788,1.34497,1.34721
2024-08-28 16:00:00+00:00,usdcad,1.34801,1.34883,1.34621,1.34621
2024-08-28 20:00:00+00:00,usdcad,1.34772,1.348185,1.34741,1.34802
2024-08-29 00:00:00+00:00,usdcad,1.34656,1.34775,1.34628,1.34773
2024-08-29 04:00:00+00:00,usdcad,1.34549,1.34657,1.34538,1.34655
2024-08-29 08:00:00+00:00,usdcad,1.34598,1.34749,1.34502,1.3455
2024-08-29 12:00:00+00:00,usdcad,1.34636,1.34912,1.34557,1.34597
2024-08-29 16:00:00+00:00,usdcad,1.34852,1.34861,1.34594,1.34634
2024-08-29 20:00:00+00:00,usdcad,1.34893,1.34897,1.34819,1.34851
2024-08-30 00:00:00+00:00,usdcad,1.34869,1.34898,1.34806,1.34892
2024-08-30 04:00:00+00:00,usdcad,1.34742,1.34907,1.34727,1.3487
2024-08-30 08:00:00+00:00,usdcad,1.34779,1.34797,1.34695,1.34743
2024-08-30 12:00:00+00:00,usdcad,1.34938,1.35096,1.34657,1.34778
2024-08-30 16:00:00+00:00,usdcad,1.3477,1.3508,1.34731,1.34939
2024-08-30 20:00:00+00:00,usdcad,1.349425,1.349425,1.34753,1.34769
2024-09-01 20:00:00+00:00,usdcad,1.34913,1.349365,1.34867,1.34867
2024-09-02 00:00:00+00:00,usdcad,1.34969,1.35043,1.34857,1.34915
2024-09-02 04:00:00+00:00,usdcad,1.34937,1.35014,1.34904,1.3497
2024-09-02 08:00:00+00:00,usdcad,1.35003,1.35005,1.34857,1.34938
2024-09-02 12:00:00+00:00,usdcad,1.34951,1.35055,1.34883,1.35004
2024-09-02 16:00:00+00:00,usdcad,1.3493,1.34988,1.34905,1.3495
2024-09-02 20:00:00+00:00,usdcad,1.34983,1.35018,1.34928,1.34931
2024-09-03 00:00:00+00:00,usdcad,1.35226,1.35243,1.34922,1.34982
2024-09-03 04:00:00+00:00,usdcad,1.35118,1.35309,1.35049,1.35228
2024-09-03 08:00:00+00:00,usdcad,1.3548,1.3549,1.35093,1.3512
2024-09-03 12:00:00+00:00,usdcad,1.35433,1.35626,1.35307,1.35481
2024-09-03 16:00:00+00:00,usdcad,1.35511,1.35567,1.35362,1.35434
2024-09-03 20:00:00+00:00,usdcad,1.35442,1.35543,1.35413,1.35512
2024-09-04 00:00:00+00:00,usdcad,1.35381,1.35564,1.35331,1.35443
2024-09-04 04:00:00+00:00,usdcad,1.3551,1.35512,1.35334,1.3538
2024-09-04 08:00:00+00:00,usdcad,1.35524,1.35631,1.3547,1.35509
2024-09-04 12:00:00+00:00,usdcad,1.35194,1.35656,1.35002,1.35525
2024-09-04 16:00:00+00:00,usdcad,1.35142,1.35263,1.35101,1.35195
2024-09-04 20:00:00+00:00,usdcad,1.35089,1.35144,1.350465,1.35141
2024-09-05 00:00:00+00:00,usdcad,1.35106,1.35134,1.3504,1.3509
2024-09-05 04:00:00+00:00,usdcad,1.35105,1.35171,1.35041,1.35105
2024-09-05 08:00:00+00:00,usdcad,1.35129,1.35176,1.35037,1.35106
2024-09-05 12:00:00+00:00,usdcad,1.35157,1.35254,1.350425,1.35128
2024-09-05 16:00:00+00:00,usdcad,1.35101,1.35217,1.3506,1.35159
2024-09-05 20:00:00+00:00,usdcad,1.34992,1.35099,1.3499,1.35099
2024-09-06 00:00:00+00:00,usdcad,1.3498,1.35051,1.34968,1.34994
2024-09-06 04:00:00+00:00,usdcad,1.34962,1.3502,1.34861,1.34981
2024-09-06 08:00:00+00:00,usdcad,1.34937,1.35058,1.34908,1.34961
2024-09-06 12:00:00+00:00,usdcad,1.35621,1.35719,1.34664,1.34936
2024-09-06 16:00:00+00:00,usdcad,1.35629,1.35826,1.35571,1.35622
2024-09-06 20:00:00+00:00,usdcad,1.357185,1.35738,1.35625,1.35632
2024-09-08 20:00:00+00:00,usdcad,1.35634,1.35714,1.3559,1.356705
2024-09-09 00:00:00+00:00,usdcad,1.35566,1.35663,1.35523,1.35635
2024-09-09 04:00:00+00:00,usdcad,1.35642,1.35733,1.35551,1.35567
2024-09-09 08:00:00+00:00,usdcad,1.35612,1.35721,1.35599,1.35643
2024-09-09 12:00:00+00:00,usdcad,1.35609,1.35772,1.35592,1.35611
2024-09-09 16:00:00+00:00,usdcad,1.35634,1.35648,1.35466,1.3561
2024-09-09 20:00:00+00:00,usdcad,1.35643,1.35652,1.35557,1.35633
2024-09-10 00:00:00+00:00,usdcad,1.35652,1.3573,1.35626,1.35642
2024-09-10 04:00:00+00:00,usdcad,1.35704,1.35707,1.35619,1.35653
2024-09-10 08:00:00+00:00,usdcad,1.35738,1.35792,1.35647,1.35705
2024-09-10 12:00:00+00:00,usdcad,1.36072,1.36157,1.35695,1.35737
2024-09-10 16:00:00+00:00,usdcad,1.36017,1.36133,1.36007,1.36073
2024-09-10 20:00:00+00:00,usdcad,1.36104,1.36119,1.36015,1.36018
2024-09-11 00:00:00+00:00,usdcad,1.36058,1.36167,1.36002,1.36105
2024-09-11 04:00:00+00:00,usdcad,1.35934,1.36087,1.35883,1.36059
2024-09-11 08:00:00+00:00,usdcad,1.35764,1.35952,1.35738,1.35933
2024-09-11 12:00:00+00:00,usdcad,1.35954,1.3623,1.35755,1.35763
2024-09-11 16:00:00+00:00,usdcad,1.35692,1.35979,1.35674,1.35955
2024-09-11 20:00:00+00:00,usdcad,1.35786,1.35787,1.35669,1.3569
2024-09-12 00:00:00+00:00,usdcad,1.35734,1.35855,1.35734,1.35787
2024-09-12 04:00:00+00:00,usdcad,1.35752,1.35754,1.35653,1.35735
2024-09-12 08:00:00+00:00,usdcad,1.35845,1.35847,1.35692,1.35753
2024-09-12 12:00:00+00:00,usdcad,1.35955,1.36047,1.35773,1.35846
2024-09-12 16:00:00+00:00,usdcad,1.35778,1.36,1.35776,1.35956
2024-09-12 20:00:00+00:00,usdcad,1.35753,1.35827,1.35749,1.35777
2024-09-13 00:00:00+00:00,usdcad,1.35715,1.35772,1.35655,1.35754
2024-09-13 04:00:00+00:00,usdcad,1.35728,1.35841,1.35704,1.35714
2024-09-13 08:00:00+00:00,usdcad,1.35898,1.35948,1.35662,1.35727
2024-09-13 12:00:00+00:00,usdcad,1.35813,1.35946,1.35698,1.35897
2024-09-13 16:00:00+00:00,usdcad,1.35909,1.36002,1.35812,1.35814
2024-09-13 20:00:00+00:00,usdcad,1.358715,1.35911,1.358435,1.3591
2024-09-15 20:00:00+00:00,usdcad,1.35788,1.359695,1.35777,1.359615
2024-09-16 00:00:00+00:00,usdcad,1.35682,1.35821,1.35674,1.35787
2024-09-16 04:00:00+00:00,usdcad,1.35787,1.3581,1.35668,1.35683
2024-09-16 08:00:00+00:00,usdcad,1.35781,1.35824,1.35729,1.35788
2024-09-16 12:00:00+00:00,usdcad,1.35991,1.36077,1.3577,1.3578
2024-09-16 16:00:00+00:00,usdcad,1.35865,1.36039,1.35844,1.35992
2024-09-16 20:00:00+00:00,usdcad,1.35872,1.35893,1.35835,1.35867
2024-09-17 00:00:00+00:00,usdcad,1.3594,1.35949,1.35847,1.35871
2024-09-17 04:00:00+00:00,usdcad,1.3585,1.35983,1.35813,1.35941
2024-09-17 08:00:00+00:00,usdcad,1.35839,1.3596,1.35804,1.35851
2024-09-17 12:00:00+00:00,usdcad,1.35987,1.3617,1.35816,1.35837
2024-09-17 16:00:00+00:00,usdcad,1.3598,1.36052,1.35909,1.35988
2024-09-17 20:00:00+00:00,usdcad,1.3594,1.35998,1.35913,1.35981
2024-09-18 00:00:00+00:00,usdcad,1.35896,1.35949,1.35849,1.35939
2024-09-18 04:00:00+00:00,usdcad,1.35891,1.35947,1.35844,1.35895
2024-09-18 08:00:00+00:00,usdcad,1.3587,1.35923,1.35819,1.3589
2024-09-18 12:00:00+00:00,usdcad,1.36074,1.36077,1.3577,1.35869
2024-09-18 16:00:00+00:00,usdcad,1.36189,1.36232,1.35412,1.36076
2024-09-18 20:00:00+00:00,usdcad,1.36088,1.36195,1.35988,1.36188
2024-09-19 00:00:00+00:00,usdcad,1.36002,1.36476,1.35985,1.36087
2024-09-19 04:00:00+00:00,usdcad,1.35586,1.36044,1.35545,1.36001
2024-09-19 08:00:00+00:00,usdcad,1.35566,1.35606,1.35332,1.35587
2024-09-19 12:00:00+00:00,usdcad,1.3561,1.36008,1.35421,1.35565
2024-09-19 16:00:00+00:00,usdcad,1.35572,1.35655,1.35473,1.35608
2024-09-19 20:00:00+00:00,usdcad,1.35633,1.35643,1.35555,1.35573
2024-09-20 00:00:00+00:00,usdcad,1.35592,1.35687,1.35545,1.35634
2024-09-20 04:00:00+00:00,usdcad,1.35708,1.35748,1.35552,1.35591
2024-09-20 08:00:00+00:00,usdcad,1.35702,1.35768,1.35644,1.35707
2024-09-20 12:00:00+00:00,usdcad,1.35653,1.35898,1.35422,1.35701
2024-09-20 16:00:00+00:00,usdcad,1.35639,1.35702,1.35507,1.35652
2024-09-20 20:00:00+00:00,usdcad,1.357065,1.35746,1.35636,1.35638
2024-09-22 20:00:00+00:00,usdcad,1.3566,1.35692,1.35608,1.35624
2024-09-23 00:00:00+00:00,usdcad,1.35637,1.35692,1.35567,1.35661
2024-09-23 04:00:00+00:00,usdcad,1.35805,1.35823,1.35552,1.35638
2024-09-23 08:00:00+00:00,usdcad,1.35485,1.35822,1.35454,1.35806
2024-09-23 12:00:00+00:00,usdcad,1.35021,1.35545,1.349,1.35486
2024-09-23 16:00:00+00:00,usdcad,1.3507,1.35107,1.34871,1.3502
2024-09-23 20:00:00+00:00,usdcad,1.35304,1.35441,1.35069,1.35073
2024-09-24 00:00:00+00:00,usdcad,1.35188,1.3532,1.35153,1.35303
2024-09-24 04:00:00+00:00,usdcad,1.35198,1.35295,1.35101,1.35187
2024-09-24 08:00:00+00:00,usdcad,1.35082,1.35207,1.35068,1.35199
2024-09-24 12:00:00+00:00,usdcad,1.34708,1.35087,1.34648,1.35083
2024-09-24 16:00:00+00:00,usdcad,1.34361,1.3471,1.34355,1.34706
2024-09-24 20:00:00+00:00,usdcad,1.34211,1.34404,1.3421,1.3436
2024-09-25 00:00:00+00:00,usdcad,1.34282,1.34324,1.34197,1.3421
2024-09-25 04:00:00+00:00,usdcad,1.34287,1.3439,1.34273,1.34281
2024-09-25 08:00:00+00:00,usdcad,1.34399,1.3443,1.34246,1.34286
2024-09-25 12:00:00+00:00,usdcad,1.34666,1.34694,1.34328,1.34398
2024-09-25 16:00:00+00:00,usdcad,1.34847,1.34853,1.34621,1.34664
2024-09-25 20:00:00+00:00,usdcad,1.3484,1.34872,1.34813,1.34848
2024-09-26 00:00:00+00:00,usdcad,1.34706,1.34846,1.3465,1.34841
2024-09-26 04:00:00+00:00,usdcad,1.34743,1.34776,1.34633,1.34707
2024-09-26 08:00:00+00:00,usdcad,1.34705,1.34777,1.34578,1.34747
2024-09-26 12:00:00+00:00,usdcad,1.34666,1.34898,1.34605,1.34706
2024-09-26 16:00:00+00:00,usdcad,1.34724,1.34833,1.3466,1.34667
2024-09-26 20:00:00+00:00,usdcad,1.34765,1.34793,1.3465,1.34722
2024-09-27 00:00:00+00:00,usdcad,1.34872,1.34928,1.34754,1.34764
2024-09-27 04:00:00+00:00,usdcad,1.3492,1.34953,1.34826,1.34873
2024-09-27 08:00:00+00:00,usdcad,1.34755,1.34937,1.34711,1.34921
2024-09-27 12:00:00+00:00,usdcad,1.35042,1.35062,1.34639,1.34756
2024-09-27 16:00:00+00:00,usdcad,1.3517,1.35267,1.35032,1.35043
2024-09-27 20:00:00+00:00,usdcad,1.35157,1.35196,1.35118,1.35171
2024-09-29 20:00:00+00:00,usdcad,1.35101,1.35157,1.35076,1.350905
2024-09-30 00:00:00+00:00,usdcad,1.3512,1.35194,1.35033,1.35102
2024-09-30 04:00:00+00:00,usdcad,1.35156,1.35159,1.35014,1.35119
2024-09-30 08:00:00+00:00,usdcad,1.3519,1.35276,1.3513,1.35153
2024-09-30 12:00:00+00:00,usdcad,1.35149,1.35211,1.34898,1.35189
2024-09-30 16:00:00+00:00,usdcad,1.3523,1.35379,1.35034,1.35147
2024-09-30 20:00:00+00:00,usdcad,1.3526,1.35292,1.35226,1.35232
2024-10-01 00:00:00+00:00,usdcad,1.3529,1.35341,1.35202,1.35261
2024-10-01 04:00:00+00:00,usdcad,1.35301,1.3536,1.35163,1.35291
2024-10-01 08:00:00+00:00,usdcad,1.35229,1.35397,1.35211,1.353
2024-10-01 12:00:00+00:00,usdcad,1.34923,1.35286,1.34884,1.35231
2024-10-01 16:00:00+00:00,usdcad,1.34916,1.35212,1.34812,1.34925
2024-10-01 20:00:00+00:00,usdcad,1.34952,1.34973,1.34885,1.34915
2024-10-02 00:00:00+00:00,usdcad,1.34806,1.34962,1.34763,1.34953
2024-10-02 04:00:00+00:00,usdcad,1.34821,1.34916,1.34773,1.34805
2024-10-02 08:00:00+00:00,usdcad,1.34853,1.34917,1.3476,1.34822
2024-10-02 12:00:00+00:00,usdcad,1.34854,1.34959,1.34726,1.34855
2024-10-02 16:00:00+00:00,usdcad,1.34974,1.35101,1.34825,1.34853
2024-10-02 20:00:00+00:00,usdcad,1.35073,1.35077,1.34959,1.34975
2024-10-03 00:00:00+00:00,usdcad,1.35213,1.35236,1.3506,1.35074
2024-10-03 04:00:00+00:00,usdcad,1.35236,1.3531,1.35072,1.35212
2024-10-03 08:00:00+00:00,usdcad,1.35315,1.35402,1.3519,1.35234
2024-10-03 12:00:00+00:00,usdcad,1.35337,1.35535,1.35176,1.35316
2024-10-03 16:00:00+00:00,usdcad,1.35574,1.3558,1.35259,1.35335
2024-10-03 20:00:00+00:00,usdcad,1.35489,1.35599,1.35485,1.35572
2024-10-04 00:00:00+00:00,usdcad,1.35564,1.35587,1.3545,1.3549
2024-10-04 04:00:00+00:00,usdcad,1.35591,1.35675,1.35507,1.35565
2024-10-04 08:00:00+00:00,usdcad,1.35545,1.35652,1.35509,1.3559
2024-10-04 12:00:00+00:00,usdcad,1.35786,1.35913,1.35534,1.35546
2024-10-04 16:00:00+00:00,usdcad,1.35728,1.35844,1.35717,1.35785
2024-10-04 20:00:00+00:00,usdcad,1.35765,1.35785,1.35718,1.35729
2024-10-06 20:00:00+00:00,usdcad,1.35813,1.35829,1.357085,1.3571
2024-10-07 00:00:00+00:00,usdcad,1.3579,1.35847,1.35726,1.35814
2024-10-07 04:00:00+00:00,usdcad,1.35898,1.3591,1.35783,1.35789
2024-10-07 08:00:00+00:00,usdcad,1.35825,1.35987,1.35789,1.35896
2024-10-07 12:00:00+00:00,usdcad,1.36082,1.36198,1.35799,1.35824
2024-10-07 16:00:00+00:00,usdcad,1.36243,1.36397,1.36031,1.36084
2024-10-07 20:00:00+00:00,usdcad,1.36209,1.36254,1.36171,1.36242
2024-10-08 00:00:00+00:00,usdcad,1.36237,1.36343,1.36114,1.3621
2024-10-08 04:00:00+00:00,usdcad,1.3639,1.3648,1.36176,1.36236
2024-10-08 08:00:00+00:00,usdcad,1.36386,1.36479,1.36353,1.36389
2024-10-08 12:00:00+00:00,usdcad,1.3663,1.36754,1.36364,1.36385
2024-10-08 16:00:00+00:00,usdcad,1.36482,1.36687,1.36463,1.36631
2024-10-08 20:00:00+00:00,usdcad,1.3655,1.36552,1.36431,1.36481
2024-10-09 00:00:00+00:00,usdcad,1.36624,1.36639,1.36503,1.36551
2024-10-09 04:00:00+00:00,usdcad,1.36694,1.36701,1.36473,1.36623
2024-10-09 08:00:00+00:00,usdcad,1.36785,1.36793,1.36646,1.36695
2024-10-09 12:00:00+00:00,usdcad,1.3691,1.36948,1.3673,1.36786
2024-10-09 16:00:00+00:00,usdcad,1.37123,1.37189,1.36839,1.36908
2024-10-09 20:00:00+00:00,usdcad,1.37101,1.37183,1.37053,1.37122
2024-10-10 00:00:00+00:00,usdcad,1.37065,1.37149,1.37048,1.37102
2024-10-10 04:00:00+00:00,usdcad,1.37289,1.37291,1.3705,1.37064
2024-10-10 08:00:00+00:00,usdcad,1.37528,1.37537,1.37289,1.3729
2024-10-10 12:00:00+00:00,usdcad,1.37531,1.37686,1.373,1.37529
2024-10-10 16:00:00+00:00,usdcad,1.37427,1.37755,1.37416,1.3753
2024-10-10 20:00:00+00:00,usdcad,1.37464,1.37467,1.3738,1.37428
2024-10-11 00:00:00+00:00,usdcad,1.3754,1.37595,1.37441,1.37463
2024-10-11 04:00:00+00:00,usdcad,1.37571,1.37685,1.37511,1.37541
2024-10-11 08:00:00+00:00,usdcad,1.37743,1.37795,1.37528,1.3757
2024-10-11 12:00:00+00:00,usdcad,1.37683,1.37838,1.37254,1.3774
2024-10-11 16:00:00+00:00,usdcad,1.37617,1.37714,1.37554,1.37682
2024-10-11 20:00:00+00:00,usdcad,1.376445,1.37649,1.37591,1.37618
2024-10-13 20:00:00+00:00,usdcad,1.37827,1.37853,1.375785,1.375785
2024-10-14 00:00:00+00:00,usdcad,1.37759,1.37895,1.37725,1.37828
2024-10-14 04:00:00+00:00,usdcad,1.37815,1.37829,1.37708,1.37758
2024-10-14 08:00:00+00:00,usdcad,1.3789,1.37982,1.37795,1.37816
2024-10-14 12:00:00+00:00,usdcad,1.37961,1.38011,1.37807,1.37889
2024-10-14 16:00:00+00:00,usdcad,1.37959,1.38055,1.37927,1.3796
2024-10-14 20:00:00+00:00,usdcad,1.38026,1.38036,1.37896,1.3796
2024-10-15 00:00:00+00:00,usdcad,1.38047,1.38052,1.37958,1.38025
2024-10-15 04:00:00+00:00,usdcad,1.38099,1.38154,1.38043,1.38046
2024-10-15 08:00:00+00:00,usdcad,1.38172,1.38176,1.38036,1.38097
2024-10-15 12:00:00+00:00,usdcad,1.38035,1.38387,1.37972,1.38171
2024-10-15 16:00:00+00:00,usdcad,1.37852,1.38117,1.37847,1.38034
2024-10-15 20:00:00+00:00,usdcad,1.3781,1.37854,1.37702,1.37851
2024-10-16 00:00:00+00:00,usdcad,1.37762,1.37904,1.37728,1.37811
2024-10-16 04:00:00+00:00,usdcad,1.37818,1.37865,1.37743,1.37761
2024-10-16 08:00:00+00:00,usdcad,1.3782,1.37933,1.37805,1.37819
2024-10-16 12:00:00+00:00,usdcad,1.37727,1.3785,1.37674,1.37819
2024-10-16 16:00:00+00:00,usdcad,1.37506,1.37748,1.37501,1.37728
2024-10-16 20:00:00+00:00,usdcad,1.37564,1.3759,1.37503,1.37505
2024-10-17 00:00:00+00:00,usdcad,1.37631,1.37659,1.37474,1.37565
2024-10-17 04:00:00+00:00,usdcad,1.37833,1.37854,1.37605,1.3763
2024-10-17 08:00:00+00:00,usdcad,1.37766,1.37855,1.37747,1.37836
2024-10-17 12:00:00+00:00,usdcad,1.37917,1.3794,1.37715,1.37765
2024-10-17 16:00:00+00:00,usdcad,1.37999,1.38014,1.37875,1.37919
2024-10-17 20:00:00+00:00,usdcad,1.37965,1.38005,1.379255,1.37998
2024-10-18 00:00:00+00:00,usdcad,1.37941,1.38003,1.3786,1.37966
2024-10-18 04:00:00+00:00,usdcad,1.3792,1.38003,1.37883,1.37939
2024-10-18 08:00:00+00:00,usdcad,1.37887,1.37973,1.37858,1.37921
2024-10-18 12:00:00+00:00,usdcad,1.38048,1.38103,1.37876,1.37885
2024-10-18 16:00:00+00:00,usdcad,1.38076,1.3815,1.37954,1.38049
2024-10-18 20:00:00+00:00,usdcad,1.380195,1.38096,1.38007,1.38077
2024-10-20 20:00:00+00:00,usdcad,1.38003,1.380695,1.37997,1.38032
2024-10-21 00:00:00+00:00,usdcad,1.38064,1.38099,1.37997,1.37999
2024-10-21 04:00:00+00:00,usdcad,1.3817,1.38216,1.38061,1.38065
2024-10-21 08:00:00+00:00,usdcad,1.38181,1.38265,1.38118,1.38169
2024-10-21 12:00:00+00:00,usdcad,1.38472,1.38491,1.38128,1.38182
2024-10-21 16:00:00+00:00,usdcad,1.38358,1.38498,1.38322,1.38473
2024-10-21 20:00:00+00:00,usdcad,1.38343,1.38372,1.38293,1.38359
2024-10-22 00:00:00+00:00,usdcad,1.38293,1.38381,1.38286,1.38344
2024-10-22 04:00:00+00:00,usdcad,1.38281,1.38321,1.38217,1.3829
2024-10-22 08:00:00+00:00,usdcad,1.38314,1.38367,1.38257,1.38282
2024-10-22 12:00:00+00:00,usdcad,1.38308,1.38325,1.38139,1.38313
2024-10-22 16:00:00+00:00,usdcad,1.38209,1.38329,1.38154,1.38309
2024-10-22 20:00:00+00:00,usdcad,1.38182,1.38239,1.38155,1.3821
2024-10-23 00:00:00+00:00,usdcad,1.38189,1.38291,1.38163,1.38183
2024-10-23 04:00:00+00:00,usdcad,1.38243,1.38274,1.38174,1.38188
2024-10-23 08:00:00+00:00,usdcad,1.38368,1.38378,1.38226,1.38245
2024-10-23 12:00:00+00:00,usdcad,1.3839,1.38629,1.38328,1.38367
2024-10-23 16:00:00+00:00,usdcad,1.38364,1.38502,1.38353,1.38389
2024-10-23 20:00:00+00:00,usdcad,1.38379,1.38423,1.38349,1.38363
2024-10-24 00:00:00+00:00,usdcad,1.38264,1.38389,1.38236,1.38378
2024-10-24 04:00:00+00:00,usdcad,1.38187,1.3829,1.38185,1.38265
2024-10-24 08:00:00+00:00,usdcad,1.38178,1.38228,1.38127,1.38186
2024-10-24 12:00:00+00:00,usdcad,1.3858,1.38581,1.38132,1.38177
2024-10-24 16:00:00+00:00,usdcad,1.38534,1.38689,1.38461,1.38581
2024-10-24 20:00:00+00:00,usdcad,1.38539,1.38561,1.38486,1.38535
2024-10-25 00:00:00+00:00,usdcad,1.38551,1.38565,1.38477,1.38538
2024-10-25 04:00:00+00:00,usdcad,1.38459,1.38564,1.3845,1.38552
2024-10-25 08:00:00+00:00,usdcad,1.38486,1.38511,1.38446,1.38458
2024-10-25 12:00:00+00:00,usdcad,1.38828,1.38829,1.38384,1.38487
2024-10-25 16:00:00+00:00,usdcad,1.38969,1.38971,1.38789,1.38829
2024-10-25 20:00:00+00:00,usdcad,1.389325,1.38976,1.38924,1.38968
2024-10-27 20:00:00+00:00,usdcad,1.38963,1.38981,1.388785,1.38905
2024-10-28 00:00:00+00:00,usdcad,1.39049,1.39051,1.38922,1.38964
2024-10-28 04:00:00+00:00,usdcad,1.38899,1.39065,1.38857,1.3905
2024-10-28 08:00:00+00:00,usdcad,1.3893,1.38997,1.38866,1.389
2024-10-28 12:00:00+00:00,usdcad,1.39038,1.39087,1.38825,1.38929
2024-10-28 16:00:00+00:00,usdcad,1.38899,1.39045,1.38887,1.39039
2024-10-28 20:00:00+00:00,usdcad,1.38887,1.38955,1.38868,1.389
2024-10-29 00:00:00+00:00,usdcad,1.38979,1.38986,1.38869,1.38888
2024-10-29 04:00:00+00:00,usdcad,1.38877,1.39001,1.38862,1.38978
2024-10-29 08:00:00+00:00,usdcad,1.38894,1.38912,1.38768,1.38876
2024-10-29 12:00:00+00:00,usdcad,1.3909,1.39205,1.388405,1.38895
2024-10-29 16:00:00+00:00,usdcad,1.39176,1.39298,1.39037,1.39089
2024-10-29 20:00:00+00:00,usdcad,1.39157,1.39211,1.39116,1.39175
2024-10-30 00:00:00+00:00,usdcad,1.39217,1.3925,1.39088,1.39158
2024-10-30 04:00:00+00:00,usdcad,1.39187,1.39233,1.39127,1.39216
2024-10-30 08:00:00+00:00,usdcad,1.39269,1.39279,1.39032,1.39186
2024-10-30 12:00:00+00:00,usdcad,1.39115,1.39407,1.39083,1.39268
2024-10-30 16:00:00+00:00,usdcad,1.39008,1.39213,1.38953,1.39114
2024-10-30 20:00:00+00:00,usdcad,1.39095,1.39101,1.38963,1.39007
2024-10-31 00:00:00+00:00,usdcad,1.39186,1.39194,1.39073,1.39091
2024-10-31 04:00:00+00:00,usdcad,1.3917,1.39217,1.39124,1.39187
2024-10-31 08:00:00+00:00,usdcad,1.39142,1.39276,1.39105,1.39168
2024-10-31 12:00:00+00:00,usdcad,1.394,1.39454,1.38911,1.39141
2024-10-31 16:00:00+00:00,usdcad,1.39237,1.39409,1.39073,1.39399
2024-10-31 20:00:00+00:00,usdcad,1.39355,1.39373,1.3918,1.39238
2024-11-01 00:00:00+00:00,usdcad,1.39287,1.39379,1.39255,1.39354
2024-11-01 04:00:00+00:00,usdcad,1.39416,1.39418,1.39264,1.39288
2024-11-01 08:00:00+00:00,usdcad,1.39255,1.39426,1.39244,1.39417
2024-11-01 12:00:00+00:00,usdcad,1.39258,1.39328,1.39028,1.39254
2024-11-01 16:00:00+00:00,usdcad,1.39565,1.39568,1.39235,1.39257
2024-11-01 20:00:00+00:00,usdcad,1.395385,1.39591,1.39511,1.39566
2024-11-03 20:00:00+00:00,usdcad,1.39213,1.39275,1.39165,1.39261
2024-11-04 00:00:00+00:00,usdcad,1.39056,1.39217,1.39029,1.39215
2024-11-04 12:00:00+00:00,usdcad,1.38898,1.38995,1.387535,1.389465
2024-11-04 16:00:00+00:00,usdcad,1.38975,1.390255,1.38847,1.388985
2024-11-04 20:00:00+00:00,usdcad,1.39015,1.390355,1.38942,1.38974
2024-11-05 00:00:00+00:00,usdcad,1.39028,1.39069,1.38967,1.39014
2024-11-05 04:00:00+00:00,usdcad,1.3889,1.39038,1.38879,1.39029
2024-11-05 08:00:00+00:00,usdcad,1.38816,1.38892,1.38803,1.38889
2024-11-05 12:00:00+00:00,usdcad,1.38519,1.38852,1.38457,1.38817
2024-11-05 16:00:00+00:00,usdcad,1.38417,1.38587,1.38387,1.38518
2024-11-05 20:00:00+00:00,usdcad,1.38348,1.38445,1.38233,1.38418
2024-11-06 00:00:00+00:00,usdcad,1.39294,1.39364,1.38325,1.38346
2024-11-06 04:00:00+00:00,usdcad,1.3927,1.39387,1.3893,1.39293
2024-11-06 08:00:00+00:00,usdcad,1.39171,1.39318,1.38852,1.39271
2024-11-06 12:00:00+00:00,usdcad,1.39219,1.39588,1.39035,1.3917
2024-11-06 16:00:00+00:00,usdcad,1.39325,1.39444,1.39157,1.39218
2024-11-06 20:00:00+00:00,usdcad,1.39483,1.39483,1.39312,1.39324
2024-11-07 00:00:00+00:00,usdcad,1.38911,1.39484,1.38906,1.39482
2024-11-07 04:00:00+00:00,usdcad,1.38878,1.38989,1.3878,1.3891
2024-11-07 08:00:00+00:00,usdcad,1.3893,1.38943,1.38704,1.38879
2024-11-07 12:00:00+00:00,usdcad,1.38654,1.38977,1.38573,1.38933
2024-11-07 16:00:00+00:00,usdcad,1.38617,1.3878,1.38502,1.38653
2024-11-07 20:00:00+00:00,usdcad,1.38685,1.38688,1.38423,1.38618
2024-11-08 00:00:00+00:00,usdcad,1.38839,1.3885,1.38669,1.38687
2024-11-08 04:00:00+00:00,usdcad,1.38868,1.38904,1.38789,1.3884
2024-11-08 08:00:00+00:00,usdcad,1.38978,1.39003,1.38818,1.38867
2024-11-08 12:00:00+00:00,usdcad,1.38971,1.392,1.38933,1.38977
2024-11-08 16:00:00+00:00,usdcad,1.39137,1.39281,1.38971,1.38972
2024-11-08 20:00:00+00:00,usdcad,1.39101,1.39192,1.39049,1.39138
2024-11-10 20:00:00+00:00,usdcad,1.39109,1.39175,1.39062,1.391725
2024-11-11 00:00:00+00:00,usdcad,1.39204,1.39207,1.39052,1.3911
2024-11-11 04:00:00+00:00,usdcad,1.39229,1.39268,1.39111,1.39205
2024-11-11 08:00:00+00:00,usdcad,1.39273,1.39377,1.39195,1.3923
2024-11-11 12:00:00+00:00,usdcad,1.39302,1.39509,1.39264,1.3927
2024-11-11 16:00:00+00:00,usdcad,1.39259,1.39309,1.39147,1.39301
2024-11-11 20:00:00+00:00,usdcad,1.39205,1.39312,1.39204,1.39258
2024-11-12 00:00:00+00:00,usdcad,1.39464,1.39471,1.39191,1.39207
2024-11-12 04:00:00+00:00,usdcad,1.3954,1.39587,1.39422,1.39465
2024-11-12 08:00:00+00:00,usdcad,1.39582,1.39675,1.39504,1.39541
2024-11-12 12:00:00+00:00,usdcad,1.39404,1.39589,1.39254,1.3958
2024-11-12 16:00:00+00:00,usdcad,1.39464,1.39598,1.39395,1.39405
2024-11-12 20:00:00+00:00,usdcad,1.39455,1.39518,1.39388,1.39465
2024-11-13 00:00:00+00:00,usdcad,1.39533,1.39545,1.39406,1.39456
2024-11-13 04:00:00+00:00,usdcad,1.39586,1.39608,1.39509,1.39532
2024-11-13 08:00:00+00:00,usdcad,1.39504,1.39622,1.39455,1.39587
2024-11-13 12:00:00+00:00,usdcad,1.39704,1.39991,1.39309,1.39503
2024-11-13 16:00:00+00:00,usdcad,1.39989,1.3999,1.39692,1.39703
2024-11-13 20:00:00+00:00,usdcad,1.39925,1.40029,1.39924,1.39988
2024-11-14 00:00:00+00:00,usdcad,1.40109,1.40109,1.39882,1.39924
2024-11-14 04:00:00+00:00,usdcad,1.39985,1.40199,1.39956,1.40108
2024-11-14 08:00:00+00:00,usdcad,1.40042,1.40184,1.39941,1.39984
2024-11-14 12:00:00+00:00,usdcad,1.4012,1.40359,1.399925,1.40041
2024-11-14 16:00:00+00:00,usdcad,1.40362,1.40401,1.40071,1.40119
2024-11-14 20:00:00+00:00,usdcad,1.40618,1.40716,1.40361,1.40361
2024-11-15 00:00:00+00:00,usdcad,1.40589,1.40701,1.40541,1.40617
2024-11-15 04:00:00+00:00,usdcad,1.40615,1.40687,1.40523,1.40591
2024-11-15 08:00:00+00:00,usdcad,1.40389,1.4064,1.40335,1.40617
2024-11-15 12:00:00+00:00,usdcad,1.40787,1.41058,1.40341,1.4039
2024-11-15 16:00:00+00:00,usdcad,1.40923,1.40932,1.40646,1.40786
2024-11-15 20:00:00+00:00,usdcad,1.408865,1.41011,1.40876,1.40922
2024-11-17 20:00:00+00:00,usdcad,1.40865,1.40927,1.40814,1.409055
2024-11-18 00:00:00+00:00,usdcad,1.40855,1.40901,1.40701,1.40864
2024-11-18 04:00:00+00:00,usdcad,1.40957,1.4101,1.40765,1.40856
2024-11-18 08:00:00+00:00,usdcad,1.40983,1.41027,1.40842,1.40958
2024-11-18 12:00:00+00:00,usdcad,1.40493,1.40991,1.40438,1.40982
2024-11-18 16:00:00+00:00,usdcad,1.4019,1.40515,1.40044,1.40492
2024-11-18 20:00:00+00:00,usdcad,1.40228,1.40228,1.40116,1.40189
2024-11-19 00:00:00+00:00,usdcad,1.40134,1.40295,1.40113,1.40229
2024-11-19 04:00:00+00:00,usdcad,1.40213,1.40264,1.40096,1.40133
2024-11-19 08:00:00+00:00,usdcad,1.40242,1.40368,1.40037,1.40214
2024-11-19 12:00:00+00:00,usdcad,1.39768,1.40268,1.3974,1.4024
2024-11-19 16:00:00+00:00,usdcad,1.3966,1.39852,1.39647,1.39767
2024-11-19 20:00:00+00:00,usdcad,1.39559,1.3971,1.39516,1.39659
2024-11-20 00:00:00+00:00,usdcad,1.39655,1.39674,1.39511,1.39558
2024-11-20 04:00:00+00:00,usdcad,1.39649,1.39665,1.39509,1.39654
2024-11-20 08:00:00+00:00,usdcad,1.39932,1.4,1.39619,1.3965
2024-11-20 12:00:00+00:00,usdcad,1.40053,1.40147,1.39755,1.39931
2024-11-20 16:00:00+00:00,usdcad,1.39837,1.40127,1.39806,1.40054
2024-11-20 20:00:00+00:00,usdcad,1.3969,1.39888,1.39686,1.39856
2024-11-21 00:00:00+00:00,usdcad,1.39686,1.39738,1.39658,1.39691
2024-11-21 04:00:00+00:00,usdcad,1.39629,1.39729,1.39616,1.39685
2024-11-21 08:00:00+00:00,usdcad,1.39646,1.39785,1.39554,1.39626
2024-11-21 12:00:00+00:00,usdcad,1.3947,1.39747,1.39315,1.39645
2024-11-21 16:00:00+00:00,usdcad,1.39643,1.39698,1.39464,1.39471
2024-11-21 20:00:00+00:00,usdcad,1.39846,1.39847,1.39628,1.39642
2024-11-22 00:00:00+00:00,usdcad,1.39703,1.39846,1.39633,1.39845
2024-11-22 04:00:00+00:00,usdcad,1.39706,1.39865,1.39688,1.39704
2024-11-22 08:00:00+00:00,usdcad,1.39953,1.4021,1.3958,1.39705
2024-11-22 12:00:00+00:00,usdcad,1.39777,1.40002,1.39627,1.39952
2024-11-22 16:00:00+00:00,usdcad,1.3981,1.39937,1.39713,1.39775
2024-11-22 20:00:00+00:00,usdcad,1.397965,1.39881,1.39755,1.39809
2024-11-24 20:00:00+00:00,usdcad,1.39337,1.395385,1.3933,1.39525
2024-11-25 00:00:00+00:00,usdcad,1.39438,1.3946,1.39278,1.39338
2024-11-25 04:00:00+00:00,usdcad,1.3968,1.39684,1.39377,1.39437
2024-11-25 08:00:00+00:00,usdcad,1.3973,1.39765,1.39514,1.39679
2024-11-25 12:00:00+00:00,usdcad,1.39882,1.39918,1.39514,1.39729
2024-11-25 16:00:00+00:00,usdcad,1.39777,1.40074,1.39702,1.39881
2024-11-25 20:00:00+00:00,usdcad,1.40988,1.41209,1.3974,1.39776
2024-11-26 00:00:00+00:00,usdcad,1.41003,1.4178,1.40899,1.40989
2024-11-26 04:00:00+00:00,usdcad,1.41238,1.41317,1.40858,1.41004
2024-11-26 08:00:00+00:00,usdcad,1.40878,1.41454,1.40767,1.4124
2024-11-26 12:00:00+00:00,usdcad,1.40593,1.41284,1.4054,1.40879
2024-11-26 16:00:00+00:00,usdcad,1.4062,1.40923,1.4057,1.40592
2024-11-26 20:00:00+00:00,usdcad,1.4053,1.40719,1.40502,1.40619
2024-11-27 00:00:00+00:00,usdcad,1.40638,1.40723,1.40443,1.40528
2024-11-27 04:00:00+00:00,usdcad,1.40571,1.40782,1.40522,1.40637
2024-11-27 08:00:00+00:00,usdcad,1.4053,1.40631,1.40344,1.4057
2024-11-27 12:00:00+00:00,usdcad,1.40277,1.40658,1.40215,1.40531
2024-11-27 16:00:00+00:00,usdcad,1.40311,1.40383,1.40096,1.40276
2024-11-27 20:00:00+00:00,usdcad,1.40265,1.40359,1.40214,1.4031
2024-11-28 00:00:00+00:00,usdcad,1.4023,1.40292,1.40065,1.40264
2024-11-28 04:00:00+00:00,usdcad,1.40258,1.40283,1.40173,1.40229
2024-11-28 08:00:00+00:00,usdcad,1.40084,1.40317,1.39987,1.40261
2024-11-28 12:00:00+00:00,usdcad,1.40099,1.40202,1.40003,1.40083
2024-11-28 16:00:00+00:00,usdcad,1.401,1.40118,1.40047,1.401
2024-11-28 20:00:00+00:00,usdcad,1.40085,1.40161,1.40081,1.40099
2024-11-29 00:00:00+00:00,usdcad,1.39858,1.40128,1.39837,1.40084
2024-11-29 04:00:00+00:00,usdcad,1.39998,1.40036,1.39809,1.39857
2024-11-29 08:00:00+00:00,usdcad,1.40018,1.40129,1.39951,1.39999
2024-11-29 12:00:00+00:00,usdcad,1.40054,1.40459,1.40002,1.40019
2024-11-29 16:00:00+00:00,usdcad,1.39945,1.40206,1.39923,1.40055
2024-11-29 20:00:00+00:00,usdcad,1.400625,1.400665,1.39856,1.39946
2024-12-01 20:00:00+00:00,usdcad,1.40142,1.40186,1.399135,1.399135
2024-12-02 00:00:00+00:00,usdcad,1.40343,1.40416,1.40133,1.4014
2024-12-02 04:00:00+00:00,usdcad,1.40412,1.40414,1.40173,1.40344
2024-12-02 08:00:00+00:00,usdcad,1.40337,1.40495,1.40185,1.40413
2024-12-02 12:00:00+00:00,usdcad,1.40809,1.409,1.40279,1.40338
2024-12-02 16:00:00+00:00,usdcad,1.40459,1.40852,1.40438,1.40808
2024-12-02 20:00:00+00:00,usdcad,1.40467,1.40523,1.40382,1.40461
2024-12-03 00:00:00+00:00,usdcad,1.40499,1.40643,1.404,1.4047
2024-12-03 04:00:00+00:00,usdcad,1.40383,1.40582,1.40352,1.40498
2024-12-03 08:00:00+00:00,usdcad,1.40392,1.4041,1.40097,1.40385
2024-12-03 12:00:00+00:00,usdcad,1.40657,1.40721,1.40265,1.40393
2024-12-03 16:00:00+00:00,usdcad,1.40697,1.40762,1.40479,1.40656
2024-12-03 20:00:00+00:00,usdcad,1.40656,1.40725,1.40609,1.40699
2024-12-04 00:00:00+00:00,usdcad,1.40797,1.40833,1.40618,1.40658
2024-12-04 04:00:00+00:00,usdcad,1.40613,1.40809,1.40556,1.40796
2024-12-04 08:00:00+00:00,usdcad,1.40553,1.40823,1.40522,1.40614
2024-12-04 12:00:00+00:00,usdcad,1.40643,1.40801,1.40523,1.40554
2024-12-04 16:00:00+00:00,usdcad,1.40642,1.40785,1.40578,1.40642
2024-12-04 20:00:00+00:00,usdcad,1.40726,1.40752,1.40592,1.40641
2024-12-05 00:00:00+00:00,usdcad,1.40697,1.40797,1.40659,1.40724
2024-12-05 04:00:00+00:00,usdcad,1.40615,1.40742,1.40598,1.40696
2024-12-05 08:00:00+00:00,usdcad,1.40548,1.4065,1.40537,1.40614
2024-12-05 12:00:00+00:00,usdcad,1.40346,1.40636,1.40107,1.40547
2024-12-05 16:00:00+00:00,usdcad,1.40285,1.40669,1.40255,1.40348
2024-12-05 20:00:00+00:00,usdcad,1.40195,1.40326,1.40178,1.40286
2024-12-06 00:00:00+00:00,usdcad,1.40307,1.40435,1.40193,1.40196
2024-12-06 04:00:00+00:00,usdcad,1.40327,1.40419,1.40303,1.40306
2024-12-06 08:00:00+00:00,usdcad,1.40448,1.40468,1.40271,1.40325
2024-12-06 12:00:00+00:00,usdcad,1.41385,1.41568,1.4043,1.40449
2024-12-06 16:00:00+00:00,usdcad,1.41595,1.41647,1.4134,1.41386
2024-12-06 20:00:00+00:00,usdcad,1.41588,1.41629,1.41488,1.41594
2024-12-08 20:00:00+00:00,usdcad,1.41484,1.41654,1.41483,1.41566
2024-12-09 00:00:00+00:00,usdcad,1.41653,1.41662,1.4148,1.41485
2024-12-09 04:00:00+00:00,usdcad,1.41572,1.41753,1.4155,1.41654
2024-12-09 08:00:00+00:00,usdcad,1.4134,1.41624,1.41298,1.41573
2024-12-09 12:00:00+00:00,usdcad,1.41141,1.41356,1.40936,1.41341
2024-12-09 16:00:00+00:00,usdcad,1.41588,1.41644,1.41138,1.4114
2024-12-09 20:00:00+00:00,usdcad,1.41751,1.41754,1.41567,1.41587
2024-12-10 00:00:00+00:00,usdcad,1.41825,1.41898,1.41691,1.4175
2024-12-10 04:00:00+00:00,usdcad,1.41849,1.41858,1.41677,1.41822
2024-12-10 08:00:00+00:00,usdcad,1.41647,1.41951,1.41638,1.41848
2024-12-10 12:00:00+00:00,usdcad,1.41695,1.41945,1.41572,1.41646
2024-12-10 16:00:00+00:00,usdcad,1.41648,1.41712,1.4156,1.41694
2024-12-10 20:00:00+00:00,usdcad,1.41753,1.418215,1.41631,1.41649
2024-12-11 00:00:00+00:00,usdcad,1.41636,1.41784,1.41594,1.41754
2024-12-11 04:00:00+00:00,usdcad,1.41901,1.41913,1.41618,1.41637
2024-12-11 08:00:00+00:00,usdcad,1.41822,1.41938,1.41773,1.41902
2024-12-11 12:00:00+00:00,usdcad,1.41413,1.41945,1.41201,1.41823
2024-12-11 16:00:00+00:00,usdcad,1.41616,1.41705,1.41234,1.41412
2024-12-11 20:00:00+00:00,usdcad,1.41494,1.41676,1.41489,1.41617
2024-12-12 00:00:00+00:00,usdcad,1.41491,1.41554,1.41365,1.41493
2024-12-12 04:00:00+00:00,usdcad,1.41479,1.41522,1.41353,1.41492
2024-12-12 08:00:00+00:00,usdcad,1.41542,1.41545,1.41314,1.41482
2024-12-12 12:00:00+00:00,usdcad,1.41845,1.42,1.41545,1.41545
2024-12-12 16:00:00+00:00,usdcad,1.42078,1.42124,1.41692,1.41846
2024-12-12 20:00:00+00:00,usdcad,1.42161,1.42279,1.42041,1.42079
2024-12-13 00:00:00+00:00,usdcad,1.42406,1.42407,1.42163,1.42164
2024-12-13 04:00:00+00:00,usdcad,1.42329,1.4244,1.42275,1.42405
2024-12-13 08:00:00+00:00,usdcad,1.4219,1.42371,1.42165,1.4233
2024-12-13 12:00:00+00:00,usdcad,1.4238,1.42453,1.42099,1.42191
2024-12-13 16:00:00+00:00,usdcad,1.42327,1.42435,1.42235,1.42381
2024-12-13 20:00:00+00:00,usdcad,1.42352,1.42408,1.42285,1.42326
2024-12-15 20:00:00+00:00,usdcad,1.42265,1.423835,1.42255,1.423445
2024-12-16 00:00:00+00:00,usdcad,1.42268,1.423,1.42171,1.42267
2024-12-16 04:00:00+00:00,usdcad,1.42237,1.42307,1.42199,1.42267
2024-12-16 08:00:00+00:00,usdcad,1.42415,1.42441,1.42198,1.42239
2024-12-16 12:00:00+00:00,usdcad,1.42287,1.42713,1.42229,1.42414
2024-12-16 16:00:00+00:00,usdcad,1.42374,1.42417,1.4225,1.42288
2024-12-16 20:00:00+00:00,usdcad,1.4235,1.42509,1.42347,1.42375
2024-12-17 00:00:00+00:00,usdcad,1.42541,1.42547,1.42323,1.42349
2024-12-17 04:00:00+00:00,usdcad,1.42687,1.42719,1.42533,1.42542
2024-12-17 08:00:00+00:00,usdcad,1.42807,1.42937,1.4268,1.42686
2024-12-17 12:00:00+00:00,usdcad,1.43125,1.43208,1.42709,1.42808
2024-12-17 16:00:00+00:00,usdcad,1.43098,1.43237,1.43043,1.43124
2024-12-17 20:00:00+00:00,usdcad,1.43103,1.43162,1.43051,1.43099
2024-12-18 00:00:00+00:00,usdcad,1.43237,1.4324,1.43091,1.43104
2024-12-18 04:00:00+00:00,usdcad,1.43297,1.43315,1.43231,1.43238
2024-12-18 08:00:00+00:00,usdcad,1.43267,1.4332,1.43176,1.43296
2024-12-18 12:00:00+00:00,usdcad,1.43243,1.43283,1.43049,1.43268
2024-12-18 16:00:00+00:00,usdcad,1.4417,1.44251,1.43204,1.43244
2024-12-18 20:00:00+00:00,usdcad,1.44622,1.44672,1.44102,1.44172
2024-12-19 00:00:00+00:00,usdcad,1.44338,1.44621,1.44281,1.44621
2024-12-19 04:00:00+00:00,usdcad,1.44222,1.44432,1.44194,1.44335
2024-12-19 08:00:00+00:00,usdcad,1.43832,1.44228,1.43811,1.44223
2024-12-19 12:00:00+00:00,usdcad,1.4369,1.43864,1.43446,1.43831
2024-12-19 16:00:00+00:00,usdcad,1.43883,1.439,1.43474,1.4369
2024-12-19 20:00:00+00:00,usdcad,1.44032,1.44046,1.43788,1.43881
2024-12-20 00:00:00+00:00,usdcad,1.44314,1.44357,1.43976,1.44031
2024-12-20 04:00:00+00:00,usdcad,1.43849,1.44312,1.43833,1.4431
2024-12-20 08:00:00+00:00,usdcad,1.43898,1.43923,1.43714,1.43848
2024-12-20 12:00:00+00:00,usdcad,1.43685,1.43971,1.43563,1.43897
2024-12-20 16:00:00+00:00,usdcad,1.43532,1.43795,1.43357,1.43684
2024-12-20 20:00:00+00:00,usdcad,1.437535,1.43762,1.43529,1.43533
2024-12-22 20:00:00+00:00,usdcad,1.43606,1.43702,1.43595,1.436765
2024-12-23 00:00:00+00:00,usdcad,1.43584,1.43647,1.43493,1.43607
2024-12-23 04:00:00+00:00,usdcad,1.43887,1.43894,1.43527,1.43585
2024-12-23 08:00:00+00:00,usdcad,1.44015,1.4407,1.43656,1.43886
2024-12-23 12:00:00+00:00,usdcad,1.44122,1.44336,1.44007,1.44014
2024-12-23 16:00:00+00:00,usdcad,1.43727,1.44183,1.43691,1.44123
2024-12-23 20:00:00+00:00,usdcad,1.43745,1.43778,1.43672,1.43728
2024-12-24 00:00:00+00:00,usdcad,1.43832,1.43869,1.43732,1.43744
2024-12-24 04:00:00+00:00,usdcad,1.43835,1.43867,1.43732,1.43829
2024-12-24 08:00:00+00:00,usdcad,1.44035,1.44048,1.43817,1.43836
2024-12-24 12:00:00+00:00,usdcad,1.43818,1.44205,1.43637,1.44033
2024-12-24 16:00:00+00:00,usdcad,1.436815,1.43924,1.435765,1.4382
2024-12-24 20:00:00+00:00,usdcad,1.43598,1.436875,1.43485,1.436805
2024-12-25 20:00:00+00:00,usdcad,1.4354,1.43698,1.43513,1.436865
2024-12-26 00:00:00+00:00,usdcad,1.43542,1.43633,1.43502,1.43543
2024-12-26 04:00:00+00:00,usdcad,1.4382,1.43844,1.43542,1.43543
2024-12-26 08:00:00+00:00,usdcad,1.43829,1.44048,1.43812,1.43821
2024-12-26 12:00:00+00:00,usdcad,1.44119,1.4416,1.43828,1.4383
2024-12-26 16:00:00+00:00,usdcad,1.4415,1.44207,1.44017,1.44118
2024-12-26 20:00:00+00:00,usdcad,1.44099,1.44183,1.440535,1.44151
2024-12-27 00:00:00+00:00,usdcad,1.44085,1.4416,1.44058,1.441
2024-12-27 04:00:00+00:00,usdcad,1.4405,1.44108,1.44032,1.44084
2024-12-27 08:00:00+00:00,usdcad,1.43912,1.44115,1.43901,1.44051
2024-12-27 12:00:00+00:00,usdcad,1.44087,1.44217,1.43752,1.43911
2024-12-27 16:00:00+00:00,usdcad,1.4411,1.44497,1.44079,1.44088
2024-12-27 20:00:00+00:00,usdcad,1.441575,1.44215,1.44109,1.44109
2024-12-29 20:00:00+00:00,usdcad,1.4403,1.44168,1.44025,1.44162
2024-12-30 00:00:00+00:00,usdcad,1.43976,1.44076,1.43971,1.44029
2024-12-30 04:00:00+00:00,usdcad,1.43982,1.44008,1.43857,1.43975
2024-12-30 08:00:00+00:00,usdcad,1.43784,1.44107,1.43739,1.43985
2024-12-30 12:00:00+00:00,usdcad,1.43871,1.44332,1.43729,1.43785
2024-12-30 16:00:00+00:00,usdcad,1.43592,1.43937,1.43451,1.43869
2024-12-30 20:00:00+00:00,usdcad,1.4351,1.43637,1.43502,1.43593
2024-12-31 00:00:00+00:00,usdcad,1.43498,1.43621,1.43384,1.43511
2024-12-31 04:00:00+00:00,usdcad,1.43683,1.43705,1.43449,1.43497
2024-12-31 08:00:00+00:00,usdcad,1.43827,1.4383,1.43652,1.43682
2024-12-31 12:00:00+00:00,usdcad,1.43795,1.44084,1.43641,1.43828
2024-12-31 16:00:00+00:00,usdcad,1.43823,1.44096,1.43744,1.43794
2024-12-31 20:00:00+00:00,usdcad,1.438155,1.43832,1.43722,1.43824
2025-01-01 20:00:00+00:00,usdcad,1.43755,1.438665,1.43733,1.43855
2025-01-02 00:00:00+00:00,usdcad,1.43767,1.43862,1.43694,1.43756
2025-01-02 04:00:00+00:00,usdcad,1.44052,1.44078,1.43712,1.43765
2025-01-02 08:00:00+00:00,usdcad,1.44182,1.44288,1.44004,1.44051
2025-01-02 12:00:00+00:00,usdcad,1.44225,1.44392,1.44146,1.44183
2025-01-02 16:00:00+00:00,usdcad,1.44177,1.44422,1.43925,1.44227
2025-01-02 20:00:00+00:00,usdcad,1.44049,1.44178,1.43969,1.44178
2025-01-03 00:00:00+00:00,usdcad,1.43846,1.4405,1.43836,1.4405
2025-01-03 04:00:00+00:00,usdcad,1.43983,1.44032,1.43836,1.43847
2025-01-03 08:00:00+00:00,usdcad,1.43932,1.4405,1.43873,1.43982
2025-01-03 12:00:00+00:00,usdcad,1.44362,1.44544,1.43922,1.43934
2025-01-03 16:00:00+00:00,usdcad,1.44486,1.44638,1.44333,1.44363
2025-01-03 20:00:00+00:00,usdcad,1.44481,1.44514,1.44401,1.44485
2025-01-05 20:00:00+00:00,usdcad,1.44392,1.44512,1.44366,1.4448
2025-01-06 00:00:00+00:00,usdcad,1.44041,1.4445,1.43882,1.44393
2025-01-06 04:00:00+00:00,usdcad,1.43903,1.44063,1.43855,1.4404
2025-01-06 08:00:00+00:00,usdcad,1.43016,1.43945,1.43012,1.43908
2025-01-06 12:00:00+00:00,usdcad,1.43613,1.43729,1.42802,1.43017
2025-01-06 16:00:00+00:00,usdcad,1.43373,1.43793,1.43366,1.43612
2025-01-06 20:00:00+00:00,usdcad,1.43418,1.43421,1.43288,1.43372
2025-01-07 00:00:00+00:00,usdcad,1.43234,1.43499,1.43233,1.43414
2025-01-07 04:00:00+00:00,usdcad,1.4308,1.43247,1.43078,1.43233
2025-01-07 08:00:00+00:00,usdcad,1.43159,1.43187,1.4298,1.43079
2025-01-07 12:00:00+00:00,usdcad,1.4345,1.4366,1.43013,1.4316
2025-01-07 16:00:00+00:00,usdcad,1.43474,1.43589,1.43175,1.43449
2025-01-07 20:00:00+00:00,usdcad,1.4366,1.437145,1.43464,1.43475
2025-01-08 00:00:00+00:00,usdcad,1.43503,1.43659,1.43447,1.43659
2025-01-08 04:00:00+00:00,usdcad,1.43607,1.43647,1.43395,1.43504
2025-01-08 08:00:00+00:00,usdcad,1.43905,1.44098,1.43503,1.43608
2025-01-08 12:00:00+00:00,usdcad,1.43872,1.44068,1.43806,1.43904
2025-01-08 16:00:00+00:00,usdcad,1.43886,1.43979,1.43752,1.43871
2025-01-08 20:00:00+00:00,usdcad,1.43774,1.43928,1.4373,1.43887
2025-01-09 00:00:00+00:00,usdcad,1.43768,1.43863,1.43654,1.43772
2025-01-09 04:00:00+00:00,usdcad,1.44004,1.44018,1.43714,1.43769
2025-01-09 08:00:00+00:00,usdcad,1.43968,1.44051,1.43779,1.44002
2025-01-09 12:00:00+00:00,usdcad,1.43985,1.44044,1.43863,1.43966
2025-01-09 16:00:00+00:00,usdcad,1.43925,1.44043,1.43884,1.43984
2025-01-09 20:00:00+00:00,usdcad,1.44021,1.44028,1.43882,1.43923
2025-01-10 00:00:00+00:00,usdcad,1.44118,1.44125,1.43961,1.44019
2025-01-10 04:00:00+00:00,usdcad,1.44059,1.44221,1.44059,1.44116
2025-01-10 08:00:00+00:00,usdcad,1.44092,1.44176,1.43953,1.4406
2025-01-10 12:00:00+00:00,usdcad,1.44235,1.44372,1.43757,1.44091
2025-01-10 16:00:00+00:00,usdcad,1.44274,1.44429,1.44129,1.44237
2025-01-10 20:00:00+00:00,usdcad,1.442225,1.44374,1.442,1.44275
2025-01-12 20:00:00+00:00,usdcad,1.44155,1.442515,1.44117,1.442375
2025-01-13 00:00:00+00:00,usdcad,1.44427,1.4443,1.44151,1.44153
2025-01-13 04:00:00+00:00,usdcad,1.44321,1.44474,1.44286,1.44426
2025-01-13 08:00:00+00:00,usdcad,1.44312,1.44403,1.44148,1.44322
2025-01-13 12:00:00+00:00,usdcad,1.44208,1.44338,1.43923,1.44311
2025-01-13 16:00:00+00:00,usdcad,1.44122,1.44275,1.44032,1.44207
2025-01-13 20:00:00+00:00,usdcad,1.43647,1.44125,1.43432,1.44123
2025-01-14 00:00:00+00:00,usdcad,1.43775,1.43878,1.43633,1.43648
2025-01-14 04:00:00+00:00,usdcad,1.4376,1.43866,1.4371,1.43774
2025-01-14 08:00:00+00:00,usdcad,1.43808,1.43836,1.43584,1.43758
2025-01-14 12:00:00+00:00,usdcad,1.43541,1.44104,1.43511,1.43809
2025-01-14 16:00:00+00:00,usdcad,1.43653,1.43813,1.43509,1.4354
2025-01-14 20:00:00+00:00,usdcad,1.43522,1.4369,1.43472,1.43654
2025-01-15 00:00:00+00:00,usdcad,1.43528,1.436,1.43508,1.43523
2025-01-15 04:00:00+00:00,usdcad,1.43425,1.43644,1.43405,1.43529
2025-01-15 08:00:00+00:00,usdcad,1.43447,1.43532,1.43293,1.43429
2025-01-15 12:00:00+00:00,usdcad,1.4341,1.43669,1.43026,1.43448
2025-01-15 16:00:00+00:00,usdcad,1.43286,1.43581,1.43273,1.43409
2025-01-15 20:00:00+00:00,usdcad,1.43253,1.434225,1.43241,1.43287
2025-01-16 00:00:00+00:00,usdcad,1.43523,1.43547,1.4323,1.43255
2025-01-16 04:00:00+00:00,usdcad,1.43564,1.43671,1.43483,1.43522
2025-01-16 08:00:00+00:00,usdcad,1.43731,1.43842,1.43542,1.43563
2025-01-16 12:00:00+00:00,usdcad,1.43878,1.43954,1.43728,1.4373
2025-01-16 16:00:00+00:00,usdcad,1.43957,1.44009,1.43678,1.43876
2025-01-16 20:00:00+00:00,usdcad,1.4395,1.44033,1.43899,1.43958
2025-01-17 00:00:00+00:00,usdcad,1.43951,1.44031,1.43896,1.43951
2025-01-17 04:00:00+00:00,usdcad,1.44073,1.44132,1.43938,1.4395
2025-01-17 08:00:00+00:00,usdcad,1.44123,1.44175,1.44024,1.44074
2025-01-17 12:00:00+00:00,usdcad,1.44008,1.44644,1.43829,1.44122
2025-01-17 16:00:00+00:00,usdcad,1.44608,1.4465,1.44008,1.44009
2025-01-17 20:00:00+00:00,usdcad,1.44806,1.448515,1.44605,1.44609
2025-01-19 20:00:00+00:00,usdcad,1.44709,1.44857,1.44615,1.44615
2025-01-20 00:00:00+00:00,usdcad,1.4446,1.44734,1.4446,1.4471
2025-01-20 04:00:00+00:00,usdcad,1.44459,1.44572,1.44434,1.44459
2025-01-20 08:00:00+00:00,usdcad,1.44627,1.44788,1.44454,1.44455
2025-01-20 12:00:00+00:00,usdcad,1.43401,1.44703,1.42615,1.44626
2025-01-20 16:00:00+00:00,usdcad,1.430475,1.43815,1.42926,1.43402
2025-01-20 20:00:00+00:00,usdcad,1.4303,1.43186,1.42832,1.43047
2025-01-21 00:00:00+00:00,usdcad,1.4416,1.451655,1.42897,1.43029
2025-01-21 04:00:00+00:00,usdcad,1.44527,1.44548,1.44052,1.44158
2025-01-21 08:00:00+00:00,usdcad,1.44468,1.44578,1.44156,1.44529
2025-01-21 12:00:00+00:00,usdcad,1.43787,1.44566,1.43681,1.44466
2025-01-21 16:00:00+00:00,usdcad,1.4335,1.43787,1.43177,1.43786
2025-01-21 20:00:00+00:00,usdcad,1.43418,1.43513,1.431235,1.43351
2025-01-22 00:00:00+00:00,usdcad,1.43383,1.43414,1.43169,1.43414
2025-01-22 04:00:00+00:00,usdcad,1.43358,1.43548,1.4331,1.43384
2025-01-22 08:00:00+00:00,usdcad,1.43339,1.43379,1.43012,1.43357
2025-01-22 12:00:00+00:00,usdcad,1.43762,1.43913,1.43285,1.4334
2025-01-22 16:00:00+00:00,usdcad,1.43705,1.43821,1.43537,1.43763
2025-01-22 20:00:00+00:00,usdcad,1.43961,1.44045,1.43647,1.43706
2025-01-23 00:00:00+00:00,usdcad,1.43919,1.44043,1.43825,1.43962
2025-01-23 04:00:00+00:00,usdcad,1.43892,1.44023,1.43864,1.4392
2025-01-23 08:00:00+00:00,usdcad,1.43961,1.44022,1.43842,1.43891
2025-01-23 12:00:00+00:00,usdcad,1.438,1.44137,1.43706,1.4396
2025-01-23 16:00:00+00:00,usdcad,1.43619,1.44025,1.43345,1.43799
2025-01-23 20:00:00+00:00,usdcad,1.43779,1.43864,1.43555,1.4362
2025-01-24 00:00:00+00:00,usdcad,1.43343,1.43841,1.43213,1.4378
2025-01-24 04:00:00+00:00,usdcad,1.43442,1.4349,1.43216,1.43344
2025-01-24 08:00:00+00:00,usdcad,1.43346,1.43478,1.43152,1.43443
2025-01-24 12:00:00+00:00,usdcad,1.43279,1.43498,1.43177,1.43349
2025-01-24 16:00:00+00:00,usdcad,1.43428,1.43473,1.4325,1.4328
2025-01-24 20:00:00+00:00,usdcad,1.43449,1.43503,1.43359,1.43432
2025-01-26 20:00:00+00:00,usdcad,1.43865,1.43878,1.43654,1.437055
2025-01-27 00:00:00+00:00,usdcad,1.43778,1.44017,1.43657,1.43864
2025-01-27 04:00:00+00:00,usdcad,1.44003,1.44005,1.43745,1.43777
2025-01-27 08:00:00+00:00,usdcad,1.43614,1.44002,1.43475,1.44002
2025-01-27 12:00:00+00:00,usdcad,1.43845,1.43956,1.43337,1.43612
2025-01-27 16:00:00+00:00,usdcad,1.43774,1.44015,1.43757,1.43844
2025-01-27 20:00:00+00:00,usdcad,1.44059,1.44158,1.43668,1.43775
2025-01-28 00:00:00+00:00,usdcad,1.43996,1.44078,1.43812,1.44055
2025-01-28 04:00:00+00:00,usdcad,1.44042,1.44057,1.43924,1.43997
2025-01-28 08:00:00+00:00,usdcad,1.44161,1.44168,1.43893,1.44044
2025-01-28 12:00:00+00:00,usdcad,1.43925,1.44202,1.43692,1.4416
2025-01-28 16:00:00+00:00,usdcad,1.43953,1.44135,1.43842,1.43927
2025-01-28 20:00:00+00:00,usdcad,1.44032,1.44034,1.43935,1.43954
2025-01-29 00:00:00+00:00,usdcad,1.43967,1.44094,1.4395,1.44031
2025-01-29 04:00:00+00:00,usdcad,1.44139,1.44151,1.43922,1.43968
2025-01-29 08:00:00+00:00,usdcad,1.44279,1.44337,1.44084,1.44138
2025-01-29 12:00:00+00:00,usdcad,1.44437,1.44719,1.442235,1.44278
2025-01-29 16:00:00+00:00,usdcad,1.44208,1.44586,1.44042,1.44436
2025-01-29 20:00:00+00:00,usdcad,1.43973,1.44302,1.43934,1.44211
2025-01-30 00:00:00+00:00,usdcad,1.44179,1.44202,1.43974,1.43974
2025-01-30 04:00:00+00:00,usdcad,1.44181,1.44363,1.44148,1.4418
2025-01-30 08:00:00+00:00,usdcad,1.44138,1.44192,1.44026,1.44177
2025-01-30 12:00:00+00:00,usdcad,1.44093,1.44233,1.44001,1.44139
2025-01-30 16:00:00+00:00,usdcad,1.44138,1.44226,1.44003,1.44095
2025-01-30 20:00:00+00:00,usdcad,1.44935,1.45958,1.44122,1.44137
2025-01-31 00:00:00+00:00,usdcad,1.44839,1.45013,1.44725,1.44936
2025-01-31 04:00:00+00:00,usdcad,1.44384,1.44882,1.44315,1.44838
2025-01-31 08:00:00+00:00,usdcad,1.44871,1.44978,1.44371,1.44383
2025-01-31 12:00:00+00:00,usdcad,1.44822,1.45506,1.446365,1.4487
2025-01-31 16:00:00+00:00,usdcad,1.45165,1.45282,1.43711,1.44823
2025-01-31 20:00:00+00:00,usdcad,1.4534,1.45598,1.44957,1.45152
2025-02-02 20:00:00+00:00,usdcad,1.47132,1.47521,1.47051,1.473795
2025-02-03 00:00:00+00:00,usdcad,1.47761,1.47934,1.46738,1.47133
2025-02-03 04:00:00+00:00,usdcad,1.47171,1.47763,1.46951,1.477615
2025-02-03 08:00:00+00:00,usdcad,1.46746,1.47218,1.46654,1.47172
2025-02-03 12:00:00+00:00,usdcad,1.45706,1.470055,1.45455,1.46743
2025-02-03 16:00:00+00:00,usdcad,1.45745,1.464405,1.45233,1.45708
2025-02-03 20:00:00+00:00,usdcad,1.44221,1.457555,1.4387,1.45743
2025-02-04 00:00:00+00:00,usdcad,1.44691,1.44743,1.44179,1.4422
2025-02-04 04:00:00+00:00,usdcad,1.44391,1.450355,1.4431,1.44692
2025-02-04 08:00:00+00:00,usdcad,1.44351,1.44615,1.4415,1.44387
2025-02-04 12:00:00+00:00,usdcad,1.43278,1.44418,1.43278,1.44348
2025-02-04 16:00:00+00:00,usdcad,1.43056,1.43507,1.43019,1.4328
2025-02-04 20:00:00+00:00,usdcad,1.43394,1.43395,1.4305,1.43057
2025-02-05 00:00:00+00:00,usdcad,1.43322,1.43389,1.43137,1.43389
2025-02-05 04:00:00+00:00,usdcad,1.43098,1.43446,1.43055,1.43321
2025-02-05 08:00:00+00:00,usdcad,1.42883,1.43107,1.42728,1.431
2025-02-05 12:00:00+00:00,usdcad,1.42861,1.43,1.42702,1.42882
2025-02-05 16:00:00+00:00,usdcad,1.43153,1.43205,1.4276,1.42862
2025-02-05 20:00:00+00:00,usdcad,1.43158,1.43283,1.43051,1.43154
2025-02-06 00:00:00+00:00,usdcad,1.43342,1.43361,1.43124,1.43159
2025-02-06 04:00:00+00:00,usdcad,1.43603,1.4364,1.43324,1.4334
2025-02-06 08:00:00+00:00,usdcad,1.43588,1.43668,1.43482,1.43604
2025-02-06 12:00:00+00:00,usdcad,1.43218,1.43646,1.4321,1.43589
2025-02-06 16:00:00+00:00,usdcad,1.43187,1.43233,1.43014,1.43219
2025-02-06 20:00:00+00:00,usdcad,1.43081,1.43194,1.43031,1.43186
2025-02-07 00:00:00+00:00,usdcad,1.43173,1.43186,1.4302,1.43082
2025-02-07 04:00:00+00:00,usdcad,1.43144,1.4327,1.43076,1.43174
2025-02-07 08:00:00+00:00,usdcad,1.43324,1.43365,1.43048,1.43145
2025-02-07 12:00:00+00:00,usdcad,1.43018,1.43453,1.42802,1.43328
2025-02-07 16:00:00+00:00,usdcad,1.42839,1.43329,1.42737,1.4302
2025-02-07 20:00:00+00:00,usdcad,1.42926,1.42981,1.42743,1.42838
2025-02-09 20:00:00+00:00,usdcad,1.43334,1.438055,1.43314,1.43543
2025-02-10 00:00:00+00:00,usdcad,1.43438,1.43587,1.43237,1.43333
2025-02-10 04:00:00+00:00,usdcad,1.43479,1.43592,1.43313,1.43437
2025-02-10 08:00:00+00:00,usdcad,1.43405,1.43487,1.43156,1.43478
2025-02-10 12:00:00+00:00,usdcad,1.43206,1.4345,1.43197,1.43402
2025-02-10 16:00:00+00:00,usdcad,1.43083,1.4326,1.43055,1.43207
2025-02-10 20:00:00+00:00,usdcad,1.43392,1.43394,1.43068,1.43084
2025-02-11 00:00:00+00:00,usdcad,1.43349,1.43408,1.43267,1.43389
2025-02-11 04:00:00+00:00,usdcad,1.43336,1.43383,1.43268,1.43348
2025-02-11 08:00:00+00:00,usdcad,1.43284,1.4346,1.43249,1.43337
2025-02-11 12:00:00+00:00,usdcad,1.43145,1.43398,1.43085,1.43282
2025-02-11 16:00:00+00:00,usdcad,1.42943,1.43155,1.42794,1.43146
2025-02-11 20:00:00+00:00,usdcad,1.42873,1.42954,1.42802,1.42942
2025-02-12 00:00:00+00:00,usdcad,1.42872,1.42966,1.42798,1.42874
2025-02-12 04:00:00+00:00,usdcad,1.42914,1.42985,1.42866,1.42874
2025-02-12 08:00:00+00:00,usdcad,1.42955,1.43156,1.42871,1.42916
2025-02-12 12:00:00+00:00,usdcad,1.42955,1.43426,1.42871,1.42954
2025-02-12 16:00:00+00:00,usdcad,1.42847,1.43147,1.42559,1.42954
2025-02-12 20:00:00+00:00,usdcad,1.43006,1.431095,1.42799,1.42846
2025-02-13 00:00:00+00:00,usdcad,1.4269,1.43024,1.4269,1.43005
2025-02-13 04:00:00+00:00,usdcad,1.42708,1.4275,1.42552,1.42693
2025-02-13 08:00:00+00:00,usdcad,1.42952,1.43039,1.42707,1.42707
2025-02-13 12:00:00+00:00,usdcad,1.42225,1.43032,1.42111,1.42941
2025-02-13 16:00:00+00:00,usdcad,1.42315,1.4263,1.42122,1.42222
2025-02-13 20:00:00+00:00,usdcad,1.4193,1.42335,1.41835,1.42316
2025-02-14 00:00:00+00:00,usdcad,1.4183,1.42007,1.41822,1.41931
2025-02-14 04:00:00+00:00,usdcad,1.41672,1.41919,1.41643,1.41829
2025-02-14 08:00:00+00:00,usdcad,1.41831,1.41917,1.41572,1.41671
2025-02-14 12:00:00+00:00,usdcad,1.41672,1.41898,1.41511,1.41832
2025-02-14 16:00:00+00:00,usdcad,1.41603,1.41788,1.41575,1.41673
2025-02-14 20:00:00+00:00,usdcad,1.418145,1.41832,1.416,1.41604
2025-02-16 20:00:00+00:00,usdcad,1.41816,1.41907,1.417355,1.41736
2025-02-17 00:00:00+00:00,usdcad,1.41714,1.4184,1.41598,1.41817
2025-02-17 04:00:00+00:00,usdcad,1.41847,1.41858,1.41627,1.41715
2025-02-17 08:00:00+00:00,usdcad,1.41864,1.41941,1.4182,1.41845
2025-02-17 12:00:00+00:00,usdcad,1.41875,1.41933,1.41819,1.41863
2025-02-17 16:00:00+00:00,usdcad,1.41847,1.41899,1.41794,1.41874
2025-02-17 20:00:00+00:00,usdcad,1.41856,1.419615,1.418155,1.41848
2025-02-18 00:00:00+00:00,usdcad,1.41993,1.42067,1.41826,1.41855
2025-02-18 04:00:00+00:00,usdcad,1.41945,1.42088,1.41823,1.41994
2025-02-18 08:00:00+00:00,usdcad,1.41863,1.41986,1.41797,1.41947
2025-02-18 12:00:00+00:00,usdcad,1.41886,1.4213,1.4183,1.41862
2025-02-18 16:00:00+00:00,usdcad,1.41885,1.41978,1.41845,1.41885
2025-02-18 20:00:00+00:00,usdcad,1.41903,1.41972,1.41834,1.41886
2025-02-19 00:00:00+00:00,usdcad,1.41809,1.4199,1.41796,1.41902
2025-02-19 04:00:00+00:00,usdcad,1.41859,1.4186,1.41756,1.41808
2025-02-19 08:00:00+00:00,usdcad,1.42101,1.42114,1.41844,1.41858
2025-02-19 12:00:00+00:00,usdcad,1.4221,1.42216,1.41923,1.42103
2025-02-19 16:00:00+00:00,usdcad,1.42313,1.42457,1.42182,1.42212
2025-02-19 20:00:00+00:00,usdcad,1.42411,1.42438,1.4225,1.42312
2025-02-20 00:00:00+00:00,usdcad,1.42228,1.4245,1.42209,1.4241
2025-02-20 04:00:00+00:00,usdcad,1.42274,1.42305,1.42164,1.42227
2025-02-20 08:00:00+00:00,usdcad,1.42147,1.42275,1.42041,1.42275
2025-02-20 12:00:00+00:00,usdcad,1.41902,1.42234,1.41835,1.42148
2025-02-20 16:00:00+00:00,usdcad,1.41748,1.42013,1.41708,1.41903
2025-02-20 20:00:00+00:00,usdcad,1.41755,1.41842,1.41665,1.41747
2025-02-21 00:00:00+00:00,usdcad,1.4172,1.41884,1.41686,1.41756
2025-02-21 04:00:00+00:00,usdcad,1.41861,1.41949,1.41694,1.41718
2025-02-21 08:00:00+00:00,usdcad,1.41963,1.41995,1.41803,1.4186
2025-02-21 12:00:00+00:00,usdcad,1.42033,1.42089,1.417125,1.41962
2025-02-21 16:00:00+00:00,usdcad,1.42296,1.42353,1.41933,1.42032
2025-02-21 20:00:00+00:00,usdcad,1.42252,1.42365,1.42239,1.42298
2025-02-23 20:00:00+00:00,usdcad,1.42111,1.4227,1.42051,1.42264
2025-02-24 00:00:00+00:00,usdcad,1.41859,1.42136,1.41822,1.4211
2025-02-24 04:00:00+00:00,usdcad,1.41936,1.42006,1.41842,1.41858
2025-02-24 08:00:00+00:00,usdcad,1.42143,1.4221,1.41927,1.41935
2025-02-24 12:00:00+00:00,usdcad,1.42357,1.42449,1.42071,1.42145
2025-02-24 16:00:00+00:00,usdcad,1.42287,1.42398,1.42072,1.42356
2025-02-24 20:00:00+00:00,usdcad,1.42784,1.42796,1.42254,1.42284
2025-02-25 00:00:00+00:00,usdcad,1.42498,1.42796,1.42402,1.42786
2025-02-25 04:00:00+00:00,usdcad,1.42696,1.42709,1.42423,1.42497
2025-02-25 08:00:00+00:00,usdcad,1.42473,1.42747,1.42434,1.42698
2025-02-25 12:00:00+00:00,usdcad,1.42944,1.42955,1.42456,1.42474
2025-02-25 16:00:00+00:00,usdcad,1.4303,1.43167,1.42803,1.42945
2025-02-25 20:00:00+00:00,usdcad,1.4302,1.431845,1.42919,1.43031
2025-02-26 00:00:00+00:00,usdcad,1.43252,1.43266,1.42944,1.43021
2025-02-26 04:00:00+00:00,usdcad,1.43293,1.43337,1.43172,1.43253
2025-02-26 08:00:00+00:00,usdcad,1.43426,1.43449,1.43175,1.43292
2025-02-26 12:00:00+00:00,usdcad,1.43496,1.43574,1.43257,1.43427
2025-02-26 16:00:00+00:00,usdcad,1.43341,1.43661,1.42995,1.43497
2025-02-26 20:00:00+00:00,usdcad,1.43389,1.43684,1.43319,1.4334
2025-02-27 00:00:00+00:00,usdcad,1.43588,1.43596,1.43389,1.4339
2025-02-27 04:00:00+00:00,usdcad,1.43391,1.43635,1.43346,1.43587
2025-02-27 08:00:00+00:00,usdcad,1.43404,1.43437,1.43223,1.43392
2025-02-27 12:00:00+00:00,usdcad,1.44272,1.44377,1.43338,1.43403
2025-02-27 16:00:00+00:00,usdcad,1.44414,1.44427,1.44127,1.44271
2025-02-27 20:00:00+00:00,usdcad,1.44468,1.44494,1.44335,1.44416
2025-02-28 00:00:00+00:00,usdcad,1.44467,1.44528,1.44297,1.44467
2025-02-28 04:00:00+00:00,usdcad,1.44425,1.44531,1.44372,1.44466
2025-02-28 08:00:00+00:00,usdcad,1.44334,1.44512,1.44292,1.44426
2025-02-28 12:00:00+00:00,usdcad,1.44034,1.44482,1.44001,1.44313
2025-02-28 16:00:00+00:00,usdcad,1.44592,1.44627,1.4401,1.44032
2025-02-28 20:00:00+00:00,usdcad,1.44669,1.44723,1.44561,1.44593
2025-03-02 20:00:00+00:00,usdcad,1.44443,1.44499,1.44361,1.4448
2025-03-03 00:00:00+00:00,usdcad,1.44442,1.44532,1.44307,1.44442
2025-03-03 04:00:00+00:00,usdcad,1.44408,1.44534,1.44349,1.44443
2025-03-03 08:00:00+00:00,usdcad,1.44351,1.44468,1.44219,1.44407
2025-03-03 12:00:00+00:00,usdcad,1.44015,1.44401,1.43696,1.44352
2025-03-03 16:00:00+00:00,usdcad,1.45001,1.45013,1.43973,1.44016
2025-03-03 20:00:00+00:00,usdcad,1.44946,1.45418,1.44792,1.45
2025-03-04 00:00:00+00:00,usdcad,1.45034,1.45062,1.44836,1.44947
2025-03-04 04:00:00+00:00,usdcad,1.44863,1.45215,1.44708,1.45033
2025-03-04 08:00:00+00:00,usdcad,1.44085,1.45033,1.4407,1.44864
2025-03-04 12:00:00+00:00,usdcad,1.44984,1.45026,1.44078,1.44084
2025-03-04 16:00:00+00:00,usdcad,1.44885,1.4543,1.44856,1.44983
2025-03-04 20:00:00+00:00,usdcad,1.43992,1.44887,1.43709,1.44887
2025-03-05 00:00:00+00:00,usdcad,1.44252,1.44501,1.43981,1.43993
2025-03-05 04:00:00+00:00,usdcad,1.44025,1.44335,1.43897,1.44251
2025-03-05 08:00:00+00:00,usdcad,1.43942,1.44134,1.43776,1.44024
2025-03-05 12:00:00+00:00,usdcad,1.43955,1.44259,1.4342,1.4394
2025-03-05 16:00:00+00:00,usdcad,1.43361,1.44198,1.43311,1.43964
2025-03-05 20:00:00+00:00,usdcad,1.43405,1.43459,1.43307,1.43362
2025-03-06 00:00:00+00:00,usdcad,1.43281,1.43538,1.43097,1.43406
2025-03-06 04:00:00+00:00,usdcad,1.43446,1.43453,1.43245,1.4328
2025-03-06 08:00:00+00:00,usdcad,1.43642,1.43682,1.43401,1.43448
2025-03-06 12:00:00+00:00,usdcad,1.42699,1.43769,1.42617,1.43641
2025-03-06 16:00:00+00:00,usdcad,1.43031,1.43185,1.423965,1.42696
2025-03-06 20:00:00+00:00,usdcad,1.42942,1.43146,1.42884,1.43032
2025-03-07 00:00:00+00:00,usdcad,1.43101,1.43116,1.42885,1.42945
2025-03-07 04:00:00+00:00,usdcad,1.43037,1.43198,1.42981,1.43102
2025-03-07 08:00:00+00:00,usdcad,1.43185,1.43206,1.42797,1.43035
2025-03-07 12:00:00+00:00,usdcad,1.43621,1.43771,1.43126,1.43182
2025-03-07 16:00:00+00:00,usdcad,1.43656,1.44266,1.43623,1.43623
2025-03-07 20:00:00+00:00,usdcad,1.4373,1.438365,1.43597,1.43657
2025-03-09 20:00:00+00:00,usdcad,1.43737,1.43889,1.43672,1.437465
2025-03-10 00:00:00+00:00,usdcad,1.43674,1.4379,1.43547,1.43736
2025-03-10 04:00:00+00:00,usdcad,1.43601,1.43706,1.43577,1.43673
2025-03-10 08:00:00+00:00,usdcad,1.43948,1.43948,1.43534,1.43598
2025-03-10 12:00:00+00:00,usdcad,1.44313,1.44346,1.43884,1.43947
2025-03-10 16:00:00+00:00,usdcad,1.44402,1.44727,1.44235,1.44314
2025-03-10 20:00:00+00:00,usdcad,1.44271,1.44503,1.44269,1.44403
2025-03-11 00:00:00+00:00,usdcad,1.44295,1.44474,1.44164,1.4427
2025-03-11 04:00:00+00:00,usdcad,1.44142,1.44463,1.44103,1.44296
2025-03-11 08:00:00+00:00,usdcad,1.43997,1.44264,1.43994,1.44143
2025-03-11 12:00:00+00:00,usdcad,1.44635,1.45214,1.43939,1.43996
2025-03-11 16:00:00+00:00,usdcad,1.44122,1.45047,1.43799,1.44638
2025-03-11 20:00:00+00:00,usdcad,1.44354,1.443695,1.44054,1.44121
2025-03-12 00:00:00+00:00,usdcad,1.44493,1.44498,1.44279,1.44355
2025-03-12 04:00:00+00:00,usdcad,1.44516,1.44849,1.44394,1.44492
2025-03-12 08:00:00+00:00,usdcad,1.44121,1.44595,1.44073,1.44517
2025-03-12 12:00:00+00:00,usdcad,1.43977,1.44303,1.43688,1.44122
2025-03-12 16:00:00+00:00,usdcad,1.43765,1.44019,1.43536,1.43978
2025-03-12 20:00:00+00:00,usdcad,1.43596,1.43786,1.43594,1.43764
2025-03-13 00:00:00+00:00,usdcad,1.43877,1.43879,1.43595,1.43597
2025-03-13 04:00:00+00:00,usdcad,1.43975,1.44048,1.43845,1.43878
2025-03-13 08:00:00+00:00,usdcad,1.43785,1.44011,1.43672,1.43974
2025-03-13 12:00:00+00:00,usdcad,1.43994,1.44064,1.43658,1.43788
2025-03-13 16:00:00+00:00,usdcad,1.44353,1.44517,1.43965,1.43992
2025-03-13 20:00:00+00:00,usdcad,1.44276,1.44455,1.44258,1.44351
2025-03-14 00:00:00+00:00,usdcad,1.4428,1.44418,1.44264,1.44274
2025-03-14 04:00:00+00:00,usdcad,1.44223,1.44366,1.44175,1.44281
2025-03-14 08:00:00+00:00,usdcad,1.44195,1.44369,1.44118,1.44224
2025-03-14 12:00:00+00:00,usdcad,1.4379,1.44247,1.43769,1.44194
2025-03-14 16:00:00+00:00,usdcad,1.43636,1.43947,1.43584,1.43789
2025-03-14 20:00:00+00:00,usdcad,1.43697,1.43724,1.43556,1.43638
2025-03-16 20:00:00+00:00,usdcad,1.43741,1.43774,1.43586,1.43773
2025-03-17 00:00:00+00:00,usdcad,1.43749,1.43789,1.43653,1.4374
2025-03-17 04:00:00+00:00,usdcad,1.43635,1.43807,1.43604,1.4375
2025-03-17 08:00:00+00:00,usdcad,1.43486,1.43708,1.43473,1.43633
2025-03-17 12:00:00+00:00,usdcad,1.42997,1.43517,1.42898,1.43485
2025-03-17 16:00:00+00:00,usdcad,1.42836,1.43025,1.42757,1.42998
2025-03-17 20:00:00+00:00,usdcad,1.42989,1.43002,1.42826,1.42833
2025-03-18 00:00:00+00:00,usdcad,1.43055,1.43077,1.4289,1.42987
2025-03-18 04:00:00+00:00,usdcad,1.42941,1.4308,1.42917,1.43056
2025-03-18 08:00:00+00:00,usdcad,1.42876,1.42986,1.42724,1.42942
2025-03-18 12:00:00+00:00,usdcad,1.43124,1.4319,1.4267,1.42877
2025-03-18 16:00:00+00:00,usdcad,1.42956,1.43197,1.42927,1.43123
2025-03-18 20:00:00+00:00,usdcad,1.43002,1.4305,1.42925,1.42953
2025-03-19 00:00:00+00:00,usdcad,1.431,1.43134,1.42959,1.43
2025-03-19 04:00:00+00:00,usdcad,1.43271,1.43314,1.43078,1.43101
2025-03-19 08:00:00+00:00,usdcad,1.43193,1.4335,1.43085,1.43272
2025-03-19 12:00:00+00:00,usdcad,1.43299,1.4338,1.43098,1.4319
2025-03-19 16:00:00+00:00,usdcad,1.43249,1.43493,1.43084,1.43298
2025-03-19 20:00:00+00:00,usdcad,1.43233,1.433185,1.43155,1.43251
2025-03-20 00:00:00+00:00,usdcad,1.43245,1.43355,1.43179,1.43232
2025-03-20 04:00:00+00:00,usdcad,1.43412,1.43497,1.43205,1.43246
2025-03-20 08:00:00+00:00,usdcad,1.43759,1.4391,1.43395,1.43411
2025-03-20 12:00:00+00:00,usdcad,1.4328,1.44016,1.43274,1.43758
2025-03-20 16:00:00+00:00,usdcad,1.43162,1.43363,1.4313,1.43279
2025-03-20 20:00:00+00:00,usdcad,1.43251,1.43306,1.43153,1.43161
2025-03-21 00:00:00+00:00,usdcad,1.43274,1.43292,1.43149,1.43252
2025-03-21 04:00:00+00:00,usdcad,1.43229,1.4344,1.43182,1.43272
2025-03-21 08:00:00+00:00,usdcad,1.43379,1.43447,1.43139,1.4323
2025-03-21 12:00:00+00:00,usdcad,1.43579,1.43732,1.43322,1.4338
2025-03-21 16:00:00+00:00,usdcad,1.43427,1.4361,1.43326,1.43582
2025-03-21 20:00:00+00:00,usdcad,1.43563,1.435835,1.43377,1.43428
2025-03-23 20:00:00+00:00,usdcad,1.43339,1.43549,1.43296,1.435385
2025-03-24 00:00:00+00:00,usdcad,1.43475,1.43489,1.43269,1.43338
2025-03-24 04:00:00+00:00,usdcad,1.43319,1.43511,1.43268,1.43476
2025-03-24 08:00:00+00:00,usdcad,1.43259,1.43389,1.43155,1.4332
2025-03-24 12:00:00+00:00,usdcad,1.42937,1.43465,1.42894,1.4326
2025-03-24 16:00:00+00:00,usdcad,1.43178,1.43279,1.42924,1.42939
2025-03-24 20:00:00+00:00,usdcad,1.43169,1.4324,1.43096,1.43177
2025-03-25 00:00:00+00:00,usdcad,1.43177,1.43275,1.43115,1.4317
2025-03-25 04:00:00+00:00,usdcad,1.43245,1.43322,1.43164,1.43175
2025-03-25 08:00:00+00:00,usdcad,1.42859,1.4333,1.42811,1.43242
2025-03-25 12:00:00+00:00,usdcad,1.43089,1.43141,1.42713,1.42857
2025-03-25 16:00:00+00:00,usdcad,1.42798,1.43095,1.42797,1.4309
2025-03-25 20:00:00+00:00,usdcad,1.42735,1.42867,1.42726,1.428
2025-03-26 00:00:00+00:00,usdcad,1.42746,1.42985,1.42705,1.42736
2025-03-26 04:00:00+00:00,usdcad,1.42506,1.42798,1.42473,1.42744
2025-03-26 08:00:00+00:00,usdcad,1.42546,1.42587,1.4245,1.42505
2025-03-26 12:00:00+00:00,usdcad,1.42561,1.42724,1.42354,1.42543
2025-03-26 16:00:00+00:00,usdcad,1.42825,1.42977,1.42555,1.4256
2025-03-26 20:00:00+00:00,usdcad,1.42966,1.43156,1.42638,1.42826
2025-03-27 00:00:00+00:00,usdcad,1.42671,1.42985,1.42627,1.42967
2025-03-27 04:00:00+00:00,usdcad,1.42979,1.4298,1.42597,1.42669
2025-03-27 08:00:00+00:00,usdcad,1.42767,1.43061,1.42761,1.42978
2025-03-27 12:00:00+00:00,usdcad,1.43186,1.4329,1.42762,1.42766
2025-03-27 16:00:00+00:00,usdcad,1.43111,1.43217,1.43,1.43187
2025-03-27 20:00:00+00:00,usdcad,1.43076,1.43135,1.430035,1.43113
2025-03-28 00:00:00+00:00,usdcad,1.43128,1.43161,1.43075,1.43077
2025-03-28 04:00:00+00:00,usdcad,1.43286,1.43293,1.43099,1.43127
2025-03-28 08:00:00+00:00,usdcad,1.43206,1.43332,1.43191,1.43289
2025-03-28 12:00:00+00:00,usdcad,1.42841,1.43267,1.42767,1.43207
2025-03-28 16:00:00+00:00,usdcad,1.43164,1.43245,1.42766,1.42842
2025-03-28 20:00:00+00:00,usdcad,1.4318,1.43234,1.43136,1.43165
2025-03-30 20:00:00+00:00,usdcad,1.431,1.43295,1.430575,1.430575
2025-03-31 00:00:00+00:00,usdcad,1.43183,1.43191,1.42994,1.43102
2025-03-31 04:00:00+00:00,usdcad,1.43383,1.4344,1.43099,1.43182
2025-03-31 08:00:00+00:00,usdcad,1.43525,1.43613,1.43367,1.43384
2025-03-31 12:00:00+00:00,usdcad,1.43801,1.43956,1.43525,1.43526
2025-03-31 16:00:00+00:00,usdcad,1.43886,1.43905,1.43657,1.43798
2025-03-31 20:00:00+00:00,usdcad,1.43911,1.43966,1.43847,1.43885
2025-04-01 00:00:00+00:00,usdcad,1.43818,1.44006,1.43775,1.4391
2025-04-01 04:00:00+00:00,usdcad,1.44012,1.4403,1.43732,1.4382
2025-04-01 08:00:00+00:00,usdcad,1.43944,1.44046,1.43666,1.44013
2025-04-01 12:00:00+00:00,usdcad,1.43177,1.44153,1.43059,1.43945
2025-04-01 16:00:00+00:00,usdcad,1.4308,1.43442,1.43079,1.43176
2025-04-01 20:00:00+00:00,usdcad,1.42942,1.43154,1.42892,1.43081
2025-04-02 00:00:00+00:00,usdcad,1.4302,1.43078,1.42928,1.42943
2025-04-02 04:00:00+00:00,usdcad,1.43049,1.43177,1.42938,1.43021
2025-04-02 08:00:00+00:00,usdcad,1.43196,1.43318,1.42997,1.43048
2025-04-02 12:00:00+00:00,usdcad,1.43114,1.43348,1.42963,1.43193
2025-04-02 16:00:00+00:00,usdcad,1.43194,1.43302,1.43081,1.43115
2025-04-02 20:00:00+00:00,usdcad,1.42173,1.436745,1.42155,1.43192
2025-04-03 00:00:00+00:00,usdcad,1.42458,1.42589,1.42174,1.42174
2025-04-03 04:00:00+00:00,usdcad,1.41658,1.4256,1.41653,1.42459
2025-04-03 08:00:00+00:00,usdcad,1.40933,1.41663,1.40847,1.41657
2025-04-03 12:00:00+00:00,usdcad,1.40645,1.41038,1.40276,1.40932
2025-04-03 16:00:00+00:00,usdcad,1.40855,1.41043,1.40458,1.40646
2025-04-03 20:00:00+00:00,usdcad,1.40837,1.40984,1.40769,1.40855
2025-04-04 00:00:00+00:00,usdcad,1.40819,1.40994,1.4054,1.40835
2025-04-04 04:00:00+00:00,usdcad,1.41474,1.415,1.40778,1.4082
2025-04-04 08:00:00+00:00,usdcad,1.41847,1.42092,1.41276,1.41475
2025-04-04 12:00:00+00:00,usdcad,1.41958,1.42421,1.41712,1.41848
2025-04-04 16:00:00+00:00,usdcad,1.423,1.42546,1.41821,1.41952
2025-04-04 20:00:00+00:00,usdcad,1.42273,1.42591,1.42179,1.42299
2025-04-06 20:00:00+00:00,usdcad,1.42426,1.42703,1.420605,1.42594
2025-04-07 00:00:00+00:00,usdcad,1.42384,1.4259,1.422,1.42422
2025-04-07 04:00:00+00:00,usdcad,1.42243,1.42564,1.41965,1.42382
2025-04-07 08:00:00+00:00,usdcad,1.42582,1.4269,1.42131,1.42242
2025-04-07 12:00:00+00:00,usdcad,1.42265,1.42965,1.41795,1.42581
2025-04-07 16:00:00+00:00,usdcad,1.42421,1.42511,1.41856,1.42266
2025-04-07 20:00:00+00:00,usdcad,1.42393,1.4255,1.42328,1.42419
2025-04-08 00:00:00+00:00,usdcad,1.41709,1.42413,1.4166,1.42394
2025-04-08 04:00:00+00:00,usdcad,1.41923,1.41927,1.41504,1.4171
2025-04-08 08:00:00+00:00,usdcad,1.41769,1.42042,1.41678,1.41922
2025-04-08 12:00:00+00:00,usdcad,1.41991,1.42235,1.41434,1.41767
2025-04-08 16:00:00+00:00,usdcad,1.42495,1.42623,1.41819,1.4199
2025-04-08 20:00:00+00:00,usdcad,1.42566,1.42721,1.42425,1.42498
2025-04-09 00:00:00+00:00,usdcad,1.42435,1.42739,1.42062,1.42568
2025-04-09 04:00:00+00:00,usdcad,1.42013,1.42491,1.41939,1.42434
2025-04-09 08:00:00+00:00,usdcad,1.42025,1.42238,1.41769,1.42014
2025-04-09 12:00:00+00:00,usdcad,1.41887,1.42125,1.41325,1.42023
2025-04-09 16:00:00+00:00,usdcad,1.41119,1.41914,1.40754,1.41883
2025-04-09 20:00:00+00:00,usdcad,1.41031,1.41217,1.4075,1.41114
2025-04-10 00:00:00+00:00,usdcad,1.40793,1.41102,1.40764,1.41032
2025-04-10 04:00:00+00:00,usdcad,1.40631,1.40867,1.40522,1.40792
2025-04-10 08:00:00+00:00,usdcad,1.40845,1.40953,1.40502,1.40628
2025-04-10 12:00:00+00:00,usdcad,1.40111,1.40885,1.39918,1.40842
2025-04-10 16:00:00+00:00,usdcad,1.39784,1.40186,1.39518,1.40112
2025-04-10 20:00:00+00:00,usdcad,1.39528,1.4004,1.3952,1.39788
2025-04-11 00:00:00+00:00,usdcad,1.39497,1.39642,1.39078,1.39527
2025-04-11 04:00:00+00:00,usdcad,1.38976,1.3985,1.38943,1.39496
2025-04-11 08:00:00+00:00,usdcad,1.38782,1.39334,1.38732,1.38977
2025-04-11 12:00:00+00:00,usdcad,1.38975,1.392985,1.38397,1.38783
2025-04-11 16:00:00+00:00,usdcad,1.389,1.39333,1.38721,1.38974
2025-04-11 20:00:00+00:00,usdcad,1.38652,1.3892,1.3864,1.38902
2025-04-13 20:00:00+00:00,usdcad,1.38751,1.38847,1.385765,1.38608
2025-04-14 00:00:00+00:00,usdcad,1.3858,1.38778,1.38494,1.38752
2025-04-14 04:00:00+00:00,usdcad,1.3835,1.38766,1.38289,1.38578
2025-04-14 08:00:00+00:00,usdcad,1.38679,1.38747,1.3832,1.38349
2025-04-14 12:00:00+00:00,usdcad,1.38946,1.39039,1.38623,1.38678
2025-04-14 16:00:00+00:00,usdcad,1.38726,1.39109,1.38634,1.38942
2025-04-14 20:00:00+00:00,usdcad,1.39014,1.39089,1.38719,1.38727
2025-04-15 00:00:00+00:00,usdcad,1.38729,1.39027,1.38693,1.39013
2025-04-15 04:00:00+00:00,usdcad,1.38593,1.38785,1.38508,1.38725
2025-04-15 08:00:00+00:00,usdcad,1.38729,1.38793,1.38502,1.38592
2025-04-15 12:00:00+00:00,usdcad,1.39456,1.39582,1.38684,1.38728
2025-04-15 16:00:00+00:00,usdcad,1.39669,1.39778,1.39416,1.39455
2025-04-15 20:00:00+00:00,usdcad,1.39584,1.39674,1.39511,1.39672
2025-04-16 00:00:00+00:00,usdcad,1.39403,1.39602,1.39401,1.39583
2025-04-16 04:00:00+00:00,usdcad,1.39126,1.39429,1.39126,1.39402
2025-04-16 08:00:00+00:00,usdcad,1.39225,1.39245,1.39039,1.39127
2025-04-16 12:00:00+00:00,usdcad,1.38839,1.39303,1.38735,1.39224
2025-04-16 16:00:00+00:00,usdcad,1.38626,1.38988,1.38592,1.38838
2025-04-16 20:00:00+00:00,usdcad,1.38599,1.38758,1.38555,1.38624
2025-04-17 00:00:00+00:00,usdcad,1.38869,1.38873,1.3856,1.386
2025-04-17 04:00:00+00:00,usdcad,1.38715,1.38966,1.38657,1.3887
2025-04-17 08:00:00+00:00,usdcad,1.39011,1.39063,1.38683,1.38714
2025-04-17 12:00:00+00:00,usdcad,1.38572,1.3901,1.38503,1.3901
2025-04-17 16:00:00+00:00,usdcad,1.38402,1.38611,1.38286,1.3857
2025-04-17 20:00:00+00:00,usdcad,1.38442,1.384565,1.3833,1.38404
2025-04-18 00:00:00+00:00,usdcad,1.38602,1.386405,1.38396,1.384415
2025-04-18 04:00:00+00:00,usdcad,1.38651,1.386985,1.38469,1.38603
2025-04-18 08:00:00+00:00,usdcad,1.38632,1.386905,1.38473,1.38652
2025-04-18 12:00:00+00:00,usdcad,1.38496,1.38699,1.384495,1.38628
2025-04-18 16:00:00+00:00,usdcad,1.38464,1.38564,1.38418,1.3849
2025-04-18 20:00:00+00:00,usdcad,1.38476,1.38491,1.383505,1.38466
2025-04-20 20:00:00+00:00,usdcad,1.38256,1.384505,1.38223,1.384505
2025-04-21 00:00:00+00:00,usdcad,1.37963,1.38265,1.37947,1.38257
2025-04-21 04:00:00+00:00,usdcad,1.37991,1.38039,1.37917,1.37964
2025-04-21 08:00:00+00:00,usdcad,1.38077,1.38154,1.37814,1.37992
2025-04-21 12:00:00+00:00,usdcad,1.38182,1.38196,1.37853,1.38078
2025-04-21 16:00:00+00:00,usdcad,1.38351,1.38499,1.38169,1.38181
2025-04-21 20:00:00+00:00,usdcad,1.38339,1.38446,1.38325,1.38349
2025-04-22 00:00:00+00:00,usdcad,1.38061,1.3846,1.38011,1.38338
2025-04-22 04:00:00+00:00,usdcad,1.38117,1.38213,1.37935,1.3806
2025-04-22 08:00:00+00:00,usdcad,1.38432,1.38478,1.38094,1.38116
2025-04-22 12:00:00+00:00,usdcad,1.38017,1.38617,1.38017,1.38431
2025-04-22 16:00:00+00:00,usdcad,1.38248,1.38332,1.3797,1.38011
2025-04-22 20:00:00+00:00,usdcad,1.38488,1.38605,1.38116,1.38247
2025-04-23 00:00:00+00:00,usdcad,1.38405,1.38489,1.38203,1.38489
2025-04-23 04:00:00+00:00,usdcad,1.38179,1.38474,1.38096,1.38404
2025-04-23 08:00:00+00:00,usdcad,1.3824,1.38362,1.37984,1.38178
2025-04-23 12:00:00+00:00,usdcad,1.38948,1.3896,1.382,1.38241
2025-04-23 16:00:00+00:00,usdcad,1.38868,1.39048,1.38815,1.38947
2025-04-23 20:00:00+00:00,usdcad,1.38753,1.38899,1.38704,1.38869
2025-04-24 00:00:00+00:00,usdcad,1.38716,1.38815,1.38631,1.38752
2025-04-24 04:00:00+00:00,usdcad,1.38415,1.38753,1.38408,1.38717
2025-04-24 08:00:00+00:00,usdcad,1.38647,1.38649,1.38402,1.38416
2025-04-24 12:00:00+00:00,usdcad,1.389,1.38975,1.38505,1.38648
2025-04-24 16:00:00+00:00,usdcad,1.38572,1.38991,1.38473,1.38899
2025-04-24 20:00:00+00:00,usdcad,1.38559,1.38598,1.38427,1.38571
2025-04-25 00:00:00+00:00,usdcad,1.38715,1.38732,1.38557,1.38561
2025-04-25 04:00:00+00:00,usdcad,1.3878,1.38895,1.38587,1.38714
2025-04-25 08:00:00+00:00,usdcad,1.38737,1.38925,1.38714,1.38781
2025-04-25 12:00:00+00:00,usdcad,1.38588,1.38761,1.385,1.38738
2025-04-25 16:00:00+00:00,usdcad,1.38614,1.38762,1.38547,1.38589
2025-04-25 20:00:00+00:00,usdcad,1.385465,1.38628,1.38503,1.38613
2025-04-27 20:00:00+00:00,usdcad,1.38713,1.38726,1.38498,1.38631
2025-04-28 00:00:00+00:00,usdcad,1.38754,1.3885,1.38695,1.38712
2025-04-28 04:00:00+00:00,usdcad,1.38812,1.38876,1.38627,1.38755
2025-04-28 08:00:00+00:00,usdcad,1.38667,1.38926,1.38637,1.38813
2025-04-28 12:00:00+00:00,usdcad,1.38591,1.38726,1.38253,1.38664
2025-04-28 16:00:00+00:00,usdcad,1.38182,1.38624,1.38167,1.38592
2025-04-28 20:00:00+00:00,usdcad,1.38324,1.38362,1.38173,1.38183
2025-04-29 00:00:00+00:00,usdcad,1.38577,1.3867,1.38087,1.38325
2025-04-29 04:00:00+00:00,usdcad,1.382,1.38717,1.38193,1.38576
2025-04-29 08:00:00+00:00,usdcad,1.38496,1.38524,1.38166,1.38195
2025-04-29 12:00:00+00:00,usdcad,1.38545,1.38676,1.38278,1.38498
2025-04-29 16:00:00+00:00,usdcad,1.38376,1.38604,1.38367,1.38544
2025-04-29 20:00:00+00:00,usdcad,1.38262,1.38403,1.38249,1.38377
2025-04-30 00:00:00+00:00,usdcad,1.38422,1.38463,1.38205,1.38266
2025-04-30 04:00:00+00:00,usdcad,1.38323,1.38426,1.38174,1.38421
2025-04-30 08:00:00+00:00,usdcad,1.38319,1.38436,1.38261,1.38325
2025-04-30 12:00:00+00:00,usdcad,1.38085,1.38554,1.3803,1.38318
2025-04-30 16:00:00+00:00,usdcad,1.37853,1.38189,1.37702,1.38084
2025-04-30 20:00:00+00:00,usdcad,1.37944,1.38015,1.37827,1.37851
2025-05-01 00:00:00+00:00,usdcad,1.37968,1.38008,1.37844,1.37943
2025-05-01 04:00:00+00:00,usdcad,1.38128,1.38162,1.3793,1.37969
2025-05-01 08:00:00+00:00,usdcad,1.38179,1.38254,1.38072,1.38129
2025-05-01 12:00:00+00:00,usdcad,1.38486,1.38624,1.37965,1.3818
2025-05-01 16:00:00+00:00,usdcad,1.38441,1.38616,1.38356,1.38485
2025-05-01 20:00:00+00:00,usdcad,1.3849,1.38558,1.38379,1.3844
2025-05-02 00:00:00+00:00,usdcad,1.38168,1.38502,1.38151,1.38489
2025-05-02 04:00:00+00:00,usdcad,1.38174,1.38242,1.38032,1.38169
2025-05-02 08:00:00+00:00,usdcad,1.38212,1.38348,1.38055,1.38175
2025-05-02 12:00:00+00:00,usdcad,1.37922,1.383995,1.37604,1.38213
2025-05-02 16:00:00+00:00,usdcad,1.38084,1.38175,1.37823,1.37921
2025-05-02 20:00:00+00:00,usdcad,1.3819,1.382055,1.38073,1.38085
2025-05-04 20:00:00+00:00,usdcad,1.38251,1.38285,1.38009,1.38023
2025-05-05 00:00:00+00:00,usdcad,1.3806,1.3829,1.37941,1.3825
2025-05-05 04:00:00+00:00,usdcad,1.38162,1.38189,1.37885,1.38061
2025-05-05 08:00:00+00:00,usdcad,1.37988,1.3817,1.37869,1.38163
2025-05-05 12:00:00+00:00,usdcad,1.38121,1.38299,1.37903,1.37989
2025-05-05 16:00:00+00:00,usdcad,1.38123,1.38217,1.38081,1.3812
2025-05-05 20:00:00+00:00,usdcad,1.38231,1.38295,1.38102,1.38124
2025-05-06 00:00:00+00:00,usdcad,1.38237,1.38453,1.38214,1.3823
2025-05-06 04:00:00+00:00,usdcad,1.3815,1.38312,1.38099,1.38234
2025-05-06 08:00:00+00:00,usdcad,1.3804,1.38329,1.38027,1.38149
2025-05-06 12:00:00+00:00,usdcad,1.37756,1.38093,1.37716,1.38039
2025-05-06 16:00:00+00:00,usdcad,1.37703,1.37904,1.37507,1.37755
2025-05-06 20:00:00+00:00,usdcad,1.37718,1.3783,1.37639,1.37704
2025-05-07 00:00:00+00:00,usdcad,1.37919,1.37988,1.3768,1.37719
2025-05-07 04:00:00+00:00,usdcad,1.37848,1.37976,1.3783,1.37918
2025-05-07 08:00:00+00:00,usdcad,1.37938,1.38036,1.37815,1.37847
2025-05-07 12:00:00+00:00,usdcad,1.37747,1.38066,1.37732,1.37937
2025-05-07 16:00:00+00:00,usdcad,1.38307,1.38372,1.37749,1.37749
2025-05-07 20:00:00+00:00,usdcad,1.38368,1.384,1.3828,1.38308
2025-05-08 00:00:00+00:00,usdcad,1.38271,1.38369,1.38139,1.38369
2025-05-08 04:00:00+00:00,usdcad,1.38639,1.38837,1.38253,1.38272
2025-05-08 08:00:00+00:00,usdcad,1.38894,1.38987,1.38585,1.38635
2025-05-08 12:00:00+00:00,usdcad,1.3915,1.39194,1.38691,1.38893
2025-05-08 16:00:00+00:00,usdcad,1.39202,1.39331,1.39141,1.39149
2025-05-08 20:00:00+00:00,usdcad,1.3924,1.39265,1.39152,1.39199
2025-05-09 00:00:00+00:00,usdcad,1.39227,1.39427,1.3919,1.39239
2025-05-09 04:00:00+00:00,usdcad,1.39149,1.39263,1.39127,1.39225
2025-05-09 08:00:00+00:00,usdcad,1.39119,1.39215,1.39102,1.39146
2025-05-09 12:00:00+00:00,usdcad,1.39268,1.39417,1.39068,1.39118
2025-05-09 16:00:00+00:00,usdcad,1.39314,1.39448,1.39202,1.39269
2025-05-09 20:00:00+00:00,usdcad,1.39391,1.394035,1.39285,1.39317
2025-05-11 20:00:00+00:00,usdcad,1.39281,1.393315,1.3902,1.39048
2025-05-12 00:00:00+00:00,usdcad,1.39227,1.39412,1.39215,1.39282
2025-05-12 04:00:00+00:00,usdcad,1.39705,1.39766,1.39147,1.39226
2025-05-12 08:00:00+00:00,usdcad,1.39767,1.39876,1.3953,1.39706
2025-05-12 12:00:00+00:00,usdcad,1.40047,1.4008,1.39763,1.39768
2025-05-12 16:00:00+00:00,usdcad,1.39876,1.40158,1.39825,1.40048
2025-05-12 20:00:00+00:00,usdcad,1.39742,1.399,1.39704,1.39877
2025-05-13 00:00:00+00:00,usdcad,1.39646,1.39877,1.39642,1.39741
2025-05-13 04:00:00+00:00,usdcad,1.3987,1.39888,1.39583,1.39645
2025-05-13 08:00:00+00:00,usdcad,1.39939,1.39956,1.39806,1.39869
2025-05-13 12:00:00+00:00,usdcad,1.39596,1.40165,1.39568,1.3994
2025-05-13 16:00:00+00:00,usdcad,1.39337,1.39696,1.39325,1.39595
2025-05-13 20:00:00+00:00,usdcad,1.39337,1.39421,1.39271,1.39335
2025-05-14 00:00:00+00:00,usdcad,1.39208,1.39397,1.39204,1.39338
2025-05-14 04:00:00+00:00,usdcad,1.39241,1.39365,1.39183,1.39209
2025-05-14 08:00:00+00:00,usdcad,1.39389,1.39407,1.39021,1.3924
2025-05-14 12:00:00+00:00,usdcad,1.39648,1.39794,1.39265,1.39388
2025-05-14 16:00:00+00:00,usdcad,1.39762,1.39848,1.39596,1.39647
2025-05-14 20:00:00+00:00,usdcad,1.39785,1.39863,1.39708,1.39761
2025-05-15 00:00:00+00:00,usdcad,1.39654,1.39784,1.39596,1.39784
2025-05-15 04:00:00+00:00,usdcad,1.39846,1.39883,1.39643,1.39653
2025-05-15 08:00:00+00:00,usdcad,1.39849,1.39913,1.39774,1.39847
2025-05-15 12:00:00+00:00,usdcad,1.39907,1.40037,1.39768,1.3985
2025-05-15 16:00:00+00:00,usdcad,1.39602,1.40049,1.39599,1.39906
2025-05-15 20:00:00+00:00,usdcad,1.39565,1.39652,1.39521,1.39603
2025-05-16 00:00:00+00:00,usdcad,1.39458,1.39576,1.39427,1.39566
2025-05-16 04:00:00+00:00,usdcad,1.39463,1.39537,1.39355,1.39457
2025-05-16 08:00:00+00:00,usdcad,1.39657,1.3966,1.39464,1.39464
2025-05-16 12:00:00+00:00,usdcad,1.39912,1.39921,1.39496,1.39658
2025-05-16 16:00:00+00:00,usdcad,1.39811,1.39958,1.39811,1.39913
2025-05-16 20:00:00+00:00,usdcad,1.396585,1.39817,1.39634,1.39812
2025-05-18 20:00:00+00:00,usdcad,1.39533,1.39723,1.3952,1.39723
2025-05-19 00:00:00+00:00,usdcad,1.39699,1.39717,1.39518,1.39532
2025-05-19 04:00:00+00:00,usdcad,1.39537,1.39732,1.39485,1.397
2025-05-19 08:00:00+00:00,usdcad,1.39399,1.39618,1.39397,1.39536
2025-05-19 12:00:00+00:00,usdcad,1.3947,1.39521,1.39173,1.39398
2025-05-19 16:00:00+00:00,usdcad,1.39542,1.39656,1.39416,1.39469
2025-05-19 20:00:00+00:00,usdcad,1.39584,1.39618,1.393795,1.39543
2025-05-20 00:00:00+00:00,usdcad,1.39582,1.39687,1.3957,1.39585
2025-05-20 04:00:00+00:00,usdcad,1.39357,1.3965,1.39337,1.39581
2025-05-20 08:00:00+00:00,usdcad,1.39465,1.39491,1.39324,1.39356
2025-05-20 12:00:00+00:00,usdcad,1.3943,1.39616,1.39178,1.39468
2025-05-20 16:00:00+00:00,usdcad,1.3915,1.39496,1.39145,1.39431
2025-05-20 20:00:00+00:00,usdcad,1.39091,1.391935,1.39083,1.39151
2025-05-21 00:00:00+00:00,usdcad,1.38899,1.39114,1.38866,1.39092
2025-05-21 04:00:00+00:00,usdcad,1.38856,1.3895,1.38789,1.38898
2025-05-21 08:00:00+00:00,usdcad,1.38906,1.38986,1.38683,1.38853
2025-05-21 12:00:00+00:00,usdcad,1.38228,1.38908,1.38228,1.38905
2025-05-21 16:00:00+00:00,usdcad,1.38625,1.38639,1.38141,1.3823
2025-05-21 20:00:00+00:00,usdcad,1.38621,1.3872,1.38553,1.38623
2025-05-22 00:00:00+00:00,usdcad,1.38531,1.38619,1.38465,1.38619
2025-05-22 04:00:00+00:00,usdcad,1.38568,1.387,1.38465,1.38533
2025-05-22 08:00:00+00:00,usdcad,1.3866,1.38849,1.38486,1.38569
2025-05-22 12:00:00+00:00,usdcad,1.3858,1.38893,1.38566,1.38659
2025-05-22 16:00:00+00:00,usdcad,1.38655,1.3873,1.38553,1.38579
2025-05-22 20:00:00+00:00,usdcad,1.38588,1.38657,1.385435,1.38656
2025-05-23 00:00:00+00:00,usdcad,1.38316,1.38593,1.38306,1.38589
2025-05-23 04:00:00+00:00,usdcad,1.38144,1.38325,1.38096,1.38318
2025-05-23 08:00:00+00:00,usdcad,1.38197,1.38233,1.38031,1.38145
2025-05-23 12:00:00+00:00,usdcad,1.37577,1.38341,1.37513,1.38196
2025-05-23 16:00:00+00:00,usdcad,1.3725,1.37597,1.37095,1.37578
2025-05-23 20:00:00+00:00,usdcad,1.3735,1.373615,1.37246,1.37251
2025-05-25 20:00:00+00:00,usdcad,1.37365,1.373855,1.37206,1.37384
2025-05-26 00:00:00+00:00,usdcad,1.37009,1.37364,1.36903,1.37364
2025-05-26 04:00:00+00:00,usdcad,1.37033,1.37117,1.36863,1.3701
2025-05-26 08:00:00+00:00,usdcad,1.37174,1.37232,1.36983,1.3703
2025-05-26 12:00:00+00:00,usdcad,1.37295,1.37353,1.37153,1.37173
2025-05-26 16:00:00+00:00,usdcad,1.37366,1.37394,1.37293,1.37294
2025-05-26 20:00:00+00:00,usdcad,1.37367,1.37385,1.37322,1.37365
2025-05-27 00:00:00+00:00,usdcad,1.37368,1.37392,1.37223,1.37365
2025-05-27 04:00:00+00:00,usdcad,1.37662,1.37689,1.37317,1.3737
2025-05-27 08:00:00+00:00,usdcad,1.37666,1.37696,1.37581,1.37659
2025-05-27 12:00:00+00:00,usdcad,1.3777,1.37796,1.3755,1.37664
2025-05-27 16:00:00+00:00,usdcad,1.38222,1.38278,1.37712,1.37768
2025-05-27 20:00:00+00:00,usdcad,1.38104,1.3836,1.38037,1.38223
2025-05-28 00:00:00+00:00,usdcad,1.38247,1.38291,1.38018,1.38102
2025-05-28 04:00:00+00:00,usdcad,1.38212,1.38388,1.38157,1.38248
2025-05-28 08:00:00+00:00,usdcad,1.38291,1.38324,1.38122,1.3821
2025-05-28 12:00:00+00:00,usdcad,1.38208,1.38448,1.38091,1.38292
2025-05-28 16:00:00+00:00,usdcad,1.38375,1.38375,1.38176,1.38207
2025-05-28 20:00:00+00:00,usdcad,1.38538,1.38611,1.38311,1.38374
2025-05-29 00:00:00+00:00,usdcad,1.38483,1.38619,1.38433,1.38542
2025-05-29 04:00:00+00:00,usdcad,1.3819,1.38573,1.3817,1.38486
2025-05-29 08:00:00+00:00,usdcad,1.38287,1.38355,1.38171,1.38189
2025-05-29 12:00:00+00:00,usdcad,1.38085,1.3829,1.37852,1.38286
2025-05-29 16:00:00+00:00,usdcad,1.38093,1.38124,1.3797,1.38093
2025-05-29 20:00:00+00:00,usdcad,1.38074,1.38118,1.3804,1.38094
2025-05-30 00:00:00+00:00,usdcad,1.3823,1.38259,1.38008,1.38072
2025-05-30 04:00:00+00:00,usdcad,1.38177,1.38301,1.38114,1.38227
2025-05-30 08:00:00+00:00,usdcad,1.38087,1.38238,1.38083,1.38175
2025-05-30 12:00:00+00:00,usdcad,1.37484,1.38142,1.37396,1.38086
2025-05-30 16:00:00+00:00,usdcad,1.37253,1.37636,1.37141,1.37485
2025-05-30 20:00:00+00:00,usdcad,1.37405,1.37434,1.3722,1.37252
2025-06-01 20:00:00+00:00,usdcad,1.37256,1.37414,1.37226,1.37395
2025-06-02 00:00:00+00:00,usdcad,1.37235,1.37291,1.37046,1.37257
2025-06-02 04:00:00+00:00,usdcad,1.36814,1.3726,1.36747,1.37234
2025-06-02 08:00:00+00:00,usdcad,1.37067,1.3711,1.36748,1.36816
2025-06-02 12:00:00+00:00,usdcad,1.37059,1.37134,1.36897,1.37066
2025-06-02 16:00:00+00:00,usdcad,1.37025,1.37239,1.37015,1.37021
2025-06-02 20:00:00+00:00,usdcad,1.37109,1.37199,1.37013,1.37026
2025-06-03 00:00:00+00:00,usdcad,1.3735,1.37353,1.37109,1.3711
2025-06-03 04:00:00+00:00,usdcad,1.37323,1.37394,1.37234,1.37349
2025-06-03 08:00:00+00:00,usdcad,1.37393,1.3742,1.37229,1.37322
2025-06-03 12:00:00+00:00,usdcad,1.37222,1.3743,1.37015,1.37392
2025-06-03 16:00:00+00:00,usdcad,1.37197,1.37317,1.37144,1.37221
2025-06-03 20:00:00+00:00,usdcad,1.37159,1.37235,1.37135,1.37198
2025-06-04 00:00:00+00:00,usdcad,1.372,1.37234,1.37063,1.37158
2025-06-04 04:00:00+00:00,usdcad,1.37178,1.37318,1.37108,1.37199
2025-06-04 08:00:00+00:00,usdcad,1.3707,1.37218,1.3704,1.37177
2025-06-04 12:00:00+00:00,usdcad,1.36708,1.37105,1.3662,1.37071
2025-06-04 16:00:00+00:00,usdcad,1.36818,1.3682,1.36527,1.36705
2025-06-04 20:00:00+00:00,usdcad,1.36818,1.36858,1.36722,1.36817
2025-06-05 00:00:00+00:00,usdcad,1.36834,1.36836,1.36699,1.36819
2025-06-05 04:00:00+00:00,usdcad,1.36716,1.36842,1.36598,1.36835
2025-06-05 08:00:00+00:00,usdcad,1.36604,1.3672,1.36531,1.36715
2025-06-05 12:00:00+00:00,usdcad,1.36679,1.36724,1.36346,1.36605
2025-06-05 16:00:00+00:00,usdcad,1.36656,1.36755,1.36567,1.3668
2025-06-05 20:00:00+00:00,usdcad,1.36677,1.3677,1.36645,1.36657
2025-06-06 00:00:00+00:00,usdcad,1.36639,1.3671,1.36606,1.36678
2025-06-06 04:00:00+00:00,usdcad,1.36683,1.36718,1.36611,1.36643
2025-06-06 08:00:00+00:00,usdcad,1.36886,1.36907,1.36683,1.36685
2025-06-06 12:00:00+00:00,usdcad,1.36865,1.37045,1.3667,1.36887
2025-06-06 16:00:00+00:00,usdcad,1.36962,1.37036,1.36845,1.36864
2025-06-06 20:00:00+00:00,usdcad,1.369585,1.3701,1.3691,1.36963
2025-06-08 20:00:00+00:00,usdcad,1.36929,1.37002,1.36913,1.36944
2025-06-09 00:00:00+00:00,usdcad,1.36865,1.36961,1.36773,1.36928
2025-06-09 04:00:00+00:00,usdcad,1.36822,1.36895,1.36781,1.36867
2025-06-09 08:00:00+00:00,usdcad,1.36822,1.36869,1.36697,1.36821
2025-06-09 12:00:00+00:00,usdcad,1.36772,1.37077,1.36737,1.36821
2025-06-09 16:00:00+00:00,usdcad,1.36857,1.3688,1.36709,1.36771
2025-06-09 20:00:00+00:00,usdcad,1.3701,1.3704,1.36856,1.36856
2025-06-10 00:00:00+00:00,usdcad,1.37014,1.37158,1.36946,1.37007
2025-06-10 04:00:00+00:00,usdcad,1.37208,1.37288,1.36999,1.37013
2025-06-10 08:00:00+00:00,usdcad,1.36931,1.37211,1.3687,1.3721
2025-06-10 12:00:00+00:00,usdcad,1.36843,1.3694,1.36682,1.36932
2025-06-10 16:00:00+00:00,usdcad,1.36743,1.3693,1.36717,1.36844
2025-06-10 20:00:00+00:00,usdcad,1.36688,1.3678,1.36646,1.36742
2025-06-11 00:00:00+00:00,usdcad,1.36771,1.36836,1.3666,1.36687
2025-06-11 04:00:00+00:00,usdcad,1.36755,1.36845,1.36742,1.36773
2025-06-11 08:00:00+00:00,usdcad,1.36803,1.36888,1.36745,1.36756
2025-06-11 12:00:00+00:00,usdcad,1.3664,1.36903,1.36503,1.36802
2025-06-11 16:00:00+00:00,usdcad,1.36664,1.36728,1.365,1.36641
2025-06-11 20:00:00+00:00,usdcad,1.36667,1.36745,1.36614,1.36669
2025-06-12 00:00:00+00:00,usdcad,1.36588,1.36735,1.36585,1.36668
2025-06-12 04:00:00+00:00,usdcad,1.36669,1.36756,1.3645,1.36589
2025-06-12 08:00:00+00:00,usdcad,1.36366,1.3672,1.36263,1.36667
2025-06-12 12:00:00+00:00,usdcad,1.36174,1.36383,1.36089,1.36365
2025-06-12 16:00:00+00:00,usdcad,1.36059,1.36178,1.36,1.36173
2025-06-12 20:00:00+00:00,usdcad,1.35962,1.36088,1.35956,1.3606
2025-06-13 00:00:00+00:00,usdcad,1.36322,1.36456,1.35927,1.35963
2025-06-13 04:00:00+00:00,usdcad,1.36203,1.36518,1.36176,1.36323
2025-06-13 08:00:00+00:00,usdcad,1.3634,1.36507,1.36129,1.36202
2025-06-13 12:00:00+00:00,usdcad,1.35766,1.36343,1.3575,1.36342
2025-06-13 16:00:00+00:00,usdcad,1.35851,1.36011,1.35666,1.35765
2025-06-13 20:00:00+00:00,usdcad,1.35821,1.35945,1.357925,1.3585
2025-06-15 20:00:00+00:00,usdcad,1.35832,1.359835,1.357725,1.35914
2025-06-16 00:00:00+00:00,usdcad,1.36063,1.36072,1.35811,1.35831
2025-06-16 04:00:00+00:00,usdcad,1.35746,1.36062,1.35721,1.36062
2025-06-16 08:00:00+00:00,usdcad,1.35663,1.35781,1.35645,1.35745
2025-06-16 12:00:00+00:00,usdcad,1.35572,1.35685,1.35402,1.35662
2025-06-16 16:00:00+00:00,usdcad,1.35784,1.35804,1.35502,1.35571
2025-06-16 20:00:00+00:00,usdcad,1.35735,1.35799,1.35668,1.35783
2025-06-17 00:00:00+00:00,usdcad,1.35739,1.35822,1.35701,1.35734
2025-06-17 04:00:00+00:00,usdcad,1.357,1.35836,1.35675,1.35738
2025-06-17 08:00:00+00:00,usdcad,1.35623,1.35728,1.35569,1.35701
2025-06-17 12:00:00+00:00,usdcad,1.35884,1.36003,1.3558,1.35622
2025-06-17 16:00:00+00:00,usdcad,1.36464,1.36534,1.35844,1.35885
2025-06-17 20:00:00+00:00,usdcad,1.36843,1.36937,1.36455,1.36466
2025-06-18 00:00:00+00:00,usdcad,1.36644,1.36842,1.36618,1.36838
2025-06-18 04:00:00+00:00,usdcad,1.36614,1.36687,1.36517,1.36643
2025-06-18 08:00:00+00:00,usdcad,1.36595,1.36722,1.36571,1.36615
2025-06-18 12:00:00+00:00,usdcad,1.36854,1.36961,1.36345,1.36594
2025-06-18 16:00:00+00:00,usdcad,1.37002,1.37025,1.3656,1.36852
2025-06-18 20:00:00+00:00,usdcad,1.36968,1.37035,1.368715,1.37003
2025-06-19 00:00:00+00:00,usdcad,1.37113,1.37218,1.36953,1.3697
2025-06-19 04:00:00+00:00,usdcad,1.37241,1.37301,1.37073,1.37114
2025-06-19 08:00:00+00:00,usdcad,1.37072,1.37263,1.37031,1.3724
2025-06-19 12:00:00+00:00,usdcad,1.37369,1.37466,1.37039,1.37071
2025-06-19 16:00:00+00:00,usdcad,1.3699,1.37408,1.36968,1.3737
2025-06-19 20:00:00+00:00,usdcad,1.36957,1.37076,1.36943,1.36991
2025-06-20 00:00:00+00:00,usdcad,1.36913,1.37024,1.36875,1.36959
2025-06-20 04:00:00+00:00,usdcad,1.37049,1.3711,1.36888,1.36914
2025-06-20 08:00:00+00:00,usdcad,1.37058,1.37115,1.36925,1.37048
2025-06-20 12:00:00+00:00,usdcad,1.37395,1.37468,1.37058,1.37059
2025-06-20 16:00:00+00:00,usdcad,1.37407,1.37419,1.37201,1.37394
2025-06-20 20:00:00+00:00,usdcad,1.373365,1.37474,1.37315,1.37409
2025-06-22 20:00:00+00:00,usdcad,1.37414,1.376095,1.37382,1.375615
2025-06-23 00:00:00+00:00,usdcad,1.37655,1.37671,1.37385,1.37415
2025-06-23 04:00:00+00:00,usdcad,1.3755,1.37673,1.37431,1.37656
2025-06-23 08:00:00+00:00,usdcad,1.37819,1.37983,1.37543,1.37549
2025-06-23 12:00:00+00:00,usdcad,1.37744,1.3792,1.37254,1.37818
2025-06-23 16:00:00+00:00,usdcad,1.37353,1.37799,1.37304,1.37743
2025-06-23 20:00:00+00:00,usdcad,1.37302,1.3739,1.37225,1.37352
2025-06-24 00:00:00+00:00,usdcad,1.372,1.37348,1.37179,1.37303
2025-06-24 04:00:00+00:00,usdcad,1.37226,1.37311,1.37103,1.37199
2025-06-24 08:00:00+00:00,usdcad,1.37147,1.37244,1.37081,1.37225
2025-06-24 12:00:00+00:00,usdcad,1.37129,1.37218,1.3679,1.37148
2025-06-24 16:00:00+00:00,usdcad,1.3726,1.37301,1.37055,1.37128
2025-06-24 20:00:00+00:00,usdcad,1.37265,1.3729,1.371505,1.37262
2025-06-25 00:00:00+00:00,usdcad,1.37302,1.37309,1.37183,1.37266
2025-06-25 04:00:00+00:00,usdcad,1.3728,1.37378,1.37225,1.37303
2025-06-25 08:00:00+00:00,usdcad,1.37318,1.37354,1.37212,1.37279
2025-06-25 12:00:00+00:00,usdcad,1.37512,1.37548,1.37294,1.37322
2025-06-25 16:00:00+00:00,usdcad,1.37202,1.37513,1.37186,1.37513
2025-06-25 20:00:00+00:00,usdcad,1.37128,1.37299,1.37122,1.37201
2025-06-26 00:00:00+00:00,usdcad,1.3712,1.37224,1.37017,1.37127
2025-06-26 04:00:00+00:00,usdcad,1.37033,1.37233,1.36985,1.37121
2025-06-26 08:00:00+00:00,usdcad,1.36859,1.37042,1.36774,1.37032
2025-06-26 12:00:00+00:00,usdcad,1.36309,1.36911,1.36276,1.36858
2025-06-26 16:00:00+00:00,usdcad,1.36352,1.36418,1.36181,1.3631
2025-06-26 20:00:00+00:00,usdcad,1.36426,1.364695,1.36321,1.36351
2025-06-27 00:00:00+00:00,usdcad,1.36401,1.36477,1.36353,1.36423
2025-06-27 04:00:00+00:00,usdcad,1.36405,1.36499,1.3628,1.364
2025-06-27 08:00:00+00:00,usdcad,1.36469,1.3663,1.36376,1.36403
2025-06-27 12:00:00+00:00,usdcad,1.36666,1.36677,1.36409,1.36468
2025-06-27 16:00:00+00:00,usdcad,1.36997,1.37592,1.36633,1.36669
2025-06-27 20:00:00+00:00,usdcad,1.36807,1.37066,1.367955,1.37001
2025-06-29 20:00:00+00:00,usdcad,1.36824,1.36936,1.36792,1.368885
2025-06-30 00:00:00+00:00,usdcad,1.36801,1.36998,1.36578,1.36823
2025-06-30 04:00:00+00:00,usdcad,1.36738,1.36821,1.36539,1.368
2025-06-30 08:00:00+00:00,usdcad,1.36686,1.36828,1.36655,1.3674
2025-06-30 12:00:00+00:00,usdcad,1.36202,1.36784,1.3618,1.36685
2025-06-30 16:00:00+00:00,usdcad,1.36218,1.36439,1.36166,1.36203
2025-06-30 20:00:00+00:00,usdcad,1.36069,1.36245,1.36003,1.36213
2025-07-01 00:00:00+00:00,usdcad,1.36113,1.36188,1.36032,1.36068
2025-07-01 04:00:00+00:00,usdcad,1.35991,1.36117,1.3599,1.36112
2025-07-01 08:00:00+00:00,usdcad,1.36075,1.36118,1.35914,1.35992
2025-07-01 12:00:00+00:00,usdcad,1.36596,1.36663,1.36064,1.36076
2025-07-01 16:00:00+00:00,usdcad,1.36461,1.36673,1.36456,1.36595
2025-07-01 20:00:00+00:00,usdcad,1.3645,1.365,1.36421,1.36462
2025-07-02 00:00:00+00:00,usdcad,1.36473,1.36529,1.36385,1.36451
2025-07-02 04:00:00+00:00,usdcad,1.36504,1.3659,1.36444,1.36474
2025-07-02 08:00:00+00:00,usdcad,1.36468,1.36544,1.3636,1.36505
2025-07-02 12:00:00+00:00,usdcad,1.36218,1.36572,1.36216,1.36469
2025-07-02 16:00:00+00:00,usdcad,1.35892,1.36257,1.35887,1.36219
2025-07-02 20:00:00+00:00,usdcad,1.35886,1.35944,1.35837,1.35888
2025-07-03 00:00:00+00:00,usdcad,1.35949,1.35958,1.35794,1.35885
2025-07-03 04:00:00+00:00,usdcad,1.35929,1.36013,1.35875,1.35948
2025-07-03 08:00:00+00:00,usdcad,1.359,1.35953,1.35789,1.35928
2025-07-03 12:00:00+00:00,usdcad,1.35604,1.36243,1.35568,1.35902
2025-07-03 16:00:00+00:00,usdcad,1.35815,1.35894,1.35576,1.35603
2025-07-03 20:00:00+00:00,usdcad,1.35756,1.35889,1.35744,1.35816
2025-07-04 00:00:00+00:00,usdcad,1.35785,1.35819,1.35709,1.35755
2025-07-04 04:00:00+00:00,usdcad,1.35934,1.35941,1.35669,1.35786
2025-07-04 08:00:00+00:00,usdcad,1.35905,1.35963,1.3586,1.35935
2025-07-04 12:00:00+00:00,usdcad,1.36049,1.3613,1.35895,1.35904
2025-07-04 16:00:00+00:00,usdcad,1.36077,1.36174,1.36018,1.3605
2025-07-04 20:00:00+00:00,usdcad,1.36053,1.36093,1.360125,1.36078
2025-07-06 20:00:00+00:00,usdcad,1.36042,1.36087,1.359665,1.36063
2025-07-07 00:00:00+00:00,usdcad,1.36263,1.3629,1.35977,1.36041
2025-07-07 04:00:00+00:00,usdcad,1.36665,1.36665,1.36253,1.36262
2025-07-07 08:00:00+00:00,usdcad,1.36554,1.36857,1.36523,1.36666
2025-07-07 12:00:00+00:00,usdcad,1.36465,1.36601,1.36314,1.36553
2025-07-07 16:00:00+00:00,usdcad,1.36665,1.36836,1.36445,1.36462
2025-07-07 20:00:00+00:00,usdcad,1.36653,1.36831,1.36645,1.36666
2025-07-08 00:00:00+00:00,usdcad,1.36505,1.36658,1.36475,1.36655
2025-07-08 04:00:00+00:00,usdcad,1.36393,1.36625,1.36388,1.36506
2025-07-08 08:00:00+00:00,usdcad,1.36572,1.36572,1.36388,1.36394
2025-07-08 12:00:00+00:00,usdcad,1.36734,1.36899,1.36512,1.36573
2025-07-08 16:00:00+00:00,usdcad,1.3684,1.36946,1.36728,1.36733
2025-07-08 20:00:00+00:00,usdcad,1.36692,1.36845,1.36597,1.36845
2025-07-09 00:00:00+00:00,usdcad,1.36879,1.36884,1.36686,1.36693
2025-07-09 04:00:00+00:00,usdcad,1.36888,1.36931,1.36658,1.3688
2025-07-09 08:00:00+00:00,usdcad,1.37088,1.37095,1.36808,1.3689
2025-07-09 12:00:00+00:00,usdcad,1.36954,1.37102,1.36769,1.37086
2025-07-09 16:00:00+00:00,usdcad,1.36867,1.37,1.36865,1.36953
2025-07-09 20:00:00+00:00,usdcad,1.36862,1.36977,1.36821,1.36866
2025-07-10 00:00:00+00:00,usdcad,1.36815,1.36887,1.36741,1.36861
2025-07-10 04:00:00+00:00,usdcad,1.36719,1.36869,1.3664,1.36816
2025-07-10 08:00:00+00:00,usdcad,1.36877,1.36892,1.36687,1.36717
2025-07-10 12:00:00+00:00,usdcad,1.36836,1.37086,1.3681,1.36875
2025-07-10 16:00:00+00:00,usdcad,1.36645,1.36858,1.36643,1.36837
2025-07-10 20:00:00+00:00,usdcad,1.3656,1.36654,1.36527,1.36644
2025-07-11 00:00:00+00:00,usdcad,1.36912,1.37309,1.36545,1.36561
2025-07-11 04:00:00+00:00,usdcad,1.36922,1.37014,1.36854,1.36911
2025-07-11 08:00:00+00:00,usdcad,1.36961,1.37061,1.36862,1.3692
2025-07-11 12:00:00+00:00,usdcad,1.36793,1.3712,1.36521,1.36963
2025-07-11 16:00:00+00:00,usdcad,1.36845,1.36918,1.36697,1.36794
2025-07-11 20:00:00+00:00,usdcad,1.36906,1.3696,1.3677,1.36846
2025-07-13 20:00:00+00:00,usdcad,1.36872,1.3708,1.36853,1.37006
2025-07-14 00:00:00+00:00,usdcad,1.36935,1.37021,1.36756,1.36873
2025-07-14 04:00:00+00:00,usdcad,1.36786,1.37024,1.36766,1.36934
2025-07-14 08:00:00+00:00,usdcad,1.36761,1.36861,1.36701,1.36791
2025-07-14 12:00:00+00:00,usdcad,1.36942,1.3701,1.36708,1.36763
2025-07-14 16:00:00+00:00,usdcad,1.36981,1.37083,1.36903,1.36913
2025-07-14 20:00:00+00:00,usdcad,1.37066,1.37113,1.36953,1.36976
2025-07-15 00:00:00+00:00,usdcad,1.3698,1.37078,1.36941,1.37065
2025-07-15 04:00:00+00:00,usdcad,1.36882,1.37035,1.36881,1.36981
2025-07-15 08:00:00+00:00,usdcad,1.36885,1.36934,1.36804,1.36881
2025-07-15 12:00:00+00:00,usdcad,1.37143,1.37293,1.36719,1.36884
2025-07-15 16:00:00+00:00,usdcad,1.37224,1.373,1.37107,1.37144
2025-07-15 20:00:00+00:00,usdcad,1.37169,1.37256,1.37153,1.37221
2025-07-16 00:00:00+00:00,usdcad,1.37206,1.37223,1.37093,1.37168
2025-07-16 04:00:00+00:00,usdcad,1.37155,1.3721,1.37067,1.37205
2025-07-16 08:00:00+00:00,usdcad,1.37281,1.37292,1.37124,1.37154
2025-07-16 12:00:00+00:00,usdcad,1.37078,1.37556,1.36803,1.3728
2025-07-16 16:00:00+00:00,usdcad,1.36844,1.37136,1.36828,1.37077
2025-07-16 20:00:00+00:00,usdcad,1.36902,1.36912,1.3681,1.36846
2025-07-17 00:00:00+00:00,usdcad,1.37159,1.37204,1.36895,1.36903
2025-07-17 04:00:00+00:00,usdcad,1.3744,1.37457,1.371,1.37158
2025-07-17 08:00:00+00:00,usdcad,1.37634,1.37706,1.37394,1.37439
2025-07-17 12:00:00+00:00,usdcad,1.37504,1.37745,1.37417,1.37635
2025-07-17 16:00:00+00:00,usdcad,1.37452,1.37626,1.37431,1.37503
2025-07-17 20:00:00+00:00,usdcad,1.37368,1.375425,1.37366,1.37455
2025-07-18 00:00:00+00:00,usdcad,1.37405,1.37419,1.37303,1.37367
2025-07-18 04:00:00+00:00,usdcad,1.37331,1.37427,1.37329,1.37406
2025-07-18 08:00:00+00:00,usdcad,1.37222,1.37342,1.3716,1.3733
2025-07-18 12:00:00+00:00,usdcad,1.37127,1.37273,1.36958,1.37221
2025-07-18 16:00:00+00:00,usdcad,1.37258,1.37357,1.37114,1.37126
2025-07-18 20:00:00+00:00,usdcad,1.37234,1.37322,1.3723,1.37259
2025-07-20 20:00:00+00:00,usdcad,1.37239,1.37305,1.371725,1.37226
2025-07-21 00:00:00+00:00,usdcad,1.3723,1.37348,1.37219,1.37238
2025-07-21 04:00:00+00:00,usdcad,1.37267,1.37301,1.37145,1.37229
2025-07-21 08:00:00+00:00,usdcad,1.3706,1.37289,1.37022,1.37266
2025-07-21 12:00:00+00:00,usdcad,1.36893,1.37176,1.36787,1.37059
2025-07-21 16:00:00+00:00,usdcad,1.36846,1.36926,1.36834,1.36894
2025-07-21 20:00:00+00:00,usdcad,1.36763,1.36856,1.36754,1.36845
2025-07-22 00:00:00+00:00,usdcad,1.36885,1.36906,1.36758,1.36762
2025-07-22 04:00:00+00:00,usdcad,1.3691,1.36955,1.36857,1.36886
2025-07-22 08:00:00+00:00,usdcad,1.36743,1.36932,1.36727,1.36909
2025-07-22 12:00:00+00:00,usdcad,1.36169,1.36834,1.36165,1.36744
2025-07-22 16:00:00+00:00,usdcad,1.36042,1.36206,1.3603,1.36168
2025-07-22 20:00:00+00:00,usdcad,1.36051,1.360895,1.35961,1.36042
2025-07-23 00:00:00+00:00,usdcad,1.36007,1.36062,1.35934,1.36052
2025-07-23 04:00:00+00:00,usdcad,1.35899,1.36108,1.35896,1.36006
2025-07-23 08:00:00+00:00,usdcad,1.35784,1.35905,1.35758,1.35899
2025-07-23 12:00:00+00:00,usdcad,1.36094,1.36293,1.35783,1.35786
2025-07-23 16:00:00+00:00,usdcad,1.35955,1.36215,1.35951,1.3617
2025-07-23 20:00:00+00:00,usdcad,1.36024,1.36074,1.35953,1.35953
2025-07-24 00:00:00+00:00,usdcad,1.36042,1.36088,1.35969,1.36025
2025-07-24 04:00:00+00:00,usdcad,1.36071,1.36138,1.35988,1.36043
2025-07-24 08:00:00+00:00,usdcad,1.36102,1.36221,1.36022,1.36072
2025-07-24 12:00:00+00:00,usdcad,1.36445,1.36449,1.36097,1.36103
2025-07-24 16:00:00+00:00,usdcad,1.36438,1.36465,1.36304,1.36417
2025-07-24 20:00:00+00:00,usdcad,1.36409,1.36548,1.36327,1.36436
2025-07-25 00:00:00+00:00,usdcad,1.36523,1.36558,1.36383,1.36408
2025-07-25 04:00:00+00:00,usdcad,1.36735,1.36753,1.36481,1.36521
2025-07-25 08:00:00+00:00,usdcad,1.36721,1.36803,1.36675,1.36736
2025-07-25 12:00:00+00:00,usdcad,1.37149,1.3716,1.36718,1.36722
2025-07-25 16:00:00+00:00,usdcad,1.37048,1.37259,1.37033,1.37151
2025-07-25 20:00:00+00:00,usdcad,1.37038,1.37105,1.36991,1.37049
2025-07-27 20:00:00+00:00,usdcad,1.37031,1.370775,1.36957,1.370655
2025-07-28 00:00:00+00:00,usdcad,1.36935,1.37063,1.36865,1.3703
2025-07-28 04:00:00+00:00,usdcad,1.37384,1.37408,1.3692,1.36934
2025-07-28 08:00:00+00:00,usdcad,1.37186,1.37426,1.37183,1.37385
2025-07-28 12:00:00+00:00,usdcad,1.37197,1.37295,1.37106,1.37184
2025-07-28 16:00:00+00:00,usdcad,1.37364,1.37404,1.37169,1.37235
2025-07-28 20:00:00+00:00,usdcad,1.37351,1.37408,1.37282,1.37363
2025-07-29 00:00:00+00:00,usdcad,1.37387,1.37433,1.37313,1.37353
2025-07-29 04:00:00+00:00,usdcad,1.3756,1.3761,1.3732,1.37386
2025-07-29 08:00:00+00:00,usdcad,1.37694,1.377,1.37394,1.37562
2025-07-29 12:00:00+00:00,usdcad,1.3779,1.37886,1.37499,1.37695
2025-07-29 16:00:00+00:00,usdcad,1.37767,1.37804,1.37625,1.37792
2025-07-29 20:00:00+00:00,usdcad,1.3775,1.37824,1.376745,1.37766
2025-07-30 00:00:00+00:00,usdcad,1.3763,1.37747,1.3759,1.37747
2025-07-30 04:00:00+00:00,usdcad,1.37686,1.37748,1.37626,1.37629
2025-07-30 08:00:00+00:00,usdcad,1.37871,1.37932,1.37678,1.37685
2025-07-30 12:00:00+00:00,usdcad,1.38154,1.38192,1.3787,1.37872
2025-07-30 16:00:00+00:00,usdcad,1.38372,1.38423,1.37985,1.38153
2025-07-30 20:00:00+00:00,usdcad,1.38271,1.38452,1.38231,1.38376
2025-07-31 00:00:00+00:00,usdcad,1.38249,1.38367,1.38229,1.38272
2025-07-31 04:00:00+00:00,usdcad,1.38333,1.38453,1.38138,1.38248
2025-07-31 08:00:00+00:00,usdcad,1.38366,1.38539,1.38318,1.38335
2025-07-31 12:00:00+00:00,usdcad,1.38463,1.38525,1.38244,1.38367
2025-07-31 16:00:00+00:00,usdcad,1.38565,1.38566,1.38384,1.38464
2025-07-31 20:00:00+00:00,usdcad,1.38583,1.3871,1.38472,1.38562
2025-08-01 00:00:00+00:00,usdcad,1.3854,1.38637,1.38443,1.38584
2025-08-01 04:00:00+00:00,usdcad,1.38718,1.38743,1.38511,1.38539
2025-08-01 08:00:00+00:00,usdcad,1.38713,1.38794,1.38615,1.38717
2025-08-01 12:00:00+00:00,usdcad,1.37803,1.38763,1.37634,1.38711
2025-08-01 16:00:00+00:00,usdcad,1.37966,1.38176,1.37799,1.37804
2025-08-01 20:00:00+00:00,usdcad,1.37892,1.37978,1.3774,1.37965
2025-08-03 20:00:00+00:00,usdcad,1.37781,1.378995,1.37755,1.37791
2025-08-04 00:00:00+00:00,usdcad,1.37758,1.37951,1.37714,1.37785
2025-08-04 04:00:00+00:00,usdcad,1.37841,1.37848,1.37673,1.37759
2025-08-04 08:00:00+00:00,usdcad,1.37767,1.37903,1.37732,1.3784
2025-08-04 12:00:00+00:00,usdcad,1.37764,1.37835,1.37586,1.37766
2025-08-04 16:00:00+00:00,usdcad,1.37789,1.37855,1.37744,1.37765
2025-08-04 20:00:00+00:00,usdcad,1.37696,1.378185,1.37691,1.37788
2025-08-05 00:00:00+00:00,usdcad,1.37906,1.37911,1.37636,1.37692
2025-08-05 04:00:00+00:00,usdcad,1.37818,1.37951,1.37741,1.37908
2025-08-05 08:00:00+00:00,usdcad,1.37979,1.38105,1.37819,1.37819
2025-08-05 12:00:00+00:00,usdcad,1.3781,1.38068,1.37707,1.3798
2025-08-05 16:00:00+00:00,usdcad,1.37736,1.37889,1.37714,1.37809
2025-08-05 20:00:00+00:00,usdcad,1.3772,1.37829,1.37697,1.37732
2025-08-06 00:00:00+00:00,usdcad,1.37701,1.37799,1.37662,1.37723
2025-08-06 04:00:00+00:00,usdcad,1.37647,1.3775,1.37636,1.377
2025-08-06 08:00:00+00:00,usdcad,1.37577,1.37757,1.37462,1.37645
2025-08-06 12:00:00+00:00,usdcad,1.37408,1.37619,1.37392,1.37576
2025-08-06 16:00:00+00:00,usdcad,1.37422,1.37509,1.37356,1.37406
2025-08-06 20:00:00+00:00,usdcad,1.374,1.37455,1.37375,1.37421
2025-08-07 00:00:00+00:00,usdcad,1.37354,1.37466,1.37336,1.37402
2025-08-07 04:00:00+00:00,usdcad,1.37235,1.37364,1.37219,1.37355
2025-08-07 08:00:00+00:00,usdcad,1.37419,1.37447,1.37223,1.37236
2025-08-07 12:00:00+00:00,usdcad,1.37507,1.3774,1.37307,1.37421
2025-08-07 16:00:00+00:00,usdcad,1.37447,1.37676,1.37438,1.37508
2025-08-07 20:00:00+00:00,usdcad,1.37331,1.37492,1.37322,1.3745
2025-08-08 00:00:00+00:00,usdcad,1.37396,1.3749,1.37322,1.37329
2025-08-08 04:00:00+00:00,usdcad,1.37331,1.37498,1.37293,1.37395
2025-08-08 08:00:00+00:00,usdcad,1.37384,1.37396,1.3726,1.37332
2025-08-08 12:00:00+00:00,usdcad,1.37533,1.3763,1.37372,1.37385
2025-08-08 16:00:00+00:00,usdcad,1.37574,1.37593,1.37427,1.3753
2025-08-08 20:00:00+00:00,usdcad,1.37566,1.37638,1.375205,1.37575
2025-08-10 20:00:00+00:00,usdcad,1.37537,1.37577,1.37508,1.37539
2025-08-11 00:00:00+00:00,usdcad,1.37463,1.37611,1.37452,1.37538
2025-08-11 04:00:00+00:00,usdcad,1.37696,1.37743,1.37455,1.37464
2025-08-11 08:00:00+00:00,usdcad,1.37804,1.3784,1.37634,1.37697
2025-08-11 12:00:00+00:00,usdcad,1.37846,1.37956,1.37741,1.37803
2025-08-11 16:00:00+00:00,usdcad,1.37823,1.37875,1.37758,1.37843
2025-08-11 20:00:00+00:00,usdcad,1.37751,1.3785,1.3774,1.37824
2025-08-12 00:00:00+00:00,usdcad,1.37779,1.37805,1.37722,1.37752
2025-08-12 04:00:00+00:00,usdcad,1.37797,1.3786,1.37742,1.37783
2025-08-12 08:00:00+00:00,usdcad,1.37984,1.38062,1.37766,1.37798
2025-08-12 12:00:00+00:00,usdcad,1.37641,1.3804,1.37542,1.37983
2025-08-12 16:00:00+00:00,usdcad,1.37775,1.37847,1.37573,1.3764
2025-08-12 20:00:00+00:00,usdcad,1.37706,1.37797,1.37657,1.37774
2025-08-13 00:00:00+00:00,usdcad,1.37771,1.37822,1.37694,1.37705
2025-08-13 04:00:00+00:00,usdcad,1.37626,1.37819,1.37543,1.37772
2025-08-13 08:00:00+00:00,usdcad,1.37566,1.37685,1.37519,1.37627
2025-08-13 12:00:00+00:00,usdcad,1.37661,1.37753,1.37554,1.37567
2025-08-13 16:00:00+00:00,usdcad,1.37629,1.37738,1.37624,1.3766
2025-08-13 20:00:00+00:00,usdcad,1.37531,1.376615,1.37518,1.37627
2025-08-14 00:00:00+00:00,usdcad,1.37631,1.37649,1.37447,1.37532
2025-08-14 04:00:00+00:00,usdcad,1.37745,1.37795,1.3757,1.3763
2025-08-14 08:00:00+00:00,usdcad,1.37844,1.37854,1.37706,1.37744
2025-08-14 12:00:00+00:00,usdcad,1.38071,1.38132,1.37815,1.37842
2025-08-14 16:00:00+00:00,usdcad,1.38129,1.38197,1.3805,1.3807
2025-08-14 20:00:00+00:00,usdcad,1.38139,1.38187,1.3808,1.3813
2025-08-15 00:00:00+00:00,usdcad,1.38041,1.38156,1.38022,1.38138
2025-08-15 04:00:00+00:00,usdcad,1.37937,1.3807,1.37914,1.38042
2025-08-15 08:00:00+00:00,usdcad,1.37908,1.38002,1.37877,1.37935
2025-08-15 12:00:00+00:00,usdcad,1.38095,1.38119,1.37884,1.37909
2025-08-15 16:00:00+00:00,usdcad,1.38146,1.38165,1.38085,1.38094
2025-08-15 20:00:00+00:00,usdcad,1.38187,1.38198,1.38078,1.38145
2025-08-17 20:00:00+00:00,usdcad,1.38156,1.38175,1.38101,1.381495
2025-08-18 00:00:00+00:00,usdcad,1.38035,1.38157,1.38026,1.38157
2025-08-18 04:00:00+00:00,usdcad,1.38021,1.38099,1.37965,1.38037
2025-08-18 08:00:00+00:00,usdcad,1.3794,1.3806,1.3791,1.38023
2025-08-18 12:00:00+00:00,usdcad,1.38161,1.38315,1.37832,1.37938
2025-08-18 16:00:00+00:00,usdcad,1.3806,1.38173,1.38023,1.38163
2025-08-18 20:00:00+00:00,usdcad,1.3803,1.38096,1.37966,1.38064
2025-08-19 00:00:00+00:00,usdcad,1.38117,1.38182,1.38022,1.38028
2025-08-19 04:00:00+00:00,usdcad,1.38163,1.38164,1.38016,1.38118
2025-08-19 08:00:00+00:00,usdcad,1.38093,1.38232,1.38057,1.38164
2025-08-19 12:00:00+00:00,usdcad,1.386,1.38608,1.38061,1.38094
2025-08-19 16:00:00+00:00,usdcad,1.3866,1.38685,1.38536,1.38599
2025-08-19 20:00:00+00:00,usdcad,1.38671,1.38702,1.38596,1.38661
2025-08-20 00:00:00+00:00,usdcad,1.38749,1.38837,1.38653,1.3867
2025-08-20 04:00:00+00:00,usdcad,1.38717,1.38765,1.38685,1.38748
2025-08-20 08:00:00+00:00,usdcad,1.38727,1.38814,1.38689,1.38716
2025-08-20 12:00:00+00:00,usdcad,1.38753,1.38796,1.38539,1.38726
2025-08-20 16:00:00+00:00,usdcad,1.38765,1.3877,1.38632,1.38752
2025-08-20 20:00:00+00:00,usdcad,1.38746,1.38804,1.38648,1.38766
2025-08-21 00:00:00+00:00,usdcad,1.38807,1.38831,1.38731,1.38748
2025-08-21 04:00:00+00:00,usdcad,1.38803,1.38856,1.3874,1.38806
2025-08-21 08:00:00+00:00,usdcad,1.38866,1.38886,1.38741,1.388
2025-08-21 12:00:00+00:00,usdcad,1.39019,1.39059,1.38812,1.38865
2025-08-21 16:00:00+00:00,usdcad,1.39045,1.39079,1.38914,1.3902
2025-08-21 20:00:00+00:00,usdcad,1.39017,1.39128,1.39007,1.39044
2025-08-22 00:00:00+00:00,usdcad,1.39139,1.39145,1.38995,1.39019
2025-08-22 04:00:00+00:00,usdcad,1.39123,1.39174,1.39102,1.3914
2025-08-22 08:00:00+00:00,usdcad,1.39113,1.3919,1.39082,1.39124
2025-08-22 12:00:00+00:00,usdcad,1.38459,1.39249,1.38303,1.39112
2025-08-22 16:00:00+00:00,usdcad,1.38289,1.38463,1.38147,1.3846
2025-08-22 20:00:00+00:00,usdcad,1.382855,1.38306,1.3819,1.3829
2025-08-24 20:00:00+00:00,usdcad,1.38299,1.38338,1.38218,1.38255
2025-08-25 00:00:00+00:00,usdcad,1.38337,1.3844,1.38302,1.38302
2025-08-25 04:00:00+00:00,usdcad,1.38362,1.3838,1.38214,1.38336
2025-08-25 08:00:00+00:00,usdcad,1.38241,1.38369,1.38235,1.38363
2025-08-25 12:00:00+00:00,usdcad,1.3831,1.38352,1.38171,1.38239
2025-08-25 16:00:00+00:00,usdcad,1.38628,1.3864,1.38308,1.38311
2025-08-25 20:00:00+00:00,usdcad,1.38592,1.38629,1.38545,1.38629
2025-08-26 00:00:00+00:00,usdcad,1.38584,1.38642,1.38419,1.38591
2025-08-26 04:00:00+00:00,usdcad,1.38561,1.3868,1.38506,1.38585
2025-08-26 08:00:00+00:00,usdcad,1.38444,1.38644,1.38409,1.3856
2025-08-26 12:00:00+00:00,usdcad,1.38251,1.38546,1.38225,1.38445
2025-08-26 16:00:00+00:00,usdcad,1.38349,1.38418,1.38244,1.3825
2025-08-26 20:00:00+00:00,usdcad,1.38351,1.38414,1.38318,1.3835
2025-08-27 00:00:00+00:00,usdcad,1.38406,1.38414,1.38285,1.3835
2025-08-27 04:00:00+00:00,usdcad,1.38467,1.38544,1.38344,1.38407
2025-08-27 08:00:00+00:00,usdcad,1.38521,1.38571,1.38452,1.38466
2025-08-27 12:00:00+00:00,usdcad,1.38262,1.38579,1.38214,1.38516
2025-08-27 16:00:00+00:00,usdcad,1.37884,1.38261,1.3783,1.38261
2025-08-27 20:00:00+00:00,usdcad,1.37816,1.37927,1.37812,1.37882
2025-08-28 00:00:00+00:00,usdcad,1.37776,1.37835,1.37696,1.37817
2025-08-28 04:00:00+00:00,usdcad,1.37787,1.37882,1.37776,1.37778
2025-08-28 08:00:00+00:00,usdcad,1.37647,1.37855,1.37606,1.37788
2025-08-28 12:00:00+00:00,usdcad,1.37519,1.37854,1.37519,1.37648
2025-08-28 16:00:00+00:00,usdcad,1.37543,1.37548,1.37416,1.37518
2025-08-28 20:00:00+00:00,usdcad,1.37523,1.37585,1.3747,1.37544
2025-08-29 00:00:00+00:00,usdcad,1.37546,1.37572,1.37452,1.37522
2025-08-29 04:00:00+00:00,usdcad,1.37411,1.37575,1.37407,1.37547
2025-08-29 08:00:00+00:00,usdcad,1.3752,1.37576,1.37374,1.37412
2025-08-29 12:00:00+00:00,usdcad,1.37287,1.37793,1.37272,1.37521
2025-08-29 16:00:00+00:00,usdcad,1.3734,1.37375,1.37267,1.37286
2025-08-29 20:00:00+00:00,usdcad,1.37444,1.37468,1.37315,1.37339
2025-08-31 20:00:00+00:00,usdcad,1.37393,1.37444,1.37364,1.37396
2025-09-01 00:00:00+00:00,usdcad,1.37362,1.3745,1.37329,1.37394
2025-09-01 04:00:00+00:00,usdcad,1.37479,1.37527,1.37343,1.37361
2025-09-01 08:00:00+00:00,usdcad,1.37421,1.37509,1.37341,1.37478
2025-09-01 12:00:00+00:00,usdcad,1.37572,1.37621,1.37413,1.3742
2025-09-01 16:00:00+00:00,usdcad,1.37506,1.37604,1.37503,1.37573
2025-09-01 20:00:00+00:00,usdcad,1.37487,1.37538,1.374525,1.37507
2025-09-02 00:00:00+00:00,usdcad,1.37548,1.37569,1.37461,1.37486
2025-09-02 04:00:00+00:00,usdcad,1.37774,1.37796,1.37457,1.37549
2025-09-02 08:00:00+00:00,usdcad,1.37885,1.3796,1.37672,1.37773
2025-09-02 12:00:00+00:00,usdcad,1.37854,1.3815,1.3778,1.37886
2025-09-02 16:00:00+00:00,usdcad,1.37855,1.37926,1.37723,1.37855
2025-09-02 20:00:00+00:00,usdcad,1.37851,1.3786,1.37766,1.37853
2025-09-03 00:00:00+00:00,usdcad,1.3796,1.37963,1.37841,1.37852
2025-09-03 04:00:00+00:00,usdcad,1.37979,1.38078,1.37917,1.37959
2025-09-03 08:00:00+00:00,usdcad,1.37985,1.38059,1.37883,1.3798
2025-09-03 12:00:00+00:00,usdcad,1.37884,1.38062,1.37831,1.37983
2025-09-03 16:00:00+00:00,usdcad,1.37991,1.38019,1.37857,1.37883
2025-09-03 20:00:00+00:00,usdcad,1.37932,1.37999,1.3788,1.3799
2025-09-04 00:00:00+00:00,usdcad,1.38064,1.38071,1.37925,1.3793
2025-09-04 04:00:00+00:00,usdcad,1.38125,1.38151,1.38052,1.38063
2025-09-04 08:00:00+00:00,usdcad,1.38215,1.38263,1.38087,1.38124
2025-09-04 12:00:00+00:00,usdcad,1.38293,1.38456,1.380645,1.38214
2025-09-04 16:00:00+00:00,usdcad,1.38256,1.38407,1.38213,1.38292
2025-09-04 20:00:00+00:00,usdcad,1.38158,1.3829,1.381495,1.38258
2025-09-05 00:00:00+00:00,usdcad,1.38074,1.3817,1.38044,1.38155
2025-09-05 04:00:00+00:00,usdcad,1.37943,1.38116,1.37942,1.38073
2025-09-05 08:00:00+00:00,usdcad,1.38029,1.38057,1.37895,1.37945
2025-09-05 12:00:00+00:00,usdcad,1.3825,1.38391,1.37588,1.38028
2025-09-05 16:00:00+00:00,usdcad,1.38513,1.38544,1.38182,1.38249
2025-09-05 20:00:00+00:00,usdcad,1.382755,1.38514,1.3823,1.38514
2025-09-07 20:00:00+00:00,usdcad,1.38358,1.38446,1.38286,1.383305
2025-09-08 00:00:00+00:00,usdcad,1.38334,1.38438,1.38291,1.38359
2025-09-08 04:00:00+00:00,usdcad,1.38158,1.38363,1.38143,1.38333
2025-09-08 08:00:00+00:00,usdcad,1.38017,1.38248,1.3799,1.38159
2025-09-08 12:00:00+00:00,usdcad,1.38213,1.38268,1.37885,1.38016
2025-09-08 16:00:00+00:00,usdcad,1.38066,1.38338,1.38062,1.38214
2025-09-08 20:00:00+00:00,usdcad,1.37961,1.380845,1.37954,1.38067
2025-09-09 00:00:00+00:00,usdcad,1.381,1.38115,1.37962,1.37962
2025-09-09 04:00:00+00:00,usdcad,1.38084,1.38131,1.37937,1.38101
2025-09-09 08:00:00+00:00,usdcad,1.38151,1.38155,1.37945,1.38085
2025-09-09 12:00:00+00:00,usdcad,1.38351,1.38376,1.38053,1.38152
2025-09-09 16:00:00+00:00,usdcad,1.38583,1.38584,1.3831,1.38352
2025-09-09 20:00:00+00:00,usdcad,1.38468,1.38601,1.383985,1.38585
2025-09-10 00:00:00+00:00,usdcad,1.3853,1.38637,1.38469,1.38469
2025-09-10 04:00:00+00:00,usdcad,1.38549,1.38605,1.38392,1.38529
2025-09-10 08:00:00+00:00,usdcad,1.38584,1.38607,1.38472,1.38548
2025-09-10 12:00:00+00:00,usdcad,1.3845,1.38624,1.38307,1.38583
2025-09-10 16:00:00+00:00,usdcad,1.38644,1.38701,1.38437,1.38451
2025-09-10 20:00:00+00:00,usdcad,1.38609,1.38676,1.38587,1.38645
2025-09-11 00:00:00+00:00,usdcad,1.38706,1.38737,1.38608,1.3861
2025-09-11 04:00:00+00:00,usdcad,1.38799,1.3882,1.38703,1.38707
2025-09-11 08:00:00+00:00,usdcad,1.38887,1.38891,1.3874,1.38795
2025-09-11 12:00:00+00:00,usdcad,1.38314,1.3892,1.38296,1.38888
2025-09-11 16:00:00+00:00,usdcad,1.38323,1.38432,1.38262,1.38313
2025-09-11 20:00:00+00:00,usdcad,1.3835,1.38406,1.38306,1.38325
2025-09-12 00:00:00+00:00,usdcad,1.38434,1.38487,1.38349,1.38352
2025-09-12 04:00:00+00:00,usdcad,1.38353,1.38446,1.38329,1.38435
2025-09-12 08:00:00+00:00,usdcad,1.38434,1.38496,1.38341,1.38354
2025-09-12 12:00:00+00:00,usdcad,1.38588,1.38612,1.38348,1.38432
2025-09-12 16:00:00+00:00,usdcad,1.38454,1.38637,1.38386,1.38587
2025-09-12 20:00:00+00:00,usdcad,1.384505,1.38539,1.384415,1.38456
2025-09-14 20:00:00+00:00,usdcad,1.38395,1.38461,1.38365,1.38415
2025-09-15 00:00:00+00:00,usdcad,1.38361,1.3846,1.38355,1.38394
2025-09-15 04:00:00+00:00,usdcad,1.38371,1.38419,1.3831,1.38362
2025-09-15 08:00:00+00:00,usdcad,1.38246,1.38389,1.38192,1.38373
2025-09-15 12:00:00+00:00,usdcad,1.37991,1.38425,1.37939,1.38247
2025-09-15 16:00:00+00:00,usdcad,1.37702,1.38045,1.37685,1.3799
2025-09-15 20:00:00+00:00,usdcad,1.37752,1.37836,1.37671,1.37703
2025-09-16 00:00:00+00:00,usdcad,1.3768,1.37784,1.37637,1.37753
2025-09-16 04:00:00+00:00,usdcad,1.37689,1.37731,1.37626,1.37679
2025-09-16 08:00:00+00:00,usdcad,1.37514,1.37771,1.37478,1.3769
2025-09-16 12:00:00+00:00,usdcad,1.37463,1.37643,1.37371,1.37513
2025-09-16 16:00:00+00:00,usdcad,1.37499,1.37552,1.37372,1.37464
2025-09-16 20:00:00+00:00,usdcad,1.37395,1.37504,1.37348,1.37498
2025-09-17 00:00:00+00:00,usdcad,1.37542,1.37548,1.37378,1.37394
2025-09-17 04:00:00+00:00,usdcad,1.37606,1.37621,1.37484,1.37541
2025-09-17 08:00:00+00:00,usdcad,1.37553,1.3762,1.37489,1.37607
2025-09-17 12:00:00+00:00,usdcad,1.37629,1.37697,1.37495,1.37552
2025-09-17 16:00:00+00:00,usdcad,1.37727,1.37874,1.3727,1.3763
2025-09-17 20:00:00+00:00,usdcad,1.37711,1.378,1.37654,1.37725
2025-09-18 00:00:00+00:00,usdcad,1.37798,1.3785,1.3766,1.3771
2025-09-18 04:00:00+00:00,usdcad,1.37813,1.38002,1.37745,1.37799
2025-09-18 08:00:00+00:00,usdcad,1.37777,1.37867,1.37673,1.37812
2025-09-18 12:00:00+00:00,usdcad,1.37969,1.381,1.37766,1.37778
2025-09-18 16:00:00+00:00,usdcad,1.3796,1.381,1.37874,1.37971
2025-09-18 20:00:00+00:00,usdcad,1.37923,1.38027,1.37913,1.37961
2025-09-19 00:00:00+00:00,usdcad,1.3795,1.38049,1.37904,1.37924
2025-09-19 04:00:00+00:00,usdcad,1.3813,1.38204,1.37887,1.37947
2025-09-19 08:00:00+00:00,usdcad,1.38168,1.38182,1.38056,1.38129
2025-09-19 12:00:00+00:00,usdcad,1.37731,1.38254,1.37705,1.38174
2025-09-19 16:00:00+00:00,usdcad,1.37877,1.3788,1.37691,1.37732
2025-09-19 20:00:00+00:00,usdcad,1.377885,1.37918,1.37762,1.37878
2025-09-21 20:00:00+00:00,usdcad,1.37828,1.37856,1.37788,1.378205
2025-09-22 00:00:00+00:00,usdcad,1.37957,1.38,1.37819,1.37829
2025-09-22 04:00:00+00:00,usdcad,1.38086,1.38102,1.37919,1.37958
2025-09-22 08:00:00+00:00,usdcad,1.38073,1.38122,1.38004,1.38089
2025-09-22 12:00:00+00:00,usdcad,1.38154,1.38188,1.37931,1.38072
2025-09-22 16:00:00+00:00,usdcad,1.38225,1.38292,1.38138,1.38152
2025-09-22 20:00:00+00:00,usdcad,1.38258,1.3832,1.38172,1.38226
2025-09-23 00:00:00+00:00,usdcad,1.38269,1.38323,1.38237,1.38255
2025-09-23 04:00:00+00:00,usdcad,1.38429,1.3843,1.3823,1.38268
2025-09-23 08:00:00+00:00,usdcad,1.38269,1.38445,1.38233,1.3843
2025-09-23 12:00:00+00:00,usdcad,1.38355,1.38371,1.38118,1.38268
2025-09-23 16:00:00+00:00,usdcad,1.38401,1.38502,1.38244,1.38352
2025-09-23 20:00:00+00:00,usdcad,1.38391,1.38419,1.38313,1.38402
2025-09-24 00:00:00+00:00,usdcad,1.38459,1.38497,1.38377,1.3839
2025-09-24 04:00:00+00:00,usdcad,1.38537,1.38605,1.38432,1.38458
2025-09-24 08:00:00+00:00,usdcad,1.38719,1.3879,1.38537,1.38538
2025-09-24 12:00:00+00:00,usdcad,1.38953,1.38978,1.38664,1.3872
2025-09-24 16:00:00+00:00,usdcad,1.39029,1.3907,1.3895,1.38954
2025-09-24 20:00:00+00:00,usdcad,1.3897,1.39028,1.38944,1.39028
2025-09-25 00:00:00+00:00,usdcad,1.38861,1.38975,1.38855,1.38968
2025-09-25 04:00:00+00:00,usdcad,1.39001,1.39023,1.38856,1.38859
2025-09-25 08:00:00+00:00,usdcad,1.38942,1.39024,1.38902,1.39
2025-09-25 12:00:00+00:00,usdcad,1.39249,1.39304,1.38924,1.38943
2025-09-25 16:00:00+00:00,usdcad,1.39429,1.39497,1.39238,1.3925
2025-09-25 20:00:00+00:00,usdcad,1.39417,1.39453,1.39352,1.39427
2025-09-26 00:00:00+00:00,usdcad,1.39369,1.39458,1.39367,1.39418
2025-09-26 04:00:00+00:00,usdcad,1.39459,1.39483,1.39346,1.3937
2025-09-26 08:00:00+00:00,usdcad,1.39496,1.39588,1.39397,1.39458
2025-09-26 12:00:00+00:00,usdcad,1.39469,1.39526,1.39321,1.39497
2025-09-26 16:00:00+00:00,usdcad,1.39355,1.39508,1.39348,1.3947
2025-09-26 20:00:00+00:00,usdcad,1.39433,1.394605,1.39347,1.39356
2025-09-28 20:00:00+00:00,usdcad,1.39385,1.39476,1.39359,1.3939
2025-09-29 00:00:00+00:00,usdcad,1.39219,1.39396,1.39198,1.39386
2025-09-29 04:00:00+00:00,usdcad,1.39188,1.39297,1.39159,1.3922
2025-09-29 08:00:00+00:00,usdcad,1.39292,1.39346,1.39158,1.39187
2025-09-29 12:00:00+00:00,usdcad,1.39055,1.39397,1.39033,1.39293
2025-09-29 16:00:00+00:00,usdcad,1.39207,1.39229,1.39054,1.39054
2025-09-29 20:00:00+00:00,usdcad,1.39178,1.39224,1.3913,1.39208
2025-09-30 00:00:00+00:00,usdcad,1.39154,1.39244,1.39131,1.39177
2025-09-30 04:00:00+00:00,usdcad,1.39154,1.39243,1.39075,1.39155
2025-09-30 08:00:00+00:00,usdcad,1.39206,1.39254,1.39066,1.39153
2025-09-30 12:00:00+00:00,usdcad,1.39295,1.39348,1.38965,1.39207
2025-09-30 16:00:00+00:00,usdcad,1.39157,1.39359,1.39139,1.39296
2025-09-30 20:00:00+00:00,usdcad,1.39244,1.39259,1.39144,1.39154
2025-10-01 00:00:00+00:00,usdcad,1.39321,1.39332,1.39227,1.39243
2025-10-01 04:00:00+00:00,usdcad,1.39211,1.3932,1.39072,1.3932
2025-10-01 08:00:00+00:00,usdcad,1.39288,1.3937,1.39133,1.39208
2025-10-01 12:00:00+00:00,usdcad,1.39546,1.39553,1.39153,1.39272
2025-10-01 16:00:00+00:00,usdcad,1.3942,1.39571,1.39347,1.39547
2025-10-01 20:00:00+00:00,usdcad,1.39407,1.39446,1.3934,1.39418
2025-10-02 00:00:00+00:00,usdcad,1.39418,1.39477,1.39351,1.39406
2025-10-02 04:00:00+00:00,usdcad,1.39386,1.39488,1.39326,1.39417
2025-10-02 08:00:00+00:00,usdcad,1.39449,1.39461,1.39336,1.39387
2025-10-02 12:00:00+00:00,usdcad,1.39764,1.39865,1.39405,1.39451
2025-10-02 16:00:00+00:00,usdcad,1.39619,1.3978,1.39602,1.39766
2025-10-02 20:00:00+00:00,usdcad,1.39611,1.39729,1.39607,1.39618
2025-10-03 00:00:00+00:00,usdcad,1.39664,1.39693,1.39611,1.39612
2025-10-03 04:00:00+00:00,usdcad,1.39623,1.39694,1.39578,1.39663
2025-10-03 08:00:00+00:00,usdcad,1.39633,1.39691,1.3959,1.39622
2025-10-03 12:00:00+00:00,usdcad,1.39474,1.3968,1.39461,1.39631
2025-10-03 16:00:00+00:00,usdcad,1.3953,1.39612,1.394,1.39473
2025-10-03 20:00:00+00:00,usdcad,1.394895,1.39616,1.39457,1.39531
2025-10-05 20:00:00+00:00,usdcad,1.3965,1.39682,1.39561,1.39584
2025-10-06 00:00:00+00:00,usdcad,1.39499,1.39672,1.39456,1.39648
2025-10-06 04:00:00+00:00,usdcad,1.39532,1.39565,1.3942,1.39496
2025-10-06 08:00:00+00:00,usdcad,1.39618,1.39643,1.39478,1.39531
2025-10-06 12:00:00+00:00,usdcad,1.39467,1.39679,1.39461,1.39619
2025-10-06 16:00:00+00:00,usdcad,1.39498,1.39543,1.39462,1.39466
2025-10-06 20:00:00+00:00,usdcad,1.39456,1.39527,1.39407,1.39497
2025-10-07 00:00:00+00:00,usdcad,1.3947,1.3953,1.39444,1.39454
2025-10-07 04:00:00+00:00,usdcad,1.39553,1.39624,1.39444,1.39471
2025-10-07 08:00:00+00:00,usdcad,1.39588,1.39629,1.39479,1.39552
2025-10-07 12:00:00+00:00,usdcad,1.39499,1.39621,1.39389,1.39589
2025-10-07 16:00:00+00:00,usdcad,1.39548,1.39606,1.39433,1.39498
2025-10-07 20:00:00+00:00,usdcad,1.39535,1.39575,1.39468,1.39549
2025-10-08 00:00:00+00:00,usdcad,1.39621,1.39684,1.39519,1.39534
2025-10-08 04:00:00+00:00,usdcad,1.39556,1.39711,1.39535,1.39622
2025-10-08 08:00:00+00:00,usdcad,1.39447,1.39592,1.39445,1.39557
2025-10-08 12:00:00+00:00,usdcad,1.39548,1.3959,1.39321,1.39446
2025-10-08 16:00:00+00:00,usdcad,1.39571,1.39628,1.39523,1.39546
2025-10-08 20:00:00+00:00,usdcad,1.39554,1.39583,1.3949,1.3957
2025-10-09 00:00:00+00:00,usdcad,1.39389,1.39559,1.39383,1.39553
2025-10-09 04:00:00+00:00,usdcad,1.39569,1.39639,1.39338,1.39393
2025-10-09 08:00:00+00:00,usdcad,1.39536,1.39615,1.39468,1.39568
2025-10-09 12:00:00+00:00,usdcad,1.40111,1.4021,1.3939,1.39535
2025-10-09 16:00:00+00:00,usdcad,1.40251,1.40341,1.40099,1.40112
2025-10-09 20:00:00+00:00,usdcad,1.40203,1.40258,1.40108,1.40252
2025-10-10 00:00:00+00:00,usdcad,1.40164,1.4025,1.4014,1.40202
2025-10-10 04:00:00+00:00,usdcad,1.40254,1.40342,1.40133,1.40163
2025-10-10 08:00:00+00:00,usdcad,1.40182,1.40256,1.40132,1.40253
2025-10-10 12:00:00+00:00,usdcad,1.39991,1.40211,1.39765,1.40181
2025-10-10 16:00:00+00:00,usdcad,1.40011,1.40178,1.39943,1.39992
2025-10-10 20:00:00+00:00,usdcad,1.40071,1.40071,1.39961,1.40014
2025-10-12 20:00:00+00:00,usdcad,1.39993,1.40045,1.39895,1.39967
2025-10-13 00:00:00+00:00,usdcad,1.39953,1.40025,1.39833,1.39994
2025-10-13 04:00:00+00:00,usdcad,1.40048,1.40061,1.39886,1.39952
2025-10-13 08:00:00+00:00,usdcad,1.40089,1.40109,1.39974,1.40044
2025-10-13 12:00:00+00:00,usdcad,1.40289,1.40341,1.40067,1.40088
2025-10-13 16:00:00+00:00,usdcad,1.40375,1.40395,1.40272,1.40287
2025-10-13 20:00:00+00:00,usdcad,1.40399,1.40404,1.40246,1.40374
2025-10-14 00:00:00+00:00,usdcad,1.40412,1.40442,1.40332,1.40401
2025-10-14 04:00:00+00:00,usdcad,1.40638,1.40659,1.40401,1.40411
2025-10-14 08:00:00+00:00,usdcad,1.40643,1.40801,1.40547,1.40639
2025-10-14 12:00:00+00:00,usdcad,1.40439,1.40748,1.40303,1.40642
2025-10-14 16:00:00+00:00,usdcad,1.40427,1.40521,1.40328,1.40437
2025-10-14 20:00:00+00:00,usdcad,1.40459,1.40497,1.40372,1.40428
2025-10-15 00:00:00+00:00,usdcad,1.40367,1.40486,1.40319,1.4046
2025-10-15 04:00:00+00:00,usdcad,1.40426,1.4043,1.40278,1.40366
2025-10-15 08:00:00+00:00,usdcad,1.40437,1.40452,1.4034,1.40425
2025-10-15 12:00:00+00:00,usdcad,1.40345,1.40541,1.40268,1.40438
2025-10-15 16:00:00+00:00,usdcad,1.40466,1.406,1.40327,1.40343
2025-10-15 20:00:00+00:00,usdcad,1.40465,1.40481,1.40385,1.40465
2025-10-16 00:00:00+00:00,usdcad,1.403,1.40482,1.40227,1.40467
2025-10-16 04:00:00+00:00,usdcad,1.40341,1.40401,1.40271,1.40299
2025-10-16 08:00:00+00:00,usdcad,1.40485,1.40513,1.40321,1.40342
2025-10-16 12:00:00+00:00,usdcad,1.40474,1.40581,1.40358,1.40486
2025-10-16 16:00:00+00:00,usdcad,1.40518,1.4061,1.40384,1.40477
2025-10-16 20:00:00+00:00,usdcad,1.40464,1.40557,1.40458,1.40519
2025-10-17 00:00:00+00:00,usdcad,1.40456,1.4052,1.40367,1.40463
2025-10-17 04:00:00+00:00,usdcad,1.40535,1.40675,1.40362,1.40455
2025-10-17 08:00:00+00:00,usdcad,1.4034,1.40603,1.40276,1.40534
2025-10-17 12:00:00+00:00,usdcad,1.40466,1.40539,1.40323,1.40339
2025-10-17 16:00:00+00:00,usdcad,1.40133,1.40474,1.40082,1.40465
2025-10-17 20:00:00+00:00,usdcad,1.40207,1.40243,1.40104,1.40135
2025-10-19 20:00:00+00:00,usdcad,1.40164,1.40235,1.40102,1.40191
2025-10-20 00:00:00+00:00,usdcad,1.40103,1.40176,1.4006,1.40163
2025-10-20 04:00:00+00:00,usdcad,1.40309,1.4032,1.40093,1.40102
2025-10-20 08:00:00+00:00,usdcad,1.40386,1.40433,1.40272,1.40308
2025-10-20 12:00:00+00:00,usdcad,1.40306,1.40511,1.40261,1.40385
2025-10-20 16:00:00+00:00,usdcad,1.4033,1.40388,1.40271,1.40305
2025-10-20 20:00:00+00:00,usdcad,1.40338,1.40396,1.40309,1.40331
2025-10-21 00:00:00+00:00,usdcad,1.40499,1.40518,1.403,1.40339
2025-10-21 04:00:00+00:00,usdcad,1.40584,1.40628,1.40491,1.40498
2025-10-21 08:00:00+00:00,usdcad,1.40471,1.4066,1.40426,1.40585
2025-10-21 12:00:00+00:00,usdcad,1.40115,1.40484,1.40113,1.40469
2025-10-21 16:00:00+00:00,usdcad,1.40162,1.40239,1.40035,1.40114
2025-10-21 20:00:00+00:00,usdcad,1.40203,1.40246,1.40163,1.40163
2025-10-22 00:00:00+00:00,usdcad,1.40048,1.40205,1.40031,1.40205
2025-10-22 04:00:00+00:00,usdcad,1.40058,1.40089,1.39938,1.40047
2025-10-22 08:00:00+00:00,usdcad,1.40284,1.40325,1.40046,1.40057
2025-10-22 12:00:00+00:00,usdcad,1.39791,1.40307,1.39784,1.40283
2025-10-22 16:00:00+00:00,usdcad,1.39853,1.39964,1.3976,1.3979
2025-10-22 20:00:00+00:00,usdcad,1.399,1.3999,1.39852,1.39854
2025-10-23 00:00:00+00:00,usdcad,1.40013,1.40049,1.39883,1.39901
2025-10-23 04:00:00+00:00,usdcad,1.39954,1.40028,1.39871,1.40012
2025-10-23 08:00:00+00:00,usdcad,1.39956,1.39997,1.39926,1.39955
2025-10-23 12:00:00+00:00,usdcad,1.39928,1.40033,1.39801,1.39954
2025-10-23 16:00:00+00:00,usdcad,1.39869,1.40035,1.39862,1.39927
2025-10-23 20:00:00+00:00,usdcad,1.39875,1.39965,1.39734,1.3987
2025-10-24 00:00:00+00:00,usdcad,1.40061,1.40295,1.39844,1.39874
2025-10-24 04:00:00+00:00,usdcad,1.40079,1.40211,1.40041,1.4006
2025-10-24 08:00:00+00:00,usdcad,1.40271,1.40324,1.40059,1.40078
2025-10-24 12:00:00+00:00,usdcad,1.40132,1.40392,1.40008,1.4027
2025-10-24 16:00:00+00:00,usdcad,1.39983,1.40161,1.39972,1.40131
2025-10-24 20:00:00+00:00,usdcad,1.39953,1.400305,1.39922,1.39984
