date,ticker,close,high,low,open
2021-04-04 00:00:00+00:00,usdcad,1.25648,1.258945,1.256365,1.25759
2021-04-05 00:00:00+00:00,usdcad,1.252065,1.259475,1.25022,1.256485
2021-04-06 00:00:00+00:00,usdcad,1.257245,1.258315,1.251695,1.252075
2021-04-07 00:00:00+00:00,usdcad,1.2614,1.263495,1.256615,1.25725
2021-04-08 00:00:00+00:00,usdcad,1.25637,1.262735,1.25577,1.261395
2021-04-09 00:00:00+00:00,usdcad,1.252865,1.261105,1.252635,1.256365
2021-04-11 00:00:00+00:00,usdcad,1.253435,1.254465,1.252845,1.25424
2021-04-12 00:00:00+00:00,usdcad,1.256325,1.257435,1.253085,1.253425
2021-04-13 00:00:00+00:00,usdcad,1.25374,1.263015,1.252725,1.256315
2021-04-14 00:00:00+00:00,usdcad,1.251745,1.257645,1.25002,1.253735
2021-04-15 00:00:00+00:00,usdcad,1.25459,1.255865,1.247695,1.251765
2021-04-16 00:00:00+00:00,usdcad,1.250735,1.255965,1.249465,1.254585
2021-04-18 00:00:00+00:00,usdcad,1.251865,1.251865,1.250685,1.250695
2021-04-19 00:00:00+00:00,usdcad,1.2524,1.254425,1.247145,1.251855
2021-04-20 00:00:00+00:00,usdcad,1.261255,1.262375,1.247885,1.25239
2021-04-21 00:00:00+00:00,usdcad,1.250465,1.26539,1.246005,1.26125
2021-04-22 00:00:00+00:00,usdcad,1.250315,1.253475,1.247325,1.250475
2021-04-23 00:00:00+00:00,usdcad,1.247505,1.250945,1.246115,1.250315
2021-04-25 00:00:00+00:00,usdcad,1.248955,1.248975,1.247485,1.247985
2021-04-26 00:00:00+00:00,usdcad,1.239645,1.249015,1.238425,1.248945
2021-04-27 00:00:00+00:00,usdcad,1.240705,1.241885,1.238875,1.239655
2021-04-28 00:00:00+00:00,usdcad,1.230345,1.241835,1.230205,1.240715
2021-04-29 00:00:00+00:00,usdcad,1.22766,1.232205,1.227525,1.230355
2021-04-30 00:00:00+00:00,usdcad,1.228855,1.232275,1.226615,1.227665
2021-05-02 00:00:00+00:00,usdcad,1.228035,1.229445,1.22794,1.22921
2021-05-03 00:00:00+00:00,usdcad,1.228075,1.231885,1.226695,1.228025
2021-05-04 00:00:00+00:00,usdcad,1.230165,1.23518,1.22775,1.22807
2021-05-05 00:00:00+00:00,usdcad,1.22689,1.230635,1.225205,1.23017
2021-05-06 00:00:00+00:00,usdcad,1.215635,1.228855,1.214245,1.226895
2021-05-07 00:00:00+00:00,usdcad,1.212695,1.219385,1.212515,1.215605
2021-05-09 00:00:00+00:00,usdcad,1.211675,1.21358,1.21104,1.212065
2021-05-10 00:00:00+00:00,usdcad,1.209455,1.213065,1.207905,1.211695
2021-05-11 00:00:00+00:00,usdcad,1.209765,1.212615,1.207865,1.209445
2021-05-12 00:00:00+00:00,usdcad,1.212085,1.213255,1.209105,1.209755
2021-05-13 00:00:00+00:00,usdcad,1.217075,1.220315,1.210805,1.21207
2021-05-14 00:00:00+00:00,usdcad,1.21063,1.217925,1.208105,1.217075
2021-05-16 00:00:00+00:00,usdcad,1.211305,1.211905,1.210455,1.21149
2021-05-17 00:00:00+00:00,usdcad,1.20622,1.213665,1.206105,1.211325
2021-05-18 00:00:00+00:00,usdcad,1.207315,1.208145,1.201325,1.206225
2021-05-19 00:00:00+00:00,usdcad,1.213175,1.21432,1.20544,1.20731
2021-05-20 00:00:00+00:00,usdcad,1.206345,1.21446,1.204955,1.213225
2021-05-21 00:00:00+00:00,usdcad,1.206535,1.209495,1.20277,1.206315
2021-05-23 00:00:00+00:00,usdcad,1.207045,1.20772,1.206055,1.207005
2021-05-24 00:00:00+00:00,usdcad,1.205035,1.208555,1.204105,1.207055
2021-05-25 00:00:00+00:00,usdcad,1.206655,1.207855,1.202925,1.20505
2021-05-26 00:00:00+00:00,usdcad,1.213055,1.213655,1.204365,1.206665
2021-05-27 00:00:00+00:00,usdcad,1.207115,1.214215,1.205665,1.213065
2021-05-28 00:00:00+00:00,usdcad,1.20759,1.21202,1.206325,1.207125
2021-05-30 00:00:00+00:00,usdcad,1.20787,1.208045,1.206695,1.206935
2021-05-31 00:00:00+00:00,usdcad,1.207245,1.20861,1.206165,1.207865
2021-06-01 00:00:00+00:00,usdcad,1.207125,1.20777,1.200725,1.204995
2021-06-02 00:00:00+00:00,usdcad,1.204075,1.209185,1.202945,1.207115
2021-06-03 00:00:00+00:00,usdcad,1.210975,1.212,1.203035,1.20407
2021-06-04 00:00:00+00:00,usdcad,1.20841,1.213325,1.207075,1.21098
2021-06-07 00:00:00+00:00,usdcad,1.208705,1.210675,1.205725,1.208645
2021-06-08 00:00:00+00:00,usdcad,1.211355,1.21179,1.207135,1.208715
2021-06-09 00:00:00+00:00,usdcad,1.211505,1.21177,1.205855,1.211365
2021-06-10 00:00:00+00:00,usdcad,1.209635,1.212545,1.207035,1.21151
2021-06-11 00:00:00+00:00,usdcad,1.21571,1.217735,1.208035,1.20964
2021-06-13 00:00:00+00:00,usdcad,1.216035,1.216455,1.21569,1.21581
2021-06-14 00:00:00+00:00,usdcad,1.214335,1.21715,1.21284,1.21603
2021-06-15 00:00:00+00:00,usdcad,1.218605,1.22041,1.213015,1.214325
2021-06-16 00:00:00+00:00,usdcad,1.227865,1.228385,1.21571,1.2186
2021-06-17 00:00:00+00:00,usdcad,1.23457,1.237765,1.22627,1.22787
2021-06-18 00:00:00+00:00,usdcad,1.246635,1.248075,1.23392,1.234565
2021-06-20 00:00:00+00:00,usdcad,1.245085,1.246915,1.244165,1.246765
2021-06-21 00:00:00+00:00,usdcad,1.237005,1.24868,1.235355,1.24509
2021-06-22 00:00:00+00:00,usdcad,1.231135,1.240335,1.230225,1.237015
2021-06-23 00:00:00+00:00,usdcad,1.230535,1.232885,1.225255,1.23114
2021-06-24 00:00:00+00:00,usdcad,1.23226,1.23409,1.228275,1.23054
2021-06-25 00:00:00+00:00,usdcad,1.229385,1.232985,1.22723,1.232265
2021-06-27 00:00:00+00:00,usdcad,1.229415,1.2305,1.229245,1.229695
2021-06-28 00:00:00+00:00,usdcad,1.233495,1.23479,1.228795,1.22941
2021-06-29 00:00:00+00:00,usdcad,1.239755,1.240325,1.233175,1.233485
2021-06-30 00:00:00+00:00,usdcad,1.23944,1.242355,1.235585,1.23976
2021-07-01 00:00:00+00:00,usdcad,1.244115,1.244585,1.236485,1.239435
2021-07-02 00:00:00+00:00,usdcad,1.231935,1.244985,1.230935,1.24411
2021-07-05 00:00:00+00:00,usdcad,1.234085,1.237175,1.232455,1.2344
2021-07-06 00:00:00+00:00,usdcad,1.245865,1.24944,1.230405,1.234105
2021-07-07 00:00:00+00:00,usdcad,1.248265,1.25196,1.242325,1.24586
2021-07-08 00:00:00+00:00,usdcad,1.253135,1.259045,1.247885,1.24826
2021-07-09 00:00:00+00:00,usdcad,1.244775,1.255705,1.244345,1.253125
2021-07-11 00:00:00+00:00,usdcad,1.244885,1.24574,1.24469,1.24574
2021-07-12 00:00:00+00:00,usdcad,1.245655,1.251465,1.244875,1.244895
2021-07-13 00:00:00+00:00,usdcad,1.245155,1.245655,1.24426,1.245645
2021-07-14 00:00:00+00:00,usdcad,1.251635,1.252635,1.242725,1.25219
2021-07-15 00:00:00+00:00,usdcad,1.259225,1.261385,1.250155,1.251625
2021-07-16 00:00:00+00:00,usdcad,1.261365,1.262075,1.256125,1.259255
2021-07-18 00:00:00+00:00,usdcad,1.261795,1.262315,1.260915,1.26093
2021-07-19 00:00:00+00:00,usdcad,1.275015,1.280465,1.261795,1.261805
2021-07-20 00:00:00+00:00,usdcad,1.267575,1.278685,1.267415,1.275005
2021-07-21 00:00:00+00:00,usdcad,1.257155,1.272955,1.252585,1.26758
2021-07-22 00:00:00+00:00,usdcad,1.256445,1.25943,1.252935,1.257125
2021-07-23 00:00:00+00:00,usdcad,1.256455,1.260735,1.25554,1.25644
2021-07-25 00:00:00+00:00,usdcad,1.256865,1.257295,1.255925,1.25614
2021-07-26 00:00:00+00:00,usdcad,1.254335,1.2591,1.252825,1.256885
2021-07-27 00:00:00+00:00,usdcad,1.259165,1.260465,1.253845,1.25434
2021-07-28 00:00:00+00:00,usdcad,1.252045,1.260265,1.251585,1.25916
2021-07-29 00:00:00+00:00,usdcad,1.244985,1.253055,1.243245,1.25205
2021-07-30 00:00:00+00:00,usdcad,1.247455,1.249165,1.24225,1.244975
2021-08-01 00:00:00+00:00,usdcad,1.246785,1.24848,1.24646,1.24832
2021-08-02 00:00:00+00:00,usdcad,1.250155,1.251515,1.245305,1.246805
2021-08-03 00:00:00+00:00,usdcad,1.253385,1.253555,1.248965,1.250145
2021-08-04 00:00:00+00:00,usdcad,1.254475,1.256285,1.251555,1.25338
2021-08-05 00:00:00+00:00,usdcad,1.250185,1.254525,1.247485,1.254465
2021-08-06 00:00:00+00:00,usdcad,1.25584,1.258105,1.249455,1.250195
2021-08-08 00:00:00+00:00,usdcad,1.257385,1.257975,1.255035,1.255085
2021-08-09 00:00:00+00:00,usdcad,1.257585,1.258795,1.253185,1.257395
2021-08-10 00:00:00+00:00,usdcad,1.257235,1.258945,1.255535,1.25759
2021-08-11 00:00:00+00:00,usdcad,1.250805,1.25431,1.24895,1.25389
2021-08-12 00:00:00+00:00,usdcad,1.252035,1.253355,1.250095,1.2508
2021-08-13 00:00:00+00:00,usdcad,1.251475,1.253215,1.250185,1.252045
2021-08-15 00:00:00+00:00,usdcad,1.25189,1.25204,1.251225,1.251885
2021-08-16 00:00:00+00:00,usdcad,1.257175,1.258445,1.251795,1.251885
2021-08-17 00:00:00+00:00,usdcad,1.262755,1.264915,1.257075,1.257165
2021-08-18 00:00:00+00:00,usdcad,1.26636,1.266365,1.259855,1.262745
2021-08-19 00:00:00+00:00,usdcad,1.283165,1.283295,1.266005,1.266355
2021-08-20 00:00:00+00:00,usdcad,1.28226,1.294915,1.281445,1.28317
2021-08-22 00:00:00+00:00,usdcad,1.28261,1.283365,1.281565,1.28231
2021-08-23 00:00:00+00:00,usdcad,1.26535,1.282635,1.26428,1.282615
2021-08-24 00:00:00+00:00,usdcad,1.25975,1.2658,1.257895,1.265365
2021-08-25 00:00:00+00:00,usdcad,1.258955,1.264385,1.25864,1.259755
2021-08-26 00:00:00+00:00,usdcad,1.2686,1.269545,1.258915,1.25896
2021-08-27 00:00:00+00:00,usdcad,1.262045,1.270845,1.260565,1.268595
2021-08-29 00:00:00+00:00,usdcad,1.261265,1.262365,1.260875,1.26206
2021-08-30 00:00:00+00:00,usdcad,1.260945,1.26345,1.257375,1.26127
2021-08-31 00:00:00+00:00,usdcad,1.261685,1.265365,1.256965,1.260935
2021-09-01 00:00:00+00:00,usdcad,1.262205,1.263735,1.25808,1.26169
2021-09-02 00:00:00+00:00,usdcad,1.255355,1.263825,1.254835,1.2622
2021-09-03 00:00:00+00:00,usdcad,1.252805,1.255925,1.249425,1.25535
2021-09-05 00:00:00+00:00,usdcad,1.253175,1.253185,1.252345,1.252515
2021-09-06 00:00:00+00:00,usdcad,1.253465,1.255915,1.252365,1.253165
2021-09-07 00:00:00+00:00,usdcad,1.264705,1.265615,1.251975,1.253475
2021-09-08 00:00:00+00:00,usdcad,1.269445,1.276225,1.262645,1.2647
2021-09-09 00:00:00+00:00,usdcad,1.266585,1.272785,1.262275,1.26945
2021-09-10 00:00:00+00:00,usdcad,1.269285,1.269525,1.258265,1.26659
2021-09-12 00:00:00+00:00,usdcad,1.268065,1.2689,1.267775,1.268535
2021-09-13 00:00:00+00:00,usdcad,1.26489,1.269545,1.263825,1.26804
2021-09-14 00:00:00+00:00,usdcad,1.269155,1.269855,1.260185,1.264895
2021-09-15 00:00:00+00:00,usdcad,1.261865,1.270885,1.261795,1.269145
2021-09-16 00:00:00+00:00,usdcad,1.268215,1.269955,1.261675,1.26187
2021-09-17 00:00:00+00:00,usdcad,1.276815,1.277355,1.263685,1.268235
2021-09-19 00:00:00+00:00,usdcad,1.276655,1.277875,1.275585,1.27601
2021-09-20 00:00:00+00:00,usdcad,1.280315,1.289635,1.275975,1.276645
2021-09-21 00:00:00+00:00,usdcad,1.281705,1.284865,1.274295,1.28032
2021-09-22 00:00:00+00:00,usdcad,1.278665,1.282635,1.269815,1.28169
2021-09-23 00:00:00+00:00,usdcad,1.266275,1.279605,1.263375,1.27866
2021-09-24 00:00:00+00:00,usdcad,1.265225,1.273055,1.264095,1.266285
2021-09-26 00:00:00+00:00,usdcad,1.265035,1.266195,1.264825,1.265065
2021-09-27 00:00:00+00:00,usdcad,1.262705,1.267275,1.261025,1.265025
2021-09-28 00:00:00+00:00,usdcad,1.267745,1.270745,1.259385,1.262695
2021-09-29 00:00:00+00:00,usdcad,1.27544,1.277475,1.266865,1.267755
2021-09-30 00:00:00+00:00,usdcad,1.268465,1.275725,1.263065,1.275445
2021-10-01 00:00:00+00:00,usdcad,1.264675,1.273905,1.262805,1.268475
2021-10-03 00:00:00+00:00,usdcad,1.262695,1.264755,1.26139,1.26442
2021-10-04 00:00:00+00:00,usdcad,1.259035,1.265505,1.2558,1.262705
2021-10-05 00:00:00+00:00,usdcad,1.258355,1.262805,1.254575,1.259065
2021-10-06 00:00:00+00:00,usdcad,1.258625,1.264825,1.258155,1.258365
2021-10-07 00:00:00+00:00,usdcad,1.254805,1.259955,1.254045,1.258635
2021-10-08 00:00:00+00:00,usdcad,1.247015,1.256255,1.245175,1.25481
2021-10-10 00:00:00+00:00,usdcad,1.248495,1.248655,1.246665,1.24779
2021-10-11 00:00:00+00:00,usdcad,1.248145,1.249205,1.24466,1.2485
2021-10-12 00:00:00+00:00,usdcad,1.24777,1.249875,1.243465,1.248135
2021-10-13 00:00:00+00:00,usdcad,1.243895,1.247895,1.243065,1.247745
2021-10-14 00:00:00+00:00,usdcad,1.237565,1.243915,1.235485,1.243895
2021-10-15 00:00:00+00:00,usdcad,1.236685,1.239755,1.233685,1.23757
2021-10-17 00:00:00+00:00,usdcad,1.237475,1.2378,1.23491,1.237215
2021-10-18 00:00:00+00:00,usdcad,1.2373,1.240985,1.235125,1.237465
2021-10-19 00:00:00+00:00,usdcad,1.235585,1.237445,1.23114,1.237295
2021-10-20 00:00:00+00:00,usdcad,1.232575,1.236675,1.230775,1.235595
2021-10-21 00:00:00+00:00,usdcad,1.23712,1.238385,1.228865,1.232565
2021-10-22 00:00:00+00:00,usdcad,1.23666,1.23903,1.232095,1.237115
2021-10-24 00:00:00+00:00,usdcad,1.237245,1.237975,1.236445,1.23684
2021-10-25 00:00:00+00:00,usdcad,1.237945,1.240025,1.233835,1.23725
2021-10-26 00:00:00+00:00,usdcad,1.239145,1.23964,1.235035,1.237935
2021-10-27 00:00:00+00:00,usdcad,1.237055,1.243175,1.230165,1.239195
2021-10-28 00:00:00+00:00,usdcad,1.234765,1.23828,1.23302,1.23705
2021-10-29 00:00:00+00:00,usdcad,1.238845,1.240825,1.232815,1.234755
2021-10-31 00:00:00+00:00,usdcad,1.2384,1.238715,1.237715,1.238625
2021-11-01 00:00:00+00:00,usdcad,1.237435,1.240355,1.235205,1.238395
2021-11-02 00:00:00+00:00,usdcad,1.240795,1.242485,1.237175,1.23743
2021-11-03 00:00:00+00:00,usdcad,1.237835,1.245685,1.237795,1.24079
2021-11-04 00:00:00+00:00,usdcad,1.245295,1.247175,1.23776,1.237835
2021-11-05 00:00:00+00:00,usdcad,1.245625,1.247965,1.243615,1.245275
2021-11-07 00:00:00+00:00,usdcad,1.245155,1.245545,1.244495,1.245085
2021-11-08 00:00:00+00:00,usdcad,1.24431,1.24657,1.243605,1.245145
2021-11-09 00:00:00+00:00,usdcad,1.24483,1.24571,1.24408,1.244305
2021-11-10 00:00:00+00:00,usdcad,1.248775,1.250375,1.23874,1.243545
2021-11-11 00:00:00+00:00,usdcad,1.25894,1.259655,1.248225,1.248785
2021-11-12 00:00:00+00:00,usdcad,1.255105,1.260475,1.254145,1.258935
2021-11-14 00:00:00+00:00,usdcad,1.254625,1.255165,1.25438,1.25477
2021-11-15 00:00:00+00:00,usdcad,1.251525,1.255625,1.250175,1.254635
2021-11-16 00:00:00+00:00,usdcad,1.25663,1.256835,1.249295,1.25153
2021-11-17 00:00:00+00:00,usdcad,1.261165,1.26228,1.254065,1.256625
2021-11-18 00:00:00+00:00,usdcad,1.260445,1.264715,1.259305,1.261155
2021-11-19 00:00:00+00:00,usdcad,1.264215,1.26624,1.258485,1.26045
2021-11-21 00:00:00+00:00,usdcad,1.265475,1.265525,1.264275,1.26441
2021-11-22 00:00:00+00:00,usdcad,1.270225,1.27056,1.262795,1.26547
2021-11-23 00:00:00+00:00,usdcad,1.267655,1.27449,1.26604,1.27022
2021-11-24 00:00:00+00:00,usdcad,1.266225,1.27103,1.265105,1.267645
2021-11-25 00:00:00+00:00,usdcad,1.266455,1.26773,1.26409,1.266215
2021-11-26 00:00:00+00:00,usdcad,1.279255,1.279935,1.266125,1.26646
2021-11-28 00:00:00+00:00,usdcad,1.272565,1.276435,1.272555,1.27586
2021-11-29 00:00:00+00:00,usdcad,1.273845,1.279345,1.272255,1.272575
2021-11-30 00:00:00+00:00,usdcad,1.277485,1.28371,1.27325,1.273855
2021-12-01 00:00:00+00:00,usdcad,1.281155,1.282995,1.271295,1.27749
2021-12-02 00:00:00+00:00,usdcad,1.281855,1.283765,1.27787,1.28116
2021-12-03 00:00:00+00:00,usdcad,1.284345,1.285455,1.274405,1.28185
2021-12-05 00:00:00+00:00,usdcad,1.281795,1.283995,1.281775,1.283185
2021-12-06 00:00:00+00:00,usdcad,1.276285,1.2843,1.275365,1.28182
2021-12-07 00:00:00+00:00,usdcad,1.264635,1.276755,1.263535,1.27628
2021-12-08 00:00:00+00:00,usdcad,1.265275,1.266655,1.260825,1.26464
2021-12-09 00:00:00+00:00,usdcad,1.270685,1.272235,1.265045,1.265285
2021-12-10 00:00:00+00:00,usdcad,1.27258,1.273845,1.268025,1.270675
2021-12-12 00:00:00+00:00,usdcad,1.27216,1.273155,1.27178,1.272905
2021-12-13 00:00:00+00:00,usdcad,1.280855,1.282145,1.270595,1.272155
2021-12-14 00:00:00+00:00,usdcad,1.286745,1.286805,1.279765,1.280845
2021-12-15 00:00:00+00:00,usdcad,1.28374,1.293595,1.283045,1.28674
2021-12-16 00:00:00+00:00,usdcad,1.278115,1.285785,1.276375,1.283745
2021-12-17 00:00:00+00:00,usdcad,1.289195,1.290175,1.277865,1.27811
2021-12-19 00:00:00+00:00,usdcad,1.289935,1.290245,1.288415,1.288835
2021-12-20 00:00:00+00:00,usdcad,1.293685,1.296395,1.288695,1.28993
2021-12-21 00:00:00+00:00,usdcad,1.292355,1.29461,1.291195,1.29368
2021-12-22 00:00:00+00:00,usdcad,1.285205,1.292415,1.28328,1.292365
2021-12-23 00:00:00+00:00,usdcad,1.28274,1.285365,1.279835,1.28521
2021-12-24 00:00:00+00:00,usdcad,1.281295,1.283505,1.278695,1.282735
2021-12-26 00:00:00+00:00,usdcad,1.281615,1.28176,1.280795,1.280985
2021-12-27 00:00:00+00:00,usdcad,1.278855,1.284765,1.277885,1.281625
2021-12-28 00:00:00+00:00,usdcad,1.28157,1.283195,1.27825,1.278845
2021-12-29 00:00:00+00:00,usdcad,1.278355,1.283515,1.278335,1.281575
2021-12-30 00:00:00+00:00,usdcad,1.274575,1.281285,1.273425,1.27835
2021-12-31 00:00:00+00:00,usdcad,1.26377,1.27509,1.262065,1.274585
2022-01-02 00:00:00+00:00,usdcad,1.265985,1.26603,1.26313,1.26393
2022-01-03 00:00:00+00:00,usdcad,1.275185,1.27792,1.264515,1.265925
2022-01-04 00:00:00+00:00,usdcad,1.270545,1.276615,1.26673,1.275195
2022-01-05 00:00:00+00:00,usdcad,1.276045,1.276655,1.269175,1.270555
2022-01-06 00:00:00+00:00,usdcad,1.27306,1.281385,1.270695,1.276065
2022-01-07 00:00:00+00:00,usdcad,1.264285,1.273065,1.263205,1.273065
2022-01-09 00:00:00+00:00,usdcad,1.264795,1.265665,1.263575,1.26494
2022-01-10 00:00:00+00:00,usdcad,1.26661,1.26966,1.261045,1.26479
2022-01-11 00:00:00+00:00,usdcad,1.25778,1.26707,1.25674,1.26662
2022-01-12 00:00:00+00:00,usdcad,1.25031,1.258,1.24957,1.25779
2022-01-13 00:00:00+00:00,usdcad,1.25086,1.25215,1.24535,1.25034
2022-01-14 00:00:00+00:00,usdcad,1.25473,1.25706,1.2471,1.25085
2022-01-16 00:00:00+00:00,usdcad,1.25418,1.25572,1.25384,1.25402
2022-01-17 00:00:00+00:00,usdcad,1.25164,1.25521,1.25003,1.25419
2022-01-18 00:00:00+00:00,usdcad,1.2498,1.25638,1.24862,1.25163
2022-01-19 00:00:00+00:00,usdcad,1.2511,1.25247,1.24506,1.24977
2022-01-20 00:00:00+00:00,usdcad,1.25008,1.25154,1.24533,1.25109
2022-01-21 00:00:00+00:00,usdcad,1.2579,1.25876,1.24985,1.25007
2022-01-23 00:00:00+00:00,usdcad,1.25619,1.258175,1.25619,1.25801
2022-01-24 00:00:00+00:00,usdcad,1.26262,1.27016,1.25547,1.25624
2022-01-25 00:00:00+00:00,usdcad,1.26173,1.26693,1.25976,1.26261
2022-01-26 00:00:00+00:00,usdcad,1.26567,1.26883,1.25596,1.26174
2022-01-27 00:00:00+00:00,usdcad,1.27475,1.27481,1.26505,1.26569
2022-01-28 00:00:00+00:00,usdcad,1.27634,1.27969,1.2713,1.27472
2022-01-30 00:00:00+00:00,usdcad,1.27602,1.27771,1.27598,1.27709
2022-01-31 00:00:00+00:00,usdcad,1.2718,1.27756,1.26822,1.27603
2022-02-01 00:00:00+00:00,usdcad,1.26904,1.27264,1.26555,1.27181
2022-02-02 00:00:00+00:00,usdcad,1.26873,1.27061,1.26506,1.26903
2022-02-03 00:00:00+00:00,usdcad,1.26793,1.27155,1.26581,1.26872
2022-02-04 00:00:00+00:00,usdcad,1.27616,1.27876,1.26631,1.26793
2022-02-06 00:00:00+00:00,usdcad,1.27464,1.275275,1.27462,1.274885
2022-02-07 00:00:00+00:00,usdcad,1.26662,1.27565,1.2658,1.27463
2022-02-08 00:00:00+00:00,usdcad,1.27064,1.2721,1.26644,1.26661
2022-02-09 00:00:00+00:00,usdcad,1.26767,1.27156,1.26656,1.27061
2022-02-10 00:00:00+00:00,usdcad,1.27341,1.27346,1.26362,1.26768
2022-02-11 00:00:00+00:00,usdcad,1.273245,1.27539,1.26694,1.2734
2022-02-13 00:00:00+00:00,usdcad,1.27246,1.27428,1.27207,1.27356
2022-02-14 00:00:00+00:00,usdcad,1.27293,1.27841,1.27201,1.27245
2022-02-15 00:00:00+00:00,usdcad,1.27255,1.27747,1.27012,1.27294
2022-02-16 00:00:00+00:00,usdcad,1.26965,1.2726,1.26637,1.27254
2022-02-17 00:00:00+00:00,usdcad,1.27093,1.27346,1.26747,1.26966
2022-02-18 00:00:00+00:00,usdcad,1.275295,1.2761,1.26739,1.27094
2022-02-20 00:00:00+00:00,usdcad,1.2757,1.27621,1.274555,1.274815
2022-02-21 00:00:00+00:00,usdcad,1.27578,1.27661,1.27221,1.27569
2022-02-22 00:00:00+00:00,usdcad,1.27676,1.27832,1.2719,1.27577
2022-02-23 00:00:00+00:00,usdcad,1.27345,1.27688,1.26819,1.27672
2022-02-24 00:00:00+00:00,usdcad,1.28081,1.28777,1.2732,1.27343
2022-02-25 00:00:00+00:00,usdcad,1.2706,1.28207,1.26956,1.28082
2022-02-27 00:00:00+00:00,usdcad,1.27564,1.27707,1.27435,1.27688
2022-02-28 00:00:00+00:00,usdcad,1.26674,1.281,1.26598,1.27566
2022-03-01 00:00:00+00:00,usdcad,1.27244,1.27503,1.26538,1.2667
2022-03-02 00:00:00+00:00,usdcad,1.26471,1.27452,1.26281,1.27243
2022-03-03 00:00:00+00:00,usdcad,1.26715,1.26929,1.25872,1.2647
2022-03-04 00:00:00+00:00,usdcad,1.27319,1.27922,1.267,1.26714
2022-03-06 00:00:00+00:00,usdcad,1.27155,1.27572,1.27134,1.273015
2022-03-07 00:00:00+00:00,usdcad,1.27997,1.28209,1.26857,1.27156
2022-03-08 00:00:00+00:00,usdcad,1.28914,1.29012,1.27963,1.27999
2022-03-09 00:00:00+00:00,usdcad,1.27991,1.28926,1.27983,1.28915
2022-03-10 00:00:00+00:00,usdcad,1.27566,1.2842,1.27506,1.27994
2022-03-11 00:00:00+00:00,usdcad,1.27487,1.27942,1.26941,1.27558
2022-03-13 00:00:00+00:00,usdcad,1.2736,1.27447,1.27297,1.27351
2022-03-14 00:00:00+00:00,usdcad,1.28219,1.28271,1.27335,1.27359
2022-03-15 00:00:00+00:00,usdcad,1.27714,1.28715,1.27619,1.2822
2022-03-16 00:00:00+00:00,usdcad,1.2688,1.27783,1.2675,1.27716
2022-03-17 00:00:00+00:00,usdcad,1.26327,1.2699,1.26131,1.26881
2022-03-18 00:00:00+00:00,usdcad,1.26043,1.26468,1.25892,1.26327
2022-03-20 00:00:00+00:00,usdcad,1.26064,1.261475,1.25971,1.26106
2022-03-21 00:00:00+00:00,usdcad,1.25882,1.26221,1.25654,1.26063
2022-03-22 00:00:00+00:00,usdcad,1.25833,1.25931,1.25649,1.25883
2022-03-23 00:00:00+00:00,usdcad,1.25599,1.26057,1.25423,1.25834
2022-03-24 00:00:00+00:00,usdcad,1.25209,1.25862,1.25099,1.25598
2022-03-25 00:00:00+00:00,usdcad,1.247705,1.25533,1.24656,1.25207
2022-03-27 00:00:00+00:00,usdcad,1.24874,1.24874,1.24764,1.24828
2022-03-28 00:00:00+00:00,usdcad,1.25217,1.25929,1.24736,1.24873
2022-03-29 00:00:00+00:00,usdcad,1.24987,1.25301,1.24942,1.25211
2022-03-30 00:00:00+00:00,usdcad,1.24839,1.25088,1.24297,1.24991
2022-03-31 00:00:00+00:00,usdcad,1.25023,1.25335,1.24643,1.2484
2022-04-01 00:00:00+00:00,usdcad,1.251335,1.25386,1.24808,1.25022
2022-04-03 00:00:00+00:00,usdcad,1.25275,1.25278,1.251585,1.251585
2022-04-04 00:00:00+00:00,usdcad,1.24866,1.25282,1.24683,1.25276
2022-04-05 00:00:00+00:00,usdcad,1.2485,1.24981,1.24029,1.24867
2022-04-06 00:00:00+00:00,usdcad,1.25644,1.25667,1.24794,1.24848
2022-04-07 00:00:00+00:00,usdcad,1.25874,1.26118,1.25384,1.25645
2022-04-08 00:00:00+00:00,usdcad,1.257195,1.26191,1.2565,1.25873
2022-04-10 00:00:00+00:00,usdcad,1.25813,1.25813,1.25656,1.256795
2022-04-11 00:00:00+00:00,usdcad,1.26403,1.26444,1.2573,1.25814
2022-04-12 00:00:00+00:00,usdcad,1.26356,1.26617,1.25818,1.26402
2022-04-13 00:00:00+00:00,usdcad,1.25683,1.26763,1.25552,1.26357
2022-04-14 00:00:00+00:00,usdcad,1.26163,1.26422,1.25217,1.25684
2022-04-15 00:00:00+00:00,usdcad,1.261295,1.26166,1.25909,1.261585
2022-04-17 00:00:00+00:00,usdcad,1.26149,1.26222,1.26088,1.26114
2022-04-18 00:00:00+00:00,usdcad,1.26011,1.26442,1.25999,1.26148
2022-04-19 00:00:00+00:00,usdcad,1.26047,1.26468,1.25684,1.26012
2022-04-20 00:00:00+00:00,usdcad,1.24879,1.26246,1.24724,1.26048
2022-04-21 00:00:00+00:00,usdcad,1.25923,1.25927,1.24586,1.2488
2022-04-22 00:00:00+00:00,usdcad,1.270995,1.27263,1.25853,1.25924
2022-04-24 00:00:00+00:00,usdcad,1.27236,1.2728,1.270805,1.271885
2022-04-25 00:00:00+00:00,usdcad,1.27386,1.27774,1.27154,1.27234
2022-04-26 00:00:00+00:00,usdcad,1.2807,1.28281,1.26845,1.27387
2022-04-27 00:00:00+00:00,usdcad,1.28155,1.28542,1.27783,1.2807
2022-04-28 00:00:00+00:00,usdcad,1.28044,1.28799,1.27913,1.2816
2022-04-29 00:00:00+00:00,usdcad,1.285815,1.28608,1.2719,1.2804
2022-05-01 00:00:00+00:00,usdcad,1.28554,1.28628,1.28415,1.28455
2022-05-02 00:00:00+00:00,usdcad,1.28714,1.2914,1.28469,1.28555
2022-05-03 00:00:00+00:00,usdcad,1.2834,1.28937,1.28255,1.28715
2022-05-04 00:00:00+00:00,usdcad,1.27385,1.28535,1.27303,1.28341
2022-05-05 00:00:00+00:00,usdcad,1.28281,1.28684,1.27136,1.27386
2022-05-06 00:00:00+00:00,usdcad,1.29086,1.29127,1.28137,1.28281
2022-05-08 00:00:00+00:00,usdcad,1.29193,1.29206,1.29039,1.29056
2022-05-09 00:00:00+00:00,usdcad,1.3011,1.30191,1.29082,1.29194
2022-05-10 00:00:00+00:00,usdcad,1.30325,1.30525,1.2962,1.30111
2022-05-11 00:00:00+00:00,usdcad,1.29959,1.30398,1.29212,1.30326
2022-05-12 00:00:00+00:00,usdcad,1.30257,1.30768,1.29772,1.29958
2022-05-13 00:00:00+00:00,usdcad,1.290825,1.30316,1.28946,1.3026
2022-05-16 00:00:00+00:00,usdcad,1.28502,1.29818,1.28365,1.29064
2022-05-17 00:00:00+00:00,usdcad,1.28066,1.28588,1.28043,1.28502
2022-05-18 00:00:00+00:00,usdcad,1.28888,1.28961,1.27953,1.28067
2022-05-19 00:00:00+00:00,usdcad,1.28194,1.28887,1.27831,1.28887
2022-05-20 00:00:00+00:00,usdcad,1.28384,1.28684,1.27767,1.28195
2022-05-22 00:00:00+00:00,usdcad,1.28156,1.28442,1.28122,1.28442
2022-05-23 00:00:00+00:00,usdcad,1.27878,1.28189,1.27621,1.28157
2022-05-24 00:00:00+00:00,usdcad,1.28237,1.28726,1.27792,1.27879
2022-05-25 00:00:00+00:00,usdcad,1.28204,1.28852,1.28027,1.28237
2022-05-26 00:00:00+00:00,usdcad,1.27754,1.28488,1.27687,1.28149
2022-05-29 00:00:00+00:00,usdcad,1.27261,1.27321,1.27194,1.27297
2022-05-30 00:00:00+00:00,usdcad,1.26573,1.27267,1.26506,1.27262
2022-05-31 00:00:00+00:00,usdcad,1.26376,1.26868,1.26295,1.26572
2022-06-01 00:00:00+00:00,usdcad,1.26678,1.2677,1.26065,1.26375
2022-06-02 00:00:00+00:00,usdcad,1.2572,1.26864,1.25646,1.26679
2022-06-03 00:00:00+00:00,usdcad,1.25953,1.25958,1.25513,1.25721
2022-06-05 00:00:00+00:00,usdcad,1.25884,1.25945,1.25794,1.259375
2022-06-06 00:00:00+00:00,usdcad,1.25824,1.26013,1.25352,1.25885
2022-06-07 00:00:00+00:00,usdcad,1.25365,1.26186,1.252735,1.25823
2022-06-08 00:00:00+00:00,usdcad,1.25544,1.25654,1.25178,1.25366
2022-06-09 00:00:00+00:00,usdcad,1.2703,1.27051,1.25495,1.25564
2022-06-10 00:00:00+00:00,usdcad,1.27863,1.28127,1.26816,1.27027
2022-06-12 00:00:00+00:00,usdcad,1.2797,1.28009,1.27771,1.27815
2022-06-13 00:00:00+00:00,usdcad,1.28905,1.29006,1.27939,1.27971
2022-06-14 00:00:00+00:00,usdcad,1.29484,1.29751,1.28663,1.28908
2022-06-15 00:00:00+00:00,usdcad,1.28719,1.29959,1.28628,1.29483
2022-06-16 00:00:00+00:00,usdcad,1.29554,1.29706,1.2872,1.2872
2022-06-17 00:00:00+00:00,usdcad,1.30272,1.3079,1.29411,1.29465
2022-06-19 00:00:00+00:00,usdcad,1.30005,1.303725,1.2996,1.30284
2022-06-20 00:00:00+00:00,usdcad,1.29844,1.30256,1.29757,1.30006
2022-06-21 00:00:00+00:00,usdcad,1.2933,1.29855,1.2906,1.29845
2022-06-22 00:00:00+00:00,usdcad,1.29633,1.29966,1.29123,1.29329
2022-06-23 00:00:00+00:00,usdcad,1.299,1.30019,1.29802,1.29932
2022-06-24 00:00:00+00:00,usdcad,1.29707,1.29999,1.29587,1.29899
2022-06-26 00:00:00+00:00,usdcad,1.28992,1.28997,1.28848,1.289395
2022-06-27 00:00:00+00:00,usdcad,1.28719,1.29167,1.28645,1.28994
2022-06-28 00:00:00+00:00,usdcad,1.28739,1.28778,1.28193,1.2872
2022-06-29 00:00:00+00:00,usdcad,1.28844,1.289495,1.28836,1.28936
2022-06-30 00:00:00+00:00,usdcad,1.2873,1.29335,1.28615,1.28845
2022-07-01 00:00:00+00:00,usdcad,1.28839,1.29664,1.2867,1.28723
2022-07-03 00:00:00+00:00,usdcad,1.28897,1.28941,1.28765,1.288145
2022-07-04 00:00:00+00:00,usdcad,1.28587,1.2903,1.28375,1.28896
2022-07-05 00:00:00+00:00,usdcad,1.30325,1.30838,1.28437,1.28586
2022-07-06 00:00:00+00:00,usdcad,1.30381,1.30783,1.30122,1.30326
2022-07-07 00:00:00+00:00,usdcad,1.29682,1.3056,1.29631,1.3038
2022-07-08 00:00:00+00:00,usdcad,1.29377,1.30356,1.29364,1.2967
2022-07-11 00:00:00+00:00,usdcad,1.29978,1.30517,1.29518,1.29574
2022-07-12 00:00:00+00:00,usdcad,1.30333,1.30506,1.29845,1.29977
2022-07-13 00:00:00+00:00,usdcad,1.3,1.30608,1.29367,1.30323
2022-07-14 00:00:00+00:00,usdcad,1.31082,1.32239,1.29717,1.29999
2022-07-15 00:00:00+00:00,usdcad,1.30236,1.31358,1.30134,1.31083
2022-07-17 00:00:00+00:00,usdcad,1.30082,1.30245,1.30055,1.30216
2022-07-18 00:00:00+00:00,usdcad,1.29802,1.30252,1.28986,1.30081
2022-07-19 00:00:00+00:00,usdcad,1.287395,1.29887,1.28662,1.29801
2022-07-20 00:00:00+00:00,usdcad,1.28873,1.29071,1.28549,1.2874
2022-07-21 00:00:00+00:00,usdcad,1.28804,1.29372,1.28598,1.28874
2022-07-22 00:00:00+00:00,usdcad,1.29166,1.29282,1.28225,1.28805
2022-07-24 00:00:00+00:00,usdcad,1.29263,1.29263,1.29215,1.29221
2022-07-25 00:00:00+00:00,usdcad,1.28516,1.29468,1.28349,1.29262
2022-07-26 00:00:00+00:00,usdcad,1.28763,1.29014,1.28158,1.28515
2022-07-27 00:00:00+00:00,usdcad,1.28184,1.29116,1.28084,1.28764
2022-07-28 00:00:00+00:00,usdcad,1.28071,1.28697,1.27953,1.28185
2022-07-29 00:00:00+00:00,usdcad,1.279835,1.28555,1.27889,1.28072
2022-07-31 00:00:00+00:00,usdcad,1.28149,1.2821,1.280145,1.280885
2022-08-01 00:00:00+00:00,usdcad,1.28446,1.28562,1.27675,1.28148
2022-08-02 00:00:00+00:00,usdcad,1.28883,1.28894,1.2834,1.28445
2022-08-03 00:00:00+00:00,usdcad,1.2854,1.28919,1.28326,1.28884
2022-08-04 00:00:00+00:00,usdcad,1.287,1.28763,1.28182,1.28536
2022-08-05 00:00:00+00:00,usdcad,1.2937,1.29851,1.28641,1.28701
2022-08-07 00:00:00+00:00,usdcad,1.29441,1.29471,1.2935,1.29356
2022-08-08 00:00:00+00:00,usdcad,1.28559,1.29502,1.28389,1.2944
2022-08-09 00:00:00+00:00,usdcad,1.28858,1.29005,1.28435,1.2856
2022-08-10 00:00:00+00:00,usdcad,1.27748,1.28956,1.27513,1.28859
2022-08-11 00:00:00+00:00,usdcad,1.2764,1.27919,1.27279,1.27747
2022-08-12 00:00:00+00:00,usdcad,1.277565,1.28031,1.27395,1.27639
2022-08-14 00:00:00+00:00,usdcad,1.27811,1.27812,1.277035,1.27737
2022-08-15 00:00:00+00:00,usdcad,1.29053,1.29341,1.27726,1.2781
2022-08-16 00:00:00+00:00,usdcad,1.28461,1.29287,1.28312,1.29052
2022-08-17 00:00:00+00:00,usdcad,1.29188,1.29366,1.28275,1.2846
2022-08-18 00:00:00+00:00,usdcad,1.29479,1.29672,1.28807,1.29187
2022-08-19 00:00:00+00:00,usdcad,1.29908,1.30092,1.29457,1.29477
2022-08-21 00:00:00+00:00,usdcad,1.30008,1.30045,1.298935,1.298955
2022-08-22 00:00:00+00:00,usdcad,1.30496,1.30611,1.29716,1.30007
2022-08-23 00:00:00+00:00,usdcad,1.29596,1.30634,1.29337,1.30496
2022-08-24 00:00:00+00:00,usdcad,1.29713,1.30188,1.29564,1.29595
2022-08-25 00:00:00+00:00,usdcad,1.29393,1.2976,1.28954,1.29707
2022-08-26 00:00:00+00:00,usdcad,1.303625,1.30436,1.29043,1.29394
2022-08-28 00:00:00+00:00,usdcad,1.30625,1.30634,1.30617,1.3062
2022-08-29 00:00:00+00:00,usdcad,1.30028,1.3076,1.29908,1.30603
2022-08-30 00:00:00+00:00,usdcad,1.30913,1.31083,1.29722,1.30027
2022-08-31 00:00:00+00:00,usdcad,1.31431,1.31455,1.30635,1.30915
2022-09-01 00:00:00+00:00,usdcad,1.31486,1.32081,1.31405,1.31432
2022-09-02 00:00:00+00:00,usdcad,1.31249,1.317,1.30749,1.31487
2022-09-05 00:00:00+00:00,usdcad,1.31306,1.31739,1.31268,1.31473
2022-09-06 00:00:00+00:00,usdcad,1.31559,1.31702,1.30967,1.31305
2022-09-07 00:00:00+00:00,usdcad,1.31298,1.3209,1.31107,1.3156
2022-09-08 00:00:00+00:00,usdcad,1.30818,1.31596,1.30773,1.31294
2022-09-09 00:00:00+00:00,usdcad,1.3021,1.3083,1.2982,1.30823
2022-09-11 00:00:00+00:00,usdcad,1.30244,1.304445,1.30202,1.303915
2022-09-12 00:00:00+00:00,usdcad,1.2982,1.30365,1.29638,1.30243
2022-09-13 00:00:00+00:00,usdcad,1.31675,1.31814,1.29541,1.29821
2022-09-14 00:00:00+00:00,usdcad,1.31602,1.32064,1.31392,1.31676
2022-09-15 00:00:00+00:00,usdcad,1.32494,1.32521,1.31547,1.31601
2022-09-16 00:00:00+00:00,usdcad,1.326525,1.3308,1.32284,1.32492
2022-09-18 00:00:00+00:00,usdcad,1.3259,1.32783,1.32521,1.32652
2022-09-19 00:00:00+00:00,usdcad,1.32436,1.33443,1.32427,1.32589
2022-09-20 00:00:00+00:00,usdcad,1.33649,1.33751,1.32274,1.32437
2022-09-21 00:00:00+00:00,usdcad,1.34793,1.34857,1.33579,1.33651
2022-09-22 00:00:00+00:00,usdcad,1.34733,1.35446,1.3409,1.34792
2022-09-23 00:00:00+00:00,usdcad,1.3589,1.36127,1.34682,1.34734
2022-09-25 00:00:00+00:00,usdcad,1.35797,1.36155,1.35768,1.359695
2022-09-26 00:00:00+00:00,usdcad,1.37128,1.38086,1.35594,1.35798
2022-09-27 00:00:00+00:00,usdcad,1.37234,1.37757,1.364,1.37129
2022-09-28 00:00:00+00:00,usdcad,1.36299,1.38331,1.36031,1.37233
2022-09-29 00:00:00+00:00,usdcad,1.36754,1.37558,1.36276,1.36298
2022-09-30 00:00:00+00:00,usdcad,1.382925,1.38385,1.36584,1.36753
2022-10-02 00:00:00+00:00,usdcad,1.37838,1.382915,1.37783,1.381575
2022-10-03 00:00:00+00:00,usdcad,1.36268,1.38057,1.36203,1.37839
2022-10-04 00:00:00+00:00,usdcad,1.35079,1.36644,1.35031,1.36267
2022-10-05 00:00:00+00:00,usdcad,1.35969,1.36959,1.35039,1.35078
2022-10-06 00:00:00+00:00,usdcad,1.37421,1.37553,1.35649,1.3597
2022-10-07 00:00:00+00:00,usdcad,1.37331,1.37612,1.36759,1.37422
2022-10-09 00:00:00+00:00,usdcad,1.37322,1.37546,1.37307,1.37358
2022-10-10 00:00:00+00:00,usdcad,1.37731,1.37824,1.37032,1.37321
2022-10-11 00:00:00+00:00,usdcad,1.37927,1.38556,1.37147,1.37732
2022-10-12 00:00:00+00:00,usdcad,1.38187,1.38307,1.37604,1.37926
2022-10-13 00:00:00+00:00,usdcad,1.37646,1.39779,1.37068,1.38188
2022-10-14 00:00:00+00:00,usdcad,1.38816,1.38984,1.37039,1.37648
2022-10-16 00:00:00+00:00,usdcad,1.38552,1.388075,1.38518,1.38737
2022-10-17 00:00:00+00:00,usdcad,1.37149,1.38603,1.36993,1.38551
2022-10-18 00:00:00+00:00,usdcad,1.37276,1.38109,1.36573,1.3715
2022-10-19 00:00:00+00:00,usdcad,1.37644,1.38097,1.37195,1.37277
2022-10-21 00:00:00+00:00,usdcad,1.364365,1.38549,1.36299,1.38205
2022-10-23 00:00:00+00:00,usdcad,1.36479,1.36667,1.36067,1.36438
2022-10-24 00:00:00+00:00,usdcad,1.36984,1.37747,1.36454,1.36478
2022-10-25 00:00:00+00:00,usdcad,1.36191,1.37481,1.36013,1.36983
2022-10-26 00:00:00+00:00,usdcad,1.355,1.36514,1.35079,1.3619
2022-10-27 00:00:00+00:00,usdcad,1.35637,1.36268,1.34958,1.35501
2022-10-28 00:00:00+00:00,usdcad,1.36038,1.36347,1.35255,1.35633
2022-10-30 00:00:00+00:00,usdcad,1.36088,1.36215,1.360215,1.360345
2022-10-31 00:00:00+00:00,usdcad,1.36123,1.36855,1.36008,1.36089
2022-11-01 00:00:00+00:00,usdcad,1.362,1.36687,1.35304,1.36122
2022-11-02 00:00:00+00:00,usdcad,1.37161,1.3724,1.35486,1.36199
2022-11-03 00:00:00+00:00,usdcad,1.37431,1.38084,1.36828,1.37166
2022-11-04 00:00:00+00:00,usdcad,1.348235,1.37457,1.34689,1.37432
2022-11-06 00:00:00+00:00,usdcad,1.35131,1.35381,1.34983,1.35337
2022-11-07 00:00:00+00:00,usdcad,1.34926,1.35532,1.34655,1.3513
2022-11-08 00:00:00+00:00,usdcad,1.34167,1.35269,1.33877,1.34927
2022-11-09 00:00:00+00:00,usdcad,1.35276,1.3542,1.34112,1.34168
2022-11-10 00:00:00+00:00,usdcad,1.33322,1.35711,1.33087,1.35277
2022-11-11 00:00:00+00:00,usdcad,1.32523,1.33607,1.32363,1.33323
2022-11-13 00:00:00+00:00,usdcad,1.32655,1.33087,1.3263,1.327485
2022-11-14 00:00:00+00:00,usdcad,1.33245,1.33256,1.32395,1.32657
2022-11-15 00:00:00+00:00,usdcad,1.3275,1.33366,1.32264,1.33246
2022-11-16 00:00:00+00:00,usdcad,1.33362,1.33472,1.32284,1.32749
2022-11-17 00:00:00+00:00,usdcad,1.33246,1.34012,1.3305,1.33363
2022-11-18 00:00:00+00:00,usdcad,1.338695,1.34092,1.33007,1.33245
2022-11-20 00:00:00+00:00,usdcad,1.33783,1.33849,1.337515,1.338225
2022-11-21 00:00:00+00:00,usdcad,1.34472,1.34952,1.33775,1.33784
2022-11-22 00:00:00+00:00,usdcad,1.33633,1.34507,1.33633,1.34471
2022-11-23 00:00:00+00:00,usdcad,1.33399,1.34404,1.33394,1.33631
2022-11-24 00:00:00+00:00,usdcad,1.33382,1.33624,1.33165,1.33398
2022-11-25 00:00:00+00:00,usdcad,1.33859,1.33987,1.33172,1.33381
2022-11-27 00:00:00+00:00,usdcad,1.34104,1.34106,1.339325,1.33994
2022-11-28 00:00:00+00:00,usdcad,1.34907,1.35051,1.34007,1.34103
2022-11-29 00:00:00+00:00,usdcad,1.35854,1.36459,1.34091,1.34907
2022-11-30 00:00:00+00:00,usdcad,1.34151,1.35928,1.3409,1.3585
2022-12-01 00:00:00+00:00,usdcad,1.34361,1.34711,1.33956,1.34155
2022-12-02 00:00:00+00:00,usdcad,1.347145,1.3521,1.34209,1.34362
2022-12-04 00:00:00+00:00,usdcad,1.34471,1.34744,1.34468,1.346695
2022-12-05 00:00:00+00:00,usdcad,1.35888,1.36055,1.33853,1.34472
2022-12-06 00:00:00+00:00,usdcad,1.36503,1.36759,1.35711,1.35887
2022-12-07 00:00:00+00:00,usdcad,1.36534,1.37001,1.35897,1.36502
2022-12-08 00:00:00+00:00,usdcad,1.35995,1.36891,1.35613,1.36533
2022-12-09 00:00:00+00:00,usdcad,1.36444,1.36917,1.35692,1.35994
2022-12-11 00:00:00+00:00,usdcad,1.36571,1.36615,1.36327,1.363915
2022-12-12 00:00:00+00:00,usdcad,1.36315,1.36833,1.36189,1.36572
2022-12-13 00:00:00+00:00,usdcad,1.35562,1.36442,1.35219,1.36316
2022-12-14 00:00:00+00:00,usdcad,1.3551,1.36126,1.35189,1.35565
2022-12-15 00:00:00+00:00,usdcad,1.36571,1.36744,1.35409,1.35511
2022-12-16 00:00:00+00:00,usdcad,1.36975,1.37053,1.36176,1.3657
2022-12-18 00:00:00+00:00,usdcad,1.36893,1.36893,1.36787,1.368325
2022-12-19 00:00:00+00:00,usdcad,1.36433,1.36948,1.36232,1.36891
2022-12-20 00:00:00+00:00,usdcad,1.36015,1.37043,1.35802,1.36434
2022-12-21 00:00:00+00:00,usdcad,1.36167,1.3638,1.35893,1.36014
2022-12-22 00:00:00+00:00,usdcad,1.36374,1.36849,1.35712,1.36164
2022-12-23 00:00:00+00:00,usdcad,1.359465,1.36586,1.3563,1.36373
2022-12-25 00:00:00+00:00,usdcad,1.361745,1.361745,1.360615,1.360775
2022-12-26 00:00:00+00:00,usdcad,1.35577,1.36059,1.35575,1.35985
2022-12-27 00:00:00+00:00,usdcad,1.35249,1.35691,1.34846,1.35576
2022-12-28 00:00:00+00:00,usdcad,1.36013,1.3612,1.34858,1.3525
2022-12-29 00:00:00+00:00,usdcad,1.35545,1.36087,1.35381,1.36012
2022-12-30 00:00:00+00:00,usdcad,1.35436,1.35817,1.35145,1.35544
2023-01-01 00:00:00+00:00,usdcad,1.35344,1.35345,1.35317,1.35317
2023-01-02 00:00:00+00:00,usdcad,1.35635,1.358465,1.352525,1.35321
2023-01-03 00:00:00+00:00,usdcad,1.36737,1.36854,1.35232,1.35636
2023-01-04 00:00:00+00:00,usdcad,1.34859,1.36749,1.34704,1.36738
2023-01-05 00:00:00+00:00,usdcad,1.35631,1.35954,1.34794,1.3486
2023-01-06 00:00:00+00:00,usdcad,1.344395,1.36649,1.34337,1.35632
2023-01-08 00:00:00+00:00,usdcad,1.34365,1.344515,1.34328,1.34435
2023-01-09 00:00:00+00:00,usdcad,1.33944,1.34446,1.33571,1.34364
2023-01-10 00:00:00+00:00,usdcad,1.34351,1.34455,1.33763,1.33945
2023-01-11 00:00:00+00:00,usdcad,1.34304,1.34454,1.34044,1.34352
2023-01-12 00:00:00+00:00,usdcad,1.33785,1.346085,1.33456,1.34307
2023-01-13 00:00:00+00:00,usdcad,1.33955,1.34398,1.33218,1.33786
2023-01-15 00:00:00+00:00,usdcad,1.33988,1.3399,1.339,1.33918
2023-01-16 00:00:00+00:00,usdcad,1.33996,1.34183,1.3353,1.33987
2023-01-17 00:00:00+00:00,usdcad,1.33914,1.34373,1.33692,1.33997
2023-01-18 00:00:00+00:00,usdcad,1.34966,1.35005,1.33509,1.33917
2023-01-19 00:00:00+00:00,usdcad,1.34645,1.35207,1.34469,1.34967
2023-01-20 00:00:00+00:00,usdcad,1.338025,1.34977,1.33734,1.34644
2023-01-22 00:00:00+00:00,usdcad,1.33713,1.338685,1.33672,1.3386
2023-01-23 00:00:00+00:00,usdcad,1.33719,1.34179,1.33423,1.33712
2023-01-24 00:00:00+00:00,usdcad,1.33723,1.34139,1.3347,1.33718
2023-01-25 00:00:00+00:00,usdcad,1.33814,1.34282,1.33431,1.33722
2023-01-26 00:00:00+00:00,usdcad,1.33174,1.34081,1.33034,1.33813
2023-01-27 00:00:00+00:00,usdcad,1.33088,1.3347,1.33005,1.33172
2023-01-29 00:00:00+00:00,usdcad,1.3306,1.331785,1.3302,1.33121
2023-01-30 00:00:00+00:00,usdcad,1.33845,1.33929,1.32998,1.33059
2023-01-31 00:00:00+00:00,usdcad,1.33082,1.34718,1.32991,1.33844
2023-02-01 00:00:00+00:00,usdcad,1.32743,1.338,1.32636,1.33081
2023-02-02 00:00:00+00:00,usdcad,1.3318,1.33475,1.32625,1.32742
2023-02-03 00:00:00+00:00,usdcad,1.34024,1.34262,1.33178,1.33179
2023-02-05 00:00:00+00:00,usdcad,1.34029,1.34216,1.33996,1.3415
2023-02-06 00:00:00+00:00,usdcad,1.34433,1.34756,1.33967,1.3403
2023-02-07 00:00:00+00:00,usdcad,1.33913,1.34692,1.33806,1.34432
2023-02-08 00:00:00+00:00,usdcad,1.34458,1.34508,1.33604,1.33912
2023-02-09 00:00:00+00:00,usdcad,1.34488,1.34633,1.33726,1.3446
2023-02-10 00:00:00+00:00,usdcad,1.33439,1.34725,1.33381,1.34486
2023-02-12 00:00:00+00:00,usdcad,1.33582,1.33584,1.334425,1.334745
2023-02-13 00:00:00+00:00,usdcad,1.33355,1.33801,1.33252,1.33581
2023-02-14 00:00:00+00:00,usdcad,1.33412,1.33906,1.32747,1.33356
2023-02-15 00:00:00+00:00,usdcad,1.33925,1.34404,1.33406,1.33413
2023-02-16 00:00:00+00:00,usdcad,1.34738,1.34792,1.33575,1.33924
2023-02-17 00:00:00+00:00,usdcad,1.34737,1.35375,1.34651,1.34739
2023-02-19 00:00:00+00:00,usdcad,1.34828,1.34855,1.34713,1.34799
2023-02-20 00:00:00+00:00,usdcad,1.34537,1.34947,1.34417,1.34827
2023-02-21 00:00:00+00:00,usdcad,1.35336,1.35494,1.34417,1.34538
2023-02-22 00:00:00+00:00,usdcad,1.35462,1.35685,1.35148,1.35337
2023-02-23 00:00:00+00:00,usdcad,1.35438,1.35814,1.35164,1.35463
2023-02-24 00:00:00+00:00,usdcad,1.36082,1.36654,1.35277,1.3544
2023-02-26 00:00:00+00:00,usdcad,1.3597,1.361055,1.35954,1.360995
2023-02-27 00:00:00+00:00,usdcad,1.35761,1.36244,1.35342,1.35972
2023-02-28 00:00:00+00:00,usdcad,1.36461,1.36485,1.35611,1.3576
2023-03-01 00:00:00+00:00,usdcad,1.35903,1.36593,1.35845,1.3646
2023-03-02 00:00:00+00:00,usdcad,1.3598,1.36415,1.35827,1.35902
2023-03-03 00:00:00+00:00,usdcad,1.35981,1.36441,1.35554,1.35979
2023-03-05 00:00:00+00:00,usdcad,1.36054,1.36071,1.359535,1.359575
2023-03-06 00:00:00+00:00,usdcad,1.36167,1.3629,1.35823,1.36055
2023-03-07 00:00:00+00:00,usdcad,1.37504,1.37614,1.36,1.36168
2023-03-08 00:00:00+00:00,usdcad,1.37998,1.38149,1.37453,1.37505
2023-03-09 00:00:00+00:00,usdcad,1.38319,1.38374,1.37528,1.37999
2023-03-10 00:00:00+00:00,usdcad,1.382355,1.38621,1.37616,1.3832
2023-03-12 00:00:00+00:00,usdcad,1.37677,1.381775,1.37635,1.38076
2023-03-13 00:00:00+00:00,usdcad,1.37418,1.38021,1.36775,1.37676
2023-03-14 00:00:00+00:00,usdcad,1.36896,1.37503,1.36518,1.37415
2023-03-15 00:00:00+00:00,usdcad,1.37682,1.38145,1.36604,1.36897
2023-03-16 00:00:00+00:00,usdcad,1.37206,1.3788,1.37139,1.376805
2023-03-17 00:00:00+00:00,usdcad,1.37348,1.37734,1.36781,1.37203
2023-03-19 00:00:00+00:00,usdcad,1.37139,1.37266,1.37092,1.3725
2023-03-20 00:00:00+00:00,usdcad,1.3673,1.37473,1.36518,1.37142
2023-03-21 00:00:00+00:00,usdcad,1.37099,1.37373,1.36443,1.36729
2023-03-22 00:00:00+00:00,usdcad,1.37206,1.37448,1.36576,1.371
2023-03-23 00:00:00+00:00,usdcad,1.37186,1.37335,1.36309,1.37208
2023-03-24 00:00:00+00:00,usdcad,1.374585,1.38048,1.37097,1.37185
2023-03-26 00:00:00+00:00,usdcad,1.373,1.374055,1.37267,1.37345
2023-03-27 00:00:00+00:00,usdcad,1.36559,1.37452,1.36501,1.37296
2023-03-28 00:00:00+00:00,usdcad,1.35943,1.36952,1.35923,1.36557
2023-03-29 00:00:00+00:00,usdcad,1.35672,1.36169,1.35565,1.35942
2023-03-30 00:00:00+00:00,usdcad,1.35226,1.35814,1.35162,1.35671
2023-03-31 00:00:00+00:00,usdcad,1.351705,1.35646,1.3508,1.35226
2023-04-02 00:00:00+00:00,usdcad,1.35044,1.35159,1.34884,1.349625
2023-04-03 00:00:00+00:00,usdcad,1.34375,1.35367,1.34119,1.35048
2023-04-04 00:00:00+00:00,usdcad,1.34396,1.34677,1.34074,1.34371
2023-04-05 00:00:00+00:00,usdcad,1.34549,1.34831,1.34261,1.34402
2023-04-06 00:00:00+00:00,usdcad,1.34957,1.3506,1.34531,1.3455
2023-04-07 00:00:00+00:00,usdcad,1.35143,1.35307,1.34859,1.34956
2023-04-09 00:00:00+00:00,usdcad,1.35055,1.352055,1.35013,1.351735
2023-04-10 00:00:00+00:00,usdcad,1.3504,1.3554,1.34853,1.35053
2023-04-11 00:00:00+00:00,usdcad,1.34642,1.35163,1.34621,1.35041
2023-04-12 00:00:00+00:00,usdcad,1.34404,1.34895,1.34284,1.34639
2023-04-13 00:00:00+00:00,usdcad,1.33408,1.34483,1.33336,1.34407
2023-04-14 00:00:00+00:00,usdcad,1.335935,1.33958,1.33018,1.33413
2023-04-16 00:00:00+00:00,usdcad,1.33665,1.33697,1.33606,1.33659
2023-04-17 00:00:00+00:00,usdcad,1.33949,1.34201,1.33429,1.33661
2023-04-18 00:00:00+00:00,usdcad,1.33918,1.33996,1.33598,1.3395
2023-04-19 00:00:00+00:00,usdcad,1.34697,1.34715,1.3385,1.33911
2023-04-20 00:00:00+00:00,usdcad,1.34816,1.34896,1.34489,1.34696
2023-04-21 00:00:00+00:00,usdcad,1.354095,1.35634,1.34754,1.34817
2023-04-24 00:00:00+00:00,usdcad,1.35342,1.35499,1.35254,1.35463
2023-04-25 00:00:00+00:00,usdcad,1.36193,1.36481,1.35249,1.35343
2023-04-26 00:00:00+00:00,usdcad,1.36313,1.3651,1.35996,1.36194
2023-04-27 00:00:00+00:00,usdcad,1.36004,1.36455,1.35892,1.36314
2023-04-28 00:00:00+00:00,usdcad,1.354535,1.36678,1.35363,1.36003
2023-04-30 00:00:00+00:00,usdcad,1.35615,1.35615,1.35414,1.354235
2023-05-01 00:00:00+00:00,usdcad,1.35528,1.35833,1.35304,1.35614
2023-05-02 00:00:00+00:00,usdcad,1.36208,1.36379,1.35287,1.35529
2023-05-03 00:00:00+00:00,usdcad,1.36318,1.36396,1.35823,1.36207
2023-05-04 00:00:00+00:00,usdcad,1.35246,1.36329,1.35195,1.36316
2023-05-05 00:00:00+00:00,usdcad,1.33771,1.35297,1.33714,1.35244
2023-05-07 00:00:00+00:00,usdcad,1.33801,1.33853,1.337165,1.33853
2023-05-08 00:00:00+00:00,usdcad,1.33727,1.33878,1.33152,1.338
2023-05-09 00:00:00+00:00,usdcad,1.33756,1.34064,1.33654,1.33729
2023-05-10 00:00:00+00:00,usdcad,1.33728,1.34148,1.33351,1.33758
2023-05-11 00:00:00+00:00,usdcad,1.34957,1.34962,1.33633,1.33727
2023-05-12 00:00:00+00:00,usdcad,1.3558,1.35653,1.34801,1.34958
2023-05-14 00:00:00+00:00,usdcad,1.35561,1.356055,1.35502,1.35506
2023-05-15 00:00:00+00:00,usdcad,1.34668,1.35678,1.34594,1.35562
2023-05-16 00:00:00+00:00,usdcad,1.34778,1.3494,1.34044,1.34669
2023-05-17 00:00:00+00:00,usdcad,1.34674,1.35361,1.34374,1.34776
2023-05-18 00:00:00+00:00,usdcad,1.34984,1.35248,1.34524,1.34673
2023-05-19 00:00:00+00:00,usdcad,1.34977,1.35239,1.34691,1.34982
2023-05-21 00:00:00+00:00,usdcad,1.34901,1.350685,1.34898,1.35062
2023-05-22 00:00:00+00:00,usdcad,1.35037,1.35191,1.34857,1.34899
2023-05-23 00:00:00+00:00,usdcad,1.35009,1.35489,1.34847,1.35034
2023-05-24 00:00:00+00:00,usdcad,1.35902,1.36057,1.34959,1.3501
2023-05-25 00:00:00+00:00,usdcad,1.36441,1.36473,1.35866,1.359
2023-05-26 00:00:00+00:00,usdcad,1.36148,1.36547,1.36011,1.36442
2023-05-28 00:00:00+00:00,usdcad,1.36093,1.36208,1.360285,1.361135
2023-05-29 00:00:00+00:00,usdcad,1.36043,1.36134,1.35834,1.36094
2023-05-30 00:00:00+00:00,usdcad,1.36002,1.36136,1.35676,1.36044
2023-05-31 00:00:00+00:00,usdcad,1.35672,1.36514,1.35639,1.36007
2023-06-01 00:00:00+00:00,usdcad,1.34453,1.35853,1.34368,1.35671
2023-06-02 00:00:00+00:00,usdcad,1.343115,1.34513,1.34071,1.34452
2023-06-04 00:00:00+00:00,usdcad,1.34292,1.34312,1.34181,1.342465
2023-06-05 00:00:00+00:00,usdcad,1.34491,1.34618,1.34175,1.34293
2023-06-06 00:00:00+00:00,usdcad,1.33988,1.34525,1.33902,1.34488
2023-06-07 00:00:00+00:00,usdcad,1.33716,1.34269,1.33213,1.33991
2023-06-08 00:00:00+00:00,usdcad,1.33628,1.33879,1.33343,1.33714
2023-06-09 00:00:00+00:00,usdcad,1.33406,1.33714,1.33135,1.33627
2023-06-11 00:00:00+00:00,usdcad,1.33375,1.33468,1.33369,1.334225
2023-06-12 00:00:00+00:00,usdcad,1.33649,1.33839,1.33153,1.33379
2023-06-13 00:00:00+00:00,usdcad,1.33149,1.33785,1.32863,1.3365
2023-06-14 00:00:00+00:00,usdcad,1.33278,1.3353,1.32723,1.33146
2023-06-15 00:00:00+00:00,usdcad,1.32234,1.33549,1.32102,1.33275
2023-06-16 00:00:00+00:00,usdcad,1.319695,1.32395,1.31777,1.32235
2023-06-18 00:00:00+00:00,usdcad,1.31994,1.320305,1.31876,1.319355
2023-06-19 00:00:00+00:00,usdcad,1.32108,1.32289,1.31793,1.31995
2023-06-20 00:00:00+00:00,usdcad,1.32255,1.32699,1.32057,1.32109
2023-06-21 00:00:00+00:00,usdcad,1.31611,1.3246,1.31574,1.32256
2023-06-22 00:00:00+00:00,usdcad,1.31475,1.31766,1.3139,1.3161
2023-06-23 00:00:00+00:00,usdcad,1.31801,1.32262,1.31432,1.31474
2023-06-25 00:00:00+00:00,usdcad,1.31657,1.31827,1.31614,1.31825
2023-06-26 00:00:00+00:00,usdcad,1.31521,1.31772,1.31363,1.31655
2023-06-27 00:00:00+00:00,usdcad,1.31974,1.31986,1.31169,1.31522
2023-06-28 00:00:00+00:00,usdcad,1.32534,1.32768,1.31895,1.31973
2023-06-29 00:00:00+00:00,usdcad,1.32517,1.32857,1.32393,1.32535
2023-06-30 00:00:00+00:00,usdcad,1.324845,1.32845,1.32069,1.32516
2023-07-02 00:00:00+00:00,usdcad,1.32504,1.32516,1.32425,1.32453
2023-07-03 00:00:00+00:00,usdcad,1.32484,1.32736,1.32303,1.32503
2023-07-04 00:00:00+00:00,usdcad,1.32251,1.3257,1.32033,1.32485
2023-07-05 00:00:00+00:00,usdcad,1.32857,1.32933,1.32205,1.3225
2023-07-06 00:00:00+00:00,usdcad,1.33653,1.33725,1.32753,1.32856
2023-07-07 00:00:00+00:00,usdcad,1.327635,1.33872,1.32662,1.33654
2023-07-09 00:00:00+00:00,usdcad,1.32789,1.32806,1.3274,1.3274
2023-07-10 00:00:00+00:00,usdcad,1.32747,1.33046,1.32685,1.3279
2023-07-11 00:00:00+00:00,usdcad,1.32293,1.32897,1.32242,1.32748
2023-07-12 00:00:00+00:00,usdcad,1.31838,1.32341,1.31438,1.32294
2023-07-13 00:00:00+00:00,usdcad,1.31133,1.31949,1.31039,1.31839
2023-07-14 00:00:00+00:00,usdcad,1.321735,1.32272,1.30928,1.31134
2023-07-16 00:00:00+00:00,usdcad,1.3227,1.32324,1.32147,1.32164
2023-07-17 00:00:00+00:00,usdcad,1.32018,1.32324,1.31609,1.32271
2023-07-18 00:00:00+00:00,usdcad,1.31669,1.32435,1.31626,1.32019
2023-07-19 00:00:00+00:00,usdcad,1.31636,1.31933,1.31556,1.3167
2023-07-20 00:00:00+00:00,usdcad,1.31745,1.31947,1.31195,1.31635
2023-07-21 00:00:00+00:00,usdcad,1.32238,1.32266,1.31535,1.31744
2023-07-23 00:00:00+00:00,usdcad,1.32258,1.3226,1.321635,1.322005
2023-07-24 00:00:00+00:00,usdcad,1.31755,1.32289,1.31504,1.32257
2023-07-25 00:00:00+00:00,usdcad,1.3188,1.32097,1.31471,1.31754
2023-07-26 00:00:00+00:00,usdcad,1.32052,1.32379,1.31722,1.31878
2023-07-27 00:00:00+00:00,usdcad,1.32285,1.32434,1.31584,1.32053
2023-07-28 00:00:00+00:00,usdcad,1.32485,1.32499,1.32014,1.32284
2023-07-30 00:00:00+00:00,usdcad,1.32522,1.32523,1.32422,1.324385
2023-07-31 00:00:00+00:00,usdcad,1.31945,1.32618,1.31513,1.32521
2023-08-01 00:00:00+00:00,usdcad,1.32698,1.33001,1.31861,1.31946
2023-08-02 00:00:00+00:00,usdcad,1.33448,1.33535,1.32697,1.32699
2023-08-03 00:00:00+00:00,usdcad,1.33513,1.33781,1.3329,1.33449
2023-08-04 00:00:00+00:00,usdcad,1.3385,1.33943,1.33194,1.33512
2023-08-06 00:00:00+00:00,usdcad,1.33755,1.338185,1.33718,1.337455
2023-08-07 00:00:00+00:00,usdcad,1.33723,1.33996,1.33562,1.33754
2023-08-08 00:00:00+00:00,usdcad,1.34265,1.35023,1.33678,1.33722
2023-08-09 00:00:00+00:00,usdcad,1.34197,1.34543,1.34043,1.34264
2023-08-10 00:00:00+00:00,usdcad,1.34448,1.34502,1.33728,1.34198
2023-08-11 00:00:00+00:00,usdcad,1.344525,1.34662,1.34126,1.34449
2023-08-13 00:00:00+00:00,usdcad,1.34405,1.3446,1.34385,1.344195
2023-08-14 00:00:00+00:00,usdcad,1.34595,1.34802,1.34381,1.34406
2023-08-15 00:00:00+00:00,usdcad,1.34908,1.35021,1.34396,1.34594
2023-08-16 00:00:00+00:00,usdcad,1.35374,1.35454,1.34756,1.34909
2023-08-17 00:00:00+00:00,usdcad,1.3546,1.35529,1.34965,1.35373
2023-08-18 00:00:00+00:00,usdcad,1.355275,1.35751,1.35247,1.35459
2023-08-20 00:00:00+00:00,usdcad,1.35423,1.35516,1.35422,1.35497
2023-08-21 00:00:00+00:00,usdcad,1.35465,1.3573,1.34965,1.35424
2023-08-22 00:00:00+00:00,usdcad,1.35503,1.35651,1.35132,1.35466
2023-08-23 00:00:00+00:00,usdcad,1.35242,1.3604,1.35204,1.35504
2023-08-24 00:00:00+00:00,usdcad,1.35871,1.35892,1.35101,1.35241
2023-08-25 00:00:00+00:00,usdcad,1.360455,1.36401,1.35694,1.3587
2023-08-28 00:00:00+00:00,usdcad,1.3601,1.3612,1.35704,1.359215
2023-08-29 00:00:00+00:00,usdcad,1.35593,1.36376,1.35503,1.36009
2023-08-30 00:00:00+00:00,usdcad,1.35351,1.35769,1.35133,1.35594
2023-08-31 00:00:00+00:00,usdcad,1.35107,1.35579,1.35041,1.3535
2023-09-01 00:00:00+00:00,usdcad,1.359395,1.3613,1.34894,1.35105
2023-09-03 00:00:00+00:00,usdcad,1.35952,1.360025,1.359195,1.35928
2023-09-04 00:00:00+00:00,usdcad,1.35999,1.36048,1.35757,1.35951
2023-09-05 00:00:00+00:00,usdcad,1.36403,1.36697,1.35968,1.35998
2023-09-06 00:00:00+00:00,usdcad,1.36398,1.36767,1.36226,1.36404
2023-09-07 00:00:00+00:00,usdcad,1.36833,1.36948,1.36324,1.36397
2023-09-08 00:00:00+00:00,usdcad,1.363995,1.36898,1.36081,1.3683
2023-09-10 00:00:00+00:00,usdcad,1.36293,1.363985,1.36263,1.363855
2023-09-11 00:00:00+00:00,usdcad,1.35801,1.36359,1.35612,1.36292
2023-09-12 00:00:00+00:00,usdcad,1.35532,1.35934,1.35436,1.35802
2023-09-13 00:00:00+00:00,usdcad,1.35529,1.35871,1.35211,1.35533
2023-09-14 00:00:00+00:00,usdcad,1.35163,1.35545,1.34935,1.3553
2023-09-15 00:00:00+00:00,usdcad,1.35265,1.35499,1.34942,1.35164
2023-09-17 00:00:00+00:00,usdcad,1.3523,1.35268,1.352215,1.352215
2023-09-18 00:00:00+00:00,usdcad,1.34873,1.35285,1.3472,1.35229
2023-09-19 00:00:00+00:00,usdcad,1.34434,1.34887,1.33801,1.34872
2023-09-20 00:00:00+00:00,usdcad,1.34779,1.34786,1.33958,1.34435
2023-09-21 00:00:00+00:00,usdcad,1.3478,1.35239,1.34609,1.34778
2023-09-22 00:00:00+00:00,usdcad,1.3483,1.34918,1.34238,1.34779
2023-09-24 00:00:00+00:00,usdcad,1.34778,1.34814,1.34721,1.34743
2023-09-25 00:00:00+00:00,usdcad,1.3451,1.34919,1.34492,1.34779
2023-09-26 00:00:00+00:00,usdcad,1.35201,1.35282,1.345,1.34511
2023-09-27 00:00:00+00:00,usdcad,1.35009,1.35433,1.34955,1.352
2023-09-28 00:00:00+00:00,usdcad,1.34914,1.35164,1.34707,1.35008
2023-09-29 00:00:00+00:00,usdcad,1.35746,1.35849,1.34171,1.34915
2023-10-01 00:00:00+00:00,usdcad,1.35739,1.35818,1.35635,1.357155
2023-10-02 00:00:00+00:00,usdcad,1.36765,1.36851,1.35618,1.35738
2023-10-03 00:00:00+00:00,usdcad,1.37098,1.37361,1.36762,1.36764
2023-10-04 00:00:00+00:00,usdcad,1.37448,1.37798,1.36906,1.37099
2023-10-05 00:00:00+00:00,usdcad,1.37074,1.37856,1.37037,1.37449
2023-10-06 00:00:00+00:00,usdcad,1.36633,1.3746,1.3644,1.37073
2023-10-08 00:00:00+00:00,usdcad,1.36626,1.367995,1.36611,1.36745
2023-10-09 00:00:00+00:00,usdcad,1.35809,1.36765,1.3579,1.36625
2023-10-10 00:00:00+00:00,usdcad,1.35843,1.36174,1.35695,1.35808
2023-10-11 00:00:00+00:00,usdcad,1.35964,1.36238,1.35716,1.35842
2023-10-12 00:00:00+00:00,usdcad,1.36852,1.37008,1.35786,1.35965
2023-10-13 00:00:00+00:00,usdcad,1.36584,1.36891,1.36365,1.36851
2023-10-15 00:00:00+00:00,usdcad,1.36439,1.3659,1.36426,1.36589
2023-10-16 00:00:00+00:00,usdcad,1.36158,1.36557,1.36067,1.3644
2023-10-17 00:00:00+00:00,usdcad,1.36533,1.37032,1.36089,1.36157
2023-10-18 00:00:00+00:00,usdcad,1.37141,1.37167,1.36174,1.36534
2023-10-19 00:00:00+00:00,usdcad,1.37162,1.3741,1.36796,1.3714
2023-10-20 00:00:00+00:00,usdcad,1.371575,1.37344,1.36701,1.37165
2023-10-22 00:00:00+00:00,usdcad,1.37061,1.3718,1.36969,1.37104
2023-10-23 00:00:00+00:00,usdcad,1.36893,1.37367,1.36675,1.37059
2023-10-24 00:00:00+00:00,usdcad,1.37424,1.37548,1.36613,1.36891
2023-10-25 00:00:00+00:00,usdcad,1.38033,1.38102,1.37305,1.37423
2023-10-26 00:00:00+00:00,usdcad,1.38171,1.38441,1.379,1.38037
2023-10-27 00:00:00+00:00,usdcad,1.387525,1.38808,1.37964,1.38172
2023-10-29 00:00:00+00:00,usdcad,1.38641,1.38734,1.38602,1.38651
2023-10-30 00:00:00+00:00,usdcad,1.38304,1.38669,1.38135,1.3864
2023-10-31 00:00:00+00:00,usdcad,1.38786,1.38924,1.3814,1.38305
2023-11-01 00:00:00+00:00,usdcad,1.38351,1.3899,1.38351,1.38785
2023-11-02 00:00:00+00:00,usdcad,1.37477,1.38521,1.37359,1.38349
2023-11-03 00:00:00+00:00,usdcad,1.36563,1.37606,1.36536,1.37476
2023-11-05 00:00:00+00:00,usdcad,1.36613,1.3665,1.36574,1.36595
2023-11-06 00:00:00+00:00,usdcad,1.36982,1.3703,1.36296,1.3661
2023-11-07 00:00:00+00:00,usdcad,1.3769,1.37828,1.36945,1.36981
2023-11-08 00:00:00+00:00,usdcad,1.37908,1.38147,1.37551,1.37692
2023-11-09 00:00:00+00:00,usdcad,1.38092,1.38165,1.37468,1.37909
2023-11-10 00:00:00+00:00,usdcad,1.37981,1.38549,1.37915,1.38097
2023-11-12 00:00:00+00:00,usdcad,1.37978,1.38021,1.37909,1.379625
2023-11-13 00:00:00+00:00,usdcad,1.38016,1.3832,1.37775,1.37979
2023-11-14 00:00:00+00:00,usdcad,1.37,1.38437,1.36846,1.38017
2023-11-15 00:00:00+00:00,usdcad,1.36839,1.37101,1.36549,1.37001
2023-11-16 00:00:00+00:00,usdcad,1.37528,1.37772,1.36778,1.36838
2023-11-17 00:00:00+00:00,usdcad,1.371765,1.37711,1.37083,1.37527
2023-11-20 00:00:00+00:00,usdcad,1.37269,1.37496,1.36901,1.37165
2023-11-21 00:00:00+00:00,usdcad,1.37012,1.37315,1.36813,1.37268
2023-11-22 00:00:00+00:00,usdcad,1.36928,1.37656,1.36861,1.37013
2023-11-23 00:00:00+00:00,usdcad,1.36965,1.37113,1.3651,1.36929
2023-11-24 00:00:00+00:00,usdcad,1.36346,1.37118,1.35941,1.36964
2023-11-26 00:00:00+00:00,usdcad,1.36315,1.36397,1.36247,1.363925
2023-11-27 00:00:00+00:00,usdcad,1.36063,1.36612,1.36054,1.36317
2023-11-28 00:00:00+00:00,usdcad,1.35665,1.36137,1.35604,1.36064
2023-11-29 00:00:00+00:00,usdcad,1.35927,1.36153,1.35414,1.35663
2023-11-30 00:00:00+00:00,usdcad,1.35572,1.36268,1.35524,1.35926
2023-12-01 00:00:00+00:00,usdcad,1.34971,1.35575,1.34874,1.35573
2023-12-03 00:00:00+00:00,usdcad,1.349,1.35025,1.34804,1.350245
2023-12-04 00:00:00+00:00,usdcad,1.354,1.35623,1.34867,1.34899
2023-12-05 00:00:00+00:00,usdcad,1.35923,1.3595,1.35368,1.35401
2023-12-06 00:00:00+00:00,usdcad,1.35923,1.35966,1.35489,1.35922
2023-12-07 00:00:00+00:00,usdcad,1.3597,1.36194,1.35839,1.35922
2023-12-08 00:00:00+00:00,usdcad,1.35837,1.36099,1.35507,1.35969
2023-12-10 00:00:00+00:00,usdcad,1.35817,1.35891,1.35804,1.358465
2023-12-11 00:00:00+00:00,usdcad,1.35788,1.36049,1.35504,1.35816
2023-12-12 00:00:00+00:00,usdcad,1.35858,1.36186,1.35453,1.35787
2023-12-13 00:00:00+00:00,usdcad,1.35104,1.36085,1.34952,1.35857
2023-12-14 00:00:00+00:00,usdcad,1.3405,1.35103,1.33943,1.35103
2023-12-15 00:00:00+00:00,usdcad,1.33801,1.3415,1.33504,1.34048
2023-12-17 00:00:00+00:00,usdcad,1.33822,1.33822,1.33709,1.337325
2023-12-18 00:00:00+00:00,usdcad,1.33984,1.34094,1.335,1.3382
2023-12-19 00:00:00+00:00,usdcad,1.33391,1.34006,1.33325,1.33985
2023-12-20 00:00:00+00:00,usdcad,1.336,1.33707,1.33119,1.3339
2023-12-21 00:00:00+00:00,usdcad,1.32847,1.33604,1.32762,1.33601
2023-12-22 00:00:00+00:00,usdcad,1.32694,1.3293,1.32195,1.32846
2023-12-25 00:00:00+00:00,usdcad,1.32527,1.32581,1.32515,1.32567
2023-12-26 00:00:00+00:00,usdcad,1.31972,1.32622,1.31933,1.32528
2023-12-27 00:00:00+00:00,usdcad,1.32058,1.32197,1.31775,1.31973
2023-12-28 00:00:00+00:00,usdcad,1.32311,1.32356,1.31827,1.32059
2023-12-29 00:00:00+00:00,usdcad,1.32509,1.32653,1.31782,1.3231
2024-01-01 00:00:00+00:00,usdcad,1.32449,1.32542,1.32408,1.32474
2024-01-02 00:00:00+00:00,usdcad,1.33223,1.33341,1.32289,1.32448
2024-01-03 00:00:00+00:00,usdcad,1.33487,1.33721,1.3318,1.33224
2024-01-04 00:00:00+00:00,usdcad,1.33567,1.33661,1.33173,1.33488
2024-01-05 00:00:00+00:00,usdcad,1.336,1.33993,1.32877,1.33565
2024-01-07 00:00:00+00:00,usdcad,1.33604,1.33658,1.3354,1.3354
2024-01-08 00:00:00+00:00,usdcad,1.33514,1.34051,1.33452,1.33605
2024-01-09 00:00:00+00:00,usdcad,1.33901,1.34148,1.33409,1.33515
2024-01-10 00:00:00+00:00,usdcad,1.33804,1.33949,1.33655,1.339
2024-01-11 00:00:00+00:00,usdcad,1.33791,1.34432,1.33511,1.33803
2024-01-12 00:00:00+00:00,usdcad,1.340675,1.34119,1.33435,1.3379
2024-01-14 00:00:00+00:00,usdcad,1.34071,1.34128,1.34018,1.340695
2024-01-15 00:00:00+00:00,usdcad,1.34363,1.34484,1.33824,1.3407
2024-01-16 00:00:00+00:00,usdcad,1.34899,1.3502,1.34361,1.34364
2024-01-17 00:00:00+00:00,usdcad,1.35022,1.35419,1.34805,1.34898
2024-01-18 00:00:00+00:00,usdcad,1.34857,1.35282,1.34808,1.35023
2024-01-19 00:00:00+00:00,usdcad,1.34288,1.35023,1.34275,1.34858
2024-01-21 00:00:00+00:00,usdcad,1.34324,1.343905,1.34297,1.343325
2024-01-22 00:00:00+00:00,usdcad,1.34786,1.34837,1.34151,1.34325
2024-01-23 00:00:00+00:00,usdcad,1.34569,1.34921,1.34534,1.34785
2024-01-24 00:00:00+00:00,usdcad,1.35259,1.35285,1.34302,1.34568
2024-01-25 00:00:00+00:00,usdcad,1.34804,1.35348,1.34686,1.3526
2024-01-26 00:00:00+00:00,usdcad,1.34527,1.34834,1.34147,1.34803
2024-01-28 00:00:00+00:00,usdcad,1.3456,1.34615,1.34454,1.3457
2024-01-29 00:00:00+00:00,usdcad,1.34121,1.34652,1.3409,1.34561
2024-01-30 00:00:00+00:00,usdcad,1.3402,1.34465,1.33959,1.3412
2024-01-31 00:00:00+00:00,usdcad,1.34324,1.34465,1.33588,1.34019
2024-02-01 00:00:00+00:00,usdcad,1.33849,1.34646,1.33679,1.34325
2024-02-02 00:00:00+00:00,usdcad,1.346705,1.34758,1.33661,1.3385
2024-02-04 00:00:00+00:00,usdcad,1.34709,1.34755,1.34605,1.346285
2024-02-05 00:00:00+00:00,usdcad,1.35437,1.35442,1.34669,1.34708
2024-02-06 00:00:00+00:00,usdcad,1.349,1.35438,1.34766,1.35436
2024-02-07 00:00:00+00:00,usdcad,1.3463,1.34926,1.34551,1.34901
2024-02-08 00:00:00+00:00,usdcad,1.34605,1.34931,1.3448,1.34629
2024-02-09 00:00:00+00:00,usdcad,1.34584,1.34819,1.34132,1.34606
2024-02-11 00:00:00+00:00,usdcad,1.34583,1.34664,1.34574,1.346635
2024-02-12 00:00:00+00:00,usdcad,1.34561,1.34753,1.34304,1.34584
2024-02-13 00:00:00+00:00,usdcad,1.35664,1.35862,1.3438,1.34562
2024-02-14 00:00:00+00:00,usdcad,1.35389,1.35725,1.35311,1.35665
2024-02-15 00:00:00+00:00,usdcad,1.34659,1.35519,1.34614,1.3539
2024-02-16 00:00:00+00:00,usdcad,1.348705,1.35079,1.34657,1.3466
2024-02-18 00:00:00+00:00,usdcad,1.34784,1.348785,1.34782,1.348405
2024-02-19 00:00:00+00:00,usdcad,1.35,1.35014,1.34681,1.34783
2024-02-20 00:00:00+00:00,usdcad,1.3524,1.353,1.34725,1.34999
2024-02-21 00:00:00+00:00,usdcad,1.34955,1.35365,1.34944,1.35239
2024-02-22 00:00:00+00:00,usdcad,1.34829,1.35079,1.34411,1.34954
2024-02-23 00:00:00+00:00,usdcad,1.350875,1.35177,1.34618,1.3483
2024-02-25 00:00:00+00:00,usdcad,1.3511,1.35112,1.349525,1.3496
2024-02-26 00:00:00+00:00,usdcad,1.35022,1.35288,1.35003,1.35111
2024-02-27 00:00:00+00:00,usdcad,1.35318,1.35395,1.34848,1.3502
2024-02-28 00:00:00+00:00,usdcad,1.3578,1.36061,1.35279,1.35319
2024-02-29 00:00:00+00:00,usdcad,1.35688,1.35977,1.35414,1.35781
2024-03-01 00:00:00+00:00,usdcad,1.356035,1.36018,1.35453,1.35687
2024-03-03 00:00:00+00:00,usdcad,1.3552,1.35575,1.3552,1.35541
2024-03-04 00:00:00+00:00,usdcad,1.3576,1.35842,1.35458,1.35517
2024-03-05 00:00:00+00:00,usdcad,1.35906,1.36053,1.35557,1.35761
2024-03-06 00:00:00+00:00,usdcad,1.35125,1.36002,1.34991,1.35908
2024-03-07 00:00:00+00:00,usdcad,1.34534,1.35256,1.34532,1.35124
2024-03-08 00:00:00+00:00,usdcad,1.34854,1.34981,1.34203,1.34535
2024-03-10 00:00:00+00:00,usdcad,1.34813,1.34917,1.34801,1.34858
2024-03-11 00:00:00+00:00,usdcad,1.3478,1.351,1.34697,1.34812
2024-03-12 00:00:00+00:00,usdcad,1.34936,1.35258,1.3467,1.34781
2024-03-13 00:00:00+00:00,usdcad,1.34657,1.34985,1.34593,1.34937
2024-03-14 00:00:00+00:00,usdcad,1.35377,1.35414,1.34598,1.34658
2024-03-15 00:00:00+00:00,usdcad,1.35427,1.35519,1.35103,1.35376
2024-03-17 00:00:00+00:00,usdcad,1.35464,1.35487,1.353485,1.35416
2024-03-18 00:00:00+00:00,usdcad,1.35357,1.35517,1.3521,1.35465
2024-03-19 00:00:00+00:00,usdcad,1.35751,1.36135,1.35354,1.35356
2024-03-20 00:00:00+00:00,usdcad,1.34736,1.36051,1.34723,1.3575
2024-03-21 00:00:00+00:00,usdcad,1.35282,1.35418,1.34561,1.34737
2024-03-22 00:00:00+00:00,usdcad,1.36077,1.36142,1.35197,1.35281
2024-03-24 00:00:00+00:00,usdcad,1.36122,1.36124,1.360235,1.360275
2024-03-25 00:00:00+00:00,usdcad,1.35859,1.36142,1.35707,1.36121
2024-03-26 00:00:00+00:00,usdcad,1.35822,1.35906,1.35529,1.35858
2024-03-27 00:00:00+00:00,usdcad,1.35858,1.36083,1.35655,1.35821
2024-03-28 00:00:00+00:00,usdcad,1.35373,1.3614,1.35252,1.35859
2024-03-29 00:00:00+00:00,usdcad,1.35359,1.35613,1.35339,1.35372
2024-03-31 00:00:00+00:00,usdcad,1.35223,1.35491,1.35203,1.35452
2024-04-01 00:00:00+00:00,usdcad,1.35743,1.35867,1.35151,1.35222
2024-04-02 00:00:00+00:00,usdcad,1.3565,1.35846,1.35566,1.35745
2024-04-03 00:00:00+00:00,usdcad,1.35244,1.35891,1.3512,1.35651
2024-04-04 00:00:00+00:00,usdcad,1.3544,1.35593,1.34782,1.35245
2024-04-05 00:00:00+00:00,usdcad,1.35908,1.36476,1.35407,1.35442
2024-04-07 00:00:00+00:00,usdcad,1.36047,1.3606,1.359125,1.359265
2024-04-08 00:00:00+00:00,usdcad,1.3571,1.3617,1.3569,1.36046
2024-04-09 00:00:00+00:00,usdcad,1.35736,1.35989,1.35474,1.35709
2024-04-10 00:00:00+00:00,usdcad,1.36888,1.37029,1.35562,1.35735
2024-04-11 00:00:00+00:00,usdcad,1.36872,1.37259,1.36612,1.36887
2024-04-12 00:00:00+00:00,usdcad,1.377375,1.37874,1.36823,1.36873
2024-04-14 00:00:00+00:00,usdcad,1.37598,1.378015,1.37551,1.37778
2024-04-15 00:00:00+00:00,usdcad,1.37873,1.37937,1.37254,1.37597
2024-04-16 00:00:00+00:00,usdcad,1.38195,1.3846,1.37745,1.37871
2024-04-17 00:00:00+00:00,usdcad,1.3772,1.38379,1.37599,1.38196
2024-04-18 00:00:00+00:00,usdcad,1.3771,1.37819,1.37422,1.37717
2024-04-19 00:00:00+00:00,usdcad,1.37497,1.38046,1.37237,1.37712
2024-04-21 00:00:00+00:00,usdcad,1.37397,1.37534,1.37388,1.3748
2024-04-22 00:00:00+00:00,usdcad,1.37003,1.37499,1.36871,1.37398
2024-04-23 00:00:00+00:00,usdcad,1.36622,1.37144,1.36563,1.37002
2024-04-24 00:00:00+00:00,usdcad,1.37045,1.37291,1.36549,1.36621
2024-04-25 00:00:00+00:00,usdcad,1.36597,1.37312,1.36503,1.37044
2024-04-26 00:00:00+00:00,usdcad,1.36693,1.36959,1.363365,1.36599
2024-04-28 00:00:00+00:00,usdcad,1.36563,1.36702,1.36561,1.36702
2024-04-29 00:00:00+00:00,usdcad,1.36678,1.36771,1.36322,1.36562
2024-04-30 00:00:00+00:00,usdcad,1.3778,1.378485,1.36629,1.3668
2024-05-01 00:00:00+00:00,usdcad,1.37252,1.37835,1.37037,1.37781
2024-05-02 00:00:00+00:00,usdcad,1.36667,1.3737,1.3666,1.37251
2024-05-03 00:00:00+00:00,usdcad,1.36865,1.36918,1.36101,1.36666
2024-05-05 00:00:00+00:00,usdcad,1.36921,1.36925,1.36797,1.36814
2024-05-06 00:00:00+00:00,usdcad,1.36709,1.36973,1.36482,1.36925
2024-05-07 00:00:00+00:00,usdcad,1.37337,1.37415,1.3661,1.36708
2024-05-08 00:00:00+00:00,usdcad,1.37284,1.37627,1.37175,1.37341
2024-05-09 00:00:00+00:00,usdcad,1.3678,1.37381,1.36722,1.37283
2024-05-10 00:00:00+00:00,usdcad,1.367285,1.36907,1.36337,1.36783
2024-05-12 00:00:00+00:00,usdcad,1.3678,1.36783,1.366905,1.3671
2024-05-13 00:00:00+00:00,usdcad,1.36665,1.36897,1.3661,1.36782
2024-05-14 00:00:00+00:00,usdcad,1.36542,1.36908,1.3633,1.36666
2024-05-15 00:00:00+00:00,usdcad,1.3598,1.3661,1.35902,1.36541
2024-05-16 00:00:00+00:00,usdcad,1.36153,1.36413,1.35902,1.35981
2024-05-17 00:00:00+00:00,usdcad,1.36118,1.3644,1.36014,1.36152
2024-05-19 00:00:00+00:00,usdcad,1.36091,1.361635,1.36052,1.361635
2024-05-20 00:00:00+00:00,usdcad,1.3624,1.36354,1.35961,1.3609
2024-05-21 00:00:00+00:00,usdcad,1.36412,1.36756,1.36151,1.36239
2024-05-22 00:00:00+00:00,usdcad,1.36909,1.36982,1.36241,1.36413
2024-05-23 00:00:00+00:00,usdcad,1.37329,1.37436,1.36569,1.36908
2024-05-24 00:00:00+00:00,usdcad,1.36647,1.37388,1.36482,1.3733
2024-05-26 00:00:00+00:00,usdcad,1.36704,1.36711,1.36597,1.36689
2024-05-27 00:00:00+00:00,usdcad,1.36288,1.3671,1.36284,1.36703
2024-05-28 00:00:00+00:00,usdcad,1.36475,1.36539,1.36149,1.36289
2024-05-29 00:00:00+00:00,usdcad,1.37177,1.37219,1.36466,1.36476
2024-05-30 00:00:00+00:00,usdcad,1.3684,1.37349,1.36603,1.37176
2024-05-31 00:00:00+00:00,usdcad,1.36273,1.36898,1.36194,1.36839
2024-06-02 00:00:00+00:00,usdcad,1.36194,1.363355,1.36192,1.36312
2024-06-03 00:00:00+00:00,usdcad,1.36292,1.36688,1.36029,1.36195
2024-06-04 00:00:00+00:00,usdcad,1.36774,1.36991,1.36209,1.3629
2024-06-05 00:00:00+00:00,usdcad,1.36905,1.37417,1.36658,1.36773
2024-06-06 00:00:00+00:00,usdcad,1.36688,1.37101,1.366365,1.36904
2024-06-07 00:00:00+00:00,usdcad,1.376635,1.37678,1.36635,1.36691
2024-06-09 00:00:00+00:00,usdcad,1.37594,1.37687,1.37588,1.37624
2024-06-10 00:00:00+00:00,usdcad,1.37606,1.37819,1.3754,1.37595
2024-06-11 00:00:00+00:00,usdcad,1.37552,1.37919,1.37482,1.37607
2024-06-12 00:00:00+00:00,usdcad,1.37219,1.37607,1.36802,1.37553
2024-06-13 00:00:00+00:00,usdcad,1.37447,1.37636,1.3715,1.37218
2024-06-14 00:00:00+00:00,usdcad,1.37343,1.37795,1.37278,1.37446
2024-06-16 00:00:00+00:00,usdcad,1.37354,1.37394,1.373075,1.37359
2024-06-17 00:00:00+00:00,usdcad,1.37143,1.37646,1.37138,1.37355
2024-06-18 00:00:00+00:00,usdcad,1.37168,1.37568,1.37094,1.37144
2024-06-19 00:00:00+00:00,usdcad,1.37069,1.37259,1.36983,1.37169
2024-06-20 00:00:00+00:00,usdcad,1.3685,1.37209,1.36823,1.37068
2024-06-21 00:00:00+00:00,usdcad,1.369365,1.371875,1.36746,1.36851
2024-06-23 00:00:00+00:00,usdcad,1.37008,1.37026,1.36918,1.369285
2024-06-24 00:00:00+00:00,usdcad,1.36583,1.37083,1.36501,1.37007
2024-06-25 00:00:00+00:00,usdcad,1.3662,1.36808,1.36218,1.36584
2024-06-26 00:00:00+00:00,usdcad,1.37051,1.37079,1.36507,1.36619
2024-06-27 00:00:00+00:00,usdcad,1.36999,1.37125,1.36761,1.3705
2024-06-28 00:00:00+00:00,usdcad,1.367895,1.37345,1.36555,1.36998
2024-06-30 00:00:00+00:00,usdcad,1.36748,1.36762,1.36668,1.367265
2024-07-01 00:00:00+00:00,usdcad,1.37385,1.3749,1.36636,1.36747
2024-07-02 00:00:00+00:00,usdcad,1.36776,1.37554,1.36675,1.37386
2024-07-03 00:00:00+00:00,usdcad,1.36339,1.36868,1.36174,1.36777
2024-07-04 00:00:00+00:00,usdcad,1.36155,1.36392,1.36084,1.3634
2024-07-05 00:00:00+00:00,usdcad,1.36422,1.36534,1.36027,1.36154
2024-07-07 00:00:00+00:00,usdcad,1.36409,1.36469,1.36396,1.36457
2024-07-08 00:00:00+00:00,usdcad,1.36303,1.36476,1.36244,1.36411
2024-07-09 00:00:00+00:00,usdcad,1.36326,1.36484,1.36284,1.36302
2024-07-10 00:00:00+00:00,usdcad,1.36188,1.3643,1.36082,1.36325
2024-07-11 00:00:00+00:00,usdcad,1.36247,1.36482,1.3589,1.36189
2024-07-12 00:00:00+00:00,usdcad,1.36348,1.36396,1.36114,1.36248
2024-07-14 00:00:00+00:00,usdcad,1.36478,1.36532,1.36362,1.364475
2024-07-15 00:00:00+00:00,usdcad,1.3678,1.36891,1.36314,1.36477
2024-07-16 00:00:00+00:00,usdcad,1.36708,1.37081,1.366655,1.36779
2024-07-17 00:00:00+00:00,usdcad,1.36794,1.37018,1.3657,1.3671
2024-07-18 00:00:00+00:00,usdcad,1.37041,1.37186,1.36706,1.36793
2024-07-19 00:00:00+00:00,usdcad,1.372855,1.3748,1.37026,1.3704
2024-07-21 00:00:00+00:00,usdcad,1.37083,1.37271,1.37055,1.371925
2024-07-22 00:00:00+00:00,usdcad,1.37616,1.37749,1.37079,1.37084
2024-07-23 00:00:00+00:00,usdcad,1.37864,1.37875,1.37529,1.37615
2024-07-24 00:00:00+00:00,usdcad,1.38118,1.38166,1.377835,1.37865
2024-07-25 00:00:00+00:00,usdcad,1.38195,1.38491,1.37968,1.38119
2024-07-26 00:00:00+00:00,usdcad,1.383785,1.38491,1.38074,1.38197
2024-07-28 00:00:00+00:00,usdcad,1.38308,1.383625,1.38249,1.38326
2024-07-29 00:00:00+00:00,usdcad,1.38564,1.38651,1.38166,1.38307
2024-07-30 00:00:00+00:00,usdcad,1.38486,1.38646,1.38384,1.38566
2024-07-31 00:00:00+00:00,usdcad,1.38084,1.38588,1.37875,1.38487
2024-08-01 00:00:00+00:00,usdcad,1.38813,1.38893,1.37957,1.38083
2024-08-02 00:00:00+00:00,usdcad,1.38733,1.38886,1.38344,1.38815
2024-08-04 00:00:00+00:00,usdcad,1.38833,1.38849,1.386605,1.38691
2024-08-05 00:00:00+00:00,usdcad,1.38055,1.39469,1.38021,1.3883
2024-08-06 00:00:00+00:00,usdcad,1.37878,1.3856,1.3757,1.38054
2024-08-07 00:00:00+00:00,usdcad,1.37524,1.37908,1.37212,1.37877
2024-08-08 00:00:00+00:00,usdcad,1.37362,1.37658,1.37267,1.37522
2024-08-09 00:00:00+00:00,usdcad,1.37297,1.375575,1.37182,1.37363
2024-08-11 00:00:00+00:00,usdcad,1.37357,1.37411,1.372935,1.37353
2024-08-12 00:00:00+00:00,usdcad,1.37421,1.3748,1.37187,1.3736
2024-08-13 00:00:00+00:00,usdcad,1.37101,1.37475,1.370435,1.37419
2024-08-14 00:00:00+00:00,usdcad,1.37174,1.37247,1.3689,1.37102
2024-08-15 00:00:00+00:00,usdcad,1.37344,1.37386,1.36955,1.37173
2024-08-16 00:00:00+00:00,usdcad,1.36779,1.37372,1.36779,1.37343
2024-08-18 00:00:00+00:00,usdcad,1.36794,1.368525,1.36756,1.36838
2024-08-19 00:00:00+00:00,usdcad,1.36319,1.36849,1.363,1.36791
2024-08-20 00:00:00+00:00,usdcad,1.36177,1.36415,1.36052,1.36318
2024-08-21 00:00:00+00:00,usdcad,1.35843,1.36237,1.35759,1.36176
2024-08-22 00:00:00+00:00,usdcad,1.36046,1.36189,1.35715,1.35845
2024-08-23 00:00:00+00:00,usdcad,1.35098,1.36057,1.34989,1.36047
2024-08-25 00:00:00+00:00,usdcad,1.35091,1.35157,1.350495,1.35069
2024-08-26 00:00:00+00:00,usdcad,1.34823,1.35144,1.34633,1.3509
2024-08-27 00:00:00+00:00,usdcad,1.34478,1.34884,1.34414,1.34822
2024-08-28 00:00:00+00:00,usdcad,1.34772,1.34883,1.34412,1.34479
2024-08-29 00:00:00+00:00,usdcad,1.34893,1.34912,1.34502,1.34773
2024-08-30 00:00:00+00:00,usdcad,1.349425,1.35096,1.34657,1.34892
2024-09-01 00:00:00+00:00,usdcad,1.34913,1.349365,1.34867,1.34867
2024-09-02 00:00:00+00:00,usdcad,1.34983,1.35055,1.34857,1.34915
2024-09-03 00:00:00+00:00,usdcad,1.35442,1.35626,1.34922,1.34982
2024-09-04 00:00:00+00:00,usdcad,1.35089,1.35656,1.35002,1.35443
2024-09-05 00:00:00+00:00,usdcad,1.34992,1.35254,1.3499,1.3509
2024-09-06 00:00:00+00:00,usdcad,1.357185,1.35826,1.34664,1.34994
2024-09-08 00:00:00+00:00,usdcad,1.35634,1.35714,1.3559,1.356705
2024-09-09 00:00:00+00:00,usdcad,1.35643,1.35772,1.35466,1.35635
2024-09-10 00:00:00+00:00,usdcad,1.36104,1.36157,1.35619,1.35642
2024-09-11 00:00:00+00:00,usdcad,1.35786,1.3623,1.35669,1.36105
2024-09-12 00:00:00+00:00,usdcad,1.35753,1.36047,1.35653,1.35787
2024-09-13 00:00:00+00:00,usdcad,1.358715,1.36002,1.35655,1.35754
2024-09-15 00:00:00+00:00,usdcad,1.35788,1.359695,1.35777,1.359615
2024-09-16 00:00:00+00:00,usdcad,1.35872,1.36077,1.35668,1.35787
2024-09-17 00:00:00+00:00,usdcad,1.3594,1.3617,1.35804,1.35871
2024-09-18 00:00:00+00:00,usdcad,1.36088,1.36232,1.35412,1.35939
2024-09-19 00:00:00+00:00,usdcad,1.35633,1.36476,1.35332,1.36087
2024-09-20 00:00:00+00:00,usdcad,1.357065,1.35898,1.35422,1.35634
2024-09-22 00:00:00+00:00,usdcad,1.3566,1.35692,1.35608,1.35624
2024-09-23 00:00:00+00:00,usdcad,1.35304,1.35823,1.34871,1.35661
2024-09-24 00:00:00+00:00,usdcad,1.34211,1.3532,1.3421,1.35303
2024-09-25 00:00:00+00:00,usdcad,1.3484,1.34872,1.34197,1.3421
2024-09-26 00:00:00+00:00,usdcad,1.34765,1.34898,1.34578,1.34841
2024-09-27 00:00:00+00:00,usdcad,1.35157,1.35267,1.34639,1.34764
2024-09-29 00:00:00+00:00,usdcad,1.35101,1.35157,1.35076,1.350905
2024-09-30 00:00:00+00:00,usdcad,1.3526,1.35379,1.34898,1.35102
2024-10-01 00:00:00+00:00,usdcad,1.34952,1.35397,1.34812,1.35261
2024-10-02 00:00:00+00:00,usdcad,1.35073,1.35101,1.34726,1.34953
2024-10-03 00:00:00+00:00,usdcad,1.35489,1.35599,1.3506,1.35074
2024-10-04 00:00:00+00:00,usdcad,1.35765,1.35913,1.3545,1.3549
2024-10-06 00:00:00+00:00,usdcad,1.35813,1.35829,1.357085,1.3571
2024-10-07 00:00:00+00:00,usdcad,1.36209,1.36397,1.35726,1.35814
2024-10-08 00:00:00+00:00,usdcad,1.3655,1.36754,1.36114,1.3621
2024-10-09 00:00:00+00:00,usdcad,1.37101,1.37189,1.36473,1.36551
2024-10-10 00:00:00+00:00,usdcad,1.37464,1.37755,1.37048,1.37102
2024-10-11 00:00:00+00:00,usdcad,1.376445,1.37838,1.37254,1.37463
2024-10-13 00:00:00+00:00,usdcad,1.37827,1.37853,1.375785,1.375785
2024-10-14 00:00:00+00:00,usdcad,1.38026,1.38055,1.37708,1.37828
2024-10-15 00:00:00+00:00,usdcad,1.3781,1.38387,1.37702,1.38025
2024-10-16 00:00:00+00:00,usdcad,1.37564,1.37933,1.37501,1.37811
2024-10-17 00:00:00+00:00,usdcad,1.37965,1.38014,1.37474,1.37565
2024-10-18 00:00:00+00:00,usdcad,1.38016,1.3815,1.37858,1.37966
2024-10-20 00:00:00+00:00,usdcad,1.38003,1.380695,1.37997,1.38032
2024-10-21 00:00:00+00:00,usdcad,1.38343,1.38498,1.37997,1.37999
2024-10-22 00:00:00+00:00,usdcad,1.38182,1.38381,1.38139,1.38344
2024-10-23 00:00:00+00:00,usdcad,1.38379,1.38629,1.38163,1.38183
2024-10-24 00:00:00+00:00,usdcad,1.38539,1.38689,1.38127,1.38378
2024-10-25 00:00:00+00:00,usdcad,1.389325,1.38976,1.38384,1.38538
2024-10-27 00:00:00+00:00,usdcad,1.38963,1.38981,1.388785,1.38905
2024-10-28 00:00:00+00:00,usdcad,1.38887,1.39087,1.38825,1.38964
2024-10-29 00:00:00+00:00,usdcad,1.39157,1.39298,1.38768,1.38888
2024-10-30 00:00:00+00:00,usdcad,1.39095,1.39407,1.38953,1.39158
2024-10-31 00:00:00+00:00,usdcad,1.39355,1.39454,1.38911,1.39091
2024-11-01 00:00:00+00:00,usdcad,1.395385,1.39591,1.39028,1.39354
2024-11-03 00:00:00+00:00,usdcad,1.39213,1.39275,1.39165,1.39261
2024-11-04 00:00:00+00:00,usdcad,1.39015,1.39217,1.387535,1.39215
2024-11-05 00:00:00+00:00,usdcad,1.38348,1.39069,1.38233,1.39014
2024-11-06 00:00:00+00:00,usdcad,1.39483,1.39588,1.38325,1.38346
2024-11-07 00:00:00+00:00,usdcad,1.38685,1.39484,1.38423,1.39482
2024-11-08 00:00:00+00:00,usdcad,1.391055,1.39281,1.38669,1.38687
2024-11-10 00:00:00+00:00,usdcad,1.39109,1.39175,1.39062,1.391725
2024-11-11 00:00:00+00:00,usdcad,1.39205,1.39509,1.39052,1.3911
2024-11-12 00:00:00+00:00,usdcad,1.39455,1.39675,1.39191,1.39207
2024-11-13 00:00:00+00:00,usdcad,1.39925,1.40029,1.39309,1.39456
2024-11-14 00:00:00+00:00,usdcad,1.40618,1.40716,1.39882,1.39924
2024-11-15 00:00:00+00:00,usdcad,1.408865,1.41058,1.40335,1.40617
2024-11-17 00:00:00+00:00,usdcad,1.40865,1.40927,1.40814,1.409055
2024-11-18 00:00:00+00:00,usdcad,1.40228,1.41027,1.40044,1.40864
2024-11-19 00:00:00+00:00,usdcad,1.39559,1.40368,1.39516,1.40229
2024-11-20 00:00:00+00:00,usdcad,1.3969,1.40147,1.39509,1.39558
2024-11-21 00:00:00+00:00,usdcad,1.39846,1.39847,1.39315,1.39691
2024-11-22 00:00:00+00:00,usdcad,1.397965,1.4021,1.3958,1.39845
2024-11-24 00:00:00+00:00,usdcad,1.39337,1.395385,1.3933,1.39525
2024-11-25 00:00:00+00:00,usdcad,1.40988,1.41209,1.39278,1.39338
2024-11-26 00:00:00+00:00,usdcad,1.4053,1.4178,1.40502,1.40989
2024-11-27 00:00:00+00:00,usdcad,1.40265,1.40782,1.40096,1.40528
2024-11-28 00:00:00+00:00,usdcad,1.40085,1.40317,1.39987,1.40264
2024-11-29 00:00:00+00:00,usdcad,1.400625,1.40459,1.39809,1.40084
2024-12-01 00:00:00+00:00,usdcad,1.40142,1.40186,1.399135,1.399135
2024-12-02 00:00:00+00:00,usdcad,1.40467,1.409,1.40133,1.4014
2024-12-03 00:00:00+00:00,usdcad,1.40656,1.40762,1.40097,1.4047
2024-12-04 00:00:00+00:00,usdcad,1.40726,1.40833,1.40522,1.40658
2024-12-05 00:00:00+00:00,usdcad,1.40195,1.40797,1.40107,1.40724
2024-12-06 00:00:00+00:00,usdcad,1.41588,1.41647,1.40193,1.40196
2024-12-08 00:00:00+00:00,usdcad,1.41484,1.41654,1.41483,1.41566
2024-12-09 00:00:00+00:00,usdcad,1.41751,1.41754,1.40936,1.41485
2024-12-10 00:00:00+00:00,usdcad,1.41753,1.41951,1.4156,1.4175
2024-12-11 00:00:00+00:00,usdcad,1.41494,1.41945,1.41201,1.41754
2024-12-12 00:00:00+00:00,usdcad,1.42161,1.42279,1.41314,1.41493
2024-12-13 00:00:00+00:00,usdcad,1.42355,1.42453,1.42099,1.42164
2024-12-15 00:00:00+00:00,usdcad,1.42265,1.423835,1.42255,1.423445
2024-12-16 00:00:00+00:00,usdcad,1.4235,1.42713,1.42171,1.42267
2024-12-17 00:00:00+00:00,usdcad,1.43103,1.43237,1.42323,1.42349
2024-12-18 00:00:00+00:00,usdcad,1.44622,1.44672,1.43049,1.43104
2024-12-19 00:00:00+00:00,usdcad,1.44032,1.44621,1.43446,1.44621
2024-12-20 00:00:00+00:00,usdcad,1.43756,1.44357,1.43357,1.44031
2024-12-22 00:00:00+00:00,usdcad,1.43606,1.43702,1.43595,1.436765
2024-12-23 00:00:00+00:00,usdcad,1.43745,1.44336,1.43493,1.43607
2024-12-24 00:00:00+00:00,usdcad,1.43598,1.44205,1.43485,1.43744
2024-12-25 00:00:00+00:00,usdcad,1.4354,1.43698,1.43513,1.436865
2024-12-26 00:00:00+00:00,usdcad,1.44099,1.44207,1.43502,1.43543
2024-12-27 00:00:00+00:00,usdcad,1.441575,1.44497,1.43752,1.441
2024-12-29 00:00:00+00:00,usdcad,1.4403,1.44168,1.44025,1.44162
2024-12-30 00:00:00+00:00,usdcad,1.4351,1.44332,1.43451,1.44029
2024-12-31 00:00:00+00:00,usdcad,1.43829,1.44096,1.43384,1.43511
2025-01-01 00:00:00+00:00,usdcad,1.43755,1.438665,1.43733,1.43855
2025-01-02 00:00:00+00:00,usdcad,1.44049,1.44422,1.43694,1.43756
2025-01-03 00:00:00+00:00,usdcad,1.44481,1.44638,1.43836,1.4405
2025-01-05 00:00:00+00:00,usdcad,1.44392,1.44512,1.44366,1.4448
2025-01-06 00:00:00+00:00,usdcad,1.43418,1.4445,1.42802,1.44393
2025-01-07 00:00:00+00:00,usdcad,1.4366,1.437145,1.4298,1.43414
2025-01-08 00:00:00+00:00,usdcad,1.43774,1.44098,1.43395,1.43659
2025-01-09 00:00:00+00:00,usdcad,1.44021,1.44051,1.43654,1.43772
2025-01-10 00:00:00+00:00,usdcad,1.442225,1.44429,1.43757,1.44019
2025-01-12 00:00:00+00:00,usdcad,1.44155,1.442515,1.44117,1.442375
2025-01-13 00:00:00+00:00,usdcad,1.43647,1.44474,1.43432,1.44153
2025-01-14 00:00:00+00:00,usdcad,1.43522,1.44104,1.43472,1.43648
2025-01-15 00:00:00+00:00,usdcad,1.43253,1.43669,1.43026,1.43523
2025-01-16 00:00:00+00:00,usdcad,1.4395,1.44033,1.4323,1.43255
2025-01-17 00:00:00+00:00,usdcad,1.44806,1.448515,1.43829,1.43951
2025-01-19 00:00:00+00:00,usdcad,1.44709,1.44857,1.44615,1.44615
2025-01-20 00:00:00+00:00,usdcad,1.4303,1.44788,1.42615,1.4471
2025-01-21 00:00:00+00:00,usdcad,1.43418,1.451655,1.42897,1.43029
2025-01-22 00:00:00+00:00,usdcad,1.43961,1.44045,1.43012,1.43414
2025-01-23 00:00:00+00:00,usdcad,1.43779,1.44137,1.43345,1.43962
2025-01-24 00:00:00+00:00,usdcad,1.43449,1.43841,1.43152,1.4378
2025-01-26 00:00:00+00:00,usdcad,1.43865,1.43878,1.43654,1.437055
2025-01-27 00:00:00+00:00,usdcad,1.44059,1.44158,1.43337,1.43864
2025-01-28 00:00:00+00:00,usdcad,1.44032,1.44202,1.43692,1.44055
2025-01-29 00:00:00+00:00,usdcad,1.43973,1.44719,1.43922,1.44031
2025-01-30 00:00:00+00:00,usdcad,1.44935,1.45958,1.43974,1.43974
2025-01-31 00:00:00+00:00,usdcad,1.4534,1.45598,1.43711,1.44936
2025-02-02 00:00:00+00:00,usdcad,1.47132,1.47521,1.47051,1.473795
2025-02-03 00:00:00+00:00,usdcad,1.44221,1.47934,1.4387,1.47133
2025-02-04 00:00:00+00:00,usdcad,1.43394,1.450355,1.43019,1.4422
2025-02-05 00:00:00+00:00,usdcad,1.43158,1.43446,1.42702,1.43389
2025-02-06 00:00:00+00:00,usdcad,1.43081,1.43668,1.43014,1.43159
2025-02-07 00:00:00+00:00,usdcad,1.42926,1.43453,1.42737,1.43082
2025-02-09 00:00:00+00:00,usdcad,1.43334,1.438055,1.43314,1.43543
2025-02-10 00:00:00+00:00,usdcad,1.43392,1.43592,1.43055,1.43333
2025-02-11 00:00:00+00:00,usdcad,1.42873,1.4346,1.42794,1.43389
2025-02-12 00:00:00+00:00,usdcad,1.43006,1.43426,1.42559,1.42874
2025-02-13 00:00:00+00:00,usdcad,1.4193,1.43039,1.41835,1.43005
2025-02-14 00:00:00+00:00,usdcad,1.418145,1.42007,1.41511,1.41931
2025-02-16 00:00:00+00:00,usdcad,1.41816,1.41907,1.417355,1.41736
2025-02-17 00:00:00+00:00,usdcad,1.41856,1.419615,1.41598,1.41817
2025-02-18 00:00:00+00:00,usdcad,1.41903,1.4213,1.41797,1.41855
2025-02-19 00:00:00+00:00,usdcad,1.42411,1.42457,1.41756,1.41902
2025-02-20 00:00:00+00:00,usdcad,1.41755,1.4245,1.41665,1.4241
2025-02-21 00:00:00+00:00,usdcad,1.42252,1.42365,1.41686,1.41756
2025-02-23 00:00:00+00:00,usdcad,1.42111,1.4227,1.42051,1.42264
2025-02-24 00:00:00+00:00,usdcad,1.42784,1.42796,1.41822,1.4211
2025-02-25 00:00:00+00:00,usdcad,1.4302,1.431845,1.42402,1.42786
2025-02-26 00:00:00+00:00,usdcad,1.43389,1.43684,1.42944,1.43021
2025-02-27 00:00:00+00:00,usdcad,1.44468,1.44494,1.43223,1.4339
2025-02-28 00:00:00+00:00,usdcad,1.44669,1.44723,1.44001,1.44467
2025-03-02 00:00:00+00:00,usdcad,1.44443,1.44499,1.44361,1.4448
2025-03-03 00:00:00+00:00,usdcad,1.44946,1.45418,1.43696,1.44442
2025-03-04 00:00:00+00:00,usdcad,1.43992,1.4543,1.43709,1.44947
2025-03-05 00:00:00+00:00,usdcad,1.43405,1.44501,1.43307,1.43993
2025-03-06 00:00:00+00:00,usdcad,1.42942,1.43769,1.423965,1.43406
2025-03-07 00:00:00+00:00,usdcad,1.4373,1.44266,1.42797,1.42945
2025-03-09 00:00:00+00:00,usdcad,1.43737,1.43889,1.43672,1.437465
2025-03-10 00:00:00+00:00,usdcad,1.44271,1.44727,1.43534,1.43736
2025-03-11 00:00:00+00:00,usdcad,1.44354,1.45214,1.43799,1.4427
2025-03-12 00:00:00+00:00,usdcad,1.43596,1.44849,1.43536,1.44355
2025-03-13 00:00:00+00:00,usdcad,1.44276,1.44517,1.43595,1.43597
2025-03-14 00:00:00+00:00,usdcad,1.43697,1.44418,1.43556,1.44274
2025-03-16 00:00:00+00:00,usdcad,1.43741,1.43774,1.43586,1.43773
2025-03-17 00:00:00+00:00,usdcad,1.42989,1.43807,1.42757,1.4374
2025-03-18 00:00:00+00:00,usdcad,1.43002,1.43197,1.4267,1.42987
2025-03-19 00:00:00+00:00,usdcad,1.43233,1.43493,1.42959,1.43
2025-03-20 00:00:00+00:00,usdcad,1.43251,1.44016,1.4313,1.43232
2025-03-21 00:00:00+00:00,usdcad,1.43563,1.43732,1.43139,1.43252
2025-03-23 00:00:00+00:00,usdcad,1.43339,1.43549,1.43296,1.435385
2025-03-24 00:00:00+00:00,usdcad,1.43169,1.43511,1.42894,1.43338
2025-03-25 00:00:00+00:00,usdcad,1.42735,1.4333,1.42713,1.4317
2025-03-26 00:00:00+00:00,usdcad,1.42966,1.43156,1.42354,1.42736
2025-03-27 00:00:00+00:00,usdcad,1.43076,1.4329,1.42597,1.42967
2025-03-28 00:00:00+00:00,usdcad,1.4318,1.43332,1.42766,1.43077
2025-03-30 00:00:00+00:00,usdcad,1.431,1.43295,1.430575,1.430575
2025-03-31 00:00:00+00:00,usdcad,1.43911,1.43966,1.42994,1.43102
2025-04-01 00:00:00+00:00,usdcad,1.42942,1.44153,1.42892,1.4391
2025-04-02 00:00:00+00:00,usdcad,1.42173,1.436745,1.42155,1.42943
2025-04-03 00:00:00+00:00,usdcad,1.40837,1.42589,1.40276,1.42174
2025-04-04 00:00:00+00:00,usdcad,1.42273,1.42591,1.4054,1.40835
2025-04-06 00:00:00+00:00,usdcad,1.42426,1.42703,1.420605,1.42594
2025-04-07 00:00:00+00:00,usdcad,1.42393,1.42965,1.41795,1.42422
2025-04-08 00:00:00+00:00,usdcad,1.42566,1.42721,1.41434,1.42394
2025-04-09 00:00:00+00:00,usdcad,1.41031,1.42739,1.4075,1.42568
2025-04-10 00:00:00+00:00,usdcad,1.39528,1.41102,1.39518,1.41032
2025-04-11 00:00:00+00:00,usdcad,1.38652,1.3985,1.38397,1.39527
2025-04-13 00:00:00+00:00,usdcad,1.38751,1.38847,1.385765,1.38608
2025-04-14 00:00:00+00:00,usdcad,1.39014,1.39109,1.38289,1.38752
2025-04-15 00:00:00+00:00,usdcad,1.39584,1.39778,1.38502,1.39013
2025-04-16 00:00:00+00:00,usdcad,1.38599,1.39602,1.38555,1.39583
2025-04-17 00:00:00+00:00,usdcad,1.38442,1.39063,1.38286,1.386
2025-04-18 00:00:00+00:00,usdcad,1.38476,1.38699,1.383505,1.384415
2025-04-20 00:00:00+00:00,usdcad,1.38256,1.384505,1.38223,1.384505
2025-04-21 00:00:00+00:00,usdcad,1.38339,1.38499,1.37814,1.38257
2025-04-22 00:00:00+00:00,usdcad,1.38488,1.38617,1.37935,1.38338
2025-04-23 00:00:00+00:00,usdcad,1.38753,1.39048,1.37984,1.38489
2025-04-24 00:00:00+00:00,usdcad,1.38559,1.38991,1.38402,1.38752
2025-04-25 00:00:00+00:00,usdcad,1.385465,1.38925,1.385,1.38561
2025-04-27 00:00:00+00:00,usdcad,1.38713,1.38726,1.38498,1.38631
2025-04-28 00:00:00+00:00,usdcad,1.38324,1.38926,1.38167,1.38712
2025-04-29 00:00:00+00:00,usdcad,1.38262,1.38717,1.38087,1.38325
2025-04-30 00:00:00+00:00,usdcad,1.37944,1.38554,1.37702,1.38266
2025-05-01 00:00:00+00:00,usdcad,1.3849,1.38624,1.37844,1.37943
2025-05-02 00:00:00+00:00,usdcad,1.3819,1.38502,1.37604,1.38489
2025-05-04 00:00:00+00:00,usdcad,1.38251,1.38285,1.38009,1.38023
2025-05-05 00:00:00+00:00,usdcad,1.38231,1.38299,1.37869,1.3825
2025-05-06 00:00:00+00:00,usdcad,1.37718,1.38453,1.37507,1.3823
2025-05-07 00:00:00+00:00,usdcad,1.38368,1.384,1.3768,1.37719
2025-05-08 00:00:00+00:00,usdcad,1.3924,1.39331,1.38139,1.38369
2025-05-09 00:00:00+00:00,usdcad,1.39391,1.39448,1.39068,1.39239
2025-05-11 00:00:00+00:00,usdcad,1.39281,1.393315,1.3902,1.39048
2025-05-12 00:00:00+00:00,usdcad,1.39742,1.40158,1.39147,1.39282
2025-05-13 00:00:00+00:00,usdcad,1.39337,1.40165,1.39271,1.39741
2025-05-14 00:00:00+00:00,usdcad,1.39785,1.39863,1.39021,1.39338
2025-05-15 00:00:00+00:00,usdcad,1.39565,1.40049,1.39521,1.39784
2025-05-16 00:00:00+00:00,usdcad,1.396585,1.39958,1.39355,1.39566
2025-05-18 00:00:00+00:00,usdcad,1.39533,1.39723,1.3952,1.39723
2025-05-19 00:00:00+00:00,usdcad,1.39584,1.39732,1.39173,1.39532
2025-05-20 00:00:00+00:00,usdcad,1.39091,1.39687,1.39083,1.39585
2025-05-21 00:00:00+00:00,usdcad,1.38621,1.39114,1.38141,1.39092
2025-05-22 00:00:00+00:00,usdcad,1.38588,1.38893,1.38465,1.38619
2025-05-23 00:00:00+00:00,usdcad,1.3735,1.38593,1.37095,1.38589
2025-05-25 00:00:00+00:00,usdcad,1.37365,1.373855,1.37206,1.37384
2025-05-26 00:00:00+00:00,usdcad,1.37367,1.37394,1.36863,1.37364
2025-05-27 00:00:00+00:00,usdcad,1.38104,1.3836,1.37223,1.37365
2025-05-28 00:00:00+00:00,usdcad,1.38538,1.38611,1.38018,1.38102
2025-05-29 00:00:00+00:00,usdcad,1.38074,1.38619,1.37852,1.38542
2025-05-30 00:00:00+00:00,usdcad,1.37405,1.38301,1.37141,1.38072
2025-06-01 00:00:00+00:00,usdcad,1.37256,1.37414,1.37226,1.37395
2025-06-02 00:00:00+00:00,usdcad,1.37109,1.37291,1.36747,1.37257
2025-06-03 00:00:00+00:00,usdcad,1.37159,1.3743,1.37015,1.3711
2025-06-04 00:00:00+00:00,usdcad,1.36818,1.37318,1.36527,1.37158
2025-06-05 00:00:00+00:00,usdcad,1.36677,1.36842,1.36346,1.36819
2025-06-06 00:00:00+00:00,usdcad,1.369585,1.37045,1.36606,1.36678
2025-06-08 00:00:00+00:00,usdcad,1.36929,1.37002,1.36913,1.36944
2025-06-09 00:00:00+00:00,usdcad,1.3701,1.37077,1.36697,1.36928
2025-06-10 00:00:00+00:00,usdcad,1.36688,1.37288,1.36646,1.37007
2025-06-11 00:00:00+00:00,usdcad,1.36667,1.36903,1.365,1.36687
2025-06-12 00:00:00+00:00,usdcad,1.35962,1.36756,1.35956,1.36668
2025-06-13 00:00:00+00:00,usdcad,1.35821,1.36518,1.35666,1.35963
2025-06-15 00:00:00+00:00,usdcad,1.35832,1.359835,1.357725,1.35914
2025-06-16 00:00:00+00:00,usdcad,1.35735,1.36072,1.35402,1.35831
2025-06-17 00:00:00+00:00,usdcad,1.36843,1.36937,1.35569,1.35734
2025-06-18 00:00:00+00:00,usdcad,1.36968,1.37035,1.36345,1.36838
2025-06-19 00:00:00+00:00,usdcad,1.36957,1.37466,1.36943,1.3697
2025-06-20 00:00:00+00:00,usdcad,1.373365,1.37474,1.36875,1.36959
2025-06-22 00:00:00+00:00,usdcad,1.37414,1.376095,1.37382,1.375615
2025-06-23 00:00:00+00:00,usdcad,1.37302,1.37983,1.37225,1.37415
2025-06-24 00:00:00+00:00,usdcad,1.37265,1.37348,1.3679,1.37303
2025-06-25 00:00:00+00:00,usdcad,1.37128,1.37548,1.37122,1.37266
2025-06-26 00:00:00+00:00,usdcad,1.36426,1.37233,1.36181,1.37127
2025-06-27 00:00:00+00:00,usdcad,1.36807,1.37592,1.3628,1.36423
2025-06-29 00:00:00+00:00,usdcad,1.36824,1.36936,1.36792,1.368885
2025-06-30 00:00:00+00:00,usdcad,1.36069,1.36998,1.36003,1.36823
2025-07-01 00:00:00+00:00,usdcad,1.3645,1.36673,1.35914,1.36068
2025-07-02 00:00:00+00:00,usdcad,1.35886,1.3659,1.35837,1.36451
2025-07-03 00:00:00+00:00,usdcad,1.35756,1.36243,1.35568,1.35885
2025-07-04 00:00:00+00:00,usdcad,1.36053,1.36174,1.35669,1.35755
2025-07-06 00:00:00+00:00,usdcad,1.36042,1.36087,1.359665,1.36063
2025-07-07 00:00:00+00:00,usdcad,1.36653,1.36857,1.35977,1.36041
2025-07-08 00:00:00+00:00,usdcad,1.36692,1.36946,1.36388,1.36655
2025-07-09 00:00:00+00:00,usdcad,1.36862,1.37102,1.36658,1.36693
2025-07-10 00:00:00+00:00,usdcad,1.3656,1.37086,1.36527,1.36861
2025-07-11 00:00:00+00:00,usdcad,1.36906,1.37309,1.36521,1.36561
2025-07-13 00:00:00+00:00,usdcad,1.36872,1.3708,1.36853,1.37006
2025-07-14 00:00:00+00:00,usdcad,1.37066,1.37113,1.36701,1.36873
2025-07-15 00:00:00+00:00,usdcad,1.37169,1.373,1.36719,1.37065
2025-07-16 00:00:00+00:00,usdcad,1.36902,1.37556,1.36803,1.37168
2025-07-17 00:00:00+00:00,usdcad,1.37368,1.37745,1.36895,1.36903
2025-07-18 00:00:00+00:00,usdcad,1.37234,1.37427,1.36958,1.37367
2025-07-20 00:00:00+00:00,usdcad,1.37239,1.37305,1.371725,1.37226
2025-07-21 00:00:00+00:00,usdcad,1.36763,1.37348,1.36754,1.37238
2025-07-22 00:00:00+00:00,usdcad,1.36051,1.36955,1.35961,1.36762
2025-07-23 00:00:00+00:00,usdcad,1.36024,1.36293,1.35758,1.36052
2025-07-24 00:00:00+00:00,usdcad,1.36409,1.36548,1.35969,1.36025
2025-07-25 00:00:00+00:00,usdcad,1.37029,1.37259,1.36383,1.36408
2025-07-27 00:00:00+00:00,usdcad,1.37031,1.370775,1.36957,1.370655
2025-07-28 00:00:00+00:00,usdcad,1.37351,1.37426,1.36865,1.3703
2025-07-29 00:00:00+00:00,usdcad,1.3775,1.37886,1.37313,1.37353
2025-07-30 00:00:00+00:00,usdcad,1.38271,1.38452,1.3759,1.37747
2025-07-31 00:00:00+00:00,usdcad,1.38583,1.3871,1.38138,1.38272
2025-08-01 00:00:00+00:00,usdcad,1.37892,1.38794,1.37634,1.38584
2025-08-03 00:00:00+00:00,usdcad,1.37781,1.378995,1.37755,1.37791
2025-08-04 00:00:00+00:00,usdcad,1.37696,1.37951,1.37586,1.37785
2025-08-05 00:00:00+00:00,usdcad,1.3772,1.38105,1.37636,1.37692
2025-08-06 00:00:00+00:00,usdcad,1.374,1.37799,1.37356,1.37723
2025-08-07 00:00:00+00:00,usdcad,1.37331,1.3774,1.37219,1.37402
2025-08-08 00:00:00+00:00,usdcad,1.375655,1.37638,1.3726,1.37329
2025-08-10 00:00:00+00:00,usdcad,1.37537,1.37577,1.37508,1.37539
2025-08-11 00:00:00+00:00,usdcad,1.37751,1.37956,1.37452,1.37538
2025-08-12 00:00:00+00:00,usdcad,1.37706,1.38062,1.37542,1.37752
2025-08-13 00:00:00+00:00,usdcad,1.37531,1.37822,1.37518,1.37705
2025-08-14 00:00:00+00:00,usdcad,1.38139,1.38197,1.37447,1.37532
2025-08-15 00:00:00+00:00,usdcad,1.38187,1.38198,1.37877,1.38138
2025-08-17 00:00:00+00:00,usdcad,1.38156,1.38175,1.38101,1.381495
2025-08-18 00:00:00+00:00,usdcad,1.3803,1.38315,1.37832,1.38157
2025-08-19 00:00:00+00:00,usdcad,1.38671,1.38702,1.38016,1.38028
2025-08-20 00:00:00+00:00,usdcad,1.38746,1.38837,1.38539,1.3867
2025-08-21 00:00:00+00:00,usdcad,1.39017,1.39128,1.38731,1.38748
2025-08-22 00:00:00+00:00,usdcad,1.382855,1.39249,1.38147,1.39019
2025-08-24 00:00:00+00:00,usdcad,1.38299,1.38338,1.38218,1.38255
2025-08-25 00:00:00+00:00,usdcad,1.38592,1.3864,1.38171,1.38302
2025-08-26 00:00:00+00:00,usdcad,1.38351,1.3868,1.38225,1.38591
2025-08-27 00:00:00+00:00,usdcad,1.37816,1.38579,1.37812,1.3835
2025-08-28 00:00:00+00:00,usdcad,1.37523,1.37882,1.37416,1.37817
2025-08-29 00:00:00+00:00,usdcad,1.37439,1.37793,1.37267,1.37522
2025-08-31 00:00:00+00:00,usdcad,1.37393,1.37444,1.37364,1.37396
2025-09-01 00:00:00+00:00,usdcad,1.37487,1.37621,1.37329,1.37394
2025-09-02 00:00:00+00:00,usdcad,1.37851,1.3815,1.37457,1.37486
2025-09-03 00:00:00+00:00,usdcad,1.37932,1.38078,1.37831,1.37852
2025-09-04 00:00:00+00:00,usdcad,1.38158,1.38456,1.37925,1.3793
2025-09-05 00:00:00+00:00,usdcad,1.38267,1.38544,1.37588,1.38155
2025-09-07 00:00:00+00:00,usdcad,1.38358,1.38446,1.38286,1.383305
2025-09-08 00:00:00+00:00,usdcad,1.37961,1.38438,1.37885,1.38359
2025-09-09 00:00:00+00:00,usdcad,1.38468,1.38601,1.37937,1.37962
2025-09-10 00:00:00+00:00,usdcad,1.38609,1.38701,1.38307,1.38469
2025-09-11 00:00:00+00:00,usdcad,1.3835,1.3892,1.38262,1.3861
2025-09-12 00:00:00+00:00,usdcad,1.384505,1.38637,1.38329,1.38352
2025-09-14 00:00:00+00:00,usdcad,1.38395,1.38461,1.38365,1.38415
2025-09-15 00:00:00+00:00,usdcad,1.37752,1.3846,1.37671,1.38394
2025-09-16 00:00:00+00:00,usdcad,1.37395,1.37784,1.37348,1.37753
2025-09-17 00:00:00+00:00,usdcad,1.37711,1.37874,1.3727,1.37394
2025-09-18 00:00:00+00:00,usdcad,1.37923,1.381,1.3766,1.3771
2025-09-19 00:00:00+00:00,usdcad,1.377885,1.38254,1.37691,1.37924
2025-09-21 00:00:00+00:00,usdcad,1.37828,1.37856,1.37788,1.378205
2025-09-22 00:00:00+00:00,usdcad,1.38258,1.3832,1.37819,1.37829
2025-09-23 00:00:00+00:00,usdcad,1.38391,1.38502,1.38118,1.38255
2025-09-24 00:00:00+00:00,usdcad,1.3897,1.3907,1.38377,1.3839
2025-09-25 00:00:00+00:00,usdcad,1.39417,1.39497,1.38855,1.38968
2025-09-26 00:00:00+00:00,usdcad,1.39433,1.39588,1.39321,1.39418
2025-09-28 00:00:00+00:00,usdcad,1.39385,1.39476,1.39359,1.3939
2025-09-29 00:00:00+00:00,usdcad,1.39178,1.39397,1.39033,1.39386
2025-09-30 00:00:00+00:00,usdcad,1.39244,1.39359,1.38965,1.39177
2025-10-01 00:00:00+00:00,usdcad,1.39407,1.39571,1.39072,1.39243
2025-10-02 00:00:00+00:00,usdcad,1.39611,1.39865,1.39326,1.39406
2025-10-03 00:00:00+00:00,usdcad,1.39498,1.39694,1.394,1.39612
2025-10-05 00:00:00+00:00,usdcad,1.3965,1.39682,1.39561,1.39584
2025-10-06 00:00:00+00:00,usdcad,1.39456,1.39679,1.39407,1.39648
2025-10-07 00:00:00+00:00,usdcad,1.39535,1.39629,1.39389,1.39454
2025-10-08 00:00:00+00:00,usdcad,1.39554,1.39711,1.39321,1.39534
2025-10-09 00:00:00+00:00,usdcad,1.40203,1.40341,1.39338,1.39553
2025-10-10 00:00:00+00:00,usdcad,1.40035,1.40342,1.39765,1.40202
2025-10-12 00:00:00+00:00,usdcad,1.39993,1.40045,1.39895,1.39967
2025-10-13 00:00:00+00:00,usdcad,1.40399,1.40404,1.39833,1.39994
2025-10-14 00:00:00+00:00,usdcad,1.40459,1.40801,1.40303,1.40401
2025-10-15 00:00:00+00:00,usdcad,1.40465,1.406,1.40268,1.4046
2025-10-16 00:00:00+00:00,usdcad,1.40464,1.4061,1.40227,1.40467
2025-10-17 00:00:00+00:00,usdcad,1.40215,1.40675,1.40082,1.40463
2025-10-19 00:00:00+00:00,usdcad,1.40164,1.40235,1.40102,1.40191
2025-10-20 00:00:00+00:00,usdcad,1.40338,1.40511,1.4006,1.40163
2025-10-21 00:00:00+00:00,usdcad,1.40203,1.4066,1.40035,1.40339
2025-10-22 00:00:00+00:00,usdcad,1.399,1.40325,1.3976,1.40205
2025-10-23 00:00:00+00:00,usdcad,1.39875,1.40049,1.39734,1.39901
2025-10-24 00:00:00+00:00,usdcad,1.39953,1.40392,1.39844,1.39874
2025-10-26 00:00:00+00:00,usdcad,1.39945,1.40125,1.39884,1.400955
2025-10-27 00:00:00+00:00,usdcad,1.39922,1.40083,1.39705,1.39944
2025-10-28 00:00:00+00:00,usdcad,1.39395,1.40056,1.39335,1.39923
2025-10-29 00:00:00+00:00,usdcad,1.39418,1.3955,1.38882,1.39396
2025-10-30 00:00:00+00:00,usdcad,1.39818,1.40139,1.39273,1.3942
2025-10-31 00:00:00+00:00,usdcad,1.401085,1.40355,1.39794,1.39817
2025-11-02 00:00:00+00:00,usdcad,1.40161,1.40189,1.40096,1.4014
2025-11-03 00:00:00+00:00,usdcad,1.4056,1.40758,1.40088,1.40162
2025-11-04 00:00:00+00:00,usdcad,1.4102,1.41079,1.40544,1.40559
2025-11-05 00:00:00+00:00,usdcad,1.41028,1.41405,1.41018,1.41021
2025-11-06 00:00:00+00:00,usdcad,1.41127,1.41401,1.40903,1.41027
2025-11-07 00:00:00+00:00,usdcad,1.404635,1.41263,1.40276,1.41124
2025-11-09 00:00:00+00:00,usdcad,1.40447,1.40496,1.40367,1.40488
2025-11-10 00:00:00+00:00,usdcad,1.40263,1.40465,1.40012,1.40448
2025-11-11 00:00:00+00:00,usdcad,1.40164,1.40413,1.40021,1.40262
2025-11-12 00:00:00+00:00,usdcad,1.40102,1.40219,1.39903,1.40165
2025-11-13 00:00:00+00:00,usdcad,1.40371,1.40381,1.39855,1.40101
2025-11-14 00:00:00+00:00,usdcad,1.40251,1.40454,1.40143,1.40372
2025-11-16 00:00:00+00:00,usdcad,1.40188,1.402785,1.401345,1.401345
2025-11-17 00:00:00+00:00,usdcad,1.40514,1.40579,1.40164,1.40185
2025-11-18 00:00:00+00:00,usdcad,1.39861,1.40624,1.39715,1.40518
2025-11-19 00:00:00+00:00,usdcad,1.40443,1.40655,1.39853,1.3986
2025-11-20 00:00:00+00:00,usdcad,1.40919,1.41073,1.40401,1.40441
2025-11-21 00:00:00+00:00,usdcad,1.410265,1.41311,1.40818,1.40922
2025-11-23 00:00:00+00:00,usdcad,1.40957,1.41009,1.40948,1.410025
2025-11-24 00:00:00+00:00,usdcad,1.41105,1.4119,1.40916,1.40959
2025-11-25 00:00:00+00:00,usdcad,1.41038,1.4125,1.40899,1.41106
2025-11-26 00:00:00+00:00,usdcad,1.40398,1.41051,1.40348,1.41036
2025-11-27 00:00:00+00:00,usdcad,1.40266,1.40501,1.40248,1.40399
2025-11-28 00:00:00+00:00,usdcad,1.39733,1.40515,1.39383,1.40267
2025-11-30 00:00:00+00:00,usdcad,1.39706,1.397915,1.39659,1.397915
2025-12-01 00:00:00+00:00,usdcad,1.40019,1.40019,1.39551,1.39704
2025-12-02 00:00:00+00:00,usdcad,1.39701,1.40147,1.39679,1.40017
2025-12-03 00:00:00+00:00,usdcad,1.39539,1.39757,1.39389,1.397
2025-12-04 00:00:00+00:00,usdcad,1.39603,1.39776,1.39255,1.3954
2025-12-05 00:00:00+00:00,usdcad,1.38183,1.39603,1.38177,1.39602
2025-12-07 00:00:00+00:00,usdcad,1.38356,1.38358,1.382425,1.38308
2025-12-08 00:00:00+00:00,usdcad,1.38492,1.38599,1.38001,1.38355
2025-12-09 00:00:00+00:00,usdcad,1.38464,1.3861,1.38237,1.3849
2025-12-10 00:00:00+00:00,usdcad,1.37901,1.3872,1.37841,1.38465
2025-12-11 00:00:00+00:00,usdcad,1.37762,1.38231,1.37569,1.379
2025-12-12 00:00:00+00:00,usdcad,1.377105,1.37948,1.37536,1.37763
2025-12-14 00:00:00+00:00,usdcad,1.37688,1.37743,1.37656,1.37695
2025-12-15 00:00:00+00:00,usdcad,1.37699,1.37886,1.37479,1.3769
2025-12-16 00:00:00+00:00,usdcad,1.37559,1.37814,1.37304,1.377
2025-12-17 00:00:00+00:00,usdcad,1.37841,1.37983,1.37558,1.37558
2025-12-18 00:00:00+00:00,usdcad,1.37779,1.37962,1.37563,1.37842
2025-12-19 00:00:00+00:00,usdcad,1.380175,1.38059,1.37552,1.37778
2025-12-21 00:00:00+00:00,usdcad,1.37919,1.38051,1.379105,1.37988
2025-12-22 00:00:00+00:00,usdcad,1.375,1.38011,1.3736,1.379195
2025-12-23 00:00:00+00:00,usdcad,1.36858,1.37499,1.36857,1.37499
2025-12-24 00:00:00+00:00,usdcad,1.36762,1.36894,1.36652,1.36857
2025-12-25 00:00:00+00:00,usdcad,1.36743,1.36758,1.36695,1.36702
2025-12-26 00:00:00+00:00,usdcad,1.36727,1.36852,1.36427,1.36742
2025-12-28 00:00:00+00:00,usdcad,1.3669,1.36766,1.36635,1.36726
2025-12-29 00:00:00+00:00,usdcad,1.36881,1.37014,1.36577,1.36689
2025-12-30 00:00:00+00:00,usdcad,1.36959,1.37085,1.36791,1.3688
2025-12-31 00:00:00+00:00,usdcad,1.372555,1.37282,1.36885,1.36957
2026-01-01 00:00:00+00:00,usdcad,1.37179,1.37225,1.37173,1.37224
2026-01-02 00:00:00+00:00,usdcad,1.373255,1.37478,1.37006,1.37178
2026-01-04 00:00:00+00:00,usdcad,1.37477,1.37479,1.37345,1.37345
2026-01-05 00:00:00+00:00,usdcad,1.37738,1.38156,1.37413,1.37475
2026-01-06 00:00:00+00:00,usdcad,1.38164,1.38173,1.37518,1.37737
2026-01-07 00:00:00+00:00,usdcad,1.38588,1.38622,1.37904,1.38163
2026-01-08 00:00:00+00:00,usdcad,1.38649,1.38885,1.38509,1.38587
2026-01-09 00:00:00+00:00,usdcad,1.39147,1.392,1.38647,1.38651
2026-01-11 00:00:00+00:00,usdcad,1.3913,1.391915,1.39109,1.391495
2026-01-12 00:00:00+00:00,usdcad,1.38769,1.39148,1.38675,1.39131
2026-01-13 00:00:00+00:00,usdcad,1.38876,1.38984,1.38553,1.38768
2026-01-14 00:00:00+00:00,usdcad,1.38873,1.38981,1.38664,1.38877
2026-01-15 00:00:00+00:00,usdcad,1.38905,1.39199,1.3885,1.38872
2026-01-16 00:00:00+00:00,usdcad,1.39157,1.39289,1.38848,1.38904
2026-01-18 00:00:00+00:00,usdcad,1.39006,1.39192,1.39002,1.391585
2026-01-19 00:00:00+00:00,usdcad,1.38748,1.39079,1.38599,1.39007
2026-01-20 00:00:00+00:00,usdcad,1.38339,1.38792,1.38146,1.38747
2026-01-21 00:00:00+00:00,usdcad,1.38441,1.38442,1.37857,1.38341
2026-01-22 00:00:00+00:00,usdcad,1.37849,1.38449,1.37819,1.3844
2026-01-23 00:00:00+00:00,usdcad,1.370275,1.37999,1.36939,1.37853
2026-01-25 00:00:00+00:00,usdcad,1.37009,1.37099,1.36891,1.369895
2026-01-26 00:00:00+00:00,usdcad,1.37147,1.37201,1.36718,1.37008
2026-01-27 00:00:00+00:00,usdcad,1.35935,1.37396,1.3559,1.37146
2026-01-28 00:00:00+00:00,usdcad,1.35383,1.36149,1.35359,1.35934
2026-01-29 00:00:00+00:00,usdcad,1.34916,1.3578,1.34818,1.35386
2026-01-30 00:00:00+00:00,usdcad,1.361925,1.36244,1.34845,1.34917
2026-02-01 00:00:00+00:00,usdcad,1.3639,1.36584,1.36113,1.36196
2026-02-02 00:00:00+00:00,usdcad,1.36735,1.37027,1.36139,1.36389
2026-02-03 00:00:00+00:00,usdcad,1.36403,1.36861,1.36326,1.36734
2026-02-04 00:00:00+00:00,usdcad,1.36713,1.36841,1.36289,1.36402
2026-02-05 00:00:00+00:00,usdcad,1.3712,1.37146,1.36526,1.36712
2026-02-06 00:00:00+00:00,usdcad,1.367365,1.37247,1.36247,1.37121
2026-02-08 00:00:00+00:00,usdcad,1.36591,1.36743,1.36565,1.3669
2026-02-09 00:00:00+00:00,usdcad,1.35614,1.36675,1.35529,1.3659
2026-02-10 00:00:00+00:00,usdcad,1.35538,1.35765,1.35234,1.35612
2026-02-11 00:00:00+00:00,usdcad,1.35763,1.3619,1.35045,1.35537
2026-02-12 00:00:00+00:00,usdcad,1.36119,1.36359,1.35557,1.35764
2026-02-13 00:00:00+00:00,usdcad,1.361825,1.36376,1.35935,1.3612
2026-02-15 00:00:00+00:00,usdcad,1.36179,1.36257,1.36113,1.36133
2026-02-16 00:00:00+00:00,usdcad,1.36367,1.36391,1.36037,1.36178
2026-02-17 00:00:00+00:00,usdcad,1.36395,1.3693,1.36324,1.36366
2026-02-18 00:00:00+00:00,usdcad,1.36973,1.37004,1.36374,1.36398
2026-02-19 00:00:00+00:00,usdcad,1.36884,1.37151,1.36681,1.36972
2026-02-20 00:00:00+00:00,usdcad,1.36816,1.37109,1.36692,1.36886
2026-02-22 00:00:00+00:00,usdcad,1.36498,1.36803,1.36489,1.3675
2026-02-23 00:00:00+00:00,usdcad,1.36947,1.37041,1.36499,1.36499
2026-02-24 00:00:00+00:00,usdcad,1.37034,1.37252,1.36919,1.36948
2026-02-25 00:00:00+00:00,usdcad,1.36763,1.37068,1.36728,1.37029
2026-02-26 00:00:00+00:00,usdcad,1.36767,1.37126,1.36594,1.36764
2026-02-27 00:00:00+00:00,usdcad,1.36424,1.3685,1.36253,1.36768
2026-03-01 00:00:00+00:00,usdcad,1.36691,1.36735,1.36392,1.36541
2026-03-02 00:00:00+00:00,usdcad,1.36727,1.37188,1.36409,1.36692
2026-03-03 00:00:00+00:00,usdcad,1.36758,1.3753,1.36534,1.36726
2026-03-04 00:00:00+00:00,usdcad,1.36442,1.37002,1.36271,1.36757
2026-03-05 00:00:00+00:00,usdcad,1.36723,1.37166,1.36153,1.36443
2026-03-06 00:00:00+00:00,usdcad,1.35633,1.36747,1.35633,1.36721
2026-03-08 00:00:00+00:00,usdcad,1.36017,1.36067,1.35561,1.360245
2026-03-09 00:00:00+00:00,usdcad,1.35875,1.36068,1.35257,1.36018
2026-03-10 00:00:00+00:00,usdcad,1.35835,1.36018,1.35422,1.3588
2026-03-11 00:00:00+00:00,usdcad,1.36032,1.36051,1.35551,1.35833
2026-03-12 00:00:00+00:00,usdcad,1.36331,1.36462,1.35769,1.36033
2026-03-13 00:00:00+00:00,usdcad,1.37226,1.37417,1.36212,1.36332
2026-03-15 00:00:00+00:00,usdcad,1.37128,1.37312,1.37094,1.37273
2026-03-16 00:00:00+00:00,usdcad,1.36872,1.37231,1.36533,1.37131
2026-03-17 00:00:00+00:00,usdcad,1.36903,1.37228,1.36802,1.36873
2026-03-18 00:00:00+00:00,usdcad,1.3731,1.37382,1.36875,1.36904
2026-03-19 00:00:00+00:00,usdcad,1.37379,1.37484,1.3705,1.37311
2026-03-20 00:00:00+00:00,usdcad,1.37243,1.3748,1.36997,1.37378
2026-03-22 00:00:00+00:00,usdcad,1.37098,1.3733,1.37052,1.372
2026-03-23 00:00:00+00:00,usdcad,1.37307,1.37552,1.36702,1.37097
2026-03-24 00:00:00+00:00,usdcad,1.37585,1.37855,1.3726,1.37306
2026-03-25 00:00:00+00:00,usdcad,1.38152,1.38199,1.37504,1.37584
2026-03-26 00:00:00+00:00,usdcad,1.38539,1.38663,1.38145,1.38151
2026-03-27 00:00:00+00:00,usdcad,1.38941,1.38957,1.38455,1.3854
2026-03-29 00:00:00+00:00,usdcad,1.39004,1.39033,1.38828,1.38828
2026-03-30 00:00:00+00:00,usdcad,1.39291,1.39453,1.38863,1.39001
2026-03-31 00:00:00+00:00,usdcad,1.39041,1.3967,1.39031,1.3929
2026-04-01 00:00:00+00:00,usdcad,1.38778,1.39122,1.38723,1.39043
2026-04-02 00:00:00+00:00,usdcad,1.39104,1.39114,1.38693,1.38779
