date,ticker,close,high,low,open
2021-04-04 21:00:00+00:00,usdjpy,110.6625,110.6775,110.6485,110.6645
2021-04-04 21:15:00+00:00,usdjpy,110.6665,110.677,110.6615,110.6615
2021-04-04 21:30:00+00:00,usdjpy,110.6775,110.6805,110.665,110.6675
2021-04-04 21:45:00+00:00,usdjpy,110.6795,110.6825,110.6715,110.673
2021-04-04 22:00:00+00:00,usdjpy,110.6395,110.6815,110.619,110.6785
2021-04-04 22:15:00+00:00,usdjpy,110.6855,110.6965,110.6365,110.6385
2021-04-04 22:30:00+00:00,usdjpy,110.6805,110.6945,110.6575,110.685
2021-04-04 22:45:00+00:00,usdjpy,110.7205,110.7205,110.6705,110.68
2021-04-04 23:00:00+00:00,usdjpy,110.7125,110.7265,110.7015,110.7195
2021-04-04 23:15:00+00:00,usdjpy,110.7225,110.7505,110.7065,110.7115
2021-04-04 23:30:00+00:00,usdjpy,110.6865,110.7225,110.6835,110.722
2021-04-04 23:45:00+00:00,usdjpy,110.6805,110.6965,110.666,110.686
2021-04-05 00:00:00+00:00,usdjpy,110.6855,110.7225,110.6725,110.6815
2021-04-05 00:15:00+00:00,usdjpy,110.6585,110.7055,110.6355,110.685
2021-04-05 00:30:00+00:00,usdjpy,110.6555,110.6935,110.6435,110.659
2021-04-05 00:45:00+00:00,usdjpy,110.623,110.673,110.588,110.656
2021-04-05 01:00:00+00:00,usdjpy,110.5865,110.632,110.5815,110.6225
2021-04-05 01:15:00+00:00,usdjpy,110.56,110.5995,110.5445,110.5875
2021-04-05 01:30:00+00:00,usdjpy,110.5755,110.5845,110.5535,110.559
2021-04-05 01:45:00+00:00,usdjpy,110.5935,110.5955,110.556,110.575
2021-04-05 02:00:00+00:00,usdjpy,110.5775,110.598,110.5755,110.5945
2021-04-05 02:15:00+00:00,usdjpy,110.583,110.5955,110.568,110.578
2021-04-05 02:30:00+00:00,usdjpy,110.5785,110.5985,110.5765,110.5825
2021-04-05 02:45:00+00:00,usdjpy,110.5695,110.5845,110.5675,110.5795
2021-04-05 03:00:00+00:00,usdjpy,110.5725,110.5885,110.5625,110.57
2021-04-05 03:15:00+00:00,usdjpy,110.5315,110.5735,110.5255,110.5735
2021-04-05 03:30:00+00:00,usdjpy,110.5445,110.5535,110.532,110.532
2021-04-05 03:45:00+00:00,usdjpy,110.5555,110.5555,110.544,110.545
2021-04-05 04:00:00+00:00,usdjpy,110.5855,110.5925,110.5545,110.5545
2021-04-05 04:15:00+00:00,usdjpy,110.6065,110.6115,110.5795,110.5865
2021-04-05 04:30:00+00:00,usdjpy,110.6135,110.6215,110.607,110.607
2021-04-05 04:45:00+00:00,usdjpy,110.6505,110.6525,110.6145,110.6145
2021-04-05 05:00:00+00:00,usdjpy,110.6455,110.661,110.6365,110.65
2021-04-05 05:15:00+00:00,usdjpy,110.6245,110.6495,110.624,110.6465
2021-04-05 05:30:00+00:00,usdjpy,110.6485,110.6495,110.6225,110.625
2021-04-05 05:45:00+00:00,usdjpy,110.6735,110.6805,110.6325,110.649
2021-04-05 06:00:00+00:00,usdjpy,110.6745,110.6865,110.6695,110.6745
2021-04-05 06:15:00+00:00,usdjpy,110.6665,110.677,110.6535,110.6755
2021-04-05 06:30:00+00:00,usdjpy,110.6455,110.6675,110.644,110.666
2021-04-05 06:45:00+00:00,usdjpy,110.6305,110.6595,110.6245,110.6465
2021-04-05 07:00:00+00:00,usdjpy,110.656,110.6585,110.6245,110.6315
2021-04-05 07:15:00+00:00,usdjpy,110.6265,110.656,110.624,110.6555
2021-04-05 07:30:00+00:00,usdjpy,110.647,110.6505,110.622,110.626
2021-04-05 07:45:00+00:00,usdjpy,110.6345,110.6635,110.6315,110.6465
2021-04-05 08:00:00+00:00,usdjpy,110.5845,110.6405,110.5575,110.6355
2021-04-05 08:15:00+00:00,usdjpy,110.5705,110.6025,110.565,110.5855
2021-04-05 08:30:00+00:00,usdjpy,110.5935,110.6105,110.567,110.57
2021-04-05 08:45:00+00:00,usdjpy,110.6045,110.6225,110.5925,110.594
2021-04-05 09:00:00+00:00,usdjpy,110.5965,110.6115,110.5915,110.605
2021-04-05 09:15:00+00:00,usdjpy,110.6215,110.6225,110.5955,110.596
2021-04-05 09:30:00+00:00,usdjpy,110.606,110.628,110.6055,110.6225
2021-04-05 09:45:00+00:00,usdjpy,110.6105,110.6185,110.5985,110.6055
2021-04-05 10:00:00+00:00,usdjpy,110.5975,110.6195,110.5925,110.61
2021-04-05 10:15:00+00:00,usdjpy,110.5775,110.601,110.568,110.5965
2021-04-05 10:30:00+00:00,usdjpy,110.5885,110.595,110.5725,110.578
2021-04-05 10:45:00+00:00,usdjpy,110.5695,110.5935,110.5675,110.588
2021-04-05 11:00:00+00:00,usdjpy,110.5165,110.57,110.5155,110.57
2021-04-05 11:15:00+00:00,usdjpy,110.531,110.541,110.5125,110.516
2021-04-05 11:30:00+00:00,usdjpy,110.4815,110.5335,110.4755,110.5315
2021-04-05 11:45:00+00:00,usdjpy,110.4955,110.5025,110.4525,110.4805
2021-04-05 12:00:00+00:00,usdjpy,110.5035,110.5265,110.4905,110.496
2021-04-05 12:15:00+00:00,usdjpy,110.4995,110.5315,110.4835,110.503
2021-04-05 12:30:00+00:00,usdjpy,110.4535,110.5085,110.4195,110.5
2021-04-05 12:45:00+00:00,usdjpy,110.4805,110.485,110.4385,110.4545
2021-04-05 13:00:00+00:00,usdjpy,110.445,110.4875,110.4365,110.481
2021-04-05 13:15:00+00:00,usdjpy,110.4375,110.458,110.4185,110.4455
2021-04-05 13:30:00+00:00,usdjpy,110.4035,110.4375,110.3865,110.4365
2021-04-05 13:45:00+00:00,usdjpy,110.2615,110.403,110.256,110.403
2021-04-05 14:00:00+00:00,usdjpy,110.0915,110.2835,110.0135,110.261
2021-04-05 14:15:00+00:00,usdjpy,110.0065,110.0955,110.0065,110.0905
2021-04-05 14:30:00+00:00,usdjpy,110.0695,110.083,109.9635,110.006
2021-04-05 14:45:00+00:00,usdjpy,110.129,110.1405,110.0375,110.069
2021-04-05 15:00:00+00:00,usdjpy,110.1595,110.1685,110.1185,110.1295
2021-04-05 15:15:00+00:00,usdjpy,110.1205,110.1645,110.0815,110.1605
2021-04-05 15:30:00+00:00,usdjpy,110.0905,110.1225,110.0585,110.1215
2021-04-05 15:45:00+00:00,usdjpy,110.0845,110.112,110.0655,110.091
2021-04-05 16:00:00+00:00,usdjpy,110.1225,110.1265,110.0825,110.085
2021-04-05 16:15:00+00:00,usdjpy,110.098,110.125,110.0975,110.123
2021-04-05 16:30:00+00:00,usdjpy,110.1045,110.113,110.0915,110.0985
2021-04-05 16:45:00+00:00,usdjpy,110.0965,110.1045,110.0825,110.1035
2021-04-05 17:00:00+00:00,usdjpy,110.1135,110.1235,110.097,110.097
2021-04-05 17:15:00+00:00,usdjpy,110.0865,110.1155,110.0855,110.114
2021-04-05 17:30:00+00:00,usdjpy,110.1175,110.1375,110.0825,110.087
2021-04-05 17:45:00+00:00,usdjpy,110.1275,110.1385,110.1175,110.118
2021-04-05 18:00:00+00:00,usdjpy,110.153,110.1555,110.1255,110.127
2021-04-05 18:15:00+00:00,usdjpy,110.1775,110.1865,110.1515,110.1525
2021-04-05 18:30:00+00:00,usdjpy,110.1745,110.1855,110.1625,110.177
2021-04-05 18:45:00+00:00,usdjpy,110.1715,110.1835,110.1555,110.174
2021-04-05 19:00:00+00:00,usdjpy,110.2325,110.2345,110.1615,110.172
2021-04-05 19:15:00+00:00,usdjpy,110.2345,110.2515,110.228,110.232
2021-04-05 19:30:00+00:00,usdjpy,110.2205,110.24,110.2125,110.234
2021-04-05 19:45:00+00:00,usdjpy,110.1835,110.2255,110.1835,110.2215
2021-04-05 20:00:00+00:00,usdjpy,110.2135,110.2175,110.1805,110.183
2021-04-05 20:15:00+00:00,usdjpy,110.2145,110.2275,110.2005,110.213
2021-04-05 20:30:00+00:00,usdjpy,110.2085,110.2225,110.2055,110.214
2021-04-05 20:45:00+00:00,usdjpy,110.173,110.21,110.1725,110.208
2021-04-05 21:00:00+00:00,usdjpy,110.175,110.2025,110.1315,110.1895
2021-04-05 21:15:00+00:00,usdjpy,110.1725,110.1765,110.1535,110.1755
2021-04-05 21:30:00+00:00,usdjpy,110.1675,110.1745,110.1645,110.1715
2021-04-05 21:45:00+00:00,usdjpy,110.1485,110.1685,110.1475,110.166
2021-04-05 22:00:00+00:00,usdjpy,110.181,110.1815,110.1475,110.148
2021-04-05 22:15:00+00:00,usdjpy,110.1855,110.1945,110.181,110.1815
2021-04-05 22:30:00+00:00,usdjpy,110.212,110.2145,110.18,110.1845
2021-04-05 22:45:00+00:00,usdjpy,110.227,110.2295,110.2085,110.2125
2021-04-05 23:00:00+00:00,usdjpy,110.207,110.2265,110.1945,110.2265
2021-04-05 23:15:00+00:00,usdjpy,110.1955,110.2075,110.1935,110.2065
2021-04-05 23:30:00+00:00,usdjpy,110.1715,110.2005,110.1605,110.195
2021-04-05 23:45:00+00:00,usdjpy,110.195,110.2065,110.1705,110.171
2021-04-06 00:00:00+00:00,usdjpy,110.163,110.2055,110.1295,110.1955
2021-04-06 00:15:00+00:00,usdjpy,110.2105,110.2275,110.1625,110.1625
2021-04-06 00:30:00+00:00,usdjpy,110.2865,110.2915,110.1985,110.211
2021-04-06 00:45:00+00:00,usdjpy,110.2645,110.2985,110.253,110.2855
2021-04-06 01:00:00+00:00,usdjpy,110.2835,110.3175,110.2475,110.264
2021-04-06 01:15:00+00:00,usdjpy,110.2465,110.294,110.2345,110.284
2021-04-06 01:30:00+00:00,usdjpy,110.2225,110.262,110.2215,110.247
2021-04-06 01:45:00+00:00,usdjpy,110.243,110.2445,110.202,110.223
2021-04-06 02:00:00+00:00,usdjpy,110.2685,110.2775,110.2425,110.2425
2021-04-06 02:15:00+00:00,usdjpy,110.3205,110.3275,110.2615,110.269
2021-04-06 02:30:00+00:00,usdjpy,110.3335,110.3375,110.3085,110.32
2021-04-06 02:45:00+00:00,usdjpy,110.347,110.3585,110.3195,110.333
2021-04-06 03:00:00+00:00,usdjpy,110.381,110.3945,110.3305,110.3465
2021-04-06 03:15:00+00:00,usdjpy,110.3975,110.407,110.3775,110.3815
2021-04-06 03:30:00+00:00,usdjpy,110.3995,110.4025,110.3805,110.397
2021-04-06 03:45:00+00:00,usdjpy,110.3585,110.4065,110.3525,110.4
2021-04-06 04:00:00+00:00,usdjpy,110.3295,110.3815,110.3255,110.3595
2021-04-06 04:15:00+00:00,usdjpy,110.2805,110.3295,110.2755,110.3285
2021-04-06 04:30:00+00:00,usdjpy,110.2565,110.2835,110.2435,110.28
2021-04-06 04:45:00+00:00,usdjpy,110.2535,110.2665,110.2335,110.257
2021-04-06 05:00:00+00:00,usdjpy,110.2025,110.256,110.1765,110.253
2021-04-06 05:15:00+00:00,usdjpy,110.2085,110.2135,110.151,110.203
2021-04-06 05:30:00+00:00,usdjpy,110.2255,110.2375,110.2005,110.209
2021-04-06 05:45:00+00:00,usdjpy,110.1685,110.2335,110.1485,110.226
2021-04-06 06:00:00+00:00,usdjpy,110.1645,110.2015,110.1515,110.168
2021-04-06 06:15:00+00:00,usdjpy,110.2295,110.2455,110.1635,110.1655
2021-04-06 06:30:00+00:00,usdjpy,110.3015,110.308,110.23,110.23
2021-04-06 06:45:00+00:00,usdjpy,110.3125,110.3345,110.29,110.302
2021-04-06 07:00:00+00:00,usdjpy,110.3565,110.3645,110.313,110.313
2021-04-06 07:15:00+00:00,usdjpy,110.3805,110.394,110.3535,110.356
2021-04-06 07:30:00+00:00,usdjpy,110.3115,110.39,110.309,110.381
2021-04-06 07:45:00+00:00,usdjpy,110.2985,110.3555,110.2975,110.3125
2021-04-06 08:00:00+00:00,usdjpy,110.3005,110.3315,110.2845,110.2995
2021-04-06 08:15:00+00:00,usdjpy,110.3565,110.362,110.2925,110.301
2021-04-06 08:30:00+00:00,usdjpy,110.4665,110.4795,110.3405,110.356
2021-04-06 08:45:00+00:00,usdjpy,110.4015,110.4745,110.3765,110.4625
2021-04-06 09:00:00+00:00,usdjpy,110.423,110.4745,110.3965,110.402
2021-04-06 09:15:00+00:00,usdjpy,110.4665,110.4665,110.416,110.4225
2021-04-06 09:30:00+00:00,usdjpy,110.4935,110.5005,110.4475,110.466
2021-04-06 09:45:00+00:00,usdjpy,110.495,110.5205,110.4575,110.4945
2021-04-06 10:00:00+00:00,usdjpy,110.5095,110.5195,110.4715,110.4955
2021-04-06 10:15:00+00:00,usdjpy,110.535,110.5365,110.5025,110.51
2021-04-06 10:30:00+00:00,usdjpy,110.527,110.5535,110.5235,110.5345
2021-04-06 10:45:00+00:00,usdjpy,110.5275,110.5325,110.5045,110.5265
2021-04-06 11:00:00+00:00,usdjpy,110.4735,110.5375,110.4675,110.5285
2021-04-06 11:15:00+00:00,usdjpy,110.4695,110.4945,110.466,110.4725
2021-04-06 11:30:00+00:00,usdjpy,110.429,110.4815,110.4285,110.47
2021-04-06 11:45:00+00:00,usdjpy,110.346,110.4335,110.3215,110.4295
2021-04-06 12:00:00+00:00,usdjpy,110.2895,110.3465,110.2605,110.3455
2021-04-06 12:15:00+00:00,usdjpy,110.1235,110.2985,110.1055,110.2885
2021-04-06 12:30:00+00:00,usdjpy,110.0325,110.1825,109.977,110.123
2021-04-06 12:45:00+00:00,usdjpy,109.904,110.0385,109.8745,110.033
2021-04-06 13:00:00+00:00,usdjpy,109.893,109.9645,109.888,109.905
2021-04-06 13:15:00+00:00,usdjpy,109.7895,109.9085,109.7615,109.8925
2021-04-06 13:30:00+00:00,usdjpy,109.7815,109.8115,109.672,109.79
2021-04-06 13:45:00+00:00,usdjpy,109.8475,109.863,109.7685,109.7795
2021-04-06 14:00:00+00:00,usdjpy,109.8425,109.8605,109.7635,109.8415
2021-04-06 14:15:00+00:00,usdjpy,109.9055,109.9075,109.8305,109.843
2021-04-06 14:30:00+00:00,usdjpy,109.85,109.9285,109.8355,109.9045
2021-04-06 14:45:00+00:00,usdjpy,109.753,109.85,109.7335,109.8495
2021-04-06 15:00:00+00:00,usdjpy,109.7745,109.8195,109.7285,109.7535
2021-04-06 15:15:00+00:00,usdjpy,109.8195,109.8285,109.77,109.774
2021-04-06 15:30:00+00:00,usdjpy,109.827,109.8325,109.8045,109.8205
2021-04-06 15:45:00+00:00,usdjpy,109.8375,109.8555,109.8215,109.8275
2021-04-06 16:00:00+00:00,usdjpy,109.8455,109.8715,109.8325,109.837
2021-04-06 16:15:00+00:00,usdjpy,109.8635,109.8675,109.8345,109.846
2021-04-06 16:30:00+00:00,usdjpy,109.8695,109.8755,109.8465,109.864
2021-04-06 16:45:00+00:00,usdjpy,109.8815,109.8865,109.8675,109.869
2021-04-06 17:00:00+00:00,usdjpy,109.881,109.9025,109.8785,109.8825
2021-04-06 17:15:00+00:00,usdjpy,109.9,109.9095,109.8645,109.8815
2021-04-06 17:30:00+00:00,usdjpy,109.9015,109.9185,109.8725,109.9005
2021-04-06 17:45:00+00:00,usdjpy,109.9035,109.9095,109.8895,109.902
2021-04-06 18:00:00+00:00,usdjpy,109.859,109.9075,109.8495,109.9025
2021-04-06 18:15:00+00:00,usdjpy,109.8385,109.8645,109.8255,109.8595
2021-04-06 18:30:00+00:00,usdjpy,109.8425,109.8815,109.8345,109.8375
2021-04-06 18:45:00+00:00,usdjpy,109.8575,109.8745,109.8385,109.843
2021-04-06 19:00:00+00:00,usdjpy,109.8445,109.858,109.8365,109.858
2021-04-06 19:15:00+00:00,usdjpy,109.8495,109.8585,109.8425,109.844
2021-04-06 19:30:00+00:00,usdjpy,109.851,109.8545,109.8435,109.85
2021-04-06 19:45:00+00:00,usdjpy,109.8065,109.8635,109.8065,109.8515
2021-04-06 20:00:00+00:00,usdjpy,109.7915,109.8195,109.782,109.806
2021-04-06 20:15:00+00:00,usdjpy,109.745,109.7955,109.745,109.7925
2021-04-06 20:30:00+00:00,usdjpy,109.7325,109.7585,109.7305,109.7455
2021-04-06 20:45:00+00:00,usdjpy,109.7525,109.756,109.7275,109.732
2021-04-06 21:00:00+00:00,usdjpy,109.7655,109.78,109.7415,109.7595
2021-04-06 21:15:00+00:00,usdjpy,109.7725,109.8245,109.753,109.762
2021-04-06 21:30:00+00:00,usdjpy,109.7715,109.7795,109.7665,109.7715
2021-04-06 21:45:00+00:00,usdjpy,109.774,109.7885,109.7685,109.7705
2021-04-06 22:00:00+00:00,usdjpy,109.7545,109.7785,109.7405,109.7745
2021-04-06 22:15:00+00:00,usdjpy,109.7565,109.7655,109.7385,109.754
2021-04-06 22:30:00+00:00,usdjpy,109.7815,109.7825,109.7365,109.756
2021-04-06 22:45:00+00:00,usdjpy,109.7795,109.7885,109.7605,109.7805
2021-04-06 23:00:00+00:00,usdjpy,109.7795,109.8035,109.7585,109.78
2021-04-06 23:15:00+00:00,usdjpy,109.7575,109.7855,109.7565,109.779
2021-04-06 23:30:00+00:00,usdjpy,109.7615,109.7725,109.7535,109.758
2021-04-06 23:45:00+00:00,usdjpy,109.7975,109.799,109.7425,109.762
2021-04-07 00:00:00+00:00,usdjpy,109.8585,109.8775,109.7775,109.7965
2021-04-07 00:15:00+00:00,usdjpy,109.8685,109.8825,109.833,109.858
2021-04-07 00:30:00+00:00,usdjpy,109.8595,109.8965,109.8565,109.868
2021-04-07 00:45:00+00:00,usdjpy,109.7765,109.8785,109.7685,109.86
2021-04-07 01:00:00+00:00,usdjpy,109.599,109.7855,109.5805,109.7755
2021-04-07 01:15:00+00:00,usdjpy,109.6435,109.6645,109.5895,109.5995
2021-04-07 01:30:00+00:00,usdjpy,109.62,109.668,109.5905,109.6445
2021-04-07 01:45:00+00:00,usdjpy,109.664,109.6695,109.6085,109.6205
2021-04-07 02:00:00+00:00,usdjpy,109.738,109.7395,109.6575,109.6635
2021-04-07 02:15:00+00:00,usdjpy,109.7875,109.7885,109.72,109.7385
2021-04-07 02:30:00+00:00,usdjpy,109.7545,109.808,109.7445,109.787
2021-04-07 02:45:00+00:00,usdjpy,109.7535,109.8015,109.7365,109.754
2021-04-07 03:00:00+00:00,usdjpy,109.8045,109.8085,109.7345,109.753
2021-04-07 03:15:00+00:00,usdjpy,109.8185,109.8325,109.7755,109.8035
2021-04-07 03:30:00+00:00,usdjpy,109.8105,109.834,109.7995,109.819
2021-04-07 03:45:00+00:00,usdjpy,109.7785,109.816,109.7685,109.811
2021-04-07 04:00:00+00:00,usdjpy,109.7445,109.787,109.7365,109.779
2021-04-07 04:15:00+00:00,usdjpy,109.7585,109.7595,109.7255,109.745
2021-04-07 04:30:00+00:00,usdjpy,109.7625,109.7675,109.7535,109.759
2021-04-07 04:45:00+00:00,usdjpy,109.7195,109.7625,109.7175,109.7615
2021-04-07 05:00:00+00:00,usdjpy,109.758,109.7815,109.7185,109.7185
2021-04-07 05:15:00+00:00,usdjpy,109.8125,109.8235,109.7425,109.7575
2021-04-07 05:30:00+00:00,usdjpy,109.8065,109.8245,109.7865,109.8135
2021-04-07 05:45:00+00:00,usdjpy,109.7685,109.8105,109.7435,109.8055
2021-04-07 06:00:00+00:00,usdjpy,109.803,109.8225,109.7215,109.7695
2021-04-07 06:15:00+00:00,usdjpy,109.7805,109.8415,109.7775,109.8035
2021-04-07 06:30:00+00:00,usdjpy,109.8055,109.8115,109.7445,109.78
2021-04-07 06:45:00+00:00,usdjpy,109.819,109.8585,109.7805,109.805
2021-04-07 07:00:00+00:00,usdjpy,109.8595,109.871,109.7705,109.8185
2021-04-07 07:15:00+00:00,usdjpy,109.8945,109.8955,109.823,109.859
2021-04-07 07:30:00+00:00,usdjpy,109.8625,109.9035,109.8465,109.8975
2021-04-07 07:45:00+00:00,usdjpy,109.7935,109.864,109.775,109.862
2021-04-07 08:00:00+00:00,usdjpy,109.9025,109.9095,109.7875,109.794
2021-04-07 08:15:00+00:00,usdjpy,109.9115,109.943,109.8975,109.902
2021-04-07 08:30:00+00:00,usdjpy,109.8845,109.9425,109.869,109.912
2021-04-07 08:45:00+00:00,usdjpy,109.8595,109.8915,109.854,109.884
2021-04-07 09:00:00+00:00,usdjpy,109.8365,109.859,109.8085,109.859
2021-04-07 09:15:00+00:00,usdjpy,109.9035,109.9045,109.837,109.837
2021-04-07 09:30:00+00:00,usdjpy,109.8445,109.9055,109.828,109.904
2021-04-07 09:45:00+00:00,usdjpy,109.8085,109.8535,109.8085,109.8455
2021-04-07 10:00:00+00:00,usdjpy,109.7545,109.8335,109.7295,109.8095
2021-04-07 10:15:00+00:00,usdjpy,109.7855,109.797,109.755,109.756
2021-04-07 10:30:00+00:00,usdjpy,109.81,109.8215,109.7585,109.785
2021-04-07 10:45:00+00:00,usdjpy,109.7485,109.8165,109.7455,109.8095
2021-04-07 11:00:00+00:00,usdjpy,109.8215,109.8275,109.7395,109.748
2021-04-07 11:15:00+00:00,usdjpy,109.818,109.855,109.7735,109.8205
2021-04-07 11:30:00+00:00,usdjpy,109.788,109.8235,109.788,109.8175
2021-04-07 11:45:00+00:00,usdjpy,109.8335,109.8535,109.7675,109.7875
2021-04-07 12:00:00+00:00,usdjpy,109.8595,109.891,109.834,109.834
2021-04-07 12:15:00+00:00,usdjpy,109.8935,109.9375,109.8585,109.859
2021-04-07 12:30:00+00:00,usdjpy,109.8795,109.9255,109.8715,109.893
2021-04-07 12:45:00+00:00,usdjpy,109.8785,109.9005,109.8445,109.88
2021-04-07 13:00:00+00:00,usdjpy,109.8595,109.8955,109.843,109.878
2021-04-07 13:15:00+00:00,usdjpy,109.7855,109.8725,109.7735,109.8605
2021-04-07 13:30:00+00:00,usdjpy,109.8755,109.9395,109.7825,109.791
2021-04-07 13:45:00+00:00,usdjpy,109.8385,109.8775,109.8155,109.875
2021-04-07 14:00:00+00:00,usdjpy,109.734,109.8385,109.6765,109.838
2021-04-07 14:15:00+00:00,usdjpy,109.7205,109.7685,109.6985,109.733
2021-04-07 14:30:00+00:00,usdjpy,109.6495,109.7585,109.6395,109.721
2021-04-07 14:45:00+00:00,usdjpy,109.6225,109.6915,109.6105,109.646
2021-04-07 15:00:00+00:00,usdjpy,109.6515,109.6875,109.6005,109.623
2021-04-07 15:15:00+00:00,usdjpy,109.6955,109.704,109.611,109.651
2021-04-07 15:30:00+00:00,usdjpy,109.6995,109.7285,109.6805,109.6925
2021-04-07 15:45:00+00:00,usdjpy,109.6745,109.7285,109.6695,109.7
2021-04-07 16:00:00+00:00,usdjpy,109.6735,109.6915,109.6595,109.675
2021-04-07 16:15:00+00:00,usdjpy,109.6755,109.6915,109.6735,109.674
2021-04-07 16:30:00+00:00,usdjpy,109.6795,109.6995,109.6745,109.6745
2021-04-07 16:45:00+00:00,usdjpy,109.7145,109.7235,109.6735,109.68
2021-04-07 17:00:00+00:00,usdjpy,109.721,109.7325,109.7135,109.715
2021-04-07 17:15:00+00:00,usdjpy,109.7215,109.7215,109.7005,109.7205
2021-04-07 17:30:00+00:00,usdjpy,109.7385,109.739,109.7205,109.7205
2021-04-07 17:45:00+00:00,usdjpy,109.7585,109.7795,109.7345,109.739
2021-04-07 18:00:00+00:00,usdjpy,109.7865,109.807,109.7505,109.7595
2021-04-07 18:15:00+00:00,usdjpy,109.8125,109.8205,109.7515,109.786
2021-04-07 18:30:00+00:00,usdjpy,109.7885,109.8265,109.7795,109.813
2021-04-07 18:45:00+00:00,usdjpy,109.8055,109.8105,109.768,109.7895
2021-04-07 19:00:00+00:00,usdjpy,109.8405,109.8705,109.7965,109.805
2021-04-07 19:15:00+00:00,usdjpy,109.8705,109.877,109.841,109.841
2021-04-07 19:30:00+00:00,usdjpy,109.8535,109.87,109.8405,109.87
2021-04-07 19:45:00+00:00,usdjpy,109.7845,109.8535,109.7845,109.8525
2021-04-07 20:00:00+00:00,usdjpy,109.8085,109.8145,109.7835,109.785
2021-04-07 20:15:00+00:00,usdjpy,109.8235,109.8285,109.806,109.8095
2021-04-07 20:30:00+00:00,usdjpy,109.8405,109.8505,109.8185,109.823
2021-04-07 20:45:00+00:00,usdjpy,109.8555,109.8555,109.8285,109.8395
2021-04-07 21:00:00+00:00,usdjpy,109.846,109.8575,109.8285,109.8555
2021-04-07 21:15:00+00:00,usdjpy,109.8415,109.855,109.7955,109.8405
2021-04-07 21:30:00+00:00,usdjpy,109.8295,109.8505,109.8295,109.843
2021-04-07 21:45:00+00:00,usdjpy,109.8375,109.8495,109.8285,109.829
2021-04-07 22:00:00+00:00,usdjpy,109.8505,109.8515,109.8295,109.8385
2021-04-07 22:15:00+00:00,usdjpy,109.8665,109.8665,109.847,109.8505
2021-04-07 22:30:00+00:00,usdjpy,109.8625,109.8755,109.8595,109.866
2021-04-07 22:45:00+00:00,usdjpy,109.8495,109.8625,109.8475,109.8615
2021-04-07 23:00:00+00:00,usdjpy,109.8535,109.867,109.8255,109.85
2021-04-07 23:15:00+00:00,usdjpy,109.8615,109.8695,109.8445,109.8525
2021-04-07 23:30:00+00:00,usdjpy,109.8445,109.862,109.8435,109.861
2021-04-07 23:45:00+00:00,usdjpy,109.857,109.8585,109.8265,109.8435
2021-04-08 00:00:00+00:00,usdjpy,109.8335,109.9055,109.8245,109.8575
2021-04-08 00:15:00+00:00,usdjpy,109.8375,109.8665,109.8135,109.8345
2021-04-08 00:30:00+00:00,usdjpy,109.8285,109.841,109.7995,109.8365
2021-04-08 00:45:00+00:00,usdjpy,109.7775,109.838,109.7685,109.828
2021-04-08 01:00:00+00:00,usdjpy,109.7505,109.7845,109.7145,109.7785
2021-04-08 01:15:00+00:00,usdjpy,109.7795,109.7905,109.7355,109.751
2021-04-08 01:30:00+00:00,usdjpy,109.7645,109.7975,109.749,109.7785
2021-04-08 01:45:00+00:00,usdjpy,109.7655,109.7695,109.7335,109.764
2021-04-08 02:00:00+00:00,usdjpy,109.7295,109.7655,109.7235,109.765
2021-04-08 02:15:00+00:00,usdjpy,109.7435,109.7535,109.729,109.73
2021-04-08 02:30:00+00:00,usdjpy,109.7375,109.7485,109.7275,109.7425
2021-04-08 02:45:00+00:00,usdjpy,109.7435,109.7545,109.7355,109.738
2021-04-08 03:00:00+00:00,usdjpy,109.7145,109.745,109.6975,109.7445
2021-04-08 03:15:00+00:00,usdjpy,109.7195,109.7235,109.7085,109.714
2021-04-08 03:30:00+00:00,usdjpy,109.7425,109.7425,109.7135,109.7185
2021-04-08 03:45:00+00:00,usdjpy,109.741,109.7535,109.7395,109.7435
2021-04-08 04:00:00+00:00,usdjpy,109.741,109.753,109.7325,109.7415
2021-04-08 04:15:00+00:00,usdjpy,109.7325,109.7425,109.7235,109.7415
2021-04-08 04:30:00+00:00,usdjpy,109.6805,109.732,109.6535,109.732
2021-04-08 04:45:00+00:00,usdjpy,109.6715,109.6885,109.6595,109.68
2021-04-08 05:00:00+00:00,usdjpy,109.6785,109.6955,109.6485,109.6705
2021-04-08 05:15:00+00:00,usdjpy,109.6825,109.6885,109.6745,109.678
2021-04-08 05:30:00+00:00,usdjpy,109.6565,109.6865,109.6405,109.682
2021-04-08 05:45:00+00:00,usdjpy,109.6835,109.6965,109.6525,109.656
2021-04-08 06:00:00+00:00,usdjpy,109.6495,109.6855,109.64,109.683
2021-04-08 06:15:00+00:00,usdjpy,109.6555,109.6745,109.6295,109.65
2021-04-08 06:30:00+00:00,usdjpy,109.7185,109.7385,109.6555,109.6565
2021-04-08 06:45:00+00:00,usdjpy,109.6925,109.751,109.6885,109.718
2021-04-08 07:00:00+00:00,usdjpy,109.5385,109.7135,109.5085,109.6935
2021-04-08 07:15:00+00:00,usdjpy,109.5655,109.5675,109.4875,109.538
2021-04-08 07:30:00+00:00,usdjpy,109.5705,109.5795,109.5445,109.566
2021-04-08 07:45:00+00:00,usdjpy,109.5185,109.5965,109.4995,109.57
2021-04-08 08:00:00+00:00,usdjpy,109.4605,109.5255,109.452,109.519
2021-04-08 08:15:00+00:00,usdjpy,109.4555,109.4625,109.4485,109.46
2021-04-08 09:30:00+00:00,usdjpy,109.5545,109.5565,109.5545,109.556
2021-04-08 09:45:00+00:00,usdjpy,109.574,109.574,109.574,109.574
2021-04-08 10:00:00+00:00,usdjpy,109.5275,109.5775,109.5245,109.5725
2021-04-08 10:15:00+00:00,usdjpy,109.52,109.5395,109.5185,109.5265
2021-04-08 10:30:00+00:00,usdjpy,109.5305,109.5345,109.5165,109.5205
2021-04-08 10:45:00+00:00,usdjpy,109.5475,109.5475,109.5185,109.531
2021-04-08 11:00:00+00:00,usdjpy,109.472,109.5555,109.4545,109.547
2021-04-08 11:15:00+00:00,usdjpy,109.3295,109.4725,109.306,109.4725
2021-04-08 11:30:00+00:00,usdjpy,109.286,109.329,109.2325,109.329
2021-04-08 11:45:00+00:00,usdjpy,109.217,109.2865,109.1825,109.2855
2021-04-08 12:00:00+00:00,usdjpy,109.246,109.2645,109.1505,109.2165
2021-04-08 12:15:00+00:00,usdjpy,109.1915,109.2485,109.1495,109.2455
2021-04-08 12:30:00+00:00,usdjpy,109.032,109.196,109.001,109.191
2021-04-08 12:45:00+00:00,usdjpy,109.0795,109.0925,109.0245,109.0315
2021-04-08 13:00:00+00:00,usdjpy,109.1485,109.1505,109.0445,109.0785
2021-04-08 13:15:00+00:00,usdjpy,109.1185,109.1495,109.0895,109.149
2021-04-08 13:30:00+00:00,usdjpy,109.0635,109.1585,109.0545,109.1195
2021-04-08 13:45:00+00:00,usdjpy,109.1035,109.1185,109.0245,109.0645
2021-04-08 14:00:00+00:00,usdjpy,109.1175,109.1315,109.0635,109.1115
2021-04-08 14:15:00+00:00,usdjpy,109.1805,109.1955,109.0995,109.1165
2021-04-08 14:30:00+00:00,usdjpy,109.1615,109.2165,109.1415,109.1815
2021-04-08 14:45:00+00:00,usdjpy,109.2475,109.2895,109.1565,109.1605
2021-04-08 15:00:00+00:00,usdjpy,109.2445,109.3,109.2265,109.2335
2021-04-08 15:15:00+00:00,usdjpy,109.2715,109.2885,109.245,109.245
2021-04-08 15:30:00+00:00,usdjpy,109.2555,109.2815,109.2445,109.2705
2021-04-08 15:45:00+00:00,usdjpy,109.2625,109.2875,109.2545,109.256
2021-04-08 16:00:00+00:00,usdjpy,109.1985,109.265,109.1975,109.263
2021-04-08 16:15:00+00:00,usdjpy,109.2065,109.2215,109.1925,109.1995
2021-04-08 16:30:00+00:00,usdjpy,109.2215,109.2265,109.198,109.207
2021-04-08 16:45:00+00:00,usdjpy,109.248,109.248,109.2085,109.2225
2021-04-08 17:00:00+00:00,usdjpy,109.2425,109.258,109.2205,109.2475
2021-04-08 17:15:00+00:00,usdjpy,109.2385,109.2545,109.224,109.243
2021-04-08 17:30:00+00:00,usdjpy,109.2215,109.238,109.2105,109.238
2021-04-08 17:45:00+00:00,usdjpy,109.2445,109.2485,109.2205,109.2225
2021-04-08 18:00:00+00:00,usdjpy,109.2495,109.2625,109.2345,109.244
2021-04-08 18:15:00+00:00,usdjpy,109.2485,109.273,109.2475,109.25
2021-04-08 18:30:00+00:00,usdjpy,109.25,109.2535,109.2275,109.248
2021-04-08 18:45:00+00:00,usdjpy,109.2545,109.281,109.2375,109.2495
2021-04-08 19:00:00+00:00,usdjpy,109.2895,109.3035,109.2555,109.2555
2021-04-08 19:15:00+00:00,usdjpy,109.3015,109.3045,109.2825,109.2885
2021-04-08 19:30:00+00:00,usdjpy,109.3075,109.3185,109.2985,109.302
2021-04-08 19:45:00+00:00,usdjpy,109.3005,109.3185,109.2885,109.307
2021-04-08 20:00:00+00:00,usdjpy,109.2755,109.3175,109.2755,109.301
2021-04-08 20:15:00+00:00,usdjpy,109.2765,109.283,109.2585,109.276
2021-04-08 20:30:00+00:00,usdjpy,109.2815,109.2865,109.273,109.277
2021-04-08 20:45:00+00:00,usdjpy,109.2685,109.284,109.2595,109.282
2021-04-08 21:00:00+00:00,usdjpy,109.2325,109.2575,109.2325,109.246
2021-04-08 21:15:00+00:00,usdjpy,109.2595,109.261,109.2165,109.2165
2021-04-08 21:30:00+00:00,usdjpy,109.2725,109.2735,109.2305,109.26
2021-04-08 21:45:00+00:00,usdjpy,109.2695,109.284,109.2605,109.273
2021-04-08 22:00:00+00:00,usdjpy,109.3075,109.3105,109.2615,109.269
2021-04-08 22:15:00+00:00,usdjpy,109.3795,109.3975,109.2935,109.3065
2021-04-08 22:30:00+00:00,usdjpy,109.3355,109.3865,109.324,109.3805
2021-04-08 22:45:00+00:00,usdjpy,109.33,109.3565,109.3265,109.335
2021-04-08 23:00:00+00:00,usdjpy,109.3175,109.3435,109.3105,109.3295
2021-04-08 23:15:00+00:00,usdjpy,109.3135,109.3185,109.2835,109.318
2021-04-08 23:30:00+00:00,usdjpy,109.3275,109.3535,109.298,109.314
2021-04-08 23:45:00+00:00,usdjpy,109.331,109.3345,109.3045,109.3285
2021-04-09 00:00:00+00:00,usdjpy,109.2815,109.3475,109.2425,109.3315
2021-04-09 00:15:00+00:00,usdjpy,109.3635,109.3785,109.2815,109.2825
2021-04-09 00:30:00+00:00,usdjpy,109.3095,109.377,109.3055,109.363
2021-04-09 00:45:00+00:00,usdjpy,109.2615,109.3265,109.217,109.309
2021-04-09 01:00:00+00:00,usdjpy,109.25,109.2715,109.2155,109.261
2021-04-09 01:15:00+00:00,usdjpy,109.261,109.2695,109.2235,109.2495
2021-04-09 01:30:00+00:00,usdjpy,109.2885,109.313,109.2505,109.2605
2021-04-09 01:45:00+00:00,usdjpy,109.2435,109.2895,109.2225,109.289
2021-04-09 02:00:00+00:00,usdjpy,109.2985,109.3065,109.2365,109.244
2021-04-09 02:15:00+00:00,usdjpy,109.314,109.3205,109.2805,109.299
2021-04-09 02:30:00+00:00,usdjpy,109.267,109.3215,109.2665,109.3145
2021-04-09 02:45:00+00:00,usdjpy,109.2775,109.2845,109.2525,109.2665
2021-04-09 03:00:00+00:00,usdjpy,109.2695,109.2845,109.2585,109.277
2021-04-09 03:15:00+00:00,usdjpy,109.2855,109.2965,109.2685,109.269
2021-04-09 03:30:00+00:00,usdjpy,109.2725,109.299,109.2585,109.2865
2021-04-09 03:45:00+00:00,usdjpy,109.2905,109.2935,109.2685,109.272
2021-04-09 04:00:00+00:00,usdjpy,109.2905,109.3005,109.2875,109.29
2021-04-09 04:15:00+00:00,usdjpy,109.3115,109.3155,109.2885,109.29
2021-04-09 04:30:00+00:00,usdjpy,109.3345,109.3485,109.3125,109.3125
2021-04-09 04:45:00+00:00,usdjpy,109.37,109.375,109.335,109.335
2021-04-09 05:00:00+00:00,usdjpy,109.3675,109.3715,109.3265,109.3695
2021-04-09 05:15:00+00:00,usdjpy,109.3405,109.3675,109.3365,109.367
2021-04-09 05:30:00+00:00,usdjpy,109.3515,109.3645,109.3115,109.3415
2021-04-09 05:45:00+00:00,usdjpy,109.3875,109.4335,109.3475,109.352
2021-04-09 06:00:00+00:00,usdjpy,109.4345,109.445,109.3825,109.387
2021-04-09 06:15:00+00:00,usdjpy,109.4675,109.4735,109.4175,109.434
2021-04-09 06:30:00+00:00,usdjpy,109.4185,109.4805,109.4145,109.467
2021-04-09 06:45:00+00:00,usdjpy,109.4425,109.4695,109.402,109.418
2021-04-09 07:00:00+00:00,usdjpy,109.496,109.5015,109.4115,109.442
2021-04-09 07:15:00+00:00,usdjpy,109.4815,109.5015,109.4555,109.4955
2021-04-09 07:30:00+00:00,usdjpy,109.534,109.5605,109.4795,109.4825
2021-04-09 07:45:00+00:00,usdjpy,109.5005,109.5365,109.497,109.534
2021-04-09 08:00:00+00:00,usdjpy,109.5335,109.5535,109.492,109.501
2021-04-09 08:15:00+00:00,usdjpy,109.563,109.5815,109.5005,109.5325
2021-04-09 08:30:00+00:00,usdjpy,109.6295,109.644,109.5325,109.5625
2021-04-09 08:45:00+00:00,usdjpy,109.6615,109.682,109.6065,109.629
2021-04-09 09:00:00+00:00,usdjpy,109.6125,109.6885,109.6105,109.6605
2021-04-09 09:15:00+00:00,usdjpy,109.6415,109.6785,109.6035,109.612
2021-04-09 09:30:00+00:00,usdjpy,109.664,109.6805,109.6365,109.641
2021-04-09 09:45:00+00:00,usdjpy,109.6505,109.669,109.6415,109.6635
2021-04-09 10:00:00+00:00,usdjpy,109.7165,109.7165,109.651,109.651
2021-04-09 10:15:00+00:00,usdjpy,109.7355,109.7515,109.7115,109.717
2021-04-09 10:30:00+00:00,usdjpy,109.694,109.735,109.6785,109.735
2021-04-09 10:45:00+00:00,usdjpy,109.7045,109.7085,109.6615,109.6945
2021-04-09 11:00:00+00:00,usdjpy,109.6045,109.7175,109.6025,109.704
2021-04-09 11:15:00+00:00,usdjpy,109.6235,109.6415,109.5835,109.604
2021-04-09 11:30:00+00:00,usdjpy,109.6855,109.6925,109.621,109.6245
2021-04-09 11:45:00+00:00,usdjpy,109.7165,109.7375,109.6805,109.6835
2021-04-09 12:00:00+00:00,usdjpy,109.6965,109.7405,109.6865,109.716
2021-04-09 12:15:00+00:00,usdjpy,109.8065,109.8395,109.6845,109.696
2021-04-09 12:30:00+00:00,usdjpy,109.8865,109.887,109.7985,109.806
2021-04-09 12:45:00+00:00,usdjpy,109.8705,109.9605,109.8525,109.886
2021-04-09 13:00:00+00:00,usdjpy,109.9255,109.9555,109.8645,109.87
2021-04-09 13:15:00+00:00,usdjpy,109.819,109.9505,109.8105,109.925
2021-04-09 13:30:00+00:00,usdjpy,109.7955,109.8605,109.7755,109.818
2021-04-09 13:45:00+00:00,usdjpy,109.7615,109.828,109.7455,109.795
2021-04-09 14:00:00+00:00,usdjpy,109.7095,109.78,109.7015,109.761
2021-04-09 14:15:00+00:00,usdjpy,109.5925,109.7215,109.5865,109.71
2021-04-09 14:30:00+00:00,usdjpy,109.6115,109.6345,109.5605,109.5935
2021-04-09 14:45:00+00:00,usdjpy,109.5975,109.6255,109.5565,109.612
2021-04-09 15:00:00+00:00,usdjpy,109.6335,109.6405,109.5845,109.5985
2021-04-09 15:15:00+00:00,usdjpy,109.7105,109.7115,109.6285,109.6325
2021-04-09 15:30:00+00:00,usdjpy,109.632,109.714,109.6185,109.7115
2021-04-09 15:45:00+00:00,usdjpy,109.6465,109.6465,109.6085,109.6325
2021-04-09 16:00:00+00:00,usdjpy,109.6435,109.664,109.6275,109.6475
2021-04-09 16:15:00+00:00,usdjpy,109.6225,109.649,109.6225,109.6425
2021-04-09 16:30:00+00:00,usdjpy,109.6275,109.6455,109.617,109.6215
2021-04-09 16:45:00+00:00,usdjpy,109.638,109.6415,109.6215,109.6265
2021-04-09 17:00:00+00:00,usdjpy,109.6315,109.6465,109.6285,109.6385
2021-04-09 17:15:00+00:00,usdjpy,109.601,109.631,109.5845,109.631
2021-04-09 17:30:00+00:00,usdjpy,109.5995,109.6045,109.5815,109.6005
2021-04-09 17:45:00+00:00,usdjpy,109.6225,109.6295,109.5915,109.6005
2021-04-09 18:00:00+00:00,usdjpy,109.6465,109.647,109.6195,109.622
2021-04-09 18:15:00+00:00,usdjpy,109.6565,109.6565,109.6435,109.6445
2021-04-09 18:30:00+00:00,usdjpy,109.667,109.6785,109.6505,109.6555
2021-04-09 18:45:00+00:00,usdjpy,109.656,109.6755,109.6425,109.6665
2021-04-09 19:00:00+00:00,usdjpy,109.6385,109.6625,109.6075,109.6555
2021-04-09 19:15:00+00:00,usdjpy,109.6505,109.652,109.6255,109.6395
2021-04-09 19:30:00+00:00,usdjpy,109.6575,109.662,109.642,109.6515
2021-04-09 19:45:00+00:00,usdjpy,109.651,109.662,109.6455,109.658
2021-04-09 20:00:00+00:00,usdjpy,109.6475,109.6635,109.6435,109.6505
2021-04-09 20:15:00+00:00,usdjpy,109.6575,109.6625,109.6405,109.647
2021-04-09 20:30:00+00:00,usdjpy,109.6565,109.6615,109.6535,109.657
2021-04-09 20:45:00+00:00,usdjpy,109.662,109.6725,109.6425,109.657
2021-04-11 21:00:00+00:00,usdjpy,109.696,109.7085,109.696,109.7085
2021-04-11 21:15:00+00:00,usdjpy,109.6515,109.6965,109.6475,109.6715
2021-04-11 21:30:00+00:00,usdjpy,109.6565,109.6655,109.64,109.652
2021-04-11 21:45:00+00:00,usdjpy,109.6985,109.7555,109.657,109.657
2021-04-11 22:00:00+00:00,usdjpy,109.703,109.7065,109.6635,109.7005
2021-04-11 22:15:00+00:00,usdjpy,109.7095,109.7095,109.695,109.7035
2021-04-11 22:30:00+00:00,usdjpy,109.74,109.7425,109.6965,109.7085
2021-04-11 22:45:00+00:00,usdjpy,109.753,109.7555,109.7345,109.7395
2021-04-11 23:00:00+00:00,usdjpy,109.7415,109.7565,109.7335,109.7525
2021-04-11 23:15:00+00:00,usdjpy,109.736,109.7545,109.7285,109.741
2021-04-11 23:30:00+00:00,usdjpy,109.7105,109.7355,109.7105,109.7355
2021-04-11 23:45:00+00:00,usdjpy,109.7225,109.7245,109.6905,109.711
2021-04-12 00:00:00+00:00,usdjpy,109.6915,109.7405,109.6915,109.722
2021-04-12 00:15:00+00:00,usdjpy,109.6555,109.6925,109.6525,109.6905
2021-04-12 00:30:00+00:00,usdjpy,109.6995,109.718,109.6535,109.6565
2021-04-12 00:45:00+00:00,usdjpy,109.7635,109.7685,109.687,109.7
2021-04-12 01:00:00+00:00,usdjpy,109.724,109.7715,109.711,109.763
2021-04-12 01:15:00+00:00,usdjpy,109.7265,109.7685,109.718,109.7235
2021-04-12 01:30:00+00:00,usdjpy,109.5985,109.7385,109.5895,109.727
2021-04-12 01:45:00+00:00,usdjpy,109.5855,109.613,109.555,109.599
2021-04-12 02:00:00+00:00,usdjpy,109.4815,109.5885,109.481,109.586
2021-04-12 02:15:00+00:00,usdjpy,109.5435,109.554,109.4805,109.481
2021-04-12 02:30:00+00:00,usdjpy,109.536,109.5435,109.5115,109.543
2021-04-12 02:45:00+00:00,usdjpy,109.5285,109.5535,109.5235,109.5355
2021-04-12 03:00:00+00:00,usdjpy,109.4835,109.5395,109.4725,109.528
2021-04-12 03:15:00+00:00,usdjpy,109.5045,109.5155,109.4825,109.4825
2021-04-12 03:30:00+00:00,usdjpy,109.5075,109.525,109.4875,109.504
2021-04-12 03:45:00+00:00,usdjpy,109.5415,109.5455,109.5035,109.507
2021-04-12 04:00:00+00:00,usdjpy,109.5525,109.5615,109.5345,109.541
2021-04-12 04:15:00+00:00,usdjpy,109.5805,109.5895,109.5425,109.552
2021-04-12 04:30:00+00:00,usdjpy,109.5495,109.581,109.543,109.58
2021-04-12 04:45:00+00:00,usdjpy,109.5335,109.549,109.5265,109.5485
2021-04-12 05:00:00+00:00,usdjpy,109.5785,109.5815,109.5345,109.5345
2021-04-12 05:15:00+00:00,usdjpy,109.5445,109.5825,109.5315,109.578
2021-04-12 05:30:00+00:00,usdjpy,109.5675,109.5735,109.5435,109.545
2021-04-12 05:45:00+00:00,usdjpy,109.5405,109.5665,109.5395,109.5665
2021-04-12 06:00:00+00:00,usdjpy,109.54,109.5695,109.5025,109.54
2021-04-12 06:15:00+00:00,usdjpy,109.6085,109.612,109.5335,109.5395
2021-04-12 06:30:00+00:00,usdjpy,109.5445,109.6105,109.5105,109.608
2021-04-12 06:45:00+00:00,usdjpy,109.5785,109.5795,109.4845,109.5455
2021-04-12 07:00:00+00:00,usdjpy,109.5705,109.5805,109.5305,109.5795
2021-04-12 07:15:00+00:00,usdjpy,109.5445,109.5725,109.5015,109.5695
2021-04-12 07:30:00+00:00,usdjpy,109.4935,109.544,109.422,109.544
2021-04-12 07:45:00+00:00,usdjpy,109.4535,109.5055,109.4235,109.494
2021-04-12 08:00:00+00:00,usdjpy,109.4295,109.4595,109.3945,109.454
2021-04-12 08:15:00+00:00,usdjpy,109.4205,109.4395,109.379,109.4285
2021-04-12 08:30:00+00:00,usdjpy,109.4385,109.4605,109.4115,109.4215
2021-04-12 08:45:00+00:00,usdjpy,109.4705,109.4775,109.4365,109.438
2021-04-12 09:00:00+00:00,usdjpy,109.4175,109.4765,109.4175,109.4715
2021-04-12 09:15:00+00:00,usdjpy,109.3525,109.4185,109.3515,109.4165
2021-04-12 09:30:00+00:00,usdjpy,109.3295,109.3595,109.3165,109.352
2021-04-12 09:45:00+00:00,usdjpy,109.3155,109.3615,109.3115,109.33
2021-04-12 10:00:00+00:00,usdjpy,109.3365,109.341,109.3135,109.315
2021-04-12 10:15:00+00:00,usdjpy,109.3275,109.3515,109.3165,109.3355
2021-04-12 10:30:00+00:00,usdjpy,109.3255,109.3375,109.2885,109.328
2021-04-12 10:45:00+00:00,usdjpy,109.3755,109.379,109.313,109.3245
2021-04-12 11:00:00+00:00,usdjpy,109.3105,109.3935,109.3085,109.375
2021-04-12 11:15:00+00:00,usdjpy,109.2555,109.3255,109.2465,109.311
2021-04-12 11:30:00+00:00,usdjpy,109.3425,109.3455,109.2495,109.2565
2021-04-12 11:45:00+00:00,usdjpy,109.3465,109.364,109.3215,109.342
2021-04-12 12:00:00+00:00,usdjpy,109.373,109.3885,109.3415,109.346
2021-04-12 12:15:00+00:00,usdjpy,109.321,109.3795,109.3165,109.3725
2021-04-12 12:30:00+00:00,usdjpy,109.2835,109.3455,109.2795,109.3215
2021-04-12 12:45:00+00:00,usdjpy,109.3315,109.3315,109.2635,109.2845
2021-04-12 13:00:00+00:00,usdjpy,109.3325,109.3505,109.2985,109.331
2021-04-12 13:15:00+00:00,usdjpy,109.3695,109.3805,109.3285,109.332
2021-04-12 13:30:00+00:00,usdjpy,109.3565,109.404,109.346,109.3685
2021-04-12 13:45:00+00:00,usdjpy,109.4345,109.4495,109.356,109.356
2021-04-12 14:00:00+00:00,usdjpy,109.4105,109.439,109.4005,109.436
2021-04-12 14:15:00+00:00,usdjpy,109.3915,109.4125,109.3705,109.411
2021-04-12 14:30:00+00:00,usdjpy,109.4435,109.4445,109.3645,109.3925
2021-04-12 14:45:00+00:00,usdjpy,109.3965,109.4495,109.3795,109.4445
2021-04-12 15:00:00+00:00,usdjpy,109.402,109.4115,109.3635,109.401
2021-04-12 15:15:00+00:00,usdjpy,109.4125,109.4205,109.3725,109.4015
2021-04-12 15:30:00+00:00,usdjpy,109.4035,109.4145,109.3675,109.412
2021-04-12 15:45:00+00:00,usdjpy,109.4395,109.4435,109.3985,109.404
2021-04-12 16:00:00+00:00,usdjpy,109.418,109.4395,109.4125,109.439
2021-04-12 16:15:00+00:00,usdjpy,109.4145,109.4405,109.4115,109.4175
2021-04-12 16:30:00+00:00,usdjpy,109.4025,109.4185,109.3855,109.4155
2021-04-12 16:45:00+00:00,usdjpy,109.4065,109.4145,109.3975,109.4015
2021-04-12 17:00:00+00:00,usdjpy,109.3805,109.4215,109.3765,109.4075
2021-04-12 17:15:00+00:00,usdjpy,109.375,109.3985,109.3725,109.381
2021-04-12 17:30:00+00:00,usdjpy,109.388,109.3945,109.3675,109.3755
2021-04-12 17:45:00+00:00,usdjpy,109.3955,109.404,109.3805,109.3885
2021-04-12 18:00:00+00:00,usdjpy,109.4125,109.4185,109.3945,109.396
2021-04-12 18:15:00+00:00,usdjpy,109.4495,109.4585,109.4105,109.4135
2021-04-12 18:30:00+00:00,usdjpy,109.435,109.4495,109.4195,109.449
2021-04-12 18:45:00+00:00,usdjpy,109.4265,109.4435,109.4185,109.4355
2021-04-12 19:00:00+00:00,usdjpy,109.4325,109.4335,109.4125,109.426
2021-04-12 19:15:00+00:00,usdjpy,109.4315,109.4495,109.4255,109.4315
2021-04-12 19:30:00+00:00,usdjpy,109.4255,109.4345,109.4185,109.431
2021-04-12 19:45:00+00:00,usdjpy,109.4135,109.4335,109.411,109.4245
2021-04-12 20:00:00+00:00,usdjpy,109.4015,109.417,109.3985,109.414
2021-04-12 20:15:00+00:00,usdjpy,109.4045,109.4115,109.401,109.402
2021-04-12 20:30:00+00:00,usdjpy,109.4005,109.4055,109.3995,109.4045
2021-04-12 20:45:00+00:00,usdjpy,109.3845,109.4025,109.3765,109.4015
2021-04-12 21:00:00+00:00,usdjpy,109.39,109.4145,109.387,109.4075
2021-04-12 21:15:00+00:00,usdjpy,109.3985,109.4035,109.3765,109.388
2021-04-12 21:30:00+00:00,usdjpy,109.3905,109.398,109.384,109.398
2021-04-12 21:45:00+00:00,usdjpy,109.3875,109.3975,109.3865,109.389
2021-04-12 22:00:00+00:00,usdjpy,109.382,109.3935,109.3745,109.3885
2021-04-12 22:15:00+00:00,usdjpy,109.3905,109.391,109.3805,109.3825
2021-04-12 22:30:00+00:00,usdjpy,109.3895,109.391,109.3745,109.391
2021-04-12 22:45:00+00:00,usdjpy,109.3895,109.3995,109.3825,109.39
2021-04-12 23:00:00+00:00,usdjpy,109.4125,109.413,109.3875,109.39
2021-04-12 23:15:00+00:00,usdjpy,109.3955,109.4135,109.3945,109.413
2021-04-12 23:30:00+00:00,usdjpy,109.3705,109.4015,109.3585,109.395
2021-04-12 23:45:00+00:00,usdjpy,109.3835,109.3835,109.3575,109.37
2021-04-13 00:00:00+00:00,usdjpy,109.4795,109.5135,109.374,109.383
2021-04-13 00:15:00+00:00,usdjpy,109.4905,109.524,109.48,109.48
2021-04-13 00:30:00+00:00,usdjpy,109.515,109.5355,109.4895,109.49
2021-04-13 00:45:00+00:00,usdjpy,109.5505,109.5695,109.5075,109.5145
2021-04-13 01:00:00+00:00,usdjpy,109.5725,109.6235,109.5375,109.551
2021-04-13 01:15:00+00:00,usdjpy,109.5675,109.577,109.5475,109.573
2021-04-13 01:30:00+00:00,usdjpy,109.5675,109.5735,109.5475,109.5665
2021-04-13 01:45:00+00:00,usdjpy,109.5755,109.6045,109.5495,109.5665
2021-04-13 02:00:00+00:00,usdjpy,109.5805,109.591,109.5565,109.5745
2021-04-13 02:15:00+00:00,usdjpy,109.5805,109.6075,109.577,109.581
2021-04-13 02:30:00+00:00,usdjpy,109.6465,109.6655,109.5735,109.58
2021-04-13 02:45:00+00:00,usdjpy,109.6315,109.6635,109.6285,109.6455
2021-04-13 03:00:00+00:00,usdjpy,109.6305,109.658,109.6095,109.631
2021-04-13 03:15:00+00:00,usdjpy,109.6405,109.65,109.627,109.63
2021-04-13 03:30:00+00:00,usdjpy,109.6795,109.6805,109.64,109.6415
2021-04-13 03:45:00+00:00,usdjpy,109.7125,109.7165,109.6765,109.68
2021-04-13 04:00:00+00:00,usdjpy,109.728,109.7425,109.6945,109.712
2021-04-13 04:15:00+00:00,usdjpy,109.732,109.7535,109.7275,109.7285
2021-04-13 04:30:00+00:00,usdjpy,109.729,109.7465,109.7275,109.7315
2021-04-13 04:45:00+00:00,usdjpy,109.7065,109.7365,109.6935,109.7285
2021-04-13 05:00:00+00:00,usdjpy,109.7085,109.7385,109.6995,109.706
2021-04-13 05:15:00+00:00,usdjpy,109.7045,109.7085,109.6805,109.7075
2021-04-13 05:30:00+00:00,usdjpy,109.7085,109.7295,109.6985,109.7035
2021-04-13 05:45:00+00:00,usdjpy,109.69,109.7125,109.6615,109.708
2021-04-13 06:00:00+00:00,usdjpy,109.6175,109.6995,109.6175,109.6895
2021-04-13 06:15:00+00:00,usdjpy,109.6005,109.6275,109.565,109.618
2021-04-13 06:30:00+00:00,usdjpy,109.6185,109.6295,109.5675,109.6
2021-04-13 06:45:00+00:00,usdjpy,109.6825,109.6955,109.608,109.618
2021-04-13 07:00:00+00:00,usdjpy,109.6075,109.6995,109.6015,109.683
2021-04-13 07:15:00+00:00,usdjpy,109.529,109.6205,109.5225,109.6065
2021-04-13 07:30:00+00:00,usdjpy,109.345,109.5285,109.3185,109.5285
2021-04-13 07:45:00+00:00,usdjpy,109.3255,109.3595,109.2945,109.3445
2021-04-13 08:00:00+00:00,usdjpy,109.3175,109.379,109.3135,109.326
2021-04-13 08:15:00+00:00,usdjpy,109.3635,109.3855,109.2955,109.317
2021-04-13 08:30:00+00:00,usdjpy,109.329,109.3965,109.2865,109.363
2021-04-13 08:45:00+00:00,usdjpy,109.3265,109.3645,109.313,109.3285
2021-04-13 09:00:00+00:00,usdjpy,109.3265,109.3625,109.3095,109.3255
2021-04-13 09:15:00+00:00,usdjpy,109.2815,109.3345,109.2275,109.327
2021-04-13 09:30:00+00:00,usdjpy,109.2605,109.2955,109.2355,109.282
2021-04-13 09:45:00+00:00,usdjpy,109.3385,109.364,109.2605,109.2615
2021-04-13 10:00:00+00:00,usdjpy,109.3285,109.3655,109.3125,109.339
2021-04-13 10:15:00+00:00,usdjpy,109.3885,109.3925,109.3255,109.329
2021-04-13 10:30:00+00:00,usdjpy,109.4285,109.4435,109.3755,109.389
2021-04-13 10:45:00+00:00,usdjpy,109.4065,109.4375,109.3955,109.4275
2021-04-13 11:00:00+00:00,usdjpy,109.1995,109.4075,109.1285,109.406
2021-04-13 11:15:00+00:00,usdjpy,109.286,109.3045,109.1855,109.2
2021-04-13 11:30:00+00:00,usdjpy,109.4005,109.4205,109.2865,109.2865
2021-04-13 11:45:00+00:00,usdjpy,109.408,109.4115,109.3535,109.4015
2021-04-13 12:00:00+00:00,usdjpy,109.477,109.5045,109.4085,109.4085
2021-04-13 12:15:00+00:00,usdjpy,109.4805,109.481,109.451,109.4765
2021-04-13 12:30:00+00:00,usdjpy,109.2085,109.5995,109.1995,109.4795
2021-04-13 12:45:00+00:00,usdjpy,109.2835,109.3005,109.1845,109.221
2021-04-13 13:00:00+00:00,usdjpy,109.2865,109.3095,109.221,109.2845
2021-04-13 13:15:00+00:00,usdjpy,109.2685,109.2995,109.2435,109.2875
2021-04-13 13:30:00+00:00,usdjpy,109.1855,109.268,109.1475,109.268
2021-04-13 13:45:00+00:00,usdjpy,109.2195,109.2535,109.1725,109.185
2021-04-13 14:00:00+00:00,usdjpy,109.2385,109.249,109.1835,109.208
2021-04-13 14:15:00+00:00,usdjpy,109.2765,109.3345,109.2375,109.238
2021-04-13 14:30:00+00:00,usdjpy,109.222,109.2835,109.2145,109.2775
2021-04-13 14:45:00+00:00,usdjpy,109.198,109.242,109.1815,109.2215
2021-04-13 15:00:00+00:00,usdjpy,109.2435,109.257,109.1965,109.1975
2021-04-13 15:15:00+00:00,usdjpy,109.234,109.2595,109.2095,109.243
2021-04-13 15:30:00+00:00,usdjpy,109.2135,109.247,109.2075,109.2345
2021-04-13 15:45:00+00:00,usdjpy,109.1905,109.2175,109.1905,109.213
2021-04-13 16:00:00+00:00,usdjpy,109.1595,109.2355,109.1535,109.19
2021-04-13 16:15:00+00:00,usdjpy,109.1705,109.1775,109.1285,109.1585
2021-04-13 16:30:00+00:00,usdjpy,109.1505,109.1775,109.1505,109.1695
2021-04-13 16:45:00+00:00,usdjpy,109.1875,109.1925,109.1435,109.1515
2021-04-13 17:00:00+00:00,usdjpy,109.1045,109.1885,109.0775,109.1885
2021-04-13 17:15:00+00:00,usdjpy,109.0645,109.1195,109.0605,109.105
2021-04-13 17:30:00+00:00,usdjpy,109.0895,109.0955,109.0505,109.0655
2021-04-13 17:45:00+00:00,usdjpy,109.1005,109.1185,109.0825,109.0885
2021-04-13 18:00:00+00:00,usdjpy,109.0885,109.111,109.0875,109.1
2021-04-13 18:15:00+00:00,usdjpy,109.104,109.1125,109.0855,109.089
2021-04-13 18:30:00+00:00,usdjpy,109.0945,109.1075,109.0835,109.1035
2021-04-13 18:45:00+00:00,usdjpy,109.083,109.1135,109.0735,109.095
2021-04-13 19:00:00+00:00,usdjpy,109.0865,109.1085,109.0775,109.0835
2021-04-13 19:15:00+00:00,usdjpy,109.1045,109.107,109.08,109.0855
2021-04-13 19:30:00+00:00,usdjpy,109.061,109.104,109.058,109.104
2021-04-13 19:45:00+00:00,usdjpy,109.02,109.0685,109.0195,109.0605
2021-04-13 20:00:00+00:00,usdjpy,109.0515,109.0605,109.0205,109.0205
2021-04-13 20:15:00+00:00,usdjpy,109.0435,109.0545,109.0405,109.051
2021-04-13 20:30:00+00:00,usdjpy,109.04,109.0455,109.031,109.044
2021-04-13 20:45:00+00:00,usdjpy,109.062,109.0635,109.0385,109.0395
2021-04-13 21:00:00+00:00,usdjpy,109.063,109.0675,109.0575,109.059
2021-04-13 21:15:00+00:00,usdjpy,109.0565,109.0655,109.0565,109.0625
2021-04-13 21:30:00+00:00,usdjpy,109.0595,109.0635,109.057,109.057
2021-04-13 21:45:00+00:00,usdjpy,109.055,109.0605,109.0455,109.0605
2021-04-13 22:00:00+00:00,usdjpy,109.056,109.076,109.0555,109.0555
2021-04-13 22:15:00+00:00,usdjpy,109.052,109.0555,109.0435,109.0555
2021-04-13 22:30:00+00:00,usdjpy,109.0325,109.0515,109.0215,109.0515
2021-04-13 22:45:00+00:00,usdjpy,109.0405,109.041,109.027,109.0335
2021-04-13 23:00:00+00:00,usdjpy,109.009,109.0425,108.9885,109.041
2021-04-13 23:15:00+00:00,usdjpy,109.0315,109.0385,109.0055,109.0095
2021-04-13 23:30:00+00:00,usdjpy,109.0095,109.0455,109.0065,109.032
2021-04-13 23:45:00+00:00,usdjpy,108.924,109.0085,108.8905,109.0085
2021-04-14 00:00:00+00:00,usdjpy,108.8605,108.9285,108.8225,108.9245
2021-04-14 00:15:00+00:00,usdjpy,108.8985,108.9015,108.8295,108.86
2021-04-14 00:30:00+00:00,usdjpy,108.9195,108.944,108.8935,108.8975
2021-04-14 00:45:00+00:00,usdjpy,108.8185,108.9335,108.7965,108.92
2021-04-14 01:00:00+00:00,usdjpy,108.8035,108.834,108.7525,108.818
2021-04-14 01:15:00+00:00,usdjpy,108.8245,108.8285,108.7795,108.8025
2021-04-14 01:30:00+00:00,usdjpy,108.8055,108.868,108.803,108.825
2021-04-14 01:45:00+00:00,usdjpy,108.8525,108.8735,108.7835,108.805
2021-04-14 02:00:00+00:00,usdjpy,108.894,108.894,108.847,108.852
2021-04-14 02:15:00+00:00,usdjpy,108.8805,108.9055,108.8575,108.894
2021-04-14 02:30:00+00:00,usdjpy,108.8375,108.88,108.815,108.8795
2021-04-14 02:45:00+00:00,usdjpy,108.8565,108.8565,108.7945,108.837
2021-04-14 03:00:00+00:00,usdjpy,108.8715,108.8875,108.8465,108.857
2021-04-14 03:15:00+00:00,usdjpy,108.8635,108.8785,108.8465,108.871
2021-04-14 03:30:00+00:00,usdjpy,108.8675,108.8935,108.8435,108.864
2021-04-14 03:45:00+00:00,usdjpy,108.8825,108.8935,108.8615,108.868
2021-04-14 04:00:00+00:00,usdjpy,108.8965,108.9165,108.8795,108.883
2021-04-14 04:15:00+00:00,usdjpy,108.924,108.9335,108.8885,108.896
2021-04-14 04:30:00+00:00,usdjpy,108.8995,108.9245,108.8905,108.9235
2021-04-14 04:45:00+00:00,usdjpy,108.9545,108.957,108.89,108.899
2021-04-14 05:00:00+00:00,usdjpy,108.9625,108.9785,108.926,108.954
2021-04-14 05:15:00+00:00,usdjpy,108.9305,108.9645,108.9285,108.963
2021-04-14 05:30:00+00:00,usdjpy,108.9605,108.9715,108.9285,108.931
2021-04-14 05:45:00+00:00,usdjpy,108.9195,108.9635,108.9185,108.9595
2021-04-14 06:00:00+00:00,usdjpy,108.8405,108.928,108.8285,108.919
2021-04-14 06:15:00+00:00,usdjpy,108.8385,108.859,108.8105,108.8395
2021-04-14 06:30:00+00:00,usdjpy,108.8775,108.8865,108.8305,108.8375
2021-04-14 06:45:00+00:00,usdjpy,108.8895,108.9155,108.8645,108.878
2021-04-14 07:00:00+00:00,usdjpy,108.9185,108.963,108.862,108.89
2021-04-14 07:15:00+00:00,usdjpy,108.9765,108.9945,108.8735,108.9175
2021-04-14 07:30:00+00:00,usdjpy,109.0315,109.0725,108.949,108.976
2021-04-14 07:45:00+00:00,usdjpy,108.9995,109.0345,108.9835,109.031
2021-04-14 08:00:00+00:00,usdjpy,109.0005,109.0235,108.9625,109.0005
2021-04-14 08:15:00+00:00,usdjpy,108.9825,109.0035,108.9635,109.001
2021-04-14 08:30:00+00:00,usdjpy,108.995,109.0005,108.9265,108.9815
2021-04-14 08:45:00+00:00,usdjpy,108.9835,109.0025,108.958,108.9945
2021-04-14 09:00:00+00:00,usdjpy,108.9535,108.9835,108.9395,108.983
2021-04-14 09:15:00+00:00,usdjpy,109.0105,109.0155,108.9335,108.954
2021-04-14 09:30:00+00:00,usdjpy,109.0475,109.0495,108.9685,109.01
2021-04-14 09:45:00+00:00,usdjpy,109.0135,109.0545,109.0135,109.048
2021-04-14 10:00:00+00:00,usdjpy,109.0045,109.022,108.9905,109.013
2021-04-14 10:15:00+00:00,usdjpy,108.981,109.019,108.9645,109.005
2021-04-14 10:30:00+00:00,usdjpy,108.95,108.9865,108.9475,108.9815
2021-04-14 10:45:00+00:00,usdjpy,108.9245,108.9705,108.9095,108.9505
2021-04-14 11:00:00+00:00,usdjpy,108.9105,108.9505,108.8905,108.924
2021-04-14 11:15:00+00:00,usdjpy,108.8915,108.9425,108.8905,108.911
2021-04-14 11:30:00+00:00,usdjpy,108.9025,108.9195,108.891,108.891
2021-04-14 11:45:00+00:00,usdjpy,108.9525,108.9565,108.903,108.903
2021-04-14 12:00:00+00:00,usdjpy,108.935,108.9735,108.934,108.953
2021-04-14 12:15:00+00:00,usdjpy,108.9045,108.9745,108.9035,108.9345
2021-04-14 12:30:00+00:00,usdjpy,108.9315,108.9355,108.8975,108.9055
2021-04-14 12:45:00+00:00,usdjpy,108.9495,108.9545,108.9235,108.9325
2021-04-14 13:00:00+00:00,usdjpy,108.9705,108.9865,108.9385,108.95
2021-04-14 13:15:00+00:00,usdjpy,108.993,109.0505,108.9645,108.97
2021-04-14 13:30:00+00:00,usdjpy,109.0095,109.0965,108.9835,108.9925
2021-04-14 13:45:00+00:00,usdjpy,109.0665,109.067,108.9945,109.009
2021-04-14 14:00:00+00:00,usdjpy,109.0075,109.0735,108.9975,109.066
2021-04-14 14:15:00+00:00,usdjpy,109.0215,109.0765,109.0075,109.008
2021-04-14 14:30:00+00:00,usdjpy,108.995,109.0265,108.9575,109.022
2021-04-14 14:45:00+00:00,usdjpy,109.0175,109.0495,108.9385,108.9955
2021-04-14 15:00:00+00:00,usdjpy,108.9885,109.0335,108.982,109.017
2021-04-14 15:15:00+00:00,usdjpy,108.9655,109.0125,108.9595,108.9905
2021-04-14 15:30:00+00:00,usdjpy,108.955,108.9925,108.95,108.9665
2021-04-14 15:45:00+00:00,usdjpy,108.937,108.9815,108.9265,108.9545
2021-04-14 16:00:00+00:00,usdjpy,108.9585,108.9645,108.9315,108.9365
2021-04-14 16:15:00+00:00,usdjpy,108.988,108.9895,108.9125,108.9575
2021-04-14 16:30:00+00:00,usdjpy,108.942,108.9885,108.9355,108.9875
2021-04-14 16:45:00+00:00,usdjpy,108.9535,108.9535,108.9185,108.9415
2021-04-14 17:00:00+00:00,usdjpy,108.9575,108.9625,108.9405,108.9525
2021-04-14 17:15:00+00:00,usdjpy,108.946,108.9775,108.9445,108.9585
2021-04-14 17:30:00+00:00,usdjpy,108.9595,108.972,108.9425,108.9465
2021-04-14 17:45:00+00:00,usdjpy,108.9775,108.9865,108.9565,108.9585
2021-04-14 18:00:00+00:00,usdjpy,108.9655,108.9845,108.9555,108.977
2021-04-14 18:15:00+00:00,usdjpy,108.9755,108.9835,108.9535,108.965
2021-04-14 18:30:00+00:00,usdjpy,108.9515,108.978,108.9475,108.976
2021-04-14 18:45:00+00:00,usdjpy,108.9425,108.9655,108.9305,108.9525
2021-04-14 19:00:00+00:00,usdjpy,108.9405,108.945,108.9235,108.942
2021-04-14 19:15:00+00:00,usdjpy,108.9405,108.9455,108.9345,108.9395
2021-04-14 19:30:00+00:00,usdjpy,108.9325,108.956,108.9325,108.9395
2021-04-14 19:45:00+00:00,usdjpy,108.8975,108.9345,108.8945,108.933
2021-04-14 20:00:00+00:00,usdjpy,108.8865,108.9125,108.8815,108.898
2021-04-14 20:15:00+00:00,usdjpy,108.9015,108.9125,108.8845,108.8875
2021-04-14 20:30:00+00:00,usdjpy,108.9275,108.9275,108.8955,108.9005
2021-04-14 20:45:00+00:00,usdjpy,108.937,108.9455,108.9075,108.9265
2021-04-14 21:00:00+00:00,usdjpy,108.9375,108.977,108.9125,108.939
2021-04-14 21:15:00+00:00,usdjpy,108.9455,108.947,108.9295,108.93
2021-04-14 21:30:00+00:00,usdjpy,108.9415,108.9505,108.9375,108.9465
2021-04-14 21:45:00+00:00,usdjpy,108.9365,108.9515,108.9295,108.942
2021-04-14 22:00:00+00:00,usdjpy,108.9245,108.9585,108.9225,108.937
2021-04-14 22:15:00+00:00,usdjpy,108.928,108.9305,108.9155,108.924
2021-04-14 22:30:00+00:00,usdjpy,108.945,108.9495,108.9185,108.9285
2021-04-14 22:45:00+00:00,usdjpy,108.9595,108.9655,108.9355,108.9445
2021-04-14 23:00:00+00:00,usdjpy,108.9545,108.9605,108.946,108.96
2021-04-14 23:15:00+00:00,usdjpy,108.9435,108.9575,108.9385,108.9535
2021-04-14 23:30:00+00:00,usdjpy,108.91,108.9435,108.9085,108.943
2021-04-14 23:45:00+00:00,usdjpy,108.8945,108.9115,108.8695,108.9105
2021-04-15 00:00:00+00:00,usdjpy,108.8455,108.902,108.8405,108.895
2021-04-15 00:15:00+00:00,usdjpy,108.849,108.8725,108.823,108.846
2021-04-15 00:30:00+00:00,usdjpy,108.8395,108.8675,108.838,108.8485
2021-04-15 00:45:00+00:00,usdjpy,108.8785,108.8935,108.8335,108.84
2021-04-15 01:00:00+00:00,usdjpy,108.8315,108.8805,108.8135,108.8775
2021-04-15 01:15:00+00:00,usdjpy,108.824,108.8475,108.807,108.8305
2021-04-15 01:30:00+00:00,usdjpy,108.8995,108.934,108.8245,108.8245
2021-04-15 01:45:00+00:00,usdjpy,108.8885,108.903,108.8645,108.9
2021-04-15 02:00:00+00:00,usdjpy,108.8625,108.9065,108.8445,108.889
2021-04-15 02:15:00+00:00,usdjpy,108.89,108.9025,108.8555,108.863
2021-04-15 02:30:00+00:00,usdjpy,108.8955,108.8995,108.8685,108.8895
2021-04-15 02:45:00+00:00,usdjpy,108.9235,108.9235,108.8905,108.8965
2021-04-15 03:00:00+00:00,usdjpy,108.9115,108.9235,108.8985,108.923
2021-04-15 03:15:00+00:00,usdjpy,108.9015,108.9155,108.8995,108.912
2021-04-15 03:30:00+00:00,usdjpy,108.8805,108.9135,108.8795,108.9005
2021-04-15 03:45:00+00:00,usdjpy,108.893,108.9015,108.8795,108.88
2021-04-15 04:00:00+00:00,usdjpy,108.8685,108.9055,108.8625,108.8935
2021-04-15 04:15:00+00:00,usdjpy,108.8685,108.8805,108.859,108.8695
2021-04-15 04:30:00+00:00,usdjpy,108.8775,108.89,108.8675,108.8675
2021-04-15 04:45:00+00:00,usdjpy,108.8695,108.8785,108.8555,108.8785
2021-04-15 05:00:00+00:00,usdjpy,108.8785,108.8905,108.8645,108.869
2021-04-15 05:15:00+00:00,usdjpy,108.8755,108.884,108.8635,108.8775
2021-04-15 05:30:00+00:00,usdjpy,108.9065,108.9065,108.876,108.876
2021-04-15 05:45:00+00:00,usdjpy,108.9135,108.9155,108.8875,108.907
2021-04-15 06:00:00+00:00,usdjpy,108.9155,108.9595,108.9125,108.913
2021-04-15 06:15:00+00:00,usdjpy,108.9145,108.9175,108.8865,108.915
2021-04-15 06:30:00+00:00,usdjpy,108.9155,108.9345,108.8935,108.915
2021-04-15 06:45:00+00:00,usdjpy,108.9015,108.9235,108.8945,108.916
2021-04-15 07:00:00+00:00,usdjpy,108.8865,108.9165,108.8485,108.901
2021-04-15 07:15:00+00:00,usdjpy,108.8185,108.8995,108.7915,108.8855
2021-04-15 07:30:00+00:00,usdjpy,108.8325,108.8575,108.806,108.818
2021-04-15 07:45:00+00:00,usdjpy,108.826,108.846,108.791,108.8335
2021-04-15 08:00:00+00:00,usdjpy,108.876,108.8845,108.822,108.8255
2021-04-15 08:15:00+00:00,usdjpy,108.868,108.9035,108.8655,108.8765
2021-04-15 08:30:00+00:00,usdjpy,108.7585,108.8915,108.7055,108.8685
2021-04-15 08:45:00+00:00,usdjpy,108.7755,108.7795,108.7195,108.759
2021-04-15 09:00:00+00:00,usdjpy,108.7615,108.7855,108.7535,108.7765
2021-04-15 09:15:00+00:00,usdjpy,108.7125,108.767,108.6655,108.762
2021-04-15 09:30:00+00:00,usdjpy,108.7255,108.7525,108.6985,108.713
2021-04-15 09:45:00+00:00,usdjpy,108.7705,108.7765,108.7215,108.7245
2021-04-15 10:00:00+00:00,usdjpy,108.7735,108.7815,108.7415,108.77
2021-04-15 10:15:00+00:00,usdjpy,108.78,108.795,108.7625,108.773
2021-04-15 10:30:00+00:00,usdjpy,108.8235,108.8415,108.7715,108.7795
2021-04-15 10:45:00+00:00,usdjpy,108.8285,108.843,108.7985,108.824
2021-04-15 11:00:00+00:00,usdjpy,108.8415,108.8485,108.8085,108.8275
2021-04-15 11:15:00+00:00,usdjpy,108.8225,108.8425,108.8055,108.8405
2021-04-15 11:30:00+00:00,usdjpy,108.7935,108.8395,108.7935,108.822
2021-04-15 11:45:00+00:00,usdjpy,108.7915,108.8265,108.7775,108.793
2021-04-15 12:00:00+00:00,usdjpy,108.7255,108.7925,108.7165,108.791
2021-04-15 12:15:00+00:00,usdjpy,108.8005,108.8195,108.7035,108.7245
2021-04-15 12:30:00+00:00,usdjpy,108.7715,108.8785,108.7275,108.8
2021-04-15 12:45:00+00:00,usdjpy,108.8045,108.819,108.7225,108.774
2021-04-15 13:00:00+00:00,usdjpy,108.7735,108.8085,108.7455,108.798
2021-04-15 13:15:00+00:00,usdjpy,108.7215,108.774,108.7145,108.7725
2021-04-15 13:30:00+00:00,usdjpy,108.75,108.7745,108.6855,108.722
2021-04-15 13:45:00+00:00,usdjpy,108.7205,108.7565,108.6505,108.7505
2021-04-15 14:00:00+00:00,usdjpy,108.6345,108.7305,108.6285,108.7195
2021-04-15 14:15:00+00:00,usdjpy,108.6565,108.6775,108.6235,108.629
2021-04-15 14:30:00+00:00,usdjpy,108.6585,108.7035,108.6455,108.656
2021-04-15 14:45:00+00:00,usdjpy,108.7265,108.7455,108.6505,108.6575
2021-04-15 15:00:00+00:00,usdjpy,108.7035,108.7385,108.684,108.7235
2021-04-15 15:15:00+00:00,usdjpy,108.741,108.7445,108.6685,108.7025
2021-04-15 15:30:00+00:00,usdjpy,108.7795,108.7805,108.7345,108.7405
2021-04-15 15:45:00+00:00,usdjpy,108.7845,108.7995,108.7435,108.78
2021-04-15 16:00:00+00:00,usdjpy,108.7355,108.7845,108.721,108.784
2021-04-15 16:15:00+00:00,usdjpy,108.7375,108.7565,108.7275,108.735
2021-04-15 16:30:00+00:00,usdjpy,108.709,108.7395,108.7045,108.7365
2021-04-15 16:45:00+00:00,usdjpy,108.6975,108.7345,108.691,108.7085
2021-04-15 17:00:00+00:00,usdjpy,108.7755,108.7805,108.696,108.697
2021-04-15 17:15:00+00:00,usdjpy,108.735,108.7785,108.7255,108.7765
2021-04-15 17:30:00+00:00,usdjpy,108.7005,108.7395,108.6965,108.7355
2021-04-15 17:45:00+00:00,usdjpy,108.6705,108.7095,108.6605,108.7
2021-04-15 18:00:00+00:00,usdjpy,108.6495,108.6885,108.643,108.6715
2021-04-15 18:15:00+00:00,usdjpy,108.6495,108.6675,108.6435,108.65
2021-04-15 18:30:00+00:00,usdjpy,108.6375,108.6625,108.6275,108.649
2021-04-15 18:45:00+00:00,usdjpy,108.658,108.6585,108.6325,108.637
2021-04-15 19:00:00+00:00,usdjpy,108.6865,108.6865,108.6425,108.6575
2021-04-15 19:15:00+00:00,usdjpy,108.695,108.7015,108.6825,108.686
2021-04-15 19:30:00+00:00,usdjpy,108.6705,108.6945,108.657,108.6945
2021-04-15 19:45:00+00:00,usdjpy,108.6685,108.712,108.6645,108.6695
2021-04-15 20:00:00+00:00,usdjpy,108.7035,108.7065,108.6675,108.668
2021-04-15 20:15:00+00:00,usdjpy,108.7165,108.7215,108.7025,108.7025
2021-04-15 20:30:00+00:00,usdjpy,108.7335,108.7365,108.7075,108.716
2021-04-15 20:45:00+00:00,usdjpy,108.7665,108.77,108.7285,108.7325
2021-04-15 21:00:00+00:00,usdjpy,108.7445,108.7445,108.711,108.7355
2021-04-15 21:15:00+00:00,usdjpy,108.7425,108.7545,108.7305,108.7455
2021-04-15 21:30:00+00:00,usdjpy,108.7555,108.7565,108.738,108.741
2021-04-15 21:45:00+00:00,usdjpy,108.7395,108.7585,108.7315,108.755
2021-04-15 22:00:00+00:00,usdjpy,108.7385,108.7595,108.7355,108.74
2021-04-15 22:15:00+00:00,usdjpy,108.7265,108.7425,108.7005,108.739
2021-04-15 22:30:00+00:00,usdjpy,108.71,108.7295,108.7025,108.726
2021-04-15 22:45:00+00:00,usdjpy,108.7335,108.738,108.7095,108.7095
2021-04-15 23:00:00+00:00,usdjpy,108.7285,108.7425,108.7235,108.7325
2021-04-15 23:15:00+00:00,usdjpy,108.7055,108.738,108.6955,108.729
2021-04-15 23:30:00+00:00,usdjpy,108.68,108.7045,108.68,108.7045
2021-04-15 23:45:00+00:00,usdjpy,108.6925,108.6995,108.6675,108.6805
2021-04-16 00:00:00+00:00,usdjpy,108.6435,108.6965,108.6125,108.692
2021-04-16 00:15:00+00:00,usdjpy,108.6585,108.6905,108.6385,108.644
2021-04-16 00:30:00+00:00,usdjpy,108.7345,108.7405,108.6545,108.659
2021-04-16 00:45:00+00:00,usdjpy,108.765,108.765,108.6865,108.734
2021-04-16 01:00:00+00:00,usdjpy,108.8915,108.943,108.763,108.7645
2021-04-16 01:15:00+00:00,usdjpy,108.8775,108.9095,108.8485,108.892
2021-04-16 01:30:00+00:00,usdjpy,108.8445,108.889,108.8325,108.878
2021-04-16 01:45:00+00:00,usdjpy,108.8445,108.8745,108.8295,108.844
2021-04-16 02:00:00+00:00,usdjpy,108.8505,108.8665,108.8195,108.845
2021-04-16 02:15:00+00:00,usdjpy,108.858,108.868,108.8435,108.8515
2021-04-16 02:30:00+00:00,usdjpy,108.8845,108.8945,108.8505,108.8585
2021-04-16 02:45:00+00:00,usdjpy,108.8965,108.9175,108.8755,108.884
2021-04-16 03:00:00+00:00,usdjpy,108.8715,108.9095,108.871,108.896
2021-04-16 03:15:00+00:00,usdjpy,108.873,108.8785,108.8545,108.872
2021-04-16 03:30:00+00:00,usdjpy,108.8585,108.8825,108.8445,108.873
2021-04-16 03:45:00+00:00,usdjpy,108.8445,108.8595,108.8275,108.858
2021-04-16 04:00:00+00:00,usdjpy,108.828,108.8435,108.8155,108.8435
2021-04-16 04:15:00+00:00,usdjpy,108.832,108.8425,108.8175,108.8285
2021-04-16 04:30:00+00:00,usdjpy,108.843,108.843,108.8285,108.8325
2021-04-16 04:45:00+00:00,usdjpy,108.8085,108.8515,108.8085,108.8425
2021-04-16 05:00:00+00:00,usdjpy,108.8145,108.8155,108.781,108.8075
2021-04-16 05:15:00+00:00,usdjpy,108.8185,108.8195,108.7895,108.8155
2021-04-16 05:30:00+00:00,usdjpy,108.7985,108.8285,108.7745,108.8195
2021-04-16 05:45:00+00:00,usdjpy,108.8125,108.818,108.7865,108.798
2021-04-16 06:00:00+00:00,usdjpy,108.8465,108.8625,108.8065,108.812
2021-04-16 06:15:00+00:00,usdjpy,108.8815,108.891,108.8355,108.8455
2021-04-16 06:30:00+00:00,usdjpy,108.8655,108.8865,108.849,108.882
2021-04-16 06:45:00+00:00,usdjpy,108.8985,108.9175,108.8645,108.866
2021-04-16 07:00:00+00:00,usdjpy,108.8885,108.9085,108.8465,108.898
2021-04-16 07:15:00+00:00,usdjpy,108.8865,108.9185,108.8805,108.8895
2021-04-16 07:30:00+00:00,usdjpy,108.9425,108.9625,108.878,108.8875
2021-04-16 07:45:00+00:00,usdjpy,108.8945,108.9665,108.8845,108.943
2021-04-16 08:00:00+00:00,usdjpy,108.8685,108.8975,108.8505,108.894
2021-04-16 08:15:00+00:00,usdjpy,108.8375,108.8695,108.8245,108.869
2021-04-16 08:30:00+00:00,usdjpy,108.9255,108.9305,108.8385,108.8385
2021-04-16 08:45:00+00:00,usdjpy,108.8555,108.9385,108.8545,108.9265
2021-04-16 09:00:00+00:00,usdjpy,108.8815,108.8825,108.8465,108.8565
2021-04-16 09:15:00+00:00,usdjpy,108.884,108.9065,108.865,108.8805
2021-04-16 09:30:00+00:00,usdjpy,108.841,108.8915,108.8255,108.8845
2021-04-16 09:45:00+00:00,usdjpy,108.825,108.8415,108.7975,108.8415
2021-04-16 10:00:00+00:00,usdjpy,108.8095,108.8525,108.8005,108.8245
2021-04-16 10:15:00+00:00,usdjpy,108.7905,108.8145,108.764,108.8105
2021-04-16 10:30:00+00:00,usdjpy,108.7605,108.79,108.7045,108.79
2021-04-16 10:45:00+00:00,usdjpy,108.7855,108.7915,108.7395,108.7615
2021-04-16 11:00:00+00:00,usdjpy,108.749,108.7895,108.7395,108.7845
2021-04-16 11:15:00+00:00,usdjpy,108.7855,108.8085,108.7395,108.7485
2021-04-16 11:30:00+00:00,usdjpy,108.7485,108.8185,108.7365,108.7845
2021-04-16 11:45:00+00:00,usdjpy,108.7735,108.7925,108.7295,108.748
2021-04-16 12:00:00+00:00,usdjpy,108.7725,108.8045,108.75,108.774
2021-04-16 12:15:00+00:00,usdjpy,108.824,108.8545,108.7725,108.773
2021-04-16 12:30:00+00:00,usdjpy,108.836,108.8645,108.818,108.8245
2021-04-16 12:45:00+00:00,usdjpy,108.8525,108.869,108.8235,108.8355
2021-04-16 13:00:00+00:00,usdjpy,108.877,108.8995,108.8355,108.851
2021-04-16 13:15:00+00:00,usdjpy,108.873,108.8875,108.8375,108.8775
2021-04-16 13:30:00+00:00,usdjpy,108.825,108.8755,108.8165,108.8725
2021-04-16 13:45:00+00:00,usdjpy,108.8655,108.8675,108.8145,108.8255
2021-04-16 14:00:00+00:00,usdjpy,108.7935,108.8695,108.7845,108.866
2021-04-16 14:15:00+00:00,usdjpy,108.7915,108.7935,108.7455,108.793
2021-04-16 14:30:00+00:00,usdjpy,108.835,108.837,108.7755,108.7905
2021-04-16 14:45:00+00:00,usdjpy,108.8085,108.8485,108.8065,108.8355
2021-04-16 15:00:00+00:00,usdjpy,108.8225,108.8415,108.799,108.809
2021-04-16 15:15:00+00:00,usdjpy,108.8285,108.8435,108.8175,108.8215
2021-04-16 15:30:00+00:00,usdjpy,108.8075,108.836,108.7985,108.828
2021-04-16 15:45:00+00:00,usdjpy,108.7925,108.809,108.7885,108.8065
2021-04-16 16:00:00+00:00,usdjpy,108.8055,108.8245,108.7925,108.793
2021-04-16 16:15:00+00:00,usdjpy,108.8155,108.8295,108.7935,108.806
2021-04-16 16:30:00+00:00,usdjpy,108.7935,108.8205,108.792,108.8165
2021-04-16 16:45:00+00:00,usdjpy,108.7835,108.7965,108.7805,108.794
2021-04-16 17:00:00+00:00,usdjpy,108.7745,108.789,108.7715,108.783
2021-04-16 17:15:00+00:00,usdjpy,108.7825,108.789,108.7585,108.775
2021-04-16 17:30:00+00:00,usdjpy,108.7935,108.7945,108.7815,108.782
2021-04-16 17:45:00+00:00,usdjpy,108.7955,108.8195,108.789,108.7925
2021-04-16 18:00:00+00:00,usdjpy,108.8055,108.8065,108.7805,108.796
2021-04-16 18:15:00+00:00,usdjpy,108.7875,108.8055,108.7875,108.805
2021-04-16 18:30:00+00:00,usdjpy,108.775,108.789,108.7725,108.788
2021-04-16 18:45:00+00:00,usdjpy,108.7935,108.7935,108.7625,108.7745
2021-04-16 19:00:00+00:00,usdjpy,108.7865,108.7955,108.7675,108.794
2021-04-16 19:15:00+00:00,usdjpy,108.7815,108.7945,108.7765,108.787
2021-04-16 19:30:00+00:00,usdjpy,108.7935,108.7985,108.7795,108.7825
2021-04-16 19:45:00+00:00,usdjpy,108.7945,108.8045,108.7815,108.793
2021-04-16 20:00:00+00:00,usdjpy,108.7895,108.7995,108.7805,108.7955
2021-04-16 20:15:00+00:00,usdjpy,108.7995,108.8015,108.7825,108.789
2021-04-16 20:30:00+00:00,usdjpy,108.7985,108.8025,108.7885,108.799
2021-04-16 20:45:00+00:00,usdjpy,108.8225,108.8225,108.7735,108.798
2021-04-18 21:00:00+00:00,usdjpy,108.7895,108.797,108.7715,108.7825
2021-04-18 21:15:00+00:00,usdjpy,108.7785,108.7925,108.7345,108.7855
2021-04-18 21:30:00+00:00,usdjpy,108.7865,108.7965,108.7695,108.78
2021-04-18 21:45:00+00:00,usdjpy,108.7685,108.8025,108.7625,108.787
2021-04-18 22:00:00+00:00,usdjpy,108.8235,108.8365,108.7695,108.7695
2021-04-18 22:15:00+00:00,usdjpy,108.7905,108.8235,108.7865,108.823
2021-04-18 22:30:00+00:00,usdjpy,108.7725,108.7905,108.7675,108.79
2021-04-18 22:45:00+00:00,usdjpy,108.7715,108.7785,108.7485,108.7735
2021-04-18 23:00:00+00:00,usdjpy,108.7185,108.7825,108.7125,108.772
2021-04-18 23:15:00+00:00,usdjpy,108.7045,108.7345,108.6695,108.7175
2021-04-18 23:30:00+00:00,usdjpy,108.7045,108.733,108.6915,108.705
2021-04-18 23:45:00+00:00,usdjpy,108.7235,108.7335,108.6985,108.705
2021-04-19 00:00:00+00:00,usdjpy,108.7195,108.7295,108.6755,108.7245
2021-04-19 00:15:00+00:00,usdjpy,108.7415,108.7445,108.707,108.7185
2021-04-19 00:30:00+00:00,usdjpy,108.752,108.7695,108.7285,108.742
2021-04-19 00:45:00+00:00,usdjpy,108.699,108.7555,108.6275,108.7525
2021-04-19 01:00:00+00:00,usdjpy,108.7635,108.7705,108.6925,108.6985
2021-04-19 01:15:00+00:00,usdjpy,108.6995,108.7685,108.691,108.763
2021-04-19 01:30:00+00:00,usdjpy,108.6315,108.7145,108.6295,108.7
2021-04-19 01:45:00+00:00,usdjpy,108.6465,108.6585,108.5985,108.6325
2021-04-19 02:00:00+00:00,usdjpy,108.5735,108.661,108.5485,108.646
2021-04-19 02:15:00+00:00,usdjpy,108.6145,108.6305,108.5555,108.5745
2021-04-19 02:30:00+00:00,usdjpy,108.6365,108.6435,108.5995,108.615
2021-04-19 02:45:00+00:00,usdjpy,108.624,108.6375,108.6125,108.636
2021-04-19 03:00:00+00:00,usdjpy,108.6215,108.636,108.6205,108.6235
2021-04-19 03:15:00+00:00,usdjpy,108.6235,108.638,108.6175,108.6225
2021-04-19 03:30:00+00:00,usdjpy,108.6395,108.6425,108.6225,108.6225
2021-04-19 03:45:00+00:00,usdjpy,108.6435,108.665,108.6375,108.64
2021-04-19 04:00:00+00:00,usdjpy,108.648,108.6555,108.6355,108.644
2021-04-19 04:15:00+00:00,usdjpy,108.6605,108.6625,108.6445,108.6475
2021-04-19 04:30:00+00:00,usdjpy,108.676,108.6855,108.6605,108.6615
2021-04-19 04:45:00+00:00,usdjpy,108.6645,108.6755,108.6505,108.6755
2021-04-19 05:00:00+00:00,usdjpy,108.6515,108.673,108.647,108.665
2021-04-19 05:15:00+00:00,usdjpy,108.6685,108.6775,108.6495,108.652
2021-04-19 05:30:00+00:00,usdjpy,108.604,108.6785,108.6015,108.669
2021-04-19 05:45:00+00:00,usdjpy,108.519,108.6065,108.5015,108.6045
2021-04-19 06:00:00+00:00,usdjpy,108.5065,108.5435,108.4755,108.5185
2021-04-19 06:15:00+00:00,usdjpy,108.5505,108.562,108.5065,108.507
2021-04-19 06:30:00+00:00,usdjpy,108.5365,108.5655,108.4995,108.55
2021-04-19 06:45:00+00:00,usdjpy,108.5625,108.5695,108.5095,108.5355
2021-04-19 07:00:00+00:00,usdjpy,108.492,108.5635,108.475,108.563
2021-04-19 07:15:00+00:00,usdjpy,108.466,108.5065,108.4535,108.4925
2021-04-19 07:30:00+00:00,usdjpy,108.371,108.4695,108.3555,108.4665
2021-04-19 07:45:00+00:00,usdjpy,108.2225,108.3845,108.2085,108.3705
2021-04-19 08:00:00+00:00,usdjpy,108.1525,108.2355,108.147,108.223
2021-04-19 08:15:00+00:00,usdjpy,108.1065,108.1625,108.039,108.153
2021-04-19 08:30:00+00:00,usdjpy,108.0585,108.12,108.0445,108.1075
2021-04-19 08:45:00+00:00,usdjpy,108.0825,108.1065,108.0375,108.059
2021-04-19 09:00:00+00:00,usdjpy,108.0745,108.122,108.0505,108.083
2021-04-19 09:15:00+00:00,usdjpy,108.055,108.0945,108.0205,108.075
2021-04-19 09:30:00+00:00,usdjpy,108.0425,108.0605,108.0125,108.0555
2021-04-19 09:45:00+00:00,usdjpy,108.0495,108.0745,108.0375,108.042
2021-04-19 10:00:00+00:00,usdjpy,108.1045,108.1135,108.0275,108.05
2021-04-19 10:15:00+00:00,usdjpy,108.1535,108.1745,108.105,108.105
2021-04-19 10:30:00+00:00,usdjpy,108.1415,108.171,108.1195,108.154
2021-04-19 10:45:00+00:00,usdjpy,108.1215,108.1905,108.1095,108.1405
2021-04-19 11:00:00+00:00,usdjpy,108.1315,108.1655,108.1005,108.122
2021-04-19 11:15:00+00:00,usdjpy,108.18,108.1805,108.1225,108.1325
2021-04-19 11:30:00+00:00,usdjpy,108.1455,108.1815,108.1335,108.1795
2021-04-19 11:45:00+00:00,usdjpy,108.1205,108.1685,108.1145,108.1445
2021-04-19 12:00:00+00:00,usdjpy,108.0885,108.1605,108.0885,108.1215
2021-04-19 12:15:00+00:00,usdjpy,108.068,108.1195,108.066,108.088
2021-04-19 12:30:00+00:00,usdjpy,108.1055,108.1135,108.0675,108.0685
2021-04-19 12:45:00+00:00,usdjpy,108.0865,108.114,108.0725,108.105
2021-04-19 13:00:00+00:00,usdjpy,108.162,108.1685,108.0765,108.091
2021-04-19 13:15:00+00:00,usdjpy,108.2495,108.2725,108.1625,108.1625
2021-04-19 13:30:00+00:00,usdjpy,108.2635,108.2775,108.1965,108.2505
2021-04-19 13:45:00+00:00,usdjpy,108.2495,108.3105,108.246,108.264
2021-04-19 14:00:00+00:00,usdjpy,108.1765,108.2625,108.1735,108.2505
2021-04-19 14:15:00+00:00,usdjpy,108.1775,108.1935,108.1545,108.178
2021-04-19 14:30:00+00:00,usdjpy,108.0835,108.1775,108.0815,108.177
2021-04-19 14:45:00+00:00,usdjpy,108.0315,108.1155,108.0165,108.084
2021-04-19 15:00:00+00:00,usdjpy,108.0485,108.0615,108.0105,108.032
2021-04-19 15:15:00+00:00,usdjpy,108.0625,108.0655,108.0225,108.048
2021-04-19 15:30:00+00:00,usdjpy,108.0865,108.088,108.046,108.0615
2021-04-19 15:45:00+00:00,usdjpy,108.0985,108.0985,108.063,108.0855
2021-04-19 16:00:00+00:00,usdjpy,108.0865,108.107,108.0635,108.0975
2021-04-19 16:15:00+00:00,usdjpy,108.0925,108.0975,108.0575,108.086
2021-04-19 16:30:00+00:00,usdjpy,108.0795,108.1015,108.0765,108.0935
2021-04-19 16:45:00+00:00,usdjpy,108.0655,108.0815,108.0555,108.079
2021-04-19 17:00:00+00:00,usdjpy,108.0925,108.0935,108.0645,108.066
2021-04-19 17:15:00+00:00,usdjpy,108.1215,108.1255,108.0835,108.093
2021-04-19 17:30:00+00:00,usdjpy,108.1215,108.1235,108.1035,108.1205
2021-04-19 17:45:00+00:00,usdjpy,108.1155,108.1345,108.1115,108.1225
2021-04-19 18:00:00+00:00,usdjpy,108.1155,108.1185,108.0895,108.116
2021-04-19 18:15:00+00:00,usdjpy,108.1155,108.1295,108.108,108.116
2021-04-19 18:30:00+00:00,usdjpy,108.1155,108.1265,108.1075,108.1165
2021-04-19 18:45:00+00:00,usdjpy,108.0985,108.1235,108.0985,108.1145
2021-04-19 19:00:00+00:00,usdjpy,108.1425,108.1535,108.0975,108.099
2021-04-19 19:15:00+00:00,usdjpy,108.1495,108.1525,108.1155,108.142
2021-04-19 19:30:00+00:00,usdjpy,108.1595,108.1715,108.144,108.149
2021-04-19 19:45:00+00:00,usdjpy,108.1815,108.1825,108.1455,108.159
2021-04-19 20:00:00+00:00,usdjpy,108.177,108.1825,108.1645,108.182
2021-04-19 20:15:00+00:00,usdjpy,108.1675,108.1845,108.1675,108.1765
2021-04-19 20:30:00+00:00,usdjpy,108.1515,108.167,108.1505,108.167
2021-04-19 20:45:00+00:00,usdjpy,108.1475,108.1895,108.1365,108.1505
2021-04-19 21:00:00+00:00,usdjpy,108.1585,108.1745,108.1445,108.1585
2021-04-19 21:15:00+00:00,usdjpy,108.1655,108.1735,108.1495,108.1565
2021-04-19 21:30:00+00:00,usdjpy,108.1545,108.1645,108.1535,108.1645
2021-04-19 21:45:00+00:00,usdjpy,108.1535,108.158,108.1435,108.1555
2021-04-19 22:00:00+00:00,usdjpy,108.1475,108.154,108.1345,108.154
2021-04-19 22:15:00+00:00,usdjpy,108.1625,108.173,108.147,108.1485
2021-04-19 22:30:00+00:00,usdjpy,108.15,108.1625,108.1315,108.162
2021-04-19 22:45:00+00:00,usdjpy,108.1525,108.1545,108.1445,108.1495
2021-04-19 23:00:00+00:00,usdjpy,108.1475,108.1705,108.1465,108.152
2021-04-19 23:15:00+00:00,usdjpy,108.1415,108.1625,108.1345,108.148
2021-04-19 23:30:00+00:00,usdjpy,108.109,108.141,108.0965,108.141
2021-04-19 23:45:00+00:00,usdjpy,108.1095,108.1315,108.0815,108.1095
2021-04-20 00:00:00+00:00,usdjpy,108.0465,108.1455,108.0395,108.109
2021-04-20 00:15:00+00:00,usdjpy,108.0635,108.0705,107.9735,108.0455
2021-04-20 00:30:00+00:00,usdjpy,108.152,108.1555,108.064,108.064
2021-04-20 00:45:00+00:00,usdjpy,108.1785,108.2035,108.1265,108.1515
2021-04-20 01:00:00+00:00,usdjpy,108.2155,108.224,108.1765,108.179
2021-04-20 01:15:00+00:00,usdjpy,108.263,108.263,108.1895,108.2145
2021-04-20 01:30:00+00:00,usdjpy,108.2275,108.2625,108.227,108.2625
2021-04-20 01:45:00+00:00,usdjpy,108.2595,108.3185,108.222,108.227
2021-04-20 02:00:00+00:00,usdjpy,108.2655,108.2685,108.233,108.259
2021-04-20 02:15:00+00:00,usdjpy,108.2145,108.2645,108.2065,108.2645
2021-04-20 02:30:00+00:00,usdjpy,108.2145,108.2445,108.2095,108.214
2021-04-20 02:45:00+00:00,usdjpy,108.1815,108.228,108.178,108.215
2021-04-20 03:00:00+00:00,usdjpy,108.1495,108.1945,108.1365,108.182
2021-04-20 03:15:00+00:00,usdjpy,108.0995,108.1605,108.0995,108.15
2021-04-20 03:30:00+00:00,usdjpy,108.1215,108.1305,108.098,108.1005
2021-04-20 03:45:00+00:00,usdjpy,108.1185,108.129,108.0985,108.121
2021-04-20 04:00:00+00:00,usdjpy,108.1255,108.1535,108.1,108.118
2021-04-20 04:15:00+00:00,usdjpy,108.1415,108.1475,108.1185,108.1245
2021-04-20 04:30:00+00:00,usdjpy,108.1765,108.1835,108.1415,108.142
2021-04-20 04:45:00+00:00,usdjpy,108.1585,108.1865,108.1475,108.176
2021-04-20 05:00:00+00:00,usdjpy,108.1735,108.1815,108.1495,108.159
2021-04-20 05:15:00+00:00,usdjpy,108.203,108.2045,108.173,108.173
2021-04-20 05:30:00+00:00,usdjpy,108.2155,108.2355,108.1955,108.2035
2021-04-20 05:45:00+00:00,usdjpy,108.1975,108.215,108.1775,108.215
2021-04-20 06:00:00+00:00,usdjpy,108.2355,108.2445,108.1825,108.197
2021-04-20 06:15:00+00:00,usdjpy,108.291,108.3105,108.2285,108.236
2021-04-20 06:30:00+00:00,usdjpy,108.4545,108.4695,108.2875,108.2915
2021-04-20 06:45:00+00:00,usdjpy,108.4225,108.4625,108.3855,108.4535
2021-04-20 07:00:00+00:00,usdjpy,108.4805,108.546,108.4105,108.4165
2021-04-20 07:15:00+00:00,usdjpy,108.4645,108.4795,108.4365,108.4795
2021-04-20 07:30:00+00:00,usdjpy,108.3135,108.466,108.3115,108.4655
2021-04-20 07:45:00+00:00,usdjpy,108.3995,108.42,108.314,108.314
2021-04-20 08:00:00+00:00,usdjpy,108.4265,108.4305,108.374,108.4005
2021-04-20 08:15:00+00:00,usdjpy,108.4365,108.462,108.3785,108.426
2021-04-20 08:30:00+00:00,usdjpy,108.4395,108.463,108.4125,108.437
2021-04-20 08:45:00+00:00,usdjpy,108.4795,108.5025,108.4375,108.439
2021-04-20 09:00:00+00:00,usdjpy,108.4725,108.4895,108.4475,108.4785
2021-04-20 09:15:00+00:00,usdjpy,108.437,108.4935,108.4355,108.472
2021-04-20 09:30:00+00:00,usdjpy,108.4865,108.4915,108.4305,108.4365
2021-04-20 09:45:00+00:00,usdjpy,108.4625,108.5205,108.4565,108.4855
2021-04-20 10:00:00+00:00,usdjpy,108.4275,108.4645,108.3895,108.4615
2021-04-20 10:15:00+00:00,usdjpy,108.4025,108.4275,108.3535,108.427
2021-04-20 10:30:00+00:00,usdjpy,108.3815,108.433,108.3775,108.402
2021-04-20 10:45:00+00:00,usdjpy,108.405,108.4245,108.3725,108.381
2021-04-20 11:00:00+00:00,usdjpy,108.3385,108.407,108.3385,108.4045
2021-04-20 11:15:00+00:00,usdjpy,108.3495,108.354,108.3205,108.339
2021-04-20 11:30:00+00:00,usdjpy,108.3875,108.4005,108.3475,108.349
2021-04-20 11:45:00+00:00,usdjpy,108.4115,108.4265,108.358,108.388
2021-04-20 12:00:00+00:00,usdjpy,108.4045,108.4315,108.3845,108.412
2021-04-20 12:15:00+00:00,usdjpy,108.4425,108.4465,108.3645,108.405
2021-04-20 12:30:00+00:00,usdjpy,108.4725,108.5155,108.4365,108.442
2021-04-20 12:45:00+00:00,usdjpy,108.453,108.4785,108.425,108.473
2021-04-20 13:00:00+00:00,usdjpy,108.4565,108.4985,108.4335,108.4535
2021-04-20 13:15:00+00:00,usdjpy,108.4285,108.4815,108.4275,108.456
2021-04-20 13:30:00+00:00,usdjpy,108.33,108.4355,108.329,108.4295
2021-04-20 13:45:00+00:00,usdjpy,108.2945,108.344,108.2505,108.3295
2021-04-20 14:00:00+00:00,usdjpy,108.2405,108.2905,108.231,108.2745
2021-04-20 14:15:00+00:00,usdjpy,108.2175,108.2515,108.2085,108.2415
2021-04-20 14:30:00+00:00,usdjpy,108.2075,108.2365,108.1615,108.2185
2021-04-20 14:45:00+00:00,usdjpy,108.1305,108.2155,108.1065,108.2085
2021-04-20 15:00:00+00:00,usdjpy,108.1325,108.1565,108.1115,108.1275
2021-04-20 15:15:00+00:00,usdjpy,108.1355,108.143,108.0965,108.1335
2021-04-20 15:30:00+00:00,usdjpy,108.0715,108.1365,108.0275,108.135
2021-04-20 15:45:00+00:00,usdjpy,108.0755,108.0905,108.0415,108.0705
2021-04-20 16:00:00+00:00,usdjpy,108.0705,108.0955,108.0675,108.0745
2021-04-20 16:15:00+00:00,usdjpy,108.0725,108.0935,108.0635,108.071
2021-04-20 16:30:00+00:00,usdjpy,108.1405,108.1505,108.0715,108.0715
2021-04-20 16:45:00+00:00,usdjpy,108.1315,108.1425,108.1125,108.1415
2021-04-20 17:00:00+00:00,usdjpy,108.117,108.1335,108.1035,108.1325
2021-04-20 17:15:00+00:00,usdjpy,108.1265,108.1435,108.109,108.1165
2021-04-20 17:30:00+00:00,usdjpy,108.143,108.1485,108.117,108.127
2021-04-20 17:45:00+00:00,usdjpy,108.138,108.1525,108.1335,108.1435
2021-04-20 18:00:00+00:00,usdjpy,108.1455,108.1455,108.1285,108.1385
2021-04-20 18:15:00+00:00,usdjpy,108.1415,108.153,108.1325,108.1465
2021-04-20 18:30:00+00:00,usdjpy,108.136,108.1475,108.1275,108.1425
2021-04-20 18:45:00+00:00,usdjpy,108.1105,108.1415,108.1095,108.1365
2021-04-20 19:00:00+00:00,usdjpy,108.0895,108.1145,108.0815,108.11
2021-04-20 19:15:00+00:00,usdjpy,108.0665,108.109,108.0655,108.0905
2021-04-20 19:30:00+00:00,usdjpy,108.0665,108.0785,108.0625,108.067
2021-04-20 19:45:00+00:00,usdjpy,108.08,108.0855,108.0515,108.066
2021-04-20 20:00:00+00:00,usdjpy,108.0905,108.1115,108.0805,108.0805
2021-04-20 20:15:00+00:00,usdjpy,108.0825,108.1005,108.081,108.09
2021-04-20 20:30:00+00:00,usdjpy,108.1065,108.1065,108.079,108.083
2021-04-20 20:45:00+00:00,usdjpy,108.0945,108.1005,108.08,108.1005
2021-04-20 21:00:00+00:00,usdjpy,108.116,108.1175,108.0895,108.0965
2021-04-20 21:15:00+00:00,usdjpy,108.1105,108.1425,108.097,108.1105
2021-04-20 21:30:00+00:00,usdjpy,108.0795,108.1205,108.063,108.1085
2021-04-20 21:45:00+00:00,usdjpy,108.0805,108.0855,108.0725,108.0805
2021-04-20 22:00:00+00:00,usdjpy,108.0855,108.0895,108.071,108.081
2021-04-20 22:15:00+00:00,usdjpy,108.102,108.1055,108.0845,108.0865
2021-04-20 22:30:00+00:00,usdjpy,108.1255,108.1275,108.0985,108.1025
2021-04-20 22:45:00+00:00,usdjpy,108.1125,108.127,108.1075,108.125
2021-04-20 23:00:00+00:00,usdjpy,108.0895,108.114,108.0845,108.112
2021-04-20 23:15:00+00:00,usdjpy,108.1025,108.1025,108.0845,108.0905
2021-04-20 23:30:00+00:00,usdjpy,108.1015,108.116,108.0955,108.1015
2021-04-20 23:45:00+00:00,usdjpy,108.1335,108.1345,108.0855,108.1005
2021-04-21 00:00:00+00:00,usdjpy,108.0555,108.1455,108.0475,108.133
2021-04-21 00:15:00+00:00,usdjpy,107.9705,108.0545,107.8775,108.0545
2021-04-21 00:30:00+00:00,usdjpy,107.9645,107.9915,107.9295,107.971
2021-04-21 00:45:00+00:00,usdjpy,108.0895,108.104,107.933,107.964
2021-04-21 01:00:00+00:00,usdjpy,108.0785,108.1005,108.0485,108.089
2021-04-21 01:15:00+00:00,usdjpy,107.99,108.1105,107.9735,108.078
2021-04-21 01:30:00+00:00,usdjpy,107.928,107.993,107.9105,107.9905
2021-04-21 01:45:00+00:00,usdjpy,107.9385,107.9585,107.917,107.9285
2021-04-21 02:00:00+00:00,usdjpy,107.9175,107.9545,107.883,107.939
2021-04-21 02:15:00+00:00,usdjpy,107.9785,107.9855,107.9155,107.918
2021-04-21 02:30:00+00:00,usdjpy,107.9425,107.9785,107.9275,107.9785
2021-04-21 02:45:00+00:00,usdjpy,107.9455,107.9505,107.9145,107.943
2021-04-21 03:00:00+00:00,usdjpy,107.97,107.9775,107.9405,107.9465
2021-04-21 03:15:00+00:00,usdjpy,107.9825,107.9825,107.9615,107.9705
2021-04-21 03:30:00+00:00,usdjpy,107.972,107.9845,107.966,107.982
2021-04-21 03:45:00+00:00,usdjpy,107.9805,107.994,107.9695,107.9725
2021-04-21 04:00:00+00:00,usdjpy,108.0495,108.0545,107.9735,107.981
2021-04-21 04:15:00+00:00,usdjpy,108.0605,108.062,108.0405,108.049
2021-04-21 04:30:00+00:00,usdjpy,108.1135,108.1135,108.0485,108.0595
2021-04-21 04:45:00+00:00,usdjpy,108.0595,108.1145,108.0575,108.113
2021-04-21 05:00:00+00:00,usdjpy,108.0225,108.079,108.0215,108.059
2021-04-21 05:15:00+00:00,usdjpy,108.0215,108.0435,107.9965,108.023
2021-04-21 05:30:00+00:00,usdjpy,107.9945,108.023,107.9865,108.022
2021-04-21 05:45:00+00:00,usdjpy,108.0035,108.0285,107.9655,107.9935
2021-04-21 06:00:00+00:00,usdjpy,107.969,108.0415,107.962,108.003
2021-04-21 06:15:00+00:00,usdjpy,108.0395,108.0545,107.9685,107.9695
2021-04-21 06:30:00+00:00,usdjpy,108.013,108.0395,107.982,108.039
2021-04-21 06:45:00+00:00,usdjpy,108.0255,108.0395,108.0055,108.0125
2021-04-21 07:00:00+00:00,usdjpy,108.0235,108.0805,108.0175,108.0265
2021-04-21 07:15:00+00:00,usdjpy,108.0935,108.0935,108.0085,108.023
2021-04-21 07:30:00+00:00,usdjpy,108.2015,108.2055,108.0565,108.093
2021-04-21 07:45:00+00:00,usdjpy,108.227,108.2825,108.202,108.202
2021-04-21 08:00:00+00:00,usdjpy,108.2385,108.2675,108.2075,108.2265
2021-04-21 08:15:00+00:00,usdjpy,108.2095,108.2535,108.2095,108.238
2021-04-21 08:30:00+00:00,usdjpy,108.1745,108.2185,108.1665,108.21
2021-04-21 08:45:00+00:00,usdjpy,108.213,108.2245,108.1455,108.1735
2021-04-21 09:00:00+00:00,usdjpy,108.1985,108.222,108.1855,108.2125
2021-04-21 09:15:00+00:00,usdjpy,108.191,108.206,108.166,108.1995
2021-04-21 09:30:00+00:00,usdjpy,108.1535,108.2075,108.148,108.1915
2021-04-21 09:45:00+00:00,usdjpy,108.0825,108.1835,108.0655,108.154
2021-04-21 10:00:00+00:00,usdjpy,108.09,108.0975,108.0665,108.082
2021-04-21 10:15:00+00:00,usdjpy,108.1105,108.113,108.0625,108.0895
2021-04-21 10:30:00+00:00,usdjpy,108.1245,108.1355,108.0885,108.1095
2021-04-21 10:45:00+00:00,usdjpy,108.145,108.1475,108.1075,108.124
2021-04-21 11:00:00+00:00,usdjpy,108.1265,108.17,108.1175,108.1445
2021-04-21 11:15:00+00:00,usdjpy,108.1425,108.1425,108.1165,108.127
2021-04-21 11:30:00+00:00,usdjpy,108.1025,108.1425,108.0765,108.142
2021-04-21 11:45:00+00:00,usdjpy,108.1295,108.1295,108.089,108.102
2021-04-21 12:00:00+00:00,usdjpy,108.1015,108.1355,108.0825,108.129
2021-04-21 12:15:00+00:00,usdjpy,108.055,108.1125,108.0305,108.1005
2021-04-21 12:30:00+00:00,usdjpy,108.0205,108.0595,107.9765,108.0545
2021-04-21 12:45:00+00:00,usdjpy,108.056,108.0685,108.021,108.021
2021-04-21 13:00:00+00:00,usdjpy,108.0525,108.07,107.9795,108.0555
2021-04-21 13:15:00+00:00,usdjpy,108.0515,108.0645,108.0125,108.0535
2021-04-21 13:30:00+00:00,usdjpy,108.0335,108.0745,108.006,108.0505
2021-04-21 13:45:00+00:00,usdjpy,108.0655,108.1185,108.0245,108.0325
2021-04-21 14:00:00+00:00,usdjpy,108.1905,108.1955,108.0665,108.0665
2021-04-21 14:15:00+00:00,usdjpy,108.1225,108.1905,108.1115,108.19
2021-04-21 14:30:00+00:00,usdjpy,108.1845,108.185,108.1205,108.123
2021-04-21 14:45:00+00:00,usdjpy,108.1615,108.184,108.1295,108.184
2021-04-21 15:00:00+00:00,usdjpy,108.1225,108.1785,108.1145,108.1615
2021-04-21 15:15:00+00:00,usdjpy,108.0905,108.1435,108.0785,108.1215
2021-04-21 15:30:00+00:00,usdjpy,108.0915,108.0975,108.0685,108.091
2021-04-21 15:45:00+00:00,usdjpy,108.0985,108.1075,108.083,108.0905
2021-04-21 16:00:00+00:00,usdjpy,108.1095,108.1165,108.0775,108.0975
2021-04-21 16:15:00+00:00,usdjpy,108.1335,108.146,108.1095,108.11
2021-04-21 16:30:00+00:00,usdjpy,108.114,108.1395,108.1005,108.1325
2021-04-21 16:45:00+00:00,usdjpy,108.1025,108.118,108.0885,108.1145
2021-04-21 17:00:00+00:00,usdjpy,108.0765,108.1065,108.0675,108.1035
2021-04-21 17:15:00+00:00,usdjpy,108.1085,108.1125,108.077,108.077
2021-04-21 17:30:00+00:00,usdjpy,108.1115,108.1135,108.097,108.108
2021-04-21 17:45:00+00:00,usdjpy,108.1125,108.1235,108.0945,108.112
2021-04-21 18:00:00+00:00,usdjpy,108.1215,108.133,108.1075,108.113
2021-04-21 18:15:00+00:00,usdjpy,108.1205,108.1285,108.1135,108.1225
2021-04-21 18:30:00+00:00,usdjpy,108.1125,108.1315,108.1075,108.121
2021-04-21 18:45:00+00:00,usdjpy,108.0975,108.1195,108.0935,108.1115
2021-04-21 19:00:00+00:00,usdjpy,108.079,108.1165,108.0765,108.0965
2021-04-21 19:15:00+00:00,usdjpy,108.0615,108.086,108.0555,108.0785
2021-04-21 19:30:00+00:00,usdjpy,108.0665,108.0675,108.0545,108.061
2021-04-21 19:45:00+00:00,usdjpy,108.0595,108.0735,108.0585,108.0655
2021-04-21 20:00:00+00:00,usdjpy,108.0675,108.0845,108.0575,108.059
2021-04-21 20:15:00+00:00,usdjpy,108.0795,108.083,108.0605,108.067
2021-04-21 20:30:00+00:00,usdjpy,108.0695,108.0785,108.0695,108.0785
2021-04-21 20:45:00+00:00,usdjpy,108.0705,108.0785,108.0485,108.0705
2021-04-21 21:00:00+00:00,usdjpy,108.0705,108.0855,108.0695,108.0835
2021-04-21 21:15:00+00:00,usdjpy,108.0785,108.079,108.0715,108.0745
2021-04-21 21:30:00+00:00,usdjpy,108.072,108.0795,108.07,108.0765
2021-04-21 21:45:00+00:00,usdjpy,108.071,108.0885,108.062,108.0725
2021-04-21 22:00:00+00:00,usdjpy,108.0665,108.0715,108.0505,108.0715
2021-04-21 22:15:00+00:00,usdjpy,108.0615,108.067,108.0605,108.066
2021-04-21 22:30:00+00:00,usdjpy,108.0435,108.061,108.0405,108.061
2021-04-21 22:45:00+00:00,usdjpy,108.0335,108.0445,108.0305,108.0425
2021-04-21 23:00:00+00:00,usdjpy,108.0255,108.038,108.0175,108.0345
2021-04-21 23:15:00+00:00,usdjpy,108.0255,108.0275,108.0185,108.025
2021-04-21 23:30:00+00:00,usdjpy,108.0305,108.0325,108.0165,108.0265
2021-04-21 23:45:00+00:00,usdjpy,108.0445,108.0495,108.0175,108.031
2021-04-22 00:00:00+00:00,usdjpy,108.0615,108.0625,107.9785,108.045
2021-04-22 00:15:00+00:00,usdjpy,108.1075,108.1425,108.047,108.0625
2021-04-22 00:30:00+00:00,usdjpy,108.0535,108.1105,108.0365,108.1065
2021-04-22 00:45:00+00:00,usdjpy,108.0255,108.0555,107.9535,108.0545
2021-04-22 01:00:00+00:00,usdjpy,108.0565,108.0645,107.9915,108.0245
2021-04-22 01:15:00+00:00,usdjpy,108.0395,108.0575,108.0235,108.056
2021-04-22 01:30:00+00:00,usdjpy,108.0155,108.039,107.998,108.039
2021-04-22 01:45:00+00:00,usdjpy,108.0095,108.025,107.9865,108.0145
2021-04-22 02:00:00+00:00,usdjpy,107.9885,108.0205,107.9885,108.009
2021-04-22 02:15:00+00:00,usdjpy,107.9805,108.0035,107.9745,107.988
2021-04-22 02:30:00+00:00,usdjpy,107.9875,108.005,107.9775,107.9795
2021-04-22 02:45:00+00:00,usdjpy,108.0015,108.0045,107.9845,107.9865
2021-04-22 03:00:00+00:00,usdjpy,107.9915,108.0035,107.9875,108.0005
2021-04-22 03:15:00+00:00,usdjpy,107.9985,108.0015,107.9875,107.9905
2021-04-22 03:30:00+00:00,usdjpy,108.0245,108.0265,107.997,107.999
2021-04-22 03:45:00+00:00,usdjpy,108.007,108.0245,107.9935,108.024
2021-04-22 04:00:00+00:00,usdjpy,107.9975,108.0085,107.993,108.0075
2021-04-22 04:15:00+00:00,usdjpy,107.9745,108.0005,107.9675,107.998
2021-04-22 04:30:00+00:00,usdjpy,107.9365,107.9825,107.9165,107.974
2021-04-22 04:45:00+00:00,usdjpy,107.9695,107.9705,107.9375,107.9375
2021-04-22 05:00:00+00:00,usdjpy,107.9735,107.9805,107.955,107.97
2021-04-22 05:15:00+00:00,usdjpy,107.9875,107.9945,107.9615,107.973
2021-04-22 05:30:00+00:00,usdjpy,107.9945,107.9985,107.9755,107.987
2021-04-22 05:45:00+00:00,usdjpy,108.0345,108.0395,107.9665,107.995
2021-04-22 06:00:00+00:00,usdjpy,108.0295,108.05,108.0075,108.034
2021-04-22 06:15:00+00:00,usdjpy,107.99,108.0525,107.9805,108.029
2021-04-22 06:30:00+00:00,usdjpy,107.9755,107.9975,107.9405,107.9905
2021-04-22 06:45:00+00:00,usdjpy,107.8995,107.9795,107.8605,107.9765
2021-04-22 07:00:00+00:00,usdjpy,107.8475,107.905,107.8145,107.9
2021-04-22 07:15:00+00:00,usdjpy,107.8255,107.8785,107.8255,107.847
2021-04-22 07:30:00+00:00,usdjpy,107.8595,107.8945,107.8235,107.825
2021-04-22 07:45:00+00:00,usdjpy,107.8935,107.8995,107.8325,107.86
2021-04-22 08:00:00+00:00,usdjpy,107.9585,107.9645,107.894,107.894
2021-04-22 08:15:00+00:00,usdjpy,107.9935,107.9985,107.9525,107.9595
2021-04-22 08:30:00+00:00,usdjpy,108.0795,108.098,107.9725,107.9925
2021-04-22 08:45:00+00:00,usdjpy,108.0405,108.1115,108.0285,108.079
2021-04-22 09:00:00+00:00,usdjpy,108.0605,108.0605,108.0175,108.0395
2021-04-22 09:15:00+00:00,usdjpy,108.0645,108.0975,108.0545,108.0595
2021-04-22 09:30:00+00:00,usdjpy,108.0785,108.0895,108.0465,108.064
2021-04-22 09:45:00+00:00,usdjpy,108.0695,108.079,108.0405,108.079
2021-04-22 10:00:00+00:00,usdjpy,108.0265,108.069,107.9835,108.069
2021-04-22 10:15:00+00:00,usdjpy,108.0435,108.0445,108.012,108.026
2021-04-22 10:30:00+00:00,usdjpy,108.0305,108.0485,108.0235,108.044
2021-04-22 10:45:00+00:00,usdjpy,108.0265,108.0385,108.021,108.0315
2021-04-22 11:00:00+00:00,usdjpy,108.0055,108.0425,107.961,108.0255
2021-04-22 11:15:00+00:00,usdjpy,107.993,108.0115,107.9805,108.005
2021-04-22 11:30:00+00:00,usdjpy,108.0395,108.0475,107.9725,107.9925
2021-04-22 11:45:00+00:00,usdjpy,108.0745,108.1135,108.033,108.039
2021-04-22 12:00:00+00:00,usdjpy,108.169,108.1915,108.0705,108.0755
2021-04-22 12:15:00+00:00,usdjpy,108.1715,108.2055,108.1525,108.1685
2021-04-22 12:30:00+00:00,usdjpy,108.1235,108.1885,108.1155,108.171
2021-04-22 12:45:00+00:00,usdjpy,108.1265,108.1645,108.0825,108.123
2021-04-22 13:00:00+00:00,usdjpy,108.0945,108.1255,108.0865,108.1255
2021-04-22 13:30:00+00:00,usdjpy,108.0645,108.1115,108.042,108.094
2021-04-22 13:45:00+00:00,usdjpy,108.0555,108.0825,108.0295,108.0635
2021-04-22 14:00:00+00:00,usdjpy,108.0305,108.0585,107.9505,108.0585
2021-04-22 14:15:00+00:00,usdjpy,108.0955,108.096,108.0415,108.0415
2021-04-22 14:30:00+00:00,usdjpy,108.059,108.1085,108.039,108.094
2021-04-22 14:45:00+00:00,usdjpy,108.0,108.0855,107.9925,108.0585
2021-04-22 15:00:00+00:00,usdjpy,108.0385,108.0485,107.9925,107.998
2021-04-22 15:15:00+00:00,usdjpy,108.1425,108.1465,108.0295,108.039
2021-04-22 15:30:00+00:00,usdjpy,108.1435,108.1655,108.1125,108.143
2021-04-22 15:45:00+00:00,usdjpy,108.1645,108.1645,108.119,108.144
2021-04-22 16:00:00+00:00,usdjpy,108.1575,108.1845,108.1455,108.165
2021-04-22 16:15:00+00:00,usdjpy,108.1415,108.173,108.1115,108.157
2021-04-22 16:30:00+00:00,usdjpy,108.185,108.1945,108.1265,108.141
2021-04-22 16:45:00+00:00,usdjpy,108.205,108.2335,108.1645,108.1845
2021-04-22 17:00:00+00:00,usdjpy,108.1475,108.234,108.1,108.2055
2021-04-22 17:15:00+00:00,usdjpy,108.1605,108.169,108.1045,108.148
2021-04-22 17:30:00+00:00,usdjpy,108.0915,108.1605,108.0755,108.1595
2021-04-22 17:45:00+00:00,usdjpy,108.064,108.12,108.0505,108.091
2021-04-22 18:00:00+00:00,usdjpy,108.115,108.118,108.034,108.0635
2021-04-22 18:15:00+00:00,usdjpy,108.1365,108.1435,108.1015,108.1145
2021-04-22 18:30:00+00:00,usdjpy,108.1285,108.143,108.1145,108.137
2021-04-22 18:45:00+00:00,usdjpy,108.0885,108.1385,108.0875,108.1295
2021-04-22 19:00:00+00:00,usdjpy,108.0835,108.1095,108.0795,108.089
2021-04-22 19:15:00+00:00,usdjpy,108.0385,108.083,108.029,108.083
2021-04-22 19:30:00+00:00,usdjpy,108.0415,108.0525,108.0255,108.038
2021-04-22 19:45:00+00:00,usdjpy,108.0305,108.0485,108.0095,108.0425
2021-04-22 20:00:00+00:00,usdjpy,108.0115,108.031,107.9875,108.031
2021-04-22 20:15:00+00:00,usdjpy,107.9925,108.0155,107.9905,108.012
2021-04-22 20:30:00+00:00,usdjpy,107.9695,107.993,107.9685,107.993
2021-04-22 20:45:00+00:00,usdjpy,107.972,107.9745,107.964,107.9705
2021-04-22 21:00:00+00:00,usdjpy,107.9465,107.9795,107.9395,107.9535
2021-04-22 21:15:00+00:00,usdjpy,107.9475,107.9575,107.9405,107.9535
2021-04-22 21:30:00+00:00,usdjpy,107.961,107.9645,107.9375,107.9485
2021-04-22 21:45:00+00:00,usdjpy,107.961,107.9655,107.9495,107.9605
2021-04-22 22:00:00+00:00,usdjpy,107.9695,107.9725,107.9385,107.9615
2021-04-22 22:15:00+00:00,usdjpy,107.9585,107.9695,107.952,107.969
2021-04-22 22:30:00+00:00,usdjpy,107.9695,107.9725,107.9555,107.959
2021-04-22 22:45:00+00:00,usdjpy,108.0035,108.0035,107.9685,107.969
2021-04-22 23:00:00+00:00,usdjpy,107.9765,108.0045,107.9745,108.004
2021-04-22 23:15:00+00:00,usdjpy,107.9765,107.9845,107.954,107.9755
2021-04-22 23:30:00+00:00,usdjpy,107.9715,107.976,107.9455,107.976
2021-04-22 23:45:00+00:00,usdjpy,107.9885,107.9895,107.9675,107.971
2021-04-23 00:00:00+00:00,usdjpy,107.9185,107.9915,107.8785,107.988
2021-04-23 00:15:00+00:00,usdjpy,107.8845,107.9455,107.8825,107.9195
2021-04-23 00:30:00+00:00,usdjpy,107.9035,107.9315,107.8735,107.8855
2021-04-23 00:45:00+00:00,usdjpy,107.8795,107.9305,107.861,107.9025
2021-04-23 01:00:00+00:00,usdjpy,107.8915,107.9105,107.8045,107.8805
2021-04-23 01:15:00+00:00,usdjpy,107.9235,107.9255,107.8745,107.8905
2021-04-23 01:30:00+00:00,usdjpy,107.9325,107.9655,107.9245,107.9245
2021-04-23 01:45:00+00:00,usdjpy,107.923,107.9435,107.9175,107.9335
2021-04-23 02:00:00+00:00,usdjpy,107.9265,107.9475,107.914,107.9235
2021-04-23 02:15:00+00:00,usdjpy,107.949,107.9625,107.9195,107.926
2021-04-23 02:30:00+00:00,usdjpy,107.9375,107.9565,107.9365,107.9485
2021-04-23 02:45:00+00:00,usdjpy,107.9565,107.973,107.938,107.938
2021-04-23 03:00:00+00:00,usdjpy,107.9525,107.97,107.9495,107.9575
2021-04-23 03:15:00+00:00,usdjpy,107.9465,107.9615,107.9425,107.952
2021-04-23 03:30:00+00:00,usdjpy,107.9265,107.9525,107.9265,107.947
2021-04-23 03:45:00+00:00,usdjpy,107.9255,107.9385,107.924,107.927
2021-04-23 04:00:00+00:00,usdjpy,107.931,107.9325,107.9145,107.9265
2021-04-23 04:15:00+00:00,usdjpy,107.889,107.9325,107.889,107.9315
2021-04-23 04:30:00+00:00,usdjpy,107.8815,107.9075,107.8815,107.8885
2021-04-23 04:45:00+00:00,usdjpy,107.9025,107.9025,107.8795,107.882
2021-04-23 05:00:00+00:00,usdjpy,107.891,107.9065,107.8835,107.9015
2021-04-23 05:15:00+00:00,usdjpy,107.8775,107.8945,107.866,107.8905
2021-04-23 05:30:00+00:00,usdjpy,107.8915,107.896,107.8705,107.878
2021-04-23 05:45:00+00:00,usdjpy,107.8915,107.901,107.8785,107.891
2021-04-23 06:00:00+00:00,usdjpy,107.9245,107.9265,107.8845,107.891
2021-04-23 06:15:00+00:00,usdjpy,107.9535,107.956,107.9115,107.9255
2021-04-23 06:30:00+00:00,usdjpy,107.9235,107.9605,107.9175,107.9545
2021-04-23 06:45:00+00:00,usdjpy,107.881,107.9315,107.862,107.9225
2021-04-23 07:00:00+00:00,usdjpy,107.8995,107.9175,107.8545,107.8805
2021-04-23 07:15:00+00:00,usdjpy,107.9615,107.971,107.8955,107.8985
2021-04-23 07:30:00+00:00,usdjpy,107.893,107.9835,107.8875,107.9585
2021-04-23 07:45:00+00:00,usdjpy,107.9135,107.9375,107.8835,107.8935
2021-04-23 08:00:00+00:00,usdjpy,107.9435,107.9665,107.9105,107.9145
2021-04-23 08:15:00+00:00,usdjpy,107.9075,107.943,107.8755,107.943
2021-04-23 08:30:00+00:00,usdjpy,107.9125,107.924,107.894,107.908
2021-04-23 08:45:00+00:00,usdjpy,107.9135,107.9415,107.8995,107.912
2021-04-23 09:00:00+00:00,usdjpy,107.926,107.9315,107.9005,107.914
2021-04-23 09:15:00+00:00,usdjpy,107.8895,107.9365,107.8845,107.9255
2021-04-23 09:30:00+00:00,usdjpy,107.9225,107.9255,107.8835,107.89
2021-04-23 09:45:00+00:00,usdjpy,107.9025,107.9265,107.8925,107.9215
2021-04-23 10:00:00+00:00,usdjpy,107.9055,107.9055,107.8675,107.903
2021-04-23 10:15:00+00:00,usdjpy,107.8945,107.9075,107.8825,107.906
2021-04-23 10:30:00+00:00,usdjpy,107.8815,107.8995,107.8685,107.895
2021-04-23 10:45:00+00:00,usdjpy,107.8535,107.8935,107.8465,107.881
2021-04-23 11:00:00+00:00,usdjpy,107.8525,107.8845,107.8465,107.8545
2021-04-23 11:15:00+00:00,usdjpy,107.825,107.8625,107.8185,107.853
2021-04-23 11:30:00+00:00,usdjpy,107.8285,107.8485,107.7985,107.8245
2021-04-23 11:45:00+00:00,usdjpy,107.7805,107.8275,107.7575,107.8275
2021-04-23 12:00:00+00:00,usdjpy,107.729,107.7945,107.6695,107.7815
2021-04-23 12:15:00+00:00,usdjpy,107.6005,107.7455,107.56,107.7295
2021-04-23 12:30:00+00:00,usdjpy,107.5595,107.6075,107.527,107.601
2021-04-23 12:45:00+00:00,usdjpy,107.5165,107.5605,107.479,107.56
2021-04-23 13:00:00+00:00,usdjpy,107.636,107.6395,107.511,107.516
2021-04-23 13:15:00+00:00,usdjpy,107.632,107.6485,107.588,107.6355
2021-04-23 13:30:00+00:00,usdjpy,107.6655,107.7035,107.5855,107.6315
2021-04-23 13:45:00+00:00,usdjpy,107.7965,107.8135,107.6625,107.666
2021-04-23 14:00:00+00:00,usdjpy,107.8845,107.897,107.7965,107.797
2021-04-23 14:15:00+00:00,usdjpy,107.9885,107.9965,107.885,107.885
2021-04-23 14:30:00+00:00,usdjpy,108.0065,108.0295,107.945,107.988
2021-04-23 14:45:00+00:00,usdjpy,108.1115,108.1475,108.001,108.0055
2021-04-23 15:00:00+00:00,usdjpy,108.0745,108.0925,108.0295,108.0885
2021-04-23 15:15:00+00:00,usdjpy,108.0285,108.0785,108.0225,108.0735
2021-04-23 15:30:00+00:00,usdjpy,107.9835,108.0345,107.9755,108.0275
2021-04-23 15:45:00+00:00,usdjpy,107.9495,107.9865,107.927,107.9825
2021-04-23 16:00:00+00:00,usdjpy,107.9415,107.964,107.9205,107.9485
2021-04-23 16:15:00+00:00,usdjpy,107.9685,107.97,107.9405,107.941
2021-04-23 16:30:00+00:00,usdjpy,107.9715,107.9835,107.9635,107.969
2021-04-23 16:45:00+00:00,usdjpy,107.977,107.9825,107.9645,107.9705
2021-04-23 17:00:00+00:00,usdjpy,107.9465,107.9785,107.9375,107.9775
2021-04-23 17:15:00+00:00,usdjpy,107.9475,107.973,107.9465,107.947
2021-04-23 17:30:00+00:00,usdjpy,107.9535,107.9605,107.9395,107.947
2021-04-23 17:45:00+00:00,usdjpy,107.9465,107.9715,107.9465,107.953
2021-04-23 18:00:00+00:00,usdjpy,107.9595,107.9665,107.9425,107.946
2021-04-23 18:15:00+00:00,usdjpy,107.9365,107.9595,107.9335,107.959
2021-04-23 18:30:00+00:00,usdjpy,107.9305,107.947,107.9285,107.9375
2021-04-23 18:45:00+00:00,usdjpy,107.9295,107.9385,107.9275,107.931
2021-04-23 19:00:00+00:00,usdjpy,107.9325,107.9505,107.9275,107.93
2021-04-23 19:15:00+00:00,usdjpy,107.9085,107.94,107.9085,107.933
2021-04-23 19:30:00+00:00,usdjpy,107.8795,107.9175,107.861,107.909
2021-04-23 19:45:00+00:00,usdjpy,107.8955,107.8985,107.8655,107.8785
2021-04-23 20:00:00+00:00,usdjpy,107.905,107.905,107.8885,107.896
2021-04-23 20:15:00+00:00,usdjpy,107.8885,107.9055,107.8875,107.9055
2021-04-23 20:30:00+00:00,usdjpy,107.8905,107.9125,107.8865,107.8895
2021-04-23 20:45:00+00:00,usdjpy,107.9165,107.9165,107.8675,107.891
2021-04-25 21:00:00+00:00,usdjpy,107.9205,107.9635,107.9135,107.9505
2021-04-25 21:15:00+00:00,usdjpy,107.9305,107.949,107.917,107.9185
2021-04-25 21:30:00+00:00,usdjpy,107.944,107.949,107.928,107.93
2021-04-25 21:45:00+00:00,usdjpy,107.9445,107.9465,107.9365,107.9465
2021-04-25 22:00:00+00:00,usdjpy,107.901,107.9635,107.893,107.9435
2021-04-25 22:15:00+00:00,usdjpy,107.9185,107.931,107.9005,107.9005
2021-04-25 22:30:00+00:00,usdjpy,107.9075,107.9205,107.8665,107.9175
2021-04-25 22:45:00+00:00,usdjpy,107.8945,107.9125,107.8835,107.907
2021-04-25 23:00:00+00:00,usdjpy,107.8855,107.9025,107.8825,107.894
2021-04-25 23:15:00+00:00,usdjpy,107.8885,107.8945,107.8725,107.885
2021-04-25 23:30:00+00:00,usdjpy,107.8775,107.8975,107.8775,107.888
2021-04-25 23:45:00+00:00,usdjpy,107.8845,107.8895,107.8675,107.877
2021-04-26 00:00:00+00:00,usdjpy,107.9085,107.9115,107.825,107.8835
2021-04-26 00:15:00+00:00,usdjpy,107.8925,107.9425,107.8815,107.908
2021-04-26 00:30:00+00:00,usdjpy,107.8315,107.8955,107.8125,107.893
2021-04-26 00:45:00+00:00,usdjpy,107.882,107.8995,107.829,107.831
2021-04-26 01:00:00+00:00,usdjpy,107.8395,107.8815,107.8035,107.8815
2021-04-26 01:15:00+00:00,usdjpy,107.8025,107.8485,107.7945,107.84
2021-04-26 01:30:00+00:00,usdjpy,107.7875,107.8125,107.7565,107.8035
2021-04-26 01:45:00+00:00,usdjpy,107.7745,107.7985,107.7495,107.7865
2021-04-26 02:00:00+00:00,usdjpy,107.7285,107.7805,107.7205,107.775
2021-04-26 02:15:00+00:00,usdjpy,107.7195,107.7465,107.7095,107.728
2021-04-26 02:30:00+00:00,usdjpy,107.7405,107.7505,107.7145,107.72
2021-04-26 02:45:00+00:00,usdjpy,107.7265,107.7495,107.7255,107.7395
2021-04-26 03:00:00+00:00,usdjpy,107.7465,107.7625,107.7275,107.7275
2021-04-26 03:15:00+00:00,usdjpy,107.7105,107.7485,107.6835,107.7455
2021-04-26 03:30:00+00:00,usdjpy,107.7065,107.7385,107.6975,107.711
2021-04-26 03:45:00+00:00,usdjpy,107.7165,107.7225,107.6955,107.7075
2021-04-26 04:00:00+00:00,usdjpy,107.688,107.7195,107.6745,107.716
2021-04-26 04:15:00+00:00,usdjpy,107.668,107.7025,107.6525,107.6875
2021-04-26 04:30:00+00:00,usdjpy,107.6855,107.6855,107.6615,107.6685
2021-04-26 04:45:00+00:00,usdjpy,107.7185,107.7205,107.681,107.685
2021-04-26 05:00:00+00:00,usdjpy,107.7095,107.7365,107.6965,107.719
2021-04-26 05:15:00+00:00,usdjpy,107.7275,107.7395,107.7065,107.7085
2021-04-26 05:30:00+00:00,usdjpy,107.7155,107.7525,107.7055,107.728
2021-04-26 05:45:00+00:00,usdjpy,107.7985,107.8165,107.6895,107.716
2021-04-26 06:00:00+00:00,usdjpy,107.7815,107.8275,107.7705,107.798
2021-04-26 06:15:00+00:00,usdjpy,107.7895,107.8265,107.7575,107.782
2021-04-26 06:30:00+00:00,usdjpy,107.8025,107.8545,107.777,107.79
2021-04-26 06:45:00+00:00,usdjpy,107.8375,107.853,107.772,107.803
2021-04-26 07:00:00+00:00,usdjpy,107.7325,107.8445,107.7055,107.8385
2021-04-26 07:15:00+00:00,usdjpy,107.7345,107.7565,107.693,107.7315
2021-04-26 07:30:00+00:00,usdjpy,107.7705,107.7865,107.7205,107.734
2021-04-26 07:45:00+00:00,usdjpy,107.719,107.7795,107.705,107.7705
2021-04-26 08:00:00+00:00,usdjpy,107.7025,107.7705,107.6785,107.7185
2021-04-26 08:15:00+00:00,usdjpy,107.6875,107.7195,107.6605,107.703
2021-04-26 08:30:00+00:00,usdjpy,107.6715,107.7175,107.6435,107.6865
2021-04-26 08:45:00+00:00,usdjpy,107.7125,107.7215,107.6525,107.6705
2021-04-26 09:00:00+00:00,usdjpy,107.6975,107.721,107.6735,107.7115
2021-04-26 09:15:00+00:00,usdjpy,107.7125,107.725,107.665,107.697
2021-04-26 09:30:00+00:00,usdjpy,107.7175,107.7295,107.7025,107.712
2021-04-26 09:45:00+00:00,usdjpy,107.7355,107.743,107.7075,107.718
2021-04-26 10:00:00+00:00,usdjpy,107.7415,107.7445,107.7105,107.7345
2021-04-26 10:15:00+00:00,usdjpy,107.7265,107.7555,107.7215,107.7425
2021-04-26 10:30:00+00:00,usdjpy,107.762,107.7785,107.7215,107.726
2021-04-26 10:45:00+00:00,usdjpy,107.7755,107.7865,107.7475,107.7615
2021-04-26 11:00:00+00:00,usdjpy,107.8335,107.8465,107.771,107.7745
2021-04-26 11:15:00+00:00,usdjpy,107.8495,107.8785,107.8175,107.8325
2021-04-26 11:30:00+00:00,usdjpy,107.9605,107.9665,107.8435,107.8505
2021-04-26 11:45:00+00:00,usdjpy,108.0125,108.042,107.9585,107.96
2021-04-26 12:00:00+00:00,usdjpy,108.0165,108.0315,107.9915,108.012
2021-04-26 12:15:00+00:00,usdjpy,108.0565,108.1665,108.0175,108.0175
2021-04-26 12:30:00+00:00,usdjpy,108.0125,108.0755,107.9995,108.056
2021-04-26 12:45:00+00:00,usdjpy,108.074,108.077,108.0015,108.013
2021-04-26 13:00:00+00:00,usdjpy,108.064,108.0945,108.0245,108.0745
2021-04-26 13:15:00+00:00,usdjpy,108.0205,108.0895,108.009,108.063
2021-04-26 13:30:00+00:00,usdjpy,108.0195,108.0455,107.9715,108.0195
2021-04-26 13:45:00+00:00,usdjpy,108.0165,108.0435,107.9935,108.019
2021-04-26 14:00:00+00:00,usdjpy,107.9705,108.0165,107.9495,108.016
2021-04-26 14:15:00+00:00,usdjpy,107.9565,107.9705,107.898,107.97
2021-04-26 14:30:00+00:00,usdjpy,107.9325,107.9745,107.9305,107.956
2021-04-26 14:45:00+00:00,usdjpy,108.0835,108.106,107.9175,107.932
2021-04-26 15:00:00+00:00,usdjpy,108.1885,108.1985,108.0655,108.077
2021-04-26 15:15:00+00:00,usdjpy,108.1445,108.1935,108.132,108.189
2021-04-26 15:30:00+00:00,usdjpy,108.1325,108.159,108.1215,108.144
2021-04-26 15:45:00+00:00,usdjpy,108.1285,108.1525,108.1235,108.132
2021-04-26 16:00:00+00:00,usdjpy,108.1615,108.166,108.119,108.1275
2021-04-26 16:15:00+00:00,usdjpy,108.1455,108.1825,108.1305,108.161
2021-04-26 16:30:00+00:00,usdjpy,108.1445,108.1515,108.12,108.1465
2021-04-26 16:45:00+00:00,usdjpy,108.1275,108.1475,108.1215,108.1435
2021-04-26 17:00:00+00:00,usdjpy,108.1555,108.1555,108.095,108.128
2021-04-26 17:15:00+00:00,usdjpy,108.1385,108.1545,108.1285,108.1545
2021-04-26 17:30:00+00:00,usdjpy,108.1445,108.156,108.116,108.139
2021-04-26 17:45:00+00:00,usdjpy,108.128,108.148,108.119,108.145
2021-04-26 18:00:00+00:00,usdjpy,108.113,108.1315,108.1045,108.1275
2021-04-26 18:15:00+00:00,usdjpy,108.104,108.1135,108.0975,108.1135
2021-04-26 18:30:00+00:00,usdjpy,108.1285,108.1365,108.0985,108.1035
2021-04-26 18:45:00+00:00,usdjpy,108.1175,108.1285,108.1135,108.1275
2021-04-26 19:00:00+00:00,usdjpy,108.116,108.1185,108.1085,108.117
2021-04-26 19:15:00+00:00,usdjpy,108.1165,108.1385,108.1145,108.1165
2021-04-26 19:30:00+00:00,usdjpy,108.123,108.1285,108.1045,108.117
2021-04-26 19:45:00+00:00,usdjpy,108.1265,108.1385,108.118,108.1215
2021-04-26 20:00:00+00:00,usdjpy,108.1375,108.1385,108.1205,108.127
2021-04-26 20:15:00+00:00,usdjpy,108.1155,108.1395,108.1145,108.1365
2021-04-26 20:30:00+00:00,usdjpy,108.0995,108.1155,108.0955,108.1145
2021-04-26 20:45:00+00:00,usdjpy,108.0935,108.0995,108.084,108.0985
2021-04-26 21:00:00+00:00,usdjpy,108.09,108.0955,108.0815,108.082
2021-04-26 21:15:00+00:00,usdjpy,108.12,108.1335,108.0815,108.0815
2021-04-26 21:30:00+00:00,usdjpy,108.1215,108.1245,108.1005,108.1195
2021-04-26 21:45:00+00:00,usdjpy,108.0965,108.124,108.0965,108.1205
2021-04-26 22:00:00+00:00,usdjpy,108.1175,108.123,108.094,108.096
2021-04-26 22:15:00+00:00,usdjpy,108.144,108.1455,108.1175,108.1185
2021-04-26 22:30:00+00:00,usdjpy,108.161,108.2045,108.136,108.1445
2021-04-26 22:45:00+00:00,usdjpy,108.1665,108.1875,108.158,108.1605
2021-04-26 23:00:00+00:00,usdjpy,108.197,108.2105,108.1635,108.1675
2021-04-26 23:15:00+00:00,usdjpy,108.1805,108.1965,108.1775,108.1965
2021-04-26 23:30:00+00:00,usdjpy,108.1845,108.1855,108.1585,108.18
2021-04-26 23:45:00+00:00,usdjpy,108.2015,108.2025,108.1615,108.184
2021-04-27 00:00:00+00:00,usdjpy,108.1395,108.2235,108.1185,108.2005
2021-04-27 00:15:00+00:00,usdjpy,108.1535,108.1595,108.106,108.139
2021-04-27 00:30:00+00:00,usdjpy,108.178,108.1955,108.1475,108.1545
2021-04-27 00:45:00+00:00,usdjpy,108.1325,108.188,108.1015,108.1785
2021-04-27 01:00:00+00:00,usdjpy,108.2035,108.2075,108.1295,108.132
2021-04-27 01:15:00+00:00,usdjpy,108.2795,108.2885,108.202,108.204
2021-04-27 01:30:00+00:00,usdjpy,108.2775,108.3015,108.2365,108.2785
2021-04-27 01:45:00+00:00,usdjpy,108.3185,108.3485,108.2625,108.277
2021-04-27 02:00:00+00:00,usdjpy,108.3565,108.3715,108.3155,108.318
2021-04-27 02:15:00+00:00,usdjpy,108.3845,108.386,108.3355,108.3555
2021-04-27 02:30:00+00:00,usdjpy,108.373,108.3845,108.3465,108.3835
2021-04-27 02:45:00+00:00,usdjpy,108.3475,108.3865,108.3435,108.3725
2021-04-27 03:00:00+00:00,usdjpy,108.3105,108.3605,108.2695,108.347
2021-04-27 03:15:00+00:00,usdjpy,108.2895,108.321,108.283,108.311
2021-04-27 03:30:00+00:00,usdjpy,108.2615,108.289,108.2405,108.289
2021-04-27 03:45:00+00:00,usdjpy,108.2725,108.28,108.2355,108.2605
2021-04-27 04:00:00+00:00,usdjpy,108.2825,108.302,108.27,108.272
2021-04-27 04:15:00+00:00,usdjpy,108.25,108.2935,108.2405,108.2835
2021-04-27 04:30:00+00:00,usdjpy,108.2445,108.2545,108.2355,108.2495
2021-04-27 04:45:00+00:00,usdjpy,108.224,108.2545,108.2175,108.244
2021-04-27 05:00:00+00:00,usdjpy,108.234,108.2345,108.2135,108.2235
2021-04-27 05:15:00+00:00,usdjpy,108.2625,108.2655,108.2285,108.2335
2021-04-27 05:30:00+00:00,usdjpy,108.2165,108.262,108.2155,108.262
2021-04-27 05:45:00+00:00,usdjpy,108.2185,108.2285,108.1945,108.217
2021-04-27 06:00:00+00:00,usdjpy,108.1955,108.2475,108.1705,108.218
2021-04-27 06:15:00+00:00,usdjpy,108.2185,108.2325,108.1795,108.195
2021-04-27 06:30:00+00:00,usdjpy,108.2505,108.2585,108.1775,108.2175
2021-04-27 06:45:00+00:00,usdjpy,108.2765,108.284,108.2305,108.251
2021-04-27 07:00:00+00:00,usdjpy,108.2945,108.3085,108.2195,108.276
2021-04-27 07:15:00+00:00,usdjpy,108.3245,108.3355,108.2775,108.2935
2021-04-27 07:30:00+00:00,usdjpy,108.2945,108.3385,108.2815,108.3235
2021-04-27 07:45:00+00:00,usdjpy,108.3305,108.3555,108.2935,108.2935
2021-04-27 08:00:00+00:00,usdjpy,108.3815,108.3975,108.3275,108.331
2021-04-27 08:15:00+00:00,usdjpy,108.3595,108.3845,108.3175,108.382
2021-04-27 08:30:00+00:00,usdjpy,108.3375,108.371,108.3245,108.36
2021-04-27 08:45:00+00:00,usdjpy,108.353,108.3595,108.3255,108.337
2021-04-27 09:00:00+00:00,usdjpy,108.4165,108.4265,108.3465,108.3535
2021-04-27 09:15:00+00:00,usdjpy,108.3645,108.4235,108.3495,108.416
2021-04-27 09:30:00+00:00,usdjpy,108.3685,108.3995,108.351,108.365
2021-04-27 09:45:00+00:00,usdjpy,108.2925,108.3675,108.2655,108.3675
2021-04-27 10:00:00+00:00,usdjpy,108.3065,108.3125,108.2525,108.292
2021-04-27 10:15:00+00:00,usdjpy,108.3195,108.3465,108.3055,108.306
2021-04-27 10:30:00+00:00,usdjpy,108.3195,108.3385,108.3045,108.32
2021-04-27 10:45:00+00:00,usdjpy,108.2845,108.3315,108.2775,108.3185
2021-04-27 11:00:00+00:00,usdjpy,108.2675,108.2945,108.2425,108.285
2021-04-27 11:15:00+00:00,usdjpy,108.2975,108.3215,108.2585,108.2665
2021-04-27 11:30:00+00:00,usdjpy,108.2585,108.303,108.2525,108.2985
2021-04-27 11:45:00+00:00,usdjpy,108.2315,108.2595,108.2055,108.2575
2021-04-27 12:00:00+00:00,usdjpy,108.282,108.3065,108.2305,108.232
2021-04-27 12:15:00+00:00,usdjpy,108.2735,108.2895,108.2245,108.2815
2021-04-27 12:30:00+00:00,usdjpy,108.3035,108.3305,108.2735,108.274
2021-04-27 12:45:00+00:00,usdjpy,108.28,108.3205,108.2635,108.304
2021-04-27 13:00:00+00:00,usdjpy,108.3255,108.328,108.2545,108.2805
2021-04-27 13:15:00+00:00,usdjpy,108.3885,108.3995,108.3175,108.3265
2021-04-27 13:30:00+00:00,usdjpy,108.3785,108.3935,108.3165,108.388
2021-04-27 13:45:00+00:00,usdjpy,108.4235,108.4395,108.3525,108.379
2021-04-27 14:00:00+00:00,usdjpy,108.3925,108.4545,108.3925,108.4225
2021-04-27 14:15:00+00:00,usdjpy,108.423,108.423,108.3595,108.392
2021-04-27 14:30:00+00:00,usdjpy,108.4915,108.501,108.4195,108.4235
2021-04-27 14:45:00+00:00,usdjpy,108.4645,108.5285,108.4185,108.4905
2021-04-27 15:00:00+00:00,usdjpy,108.5035,108.5055,108.4395,108.4635
2021-04-27 15:15:00+00:00,usdjpy,108.539,108.548,108.4855,108.503
2021-04-27 15:30:00+00:00,usdjpy,108.5465,108.5575,108.494,108.5385
2021-04-27 15:45:00+00:00,usdjpy,108.5705,108.5805,108.5335,108.546
2021-04-27 16:00:00+00:00,usdjpy,108.6035,108.6065,108.5645,108.5695
2021-04-27 16:15:00+00:00,usdjpy,108.652,108.6675,108.5995,108.603
2021-04-27 16:30:00+00:00,usdjpy,108.6245,108.6565,108.6135,108.6515
2021-04-27 16:45:00+00:00,usdjpy,108.6715,108.6805,108.6245,108.6255
2021-04-27 17:00:00+00:00,usdjpy,108.6375,108.6735,108.6255,108.671
2021-04-27 17:15:00+00:00,usdjpy,108.64,108.6515,108.6235,108.637
2021-04-27 17:30:00+00:00,usdjpy,108.6655,108.6655,108.621,108.6405
2021-04-27 17:45:00+00:00,usdjpy,108.6985,108.7065,108.6555,108.665
2021-04-27 18:00:00+00:00,usdjpy,108.72,108.734,108.6845,108.6975
2021-04-27 18:15:00+00:00,usdjpy,108.723,108.7355,108.7035,108.7195
2021-04-27 18:30:00+00:00,usdjpy,108.7275,108.7395,108.7165,108.7225
2021-04-27 18:45:00+00:00,usdjpy,108.7475,108.7505,108.715,108.728
2021-04-27 19:00:00+00:00,usdjpy,108.7275,108.7465,108.7015,108.7465
2021-04-27 19:15:00+00:00,usdjpy,108.7455,108.747,108.716,108.728
2021-04-27 19:30:00+00:00,usdjpy,108.74,108.7485,108.725,108.7465
2021-04-27 19:45:00+00:00,usdjpy,108.7375,108.7485,108.7265,108.7395
2021-04-27 20:00:00+00:00,usdjpy,108.7585,108.7685,108.738,108.738
2021-04-27 20:15:00+00:00,usdjpy,108.7635,108.7705,108.7435,108.7575
2021-04-27 20:30:00+00:00,usdjpy,108.7765,108.7765,108.7615,108.7645
2021-04-27 20:45:00+00:00,usdjpy,108.7145,108.776,108.7135,108.776
2021-04-27 21:00:00+00:00,usdjpy,108.7065,108.7195,108.6905,108.7135
2021-04-27 21:15:00+00:00,usdjpy,108.7085,108.7155,108.7015,108.707
2021-04-27 21:30:00+00:00,usdjpy,108.6945,108.7165,108.683,108.7095
2021-04-27 21:45:00+00:00,usdjpy,108.7115,108.728,108.6855,108.695
2021-04-27 22:00:00+00:00,usdjpy,108.7195,108.7265,108.6995,108.712
2021-04-27 22:15:00+00:00,usdjpy,108.7205,108.7225,108.713,108.719
2021-04-27 22:30:00+00:00,usdjpy,108.7415,108.749,108.7125,108.7195
2021-04-27 22:45:00+00:00,usdjpy,108.749,108.7655,108.7145,108.741
2021-04-27 23:00:00+00:00,usdjpy,108.7655,108.7705,108.7445,108.7485
2021-04-27 23:15:00+00:00,usdjpy,108.764,108.7785,108.7575,108.7665
2021-04-27 23:30:00+00:00,usdjpy,108.7595,108.7735,108.758,108.7635
2021-04-27 23:45:00+00:00,usdjpy,108.751,108.7615,108.7295,108.759
2021-04-28 00:00:00+00:00,usdjpy,108.8405,108.8585,108.7275,108.7515
2021-04-28 00:15:00+00:00,usdjpy,108.8495,108.874,108.837,108.841
2021-04-28 00:30:00+00:00,usdjpy,108.8865,108.9075,108.8435,108.85
2021-04-28 00:45:00+00:00,usdjpy,108.917,108.9225,108.845,108.8855
2021-04-28 01:00:00+00:00,usdjpy,108.8955,108.918,108.8595,108.9165
2021-04-28 01:15:00+00:00,usdjpy,108.9075,108.9125,108.8805,108.895
2021-04-28 01:30:00+00:00,usdjpy,108.9305,108.9485,108.888,108.907
2021-04-28 01:45:00+00:00,usdjpy,108.8905,108.9305,108.877,108.93
2021-04-28 02:00:00+00:00,usdjpy,108.8675,108.9035,108.8525,108.891
2021-04-28 02:15:00+00:00,usdjpy,108.8255,108.8685,108.8085,108.8665
2021-04-28 02:30:00+00:00,usdjpy,108.843,108.8475,108.8225,108.826
2021-04-28 02:45:00+00:00,usdjpy,108.872,108.8735,108.838,108.8425
2021-04-28 03:00:00+00:00,usdjpy,108.8705,108.9005,108.8605,108.8715
2021-04-28 03:15:00+00:00,usdjpy,108.8755,108.893,108.8695,108.871
2021-04-28 03:30:00+00:00,usdjpy,108.8525,108.8785,108.8505,108.876
2021-04-28 03:45:00+00:00,usdjpy,108.862,108.862,108.8485,108.853
2021-04-28 04:00:00+00:00,usdjpy,108.8745,108.8795,108.851,108.8615
2021-04-28 04:15:00+00:00,usdjpy,108.8525,108.874,108.8465,108.874
2021-04-28 04:30:00+00:00,usdjpy,108.8525,108.864,108.839,108.853
2021-04-28 04:45:00+00:00,usdjpy,108.8525,108.859,108.8325,108.8535
2021-04-28 05:00:00+00:00,usdjpy,108.8305,108.8605,108.8195,108.852
2021-04-28 05:15:00+00:00,usdjpy,108.8375,108.8435,108.8185,108.8315
2021-04-28 05:30:00+00:00,usdjpy,108.8735,108.8825,108.838,108.838
2021-04-28 05:45:00+00:00,usdjpy,108.8715,108.8955,108.8685,108.874
2021-04-28 06:00:00+00:00,usdjpy,108.9065,108.9325,108.8725,108.8725
2021-04-28 06:15:00+00:00,usdjpy,108.9695,108.9785,108.8915,108.9055
2021-04-28 06:30:00+00:00,usdjpy,108.9865,108.9965,108.9555,108.97
2021-04-28 06:45:00+00:00,usdjpy,109.0555,109.0565,108.985,108.986
2021-04-28 07:00:00+00:00,usdjpy,109.0375,109.0785,109.0295,109.056
2021-04-28 07:15:00+00:00,usdjpy,109.0305,109.0545,109.0135,109.0385
2021-04-28 07:30:00+00:00,usdjpy,108.9845,109.0345,108.9605,109.031
2021-04-28 07:45:00+00:00,usdjpy,109.0185,109.029,108.9665,108.985
2021-04-28 08:00:00+00:00,usdjpy,108.968,109.0255,108.9405,109.0175
2021-04-28 08:15:00+00:00,usdjpy,108.8865,108.9865,108.8755,108.9675
2021-04-28 08:30:00+00:00,usdjpy,108.8835,108.9025,108.8425,108.8875
2021-04-28 08:45:00+00:00,usdjpy,108.9205,108.9265,108.8685,108.8845
2021-04-28 09:00:00+00:00,usdjpy,108.9515,108.9525,108.898,108.9215
2021-04-28 09:15:00+00:00,usdjpy,108.951,108.9655,108.9205,108.951
2021-04-28 09:30:00+00:00,usdjpy,108.9225,108.9555,108.916,108.9515
2021-04-28 09:45:00+00:00,usdjpy,108.9085,108.951,108.9035,108.923
2021-04-28 10:00:00+00:00,usdjpy,108.9145,108.9395,108.9075,108.9095
2021-04-28 10:15:00+00:00,usdjpy,108.9265,108.9505,108.9155,108.9155
2021-04-28 10:30:00+00:00,usdjpy,108.9415,108.9425,108.9025,108.927
2021-04-28 10:45:00+00:00,usdjpy,108.9305,108.9475,108.9055,108.942
2021-04-28 11:00:00+00:00,usdjpy,108.9955,109.0025,108.9175,108.931
2021-04-28 11:15:00+00:00,usdjpy,108.9945,109.003,108.958,108.995
2021-04-28 11:30:00+00:00,usdjpy,108.872,109.0025,108.8625,108.995
2021-04-28 11:45:00+00:00,usdjpy,108.9015,108.9075,108.8485,108.8715
2021-04-28 12:00:00+00:00,usdjpy,108.9065,108.919,108.8365,108.902
2021-04-28 12:15:00+00:00,usdjpy,108.9885,108.9895,108.8985,108.907
2021-04-28 12:30:00+00:00,usdjpy,108.9525,108.9965,108.9035,108.989
2021-04-28 12:45:00+00:00,usdjpy,108.9625,108.992,108.9355,108.9535
2021-04-28 13:00:00+00:00,usdjpy,108.9025,108.9625,108.8955,108.962
2021-04-28 13:15:00+00:00,usdjpy,108.9535,108.9565,108.9025,108.9035
2021-04-28 13:30:00+00:00,usdjpy,108.9225,108.9715,108.9085,108.953
2021-04-28 13:45:00+00:00,usdjpy,108.8965,108.9395,108.8925,108.923
2021-04-28 14:00:00+00:00,usdjpy,108.7675,108.9135,108.7585,108.8985
2021-04-28 14:15:00+00:00,usdjpy,108.7505,108.7745,108.7045,108.771
2021-04-28 14:30:00+00:00,usdjpy,108.771,108.7795,108.728,108.7535
2021-04-28 14:45:00+00:00,usdjpy,108.897,108.9505,108.7595,108.771
2021-04-28 15:00:00+00:00,usdjpy,108.843,108.9075,108.8095,108.8965
2021-04-28 15:15:00+00:00,usdjpy,108.7995,108.8725,108.7965,108.8425
2021-04-28 15:30:00+00:00,usdjpy,108.7945,108.827,108.7705,108.8
2021-04-28 15:45:00+00:00,usdjpy,108.81,108.8355,108.786,108.795
2021-04-28 16:00:00+00:00,usdjpy,108.8375,108.8375,108.8025,108.8105
2021-04-28 16:15:00+00:00,usdjpy,108.8425,108.8495,108.8195,108.838
2021-04-28 16:30:00+00:00,usdjpy,108.8405,108.8535,108.8215,108.8435
2021-04-28 16:45:00+00:00,usdjpy,108.8515,108.8515,108.8355,108.84
2021-04-28 17:00:00+00:00,usdjpy,108.8685,108.8715,108.8365,108.852
2021-04-28 17:15:00+00:00,usdjpy,108.8755,108.8895,108.8585,108.8675
2021-04-28 17:30:00+00:00,usdjpy,108.922,108.9245,108.875,108.875
2021-04-28 17:45:00+00:00,usdjpy,108.8955,108.9225,108.8715,108.9225
2021-04-28 18:00:00+00:00,usdjpy,108.902,108.9985,108.8245,108.8915
2021-04-28 18:15:00+00:00,usdjpy,108.8455,108.9095,108.815,108.9025
2021-04-28 18:30:00+00:00,usdjpy,108.64,108.867,108.5825,108.8445
2021-04-28 18:45:00+00:00,usdjpy,108.668,108.7375,108.5975,108.6395
2021-04-28 19:00:00+00:00,usdjpy,108.6545,108.7405,108.6185,108.687
2021-04-28 19:15:00+00:00,usdjpy,108.6315,108.6735,108.6245,108.654
2021-04-28 19:30:00+00:00,usdjpy,108.6365,108.6495,108.606,108.6305
2021-04-28 19:45:00+00:00,usdjpy,108.588,108.6625,108.5845,108.6375
2021-04-28 20:00:00+00:00,usdjpy,108.6095,108.6095,108.5735,108.5885
2021-04-28 20:15:00+00:00,usdjpy,108.6095,108.6305,108.6065,108.6085
2021-04-28 20:30:00+00:00,usdjpy,108.6285,108.6325,108.61,108.61
2021-04-28 20:45:00+00:00,usdjpy,108.5955,108.6305,108.5905,108.6295
2021-04-28 21:00:00+00:00,usdjpy,108.603,108.6085,108.5905,108.6045
2021-04-28 21:15:00+00:00,usdjpy,108.5905,108.6045,108.5765,108.601
2021-04-28 21:30:00+00:00,usdjpy,108.6025,108.6365,108.5905,108.5935
2021-04-28 21:45:00+00:00,usdjpy,108.607,108.616,108.5955,108.6045
2021-04-28 22:00:00+00:00,usdjpy,108.6155,108.6215,108.6065,108.6075
2021-04-28 22:15:00+00:00,usdjpy,108.6025,108.6215,108.5965,108.616
2021-04-28 22:30:00+00:00,usdjpy,108.5715,108.6035,108.5715,108.6015
2021-04-28 22:45:00+00:00,usdjpy,108.5315,108.5715,108.5255,108.5705
2021-04-28 23:00:00+00:00,usdjpy,108.5505,108.5735,108.531,108.532
2021-04-28 23:15:00+00:00,usdjpy,108.548,108.5555,108.5375,108.5515
2021-04-28 23:30:00+00:00,usdjpy,108.5195,108.5545,108.5185,108.5485
2021-04-28 23:45:00+00:00,usdjpy,108.5075,108.5315,108.5035,108.519
2021-04-29 00:00:00+00:00,usdjpy,108.4585,108.5235,108.4385,108.508
2021-04-29 00:15:00+00:00,usdjpy,108.4755,108.4855,108.4575,108.459
2021-04-29 00:30:00+00:00,usdjpy,108.4635,108.4955,108.4595,108.476
2021-04-29 00:45:00+00:00,usdjpy,108.4545,108.4695,108.4355,108.464
2021-04-29 01:00:00+00:00,usdjpy,108.4935,108.495,108.4485,108.454
2021-04-29 01:15:00+00:00,usdjpy,108.4805,108.5405,108.4795,108.493
2021-04-29 01:30:00+00:00,usdjpy,108.442,108.4855,108.442,108.481
2021-04-29 01:45:00+00:00,usdjpy,108.4905,108.4945,108.442,108.4425
2021-04-29 02:00:00+00:00,usdjpy,108.5135,108.5295,108.4825,108.491
2021-04-29 02:15:00+00:00,usdjpy,108.5095,108.5175,108.501,108.5125
2021-04-29 02:30:00+00:00,usdjpy,108.584,108.5865,108.5095,108.51
2021-04-29 02:45:00+00:00,usdjpy,108.5975,108.6105,108.5565,108.5835
2021-04-29 03:00:00+00:00,usdjpy,108.6155,108.6255,108.59,108.5985
2021-04-29 03:15:00+00:00,usdjpy,108.6235,108.625,108.5885,108.615
2021-04-29 03:30:00+00:00,usdjpy,108.6585,108.6605,108.615,108.6225
2021-04-29 03:45:00+00:00,usdjpy,108.6305,108.6705,108.6305,108.658
2021-04-29 04:00:00+00:00,usdjpy,108.6385,108.6585,108.6315,108.6315
2021-04-29 04:15:00+00:00,usdjpy,108.6305,108.6545,108.6305,108.639
2021-04-29 04:30:00+00:00,usdjpy,108.6255,108.6405,108.6125,108.63
2021-04-29 04:45:00+00:00,usdjpy,108.5795,108.625,108.5795,108.625
2021-04-29 05:00:00+00:00,usdjpy,108.5865,108.6165,108.561,108.58
2021-04-29 05:15:00+00:00,usdjpy,108.6065,108.6085,108.5785,108.5855
2021-04-29 05:30:00+00:00,usdjpy,108.5955,108.6195,108.5895,108.6075
2021-04-29 05:45:00+00:00,usdjpy,108.6195,108.6395,108.594,108.5945
2021-04-29 06:00:00+00:00,usdjpy,108.679,108.7015,108.6195,108.6195
2021-04-29 06:15:00+00:00,usdjpy,108.7285,108.7525,108.6795,108.6795
2021-04-29 06:30:00+00:00,usdjpy,108.7785,108.8065,108.7215,108.7275
2021-04-29 06:45:00+00:00,usdjpy,108.7775,108.8015,108.7475,108.778
2021-04-29 07:00:00+00:00,usdjpy,108.7905,108.817,108.7595,108.778
2021-04-29 07:15:00+00:00,usdjpy,108.8055,108.8405,108.7815,108.79
2021-04-29 07:30:00+00:00,usdjpy,108.874,108.8845,108.8045,108.8045
2021-04-29 07:45:00+00:00,usdjpy,108.8905,108.8975,108.8585,108.8745
2021-04-29 08:00:00+00:00,usdjpy,108.8975,108.9115,108.8745,108.8895
2021-04-29 08:15:00+00:00,usdjpy,108.9165,108.9355,108.8855,108.8965
2021-04-29 08:30:00+00:00,usdjpy,108.962,108.9905,108.9115,108.916
2021-04-29 08:45:00+00:00,usdjpy,108.9785,109.001,108.9475,108.9615
2021-04-29 09:00:00+00:00,usdjpy,108.9695,109.0005,108.9365,108.978
2021-04-29 09:15:00+00:00,usdjpy,109.0475,109.0505,108.9665,108.97
2021-04-29 09:30:00+00:00,usdjpy,109.0205,109.0685,109.0085,109.047
2021-04-29 09:45:00+00:00,usdjpy,109.0205,109.0285,108.9835,109.021
2021-04-29 10:00:00+00:00,usdjpy,109.0085,109.0425,109.001,109.021
2021-04-29 10:15:00+00:00,usdjpy,109.0375,109.0465,108.9955,109.0095
2021-04-29 10:30:00+00:00,usdjpy,109.0035,109.0495,109.0015,109.0385
2021-04-29 10:45:00+00:00,usdjpy,108.945,109.0205,108.9435,109.0045
2021-04-29 11:00:00+00:00,usdjpy,108.859,108.9565,108.8365,108.9455
2021-04-29 11:15:00+00:00,usdjpy,108.882,108.8975,108.8505,108.8595
2021-04-29 11:30:00+00:00,usdjpy,108.9355,108.937,108.8795,108.8825
2021-04-29 11:45:00+00:00,usdjpy,108.9805,108.9955,108.935,108.936
2021-04-29 12:00:00+00:00,usdjpy,108.9955,109.0075,108.9655,108.9795
2021-04-29 12:15:00+00:00,usdjpy,109.0165,109.048,108.9745,108.996
2021-04-29 12:30:00+00:00,usdjpy,108.9105,109.0365,108.8965,109.016
2021-04-29 12:45:00+00:00,usdjpy,108.912,108.9325,108.8435,108.911
2021-04-29 13:00:00+00:00,usdjpy,109.1665,109.1805,108.8935,108.9125
2021-04-29 13:15:00+00:00,usdjpy,109.1525,109.191,109.1405,109.167
2021-04-29 13:30:00+00:00,usdjpy,109.1795,109.192,109.1285,109.153
2021-04-29 13:45:00+00:00,usdjpy,109.1935,109.2245,109.1535,109.18
2021-04-29 14:00:00+00:00,usdjpy,109.1005,109.2205,109.095,109.193
2021-04-29 14:15:00+00:00,usdjpy,109.0445,109.0995,109.0315,109.0995
2021-04-29 14:30:00+00:00,usdjpy,109.0475,109.0735,108.978,109.0495
2021-04-29 14:45:00+00:00,usdjpy,108.9555,109.047,108.9225,109.0465
2021-04-29 15:00:00+00:00,usdjpy,108.9085,108.9645,108.9005,108.946
2021-04-29 15:15:00+00:00,usdjpy,108.9065,108.9315,108.8765,108.9095
2021-04-29 15:30:00+00:00,usdjpy,108.9435,108.9495,108.89,108.9075
2021-04-29 15:45:00+00:00,usdjpy,108.953,108.9555,108.904,108.943
2021-04-29 16:00:00+00:00,usdjpy,108.8345,108.9605,108.82,108.9525
2021-04-29 16:15:00+00:00,usdjpy,108.851,108.8545,108.8045,108.835
2021-04-29 16:30:00+00:00,usdjpy,108.8645,108.8745,108.842,108.8515
2021-04-29 16:45:00+00:00,usdjpy,108.897,108.9045,108.8455,108.8645
2021-04-29 17:00:00+00:00,usdjpy,108.874,108.8975,108.8675,108.8975
2021-04-29 17:15:00+00:00,usdjpy,108.8715,108.8975,108.8645,108.8735
2021-04-29 17:30:00+00:00,usdjpy,108.9005,108.9015,108.8605,108.8705
2021-04-29 17:45:00+00:00,usdjpy,108.902,108.9175,108.8945,108.9
2021-04-29 18:00:00+00:00,usdjpy,108.9215,108.9295,108.9015,108.9015
2021-04-29 18:15:00+00:00,usdjpy,108.952,108.9565,108.9145,108.922
2021-04-29 18:30:00+00:00,usdjpy,108.9125,108.9515,108.9055,108.9515
2021-04-29 18:45:00+00:00,usdjpy,108.87,108.914,108.8645,108.9135
2021-04-29 19:00:00+00:00,usdjpy,108.8855,108.8875,108.8635,108.8695
2021-04-29 19:15:00+00:00,usdjpy,108.8815,108.8985,108.876,108.8845
2021-04-29 19:30:00+00:00,usdjpy,108.883,108.9005,108.874,108.8825
2021-04-29 19:45:00+00:00,usdjpy,108.8895,108.8905,108.8705,108.8835
2021-04-29 20:00:00+00:00,usdjpy,108.8795,108.9015,108.8785,108.89
2021-04-29 20:15:00+00:00,usdjpy,108.91,108.9115,108.8735,108.879
2021-04-29 20:30:00+00:00,usdjpy,108.9275,108.9305,108.9075,108.9095
2021-04-29 20:45:00+00:00,usdjpy,108.9405,108.9405,108.9145,108.9265
2021-04-29 21:00:00+00:00,usdjpy,108.913,108.947,108.911,108.9275
2021-04-29 21:15:00+00:00,usdjpy,108.9345,108.9405,108.8945,108.9125
2021-04-29 21:30:00+00:00,usdjpy,108.9465,108.9485,108.9285,108.9355
2021-04-29 21:45:00+00:00,usdjpy,108.9415,108.9495,108.924,108.9475
2021-04-29 22:00:00+00:00,usdjpy,108.9155,108.9345,108.9055,108.9325
2021-04-29 22:15:00+00:00,usdjpy,108.948,108.9505,108.9105,108.915
2021-04-29 22:30:00+00:00,usdjpy,108.9105,108.9515,108.91,108.9485
2021-04-29 22:45:00+00:00,usdjpy,108.918,108.9365,108.9085,108.9115
2021-04-29 23:00:00+00:00,usdjpy,108.8975,108.9235,108.8895,108.9185
2021-04-29 23:15:00+00:00,usdjpy,108.8845,108.9025,108.8745,108.897
2021-04-29 23:30:00+00:00,usdjpy,108.8645,108.9065,108.8595,108.885
2021-04-29 23:45:00+00:00,usdjpy,108.9065,108.9075,108.8645,108.8655
2021-04-30 00:00:00+00:00,usdjpy,108.9575,108.9795,108.9035,108.9075
2021-04-30 00:15:00+00:00,usdjpy,108.9575,108.9785,108.948,108.958
2021-04-30 00:30:00+00:00,usdjpy,108.9975,109.0245,108.9535,108.9565
2021-04-30 00:45:00+00:00,usdjpy,108.9315,109.0585,108.8965,108.998
2021-04-30 01:00:00+00:00,usdjpy,108.8805,108.9445,108.8305,108.931
2021-04-30 01:15:00+00:00,usdjpy,108.8135,108.8855,108.7775,108.881
2021-04-30 01:30:00+00:00,usdjpy,108.8585,108.8585,108.8035,108.8125
2021-04-30 01:45:00+00:00,usdjpy,108.8035,108.8595,108.799,108.859
2021-04-30 02:00:00+00:00,usdjpy,108.7885,108.8095,108.7665,108.804
2021-04-30 02:15:00+00:00,usdjpy,108.7525,108.7885,108.7145,108.7875
2021-04-30 02:30:00+00:00,usdjpy,108.7815,108.7825,108.7475,108.753
2021-04-30 02:45:00+00:00,usdjpy,108.7825,108.7945,108.7555,108.782
2021-04-30 03:00:00+00:00,usdjpy,108.8135,108.8185,108.771,108.782
2021-04-30 03:15:00+00:00,usdjpy,108.8455,108.847,108.809,108.814
2021-04-30 03:30:00+00:00,usdjpy,108.848,108.862,108.8335,108.8445
2021-04-30 03:45:00+00:00,usdjpy,108.8335,108.8545,108.829,108.8485
2021-04-30 04:00:00+00:00,usdjpy,108.8275,108.8535,108.824,108.8315
2021-04-30 04:15:00+00:00,usdjpy,108.7955,108.8325,108.7915,108.827
2021-04-30 04:30:00+00:00,usdjpy,108.8165,108.8185,108.793,108.795
2021-04-30 04:45:00+00:00,usdjpy,108.8075,108.8195,108.7985,108.816
2021-04-30 05:00:00+00:00,usdjpy,108.857,108.9105,108.807,108.807
2021-04-30 05:15:00+00:00,usdjpy,108.8325,108.8785,108.8255,108.8575
2021-04-30 05:30:00+00:00,usdjpy,108.7965,108.8415,108.7925,108.833
2021-04-30 05:45:00+00:00,usdjpy,108.836,108.8395,108.7855,108.796
2021-04-30 06:00:00+00:00,usdjpy,108.8275,108.861,108.7995,108.8365
2021-04-30 06:15:00+00:00,usdjpy,108.8105,108.8275,108.766,108.827
2021-04-30 06:30:00+00:00,usdjpy,108.7455,108.8175,108.7375,108.8095
2021-04-30 06:45:00+00:00,usdjpy,108.791,108.7975,108.7395,108.745
2021-04-30 07:00:00+00:00,usdjpy,108.838,108.8615,108.7735,108.7905
2021-04-30 07:15:00+00:00,usdjpy,108.8015,108.8535,108.7925,108.8375
2021-04-30 07:30:00+00:00,usdjpy,108.8695,108.876,108.7965,108.801
2021-04-30 07:45:00+00:00,usdjpy,108.8875,108.8925,108.8525,108.87
2021-04-30 08:00:00+00:00,usdjpy,108.8815,108.91,108.8525,108.8865
2021-04-30 08:15:00+00:00,usdjpy,108.8475,108.8845,108.8435,108.881
2021-04-30 08:30:00+00:00,usdjpy,108.8895,108.9355,108.8465,108.848
2021-04-30 08:45:00+00:00,usdjpy,108.908,108.9215,108.874,108.889
2021-04-30 09:00:00+00:00,usdjpy,108.9325,108.9425,108.8905,108.9075
2021-04-30 09:15:00+00:00,usdjpy,108.923,108.9425,108.911,108.933
2021-04-30 09:30:00+00:00,usdjpy,108.9295,108.9455,108.9135,108.9235
2021-04-30 09:45:00+00:00,usdjpy,108.9235,108.9355,108.8875,108.9305
2021-04-30 10:00:00+00:00,usdjpy,108.8745,108.933,108.847,108.923
2021-04-30 10:15:00+00:00,usdjpy,108.8665,108.876,108.826,108.875
2021-04-30 10:30:00+00:00,usdjpy,108.88,108.8825,108.835,108.8655
2021-04-30 10:45:00+00:00,usdjpy,108.8735,108.9005,108.8635,108.8795
2021-04-30 11:00:00+00:00,usdjpy,108.8135,108.8765,108.8125,108.873
2021-04-30 11:15:00+00:00,usdjpy,108.7985,108.8175,108.7685,108.8125
2021-04-30 11:30:00+00:00,usdjpy,108.8985,108.8985,108.7995,108.7995
2021-04-30 11:45:00+00:00,usdjpy,108.9205,108.9575,108.8965,108.8975
2021-04-30 12:00:00+00:00,usdjpy,108.9435,108.9475,108.8855,108.92
2021-04-30 12:15:00+00:00,usdjpy,108.9345,108.9505,108.8995,108.9425
2021-04-30 12:30:00+00:00,usdjpy,108.9645,108.9875,108.9275,108.9335
2021-04-30 12:45:00+00:00,usdjpy,108.9785,109.01,108.9515,108.9635
2021-04-30 13:00:00+00:00,usdjpy,108.9225,108.9785,108.9015,108.9775
2021-04-30 13:15:00+00:00,usdjpy,108.9215,108.941,108.8735,108.923
2021-04-30 13:30:00+00:00,usdjpy,108.9735,108.9825,108.9195,108.921
2021-04-30 13:45:00+00:00,usdjpy,109.0085,109.0505,108.933,108.973
2021-04-30 14:00:00+00:00,usdjpy,109.1195,109.1235,108.9855,109.0075
2021-04-30 14:15:00+00:00,usdjpy,109.0435,109.1225,109.0305,109.1185
2021-04-30 14:30:00+00:00,usdjpy,109.0635,109.089,109.0325,109.044
2021-04-30 14:45:00+00:00,usdjpy,109.2895,109.3245,109.052,109.063
2021-04-30 15:00:00+00:00,usdjpy,109.266,109.3295,109.2395,109.3005
2021-04-30 15:15:00+00:00,usdjpy,109.307,109.3165,109.2465,109.2705
2021-04-30 15:30:00+00:00,usdjpy,109.3045,109.335,109.291,109.3065
2021-04-30 15:45:00+00:00,usdjpy,109.3345,109.343,109.3025,109.3065
2021-04-30 16:00:00+00:00,usdjpy,109.2745,109.3435,109.2675,109.335
2021-04-30 16:15:00+00:00,usdjpy,109.2885,109.3085,109.2675,109.2755
2021-04-30 16:30:00+00:00,usdjpy,109.3115,109.3205,109.288,109.288
2021-04-30 16:45:00+00:00,usdjpy,109.3045,109.3165,109.3005,109.3125
2021-04-30 17:00:00+00:00,usdjpy,109.3065,109.307,109.2675,109.3035
2021-04-30 17:15:00+00:00,usdjpy,109.3095,109.3265,109.2775,109.306
2021-04-30 17:30:00+00:00,usdjpy,109.3035,109.3095,109.2875,109.309
2021-04-30 17:45:00+00:00,usdjpy,109.312,109.3145,109.2845,109.3025
2021-04-30 18:00:00+00:00,usdjpy,109.2995,109.3145,109.2985,109.3115
2021-04-30 18:15:00+00:00,usdjpy,109.3015,109.3025,109.2765,109.3005
2021-04-30 18:30:00+00:00,usdjpy,109.2815,109.3225,109.278,109.3025
2021-04-30 18:45:00+00:00,usdjpy,109.3065,109.3235,109.2765,109.281
2021-04-30 19:00:00+00:00,usdjpy,109.3175,109.3225,109.297,109.306
2021-04-30 19:15:00+00:00,usdjpy,109.322,109.3325,109.3095,109.3185
2021-04-30 19:30:00+00:00,usdjpy,109.3155,109.323,109.304,109.3225
2021-04-30 19:45:00+00:00,usdjpy,109.2865,109.3385,109.285,109.3165
2021-04-30 20:00:00+00:00,usdjpy,109.3035,109.3205,109.2865,109.287
2021-04-30 20:15:00+00:00,usdjpy,109.3125,109.314,109.2925,109.303
2021-04-30 20:30:00+00:00,usdjpy,109.3245,109.3325,109.3045,109.313
2021-04-30 20:45:00+00:00,usdjpy,109.3435,109.3705,109.322,109.325
2021-05-02 21:00:00+00:00,usdjpy,109.2885,109.2895,109.2855,109.2855
2021-05-02 21:15:00+00:00,usdjpy,109.2955,109.3025,109.287,109.3025
2021-05-02 21:30:00+00:00,usdjpy,109.289,109.3045,109.2885,109.2945
2021-05-02 21:45:00+00:00,usdjpy,109.2925,109.3005,109.2885,109.2885
2021-05-02 22:00:00+00:00,usdjpy,109.337,109.3555,109.2935,109.2935
2021-05-02 22:15:00+00:00,usdjpy,109.334,109.3435,109.3255,109.3375
2021-05-02 22:30:00+00:00,usdjpy,109.3215,109.337,109.3105,109.3345
2021-05-02 22:45:00+00:00,usdjpy,109.3165,109.321,109.3045,109.321
2021-05-02 23:00:00+00:00,usdjpy,109.3075,109.3255,109.3065,109.317
2021-05-02 23:15:00+00:00,usdjpy,109.2925,109.307,109.2925,109.307
2021-05-02 23:30:00+00:00,usdjpy,109.29,109.3025,109.288,109.2915
2021-05-02 23:45:00+00:00,usdjpy,109.288,109.2965,109.2795,109.2895
2021-05-03 00:00:00+00:00,usdjpy,109.379,109.4045,109.289,109.2895
2021-05-03 00:15:00+00:00,usdjpy,109.3735,109.393,109.3365,109.3785
2021-05-03 00:30:00+00:00,usdjpy,109.3945,109.4135,109.358,109.3725
2021-05-03 00:45:00+00:00,usdjpy,109.346,109.3995,109.343,109.3955
2021-05-03 01:00:00+00:00,usdjpy,109.3925,109.3925,109.3195,109.3455
2021-05-03 01:15:00+00:00,usdjpy,109.39,109.4105,109.3755,109.393
2021-05-03 01:30:00+00:00,usdjpy,109.4045,109.4305,109.3795,109.3895
2021-05-03 01:45:00+00:00,usdjpy,109.4325,109.4395,109.4035,109.4035
2021-05-03 02:00:00+00:00,usdjpy,109.4485,109.457,109.425,109.433
2021-05-03 02:15:00+00:00,usdjpy,109.4555,109.4635,109.4295,109.448
2021-05-03 02:30:00+00:00,usdjpy,109.493,109.4955,109.4495,109.4545
2021-05-03 02:45:00+00:00,usdjpy,109.4985,109.512,109.488,109.494
2021-05-03 03:00:00+00:00,usdjpy,109.5255,109.5255,109.497,109.498
2021-05-03 03:15:00+00:00,usdjpy,109.5475,109.5655,109.522,109.525
2021-05-03 03:30:00+00:00,usdjpy,109.546,109.557,109.539,109.547
2021-05-03 03:45:00+00:00,usdjpy,109.547,109.5495,109.518,109.5465
2021-05-03 04:00:00+00:00,usdjpy,109.5785,109.5875,109.546,109.5465
2021-05-03 04:15:00+00:00,usdjpy,109.589,109.5895,109.5525,109.579
2021-05-03 04:30:00+00:00,usdjpy,109.5885,109.5895,109.578,109.5895
2021-05-03 04:45:00+00:00,usdjpy,109.5845,109.589,109.5715,109.5875
2021-05-03 05:00:00+00:00,usdjpy,109.5815,109.5905,109.5735,109.584
2021-05-03 05:15:00+00:00,usdjpy,109.6355,109.6405,109.5825,109.583
2021-05-03 05:30:00+00:00,usdjpy,109.6225,109.6635,109.6165,109.635
2021-05-03 05:45:00+00:00,usdjpy,109.6295,109.649,109.6225,109.623
2021-05-03 06:00:00+00:00,usdjpy,109.6225,109.6615,109.6205,109.6305
2021-05-03 06:15:00+00:00,usdjpy,109.559,109.6315,109.5585,109.622
2021-05-03 06:30:00+00:00,usdjpy,109.5625,109.5985,109.5525,109.5595
2021-05-03 06:45:00+00:00,usdjpy,109.5385,109.5835,109.532,109.563
2021-05-03 07:00:00+00:00,usdjpy,109.5615,109.5645,109.515,109.5395
2021-05-03 07:15:00+00:00,usdjpy,109.6645,109.6695,109.5595,109.562
2021-05-03 07:30:00+00:00,usdjpy,109.6085,109.6665,109.5955,109.665
2021-05-03 07:45:00+00:00,usdjpy,109.6525,109.6685,109.609,109.6095
2021-05-03 08:00:00+00:00,usdjpy,109.6755,109.6985,109.6525,109.6535
2021-05-03 08:15:00+00:00,usdjpy,109.6805,109.6965,109.663,109.6745
2021-05-03 08:30:00+00:00,usdjpy,109.6285,109.6835,109.6115,109.681
2021-05-03 08:45:00+00:00,usdjpy,109.6335,109.6515,109.6015,109.629
2021-05-03 09:00:00+00:00,usdjpy,109.6185,109.6435,109.593,109.634
2021-05-03 09:15:00+00:00,usdjpy,109.5645,109.618,109.5245,109.618
2021-05-03 09:30:00+00:00,usdjpy,109.5085,109.5645,109.4875,109.564
2021-05-03 09:45:00+00:00,usdjpy,109.5105,109.5245,109.4655,109.508
2021-05-03 10:00:00+00:00,usdjpy,109.5105,109.523,109.4965,109.5115
2021-05-03 10:15:00+00:00,usdjpy,109.4975,109.5415,109.4945,109.511
2021-05-03 10:30:00+00:00,usdjpy,109.4565,109.5005,109.4395,109.4965
2021-05-03 10:45:00+00:00,usdjpy,109.4115,109.4625,109.4025,109.457
2021-05-03 11:00:00+00:00,usdjpy,109.4565,109.4725,109.4115,109.4125
2021-05-03 11:15:00+00:00,usdjpy,109.4875,109.4885,109.4235,109.4555
2021-05-03 11:30:00+00:00,usdjpy,109.461,109.487,109.4475,109.487
2021-05-03 11:45:00+00:00,usdjpy,109.4745,109.4865,109.4565,109.4615
2021-05-03 12:00:00+00:00,usdjpy,109.5115,109.518,109.4535,109.475
2021-05-03 12:15:00+00:00,usdjpy,109.3515,109.5225,109.3345,109.5105
2021-05-03 12:30:00+00:00,usdjpy,109.3225,109.3565,109.301,109.351
2021-05-03 12:45:00+00:00,usdjpy,109.3775,109.3795,109.3055,109.3215
2021-05-03 13:00:00+00:00,usdjpy,109.2655,109.3845,109.244,109.378
2021-05-03 13:15:00+00:00,usdjpy,109.1975,109.2665,109.1835,109.265
2021-05-03 13:30:00+00:00,usdjpy,109.2135,109.2565,109.157,109.197
2021-05-03 13:45:00+00:00,usdjpy,109.1545,109.217,109.1255,109.214
2021-05-03 14:00:00+00:00,usdjpy,108.969,109.1535,108.967,109.1525
2021-05-03 14:15:00+00:00,usdjpy,108.931,108.987,108.9125,108.9695
2021-05-03 14:30:00+00:00,usdjpy,108.9815,108.9875,108.896,108.9315
2021-05-03 14:45:00+00:00,usdjpy,108.9335,108.9815,108.9115,108.981
2021-05-03 15:00:00+00:00,usdjpy,109.0275,109.0275,108.9045,108.9345
2021-05-03 15:15:00+00:00,usdjpy,109.042,109.0475,109.0065,109.028
2021-05-03 15:30:00+00:00,usdjpy,109.0765,109.0835,109.0375,109.0415
2021-05-03 15:45:00+00:00,usdjpy,109.0875,109.1005,109.0695,109.077
2021-05-03 16:00:00+00:00,usdjpy,109.1075,109.1145,109.073,109.088
2021-05-03 16:15:00+00:00,usdjpy,109.1155,109.1155,109.0885,109.107
2021-05-03 16:30:00+00:00,usdjpy,109.0745,109.1145,109.0725,109.1145
2021-05-03 16:45:00+00:00,usdjpy,109.1345,109.1555,109.0755,109.0755
2021-05-03 17:00:00+00:00,usdjpy,109.093,109.135,109.0835,109.1335
2021-05-03 17:15:00+00:00,usdjpy,109.0715,109.0985,109.0645,109.0935
2021-05-03 17:30:00+00:00,usdjpy,109.0685,109.0885,109.0605,109.0725
2021-05-03 17:45:00+00:00,usdjpy,109.0945,109.0985,109.0615,109.068
2021-05-03 18:00:00+00:00,usdjpy,109.0705,109.1055,109.0645,109.0955
2021-05-03 18:15:00+00:00,usdjpy,109.072,109.0755,109.051,109.07
2021-05-03 18:30:00+00:00,usdjpy,109.0935,109.1075,109.0705,109.0715
2021-05-03 18:45:00+00:00,usdjpy,109.1035,109.1115,109.087,109.0945
2021-05-03 19:00:00+00:00,usdjpy,109.0985,109.1135,109.0795,109.1045
2021-05-03 19:15:00+00:00,usdjpy,109.1085,109.1155,109.0955,109.099
2021-05-03 19:30:00+00:00,usdjpy,109.0915,109.1075,109.0845,109.1075
2021-05-03 19:45:00+00:00,usdjpy,109.1115,109.118,109.0875,109.092
2021-05-03 20:00:00+00:00,usdjpy,109.0955,109.1225,109.0855,109.111
2021-05-03 20:15:00+00:00,usdjpy,109.1145,109.1165,109.0905,109.0945
2021-05-03 20:30:00+00:00,usdjpy,109.0765,109.1155,109.074,109.1155
2021-05-03 20:45:00+00:00,usdjpy,109.0895,109.0895,109.0675,109.076
2021-05-03 21:00:00+00:00,usdjpy,109.0715,109.114,109.0525,109.0785
2021-05-03 21:15:00+00:00,usdjpy,109.1015,109.1125,109.0565,109.0885
2021-05-03 21:30:00+00:00,usdjpy,109.085,109.106,109.0695,109.0995
2021-05-03 21:45:00+00:00,usdjpy,109.0705,109.087,109.061,109.0845
2021-05-03 22:00:00+00:00,usdjpy,109.0475,109.0775,109.041,109.07
2021-05-03 22:15:00+00:00,usdjpy,109.055,109.0555,109.0425,109.047
2021-05-03 22:30:00+00:00,usdjpy,109.0535,109.0565,109.0305,109.0545
2021-05-03 22:45:00+00:00,usdjpy,109.0795,109.0805,109.0545,109.0545
2021-05-03 23:00:00+00:00,usdjpy,109.0855,109.0855,109.0595,109.0785
2021-05-03 23:15:00+00:00,usdjpy,109.101,109.1045,109.0825,109.0865
2021-05-03 23:30:00+00:00,usdjpy,109.1095,109.1125,109.0995,109.1005
2021-05-03 23:45:00+00:00,usdjpy,109.0885,109.1105,109.0815,109.11
2021-05-04 00:00:00+00:00,usdjpy,109.1595,109.1785,109.0805,109.089
2021-05-04 00:15:00+00:00,usdjpy,109.1405,109.1635,109.1075,109.1585
2021-05-04 00:30:00+00:00,usdjpy,109.1105,109.1535,109.1035,109.141
2021-05-04 00:45:00+00:00,usdjpy,109.1035,109.1145,109.0625,109.111
2021-05-04 01:00:00+00:00,usdjpy,109.1335,109.1455,109.098,109.1025
2021-05-04 01:15:00+00:00,usdjpy,109.1565,109.165,109.1295,109.133
2021-05-04 01:30:00+00:00,usdjpy,109.2035,109.2065,109.1495,109.157
2021-05-04 01:45:00+00:00,usdjpy,109.228,109.2335,109.179,109.204
2021-05-04 02:00:00+00:00,usdjpy,109.255,109.2555,109.2005,109.2275
2021-05-04 02:15:00+00:00,usdjpy,109.2435,109.2655,109.2345,109.2555
2021-05-04 02:30:00+00:00,usdjpy,109.2375,109.262,109.237,109.2425
2021-05-04 02:45:00+00:00,usdjpy,109.2285,109.25,109.218,109.237
2021-05-04 03:00:00+00:00,usdjpy,109.2475,109.2475,109.2165,109.229
2021-05-04 03:15:00+00:00,usdjpy,109.2465,109.2495,109.2275,109.247
2021-05-04 03:30:00+00:00,usdjpy,109.2395,109.2545,109.2365,109.247
2021-05-04 03:45:00+00:00,usdjpy,109.2575,109.2575,109.2375,109.2385
2021-05-04 04:00:00+00:00,usdjpy,109.2735,109.2975,109.257,109.257
2021-05-04 04:15:00+00:00,usdjpy,109.2735,109.2875,109.2655,109.2725
2021-05-04 04:30:00+00:00,usdjpy,109.2715,109.2845,109.2605,109.274
2021-05-04 04:45:00+00:00,usdjpy,109.2855,109.2895,109.2595,109.272
2021-05-04 05:00:00+00:00,usdjpy,109.296,109.3025,109.2655,109.285
2021-05-04 05:15:00+00:00,usdjpy,109.35,109.3545,109.2915,109.2955
2021-05-04 05:30:00+00:00,usdjpy,109.3235,109.3515,109.3215,109.3505
2021-05-04 05:45:00+00:00,usdjpy,109.3055,109.3395,109.2995,109.3245
2021-05-04 06:00:00+00:00,usdjpy,109.3395,109.3455,109.2905,109.305
2021-05-04 06:15:00+00:00,usdjpy,109.3325,109.3455,109.3145,109.339
2021-05-04 06:30:00+00:00,usdjpy,109.3545,109.3575,109.3285,109.333
2021-05-04 06:45:00+00:00,usdjpy,109.3775,109.3865,109.3515,109.3535
2021-05-04 07:00:00+00:00,usdjpy,109.4325,109.4405,109.3625,109.3765
2021-05-04 07:15:00+00:00,usdjpy,109.4615,109.4765,109.4305,109.4315
2021-05-04 07:30:00+00:00,usdjpy,109.45,109.4895,109.445,109.461
2021-05-04 07:45:00+00:00,usdjpy,109.4055,109.4585,109.3905,109.4505
2021-05-04 08:00:00+00:00,usdjpy,109.3435,109.406,109.3265,109.405
2021-05-04 08:15:00+00:00,usdjpy,109.3455,109.3525,109.3205,109.343
2021-05-04 08:30:00+00:00,usdjpy,109.3295,109.3715,109.3215,109.345
2021-05-04 08:45:00+00:00,usdjpy,109.4225,109.4275,109.3225,109.329
2021-05-04 09:00:00+00:00,usdjpy,109.4075,109.4345,109.369,109.422
2021-05-04 09:15:00+00:00,usdjpy,109.4095,109.4225,109.387,109.4065
2021-05-04 09:30:00+00:00,usdjpy,109.3735,109.413,109.3515,109.4085
2021-05-04 09:45:00+00:00,usdjpy,109.4165,109.4325,109.3675,109.3745
2021-05-04 10:00:00+00:00,usdjpy,109.4615,109.4725,109.4145,109.417
2021-05-04 10:15:00+00:00,usdjpy,109.4635,109.481,109.4365,109.4605
2021-05-04 10:30:00+00:00,usdjpy,109.3945,109.4695,109.3805,109.464
2021-05-04 10:45:00+00:00,usdjpy,109.4315,109.4335,109.395,109.395
2021-05-04 11:00:00+00:00,usdjpy,109.4245,109.4625,109.413,109.432
2021-05-04 11:15:00+00:00,usdjpy,109.4485,109.4505,109.4195,109.4235
2021-05-04 11:30:00+00:00,usdjpy,109.268,109.4575,109.1545,109.4475
2021-05-04 11:45:00+00:00,usdjpy,109.2965,109.3225,109.2185,109.2675
2021-05-04 12:00:00+00:00,usdjpy,109.1975,109.3075,109.1935,109.2975
2021-05-04 12:15:00+00:00,usdjpy,109.152,109.2,109.1095,109.1985
2021-05-04 12:30:00+00:00,usdjpy,109.0955,109.1945,109.069,109.1515
2021-05-04 12:45:00+00:00,usdjpy,109.0945,109.1275,109.0705,109.096
2021-05-04 13:00:00+00:00,usdjpy,109.1005,109.1115,109.0445,109.094
2021-05-04 13:15:00+00:00,usdjpy,109.1885,109.191,109.0835,109.101
2021-05-04 13:30:00+00:00,usdjpy,109.1795,109.2235,109.1615,109.1875
2021-05-04 13:45:00+00:00,usdjpy,109.13,109.1785,109.0725,109.1785
2021-05-04 14:00:00+00:00,usdjpy,109.1335,109.2075,109.105,109.1295
2021-05-04 14:15:00+00:00,usdjpy,109.1915,109.2555,109.1145,109.1275
2021-05-04 14:30:00+00:00,usdjpy,109.2755,109.3075,109.192,109.192
2021-05-04 14:45:00+00:00,usdjpy,109.198,109.286,109.1885,109.2765
2021-05-04 15:00:00+00:00,usdjpy,109.3275,109.424,109.1795,109.1975
2021-05-04 15:15:00+00:00,usdjpy,109.3655,109.3715,109.2605,109.3395
2021-05-04 15:30:00+00:00,usdjpy,109.3235,109.3535,109.2915,109.3325
2021-05-04 15:45:00+00:00,usdjpy,109.349,109.3725,109.3095,109.324
2021-05-04 16:00:00+00:00,usdjpy,109.3215,109.3785,109.296,109.3485
2021-05-04 16:15:00+00:00,usdjpy,109.333,109.3515,109.3145,109.3225
2021-05-04 16:30:00+00:00,usdjpy,109.3115,109.3705,109.3095,109.3315
2021-05-04 16:45:00+00:00,usdjpy,109.281,109.3125,109.2535,109.3105
2021-05-04 17:00:00+00:00,usdjpy,109.2495,109.2875,109.2385,109.2805
2021-05-04 17:15:00+00:00,usdjpy,109.2875,109.2975,109.2435,109.2505
2021-05-04 17:30:00+00:00,usdjpy,109.2925,109.3015,109.2775,109.2885
2021-05-04 17:45:00+00:00,usdjpy,109.2695,109.293,109.2245,109.2915
2021-05-04 18:00:00+00:00,usdjpy,109.2485,109.2695,109.2325,109.269
2021-05-04 18:15:00+00:00,usdjpy,109.265,109.2725,109.247,109.249
2021-05-04 18:30:00+00:00,usdjpy,109.2715,109.2785,109.2505,109.2655
2021-05-04 18:45:00+00:00,usdjpy,109.3055,109.3055,109.2605,109.2725
2021-05-04 19:00:00+00:00,usdjpy,109.3095,109.3355,109.2985,109.3065
2021-05-04 19:15:00+00:00,usdjpy,109.3275,109.3305,109.3065,109.3105
2021-05-04 19:30:00+00:00,usdjpy,109.322,109.3395,109.3135,109.327
2021-05-04 19:45:00+00:00,usdjpy,109.3015,109.3225,109.2855,109.3215
2021-05-04 20:00:00+00:00,usdjpy,109.2785,109.313,109.2695,109.3025
2021-05-04 20:15:00+00:00,usdjpy,109.2845,109.286,109.2745,109.278
2021-05-04 20:30:00+00:00,usdjpy,109.3005,109.3015,109.2795,109.284
2021-05-04 20:45:00+00:00,usdjpy,109.3145,109.33,109.2875,109.3
2021-05-04 21:00:00+00:00,usdjpy,109.328,109.3705,109.3125,109.3655
2021-05-04 21:15:00+00:00,usdjpy,109.3265,109.3335,109.3155,109.3155
2021-05-04 21:30:00+00:00,usdjpy,109.3135,109.3325,109.3095,109.326
2021-05-04 21:45:00+00:00,usdjpy,109.3165,109.3265,109.3035,109.314
2021-05-04 22:00:00+00:00,usdjpy,109.2995,109.3175,109.2875,109.3175
2021-05-04 22:15:00+00:00,usdjpy,109.3155,109.3165,109.2985,109.299
2021-05-04 22:30:00+00:00,usdjpy,109.319,109.3265,109.3065,109.315
2021-05-04 22:45:00+00:00,usdjpy,109.31,109.3185,109.3025,109.3185
2021-05-04 23:00:00+00:00,usdjpy,109.3235,109.3305,109.3045,109.3095
2021-05-04 23:15:00+00:00,usdjpy,109.331,109.3355,109.3105,109.3225
2021-05-04 23:30:00+00:00,usdjpy,109.3165,109.3345,109.3095,109.3305
2021-05-04 23:45:00+00:00,usdjpy,109.3345,109.3395,109.316,109.317
2021-05-05 00:00:00+00:00,usdjpy,109.3665,109.3685,109.3035,109.334
2021-05-05 00:15:00+00:00,usdjpy,109.3705,109.3775,109.3465,109.366
2021-05-05 00:30:00+00:00,usdjpy,109.3485,109.3735,109.3425,109.3695
2021-05-05 00:45:00+00:00,usdjpy,109.333,109.3675,109.3275,109.348
2021-05-05 01:00:00+00:00,usdjpy,109.3385,109.3575,109.3275,109.3325
2021-05-05 01:15:00+00:00,usdjpy,109.345,109.3495,109.3335,109.339
2021-05-05 01:30:00+00:00,usdjpy,109.3435,109.3575,109.338,109.3445
2021-05-05 01:45:00+00:00,usdjpy,109.3295,109.3555,109.3275,109.3425
2021-05-05 02:00:00+00:00,usdjpy,109.3315,109.3425,109.3165,109.329
2021-05-05 02:15:00+00:00,usdjpy,109.2775,109.3345,109.2765,109.332
2021-05-05 02:30:00+00:00,usdjpy,109.2085,109.277,109.1985,109.277
2021-05-05 02:45:00+00:00,usdjpy,109.2455,109.2475,109.2025,109.208
2021-05-05 03:00:00+00:00,usdjpy,109.2455,109.2525,109.2325,109.246
2021-05-05 03:15:00+00:00,usdjpy,109.2455,109.251,109.2285,109.246
2021-05-05 03:30:00+00:00,usdjpy,109.257,109.2855,109.2445,109.2465
2021-05-05 03:45:00+00:00,usdjpy,109.2775,109.2825,109.2565,109.2565
2021-05-05 04:00:00+00:00,usdjpy,109.2925,109.2975,109.274,109.278
2021-05-05 04:15:00+00:00,usdjpy,109.2915,109.3025,109.283,109.2915
2021-05-05 04:30:00+00:00,usdjpy,109.3115,109.3135,109.2925,109.2925
2021-05-05 04:45:00+00:00,usdjpy,109.3305,109.3345,109.3075,109.311
2021-05-05 05:00:00+00:00,usdjpy,109.3275,109.3405,109.3165,109.33
2021-05-05 05:15:00+00:00,usdjpy,109.3225,109.3345,109.3045,109.3265
2021-05-05 05:30:00+00:00,usdjpy,109.3465,109.35,109.3215,109.323
2021-05-05 05:45:00+00:00,usdjpy,109.3725,109.3925,109.3465,109.347
2021-05-05 06:00:00+00:00,usdjpy,109.391,109.417,109.3725,109.3735
2021-05-05 06:15:00+00:00,usdjpy,109.439,109.4675,109.3905,109.3915
2021-05-05 06:30:00+00:00,usdjpy,109.4345,109.4815,109.432,109.4395
2021-05-05 06:45:00+00:00,usdjpy,109.4295,109.4785,109.4045,109.435
2021-05-05 07:00:00+00:00,usdjpy,109.433,109.448,109.3945,109.43
2021-05-05 07:15:00+00:00,usdjpy,109.4235,109.4405,109.3915,109.4335
2021-05-05 07:30:00+00:00,usdjpy,109.4465,109.4645,109.4215,109.423
2021-05-05 07:45:00+00:00,usdjpy,109.3705,109.4575,109.3385,109.447
2021-05-05 08:00:00+00:00,usdjpy,109.3405,109.3925,109.323,109.371
2021-05-05 08:15:00+00:00,usdjpy,109.3225,109.3595,109.3145,109.34
2021-05-05 08:30:00+00:00,usdjpy,109.326,109.3375,109.2575,109.323
2021-05-05 08:45:00+00:00,usdjpy,109.3625,109.3635,109.3225,109.3255
2021-05-05 09:00:00+00:00,usdjpy,109.3675,109.3785,109.3345,109.363
2021-05-05 09:15:00+00:00,usdjpy,109.3725,109.4055,109.363,109.367
2021-05-05 09:30:00+00:00,usdjpy,109.3765,109.398,109.3615,109.372
2021-05-05 09:45:00+00:00,usdjpy,109.351,109.3775,109.3215,109.377
2021-05-05 10:00:00+00:00,usdjpy,109.3515,109.3665,109.3225,109.3505
2021-05-05 10:15:00+00:00,usdjpy,109.282,109.3675,109.2785,109.3525
2021-05-05 10:30:00+00:00,usdjpy,109.2825,109.3075,109.2755,109.2825
2021-05-05 10:45:00+00:00,usdjpy,109.3055,109.3265,109.282,109.2835
2021-05-05 11:00:00+00:00,usdjpy,109.2985,109.3055,109.2555,109.3045
2021-05-05 11:15:00+00:00,usdjpy,109.3195,109.3195,109.292,109.2975
2021-05-05 12:00:00+00:00,usdjpy,109.2985,109.3425,109.2935,109.341
2021-05-05 12:15:00+00:00,usdjpy,109.351,109.3535,109.2445,109.2975
2021-05-05 12:30:00+00:00,usdjpy,109.3205,109.3915,109.3085,109.3515
2021-05-05 12:45:00+00:00,usdjpy,109.3235,109.3425,109.2845,109.32
2021-05-05 13:00:00+00:00,usdjpy,109.2825,109.3235,109.2695,109.323
2021-05-05 13:15:00+00:00,usdjpy,109.3095,109.3345,109.2745,109.2835
2021-05-05 13:30:00+00:00,usdjpy,109.1975,109.3125,109.1465,109.3095
2021-05-05 13:45:00+00:00,usdjpy,109.265,109.2815,109.1975,109.1985
2021-05-05 14:00:00+00:00,usdjpy,109.2755,109.299,109.2245,109.2645
2021-05-05 14:15:00+00:00,usdjpy,109.3065,109.3205,109.2665,109.2765
2021-05-05 14:30:00+00:00,usdjpy,109.2195,109.3235,109.2145,109.313
2021-05-05 14:45:00+00:00,usdjpy,109.2135,109.2475,109.1615,109.2205
2021-05-05 15:00:00+00:00,usdjpy,109.2395,109.2595,109.1945,109.213
2021-05-05 15:15:00+00:00,usdjpy,109.2645,109.2795,109.2395,109.2405
2021-05-05 15:30:00+00:00,usdjpy,109.2705,109.2825,109.2455,109.264
2021-05-05 15:45:00+00:00,usdjpy,109.2745,109.2865,109.2505,109.271
2021-05-05 16:00:00+00:00,usdjpy,109.2755,109.292,109.2655,109.2735
2021-05-05 16:15:00+00:00,usdjpy,109.2925,109.3115,109.2745,109.2765
2021-05-05 16:30:00+00:00,usdjpy,109.294,109.306,109.2855,109.292
2021-05-05 16:45:00+00:00,usdjpy,109.3,109.3125,109.2865,109.2945
2021-05-05 17:00:00+00:00,usdjpy,109.3005,109.307,109.294,109.3005
2021-05-05 17:15:00+00:00,usdjpy,109.2865,109.3195,109.2855,109.3015
2021-05-05 17:30:00+00:00,usdjpy,109.2685,109.286,109.26,109.286
2021-05-05 17:45:00+00:00,usdjpy,109.2565,109.2885,109.239,109.269
2021-05-05 18:00:00+00:00,usdjpy,109.2715,109.282,109.2425,109.257
2021-05-05 18:15:00+00:00,usdjpy,109.2875,109.3005,109.2695,109.272
2021-05-05 18:30:00+00:00,usdjpy,109.2825,109.2945,109.2745,109.287
2021-05-05 18:45:00+00:00,usdjpy,109.2505,109.2945,109.2485,109.283
2021-05-05 19:00:00+00:00,usdjpy,109.2355,109.2685,109.2325,109.2515
2021-05-05 19:15:00+00:00,usdjpy,109.2195,109.2425,109.218,109.236
2021-05-05 19:30:00+00:00,usdjpy,109.2215,109.2435,109.2115,109.22
2021-05-05 19:45:00+00:00,usdjpy,109.194,109.2295,109.1795,109.2225
2021-05-05 20:00:00+00:00,usdjpy,109.1985,109.2005,109.1845,109.1945
2021-05-05 20:15:00+00:00,usdjpy,109.2105,109.2145,109.1905,109.1975
2021-05-05 20:30:00+00:00,usdjpy,109.1935,109.2115,109.1885,109.2115
2021-05-05 20:45:00+00:00,usdjpy,109.1915,109.202,109.1795,109.1935
2021-05-05 21:00:00+00:00,usdjpy,109.2035,109.2275,109.173,109.1955
2021-05-05 21:15:00+00:00,usdjpy,109.216,109.249,109.1895,109.2075
2021-05-05 21:30:00+00:00,usdjpy,109.1965,109.2195,109.1925,109.2155
2021-05-05 21:45:00+00:00,usdjpy,109.2015,109.207,109.194,109.1955
2021-05-05 22:00:00+00:00,usdjpy,109.1905,109.2175,109.1905,109.2025
2021-05-05 22:15:00+00:00,usdjpy,109.1845,109.1945,109.1795,109.192
2021-05-05 22:30:00+00:00,usdjpy,109.1755,109.184,109.172,109.184
2021-05-05 22:45:00+00:00,usdjpy,109.2105,109.2115,109.1765,109.1765
2021-05-05 23:00:00+00:00,usdjpy,109.2155,109.216,109.197,109.2095
2021-05-05 23:15:00+00:00,usdjpy,109.2155,109.2175,109.2075,109.216
2021-05-05 23:30:00+00:00,usdjpy,109.2435,109.2705,109.216,109.216
2021-05-05 23:45:00+00:00,usdjpy,109.2205,109.255,109.2195,109.243
2021-05-06 00:00:00+00:00,usdjpy,109.2605,109.2975,109.1885,109.221
2021-05-06 00:15:00+00:00,usdjpy,109.2285,109.273,109.2265,109.2595
2021-05-06 00:30:00+00:00,usdjpy,109.2745,109.28,109.228,109.2295
2021-05-06 00:45:00+00:00,usdjpy,109.3035,109.3285,109.246,109.274
2021-05-06 01:00:00+00:00,usdjpy,109.3275,109.3605,109.2975,109.304
2021-05-06 01:15:00+00:00,usdjpy,109.3325,109.385,109.3215,109.3285
2021-05-06 01:30:00+00:00,usdjpy,109.3085,109.339,109.3075,109.332
2021-05-06 01:45:00+00:00,usdjpy,109.3285,109.3415,109.2955,109.3075
2021-05-06 02:00:00+00:00,usdjpy,109.3445,109.3725,109.327,109.328
2021-05-06 02:15:00+00:00,usdjpy,109.3135,109.3585,109.3135,109.344
2021-05-06 02:30:00+00:00,usdjpy,109.3795,109.3895,109.3115,109.314
2021-05-06 02:45:00+00:00,usdjpy,109.3375,109.4295,109.337,109.3785
2021-05-06 03:00:00+00:00,usdjpy,109.3505,109.3605,109.3245,109.338
2021-05-06 03:15:00+00:00,usdjpy,109.3575,109.3715,109.3325,109.3495
2021-05-06 03:30:00+00:00,usdjpy,109.3635,109.388,109.352,109.3585
2021-05-06 03:45:00+00:00,usdjpy,109.3755,109.3805,109.3455,109.363
2021-05-06 04:00:00+00:00,usdjpy,109.4015,109.4225,109.3635,109.375
2021-05-06 04:15:00+00:00,usdjpy,109.3725,109.4095,109.3685,109.4005
2021-05-06 04:30:00+00:00,usdjpy,109.3945,109.3945,109.3685,109.3715
2021-05-06 04:45:00+00:00,usdjpy,109.398,109.4145,109.3775,109.394
2021-05-06 05:00:00+00:00,usdjpy,109.3685,109.3995,109.3595,109.3985
2021-05-06 05:15:00+00:00,usdjpy,109.324,109.368,109.3195,109.368
2021-05-06 05:30:00+00:00,usdjpy,109.3395,109.3525,109.3185,109.3235
2021-05-06 05:45:00+00:00,usdjpy,109.337,109.3525,109.3165,109.3405
2021-05-06 06:00:00+00:00,usdjpy,109.3025,109.3475,109.2835,109.3375
2021-05-06 06:15:00+00:00,usdjpy,109.3525,109.353,109.3015,109.3035
2021-05-06 06:30:00+00:00,usdjpy,109.2685,109.3585,109.2585,109.353
2021-05-06 06:45:00+00:00,usdjpy,109.2595,109.2845,109.2475,109.268
2021-05-06 07:00:00+00:00,usdjpy,109.3145,109.328,109.2535,109.26
2021-05-06 07:15:00+00:00,usdjpy,109.3175,109.343,109.2935,109.314
2021-05-06 07:30:00+00:00,usdjpy,109.302,109.3315,109.3015,109.318
2021-05-06 07:45:00+00:00,usdjpy,109.3385,109.3455,109.3005,109.3015
2021-05-06 08:00:00+00:00,usdjpy,109.3195,109.3665,109.3125,109.3375
2021-05-06 08:15:00+00:00,usdjpy,109.3035,109.329,109.2885,109.32
2021-05-06 08:30:00+00:00,usdjpy,109.2815,109.327,109.2445,109.3045
2021-05-06 08:45:00+00:00,usdjpy,109.2265,109.2945,109.1805,109.281
2021-05-06 09:00:00+00:00,usdjpy,109.2175,109.2515,109.2035,109.226
2021-05-06 09:15:00+00:00,usdjpy,109.1555,109.2265,109.1555,109.217
2021-05-06 09:30:00+00:00,usdjpy,109.1255,109.174,109.087,109.1665
2021-05-06 09:45:00+00:00,usdjpy,109.1315,109.1615,109.1255,109.1265
2021-05-06 10:00:00+00:00,usdjpy,109.1585,109.1805,109.1055,109.132
2021-05-06 10:15:00+00:00,usdjpy,109.0925,109.1735,109.0845,109.159
2021-05-06 10:30:00+00:00,usdjpy,109.107,109.1205,109.0635,109.093
2021-05-06 10:45:00+00:00,usdjpy,109.121,109.1225,109.0845,109.1075
2021-05-06 11:00:00+00:00,usdjpy,109.1115,109.186,109.1095,109.1205
2021-05-06 11:15:00+00:00,usdjpy,109.1385,109.1385,109.0845,109.112
2021-05-06 11:30:00+00:00,usdjpy,109.1345,109.1775,109.1285,109.1395
2021-05-06 11:45:00+00:00,usdjpy,109.1665,109.174,109.1145,109.134
2021-05-06 12:00:00+00:00,usdjpy,109.2025,109.2165,109.1435,109.1655
2021-05-06 12:15:00+00:00,usdjpy,109.2235,109.2495,109.1945,109.202
2021-05-06 12:30:00+00:00,usdjpy,109.256,109.3005,109.2205,109.2225
2021-05-06 12:45:00+00:00,usdjpy,109.3025,109.3025,109.2165,109.2575
2021-05-06 13:00:00+00:00,usdjpy,109.3525,109.3805,109.2895,109.303
2021-05-06 13:15:00+00:00,usdjpy,109.3385,109.4035,109.33,109.353
2021-05-06 13:30:00+00:00,usdjpy,109.2335,109.3425,109.1835,109.338
2021-05-06 13:45:00+00:00,usdjpy,109.199,109.2615,109.1925,109.234
2021-05-06 14:00:00+00:00,usdjpy,109.1215,109.2025,109.058,109.2005
2021-05-06 14:15:00+00:00,usdjpy,109.1545,109.1785,109.1045,109.122
2021-05-06 14:30:00+00:00,usdjpy,109.1145,109.1765,109.0975,109.1555
2021-05-06 14:45:00+00:00,usdjpy,109.0525,109.1185,109.0445,109.115
2021-05-06 15:45:00+00:00,usdjpy,109.175,109.1915,109.1585,109.1875
2021-05-06 16:00:00+00:00,usdjpy,109.1265,109.1895,109.1145,109.1745
2021-05-06 16:15:00+00:00,usdjpy,109.1195,109.1275,109.0955,109.127
2021-05-06 16:30:00+00:00,usdjpy,109.091,109.1335,109.0845,109.12
2021-05-06 16:45:00+00:00,usdjpy,109.1055,109.1125,109.07,109.0915
2021-05-06 17:00:00+00:00,usdjpy,109.1045,109.1195,109.092,109.1065
2021-05-06 17:15:00+00:00,usdjpy,109.1055,109.1185,109.0965,109.1055
2021-05-06 17:30:00+00:00,usdjpy,109.1165,109.1235,109.106,109.106
2021-05-06 17:45:00+00:00,usdjpy,109.1095,109.1235,109.1035,109.1175
2021-05-06 18:00:00+00:00,usdjpy,109.0715,109.1155,109.0375,109.1105
2021-05-06 18:15:00+00:00,usdjpy,109.031,109.0745,109.0255,109.072
2021-05-06 18:30:00+00:00,usdjpy,109.0285,109.0345,109.002,109.0315
2021-05-06 18:45:00+00:00,usdjpy,109.04,109.0475,109.0265,109.029
2021-05-06 19:00:00+00:00,usdjpy,109.0675,109.0695,109.0395,109.0395
2021-05-06 19:15:00+00:00,usdjpy,109.0395,109.0795,109.0395,109.067
2021-05-06 19:30:00+00:00,usdjpy,109.052,109.0585,109.0325,109.04
2021-05-06 19:45:00+00:00,usdjpy,109.0445,109.0665,109.0355,109.0515
2021-05-06 20:00:00+00:00,usdjpy,109.0815,109.0825,109.0445,109.045
2021-05-06 20:15:00+00:00,usdjpy,109.0805,109.0895,109.0775,109.0825
2021-05-06 20:30:00+00:00,usdjpy,109.087,109.0895,109.0745,109.081
2021-05-06 20:45:00+00:00,usdjpy,109.0875,109.0945,109.0795,109.0875
2021-05-06 21:00:00+00:00,usdjpy,109.0895,109.162,109.061,109.092
2021-05-06 21:15:00+00:00,usdjpy,109.0875,109.0915,109.054,109.0885
2021-05-06 21:30:00+00:00,usdjpy,109.0925,109.1065,109.081,109.087
2021-05-06 21:45:00+00:00,usdjpy,109.085,109.1055,109.084,109.0915
2021-05-06 22:00:00+00:00,usdjpy,109.0935,109.0985,109.0725,109.0845
2021-05-06 22:15:00+00:00,usdjpy,109.0855,109.0965,109.0815,109.0945
2021-05-06 22:30:00+00:00,usdjpy,109.0845,109.0925,109.0695,109.086
2021-05-06 22:45:00+00:00,usdjpy,109.0795,109.0875,109.0775,109.084
2021-05-06 23:00:00+00:00,usdjpy,109.0505,109.081,109.0445,109.08
2021-05-06 23:15:00+00:00,usdjpy,109.0455,109.0515,109.0335,109.051
2021-05-06 23:30:00+00:00,usdjpy,109.0565,109.0635,109.0375,109.045
2021-05-06 23:45:00+00:00,usdjpy,109.0535,109.0585,109.0275,109.0555
2021-05-07 00:00:00+00:00,usdjpy,109.0245,109.0525,108.9385,109.0525
2021-05-07 00:15:00+00:00,usdjpy,109.0525,109.0695,109.0075,109.024
2021-05-07 00:30:00+00:00,usdjpy,109.0485,109.0635,109.0235,109.052
2021-05-07 00:45:00+00:00,usdjpy,109.1225,109.1495,109.043,109.048
2021-05-07 01:00:00+00:00,usdjpy,109.1505,109.1875,109.119,109.123
2021-05-07 01:15:00+00:00,usdjpy,109.153,109.1655,109.13,109.15
2021-05-07 01:30:00+00:00,usdjpy,109.1235,109.1725,109.1115,109.1525
2021-05-07 01:45:00+00:00,usdjpy,109.1035,109.1335,109.0965,109.123
2021-05-07 02:00:00+00:00,usdjpy,109.1395,109.1535,109.103,109.104
2021-05-07 02:15:00+00:00,usdjpy,109.128,109.1535,109.128,109.14
2021-05-07 02:30:00+00:00,usdjpy,109.1795,109.1895,109.1275,109.1275
2021-05-07 02:45:00+00:00,usdjpy,109.1615,109.1815,109.1335,109.1785
2021-05-07 03:00:00+00:00,usdjpy,109.1345,109.1645,109.1295,109.161
2021-05-07 03:15:00+00:00,usdjpy,109.0915,109.1505,109.0755,109.134
2021-05-07 03:30:00+00:00,usdjpy,109.0875,109.1185,109.0795,109.0925
2021-05-07 03:45:00+00:00,usdjpy,109.1095,109.1125,109.0815,109.087
2021-05-07 04:00:00+00:00,usdjpy,109.0935,109.1115,109.0795,109.11
2021-05-07 04:15:00+00:00,usdjpy,109.0945,109.1055,109.0885,109.0925
2021-05-07 04:30:00+00:00,usdjpy,109.0685,109.095,109.068,109.094
2021-05-07 04:45:00+00:00,usdjpy,109.0725,109.0825,109.0485,109.069
2021-05-07 05:00:00+00:00,usdjpy,109.0675,109.0825,109.0585,109.073
2021-05-07 05:15:00+00:00,usdjpy,109.0685,109.0805,109.0635,109.0685
2021-05-07 05:30:00+00:00,usdjpy,109.0785,109.0795,109.0575,109.0675
2021-05-07 05:45:00+00:00,usdjpy,109.112,109.1175,109.077,109.078
2021-05-07 06:00:00+00:00,usdjpy,109.165,109.1725,109.1085,109.1125
2021-05-07 06:15:00+00:00,usdjpy,109.171,109.1995,109.1565,109.1655
2021-05-07 06:30:00+00:00,usdjpy,109.1675,109.1845,109.1445,109.1705
2021-05-07 06:45:00+00:00,usdjpy,109.1715,109.1735,109.1385,109.1685
2021-05-07 07:00:00+00:00,usdjpy,109.0895,109.1745,109.0855,109.171
2021-05-07 07:15:00+00:00,usdjpy,109.1365,109.1365,109.0795,109.09
2021-05-07 12:00:00+00:00,usdjpy,109.2605,109.289,109.2485,109.251
2021-05-07 12:15:00+00:00,usdjpy,109.214,109.265,109.2085,109.261
2021-05-07 12:30:00+00:00,usdjpy,108.575,109.086,108.5355,109.0835
2021-05-07 12:45:00+00:00,usdjpy,108.5235,108.6575,108.5235,108.585
2021-05-07 13:00:00+00:00,usdjpy,108.5945,108.64,108.3385,108.5255
2021-05-07 13:15:00+00:00,usdjpy,108.7015,108.754,108.5785,108.593
2021-05-07 13:30:00+00:00,usdjpy,108.8265,108.8865,108.6895,108.711
2021-05-07 13:45:00+00:00,usdjpy,108.7035,108.8655,108.692,108.8325
2021-05-07 14:00:00+00:00,usdjpy,108.5895,108.7465,108.5815,108.703
2021-05-07 14:15:00+00:00,usdjpy,108.5395,108.6455,108.4975,108.5915
2021-05-07 14:30:00+00:00,usdjpy,108.6035,108.634,108.4945,108.5385
2021-05-07 14:45:00+00:00,usdjpy,108.5665,108.652,108.5525,108.6005
2021-05-07 15:00:00+00:00,usdjpy,108.512,108.6165,108.511,108.5685
2021-05-07 15:15:00+00:00,usdjpy,108.5425,108.5605,108.5005,108.5125
2021-05-07 15:30:00+00:00,usdjpy,108.4915,108.5495,108.4845,108.5435
2021-05-07 15:45:00+00:00,usdjpy,108.5215,108.5365,108.467,108.491
2021-05-07 16:00:00+00:00,usdjpy,108.6075,108.6155,108.5215,108.522
2021-05-07 16:15:00+00:00,usdjpy,108.6085,108.6235,108.5725,108.6065
2021-05-07 16:30:00+00:00,usdjpy,108.7035,108.7485,108.6075,108.6095
2021-05-07 16:45:00+00:00,usdjpy,108.6625,108.723,108.6595,108.703
2021-05-07 17:00:00+00:00,usdjpy,108.6615,108.6775,108.6485,108.663
2021-05-07 17:15:00+00:00,usdjpy,108.692,108.711,108.6615,108.662
2021-05-07 17:30:00+00:00,usdjpy,108.6705,108.6985,108.655,108.6915
2021-05-07 17:45:00+00:00,usdjpy,108.6765,108.6895,108.6335,108.671
2021-05-07 18:00:00+00:00,usdjpy,108.6765,108.705,108.6705,108.677
2021-05-07 18:15:00+00:00,usdjpy,108.6665,108.682,108.6665,108.6775
2021-05-07 20:00:00+00:00,usdjpy,108.6045,108.622,108.6035,108.619
2021-05-07 20:15:00+00:00,usdjpy,108.5835,108.6065,108.5775,108.605
2021-05-07 20:30:00+00:00,usdjpy,108.607,108.6115,108.5845,108.5845
2021-05-07 20:45:00+00:00,usdjpy,108.6045,108.6255,108.578,108.6075
2021-05-09 21:00:00+00:00,usdjpy,108.604,108.634,108.583,108.584
2021-05-09 21:15:00+00:00,usdjpy,108.6125,108.6235,108.6015,108.6105
2021-05-09 21:30:00+00:00,usdjpy,108.6175,108.6285,108.6085,108.6135
2021-05-09 21:45:00+00:00,usdjpy,108.6285,108.6285,108.6045,108.6225
2021-05-09 22:00:00+00:00,usdjpy,108.485,108.6385,108.4765,108.629
2021-05-09 22:15:00+00:00,usdjpy,108.554,108.5545,108.4695,108.4855
2021-05-09 22:30:00+00:00,usdjpy,108.5645,108.5865,108.5335,108.5545
2021-05-09 22:45:00+00:00,usdjpy,108.5625,108.5775,108.5495,108.564
2021-05-09 23:00:00+00:00,usdjpy,108.5285,108.562,108.5195,108.562
2021-05-09 23:15:00+00:00,usdjpy,108.4925,108.5525,108.4885,108.528
2021-05-09 23:30:00+00:00,usdjpy,108.4945,108.515,108.4845,108.493
2021-05-09 23:45:00+00:00,usdjpy,108.5745,108.5805,108.4845,108.495
2021-05-10 00:00:00+00:00,usdjpy,108.721,108.7275,108.5645,108.575
2021-05-10 00:15:00+00:00,usdjpy,108.7775,108.8025,108.7145,108.721
2021-05-10 00:30:00+00:00,usdjpy,108.785,108.8155,108.7655,108.7765
2021-05-10 00:45:00+00:00,usdjpy,108.747,108.7885,108.7265,108.785
2021-05-10 01:00:00+00:00,usdjpy,108.77,108.7855,108.717,108.7465
2021-05-10 01:15:00+00:00,usdjpy,108.8445,108.8745,108.7665,108.7705
2021-05-10 01:30:00+00:00,usdjpy,108.8525,108.8745,108.8255,108.845
2021-05-10 01:45:00+00:00,usdjpy,108.8465,108.8775,108.829,108.8535
2021-05-10 02:00:00+00:00,usdjpy,108.8455,108.8735,108.8275,108.846
2021-05-10 02:15:00+00:00,usdjpy,108.8735,108.916,108.8385,108.845
2021-05-10 02:30:00+00:00,usdjpy,108.8585,108.879,108.8475,108.8725
2021-05-10 02:45:00+00:00,usdjpy,108.8745,108.8805,108.8505,108.859
2021-05-10 03:00:00+00:00,usdjpy,108.8825,108.89,108.865,108.8735
2021-05-10 03:15:00+00:00,usdjpy,108.9035,108.9045,108.86,108.882
2021-05-10 03:30:00+00:00,usdjpy,108.9015,108.9135,108.8835,108.9045
2021-05-10 03:45:00+00:00,usdjpy,108.8895,108.9075,108.8705,108.901
2021-05-10 04:00:00+00:00,usdjpy,108.864,108.9045,108.8625,108.889
2021-05-10 04:15:00+00:00,usdjpy,108.8805,108.8925,108.8585,108.8635
2021-05-10 04:30:00+00:00,usdjpy,108.8525,108.8835,108.842,108.8815
2021-05-10 04:45:00+00:00,usdjpy,108.8605,108.8665,108.843,108.8535
2021-05-10 05:00:00+00:00,usdjpy,108.8545,108.8675,108.8475,108.86
2021-05-10 05:15:00+00:00,usdjpy,108.8305,108.8545,108.8115,108.854
2021-05-10 05:30:00+00:00,usdjpy,108.8175,108.8345,108.8025,108.8315
2021-05-10 05:45:00+00:00,usdjpy,108.8265,108.8395,108.7965,108.817
2021-05-10 06:00:00+00:00,usdjpy,108.8505,108.8865,108.8115,108.826
2021-05-10 06:15:00+00:00,usdjpy,108.8585,108.8695,108.8225,108.85
2021-05-10 06:30:00+00:00,usdjpy,108.951,108.9905,108.8565,108.858
2021-05-10 06:45:00+00:00,usdjpy,108.9725,108.9955,108.9485,108.9515
2021-05-10 07:00:00+00:00,usdjpy,108.9935,109.0275,108.9195,108.9715
2021-05-10 07:15:00+00:00,usdjpy,108.9935,109.0165,108.9165,108.9925
2021-05-10 07:30:00+00:00,usdjpy,108.9955,109.058,108.9875,108.9925
2021-05-10 07:45:00+00:00,usdjpy,108.9245,109.002,108.9185,108.996
2021-05-10 08:00:00+00:00,usdjpy,108.955,108.9665,108.9115,108.9235
2021-05-10 08:15:00+00:00,usdjpy,108.8505,108.973,108.8465,108.9555
2021-05-10 08:30:00+00:00,usdjpy,108.8125,108.8675,108.8045,108.8495
2021-05-10 08:45:00+00:00,usdjpy,108.7845,108.8245,108.7575,108.813
2021-05-10 09:00:00+00:00,usdjpy,108.8015,108.8345,108.7795,108.785
2021-05-10 09:15:00+00:00,usdjpy,108.7445,108.8165,108.7285,108.8025
2021-05-10 09:30:00+00:00,usdjpy,108.7365,108.7685,108.7165,108.745
2021-05-10 09:45:00+00:00,usdjpy,108.7565,108.7625,108.7245,108.736
2021-05-10 10:00:00+00:00,usdjpy,108.767,108.7835,108.7475,108.756
2021-05-10 10:15:00+00:00,usdjpy,108.7605,108.7855,108.7535,108.7675
2021-05-10 10:30:00+00:00,usdjpy,108.7245,108.7825,108.7165,108.7615
2021-05-10 10:45:00+00:00,usdjpy,108.7285,108.7485,108.6825,108.725
2021-05-10 11:00:00+00:00,usdjpy,108.7665,108.7675,108.7175,108.7275
2021-05-10 11:15:00+00:00,usdjpy,108.8475,108.8495,108.7655,108.767
2021-05-10 11:30:00+00:00,usdjpy,108.7485,108.847,108.7475,108.847
2021-05-10 11:45:00+00:00,usdjpy,108.8005,108.815,108.749,108.7495
2021-05-10 12:00:00+00:00,usdjpy,108.7275,108.8075,108.7235,108.801
2021-05-10 12:15:00+00:00,usdjpy,108.72,108.7405,108.6885,108.727
2021-05-10 12:30:00+00:00,usdjpy,108.6795,108.7335,108.6535,108.7205
2021-05-10 12:45:00+00:00,usdjpy,108.6935,108.7055,108.6535,108.679
2021-05-10 13:00:00+00:00,usdjpy,108.7485,108.758,108.6765,108.6945
2021-05-10 13:15:00+00:00,usdjpy,108.7005,108.804,108.6945,108.749
2021-05-10 13:30:00+00:00,usdjpy,108.7415,108.7845,108.6595,108.701
2021-05-10 13:45:00+00:00,usdjpy,108.789,108.8375,108.7365,108.7375
2021-05-10 14:00:00+00:00,usdjpy,108.6965,108.8065,108.6965,108.7795
2021-05-10 14:15:00+00:00,usdjpy,108.7275,108.7675,108.6895,108.6995
2021-05-10 14:30:00+00:00,usdjpy,108.722,108.7515,108.6755,108.728
2021-05-10 14:45:00+00:00,usdjpy,108.7345,108.7705,108.7015,108.7215
2021-05-10 15:00:00+00:00,usdjpy,108.7695,108.7785,108.7225,108.7335
2021-05-10 15:15:00+00:00,usdjpy,108.7425,108.7715,108.7345,108.77
2021-05-10 15:30:00+00:00,usdjpy,108.722,108.756,108.7105,108.743
2021-05-10 15:45:00+00:00,usdjpy,108.707,108.729,108.6995,108.7225
2021-05-10 16:00:00+00:00,usdjpy,108.7525,108.755,108.7065,108.7065
2021-05-10 16:15:00+00:00,usdjpy,108.766,108.774,108.7495,108.752
2021-05-10 16:30:00+00:00,usdjpy,108.837,108.8435,108.7655,108.7665
2021-05-10 16:45:00+00:00,usdjpy,108.812,108.8365,108.8045,108.8365
2021-05-10 17:00:00+00:00,usdjpy,108.8395,108.8445,108.799,108.8115
2021-05-10 17:15:00+00:00,usdjpy,108.8545,108.8685,108.8335,108.839
2021-05-10 17:30:00+00:00,usdjpy,108.8545,108.8575,108.8295,108.8535
2021-05-10 17:45:00+00:00,usdjpy,108.844,108.8725,108.84,108.854
2021-05-10 18:00:00+00:00,usdjpy,108.81,108.848,108.8055,108.8445
2021-05-10 18:15:00+00:00,usdjpy,108.7645,108.8215,108.7625,108.8105
2021-05-10 18:30:00+00:00,usdjpy,108.8235,108.846,108.7665,108.7665
2021-05-10 18:45:00+00:00,usdjpy,108.8125,108.842,108.7955,108.8245
2021-05-10 19:00:00+00:00,usdjpy,108.8025,108.8385,108.7805,108.8115
2021-05-10 19:15:00+00:00,usdjpy,108.7955,108.8045,108.7735,108.8035
2021-05-10 19:30:00+00:00,usdjpy,108.7905,108.8035,108.77,108.795
2021-05-10 19:45:00+00:00,usdjpy,108.78,108.7955,108.7585,108.79
2021-05-10 20:00:00+00:00,usdjpy,108.7465,108.7865,108.742,108.7805
2021-05-10 20:15:00+00:00,usdjpy,108.7955,108.8025,108.7365,108.747
2021-05-10 20:30:00+00:00,usdjpy,108.8395,108.8395,108.796,108.796
2021-05-10 20:45:00+00:00,usdjpy,108.792,108.8505,108.792,108.839
2021-05-10 21:00:00+00:00,usdjpy,108.824,108.8325,108.783,108.8205
2021-05-10 21:15:00+00:00,usdjpy,108.8555,108.8595,108.8035,108.8275
2021-05-10 21:30:00+00:00,usdjpy,108.8545,108.8585,108.8405,108.8545
2021-05-10 21:45:00+00:00,usdjpy,108.8525,108.8625,108.8445,108.8565
2021-05-10 22:00:00+00:00,usdjpy,108.8265,108.853,108.8265,108.853
2021-05-10 22:15:00+00:00,usdjpy,108.7875,108.8325,108.7865,108.8255
2021-05-10 22:30:00+00:00,usdjpy,108.8155,108.8275,108.7805,108.7885
2021-05-10 22:45:00+00:00,usdjpy,108.8135,108.828,108.8105,108.8145
2021-05-10 23:00:00+00:00,usdjpy,108.8335,108.8425,108.8125,108.813
2021-05-10 23:15:00+00:00,usdjpy,108.8315,108.8395,108.8155,108.833
2021-05-10 23:30:00+00:00,usdjpy,108.8205,108.8335,108.8195,108.831
2021-05-10 23:45:00+00:00,usdjpy,108.8495,108.8575,108.796,108.8215
2021-05-11 00:00:00+00:00,usdjpy,108.8695,108.9015,108.7915,108.849
2021-05-11 00:15:00+00:00,usdjpy,108.8755,108.8885,108.8095,108.869
2021-05-11 00:30:00+00:00,usdjpy,108.9205,108.9435,108.868,108.8745
2021-05-11 00:45:00+00:00,usdjpy,108.9505,108.9845,108.8725,108.9195
2021-05-11 01:00:00+00:00,usdjpy,108.9425,108.9595,108.9135,108.9515
2021-05-11 01:15:00+00:00,usdjpy,108.946,108.962,108.9195,108.9435
2021-05-11 01:30:00+00:00,usdjpy,108.9035,108.9585,108.8925,108.9455
2021-05-11 01:45:00+00:00,usdjpy,108.8965,108.9225,108.8835,108.903
2021-05-11 02:00:00+00:00,usdjpy,108.8815,108.9195,108.8785,108.896
2021-05-11 02:15:00+00:00,usdjpy,108.894,108.9,108.8675,108.882
2021-05-11 02:30:00+00:00,usdjpy,108.8755,108.8995,108.8675,108.8945
2021-05-11 02:45:00+00:00,usdjpy,108.8885,108.8885,108.8495,108.875
2021-05-11 03:00:00+00:00,usdjpy,108.8825,108.9005,108.8725,108.889
2021-05-11 03:15:00+00:00,usdjpy,108.8905,108.8915,108.872,108.882
2021-05-11 03:30:00+00:00,usdjpy,108.8915,108.9055,108.8785,108.89
2021-05-11 03:45:00+00:00,usdjpy,108.8895,108.8915,108.8735,108.891
2021-05-11 04:00:00+00:00,usdjpy,108.9075,108.933,108.8835,108.8905
2021-05-11 04:15:00+00:00,usdjpy,108.8795,108.9115,108.8765,108.907
2021-05-11 04:30:00+00:00,usdjpy,108.8455,108.8825,108.823,108.879
2021-05-11 04:45:00+00:00,usdjpy,108.8135,108.8515,108.8095,108.8465
2021-05-11 05:00:00+00:00,usdjpy,108.8215,108.8335,108.807,108.813
2021-05-11 05:15:00+00:00,usdjpy,108.8355,108.8395,108.8215,108.822
2021-05-11 05:30:00+00:00,usdjpy,108.847,108.8505,108.8215,108.8365
2021-05-11 05:45:00+00:00,usdjpy,108.8605,108.8845,108.847,108.8475
2021-05-11 06:00:00+00:00,usdjpy,108.9085,108.9145,108.8385,108.8595
2021-05-11 06:15:00+00:00,usdjpy,108.8975,108.9165,108.8785,108.909
2021-05-11 06:30:00+00:00,usdjpy,108.9075,108.9285,108.8795,108.897
2021-05-11 06:45:00+00:00,usdjpy,108.9305,108.9385,108.8915,108.908
2021-05-11 07:00:00+00:00,usdjpy,108.912,108.9565,108.882,108.9295
2021-05-11 07:15:00+00:00,usdjpy,108.885,108.934,108.8535,108.912
2021-05-11 07:30:00+00:00,usdjpy,108.9065,108.9135,108.86,108.8855
2021-05-11 07:45:00+00:00,usdjpy,108.9395,108.9515,108.897,108.906
2021-05-11 08:00:00+00:00,usdjpy,108.9065,108.9795,108.9005,108.939
2021-05-11 08:15:00+00:00,usdjpy,108.927,108.9345,108.8975,108.9075
2021-05-11 08:30:00+00:00,usdjpy,108.8595,108.929,108.8405,108.9275
2021-05-11 08:45:00+00:00,usdjpy,108.8265,108.875,108.8135,108.8605
2021-05-11 09:00:00+00:00,usdjpy,108.8785,108.8785,108.812,108.8255
2021-05-11 09:15:00+00:00,usdjpy,108.8375,108.8915,108.8315,108.879
2021-05-11 09:30:00+00:00,usdjpy,108.8755,108.8755,108.833,108.8365
2021-05-11 09:45:00+00:00,usdjpy,108.8425,108.8755,108.8385,108.875
2021-05-11 10:00:00+00:00,usdjpy,108.7685,108.8555,108.7475,108.843
2021-05-11 10:15:00+00:00,usdjpy,108.6985,108.7745,108.667,108.769
2021-05-11 10:30:00+00:00,usdjpy,108.7285,108.7375,108.6945,108.6995
2021-05-11 10:45:00+00:00,usdjpy,108.7525,108.76,108.7155,108.7275
2021-05-11 11:00:00+00:00,usdjpy,108.7285,108.7685,108.7165,108.753
2021-05-11 11:15:00+00:00,usdjpy,108.633,108.7405,108.605,108.729
2021-05-11 11:30:00+00:00,usdjpy,108.6395,108.645,108.5905,108.6325
2021-05-11 11:45:00+00:00,usdjpy,108.5945,108.6535,108.5905,108.639
2021-05-11 12:00:00+00:00,usdjpy,108.5635,108.61,108.5175,108.595
2021-05-11 12:15:00+00:00,usdjpy,108.5385,108.563,108.5035,108.563
2021-05-11 12:30:00+00:00,usdjpy,108.5975,108.6115,108.5345,108.5375
2021-05-11 12:45:00+00:00,usdjpy,108.5715,108.6155,108.5445,108.597
2021-05-11 13:00:00+00:00,usdjpy,108.3945,108.5765,108.3645,108.571
2021-05-11 13:15:00+00:00,usdjpy,108.4815,108.5055,108.3545,108.3935
2021-05-11 13:30:00+00:00,usdjpy,108.5765,108.6085,108.4805,108.4805
2021-05-11 13:45:00+00:00,usdjpy,108.5395,108.585,108.5315,108.5835
2021-05-11 14:00:00+00:00,usdjpy,108.6305,108.672,108.57,108.57
2021-05-11 14:15:00+00:00,usdjpy,108.552,108.65,108.552,108.631
2021-05-11 14:30:00+00:00,usdjpy,108.5485,108.5615,108.5185,108.5495
2021-05-11 14:45:00+00:00,usdjpy,108.4915,108.5685,108.4655,108.5475
2021-05-11 15:00:00+00:00,usdjpy,108.5195,108.5495,108.498,108.5015
2021-05-11 15:15:00+00:00,usdjpy,108.469,108.5205,108.4585,108.519
2021-05-11 15:30:00+00:00,usdjpy,108.5065,108.5185,108.4575,108.4695
2021-05-11 15:45:00+00:00,usdjpy,108.5315,108.5345,108.5055,108.506
2021-05-11 16:00:00+00:00,usdjpy,108.5635,108.5755,108.5325,108.5325
2021-05-11 16:15:00+00:00,usdjpy,108.5475,108.5625,108.5395,108.5625
2021-05-11 16:30:00+00:00,usdjpy,108.5325,108.5485,108.5255,108.5445
2021-05-11 16:45:00+00:00,usdjpy,108.537,108.5395,108.5135,108.532
2021-05-11 17:00:00+00:00,usdjpy,108.5815,108.5875,108.5315,108.5375
2021-05-11 17:15:00+00:00,usdjpy,108.5905,108.5975,108.5765,108.581
2021-05-11 17:30:00+00:00,usdjpy,108.6165,108.6275,108.5885,108.5915
2021-05-11 17:45:00+00:00,usdjpy,108.6155,108.6435,108.6055,108.6155
2021-05-11 18:00:00+00:00,usdjpy,108.6615,108.6625,108.6045,108.615
2021-05-11 18:15:00+00:00,usdjpy,108.655,108.6745,108.6445,108.661
2021-05-11 18:30:00+00:00,usdjpy,108.637,108.6565,108.6315,108.6555
2021-05-11 18:45:00+00:00,usdjpy,108.6465,108.6555,108.6335,108.6365
2021-05-11 19:00:00+00:00,usdjpy,108.6325,108.6695,108.6325,108.647
2021-05-11 19:15:00+00:00,usdjpy,108.6365,108.6415,108.6225,108.632
2021-05-11 19:30:00+00:00,usdjpy,108.6375,108.6435,108.6075,108.6375
2021-05-11 19:45:00+00:00,usdjpy,108.6605,108.672,108.6315,108.638
2021-05-11 20:00:00+00:00,usdjpy,108.6615,108.6885,108.657,108.66
2021-05-11 20:15:00+00:00,usdjpy,108.6455,108.6755,108.6405,108.662
2021-05-11 20:30:00+00:00,usdjpy,108.632,108.6655,108.6315,108.6445
2021-05-11 20:45:00+00:00,usdjpy,108.6225,108.6345,108.6075,108.6315
2021-05-11 21:00:00+00:00,usdjpy,108.6295,108.655,108.5875,108.6545
2021-05-11 21:15:00+00:00,usdjpy,108.635,108.6365,108.6235,108.6235
2021-05-11 21:30:00+00:00,usdjpy,108.627,108.6405,108.627,108.6355
2021-05-11 21:45:00+00:00,usdjpy,108.6155,108.6335,108.6125,108.6275
2021-05-11 22:00:00+00:00,usdjpy,108.6275,108.6325,108.615,108.615
2021-05-11 22:15:00+00:00,usdjpy,108.6285,108.6325,108.6195,108.627
2021-05-11 22:30:00+00:00,usdjpy,108.6555,108.6555,108.6105,108.6275
2021-05-11 22:45:00+00:00,usdjpy,108.6505,108.6605,108.645,108.655
2021-05-11 23:00:00+00:00,usdjpy,108.671,108.6785,108.6465,108.651
2021-05-11 23:15:00+00:00,usdjpy,108.6645,108.6765,108.6615,108.6715
2021-05-11 23:30:00+00:00,usdjpy,108.6705,108.6825,108.6615,108.665
2021-05-11 23:45:00+00:00,usdjpy,108.7175,108.7315,108.6655,108.6695
2021-05-12 00:00:00+00:00,usdjpy,108.741,108.7455,108.6765,108.7165
2021-05-12 00:15:00+00:00,usdjpy,108.7395,108.7635,108.7375,108.7405
2021-05-12 00:30:00+00:00,usdjpy,108.7405,108.7735,108.7305,108.739
2021-05-12 00:45:00+00:00,usdjpy,108.7775,108.794,108.7285,108.7415
2021-05-12 01:00:00+00:00,usdjpy,108.8025,108.8155,108.7625,108.777
2021-05-12 01:15:00+00:00,usdjpy,108.833,108.8465,108.798,108.8015
2021-05-12 01:30:00+00:00,usdjpy,108.84,108.8655,108.8175,108.8335
2021-05-12 01:45:00+00:00,usdjpy,108.8455,108.8555,108.8315,108.8395
2021-05-12 02:00:00+00:00,usdjpy,108.8305,108.857,108.8295,108.8465
2021-05-12 02:15:00+00:00,usdjpy,108.8545,108.8735,108.8185,108.8315
2021-05-12 02:30:00+00:00,usdjpy,108.8665,108.8745,108.8525,108.854
2021-05-12 02:45:00+00:00,usdjpy,108.8975,108.9005,108.8595,108.867
2021-05-12 03:00:00+00:00,usdjpy,108.87,108.9085,108.8655,108.8985
2021-05-12 03:15:00+00:00,usdjpy,108.8575,108.8715,108.8425,108.8705
2021-05-12 03:30:00+00:00,usdjpy,108.85,108.8635,108.8275,108.857
2021-05-12 03:45:00+00:00,usdjpy,108.853,108.8585,108.8215,108.8505
2021-05-12 04:00:00+00:00,usdjpy,108.8595,108.8835,108.841,108.8535
2021-05-12 04:15:00+00:00,usdjpy,108.8785,108.889,108.8475,108.8605
2021-05-12 04:30:00+00:00,usdjpy,108.8595,108.8945,108.8565,108.878
2021-05-12 04:45:00+00:00,usdjpy,108.8595,108.8615,108.8345,108.86
2021-05-12 05:00:00+00:00,usdjpy,108.8455,108.8655,108.8375,108.8585
2021-05-12 05:15:00+00:00,usdjpy,108.8385,108.8515,108.824,108.846
2021-05-12 05:30:00+00:00,usdjpy,108.852,108.8585,108.827,108.8375
2021-05-12 05:45:00+00:00,usdjpy,108.8535,108.867,108.8485,108.8515
2021-05-12 06:00:00+00:00,usdjpy,108.832,108.8855,108.8075,108.854
2021-05-12 06:15:00+00:00,usdjpy,108.8185,108.84,108.7925,108.8315
2021-05-12 06:30:00+00:00,usdjpy,108.8065,108.8375,108.7885,108.819
2021-05-12 06:45:00+00:00,usdjpy,108.7845,108.8105,108.7605,108.807
2021-05-12 07:00:00+00:00,usdjpy,108.7945,108.7995,108.7545,108.7835
2021-05-12 22:15:00+00:00,usdjpy,109.6615,109.669,109.6545,109.669
2021-05-12 22:30:00+00:00,usdjpy,109.6565,109.6655,109.6355,109.662
2021-05-12 22:45:00+00:00,usdjpy,109.6665,109.6815,109.6525,109.656
2021-05-12 23:00:00+00:00,usdjpy,109.6795,109.6805,109.6555,109.6655
2021-05-12 23:15:00+00:00,usdjpy,109.6715,109.6835,109.6625,109.68
2021-05-12 23:30:00+00:00,usdjpy,109.6605,109.6935,109.6595,109.6705
2021-05-12 23:45:00+00:00,usdjpy,109.6645,109.6745,109.6525,109.66
2021-05-13 00:00:00+00:00,usdjpy,109.7495,109.7865,109.6535,109.6685
2021-05-13 00:15:00+00:00,usdjpy,109.7195,109.7825,109.7115,109.75
2021-05-13 00:30:00+00:00,usdjpy,109.654,109.7235,109.6395,109.7185
2021-05-13 00:45:00+00:00,usdjpy,109.6105,109.6635,109.543,109.6545
2021-05-13 01:00:00+00:00,usdjpy,109.5975,109.6105,109.5385,109.61
2021-05-13 01:15:00+00:00,usdjpy,109.5605,109.6245,109.5595,109.597
2021-05-13 01:30:00+00:00,usdjpy,109.5715,109.578,109.5545,109.56
2021-05-13 03:00:00+00:00,usdjpy,109.6595,109.66,109.6595,109.66
2021-05-13 03:30:00+00:00,usdjpy,109.7115,109.7255,109.699,109.7135
2021-05-13 03:45:00+00:00,usdjpy,109.719,109.7325,109.6965,109.7125
2021-05-13 04:00:00+00:00,usdjpy,109.7295,109.747,109.6975,109.7185
2021-05-13 04:15:00+00:00,usdjpy,109.6995,109.753,109.695,109.7305
2021-05-13 04:30:00+00:00,usdjpy,109.6895,109.705,109.6835,109.6985
2021-05-13 04:45:00+00:00,usdjpy,109.6935,109.6965,109.6675,109.689
2021-05-13 05:00:00+00:00,usdjpy,109.6925,109.704,109.6785,109.693
2021-05-13 05:15:00+00:00,usdjpy,109.6545,109.6925,109.6475,109.6915
2021-05-13 05:30:00+00:00,usdjpy,109.6755,109.6785,109.6525,109.655
2021-05-13 05:45:00+00:00,usdjpy,109.7105,109.7265,109.6655,109.675
2021-05-13 06:00:00+00:00,usdjpy,109.653,109.7525,109.6515,109.7095
2021-05-13 06:15:00+00:00,usdjpy,109.6195,109.6885,109.6055,109.6525
2021-05-13 06:30:00+00:00,usdjpy,109.5955,109.6375,109.5875,109.6205
2021-05-13 06:45:00+00:00,usdjpy,109.5725,109.5965,109.546,109.596
2021-05-13 07:00:00+00:00,usdjpy,109.4955,109.5885,109.4845,109.5715
2021-05-13 07:15:00+00:00,usdjpy,109.6155,109.6435,109.4925,109.4975
2021-05-13 07:30:00+00:00,usdjpy,109.6075,109.6745,109.6015,109.6145
2021-05-13 07:45:00+00:00,usdjpy,109.6725,109.6975,109.598,109.61
2021-05-13 08:00:00+00:00,usdjpy,109.577,109.6735,109.5525,109.6665
2021-05-13 08:15:00+00:00,usdjpy,109.6245,109.6305,109.5485,109.5775
2021-05-13 08:30:00+00:00,usdjpy,109.5225,109.624,109.4985,109.624
2021-05-13 08:45:00+00:00,usdjpy,109.5725,109.6015,109.498,109.519
2021-05-13 09:00:00+00:00,usdjpy,109.5635,109.5875,109.5365,109.571
2021-05-13 09:15:00+00:00,usdjpy,109.5525,109.5755,109.5195,109.563
2021-05-13 09:30:00+00:00,usdjpy,109.5795,109.5815,109.5125,109.552
2021-05-13 09:45:00+00:00,usdjpy,109.5995,109.6085,109.5515,109.579
2021-05-13 10:00:00+00:00,usdjpy,109.6415,109.6505,109.5775,109.6005
2021-05-13 10:15:00+00:00,usdjpy,109.6575,109.6755,109.6195,109.641
2021-05-13 10:30:00+00:00,usdjpy,109.6455,109.6775,109.6305,109.657
2021-05-13 10:45:00+00:00,usdjpy,109.6525,109.6645,109.6235,109.646
2021-05-13 11:00:00+00:00,usdjpy,109.624,109.6525,109.6075,109.652
2021-05-13 11:15:00+00:00,usdjpy,109.5875,109.6345,109.5765,109.6245
2021-05-13 11:30:00+00:00,usdjpy,109.5985,109.5985,109.5375,109.587
2021-05-13 11:45:00+00:00,usdjpy,109.6185,109.6395,109.5705,109.598
2021-05-13 12:00:00+00:00,usdjpy,109.5755,109.6195,109.5685,109.6175
2021-05-13 12:15:00+00:00,usdjpy,109.6265,109.6275,109.573,109.576
2021-05-13 12:30:00+00:00,usdjpy,109.5405,109.6825,109.493,109.6275
2021-05-13 12:45:00+00:00,usdjpy,109.5815,109.6145,109.528,109.5395
2021-05-13 13:00:00+00:00,usdjpy,109.535,109.5905,109.52,109.582
2021-05-13 13:15:00+00:00,usdjpy,109.6105,109.6125,109.5025,109.5355
2021-05-13 13:30:00+00:00,usdjpy,109.5855,109.6555,109.5775,109.61
2021-05-13 13:45:00+00:00,usdjpy,109.5315,109.6195,109.525,109.5865
2021-05-13 14:00:00+00:00,usdjpy,109.5695,109.5875,109.523,109.531
2021-05-13 14:15:00+00:00,usdjpy,109.6015,109.6185,109.5675,109.5705
2021-05-13 14:30:00+00:00,usdjpy,109.568,109.6105,109.5545,109.609
2021-05-13 14:45:00+00:00,usdjpy,109.5785,109.6025,109.5555,109.5685
2021-05-13 15:00:00+00:00,usdjpy,109.608,109.6135,109.5675,109.579
2021-05-13 15:15:00+00:00,usdjpy,109.6275,109.6335,109.5885,109.6085
2021-05-13 15:30:00+00:00,usdjpy,109.5935,109.6365,109.5755,109.627
2021-05-13 15:45:00+00:00,usdjpy,109.5735,109.5955,109.5585,109.593
2021-05-13 16:00:00+00:00,usdjpy,109.5445,109.5845,109.5365,109.573
2021-05-13 16:15:00+00:00,usdjpy,109.5245,109.5605,109.5245,109.5435
2021-05-13 16:30:00+00:00,usdjpy,109.5205,109.5315,109.513,109.5235
2021-05-13 16:45:00+00:00,usdjpy,109.4665,109.5245,109.454,109.5215
2021-05-13 17:00:00+00:00,usdjpy,109.4885,109.5145,109.4435,109.467
2021-05-13 17:15:00+00:00,usdjpy,109.5205,109.5325,109.4845,109.489
2021-05-13 17:30:00+00:00,usdjpy,109.4955,109.5245,109.4885,109.5195
2021-05-13 17:45:00+00:00,usdjpy,109.5225,109.5235,109.481,109.495
2021-05-13 18:00:00+00:00,usdjpy,109.4915,109.533,109.4895,109.523
2021-05-13 18:15:00+00:00,usdjpy,109.4885,109.5055,109.475,109.492
2021-05-13 18:30:00+00:00,usdjpy,109.4725,109.4945,109.4655,109.4895
2021-05-13 18:45:00+00:00,usdjpy,109.4555,109.4725,109.4145,109.472
2021-05-13 19:00:00+00:00,usdjpy,109.4695,109.4885,109.4455,109.455
2021-05-13 19:15:00+00:00,usdjpy,109.4155,109.472,109.4105,109.469
2021-05-13 19:30:00+00:00,usdjpy,109.4225,109.4255,109.407,109.4135
2021-05-13 19:45:00+00:00,usdjpy,109.4185,109.4415,109.4105,109.4215
2021-05-13 20:00:00+00:00,usdjpy,109.4375,109.447,109.4145,109.418
2021-05-13 20:15:00+00:00,usdjpy,109.4545,109.4585,109.4345,109.438
2021-05-13 20:30:00+00:00,usdjpy,109.4545,109.463,109.4365,109.4535
2021-05-13 20:45:00+00:00,usdjpy,109.4555,109.48,109.4395,109.454
2021-05-13 21:00:00+00:00,usdjpy,109.46,109.4685,109.451,109.463
2021-05-13 21:15:00+00:00,usdjpy,109.4395,109.478,109.4215,109.4565
2021-05-13 21:30:00+00:00,usdjpy,109.4435,109.4435,109.4345,109.4405
2021-05-13 21:45:00+00:00,usdjpy,109.461,109.4745,109.4395,109.444
2021-05-13 22:00:00+00:00,usdjpy,109.478,109.4785,109.4515,109.4615
2021-05-13 22:15:00+00:00,usdjpy,109.4905,109.4915,109.4765,109.477
2021-05-13 22:30:00+00:00,usdjpy,109.4715,109.4915,109.471,109.49
2021-05-13 22:45:00+00:00,usdjpy,109.4845,109.4855,109.4725,109.4725
2021-05-13 23:00:00+00:00,usdjpy,109.482,109.4955,109.462,109.4855
2021-05-13 23:15:00+00:00,usdjpy,109.4775,109.4865,109.4715,109.4825
2021-05-13 23:30:00+00:00,usdjpy,109.5005,109.5035,109.466,109.477
2021-05-13 23:45:00+00:00,usdjpy,109.5195,109.5295,109.497,109.4995
2021-05-14 00:00:00+00:00,usdjpy,109.5355,109.5595,109.5125,109.519
2021-05-14 00:15:00+00:00,usdjpy,109.5985,109.611,109.531,109.536
2021-05-14 00:30:00+00:00,usdjpy,109.618,109.6425,109.5945,109.5995
2021-05-14 00:45:00+00:00,usdjpy,109.5855,109.6365,109.5775,109.6175
2021-05-14 01:00:00+00:00,usdjpy,109.6235,109.6565,109.5805,109.5845
2021-05-14 01:15:00+00:00,usdjpy,109.6035,109.6425,109.5915,109.623
2021-05-14 01:30:00+00:00,usdjpy,109.5865,109.6165,109.5805,109.604
2021-05-14 01:45:00+00:00,usdjpy,109.6175,109.6375,109.5795,109.587
2021-05-14 02:00:00+00:00,usdjpy,109.5975,109.6235,109.5875,109.617
2021-05-14 02:15:00+00:00,usdjpy,109.6035,109.6165,109.5915,109.597
2021-05-14 02:30:00+00:00,usdjpy,109.6135,109.6195,109.592,109.604
2021-05-14 02:45:00+00:00,usdjpy,109.6075,109.6245,109.6025,109.6145
2021-05-14 03:00:00+00:00,usdjpy,109.5995,109.613,109.5975,109.607
2021-05-14 03:15:00+00:00,usdjpy,109.593,109.6035,109.5895,109.5985
2021-05-14 03:30:00+00:00,usdjpy,109.5805,109.5975,109.5655,109.5935
2021-05-14 03:45:00+00:00,usdjpy,109.5645,109.5855,109.5585,109.58
2021-05-14 04:00:00+00:00,usdjpy,109.5485,109.5665,109.547,109.5655
2021-05-14 04:15:00+00:00,usdjpy,109.562,109.564,109.544,109.549
2021-05-14 04:30:00+00:00,usdjpy,109.5325,109.5635,109.525,109.5615
2021-05-14 04:45:00+00:00,usdjpy,109.5325,109.5385,109.5105,109.5335
2021-05-14 05:00:00+00:00,usdjpy,109.5365,109.5425,109.524,109.5315
2021-05-14 05:15:00+00:00,usdjpy,109.5315,109.5395,109.5175,109.537
2021-05-14 05:30:00+00:00,usdjpy,109.5165,109.5315,109.5075,109.531
2021-05-14 05:45:00+00:00,usdjpy,109.5025,109.5225,109.5025,109.517
2021-05-14 06:00:00+00:00,usdjpy,109.4885,109.5125,109.469,109.5035
2021-05-14 06:15:00+00:00,usdjpy,109.4335,109.5115,109.4295,109.488
2021-05-14 06:30:00+00:00,usdjpy,109.398,109.4585,109.3785,109.4345
2021-05-14 06:45:00+00:00,usdjpy,109.3875,109.3985,109.3465,109.3975
2021-05-14 07:00:00+00:00,usdjpy,109.3945,109.4035,109.3405,109.3885
2021-05-14 07:15:00+00:00,usdjpy,109.406,109.4265,109.3875,109.3955
2021-05-14 07:30:00+00:00,usdjpy,109.4155,109.4415,109.3605,109.4065
2021-05-14 07:45:00+00:00,usdjpy,109.3865,109.438,109.3645,109.4145
2021-05-14 08:00:00+00:00,usdjpy,109.3455,109.4045,109.329,109.3855
2021-05-14 08:15:00+00:00,usdjpy,109.269,109.3445,109.2605,109.3445
2021-05-14 08:30:00+00:00,usdjpy,109.2975,109.3215,109.2595,109.2695
2021-05-14 08:45:00+00:00,usdjpy,109.281,109.3115,109.2575,109.2965
2021-05-14 09:00:00+00:00,usdjpy,109.2785,109.2985,109.2495,109.2815
2021-05-14 09:15:00+00:00,usdjpy,109.3345,109.3585,109.2765,109.2795
2021-05-14 09:30:00+00:00,usdjpy,109.3505,109.3595,109.3205,109.3335
2021-05-14 09:45:00+00:00,usdjpy,109.3525,109.3665,109.3265,109.35
2021-05-14 10:00:00+00:00,usdjpy,109.3655,109.3725,109.3515,109.352
2021-05-14 10:15:00+00:00,usdjpy,109.3765,109.4075,109.3515,109.366
2021-05-14 10:30:00+00:00,usdjpy,109.383,109.3915,109.3695,109.377
2021-05-14 10:45:00+00:00,usdjpy,109.3605,109.4025,109.3525,109.3825
2021-05-14 11:00:00+00:00,usdjpy,109.3575,109.3725,109.3485,109.3615
2021-05-14 11:15:00+00:00,usdjpy,109.3725,109.3905,109.3365,109.358
2021-05-14 11:30:00+00:00,usdjpy,109.2925,109.3735,109.2905,109.372
2021-05-14 11:45:00+00:00,usdjpy,109.3225,109.33,109.278,109.2935
2021-05-14 12:00:00+00:00,usdjpy,109.2945,109.34,109.2795,109.322
2021-05-14 12:15:00+00:00,usdjpy,109.2725,109.3205,109.2575,109.2935
2021-05-14 12:30:00+00:00,usdjpy,109.3845,109.3905,109.2085,109.2735
2021-05-14 12:45:00+00:00,usdjpy,109.3285,109.4175,109.3085,109.385
2021-05-14 13:00:00+00:00,usdjpy,109.3525,109.404,109.3235,109.328
2021-05-14 13:15:00+00:00,usdjpy,109.3595,109.3675,109.29,109.3535
2021-05-14 13:30:00+00:00,usdjpy,109.2785,109.3725,109.2615,109.3585
2021-05-14 13:45:00+00:00,usdjpy,109.2845,109.336,109.2705,109.279
2021-05-14 14:00:00+00:00,usdjpy,109.3195,109.3805,109.2835,109.284
2021-05-14 14:15:00+00:00,usdjpy,109.4015,109.419,109.293,109.3185
2021-05-14 14:30:00+00:00,usdjpy,109.4485,109.4505,109.3765,109.3915
2021-05-14 14:45:00+00:00,usdjpy,109.4235,109.4505,109.4015,109.448
2021-05-14 15:00:00+00:00,usdjpy,109.4145,109.448,109.4045,109.4365
2021-05-14 15:15:00+00:00,usdjpy,109.4005,109.4455,109.3845,109.414
2021-05-14 15:30:00+00:00,usdjpy,109.3845,109.4165,109.3785,109.4
2021-05-14 15:45:00+00:00,usdjpy,109.3745,109.384,109.3475,109.384
2021-05-14 16:00:00+00:00,usdjpy,109.3685,109.3755,109.354,109.375
2021-05-14 16:15:00+00:00,usdjpy,109.3725,109.3865,109.3685,109.3695
2021-05-14 16:30:00+00:00,usdjpy,109.4175,109.4265,109.3685,109.372
2021-05-14 16:45:00+00:00,usdjpy,109.4105,109.4195,109.4065,109.418
2021-05-14 17:00:00+00:00,usdjpy,109.4315,109.4365,109.4115,109.4115
2021-05-14 17:15:00+00:00,usdjpy,109.4255,109.4425,109.4165,109.431
2021-05-14 17:30:00+00:00,usdjpy,109.4385,109.4405,109.4165,109.4245
2021-05-14 17:45:00+00:00,usdjpy,109.4295,109.4425,109.4205,109.4395
2021-05-14 18:00:00+00:00,usdjpy,109.4055,109.4305,109.3995,109.4305
2021-05-14 18:15:00+00:00,usdjpy,109.3995,109.418,109.3995,109.4065
2021-05-14 18:30:00+00:00,usdjpy,109.3745,109.41,109.3745,109.4005
2021-05-14 18:45:00+00:00,usdjpy,109.3495,109.3815,109.3475,109.375
2021-05-14 19:00:00+00:00,usdjpy,109.3585,109.3745,109.3495,109.35
2021-05-14 19:15:00+00:00,usdjpy,109.3555,109.3705,109.3485,109.3575
2021-05-14 19:30:00+00:00,usdjpy,109.371,109.38,109.356,109.356
2021-05-14 19:45:00+00:00,usdjpy,109.3415,109.3735,109.3385,109.3705
2021-05-14 20:00:00+00:00,usdjpy,109.3525,109.3575,109.3385,109.341
2021-05-14 20:15:00+00:00,usdjpy,109.356,109.3655,109.3525,109.353
2021-05-14 20:30:00+00:00,usdjpy,109.3755,109.3765,109.3535,109.3555
2021-05-14 20:45:00+00:00,usdjpy,109.3275,109.3785,109.3275,109.3765
2021-05-16 21:00:00+00:00,usdjpy,109.2975,109.339,109.2975,109.3125
2021-05-16 21:15:00+00:00,usdjpy,109.2715,109.291,109.2605,109.2865
2021-05-16 21:30:00+00:00,usdjpy,109.2705,109.2895,109.2595,109.2745
2021-05-16 21:45:00+00:00,usdjpy,109.2795,109.2995,109.241,109.27
2021-05-16 22:00:00+00:00,usdjpy,109.3565,109.3645,109.2735,109.282
2021-05-16 22:15:00+00:00,usdjpy,109.3645,109.3775,109.345,109.3555
2021-05-16 22:30:00+00:00,usdjpy,109.3895,109.4015,109.3585,109.3635
2021-05-16 22:45:00+00:00,usdjpy,109.407,109.4085,109.3815,109.3885
2021-05-16 23:00:00+00:00,usdjpy,109.3885,109.4065,109.3845,109.4065
2021-05-16 23:15:00+00:00,usdjpy,109.3815,109.3935,109.3765,109.389
2021-05-16 23:30:00+00:00,usdjpy,109.385,109.3935,109.3755,109.381
2021-05-16 23:45:00+00:00,usdjpy,109.4205,109.4235,109.3675,109.3845
2021-05-17 00:00:00+00:00,usdjpy,109.4825,109.4945,109.4125,109.4215
2021-05-17 00:15:00+00:00,usdjpy,109.4715,109.5035,109.4635,109.4835
2021-05-17 00:30:00+00:00,usdjpy,109.4585,109.4915,109.4435,109.471
2021-05-17 00:45:00+00:00,usdjpy,109.4335,109.491,109.4125,109.459
2021-05-17 01:00:00+00:00,usdjpy,109.4225,109.446,109.4035,109.433
2021-05-17 01:15:00+00:00,usdjpy,109.3455,109.4275,109.3325,109.4235
2021-05-17 01:30:00+00:00,usdjpy,109.3675,109.3695,109.323,109.3445
2021-05-17 01:45:00+00:00,usdjpy,109.346,109.3695,109.3265,109.368
2021-05-17 02:00:00+00:00,usdjpy,109.3705,109.3775,109.32,109.3445
2021-05-17 02:15:00+00:00,usdjpy,109.3765,109.378,109.3495,109.3695
2021-05-17 02:30:00+00:00,usdjpy,109.3705,109.3795,109.3615,109.3755
2021-05-17 02:45:00+00:00,usdjpy,109.3375,109.37,109.3315,109.37
2021-05-17 03:00:00+00:00,usdjpy,109.2865,109.3425,109.2695,109.338
2021-05-17 03:15:00+00:00,usdjpy,109.3075,109.3135,109.279,109.2855
2021-05-17 03:30:00+00:00,usdjpy,109.3405,109.3455,109.298,109.308
2021-05-17 03:45:00+00:00,usdjpy,109.344,109.3525,109.333,109.3415
2021-05-17 04:00:00+00:00,usdjpy,109.3775,109.3855,109.3315,109.3435
2021-05-17 04:15:00+00:00,usdjpy,109.3785,109.3955,109.3675,109.3785
2021-05-17 04:30:00+00:00,usdjpy,109.3675,109.3845,109.364,109.3795
2021-05-17 04:45:00+00:00,usdjpy,109.3915,109.4015,109.3575,109.368
2021-05-17 05:00:00+00:00,usdjpy,109.3965,109.398,109.3785,109.3925
2021-05-17 05:15:00+00:00,usdjpy,109.3615,109.3975,109.3525,109.397
2021-05-17 05:30:00+00:00,usdjpy,109.3285,109.3735,109.3185,109.3625
2021-05-17 05:45:00+00:00,usdjpy,109.3375,109.342,109.313,109.3275
2021-05-17 06:00:00+00:00,usdjpy,109.258,109.3385,109.2505,109.3385
2021-05-17 06:15:00+00:00,usdjpy,109.239,109.2635,109.2205,109.2585
2021-05-17 06:30:00+00:00,usdjpy,109.2225,109.242,109.1715,109.2385
2021-05-17 06:45:00+00:00,usdjpy,109.2005,109.2275,109.1855,109.222
2021-05-17 07:00:00+00:00,usdjpy,109.1845,109.2065,109.147,109.201
2021-05-17 07:15:00+00:00,usdjpy,109.2325,109.2325,109.1665,109.185
2021-05-17 07:30:00+00:00,usdjpy,109.2295,109.2565,109.2245,109.232
2021-05-17 07:45:00+00:00,usdjpy,109.2515,109.2615,109.2065,109.23
2021-05-17 08:00:00+00:00,usdjpy,109.2915,109.2935,109.2385,109.251
2021-05-17 08:15:00+00:00,usdjpy,109.2945,109.3285,109.282,109.2905
2021-05-17 08:30:00+00:00,usdjpy,109.2655,109.3055,109.2615,109.295
2021-05-17 08:45:00+00:00,usdjpy,109.2095,109.2735,109.196,109.265
2021-05-17 09:00:00+00:00,usdjpy,109.2205,109.2475,109.1975,109.209
2021-05-17 09:15:00+00:00,usdjpy,109.2245,109.241,109.217,109.22
2021-05-17 09:30:00+00:00,usdjpy,109.2135,109.225,109.1885,109.225
2021-05-17 09:45:00+00:00,usdjpy,109.2015,109.2335,109.1685,109.213
2021-05-17 10:00:00+00:00,usdjpy,109.1075,109.2035,109.1015,109.2025
2021-05-17 10:15:00+00:00,usdjpy,109.0825,109.1445,109.0755,109.108
2021-05-17 10:30:00+00:00,usdjpy,109.1205,109.134,109.0765,109.083
2021-05-17 10:45:00+00:00,usdjpy,109.132,109.1415,109.1175,109.12
2021-05-17 11:00:00+00:00,usdjpy,109.0895,109.1515,109.0885,109.1315
2021-05-17 11:15:00+00:00,usdjpy,109.1545,109.1585,109.089,109.089
2021-05-17 11:30:00+00:00,usdjpy,109.1795,109.1865,109.155,109.155
2021-05-17 11:45:00+00:00,usdjpy,109.2055,109.2105,109.1575,109.179
2021-05-17 12:00:00+00:00,usdjpy,109.1945,109.2075,109.174,109.206
2021-05-17 12:15:00+00:00,usdjpy,109.267,109.2915,109.1575,109.194
2021-05-17 12:30:00+00:00,usdjpy,109.2145,109.2775,109.1995,109.2675
2021-05-17 12:45:00+00:00,usdjpy,109.2645,109.2675,109.1995,109.214
2021-05-17 13:00:00+00:00,usdjpy,109.2005,109.2825,109.1965,109.265
2021-05-17 13:15:00+00:00,usdjpy,109.1795,109.204,109.1585,109.2015
2021-05-17 13:30:00+00:00,usdjpy,109.169,109.1875,109.1415,109.1785
2021-05-17 13:45:00+00:00,usdjpy,109.1785,109.1795,109.1275,109.1695
2021-05-17 14:00:00+00:00,usdjpy,109.243,109.2545,109.1755,109.1795
2021-05-17 14:15:00+00:00,usdjpy,109.1835,109.2495,109.17,109.2425
2021-05-17 14:30:00+00:00,usdjpy,109.2265,109.2265,109.1775,109.1895
2021-05-17 14:45:00+00:00,usdjpy,109.1925,109.2425,109.1635,109.2275
2021-05-17 15:00:00+00:00,usdjpy,109.2065,109.2185,109.175,109.1895
2021-05-17 15:15:00+00:00,usdjpy,109.1965,109.2085,109.1735,109.205
2021-05-17 15:30:00+00:00,usdjpy,109.1905,109.2085,109.1815,109.1975
2021-05-17 15:45:00+00:00,usdjpy,109.1745,109.2025,109.1645,109.19
2021-05-17 16:00:00+00:00,usdjpy,109.1665,109.1815,109.1525,109.175
2021-05-17 16:15:00+00:00,usdjpy,109.1355,109.167,109.1315,109.1655
2021-05-17 16:30:00+00:00,usdjpy,109.1405,109.1435,109.129,109.135
2021-05-17 16:45:00+00:00,usdjpy,109.1185,109.1445,109.1185,109.14
2021-05-17 17:00:00+00:00,usdjpy,109.1035,109.123,109.1,109.1175
2021-05-17 17:15:00+00:00,usdjpy,109.1015,109.1115,109.1,109.1025
2021-05-17 17:30:00+00:00,usdjpy,109.1265,109.1325,109.1005,109.1005
2021-05-17 17:45:00+00:00,usdjpy,109.1265,109.1325,109.1155,109.1255
2021-05-17 18:00:00+00:00,usdjpy,109.1325,109.135,109.1245,109.1275
2021-05-17 18:15:00+00:00,usdjpy,109.154,109.1605,109.1335,109.1335
2021-05-17 18:30:00+00:00,usdjpy,109.1555,109.1615,109.146,109.1545
2021-05-17 18:45:00+00:00,usdjpy,109.1735,109.1805,109.1335,109.1545
2021-05-17 19:00:00+00:00,usdjpy,109.1965,109.2,109.1715,109.174
2021-05-17 19:15:00+00:00,usdjpy,109.1975,109.2115,109.1955,109.1975
2021-05-17 19:30:00+00:00,usdjpy,109.1905,109.2055,109.1895,109.1965
2021-05-17 19:45:00+00:00,usdjpy,109.1725,109.1925,109.163,109.1895
2021-05-17 20:00:00+00:00,usdjpy,109.2165,109.2215,109.1655,109.1715
2021-05-17 20:15:00+00:00,usdjpy,109.2085,109.2255,109.1985,109.216
2021-05-17 20:30:00+00:00,usdjpy,109.2345,109.2375,109.2075,109.2075
2021-05-17 20:45:00+00:00,usdjpy,109.2175,109.2485,109.21,109.234
2021-05-17 21:00:00+00:00,usdjpy,109.2185,109.2275,109.2015,109.2075
2021-05-17 21:15:00+00:00,usdjpy,109.217,109.2275,109.206,109.2175
2021-05-17 21:30:00+00:00,usdjpy,109.2125,109.2255,109.1905,109.2165
2021-05-17 21:45:00+00:00,usdjpy,109.2105,109.214,109.2075,109.212
2021-05-17 22:00:00+00:00,usdjpy,109.1995,109.2185,109.1985,109.2095
2021-05-17 22:15:00+00:00,usdjpy,109.1845,109.1995,109.1805,109.199
2021-05-17 22:30:00+00:00,usdjpy,109.199,109.2015,109.1835,109.184
2021-05-17 22:45:00+00:00,usdjpy,109.1975,109.206,109.1965,109.1995
2021-05-17 23:00:00+00:00,usdjpy,109.1965,109.205,109.1875,109.197
2021-05-17 23:15:00+00:00,usdjpy,109.1955,109.2,109.1905,109.197
2021-05-17 23:30:00+00:00,usdjpy,109.1695,109.2025,109.168,109.1965
2021-05-17 23:45:00+00:00,usdjpy,109.2415,109.2435,109.1685,109.1705
2021-05-18 00:00:00+00:00,usdjpy,109.234,109.2855,109.2275,109.2425
2021-05-18 00:15:00+00:00,usdjpy,109.256,109.2655,109.2255,109.2335
2021-05-18 00:30:00+00:00,usdjpy,109.204,109.2615,109.196,109.2565
2021-05-18 00:45:00+00:00,usdjpy,109.2125,109.2255,109.1835,109.2045
2021-05-18 01:00:00+00:00,usdjpy,109.1405,109.248,109.1395,109.2135
2021-05-18 01:15:00+00:00,usdjpy,109.1445,109.1665,109.1175,109.1415
2021-05-18 01:30:00+00:00,usdjpy,109.1445,109.178,109.1275,109.1455
2021-05-18 01:45:00+00:00,usdjpy,109.1695,109.198,109.1375,109.145
2021-05-18 02:00:00+00:00,usdjpy,109.1275,109.1715,109.1065,109.17
2021-05-18 02:15:00+00:00,usdjpy,109.1685,109.1745,109.1265,109.1265
2021-05-18 02:30:00+00:00,usdjpy,109.1865,109.1935,109.1625,109.169
2021-05-18 02:45:00+00:00,usdjpy,109.1985,109.2075,109.1735,109.187
2021-05-18 03:00:00+00:00,usdjpy,109.1885,109.2075,109.1715,109.199
2021-05-18 03:15:00+00:00,usdjpy,109.2015,109.2025,109.182,109.188
2021-05-18 03:30:00+00:00,usdjpy,109.1865,109.2035,109.1775,109.201
2021-05-18 03:45:00+00:00,usdjpy,109.1865,109.219,109.1865,109.187
2021-05-18 04:00:00+00:00,usdjpy,109.2245,109.2335,109.1845,109.187
2021-05-18 04:15:00+00:00,usdjpy,109.2185,109.2315,109.2185,109.225
2021-05-18 04:30:00+00:00,usdjpy,109.1695,109.2205,109.1575,109.2195
2021-05-18 04:45:00+00:00,usdjpy,109.2055,109.206,109.1685,109.1685
2021-05-18 05:00:00+00:00,usdjpy,109.1825,109.2105,109.1755,109.2065
2021-05-18 05:15:00+00:00,usdjpy,109.1815,109.1935,109.1785,109.1835
2021-05-18 05:30:00+00:00,usdjpy,109.1785,109.181,109.1635,109.181
2021-05-18 05:45:00+00:00,usdjpy,109.1425,109.181,109.1285,109.179
2021-05-18 06:00:00+00:00,usdjpy,109.1185,109.154,109.093,109.1435
2021-05-18 06:15:00+00:00,usdjpy,109.0815,109.1225,109.054,109.1175
2021-05-18 06:30:00+00:00,usdjpy,109.0815,109.1075,109.0775,109.081
2021-05-18 06:45:00+00:00,usdjpy,109.0675,109.081,109.0365,109.081
2021-05-18 07:00:00+00:00,usdjpy,109.0185,109.0825,109.0015,109.0685
2021-05-18 07:15:00+00:00,usdjpy,108.9805,109.0245,108.9705,109.018
2021-05-18 07:30:00+00:00,usdjpy,108.9825,108.9945,108.9575,108.9815
2021-05-18 07:45:00+00:00,usdjpy,108.966,108.9935,108.9435,108.982
2021-05-18 08:00:00+00:00,usdjpy,108.9125,108.976,108.8985,108.9665
2021-05-18 08:15:00+00:00,usdjpy,108.9015,108.9215,108.867,108.913
2021-05-18 08:30:00+00:00,usdjpy,108.9295,108.9475,108.8665,108.901
2021-05-18 08:45:00+00:00,usdjpy,108.8585,108.9295,108.8515,108.929
2021-05-18 09:00:00+00:00,usdjpy,108.8835,108.8935,108.8585,108.8595
2021-05-18 09:15:00+00:00,usdjpy,108.9235,108.9485,108.8675,108.884
2021-05-18 09:30:00+00:00,usdjpy,108.9105,108.9415,108.8785,108.923
2021-05-18 09:45:00+00:00,usdjpy,108.9215,108.9485,108.894,108.91
2021-05-18 10:00:00+00:00,usdjpy,108.9745,108.9825,108.9195,108.921
2021-05-18 10:15:00+00:00,usdjpy,108.99,108.9925,108.953,108.975
2021-05-18 10:30:00+00:00,usdjpy,108.964,108.993,108.961,108.9895
2021-05-18 10:45:00+00:00,usdjpy,109.0055,109.0085,108.9465,108.9635
2021-05-18 11:00:00+00:00,usdjpy,109.0355,109.07,108.991,109.0045
2021-05-18 11:15:00+00:00,usdjpy,109.0375,109.0435,109.0085,109.0365
2021-05-18 11:30:00+00:00,usdjpy,108.9755,109.0375,108.9645,109.037
2021-05-18 11:45:00+00:00,usdjpy,108.9465,108.9815,108.9415,108.975
2021-05-18 12:00:00+00:00,usdjpy,108.899,108.946,108.8855,108.946
2021-05-18 12:15:00+00:00,usdjpy,108.933,108.9425,108.8765,108.8985
2021-05-18 12:30:00+00:00,usdjpy,108.8695,108.9365,108.8355,108.9325
2021-05-18 12:45:00+00:00,usdjpy,108.9305,108.9365,108.8645,108.869
2021-05-18 13:00:00+00:00,usdjpy,108.9585,108.9685,108.9045,108.931
2021-05-18 13:15:00+00:00,usdjpy,108.9135,108.969,108.8915,108.959
2021-05-18 13:30:00+00:00,usdjpy,108.9335,108.9415,108.8755,108.913
2021-05-18 13:45:00+00:00,usdjpy,108.945,108.9645,108.9205,108.933
2021-05-18 14:00:00+00:00,usdjpy,108.9425,108.9495,108.903,108.947
2021-05-18 14:15:00+00:00,usdjpy,108.9165,108.9595,108.8765,108.9415
2021-05-18 14:30:00+00:00,usdjpy,108.8975,108.9225,108.872,108.9155
2021-05-18 14:45:00+00:00,usdjpy,108.8925,108.9055,108.8405,108.897
2021-05-18 15:00:00+00:00,usdjpy,108.9085,108.9235,108.8865,108.889
2021-05-18 15:15:00+00:00,usdjpy,108.9425,108.9485,108.9005,108.908
2021-05-18 15:30:00+00:00,usdjpy,108.9745,108.9905,108.943,108.943
2021-05-18 15:45:00+00:00,usdjpy,109.0155,109.0215,108.9745,108.975
2021-05-18 16:00:00+00:00,usdjpy,108.969,109.0155,108.9655,109.0145
2021-05-18 16:15:00+00:00,usdjpy,108.9565,108.9725,108.9565,108.9695
2021-05-18 16:30:00+00:00,usdjpy,108.9615,108.9665,108.9485,108.957
2021-05-18 16:45:00+00:00,usdjpy,108.9405,108.9705,108.9405,108.9605
2021-05-18 17:00:00+00:00,usdjpy,108.941,108.9495,108.9385,108.941
2021-05-18 17:15:00+00:00,usdjpy,108.9475,108.9485,108.9385,108.9415
2021-05-18 17:30:00+00:00,usdjpy,108.9045,108.9485,108.9035,108.947
2021-05-18 17:45:00+00:00,usdjpy,108.9055,108.9085,108.8865,108.905
2021-05-18 18:00:00+00:00,usdjpy,108.8765,108.9055,108.8735,108.905
2021-05-18 18:15:00+00:00,usdjpy,108.8845,108.8885,108.874,108.8775
2021-05-18 18:30:00+00:00,usdjpy,108.8755,108.892,108.8685,108.885
2021-05-18 18:45:00+00:00,usdjpy,108.8675,108.8875,108.8605,108.875
2021-05-18 19:00:00+00:00,usdjpy,108.894,108.8995,108.8575,108.867
2021-05-18 19:15:00+00:00,usdjpy,108.8915,108.9035,108.88,108.8935
2021-05-18 19:30:00+00:00,usdjpy,108.9155,108.9225,108.8875,108.8905
2021-05-18 19:45:00+00:00,usdjpy,108.9025,108.9225,108.9025,108.916
2021-05-18 20:00:00+00:00,usdjpy,108.9265,108.9285,108.9025,108.903
2021-05-18 20:15:00+00:00,usdjpy,108.9175,108.9355,108.9165,108.926
2021-05-18 20:30:00+00:00,usdjpy,108.9105,108.927,108.9055,108.917
2021-05-18 20:45:00+00:00,usdjpy,108.898,108.9095,108.8855,108.9095
2021-05-18 21:00:00+00:00,usdjpy,108.8895,108.8975,108.8835,108.8905
2021-05-18 21:15:00+00:00,usdjpy,108.888,108.8955,108.8765,108.888
2021-05-18 21:30:00+00:00,usdjpy,108.8845,108.8975,108.8785,108.8885
2021-05-18 21:45:00+00:00,usdjpy,108.9015,108.9035,108.8835,108.8835
2021-05-18 22:00:00+00:00,usdjpy,108.9045,108.9055,108.8795,108.901
2021-05-18 22:15:00+00:00,usdjpy,108.9155,108.9175,108.905,108.905
2021-05-18 22:30:00+00:00,usdjpy,108.9135,108.9215,108.8935,108.916
2021-05-18 22:45:00+00:00,usdjpy,108.8925,108.9165,108.8915,108.9145
2021-05-18 23:00:00+00:00,usdjpy,108.9245,108.9335,108.8915,108.8915
2021-05-18 23:15:00+00:00,usdjpy,108.9095,108.9305,108.9095,108.924
2021-05-18 23:30:00+00:00,usdjpy,108.8535,108.9085,108.8435,108.9085
2021-05-18 23:45:00+00:00,usdjpy,108.869,108.8805,108.8315,108.854
2021-05-19 00:00:00+00:00,usdjpy,108.9375,108.9655,108.8605,108.8685
2021-05-19 00:15:00+00:00,usdjpy,108.9835,108.9835,108.9085,108.937
2021-05-19 00:30:00+00:00,usdjpy,108.9395,108.9825,108.931,108.9825
2021-05-19 00:45:00+00:00,usdjpy,109.0045,109.0175,108.9145,108.939
2021-05-19 01:00:00+00:00,usdjpy,109.0125,109.0515,109.0025,109.005
2021-05-19 01:15:00+00:00,usdjpy,109.0265,109.0355,108.9985,109.013
2021-05-19 01:30:00+00:00,usdjpy,109.0405,109.0755,109.0085,109.026
2021-05-19 01:45:00+00:00,usdjpy,109.052,109.0545,109.0255,109.04
2021-05-19 02:00:00+00:00,usdjpy,108.9945,109.0535,108.9915,109.0525
2021-05-19 02:15:00+00:00,usdjpy,108.9755,108.9975,108.9725,108.995
2021-05-19 02:30:00+00:00,usdjpy,108.9755,108.9835,108.9545,108.975
2021-05-19 02:45:00+00:00,usdjpy,108.9535,108.983,108.9505,108.975
2021-05-19 03:00:00+00:00,usdjpy,108.9765,108.9825,108.9515,108.9545
2021-05-19 03:15:00+00:00,usdjpy,108.9485,108.976,108.9315,108.976
2021-05-19 03:30:00+00:00,usdjpy,108.948,108.9555,108.9365,108.9475
2021-05-19 03:45:00+00:00,usdjpy,108.9305,108.956,108.9235,108.9485
2021-05-19 04:00:00+00:00,usdjpy,108.9315,108.9335,108.917,108.9315
2021-05-19 04:15:00+00:00,usdjpy,108.9185,108.9325,108.9035,108.931
2021-05-19 04:30:00+00:00,usdjpy,108.937,108.9395,108.9155,108.918
2021-05-19 04:45:00+00:00,usdjpy,108.9645,108.9755,108.936,108.9375
2021-05-19 05:00:00+00:00,usdjpy,108.9465,108.9715,108.9415,108.965
2021-05-19 05:15:00+00:00,usdjpy,108.9285,108.9535,108.9225,108.947
2021-05-19 05:30:00+00:00,usdjpy,108.9375,108.9575,108.9255,108.929
2021-05-19 05:45:00+00:00,usdjpy,108.9445,108.9455,108.9095,108.938
2021-05-19 06:00:00+00:00,usdjpy,108.929,108.9545,108.922,108.9455
2021-05-19 06:15:00+00:00,usdjpy,108.962,108.9755,108.9295,108.9295
2021-05-19 06:30:00+00:00,usdjpy,108.9915,109.01,108.9585,108.9615
2021-05-19 06:45:00+00:00,usdjpy,108.9665,108.9945,108.9545,108.992
2021-05-19 07:00:00+00:00,usdjpy,108.984,109.009,108.9385,108.966
2021-05-19 07:15:00+00:00,usdjpy,109.0265,109.0475,108.9835,108.9835
2021-05-19 07:30:00+00:00,usdjpy,109.05,109.0805,109.0075,109.0255
2021-05-19 07:45:00+00:00,usdjpy,109.0795,109.117,109.0455,109.0505
2021-05-19 08:00:00+00:00,usdjpy,109.0345,109.0865,109.0345,109.0785
2021-05-19 08:15:00+00:00,usdjpy,109.0795,109.0945,109.035,109.035
2021-05-19 08:30:00+00:00,usdjpy,109.0765,109.0875,109.052,109.0805
2021-05-19 08:45:00+00:00,usdjpy,109.0545,109.0985,109.0525,109.077
2021-05-19 09:00:00+00:00,usdjpy,109.0945,109.1295,109.055,109.055
2021-05-19 09:15:00+00:00,usdjpy,109.1575,109.1615,109.095,109.095
2021-05-19 09:30:00+00:00,usdjpy,109.148,109.1625,109.1195,109.1565
2021-05-19 09:45:00+00:00,usdjpy,109.1645,109.1745,109.1285,109.1485
2021-05-19 10:00:00+00:00,usdjpy,109.186,109.2005,109.1435,109.165
2021-05-19 10:15:00+00:00,usdjpy,109.1965,109.2085,109.1725,109.1865
2021-05-19 10:30:00+00:00,usdjpy,109.225,109.228,109.1965,109.1975
2021-05-19 10:45:00+00:00,usdjpy,109.249,109.2505,109.2205,109.2255
2021-05-19 11:00:00+00:00,usdjpy,109.2905,109.3075,109.2435,109.2495
2021-05-19 11:15:00+00:00,usdjpy,109.3015,109.3365,109.2825,109.2915
2021-05-19 11:30:00+00:00,usdjpy,109.2505,109.3065,109.2425,109.2985
2021-05-19 11:45:00+00:00,usdjpy,109.184,109.251,109.1735,109.251
2021-05-19 12:00:00+00:00,usdjpy,109.1545,109.1985,109.134,109.1845
2021-05-19 12:15:00+00:00,usdjpy,109.1675,109.178,109.1495,109.154
2021-05-19 12:30:00+00:00,usdjpy,109.1665,109.2135,109.1565,109.168
2021-05-19 12:45:00+00:00,usdjpy,109.0265,109.1765,109.0145,109.1655
2021-05-19 13:00:00+00:00,usdjpy,108.8095,109.0295,108.7355,109.027
2021-05-19 13:15:00+00:00,usdjpy,108.905,108.9555,108.7515,108.809
2021-05-19 13:30:00+00:00,usdjpy,108.8235,108.9265,108.7705,108.905
2021-05-19 13:45:00+00:00,usdjpy,108.773,108.8505,108.7495,108.825
2021-05-19 14:00:00+00:00,usdjpy,108.706,108.8075,108.662,108.7725
2021-05-19 14:15:00+00:00,usdjpy,108.735,108.7475,108.6855,108.7065
2021-05-19 14:30:00+00:00,usdjpy,108.657,108.7345,108.622,108.7345
2021-05-19 14:45:00+00:00,usdjpy,108.6005,108.6635,108.5845,108.6535
2021-05-19 15:00:00+00:00,usdjpy,108.697,108.708,108.5725,108.6055
2021-05-19 15:15:00+00:00,usdjpy,108.7035,108.7145,108.669,108.6965
2021-05-19 15:30:00+00:00,usdjpy,108.7255,108.729,108.6865,108.7025
2021-05-19 15:45:00+00:00,usdjpy,108.7625,108.7695,108.7205,108.726
2021-05-19 16:00:00+00:00,usdjpy,108.7565,108.7685,108.7395,108.7615
2021-05-19 16:15:00+00:00,usdjpy,108.7755,108.7865,108.7375,108.7575
2021-05-19 16:30:00+00:00,usdjpy,108.7885,108.8035,108.7675,108.7765
2021-05-19 16:45:00+00:00,usdjpy,108.815,108.8195,108.7845,108.788
2021-05-19 17:00:00+00:00,usdjpy,108.8435,108.8665,108.8045,108.8145
2021-05-19 17:15:00+00:00,usdjpy,108.9305,108.9365,108.8435,108.844
2021-05-19 17:30:00+00:00,usdjpy,108.938,108.9495,108.9245,108.9315
2021-05-19 17:45:00+00:00,usdjpy,108.9215,108.954,108.9095,108.9375
2021-05-19 18:00:00+00:00,usdjpy,109.2255,109.267,108.9225,108.9225
2021-05-19 18:15:00+00:00,usdjpy,109.1795,109.2635,109.158,109.2195
2021-05-19 18:30:00+00:00,usdjpy,109.2215,109.249,109.169,109.175
2021-05-19 18:45:00+00:00,usdjpy,109.211,109.2985,109.1705,109.2205
2021-05-19 19:00:00+00:00,usdjpy,109.2325,109.281,109.2105,109.2125
2021-05-19 19:15:00+00:00,usdjpy,109.2375,109.2515,109.2115,109.2335
2021-05-19 19:30:00+00:00,usdjpy,109.2305,109.2405,109.2045,109.2385
2021-05-19 19:45:00+00:00,usdjpy,109.2085,109.2395,109.1955,109.231
2021-05-19 20:00:00+00:00,usdjpy,109.201,109.238,109.1915,109.213
2021-05-19 20:15:00+00:00,usdjpy,109.2055,109.2135,109.1835,109.2005
2021-05-19 20:30:00+00:00,usdjpy,109.203,109.2215,109.1985,109.2045
2021-05-19 20:45:00+00:00,usdjpy,109.2305,109.2315,109.1865,109.2035
2021-05-19 21:00:00+00:00,usdjpy,109.2025,109.2195,109.1985,109.2155
2021-05-19 21:15:00+00:00,usdjpy,109.2045,109.2205,109.1995,109.2015
2021-05-19 21:30:00+00:00,usdjpy,109.1955,109.2115,109.1895,109.2035
2021-05-19 21:45:00+00:00,usdjpy,109.1945,109.2005,109.1905,109.1945
2021-05-19 22:00:00+00:00,usdjpy,109.2095,109.2115,109.1905,109.194
2021-05-19 22:15:00+00:00,usdjpy,109.2035,109.217,109.2025,109.2105
2021-05-19 22:30:00+00:00,usdjpy,109.1945,109.2045,109.186,109.2025
2021-05-19 22:45:00+00:00,usdjpy,109.2125,109.214,109.189,109.1955
2021-05-19 23:00:00+00:00,usdjpy,109.2235,109.2295,109.2115,109.2115
2021-05-19 23:15:00+00:00,usdjpy,109.2385,109.24,109.2145,109.2225
2021-05-19 23:30:00+00:00,usdjpy,109.264,109.2815,109.228,109.239
2021-05-19 23:45:00+00:00,usdjpy,109.2645,109.3085,109.2625,109.2635
2021-05-20 00:00:00+00:00,usdjpy,109.255,109.2975,109.2135,109.2635
2021-05-20 00:15:00+00:00,usdjpy,109.2445,109.2815,109.1905,109.2555
2021-05-20 00:30:00+00:00,usdjpy,109.2035,109.2795,109.2025,109.2435
2021-05-20 00:45:00+00:00,usdjpy,109.2015,109.2325,109.1695,109.203
2021-05-20 01:00:00+00:00,usdjpy,109.1775,109.2055,109.1485,109.201
2021-05-20 01:15:00+00:00,usdjpy,109.1715,109.185,109.1485,109.178
2021-05-20 01:30:00+00:00,usdjpy,109.1245,109.1775,109.106,109.1705
2021-05-20 01:45:00+00:00,usdjpy,109.1165,109.1305,109.094,109.116
2021-05-20 02:00:00+00:00,usdjpy,109.1575,109.164,109.1085,109.116
2021-05-20 02:15:00+00:00,usdjpy,109.1615,109.1825,109.1555,109.1585
2021-05-20 02:30:00+00:00,usdjpy,109.1445,109.1625,109.1375,109.162
2021-05-20 02:45:00+00:00,usdjpy,109.149,109.1755,109.1425,109.1455
2021-05-20 03:00:00+00:00,usdjpy,109.125,109.1575,109.1225,109.1485
2021-05-20 03:15:00+00:00,usdjpy,109.1185,109.1435,109.1165,109.1255
2021-05-20 03:30:00+00:00,usdjpy,109.1325,109.1375,109.119,109.119
2021-05-20 03:45:00+00:00,usdjpy,109.1375,109.1415,109.123,109.1335
2021-05-20 04:00:00+00:00,usdjpy,109.133,109.1525,109.1305,109.1365
2021-05-20 04:15:00+00:00,usdjpy,109.1485,109.1565,109.1195,109.1335
2021-05-20 04:30:00+00:00,usdjpy,109.1515,109.1695,109.1425,109.148
2021-05-20 04:45:00+00:00,usdjpy,109.162,109.173,109.141,109.1525
2021-05-20 05:00:00+00:00,usdjpy,109.1525,109.1675,109.1495,109.1615
2021-05-20 05:15:00+00:00,usdjpy,109.1425,109.1605,109.1385,109.153
2021-05-20 05:30:00+00:00,usdjpy,109.1565,109.1665,109.1305,109.142
2021-05-20 05:45:00+00:00,usdjpy,109.1475,109.1595,109.1345,109.157
2021-05-20 06:00:00+00:00,usdjpy,109.1025,109.1545,109.0875,109.147
2021-05-20 06:15:00+00:00,usdjpy,109.1165,109.136,109.097,109.102
2021-05-20 06:30:00+00:00,usdjpy,109.092,109.133,109.0475,109.1155
2021-05-20 06:45:00+00:00,usdjpy,109.1075,109.11,109.0745,109.0915
2021-05-20 07:00:00+00:00,usdjpy,109.0225,109.107,108.9825,109.107
2021-05-20 07:15:00+00:00,usdjpy,109.0355,109.0555,109.0175,109.022
2021-05-20 07:30:00+00:00,usdjpy,109.0235,109.0375,108.9855,109.0345
2021-05-20 07:45:00+00:00,usdjpy,108.9825,109.052,108.9625,109.023
2021-05-20 08:00:00+00:00,usdjpy,108.9645,108.9835,108.9525,108.982
2021-05-20 08:15:00+00:00,usdjpy,108.9555,108.9705,108.928,108.964
2021-05-20 08:30:00+00:00,usdjpy,108.9675,108.9975,108.953,108.9545
2021-05-20 08:45:00+00:00,usdjpy,108.917,108.9775,108.8755,108.9685
2021-05-20 09:00:00+00:00,usdjpy,108.9835,108.9955,108.9175,108.9175
2021-05-20 09:15:00+00:00,usdjpy,108.9905,108.9955,108.9645,108.9825
2021-05-20 09:30:00+00:00,usdjpy,108.972,109.0075,108.9365,108.99
2021-05-20 09:45:00+00:00,usdjpy,108.9645,108.984,108.9505,108.9715
2021-05-20 10:00:00+00:00,usdjpy,108.9775,108.9995,108.9635,108.9635
2021-05-20 10:15:00+00:00,usdjpy,108.9685,108.9765,108.9375,108.9765
2021-05-20 10:30:00+00:00,usdjpy,108.9495,108.9795,108.9425,108.9675
2021-05-20 10:45:00+00:00,usdjpy,109.0055,109.0285,108.9445,108.949
2021-05-20 11:00:00+00:00,usdjpy,108.965,109.0175,108.9545,109.005
2021-05-20 11:15:00+00:00,usdjpy,108.9645,108.987,108.9465,108.9645
2021-05-20 11:30:00+00:00,usdjpy,108.9735,108.9825,108.9385,108.9635
2021-05-20 11:45:00+00:00,usdjpy,108.9175,108.9795,108.8955,108.9725
2021-05-20 12:00:00+00:00,usdjpy,108.9505,108.9605,108.8915,108.9185
2021-05-20 12:15:00+00:00,usdjpy,108.9545,108.9855,108.9265,108.9495
2021-05-20 12:30:00+00:00,usdjpy,108.9705,108.989,108.8995,108.954
2021-05-20 12:45:00+00:00,usdjpy,108.9865,109.0265,108.97,108.971
2021-05-20 13:00:00+00:00,usdjpy,108.9425,108.9865,108.938,108.986
2021-05-20 13:15:00+00:00,usdjpy,108.9005,108.946,108.899,108.942
2021-05-20 13:30:00+00:00,usdjpy,108.8165,108.905,108.7915,108.8995
2021-05-20 13:45:00+00:00,usdjpy,108.8375,108.8545,108.7905,108.8155
2021-05-20 14:00:00+00:00,usdjpy,108.771,108.8355,108.7555,108.8355
2021-05-20 14:15:00+00:00,usdjpy,108.831,108.8325,108.7655,108.7705
2021-05-20 14:30:00+00:00,usdjpy,108.8125,108.839,108.7975,108.8305
2021-05-20 14:45:00+00:00,usdjpy,108.8565,108.865,108.7935,108.813
2021-05-20 15:00:00+00:00,usdjpy,108.8215,108.8675,108.814,108.8485
2021-05-20 15:15:00+00:00,usdjpy,108.8415,108.8515,108.7965,108.8205
2021-05-20 15:30:00+00:00,usdjpy,108.7575,108.8455,108.7505,108.841
2021-05-20 15:45:00+00:00,usdjpy,108.7935,108.8,108.7555,108.7585
2021-05-20 16:00:00+00:00,usdjpy,108.8105,108.8185,108.7815,108.794
2021-05-20 16:15:00+00:00,usdjpy,108.7805,108.8245,108.773,108.8095
2021-05-20 16:30:00+00:00,usdjpy,108.7745,108.7915,108.772,108.7815
2021-05-20 16:45:00+00:00,usdjpy,108.7915,108.7955,108.766,108.774
2021-05-20 17:00:00+00:00,usdjpy,108.7975,108.805,108.7695,108.7925
2021-05-20 17:15:00+00:00,usdjpy,108.8185,108.8215,108.7935,108.798
2021-05-20 17:30:00+00:00,usdjpy,108.8075,108.8375,108.8075,108.818
2021-05-20 17:45:00+00:00,usdjpy,108.8115,108.8195,108.802,108.8065
2021-05-20 18:00:00+00:00,usdjpy,108.7995,108.8125,108.7855,108.811
2021-05-20 18:15:00+00:00,usdjpy,108.7915,108.8115,108.789,108.799
2021-05-20 18:30:00+00:00,usdjpy,108.8235,108.8275,108.7895,108.7925
2021-05-20 18:45:00+00:00,usdjpy,108.8055,108.8235,108.7925,108.823
2021-05-20 19:00:00+00:00,usdjpy,108.8055,108.8105,108.7925,108.806
2021-05-20 19:15:00+00:00,usdjpy,108.7885,108.8125,108.7825,108.805
2021-05-20 19:30:00+00:00,usdjpy,108.8,108.8005,108.7835,108.7875
2021-05-20 19:45:00+00:00,usdjpy,108.78,108.801,108.7775,108.8005
2021-05-20 20:00:00+00:00,usdjpy,108.7845,108.791,108.7725,108.7795
2021-05-20 20:15:00+00:00,usdjpy,108.7835,108.789,108.7805,108.7825
2021-05-20 20:30:00+00:00,usdjpy,108.7915,108.798,108.7815,108.784
2021-05-20 20:45:00+00:00,usdjpy,108.7775,108.8,108.773,108.791
2021-05-20 21:00:00+00:00,usdjpy,108.7695,108.7785,108.7665,108.7775
2021-05-20 21:15:00+00:00,usdjpy,108.7655,108.779,108.7655,108.766
2021-05-20 21:30:00+00:00,usdjpy,108.763,108.77,108.7625,108.7665
2021-05-20 21:45:00+00:00,usdjpy,108.7785,108.79,108.7635,108.7635
2021-05-20 22:00:00+00:00,usdjpy,108.7805,108.7935,108.7735,108.7795
2021-05-20 22:15:00+00:00,usdjpy,108.7895,108.8025,108.7795,108.781
2021-05-20 22:30:00+00:00,usdjpy,108.8175,108.8225,108.7855,108.79
2021-05-20 22:45:00+00:00,usdjpy,108.8505,108.8515,108.8175,108.8185
2021-05-20 23:00:00+00:00,usdjpy,108.8165,108.8715,108.8095,108.851
2021-05-20 23:15:00+00:00,usdjpy,108.8175,108.8395,108.8045,108.817
2021-05-20 23:30:00+00:00,usdjpy,108.8425,108.8445,108.8115,108.8185
2021-05-20 23:45:00+00:00,usdjpy,108.8645,108.8695,108.8295,108.843
2021-05-21 00:00:00+00:00,usdjpy,108.8335,108.8875,108.793,108.8645
2021-05-21 00:15:00+00:00,usdjpy,108.84,108.8645,108.8045,108.834
2021-05-21 00:30:00+00:00,usdjpy,108.84,108.882,108.8285,108.8405
2021-05-21 00:45:00+00:00,usdjpy,108.8315,108.8995,108.8295,108.8395
2021-05-21 01:00:00+00:00,usdjpy,108.8265,108.8425,108.8145,108.831
2021-05-21 01:15:00+00:00,usdjpy,108.8235,108.8345,108.8145,108.8255
2021-05-21 01:30:00+00:00,usdjpy,108.8165,108.8415,108.8065,108.823
2021-05-21 01:45:00+00:00,usdjpy,108.8505,108.8565,108.8165,108.817
2021-05-21 02:00:00+00:00,usdjpy,108.8485,108.852,108.8335,108.851
2021-05-21 02:15:00+00:00,usdjpy,108.8455,108.8585,108.8365,108.848
2021-05-21 02:30:00+00:00,usdjpy,108.8695,108.8735,108.8435,108.846
2021-05-21 02:45:00+00:00,usdjpy,108.8595,108.8725,108.8495,108.87
2021-05-21 03:00:00+00:00,usdjpy,108.8645,108.8695,108.8535,108.859
2021-05-21 03:15:00+00:00,usdjpy,108.8575,108.865,108.852,108.865
2021-05-21 03:30:00+00:00,usdjpy,108.8615,108.8635,108.8545,108.858
2021-05-21 03:45:00+00:00,usdjpy,108.8605,108.8645,108.8565,108.8625
2021-05-21 04:00:00+00:00,usdjpy,108.8515,108.8655,108.8495,108.86
2021-05-21 04:15:00+00:00,usdjpy,108.7945,108.852,108.7865,108.852
2021-05-21 04:30:00+00:00,usdjpy,108.7555,108.796,108.7375,108.795
2021-05-21 04:45:00+00:00,usdjpy,108.7765,108.7775,108.7515,108.756
2021-05-21 05:00:00+00:00,usdjpy,108.7775,108.7845,108.7595,108.777
2021-05-21 05:15:00+00:00,usdjpy,108.7285,108.785,108.7255,108.778
2021-05-21 05:30:00+00:00,usdjpy,108.7245,108.7515,108.715,108.729
2021-05-21 05:45:00+00:00,usdjpy,108.7445,108.7475,108.7095,108.7255
2021-05-21 06:00:00+00:00,usdjpy,108.7225,108.7465,108.68,108.744
2021-05-21 06:15:00+00:00,usdjpy,108.7495,108.7545,108.699,108.722
2021-05-21 06:30:00+00:00,usdjpy,108.7865,108.8025,108.7385,108.75
2021-05-21 06:45:00+00:00,usdjpy,108.7695,108.7985,108.7595,108.786
2021-05-21 07:00:00+00:00,usdjpy,108.7785,108.7895,108.7355,108.77
2021-05-21 07:15:00+00:00,usdjpy,108.748,108.8215,108.7395,108.7785
2021-05-21 07:30:00+00:00,usdjpy,108.7295,108.7685,108.6945,108.7485
2021-05-21 07:45:00+00:00,usdjpy,108.6975,108.735,108.6805,108.729
2021-05-21 08:00:00+00:00,usdjpy,108.6425,108.7005,108.6275,108.698
2021-05-21 08:15:00+00:00,usdjpy,108.6595,108.6835,108.6295,108.6415
2021-05-21 08:30:00+00:00,usdjpy,108.679,108.6985,108.6555,108.659
2021-05-21 08:45:00+00:00,usdjpy,108.6365,108.6795,108.632,108.6795
2021-05-21 09:00:00+00:00,usdjpy,108.6495,108.6735,108.6215,108.6375
2021-05-21 09:15:00+00:00,usdjpy,108.6395,108.6625,108.6135,108.65
2021-05-21 09:30:00+00:00,usdjpy,108.6185,108.6465,108.6125,108.639
2021-05-21 09:45:00+00:00,usdjpy,108.7005,108.711,108.6145,108.6175
2021-05-21 10:00:00+00:00,usdjpy,108.6895,108.7295,108.6875,108.6995
2021-05-21 10:15:00+00:00,usdjpy,108.6655,108.6955,108.6615,108.6885
2021-05-21 10:30:00+00:00,usdjpy,108.6675,108.6805,108.6555,108.6665
2021-05-21 10:45:00+00:00,usdjpy,108.6835,108.689,108.6455,108.6665
2021-05-21 11:00:00+00:00,usdjpy,108.7085,108.7235,108.6745,108.6825
2021-05-21 11:15:00+00:00,usdjpy,108.6835,108.7095,108.6585,108.7095
2021-05-21 11:30:00+00:00,usdjpy,108.7065,108.7175,108.6555,108.6825
2021-05-21 11:45:00+00:00,usdjpy,108.8315,108.833,108.707,108.7075
2021-05-21 12:00:00+00:00,usdjpy,108.8035,108.8315,108.793,108.829
2021-05-21 12:15:00+00:00,usdjpy,108.7665,108.8085,108.7505,108.8025
2021-05-21 12:30:00+00:00,usdjpy,108.7155,108.7725,108.697,108.7675
2021-05-21 12:45:00+00:00,usdjpy,108.7145,108.7485,108.6975,108.7145
2021-05-21 13:00:00+00:00,usdjpy,108.7335,108.7485,108.6795,108.714
2021-05-21 13:15:00+00:00,usdjpy,108.7525,108.7735,108.7055,108.7345
2021-05-21 13:30:00+00:00,usdjpy,108.736,108.7575,108.7015,108.7535
2021-05-21 13:45:00+00:00,usdjpy,108.8925,108.94,108.7325,108.7355
2021-05-21 14:00:00+00:00,usdjpy,108.9075,108.922,108.8415,108.8715
2021-05-21 14:15:00+00:00,usdjpy,108.8835,108.9435,108.88,108.9085
2021-05-21 14:30:00+00:00,usdjpy,108.8865,108.936,108.8845,108.8845
2021-05-21 14:45:00+00:00,usdjpy,108.9595,108.988,108.8825,108.8875
2021-05-21 15:00:00+00:00,usdjpy,108.9155,108.9635,108.9115,108.96
2021-05-21 15:15:00+00:00,usdjpy,108.9465,108.9515,108.9145,108.9165
2021-05-21 15:30:00+00:00,usdjpy,108.9135,108.9485,108.9135,108.9475
2021-05-21 15:45:00+00:00,usdjpy,108.9385,108.9445,108.9135,108.914
2021-05-21 16:00:00+00:00,usdjpy,108.9575,108.969,108.9145,108.939
2021-05-21 16:15:00+00:00,usdjpy,108.938,108.9725,108.932,108.9585
2021-05-21 16:30:00+00:00,usdjpy,108.9645,108.9795,108.938,108.9385
2021-05-21 16:45:00+00:00,usdjpy,108.9945,109.0035,108.964,108.964
2021-05-21 17:00:00+00:00,usdjpy,108.9695,109.0005,108.9675,108.9935
2021-05-21 17:15:00+00:00,usdjpy,108.9755,109.0055,108.9695,108.9705
2021-05-21 17:30:00+00:00,usdjpy,108.957,108.9815,108.9545,108.976
2021-05-21 17:45:00+00:00,usdjpy,108.9635,108.9645,108.951,108.9575
2021-05-21 18:00:00+00:00,usdjpy,108.9475,108.9625,108.9435,108.9625
2021-05-21 18:15:00+00:00,usdjpy,108.938,108.9595,108.9375,108.9465
2021-05-21 18:30:00+00:00,usdjpy,108.9275,108.9405,108.9205,108.9375
2021-05-21 18:45:00+00:00,usdjpy,108.921,108.9285,108.914,108.9265
2021-05-21 19:00:00+00:00,usdjpy,108.8865,108.931,108.8785,108.9215
2021-05-21 19:15:00+00:00,usdjpy,108.8895,108.9005,108.8855,108.887
2021-05-21 19:30:00+00:00,usdjpy,108.8935,108.9015,108.8835,108.89
2021-05-21 19:45:00+00:00,usdjpy,108.9055,108.9085,108.8805,108.8945
2021-05-21 20:00:00+00:00,usdjpy,108.8875,108.9085,108.8835,108.906
2021-05-21 20:15:00+00:00,usdjpy,108.9215,108.9235,108.8845,108.8885
2021-05-21 20:30:00+00:00,usdjpy,108.9425,108.9485,108.9175,108.92
2021-05-21 20:45:00+00:00,usdjpy,108.898,108.9705,108.898,108.942
2021-05-23 21:00:00+00:00,usdjpy,108.9195,108.9325,108.9155,108.926
2021-05-23 21:15:00+00:00,usdjpy,108.9085,108.93,108.8995,108.9265
2021-05-23 21:30:00+00:00,usdjpy,108.9065,108.9105,108.899,108.9095
2021-05-23 21:45:00+00:00,usdjpy,108.9185,108.9245,108.9075,108.9075
2021-05-23 22:00:00+00:00,usdjpy,108.9575,108.9735,108.9155,108.919
2021-05-23 22:15:00+00:00,usdjpy,108.9775,108.9775,108.955,108.958
2021-05-23 22:30:00+00:00,usdjpy,108.9525,108.9965,108.9465,108.978
2021-05-23 22:45:00+00:00,usdjpy,108.9465,108.954,108.9445,108.9535
2021-05-23 23:00:00+00:00,usdjpy,108.936,108.9495,108.9135,108.947
2021-05-23 23:15:00+00:00,usdjpy,108.9315,108.9385,108.9255,108.9365
2021-05-23 23:30:00+00:00,usdjpy,108.9075,108.9345,108.9025,108.931
2021-05-23 23:45:00+00:00,usdjpy,108.9185,108.9345,108.9065,108.907
2021-05-24 00:00:00+00:00,usdjpy,108.8935,108.9605,108.8915,108.918
2021-05-24 00:15:00+00:00,usdjpy,108.9355,108.9515,108.8835,108.894
2021-05-24 00:30:00+00:00,usdjpy,108.9745,108.978,108.9295,108.9345
2021-05-24 00:45:00+00:00,usdjpy,108.9835,108.986,108.9385,108.974
2021-05-24 01:00:00+00:00,usdjpy,108.9735,108.9925,108.9555,108.984
2021-05-24 01:15:00+00:00,usdjpy,108.9485,108.9775,108.9225,108.9755
2021-05-24 01:30:00+00:00,usdjpy,108.9395,108.9535,108.926,108.9475
2021-05-24 01:45:00+00:00,usdjpy,108.923,108.9425,108.9195,108.939
2021-05-24 02:00:00+00:00,usdjpy,108.919,108.9365,108.9155,108.9235
2021-05-24 02:15:00+00:00,usdjpy,108.9205,108.9365,108.91,108.9195
2021-05-24 02:30:00+00:00,usdjpy,108.9375,108.9385,108.9185,108.921
2021-05-24 02:45:00+00:00,usdjpy,108.8765,108.9445,108.876,108.9365
2021-05-24 03:00:00+00:00,usdjpy,108.86,108.8895,108.8465,108.8775
2021-05-24 03:15:00+00:00,usdjpy,108.8705,108.8735,108.8535,108.861
2021-05-24 03:30:00+00:00,usdjpy,108.8645,108.8735,108.8455,108.87
2021-05-24 03:45:00+00:00,usdjpy,108.862,108.8705,108.8535,108.864
2021-05-24 04:00:00+00:00,usdjpy,108.8435,108.8635,108.8275,108.8615
2021-05-24 04:15:00+00:00,usdjpy,108.8435,108.852,108.8375,108.844
2021-05-24 04:30:00+00:00,usdjpy,108.8265,108.8455,108.824,108.843
2021-05-24 04:45:00+00:00,usdjpy,108.8455,108.8455,108.8165,108.826
2021-05-24 05:00:00+00:00,usdjpy,108.8075,108.8455,108.8005,108.8445
2021-05-24 05:15:00+00:00,usdjpy,108.829,108.8335,108.805,108.807
2021-05-24 05:30:00+00:00,usdjpy,108.8055,108.8355,108.8005,108.8295
2021-05-24 05:45:00+00:00,usdjpy,108.7925,108.806,108.7715,108.806
2021-05-24 06:00:00+00:00,usdjpy,108.735,108.792,108.735,108.792
2021-05-24 06:15:00+00:00,usdjpy,108.7565,108.7565,108.7245,108.7355
2021-05-24 06:30:00+00:00,usdjpy,108.7325,108.7645,108.72,108.756
2021-05-24 06:45:00+00:00,usdjpy,108.7345,108.7575,108.7195,108.733
2021-05-24 07:00:00+00:00,usdjpy,108.7365,108.7825,108.7155,108.734
2021-05-24 07:15:00+00:00,usdjpy,108.734,108.7405,108.6975,108.736
2021-05-24 07:30:00+00:00,usdjpy,108.7605,108.7655,108.7195,108.7335
2021-05-24 07:45:00+00:00,usdjpy,108.7605,108.7745,108.7365,108.76
2021-05-24 08:00:00+00:00,usdjpy,108.7685,108.8005,108.7565,108.761
2021-05-24 08:15:00+00:00,usdjpy,108.7805,108.7845,108.7425,108.7675
2021-05-24 08:30:00+00:00,usdjpy,108.9335,108.984,108.7795,108.7795
2021-05-24 08:45:00+00:00,usdjpy,108.916,108.9465,108.9055,108.934
2021-05-24 09:00:00+00:00,usdjpy,108.9455,108.9645,108.9155,108.9155
2021-05-24 09:15:00+00:00,usdjpy,108.9375,108.9525,108.9145,108.945
2021-05-24 09:30:00+00:00,usdjpy,108.9205,108.9655,108.9205,108.938
2021-05-24 09:45:00+00:00,usdjpy,108.8825,108.9225,108.8655,108.9195
2021-05-24 10:00:00+00:00,usdjpy,108.8795,108.8915,108.8485,108.8835
2021-05-24 10:15:00+00:00,usdjpy,108.8975,108.899,108.8585,108.879
2021-05-24 10:30:00+00:00,usdjpy,108.8815,108.9245,108.8725,108.898
2021-05-24 10:45:00+00:00,usdjpy,108.9005,108.9125,108.8535,108.881
2021-05-24 11:00:00+00:00,usdjpy,108.9185,108.936,108.8935,108.9
2021-05-24 11:15:00+00:00,usdjpy,108.9735,108.9825,108.9045,108.9175
2021-05-24 11:30:00+00:00,usdjpy,108.9355,108.9765,108.9245,108.9745
2021-05-24 11:45:00+00:00,usdjpy,108.9305,108.9725,108.9235,108.935
2021-05-24 12:00:00+00:00,usdjpy,108.8845,108.9415,108.8725,108.9295
2021-05-24 12:15:00+00:00,usdjpy,108.8925,108.919,108.8765,108.884
2021-05-24 12:30:00+00:00,usdjpy,108.901,108.9015,108.8585,108.892
2021-05-24 12:45:00+00:00,usdjpy,108.9035,108.9115,108.8855,108.9005
2021-05-24 13:00:00+00:00,usdjpy,108.923,108.9415,108.892,108.9025
2021-05-24 13:15:00+00:00,usdjpy,108.8455,108.9405,108.8295,108.9235
2021-05-24 13:30:00+00:00,usdjpy,108.783,108.8625,108.7515,108.8445
2021-05-24 13:45:00+00:00,usdjpy,108.7845,108.8195,108.7515,108.7835
2021-05-24 14:00:00+00:00,usdjpy,108.7815,108.7995,108.7565,108.784
2021-05-24 14:15:00+00:00,usdjpy,108.729,108.782,108.7165,108.782
2021-05-24 14:30:00+00:00,usdjpy,108.7155,108.7785,108.7125,108.7285
2021-05-24 14:45:00+00:00,usdjpy,108.7385,108.7915,108.706,108.7165
2021-05-24 15:00:00+00:00,usdjpy,108.7505,108.7555,108.7135,108.743
2021-05-24 15:15:00+00:00,usdjpy,108.7535,108.7565,108.7265,108.751
2021-05-24 15:30:00+00:00,usdjpy,108.7845,108.7955,108.752,108.754
2021-05-24 15:45:00+00:00,usdjpy,108.8115,108.8155,108.7765,108.7835
2021-05-24 16:00:00+00:00,usdjpy,108.8055,108.8315,108.7985,108.8125
2021-05-24 16:15:00+00:00,usdjpy,108.8235,108.8285,108.804,108.8045
2021-05-24 16:30:00+00:00,usdjpy,108.8095,108.829,108.8045,108.824
2021-05-24 16:45:00+00:00,usdjpy,108.7915,108.8115,108.7845,108.8105
2021-05-24 17:00:00+00:00,usdjpy,108.808,108.8185,108.7905,108.7905
2021-05-24 17:15:00+00:00,usdjpy,108.7755,108.8085,108.7755,108.8085
2021-05-24 17:30:00+00:00,usdjpy,108.7865,108.7985,108.7745,108.776
2021-05-24 17:45:00+00:00,usdjpy,108.7705,108.786,108.7695,108.786
2021-05-24 18:00:00+00:00,usdjpy,108.773,108.7865,108.7695,108.771
2021-05-24 18:15:00+00:00,usdjpy,108.7885,108.7895,108.771,108.7725
2021-05-24 18:30:00+00:00,usdjpy,108.7855,108.7945,108.7785,108.788
2021-05-24 18:45:00+00:00,usdjpy,108.7835,108.7905,108.7655,108.7845
2021-05-24 19:00:00+00:00,usdjpy,108.7805,108.7875,108.773,108.7835
2021-05-24 19:15:00+00:00,usdjpy,108.7815,108.7875,108.7685,108.78
2021-05-24 19:30:00+00:00,usdjpy,108.7795,108.7845,108.7745,108.781
2021-05-24 19:45:00+00:00,usdjpy,108.7765,108.786,108.7685,108.78
2021-05-24 20:00:00+00:00,usdjpy,108.758,108.7825,108.7575,108.7755
2021-05-24 20:15:00+00:00,usdjpy,108.7585,108.7595,108.7515,108.7575
2021-05-24 20:30:00+00:00,usdjpy,108.7695,108.7705,108.7565,108.7595
2021-05-24 20:45:00+00:00,usdjpy,108.7485,108.772,108.744,108.77
2021-05-24 21:00:00+00:00,usdjpy,108.7615,108.7635,108.7365,108.7415
2021-05-24 21:15:00+00:00,usdjpy,108.7535,108.7615,108.7415,108.7505
2021-05-24 21:30:00+00:00,usdjpy,108.7615,108.7705,108.742,108.7545
2021-05-24 21:45:00+00:00,usdjpy,108.7635,108.766,108.7585,108.7625
2021-05-24 22:00:00+00:00,usdjpy,108.798,108.8055,108.7555,108.764
2021-05-24 22:15:00+00:00,usdjpy,108.7935,108.8005,108.7865,108.7975
2021-05-24 22:30:00+00:00,usdjpy,108.7985,108.8015,108.7895,108.7945
2021-05-24 22:45:00+00:00,usdjpy,108.8105,108.8125,108.7935,108.798
2021-05-24 23:00:00+00:00,usdjpy,108.8215,108.829,108.8045,108.811
2021-05-24 23:15:00+00:00,usdjpy,108.8355,108.8355,108.813,108.822
2021-05-24 23:30:00+00:00,usdjpy,108.8405,108.8415,108.8205,108.8345
2021-05-24 23:45:00+00:00,usdjpy,108.8525,108.865,108.8385,108.841
2021-05-25 00:00:00+00:00,usdjpy,108.7575,108.8505,108.7575,108.8505
2021-05-25 00:15:00+00:00,usdjpy,108.7695,108.7735,108.74,108.758
2021-05-25 00:30:00+00:00,usdjpy,108.7995,108.8015,108.7535,108.77
2021-05-25 00:45:00+00:00,usdjpy,108.79,108.8335,108.7695,108.8
2021-05-25 01:00:00+00:00,usdjpy,108.7155,108.7905,108.7055,108.7905
2021-05-25 01:15:00+00:00,usdjpy,108.7225,108.739,108.6845,108.716
2021-05-25 01:30:00+00:00,usdjpy,108.7355,108.7475,108.702,108.723
2021-05-25 01:45:00+00:00,usdjpy,108.7515,108.7635,108.7335,108.7345
2021-05-25 02:00:00+00:00,usdjpy,108.711,108.7695,108.7095,108.751
2021-05-25 02:15:00+00:00,usdjpy,108.714,108.7195,108.698,108.7115
2021-05-25 02:30:00+00:00,usdjpy,108.7395,108.7415,108.7105,108.7145
2021-05-25 02:45:00+00:00,usdjpy,108.7255,108.7415,108.7215,108.7385
2021-05-25 03:00:00+00:00,usdjpy,108.7155,108.7285,108.7055,108.725
2021-05-25 03:15:00+00:00,usdjpy,108.7155,108.7295,108.7125,108.7165
2021-05-25 03:30:00+00:00,usdjpy,108.7175,108.7205,108.7115,108.716
2021-05-25 03:45:00+00:00,usdjpy,108.7095,108.7305,108.7095,108.718
2021-05-25 04:00:00+00:00,usdjpy,108.6915,108.7165,108.6895,108.7105
2021-05-25 04:15:00+00:00,usdjpy,108.7495,108.759,108.6895,108.692
2021-05-25 04:30:00+00:00,usdjpy,108.74,108.7625,108.7365,108.749
2021-05-25 04:45:00+00:00,usdjpy,108.7165,108.7505,108.7165,108.7405
2021-05-25 05:00:00+00:00,usdjpy,108.7295,108.7415,108.7155,108.716
2021-05-25 05:15:00+00:00,usdjpy,108.7465,108.7485,108.7205,108.7285
2021-05-25 05:30:00+00:00,usdjpy,108.7675,108.7835,108.7205,108.7455
2021-05-25 05:45:00+00:00,usdjpy,108.75,108.7875,108.75,108.768
2021-05-25 06:00:00+00:00,usdjpy,108.7595,108.7755,108.7485,108.7505
2021-05-25 06:15:00+00:00,usdjpy,108.7335,108.7685,108.7155,108.759
2021-05-25 06:30:00+00:00,usdjpy,108.6425,108.7385,108.6255,108.733
2021-05-25 06:45:00+00:00,usdjpy,108.6705,108.6725,108.6305,108.643
2021-05-25 07:00:00+00:00,usdjpy,108.6205,108.6865,108.5605,108.67
2021-05-25 07:15:00+00:00,usdjpy,108.5805,108.6385,108.5775,108.6215
2021-05-25 07:30:00+00:00,usdjpy,108.6755,108.6765,108.5775,108.58
2021-05-25 07:45:00+00:00,usdjpy,108.7275,108.7295,108.6525,108.676
2021-05-25 08:00:00+00:00,usdjpy,108.8075,108.8415,108.716,108.727
2021-05-25 08:15:00+00:00,usdjpy,108.7605,108.8125,108.7375,108.808
2021-05-25 08:30:00+00:00,usdjpy,108.7465,108.796,108.7355,108.7595
2021-05-25 08:45:00+00:00,usdjpy,108.7395,108.7695,108.7295,108.7455
2021-05-25 09:00:00+00:00,usdjpy,108.7405,108.7545,108.7255,108.739
2021-05-25 09:15:00+00:00,usdjpy,108.7675,108.7835,108.7385,108.7415
2021-05-25 09:30:00+00:00,usdjpy,108.79,108.8435,108.768,108.768
2021-05-25 09:45:00+00:00,usdjpy,108.8085,108.8275,108.79,108.7905
2021-05-25 10:00:00+00:00,usdjpy,108.8565,108.8725,108.8045,108.808
2021-05-25 10:15:00+00:00,usdjpy,108.9355,108.953,108.8495,108.856
2021-05-25 10:30:00+00:00,usdjpy,108.9265,108.9565,108.917,108.935
2021-05-25 10:45:00+00:00,usdjpy,108.9275,108.9515,108.9235,108.927
2021-05-25 11:00:00+00:00,usdjpy,108.9235,108.9475,108.9175,108.928
2021-05-25 11:15:00+00:00,usdjpy,108.9085,108.9695,108.9055,108.9245
2021-05-25 11:30:00+00:00,usdjpy,108.8945,108.9075,108.8715,108.9075
2021-05-25 11:45:00+00:00,usdjpy,108.8715,108.9105,108.8645,108.8935
2021-05-25 12:00:00+00:00,usdjpy,108.8495,108.8855,108.8385,108.8725
2021-05-25 12:15:00+00:00,usdjpy,108.9155,108.9285,108.8435,108.85
2021-05-25 12:30:00+00:00,usdjpy,108.8945,108.9425,108.8655,108.9165
2021-05-25 12:45:00+00:00,usdjpy,108.983,109.052,108.8945,108.8955
2021-05-25 13:00:00+00:00,usdjpy,109.002,109.0305,108.9725,108.9825
2021-05-25 13:15:00+00:00,usdjpy,109.0365,109.0725,108.9895,109.0015
2021-05-25 13:30:00+00:00,usdjpy,108.985,109.0625,108.9815,109.036
2021-05-25 13:45:00+00:00,usdjpy,108.919,108.9865,108.9165,108.975
2021-05-25 14:00:00+00:00,usdjpy,108.928,108.963,108.8885,108.9195
2021-05-25 14:15:00+00:00,usdjpy,108.868,108.9255,108.8655,108.924
2021-05-25 14:30:00+00:00,usdjpy,108.9005,108.9265,108.8665,108.8675
2021-05-25 14:45:00+00:00,usdjpy,108.927,108.9965,108.8825,108.9015
2021-05-25 15:00:00+00:00,usdjpy,108.9545,108.9675,108.8895,108.928
2021-05-25 15:15:00+00:00,usdjpy,108.977,108.998,108.9465,108.9555
2021-05-25 15:30:00+00:00,usdjpy,108.9595,108.9855,108.9485,108.9765
2021-05-25 15:45:00+00:00,usdjpy,108.9585,108.9795,108.9285,108.959
2021-05-25 16:00:00+00:00,usdjpy,108.9745,109.0165,108.9585,108.959
2021-05-25 16:15:00+00:00,usdjpy,108.9295,108.9835,108.9255,108.974
2021-05-25 16:30:00+00:00,usdjpy,108.9225,108.9345,108.912,108.93
2021-05-25 16:45:00+00:00,usdjpy,108.8885,108.9415,108.8865,108.922
2021-05-25 17:00:00+00:00,usdjpy,108.854,108.8955,108.8445,108.8875
2021-05-25 17:15:00+00:00,usdjpy,108.822,108.8705,108.8085,108.8545
2021-05-25 17:30:00+00:00,usdjpy,108.7845,108.8215,108.7745,108.8215
2021-05-25 17:45:00+00:00,usdjpy,108.7785,108.7885,108.7655,108.7835
2021-05-25 18:00:00+00:00,usdjpy,108.7295,108.779,108.7285,108.778
2021-05-25 18:15:00+00:00,usdjpy,108.7105,108.7515,108.71,108.73
2021-05-25 18:30:00+00:00,usdjpy,108.7155,108.7345,108.7075,108.7115
2021-05-25 18:45:00+00:00,usdjpy,108.7095,108.7335,108.7085,108.7145
2021-05-25 19:00:00+00:00,usdjpy,108.709,108.723,108.7005,108.709
2021-05-25 19:15:00+00:00,usdjpy,108.7225,108.7245,108.7035,108.7085
2021-05-25 19:30:00+00:00,usdjpy,108.7405,108.7425,108.7155,108.7215
2021-05-25 19:45:00+00:00,usdjpy,108.7405,108.7485,108.7295,108.7395
2021-05-25 20:00:00+00:00,usdjpy,108.7485,108.7535,108.7395,108.7415
2021-05-25 20:15:00+00:00,usdjpy,108.7465,108.7595,108.731,108.7475
2021-05-25 20:30:00+00:00,usdjpy,108.775,108.7765,108.7425,108.7455
2021-05-25 20:45:00+00:00,usdjpy,108.7765,108.7845,108.7625,108.7745
2021-05-25 21:00:00+00:00,usdjpy,108.7675,108.792,108.757,108.7825
2021-05-25 21:15:00+00:00,usdjpy,108.7785,108.7885,108.7635,108.7685
2021-05-25 21:30:00+00:00,usdjpy,108.783,108.7885,108.773,108.776
2021-05-25 21:45:00+00:00,usdjpy,108.7645,108.7855,108.7605,108.782
2021-05-25 22:00:00+00:00,usdjpy,108.792,108.7925,108.757,108.7635
2021-05-25 22:15:00+00:00,usdjpy,108.8065,108.8125,108.7845,108.7915
2021-05-25 22:30:00+00:00,usdjpy,108.8105,108.819,108.7945,108.806
2021-05-25 22:45:00+00:00,usdjpy,108.7865,108.81,108.7695,108.81
2021-05-25 23:00:00+00:00,usdjpy,108.786,108.7915,108.7685,108.7875
2021-05-25 23:15:00+00:00,usdjpy,108.7935,108.8035,108.784,108.7855
2021-05-25 23:30:00+00:00,usdjpy,108.8005,108.806,108.7895,108.794
2021-05-25 23:45:00+00:00,usdjpy,108.7935,108.8165,108.7915,108.7995
2021-05-26 00:00:00+00:00,usdjpy,108.7665,108.829,108.7525,108.794
2021-05-26 00:15:00+00:00,usdjpy,108.7695,108.7855,108.7475,108.766
2021-05-26 00:30:00+00:00,usdjpy,108.7985,108.8025,108.7655,108.7685
2021-05-26 00:45:00+00:00,usdjpy,108.7675,108.828,108.7355,108.798
2021-05-26 01:00:00+00:00,usdjpy,108.7405,108.7685,108.7255,108.768
2021-05-26 01:15:00+00:00,usdjpy,108.761,108.7795,108.7375,108.74
2021-05-26 01:30:00+00:00,usdjpy,108.7455,108.7635,108.7245,108.7615
2021-05-26 01:45:00+00:00,usdjpy,108.77,108.77,108.7385,108.7465
2021-05-26 02:00:00+00:00,usdjpy,108.7415,108.77,108.7255,108.7695
2021-05-26 02:15:00+00:00,usdjpy,108.7415,108.7485,108.7335,108.742
2021-05-26 02:30:00+00:00,usdjpy,108.747,108.7525,108.7265,108.7405
2021-05-26 02:45:00+00:00,usdjpy,108.7685,108.7695,108.7445,108.7465
2021-05-26 03:00:00+00:00,usdjpy,108.7955,108.8015,108.7645,108.7675
2021-05-26 03:15:00+00:00,usdjpy,108.8025,108.8105,108.7825,108.795
2021-05-26 03:30:00+00:00,usdjpy,108.8055,108.811,108.8015,108.8015
2021-05-26 03:45:00+00:00,usdjpy,108.8055,108.8135,108.7985,108.8045
2021-05-26 04:00:00+00:00,usdjpy,108.7755,108.8215,108.7735,108.804
2021-05-26 04:15:00+00:00,usdjpy,108.7685,108.7755,108.7575,108.775
2021-05-26 04:30:00+00:00,usdjpy,108.7895,108.7925,108.7565,108.769
2021-05-26 04:45:00+00:00,usdjpy,108.7785,108.7955,108.7785,108.789
2021-05-26 05:00:00+00:00,usdjpy,108.8015,108.8125,108.7725,108.778
2021-05-26 05:15:00+00:00,usdjpy,108.7835,108.8035,108.7755,108.802
2021-05-26 05:30:00+00:00,usdjpy,108.784,108.786,108.7605,108.783
2021-05-26 05:45:00+00:00,usdjpy,108.7985,108.7995,108.7825,108.7845
2021-05-26 06:00:00+00:00,usdjpy,108.8345,108.8385,108.7885,108.799
2021-05-26 06:15:00+00:00,usdjpy,108.8485,108.8645,108.81,108.834
2021-05-26 06:30:00+00:00,usdjpy,108.8705,108.8835,108.8375,108.8475
2021-05-26 06:45:00+00:00,usdjpy,108.8715,108.8895,108.8445,108.8715
2021-05-26 07:00:00+00:00,usdjpy,108.8545,108.9025,108.853,108.872
2021-05-26 07:15:00+00:00,usdjpy,108.8895,108.8935,108.852,108.8555
2021-05-26 07:30:00+00:00,usdjpy,108.8355,108.8915,108.8345,108.8905
2021-05-26 07:45:00+00:00,usdjpy,108.8335,108.8515,108.8275,108.8345
2021-05-26 08:00:00+00:00,usdjpy,108.821,108.865,108.7995,108.834
2021-05-26 08:15:00+00:00,usdjpy,108.8435,108.8595,108.8205,108.8205
2021-05-26 08:30:00+00:00,usdjpy,108.886,108.892,108.83,108.843
2021-05-26 08:45:00+00:00,usdjpy,108.8635,108.8955,108.8615,108.8865
2021-05-26 09:00:00+00:00,usdjpy,108.91,108.9265,108.8595,108.864
2021-05-26 09:15:00+00:00,usdjpy,108.9235,108.9295,108.896,108.9095
2021-05-26 09:30:00+00:00,usdjpy,108.9175,108.9375,108.9095,108.923
2021-05-26 09:45:00+00:00,usdjpy,108.8955,108.9215,108.8865,108.917
2021-05-26 10:00:00+00:00,usdjpy,108.879,108.9085,108.8765,108.895
2021-05-26 10:15:00+00:00,usdjpy,108.8965,108.9105,108.8725,108.8785
2021-05-26 10:30:00+00:00,usdjpy,108.8895,108.9025,108.8815,108.8975
2021-05-26 10:45:00+00:00,usdjpy,108.8605,108.9055,108.8575,108.889
2021-05-26 11:00:00+00:00,usdjpy,108.8815,108.8905,108.8525,108.86
2021-05-26 11:15:00+00:00,usdjpy,108.8925,108.915,108.8775,108.8805
2021-05-26 11:30:00+00:00,usdjpy,108.9065,108.9175,108.8725,108.892
2021-05-26 11:45:00+00:00,usdjpy,108.9055,108.9165,108.889,108.9075
2021-05-26 12:00:00+00:00,usdjpy,108.8885,108.9175,108.8815,108.906
2021-05-26 12:15:00+00:00,usdjpy,108.9155,108.923,108.8855,108.888
2021-05-26 12:30:00+00:00,usdjpy,108.8955,108.915,108.864,108.915
2021-05-26 12:45:00+00:00,usdjpy,108.9265,108.9285,108.8835,108.8945
2021-05-26 13:00:00+00:00,usdjpy,108.991,108.9965,108.9095,108.926
2021-05-26 13:15:00+00:00,usdjpy,109.0245,109.0265,108.9755,108.9915
2021-05-26 13:30:00+00:00,usdjpy,108.9715,109.0585,108.9595,109.024
2021-05-26 13:45:00+00:00,usdjpy,108.9415,108.9785,108.9335,108.971
2021-05-26 14:00:00+00:00,usdjpy,108.9585,108.9695,108.9195,108.942
2021-05-26 14:15:00+00:00,usdjpy,108.9045,108.965,108.8825,108.959
2021-05-26 14:30:00+00:00,usdjpy,108.9025,108.91,108.8705,108.904
2021-05-26 14:45:00+00:00,usdjpy,109.0245,109.033,108.8975,108.902
2021-05-26 15:00:00+00:00,usdjpy,109.0265,109.0705,109.0045,109.025
2021-05-26 15:15:00+00:00,usdjpy,109.0555,109.0645,109.0005,109.024
2021-05-26 15:30:00+00:00,usdjpy,109.0975,109.127,109.0565,109.0565
2021-05-26 15:45:00+00:00,usdjpy,109.1065,109.1455,109.0815,109.098
2021-05-26 16:00:00+00:00,usdjpy,109.0935,109.1205,109.0775,109.1055
2021-05-26 16:15:00+00:00,usdjpy,109.071,109.1085,109.071,109.094
2021-05-26 16:30:00+00:00,usdjpy,109.0655,109.0895,109.0645,109.0715
2021-05-26 16:45:00+00:00,usdjpy,109.09,109.0935,109.0625,109.0665
2021-05-26 17:00:00+00:00,usdjpy,109.1075,109.1135,109.0735,109.0905
2021-05-26 17:15:00+00:00,usdjpy,109.1175,109.132,109.0965,109.107
2021-05-26 17:30:00+00:00,usdjpy,109.1755,109.1765,109.118,109.118
2021-05-26 17:45:00+00:00,usdjpy,109.1505,109.1795,109.1315,109.175
2021-05-26 18:00:00+00:00,usdjpy,109.1595,109.174,109.143,109.1515
2021-05-26 18:15:00+00:00,usdjpy,109.1545,109.1665,109.1405,109.1605
2021-05-26 18:30:00+00:00,usdjpy,109.1455,109.161,109.145,109.154
2021-05-26 18:45:00+00:00,usdjpy,109.1285,109.1485,109.124,109.1445
2021-05-26 19:00:00+00:00,usdjpy,109.1365,109.142,109.109,109.1275
2021-05-26 19:15:00+00:00,usdjpy,109.1455,109.1505,109.1375,109.1375
2021-05-26 19:30:00+00:00,usdjpy,109.1635,109.1655,109.1365,109.1445
2021-05-26 19:45:00+00:00,usdjpy,109.1435,109.163,109.1305,109.1625
2021-05-26 20:00:00+00:00,usdjpy,109.1395,109.1545,109.1375,109.144
2021-05-26 20:15:00+00:00,usdjpy,109.1415,109.1425,109.1265,109.139
2021-05-26 20:30:00+00:00,usdjpy,109.1405,109.1445,109.135,109.141
2021-05-26 20:45:00+00:00,usdjpy,109.1515,109.1525,109.127,109.141
2021-05-26 21:00:00+00:00,usdjpy,109.129,109.1405,109.116,109.128
2021-05-26 21:15:00+00:00,usdjpy,109.1365,109.1395,109.131,109.131
2021-05-26 21:30:00+00:00,usdjpy,109.1345,109.1375,109.1155,109.1375
2021-05-26 21:45:00+00:00,usdjpy,109.1355,109.1375,109.1295,109.1335
2021-05-26 22:00:00+00:00,usdjpy,109.1415,109.145,109.1295,109.135
2021-05-26 22:15:00+00:00,usdjpy,109.131,109.1415,109.1285,109.141
2021-05-26 22:30:00+00:00,usdjpy,109.1175,109.1375,109.1165,109.1305
2021-05-26 22:45:00+00:00,usdjpy,109.1245,109.129,109.1175,109.1185
2021-05-26 23:00:00+00:00,usdjpy,109.1615,109.1645,109.1235,109.1235
2021-05-26 23:15:00+00:00,usdjpy,109.144,109.162,109.134,109.162
2021-05-26 23:30:00+00:00,usdjpy,109.1665,109.1725,109.138,109.1435
2021-05-26 23:45:00+00:00,usdjpy,109.1715,109.1795,109.1575,109.166
2021-05-27 00:00:00+00:00,usdjpy,109.1615,109.2045,109.1305,109.1725
2021-05-27 00:15:00+00:00,usdjpy,109.189,109.2105,109.1535,109.161
2021-05-27 00:30:00+00:00,usdjpy,109.198,109.2075,109.1815,109.1885
2021-05-27 00:45:00+00:00,usdjpy,109.1615,109.202,109.1375,109.1985
2021-05-27 01:00:00+00:00,usdjpy,109.1955,109.2045,109.1595,109.1605
2021-05-27 01:15:00+00:00,usdjpy,109.2045,109.2075,109.1795,109.1965
2021-05-27 01:30:00+00:00,usdjpy,109.1435,109.2055,109.1365,109.205
2021-05-27 01:45:00+00:00,usdjpy,109.1365,109.1545,109.1335,109.143
2021-05-27 02:00:00+00:00,usdjpy,109.0815,109.1445,109.0755,109.1355
2021-05-27 02:15:00+00:00,usdjpy,109.0715,109.0825,109.0505,109.081
2021-05-27 02:30:00+00:00,usdjpy,109.0885,109.089,109.0665,109.071
2021-05-27 02:45:00+00:00,usdjpy,109.0755,109.0905,109.069,109.088
2021-05-27 03:00:00+00:00,usdjpy,109.102,109.1085,109.0695,109.076
2021-05-27 03:15:00+00:00,usdjpy,109.0835,109.1085,109.0835,109.1015
2021-05-27 03:30:00+00:00,usdjpy,109.072,109.0945,109.0615,109.084
2021-05-27 03:45:00+00:00,usdjpy,109.0585,109.0775,109.0425,109.0715
2021-05-27 04:00:00+00:00,usdjpy,109.0665,109.0785,109.0435,109.058
2021-05-27 04:15:00+00:00,usdjpy,109.0745,109.0845,109.0595,109.0675
2021-05-27 04:30:00+00:00,usdjpy,109.0985,109.099,109.0675,109.074
2021-05-27 04:45:00+00:00,usdjpy,109.0965,109.1075,109.0605,109.0975
2021-05-27 05:00:00+00:00,usdjpy,109.1245,109.1295,109.0885,109.0965
2021-05-27 05:15:00+00:00,usdjpy,109.1235,109.1425,109.1105,109.1235
2021-05-27 05:30:00+00:00,usdjpy,109.0995,109.1265,109.0975,109.124
2021-05-27 05:45:00+00:00,usdjpy,109.0775,109.1015,109.074,109.0985
2021-05-27 06:00:00+00:00,usdjpy,109.0845,109.0985,109.0385,109.0765
2021-05-27 06:15:00+00:00,usdjpy,109.131,109.1505,109.083,109.085
2021-05-27 06:30:00+00:00,usdjpy,109.1355,109.1485,109.125,109.1315
2021-05-27 06:45:00+00:00,usdjpy,109.1305,109.1565,109.1215,109.1365
2021-05-27 07:00:00+00:00,usdjpy,109.1255,109.1385,109.1045,109.1295
2021-05-27 07:15:00+00:00,usdjpy,109.0935,109.133,109.0815,109.126
2021-05-27 07:30:00+00:00,usdjpy,109.0795,109.1275,109.0775,109.094
2021-05-27 07:45:00+00:00,usdjpy,109.1015,109.1325,109.0765,109.079
2021-05-27 08:00:00+00:00,usdjpy,109.1205,109.1255,109.084,109.1005
2021-05-27 08:15:00+00:00,usdjpy,109.0725,109.1205,109.0545,109.12
2021-05-27 08:30:00+00:00,usdjpy,109.1475,109.149,109.0595,109.0715
2021-05-27 08:45:00+00:00,usdjpy,109.1785,109.1955,109.1435,109.148
2021-05-27 09:00:00+00:00,usdjpy,109.1785,109.197,109.1715,109.1775
2021-05-27 09:15:00+00:00,usdjpy,109.16,109.1935,109.159,109.178
2021-05-27 09:30:00+00:00,usdjpy,109.1835,109.1855,109.156,109.1595
2021-05-27 09:45:00+00:00,usdjpy,109.2035,109.205,109.1655,109.183
2021-05-27 10:00:00+00:00,usdjpy,109.167,109.2035,109.1605,109.2025
2021-05-27 10:15:00+00:00,usdjpy,109.1355,109.19,109.1325,109.1665
2021-05-27 10:30:00+00:00,usdjpy,109.1805,109.19,109.1355,109.1365
2021-05-27 10:45:00+00:00,usdjpy,109.1485,109.1835,109.1465,109.18
2021-05-27 11:00:00+00:00,usdjpy,109.1165,109.16,109.1015,109.1475
2021-05-27 11:15:00+00:00,usdjpy,109.1505,109.159,109.0845,109.1155
2021-05-27 11:30:00+00:00,usdjpy,109.1795,109.1795,109.1285,109.151
2021-05-27 11:45:00+00:00,usdjpy,109.2315,109.2575,109.1755,109.1805
2021-05-27 12:00:00+00:00,usdjpy,109.385,109.397,109.2195,109.231
2021-05-27 12:15:00+00:00,usdjpy,109.334,109.3995,109.3315,109.3855
2021-05-27 12:30:00+00:00,usdjpy,109.3535,109.3985,109.2865,109.3345
2021-05-27 12:45:00+00:00,usdjpy,109.3565,109.3825,109.332,109.3545
2021-05-27 13:00:00+00:00,usdjpy,109.375,109.409,109.3455,109.357
2021-05-27 13:15:00+00:00,usdjpy,109.4455,109.4665,109.375,109.3755
2021-05-27 13:30:00+00:00,usdjpy,109.498,109.5025,109.4365,109.4465
2021-05-27 13:45:00+00:00,usdjpy,109.4915,109.5475,109.4765,109.498
2021-05-27 14:00:00+00:00,usdjpy,109.4915,109.5195,109.4515,109.4935
2021-05-27 14:15:00+00:00,usdjpy,109.4865,109.527,109.4575,109.4905
2021-05-27 14:30:00+00:00,usdjpy,109.5035,109.5285,109.4535,109.486
2021-05-27 14:45:00+00:00,usdjpy,109.6975,109.6975,109.504,109.504
2021-05-27 15:00:00+00:00,usdjpy,109.6855,109.7495,109.672,109.6965
2021-05-27 15:15:00+00:00,usdjpy,109.7235,109.7495,109.6835,109.689
2021-05-27 15:30:00+00:00,usdjpy,109.7265,109.7605,109.7085,109.7225
2021-05-27 15:45:00+00:00,usdjpy,109.8215,109.8545,109.7255,109.726
2021-05-27 16:00:00+00:00,usdjpy,109.8645,109.8815,109.8125,109.821
2021-05-27 16:15:00+00:00,usdjpy,109.9035,109.9245,109.8625,109.864
2021-05-27 16:30:00+00:00,usdjpy,109.8595,109.9045,109.8445,109.9045
2021-05-27 16:45:00+00:00,usdjpy,109.878,109.9025,109.8585,109.8605
2021-05-27 17:00:00+00:00,usdjpy,109.8345,109.8835,109.8295,109.8785
2021-05-27 17:15:00+00:00,usdjpy,109.8595,109.872,109.8315,109.835
2021-05-27 17:30:00+00:00,usdjpy,109.8355,109.8685,109.8295,109.86
2021-05-27 17:45:00+00:00,usdjpy,109.8475,109.8595,109.8295,109.8345
2021-05-27 18:00:00+00:00,usdjpy,109.7755,109.8605,109.7735,109.848
2021-05-27 18:15:00+00:00,usdjpy,109.7905,109.7985,109.7625,109.7745
2021-05-27 18:30:00+00:00,usdjpy,109.7705,109.7925,109.77,109.79
2021-05-27 18:45:00+00:00,usdjpy,109.7885,109.792,109.7585,109.7695
2021-05-27 19:00:00+00:00,usdjpy,109.7765,109.7885,109.7625,109.7875
2021-05-27 19:15:00+00:00,usdjpy,109.783,109.7985,109.777,109.777
2021-05-27 19:30:00+00:00,usdjpy,109.7895,109.7915,109.7815,109.7825
2021-05-27 19:45:00+00:00,usdjpy,109.783,109.7995,109.7755,109.79
2021-05-27 20:00:00+00:00,usdjpy,109.815,109.8255,109.7805,109.7825
2021-05-27 20:15:00+00:00,usdjpy,109.8295,109.8425,109.8085,109.8155
2021-05-27 20:30:00+00:00,usdjpy,109.8295,109.8375,109.816,109.8305
2021-05-27 20:45:00+00:00,usdjpy,109.796,109.8455,109.796,109.83
2021-05-27 21:00:00+00:00,usdjpy,109.8265,109.8285,109.7885,109.7985
2021-05-27 21:15:00+00:00,usdjpy,109.8045,109.843,109.7975,109.8255
2021-05-27 21:30:00+00:00,usdjpy,109.8215,109.8345,109.803,109.8035
2021-05-27 21:45:00+00:00,usdjpy,109.8415,109.8425,109.8075,109.822
2021-05-27 22:00:00+00:00,usdjpy,109.8215,109.8495,109.821,109.841
2021-05-27 22:15:00+00:00,usdjpy,109.8235,109.8265,109.8095,109.822
2021-05-27 22:30:00+00:00,usdjpy,109.8385,109.8455,109.8215,109.823
2021-05-27 22:45:00+00:00,usdjpy,109.858,109.8655,109.8345,109.8375
2021-05-27 23:00:00+00:00,usdjpy,109.8495,109.8625,109.8475,109.8575
2021-05-27 23:15:00+00:00,usdjpy,109.8355,109.8625,109.8355,109.849
2021-05-27 23:30:00+00:00,usdjpy,109.8495,109.857,109.8345,109.8345
2021-05-27 23:45:00+00:00,usdjpy,109.8105,109.8505,109.8105,109.85
2021-05-28 00:00:00+00:00,usdjpy,109.9085,109.9135,109.8125,109.8125
2021-05-28 00:15:00+00:00,usdjpy,109.9085,109.9325,109.8875,109.908
2021-05-28 00:30:00+00:00,usdjpy,109.9035,109.9455,109.8885,109.909
2021-05-28 00:45:00+00:00,usdjpy,109.9275,109.9595,109.8935,109.904
2021-05-28 01:00:00+00:00,usdjpy,109.927,109.9515,109.9185,109.9265
2021-05-28 01:15:00+00:00,usdjpy,109.9325,109.9345,109.8905,109.9275
2021-05-28 01:30:00+00:00,usdjpy,109.9055,109.945,109.899,109.933
2021-05-28 01:45:00+00:00,usdjpy,109.8985,109.9155,109.8875,109.906
2021-05-28 02:00:00+00:00,usdjpy,109.8935,109.9265,109.888,109.8995
2021-05-28 02:15:00+00:00,usdjpy,109.8715,109.9115,109.8695,109.894
2021-05-28 02:30:00+00:00,usdjpy,109.8605,109.8915,109.8585,109.8725
2021-05-28 02:45:00+00:00,usdjpy,109.8665,109.8865,109.8595,109.86
2021-05-28 03:00:00+00:00,usdjpy,109.8805,109.8945,109.8665,109.867
2021-05-28 03:15:00+00:00,usdjpy,109.9105,109.9225,109.8775,109.8795
2021-05-28 03:30:00+00:00,usdjpy,109.9265,109.9415,109.9085,109.9095
2021-05-28 03:45:00+00:00,usdjpy,109.9115,109.9335,109.8975,109.927
2021-05-28 04:00:00+00:00,usdjpy,109.8495,109.9225,109.8185,109.9125
2021-05-28 04:15:00+00:00,usdjpy,109.843,109.8655,109.8325,109.8505
2021-05-28 04:30:00+00:00,usdjpy,109.8575,109.8615,109.8185,109.8435
2021-05-28 04:45:00+00:00,usdjpy,109.8525,109.86,109.8375,109.858
2021-05-28 05:00:00+00:00,usdjpy,109.8535,109.878,109.8525,109.853
2021-05-28 05:15:00+00:00,usdjpy,109.8915,109.9045,109.8475,109.853
2021-05-28 05:30:00+00:00,usdjpy,109.9155,109.9185,109.8865,109.891
2021-05-28 05:45:00+00:00,usdjpy,109.9045,109.9305,109.8985,109.9145
2021-05-28 06:00:00+00:00,usdjpy,109.8605,109.913,109.8575,109.9055
2021-05-28 06:15:00+00:00,usdjpy,109.8695,109.9005,109.8575,109.86
2021-05-28 06:30:00+00:00,usdjpy,109.8705,109.8835,109.8555,109.869
2021-05-28 06:45:00+00:00,usdjpy,109.8935,109.944,109.8665,109.87
2021-05-28 07:00:00+00:00,usdjpy,109.8975,109.9525,109.8825,109.893
2021-05-28 07:15:00+00:00,usdjpy,109.8965,109.9575,109.8915,109.8965
2021-05-28 07:30:00+00:00,usdjpy,109.8945,109.9055,109.8745,109.897
2021-05-28 07:45:00+00:00,usdjpy,109.893,109.9125,109.866,109.894
2021-05-28 08:00:00+00:00,usdjpy,109.8395,109.8965,109.8255,109.8925
2021-05-28 08:15:00+00:00,usdjpy,109.8455,109.8645,109.8315,109.84
2021-05-28 08:30:00+00:00,usdjpy,109.814,109.857,109.8065,109.846
2021-05-28 08:45:00+00:00,usdjpy,109.8475,109.85,109.7975,109.8145
2021-05-28 09:00:00+00:00,usdjpy,109.8295,109.8715,109.8295,109.8485
2021-05-28 09:15:00+00:00,usdjpy,109.8665,109.871,109.8205,109.83
2021-05-28 09:30:00+00:00,usdjpy,109.8805,109.8935,109.8625,109.866
2021-05-28 09:45:00+00:00,usdjpy,109.8935,109.9045,109.8645,109.881
2021-05-28 10:00:00+00:00,usdjpy,109.8765,109.8995,109.856,109.8945
2021-05-28 10:15:00+00:00,usdjpy,109.8715,109.876,109.8525,109.876
2021-05-28 10:30:00+00:00,usdjpy,109.8955,109.9035,109.8635,109.871
2021-05-28 10:45:00+00:00,usdjpy,109.9265,109.9275,109.8945,109.8945
2021-05-28 11:00:00+00:00,usdjpy,109.9465,109.9535,109.9175,109.9255
2021-05-28 11:15:00+00:00,usdjpy,109.9725,109.9955,109.9475,109.9475
2021-05-28 11:30:00+00:00,usdjpy,109.9965,109.9975,109.9655,109.9735
2021-05-28 11:45:00+00:00,usdjpy,110.0435,110.083,109.9815,109.9975
2021-05-28 12:00:00+00:00,usdjpy,110.0725,110.0805,110.0225,110.0475
2021-05-28 12:15:00+00:00,usdjpy,110.086,110.0975,110.0385,110.072
2021-05-28 12:30:00+00:00,usdjpy,110.0905,110.1085,109.968,110.085
2021-05-28 12:45:00+00:00,usdjpy,110.1965,110.1995,110.0865,110.0895
2021-05-28 13:00:00+00:00,usdjpy,110.1345,110.2005,110.1215,110.197
2021-05-28 13:15:00+00:00,usdjpy,110.1405,110.1835,110.1325,110.1335
2021-05-28 13:30:00+00:00,usdjpy,110.0485,110.1425,110.0,110.14
2021-05-28 13:45:00+00:00,usdjpy,110.0015,110.0585,109.9745,110.048
2021-05-28 14:00:00+00:00,usdjpy,109.9625,110.0315,109.9625,110.0025
2021-05-28 14:15:00+00:00,usdjpy,109.9945,110.0015,109.9205,109.962
2021-05-28 14:30:00+00:00,usdjpy,109.9405,110.0445,109.9215,109.995
2021-05-28 14:45:00+00:00,usdjpy,109.9725,110.0155,109.9115,109.9395
2021-05-28 15:00:00+00:00,usdjpy,109.9405,109.9905,109.9175,109.9715
2021-05-28 15:15:00+00:00,usdjpy,109.9105,109.9815,109.9105,109.94
2021-05-28 15:30:00+00:00,usdjpy,109.8745,109.911,109.8525,109.911
2021-05-28 15:45:00+00:00,usdjpy,109.8495,109.8785,109.8145,109.8735
2021-05-28 16:00:00+00:00,usdjpy,109.8345,109.849,109.8125,109.849
2021-05-28 16:15:00+00:00,usdjpy,109.8135,109.8345,109.766,109.8335
2021-05-28 16:30:00+00:00,usdjpy,109.7955,109.8385,109.7945,109.814
2021-05-28 16:45:00+00:00,usdjpy,109.7785,109.8255,109.7785,109.7945
2021-05-28 17:00:00+00:00,usdjpy,109.7905,109.8015,109.7655,109.778
2021-05-28 17:15:00+00:00,usdjpy,109.7715,109.7905,109.7635,109.7895
2021-05-28 17:30:00+00:00,usdjpy,109.7725,109.7805,109.745,109.772
2021-05-28 17:45:00+00:00,usdjpy,109.7905,109.7995,109.7695,109.772
2021-05-28 18:00:00+00:00,usdjpy,109.8265,109.8365,109.7775,109.79
2021-05-28 18:15:00+00:00,usdjpy,109.8085,109.826,109.7985,109.826
2021-05-28 18:30:00+00:00,usdjpy,109.8065,109.8175,109.8035,109.809
2021-05-28 18:45:00+00:00,usdjpy,109.8095,109.8205,109.7935,109.806
2021-05-28 19:00:00+00:00,usdjpy,109.7965,109.8105,109.7825,109.81
2021-05-28 19:15:00+00:00,usdjpy,109.8075,109.8095,109.7835,109.796
2021-05-28 19:30:00+00:00,usdjpy,109.8155,109.8155,109.7985,109.807
2021-05-28 19:45:00+00:00,usdjpy,109.8465,109.8485,109.8075,109.816
2021-05-28 20:00:00+00:00,usdjpy,109.856,109.8585,109.8315,109.8475
2021-05-28 20:15:00+00:00,usdjpy,109.8465,109.8555,109.8395,109.8555
2021-05-28 20:30:00+00:00,usdjpy,109.8445,109.853,109.8415,109.847
2021-05-28 20:45:00+00:00,usdjpy,109.8545,109.8805,109.826,109.845
2021-05-30 21:00:00+00:00,usdjpy,109.8365,109.8525,109.8245,109.8285
2021-05-30 21:15:00+00:00,usdjpy,109.8275,109.8545,109.82,109.8355
2021-05-30 21:30:00+00:00,usdjpy,109.8225,109.836,109.8215,109.8265
2021-05-30 21:45:00+00:00,usdjpy,109.8355,109.8355,109.8185,109.8235
2021-05-30 22:00:00+00:00,usdjpy,109.8375,109.8635,109.8315,109.835
2021-05-30 22:15:00+00:00,usdjpy,109.865,109.8725,109.8375,109.8385
2021-05-30 22:30:00+00:00,usdjpy,109.8565,109.8725,109.8525,109.8645
2021-05-30 22:45:00+00:00,usdjpy,109.87,109.8715,109.8505,109.857
2021-05-30 23:00:00+00:00,usdjpy,109.8755,109.8805,109.8635,109.8695
2021-05-30 23:15:00+00:00,usdjpy,109.864,109.8765,109.8585,109.876
2021-05-30 23:30:00+00:00,usdjpy,109.88,109.881,109.8645,109.8645
2021-05-30 23:45:00+00:00,usdjpy,109.9105,109.9355,109.8795,109.8795
2021-05-31 00:00:00+00:00,usdjpy,109.921,109.9355,109.908,109.911
2021-05-31 00:15:00+00:00,usdjpy,109.9235,109.9255,109.896,109.9215
2021-05-31 00:30:00+00:00,usdjpy,109.9115,109.933,109.9045,109.924
2021-05-31 00:45:00+00:00,usdjpy,109.7675,109.9115,109.7425,109.911
2021-05-31 01:00:00+00:00,usdjpy,109.7175,109.821,109.699,109.768
2021-05-31 01:15:00+00:00,usdjpy,109.6785,109.7175,109.652,109.717
2021-05-31 01:30:00+00:00,usdjpy,109.7225,109.7255,109.6785,109.679
2021-05-31 01:45:00+00:00,usdjpy,109.715,109.726,109.7015,109.7215
2021-05-31 02:00:00+00:00,usdjpy,109.6815,109.7245,109.6755,109.7155
2021-05-31 02:15:00+00:00,usdjpy,109.6635,109.6995,109.6575,109.682
2021-05-31 02:30:00+00:00,usdjpy,109.6575,109.6655,109.6375,109.6645
2021-05-31 02:45:00+00:00,usdjpy,109.652,109.6585,109.6425,109.657
2021-05-31 03:00:00+00:00,usdjpy,109.6595,109.6655,109.6435,109.6525
2021-05-31 03:15:00+00:00,usdjpy,109.668,109.6845,109.6585,109.66
2021-05-31 03:30:00+00:00,usdjpy,109.6825,109.6835,109.653,109.6675
2021-05-31 03:45:00+00:00,usdjpy,109.6905,109.6925,109.6755,109.682
2021-05-31 04:00:00+00:00,usdjpy,109.668,109.6925,109.668,109.691
2021-05-31 04:15:00+00:00,usdjpy,109.678,109.6865,109.6655,109.6675
2021-05-31 04:30:00+00:00,usdjpy,109.6555,109.6775,109.6515,109.6775
2021-05-31 04:45:00+00:00,usdjpy,109.6675,109.6715,109.6435,109.655
2021-05-31 05:00:00+00:00,usdjpy,109.6685,109.6765,109.6635,109.6665
2021-05-31 05:15:00+00:00,usdjpy,109.6685,109.6725,109.6485,109.6675
2021-05-31 05:30:00+00:00,usdjpy,109.7105,109.7115,109.6595,109.669
2021-05-31 05:45:00+00:00,usdjpy,109.7415,109.7535,109.7105,109.711
2021-05-31 06:00:00+00:00,usdjpy,109.746,109.7625,109.7345,109.741
2021-05-31 06:15:00+00:00,usdjpy,109.7345,109.7545,109.7265,109.7455
2021-05-31 06:30:00+00:00,usdjpy,109.7935,109.7945,109.7315,109.7355
2021-05-31 06:45:00+00:00,usdjpy,109.7585,109.7965,109.752,109.7945
2021-05-31 07:00:00+00:00,usdjpy,109.714,109.7635,109.7095,109.758
2021-05-31 07:15:00+00:00,usdjpy,109.7175,109.7345,109.6995,109.7135
2021-05-31 07:30:00+00:00,usdjpy,109.6815,109.7265,109.6635,109.718
2021-05-31 07:45:00+00:00,usdjpy,109.7145,109.7295,109.6795,109.6805
2021-05-31 08:00:00+00:00,usdjpy,109.7235,109.749,109.7135,109.715
2021-05-31 08:15:00+00:00,usdjpy,109.712,109.723,109.6925,109.723
2021-05-31 08:30:00+00:00,usdjpy,109.6995,109.7175,109.6715,109.7125
2021-05-31 08:45:00+00:00,usdjpy,109.6645,109.7285,109.6635,109.6985
2021-05-31 09:00:00+00:00,usdjpy,109.6885,109.6985,109.6415,109.665
2021-05-31 09:15:00+00:00,usdjpy,109.6955,109.6985,109.6555,109.688
2021-05-31 09:30:00+00:00,usdjpy,109.6905,109.7065,109.6665,109.6965
2021-05-31 09:45:00+00:00,usdjpy,109.712,109.7165,109.6735,109.6915
2021-05-31 10:00:00+00:00,usdjpy,109.7225,109.7305,109.7075,109.7115
2021-05-31 10:15:00+00:00,usdjpy,109.699,109.723,109.6855,109.723
2021-05-31 10:30:00+00:00,usdjpy,109.6875,109.6995,109.6675,109.6995
2021-05-31 10:45:00+00:00,usdjpy,109.6775,109.693,109.6725,109.688
2021-05-31 11:00:00+00:00,usdjpy,109.6875,109.6925,109.6765,109.6785
2021-05-31 11:15:00+00:00,usdjpy,109.6825,109.693,109.6805,109.687
2021-05-31 11:30:00+00:00,usdjpy,109.6565,109.6835,109.6565,109.682
2021-06-01 02:00:00+00:00,usdjpy,109.3955,109.3965,109.3785,109.392
2021-06-01 02:15:00+00:00,usdjpy,109.4115,109.4155,109.3885,109.396
2021-06-01 02:30:00+00:00,usdjpy,109.4175,109.4435,109.407,109.412
2021-06-01 02:45:00+00:00,usdjpy,109.3925,109.417,109.392,109.417
2021-06-01 03:00:00+00:00,usdjpy,109.4355,109.4475,109.3915,109.3935
2021-06-01 03:15:00+00:00,usdjpy,109.4425,109.4625,109.434,109.435
2021-06-01 03:30:00+00:00,usdjpy,109.4415,109.4465,109.4285,109.443
2021-06-01 03:45:00+00:00,usdjpy,109.4495,109.467,109.4415,109.4425
2021-06-01 04:00:00+00:00,usdjpy,109.4465,109.4855,109.4435,109.4475
2021-06-01 04:15:00+00:00,usdjpy,109.472,109.4735,109.447,109.447
2021-06-01 04:30:00+00:00,usdjpy,109.4895,109.5025,109.4635,109.4725
2021-06-01 04:45:00+00:00,usdjpy,109.5135,109.5165,109.4835,109.489
2021-06-01 05:00:00+00:00,usdjpy,109.4745,109.5265,109.4675,109.513
2021-06-01 05:15:00+00:00,usdjpy,109.4895,109.4935,109.4695,109.475
2021-06-01 05:30:00+00:00,usdjpy,109.521,109.5345,109.4875,109.4905
2021-06-01 05:45:00+00:00,usdjpy,109.4725,109.5225,109.4725,109.5205
2021-06-01 06:00:00+00:00,usdjpy,109.482,109.4835,109.4395,109.473
2021-06-01 06:15:00+00:00,usdjpy,109.427,109.4965,109.419,109.4825
2021-06-01 06:30:00+00:00,usdjpy,109.4535,109.4665,109.4255,109.4275
2021-06-01 06:45:00+00:00,usdjpy,109.478,109.4835,109.4485,109.454
2021-06-01 07:00:00+00:00,usdjpy,109.5135,109.5405,109.4705,109.4775
2021-06-01 07:15:00+00:00,usdjpy,109.4525,109.5135,109.4315,109.5125
2021-06-01 07:30:00+00:00,usdjpy,109.4925,109.5005,109.4285,109.452
2021-06-01 07:45:00+00:00,usdjpy,109.488,109.519,109.4585,109.4935
2021-06-01 08:00:00+00:00,usdjpy,109.5875,109.5935,109.4875,109.4885
2021-06-01 08:15:00+00:00,usdjpy,109.621,109.6425,109.5765,109.594
2021-06-01 08:30:00+00:00,usdjpy,109.5845,109.6435,109.5735,109.6215
2021-06-01 08:45:00+00:00,usdjpy,109.577,109.6025,109.5585,109.585
2021-06-01 09:00:00+00:00,usdjpy,109.5895,109.6035,109.562,109.5775
2021-06-01 09:15:00+00:00,usdjpy,109.561,109.5985,109.5605,109.5905
2021-06-01 09:30:00+00:00,usdjpy,109.6045,109.6145,109.5585,109.5605
2021-06-01 09:45:00+00:00,usdjpy,109.6015,109.6075,109.5715,109.605
2021-06-01 10:00:00+00:00,usdjpy,109.6535,109.6805,109.6015,109.6025
2021-06-01 10:15:00+00:00,usdjpy,109.6135,109.6565,109.6085,109.6545
2021-06-01 10:30:00+00:00,usdjpy,109.6065,109.621,109.5695,109.614
2021-06-01 10:45:00+00:00,usdjpy,109.5885,109.6075,109.5605,109.6075
2021-06-01 11:00:00+00:00,usdjpy,109.6155,109.6315,109.5805,109.588
2021-06-01 11:15:00+00:00,usdjpy,109.6025,109.6245,109.5935,109.615
2021-06-01 11:30:00+00:00,usdjpy,109.6205,109.6215,109.581,109.603
2021-06-01 11:45:00+00:00,usdjpy,109.6315,109.6575,109.6215,109.6215
2021-06-01 12:00:00+00:00,usdjpy,109.654,109.6685,109.6185,109.632
2021-06-01 12:15:00+00:00,usdjpy,109.6525,109.6845,109.635,109.6545
2021-06-01 12:30:00+00:00,usdjpy,109.681,109.7085,109.6525,109.653
2021-06-01 12:45:00+00:00,usdjpy,109.6445,109.7045,109.6315,109.6815
2021-06-01 13:00:00+00:00,usdjpy,109.5845,109.6705,109.5835,109.6435
2021-06-01 13:15:00+00:00,usdjpy,109.4935,109.5975,109.4935,109.5835
2021-06-01 13:30:00+00:00,usdjpy,109.564,109.5725,109.492,109.494
2021-06-01 13:45:00+00:00,usdjpy,109.543,109.5985,109.5375,109.565
2021-06-01 14:00:00+00:00,usdjpy,109.4425,109.5785,109.4265,109.5435
2021-06-01 14:15:00+00:00,usdjpy,109.388,109.4715,109.3835,109.4415
2021-06-01 14:30:00+00:00,usdjpy,109.392,109.4125,109.3415,109.391
2021-06-01 14:45:00+00:00,usdjpy,109.4185,109.444,109.3685,109.3925
2021-06-01 15:00:00+00:00,usdjpy,109.3735,109.4345,109.3735,109.4175
2021-06-01 15:15:00+00:00,usdjpy,109.4125,109.4265,109.3675,109.3725
2021-06-01 15:30:00+00:00,usdjpy,109.4115,109.4255,109.3935,109.4115
2021-06-01 15:45:00+00:00,usdjpy,109.4325,109.4325,109.4005,109.412
2021-06-01 16:00:00+00:00,usdjpy,109.428,109.4465,109.4155,109.433
2021-06-01 16:15:00+00:00,usdjpy,109.4605,109.4625,109.4135,109.4275
2021-06-01 16:30:00+00:00,usdjpy,109.4605,109.4765,109.4485,109.46
2021-06-01 16:45:00+00:00,usdjpy,109.4375,109.4615,109.4305,109.4615
2021-06-01 17:00:00+00:00,usdjpy,109.4385,109.439,109.4145,109.437
2021-06-01 17:15:00+00:00,usdjpy,109.4565,109.4575,109.4245,109.438
2021-06-01 17:30:00+00:00,usdjpy,109.4175,109.4565,109.4175,109.456
2021-06-01 17:45:00+00:00,usdjpy,109.408,109.4175,109.402,109.4165
2021-06-01 18:00:00+00:00,usdjpy,109.4015,109.414,109.3925,109.4075
2021-06-01 18:15:00+00:00,usdjpy,109.3995,109.407,109.3925,109.4005
2021-06-01 18:30:00+00:00,usdjpy,109.3975,109.4055,109.3905,109.399
2021-06-01 18:45:00+00:00,usdjpy,109.4235,109.4275,109.3945,109.398
2021-06-01 19:00:00+00:00,usdjpy,109.4715,109.474,109.4165,109.4245
2021-06-01 19:15:00+00:00,usdjpy,109.4845,109.4855,109.4625,109.4725
2021-06-01 19:30:00+00:00,usdjpy,109.472,109.4865,109.4645,109.4835
2021-06-01 19:45:00+00:00,usdjpy,109.4865,109.4865,109.4315,109.4725
2021-06-01 20:00:00+00:00,usdjpy,109.4815,109.4945,109.4675,109.486
2021-06-01 20:15:00+00:00,usdjpy,109.4895,109.4965,109.4705,109.4805
2021-06-01 20:30:00+00:00,usdjpy,109.4905,109.5035,109.4865,109.49
2021-06-01 20:45:00+00:00,usdjpy,109.4785,109.5005,109.4755,109.49
2021-06-01 21:00:00+00:00,usdjpy,109.4985,109.5015,109.4755,109.479
2021-06-01 21:15:00+00:00,usdjpy,109.4565,109.5005,109.4255,109.4945
2021-06-01 21:30:00+00:00,usdjpy,109.48,109.4885,109.4505,109.458
2021-06-01 21:45:00+00:00,usdjpy,109.4695,109.4835,109.4535,109.4805
2021-06-01 22:00:00+00:00,usdjpy,109.4895,109.4935,109.4705,109.4705
2021-06-01 22:15:00+00:00,usdjpy,109.4855,109.4905,109.4825,109.4905
2021-06-01 22:30:00+00:00,usdjpy,109.4785,109.4855,109.4725,109.4845
2021-06-01 22:45:00+00:00,usdjpy,109.4715,109.4805,109.467,109.478
2021-06-01 23:00:00+00:00,usdjpy,109.4715,109.479,109.4555,109.472
2021-06-01 23:15:00+00:00,usdjpy,109.4895,109.4895,109.471,109.471
2021-06-01 23:30:00+00:00,usdjpy,109.5095,109.5095,109.4835,109.489
2021-06-01 23:45:00+00:00,usdjpy,109.497,109.5095,109.4815,109.509
2021-06-02 00:00:00+00:00,usdjpy,109.5435,109.5545,109.4825,109.4965
2021-06-02 00:15:00+00:00,usdjpy,109.5495,109.563,109.5295,109.543
2021-06-02 00:30:00+00:00,usdjpy,109.555,109.5715,109.5215,109.5505
2021-06-02 00:45:00+00:00,usdjpy,109.6275,109.6445,109.555,109.5555
2021-06-02 01:00:00+00:00,usdjpy,109.6395,109.6585,109.6065,109.627
2021-06-02 01:15:00+00:00,usdjpy,109.6065,109.643,109.5875,109.639
2021-06-02 01:30:00+00:00,usdjpy,109.5815,109.6185,109.5765,109.607
2021-06-02 01:45:00+00:00,usdjpy,109.6045,109.608,109.5715,109.582
2021-06-02 02:00:00+00:00,usdjpy,109.609,109.6175,109.5895,109.605
2021-06-02 02:15:00+00:00,usdjpy,109.6175,109.628,109.602,109.6085
2021-06-02 02:30:00+00:00,usdjpy,109.6075,109.6185,109.6015,109.6165
2021-06-02 02:45:00+00:00,usdjpy,109.6075,109.6205,109.6075,109.6085
2021-06-02 03:00:00+00:00,usdjpy,109.6095,109.6145,109.5865,109.608
2021-06-02 03:15:00+00:00,usdjpy,109.6235,109.627,109.603,109.61
2021-06-02 03:30:00+00:00,usdjpy,109.637,109.6395,109.6195,109.624
2021-06-02 03:45:00+00:00,usdjpy,109.6225,109.6455,109.6215,109.6375
2021-06-02 04:00:00+00:00,usdjpy,109.6125,109.6315,109.6045,109.6215
2021-06-02 04:15:00+00:00,usdjpy,109.6395,109.6455,109.605,109.612
2021-06-02 04:30:00+00:00,usdjpy,109.6685,109.6685,109.6305,109.6385
2021-06-02 04:45:00+00:00,usdjpy,109.6935,109.7005,109.6665,109.669
2021-06-02 05:00:00+00:00,usdjpy,109.719,109.7215,109.6705,109.693
2021-06-02 05:15:00+00:00,usdjpy,109.7175,109.7285,109.6985,109.7195
2021-06-02 05:30:00+00:00,usdjpy,109.6955,109.7285,109.6875,109.718
2021-06-02 05:45:00+00:00,usdjpy,109.7145,109.715,109.6675,109.6965
2021-06-02 06:00:00+00:00,usdjpy,109.729,109.7475,109.7105,109.715
2021-06-02 06:15:00+00:00,usdjpy,109.7155,109.747,109.7075,109.7295
2021-06-02 06:30:00+00:00,usdjpy,109.7535,109.7765,109.7135,109.715
2021-06-02 06:45:00+00:00,usdjpy,109.7365,109.7655,109.735,109.753
2021-06-02 07:00:00+00:00,usdjpy,109.751,109.7815,109.7325,109.736
2021-06-02 07:15:00+00:00,usdjpy,109.7335,109.7535,109.6965,109.75
2021-06-02 07:30:00+00:00,usdjpy,109.7075,109.7395,109.684,109.733
2021-06-02 07:45:00+00:00,usdjpy,109.7735,109.7855,109.707,109.708
2021-06-02 08:00:00+00:00,usdjpy,109.7675,109.8055,109.7505,109.7725
2021-06-02 08:15:00+00:00,usdjpy,109.7945,109.809,109.7675,109.768
2021-06-02 08:30:00+00:00,usdjpy,109.8365,109.8505,109.7855,109.794
2021-06-02 08:45:00+00:00,usdjpy,109.8565,109.8855,109.832,109.837
2021-06-02 09:00:00+00:00,usdjpy,109.8515,109.8715,109.8285,109.8555
2021-06-02 09:15:00+00:00,usdjpy,109.8385,109.8635,109.8205,109.8525
2021-06-02 09:30:00+00:00,usdjpy,109.8225,109.8755,109.8175,109.8395
2021-06-02 09:45:00+00:00,usdjpy,109.7775,109.8235,109.7765,109.8235
2021-06-02 10:00:00+00:00,usdjpy,109.7915,109.8175,109.7665,109.778
2021-06-02 10:15:00+00:00,usdjpy,109.8185,109.8345,109.7885,109.7925
2021-06-02 10:30:00+00:00,usdjpy,109.8345,109.8415,109.8085,109.8195
2021-06-02 10:45:00+00:00,usdjpy,109.8535,109.8615,109.8305,109.8355
2021-06-02 11:00:00+00:00,usdjpy,109.8665,109.8705,109.8315,109.8545
2021-06-02 11:15:00+00:00,usdjpy,109.8845,109.8845,109.8465,109.8655
2021-06-02 11:30:00+00:00,usdjpy,109.8065,109.884,109.7985,109.884
2021-06-02 11:45:00+00:00,usdjpy,109.7905,109.8205,109.7885,109.806
2021-06-02 12:00:00+00:00,usdjpy,109.7325,109.7975,109.7005,109.791
2021-06-02 12:15:00+00:00,usdjpy,109.7005,109.7545,109.6875,109.733
2021-06-02 12:30:00+00:00,usdjpy,109.729,109.7425,109.6865,109.7015
2021-06-02 12:45:00+00:00,usdjpy,109.73,109.7485,109.6945,109.7275
2021-06-02 13:00:00+00:00,usdjpy,109.7245,109.7435,109.7145,109.7295
2021-06-02 13:15:00+00:00,usdjpy,109.7365,109.7525,109.7175,109.724
2021-06-02 13:30:00+00:00,usdjpy,109.6455,109.76,109.6245,109.7375
2021-06-02 13:45:00+00:00,usdjpy,109.662,109.668,109.6245,109.6465
2021-06-02 14:00:00+00:00,usdjpy,109.6805,109.6965,109.662,109.662
2021-06-02 14:15:00+00:00,usdjpy,109.6625,109.6965,109.6515,109.678
2021-06-02 14:30:00+00:00,usdjpy,109.6575,109.6985,109.6365,109.6635
2021-06-02 14:45:00+00:00,usdjpy,109.6225,109.6585,109.6165,109.657
2021-06-02 15:00:00+00:00,usdjpy,109.6005,109.6415,109.5945,109.6235
2021-06-02 15:15:00+00:00,usdjpy,109.6115,109.6225,109.5655,109.5995
2021-06-02 15:30:00+00:00,usdjpy,109.5975,109.6265,109.5835,109.611
2021-06-02 15:45:00+00:00,usdjpy,109.6025,109.6085,109.5845,109.597
2021-06-02 16:00:00+00:00,usdjpy,109.5925,109.606,109.5875,109.602
2021-06-02 16:15:00+00:00,usdjpy,109.6075,109.6085,109.5785,109.5915
2021-06-02 16:30:00+00:00,usdjpy,109.616,109.6215,109.5895,109.607
2021-06-02 16:45:00+00:00,usdjpy,109.6255,109.6295,109.6035,109.6155
2021-06-02 17:00:00+00:00,usdjpy,109.6255,109.6305,109.6135,109.626
2021-06-02 17:15:00+00:00,usdjpy,109.6165,109.6385,109.6145,109.625
2021-06-02 17:30:00+00:00,usdjpy,109.5965,109.6235,109.5925,109.617
2021-06-02 17:45:00+00:00,usdjpy,109.5665,109.5995,109.5645,109.596
2021-06-02 18:00:00+00:00,usdjpy,109.5415,109.5755,109.5335,109.567
2021-06-02 18:15:00+00:00,usdjpy,109.5385,109.5435,109.5295,109.541
2021-06-02 18:30:00+00:00,usdjpy,109.567,109.5675,109.5365,109.539
2021-06-02 18:45:00+00:00,usdjpy,109.5665,109.5735,109.5535,109.5665
2021-06-02 19:00:00+00:00,usdjpy,109.5715,109.5855,109.5645,109.567
2021-06-02 19:15:00+00:00,usdjpy,109.5655,109.574,109.558,109.571
2021-06-02 19:30:00+00:00,usdjpy,109.5635,109.5685,109.5595,109.565
2021-06-02 19:45:00+00:00,usdjpy,109.5505,109.563,109.5325,109.563
2021-06-02 20:00:00+00:00,usdjpy,109.554,109.5675,109.5455,109.5515
2021-06-02 20:15:00+00:00,usdjpy,109.5665,109.5675,109.5545,109.5545
2021-06-02 20:30:00+00:00,usdjpy,109.5745,109.5825,109.5565,109.567
2021-06-02 20:45:00+00:00,usdjpy,109.5505,109.5765,109.5455,109.574
2021-06-02 21:00:00+00:00,usdjpy,109.566,109.575,109.5505,109.5625
2021-06-02 21:15:00+00:00,usdjpy,109.5575,109.5685,109.5515,109.5645
2021-06-02 21:30:00+00:00,usdjpy,109.5665,109.5685,109.555,109.5565
2021-06-02 21:45:00+00:00,usdjpy,109.566,109.5675,109.5605,109.5675
2021-06-02 22:00:00+00:00,usdjpy,109.5725,109.5765,109.5545,109.5665
2021-06-02 22:15:00+00:00,usdjpy,109.5785,109.5785,109.5655,109.5715
2021-06-02 22:30:00+00:00,usdjpy,109.5785,109.5795,109.5715,109.579
2021-06-02 22:45:00+00:00,usdjpy,109.5895,109.6095,109.5775,109.578
2021-06-02 23:00:00+00:00,usdjpy,109.5945,109.5955,109.5785,109.589
2021-06-02 23:15:00+00:00,usdjpy,109.5925,109.5955,109.5815,109.5955
2021-06-02 23:30:00+00:00,usdjpy,109.6065,109.616,109.5865,109.592
2021-06-02 23:45:00+00:00,usdjpy,109.5975,109.609,109.5885,109.606
2021-06-03 00:00:00+00:00,usdjpy,109.6395,109.6415,109.5885,109.5965
2021-06-03 00:15:00+00:00,usdjpy,109.6345,109.6515,109.628,109.639
2021-06-03 00:30:00+00:00,usdjpy,109.6015,109.6475,109.5925,109.634
2021-06-03 00:45:00+00:00,usdjpy,109.6125,109.6215,109.5695,109.602
2021-06-03 01:00:00+00:00,usdjpy,109.666,109.6925,109.6055,109.613
2021-06-03 01:15:00+00:00,usdjpy,109.6295,109.6815,109.6235,109.6665
2021-06-03 01:30:00+00:00,usdjpy,109.6225,109.6415,109.6105,109.6285
2021-06-03 01:45:00+00:00,usdjpy,109.6525,109.6645,109.6225,109.623
2021-06-03 02:00:00+00:00,usdjpy,109.651,109.6655,109.6425,109.653
2021-06-03 02:15:00+00:00,usdjpy,109.6495,109.6565,109.6375,109.6505
2021-06-03 02:30:00+00:00,usdjpy,109.69,109.6925,109.6475,109.6485
2021-06-03 02:45:00+00:00,usdjpy,109.6805,109.6915,109.6595,109.6895
2021-06-03 03:00:00+00:00,usdjpy,109.6845,109.6945,109.6755,109.681
2021-06-03 03:15:00+00:00,usdjpy,109.6665,109.6905,109.6585,109.6835
2021-06-03 03:30:00+00:00,usdjpy,109.6815,109.6825,109.6645,109.666
2021-06-03 03:45:00+00:00,usdjpy,109.6795,109.6825,109.6705,109.682
2021-06-03 04:00:00+00:00,usdjpy,109.6825,109.6925,109.677,109.68
2021-06-03 04:15:00+00:00,usdjpy,109.7005,109.7015,109.681,109.682
2021-06-03 04:30:00+00:00,usdjpy,109.7055,109.7265,109.6945,109.7015
2021-06-03 04:45:00+00:00,usdjpy,109.7175,109.7185,109.693,109.7045
2021-06-03 05:00:00+00:00,usdjpy,109.7275,109.736,109.7165,109.717
2021-06-03 05:15:00+00:00,usdjpy,109.735,109.7435,109.7185,109.7285
2021-06-03 05:30:00+00:00,usdjpy,109.7665,109.7725,109.735,109.7355
2021-06-03 05:45:00+00:00,usdjpy,109.7685,109.7775,109.7515,109.767
2021-06-03 06:00:00+00:00,usdjpy,109.7725,109.7785,109.7555,109.769
2021-06-03 07:00:00+00:00,usdjpy,109.7915,109.8165,109.781,109.7955
2021-06-03 07:15:00+00:00,usdjpy,109.7435,109.8015,109.7425,109.793
2021-06-03 07:30:00+00:00,usdjpy,109.774,109.7965,109.7395,109.744
2021-06-03 07:45:00+00:00,usdjpy,109.8355,109.84,109.7745,109.7745
2021-06-03 08:00:00+00:00,usdjpy,109.8105,109.8465,109.8015,109.836
2021-06-03 08:15:00+00:00,usdjpy,109.7945,109.8205,109.779,109.8115
2021-06-03 08:30:00+00:00,usdjpy,109.7795,109.802,109.7535,109.7935
2021-06-03 08:45:00+00:00,usdjpy,109.793,109.8175,109.7425,109.78
2021-06-03 09:00:00+00:00,usdjpy,109.7735,109.8025,109.7625,109.7935
2021-06-03 09:15:00+00:00,usdjpy,109.7695,109.7775,109.7385,109.774
2021-06-03 09:30:00+00:00,usdjpy,109.7845,109.7855,109.7545,109.77
2021-06-03 09:45:00+00:00,usdjpy,109.7645,109.811,109.7635,109.7855
2021-06-03 10:00:00+00:00,usdjpy,109.6635,109.7695,109.6265,109.765
2021-06-03 10:15:00+00:00,usdjpy,109.6955,109.7085,109.667,109.6725
2021-06-03 10:30:00+00:00,usdjpy,109.7245,109.7545,109.6855,109.6965
2021-06-03 10:45:00+00:00,usdjpy,109.7645,109.7665,109.722,109.725
2021-06-03 11:00:00+00:00,usdjpy,109.7525,109.781,109.7325,109.765
2021-06-03 11:15:00+00:00,usdjpy,109.8075,109.8095,109.7455,109.7515
2021-06-03 11:30:00+00:00,usdjpy,109.772,109.821,109.7625,109.808
2021-06-03 11:45:00+00:00,usdjpy,109.7975,109.808,109.768,109.7715
2021-06-03 12:00:00+00:00,usdjpy,109.7955,109.8095,109.7665,109.7985
2021-06-03 12:15:00+00:00,usdjpy,109.9165,109.929,109.786,109.7965
2021-06-03 12:30:00+00:00,usdjpy,109.9655,109.983,109.912,109.9155
2021-06-03 12:45:00+00:00,usdjpy,109.904,109.969,109.8865,109.9555
2021-06-03 13:00:00+00:00,usdjpy,109.9695,109.9765,109.9035,109.905
2021-06-03 13:15:00+00:00,usdjpy,109.987,109.999,109.933,109.97
2021-06-03 13:30:00+00:00,usdjpy,110.0625,110.0875,109.9705,109.99
2021-06-03 13:45:00+00:00,usdjpy,110.078,110.1095,110.062,110.062
2021-06-03 14:00:00+00:00,usdjpy,110.1325,110.1615,110.0775,110.0775
2021-06-03 14:15:00+00:00,usdjpy,110.072,110.1475,110.0615,110.1315
2021-06-03 14:30:00+00:00,usdjpy,110.1525,110.1655,110.0415,110.0715
2021-06-03 14:45:00+00:00,usdjpy,110.1565,110.1745,110.1145,110.1535
2021-06-03 15:00:00+00:00,usdjpy,110.1725,110.1735,110.1295,110.157
2021-06-03 15:15:00+00:00,usdjpy,110.194,110.2195,110.146,110.1735
2021-06-03 15:30:00+00:00,usdjpy,110.2115,110.2115,110.1515,110.1945
2021-06-03 15:45:00+00:00,usdjpy,110.2415,110.25,110.1995,110.212
2021-06-03 16:00:00+00:00,usdjpy,110.2495,110.3145,110.2315,110.232
2021-06-03 16:15:00+00:00,usdjpy,110.2765,110.3095,110.2385,110.2395
2021-06-03 16:30:00+00:00,usdjpy,110.2785,110.3165,110.2545,110.277
2021-06-03 16:45:00+00:00,usdjpy,110.2765,110.3035,110.2575,110.278
2021-06-03 17:00:00+00:00,usdjpy,110.2595,110.3035,110.2515,110.277
2021-06-03 17:15:00+00:00,usdjpy,110.2605,110.2735,110.251,110.26
2021-06-03 17:30:00+00:00,usdjpy,110.2585,110.2705,110.2395,110.261
2021-06-03 17:45:00+00:00,usdjpy,110.2715,110.2985,110.2515,110.2575
2021-06-03 18:00:00+00:00,usdjpy,110.288,110.2955,110.2705,110.2725
2021-06-03 18:15:00+00:00,usdjpy,110.2945,110.3005,110.2835,110.2885
2021-06-03 18:30:00+00:00,usdjpy,110.271,110.2955,110.2605,110.2955
2021-06-03 18:45:00+00:00,usdjpy,110.3045,110.3045,110.2475,110.2705
2021-06-03 19:00:00+00:00,usdjpy,110.2845,110.3105,110.2825,110.3035
2021-06-03 19:15:00+00:00,usdjpy,110.2715,110.287,110.265,110.284
2021-06-03 19:30:00+00:00,usdjpy,110.2785,110.2815,110.2485,110.2705
2021-06-03 19:45:00+00:00,usdjpy,110.273,110.299,110.254,110.278
2021-06-03 20:00:00+00:00,usdjpy,110.2895,110.308,110.2715,110.2725
2021-06-03 20:15:00+00:00,usdjpy,110.2905,110.2915,110.2785,110.289
2021-06-03 20:30:00+00:00,usdjpy,110.3015,110.3035,110.2895,110.29
2021-06-03 20:45:00+00:00,usdjpy,110.2905,110.323,110.289,110.302
2021-06-03 21:00:00+00:00,usdjpy,110.3115,110.3125,110.277,110.2905
2021-06-03 21:15:00+00:00,usdjpy,110.302,110.3145,110.2995,110.2995
2021-06-03 21:30:00+00:00,usdjpy,110.3005,110.3085,110.291,110.3025
2021-06-03 21:45:00+00:00,usdjpy,110.2985,110.3025,110.2945,110.3
2021-06-03 22:00:00+00:00,usdjpy,110.3225,110.3305,110.297,110.2995
2021-06-03 22:15:00+00:00,usdjpy,110.3175,110.3225,110.315,110.3215
2021-06-03 22:30:00+00:00,usdjpy,110.3085,110.3185,110.296,110.317
2021-06-03 22:45:00+00:00,usdjpy,110.298,110.3215,110.2955,110.3075
2021-06-03 23:00:00+00:00,usdjpy,110.2955,110.3025,110.289,110.2985
2021-06-03 23:15:00+00:00,usdjpy,110.289,110.3015,110.2885,110.296
2021-06-03 23:30:00+00:00,usdjpy,110.2595,110.2895,110.2585,110.2895
2021-06-03 23:45:00+00:00,usdjpy,110.2915,110.2925,110.247,110.259
2021-06-04 00:00:00+00:00,usdjpy,110.313,110.3295,110.2785,110.2925
2021-06-04 00:15:00+00:00,usdjpy,110.2615,110.3235,110.2465,110.3125
2021-06-04 00:30:00+00:00,usdjpy,110.2775,110.2975,110.2595,110.261
2021-06-04 00:45:00+00:00,usdjpy,110.2295,110.2885,110.1975,110.278
2021-06-04 01:00:00+00:00,usdjpy,110.194,110.2375,110.1735,110.23
2021-06-04 01:15:00+00:00,usdjpy,110.1615,110.1935,110.143,110.1935
2021-06-04 01:30:00+00:00,usdjpy,110.1665,110.1955,110.1585,110.161
2021-06-04 01:45:00+00:00,usdjpy,110.2175,110.2285,110.1665,110.167
2021-06-04 02:00:00+00:00,usdjpy,110.1835,110.2295,110.1635,110.218
2021-06-04 02:15:00+00:00,usdjpy,110.1865,110.2035,110.1495,110.183
2021-06-04 02:30:00+00:00,usdjpy,110.1835,110.2175,110.181,110.187
2021-06-04 02:45:00+00:00,usdjpy,110.1695,110.2055,110.1675,110.183
2021-06-04 03:00:00+00:00,usdjpy,110.1795,110.1945,110.1565,110.169
2021-06-04 03:15:00+00:00,usdjpy,110.2055,110.2085,110.1755,110.1805
2021-06-04 03:30:00+00:00,usdjpy,110.1975,110.2145,110.1905,110.205
2021-06-04 03:45:00+00:00,usdjpy,110.2335,110.234,110.1965,110.197
2021-06-04 04:00:00+00:00,usdjpy,110.2555,110.2605,110.2155,110.234
2021-06-04 04:15:00+00:00,usdjpy,110.2525,110.2615,110.2435,110.255
2021-06-04 04:30:00+00:00,usdjpy,110.2465,110.265,110.2385,110.2515
2021-06-04 04:45:00+00:00,usdjpy,110.2665,110.2735,110.2285,110.246
2021-06-04 05:00:00+00:00,usdjpy,110.2765,110.2775,110.2545,110.267
2021-06-04 05:15:00+00:00,usdjpy,110.258,110.285,110.2465,110.277
2021-06-04 05:30:00+00:00,usdjpy,110.2525,110.2585,110.234,110.2585
2021-06-04 05:45:00+00:00,usdjpy,110.2755,110.2835,110.2385,110.253
2021-06-04 06:00:00+00:00,usdjpy,110.2375,110.2815,110.224,110.2765
2021-06-04 06:15:00+00:00,usdjpy,110.2585,110.2605,110.226,110.2365
2021-06-04 06:30:00+00:00,usdjpy,110.2175,110.2725,110.2175,110.258
2021-06-04 06:45:00+00:00,usdjpy,110.2075,110.2265,110.207,110.218
2021-06-04 07:00:00+00:00,usdjpy,110.2005,110.2315,110.1775,110.2065
2021-06-04 07:15:00+00:00,usdjpy,110.1935,110.2035,110.1635,110.201
2021-06-04 07:30:00+00:00,usdjpy,110.1915,110.2005,110.175,110.193
2021-06-04 07:45:00+00:00,usdjpy,110.1895,110.2115,110.1665,110.1905
2021-06-04 08:00:00+00:00,usdjpy,110.1745,110.2015,110.156,110.1885
2021-06-04 08:15:00+00:00,usdjpy,110.1995,110.2055,110.1685,110.175
2021-06-04 08:30:00+00:00,usdjpy,110.1655,110.2015,110.1585,110.1985
2021-06-04 08:45:00+00:00,usdjpy,110.1435,110.1815,110.136,110.166
2021-06-04 09:00:00+00:00,usdjpy,110.1705,110.1795,110.1415,110.144
2021-06-04 09:15:00+00:00,usdjpy,110.1655,110.1785,110.1585,110.17
2021-06-04 09:30:00+00:00,usdjpy,110.1555,110.172,110.154,110.165
2021-06-04 09:45:00+00:00,usdjpy,110.1165,110.1555,110.1035,110.155
2021-06-04 10:00:00+00:00,usdjpy,110.1175,110.1295,110.1085,110.116
2021-06-04 10:15:00+00:00,usdjpy,110.141,110.1425,110.1045,110.118
2021-06-04 10:30:00+00:00,usdjpy,110.1435,110.147,110.1255,110.1415
2021-06-04 10:45:00+00:00,usdjpy,110.1425,110.1635,110.126,110.1445
2021-06-04 11:00:00+00:00,usdjpy,110.1465,110.1645,110.1315,110.143
2021-06-04 11:15:00+00:00,usdjpy,110.1185,110.1655,110.1165,110.146
2021-06-04 11:30:00+00:00,usdjpy,110.1455,110.1475,110.119,110.119
2021-06-04 11:45:00+00:00,usdjpy,110.1025,110.1545,110.091,110.145
2021-06-04 12:00:00+00:00,usdjpy,110.0845,110.105,110.0595,110.1015
2021-06-04 12:15:00+00:00,usdjpy,110.1135,110.1155,110.0485,110.0835
2021-06-04 12:30:00+00:00,usdjpy,109.8555,110.1355,109.7645,110.113
2021-06-04 12:45:00+00:00,usdjpy,109.9375,109.9435,109.798,109.8545
2021-06-04 13:00:00+00:00,usdjpy,109.9015,109.9815,109.9015,109.937
2021-06-04 13:15:00+00:00,usdjpy,109.8295,109.9035,109.8135,109.9025
2021-06-04 13:30:00+00:00,usdjpy,109.7575,109.8295,109.7315,109.8285
2021-06-04 13:45:00+00:00,usdjpy,109.6965,109.7735,109.6785,109.7575
2021-06-04 14:00:00+00:00,usdjpy,109.6455,109.7635,109.6215,109.6955
2021-06-04 14:15:00+00:00,usdjpy,109.607,109.6565,109.6065,109.646
2021-06-04 14:30:00+00:00,usdjpy,109.534,109.6195,109.5305,109.6065
2021-06-04 14:45:00+00:00,usdjpy,109.511,109.5355,109.4715,109.5345
2021-06-04 15:00:00+00:00,usdjpy,109.4525,109.5475,109.4445,109.524
2021-06-04 15:15:00+00:00,usdjpy,109.4095,109.4745,109.3685,109.452
2021-06-04 15:30:00+00:00,usdjpy,109.521,109.5295,109.4085,109.4085
2021-06-04 15:45:00+00:00,usdjpy,109.4935,109.5335,109.481,109.5205
2021-06-04 16:00:00+00:00,usdjpy,109.4565,109.4945,109.4245,109.494
2021-06-04 16:15:00+00:00,usdjpy,109.4625,109.478,109.4265,109.457
2021-06-04 16:30:00+00:00,usdjpy,109.471,109.5075,109.4555,109.4615
2021-06-04 16:45:00+00:00,usdjpy,109.4955,109.509,109.4615,109.4715
2021-06-04 17:00:00+00:00,usdjpy,109.5105,109.5155,109.4915,109.4965
2021-06-04 17:15:00+00:00,usdjpy,109.5155,109.5375,109.5015,109.5115
2021-06-04 17:30:00+00:00,usdjpy,109.5215,109.5245,109.505,109.516
2021-06-04 17:45:00+00:00,usdjpy,109.5045,109.5215,109.5035,109.521
2021-06-04 18:00:00+00:00,usdjpy,109.5365,109.537,109.5045,109.5055
2021-06-04 18:15:00+00:00,usdjpy,109.515,109.537,109.5105,109.5355
2021-06-04 18:30:00+00:00,usdjpy,109.5285,109.5295,109.4995,109.5145
2021-06-04 18:45:00+00:00,usdjpy,109.508,109.531,109.5015,109.528
2021-06-04 19:00:00+00:00,usdjpy,109.5495,109.552,109.505,109.5075
2021-06-04 19:15:00+00:00,usdjpy,109.535,109.5555,109.5335,109.5505
2021-06-04 19:30:00+00:00,usdjpy,109.5475,109.5605,109.5305,109.5355
2021-06-04 19:45:00+00:00,usdjpy,109.5085,109.5535,109.4975,109.547
2021-06-04 20:00:00+00:00,usdjpy,109.5115,109.5135,109.4745,109.5075
2021-06-04 20:15:00+00:00,usdjpy,109.5285,109.5385,109.5125,109.5125
2021-06-04 20:30:00+00:00,usdjpy,109.5215,109.5325,109.5145,109.528
2021-06-04 20:45:00+00:00,usdjpy,109.5095,109.552,109.4885,109.522
2021-06-07 03:00:00+00:00,usdjpy,109.5675,109.5835,109.557,109.5765
2021-06-07 03:15:00+00:00,usdjpy,109.5565,109.575,109.554,109.5665
2021-06-07 03:30:00+00:00,usdjpy,109.5605,109.5645,109.5425,109.556
2021-06-07 03:45:00+00:00,usdjpy,109.5675,109.5695,109.5565,109.56
2021-06-07 04:00:00+00:00,usdjpy,109.5695,109.5745,109.5615,109.5665
2021-06-07 04:15:00+00:00,usdjpy,109.5065,109.5745,109.5065,109.5705
2021-06-07 04:30:00+00:00,usdjpy,109.4335,109.5105,109.4165,109.506
2021-06-07 04:45:00+00:00,usdjpy,109.428,109.4455,109.3825,109.433
2021-06-07 05:00:00+00:00,usdjpy,109.4625,109.4675,109.4275,109.4285
2021-06-07 05:15:00+00:00,usdjpy,109.4855,109.493,109.4615,109.4615
2021-06-07 05:30:00+00:00,usdjpy,109.479,109.4975,109.4655,109.485
2021-06-07 05:45:00+00:00,usdjpy,109.5245,109.5265,109.4725,109.4795
2021-06-07 06:00:00+00:00,usdjpy,109.482,109.5245,109.48,109.524
2021-06-07 06:15:00+00:00,usdjpy,109.4905,109.514,109.4455,109.4825
2021-06-07 06:30:00+00:00,usdjpy,109.5015,109.5385,109.4555,109.491
2021-06-07 06:45:00+00:00,usdjpy,109.5465,109.5655,109.4975,109.502
2021-06-07 07:00:00+00:00,usdjpy,109.5595,109.5915,109.5415,109.546
2021-06-07 07:15:00+00:00,usdjpy,109.5425,109.5945,109.5225,109.559
2021-06-07 07:30:00+00:00,usdjpy,109.4885,109.5535,109.4755,109.5415
2021-06-07 07:45:00+00:00,usdjpy,109.4245,109.4895,109.4205,109.489
2021-06-07 08:00:00+00:00,usdjpy,109.4465,109.4775,109.3805,109.4235
2021-06-07 08:15:00+00:00,usdjpy,109.4665,109.4735,109.4215,109.447
2021-06-07 08:30:00+00:00,usdjpy,109.4485,109.4985,109.439,109.466
2021-06-07 08:45:00+00:00,usdjpy,109.3685,109.4505,109.352,109.449
2021-06-07 09:00:00+00:00,usdjpy,109.4405,109.4525,109.3675,109.3675
2021-06-07 09:15:00+00:00,usdjpy,109.4495,109.4505,109.4165,109.441
2021-06-07 09:30:00+00:00,usdjpy,109.44,109.4565,109.423,109.45
2021-06-07 09:45:00+00:00,usdjpy,109.4345,109.4595,109.4185,109.441
2021-06-07 10:00:00+00:00,usdjpy,109.4115,109.455,109.4055,109.434
2021-06-07 10:15:00+00:00,usdjpy,109.449,109.4715,109.3985,109.4105
2021-06-07 10:30:00+00:00,usdjpy,109.4355,109.4855,109.4295,109.4485
2021-06-07 10:45:00+00:00,usdjpy,109.4165,109.4395,109.399,109.4345
2021-06-07 11:00:00+00:00,usdjpy,109.4055,109.4285,109.3885,109.417
2021-06-07 11:15:00+00:00,usdjpy,109.3615,109.4195,109.3615,109.406
2021-06-07 11:30:00+00:00,usdjpy,109.342,109.361,109.2505,109.361
2021-06-07 11:45:00+00:00,usdjpy,109.3035,109.352,109.2935,109.3415
2021-06-07 12:00:00+00:00,usdjpy,109.349,109.3645,109.2635,109.3025
2021-06-07 12:15:00+00:00,usdjpy,109.28,109.359,109.2795,109.3485
2021-06-07 12:30:00+00:00,usdjpy,109.2955,109.3035,109.2465,109.2795
2021-06-07 12:45:00+00:00,usdjpy,109.2845,109.3125,109.2445,109.2945
2021-06-07 13:00:00+00:00,usdjpy,109.2205,109.3,109.2135,109.285
2021-06-07 13:15:00+00:00,usdjpy,109.1975,109.2445,109.1925,109.221
2021-06-07 13:30:00+00:00,usdjpy,109.2265,109.2525,109.1965,109.198
2021-06-07 13:45:00+00:00,usdjpy,109.2015,109.2405,109.1975,109.2255
2021-06-07 14:00:00+00:00,usdjpy,109.206,109.2465,109.1955,109.2025
2021-06-07 14:15:00+00:00,usdjpy,109.1975,109.228,109.1975,109.2065
2021-06-07 14:30:00+00:00,usdjpy,109.22,109.2275,109.1955,109.1985
2021-06-07 14:45:00+00:00,usdjpy,109.2905,109.3155,109.2025,109.2195
2021-06-07 15:00:00+00:00,usdjpy,109.2625,109.3065,109.2535,109.2895
2021-06-07 15:15:00+00:00,usdjpy,109.2415,109.2725,109.2365,109.263
2021-06-07 15:30:00+00:00,usdjpy,109.2795,109.2795,109.2345,109.24
2021-06-07 15:45:00+00:00,usdjpy,109.2605,109.2795,109.2335,109.279
2021-06-07 16:00:00+00:00,usdjpy,109.2705,109.2755,109.2455,109.261
2021-06-07 16:15:00+00:00,usdjpy,109.2765,109.2775,109.2625,109.271
2021-06-07 16:30:00+00:00,usdjpy,109.2805,109.3015,109.2695,109.2775
2021-06-07 16:45:00+00:00,usdjpy,109.282,109.2885,109.2745,109.2795
2021-06-07 17:00:00+00:00,usdjpy,109.29,109.3015,109.2785,109.2825
2021-06-07 17:15:00+00:00,usdjpy,109.2755,109.2955,109.2755,109.2895
2021-06-07 17:30:00+00:00,usdjpy,109.2735,109.2885,109.2735,109.276
2021-06-07 17:45:00+00:00,usdjpy,109.2555,109.2745,109.2445,109.274
2021-06-07 18:00:00+00:00,usdjpy,109.2435,109.256,109.2425,109.256
2021-06-07 18:15:00+00:00,usdjpy,109.2425,109.2515,109.2345,109.2425
2021-06-07 18:30:00+00:00,usdjpy,109.245,109.2505,109.2365,109.2435
2021-06-07 18:45:00+00:00,usdjpy,109.254,109.2665,109.2345,109.2455
2021-06-07 19:00:00+00:00,usdjpy,109.2505,109.2685,109.2485,109.2545
2021-06-07 19:15:00+00:00,usdjpy,109.2325,109.2525,109.2315,109.251
2021-06-07 19:30:00+00:00,usdjpy,109.2445,109.2455,109.231,109.233
2021-06-07 19:45:00+00:00,usdjpy,109.2465,109.2525,109.2365,109.245
2021-06-07 20:00:00+00:00,usdjpy,109.2595,109.2675,109.2465,109.2475
2021-06-07 20:15:00+00:00,usdjpy,109.2685,109.272,109.2595,109.26
2021-06-07 20:30:00+00:00,usdjpy,109.2605,109.268,109.2545,109.268
2021-06-07 20:45:00+00:00,usdjpy,109.2555,109.2655,109.2525,109.26
2021-06-07 21:00:00+00:00,usdjpy,109.2625,109.2685,109.248,109.251
2021-06-07 21:15:00+00:00,usdjpy,109.264,109.2705,109.2575,109.2575
2021-06-07 21:30:00+00:00,usdjpy,109.2605,109.268,109.2545,109.2645
2021-06-07 21:45:00+00:00,usdjpy,109.2535,109.2645,109.2445,109.2595
2021-06-07 22:00:00+00:00,usdjpy,109.2565,109.259,109.2455,109.2545
2021-06-07 22:15:00+00:00,usdjpy,109.2585,109.2625,109.2505,109.256
2021-06-07 22:30:00+00:00,usdjpy,109.2555,109.2655,109.2455,109.259
2021-06-07 22:45:00+00:00,usdjpy,109.2575,109.2715,109.2505,109.256
2021-06-07 23:00:00+00:00,usdjpy,109.27,109.282,109.256,109.2565
2021-06-07 23:15:00+00:00,usdjpy,109.2765,109.2785,109.2655,109.2705
2021-06-07 23:30:00+00:00,usdjpy,109.2765,109.277,109.2615,109.277
2021-06-07 23:45:00+00:00,usdjpy,109.2745,109.2845,109.2685,109.2775
2021-06-08 00:00:00+00:00,usdjpy,109.2475,109.2945,109.1995,109.274
2021-06-08 00:15:00+00:00,usdjpy,109.3485,109.368,109.2425,109.2465
2021-06-08 00:30:00+00:00,usdjpy,109.3945,109.4125,109.3325,109.348
2021-06-08 00:45:00+00:00,usdjpy,109.3875,109.4425,109.3735,109.3935
2021-06-08 01:00:00+00:00,usdjpy,109.378,109.425,109.3725,109.3865
2021-06-08 01:15:00+00:00,usdjpy,109.3875,109.4045,109.3565,109.3775
2021-06-08 01:30:00+00:00,usdjpy,109.4015,109.42,109.381,109.388
2021-06-08 01:45:00+00:00,usdjpy,109.3975,109.4115,109.3785,109.402
2021-06-08 02:00:00+00:00,usdjpy,109.369,109.4245,109.3635,109.398
2021-06-08 02:15:00+00:00,usdjpy,109.38,109.3885,109.3655,109.3695
2021-06-08 02:30:00+00:00,usdjpy,109.3815,109.3945,109.3755,109.3795
2021-06-08 02:45:00+00:00,usdjpy,109.3645,109.3935,109.3405,109.382
2021-06-08 03:00:00+00:00,usdjpy,109.3935,109.3965,109.3625,109.3655
2021-06-08 03:15:00+00:00,usdjpy,109.405,109.409,109.3885,109.3925
2021-06-08 03:30:00+00:00,usdjpy,109.3945,109.4055,109.391,109.4055
2021-06-08 03:45:00+00:00,usdjpy,109.4195,109.4225,109.3925,109.394
2021-06-08 04:00:00+00:00,usdjpy,109.422,109.4265,109.4135,109.4205
2021-06-08 04:15:00+00:00,usdjpy,109.4235,109.4325,109.42,109.4215
2021-06-08 04:30:00+00:00,usdjpy,109.4055,109.4295,109.3965,109.4225
2021-06-08 04:45:00+00:00,usdjpy,109.4135,109.4195,109.3995,109.4045
2021-06-08 05:00:00+00:00,usdjpy,109.4165,109.4355,109.414,109.414
2021-06-08 05:15:00+00:00,usdjpy,109.437,109.4445,109.4105,109.417
2021-06-08 05:30:00+00:00,usdjpy,109.447,109.4545,109.4375,109.4375
2021-06-08 05:45:00+00:00,usdjpy,109.483,109.4895,109.4475,109.4475
2021-06-08 06:00:00+00:00,usdjpy,109.4435,109.4835,109.4135,109.4835
2021-06-08 06:15:00+00:00,usdjpy,109.4515,109.4675,109.4355,109.4425
2021-06-08 06:30:00+00:00,usdjpy,109.4375,109.4735,109.429,109.452
2021-06-08 06:45:00+00:00,usdjpy,109.4525,109.4585,109.4255,109.437
2021-06-08 07:00:00+00:00,usdjpy,109.426,109.4575,109.39,109.453
2021-06-08 07:15:00+00:00,usdjpy,109.4985,109.5385,109.4265,109.4265
2021-06-08 07:30:00+00:00,usdjpy,109.5155,109.5185,109.4745,109.499
2021-06-08 07:45:00+00:00,usdjpy,109.5245,109.5305,109.4905,109.516
2021-06-08 08:00:00+00:00,usdjpy,109.5055,109.5495,109.4985,109.525
2021-06-08 08:15:00+00:00,usdjpy,109.5145,109.5375,109.4975,109.506
2021-06-08 08:30:00+00:00,usdjpy,109.5095,109.5375,109.4995,109.515
2021-06-08 08:45:00+00:00,usdjpy,109.486,109.5195,109.4805,109.509
2021-06-08 09:00:00+00:00,usdjpy,109.4925,109.5105,109.4755,109.4855
2021-06-08 09:15:00+00:00,usdjpy,109.5245,109.5415,109.4875,109.493
2021-06-08 09:30:00+00:00,usdjpy,109.5395,109.5445,109.51,109.525
2021-06-08 09:45:00+00:00,usdjpy,109.5375,109.5525,109.534,109.5385
2021-06-08 10:00:00+00:00,usdjpy,109.4925,109.5585,109.4895,109.5385
2021-06-08 10:15:00+00:00,usdjpy,109.4465,109.4945,109.3675,109.492
2021-06-08 10:30:00+00:00,usdjpy,109.4795,109.4885,109.3985,109.447
2021-06-08 10:45:00+00:00,usdjpy,109.4715,109.5065,109.459,109.4805
2021-06-08 11:00:00+00:00,usdjpy,109.4285,109.4845,109.428,109.4705
2021-06-08 11:15:00+00:00,usdjpy,109.4845,109.487,109.4225,109.4275
2021-06-08 11:30:00+00:00,usdjpy,109.4455,109.5015,109.4275,109.485
2021-06-08 11:45:00+00:00,usdjpy,109.4095,109.4535,109.3925,109.446
2021-06-08 12:00:00+00:00,usdjpy,109.4065,109.4285,109.4045,109.41
2021-06-08 12:15:00+00:00,usdjpy,109.3205,109.412,109.319,109.407
2021-06-08 12:30:00+00:00,usdjpy,109.3205,109.3475,109.2755,109.3195
2021-06-08 12:45:00+00:00,usdjpy,109.3935,109.4085,109.3155,109.321
2021-06-08 13:00:00+00:00,usdjpy,109.3605,109.4135,109.3565,109.394
2021-06-08 13:15:00+00:00,usdjpy,109.398,109.3985,109.3265,109.3595
2021-06-08 13:30:00+00:00,usdjpy,109.4405,109.4475,109.3745,109.3975
2021-06-08 13:45:00+00:00,usdjpy,109.4685,109.5025,109.4245,109.4395
2021-06-08 14:00:00+00:00,usdjpy,109.4015,109.474,109.3875,109.4675
2021-06-08 14:15:00+00:00,usdjpy,109.4875,109.4985,109.3995,109.402
2021-06-08 14:30:00+00:00,usdjpy,109.4565,109.513,109.4395,109.487
2021-06-08 14:45:00+00:00,usdjpy,109.4115,109.4715,109.3725,109.4575
2021-06-08 15:00:00+00:00,usdjpy,109.4695,109.4815,109.4035,109.411
2021-06-08 15:15:00+00:00,usdjpy,109.4555,109.5035,109.4465,109.4705
2021-06-08 15:30:00+00:00,usdjpy,109.4695,109.4755,109.4415,109.4545
2021-06-08 15:45:00+00:00,usdjpy,109.47,109.481,109.458,109.47
2021-06-08 16:00:00+00:00,usdjpy,109.4845,109.4935,109.4685,109.4705
2021-06-08 16:15:00+00:00,usdjpy,109.4825,109.4945,109.4735,109.4855
2021-06-08 16:30:00+00:00,usdjpy,109.4895,109.4955,109.4765,109.483
2021-06-08 16:45:00+00:00,usdjpy,109.495,109.4955,109.466,109.49
2021-06-08 17:00:00+00:00,usdjpy,109.4885,109.5115,109.4875,109.4955
2021-06-08 17:15:00+00:00,usdjpy,109.51,109.5155,109.489,109.489
2021-06-08 17:30:00+00:00,usdjpy,109.4945,109.5105,109.4915,109.5095
2021-06-08 17:45:00+00:00,usdjpy,109.4925,109.4945,109.4735,109.4935
2021-06-08 18:00:00+00:00,usdjpy,109.4755,109.4925,109.4745,109.492
2021-06-08 18:15:00+00:00,usdjpy,109.4705,109.4825,109.4645,109.4765
2021-06-08 18:30:00+00:00,usdjpy,109.4695,109.4775,109.4555,109.471
2021-06-08 18:45:00+00:00,usdjpy,109.5005,109.502,109.4575,109.4685
2021-06-08 19:00:00+00:00,usdjpy,109.4935,109.4995,109.4775,109.4995
2021-06-08 19:15:00+00:00,usdjpy,109.5015,109.515,109.4815,109.4925
2021-06-08 19:30:00+00:00,usdjpy,109.496,109.5035,109.4885,109.5005
2021-06-08 19:45:00+00:00,usdjpy,109.4715,109.504,109.4635,109.4965
2021-06-08 20:00:00+00:00,usdjpy,109.4785,109.4865,109.4655,109.4725
2021-06-08 20:15:00+00:00,usdjpy,109.5015,109.5025,109.4765,109.478
2021-06-08 20:30:00+00:00,usdjpy,109.493,109.5065,109.4875,109.501
2021-06-08 20:45:00+00:00,usdjpy,109.5015,109.5025,109.4825,109.4935
2021-06-08 21:00:00+00:00,usdjpy,109.4995,109.503,109.495,109.4975
2021-06-08 21:15:00+00:00,usdjpy,109.515,109.5155,109.4885,109.5005
2021-06-08 21:30:00+00:00,usdjpy,109.5035,109.5205,109.493,109.5155
2021-06-08 21:45:00+00:00,usdjpy,109.4865,109.5045,109.4865,109.504
2021-06-08 22:00:00+00:00,usdjpy,109.5055,109.513,109.4865,109.487
2021-06-08 22:15:00+00:00,usdjpy,109.5005,109.5075,109.5005,109.505
2021-06-08 22:30:00+00:00,usdjpy,109.4855,109.5035,109.4855,109.501
2021-06-08 22:45:00+00:00,usdjpy,109.4945,109.4955,109.4855,109.486
2021-06-08 23:00:00+00:00,usdjpy,109.4945,109.5065,109.4855,109.495
2021-06-08 23:15:00+00:00,usdjpy,109.486,109.5005,109.4705,109.495
2021-06-08 23:30:00+00:00,usdjpy,109.477,109.4885,109.4765,109.4855
2021-06-08 23:45:00+00:00,usdjpy,109.4715,109.484,109.46,109.4765
2021-06-09 00:00:00+00:00,usdjpy,109.4595,109.4905,109.4175,109.4725
2021-06-09 00:15:00+00:00,usdjpy,109.4775,109.4875,109.4435,109.459
2021-06-09 00:30:00+00:00,usdjpy,109.4605,109.4835,109.4555,109.4785
2021-06-09 00:45:00+00:00,usdjpy,109.45,109.4655,109.4125,109.46
2021-06-09 01:00:00+00:00,usdjpy,109.4235,109.4635,109.4095,109.4505
2021-06-09 01:15:00+00:00,usdjpy,109.428,109.4325,109.4085,109.423
2021-06-09 01:30:00+00:00,usdjpy,109.4165,109.4335,109.4085,109.4285
2021-06-09 01:45:00+00:00,usdjpy,109.4345,109.4425,109.4065,109.416
2021-06-09 02:00:00+00:00,usdjpy,109.441,109.4425,109.4135,109.4355
2021-06-09 02:15:00+00:00,usdjpy,109.449,109.467,109.4405,109.441
2021-06-09 02:30:00+00:00,usdjpy,109.444,109.4575,109.4335,109.4495
2021-06-09 02:45:00+00:00,usdjpy,109.4405,109.452,109.4305,109.4435
2021-06-09 03:00:00+00:00,usdjpy,109.4295,109.44,109.423,109.44
2021-06-09 03:15:00+00:00,usdjpy,109.454,109.4625,109.4285,109.429
2021-06-09 03:30:00+00:00,usdjpy,109.4645,109.4675,109.4465,109.4535
2021-06-09 03:45:00+00:00,usdjpy,109.4795,109.486,109.4595,109.464
2021-06-09 04:00:00+00:00,usdjpy,109.4735,109.5065,109.4715,109.4805
2021-06-09 04:15:00+00:00,usdjpy,109.4735,109.4855,109.4635,109.474
2021-06-09 04:30:00+00:00,usdjpy,109.475,109.4805,109.4635,109.474
2021-06-09 04:45:00+00:00,usdjpy,109.481,109.4875,109.475,109.4755
2021-06-09 05:00:00+00:00,usdjpy,109.4755,109.4815,109.4575,109.4805
2021-06-09 05:15:00+00:00,usdjpy,109.4685,109.483,109.4645,109.476
2021-06-09 05:30:00+00:00,usdjpy,109.4685,109.4785,109.4545,109.4695
2021-06-09 05:45:00+00:00,usdjpy,109.4735,109.4955,109.468,109.468
2021-06-09 06:00:00+00:00,usdjpy,109.454,109.4735,109.449,109.4725
2021-06-09 06:15:00+00:00,usdjpy,109.4735,109.4795,109.444,109.4545
2021-06-09 06:30:00+00:00,usdjpy,109.393,109.483,109.3285,109.473
2021-06-09 06:45:00+00:00,usdjpy,109.404,109.4345,109.3835,109.3935
2021-06-09 07:00:00+00:00,usdjpy,109.4445,109.4595,109.395,109.4045
2021-06-09 07:15:00+00:00,usdjpy,109.4375,109.4465,109.4165,109.444
2021-06-09 07:30:00+00:00,usdjpy,109.4675,109.4725,109.4275,109.4365
2021-06-09 07:45:00+00:00,usdjpy,109.453,109.479,109.4455,109.4665
2021-06-09 08:00:00+00:00,usdjpy,109.4155,109.4545,109.3815,109.4525
2021-06-09 08:15:00+00:00,usdjpy,109.444,109.4595,109.4005,109.4165
2021-06-09 08:30:00+00:00,usdjpy,109.4945,109.503,109.4415,109.4435
2021-06-09 08:45:00+00:00,usdjpy,109.4815,109.506,109.4715,109.494
2021-06-09 09:00:00+00:00,usdjpy,109.473,109.4905,109.4625,109.481
2021-06-09 09:15:00+00:00,usdjpy,109.4685,109.4875,109.458,109.4725
2021-06-09 09:30:00+00:00,usdjpy,109.4785,109.4785,109.456,109.468
2021-06-09 09:45:00+00:00,usdjpy,109.4545,109.5105,109.4535,109.4795
2021-06-09 10:00:00+00:00,usdjpy,109.4405,109.4665,109.4295,109.455
2021-06-09 10:15:00+00:00,usdjpy,109.4395,109.4585,109.4315,109.44
2021-06-09 10:30:00+00:00,usdjpy,109.4475,109.4765,109.44,109.44
2021-06-09 10:45:00+00:00,usdjpy,109.461,109.462,109.4415,109.448
2021-06-09 11:00:00+00:00,usdjpy,109.4515,109.4775,109.4505,109.4605
2021-06-09 11:15:00+00:00,usdjpy,109.3905,109.457,109.3695,109.451
2021-06-09 11:30:00+00:00,usdjpy,109.3595,109.4225,109.3575,109.3895
2021-06-09 11:45:00+00:00,usdjpy,109.3875,109.3955,109.3555,109.36
2021-06-09 12:00:00+00:00,usdjpy,109.376,109.4015,109.3565,109.387
2021-06-09 12:15:00+00:00,usdjpy,109.4155,109.4245,109.3725,109.3755
2021-06-09 12:30:00+00:00,usdjpy,109.3945,109.4235,109.3755,109.416
2021-06-09 12:45:00+00:00,usdjpy,109.4035,109.4175,109.3555,109.3935
2021-06-09 13:00:00+00:00,usdjpy,109.3495,109.403,109.3285,109.403
2021-06-09 13:15:00+00:00,usdjpy,109.294,109.3575,109.2685,109.349
2021-06-09 13:30:00+00:00,usdjpy,109.2785,109.2945,109.2265,109.2945
2021-06-09 13:45:00+00:00,usdjpy,109.2975,109.3045,109.2485,109.279
2021-06-09 14:00:00+00:00,usdjpy,109.4515,109.4545,109.2785,109.2965
2021-06-09 14:15:00+00:00,usdjpy,109.4675,109.5055,109.4345,109.451
2021-06-09 14:30:00+00:00,usdjpy,109.5685,109.5905,109.4665,109.4665
2021-06-09 14:45:00+00:00,usdjpy,109.6085,109.6485,109.5285,109.569
2021-06-09 15:00:00+00:00,usdjpy,109.6075,109.6175,109.5705,109.6075
2021-06-09 15:15:00+00:00,usdjpy,109.6145,109.627,109.5795,109.6085
2021-06-09 15:30:00+00:00,usdjpy,109.6075,109.6235,109.5875,109.615
2021-06-09 15:45:00+00:00,usdjpy,109.619,109.6265,109.6045,109.6065
2021-06-09 16:00:00+00:00,usdjpy,109.6465,109.6505,109.6175,109.6195
2021-06-09 16:15:00+00:00,usdjpy,109.6415,109.6505,109.6355,109.647
2021-06-09 16:30:00+00:00,usdjpy,109.6375,109.6515,109.6245,109.642
2021-06-09 16:45:00+00:00,usdjpy,109.6505,109.6505,109.633,109.637
2021-06-09 17:00:00+00:00,usdjpy,109.6335,109.6515,109.6045,109.651
2021-06-09 17:15:00+00:00,usdjpy,109.6245,109.6435,109.6095,109.634
2021-06-09 17:30:00+00:00,usdjpy,109.604,109.6305,109.5975,109.624
2021-06-09 17:45:00+00:00,usdjpy,109.6035,109.6145,109.5975,109.6035
2021-06-09 18:00:00+00:00,usdjpy,109.6045,109.616,109.5955,109.604
2021-06-09 18:15:00+00:00,usdjpy,109.5845,109.6105,109.5675,109.6035
2021-06-09 18:30:00+00:00,usdjpy,109.5755,109.5875,109.5725,109.585
2021-06-09 18:45:00+00:00,usdjpy,109.571,109.5785,109.5665,109.576
2021-06-09 19:00:00+00:00,usdjpy,109.5855,109.5855,109.5585,109.5715
2021-06-09 19:15:00+00:00,usdjpy,109.62,109.6275,109.5845,109.586
2021-06-09 19:30:00+00:00,usdjpy,109.6445,109.6595,109.6075,109.6195
2021-06-09 19:45:00+00:00,usdjpy,109.6205,109.6555,109.6135,109.644
2021-06-09 20:00:00+00:00,usdjpy,109.6155,109.634,109.6115,109.621
2021-06-09 20:15:00+00:00,usdjpy,109.6375,109.6385,109.6175,109.6175
2021-06-09 20:30:00+00:00,usdjpy,109.6375,109.6455,109.6245,109.637
2021-06-09 20:45:00+00:00,usdjpy,109.625,109.6445,109.6235,109.637
2021-06-09 21:00:00+00:00,usdjpy,109.6185,109.6365,109.6135,109.6335
2021-06-09 21:15:00+00:00,usdjpy,109.6235,109.6345,109.6095,109.6175
2021-06-09 21:30:00+00:00,usdjpy,109.6235,109.6285,109.6195,109.623
2021-06-09 21:45:00+00:00,usdjpy,109.6255,109.6275,109.623,109.624
2021-06-09 22:00:00+00:00,usdjpy,109.6475,109.6615,109.6245,109.6245
2021-06-09 22:15:00+00:00,usdjpy,109.647,109.6595,109.6415,109.648
2021-06-09 22:30:00+00:00,usdjpy,109.622,109.6475,109.6215,109.6475
2021-06-09 22:45:00+00:00,usdjpy,109.6355,109.6415,109.6115,109.6215
2021-06-09 23:00:00+00:00,usdjpy,109.6355,109.6415,109.6225,109.635
2021-06-09 23:15:00+00:00,usdjpy,109.6425,109.6425,109.6215,109.636
2021-06-09 23:30:00+00:00,usdjpy,109.6295,109.6435,109.6295,109.643
2021-06-09 23:45:00+00:00,usdjpy,109.6145,109.6295,109.609,109.6285
2021-06-10 00:00:00+00:00,usdjpy,109.6205,109.6805,109.6125,109.614
2021-06-10 00:15:00+00:00,usdjpy,109.6155,109.6395,109.6135,109.6215
2021-06-10 00:30:00+00:00,usdjpy,109.5935,109.622,109.5815,109.616
2021-06-10 00:45:00+00:00,usdjpy,109.6225,109.6365,109.581,109.5945
2021-06-10 01:00:00+00:00,usdjpy,109.5445,109.6285,109.5315,109.6235
2021-06-10 01:15:00+00:00,usdjpy,109.544,109.5795,109.5385,109.5435
2021-06-10 01:30:00+00:00,usdjpy,109.5455,109.5625,109.5235,109.5435
2021-06-10 01:45:00+00:00,usdjpy,109.5305,109.552,109.5195,109.545
2021-06-10 02:00:00+00:00,usdjpy,109.5485,109.5725,109.53,109.53
2021-06-10 02:15:00+00:00,usdjpy,109.553,109.5595,109.5285,109.548
2021-06-10 02:30:00+00:00,usdjpy,109.5715,109.5725,109.5485,109.5525
2021-06-10 02:45:00+00:00,usdjpy,109.569,109.5835,109.5635,109.5705
2021-06-10 03:00:00+00:00,usdjpy,109.5525,109.5775,109.5505,109.5695
2021-06-10 03:15:00+00:00,usdjpy,109.5485,109.5615,109.5415,109.553
2021-06-10 03:30:00+00:00,usdjpy,109.5415,109.5485,109.5395,109.548
2021-06-10 03:45:00+00:00,usdjpy,109.5495,109.5515,109.5355,109.541
2021-06-10 04:00:00+00:00,usdjpy,109.5575,109.5695,109.548,109.5485
2021-06-10 04:15:00+00:00,usdjpy,109.577,109.5815,109.5555,109.558
2021-06-10 04:30:00+00:00,usdjpy,109.5695,109.5805,109.5665,109.5775
2021-06-10 04:45:00+00:00,usdjpy,109.5775,109.578,109.552,109.5685
2021-06-10 05:00:00+00:00,usdjpy,109.5425,109.5795,109.5415,109.578
2021-06-10 05:15:00+00:00,usdjpy,109.539,109.5475,109.534,109.5415
2021-06-10 05:30:00+00:00,usdjpy,109.5645,109.5655,109.5345,109.5385
2021-06-10 05:45:00+00:00,usdjpy,109.5525,109.5665,109.5405,109.565
2021-06-10 06:00:00+00:00,usdjpy,109.487,109.569,109.4785,109.552
2021-06-10 06:15:00+00:00,usdjpy,109.4925,109.5025,109.4755,109.4865
2021-06-10 06:30:00+00:00,usdjpy,109.4685,109.499,109.468,109.493
2021-06-10 06:45:00+00:00,usdjpy,109.4845,109.4865,109.4515,109.468
2021-06-10 07:00:00+00:00,usdjpy,109.4815,109.507,109.4635,109.484
2021-06-10 07:15:00+00:00,usdjpy,109.514,109.5355,109.4535,109.481
2021-06-10 07:30:00+00:00,usdjpy,109.5295,109.5485,109.4875,109.5145
2021-06-10 07:45:00+00:00,usdjpy,109.5535,109.5725,109.5205,109.5305
2021-06-10 08:00:00+00:00,usdjpy,109.5475,109.5655,109.5295,109.554
2021-06-10 08:15:00+00:00,usdjpy,109.5085,109.5635,109.508,109.5465
2021-06-10 08:30:00+00:00,usdjpy,109.492,109.5425,109.4885,109.508
2021-06-10 08:45:00+00:00,usdjpy,109.4885,109.513,109.4765,109.4915
2021-06-10 09:00:00+00:00,usdjpy,109.4615,109.4965,109.4565,109.4875
2021-06-10 09:15:00+00:00,usdjpy,109.4855,109.4945,109.4575,109.4605
2021-06-10 09:30:00+00:00,usdjpy,109.4945,109.5025,109.468,109.485
2021-06-10 09:45:00+00:00,usdjpy,109.5125,109.5295,109.495,109.495
2021-06-10 10:00:00+00:00,usdjpy,109.5145,109.5215,109.4925,109.5135
2021-06-10 10:15:00+00:00,usdjpy,109.4995,109.527,109.4995,109.5135
2021-06-10 10:30:00+00:00,usdjpy,109.4935,109.5075,109.4715,109.5005
2021-06-10 10:45:00+00:00,usdjpy,109.4845,109.5145,109.4795,109.4925
2021-06-10 11:00:00+00:00,usdjpy,109.4695,109.5015,109.4645,109.4835
2021-06-10 11:15:00+00:00,usdjpy,109.4655,109.4915,109.4565,109.469
2021-06-10 11:30:00+00:00,usdjpy,109.5025,109.5055,109.4565,109.465
2021-06-10 11:45:00+00:00,usdjpy,109.5085,109.5495,109.4695,109.5035
2021-06-10 12:00:00+00:00,usdjpy,109.5415,109.5995,109.5055,109.509
2021-06-10 12:15:00+00:00,usdjpy,109.5785,109.5785,109.5325,109.5405
2021-06-10 12:30:00+00:00,usdjpy,109.6905,109.735,109.5315,109.578
2021-06-10 12:45:00+00:00,usdjpy,109.6305,109.7015,109.6015,109.6935
2021-06-10 13:00:00+00:00,usdjpy,109.598,109.6475,109.5705,109.631
2021-06-10 13:15:00+00:00,usdjpy,109.7615,109.7665,109.5945,109.5985
2021-06-10 13:30:00+00:00,usdjpy,109.7215,109.7615,109.6885,109.7515
2021-06-10 13:45:00+00:00,usdjpy,109.6295,109.7275,109.5975,109.715
2021-06-10 14:00:00+00:00,usdjpy,109.7085,109.7505,109.6,109.6285
2021-06-10 14:15:00+00:00,usdjpy,109.7195,109.7675,109.6845,109.7075
2021-06-10 14:30:00+00:00,usdjpy,109.7905,109.797,109.702,109.7195
2021-06-10 14:45:00+00:00,usdjpy,109.6815,109.797,109.6725,109.7895
2021-06-10 15:00:00+00:00,usdjpy,109.6005,109.6965,109.5665,109.682
2021-06-10 15:15:00+00:00,usdjpy,109.5475,109.6425,109.5395,109.601
2021-06-10 15:30:00+00:00,usdjpy,109.4875,109.5785,109.4875,109.548
2021-06-10 15:45:00+00:00,usdjpy,109.4525,109.495,109.426,109.4885
2021-06-10 16:00:00+00:00,usdjpy,109.5495,109.5735,109.4225,109.4515
2021-06-10 16:15:00+00:00,usdjpy,109.5765,109.6235,109.5155,109.5425
2021-06-10 16:30:00+00:00,usdjpy,109.5615,109.5945,109.538,109.577
2021-06-10 16:45:00+00:00,usdjpy,109.5115,109.564,109.5055,109.5635
2021-06-10 17:00:00+00:00,usdjpy,109.4745,109.5035,109.4435,109.503
2021-06-10 17:15:00+00:00,usdjpy,109.4505,109.4875,109.417,109.4725
2021-06-10 17:30:00+00:00,usdjpy,109.4255,109.4535,109.4105,109.45
2021-06-10 17:45:00+00:00,usdjpy,109.4325,109.4485,109.4225,109.425
2021-06-10 18:00:00+00:00,usdjpy,109.459,109.4605,109.4315,109.433
2021-06-10 18:15:00+00:00,usdjpy,109.451,109.4645,109.4445,109.4585
2021-06-10 18:30:00+00:00,usdjpy,109.4375,109.456,109.4365,109.4505
2021-06-10 18:45:00+00:00,usdjpy,109.4265,109.4425,109.4195,109.438
2021-06-10 19:00:00+00:00,usdjpy,109.3735,109.432,109.3735,109.426
2021-06-10 19:15:00+00:00,usdjpy,109.3315,109.3805,109.331,109.3745
2021-06-10 19:30:00+00:00,usdjpy,109.3605,109.3675,109.3295,109.3305
2021-06-10 19:45:00+00:00,usdjpy,109.3205,109.3655,109.3185,109.3595
2021-06-10 20:00:00+00:00,usdjpy,109.3165,109.3425,109.3125,109.32
2021-06-10 20:15:00+00:00,usdjpy,109.3145,109.3225,109.3085,109.317
2021-06-10 20:30:00+00:00,usdjpy,109.3135,109.3255,109.3085,109.314
2021-06-10 20:45:00+00:00,usdjpy,109.3335,109.3335,109.3135,109.314
2021-06-10 21:00:00+00:00,usdjpy,109.3335,109.3385,109.3245,109.3265
2021-06-10 21:15:00+00:00,usdjpy,109.3255,109.3365,109.321,109.328
2021-06-10 21:30:00+00:00,usdjpy,109.3295,109.3665,109.3195,109.326
2021-06-10 21:45:00+00:00,usdjpy,109.349,109.3715,109.3295,109.33
2021-06-10 22:00:00+00:00,usdjpy,109.367,109.3765,109.339,109.348
2021-06-10 22:15:00+00:00,usdjpy,109.3895,109.3915,109.3585,109.3665
2021-06-10 22:30:00+00:00,usdjpy,109.3845,109.4025,109.3835,109.3885
2021-06-10 22:45:00+00:00,usdjpy,109.384,109.3915,109.3835,109.385
2021-06-10 23:00:00+00:00,usdjpy,109.372,109.3925,109.3575,109.385
2021-06-10 23:15:00+00:00,usdjpy,109.3785,109.3835,109.3635,109.3715
2021-06-10 23:30:00+00:00,usdjpy,109.3905,109.3915,109.373,109.378
2021-06-10 23:45:00+00:00,usdjpy,109.3945,109.4095,109.3775,109.3895
2021-06-11 00:00:00+00:00,usdjpy,109.3615,109.4225,109.3535,109.3955
2021-06-11 00:15:00+00:00,usdjpy,109.3655,109.3755,109.348,109.361
2021-06-11 00:30:00+00:00,usdjpy,109.3965,109.4045,109.3645,109.3645
2021-06-11 00:45:00+00:00,usdjpy,109.4185,109.4555,109.3975,109.3975
2021-06-11 01:00:00+00:00,usdjpy,109.4155,109.4445,109.4095,109.419
2021-06-11 01:15:00+00:00,usdjpy,109.3775,109.4205,109.3745,109.4165
2021-06-11 01:30:00+00:00,usdjpy,109.3935,109.4145,109.378,109.378
2021-06-11 01:45:00+00:00,usdjpy,109.3895,109.4015,109.3745,109.3925
2021-06-11 02:00:00+00:00,usdjpy,109.4175,109.419,109.382,109.3885
2021-06-11 02:15:00+00:00,usdjpy,109.4055,109.422,109.3975,109.417
2021-06-11 02:30:00+00:00,usdjpy,109.4135,109.415,109.3975,109.4065
2021-06-11 02:45:00+00:00,usdjpy,109.3955,109.4225,109.3955,109.414
2021-06-11 03:00:00+00:00,usdjpy,109.4015,109.4015,109.3815,109.395
2021-06-11 03:15:00+00:00,usdjpy,109.397,109.41,109.3915,109.4005
2021-06-11 03:30:00+00:00,usdjpy,109.3975,109.4095,109.3895,109.3965
2021-06-11 03:45:00+00:00,usdjpy,109.4025,109.4085,109.3945,109.398
2021-06-11 04:00:00+00:00,usdjpy,109.4015,109.4045,109.3945,109.4015
2021-06-11 04:15:00+00:00,usdjpy,109.3865,109.4025,109.3815,109.402
2021-06-11 04:30:00+00:00,usdjpy,109.3955,109.402,109.386,109.386
2021-06-11 04:45:00+00:00,usdjpy,109.4045,109.4075,109.3935,109.3945
2021-06-11 05:00:00+00:00,usdjpy,109.4005,109.407,109.389,109.404
2021-06-11 05:15:00+00:00,usdjpy,109.4275,109.431,109.3995,109.401
2021-06-11 05:30:00+00:00,usdjpy,109.4145,109.4375,109.4075,109.428
2021-06-11 05:45:00+00:00,usdjpy,109.4185,109.4285,109.4135,109.4155
2021-06-11 06:00:00+00:00,usdjpy,109.4275,109.4425,109.3995,109.418
2021-06-11 06:15:00+00:00,usdjpy,109.4075,109.43,109.391,109.428
2021-06-11 06:30:00+00:00,usdjpy,109.397,109.4075,109.377,109.407
2021-06-11 06:45:00+00:00,usdjpy,109.4145,109.4175,109.3755,109.3965
2021-06-11 07:00:00+00:00,usdjpy,109.3705,109.4155,109.3375,109.414
2021-06-11 07:15:00+00:00,usdjpy,109.4665,109.486,109.3175,109.3715
2021-06-11 07:30:00+00:00,usdjpy,109.4325,109.4855,109.4065,109.467
2021-06-11 07:45:00+00:00,usdjpy,109.4295,109.4385,109.3935,109.432
2021-06-11 08:00:00+00:00,usdjpy,109.4665,109.4675,109.4105,109.43
2021-06-11 08:15:00+00:00,usdjpy,109.5645,109.5705,109.4355,109.467
2021-06-11 08:30:00+00:00,usdjpy,109.497,109.5675,109.4905,109.5655
2021-06-11 08:45:00+00:00,usdjpy,109.547,109.549,109.4695,109.4975
2021-06-11 09:00:00+00:00,usdjpy,109.5055,109.5645,109.487,109.5465
2021-06-11 09:15:00+00:00,usdjpy,109.5055,109.5305,109.4955,109.506
2021-06-11 09:30:00+00:00,usdjpy,109.5275,109.5675,109.5045,109.5045
2021-06-11 09:45:00+00:00,usdjpy,109.5365,109.5535,109.52,109.528
2021-06-11 10:00:00+00:00,usdjpy,109.5015,109.5475,109.5005,109.5355
2021-06-11 10:15:00+00:00,usdjpy,109.4965,109.5135,109.4925,109.502
2021-06-11 10:30:00+00:00,usdjpy,109.4685,109.4975,109.4465,109.4965
2021-06-11 10:45:00+00:00,usdjpy,109.4695,109.4945,109.4625,109.468
2021-06-11 11:00:00+00:00,usdjpy,109.4795,109.4945,109.4445,109.47
2021-06-11 11:15:00+00:00,usdjpy,109.566,109.568,109.4585,109.479
2021-06-11 11:30:00+00:00,usdjpy,109.5365,109.5885,109.5175,109.567
2021-06-11 11:45:00+00:00,usdjpy,109.569,109.5875,109.5305,109.536
2021-06-11 12:00:00+00:00,usdjpy,109.5945,109.6005,109.5605,109.5685
2021-06-11 12:15:00+00:00,usdjpy,109.5955,109.6095,109.5645,109.595
2021-06-11 12:30:00+00:00,usdjpy,109.5845,109.6165,109.5595,109.596
2021-06-11 12:45:00+00:00,usdjpy,109.6315,109.646,109.582,109.5855
2021-06-11 13:00:00+00:00,usdjpy,109.6185,109.6605,109.5995,109.6325
2021-06-11 13:15:00+00:00,usdjpy,109.6295,109.6545,109.61,109.6195
2021-06-11 13:30:00+00:00,usdjpy,109.685,109.6905,109.6165,109.63
2021-06-11 13:45:00+00:00,usdjpy,109.7045,109.7405,109.6785,109.6845
2021-06-11 14:00:00+00:00,usdjpy,109.7145,109.7285,109.6605,109.705
2021-06-11 14:15:00+00:00,usdjpy,109.7715,109.7825,109.7155,109.7155
2021-06-11 14:30:00+00:00,usdjpy,109.833,109.8405,109.7665,109.772
2021-06-11 14:45:00+00:00,usdjpy,109.7745,109.8415,109.773,109.8335
2021-06-11 15:00:00+00:00,usdjpy,109.7775,109.799,109.7375,109.775
2021-06-11 15:15:00+00:00,usdjpy,109.7725,109.8335,109.7665,109.7805
2021-06-11 15:30:00+00:00,usdjpy,109.7355,109.7845,109.7175,109.7735
2021-06-11 15:45:00+00:00,usdjpy,109.7525,109.7645,109.716,109.735
2021-06-11 16:00:00+00:00,usdjpy,109.7465,109.7715,109.7395,109.752
2021-06-11 16:15:00+00:00,usdjpy,109.7065,109.754,109.7035,109.7475
2021-06-11 16:30:00+00:00,usdjpy,109.6925,109.7295,109.681,109.7055
2021-06-11 16:45:00+00:00,usdjpy,109.6875,109.6995,109.6775,109.693
2021-06-11 17:00:00+00:00,usdjpy,109.7005,109.7145,109.6875,109.688
2021-06-11 17:15:00+00:00,usdjpy,109.7065,109.7165,109.6985,109.7
2021-06-11 17:30:00+00:00,usdjpy,109.7085,109.719,109.7015,109.707
2021-06-11 17:45:00+00:00,usdjpy,109.7125,109.7185,109.7055,109.708
2021-06-11 18:00:00+00:00,usdjpy,109.7295,109.7365,109.7075,109.713
2021-06-11 18:15:00+00:00,usdjpy,109.755,109.7575,109.7285,109.729
2021-06-11 18:30:00+00:00,usdjpy,109.7285,109.7545,109.7175,109.7545
2021-06-11 18:45:00+00:00,usdjpy,109.7095,109.7375,109.7095,109.729
2021-06-11 19:00:00+00:00,usdjpy,109.7065,109.718,109.7015,109.709
2021-06-11 19:15:00+00:00,usdjpy,109.7065,109.7125,109.7045,109.706
2021-06-11 19:30:00+00:00,usdjpy,109.696,109.7085,109.696,109.707
2021-06-11 19:45:00+00:00,usdjpy,109.665,109.6965,109.6575,109.6965
2021-06-11 20:00:00+00:00,usdjpy,109.6745,109.6765,109.6475,109.6655
2021-06-11 20:15:00+00:00,usdjpy,109.6575,109.683,109.6555,109.674
2021-06-11 20:30:00+00:00,usdjpy,109.6655,109.6675,109.6505,109.6565
2021-06-11 20:45:00+00:00,usdjpy,109.665,109.6975,109.656,109.6665
2021-06-13 21:00:00+00:00,usdjpy,109.6455,109.6585,109.6375,109.6515
2021-06-13 21:15:00+00:00,usdjpy,109.638,109.649,109.6375,109.6435
2021-06-13 21:30:00+00:00,usdjpy,109.649,109.652,109.6385,109.6385
2021-06-13 21:45:00+00:00,usdjpy,109.6485,109.6565,109.6355,109.65
2021-06-13 22:00:00+00:00,usdjpy,109.6945,109.732,109.6495,109.6495
2021-06-13 22:15:00+00:00,usdjpy,109.7265,109.7285,109.695,109.6955
2021-06-13 22:30:00+00:00,usdjpy,109.7025,109.7325,109.6945,109.726
2021-06-13 22:45:00+00:00,usdjpy,109.7275,109.7355,109.6905,109.7015
2021-06-13 23:00:00+00:00,usdjpy,109.7065,109.7365,109.703,109.728
2021-06-13 23:15:00+00:00,usdjpy,109.712,109.7235,109.706,109.706
2021-06-13 23:30:00+00:00,usdjpy,109.7185,109.7205,109.711,109.7125
2021-06-13 23:45:00+00:00,usdjpy,109.7175,109.7255,109.7055,109.7195
2021-06-14 00:00:00+00:00,usdjpy,109.751,109.7715,109.6925,109.7185
2021-06-14 00:15:00+00:00,usdjpy,109.762,109.7755,109.7385,109.7515
2021-06-14 00:30:00+00:00,usdjpy,109.7815,109.798,109.757,109.7615
2021-06-14 00:45:00+00:00,usdjpy,109.8195,109.8235,109.7715,109.782
2021-06-14 01:00:00+00:00,usdjpy,109.827,109.8325,109.7835,109.819
2021-06-14 01:15:00+00:00,usdjpy,109.797,109.8335,109.774,109.8275
2021-06-14 01:30:00+00:00,usdjpy,109.7745,109.7965,109.7665,109.7965
2021-06-14 01:45:00+00:00,usdjpy,109.7715,109.785,109.7625,109.774
2021-06-14 02:00:00+00:00,usdjpy,109.74,109.7805,109.736,109.772
2021-06-14 02:30:00+00:00,usdjpy,109.7305,109.7305,109.7305,109.7305
2021-06-14 03:00:00+00:00,usdjpy,109.776,109.776,109.776,109.776
2021-06-14 04:00:00+00:00,usdjpy,109.7795,109.7805,109.77,109.77
2021-06-14 04:15:00+00:00,usdjpy,109.7645,109.7825,109.7535,109.78
2021-06-14 04:30:00+00:00,usdjpy,109.7555,109.765,109.7475,109.765
2021-06-14 04:45:00+00:00,usdjpy,109.76,109.7645,109.7505,109.756
2021-06-14 05:00:00+00:00,usdjpy,109.7605,109.7815,109.757,109.7595
2021-06-14 05:15:00+00:00,usdjpy,109.7435,109.7615,109.7365,109.761
2021-06-14 05:30:00+00:00,usdjpy,109.7355,109.7605,109.735,109.744
2021-06-14 05:45:00+00:00,usdjpy,109.7485,109.7505,109.7215,109.735
2021-06-14 06:00:00+00:00,usdjpy,109.7275,109.7575,109.712,109.7475
2021-06-14 06:15:00+00:00,usdjpy,109.6985,109.7405,109.6855,109.727
2021-06-14 06:30:00+00:00,usdjpy,109.678,109.7035,109.6625,109.6975
2021-06-14 06:45:00+00:00,usdjpy,109.6905,109.6915,109.653,109.6785
2021-06-14 07:00:00+00:00,usdjpy,109.6745,109.7005,109.634,109.691
2021-06-14 07:15:00+00:00,usdjpy,109.6895,109.7165,109.6735,109.6755
2021-06-14 07:30:00+00:00,usdjpy,109.704,109.7105,109.6695,109.69
2021-06-14 07:45:00+00:00,usdjpy,109.6925,109.7225,109.6865,109.7045
2021-06-14 08:00:00+00:00,usdjpy,109.6725,109.7025,109.6525,109.693
2021-06-14 08:15:00+00:00,usdjpy,109.6685,109.7045,109.6655,109.672
2021-06-14 08:30:00+00:00,usdjpy,109.6695,109.6955,109.6275,109.669
2021-06-14 08:45:00+00:00,usdjpy,109.6565,109.6725,109.6235,109.67
2021-06-14 09:00:00+00:00,usdjpy,109.629,109.6565,109.6245,109.656
2021-06-14 09:15:00+00:00,usdjpy,109.6315,109.6465,109.6165,109.6295
2021-06-14 09:30:00+00:00,usdjpy,109.6275,109.6355,109.6125,109.6305
2021-06-14 09:45:00+00:00,usdjpy,109.6685,109.6745,109.6215,109.628
2021-06-14 10:00:00+00:00,usdjpy,109.6955,109.7005,109.659,109.668
2021-06-14 10:15:00+00:00,usdjpy,109.6785,109.7175,109.677,109.695
2021-06-14 10:30:00+00:00,usdjpy,109.67,109.7005,109.664,109.679
2021-06-14 10:45:00+00:00,usdjpy,109.6745,109.6825,109.6445,109.6705
2021-06-14 11:00:00+00:00,usdjpy,109.6965,109.701,109.6735,109.674
2021-06-14 11:15:00+00:00,usdjpy,109.69,109.699,109.6725,109.697
2021-06-14 11:30:00+00:00,usdjpy,109.6985,109.7065,109.6775,109.6895
2021-06-14 11:45:00+00:00,usdjpy,109.756,109.7645,109.6865,109.698
2021-06-14 12:00:00+00:00,usdjpy,109.766,109.7725,109.7265,109.7565
2021-06-14 12:15:00+00:00,usdjpy,109.7455,109.7685,109.7155,109.7665
2021-06-14 12:30:00+00:00,usdjpy,109.7865,109.7865,109.7195,109.746
2021-06-14 12:45:00+00:00,usdjpy,109.7565,109.792,109.752,109.786
2021-06-14 13:00:00+00:00,usdjpy,109.7775,109.7955,109.7445,109.756
2021-06-14 13:15:00+00:00,usdjpy,109.8005,109.8195,109.7665,109.7785
2021-06-14 13:30:00+00:00,usdjpy,109.8585,109.8775,109.797,109.7995
2021-06-14 13:45:00+00:00,usdjpy,109.9115,109.9535,109.8565,109.858
2021-06-14 14:00:00+00:00,usdjpy,109.9245,109.9515,109.8915,109.911
2021-06-14 14:15:00+00:00,usdjpy,109.9215,109.9575,109.9175,109.9255
2021-06-14 14:30:00+00:00,usdjpy,109.9605,109.9735,109.9185,109.922
2021-06-14 14:45:00+00:00,usdjpy,109.9855,109.9875,109.9305,109.961
2021-06-14 15:15:00+00:00,usdjpy,109.9875,110.0005,109.9855,109.992
2021-06-14 15:30:00+00:00,usdjpy,109.9635,110.0015,109.9605,109.988
2021-06-14 15:45:00+00:00,usdjpy,109.9885,109.9905,109.956,109.9625
2021-06-14 16:00:00+00:00,usdjpy,109.9965,109.9995,109.9825,109.988
2021-06-14 16:15:00+00:00,usdjpy,109.9935,109.9995,109.991,109.997
2021-06-14 16:30:00+00:00,usdjpy,109.9905,110.0025,109.9905,109.993
2021-06-14 16:45:00+00:00,usdjpy,110.0195,110.0195,109.9905,109.991
2021-06-14 17:00:00+00:00,usdjpy,110.0205,110.0295,110.0095,110.019
2021-06-14 17:15:00+00:00,usdjpy,110.0215,110.0265,110.0085,110.02
2021-06-14 17:30:00+00:00,usdjpy,110.0305,110.04,110.0195,110.0225
2021-06-14 17:45:00+00:00,usdjpy,110.0425,110.0425,110.0285,110.03
2021-06-14 18:00:00+00:00,usdjpy,110.0635,110.07,110.0415,110.043
2021-06-14 18:15:00+00:00,usdjpy,110.0805,110.0835,110.0605,110.063
2021-06-14 18:30:00+00:00,usdjpy,110.0775,110.0835,110.0715,110.081
2021-06-14 18:45:00+00:00,usdjpy,110.0955,110.0965,110.076,110.0765
2021-06-14 19:00:00+00:00,usdjpy,110.0935,110.0995,110.0785,110.095
2021-06-14 19:15:00+00:00,usdjpy,110.089,110.0975,110.0865,110.0945
2021-06-14 19:30:00+00:00,usdjpy,110.0925,110.0975,110.088,110.0885
2021-06-14 19:45:00+00:00,usdjpy,110.0525,110.094,110.0525,110.093
2021-06-14 20:00:00+00:00,usdjpy,110.0745,110.0775,110.0505,110.0515
2021-06-14 20:15:00+00:00,usdjpy,110.0875,110.0955,110.0735,110.075
2021-06-14 20:30:00+00:00,usdjpy,110.0885,110.0915,110.0825,110.088
2021-06-14 20:45:00+00:00,usdjpy,110.0675,110.0915,110.0665,110.089
2021-06-14 21:00:00+00:00,usdjpy,110.0785,110.0785,110.0665,110.0675
2021-06-14 21:15:00+00:00,usdjpy,110.074,110.0765,110.0735,110.0745
2021-06-14 21:30:00+00:00,usdjpy,110.0755,110.0805,110.0705,110.078
2021-06-14 21:45:00+00:00,usdjpy,110.0755,110.0795,110.0645,110.076
2021-06-14 22:00:00+00:00,usdjpy,110.0675,110.0775,110.0525,110.076
2021-06-14 22:15:00+00:00,usdjpy,110.0655,110.0695,110.0635,110.0665
2021-06-14 22:30:00+00:00,usdjpy,110.055,110.0665,110.0505,110.066
2021-06-14 22:45:00+00:00,usdjpy,110.0535,110.0655,110.0525,110.0555
2021-06-14 23:00:00+00:00,usdjpy,110.0595,110.0705,110.049,110.054
2021-06-14 23:15:00+00:00,usdjpy,110.0475,110.0645,110.0465,110.06
2021-06-14 23:30:00+00:00,usdjpy,110.0515,110.0585,110.0455,110.048
2021-06-14 23:45:00+00:00,usdjpy,110.0445,110.0625,110.0285,110.051
2021-06-15 00:00:00+00:00,usdjpy,110.0825,110.0895,110.0275,110.0435
2021-06-15 00:15:00+00:00,usdjpy,110.0475,110.0875,110.0475,110.083
2021-06-15 00:30:00+00:00,usdjpy,110.0685,110.0785,110.0465,110.0465
2021-06-15 00:45:00+00:00,usdjpy,110.0835,110.109,110.0655,110.068
2021-06-15 01:00:00+00:00,usdjpy,110.0715,110.0945,110.065,110.0845
2021-06-15 01:15:00+00:00,usdjpy,110.0695,110.0785,110.0595,110.072
2021-06-15 01:30:00+00:00,usdjpy,110.0725,110.0735,110.0595,110.0685
2021-06-15 01:45:00+00:00,usdjpy,110.123,110.1245,110.0705,110.072
2021-06-15 02:00:00+00:00,usdjpy,110.1205,110.1535,110.1155,110.1235
2021-06-15 02:15:00+00:00,usdjpy,110.1155,110.122,110.1045,110.121
2021-06-15 02:30:00+00:00,usdjpy,110.1095,110.1225,110.1045,110.115
2021-06-15 02:45:00+00:00,usdjpy,110.114,110.1215,110.0965,110.1085
2021-06-15 03:00:00+00:00,usdjpy,110.1025,110.1135,110.0905,110.1135
2021-06-15 03:15:00+00:00,usdjpy,110.1155,110.1155,110.0955,110.102
2021-06-15 03:30:00+00:00,usdjpy,110.119,110.119,110.104,110.115
2021-06-15 03:45:00+00:00,usdjpy,110.0985,110.12,110.0905,110.1195
2021-06-15 04:00:00+00:00,usdjpy,110.0735,110.101,110.0695,110.0975
2021-06-15 04:15:00+00:00,usdjpy,110.0635,110.074,110.0635,110.073
2021-06-15 04:30:00+00:00,usdjpy,110.078,110.0785,110.0605,110.063
2021-06-15 04:45:00+00:00,usdjpy,110.0865,110.0915,110.066,110.0785
2021-06-15 05:00:00+00:00,usdjpy,110.1,110.1035,110.0835,110.087
2021-06-15 05:15:00+00:00,usdjpy,110.0725,110.1005,110.0695,110.1005
2021-06-15 05:30:00+00:00,usdjpy,110.0615,110.0765,110.052,110.072
2021-06-15 05:45:00+00:00,usdjpy,110.035,110.0735,110.0345,110.0625
2021-06-15 06:00:00+00:00,usdjpy,110.066,110.0735,110.031,110.0355
2021-06-15 06:15:00+00:00,usdjpy,110.0705,110.109,110.0465,110.0655
2021-06-15 06:30:00+00:00,usdjpy,110.064,110.1005,110.0475,110.0695
2021-06-15 06:45:00+00:00,usdjpy,110.0895,110.1105,110.0465,110.0635
2021-06-15 07:00:00+00:00,usdjpy,110.0245,110.091,110.021,110.0905
2021-06-15 07:15:00+00:00,usdjpy,110.0295,110.0585,110.0035,110.025
2021-06-15 07:30:00+00:00,usdjpy,109.991,110.0375,109.9885,110.03
2021-06-15 07:45:00+00:00,usdjpy,110.0475,110.0525,109.9905,109.9905
2021-06-15 08:00:00+00:00,usdjpy,110.0855,110.0925,110.0185,110.047
2021-06-15 08:15:00+00:00,usdjpy,110.0695,110.1055,110.0595,110.085
2021-06-15 08:30:00+00:00,usdjpy,110.0975,110.1135,110.0615,110.069
2021-06-15 08:45:00+00:00,usdjpy,110.1205,110.1235,110.0925,110.098
2021-06-15 09:00:00+00:00,usdjpy,110.123,110.1455,110.1065,110.121
2021-06-15 09:15:00+00:00,usdjpy,110.1345,110.141,110.1105,110.1225
2021-06-15 09:30:00+00:00,usdjpy,110.1295,110.142,110.1255,110.135
2021-06-15 09:45:00+00:00,usdjpy,110.1545,110.169,110.1285,110.1285
2021-06-15 10:00:00+00:00,usdjpy,110.0535,110.1655,110.0185,110.155
2021-06-15 10:15:00+00:00,usdjpy,110.04,110.058,110.0125,110.0545
2021-06-15 10:30:00+00:00,usdjpy,110.0775,110.088,110.0315,110.0405
2021-06-15 10:45:00+00:00,usdjpy,110.0745,110.0955,110.0585,110.0785
2021-06-15 11:00:00+00:00,usdjpy,110.0695,110.0815,110.0535,110.074
2021-06-15 11:15:00+00:00,usdjpy,110.1085,110.1125,110.058,110.069
2021-06-15 11:30:00+00:00,usdjpy,110.101,110.112,110.0855,110.1095
2021-06-15 11:45:00+00:00,usdjpy,110.1275,110.1305,110.0955,110.1005
2021-06-15 12:00:00+00:00,usdjpy,110.0745,110.1365,110.07,110.127
2021-06-15 12:15:00+00:00,usdjpy,110.0915,110.1005,110.0525,110.0755
2021-06-15 12:30:00+00:00,usdjpy,110.1225,110.142,110.0225,110.092
2021-06-15 12:45:00+00:00,usdjpy,110.1015,110.146,110.0945,110.1215
2021-06-15 13:00:00+00:00,usdjpy,110.1165,110.1275,110.0865,110.1025
2021-06-15 13:15:00+00:00,usdjpy,110.0715,110.1225,110.042,110.1175
2021-06-15 13:30:00+00:00,usdjpy,110.1335,110.1475,110.072,110.072
2021-06-15 13:45:00+00:00,usdjpy,110.104,110.1405,110.0635,110.134
2021-06-15 14:00:00+00:00,usdjpy,110.1205,110.1295,110.0775,110.1045
2021-06-15 14:15:00+00:00,usdjpy,110.1295,110.143,110.1095,110.1195
2021-06-15 14:30:00+00:00,usdjpy,110.141,110.1575,110.1085,110.1305
2021-06-15 14:45:00+00:00,usdjpy,110.0745,110.1465,110.0675,110.1455
2021-06-15 15:00:00+00:00,usdjpy,110.1115,110.1125,110.0725,110.0865
2021-06-15 15:15:00+00:00,usdjpy,110.103,110.111,110.0735,110.111
2021-06-15 15:30:00+00:00,usdjpy,110.0995,110.1045,110.0845,110.1025
2021-06-15 15:45:00+00:00,usdjpy,110.1295,110.131,110.0945,110.1
2021-06-15 16:00:00+00:00,usdjpy,110.1465,110.1585,110.125,110.129
2021-06-15 16:15:00+00:00,usdjpy,110.1255,110.1505,110.1215,110.147
2021-06-15 16:30:00+00:00,usdjpy,110.1275,110.147,110.1225,110.126
2021-06-15 16:45:00+00:00,usdjpy,110.1095,110.1395,110.1065,110.127
2021-06-15 17:00:00+00:00,usdjpy,110.1145,110.1215,110.0755,110.1085
2021-06-15 17:15:00+00:00,usdjpy,110.0975,110.1205,110.0925,110.114
2021-06-15 17:30:00+00:00,usdjpy,110.0895,110.1005,110.0835,110.098
2021-06-15 17:45:00+00:00,usdjpy,110.091,110.095,110.0775,110.09
2021-06-15 18:00:00+00:00,usdjpy,110.0775,110.0965,110.0685,110.0915
2021-06-15 18:15:00+00:00,usdjpy,110.0835,110.0835,110.059,110.0765
2021-06-15 18:30:00+00:00,usdjpy,110.089,110.097,110.0705,110.084
2021-06-15 18:45:00+00:00,usdjpy,110.0955,110.1015,110.0875,110.0895
2021-06-15 19:00:00+00:00,usdjpy,110.0955,110.1015,110.0875,110.096
2021-06-15 19:15:00+00:00,usdjpy,110.0825,110.0965,110.0815,110.096
2021-06-15 19:30:00+00:00,usdjpy,110.0695,110.0845,110.0685,110.082
2021-06-15 19:45:00+00:00,usdjpy,110.0395,110.0725,110.0395,110.07
2021-06-15 20:00:00+00:00,usdjpy,110.0525,110.0655,110.04,110.04
2021-06-15 20:15:00+00:00,usdjpy,110.0595,110.06,110.051,110.0515
2021-06-15 20:30:00+00:00,usdjpy,110.047,110.0585,110.047,110.0585
2021-06-15 20:45:00+00:00,usdjpy,110.0815,110.0815,110.0475,110.0475
2021-06-15 21:00:00+00:00,usdjpy,110.0895,110.092,110.0595,110.08
2021-06-15 21:15:00+00:00,usdjpy,110.0585,110.0945,110.0495,110.0885
2021-06-15 21:30:00+00:00,usdjpy,110.0585,110.0635,110.0525,110.0565
2021-06-15 21:45:00+00:00,usdjpy,110.0575,110.077,110.051,110.0575
2021-06-15 22:00:00+00:00,usdjpy,110.0715,110.0775,110.055,110.0565
2021-06-15 22:15:00+00:00,usdjpy,110.0675,110.072,110.0645,110.072
2021-06-15 22:30:00+00:00,usdjpy,110.0515,110.076,110.051,110.068
2021-06-15 22:45:00+00:00,usdjpy,110.0545,110.0655,110.0465,110.051
2021-06-15 23:00:00+00:00,usdjpy,110.0655,110.0715,110.0475,110.055
2021-06-15 23:15:00+00:00,usdjpy,110.0655,110.0715,110.0625,110.0645
2021-06-15 23:30:00+00:00,usdjpy,110.0935,110.0965,110.0655,110.0665
2021-06-15 23:45:00+00:00,usdjpy,110.0835,110.0955,110.0835,110.094
2021-06-16 00:00:00+00:00,usdjpy,110.101,110.109,110.0715,110.0845
2021-06-16 00:15:00+00:00,usdjpy,110.0945,110.1005,110.0755,110.1005
2021-06-16 00:30:00+00:00,usdjpy,110.0825,110.0965,110.0815,110.094
2021-06-16 00:45:00+00:00,usdjpy,110.1365,110.1425,110.0825,110.0835
2021-06-16 01:00:00+00:00,usdjpy,110.1285,110.1375,110.1245,110.136
2021-06-16 01:15:00+00:00,usdjpy,110.109,110.1365,110.1085,110.128
2021-06-16 01:30:00+00:00,usdjpy,110.1025,110.1145,110.0885,110.1095
2021-06-16 01:45:00+00:00,usdjpy,110.1025,110.1025,110.0835,110.102
2021-06-16 02:00:00+00:00,usdjpy,110.1025,110.1025,110.0865,110.102
2021-06-16 02:15:00+00:00,usdjpy,110.1055,110.1155,110.0985,110.1035
2021-06-16 02:30:00+00:00,usdjpy,110.103,110.1115,110.0945,110.106
2021-06-16 02:45:00+00:00,usdjpy,110.0955,110.1135,110.0955,110.1035
2021-06-16 03:00:00+00:00,usdjpy,110.1065,110.1075,110.0955,110.0965
2021-06-16 03:15:00+00:00,usdjpy,110.1025,110.1075,110.096,110.106
2021-06-16 03:30:00+00:00,usdjpy,110.0955,110.104,110.0955,110.103
2021-06-16 03:45:00+00:00,usdjpy,110.1015,110.1035,110.0945,110.0965
2021-06-16 04:00:00+00:00,usdjpy,110.0985,110.1045,110.0765,110.1045
2021-06-16 04:15:00+00:00,usdjpy,110.0825,110.0985,110.0725,110.098
2021-06-16 04:30:00+00:00,usdjpy,110.0595,110.0825,110.0525,110.082
2021-06-16 04:45:00+00:00,usdjpy,110.0655,110.0685,110.0535,110.059
2021-06-16 05:00:00+00:00,usdjpy,110.069,110.0765,110.0605,110.065
2021-06-16 05:15:00+00:00,usdjpy,110.0655,110.0715,110.0585,110.0685
2021-06-16 05:30:00+00:00,usdjpy,110.0695,110.0715,110.0575,110.066
2021-06-16 05:45:00+00:00,usdjpy,110.0735,110.0825,110.0625,110.0705
2021-06-16 06:00:00+00:00,usdjpy,110.09,110.0955,110.0675,110.0745
2021-06-16 06:15:00+00:00,usdjpy,110.1285,110.134,110.0905,110.0905
2021-06-16 06:30:00+00:00,usdjpy,110.0815,110.1295,110.0785,110.1295
2021-06-16 06:45:00+00:00,usdjpy,110.0475,110.0855,110.028,110.082
2021-06-16 07:00:00+00:00,usdjpy,109.9885,110.0575,109.9545,110.0485
2021-06-16 07:15:00+00:00,usdjpy,109.9515,109.9975,109.8995,109.9875
2021-06-16 07:30:00+00:00,usdjpy,109.964,109.988,109.9355,109.9505
2021-06-16 07:45:00+00:00,usdjpy,109.9405,109.9695,109.9385,109.9645
2021-06-16 08:00:00+00:00,usdjpy,109.9215,109.9595,109.92,109.941
2021-06-16 08:15:00+00:00,usdjpy,109.9295,109.9295,109.9075,109.921
2021-06-16 08:30:00+00:00,usdjpy,109.9295,109.9435,109.921,109.929
2021-06-16 08:45:00+00:00,usdjpy,109.9395,109.954,109.9275,109.929
2021-06-16 09:00:00+00:00,usdjpy,109.9505,109.9765,109.9245,109.939
2021-06-16 09:15:00+00:00,usdjpy,109.9585,109.9635,109.9445,109.9515
2021-06-16 09:30:00+00:00,usdjpy,109.9715,109.9765,109.9525,109.9595
2021-06-16 09:45:00+00:00,usdjpy,109.9535,109.9715,109.9505,109.971
2021-06-16 10:00:00+00:00,usdjpy,109.9395,109.9575,109.9175,109.953
2021-06-16 10:15:00+00:00,usdjpy,109.9485,109.9565,109.9225,109.9385
2021-06-16 10:30:00+00:00,usdjpy,109.9645,109.9665,109.9415,109.948
2021-06-16 10:45:00+00:00,usdjpy,109.9635,109.9835,109.9515,109.965
2021-06-16 11:00:00+00:00,usdjpy,109.9645,109.9705,109.9505,109.9625
2021-06-16 11:15:00+00:00,usdjpy,109.9645,109.9745,109.9595,109.964
2021-06-16 11:30:00+00:00,usdjpy,109.9535,109.9655,109.9425,109.965
2021-06-16 11:45:00+00:00,usdjpy,109.9515,109.9665,109.9405,109.954
2021-06-16 12:00:00+00:00,usdjpy,109.8515,109.9525,109.8325,109.9525
2021-06-16 12:15:00+00:00,usdjpy,109.842,109.859,109.8055,109.851
2021-06-16 12:30:00+00:00,usdjpy,109.8795,109.8845,109.8335,109.8425
2021-06-16 12:45:00+00:00,usdjpy,109.8705,109.8845,109.8405,109.8805
2021-06-16 13:00:00+00:00,usdjpy,109.855,109.872,109.8075,109.87
2021-06-16 13:15:00+00:00,usdjpy,109.9025,109.9095,109.8515,109.8555
2021-06-16 13:30:00+00:00,usdjpy,109.8855,109.9275,109.8855,109.9015
2021-06-16 13:45:00+00:00,usdjpy,109.8865,109.9235,109.8815,109.885
2021-06-16 14:00:00+00:00,usdjpy,109.931,109.9465,109.8785,109.887
2021-06-16 14:15:00+00:00,usdjpy,109.962,109.9745,109.9275,109.9305
2021-06-16 14:30:00+00:00,usdjpy,109.969,109.9745,109.9575,109.9625
2021-06-16 14:45:00+00:00,usdjpy,109.9395,109.9815,109.9315,109.9685
2021-06-16 15:00:00+00:00,usdjpy,109.9385,109.9575,109.9365,109.939
2021-06-16 15:15:00+00:00,usdjpy,109.9395,109.9475,109.9235,109.9395
2021-06-16 15:30:00+00:00,usdjpy,109.9285,109.9415,109.9225,109.9385
2021-06-16 15:45:00+00:00,usdjpy,109.8765,109.9295,109.8735,109.9295
2021-06-16 16:00:00+00:00,usdjpy,109.8755,109.8925,109.8615,109.877
2021-06-16 16:15:00+00:00,usdjpy,109.9085,109.9145,109.8755,109.8765
2021-06-16 16:30:00+00:00,usdjpy,109.9105,109.9125,109.8965,109.9095
2021-06-16 16:45:00+00:00,usdjpy,109.8895,109.9165,109.8855,109.9095
2021-06-16 17:00:00+00:00,usdjpy,109.881,109.8965,109.877,109.8885
2021-06-16 17:15:00+00:00,usdjpy,109.8875,109.8905,109.8805,109.8805
2021-06-16 17:30:00+00:00,usdjpy,109.908,109.9115,109.886,109.8885
2021-06-16 17:45:00+00:00,usdjpy,109.886,109.9085,109.8845,109.9075
2021-06-16 18:00:00+00:00,usdjpy,110.3515,110.3625,109.8805,109.8865
2021-06-16 18:15:00+00:00,usdjpy,110.3285,110.4025,110.2075,110.352
2021-06-16 18:30:00+00:00,usdjpy,110.3635,110.4025,110.326,110.326
2021-06-16 18:45:00+00:00,usdjpy,110.3575,110.4265,110.3475,110.364
2021-06-16 19:00:00+00:00,usdjpy,110.3445,110.3675,110.3005,110.358
2021-06-16 19:15:00+00:00,usdjpy,110.4025,110.4185,110.3285,110.345
2021-06-16 19:30:00+00:00,usdjpy,110.4615,110.4675,110.3715,110.4035
2021-06-16 19:45:00+00:00,usdjpy,110.4955,110.4995,110.439,110.461
2021-06-16 20:00:00+00:00,usdjpy,110.4465,110.5015,110.4235,110.499
2021-06-16 20:15:00+00:00,usdjpy,110.4335,110.5205,110.4085,110.463
2021-06-16 20:30:00+00:00,usdjpy,110.5065,110.5065,110.404,110.433
2021-06-16 20:45:00+00:00,usdjpy,110.5665,110.578,110.4815,110.506
2021-06-16 21:00:00+00:00,usdjpy,110.5955,110.599,110.5355,110.568
2021-06-16 21:15:00+00:00,usdjpy,110.6965,110.6985,110.5905,110.5955
2021-06-16 21:30:00+00:00,usdjpy,110.7145,110.7205,110.6455,110.697
2021-06-16 21:45:00+00:00,usdjpy,110.6545,110.7175,110.6045,110.7155
2021-06-16 22:00:00+00:00,usdjpy,110.6515,110.6745,110.6455,110.655
2021-06-16 22:15:00+00:00,usdjpy,110.6665,110.6675,110.6465,110.652
2021-06-16 22:30:00+00:00,usdjpy,110.6945,110.6965,110.6405,110.667
2021-06-16 22:45:00+00:00,usdjpy,110.6975,110.7125,110.6775,110.694
2021-06-16 23:00:00+00:00,usdjpy,110.7305,110.732,110.6945,110.697
2021-06-16 23:15:00+00:00,usdjpy,110.7395,110.7465,110.7245,110.73
2021-06-16 23:30:00+00:00,usdjpy,110.7785,110.7785,110.7335,110.7385
2021-06-16 23:45:00+00:00,usdjpy,110.7735,110.8025,110.7695,110.778
2021-06-17 00:00:00+00:00,usdjpy,110.8135,110.8165,110.7455,110.7745
2021-06-17 00:15:00+00:00,usdjpy,110.7365,110.8255,110.7265,110.813
2021-06-17 00:30:00+00:00,usdjpy,110.723,110.7555,110.7095,110.737
2021-06-17 00:45:00+00:00,usdjpy,110.7515,110.7975,110.704,110.7235
2021-06-17 01:00:00+00:00,usdjpy,110.6605,110.7565,110.6585,110.752
2021-06-17 01:15:00+00:00,usdjpy,110.6835,110.6855,110.6515,110.66
2021-06-17 01:30:00+00:00,usdjpy,110.659,110.684,110.648,110.683
2021-06-17 01:45:00+00:00,usdjpy,110.6525,110.6835,110.6505,110.6595
2021-06-17 02:00:00+00:00,usdjpy,110.6425,110.6555,110.6175,110.6535
2021-06-17 02:15:00+00:00,usdjpy,110.6405,110.6555,110.6295,110.6415
2021-06-17 02:30:00+00:00,usdjpy,110.6405,110.6635,110.6345,110.64
2021-06-17 02:45:00+00:00,usdjpy,110.6195,110.6495,110.6095,110.641
2021-06-17 03:00:00+00:00,usdjpy,110.665,110.6655,110.6175,110.62
2021-06-17 03:15:00+00:00,usdjpy,110.6835,110.6835,110.6585,110.6655
2021-06-17 03:30:00+00:00,usdjpy,110.6995,110.7045,110.6775,110.6845
2021-06-17 03:45:00+00:00,usdjpy,110.7235,110.7315,110.7005,110.7005
2021-06-17 04:00:00+00:00,usdjpy,110.7095,110.7305,110.7085,110.7225
2021-06-17 04:15:00+00:00,usdjpy,110.6965,110.7095,110.6835,110.709
2021-06-17 04:30:00+00:00,usdjpy,110.6825,110.7025,110.677,110.697
2021-06-17 04:45:00+00:00,usdjpy,110.6775,110.6855,110.658,110.683
2021-06-17 05:00:00+00:00,usdjpy,110.6845,110.6965,110.6765,110.6785
2021-06-17 05:15:00+00:00,usdjpy,110.6705,110.6945,110.6675,110.685
2021-06-17 05:30:00+00:00,usdjpy,110.6495,110.683,110.647,110.671
2021-06-17 05:45:00+00:00,usdjpy,110.6445,110.6645,110.6075,110.6485
2021-06-17 06:00:00+00:00,usdjpy,110.7195,110.768,110.6425,110.6455
2021-06-17 06:15:00+00:00,usdjpy,110.6985,110.75,110.6735,110.72
2021-06-17 06:30:00+00:00,usdjpy,110.7085,110.7175,110.665,110.698
2021-06-17 06:45:00+00:00,usdjpy,110.656,110.724,110.6445,110.709
2021-06-17 07:00:00+00:00,usdjpy,110.708,110.7085,110.614,110.6565
2021-06-17 07:15:00+00:00,usdjpy,110.7075,110.7245,110.6595,110.7075
2021-06-17 07:30:00+00:00,usdjpy,110.6565,110.73,110.6235,110.7075
2021-06-17 07:45:00+00:00,usdjpy,110.6035,110.6625,110.603,110.6575
2021-06-17 08:00:00+00:00,usdjpy,110.578,110.607,110.5465,110.6005
2021-06-17 08:15:00+00:00,usdjpy,110.6075,110.6325,110.5675,110.5775
2021-06-17 08:30:00+00:00,usdjpy,110.6435,110.6595,110.5995,110.607
2021-06-17 08:45:00+00:00,usdjpy,110.6495,110.69,110.6355,110.643
2021-06-17 09:00:00+00:00,usdjpy,110.6615,110.6775,110.6365,110.649
2021-06-17 09:15:00+00:00,usdjpy,110.6555,110.6775,110.6275,110.661
2021-06-17 09:30:00+00:00,usdjpy,110.6585,110.6755,110.634,110.655
2021-06-17 09:45:00+00:00,usdjpy,110.6925,110.6975,110.6525,110.658
2021-06-17 10:00:00+00:00,usdjpy,110.7145,110.7185,110.6775,110.6915
2021-06-17 10:15:00+00:00,usdjpy,110.7435,110.7675,110.7055,110.7135
2021-06-17 10:30:00+00:00,usdjpy,110.7435,110.7645,110.7135,110.743
2021-06-17 10:45:00+00:00,usdjpy,110.7215,110.751,110.7215,110.745
2021-06-17 11:00:00+00:00,usdjpy,110.7235,110.7295,110.723,110.7245
2021-06-17 11:15:00+00:00,usdjpy,110.7065,110.7245,110.6885,110.723
2021-06-17 11:30:00+00:00,usdjpy,110.7445,110.7505,110.6995,110.7055
2021-06-17 11:45:00+00:00,usdjpy,110.7155,110.7515,110.7005,110.7455
2021-06-17 12:00:00+00:00,usdjpy,110.6635,110.7145,110.6075,110.7145
2021-06-17 12:15:00+00:00,usdjpy,110.6315,110.684,110.6275,110.663
2021-06-17 12:30:00+00:00,usdjpy,110.5785,110.6645,110.5765,110.631
2021-06-17 12:45:00+00:00,usdjpy,110.4775,110.5905,110.4555,110.579
2021-06-17 13:00:00+00:00,usdjpy,110.4615,110.503,110.4345,110.4885
2021-06-17 13:15:00+00:00,usdjpy,110.3945,110.4745,110.374,110.4625
2021-06-17 13:30:00+00:00,usdjpy,110.3885,110.4035,110.3685,110.394
2021-06-17 13:45:00+00:00,usdjpy,110.432,110.4485,110.3835,110.388
2021-06-17 14:00:00+00:00,usdjpy,110.4285,110.4625,110.3945,110.446
2021-06-17 14:15:00+00:00,usdjpy,110.4345,110.4845,110.4275,110.429
2021-06-17 14:30:00+00:00,usdjpy,110.3945,110.47,110.3865,110.434
2021-06-17 14:45:00+00:00,usdjpy,110.3835,110.4345,110.355,110.3935
2021-06-17 15:00:00+00:00,usdjpy,110.2325,110.383,110.231,110.383
2021-06-17 15:15:00+00:00,usdjpy,110.2555,110.2625,110.1885,110.2275
2021-06-17 15:30:00+00:00,usdjpy,110.3215,110.3465,110.2475,110.255
2021-06-17 15:45:00+00:00,usdjpy,110.31,110.3675,110.3095,110.321
2021-06-17 16:00:00+00:00,usdjpy,110.3305,110.3605,110.2925,110.3115
2021-06-17 16:15:00+00:00,usdjpy,110.2925,110.3375,110.268,110.3315
2021-06-17 16:30:00+00:00,usdjpy,110.2435,110.2995,110.2295,110.287
2021-06-17 16:45:00+00:00,usdjpy,110.2405,110.2575,110.1685,110.244
2021-06-17 17:00:00+00:00,usdjpy,110.2695,110.3145,110.2345,110.24
2021-06-17 17:15:00+00:00,usdjpy,110.2745,110.3245,110.2505,110.2705
2021-06-17 17:30:00+00:00,usdjpy,110.2065,110.2845,110.199,110.2735
2021-06-17 17:45:00+00:00,usdjpy,110.2185,110.2375,110.2045,110.2055
2021-06-17 18:00:00+00:00,usdjpy,110.2265,110.231,110.1955,110.218
2021-06-17 18:15:00+00:00,usdjpy,110.2115,110.2295,110.1955,110.2255
2021-06-17 18:30:00+00:00,usdjpy,110.2215,110.2375,110.2005,110.2125
2021-06-17 18:45:00+00:00,usdjpy,110.2295,110.2355,110.211,110.2205
2021-06-17 19:15:00+00:00,usdjpy,110.2775,110.2775,110.2775,110.2775
2021-06-17 19:45:00+00:00,usdjpy,110.2975,110.2975,110.2975,110.2975
2021-06-17 20:45:00+00:00,usdjpy,110.211,110.2725,110.2085,110.2585
2021-06-17 21:00:00+00:00,usdjpy,110.2515,110.2605,110.2055,110.23
2021-06-17 21:15:00+00:00,usdjpy,110.252,110.27,110.2195,110.2195
2021-06-17 21:30:00+00:00,usdjpy,110.2525,110.2565,110.241,110.2525
2021-06-17 21:45:00+00:00,usdjpy,110.2575,110.2645,110.2385,110.253
2021-06-17 22:00:00+00:00,usdjpy,110.2445,110.2585,110.23,110.2585
2021-06-17 22:15:00+00:00,usdjpy,110.275,110.2785,110.2435,110.2435
2021-06-17 22:30:00+00:00,usdjpy,110.2795,110.2875,110.2625,110.2745
2021-06-17 22:45:00+00:00,usdjpy,110.2775,110.2925,110.2735,110.28
2021-06-17 23:00:00+00:00,usdjpy,110.2655,110.2855,110.263,110.2785
2021-06-17 23:15:00+00:00,usdjpy,110.2755,110.2775,110.2475,110.265
2021-06-17 23:30:00+00:00,usdjpy,110.3095,110.3225,110.2735,110.2765
2021-06-17 23:45:00+00:00,usdjpy,110.327,110.3315,110.2915,110.309
2021-06-18 00:00:00+00:00,usdjpy,110.291,110.3305,110.2415,110.3265
2021-06-18 00:15:00+00:00,usdjpy,110.2845,110.2985,110.2565,110.2905
2021-06-18 00:30:00+00:00,usdjpy,110.2895,110.3045,110.264,110.284
2021-06-18 00:45:00+00:00,usdjpy,110.3115,110.3235,110.2785,110.2905
2021-06-18 01:00:00+00:00,usdjpy,110.2775,110.3275,110.2655,110.312
2021-06-18 01:15:00+00:00,usdjpy,110.2925,110.3035,110.2645,110.2765
2021-06-18 01:30:00+00:00,usdjpy,110.2305,110.2925,110.2235,110.292
2021-06-18 01:45:00+00:00,usdjpy,110.1885,110.2335,110.1795,110.231
2021-06-18 02:00:00+00:00,usdjpy,110.215,110.2175,110.1685,110.189
2021-06-18 02:15:00+00:00,usdjpy,110.1815,110.2205,110.1785,110.2145
2021-06-18 02:30:00+00:00,usdjpy,110.1855,110.1945,110.1575,110.181
2021-06-18 02:45:00+00:00,usdjpy,110.2075,110.2145,110.1765,110.185
2021-06-18 03:00:00+00:00,usdjpy,110.1945,110.2145,110.1935,110.207
2021-06-18 03:15:00+00:00,usdjpy,110.1895,110.2035,110.1745,110.1955
2021-06-18 03:30:00+00:00,usdjpy,110.1945,110.2085,110.1855,110.19
2021-06-18 03:45:00+00:00,usdjpy,110.1955,110.1965,110.1745,110.194
2021-06-18 04:00:00+00:00,usdjpy,110.2005,110.2045,110.1905,110.195
2021-06-18 04:15:00+00:00,usdjpy,110.2255,110.2265,110.1885,110.2
2021-06-18 04:30:00+00:00,usdjpy,110.2375,110.2385,110.2255,110.226
2021-06-18 04:45:00+00:00,usdjpy,110.2185,110.2485,110.2005,110.2385
2021-06-18 05:00:00+00:00,usdjpy,110.179,110.2335,110.1625,110.219
2021-06-18 05:15:00+00:00,usdjpy,110.2015,110.2245,110.1685,110.1785
2021-06-18 05:30:00+00:00,usdjpy,110.1715,110.2145,110.1715,110.2005
2021-06-18 05:45:00+00:00,usdjpy,110.0425,110.1775,109.9775,110.1705
2021-06-18 06:00:00+00:00,usdjpy,110.078,110.0925,110.0365,110.043
2021-06-18 06:15:00+00:00,usdjpy,110.0535,110.1095,110.0535,110.0775
2021-06-18 06:30:00+00:00,usdjpy,110.0595,110.073,110.0035,110.053
2021-06-18 06:45:00+00:00,usdjpy,110.066,110.092,110.0365,110.06
2021-06-18 07:00:00+00:00,usdjpy,110.1135,110.1285,110.0285,110.0665
2021-06-18 07:15:00+00:00,usdjpy,110.0995,110.1275,110.0375,110.1145
2021-06-18 07:30:00+00:00,usdjpy,110.0745,110.1075,109.9755,110.101
2021-06-18 07:45:00+00:00,usdjpy,110.0035,110.0865,109.9445,110.0735
2021-06-18 08:00:00+00:00,usdjpy,110.0565,110.0635,109.9795,110.0045
2021-06-18 08:15:00+00:00,usdjpy,110.0495,110.093,110.0375,110.056
2021-06-18 08:30:00+00:00,usdjpy,110.1505,110.1775,110.0505,110.0505
2021-06-18 08:45:00+00:00,usdjpy,110.1385,110.172,110.1335,110.1515
2021-06-18 09:00:00+00:00,usdjpy,110.1395,110.1725,110.1295,110.138
2021-06-18 09:15:00+00:00,usdjpy,110.1995,110.2025,110.1255,110.139
2021-06-18 09:30:00+00:00,usdjpy,110.2145,110.2295,110.1955,110.1985
2021-06-18 09:45:00+00:00,usdjpy,110.1505,110.2295,110.144,110.214
2021-06-18 10:00:00+00:00,usdjpy,110.132,110.1565,110.1105,110.1495
2021-06-18 10:15:00+00:00,usdjpy,110.1445,110.1485,110.11,110.1315
2021-06-18 10:30:00+00:00,usdjpy,110.1195,110.1495,110.116,110.145
2021-06-18 10:45:00+00:00,usdjpy,110.0955,110.12,110.0715,110.12
2021-06-18 11:00:00+00:00,usdjpy,110.117,110.1385,110.0925,110.095
2021-06-18 11:15:00+00:00,usdjpy,110.1775,110.1815,110.1095,110.1175
2021-06-18 11:30:00+00:00,usdjpy,110.1635,110.1905,110.1375,110.177
2021-06-18 11:45:00+00:00,usdjpy,110.1285,110.1795,110.1175,110.1645
2021-06-18 12:00:00+00:00,usdjpy,110.1955,110.2415,110.1255,110.129
2021-06-18 12:15:00+00:00,usdjpy,110.2095,110.2545,110.1875,110.196
2021-06-18 12:30:00+00:00,usdjpy,110.2495,110.254,110.1825,110.2085
2021-06-18 12:45:00+00:00,usdjpy,110.239,110.253,110.2045,110.25
2021-06-18 13:00:00+00:00,usdjpy,110.2775,110.2955,110.2065,110.241
2021-06-18 13:15:00+00:00,usdjpy,110.2575,110.3105,110.2445,110.2765
2021-06-18 13:30:00+00:00,usdjpy,110.295,110.3085,110.2505,110.258
2021-06-18 13:45:00+00:00,usdjpy,110.2785,110.3295,110.2775,110.2955
2021-06-18 14:00:00+00:00,usdjpy,110.377,110.3895,110.2635,110.279
2021-06-18 14:15:00+00:00,usdjpy,110.4035,110.4505,110.358,110.3765
2021-06-18 14:30:00+00:00,usdjpy,110.4335,110.441,110.3685,110.403
2021-06-18 14:45:00+00:00,usdjpy,110.484,110.4855,110.404,110.434
2021-06-18 15:00:00+00:00,usdjpy,110.4495,110.4825,110.4355,110.4825
2021-06-18 15:15:00+00:00,usdjpy,110.3905,110.4535,110.3725,110.4505
2021-06-18 15:30:00+00:00,usdjpy,110.2695,110.4315,110.264,110.3925
2021-06-18 15:45:00+00:00,usdjpy,110.08,110.2725,110.0425,110.27
2021-06-18 16:00:00+00:00,usdjpy,110.1905,110.2055,110.0695,110.0795
2021-06-18 16:15:00+00:00,usdjpy,110.2495,110.258,110.1455,110.189
2021-06-18 16:30:00+00:00,usdjpy,110.2695,110.3175,110.2155,110.2405
2021-06-18 16:45:00+00:00,usdjpy,110.2975,110.337,110.2575,110.269
2021-06-18 17:00:00+00:00,usdjpy,110.226,110.2985,110.215,110.297
2021-06-18 17:15:00+00:00,usdjpy,110.2225,110.2725,110.2145,110.2265
2021-06-18 17:30:00+00:00,usdjpy,110.1695,110.2405,110.168,110.2235
2021-06-18 17:45:00+00:00,usdjpy,110.2245,110.2435,110.1635,110.1655
2021-06-18 18:00:00+00:00,usdjpy,110.2195,110.2615,110.2185,110.2195
2021-06-18 18:15:00+00:00,usdjpy,110.2185,110.2255,110.1805,110.2205
2021-06-18 18:30:00+00:00,usdjpy,110.1555,110.218,110.1405,110.2175
2021-06-18 18:45:00+00:00,usdjpy,110.1575,110.1685,110.1155,110.1565
2021-06-18 19:00:00+00:00,usdjpy,110.1485,110.167,110.1335,110.157
2021-06-18 19:15:00+00:00,usdjpy,110.1165,110.1515,110.1095,110.1495
2021-06-18 19:30:00+00:00,usdjpy,110.1385,110.1425,110.1125,110.116
2021-06-18 19:45:00+00:00,usdjpy,110.135,110.1845,110.1255,110.139
2021-06-18 20:00:00+00:00,usdjpy,110.1835,110.1945,110.134,110.1355
2021-06-18 20:15:00+00:00,usdjpy,110.2015,110.2065,110.183,110.183
2021-06-18 20:30:00+00:00,usdjpy,110.1985,110.2155,110.1925,110.201
2021-06-18 20:45:00+00:00,usdjpy,110.187,110.2375,110.187,110.199
2021-06-20 21:00:00+00:00,usdjpy,110.246,110.2635,110.212,110.2625
2021-06-20 21:15:00+00:00,usdjpy,110.2485,110.2985,110.2235,110.2405
2021-06-20 21:30:00+00:00,usdjpy,110.2325,110.2615,110.213,110.2415
2021-06-20 21:45:00+00:00,usdjpy,110.242,110.26,110.21,110.231
2021-06-20 22:00:00+00:00,usdjpy,110.1805,110.2425,110.1755,110.2425
2021-06-20 22:15:00+00:00,usdjpy,110.1845,110.1875,110.1585,110.181
2021-06-20 22:30:00+00:00,usdjpy,110.1925,110.2025,110.173,110.185
2021-06-20 22:45:00+00:00,usdjpy,110.1765,110.1955,110.1765,110.192
2021-06-20 23:00:00+00:00,usdjpy,110.1905,110.1945,110.1665,110.177
2021-06-20 23:15:00+00:00,usdjpy,110.1945,110.2005,110.1745,110.191
2021-06-20 23:30:00+00:00,usdjpy,110.227,110.227,110.181,110.194
2021-06-20 23:45:00+00:00,usdjpy,110.2045,110.2325,110.1825,110.2265
2021-06-21 00:00:00+00:00,usdjpy,110.1805,110.2505,110.1495,110.205
2021-06-21 00:15:00+00:00,usdjpy,110.2025,110.2185,110.1795,110.181
2021-06-21 00:30:00+00:00,usdjpy,110.161,110.216,110.1555,110.2015
2021-06-21 00:45:00+00:00,usdjpy,110.2325,110.2375,110.1585,110.1615
2021-06-21 01:00:00+00:00,usdjpy,110.1845,110.2475,110.1585,110.233
2021-06-21 01:15:00+00:00,usdjpy,110.1725,110.1855,110.1445,110.184
2021-06-21 01:30:00+00:00,usdjpy,110.1695,110.1905,110.147,110.172
2021-06-21 01:45:00+00:00,usdjpy,110.1265,110.1745,110.1165,110.169
2021-06-21 02:00:00+00:00,usdjpy,109.9645,110.126,109.9395,110.126
2021-06-21 02:15:00+00:00,usdjpy,110.0505,110.0525,109.949,109.9635
2021-06-21 02:30:00+00:00,usdjpy,110.052,110.06,110.0165,110.0495
2021-06-21 02:45:00+00:00,usdjpy,110.0375,110.0685,110.0375,110.0525
2021-06-21 03:00:00+00:00,usdjpy,109.9655,110.0445,109.939,110.0385
2021-06-21 03:15:00+00:00,usdjpy,109.8505,109.9715,109.8475,109.965
2021-06-21 03:30:00+00:00,usdjpy,109.771,109.8765,109.7165,109.8495
2021-06-21 03:45:00+00:00,usdjpy,109.8075,109.8355,109.7605,109.7695
2021-06-21 04:00:00+00:00,usdjpy,109.8265,109.8535,109.7785,109.807
2021-06-21 04:15:00+00:00,usdjpy,109.7895,109.8255,109.7375,109.8255
2021-06-21 04:30:00+00:00,usdjpy,109.8095,109.8185,109.7645,109.7885
2021-06-21 04:45:00+00:00,usdjpy,109.796,109.8375,109.7885,109.81
2021-06-21 05:00:00+00:00,usdjpy,109.8435,109.8495,109.7925,109.7955
2021-06-21 05:15:00+00:00,usdjpy,109.834,109.853,109.8085,109.843
2021-06-21 05:30:00+00:00,usdjpy,109.8395,109.8615,109.8155,109.8345
2021-06-21 05:45:00+00:00,usdjpy,109.8645,109.8725,109.8035,109.8385
2021-06-21 06:00:00+00:00,usdjpy,109.8985,109.904,109.8315,109.865
2021-06-21 06:15:00+00:00,usdjpy,109.9645,109.977,109.8765,109.898
2021-06-21 06:30:00+00:00,usdjpy,109.9255,109.9645,109.9055,109.9635
2021-06-21 06:45:00+00:00,usdjpy,109.9025,109.954,109.8805,109.9245
2021-06-21 07:00:00+00:00,usdjpy,109.9015,109.9725,109.8805,109.903
2021-06-21 07:15:00+00:00,usdjpy,109.9875,109.993,109.9025,109.9025
2021-06-21 07:30:00+00:00,usdjpy,109.9655,110.0105,109.9575,109.988
2021-06-21 07:45:00+00:00,usdjpy,110.0335,110.065,109.966,109.966
2021-06-21 08:00:00+00:00,usdjpy,110.0155,110.064,109.974,110.034
2021-06-21 08:15:00+00:00,usdjpy,110.012,110.0415,110.0055,110.016
2021-06-21 08:30:00+00:00,usdjpy,109.9795,110.018,109.9555,110.01
2021-06-21 08:45:00+00:00,usdjpy,109.935,109.995,109.9285,109.979
2021-06-21 09:00:00+00:00,usdjpy,110.0345,110.0555,109.9165,109.933
2021-06-21 09:15:00+00:00,usdjpy,110.1195,110.1545,110.0295,110.035
2021-06-21 09:30:00+00:00,usdjpy,110.1125,110.1415,110.0885,110.12
2021-06-21 09:45:00+00:00,usdjpy,110.113,110.14,110.1015,110.113
2021-06-21 10:00:00+00:00,usdjpy,110.1325,110.1375,110.1025,110.1135
2021-06-21 10:15:00+00:00,usdjpy,110.1275,110.1545,110.1155,110.1335
2021-06-21 10:30:00+00:00,usdjpy,110.0825,110.1315,110.072,110.127
2021-06-21 10:45:00+00:00,usdjpy,110.1265,110.139,110.0815,110.082
2021-06-21 11:00:00+00:00,usdjpy,110.0975,110.1485,110.0955,110.126
2021-06-21 11:15:00+00:00,usdjpy,110.1065,110.1255,110.0935,110.0985
2021-06-21 11:30:00+00:00,usdjpy,110.1015,110.121,110.0965,110.107
2021-06-21 11:45:00+00:00,usdjpy,110.098,110.125,110.0835,110.101
2021-06-21 12:00:00+00:00,usdjpy,110.0945,110.1235,110.0765,110.0975
2021-06-21 12:15:00+00:00,usdjpy,110.1475,110.1595,110.0905,110.095
2021-06-21 12:30:00+00:00,usdjpy,110.1165,110.1515,110.1125,110.148
2021-06-21 12:45:00+00:00,usdjpy,110.1325,110.141,110.0945,110.1155
2021-06-21 13:00:00+00:00,usdjpy,110.195,110.2055,110.1195,110.133
2021-06-21 13:15:00+00:00,usdjpy,110.1915,110.1975,110.1555,110.1945
2021-06-21 13:30:00+00:00,usdjpy,110.2995,110.3355,110.1855,110.1925
2021-06-21 13:45:00+00:00,usdjpy,110.2125,110.308,110.2095,110.3
2021-06-21 14:00:00+00:00,usdjpy,110.1925,110.2765,110.185,110.2185
2021-06-21 14:15:00+00:00,usdjpy,110.1735,110.2455,110.1675,110.1945
2021-06-21 14:30:00+00:00,usdjpy,110.1465,110.1985,110.1465,110.1745
2021-06-21 14:45:00+00:00,usdjpy,110.189,110.2155,110.1465,110.147
2021-06-21 15:00:00+00:00,usdjpy,110.1745,110.2055,110.1645,110.1955
2021-06-21 15:15:00+00:00,usdjpy,110.1905,110.195,110.1515,110.1765
2021-06-21 15:30:00+00:00,usdjpy,110.2175,110.2315,110.1875,110.189
2021-06-21 15:45:00+00:00,usdjpy,110.2185,110.2485,110.217,110.2185
2021-06-21 16:00:00+00:00,usdjpy,110.1985,110.2205,110.1915,110.219
2021-06-21 16:15:00+00:00,usdjpy,110.1875,110.2115,110.187,110.1995
2021-06-21 16:30:00+00:00,usdjpy,110.165,110.187,110.1535,110.187
2021-06-21 16:45:00+00:00,usdjpy,110.1665,110.1695,110.1405,110.1655
2021-06-21 17:00:00+00:00,usdjpy,110.1775,110.1905,110.1595,110.166
2021-06-21 17:15:00+00:00,usdjpy,110.2035,110.205,110.178,110.178
2021-06-21 17:30:00+00:00,usdjpy,110.2505,110.2525,110.2025,110.2045
2021-06-21 17:45:00+00:00,usdjpy,110.2815,110.2885,110.2385,110.25
2021-06-21 18:00:00+00:00,usdjpy,110.2625,110.306,110.261,110.2805
2021-06-21 18:15:00+00:00,usdjpy,110.2385,110.2695,110.2385,110.2615
2021-06-21 18:30:00+00:00,usdjpy,110.2645,110.2665,110.2355,110.2395
2021-06-21 18:45:00+00:00,usdjpy,110.2885,110.2885,110.2575,110.2655
2021-06-21 19:00:00+00:00,usdjpy,110.2895,110.2895,110.2545,110.288
2021-06-21 19:15:00+00:00,usdjpy,110.3025,110.307,110.2755,110.289
2021-06-21 19:30:00+00:00,usdjpy,110.2965,110.3095,110.2805,110.302
2021-06-21 19:45:00+00:00,usdjpy,110.2815,110.3025,110.2705,110.2955
2021-06-21 20:00:00+00:00,usdjpy,110.3135,110.3135,110.2695,110.282
2021-06-21 20:15:00+00:00,usdjpy,110.329,110.3375,110.2845,110.3125
2021-06-21 20:30:00+00:00,usdjpy,110.3195,110.3535,110.3135,110.3285
2021-06-21 20:45:00+00:00,usdjpy,110.2975,110.335,110.2955,110.319
2021-06-21 21:00:00+00:00,usdjpy,110.2905,110.3115,110.2835,110.3095
2021-06-21 21:15:00+00:00,usdjpy,110.3095,110.3205,110.2915,110.2915
2021-06-21 21:30:00+00:00,usdjpy,110.313,110.3245,110.2925,110.3105
2021-06-21 21:45:00+00:00,usdjpy,110.3095,110.3235,110.2935,110.3135
2021-06-21 22:00:00+00:00,usdjpy,110.2985,110.3205,110.292,110.3105
2021-06-21 22:15:00+00:00,usdjpy,110.2775,110.3025,110.2775,110.299
2021-06-21 22:30:00+00:00,usdjpy,110.3205,110.3255,110.2775,110.278
2021-06-21 22:45:00+00:00,usdjpy,110.3285,110.3385,110.3115,110.3195
2021-06-21 23:00:00+00:00,usdjpy,110.3265,110.3435,110.322,110.328
2021-06-21 23:15:00+00:00,usdjpy,110.3285,110.3395,110.3245,110.327
2021-06-21 23:30:00+00:00,usdjpy,110.3685,110.3835,110.329,110.329
2021-06-21 23:45:00+00:00,usdjpy,110.379,110.38,110.363,110.369
2021-06-22 00:00:00+00:00,usdjpy,110.323,110.4045,110.2955,110.3795
2021-06-22 00:15:00+00:00,usdjpy,110.2555,110.3255,110.2515,110.3225
2021-06-22 00:30:00+00:00,usdjpy,110.2935,110.2985,110.255,110.255
2021-06-22 00:45:00+00:00,usdjpy,110.263,110.293,110.2135,110.293
2021-06-22 01:00:00+00:00,usdjpy,110.2705,110.2995,110.2565,110.2635
2021-06-22 01:15:00+00:00,usdjpy,110.272,110.2905,110.2645,110.27
2021-06-22 01:30:00+00:00,usdjpy,110.2475,110.277,110.2455,110.2715
2021-06-22 01:45:00+00:00,usdjpy,110.314,110.3145,110.2435,110.2465
2021-06-22 02:00:00+00:00,usdjpy,110.3385,110.3425,110.3125,110.3135
2021-06-22 02:15:00+00:00,usdjpy,110.4275,110.4305,110.339,110.339
2021-06-22 02:30:00+00:00,usdjpy,110.4265,110.4395,110.3925,110.427
2021-06-22 02:45:00+00:00,usdjpy,110.36,110.4745,110.358,110.4275
2021-06-22 03:00:00+00:00,usdjpy,110.3965,110.4035,110.3595,110.3595
2021-06-22 03:15:00+00:00,usdjpy,110.4045,110.4185,110.3775,110.396
2021-06-22 03:30:00+00:00,usdjpy,110.4285,110.4425,110.401,110.404
2021-06-22 03:45:00+00:00,usdjpy,110.4155,110.454,110.3975,110.4275
2021-06-22 04:00:00+00:00,usdjpy,110.4025,110.424,110.3975,110.416
2021-06-22 04:15:00+00:00,usdjpy,110.4085,110.4205,110.3935,110.402
2021-06-22 04:30:00+00:00,usdjpy,110.4285,110.4295,110.4055,110.409
2021-06-22 04:45:00+00:00,usdjpy,110.4545,110.4545,110.4275,110.4275
2021-06-22 05:00:00+00:00,usdjpy,110.4345,110.4585,110.4325,110.454
2021-06-22 05:15:00+00:00,usdjpy,110.4695,110.4835,110.434,110.4355
2021-06-22 05:30:00+00:00,usdjpy,110.4395,110.4775,110.4395,110.4705
2021-06-22 05:45:00+00:00,usdjpy,110.4865,110.4875,110.4085,110.439
2021-06-22 06:00:00+00:00,usdjpy,110.47,110.5385,110.467,110.4875
2021-06-22 06:15:00+00:00,usdjpy,110.453,110.493,110.4355,110.4705
2021-06-22 06:30:00+00:00,usdjpy,110.4265,110.456,110.409,110.4525
2021-06-22 06:45:00+00:00,usdjpy,110.406,110.4325,110.3845,110.4255
2021-06-22 07:00:00+00:00,usdjpy,110.3935,110.4555,110.3525,110.4065
2021-06-22 07:15:00+00:00,usdjpy,110.4365,110.4385,110.3655,110.3945
2021-06-22 07:30:00+00:00,usdjpy,110.4605,110.4615,110.408,110.4375
2021-06-22 07:45:00+00:00,usdjpy,110.4855,110.4905,110.4485,110.461
2021-06-22 08:00:00+00:00,usdjpy,110.48,110.5295,110.4685,110.4845
2021-06-22 08:15:00+00:00,usdjpy,110.464,110.4965,110.4395,110.4795
2021-06-22 08:30:00+00:00,usdjpy,110.4715,110.4845,110.4315,110.4645
2021-06-22 08:45:00+00:00,usdjpy,110.481,110.5035,110.4645,110.471
2021-06-22 09:00:00+00:00,usdjpy,110.4715,110.52,110.4715,110.4805
2021-06-22 09:15:00+00:00,usdjpy,110.4755,110.4855,110.4615,110.471
2021-06-22 09:30:00+00:00,usdjpy,110.4855,110.4925,110.4545,110.4745
2021-06-22 09:45:00+00:00,usdjpy,110.4495,110.4865,110.4345,110.485
2021-06-22 10:00:00+00:00,usdjpy,110.4265,110.4525,110.4095,110.45
2021-06-22 10:15:00+00:00,usdjpy,110.4025,110.4335,110.3935,110.4275
2021-06-22 10:30:00+00:00,usdjpy,110.4295,110.4325,110.3865,110.402
2021-06-22 10:45:00+00:00,usdjpy,110.4555,110.4555,110.4215,110.429
2021-06-22 11:00:00+00:00,usdjpy,110.4795,110.4855,110.4405,110.455
2021-06-22 11:15:00+00:00,usdjpy,110.49,110.4915,110.4705,110.4805
2021-06-22 11:30:00+00:00,usdjpy,110.4765,110.4955,110.4535,110.4895
2021-06-22 11:45:00+00:00,usdjpy,110.524,110.5295,110.472,110.476
2021-06-22 12:00:00+00:00,usdjpy,110.5535,110.5685,110.5135,110.5235
2021-06-22 12:15:00+00:00,usdjpy,110.568,110.589,110.5485,110.554
2021-06-22 12:30:00+00:00,usdjpy,110.5835,110.588,110.5405,110.5665
2021-06-22 12:45:00+00:00,usdjpy,110.6945,110.7005,110.5785,110.5845
2021-06-22 13:00:00+00:00,usdjpy,110.6935,110.7215,110.6725,110.6955
2021-06-22 13:15:00+00:00,usdjpy,110.6895,110.6995,110.6435,110.694
2021-06-22 13:30:00+00:00,usdjpy,110.6815,110.7255,110.6535,110.689
2021-06-22 13:45:00+00:00,usdjpy,110.6705,110.7205,110.6495,110.681
2021-06-22 14:00:00+00:00,usdjpy,110.6535,110.717,110.6115,110.6695
2021-06-22 14:15:00+00:00,usdjpy,110.6885,110.6935,110.6435,110.6545
2021-06-22 14:30:00+00:00,usdjpy,110.6945,110.7165,110.6805,110.6875
2021-06-22 14:45:00+00:00,usdjpy,110.7275,110.7485,110.6595,110.6955
2021-06-22 15:00:00+00:00,usdjpy,110.7425,110.7505,110.6855,110.728
2021-06-22 15:15:00+00:00,usdjpy,110.789,110.7895,110.7295,110.742
2021-06-22 15:30:00+00:00,usdjpy,110.7835,110.7935,110.7725,110.7885
2021-06-22 15:45:00+00:00,usdjpy,110.75,110.7895,110.743,110.784
2021-06-22 16:00:00+00:00,usdjpy,110.758,110.769,110.741,110.7505
2021-06-22 16:15:00+00:00,usdjpy,110.7065,110.765,110.7065,110.7585
2021-06-22 16:30:00+00:00,usdjpy,110.6955,110.7165,110.6855,110.7075
2021-06-22 16:45:00+00:00,usdjpy,110.7035,110.7135,110.6775,110.696
2021-06-22 17:00:00+00:00,usdjpy,110.7185,110.7245,110.7005,110.7045
2021-06-22 17:15:00+00:00,usdjpy,110.6815,110.718,110.6675,110.718
2021-06-22 17:30:00+00:00,usdjpy,110.6835,110.7045,110.6825,110.6825
2021-06-22 17:45:00+00:00,usdjpy,110.7085,110.7085,110.682,110.6825
2021-06-22 18:00:00+00:00,usdjpy,110.6775,110.7115,110.6735,110.7095
2021-06-22 18:15:00+00:00,usdjpy,110.6615,110.6945,110.6565,110.677
2021-06-22 18:30:00+00:00,usdjpy,110.6365,110.68,110.6245,110.6625
2021-06-22 18:45:00+00:00,usdjpy,110.6255,110.637,110.6125,110.637
2021-06-22 19:00:00+00:00,usdjpy,110.601,110.6315,110.5895,110.6265
2021-06-22 19:15:00+00:00,usdjpy,110.6305,110.6445,110.5995,110.6005
2021-06-22 19:30:00+00:00,usdjpy,110.6205,110.6345,110.6015,110.6315
2021-06-22 19:45:00+00:00,usdjpy,110.6265,110.6385,110.6115,110.621
2021-06-22 20:00:00+00:00,usdjpy,110.6615,110.6775,110.628,110.628
2021-06-22 20:15:00+00:00,usdjpy,110.6755,110.6775,110.65,110.6605
2021-06-22 20:30:00+00:00,usdjpy,110.676,110.6825,110.6675,110.676
2021-06-22 20:45:00+00:00,usdjpy,110.6505,110.6835,110.6435,110.6755
2021-06-22 21:00:00+00:00,usdjpy,110.6565,110.6705,110.643,110.6675
2021-06-22 21:15:00+00:00,usdjpy,110.6475,110.6595,110.638,110.6465
2021-06-22 21:30:00+00:00,usdjpy,110.656,110.6615,110.6335,110.6485
2021-06-22 21:45:00+00:00,usdjpy,110.6565,110.6625,110.6515,110.6555
2021-06-22 22:00:00+00:00,usdjpy,110.6485,110.6805,110.6395,110.657
2021-06-22 22:15:00+00:00,usdjpy,110.6495,110.664,110.6445,110.649
2021-06-22 22:30:00+00:00,usdjpy,110.6495,110.6625,110.6355,110.65
2021-06-22 22:45:00+00:00,usdjpy,110.6505,110.6555,110.6415,110.649
2021-06-22 23:00:00+00:00,usdjpy,110.6495,110.6525,110.6415,110.6495
2021-06-22 23:15:00+00:00,usdjpy,110.6565,110.6685,110.6485,110.6485
2021-06-22 23:30:00+00:00,usdjpy,110.6495,110.6625,110.6375,110.657
2021-06-22 23:45:00+00:00,usdjpy,110.6565,110.6565,110.6255,110.649
2021-06-23 00:00:00+00:00,usdjpy,110.728,110.7405,110.648,110.6555
2021-06-23 00:15:00+00:00,usdjpy,110.7275,110.7595,110.7085,110.7285
2021-06-23 00:30:00+00:00,usdjpy,110.7375,110.7485,110.7095,110.728
2021-06-23 00:45:00+00:00,usdjpy,110.7305,110.7675,110.7135,110.738
2021-06-23 01:00:00+00:00,usdjpy,110.769,110.8055,110.7215,110.73
2021-06-23 01:15:00+00:00,usdjpy,110.7865,110.7905,110.75,110.7685
2021-06-23 01:30:00+00:00,usdjpy,110.7865,110.7905,110.7435,110.7875
2021-06-23 01:45:00+00:00,usdjpy,110.832,110.8545,110.776,110.786
2021-06-23 02:00:00+00:00,usdjpy,110.8315,110.8385,110.8065,110.8315
2021-06-23 02:15:00+00:00,usdjpy,110.8095,110.831,110.8005,110.831
2021-06-23 02:30:00+00:00,usdjpy,110.783,110.8095,110.7725,110.809
2021-06-23 02:45:00+00:00,usdjpy,110.749,110.7825,110.7475,110.7825
2021-06-23 03:00:00+00:00,usdjpy,110.7495,110.7565,110.7115,110.7495
2021-06-23 03:15:00+00:00,usdjpy,110.7335,110.7535,110.7295,110.75
2021-06-23 03:30:00+00:00,usdjpy,110.7625,110.764,110.732,110.7325
2021-06-23 03:45:00+00:00,usdjpy,110.7665,110.7825,110.7605,110.762
2021-06-23 04:00:00+00:00,usdjpy,110.7955,110.7955,110.7565,110.7655
2021-06-23 04:15:00+00:00,usdjpy,110.7985,110.8115,110.7785,110.796
2021-06-23 04:30:00+00:00,usdjpy,110.7785,110.8085,110.7785,110.798
2021-06-23 04:45:00+00:00,usdjpy,110.7945,110.7955,110.7555,110.7795
2021-06-23 05:00:00+00:00,usdjpy,110.8015,110.814,110.7735,110.795
2021-06-23 05:15:00+00:00,usdjpy,110.8425,110.8525,110.798,110.802
2021-06-23 05:30:00+00:00,usdjpy,110.8275,110.8505,110.815,110.842
2021-06-23 05:45:00+00:00,usdjpy,110.7695,110.8335,110.768,110.8265
2021-06-23 06:00:00+00:00,usdjpy,110.8035,110.8465,110.77,110.77
2021-06-23 06:15:00+00:00,usdjpy,110.8565,110.8835,110.7975,110.804
2021-06-23 06:30:00+00:00,usdjpy,110.8375,110.8715,110.832,110.856
2021-06-23 06:45:00+00:00,usdjpy,110.8445,110.8755,110.8155,110.8365
2021-06-23 07:00:00+00:00,usdjpy,110.8935,110.8935,110.8375,110.845
2021-06-23 07:15:00+00:00,usdjpy,110.8615,110.9175,110.8605,110.8755
2021-06-23 07:30:00+00:00,usdjpy,110.8785,110.9045,110.8435,110.862
2021-06-23 07:45:00+00:00,usdjpy,110.877,110.9095,110.8755,110.8775
2021-06-23 08:00:00+00:00,usdjpy,110.8675,110.896,110.8575,110.8775
2021-06-23 08:15:00+00:00,usdjpy,110.8835,110.8885,110.853,110.8665
2021-06-23 08:30:00+00:00,usdjpy,110.882,110.8875,110.8415,110.884
2021-06-23 08:45:00+00:00,usdjpy,110.9055,110.9115,110.8735,110.88
2021-06-23 09:00:00+00:00,usdjpy,110.8995,110.9205,110.8815,110.906
2021-06-23 09:15:00+00:00,usdjpy,110.9365,110.9375,110.8985,110.9005
2021-06-23 09:30:00+00:00,usdjpy,110.9365,110.9425,110.9235,110.936
2021-06-23 09:45:00+00:00,usdjpy,110.9645,110.9695,110.9135,110.936
2021-06-23 10:00:00+00:00,usdjpy,111.0785,111.1055,110.961,110.964
2021-06-23 10:15:00+00:00,usdjpy,110.9875,111.0795,110.967,111.079
2021-06-23 10:30:00+00:00,usdjpy,111.0015,111.0395,110.9825,110.988
2021-06-23 10:45:00+00:00,usdjpy,111.0395,111.053,111.0015,111.002
2021-06-23 11:00:00+00:00,usdjpy,111.0365,111.0675,111.0165,111.04
2021-06-23 11:15:00+00:00,usdjpy,110.9455,111.0385,110.9445,111.0375
2021-06-23 11:30:00+00:00,usdjpy,110.8135,110.953,110.661,110.9465
2021-06-23 11:45:00+00:00,usdjpy,110.8655,110.8805,110.7945,110.813
2021-06-23 12:00:00+00:00,usdjpy,110.825,110.8665,110.8065,110.8665
2021-06-23 12:15:00+00:00,usdjpy,110.7815,110.825,110.7615,110.825
2021-06-23 12:30:00+00:00,usdjpy,110.8185,110.8635,110.77,110.781
2021-06-23 12:45:00+00:00,usdjpy,110.8325,110.856,110.813,110.818
2021-06-23 13:00:00+00:00,usdjpy,110.8975,110.9065,110.8045,110.8335
2021-06-23 13:15:00+00:00,usdjpy,110.87,110.9005,110.8565,110.8965
2021-06-23 13:30:00+00:00,usdjpy,110.8235,110.9155,110.8135,110.868
2021-06-23 13:45:00+00:00,usdjpy,110.7085,110.82,110.6975,110.82
2021-06-23 14:00:00+00:00,usdjpy,110.7295,110.7525,110.6845,110.708
2021-06-23 14:15:00+00:00,usdjpy,110.729,110.7365,110.6975,110.729
2021-06-23 14:30:00+00:00,usdjpy,110.7285,110.7505,110.7135,110.7275
2021-06-23 14:45:00+00:00,usdjpy,110.7985,110.8085,110.6915,110.728
2021-06-23 15:00:00+00:00,usdjpy,110.8405,110.8825,110.7915,110.7935
2021-06-23 15:15:00+00:00,usdjpy,110.8485,110.8695,110.8325,110.8395
2021-06-23 15:30:00+00:00,usdjpy,110.8455,110.8645,110.8315,110.849
2021-06-23 15:45:00+00:00,usdjpy,110.8585,110.8585,110.8305,110.845
2021-06-23 16:00:00+00:00,usdjpy,110.9025,110.9085,110.859,110.859
2021-06-23 16:15:00+00:00,usdjpy,110.9145,110.9195,110.8995,110.9035
2021-06-23 16:30:00+00:00,usdjpy,110.9245,110.9485,110.9045,110.914
2021-06-23 16:45:00+00:00,usdjpy,110.96,110.96,110.9115,110.925
2021-06-23 17:00:00+00:00,usdjpy,110.9935,110.9995,110.9555,110.9605
2021-06-23 17:15:00+00:00,usdjpy,110.9485,110.993,110.9425,110.993
2021-06-23 17:30:00+00:00,usdjpy,110.9285,110.954,110.9235,110.949
2021-06-23 17:45:00+00:00,usdjpy,110.9425,110.9425,110.9285,110.9295
2021-06-23 18:00:00+00:00,usdjpy,110.9725,110.975,110.942,110.943
2021-06-23 18:15:00+00:00,usdjpy,110.973,110.9865,110.9595,110.973
2021-06-23 18:30:00+00:00,usdjpy,110.9905,111.0035,110.9735,110.9735
2021-06-23 18:45:00+00:00,usdjpy,110.9655,110.9905,110.9645,110.99
2021-06-23 19:00:00+00:00,usdjpy,111.0075,111.0075,110.9635,110.965
2021-06-23 19:15:00+00:00,usdjpy,110.9795,111.009,110.9765,111.007
2021-06-23 19:30:00+00:00,usdjpy,111.0035,111.0065,110.979,110.9805
2021-06-23 19:45:00+00:00,usdjpy,110.9665,111.0125,110.9645,111.0025
2021-06-23 20:00:00+00:00,usdjpy,110.997,110.999,110.9645,110.966
2021-06-23 20:15:00+00:00,usdjpy,110.9855,111.0005,110.9795,110.9965
2021-06-23 20:30:00+00:00,usdjpy,110.9565,110.986,110.9565,110.985
2021-06-23 20:45:00+00:00,usdjpy,110.9555,110.9685,110.9555,110.9575
2021-06-23 21:00:00+00:00,usdjpy,110.9745,111.0045,110.96,110.9865
2021-06-23 21:15:00+00:00,usdjpy,110.9845,110.9955,110.9755,110.9785
2021-06-23 21:30:00+00:00,usdjpy,110.973,110.985,110.9705,110.9825
2021-06-23 21:45:00+00:00,usdjpy,110.975,110.9835,110.9635,110.9725
2021-06-23 22:00:00+00:00,usdjpy,110.9515,110.9825,110.9515,110.9745
2021-06-23 22:15:00+00:00,usdjpy,110.963,110.9725,110.951,110.951
2021-06-23 22:30:00+00:00,usdjpy,110.963,110.9655,110.9585,110.9625
2021-06-23 22:45:00+00:00,usdjpy,110.9655,110.9655,110.9565,110.9625
2021-06-23 23:00:00+00:00,usdjpy,110.9775,110.9855,110.9555,110.965
2021-06-23 23:15:00+00:00,usdjpy,110.9825,110.9945,110.972,110.9785
2021-06-23 23:30:00+00:00,usdjpy,111.0305,111.0345,110.9775,110.9835
2021-06-23 23:45:00+00:00,usdjpy,111.015,111.0335,110.9935,111.031
2021-06-24 00:00:00+00:00,usdjpy,111.0115,111.0535,110.9825,111.0155
2021-06-24 00:15:00+00:00,usdjpy,111.0415,111.0465,111.005,111.011
2021-06-24 00:30:00+00:00,usdjpy,111.0775,111.0785,111.0415,111.0425
2021-06-24 00:45:00+00:00,usdjpy,111.0185,111.117,111.0165,111.0785
2021-06-24 01:00:00+00:00,usdjpy,111.036,111.0545,110.9915,111.0195
2021-06-24 01:15:00+00:00,usdjpy,111.0125,111.0445,111.0075,111.0365
2021-06-24 01:30:00+00:00,usdjpy,111.0185,111.0365,111.0125,111.013
2021-06-24 01:45:00+00:00,usdjpy,110.9775,111.0195,110.9675,111.018
2021-06-24 02:00:00+00:00,usdjpy,110.9815,110.9845,110.9615,110.977
2021-06-24 02:15:00+00:00,usdjpy,111.0295,111.0325,110.9805,110.982
2021-06-24 02:30:00+00:00,usdjpy,111.0295,111.0455,111.0275,111.0305
2021-06-24 02:45:00+00:00,usdjpy,111.023,111.0355,111.0125,111.03
2021-06-24 03:00:00+00:00,usdjpy,111.028,111.0445,111.0195,111.0225
2021-06-24 03:15:00+00:00,usdjpy,110.9965,111.0475,110.9895,111.0275
2021-06-24 03:30:00+00:00,usdjpy,110.9995,111.0135,110.9955,110.996
2021-06-24 03:45:00+00:00,usdjpy,111.017,111.0185,110.9965,110.999
2021-06-24 04:00:00+00:00,usdjpy,110.9965,111.0245,110.9955,111.0165
2021-06-24 04:15:00+00:00,usdjpy,111.0025,111.004,110.9845,110.9955
2021-06-24 04:30:00+00:00,usdjpy,110.9735,111.0165,110.9655,111.003
2021-06-24 04:45:00+00:00,usdjpy,110.9675,110.978,110.9525,110.973
2021-06-24 05:00:00+00:00,usdjpy,110.9095,110.9695,110.8975,110.9685
2021-06-24 05:15:00+00:00,usdjpy,110.8765,110.9105,110.839,110.909
2021-06-24 05:30:00+00:00,usdjpy,110.8255,110.8775,110.8095,110.876
2021-06-24 05:45:00+00:00,usdjpy,110.8585,110.8605,110.8265,110.8265
2021-06-24 06:00:00+00:00,usdjpy,110.8105,110.8765,110.7685,110.859
2021-06-24 06:15:00+00:00,usdjpy,110.8435,110.863,110.8075,110.8095
2021-06-24 06:30:00+00:00,usdjpy,110.8475,110.8605,110.8115,110.8445
2021-06-24 06:45:00+00:00,usdjpy,110.8635,110.8705,110.819,110.847
2021-06-24 07:00:00+00:00,usdjpy,110.8505,110.913,110.8185,110.864
2021-06-24 07:15:00+00:00,usdjpy,110.8665,110.8955,110.847,110.8515
2021-06-24 07:30:00+00:00,usdjpy,110.8485,110.8835,110.8385,110.866
2021-06-24 07:45:00+00:00,usdjpy,110.8825,110.9205,110.8465,110.8475
2021-06-24 08:00:00+00:00,usdjpy,110.8935,110.9185,110.865,110.882
2021-06-24 08:15:00+00:00,usdjpy,110.8555,110.893,110.8345,110.893
2021-06-24 08:30:00+00:00,usdjpy,110.822,110.855,110.8005,110.855
2021-06-24 08:45:00+00:00,usdjpy,110.8715,110.872,110.818,110.8215
2021-06-24 09:00:00+00:00,usdjpy,110.8755,110.8895,110.86,110.871
2021-06-24 09:15:00+00:00,usdjpy,110.8785,110.8935,110.8695,110.875
2021-06-24 09:30:00+00:00,usdjpy,110.8385,110.8915,110.8345,110.879
2021-06-24 09:45:00+00:00,usdjpy,110.8565,110.9105,110.8345,110.838
2021-06-24 10:00:00+00:00,usdjpy,110.8555,110.8725,110.8475,110.8575
2021-06-24 10:15:00+00:00,usdjpy,110.8095,110.8555,110.7795,110.8545
2021-06-24 10:30:00+00:00,usdjpy,110.8295,110.842,110.7925,110.8085
2021-06-24 10:45:00+00:00,usdjpy,110.8065,110.8335,110.7915,110.83
2021-06-24 11:00:00+00:00,usdjpy,110.8185,110.8365,110.7935,110.8075
2021-06-24 11:15:00+00:00,usdjpy,110.8045,110.8225,110.7925,110.818
2021-06-24 11:30:00+00:00,usdjpy,110.7745,110.8105,110.7575,110.804
2021-06-24 11:45:00+00:00,usdjpy,110.8235,110.838,110.7705,110.7735
2021-06-24 12:00:00+00:00,usdjpy,110.8045,110.8315,110.7985,110.824
2021-06-24 12:15:00+00:00,usdjpy,110.7445,110.8175,110.7365,110.8035
2021-06-24 12:30:00+00:00,usdjpy,110.7615,110.7955,110.7345,110.744
2021-06-24 12:45:00+00:00,usdjpy,110.7455,110.7815,110.7335,110.762
2021-06-24 13:00:00+00:00,usdjpy,110.7625,110.8145,110.737,110.7465
2021-06-24 13:15:00+00:00,usdjpy,110.7265,110.7675,110.7175,110.762
2021-06-24 13:30:00+00:00,usdjpy,110.7395,110.7555,110.7185,110.7255
2021-06-24 13:45:00+00:00,usdjpy,110.7625,110.7785,110.733,110.7385
2021-06-24 14:00:00+00:00,usdjpy,110.7675,110.7895,110.7535,110.763
2021-06-24 14:15:00+00:00,usdjpy,110.7755,110.8245,110.7535,110.767
2021-06-24 14:30:00+00:00,usdjpy,110.7325,110.7925,110.7325,110.7765
2021-06-24 14:45:00+00:00,usdjpy,110.7895,110.7995,110.7335,110.7335
2021-06-24 15:00:00+00:00,usdjpy,110.7285,110.7895,110.6875,110.789
2021-06-24 15:15:00+00:00,usdjpy,110.7435,110.7715,110.7255,110.729
2021-06-24 15:30:00+00:00,usdjpy,110.777,110.7825,110.7315,110.743
2021-06-24 15:45:00+00:00,usdjpy,110.7765,110.8135,110.77,110.7765
2021-06-24 16:00:00+00:00,usdjpy,110.88,110.8835,110.7775,110.7775
2021-06-24 16:15:00+00:00,usdjpy,110.8365,110.8955,110.8365,110.8805
2021-06-24 16:30:00+00:00,usdjpy,110.8335,110.8485,110.814,110.8375
2021-06-24 16:45:00+00:00,usdjpy,110.8585,110.877,110.8325,110.834
2021-06-24 17:00:00+00:00,usdjpy,110.8755,110.8905,110.8495,110.859
2021-06-24 17:15:00+00:00,usdjpy,110.8955,110.9125,110.8605,110.8745
2021-06-24 17:30:00+00:00,usdjpy,110.8615,110.8985,110.8485,110.896
2021-06-24 17:45:00+00:00,usdjpy,110.885,110.8855,110.8475,110.862
2021-06-24 18:00:00+00:00,usdjpy,110.8755,110.8945,110.8725,110.8855
2021-06-24 18:15:00+00:00,usdjpy,110.8665,110.8795,110.8615,110.875
2021-06-24 18:30:00+00:00,usdjpy,110.89,110.9035,110.8625,110.8675
2021-06-24 18:45:00+00:00,usdjpy,110.8475,110.8955,110.8355,110.8905
2021-06-24 19:00:00+00:00,usdjpy,110.8575,110.8615,110.8385,110.848
2021-06-24 19:15:00+00:00,usdjpy,110.879,110.882,110.8525,110.8565
2021-06-24 19:30:00+00:00,usdjpy,110.8655,110.8865,110.853,110.8785
2021-06-24 19:45:00+00:00,usdjpy,110.855,110.8715,110.8495,110.866
2021-06-24 20:00:00+00:00,usdjpy,110.8635,110.8635,110.8475,110.8545
2021-06-24 20:15:00+00:00,usdjpy,110.8715,110.8725,110.833,110.8625
2021-06-24 20:30:00+00:00,usdjpy,110.89,110.8905,110.864,110.872
2021-06-24 20:45:00+00:00,usdjpy,110.8725,110.8965,110.8715,110.8895
2021-06-24 21:00:00+00:00,usdjpy,110.8555,110.873,110.8415,110.8715
2021-06-24 21:15:00+00:00,usdjpy,110.861,110.8745,110.8495,110.8545
2021-06-24 21:30:00+00:00,usdjpy,110.862,110.8745,110.8405,110.8615
2021-06-24 21:45:00+00:00,usdjpy,110.8625,110.8885,110.845,110.861
2021-06-24 22:00:00+00:00,usdjpy,110.8655,110.8725,110.8585,110.863
2021-06-24 22:15:00+00:00,usdjpy,110.8755,110.8815,110.8655,110.866
2021-06-24 22:30:00+00:00,usdjpy,110.8605,110.8765,110.8585,110.8765
2021-06-24 22:45:00+00:00,usdjpy,110.8665,110.8805,110.8605,110.861
2021-06-24 23:00:00+00:00,usdjpy,110.8765,110.8815,110.8655,110.866
2021-06-24 23:15:00+00:00,usdjpy,110.889,110.8925,110.8755,110.8775
2021-06-24 23:30:00+00:00,usdjpy,110.8855,110.8965,110.8805,110.8895
2021-06-24 23:45:00+00:00,usdjpy,110.922,110.9305,110.885,110.885
2021-06-25 00:00:00+00:00,usdjpy,110.9595,110.9635,110.9135,110.9225
2021-06-25 00:15:00+00:00,usdjpy,110.9485,110.965,110.9445,110.96
2021-06-25 00:30:00+00:00,usdjpy,110.9515,110.9725,110.9315,110.9495
2021-06-25 00:45:00+00:00,usdjpy,110.9285,110.9845,110.9155,110.9525
2021-06-25 01:00:00+00:00,usdjpy,110.9095,110.9355,110.9005,110.9275
2021-06-25 01:15:00+00:00,usdjpy,110.8905,110.9355,110.887,110.909
2021-06-25 01:30:00+00:00,usdjpy,110.8955,110.8955,110.8775,110.89
2021-06-25 01:45:00+00:00,usdjpy,110.9065,110.9155,110.8895,110.896
2021-06-25 02:00:00+00:00,usdjpy,110.864,110.9145,110.8575,110.9075
2021-06-25 02:15:00+00:00,usdjpy,110.8525,110.8725,110.8485,110.8645
2021-06-25 02:30:00+00:00,usdjpy,110.8845,110.8925,110.8465,110.853
2021-06-25 02:45:00+00:00,usdjpy,110.8715,110.8925,110.8705,110.885
2021-06-25 03:00:00+00:00,usdjpy,110.8775,110.884,110.8665,110.8725
2021-06-25 03:15:00+00:00,usdjpy,110.8595,110.8775,110.8575,110.877
2021-06-25 03:30:00+00:00,usdjpy,110.87,110.8715,110.8505,110.859
2021-06-25 03:45:00+00:00,usdjpy,110.856,110.8705,110.851,110.8695
2021-06-25 04:00:00+00:00,usdjpy,110.8455,110.8595,110.8445,110.8565
2021-06-25 04:15:00+00:00,usdjpy,110.8155,110.8545,110.8085,110.846
2021-06-25 04:30:00+00:00,usdjpy,110.8345,110.8455,110.816,110.816
2021-06-25 04:45:00+00:00,usdjpy,110.8695,110.8705,110.835,110.835
2021-06-25 05:00:00+00:00,usdjpy,110.8695,110.883,110.8415,110.869
2021-06-25 05:15:00+00:00,usdjpy,110.824,110.875,110.8205,110.87
2021-06-25 05:30:00+00:00,usdjpy,110.8355,110.8415,110.8175,110.8245
2021-06-25 05:45:00+00:00,usdjpy,110.8355,110.8415,110.8125,110.835
2021-06-25 06:00:00+00:00,usdjpy,110.84,110.8635,110.827,110.836
2021-06-25 06:15:00+00:00,usdjpy,110.8535,110.865,110.8375,110.8395
2021-06-25 06:30:00+00:00,usdjpy,110.7735,110.8535,110.7605,110.8525
2021-06-25 06:45:00+00:00,usdjpy,110.7705,110.8045,110.7565,110.774
2021-06-25 07:00:00+00:00,usdjpy,110.7845,110.7945,110.7425,110.7715
2021-06-25 07:15:00+00:00,usdjpy,110.7785,110.799,110.7615,110.7855
2021-06-25 07:30:00+00:00,usdjpy,110.7805,110.7855,110.7505,110.7775
2021-06-25 07:45:00+00:00,usdjpy,110.748,110.7885,110.7475,110.781
2021-06-25 08:00:00+00:00,usdjpy,110.7485,110.7595,110.7235,110.7485
2021-06-25 08:15:00+00:00,usdjpy,110.7475,110.756,110.7225,110.749
2021-06-25 08:30:00+00:00,usdjpy,110.7435,110.7635,110.7255,110.748
2021-06-25 08:45:00+00:00,usdjpy,110.7275,110.7565,110.7195,110.743
2021-06-25 09:00:00+00:00,usdjpy,110.7255,110.7455,110.6935,110.727
2021-06-25 09:15:00+00:00,usdjpy,110.7025,110.73,110.6785,110.726
2021-06-25 09:30:00+00:00,usdjpy,110.7255,110.7375,110.6945,110.703
2021-06-25 09:45:00+00:00,usdjpy,110.7695,110.7705,110.7145,110.7245
2021-06-25 10:00:00+00:00,usdjpy,110.754,110.7705,110.7315,110.7705
2021-06-25 10:15:00+00:00,usdjpy,110.7615,110.7695,110.7455,110.7545
2021-06-25 10:30:00+00:00,usdjpy,110.7675,110.7955,110.7595,110.761
2021-06-25 10:45:00+00:00,usdjpy,110.7635,110.7775,110.7535,110.768
2021-06-25 11:00:00+00:00,usdjpy,110.7695,110.7805,110.7495,110.7645
2021-06-25 11:15:00+00:00,usdjpy,110.7465,110.7715,110.7455,110.7685
2021-06-25 11:30:00+00:00,usdjpy,110.7445,110.7485,110.7155,110.747
2021-06-25 11:45:00+00:00,usdjpy,110.726,110.7475,110.7195,110.745
2021-06-25 12:00:00+00:00,usdjpy,110.7065,110.7385,110.6855,110.7265
2021-06-25 12:15:00+00:00,usdjpy,110.65,110.7075,110.626,110.7075
2021-06-25 12:30:00+00:00,usdjpy,110.5585,110.6505,110.5465,110.6505
2021-06-25 12:45:00+00:00,usdjpy,110.5295,110.5805,110.5025,110.5575
2021-06-25 13:00:00+00:00,usdjpy,110.6015,110.6135,110.5185,110.5305
2021-06-25 13:15:00+00:00,usdjpy,110.5465,110.6025,110.5465,110.6005
2021-06-25 13:30:00+00:00,usdjpy,110.5405,110.5835,110.533,110.5475
2021-06-25 13:45:00+00:00,usdjpy,110.4985,110.5465,110.484,110.541
2021-06-25 14:00:00+00:00,usdjpy,110.507,110.5355,110.4865,110.4995
2021-06-25 14:15:00+00:00,usdjpy,110.5185,110.5275,110.4895,110.508
2021-06-25 14:30:00+00:00,usdjpy,110.5425,110.5445,110.4825,110.519
2021-06-25 14:45:00+00:00,usdjpy,110.5725,110.5945,110.5345,110.5415
2021-06-25 15:00:00+00:00,usdjpy,110.584,110.6105,110.5665,110.573
2021-06-25 15:15:00+00:00,usdjpy,110.5715,110.5955,110.5295,110.5845
2021-06-25 15:30:00+00:00,usdjpy,110.6065,110.619,110.5655,110.572
2021-06-25 15:45:00+00:00,usdjpy,110.6245,110.6465,110.605,110.6055
2021-06-25 16:00:00+00:00,usdjpy,110.6315,110.649,110.6115,110.625
2021-06-25 16:15:00+00:00,usdjpy,110.65,110.6745,110.6305,110.631
2021-06-25 16:30:00+00:00,usdjpy,110.6725,110.677,110.6245,110.6495
2021-06-25 16:45:00+00:00,usdjpy,110.7455,110.7505,110.669,110.672
2021-06-25 17:00:00+00:00,usdjpy,110.7895,110.7915,110.7385,110.745
2021-06-25 17:15:00+00:00,usdjpy,110.77,110.8005,110.7575,110.7885
2021-06-25 17:30:00+00:00,usdjpy,110.7585,110.7995,110.7505,110.7695
2021-06-25 17:45:00+00:00,usdjpy,110.7515,110.7695,110.7445,110.758
2021-06-25 18:00:00+00:00,usdjpy,110.7835,110.791,110.7455,110.752
2021-06-25 18:15:00+00:00,usdjpy,110.8095,110.8365,110.7825,110.7825
2021-06-25 18:30:00+00:00,usdjpy,110.8105,110.8165,110.7835,110.81
2021-06-25 18:45:00+00:00,usdjpy,110.8125,110.8225,110.8035,110.8095
2021-06-25 19:00:00+00:00,usdjpy,110.8525,110.8575,110.81,110.8115
2021-06-25 19:15:00+00:00,usdjpy,110.8335,110.8675,110.8335,110.8515
2021-06-25 19:30:00+00:00,usdjpy,110.8675,110.8675,110.8305,110.834
2021-06-25 19:45:00+00:00,usdjpy,110.8695,110.878,110.8535,110.8665
2021-06-25 20:00:00+00:00,usdjpy,110.829,110.8725,110.8205,110.8675
2021-06-25 20:15:00+00:00,usdjpy,110.7965,110.8295,110.7965,110.8285
2021-06-25 20:30:00+00:00,usdjpy,110.7505,110.7955,110.748,110.7955
2021-06-25 20:45:00+00:00,usdjpy,110.7765,110.7885,110.7495,110.7495
2021-06-25 21:00:00+00:00,usdjpy,110.7665,110.7955,110.7665,110.776
2021-06-27 21:00:00+00:00,usdjpy,110.8055,110.8145,110.7985,110.8065
2021-06-27 21:15:00+00:00,usdjpy,110.8145,110.817,110.8,110.8
2021-06-27 21:30:00+00:00,usdjpy,110.82,110.8265,110.799,110.8125
2021-06-27 21:45:00+00:00,usdjpy,110.8005,110.825,110.7985,110.8205
2021-06-27 22:00:00+00:00,usdjpy,110.7925,110.8555,110.7745,110.8055
2021-06-27 22:15:00+00:00,usdjpy,110.7935,110.8035,110.7855,110.792
2021-06-27 22:30:00+00:00,usdjpy,110.8185,110.8195,110.7905,110.794
2021-06-27 22:45:00+00:00,usdjpy,110.794,110.8185,110.7835,110.818
2021-06-27 23:00:00+00:00,usdjpy,110.7915,110.7975,110.7845,110.7935
2021-06-27 23:15:00+00:00,usdjpy,110.8095,110.8165,110.7865,110.7925
2021-06-27 23:30:00+00:00,usdjpy,110.8115,110.8395,110.8035,110.809
2021-06-27 23:45:00+00:00,usdjpy,110.8315,110.8365,110.81,110.811
2021-06-28 00:00:00+00:00,usdjpy,110.7735,110.8375,110.761,110.831
2021-06-28 00:15:00+00:00,usdjpy,110.762,110.808,110.7585,110.7745
2021-06-28 00:30:00+00:00,usdjpy,110.7285,110.7715,110.7115,110.7625
2021-06-28 00:45:00+00:00,usdjpy,110.7375,110.756,110.7065,110.728
2021-06-28 01:00:00+00:00,usdjpy,110.6935,110.739,110.6535,110.737
2021-06-28 01:15:00+00:00,usdjpy,110.6875,110.6955,110.6725,110.693
2021-06-28 01:30:00+00:00,usdjpy,110.7025,110.7285,110.686,110.688
2021-06-28 01:45:00+00:00,usdjpy,110.689,110.7165,110.657,110.703
2021-06-28 02:00:00+00:00,usdjpy,110.6835,110.7025,110.6615,110.6895
2021-06-28 02:15:00+00:00,usdjpy,110.6835,110.7085,110.6795,110.683
2021-06-28 02:30:00+00:00,usdjpy,110.701,110.7025,110.6825,110.683
2021-06-28 02:45:00+00:00,usdjpy,110.71,110.717,110.6945,110.7015
2021-06-28 03:00:00+00:00,usdjpy,110.7015,110.7155,110.6965,110.7105
2021-06-28 03:15:00+00:00,usdjpy,110.6825,110.7045,110.681,110.702
2021-06-28 03:30:00+00:00,usdjpy,110.6755,110.6895,110.6645,110.683
2021-06-28 03:45:00+00:00,usdjpy,110.6335,110.6845,110.6315,110.6765
2021-06-28 04:00:00+00:00,usdjpy,110.655,110.6555,110.6325,110.634
2021-06-28 04:15:00+00:00,usdjpy,110.6395,110.6555,110.6325,110.6555
2021-06-28 04:30:00+00:00,usdjpy,110.6435,110.6515,110.6365,110.639
2021-06-28 04:45:00+00:00,usdjpy,110.6535,110.655,110.6375,110.6425
2021-06-28 05:00:00+00:00,usdjpy,110.6325,110.656,110.6225,110.6525
2021-06-28 05:15:00+00:00,usdjpy,110.6395,110.6395,110.619,110.632
2021-06-28 05:30:00+00:00,usdjpy,110.6545,110.6585,110.632,110.6385
2021-06-28 05:45:00+00:00,usdjpy,110.6615,110.6805,110.643,110.654
2021-06-28 06:00:00+00:00,usdjpy,110.7165,110.7185,110.6535,110.661
2021-06-28 06:15:00+00:00,usdjpy,110.6745,110.7195,110.6745,110.717
2021-06-28 06:30:00+00:00,usdjpy,110.6825,110.6995,110.6735,110.675
2021-06-28 06:45:00+00:00,usdjpy,110.6995,110.7015,110.67,110.682
2021-06-28 07:00:00+00:00,usdjpy,110.654,110.7325,110.6475,110.699
2021-06-28 07:15:00+00:00,usdjpy,110.655,110.6795,110.6385,110.6545
2021-06-28 07:30:00+00:00,usdjpy,110.6385,110.664,110.6255,110.6555
2021-06-28 07:45:00+00:00,usdjpy,110.653,110.6695,110.6225,110.6375
2021-06-28 08:00:00+00:00,usdjpy,110.6495,110.6685,110.6445,110.6535
2021-06-28 08:15:00+00:00,usdjpy,110.6895,110.7035,110.64,110.649
2021-06-28 08:30:00+00:00,usdjpy,110.6935,110.7075,110.6825,110.689
2021-06-28 08:45:00+00:00,usdjpy,110.7175,110.7245,110.6945,110.6945
2021-06-28 09:00:00+00:00,usdjpy,110.7045,110.7395,110.7035,110.718
2021-06-28 09:15:00+00:00,usdjpy,110.7095,110.7365,110.7025,110.704
2021-06-28 09:30:00+00:00,usdjpy,110.7175,110.727,110.7015,110.71
2021-06-28 09:45:00+00:00,usdjpy,110.731,110.7395,110.7125,110.718
2021-06-28 10:00:00+00:00,usdjpy,110.7105,110.7475,110.7065,110.7315
2021-06-28 10:15:00+00:00,usdjpy,110.6995,110.7235,110.6945,110.711
2021-06-28 10:30:00+00:00,usdjpy,110.698,110.7165,110.6965,110.7
2021-06-28 10:45:00+00:00,usdjpy,110.737,110.7375,110.6945,110.6985
2021-06-28 11:00:00+00:00,usdjpy,110.7665,110.775,110.7265,110.7365
2021-06-28 11:15:00+00:00,usdjpy,110.8275,110.8345,110.7555,110.766
2021-06-28 11:30:00+00:00,usdjpy,110.8695,110.8795,110.8225,110.827
2021-06-28 11:45:00+00:00,usdjpy,110.9245,110.9295,110.8705,110.8705
2021-06-28 12:00:00+00:00,usdjpy,110.9485,110.9505,110.9175,110.925
2021-06-28 12:15:00+00:00,usdjpy,110.9605,110.978,110.9445,110.948
2021-06-28 12:30:00+00:00,usdjpy,110.907,110.9685,110.9025,110.9615
2021-06-28 12:45:00+00:00,usdjpy,110.9365,110.9455,110.8825,110.9075
2021-06-28 13:00:00+00:00,usdjpy,110.875,110.94,110.875,110.936
2021-06-28 13:15:00+00:00,usdjpy,110.8485,110.8885,110.8305,110.8755
2021-06-28 13:30:00+00:00,usdjpy,110.8935,110.902,110.8475,110.8495
2021-06-28 13:45:00+00:00,usdjpy,110.8665,110.896,110.8455,110.894
2021-06-28 14:00:00+00:00,usdjpy,110.8515,110.8695,110.8325,110.8655
2021-06-28 14:15:00+00:00,usdjpy,110.8275,110.8715,110.7815,110.852
2021-06-28 14:30:00+00:00,usdjpy,110.8105,110.8345,110.8015,110.8285
2021-06-28 14:45:00+00:00,usdjpy,110.7505,110.8365,110.7445,110.811
2021-06-28 15:00:00+00:00,usdjpy,110.7355,110.764,110.7335,110.7545
2021-06-28 15:15:00+00:00,usdjpy,110.7575,110.7675,110.73,110.736
2021-06-28 15:30:00+00:00,usdjpy,110.7215,110.7565,110.6935,110.7565
2021-06-28 15:45:00+00:00,usdjpy,110.7085,110.7355,110.698,110.722
2021-06-28 16:00:00+00:00,usdjpy,110.7035,110.734,110.703,110.708
2021-06-28 16:15:00+00:00,usdjpy,110.654,110.7095,110.6425,110.703
2021-06-28 16:30:00+00:00,usdjpy,110.596,110.6545,110.5955,110.6545
2021-06-28 16:45:00+00:00,usdjpy,110.5725,110.6185,110.5325,110.5955
2021-06-28 17:00:00+00:00,usdjpy,110.5405,110.5835,110.5235,110.573
2021-06-28 17:15:00+00:00,usdjpy,110.5525,110.5545,110.5165,110.541
2021-06-28 17:30:00+00:00,usdjpy,110.5045,110.5525,110.503,110.552
2021-06-28 17:45:00+00:00,usdjpy,110.5245,110.5435,110.5045,110.5055
2021-06-28 18:00:00+00:00,usdjpy,110.565,110.5705,110.5245,110.525
2021-06-28 18:15:00+00:00,usdjpy,110.555,110.5875,110.5505,110.5655
2021-06-28 18:30:00+00:00,usdjpy,110.555,110.5625,110.532,110.5545
2021-06-28 18:45:00+00:00,usdjpy,110.5245,110.5615,110.4985,110.5555
2021-06-28 19:00:00+00:00,usdjpy,110.5455,110.5785,110.516,110.525
2021-06-28 19:15:00+00:00,usdjpy,110.5645,110.5665,110.5245,110.546
2021-06-28 19:30:00+00:00,usdjpy,110.6015,110.6065,110.5615,110.5645
2021-06-28 19:45:00+00:00,usdjpy,110.6065,110.61,110.5925,110.6025
2021-06-28 20:00:00+00:00,usdjpy,110.6155,110.619,110.6015,110.6075
2021-06-28 20:15:00+00:00,usdjpy,110.6175,110.6285,110.6105,110.616
2021-06-28 20:30:00+00:00,usdjpy,110.6235,110.6275,110.6175,110.6185
2021-06-28 20:45:00+00:00,usdjpy,110.6265,110.6335,110.6105,110.6245
2021-06-28 21:00:00+00:00,usdjpy,110.6135,110.6355,110.6055,110.6225
2021-06-28 21:15:00+00:00,usdjpy,110.6165,110.6225,110.612,110.6175
2021-06-28 21:30:00+00:00,usdjpy,110.6145,110.6265,110.6065,110.619
2021-06-28 21:45:00+00:00,usdjpy,110.6145,110.6215,110.6035,110.6135
2021-06-28 22:00:00+00:00,usdjpy,110.596,110.6155,110.5665,110.6135
2021-06-28 22:15:00+00:00,usdjpy,110.6035,110.6045,110.5905,110.5955
2021-06-28 22:30:00+00:00,usdjpy,110.5905,110.6125,110.5905,110.604
2021-06-28 22:45:00+00:00,usdjpy,110.5995,110.6055,110.5895,110.5895
2021-06-28 23:00:00+00:00,usdjpy,110.605,110.6075,110.5985,110.6005
2021-06-28 23:15:00+00:00,usdjpy,110.6065,110.6095,110.589,110.6055
2021-06-28 23:30:00+00:00,usdjpy,110.5895,110.6095,110.586,110.607
2021-06-28 23:45:00+00:00,usdjpy,110.6075,110.6135,110.5905,110.5905
2021-06-29 00:00:00+00:00,usdjpy,110.607,110.6225,110.5485,110.6085
2021-06-29 00:15:00+00:00,usdjpy,110.6245,110.6415,110.6075,110.6075
2021-06-29 00:30:00+00:00,usdjpy,110.5295,110.624,110.5285,110.624
2021-06-29 00:45:00+00:00,usdjpy,110.5315,110.5675,110.5095,110.5305
2021-06-29 01:00:00+00:00,usdjpy,110.4805,110.5405,110.4565,110.531
2021-06-29 01:15:00+00:00,usdjpy,110.4945,110.4945,110.4545,110.4815
2021-06-29 01:30:00+00:00,usdjpy,110.5185,110.529,110.4805,110.494
2021-06-29 01:45:00+00:00,usdjpy,110.5035,110.5185,110.4765,110.518
2021-06-29 02:00:00+00:00,usdjpy,110.504,110.5155,110.4855,110.504
2021-06-29 02:15:00+00:00,usdjpy,110.4635,110.5135,110.4625,110.5035
2021-06-29 02:30:00+00:00,usdjpy,110.5015,110.5045,110.4595,110.4625
2021-06-29 02:45:00+00:00,usdjpy,110.515,110.5185,110.4985,110.5005
2021-06-29 03:00:00+00:00,usdjpy,110.5145,110.5305,110.5075,110.5145
2021-06-29 03:15:00+00:00,usdjpy,110.528,110.5295,110.508,110.515
2021-06-29 03:30:00+00:00,usdjpy,110.5025,110.5285,110.4955,110.5275
2021-06-29 03:45:00+00:00,usdjpy,110.5215,110.5345,110.4935,110.5015
2021-06-29 04:00:00+00:00,usdjpy,110.53,110.5345,110.513,110.5205
2021-06-29 04:15:00+00:00,usdjpy,110.5585,110.5665,110.5185,110.5295
2021-06-29 04:30:00+00:00,usdjpy,110.5705,110.577,110.541,110.5575
2021-06-29 04:45:00+00:00,usdjpy,110.583,110.5925,110.5565,110.571
2021-06-29 05:00:00+00:00,usdjpy,110.5755,110.5845,110.5695,110.5825
2021-06-29 05:15:00+00:00,usdjpy,110.5535,110.5765,110.5445,110.576
2021-06-29 05:30:00+00:00,usdjpy,110.5465,110.5615,110.5375,110.554
2021-06-29 05:45:00+00:00,usdjpy,110.5555,110.5735,110.5315,110.547
2021-06-29 06:00:00+00:00,usdjpy,110.5705,110.5945,110.553,110.555
2021-06-29 06:15:00+00:00,usdjpy,110.6115,110.629,110.5685,110.569
2021-06-29 06:30:00+00:00,usdjpy,110.6055,110.6235,110.6005,110.6125
2021-06-29 06:45:00+00:00,usdjpy,110.5785,110.631,110.5725,110.606
2021-06-29 07:00:00+00:00,usdjpy,110.6675,110.6785,110.573,110.579
2021-06-29 07:15:00+00:00,usdjpy,110.6855,110.6935,110.6485,110.6685
2021-06-29 07:30:00+00:00,usdjpy,110.681,110.6905,110.6395,110.685
2021-06-29 07:45:00+00:00,usdjpy,110.694,110.696,110.6475,110.6815
2021-06-29 08:00:00+00:00,usdjpy,110.7485,110.752,110.6725,110.6935
2021-06-29 08:15:00+00:00,usdjpy,110.7395,110.7605,110.7285,110.7475
2021-06-29 08:30:00+00:00,usdjpy,110.6575,110.7505,110.6415,110.7385
2021-06-29 08:45:00+00:00,usdjpy,110.6015,110.6585,110.592,110.657
2021-06-29 09:00:00+00:00,usdjpy,110.6295,110.6495,110.601,110.601
2021-06-29 09:15:00+00:00,usdjpy,110.6175,110.6375,110.604,110.629
2021-06-29 09:30:00+00:00,usdjpy,110.5735,110.6265,110.5555,110.618
2021-06-29 09:45:00+00:00,usdjpy,110.5645,110.5805,110.5275,110.573
2021-06-29 10:00:00+00:00,usdjpy,110.553,110.5775,110.5095,110.565
2021-06-29 10:15:00+00:00,usdjpy,110.5755,110.5755,110.5475,110.5525
2021-06-29 10:30:00+00:00,usdjpy,110.577,110.6135,110.576,110.576
2021-06-29 10:45:00+00:00,usdjpy,110.5785,110.604,110.5595,110.5765
2021-06-29 11:00:00+00:00,usdjpy,110.5995,110.6055,110.549,110.5795
2021-06-29 11:15:00+00:00,usdjpy,110.595,110.6185,110.588,110.6005
2021-06-29 11:30:00+00:00,usdjpy,110.5435,110.5995,110.5195,110.5955
2021-06-29 11:45:00+00:00,usdjpy,110.609,110.6165,110.5375,110.544
2021-06-29 12:00:00+00:00,usdjpy,110.6495,110.6715,110.602,110.6085
2021-06-29 12:15:00+00:00,usdjpy,110.7075,110.7185,110.6385,110.649
2021-06-29 12:30:00+00:00,usdjpy,110.7055,110.736,110.6885,110.7075
2021-06-29 12:45:00+00:00,usdjpy,110.6875,110.7315,110.6735,110.716
2021-06-29 13:00:00+00:00,usdjpy,110.656,110.7045,110.6545,110.688
2021-06-29 13:15:00+00:00,usdjpy,110.5915,110.664,110.578,110.6605
2021-06-29 13:30:00+00:00,usdjpy,110.5435,110.6005,110.5415,110.5925
2021-06-29 13:45:00+00:00,usdjpy,110.6015,110.6055,110.5065,110.544
2021-06-29 14:00:00+00:00,usdjpy,110.4955,110.6385,110.4955,110.597
2021-06-29 14:15:00+00:00,usdjpy,110.4645,110.5055,110.4325,110.496
2021-06-29 14:30:00+00:00,usdjpy,110.5185,110.5235,110.4485,110.464
2021-06-29 14:45:00+00:00,usdjpy,110.4985,110.5335,110.4495,110.518
2021-06-29 15:00:00+00:00,usdjpy,110.4945,110.5155,110.462,110.498
2021-06-29 15:15:00+00:00,usdjpy,110.4695,110.5025,110.4435,110.494
2021-06-29 15:30:00+00:00,usdjpy,110.4815,110.501,110.4625,110.4705
2021-06-29 15:45:00+00:00,usdjpy,110.5425,110.5455,110.4775,110.481
2021-06-29 16:00:00+00:00,usdjpy,110.5175,110.5435,110.5115,110.5415
2021-06-29 16:15:00+00:00,usdjpy,110.5275,110.5295,110.5085,110.517
2021-06-29 16:30:00+00:00,usdjpy,110.528,110.5455,110.5075,110.527
2021-06-29 16:45:00+00:00,usdjpy,110.5275,110.548,110.5215,110.5275
2021-06-29 17:00:00+00:00,usdjpy,110.5415,110.5485,110.528,110.528
2021-06-29 17:15:00+00:00,usdjpy,110.524,110.5405,110.5225,110.5405
2021-06-29 17:30:00+00:00,usdjpy,110.5305,110.536,110.5225,110.5235
2021-06-29 17:45:00+00:00,usdjpy,110.5295,110.5395,110.5285,110.5295
2021-06-29 18:00:00+00:00,usdjpy,110.5105,110.5295,110.5055,110.5285
2021-06-29 18:15:00+00:00,usdjpy,110.4935,110.5115,110.4935,110.511
2021-06-29 18:30:00+00:00,usdjpy,110.5145,110.52,110.4925,110.494
2021-06-29 18:45:00+00:00,usdjpy,110.5125,110.5245,110.4875,110.514
2021-06-29 19:00:00+00:00,usdjpy,110.54,110.5545,110.5105,110.513
2021-06-29 19:15:00+00:00,usdjpy,110.5545,110.5595,110.5395,110.5405
2021-06-29 19:30:00+00:00,usdjpy,110.5545,110.562,110.5485,110.554
2021-06-29 19:45:00+00:00,usdjpy,110.5415,110.5595,110.5335,110.5535
2021-06-29 20:00:00+00:00,usdjpy,110.5405,110.5615,110.5375,110.542
2021-06-29 20:15:00+00:00,usdjpy,110.546,110.5485,110.5385,110.54
2021-06-29 20:30:00+00:00,usdjpy,110.531,110.547,110.5295,110.5455
2021-06-29 20:45:00+00:00,usdjpy,110.5355,110.5555,110.5055,110.5305
2021-06-29 21:00:00+00:00,usdjpy,110.5245,110.531,110.5245,110.5245
2021-06-29 21:15:00+00:00,usdjpy,110.549,110.5775,110.5115,110.528
2021-06-29 21:30:00+00:00,usdjpy,110.546,110.5545,110.5395,110.5485
2021-06-29 21:45:00+00:00,usdjpy,110.5675,110.5735,110.5325,110.5465
2021-06-29 22:00:00+00:00,usdjpy,110.5445,110.5725,110.5345,110.566
2021-06-29 22:15:00+00:00,usdjpy,110.5325,110.5535,110.5285,110.544
2021-06-29 22:30:00+00:00,usdjpy,110.539,110.5495,110.5095,110.532
2021-06-29 22:45:00+00:00,usdjpy,110.5255,110.54,110.503,110.5395
2021-06-29 23:00:00+00:00,usdjpy,110.5395,110.5495,110.5225,110.525
2021-06-29 23:15:00+00:00,usdjpy,110.5555,110.56,110.5345,110.539
2021-06-29 23:30:00+00:00,usdjpy,110.5525,110.5615,110.5475,110.555
2021-06-29 23:45:00+00:00,usdjpy,110.5365,110.552,110.5245,110.552
2021-06-30 00:00:00+00:00,usdjpy,110.53,110.5565,110.5135,110.5355
2021-06-30 00:15:00+00:00,usdjpy,110.537,110.544,110.5275,110.5295
2021-06-30 00:30:00+00:00,usdjpy,110.5915,110.5975,110.536,110.5365
2021-06-30 00:45:00+00:00,usdjpy,110.565,110.5955,110.5305,110.5925
2021-06-30 01:00:00+00:00,usdjpy,110.4955,110.5785,110.4685,110.5645
2021-06-30 01:15:00+00:00,usdjpy,110.5035,110.523,110.494,110.495
2021-06-30 01:30:00+00:00,usdjpy,110.4655,110.5155,110.4425,110.503
2021-06-30 01:45:00+00:00,usdjpy,110.4805,110.5045,110.453,110.4645
2021-06-30 02:00:00+00:00,usdjpy,110.47,110.482,110.4565,110.4795
2021-06-30 02:15:00+00:00,usdjpy,110.4885,110.4885,110.4615,110.4695
2021-06-30 02:30:00+00:00,usdjpy,110.4955,110.5025,110.4875,110.4875
2021-06-30 02:45:00+00:00,usdjpy,110.5055,110.5055,110.4695,110.496
2021-06-30 03:00:00+00:00,usdjpy,110.4995,110.5225,110.4825,110.505
2021-06-30 03:15:00+00:00,usdjpy,110.505,110.5185,110.4965,110.4985
2021-06-30 03:30:00+00:00,usdjpy,110.5035,110.516,110.4835,110.5045
2021-06-30 03:45:00+00:00,usdjpy,110.4845,110.5435,110.4805,110.504
2021-06-30 04:00:00+00:00,usdjpy,110.49,110.493,110.469,110.485
2021-06-30 04:15:00+00:00,usdjpy,110.4685,110.4985,110.465,110.4905
2021-06-30 04:30:00+00:00,usdjpy,110.4895,110.4905,110.4685,110.469
2021-06-30 04:45:00+00:00,usdjpy,110.5055,110.5125,110.4825,110.49
2021-06-30 05:00:00+00:00,usdjpy,110.4725,110.508,110.4675,110.5045
2021-06-30 05:15:00+00:00,usdjpy,110.48,110.49,110.4525,110.472
2021-06-30 05:30:00+00:00,usdjpy,110.4765,110.4865,110.458,110.4805
2021-06-30 05:45:00+00:00,usdjpy,110.5005,110.5045,110.4525,110.4775
2021-06-30 06:00:00+00:00,usdjpy,110.4845,110.5165,110.4455,110.501
2021-06-30 06:15:00+00:00,usdjpy,110.4955,110.4995,110.4655,110.484
2021-06-30 06:30:00+00:00,usdjpy,110.5045,110.5095,110.4845,110.496
2021-06-30 06:45:00+00:00,usdjpy,110.5325,110.5345,110.4915,110.504
2021-06-30 07:00:00+00:00,usdjpy,110.513,110.5945,110.5055,110.533
2021-06-30 07:15:00+00:00,usdjpy,110.501,110.5215,110.483,110.5125
2021-06-30 07:30:00+00:00,usdjpy,110.535,110.56,110.4855,110.5005
2021-06-30 07:45:00+00:00,usdjpy,110.5465,110.5525,110.5055,110.5345
2021-06-30 08:00:00+00:00,usdjpy,110.5635,110.5655,110.5165,110.547
2021-06-30 08:15:00+00:00,usdjpy,110.4715,110.5665,110.4665,110.564
2021-06-30 08:30:00+00:00,usdjpy,110.479,110.4805,110.4205,110.4725
2021-06-30 08:45:00+00:00,usdjpy,110.4665,110.4905,110.4435,110.4825
2021-06-30 09:00:00+00:00,usdjpy,110.5035,110.542,110.4525,110.467
2021-06-30 09:15:00+00:00,usdjpy,110.4785,110.5065,110.477,110.5045
2021-06-30 09:30:00+00:00,usdjpy,110.4675,110.4925,110.4585,110.4775
2021-06-30 09:45:00+00:00,usdjpy,110.5285,110.5325,110.468,110.468
2021-06-30 10:00:00+00:00,usdjpy,110.5095,110.5315,110.4975,110.528
2021-06-30 10:15:00+00:00,usdjpy,110.5005,110.5235,110.4965,110.51
2021-06-30 10:30:00+00:00,usdjpy,110.4875,110.5055,110.475,110.5
2021-06-30 10:45:00+00:00,usdjpy,110.492,110.4935,110.474,110.488
2021-06-30 11:00:00+00:00,usdjpy,110.4785,110.5095,110.4725,110.4915
2021-06-30 11:15:00+00:00,usdjpy,110.5025,110.509,110.4795,110.4795
2021-06-30 11:30:00+00:00,usdjpy,110.5195,110.539,110.5015,110.503
2021-06-30 11:45:00+00:00,usdjpy,110.5245,110.5485,110.5185,110.52
2021-06-30 12:00:00+00:00,usdjpy,110.5955,110.5995,110.523,110.524
2021-06-30 12:15:00+00:00,usdjpy,110.6495,110.6515,110.5115,110.595
2021-06-30 12:30:00+00:00,usdjpy,110.6635,110.6805,110.6405,110.6415
2021-06-30 12:45:00+00:00,usdjpy,110.6455,110.6695,110.6075,110.6645
2021-06-30 13:00:00+00:00,usdjpy,110.6875,110.708,110.6465,110.6465
2021-06-30 13:15:00+00:00,usdjpy,110.6525,110.715,110.646,110.6885
2021-06-30 13:30:00+00:00,usdjpy,110.6625,110.6905,110.6095,110.6535
2021-06-30 13:45:00+00:00,usdjpy,110.6825,110.7345,110.6365,110.663
2021-06-30 14:00:00+00:00,usdjpy,110.8015,110.8065,110.6955,110.6955
2021-06-30 14:15:00+00:00,usdjpy,110.8435,110.8595,110.7985,110.802
2021-06-30 14:30:00+00:00,usdjpy,110.8775,110.8935,110.8225,110.8445
2021-06-30 14:45:00+00:00,usdjpy,110.9765,111.0285,110.8325,110.8785
2021-06-30 15:00:00+00:00,usdjpy,110.9235,111.0125,110.9085,110.977
2021-06-30 15:15:00+00:00,usdjpy,110.9765,110.9825,110.9205,110.9245
2021-06-30 15:30:00+00:00,usdjpy,111.032,111.0485,110.9755,110.9755
2021-06-30 15:45:00+00:00,usdjpy,111.0435,111.0705,111.0305,111.0315
2021-06-30 16:00:00+00:00,usdjpy,111.024,111.0995,111.024,111.0425
2021-06-30 16:15:00+00:00,usdjpy,111.0435,111.052,110.9995,111.0245
2021-06-30 16:30:00+00:00,usdjpy,111.0495,111.0665,111.0355,111.0425
2021-06-30 16:45:00+00:00,usdjpy,111.09,111.0915,111.0485,111.0485
2021-06-30 17:00:00+00:00,usdjpy,111.0815,111.0975,111.0725,111.0895
2021-06-30 17:15:00+00:00,usdjpy,111.088,111.092,111.0415,111.081
2021-06-30 17:30:00+00:00,usdjpy,111.0865,111.0885,111.0735,111.0885
2021-06-30 17:45:00+00:00,usdjpy,111.1005,111.1095,111.0775,111.0865
2021-06-30 18:00:00+00:00,usdjpy,111.112,111.1215,111.0995,111.101
2021-06-30 18:15:00+00:00,usdjpy,111.1075,111.1205,111.1055,111.1125
2021-06-30 18:30:00+00:00,usdjpy,111.1135,111.1155,111.1015,111.108
2021-06-30 18:45:00+00:00,usdjpy,111.0875,111.118,111.0865,111.113
2021-06-30 19:00:00+00:00,usdjpy,111.0955,111.1045,111.0865,111.087
2021-06-30 19:15:00+00:00,usdjpy,111.0725,111.097,111.0725,111.0965
2021-06-30 19:30:00+00:00,usdjpy,111.0335,111.0725,111.0245,111.072
2021-06-30 19:45:00+00:00,usdjpy,111.0835,111.0985,111.028,111.0325
2021-06-30 20:00:00+00:00,usdjpy,111.0945,111.0985,111.0695,111.084
2021-06-30 20:15:00+00:00,usdjpy,111.1135,111.1145,111.0925,111.0955
2021-06-30 20:30:00+00:00,usdjpy,111.1125,111.1205,111.1075,111.1125
2021-06-30 20:45:00+00:00,usdjpy,111.1065,111.119,111.1065,111.113
2021-06-30 21:00:00+00:00,usdjpy,111.104,111.1145,111.1005,111.1075
2021-06-30 21:15:00+00:00,usdjpy,111.1055,111.1105,111.1015,111.1035
2021-06-30 21:30:00+00:00,usdjpy,111.1015,111.107,111.0965,111.1045
2021-06-30 21:45:00+00:00,usdjpy,111.0995,111.1055,111.0735,111.101
2021-06-30 22:00:00+00:00,usdjpy,111.108,111.1145,111.0975,111.0985
2021-06-30 22:15:00+00:00,usdjpy,111.11,111.1155,111.0885,111.1085
2021-06-30 22:30:00+00:00,usdjpy,111.1125,111.1165,111.1005,111.1105
2021-06-30 22:45:00+00:00,usdjpy,111.1115,111.121,111.1105,111.1115
2021-06-30 23:00:00+00:00,usdjpy,111.1005,111.1105,111.0945,111.1105
2021-06-30 23:15:00+00:00,usdjpy,111.1125,111.1185,111.09,111.1015
2021-06-30 23:30:00+00:00,usdjpy,111.1335,111.1395,111.1085,111.112
2021-06-30 23:45:00+00:00,usdjpy,111.1335,111.1395,111.1275,111.134
2021-07-01 00:00:00+00:00,usdjpy,111.1,111.146,111.087,111.1345
2021-07-01 00:15:00+00:00,usdjpy,111.1415,111.142,111.0935,111.0995
2021-07-01 00:30:00+00:00,usdjpy,111.1375,111.166,111.1225,111.1405
2021-07-01 00:45:00+00:00,usdjpy,111.083,111.1455,111.075,111.137
2021-07-01 01:00:00+00:00,usdjpy,111.0575,111.0825,111.052,111.0825
2021-07-01 01:15:00+00:00,usdjpy,111.0365,111.0615,111.0335,111.0585
2021-07-01 01:30:00+00:00,usdjpy,111.063,111.068,111.0285,111.036
2021-07-01 01:45:00+00:00,usdjpy,111.0625,111.0735,111.0425,111.0635
2021-07-01 02:00:00+00:00,usdjpy,111.051,111.075,111.0435,111.0615
2021-07-01 02:15:00+00:00,usdjpy,111.0565,111.0735,111.0305,111.0505
2021-07-01 02:30:00+00:00,usdjpy,111.0715,111.073,111.0445,111.056
2021-07-01 02:45:00+00:00,usdjpy,111.0655,111.0705,111.0595,111.0705
2021-07-01 03:00:00+00:00,usdjpy,111.0945,111.108,111.065,111.065
2021-07-01 03:15:00+00:00,usdjpy,111.0705,111.1015,111.0615,111.095
2021-07-01 03:30:00+00:00,usdjpy,111.0875,111.0885,111.0695,111.07
2021-07-01 03:45:00+00:00,usdjpy,111.0925,111.0945,111.0815,111.087
2021-07-01 04:00:00+00:00,usdjpy,111.099,111.1065,111.0925,111.0945
2021-07-01 04:15:00+00:00,usdjpy,111.1,111.1035,111.0915,111.0985
2021-07-01 04:30:00+00:00,usdjpy,111.0995,111.1065,111.0935,111.0995
2021-07-01 04:45:00+00:00,usdjpy,111.101,111.107,111.089,111.099
2021-07-01 05:00:00+00:00,usdjpy,111.1195,111.1255,111.1005,111.1015
2021-07-01 05:15:00+00:00,usdjpy,111.1375,111.1525,111.1155,111.1185
2021-07-01 05:30:00+00:00,usdjpy,111.1255,111.145,111.1135,111.1385
2021-07-01 05:45:00+00:00,usdjpy,111.1215,111.1345,111.118,111.126
2021-07-01 06:00:00+00:00,usdjpy,111.1685,111.1765,111.1195,111.121
2021-07-01 06:15:00+00:00,usdjpy,111.1645,111.188,111.1485,111.169
2021-07-01 06:30:00+00:00,usdjpy,111.1835,111.1885,111.156,111.165
2021-07-01 06:45:00+00:00,usdjpy,111.2045,111.2435,111.1835,111.1845
2021-07-01 07:00:00+00:00,usdjpy,111.2425,111.2655,111.205,111.205
2021-07-01 07:15:00+00:00,usdjpy,111.2245,111.2545,111.2175,111.242
2021-07-01 07:30:00+00:00,usdjpy,111.2415,111.2625,111.215,111.224
2021-07-01 07:45:00+00:00,usdjpy,111.2745,111.2775,111.2405,111.242
2021-07-01 08:00:00+00:00,usdjpy,111.3475,111.3755,111.27,111.274
2021-07-01 08:15:00+00:00,usdjpy,111.3575,111.3625,111.3255,111.348
2021-07-01 08:30:00+00:00,usdjpy,111.3795,111.3905,111.348,111.357
2021-07-01 08:45:00+00:00,usdjpy,111.4055,111.413,111.3635,111.379
2021-07-01 09:00:00+00:00,usdjpy,111.3885,111.4255,111.3815,111.405
2021-07-01 09:15:00+00:00,usdjpy,111.477,111.4945,111.3895,111.3895
2021-07-01 09:30:00+00:00,usdjpy,111.4715,111.4985,111.4625,111.4765
2021-07-01 09:45:00+00:00,usdjpy,111.4975,111.5105,111.4585,111.471
2021-07-01 10:00:00+00:00,usdjpy,111.6235,111.6265,111.4865,111.4965
2021-07-01 10:15:00+00:00,usdjpy,111.5985,111.6285,111.5595,111.6225
2021-07-01 10:30:00+00:00,usdjpy,111.566,111.6025,111.5625,111.5975
2021-07-01 10:45:00+00:00,usdjpy,111.4585,111.5815,111.4505,111.5655
2021-07-01 11:00:00+00:00,usdjpy,111.41,111.4735,111.3885,111.4545
2021-07-01 11:15:00+00:00,usdjpy,111.4135,111.4165,111.3545,111.4105
2021-07-01 11:30:00+00:00,usdjpy,111.4155,111.4485,111.399,111.413
2021-07-01 11:45:00+00:00,usdjpy,111.4685,111.4915,111.3985,111.415
2021-07-01 12:00:00+00:00,usdjpy,111.4315,111.4875,111.4305,111.468
2021-07-01 12:15:00+00:00,usdjpy,111.3965,111.431,111.3595,111.4305
2021-07-01 12:30:00+00:00,usdjpy,111.3715,111.4575,111.3625,111.3975
2021-07-01 12:45:00+00:00,usdjpy,111.393,111.4125,111.3615,111.3725
2021-07-01 13:00:00+00:00,usdjpy,111.4205,111.4225,111.351,111.3935
2021-07-01 13:15:00+00:00,usdjpy,111.4055,111.4575,111.396,111.42
2021-07-01 13:30:00+00:00,usdjpy,111.4685,111.4795,111.3995,111.405
2021-07-01 13:45:00+00:00,usdjpy,111.402,111.4755,111.376,111.4675
2021-07-01 14:00:00+00:00,usdjpy,111.4845,111.4945,111.3615,111.4045
2021-07-01 14:15:00+00:00,usdjpy,111.5135,111.5385,111.4785,111.4855
2021-07-01 14:30:00+00:00,usdjpy,111.5705,111.6015,111.5125,111.5125
2021-07-01 14:45:00+00:00,usdjpy,111.5365,111.5925,111.5235,111.5715
2021-07-01 15:00:00+00:00,usdjpy,111.57,111.5755,111.5185,111.538
2021-07-01 15:15:00+00:00,usdjpy,111.589,111.6125,111.5645,111.5705
2021-07-01 15:30:00+00:00,usdjpy,111.556,111.5915,111.5455,111.5885
2021-07-01 15:45:00+00:00,usdjpy,111.5635,111.5845,111.535,111.5555
2021-07-01 16:00:00+00:00,usdjpy,111.5345,111.5805,111.5345,111.564
2021-07-01 16:15:00+00:00,usdjpy,111.5515,111.567,111.5345,111.535
2021-07-01 16:30:00+00:00,usdjpy,111.5775,111.5795,111.5515,111.552
2021-07-01 16:45:00+00:00,usdjpy,111.5715,111.5865,111.5655,111.577
2021-07-01 17:00:00+00:00,usdjpy,111.5785,111.59,111.5635,111.5725
2021-07-01 17:15:00+00:00,usdjpy,111.5845,111.5845,111.5655,111.5795
2021-07-01 17:30:00+00:00,usdjpy,111.6095,111.61,111.5845,111.5855
2021-07-01 17:45:00+00:00,usdjpy,111.6195,111.6345,111.608,111.609
2021-07-01 18:00:00+00:00,usdjpy,111.6265,111.6285,111.6065,111.62
2021-07-01 18:15:00+00:00,usdjpy,111.6355,111.6385,111.6245,111.6275
2021-07-01 18:30:00+00:00,usdjpy,111.6215,111.6405,111.621,111.636
2021-07-01 18:45:00+00:00,usdjpy,111.6235,111.6275,111.6035,111.621
2021-07-01 19:00:00+00:00,usdjpy,111.5765,111.6265,111.576,111.6245
2021-07-01 19:15:00+00:00,usdjpy,111.57,111.5785,111.5675,111.577
2021-07-01 19:30:00+00:00,usdjpy,111.5655,111.5715,111.5525,111.5695
2021-07-01 19:45:00+00:00,usdjpy,111.5535,111.5895,111.546,111.565
2021-07-01 20:00:00+00:00,usdjpy,111.5705,111.5785,111.5475,111.553
2021-07-01 20:15:00+00:00,usdjpy,111.5695,111.573,111.5595,111.5715
2021-07-01 20:30:00+00:00,usdjpy,111.5395,111.5715,111.5335,111.5705
2021-07-01 20:45:00+00:00,usdjpy,111.5195,111.5415,111.5195,111.539
2021-07-01 21:00:00+00:00,usdjpy,111.5395,111.5485,111.5195,111.53
2021-07-01 21:15:00+00:00,usdjpy,111.533,111.5445,111.5315,111.54
2021-07-01 21:30:00+00:00,usdjpy,111.5425,111.5435,111.5305,111.536
2021-07-01 21:45:00+00:00,usdjpy,111.5385,111.5435,111.533,111.5415
2021-07-01 22:00:00+00:00,usdjpy,111.542,111.5475,111.5335,111.5375
2021-07-01 22:15:00+00:00,usdjpy,111.5455,111.5465,111.5395,111.5425
2021-07-01 22:30:00+00:00,usdjpy,111.5385,111.5465,111.5335,111.545
2021-07-01 22:45:00+00:00,usdjpy,111.5465,111.547,111.5385,111.5395
2021-07-01 23:00:00+00:00,usdjpy,111.5595,111.5615,111.5445,111.5455
2021-07-01 23:15:00+00:00,usdjpy,111.5675,111.5735,111.5445,111.5605
2021-07-01 23:30:00+00:00,usdjpy,111.5715,111.586,111.567,111.567
2021-07-01 23:45:00+00:00,usdjpy,111.5735,111.5745,111.5625,111.5705
2021-07-02 00:00:00+00:00,usdjpy,111.5725,111.6065,111.5705,111.573
2021-07-02 00:15:00+00:00,usdjpy,111.572,111.5835,111.5515,111.5735
2021-07-02 00:30:00+00:00,usdjpy,111.5725,111.5855,111.5695,111.5725
2021-07-02 00:45:00+00:00,usdjpy,111.6465,111.6525,111.5625,111.573
2021-07-02 01:00:00+00:00,usdjpy,111.5855,111.659,111.5765,111.6455
2021-07-02 01:15:00+00:00,usdjpy,111.6045,111.6095,111.5685,111.5865
2021-07-02 01:30:00+00:00,usdjpy,111.5815,111.6085,111.5655,111.604
2021-07-02 01:45:00+00:00,usdjpy,111.5905,111.6015,111.5775,111.582
2021-07-02 02:00:00+00:00,usdjpy,111.6095,111.6255,111.5895,111.5895
2021-07-02 02:15:00+00:00,usdjpy,111.6015,111.611,111.5905,111.61
2021-07-02 02:30:00+00:00,usdjpy,111.5965,111.6075,111.5785,111.602
2021-07-02 02:45:00+00:00,usdjpy,111.5835,111.6015,111.5785,111.596
2021-07-02 03:00:00+00:00,usdjpy,111.5725,111.5885,111.5675,111.584
2021-07-02 03:15:00+00:00,usdjpy,111.5835,111.5885,111.5675,111.572
2021-07-02 03:30:00+00:00,usdjpy,111.579,111.5885,111.5765,111.583
2021-07-02 03:45:00+00:00,usdjpy,111.5785,111.6035,111.5705,111.5785
2021-07-02 04:00:00+00:00,usdjpy,111.5585,111.578,111.5575,111.578
2021-07-02 04:15:00+00:00,usdjpy,111.5735,111.5755,111.5595,111.5595
2021-07-02 04:30:00+00:00,usdjpy,111.5735,111.585,111.5645,111.574
2021-07-02 04:45:00+00:00,usdjpy,111.5885,111.5885,111.5685,111.573
2021-07-02 05:00:00+00:00,usdjpy,111.5765,111.5975,111.5765,111.5875
2021-07-02 05:15:00+00:00,usdjpy,111.5785,111.5845,111.5675,111.5775
2021-07-02 05:30:00+00:00,usdjpy,111.5775,111.5845,111.5735,111.579
2021-07-02 05:45:00+00:00,usdjpy,111.6105,111.6105,111.5785,111.5785
2021-07-02 06:00:00+00:00,usdjpy,111.5985,111.6145,111.5835,111.61
2021-07-02 06:15:00+00:00,usdjpy,111.592,111.613,111.573,111.599
2021-07-02 06:30:00+00:00,usdjpy,111.6045,111.6225,111.584,111.5925
2021-07-02 06:45:00+00:00,usdjpy,111.629,111.6305,111.5965,111.6035
2021-07-02 07:00:00+00:00,usdjpy,111.6135,111.6595,111.6075,111.6295
2021-07-02 07:15:00+00:00,usdjpy,111.5925,111.6195,111.591,111.613
2021-07-02 07:30:00+00:00,usdjpy,111.5975,111.6105,111.5695,111.5915
2021-07-02 07:45:00+00:00,usdjpy,111.5745,111.6045,111.5615,111.5985
2021-07-02 08:00:00+00:00,usdjpy,111.4785,111.5875,111.4675,111.5755
2021-07-02 08:15:00+00:00,usdjpy,111.4375,111.4975,111.4305,111.478
2021-07-02 08:30:00+00:00,usdjpy,111.464,111.4745,111.41,111.437
2021-07-02 08:45:00+00:00,usdjpy,111.4725,111.4775,111.4385,111.4635
2021-07-02 09:00:00+00:00,usdjpy,111.438,111.4795,111.4095,111.472
2021-07-02 09:15:00+00:00,usdjpy,111.4865,111.4985,111.4295,111.4375
2021-07-02 09:30:00+00:00,usdjpy,111.4825,111.4945,111.4715,111.4855
2021-07-02 09:45:00+00:00,usdjpy,111.4985,111.5085,111.4825,111.483
2021-07-02 10:00:00+00:00,usdjpy,111.5075,111.5185,111.4975,111.498
2021-07-02 10:15:00+00:00,usdjpy,111.4625,111.514,111.4525,111.508
2021-07-02 10:30:00+00:00,usdjpy,111.4485,111.4705,111.4435,111.4615
2021-07-02 10:45:00+00:00,usdjpy,111.4485,111.4495,111.407,111.448
2021-07-02 11:00:00+00:00,usdjpy,111.3915,111.4585,111.3875,111.4495
2021-07-02 11:15:00+00:00,usdjpy,111.4015,111.415,111.382,111.391
2021-07-02 11:30:00+00:00,usdjpy,111.3955,111.4065,111.3855,111.402
2021-07-02 11:45:00+00:00,usdjpy,111.4445,111.4465,111.3785,111.3965
2021-07-02 12:00:00+00:00,usdjpy,111.4375,111.4555,111.4195,111.4435
2021-07-02 12:15:00+00:00,usdjpy,111.4725,111.4725,111.4245,111.4365
2021-07-02 12:30:00+00:00,usdjpy,111.3695,111.608,111.3205,111.4735
2021-07-02 12:45:00+00:00,usdjpy,111.2655,111.4195,111.2495,111.3705
2021-07-02 13:00:00+00:00,usdjpy,111.248,111.2685,111.1575,111.266
2021-07-02 13:15:00+00:00,usdjpy,111.3385,111.3395,111.1775,111.2485
2021-07-02 13:30:00+00:00,usdjpy,111.3265,111.3615,111.2915,111.31
2021-07-02 13:45:00+00:00,usdjpy,111.2485,111.3535,111.228,111.3275
2021-07-02 14:00:00+00:00,usdjpy,111.3255,111.3425,111.2265,111.2485
2021-07-02 14:15:00+00:00,usdjpy,111.301,111.3805,111.2755,111.3245
2021-07-02 14:30:00+00:00,usdjpy,111.3135,111.3265,111.2645,111.3015
2021-07-02 14:45:00+00:00,usdjpy,111.3125,111.3475,111.2765,111.3145
2021-07-02 15:00:00+00:00,usdjpy,111.2885,111.3375,111.278,111.312
2021-07-02 15:15:00+00:00,usdjpy,111.2835,111.3165,111.2715,111.2895
2021-07-02 15:30:00+00:00,usdjpy,111.2915,111.2955,111.2715,111.2845
2021-07-02 15:45:00+00:00,usdjpy,111.2935,111.3025,111.2745,111.2905
2021-07-02 16:00:00+00:00,usdjpy,111.2995,111.3015,111.2845,111.2945
2021-07-02 16:15:00+00:00,usdjpy,111.2645,111.2995,111.2615,111.2985
2021-07-02 16:30:00+00:00,usdjpy,111.2595,111.2755,111.2525,111.2655
2021-07-02 16:45:00+00:00,usdjpy,111.2205,111.2595,111.2205,111.259
2021-07-02 17:00:00+00:00,usdjpy,111.1875,111.2425,111.1745,111.221
2021-07-02 17:15:00+00:00,usdjpy,111.1655,111.1935,111.1655,111.187
2021-07-02 17:30:00+00:00,usdjpy,111.1125,111.1655,111.112,111.165
2021-07-02 17:45:00+00:00,usdjpy,111.0435,111.1195,111.0395,111.115
2021-07-02 18:00:00+00:00,usdjpy,110.9635,111.0495,110.9525,111.0445
2021-07-02 18:15:00+00:00,usdjpy,111.0225,111.026,110.959,110.964
2021-07-02 18:30:00+00:00,usdjpy,111.013,111.0445,111.002,111.022
2021-07-02 18:45:00+00:00,usdjpy,111.0545,111.0605,111.0075,111.0125
2021-07-02 19:00:00+00:00,usdjpy,111.0515,111.0675,111.0405,111.055
2021-07-02 19:15:00+00:00,usdjpy,111.0375,111.051,111.0245,111.0505
2021-07-02 19:30:00+00:00,usdjpy,111.0385,111.0405,111.031,111.0365
2021-07-02 19:45:00+00:00,usdjpy,111.0325,111.0505,111.0305,111.038
2021-07-02 20:00:00+00:00,usdjpy,111.0145,111.0405,111.014,111.0335
2021-07-02 20:15:00+00:00,usdjpy,111.0135,111.0265,111.0105,111.015
2021-07-02 20:30:00+00:00,usdjpy,111.0395,111.0445,111.0115,111.014
2021-07-02 20:45:00+00:00,usdjpy,111.0495,111.0495,111.0185,111.039
2021-07-05 03:30:00+00:00,usdjpy,111.1075,111.1105,111.0955,111.0965
2021-07-05 03:45:00+00:00,usdjpy,111.1215,111.1265,111.1055,111.108
2021-07-05 04:00:00+00:00,usdjpy,111.1335,111.143,111.1215,111.1225
2021-07-05 04:15:00+00:00,usdjpy,111.1325,111.1425,111.128,111.133
2021-07-05 04:30:00+00:00,usdjpy,111.1335,111.1385,111.1285,111.133
2021-07-05 04:45:00+00:00,usdjpy,111.1385,111.1445,111.133,111.133
2021-07-05 05:00:00+00:00,usdjpy,111.1325,111.1415,111.1325,111.139
2021-07-05 05:15:00+00:00,usdjpy,111.1055,111.1335,111.1055,111.133
2021-07-05 05:30:00+00:00,usdjpy,111.1185,111.1195,111.1055,111.106
2021-07-05 05:45:00+00:00,usdjpy,111.14,111.144,111.118,111.118
2021-07-05 06:00:00+00:00,usdjpy,111.1215,111.1455,111.1135,111.1395
2021-07-05 06:15:00+00:00,usdjpy,111.09,111.1415,111.0895,111.121
2021-07-05 06:30:00+00:00,usdjpy,111.0165,111.0905,111.0165,111.0895
2021-07-05 06:45:00+00:00,usdjpy,110.972,111.0275,110.9665,111.017
2021-07-05 07:00:00+00:00,usdjpy,111.0445,111.0545,110.9725,110.9725
2021-07-05 07:15:00+00:00,usdjpy,111.0405,111.062,111.0255,111.045
2021-07-05 07:30:00+00:00,usdjpy,111.0035,111.0415,110.9715,111.0415
2021-07-05 07:45:00+00:00,usdjpy,110.9125,111.0115,110.9005,111.0025
2021-07-05 08:00:00+00:00,usdjpy,110.8615,110.9115,110.8515,110.9115
2021-07-05 08:15:00+00:00,usdjpy,110.8955,110.8955,110.8525,110.862
2021-07-05 08:30:00+00:00,usdjpy,110.8925,110.9255,110.8805,110.896
2021-07-05 08:45:00+00:00,usdjpy,110.9015,110.9135,110.8815,110.8915
2021-07-05 09:00:00+00:00,usdjpy,110.8865,110.9145,110.8815,110.902
2021-07-05 09:15:00+00:00,usdjpy,110.8665,110.8955,110.8615,110.886
2021-07-05 09:30:00+00:00,usdjpy,110.8105,110.8685,110.8025,110.8655
2021-07-05 09:45:00+00:00,usdjpy,110.8385,110.8665,110.8065,110.81
2021-07-05 10:00:00+00:00,usdjpy,110.8335,110.853,110.8145,110.838
2021-07-05 10:15:00+00:00,usdjpy,110.848,110.857,110.8295,110.8325
2021-07-05 10:30:00+00:00,usdjpy,110.8065,110.8475,110.8065,110.8475
2021-07-05 10:45:00+00:00,usdjpy,110.8215,110.833,110.805,110.8055
2021-07-05 11:00:00+00:00,usdjpy,110.811,110.8255,110.8035,110.8205
2021-07-05 11:15:00+00:00,usdjpy,110.8225,110.8245,110.798,110.8105
2021-07-05 11:30:00+00:00,usdjpy,110.8715,110.8765,110.8165,110.8215
2021-07-05 11:45:00+00:00,usdjpy,110.8455,110.8835,110.8345,110.8705
2021-07-05 12:00:00+00:00,usdjpy,110.8905,110.896,110.8455,110.846
2021-07-05 12:15:00+00:00,usdjpy,110.9145,110.9315,110.891,110.891
2021-07-05 12:30:00+00:00,usdjpy,110.9225,110.9265,110.8755,110.9155
2021-07-05 12:45:00+00:00,usdjpy,110.9265,110.9375,110.909,110.9235
2021-07-05 13:00:00+00:00,usdjpy,110.9215,110.9365,110.906,110.927
2021-07-05 13:15:00+00:00,usdjpy,110.973,110.9765,110.9215,110.922
2021-07-05 13:30:00+00:00,usdjpy,110.9435,110.9755,110.9425,110.9725
2021-07-05 13:45:00+00:00,usdjpy,110.957,110.9655,110.9345,110.943
2021-07-05 14:00:00+00:00,usdjpy,110.9655,110.9795,110.941,110.9565
2021-07-05 14:15:00+00:00,usdjpy,110.9725,110.981,110.9615,110.965
2021-07-05 14:30:00+00:00,usdjpy,110.9585,110.9745,110.9575,110.973
2021-07-05 14:45:00+00:00,usdjpy,110.9425,110.9725,110.9345,110.9595
2021-07-05 15:00:00+00:00,usdjpy,110.9265,110.9485,110.9175,110.943
2021-07-05 15:15:00+00:00,usdjpy,110.9365,110.937,110.9115,110.926
2021-07-05 15:30:00+00:00,usdjpy,110.916,110.936,110.9135,110.936
2021-07-05 15:45:00+00:00,usdjpy,110.91,110.931,110.9045,110.9155
2021-07-05 16:00:00+00:00,usdjpy,110.9065,110.9155,110.9055,110.9095
2021-07-05 16:15:00+00:00,usdjpy,110.9135,110.9235,110.9025,110.906
2021-07-05 16:30:00+00:00,usdjpy,110.9075,110.9145,110.9035,110.914
2021-07-05 16:45:00+00:00,usdjpy,110.8985,110.9155,110.894,110.907
2021-07-05 17:00:00+00:00,usdjpy,110.913,110.928,110.8985,110.8995
2021-07-05 17:15:00+00:00,usdjpy,110.908,110.9155,110.8825,110.9125
2021-07-05 17:30:00+00:00,usdjpy,110.8995,110.9095,110.8905,110.9065
2021-07-05 17:45:00+00:00,usdjpy,110.9155,110.9215,110.8945,110.9005
2021-07-05 18:00:00+00:00,usdjpy,110.9035,110.9215,110.8955,110.9145
2021-07-05 18:15:00+00:00,usdjpy,110.9075,110.9215,110.8975,110.9045
2021-07-05 18:30:00+00:00,usdjpy,110.9195,110.926,110.8965,110.908
2021-07-05 18:45:00+00:00,usdjpy,110.899,110.9245,110.8955,110.92
2021-07-05 19:00:00+00:00,usdjpy,110.924,110.9365,110.8945,110.8985
2021-07-05 19:15:00+00:00,usdjpy,110.9515,110.9655,110.917,110.9235
2021-07-05 19:30:00+00:00,usdjpy,110.9595,110.9715,110.947,110.9505
2021-07-05 19:45:00+00:00,usdjpy,110.9565,110.9675,110.9505,110.959
2021-07-05 20:00:00+00:00,usdjpy,110.9695,110.9755,110.9565,110.9585
2021-07-05 20:15:00+00:00,usdjpy,110.969,110.9745,110.9665,110.97
2021-07-05 20:30:00+00:00,usdjpy,110.9685,110.971,110.9655,110.9695
2021-07-05 20:45:00+00:00,usdjpy,110.9655,110.9945,110.965,110.969
2021-07-05 21:00:00+00:00,usdjpy,110.9565,110.966,110.9415,110.9605
2021-07-05 21:15:00+00:00,usdjpy,110.9665,110.973,110.9525,110.9525
2021-07-05 21:30:00+00:00,usdjpy,110.97,110.9795,110.9635,110.9655
2021-07-05 21:45:00+00:00,usdjpy,110.9745,110.9795,110.9705,110.9705
2021-07-05 22:00:00+00:00,usdjpy,110.9265,110.973,110.9265,110.973
2021-07-05 22:15:00+00:00,usdjpy,110.9255,110.9335,110.9045,110.925
2021-07-05 22:30:00+00:00,usdjpy,110.9135,110.9305,110.907,110.9245
2021-07-05 22:45:00+00:00,usdjpy,110.9295,110.936,110.906,110.9125
2021-07-05 23:00:00+00:00,usdjpy,110.93,110.9455,110.9245,110.9285
2021-07-05 23:15:00+00:00,usdjpy,110.9545,110.9585,110.9125,110.9295
2021-07-05 23:30:00+00:00,usdjpy,110.9375,110.9565,110.9365,110.9555
2021-07-05 23:45:00+00:00,usdjpy,110.9195,110.9425,110.917,110.9385
2021-07-06 00:00:00+00:00,usdjpy,110.8345,110.9315,110.823,110.9205
2021-07-06 00:15:00+00:00,usdjpy,110.8745,110.8765,110.8175,110.8335
2021-07-06 00:30:00+00:00,usdjpy,110.8245,110.8805,110.8235,110.874
2021-07-06 00:45:00+00:00,usdjpy,110.8645,110.8725,110.8115,110.825
2021-07-06 01:00:00+00:00,usdjpy,110.8795,110.8795,110.8545,110.864
2021-07-06 01:15:00+00:00,usdjpy,110.825,110.8825,110.8205,110.88
2021-07-06 01:30:00+00:00,usdjpy,110.8055,110.8375,110.789,110.8255
2021-07-06 01:45:00+00:00,usdjpy,110.8195,110.8335,110.8,110.805
2021-07-06 02:00:00+00:00,usdjpy,110.8065,110.8195,110.7925,110.819
2021-07-06 02:15:00+00:00,usdjpy,110.8555,110.8585,110.805,110.8055
2021-07-06 02:30:00+00:00,usdjpy,110.8475,110.8585,110.8385,110.8545
2021-07-06 02:45:00+00:00,usdjpy,110.8535,110.8625,110.8325,110.848
2021-07-06 03:00:00+00:00,usdjpy,110.8415,110.8655,110.84,110.8545
2021-07-06 03:15:00+00:00,usdjpy,110.8465,110.8535,110.8285,110.841
2021-07-06 03:30:00+00:00,usdjpy,110.8535,110.8735,110.841,110.8475
2021-07-06 03:45:00+00:00,usdjpy,110.8485,110.8575,110.8455,110.853
2021-07-06 04:00:00+00:00,usdjpy,110.8535,110.8545,110.8345,110.848
2021-07-06 04:15:00+00:00,usdjpy,110.8495,110.8545,110.8385,110.853
2021-07-06 04:30:00+00:00,usdjpy,110.852,110.8645,110.8385,110.85
2021-07-06 04:45:00+00:00,usdjpy,110.8345,110.858,110.8325,110.852
2021-07-06 05:00:00+00:00,usdjpy,110.8155,110.845,110.8055,110.835
2021-07-06 05:15:00+00:00,usdjpy,110.828,110.836,110.8145,110.816
2021-07-06 05:30:00+00:00,usdjpy,110.802,110.8315,110.797,110.8275
2021-07-06 05:45:00+00:00,usdjpy,110.8205,110.8205,110.7935,110.8025
2021-07-06 06:00:00+00:00,usdjpy,110.7925,110.8285,110.7665,110.8195
2021-07-06 06:15:00+00:00,usdjpy,110.8175,110.8305,110.7895,110.7935
2021-07-06 06:30:00+00:00,usdjpy,110.8255,110.8445,110.7975,110.817
2021-07-06 06:45:00+00:00,usdjpy,110.8725,110.8805,110.8225,110.825
2021-07-06 07:00:00+00:00,usdjpy,110.8985,110.918,110.8695,110.872
2021-07-06 07:15:00+00:00,usdjpy,110.8885,110.9025,110.8625,110.898
2021-07-06 07:30:00+00:00,usdjpy,110.7875,110.888,110.7845,110.888
2021-07-06 07:45:00+00:00,usdjpy,110.7755,110.8025,110.7495,110.7875
2021-07-06 08:00:00+00:00,usdjpy,110.7915,110.8095,110.749,110.776
2021-07-06 08:15:00+00:00,usdjpy,110.8015,110.8085,110.7595,110.791
2021-07-06 08:30:00+00:00,usdjpy,110.8235,110.861,110.7875,110.802
2021-07-06 08:45:00+00:00,usdjpy,110.7905,110.8315,110.7855,110.824
2021-07-06 09:00:00+00:00,usdjpy,110.782,110.8085,110.7775,110.791
2021-07-06 09:15:00+00:00,usdjpy,110.8035,110.8155,110.7635,110.7815
2021-07-06 09:30:00+00:00,usdjpy,110.8235,110.8505,110.8015,110.8025
2021-07-06 09:45:00+00:00,usdjpy,110.796,110.8285,110.7895,110.8225
2021-07-06 10:00:00+00:00,usdjpy,110.7925,110.8055,110.7755,110.7955
2021-07-06 10:15:00+00:00,usdjpy,110.7575,110.8045,110.7565,110.792
2021-07-06 10:30:00+00:00,usdjpy,110.7495,110.7745,110.7485,110.757
2021-07-06 10:45:00+00:00,usdjpy,110.7005,110.7505,110.6815,110.7485
2021-07-06 11:00:00+00:00,usdjpy,110.7015,110.7275,110.6905,110.701
2021-07-06 11:15:00+00:00,usdjpy,110.6615,110.7155,110.6615,110.701
2021-07-06 11:30:00+00:00,usdjpy,110.623,110.6745,110.6095,110.661
2021-07-06 11:45:00+00:00,usdjpy,110.6565,110.69,110.6185,110.6225
2021-07-06 12:00:00+00:00,usdjpy,110.6545,110.6715,110.6125,110.6555
2021-07-06 12:15:00+00:00,usdjpy,110.6615,110.7095,110.6485,110.655
2021-07-06 12:30:00+00:00,usdjpy,110.6375,110.6715,110.597,110.662
2021-07-06 12:45:00+00:00,usdjpy,110.7195,110.742,110.6315,110.6365
2021-07-06 13:00:00+00:00,usdjpy,110.7805,110.7815,110.7135,110.7205
2021-07-06 13:15:00+00:00,usdjpy,110.7945,110.8055,110.765,110.781
2021-07-06 13:30:00+00:00,usdjpy,110.758,110.7965,110.7275,110.795
2021-07-06 13:45:00+00:00,usdjpy,110.7465,110.7925,110.6655,110.7575
2021-07-06 14:00:00+00:00,usdjpy,110.5565,110.733,110.5545,110.711
2021-07-06 14:15:00+00:00,usdjpy,110.6545,110.6665,110.5195,110.551
2021-07-06 14:30:00+00:00,usdjpy,110.644,110.6555,110.612,110.654
2021-07-06 14:45:00+00:00,usdjpy,110.5695,110.6485,110.5535,110.644
2021-07-06 15:00:00+00:00,usdjpy,110.6115,110.6185,110.5535,110.57
2021-07-06 15:15:00+00:00,usdjpy,110.5695,110.6285,110.5275,110.605
2021-07-06 15:30:00+00:00,usdjpy,110.6435,110.6455,110.55,110.5725
2021-07-06 15:45:00+00:00,usdjpy,110.657,110.6825,110.6425,110.6445
2021-07-06 16:00:00+00:00,usdjpy,110.6515,110.682,110.642,110.6575
2021-07-06 16:15:00+00:00,usdjpy,110.6215,110.6535,110.6185,110.652
2021-07-06 16:30:00+00:00,usdjpy,110.6125,110.6375,110.605,110.6205
2021-07-06 16:45:00+00:00,usdjpy,110.6315,110.644,110.6015,110.612
2021-07-06 17:00:00+00:00,usdjpy,110.6555,110.6605,110.6295,110.6325
2021-07-06 17:15:00+00:00,usdjpy,110.66,110.6895,110.655,110.655
2021-07-06 17:30:00+00:00,usdjpy,110.6785,110.6855,110.6595,110.6605
2021-07-06 17:45:00+00:00,usdjpy,110.6545,110.6785,110.6495,110.6765
2021-07-06 18:00:00+00:00,usdjpy,110.6635,110.6715,110.6425,110.655
2021-07-06 18:15:00+00:00,usdjpy,110.6455,110.6665,110.6455,110.664
2021-07-06 18:30:00+00:00,usdjpy,110.6365,110.6445,110.6085,110.6445
2021-07-06 18:45:00+00:00,usdjpy,110.6175,110.6385,110.6055,110.636
2021-07-06 19:00:00+00:00,usdjpy,110.6465,110.6475,110.6155,110.618
2021-07-06 19:15:00+00:00,usdjpy,110.654,110.6685,110.6415,110.6455
2021-07-06 19:30:00+00:00,usdjpy,110.6225,110.6675,110.6225,110.6535
2021-07-06 19:45:00+00:00,usdjpy,110.6355,110.637,110.603,110.622
2021-07-06 20:00:00+00:00,usdjpy,110.652,110.6565,110.6255,110.636
2021-07-06 20:15:00+00:00,usdjpy,110.6335,110.6565,110.6315,110.6515
2021-07-06 20:30:00+00:00,usdjpy,110.6265,110.6365,110.6245,110.634
2021-07-06 20:45:00+00:00,usdjpy,110.6415,110.6415,110.6175,110.6275
2021-07-06 21:00:00+00:00,usdjpy,110.638,110.6395,110.6175,110.626
2021-07-06 21:15:00+00:00,usdjpy,110.6275,110.64,110.6195,110.636
2021-07-06 21:30:00+00:00,usdjpy,110.6265,110.634,110.6195,110.6295
2021-07-06 21:45:00+00:00,usdjpy,110.635,110.6355,110.6215,110.6275
2021-07-06 22:00:00+00:00,usdjpy,110.6425,110.6435,110.6235,110.6345
2021-07-06 22:15:00+00:00,usdjpy,110.6615,110.6615,110.6335,110.6415
2021-07-06 22:30:00+00:00,usdjpy,110.6305,110.6655,110.6305,110.661
2021-07-06 22:45:00+00:00,usdjpy,110.642,110.6485,110.6315,110.6315
2021-07-06 23:00:00+00:00,usdjpy,110.6465,110.6475,110.6335,110.6425
2021-07-06 23:15:00+00:00,usdjpy,110.6505,110.663,110.6445,110.6475
2021-07-06 23:30:00+00:00,usdjpy,110.5805,110.6525,110.5795,110.65
2021-07-06 23:45:00+00:00,usdjpy,110.6025,110.6125,110.5675,110.581
2021-07-07 00:00:00+00:00,usdjpy,110.5155,110.6095,110.4995,110.6015
2021-07-07 00:15:00+00:00,usdjpy,110.5145,110.5385,110.4995,110.516
2021-07-07 00:30:00+00:00,usdjpy,110.4635,110.5345,110.4535,110.514
2021-07-07 00:45:00+00:00,usdjpy,110.4185,110.4785,110.4045,110.464
2021-07-07 01:00:00+00:00,usdjpy,110.4345,110.4485,110.3985,110.419
2021-07-07 01:15:00+00:00,usdjpy,110.4785,110.4845,110.434,110.435
2021-07-07 01:30:00+00:00,usdjpy,110.442,110.4785,110.3985,110.478
2021-07-07 01:45:00+00:00,usdjpy,110.4325,110.4485,110.3985,110.4415
2021-07-07 02:00:00+00:00,usdjpy,110.4225,110.4595,110.4175,110.432
2021-07-07 02:15:00+00:00,usdjpy,110.4625,110.4645,110.4155,110.422
2021-07-07 02:30:00+00:00,usdjpy,110.5145,110.5265,110.4625,110.463
2021-07-07 02:45:00+00:00,usdjpy,110.5475,110.5625,110.5085,110.514
2021-07-07 03:00:00+00:00,usdjpy,110.5395,110.5555,110.5265,110.547
2021-07-07 03:15:00+00:00,usdjpy,110.5585,110.5745,110.5315,110.539
2021-07-07 03:30:00+00:00,usdjpy,110.6025,110.607,110.5585,110.5595
2021-07-07 03:45:00+00:00,usdjpy,110.6025,110.6215,110.6015,110.603
2021-07-07 04:00:00+00:00,usdjpy,110.6025,110.6085,110.5845,110.6015
2021-07-07 04:15:00+00:00,usdjpy,110.6285,110.6445,110.6035,110.6035
2021-07-07 04:30:00+00:00,usdjpy,110.6035,110.6335,110.5985,110.628
2021-07-07 04:45:00+00:00,usdjpy,110.5275,110.6065,110.4835,110.6025
2021-07-07 05:00:00+00:00,usdjpy,110.5425,110.5525,110.5165,110.527
2021-07-07 05:15:00+00:00,usdjpy,110.5785,110.5885,110.5375,110.543
2021-07-07 05:30:00+00:00,usdjpy,110.5585,110.5905,110.549,110.578
2021-07-07 05:45:00+00:00,usdjpy,110.5955,110.6075,110.5575,110.558
2021-07-07 06:00:00+00:00,usdjpy,110.6465,110.6665,110.5925,110.596
2021-07-07 06:15:00+00:00,usdjpy,110.6825,110.7075,110.6425,110.6475
2021-07-07 06:30:00+00:00,usdjpy,110.6765,110.7355,110.676,110.683
2021-07-07 06:45:00+00:00,usdjpy,110.7085,110.735,110.672,110.676
2021-07-07 07:00:00+00:00,usdjpy,110.7375,110.7385,110.692,110.709
2021-07-07 07:15:00+00:00,usdjpy,110.654,110.7415,110.6425,110.7385
2021-07-07 07:30:00+00:00,usdjpy,110.6285,110.674,110.6055,110.6545
2021-07-07 07:45:00+00:00,usdjpy,110.6365,110.641,110.6115,110.6275
2021-07-07 08:00:00+00:00,usdjpy,110.6715,110.7035,110.636,110.636
2021-07-07 08:15:00+00:00,usdjpy,110.6935,110.7035,110.6665,110.672
2021-07-07 08:30:00+00:00,usdjpy,110.7505,110.7845,110.694,110.694
2021-07-07 08:45:00+00:00,usdjpy,110.751,110.7725,110.7395,110.751
2021-07-07 09:00:00+00:00,usdjpy,110.7685,110.7825,110.7155,110.7515
2021-07-07 09:15:00+00:00,usdjpy,110.7565,110.7935,110.7555,110.769
2021-07-07 09:30:00+00:00,usdjpy,110.7555,110.7795,110.7385,110.757
2021-07-07 09:45:00+00:00,usdjpy,110.7465,110.7725,110.7325,110.755
2021-07-07 10:00:00+00:00,usdjpy,110.7885,110.7925,110.7395,110.746
2021-07-07 10:15:00+00:00,usdjpy,110.7925,110.8105,110.7785,110.789
2021-07-07 10:30:00+00:00,usdjpy,110.7745,110.8165,110.7635,110.793
2021-07-07 10:45:00+00:00,usdjpy,110.7505,110.7825,110.738,110.7735
2021-07-07 11:00:00+00:00,usdjpy,110.6945,110.7615,110.686,110.7515
2021-07-07 11:15:00+00:00,usdjpy,110.6595,110.6975,110.6525,110.694
2021-07-07 11:30:00+00:00,usdjpy,110.7155,110.722,110.66,110.66
2021-07-07 11:45:00+00:00,usdjpy,110.6835,110.7265,110.6805,110.716
2021-07-07 12:00:00+00:00,usdjpy,110.609,110.6895,110.6015,110.683
2021-07-07 12:15:00+00:00,usdjpy,110.534,110.6165,110.509,110.6095
2021-07-07 12:30:00+00:00,usdjpy,110.5565,110.5925,110.515,110.5335
2021-07-07 12:45:00+00:00,usdjpy,110.5875,110.5925,110.524,110.5555
2021-07-07 13:00:00+00:00,usdjpy,110.6775,110.7015,110.5755,110.587
2021-07-07 13:15:00+00:00,usdjpy,110.7335,110.7705,110.6715,110.678
2021-07-07 13:30:00+00:00,usdjpy,110.7155,110.7985,110.7095,110.7325
2021-07-07 13:45:00+00:00,usdjpy,110.6985,110.7305,110.6795,110.715
2021-07-07 14:00:00+00:00,usdjpy,110.7715,110.7845,110.6515,110.6975
2021-07-07 14:15:00+00:00,usdjpy,110.751,110.8145,110.7325,110.7725
2021-07-07 14:30:00+00:00,usdjpy,110.7275,110.7725,110.7155,110.7515
2021-07-07 14:45:00+00:00,usdjpy,110.6615,110.7305,110.6385,110.728
2021-07-07 15:00:00+00:00,usdjpy,110.6685,110.695,110.6485,110.6625
2021-07-07 15:15:00+00:00,usdjpy,110.6815,110.6865,110.624,110.6675
2021-07-07 15:30:00+00:00,usdjpy,110.6325,110.7155,110.6305,110.681
2021-07-07 15:45:00+00:00,usdjpy,110.6235,110.6355,110.6055,110.6315
2021-07-07 16:00:00+00:00,usdjpy,110.641,110.6415,110.6065,110.6225
2021-07-07 16:15:00+00:00,usdjpy,110.6355,110.655,110.6315,110.6405
2021-07-07 16:30:00+00:00,usdjpy,110.6525,110.6605,110.6325,110.6345
2021-07-07 16:45:00+00:00,usdjpy,110.6725,110.6875,110.6485,110.653
2021-07-07 17:00:00+00:00,usdjpy,110.6815,110.6985,110.6715,110.673
2021-07-07 17:15:00+00:00,usdjpy,110.6995,110.7015,110.6705,110.6825
2021-07-07 17:30:00+00:00,usdjpy,110.708,110.7275,110.6845,110.7
2021-07-07 17:45:00+00:00,usdjpy,110.6675,110.7085,110.6465,110.7085
2021-07-07 18:00:00+00:00,usdjpy,110.604,110.6925,110.5455,110.668
2021-07-07 18:15:00+00:00,usdjpy,110.5815,110.6045,110.5515,110.604
2021-07-07 18:30:00+00:00,usdjpy,110.619,110.622,110.57,110.581
2021-07-07 18:45:00+00:00,usdjpy,110.6195,110.6305,110.6055,110.6185
2021-07-07 19:00:00+00:00,usdjpy,110.6175,110.634,110.602,110.6205
2021-07-07 19:15:00+00:00,usdjpy,110.6,110.6175,110.587,110.6165
2021-07-07 19:30:00+00:00,usdjpy,110.582,110.6005,110.5755,110.6005
2021-07-07 19:45:00+00:00,usdjpy,110.6085,110.6255,110.5685,110.5825
2021-07-07 20:00:00+00:00,usdjpy,110.625,110.6365,110.6075,110.6075
2021-07-07 20:15:00+00:00,usdjpy,110.6385,110.6415,110.6245,110.6255
2021-07-07 20:30:00+00:00,usdjpy,110.6255,110.6575,110.6195,110.6375
2021-07-07 20:45:00+00:00,usdjpy,110.659,110.6615,110.61,110.625
2021-07-07 21:00:00+00:00,usdjpy,110.6255,110.686,110.6255,110.675
2021-07-07 21:15:00+00:00,usdjpy,110.6355,110.6575,110.6245,110.6395
2021-07-07 21:30:00+00:00,usdjpy,110.645,110.645,110.6335,110.6365
2021-07-07 21:45:00+00:00,usdjpy,110.6375,110.65,110.6365,110.6455
2021-07-07 22:00:00+00:00,usdjpy,110.6385,110.6495,110.6145,110.6385
2021-07-07 22:15:00+00:00,usdjpy,110.6605,110.6755,110.6345,110.638
2021-07-07 22:30:00+00:00,usdjpy,110.6245,110.6615,110.6115,110.6615
2021-07-07 22:45:00+00:00,usdjpy,110.6085,110.626,110.5965,110.6235
2021-07-07 23:00:00+00:00,usdjpy,110.6105,110.6165,110.5955,110.609
2021-07-07 23:15:00+00:00,usdjpy,110.6105,110.6185,110.6005,110.6095
2021-07-07 23:30:00+00:00,usdjpy,110.6285,110.6325,110.6065,110.6095
2021-07-07 23:45:00+00:00,usdjpy,110.6365,110.6375,110.6155,110.628
2021-07-08 00:00:00+00:00,usdjpy,110.5685,110.651,110.548,110.637
2021-07-08 00:15:00+00:00,usdjpy,110.561,110.5725,110.5455,110.5675
2021-07-08 00:30:00+00:00,usdjpy,110.5675,110.5745,110.511,110.5605
2021-07-08 00:45:00+00:00,usdjpy,110.5425,110.5745,110.5255,110.567
2021-07-08 01:00:00+00:00,usdjpy,110.4855,110.5445,110.4725,110.543
2021-07-08 01:15:00+00:00,usdjpy,110.4795,110.499,110.4615,110.4845
2021-07-08 01:30:00+00:00,usdjpy,110.517,110.5275,110.4765,110.48
2021-07-08 01:45:00+00:00,usdjpy,110.5035,110.5315,110.4845,110.5175
2021-07-08 02:00:00+00:00,usdjpy,110.5575,110.5625,110.425,110.503
2021-07-08 02:15:00+00:00,usdjpy,110.5735,110.5825,110.546,110.557
2021-07-08 02:30:00+00:00,usdjpy,110.5655,110.6095,110.5655,110.5745
2021-07-08 02:45:00+00:00,usdjpy,110.5835,110.5855,110.5645,110.565
2021-07-08 03:00:00+00:00,usdjpy,110.5685,110.5875,110.5605,110.5845
2021-07-08 03:15:00+00:00,usdjpy,110.5785,110.5855,110.5585,110.5675
2021-07-08 03:30:00+00:00,usdjpy,110.6085,110.6235,110.5685,110.578
2021-07-08 03:45:00+00:00,usdjpy,110.5695,110.6135,110.5685,110.609
2021-07-08 04:00:00+00:00,usdjpy,110.53,110.5675,110.5235,110.5675
2021-07-08 04:15:00+00:00,usdjpy,110.5485,110.5485,110.5235,110.5295
2021-07-08 04:30:00+00:00,usdjpy,110.5245,110.554,110.5245,110.548
2021-07-08 04:45:00+00:00,usdjpy,110.531,110.5535,110.5245,110.5255
2021-07-08 05:00:00+00:00,usdjpy,110.4615,110.5395,110.4545,110.5315
2021-07-08 05:15:00+00:00,usdjpy,110.3925,110.4625,110.3325,110.4605
2021-07-08 05:30:00+00:00,usdjpy,110.256,110.3965,110.2495,110.392
2021-07-08 05:45:00+00:00,usdjpy,110.2775,110.2925,110.212,110.2565
2021-07-08 06:00:00+00:00,usdjpy,110.2735,110.337,110.2595,110.277
2021-07-08 06:15:00+00:00,usdjpy,110.2645,110.3155,110.2475,110.273
2021-07-08 06:30:00+00:00,usdjpy,110.2215,110.3075,110.211,110.264
2021-07-08 06:45:00+00:00,usdjpy,110.1695,110.2375,110.155,110.222
2021-07-08 07:00:00+00:00,usdjpy,110.0405,110.1985,110.0235,110.165
2021-07-08 07:15:00+00:00,usdjpy,109.9625,110.0405,109.9245,110.0405
2021-07-08 07:30:00+00:00,usdjpy,109.9615,109.9995,109.9275,109.963
2021-07-08 07:45:00+00:00,usdjpy,109.7955,109.963,109.775,109.9625
2021-07-08 08:00:00+00:00,usdjpy,109.8765,109.9025,109.7675,109.7905
2021-07-08 08:15:00+00:00,usdjpy,109.8435,109.886,109.8045,109.8775
2021-07-08 08:30:00+00:00,usdjpy,109.7995,109.8435,109.7575,109.8425
2021-07-08 08:45:00+00:00,usdjpy,109.852,109.863,109.7965,109.801
2021-07-08 09:00:00+00:00,usdjpy,109.9415,109.9435,109.848,109.8525
2021-07-08 09:15:00+00:00,usdjpy,109.9415,109.9455,109.897,109.941
2021-07-08 09:30:00+00:00,usdjpy,110.011,110.05,109.9255,109.941
2021-07-08 09:45:00+00:00,usdjpy,109.9085,110.0175,109.9055,110.0105
2021-07-08 10:00:00+00:00,usdjpy,109.8785,109.9585,109.8765,109.909
2021-07-08 10:15:00+00:00,usdjpy,109.8375,109.8875,109.834,109.879
2021-07-08 10:30:00+00:00,usdjpy,109.8535,109.8875,109.7805,109.8385
2021-07-08 10:45:00+00:00,usdjpy,109.7985,109.8655,109.7185,109.853
2021-07-08 11:00:00+00:00,usdjpy,109.7415,109.8535,109.7375,109.809
2021-07-08 11:15:00+00:00,usdjpy,109.8365,109.8415,109.7395,109.742
2021-07-08 11:30:00+00:00,usdjpy,109.8245,109.838,109.7765,109.837
2021-07-08 11:45:00+00:00,usdjpy,109.7515,109.8355,109.706,109.825
2021-07-08 12:00:00+00:00,usdjpy,109.7415,109.7515,109.6495,109.751
2021-07-08 12:15:00+00:00,usdjpy,109.6525,109.7445,109.6135,109.741
2021-07-08 12:30:00+00:00,usdjpy,109.6245,109.681,109.6035,109.681
2021-07-08 12:45:00+00:00,usdjpy,109.6725,109.7505,109.6255,109.6265
2021-07-08 13:00:00+00:00,usdjpy,109.6885,109.74,109.6445,109.674
2021-07-08 13:15:00+00:00,usdjpy,109.696,109.7245,109.6315,109.68
2021-07-08 13:30:00+00:00,usdjpy,109.6665,109.7395,109.6475,109.6955
2021-07-08 13:45:00+00:00,usdjpy,109.6715,109.6895,109.6275,109.666
2021-07-08 14:00:00+00:00,usdjpy,109.5725,109.6735,109.5435,109.6725
2021-07-08 14:15:00+00:00,usdjpy,109.6005,109.6275,109.5485,109.5695
2021-07-08 14:30:00+00:00,usdjpy,109.5695,109.6035,109.5405,109.598
2021-07-08 14:45:00+00:00,usdjpy,109.565,109.6085,109.5365,109.5555
2021-07-08 15:00:00+00:00,usdjpy,109.6975,109.7005,109.5535,109.578
2021-07-08 15:15:00+00:00,usdjpy,109.8175,109.8255,109.6955,109.6985
2021-07-08 15:30:00+00:00,usdjpy,109.8275,109.8575,109.772,109.817
2021-07-08 15:45:00+00:00,usdjpy,109.8215,109.85,109.8165,109.828
2021-07-08 16:00:00+00:00,usdjpy,109.8565,109.869,109.8165,109.821
2021-07-08 16:15:00+00:00,usdjpy,109.8455,109.8625,109.805,109.857
2021-07-08 16:30:00+00:00,usdjpy,109.835,109.8485,109.8285,109.8445
2021-07-08 16:45:00+00:00,usdjpy,109.8045,109.8385,109.7975,109.8355
2021-07-08 17:00:00+00:00,usdjpy,109.7965,109.8085,109.7885,109.804
2021-07-08 17:15:00+00:00,usdjpy,109.8375,109.841,109.7965,109.797
2021-07-08 17:30:00+00:00,usdjpy,109.8445,109.8705,109.8365,109.837
2021-07-08 17:45:00+00:00,usdjpy,109.8425,109.8545,109.8195,109.846
2021-07-08 18:00:00+00:00,usdjpy,109.8235,109.8445,109.813,109.8435
2021-07-08 18:15:00+00:00,usdjpy,109.8425,109.8455,109.821,109.8245
2021-07-08 18:30:00+00:00,usdjpy,109.8265,109.868,109.8255,109.842
2021-07-08 18:45:00+00:00,usdjpy,109.8075,109.83,109.7985,109.827
2021-07-08 19:00:00+00:00,usdjpy,109.8215,109.8445,109.8075,109.8085
2021-07-08 19:15:00+00:00,usdjpy,109.8255,109.8355,109.8145,109.8205
2021-07-08 19:30:00+00:00,usdjpy,109.8095,109.8355,109.809,109.826
2021-07-08 19:45:00+00:00,usdjpy,109.7775,109.8165,109.7735,109.81
2021-07-08 20:00:00+00:00,usdjpy,109.7725,109.789,109.7695,109.7785
2021-07-08 20:15:00+00:00,usdjpy,109.7675,109.7755,109.7605,109.7735
2021-07-08 20:30:00+00:00,usdjpy,109.7595,109.7715,109.7585,109.767
2021-07-08 20:45:00+00:00,usdjpy,109.7095,109.7865,109.7095,109.76
2021-07-08 21:00:00+00:00,usdjpy,109.7625,109.785,109.7435,109.744
2021-07-08 21:15:00+00:00,usdjpy,109.7665,109.769,109.7465,109.7575
2021-07-08 21:30:00+00:00,usdjpy,109.759,109.766,109.758,109.766
2021-07-08 21:45:00+00:00,usdjpy,109.7625,109.7665,109.7585,109.7605
2021-07-08 22:00:00+00:00,usdjpy,109.775,109.7865,109.754,109.7615
2021-07-08 22:15:00+00:00,usdjpy,109.7815,109.7835,109.7705,109.7755
2021-07-08 22:30:00+00:00,usdjpy,109.7835,109.7865,109.7705,109.781
2021-07-08 22:45:00+00:00,usdjpy,109.7795,109.8005,109.7765,109.7825
2021-07-08 23:00:00+00:00,usdjpy,109.816,109.8255,109.7765,109.78
2021-07-08 23:15:00+00:00,usdjpy,109.8155,109.8275,109.8075,109.8165
2021-07-08 23:30:00+00:00,usdjpy,109.8255,109.8355,109.8105,109.815
2021-07-08 23:45:00+00:00,usdjpy,109.8035,109.8455,109.7775,109.826
2021-07-09 00:00:00+00:00,usdjpy,109.8395,109.8775,109.7885,109.804
2021-07-09 00:15:00+00:00,usdjpy,109.8875,109.8995,109.8335,109.84
2021-07-09 00:30:00+00:00,usdjpy,109.9055,109.9245,109.8745,109.8885
2021-07-09 00:45:00+00:00,usdjpy,109.875,109.9135,109.8425,109.906
2021-07-09 01:00:00+00:00,usdjpy,109.8575,109.9025,109.8275,109.876
2021-07-09 01:15:00+00:00,usdjpy,109.8225,109.8705,109.8185,109.857
2021-07-09 01:30:00+00:00,usdjpy,109.8045,109.8225,109.7755,109.822
2021-07-09 01:45:00+00:00,usdjpy,109.8035,109.8175,109.7645,109.8035
2021-07-09 02:00:00+00:00,usdjpy,109.8625,109.8625,109.798,109.803
2021-07-09 02:15:00+00:00,usdjpy,109.8885,109.8995,109.8515,109.863
2021-07-09 02:30:00+00:00,usdjpy,109.918,109.937,109.8815,109.8875
2021-07-09 02:45:00+00:00,usdjpy,109.9185,109.9375,109.9035,109.9185
2021-07-09 03:00:00+00:00,usdjpy,109.9255,109.9425,109.9045,109.919
2021-07-09 03:15:00+00:00,usdjpy,109.9575,109.9675,109.9165,109.9265
2021-07-09 03:30:00+00:00,usdjpy,109.9295,109.9605,109.9245,109.958
2021-07-09 03:45:00+00:00,usdjpy,109.8905,109.9355,109.8865,109.929
2021-07-09 04:00:00+00:00,usdjpy,109.9165,109.9255,109.8715,109.89
2021-07-09 04:15:00+00:00,usdjpy,109.9285,109.9295,109.8885,109.917
2021-07-09 04:30:00+00:00,usdjpy,109.9355,109.9365,109.9155,109.928
2021-07-09 04:45:00+00:00,usdjpy,109.9935,109.996,109.9345,109.936
2021-07-09 05:00:00+00:00,usdjpy,110.0385,110.0875,109.9895,109.994
2021-07-09 05:15:00+00:00,usdjpy,110.0275,110.0475,110.007,110.0375
2021-07-09 05:30:00+00:00,usdjpy,110.0205,110.0335,109.9895,110.028
2021-07-09 05:45:00+00:00,usdjpy,110.0125,110.022,109.978,110.02
2021-07-09 06:00:00+00:00,usdjpy,110.0265,110.0405,109.9955,110.0115
2021-07-09 06:15:00+00:00,usdjpy,110.078,110.0875,110.0175,110.0255
2021-07-09 06:30:00+00:00,usdjpy,110.117,110.1335,110.054,110.0775
2021-07-09 06:45:00+00:00,usdjpy,110.0915,110.1245,110.0505,110.1175
2021-07-09 07:00:00+00:00,usdjpy,110.0765,110.1355,110.058,110.096
2021-07-09 07:15:00+00:00,usdjpy,110.0135,110.0865,110.012,110.077
2021-07-09 07:30:00+00:00,usdjpy,110.0305,110.0935,110.0125,110.0125
2021-07-09 07:45:00+00:00,usdjpy,110.0155,110.0565,110.0005,110.0315
2021-07-09 08:00:00+00:00,usdjpy,110.003,110.0595,110.001,110.0145
2021-07-09 08:15:00+00:00,usdjpy,110.0555,110.0615,110.0015,110.0035
2021-07-09 08:30:00+00:00,usdjpy,110.0395,110.0605,110.0235,110.056
2021-07-09 08:45:00+00:00,usdjpy,110.0965,110.1005,110.0405,110.0405
2021-07-09 09:00:00+00:00,usdjpy,110.077,110.0985,110.0745,110.0975
2021-07-09 09:15:00+00:00,usdjpy,110.1195,110.1315,110.0775,110.0775
2021-07-09 09:30:00+00:00,usdjpy,110.0815,110.14,110.0645,110.12
2021-07-09 09:45:00+00:00,usdjpy,110.0245,110.088,110.0195,110.082
2021-07-09 10:00:00+00:00,usdjpy,109.9965,110.027,109.9725,110.026
2021-07-09 10:15:00+00:00,usdjpy,109.9085,109.9995,109.9025,109.996
2021-07-09 10:30:00+00:00,usdjpy,109.946,109.9535,109.9015,109.9095
2021-07-09 10:45:00+00:00,usdjpy,110.0085,110.0145,109.9205,109.9455
2021-07-09 11:00:00+00:00,usdjpy,109.9545,110.0135,109.9365,110.0095
2021-07-09 11:15:00+00:00,usdjpy,109.9655,109.9725,109.9205,109.954
2021-07-09 11:30:00+00:00,usdjpy,110.0745,110.0775,109.9645,109.9665
2021-07-09 11:45:00+00:00,usdjpy,110.0575,110.081,110.026,110.075
2021-07-09 12:00:00+00:00,usdjpy,110.008,110.0815,109.991,110.0565
2021-07-09 12:15:00+00:00,usdjpy,109.993,110.0345,109.9695,110.02
2021-07-09 12:30:00+00:00,usdjpy,110.0095,110.032,109.9385,109.9925
2021-07-09 12:45:00+00:00,usdjpy,109.9835,110.0515,109.9785,110.01
2021-07-09 13:00:00+00:00,usdjpy,110.0025,110.0085,109.9415,109.9825
2021-07-09 13:15:00+00:00,usdjpy,109.9775,110.023,109.9545,110.0015
2021-07-09 13:30:00+00:00,usdjpy,110.0385,110.0555,109.9685,109.977
2021-07-09 13:45:00+00:00,usdjpy,110.1455,110.198,110.034,110.038
2021-07-09 14:00:00+00:00,usdjpy,110.2175,110.2545,110.146,110.146
2021-07-09 14:15:00+00:00,usdjpy,110.1875,110.2605,110.173,110.2185
2021-07-09 14:30:00+00:00,usdjpy,110.1445,110.2195,110.1425,110.187
2021-07-09 14:45:00+00:00,usdjpy,110.1435,110.157,110.0725,110.144
2021-07-09 15:00:00+00:00,usdjpy,110.18,110.1895,110.121,110.132
2021-07-09 15:15:00+00:00,usdjpy,110.1915,110.2145,110.1645,110.1795
2021-07-09 15:30:00+00:00,usdjpy,110.1595,110.1975,110.1375,110.191
2021-07-09 15:45:00+00:00,usdjpy,110.184,110.1845,110.142,110.16
2021-07-09 16:00:00+00:00,usdjpy,110.189,110.2175,110.183,110.1845
2021-07-09 16:15:00+00:00,usdjpy,110.1895,110.2125,110.1835,110.1895
2021-07-09 16:30:00+00:00,usdjpy,110.207,110.2155,110.1845,110.1905
2021-07-09 16:45:00+00:00,usdjpy,110.2015,110.2145,110.1995,110.2075
2021-07-09 17:00:00+00:00,usdjpy,110.1745,110.2075,110.1735,110.2025
2021-07-09 17:15:00+00:00,usdjpy,110.1935,110.206,110.1715,110.1735
2021-07-09 17:30:00+00:00,usdjpy,110.1905,110.195,110.1665,110.194
2021-07-09 17:45:00+00:00,usdjpy,110.1695,110.2025,110.169,110.1915
2021-07-09 18:00:00+00:00,usdjpy,110.1745,110.1765,110.145,110.17
2021-07-09 18:15:00+00:00,usdjpy,110.1845,110.1945,110.173,110.175
2021-07-09 18:30:00+00:00,usdjpy,110.1655,110.1845,110.164,110.1835
2021-07-09 18:45:00+00:00,usdjpy,110.158,110.1845,110.1565,110.1645
2021-07-09 19:00:00+00:00,usdjpy,110.188,110.188,110.156,110.1575
2021-07-09 19:15:00+00:00,usdjpy,110.1645,110.2,110.164,110.1875
2021-07-09 19:30:00+00:00,usdjpy,110.1545,110.1685,110.1525,110.165
2021-07-09 19:45:00+00:00,usdjpy,110.1145,110.1575,110.1125,110.154
2021-07-09 20:00:00+00:00,usdjpy,110.1425,110.1455,110.1115,110.115
2021-07-09 20:15:00+00:00,usdjpy,110.1405,110.1425,110.122,110.142
2021-07-09 20:30:00+00:00,usdjpy,110.1215,110.1395,110.1215,110.1395
2021-07-09 20:45:00+00:00,usdjpy,110.1325,110.147,110.0985,110.121
2021-07-11 21:00:00+00:00,usdjpy,110.162,110.1705,110.145,110.1685
2021-07-11 21:15:00+00:00,usdjpy,110.1325,110.1585,110.1325,110.1435
2021-07-11 21:30:00+00:00,usdjpy,110.1475,110.1685,110.1315,110.1315
2021-07-11 21:45:00+00:00,usdjpy,110.1465,110.153,110.1385,110.147
2021-07-11 22:00:00+00:00,usdjpy,110.193,110.1945,110.124,110.1455
2021-07-11 22:15:00+00:00,usdjpy,110.2115,110.2135,110.1845,110.1935
2021-07-11 22:30:00+00:00,usdjpy,110.2205,110.2485,110.2045,110.211
2021-07-11 22:45:00+00:00,usdjpy,110.2,110.2215,110.175,110.2195
2021-07-11 23:00:00+00:00,usdjpy,110.1645,110.2,110.1625,110.1995
2021-07-11 23:15:00+00:00,usdjpy,110.1955,110.196,110.1445,110.164
2021-07-11 23:30:00+00:00,usdjpy,110.203,110.2075,110.1865,110.195
2021-07-11 23:45:00+00:00,usdjpy,110.2195,110.238,110.2035,110.2035
2021-07-12 00:00:00+00:00,usdjpy,110.189,110.249,110.1765,110.221
2021-07-12 00:15:00+00:00,usdjpy,110.133,110.1905,110.118,110.1895
2021-07-12 00:30:00+00:00,usdjpy,110.1525,110.1565,110.119,110.1335
2021-07-12 00:45:00+00:00,usdjpy,110.122,110.1725,110.1215,110.153
2021-07-12 01:00:00+00:00,usdjpy,110.1165,110.1245,110.095,110.1225
2021-07-12 01:15:00+00:00,usdjpy,110.0255,110.1185,110.013,110.116
2021-07-12 01:30:00+00:00,usdjpy,110.073,110.0815,110.0135,110.026
2021-07-12 01:45:00+00:00,usdjpy,110.1355,110.1355,110.0665,110.0725
2021-07-12 02:00:00+00:00,usdjpy,110.1405,110.1715,110.1245,110.1365
2021-07-12 02:15:00+00:00,usdjpy,110.1505,110.1565,110.127,110.1395
2021-07-12 02:30:00+00:00,usdjpy,110.1335,110.173,110.1335,110.151
2021-07-12 02:45:00+00:00,usdjpy,110.1765,110.1885,110.1285,110.134
2021-07-12 03:00:00+00:00,usdjpy,110.1915,110.2,110.1755,110.177
2021-07-12 03:15:00+00:00,usdjpy,110.17,110.1925,110.1645,110.192
2021-07-12 03:30:00+00:00,usdjpy,110.153,110.1695,110.1375,110.1695
2021-07-12 03:45:00+00:00,usdjpy,110.1555,110.159,110.1385,110.1535
2021-07-12 04:00:00+00:00,usdjpy,110.1375,110.1645,110.1255,110.156
2021-07-12 04:15:00+00:00,usdjpy,110.1495,110.152,110.1285,110.137
2021-07-12 04:30:00+00:00,usdjpy,110.1695,110.1745,110.1495,110.1505
2021-07-12 04:45:00+00:00,usdjpy,110.1825,110.1945,110.164,110.17
2021-07-12 05:00:00+00:00,usdjpy,110.1845,110.19,110.1705,110.182
2021-07-12 05:15:00+00:00,usdjpy,110.1695,110.19,110.1635,110.184
2021-07-12 05:30:00+00:00,usdjpy,110.1905,110.1945,110.1635,110.169
2021-07-12 05:45:00+00:00,usdjpy,110.1715,110.1965,110.1705,110.1895
2021-07-12 06:00:00+00:00,usdjpy,110.19,110.2035,110.1725,110.1725
2021-07-12 06:15:00+00:00,usdjpy,110.1625,110.2025,110.1585,110.1895
2021-07-12 06:30:00+00:00,usdjpy,110.1995,110.2045,110.1405,110.162
2021-07-12 06:45:00+00:00,usdjpy,110.1825,110.2165,110.1825,110.2
2021-07-12 07:00:00+00:00,usdjpy,110.2115,110.2795,110.1815,110.183
2021-07-12 07:15:00+00:00,usdjpy,110.1715,110.243,110.163,110.212
2021-07-12 07:30:00+00:00,usdjpy,110.127,110.1965,110.1185,110.172
2021-07-12 07:45:00+00:00,usdjpy,110.0495,110.1265,110.0115,110.1265
2021-07-12 08:00:00+00:00,usdjpy,110.0465,110.0625,109.9795,110.0505
2021-07-12 08:15:00+00:00,usdjpy,110.063,110.07,110.0315,110.0475
2021-07-12 08:30:00+00:00,usdjpy,110.1115,110.1155,110.0635,110.0635
2021-07-12 08:45:00+00:00,usdjpy,110.0945,110.143,110.0925,110.112
2021-07-12 09:00:00+00:00,usdjpy,110.0785,110.1235,110.0745,110.0935
2021-07-12 09:15:00+00:00,usdjpy,110.0895,110.0895,110.0565,110.0805
2021-07-12 09:30:00+00:00,usdjpy,110.0735,110.1025,110.061,110.0905
2021-07-12 09:45:00+00:00,usdjpy,110.1125,110.1385,110.0725,110.0725
2021-07-12 10:00:00+00:00,usdjpy,110.1105,110.1355,110.1015,110.112
2021-07-12 10:15:00+00:00,usdjpy,110.118,110.1345,110.1035,110.111
2021-07-12 10:30:00+00:00,usdjpy,110.1275,110.1415,110.1095,110.1175
2021-07-12 10:45:00+00:00,usdjpy,110.1775,110.1825,110.1255,110.127
2021-07-12 11:00:00+00:00,usdjpy,110.1995,110.2385,110.1715,110.177
2021-07-12 11:15:00+00:00,usdjpy,110.2355,110.238,110.1765,110.1985
2021-07-12 11:30:00+00:00,usdjpy,110.2595,110.2595,110.2275,110.2365
2021-07-12 11:45:00+00:00,usdjpy,110.211,110.269,110.2075,110.26
2021-07-12 12:00:00+00:00,usdjpy,110.1505,110.2145,110.1465,110.2115
2021-07-12 12:15:00+00:00,usdjpy,110.1785,110.1975,110.1025,110.1495
2021-07-12 12:30:00+00:00,usdjpy,110.1885,110.2125,110.1405,110.178
2021-07-12 12:45:00+00:00,usdjpy,110.2085,110.2435,110.1775,110.189
2021-07-12 13:00:00+00:00,usdjpy,110.1855,110.2355,110.1805,110.208
2021-07-12 13:15:00+00:00,usdjpy,110.2105,110.2365,110.1735,110.185
2021-07-12 13:30:00+00:00,usdjpy,110.319,110.3385,110.171,110.2115
2021-07-12 13:45:00+00:00,usdjpy,110.337,110.3945,110.307,110.3185
2021-07-12 14:00:00+00:00,usdjpy,110.3115,110.388,110.3065,110.3365
2021-07-12 14:15:00+00:00,usdjpy,110.2875,110.3505,110.2855,110.311
2021-07-12 14:30:00+00:00,usdjpy,110.284,110.3235,110.259,110.288
2021-07-12 14:45:00+00:00,usdjpy,110.2845,110.3075,110.2625,110.2845
2021-07-12 15:00:00+00:00,usdjpy,110.32,110.3285,110.268,110.284
2021-07-12 15:15:00+00:00,usdjpy,110.3565,110.3615,110.314,110.3205
2021-07-12 15:30:00+00:00,usdjpy,110.3625,110.3755,110.3485,110.356
2021-07-12 15:45:00+00:00,usdjpy,110.363,110.3935,110.3505,110.363
2021-07-12 16:00:00+00:00,usdjpy,110.377,110.3815,110.3615,110.3625
2021-07-12 16:15:00+00:00,usdjpy,110.3865,110.3935,110.3685,110.3775
2021-07-12 16:30:00+00:00,usdjpy,110.3995,110.3995,110.3705,110.387
2021-07-12 16:45:00+00:00,usdjpy,110.3805,110.4035,110.3745,110.3985
2021-07-12 17:00:00+00:00,usdjpy,110.3445,110.3905,110.3355,110.3795
2021-07-12 17:15:00+00:00,usdjpy,110.3495,110.3575,110.3415,110.345
2021-07-12 17:30:00+00:00,usdjpy,110.3315,110.3495,110.3245,110.3485
2021-07-12 17:45:00+00:00,usdjpy,110.3305,110.3415,110.3165,110.331
2021-07-12 18:00:00+00:00,usdjpy,110.3235,110.3375,110.32,110.3295
2021-07-12 18:15:00+00:00,usdjpy,110.338,110.3385,110.3235,110.324
2021-07-12 18:30:00+00:00,usdjpy,110.3425,110.345,110.3305,110.3375
2021-07-12 18:45:00+00:00,usdjpy,110.3305,110.3495,110.3295,110.343
2021-07-12 19:00:00+00:00,usdjpy,110.3605,110.3755,110.3305,110.331
2021-07-12 19:15:00+00:00,usdjpy,110.3545,110.3655,110.3425,110.361
2021-07-12 19:30:00+00:00,usdjpy,110.3475,110.3575,110.3335,110.354
2021-07-12 19:45:00+00:00,usdjpy,110.3405,110.3485,110.3295,110.3485
2021-07-12 20:00:00+00:00,usdjpy,110.3455,110.3595,110.3365,110.3415
2021-07-12 20:15:00+00:00,usdjpy,110.3435,110.3615,110.339,110.346
2021-07-12 20:30:00+00:00,usdjpy,110.3455,110.3505,110.3425,110.344
2021-07-12 20:45:00+00:00,usdjpy,110.372,110.3815,110.3435,110.3445
2021-07-12 21:00:00+00:00,usdjpy,110.3695,110.3925,110.3615,110.379
2021-07-12 21:15:00+00:00,usdjpy,110.3755,110.3795,110.3665,110.373
2021-07-12 21:30:00+00:00,usdjpy,110.3625,110.381,110.3555,110.3745
2021-07-12 21:45:00+00:00,usdjpy,110.3535,110.3735,110.3365,110.3615
2021-07-12 22:00:00+00:00,usdjpy,110.3505,110.353,110.3355,110.3525
2021-07-12 22:15:00+00:00,usdjpy,110.3255,110.3515,110.3115,110.3515
2021-07-12 22:30:00+00:00,usdjpy,110.328,110.3405,110.3245,110.326
2021-07-12 22:45:00+00:00,usdjpy,110.3225,110.3345,110.3155,110.3275
2021-07-12 23:00:00+00:00,usdjpy,110.3255,110.3485,110.3175,110.3235
2021-07-12 23:15:00+00:00,usdjpy,110.3415,110.3705,110.325,110.325
2021-07-12 23:30:00+00:00,usdjpy,110.3385,110.3575,110.337,110.3425
2021-07-12 23:45:00+00:00,usdjpy,110.3305,110.3465,110.3255,110.339
2021-07-13 00:00:00+00:00,usdjpy,110.3045,110.3395,110.2895,110.3325
2021-07-13 00:15:00+00:00,usdjpy,110.3105,110.3185,110.2965,110.304
2021-07-13 00:30:00+00:00,usdjpy,110.3355,110.3385,110.3045,110.31
2021-07-13 00:45:00+00:00,usdjpy,110.3865,110.4015,110.336,110.336
2021-07-13 01:00:00+00:00,usdjpy,110.3675,110.4045,110.3565,110.386
2021-07-13 01:15:00+00:00,usdjpy,110.3635,110.3875,110.357,110.367
2021-07-13 01:30:00+00:00,usdjpy,110.3505,110.3835,110.3505,110.364
2021-07-13 01:45:00+00:00,usdjpy,110.3555,110.3615,110.3425,110.3515
2021-07-13 02:00:00+00:00,usdjpy,110.4195,110.4425,110.3545,110.355
2021-07-13 02:15:00+00:00,usdjpy,110.3785,110.4285,110.3755,110.42
2021-07-13 02:30:00+00:00,usdjpy,110.3505,110.3795,110.3495,110.379
2021-07-13 02:45:00+00:00,usdjpy,110.3655,110.3735,110.3495,110.3495
2021-07-13 03:00:00+00:00,usdjpy,110.3685,110.37,110.3485,110.3645
2021-07-13 03:15:00+00:00,usdjpy,110.379,110.394,110.3615,110.3675
2021-07-13 03:30:00+00:00,usdjpy,110.3915,110.3975,110.3785,110.3785
2021-07-13 03:45:00+00:00,usdjpy,110.3735,110.3925,110.3625,110.3925
2021-07-13 04:00:00+00:00,usdjpy,110.3725,110.3995,110.3665,110.373
2021-07-13 04:15:00+00:00,usdjpy,110.3735,110.3825,110.368,110.372
2021-07-13 04:30:00+00:00,usdjpy,110.3895,110.3935,110.3665,110.374
2021-07-13 04:45:00+00:00,usdjpy,110.428,110.4315,110.3875,110.389
2021-07-13 05:00:00+00:00,usdjpy,110.4165,110.4315,110.409,110.4275
2021-07-13 05:15:00+00:00,usdjpy,110.4175,110.4235,110.4115,110.417
2021-07-13 05:30:00+00:00,usdjpy,110.431,110.4485,110.4145,110.4165
2021-07-13 05:45:00+00:00,usdjpy,110.374,110.4365,110.3675,110.4305
2021-07-13 06:00:00+00:00,usdjpy,110.3935,110.3945,110.364,110.3735
2021-07-13 06:15:00+00:00,usdjpy,110.365,110.413,110.3625,110.393
2021-07-13 06:30:00+00:00,usdjpy,110.385,110.3885,110.353,110.3645
2021-07-13 06:45:00+00:00,usdjpy,110.3845,110.3915,110.3695,110.3845
2021-07-13 07:00:00+00:00,usdjpy,110.3275,110.3925,110.316,110.384
2021-07-13 07:15:00+00:00,usdjpy,110.3905,110.398,110.3255,110.327
2021-07-13 07:30:00+00:00,usdjpy,110.3535,110.3975,110.3375,110.39
2021-07-13 07:45:00+00:00,usdjpy,110.376,110.3875,110.33,110.353
2021-07-13 08:00:00+00:00,usdjpy,110.3655,110.384,110.3305,110.375
2021-07-13 08:15:00+00:00,usdjpy,110.3975,110.3985,110.3195,110.366
2021-07-13 08:30:00+00:00,usdjpy,110.355,110.422,110.3445,110.397
2021-07-13 08:45:00+00:00,usdjpy,110.3505,110.374,110.3425,110.3545
2021-07-13 09:00:00+00:00,usdjpy,110.332,110.3745,110.3265,110.35
2021-07-13 09:15:00+00:00,usdjpy,110.3375,110.3435,110.318,110.3315
2021-07-13 09:30:00+00:00,usdjpy,110.3225,110.3395,110.3005,110.337
2021-07-13 09:45:00+00:00,usdjpy,110.2455,110.3285,110.2405,110.3215
2021-07-13 10:00:00+00:00,usdjpy,110.263,110.2735,110.2355,110.2445
2021-07-13 10:15:00+00:00,usdjpy,110.28,110.2915,110.2565,110.2635
2021-07-13 10:30:00+00:00,usdjpy,110.2565,110.2845,110.2495,110.2805
2021-07-13 10:45:00+00:00,usdjpy,110.2335,110.2595,110.2225,110.256
2021-07-13 11:00:00+00:00,usdjpy,110.2635,110.2745,110.2265,110.233
2021-07-13 11:15:00+00:00,usdjpy,110.2385,110.2825,110.2325,110.2625
2021-07-13 11:30:00+00:00,usdjpy,110.2575,110.2935,110.2365,110.2375
2021-07-13 11:45:00+00:00,usdjpy,110.218,110.2725,110.1995,110.257
2021-07-13 12:00:00+00:00,usdjpy,110.2285,110.2415,110.206,110.2175
2021-07-13 12:15:00+00:00,usdjpy,110.2525,110.2645,110.2065,110.229
2021-07-13 12:30:00+00:00,usdjpy,110.3455,110.5275,110.2515,110.252
2021-07-13 12:45:00+00:00,usdjpy,110.5115,110.5445,110.3205,110.346
2021-07-13 13:00:00+00:00,usdjpy,110.5355,110.5585,110.4515,110.5125
2021-07-13 13:15:00+00:00,usdjpy,110.4405,110.5505,110.3875,110.536
2021-07-13 13:30:00+00:00,usdjpy,110.4645,110.4855,110.3865,110.44
2021-07-13 13:45:00+00:00,usdjpy,110.4185,110.4665,110.3785,110.4655
2021-07-13 14:00:00+00:00,usdjpy,110.4475,110.4495,110.3865,110.4145
2021-07-13 14:15:00+00:00,usdjpy,110.3295,110.4485,110.3165,110.448
2021-07-13 14:30:00+00:00,usdjpy,110.315,110.3685,110.291,110.3285
2021-07-13 14:45:00+00:00,usdjpy,110.3185,110.3525,110.2915,110.3145
2021-07-13 15:00:00+00:00,usdjpy,110.3385,110.3405,110.2895,110.3195
2021-07-13 15:15:00+00:00,usdjpy,110.3685,110.376,110.3215,110.339
2021-07-13 15:30:00+00:00,usdjpy,110.3535,110.3755,110.3445,110.369
2021-07-13 15:45:00+00:00,usdjpy,110.3655,110.3875,110.3415,110.3545
2021-07-13 16:00:00+00:00,usdjpy,110.3805,110.3945,110.3655,110.366
2021-07-13 16:15:00+00:00,usdjpy,110.3895,110.3935,110.3675,110.38
2021-07-13 16:30:00+00:00,usdjpy,110.4295,110.4295,110.39,110.39
2021-07-13 16:45:00+00:00,usdjpy,110.4215,110.43,110.3995,110.4285
2021-07-13 17:00:00+00:00,usdjpy,110.5135,110.5235,110.41,110.4225
2021-07-13 17:15:00+00:00,usdjpy,110.5325,110.5355,110.5015,110.514
2021-07-13 17:30:00+00:00,usdjpy,110.5915,110.5965,110.5325,110.533
2021-07-13 17:45:00+00:00,usdjpy,110.6155,110.6275,110.5795,110.5925
2021-07-13 18:00:00+00:00,usdjpy,110.5975,110.6475,110.5945,110.616
2021-07-13 18:15:00+00:00,usdjpy,110.5775,110.6295,110.5645,110.599
2021-07-13 18:30:00+00:00,usdjpy,110.5985,110.6035,110.5755,110.5765
2021-07-13 18:45:00+00:00,usdjpy,110.5965,110.6035,110.59,110.599
2021-07-13 19:00:00+00:00,usdjpy,110.587,110.6065,110.5855,110.597
2021-07-13 19:15:00+00:00,usdjpy,110.5785,110.5905,110.5715,110.5865
2021-07-13 19:30:00+00:00,usdjpy,110.5765,110.5995,110.5725,110.5795
2021-07-13 19:45:00+00:00,usdjpy,110.605,110.6165,110.5735,110.576
2021-07-13 20:00:00+00:00,usdjpy,110.6135,110.6165,110.5865,110.6055
2021-07-13 20:15:00+00:00,usdjpy,110.6355,110.6365,110.613,110.614
2021-07-13 20:30:00+00:00,usdjpy,110.6405,110.6415,110.6275,110.636
2021-07-13 20:45:00+00:00,usdjpy,110.6325,110.6485,110.629,110.6395
2021-07-13 21:00:00+00:00,usdjpy,110.6245,110.6355,110.6195,110.6345
2021-07-13 21:15:00+00:00,usdjpy,110.6295,110.6315,110.6065,110.628
2021-07-13 21:30:00+00:00,usdjpy,110.6185,110.6305,110.6155,110.63
2021-07-13 21:45:00+00:00,usdjpy,110.6255,110.628,110.6125,110.6175
2021-07-13 22:00:00+00:00,usdjpy,110.6155,110.642,110.6145,110.6265
2021-07-13 22:15:00+00:00,usdjpy,110.6175,110.6285,110.615,110.615
2021-07-13 22:30:00+00:00,usdjpy,110.5945,110.6195,110.5905,110.618
2021-07-13 22:45:00+00:00,usdjpy,110.6035,110.6105,110.5905,110.595
2021-07-13 23:00:00+00:00,usdjpy,110.6065,110.6135,110.5925,110.6025
2021-07-13 23:15:00+00:00,usdjpy,110.6085,110.6175,110.5975,110.607
2021-07-13 23:30:00+00:00,usdjpy,110.6045,110.6205,110.6035,110.609
2021-07-13 23:45:00+00:00,usdjpy,110.5985,110.6175,110.5925,110.605
2021-07-14 00:00:00+00:00,usdjpy,110.6635,110.6695,110.5835,110.5975
2021-07-14 00:15:00+00:00,usdjpy,110.6825,110.6965,110.6635,110.664
2021-07-14 00:30:00+00:00,usdjpy,110.6505,110.7005,110.6465,110.683
2021-07-14 00:45:00+00:00,usdjpy,110.6285,110.6625,110.6125,110.65
2021-07-14 01:00:00+00:00,usdjpy,110.536,110.6305,110.5345,110.6295
2021-07-14 01:15:00+00:00,usdjpy,110.4995,110.543,110.4775,110.5355
2021-07-14 01:30:00+00:00,usdjpy,110.5115,110.5145,110.4655,110.4985
2021-07-14 01:45:00+00:00,usdjpy,110.513,110.5305,110.4995,110.5125
2021-07-14 02:00:00+00:00,usdjpy,110.5165,110.522,110.4935,110.5125
2021-07-14 02:15:00+00:00,usdjpy,110.5175,110.5365,110.516,110.517
2021-07-14 02:30:00+00:00,usdjpy,110.5035,110.517,110.4885,110.517
2021-07-14 02:45:00+00:00,usdjpy,110.5135,110.5155,110.4835,110.5045
2021-07-14 03:00:00+00:00,usdjpy,110.4855,110.514,110.4805,110.514
2021-07-14 03:15:00+00:00,usdjpy,110.4925,110.4925,110.4805,110.485
2021-07-14 03:30:00+00:00,usdjpy,110.4865,110.4995,110.4835,110.4915
2021-07-14 03:45:00+00:00,usdjpy,110.4995,110.5025,110.4855,110.486
2021-07-14 04:00:00+00:00,usdjpy,110.4845,110.5015,110.4825,110.5
2021-07-14 04:15:00+00:00,usdjpy,110.4625,110.487,110.4465,110.484
2021-07-14 04:30:00+00:00,usdjpy,110.4845,110.4935,110.459,110.462
2021-07-14 04:45:00+00:00,usdjpy,110.5035,110.5055,110.484,110.484
2021-07-14 05:00:00+00:00,usdjpy,110.4985,110.5055,110.4935,110.503
2021-07-14 05:15:00+00:00,usdjpy,110.5175,110.524,110.4855,110.4975
2021-07-14 05:30:00+00:00,usdjpy,110.5175,110.5345,110.5145,110.518
2021-07-14 05:45:00+00:00,usdjpy,110.5035,110.523,110.5025,110.518
2021-07-14 06:00:00+00:00,usdjpy,110.4905,110.5165,110.4655,110.504
2021-07-14 06:15:00+00:00,usdjpy,110.4765,110.5185,110.456,110.49
2021-07-14 06:30:00+00:00,usdjpy,110.4435,110.4795,110.4235,110.4755
2021-07-14 06:45:00+00:00,usdjpy,110.4625,110.4745,110.4175,110.4425
2021-07-14 07:00:00+00:00,usdjpy,110.49,110.4945,110.4515,110.4615
2021-07-14 07:15:00+00:00,usdjpy,110.4725,110.5015,110.4655,110.4895
2021-07-14 07:30:00+00:00,usdjpy,110.4975,110.5235,110.459,110.4715
2021-07-14 07:45:00+00:00,usdjpy,110.5085,110.5335,110.4865,110.497
2021-07-14 08:00:00+00:00,usdjpy,110.4855,110.5375,110.4825,110.508
2021-07-14 08:15:00+00:00,usdjpy,110.4975,110.5285,110.4785,110.485
2021-07-14 08:30:00+00:00,usdjpy,110.4975,110.5065,110.456,110.4985
2021-07-14 08:45:00+00:00,usdjpy,110.511,110.5175,110.48,110.497
2021-07-14 09:00:00+00:00,usdjpy,110.4895,110.518,110.4845,110.5115
2021-07-14 09:15:00+00:00,usdjpy,110.4765,110.5015,110.455,110.4895
2021-07-14 09:30:00+00:00,usdjpy,110.4985,110.5165,110.4715,110.4755
2021-07-14 09:45:00+00:00,usdjpy,110.4955,110.5115,110.4745,110.4975
2021-07-14 10:00:00+00:00,usdjpy,110.4815,110.4955,110.4625,110.4945
2021-07-14 10:15:00+00:00,usdjpy,110.4855,110.4985,110.4655,110.4825
2021-07-14 10:30:00+00:00,usdjpy,110.4885,110.4905,110.4655,110.485
2021-07-14 10:45:00+00:00,usdjpy,110.505,110.5165,110.4765,110.488
2021-07-14 11:00:00+00:00,usdjpy,110.4875,110.5175,110.4785,110.5055
2021-07-14 11:15:00+00:00,usdjpy,110.4925,110.5065,110.475,110.488
2021-07-14 11:30:00+00:00,usdjpy,110.4845,110.496,110.4785,110.4915
2021-07-14 11:45:00+00:00,usdjpy,110.462,110.486,110.4485,110.4855
2021-07-14 12:00:00+00:00,usdjpy,110.319,110.4615,110.2785,110.4615
2021-07-14 12:15:00+00:00,usdjpy,110.3475,110.3595,110.2975,110.3185
2021-07-14 12:30:00+00:00,usdjpy,110.2385,110.3785,110.2005,110.3465
2021-07-14 12:45:00+00:00,usdjpy,110.1825,110.261,110.1425,110.23
2021-07-14 13:00:00+00:00,usdjpy,110.127,110.1835,110.0885,110.183
2021-07-14 13:15:00+00:00,usdjpy,110.1085,110.1475,110.0715,110.1265
2021-07-14 13:30:00+00:00,usdjpy,110.1245,110.192,110.0825,110.0935
2021-07-14 13:45:00+00:00,usdjpy,110.0795,110.129,110.062,110.1285
2021-07-14 14:00:00+00:00,usdjpy,110.0915,110.101,110.0255,110.08
2021-07-14 14:15:00+00:00,usdjpy,110.0785,110.1185,110.0615,110.092
2021-07-14 14:30:00+00:00,usdjpy,110.063,110.0975,110.036,110.0595
2021-07-14 14:45:00+00:00,usdjpy,110.0875,110.1185,109.973,110.0635
2021-07-14 15:00:00+00:00,usdjpy,110.0435,110.0895,110.034,110.087
2021-07-14 15:15:00+00:00,usdjpy,110.0745,110.0805,110.02,110.043
2021-07-14 15:30:00+00:00,usdjpy,110.0555,110.0825,110.0245,110.075
2021-07-14 15:45:00+00:00,usdjpy,110.0385,110.0795,110.0325,110.058
2021-07-14 16:00:00+00:00,usdjpy,110.0455,110.0515,110.0235,110.038
2021-07-14 16:15:00+00:00,usdjpy,109.99,110.045,109.9875,110.045
2021-07-14 16:30:00+00:00,usdjpy,110.0205,110.0305,109.9555,109.9905
2021-07-14 16:45:00+00:00,usdjpy,109.9845,110.0205,109.9775,110.02
2021-07-14 17:00:00+00:00,usdjpy,110.0055,110.0105,109.9485,109.984
2021-07-14 17:15:00+00:00,usdjpy,110.0085,110.0145,109.9865,110.005
2021-07-14 17:30:00+00:00,usdjpy,109.996,110.0215,109.9935,110.008
2021-07-14 17:45:00+00:00,usdjpy,110.0155,110.0225,109.9925,109.9965
2021-07-14 18:00:00+00:00,usdjpy,110.0085,110.0215,110.0015,110.0165
2021-07-14 18:15:00+00:00,usdjpy,109.985,110.008,109.9685,110.008
2021-07-14 18:30:00+00:00,usdjpy,109.985,110.001,109.9815,109.9855
2021-07-14 18:45:00+00:00,usdjpy,110.0045,110.0105,109.9725,109.9855
2021-07-14 19:00:00+00:00,usdjpy,109.9925,110.0145,109.9845,110.004
2021-07-14 19:15:00+00:00,usdjpy,109.9965,110.0025,109.9845,109.992
2021-07-14 19:30:00+00:00,usdjpy,110.0005,110.0065,109.9955,109.996
2021-07-14 19:45:00+00:00,usdjpy,109.9735,109.9995,109.971,109.9995
2021-07-14 20:00:00+00:00,usdjpy,109.9655,109.9745,109.9585,109.9735
2021-07-14 20:15:00+00:00,usdjpy,109.954,109.966,109.9495,109.966
2021-07-14 20:30:00+00:00,usdjpy,109.9535,109.9595,109.9455,109.9545
2021-07-14 20:45:00+00:00,usdjpy,109.9505,109.9585,109.9375,109.953
2021-07-14 21:00:00+00:00,usdjpy,109.966,109.9745,109.9495,109.9705
2021-07-14 21:15:00+00:00,usdjpy,109.9695,109.9745,109.9595,109.9705
2021-07-14 21:30:00+00:00,usdjpy,109.975,109.9845,109.9625,109.969
2021-07-14 21:45:00+00:00,usdjpy,109.9685,109.988,109.952,109.9755
2021-07-14 22:00:00+00:00,usdjpy,109.9535,109.9695,109.9455,109.9695
2021-07-14 22:15:00+00:00,usdjpy,109.9615,109.967,109.9485,109.953
2021-07-14 22:30:00+00:00,usdjpy,109.99,109.9905,109.9595,109.9605
2021-07-14 22:45:00+00:00,usdjpy,109.9885,109.9915,109.9815,109.9895
2021-07-14 23:00:00+00:00,usdjpy,109.9935,109.996,109.9755,109.9875
2021-07-14 23:15:00+00:00,usdjpy,109.9895,110.0025,109.9865,109.9925
2021-07-14 23:30:00+00:00,usdjpy,110.0095,110.0285,109.988,109.9885
2021-07-14 23:45:00+00:00,usdjpy,109.998,110.014,109.9845,110.01
2021-07-15 00:00:00+00:00,usdjpy,109.9585,110.0155,109.956,109.999
2021-07-15 00:15:00+00:00,usdjpy,109.9365,109.9605,109.9095,109.959
2021-07-15 00:30:00+00:00,usdjpy,109.8685,109.9415,109.8555,109.936
2021-07-15 00:45:00+00:00,usdjpy,109.9045,109.9105,109.8365,109.868
2021-07-15 01:00:00+00:00,usdjpy,109.83,109.9125,109.821,109.904
2021-07-15 01:15:00+00:00,usdjpy,109.8555,109.8645,109.8215,109.8305
2021-07-15 01:30:00+00:00,usdjpy,109.8835,109.8915,109.8395,109.855
2021-07-15 01:45:00+00:00,usdjpy,109.9235,109.9265,109.8835,109.884
2021-07-15 02:00:00+00:00,usdjpy,109.9545,109.9905,109.9195,109.9245
2021-07-15 02:15:00+00:00,usdjpy,109.931,109.9595,109.9185,109.955
2021-07-15 02:30:00+00:00,usdjpy,109.8785,109.9385,109.8625,109.9315
2021-07-15 02:45:00+00:00,usdjpy,109.8815,109.8825,109.8475,109.878
2021-07-15 03:00:00+00:00,usdjpy,109.8855,109.8965,109.867,109.882
2021-07-15 03:15:00+00:00,usdjpy,109.8925,109.919,109.886,109.886
2021-07-15 03:30:00+00:00,usdjpy,109.8715,109.9025,109.8655,109.893
2021-07-15 03:45:00+00:00,usdjpy,109.858,109.8795,109.848,109.872
2021-07-15 04:00:00+00:00,usdjpy,109.8445,109.8645,109.841,109.8585
2021-07-15 04:15:00+00:00,usdjpy,109.8465,109.85,109.8305,109.8455
2021-07-15 04:30:00+00:00,usdjpy,109.8655,109.8655,109.8345,109.847
2021-07-15 04:45:00+00:00,usdjpy,109.8925,109.8935,109.86,109.8645
2021-07-15 05:00:00+00:00,usdjpy,109.8635,109.8915,109.8375,109.8915
2021-07-15 05:15:00+00:00,usdjpy,109.8545,109.8665,109.8395,109.864
2021-07-15 05:30:00+00:00,usdjpy,109.8525,109.8785,109.8475,109.8535
2021-07-15 05:45:00+00:00,usdjpy,109.8425,109.8585,109.8345,109.852
2021-07-15 06:00:00+00:00,usdjpy,109.7615,109.842,109.753,109.842
2021-07-15 06:15:00+00:00,usdjpy,109.8035,109.8165,109.749,109.7605
2021-07-15 06:30:00+00:00,usdjpy,109.8235,109.8245,109.752,109.8045
2021-07-15 06:45:00+00:00,usdjpy,109.8605,109.8705,109.824,109.824
2021-07-15 07:00:00+00:00,usdjpy,109.806,109.8635,109.782,109.861
2021-07-15 07:15:00+00:00,usdjpy,109.7935,109.8435,109.7705,109.8065
2021-07-15 07:30:00+00:00,usdjpy,109.7935,109.8125,109.7625,109.794
2021-07-15 07:45:00+00:00,usdjpy,109.7705,109.817,109.7505,109.7945
2021-07-15 08:00:00+00:00,usdjpy,109.7555,109.8165,109.7525,109.77
2021-07-15 08:15:00+00:00,usdjpy,109.7695,109.7985,109.7385,109.756
2021-07-15 08:30:00+00:00,usdjpy,109.756,109.7705,109.7155,109.77
2021-07-15 08:45:00+00:00,usdjpy,109.7505,109.7755,109.7435,109.7565
2021-07-15 09:00:00+00:00,usdjpy,109.7835,109.7905,109.73,109.7515
2021-07-15 09:15:00+00:00,usdjpy,109.7425,109.7915,109.7425,109.784
2021-07-15 09:30:00+00:00,usdjpy,109.7715,109.785,109.738,109.743
2021-07-15 09:45:00+00:00,usdjpy,109.7975,109.8015,109.7725,109.7725
2021-07-15 10:00:00+00:00,usdjpy,109.9115,109.9435,109.7945,109.7965
2021-07-15 10:15:00+00:00,usdjpy,109.9405,109.9635,109.8765,109.9125
2021-07-15 10:30:00+00:00,usdjpy,109.9335,109.9405,109.9105,109.94
2021-07-15 10:45:00+00:00,usdjpy,109.976,109.9865,109.934,109.934
2021-07-15 11:00:00+00:00,usdjpy,109.9765,109.9955,109.9385,109.9765
2021-07-15 11:15:00+00:00,usdjpy,109.992,110.0455,109.9705,109.977
2021-07-15 11:30:00+00:00,usdjpy,109.9905,110.0245,109.9735,109.9915
2021-07-15 11:45:00+00:00,usdjpy,109.9955,110.04,109.978,109.99
2021-07-15 12:00:00+00:00,usdjpy,110.032,110.0405,109.99,109.995
2021-07-15 12:15:00+00:00,usdjpy,110.0235,110.0875,110.022,110.0315
2021-07-15 12:30:00+00:00,usdjpy,110.056,110.0795,109.9885,110.0245
2021-07-15 12:45:00+00:00,usdjpy,110.068,110.0905,110.048,110.0565
2021-07-15 13:00:00+00:00,usdjpy,109.9945,110.0865,109.9575,110.0675
2021-07-15 13:15:00+00:00,usdjpy,109.9245,110.0005,109.9175,109.9935
2021-07-15 13:30:00+00:00,usdjpy,109.8575,109.964,109.8495,109.924
2021-07-15 13:45:00+00:00,usdjpy,109.8995,109.9195,109.8455,109.8575
2021-07-15 14:00:00+00:00,usdjpy,109.9375,109.9655,109.884,109.9
2021-07-15 14:15:00+00:00,usdjpy,109.9875,109.9905,109.9275,109.938
2021-07-15 14:30:00+00:00,usdjpy,110.0225,110.035,109.9525,109.9865
2021-07-15 14:45:00+00:00,usdjpy,110.0315,110.0495,110.0135,110.023
2021-07-15 15:00:00+00:00,usdjpy,109.9845,110.0375,109.983,110.032
2021-07-15 15:15:00+00:00,usdjpy,110.0195,110.0275,109.9775,109.985
2021-07-15 15:30:00+00:00,usdjpy,110.0455,110.0715,110.0145,110.02
2021-07-15 15:45:00+00:00,usdjpy,110.0585,110.0685,110.0335,110.045
2021-07-15 16:00:00+00:00,usdjpy,110.0545,110.0615,110.029,110.058
2021-07-15 16:15:00+00:00,usdjpy,110.0455,110.0645,110.0345,110.055
2021-07-15 16:30:00+00:00,usdjpy,110.0495,110.0585,110.0285,110.045
2021-07-15 16:45:00+00:00,usdjpy,110.0445,110.0545,110.0375,110.05
2021-07-15 17:00:00+00:00,usdjpy,110.0145,110.0505,110.0095,110.045
2021-07-15 17:15:00+00:00,usdjpy,109.9425,110.024,109.93,110.015
2021-07-15 17:30:00+00:00,usdjpy,109.9245,109.9525,109.917,109.942
2021-07-15 17:45:00+00:00,usdjpy,109.8785,109.924,109.8705,109.924
2021-07-15 18:00:00+00:00,usdjpy,109.86,109.8965,109.8535,109.8795
2021-07-15 18:15:00+00:00,usdjpy,109.8255,109.8605,109.8175,109.8595
2021-07-15 18:30:00+00:00,usdjpy,109.8495,109.8665,109.8225,109.8245
2021-07-15 18:45:00+00:00,usdjpy,109.8225,109.8615,109.82,109.85
2021-07-15 19:00:00+00:00,usdjpy,109.8075,109.8375,109.8015,109.8235
2021-07-15 19:15:00+00:00,usdjpy,109.8065,109.8315,109.7985,109.8065
2021-07-15 19:30:00+00:00,usdjpy,109.8115,109.8145,109.8025,109.8075
2021-07-15 19:45:00+00:00,usdjpy,109.7905,109.8255,109.7845,109.811
2021-07-15 20:00:00+00:00,usdjpy,109.7975,109.8005,109.7815,109.7915
2021-07-15 20:15:00+00:00,usdjpy,109.8215,109.822,109.7945,109.798
2021-07-15 20:30:00+00:00,usdjpy,109.8335,109.8415,109.82,109.821
2021-07-15 20:45:00+00:00,usdjpy,109.844,109.8545,109.828,109.833
2021-07-15 21:00:00+00:00,usdjpy,109.8345,109.8595,109.8235,109.8435
2021-07-15 21:15:00+00:00,usdjpy,109.8395,109.8515,109.8215,109.8315
2021-07-15 21:30:00+00:00,usdjpy,109.8345,109.843,109.8275,109.842
2021-07-15 21:45:00+00:00,usdjpy,109.8425,109.8425,109.8325,109.8335
2021-07-15 22:00:00+00:00,usdjpy,109.8415,109.8445,109.813,109.8435
2021-07-15 22:15:00+00:00,usdjpy,109.8365,109.8435,109.8285,109.8425
2021-07-15 22:30:00+00:00,usdjpy,109.81,109.837,109.7985,109.837
2021-07-15 22:45:00+00:00,usdjpy,109.8215,109.8395,109.8055,109.8095
2021-07-15 23:00:00+00:00,usdjpy,109.7905,109.8265,109.7775,109.8205
2021-07-15 23:15:00+00:00,usdjpy,109.793,109.8015,109.789,109.791
2021-07-15 23:30:00+00:00,usdjpy,109.7925,109.8195,109.7865,109.7925
2021-07-15 23:45:00+00:00,usdjpy,109.781,109.7985,109.7655,109.7915
2021-07-16 00:00:00+00:00,usdjpy,109.7865,109.7935,109.7345,109.7805
2021-07-16 00:15:00+00:00,usdjpy,109.8305,109.8365,109.7805,109.787
2021-07-16 00:30:00+00:00,usdjpy,109.8255,109.832,109.8025,109.8315
2021-07-16 00:45:00+00:00,usdjpy,109.8845,109.902,109.8215,109.826
2021-07-16 01:00:00+00:00,usdjpy,109.8965,109.9045,109.8635,109.884
2021-07-16 01:15:00+00:00,usdjpy,109.9485,109.9605,109.8955,109.896
2021-07-16 01:30:00+00:00,usdjpy,109.9965,110.003,109.9275,109.9475
2021-07-16 01:45:00+00:00,usdjpy,109.9935,110.017,109.9785,109.996
2021-07-16 02:00:00+00:00,usdjpy,110.0305,110.0415,109.9825,109.9925
2021-07-16 02:15:00+00:00,usdjpy,110.0015,110.0395,109.9955,110.03
2021-07-16 02:30:00+00:00,usdjpy,110.0565,110.074,109.9775,110.0025
2021-07-16 02:45:00+00:00,usdjpy,109.988,110.0575,109.9835,110.0555
2021-07-16 03:00:00+00:00,usdjpy,110.0275,110.0355,109.9775,109.9885
2021-07-16 03:15:00+00:00,usdjpy,110.0105,110.0305,110.0005,110.0265
2021-07-16 03:30:00+00:00,usdjpy,109.9715,110.0325,109.967,110.011
2021-07-16 03:45:00+00:00,usdjpy,109.9545,109.9725,109.9415,109.9705
2021-07-16 04:00:00+00:00,usdjpy,110.0095,110.0305,109.9465,109.954
2021-07-16 04:15:00+00:00,usdjpy,109.984,110.0105,109.9685,110.0085
2021-07-16 04:30:00+00:00,usdjpy,110.0195,110.0205,109.9765,109.9845
2021-07-16 04:45:00+00:00,usdjpy,110.0105,110.0185,109.981,110.0185
2021-07-16 05:00:00+00:00,usdjpy,110.0065,110.0145,109.9925,110.01
2021-07-16 05:15:00+00:00,usdjpy,109.9755,110.0115,109.9705,110.0075
2021-07-16 05:30:00+00:00,usdjpy,109.952,109.9785,109.951,109.9765
2021-07-16 05:45:00+00:00,usdjpy,109.9905,109.9905,109.9445,109.9525
2021-07-16 06:00:00+00:00,usdjpy,109.9885,110.0045,109.951,109.99
2021-07-16 06:15:00+00:00,usdjpy,109.9895,109.9955,109.96,109.989
2021-07-16 06:30:00+00:00,usdjpy,109.9945,110.0105,109.98,109.99
2021-07-16 06:45:00+00:00,usdjpy,109.9825,109.9955,109.972,109.994
2021-07-16 07:00:00+00:00,usdjpy,109.9835,110.007,109.934,109.9835
2021-07-16 07:15:00+00:00,usdjpy,110.0395,110.0555,109.965,109.983
2021-07-16 07:30:00+00:00,usdjpy,110.1755,110.1795,110.0385,110.04
2021-07-16 07:45:00+00:00,usdjpy,110.1605,110.222,110.1495,110.176
2021-07-16 08:00:00+00:00,usdjpy,110.1115,110.164,110.0995,110.161
2021-07-16 08:15:00+00:00,usdjpy,110.1185,110.1605,110.0845,110.1125
2021-07-16 08:30:00+00:00,usdjpy,110.0965,110.1435,110.0895,110.1195
2021-07-16 08:45:00+00:00,usdjpy,110.087,110.118,110.0795,110.096
2021-07-16 09:00:00+00:00,usdjpy,110.0775,110.0955,110.0655,110.0875
2021-07-16 09:15:00+00:00,usdjpy,110.1005,110.1225,110.0615,110.078
2021-07-16 09:30:00+00:00,usdjpy,110.1045,110.1165,110.0855,110.0995
2021-07-16 09:45:00+00:00,usdjpy,110.106,110.1335,110.0815,110.1035
2021-07-16 10:00:00+00:00,usdjpy,110.142,110.146,110.1055,110.1065
2021-07-16 10:15:00+00:00,usdjpy,110.1645,110.1755,110.1295,110.1425
2021-07-16 10:30:00+00:00,usdjpy,110.2095,110.218,110.1585,110.164
2021-07-16 10:45:00+00:00,usdjpy,110.2285,110.2415,110.2105,110.2105
2021-07-16 11:00:00+00:00,usdjpy,110.2125,110.2395,110.2055,110.229
2021-07-16 11:15:00+00:00,usdjpy,110.2195,110.2345,110.205,110.2115
2021-07-16 11:30:00+00:00,usdjpy,110.1785,110.226,110.1635,110.219
2021-07-16 11:45:00+00:00,usdjpy,110.1995,110.2015,110.1515,110.179
2021-07-16 12:00:00+00:00,usdjpy,110.1725,110.2225,110.1685,110.2005
2021-07-16 12:15:00+00:00,usdjpy,110.2065,110.207,110.1635,110.1735
2021-07-16 12:30:00+00:00,usdjpy,110.2435,110.3155,110.1955,110.207
2021-07-16 12:45:00+00:00,usdjpy,110.3175,110.3415,110.2425,110.244
2021-07-16 13:00:00+00:00,usdjpy,110.3025,110.3425,110.297,110.318
2021-07-16 13:15:00+00:00,usdjpy,110.298,110.3215,110.2575,110.303
2021-07-16 13:30:00+00:00,usdjpy,110.244,110.3125,110.208,110.2975
2021-07-16 13:45:00+00:00,usdjpy,110.2245,110.2805,110.1705,110.2445
2021-07-16 14:00:00+00:00,usdjpy,110.2045,110.2255,110.165,110.224
2021-07-16 14:15:00+00:00,usdjpy,110.149,110.2295,110.1255,110.2035
2021-07-16 14:30:00+00:00,usdjpy,110.1455,110.1635,110.1195,110.154
2021-07-16 14:45:00+00:00,usdjpy,110.1035,110.1915,110.0895,110.1475
2021-07-16 15:00:00+00:00,usdjpy,110.1425,110.1515,110.0855,110.1055
2021-07-16 15:15:00+00:00,usdjpy,110.1585,110.1625,110.1325,110.1415
2021-07-16 15:30:00+00:00,usdjpy,110.1585,110.1785,110.1215,110.159
2021-07-16 15:45:00+00:00,usdjpy,110.1305,110.1655,110.1255,110.1575
2021-07-16 16:00:00+00:00,usdjpy,110.11,110.1455,110.1095,110.131
2021-07-16 16:15:00+00:00,usdjpy,110.118,110.1235,110.0875,110.1095
2021-07-16 16:30:00+00:00,usdjpy,110.131,110.1425,110.1135,110.1185
2021-07-16 16:45:00+00:00,usdjpy,110.105,110.136,110.1045,110.1305
2021-07-16 17:00:00+00:00,usdjpy,110.0895,110.1065,110.0875,110.1055
2021-07-16 17:15:00+00:00,usdjpy,110.0585,110.089,110.0575,110.089
2021-07-16 17:30:00+00:00,usdjpy,110.066,110.0725,110.0385,110.058
2021-07-16 17:45:00+00:00,usdjpy,110.0825,110.0835,110.0645,110.0655
2021-07-16 18:00:00+00:00,usdjpy,110.077,110.0915,110.0695,110.0815
2021-07-16 18:15:00+00:00,usdjpy,110.1055,110.1065,110.0765,110.0765
2021-07-16 18:30:00+00:00,usdjpy,110.075,110.1055,110.0725,110.105
2021-07-16 18:45:00+00:00,usdjpy,110.0755,110.0795,110.0405,110.0765
2021-07-16 19:00:00+00:00,usdjpy,110.0875,110.0875,110.063,110.075
2021-07-16 19:15:00+00:00,usdjpy,110.0885,110.0955,110.081,110.087
2021-07-16 19:30:00+00:00,usdjpy,110.0755,110.0905,110.0685,110.088
2021-07-16 19:45:00+00:00,usdjpy,110.0565,110.0895,110.051,110.076
2021-07-16 20:00:00+00:00,usdjpy,110.0365,110.0575,110.0365,110.057
2021-07-16 20:15:00+00:00,usdjpy,110.0415,110.0515,110.0365,110.037
2021-07-16 20:30:00+00:00,usdjpy,110.0665,110.072,110.0415,110.0425
2021-07-16 20:45:00+00:00,usdjpy,110.0715,110.0885,110.061,110.066
