date,ticker,close,high,low,open
2021-04-04 21:00:00+00:00,usdjpy,110.6795,110.6825,110.6485,110.6645
2021-04-04 22:00:00+00:00,usdjpy,110.7205,110.7205,110.619,110.6785
2021-04-04 23:00:00+00:00,usdjpy,110.6805,110.7505,110.666,110.7195
2021-04-05 00:00:00+00:00,usdjpy,110.623,110.7225,110.588,110.6815
2021-04-05 01:00:00+00:00,usdjpy,110.5935,110.632,110.5445,110.6225
2021-04-05 02:00:00+00:00,usdjpy,110.5695,110.5985,110.5675,110.5945
2021-04-05 03:00:00+00:00,usdjpy,110.5555,110.5885,110.5255,110.57
2021-04-05 04:00:00+00:00,usdjpy,110.6505,110.6525,110.5545,110.5545
2021-04-05 05:00:00+00:00,usdjpy,110.6735,110.6805,110.6225,110.65
2021-04-05 06:00:00+00:00,usdjpy,110.6305,110.6865,110.6245,110.6745
2021-04-05 07:00:00+00:00,usdjpy,110.6345,110.6635,110.622,110.6315
2021-04-05 08:00:00+00:00,usdjpy,110.6045,110.6405,110.5575,110.6355
2021-04-05 09:00:00+00:00,usdjpy,110.6105,110.628,110.5915,110.605
2021-04-05 10:00:00+00:00,usdjpy,110.5695,110.6195,110.5675,110.61
2021-04-05 11:00:00+00:00,usdjpy,110.4955,110.57,110.4525,110.57
2021-04-05 12:00:00+00:00,usdjpy,110.4805,110.5315,110.4195,110.496
2021-04-05 13:00:00+00:00,usdjpy,110.2615,110.4875,110.256,110.481
2021-04-05 14:00:00+00:00,usdjpy,110.129,110.2835,109.9635,110.261
2021-04-05 15:00:00+00:00,usdjpy,110.0845,110.1685,110.0585,110.1295
2021-04-05 16:00:00+00:00,usdjpy,110.0965,110.1265,110.0825,110.085
2021-04-05 17:00:00+00:00,usdjpy,110.1275,110.1385,110.0825,110.097
2021-04-05 18:00:00+00:00,usdjpy,110.1715,110.1865,110.1255,110.127
2021-04-05 19:00:00+00:00,usdjpy,110.1835,110.2515,110.1615,110.172
2021-04-05 20:00:00+00:00,usdjpy,110.173,110.2275,110.1725,110.183
2021-04-05 21:00:00+00:00,usdjpy,110.1485,110.2025,110.1315,110.1895
2021-04-05 22:00:00+00:00,usdjpy,110.227,110.2295,110.1475,110.148
2021-04-05 23:00:00+00:00,usdjpy,110.195,110.2265,110.1605,110.2265
2021-04-06 00:00:00+00:00,usdjpy,110.2645,110.2985,110.1295,110.1955
2021-04-06 01:00:00+00:00,usdjpy,110.243,110.3175,110.202,110.264
2021-04-06 02:00:00+00:00,usdjpy,110.347,110.3585,110.2425,110.2425
2021-04-06 03:00:00+00:00,usdjpy,110.3585,110.407,110.3305,110.3465
2021-04-06 04:00:00+00:00,usdjpy,110.2535,110.3815,110.2335,110.3595
2021-04-06 05:00:00+00:00,usdjpy,110.1685,110.256,110.1485,110.253
2021-04-06 06:00:00+00:00,usdjpy,110.3125,110.3345,110.1515,110.168
2021-04-06 07:00:00+00:00,usdjpy,110.2985,110.394,110.2975,110.313
2021-04-06 08:00:00+00:00,usdjpy,110.4015,110.4795,110.2845,110.2995
2021-04-06 09:00:00+00:00,usdjpy,110.495,110.5205,110.3965,110.402
2021-04-06 10:00:00+00:00,usdjpy,110.5275,110.5535,110.4715,110.4955
2021-04-06 11:00:00+00:00,usdjpy,110.346,110.5375,110.3215,110.5285
2021-04-06 12:00:00+00:00,usdjpy,109.904,110.3465,109.8745,110.3455
2021-04-06 13:00:00+00:00,usdjpy,109.8475,109.9645,109.672,109.905
2021-04-06 14:00:00+00:00,usdjpy,109.753,109.9285,109.7335,109.8415
2021-04-06 15:00:00+00:00,usdjpy,109.8375,109.8555,109.7285,109.7535
2021-04-06 16:00:00+00:00,usdjpy,109.8815,109.8865,109.8325,109.837
2021-04-06 17:00:00+00:00,usdjpy,109.9035,109.9185,109.8645,109.8825
2021-04-06 18:00:00+00:00,usdjpy,109.8575,109.9075,109.8255,109.9025
2021-04-06 19:00:00+00:00,usdjpy,109.8065,109.8635,109.8065,109.858
2021-04-06 20:00:00+00:00,usdjpy,109.7525,109.8195,109.7275,109.806
2021-04-06 21:00:00+00:00,usdjpy,109.774,109.8245,109.7415,109.7595
2021-04-06 22:00:00+00:00,usdjpy,109.7795,109.7885,109.7365,109.7745
2021-04-06 23:00:00+00:00,usdjpy,109.7975,109.8035,109.7425,109.78
2021-04-07 00:00:00+00:00,usdjpy,109.7765,109.8965,109.7685,109.7965
2021-04-07 01:00:00+00:00,usdjpy,109.664,109.7855,109.5805,109.7755
2021-04-07 02:00:00+00:00,usdjpy,109.7535,109.808,109.6575,109.6635
2021-04-07 03:00:00+00:00,usdjpy,109.7785,109.834,109.7345,109.753
2021-04-07 04:00:00+00:00,usdjpy,109.7195,109.787,109.7175,109.779
2021-04-07 05:00:00+00:00,usdjpy,109.7685,109.8245,109.7185,109.7185
2021-04-07 06:00:00+00:00,usdjpy,109.819,109.8585,109.7215,109.7695
2021-04-07 07:00:00+00:00,usdjpy,109.7935,109.9035,109.7705,109.8185
2021-04-07 08:00:00+00:00,usdjpy,109.8595,109.943,109.7875,109.794
2021-04-07 09:00:00+00:00,usdjpy,109.8085,109.9055,109.8085,109.859
2021-04-07 10:00:00+00:00,usdjpy,109.7485,109.8335,109.7295,109.8095
2021-04-07 11:00:00+00:00,usdjpy,109.8335,109.855,109.7395,109.748
2021-04-07 12:00:00+00:00,usdjpy,109.8785,109.9375,109.834,109.834
2021-04-07 13:00:00+00:00,usdjpy,109.8385,109.9395,109.7735,109.878
2021-04-07 14:00:00+00:00,usdjpy,109.6225,109.8385,109.6105,109.838
2021-04-07 15:00:00+00:00,usdjpy,109.6745,109.7285,109.6005,109.623
2021-04-07 16:00:00+00:00,usdjpy,109.7145,109.7235,109.6595,109.675
2021-04-07 17:00:00+00:00,usdjpy,109.7585,109.7795,109.7005,109.715
2021-04-07 18:00:00+00:00,usdjpy,109.8055,109.8265,109.7505,109.7595
2021-04-07 19:00:00+00:00,usdjpy,109.7845,109.877,109.7845,109.805
2021-04-07 20:00:00+00:00,usdjpy,109.8555,109.8555,109.7835,109.785
2021-04-07 21:00:00+00:00,usdjpy,109.8375,109.8575,109.7955,109.8555
2021-04-07 22:00:00+00:00,usdjpy,109.8495,109.8755,109.8295,109.8385
2021-04-07 23:00:00+00:00,usdjpy,109.857,109.8695,109.8255,109.85
2021-04-08 00:00:00+00:00,usdjpy,109.7775,109.9055,109.7685,109.8575
2021-04-08 01:00:00+00:00,usdjpy,109.7655,109.7975,109.7145,109.7785
2021-04-08 02:00:00+00:00,usdjpy,109.7435,109.7655,109.7235,109.765
2021-04-08 03:00:00+00:00,usdjpy,109.741,109.7535,109.6975,109.7445
2021-04-08 04:00:00+00:00,usdjpy,109.6715,109.753,109.6535,109.7415
2021-04-08 05:00:00+00:00,usdjpy,109.6835,109.6965,109.6405,109.6705
2021-04-08 06:00:00+00:00,usdjpy,109.6925,109.751,109.6295,109.683
2021-04-08 07:00:00+00:00,usdjpy,109.5185,109.7135,109.4875,109.6935
2021-04-08 08:00:00+00:00,usdjpy,109.4555,109.5255,109.4485,109.519
2021-04-08 09:00:00+00:00,usdjpy,109.574,109.574,109.5545,109.556
2021-04-08 10:00:00+00:00,usdjpy,109.5475,109.5775,109.5165,109.5725
2021-04-08 11:00:00+00:00,usdjpy,109.217,109.5555,109.1825,109.547
2021-04-08 12:00:00+00:00,usdjpy,109.0795,109.2645,109.001,109.2165
2021-04-08 13:00:00+00:00,usdjpy,109.1035,109.1585,109.0245,109.0785
2021-04-08 14:00:00+00:00,usdjpy,109.2475,109.2895,109.0635,109.1115
2021-04-08 15:00:00+00:00,usdjpy,109.2625,109.3,109.2265,109.2335
2021-04-08 16:00:00+00:00,usdjpy,109.248,109.265,109.1925,109.263
2021-04-08 17:00:00+00:00,usdjpy,109.2445,109.258,109.2105,109.2475
2021-04-08 18:00:00+00:00,usdjpy,109.2545,109.281,109.2275,109.244
2021-04-08 19:00:00+00:00,usdjpy,109.3005,109.3185,109.2555,109.2555
2021-04-08 20:00:00+00:00,usdjpy,109.2685,109.3175,109.2585,109.301
2021-04-08 21:00:00+00:00,usdjpy,109.2695,109.284,109.2165,109.246
2021-04-08 22:00:00+00:00,usdjpy,109.33,109.3975,109.2615,109.269
2021-04-08 23:00:00+00:00,usdjpy,109.331,109.3535,109.2835,109.3295
2021-04-09 00:00:00+00:00,usdjpy,109.2615,109.3785,109.217,109.3315
2021-04-09 01:00:00+00:00,usdjpy,109.2435,109.313,109.2155,109.261
2021-04-09 02:00:00+00:00,usdjpy,109.2775,109.3215,109.2365,109.244
2021-04-09 03:00:00+00:00,usdjpy,109.2905,109.299,109.2585,109.277
2021-04-09 04:00:00+00:00,usdjpy,109.37,109.375,109.2875,109.29
2021-04-09 05:00:00+00:00,usdjpy,109.3875,109.4335,109.3115,109.3695
2021-04-09 06:00:00+00:00,usdjpy,109.4425,109.4805,109.3825,109.387
2021-04-09 07:00:00+00:00,usdjpy,109.5005,109.5605,109.4115,109.442
2021-04-09 08:00:00+00:00,usdjpy,109.6615,109.682,109.492,109.501
2021-04-09 09:00:00+00:00,usdjpy,109.6505,109.6885,109.6035,109.6605
2021-04-09 10:00:00+00:00,usdjpy,109.7045,109.7515,109.651,109.651
2021-04-09 11:00:00+00:00,usdjpy,109.7165,109.7375,109.5835,109.704
2021-04-09 12:00:00+00:00,usdjpy,109.8705,109.9605,109.6845,109.716
2021-04-09 13:00:00+00:00,usdjpy,109.7615,109.9555,109.7455,109.87
2021-04-09 14:00:00+00:00,usdjpy,109.5975,109.78,109.5565,109.761
2021-04-09 15:00:00+00:00,usdjpy,109.6465,109.714,109.5845,109.5985
2021-04-09 16:00:00+00:00,usdjpy,109.638,109.664,109.617,109.6475
2021-04-09 17:00:00+00:00,usdjpy,109.6225,109.6465,109.5815,109.6385
2021-04-09 18:00:00+00:00,usdjpy,109.656,109.6785,109.6195,109.622
2021-04-09 19:00:00+00:00,usdjpy,109.651,109.6625,109.6075,109.6555
2021-04-09 20:00:00+00:00,usdjpy,109.662,109.6725,109.6405,109.6505
2021-04-11 21:00:00+00:00,usdjpy,109.6985,109.7555,109.64,109.7085
2021-04-11 22:00:00+00:00,usdjpy,109.753,109.7555,109.6635,109.7005
2021-04-11 23:00:00+00:00,usdjpy,109.7225,109.7565,109.6905,109.7525
2021-04-12 00:00:00+00:00,usdjpy,109.7635,109.7685,109.6525,109.722
2021-04-12 01:00:00+00:00,usdjpy,109.5855,109.7715,109.555,109.763
2021-04-12 02:00:00+00:00,usdjpy,109.5285,109.5885,109.4805,109.586
2021-04-12 03:00:00+00:00,usdjpy,109.5415,109.5455,109.4725,109.528
2021-04-12 04:00:00+00:00,usdjpy,109.5335,109.5895,109.5265,109.541
2021-04-12 05:00:00+00:00,usdjpy,109.5405,109.5825,109.5315,109.5345
2021-04-12 06:00:00+00:00,usdjpy,109.5785,109.612,109.4845,109.54
2021-04-12 07:00:00+00:00,usdjpy,109.4535,109.5805,109.422,109.5795
2021-04-12 08:00:00+00:00,usdjpy,109.4705,109.4775,109.379,109.454
2021-04-12 09:00:00+00:00,usdjpy,109.3155,109.4765,109.3115,109.4715
2021-04-12 10:00:00+00:00,usdjpy,109.3755,109.379,109.2885,109.315
2021-04-12 11:00:00+00:00,usdjpy,109.3465,109.3935,109.2465,109.375
2021-04-12 12:00:00+00:00,usdjpy,109.3315,109.3885,109.2635,109.346
2021-04-12 13:00:00+00:00,usdjpy,109.4345,109.4495,109.2985,109.331
2021-04-12 14:00:00+00:00,usdjpy,109.3965,109.4495,109.3645,109.436
2021-04-12 15:00:00+00:00,usdjpy,109.4395,109.4435,109.3635,109.401
2021-04-12 16:00:00+00:00,usdjpy,109.4065,109.4405,109.3855,109.439
2021-04-12 17:00:00+00:00,usdjpy,109.3955,109.4215,109.3675,109.4075
2021-04-12 18:00:00+00:00,usdjpy,109.4265,109.4585,109.3945,109.396
2021-04-12 19:00:00+00:00,usdjpy,109.4135,109.4495,109.411,109.426
2021-04-12 20:00:00+00:00,usdjpy,109.3845,109.417,109.3765,109.414
2021-04-12 21:00:00+00:00,usdjpy,109.3875,109.4145,109.3765,109.4075
2021-04-12 22:00:00+00:00,usdjpy,109.3895,109.3995,109.3745,109.3885
2021-04-12 23:00:00+00:00,usdjpy,109.3835,109.4135,109.3575,109.39
2021-04-13 00:00:00+00:00,usdjpy,109.5505,109.5695,109.374,109.383
2021-04-13 01:00:00+00:00,usdjpy,109.5755,109.6235,109.5375,109.551
2021-04-13 02:00:00+00:00,usdjpy,109.6315,109.6655,109.5565,109.5745
2021-04-13 03:00:00+00:00,usdjpy,109.7125,109.7165,109.6095,109.631
2021-04-13 04:00:00+00:00,usdjpy,109.7065,109.7535,109.6935,109.712
2021-04-13 05:00:00+00:00,usdjpy,109.69,109.7385,109.6615,109.706
2021-04-13 06:00:00+00:00,usdjpy,109.6825,109.6995,109.565,109.6895
2021-04-13 07:00:00+00:00,usdjpy,109.3255,109.6995,109.2945,109.683
2021-04-13 08:00:00+00:00,usdjpy,109.3265,109.3965,109.2865,109.326
2021-04-13 09:00:00+00:00,usdjpy,109.3385,109.364,109.2275,109.3255
2021-04-13 10:00:00+00:00,usdjpy,109.4065,109.4435,109.3125,109.339
2021-04-13 11:00:00+00:00,usdjpy,109.408,109.4205,109.1285,109.406
2021-04-13 12:00:00+00:00,usdjpy,109.2835,109.5995,109.1845,109.4085
2021-04-13 13:00:00+00:00,usdjpy,109.2195,109.3095,109.1475,109.2845
2021-04-13 14:00:00+00:00,usdjpy,109.198,109.3345,109.1815,109.208
2021-04-13 15:00:00+00:00,usdjpy,109.1905,109.2595,109.1905,109.1975
2021-04-13 16:00:00+00:00,usdjpy,109.1875,109.2355,109.1285,109.19
2021-04-13 17:00:00+00:00,usdjpy,109.1005,109.1885,109.0505,109.1885
2021-04-13 18:00:00+00:00,usdjpy,109.083,109.1135,109.0735,109.1
2021-04-13 19:00:00+00:00,usdjpy,109.02,109.1085,109.0195,109.0835
2021-04-13 20:00:00+00:00,usdjpy,109.062,109.0635,109.0205,109.0205
2021-04-13 21:00:00+00:00,usdjpy,109.055,109.0675,109.0455,109.059
2021-04-13 22:00:00+00:00,usdjpy,109.0405,109.076,109.0215,109.0555
2021-04-13 23:00:00+00:00,usdjpy,108.924,109.0455,108.8905,109.041
2021-04-14 00:00:00+00:00,usdjpy,108.8185,108.944,108.7965,108.9245
2021-04-14 01:00:00+00:00,usdjpy,108.8525,108.8735,108.7525,108.818
2021-04-14 02:00:00+00:00,usdjpy,108.8565,108.9055,108.7945,108.852
2021-04-14 03:00:00+00:00,usdjpy,108.8825,108.8935,108.8435,108.857
2021-04-14 04:00:00+00:00,usdjpy,108.9545,108.957,108.8795,108.883
2021-04-14 05:00:00+00:00,usdjpy,108.9195,108.9785,108.9185,108.954
2021-04-14 06:00:00+00:00,usdjpy,108.8895,108.928,108.8105,108.919
2021-04-14 07:00:00+00:00,usdjpy,108.9995,109.0725,108.862,108.89
2021-04-14 08:00:00+00:00,usdjpy,108.9835,109.0235,108.9265,109.0005
2021-04-14 09:00:00+00:00,usdjpy,109.0135,109.0545,108.9335,108.983
2021-04-14 10:00:00+00:00,usdjpy,108.9245,109.022,108.9095,109.013
2021-04-14 11:00:00+00:00,usdjpy,108.9525,108.9565,108.8905,108.924
2021-04-14 12:00:00+00:00,usdjpy,108.9495,108.9745,108.8975,108.953
2021-04-14 13:00:00+00:00,usdjpy,109.0665,109.0965,108.9385,108.95
2021-04-14 14:00:00+00:00,usdjpy,109.0175,109.0765,108.9385,109.066
2021-04-14 15:00:00+00:00,usdjpy,108.937,109.0335,108.9265,109.017
2021-04-14 16:00:00+00:00,usdjpy,108.9535,108.9895,108.9125,108.9365
2021-04-14 17:00:00+00:00,usdjpy,108.9775,108.9865,108.9405,108.9525
2021-04-14 18:00:00+00:00,usdjpy,108.9425,108.9845,108.9305,108.977
2021-04-14 19:00:00+00:00,usdjpy,108.8975,108.956,108.8945,108.942
2021-04-14 20:00:00+00:00,usdjpy,108.937,108.9455,108.8815,108.898
2021-04-14 21:00:00+00:00,usdjpy,108.9365,108.977,108.9125,108.939
2021-04-14 22:00:00+00:00,usdjpy,108.9595,108.9655,108.9155,108.937
2021-04-14 23:00:00+00:00,usdjpy,108.8945,108.9605,108.8695,108.96
2021-04-15 00:00:00+00:00,usdjpy,108.8785,108.902,108.823,108.895
2021-04-15 01:00:00+00:00,usdjpy,108.8885,108.934,108.807,108.8775
2021-04-15 02:00:00+00:00,usdjpy,108.9235,108.9235,108.8445,108.889
2021-04-15 03:00:00+00:00,usdjpy,108.893,108.9235,108.8795,108.923
2021-04-15 04:00:00+00:00,usdjpy,108.8695,108.9055,108.8555,108.8935
2021-04-15 05:00:00+00:00,usdjpy,108.9135,108.9155,108.8635,108.869
2021-04-15 06:00:00+00:00,usdjpy,108.9015,108.9595,108.8865,108.913
2021-04-15 07:00:00+00:00,usdjpy,108.826,108.9165,108.791,108.901
2021-04-15 08:00:00+00:00,usdjpy,108.7755,108.9035,108.7055,108.8255
2021-04-15 09:00:00+00:00,usdjpy,108.7705,108.7855,108.6655,108.7765
2021-04-15 10:00:00+00:00,usdjpy,108.8285,108.843,108.7415,108.77
2021-04-15 11:00:00+00:00,usdjpy,108.7915,108.8485,108.7775,108.8275
2021-04-15 12:00:00+00:00,usdjpy,108.8045,108.8785,108.7035,108.791
2021-04-15 13:00:00+00:00,usdjpy,108.7205,108.8085,108.6505,108.798
2021-04-15 14:00:00+00:00,usdjpy,108.7265,108.7455,108.6235,108.7195
2021-04-15 15:00:00+00:00,usdjpy,108.7845,108.7995,108.6685,108.7235
2021-04-15 16:00:00+00:00,usdjpy,108.6975,108.7845,108.691,108.784
2021-04-15 17:00:00+00:00,usdjpy,108.6705,108.7805,108.6605,108.697
2021-04-15 18:00:00+00:00,usdjpy,108.658,108.6885,108.6275,108.6715
2021-04-15 19:00:00+00:00,usdjpy,108.6685,108.712,108.6425,108.6575
2021-04-15 20:00:00+00:00,usdjpy,108.7665,108.77,108.6675,108.668
2021-04-15 21:00:00+00:00,usdjpy,108.7395,108.7585,108.711,108.7355
2021-04-15 22:00:00+00:00,usdjpy,108.7335,108.7595,108.7005,108.74
2021-04-15 23:00:00+00:00,usdjpy,108.6925,108.7425,108.6675,108.7325
2021-04-16 00:00:00+00:00,usdjpy,108.765,108.765,108.6125,108.692
2021-04-16 01:00:00+00:00,usdjpy,108.8445,108.943,108.763,108.7645
2021-04-16 02:00:00+00:00,usdjpy,108.8965,108.9175,108.8195,108.845
2021-04-16 03:00:00+00:00,usdjpy,108.8445,108.9095,108.8275,108.896
2021-04-16 04:00:00+00:00,usdjpy,108.8085,108.8515,108.8085,108.8435
2021-04-16 05:00:00+00:00,usdjpy,108.8125,108.8285,108.7745,108.8075
2021-04-16 06:00:00+00:00,usdjpy,108.8985,108.9175,108.8065,108.812
2021-04-16 07:00:00+00:00,usdjpy,108.8945,108.9665,108.8465,108.898
2021-04-16 08:00:00+00:00,usdjpy,108.8555,108.9385,108.8245,108.894
2021-04-16 09:00:00+00:00,usdjpy,108.825,108.9065,108.7975,108.8565
2021-04-16 10:00:00+00:00,usdjpy,108.7855,108.8525,108.7045,108.8245
2021-04-16 11:00:00+00:00,usdjpy,108.7735,108.8185,108.7295,108.7845
2021-04-16 12:00:00+00:00,usdjpy,108.8525,108.869,108.75,108.774
2021-04-16 13:00:00+00:00,usdjpy,108.8655,108.8995,108.8145,108.851
2021-04-16 14:00:00+00:00,usdjpy,108.8085,108.8695,108.7455,108.866
2021-04-16 15:00:00+00:00,usdjpy,108.7925,108.8435,108.7885,108.809
2021-04-16 16:00:00+00:00,usdjpy,108.7835,108.8295,108.7805,108.793
2021-04-16 17:00:00+00:00,usdjpy,108.7955,108.8195,108.7585,108.783
2021-04-16 18:00:00+00:00,usdjpy,108.7935,108.8065,108.7625,108.796
2021-04-16 19:00:00+00:00,usdjpy,108.7945,108.8045,108.7675,108.794
2021-04-16 20:00:00+00:00,usdjpy,108.8225,108.8225,108.7735,108.7955
2021-04-18 21:00:00+00:00,usdjpy,108.7685,108.8025,108.7345,108.7825
2021-04-18 22:00:00+00:00,usdjpy,108.7715,108.8365,108.7485,108.7695
2021-04-18 23:00:00+00:00,usdjpy,108.7235,108.7825,108.6695,108.772
2021-04-19 00:00:00+00:00,usdjpy,108.699,108.7695,108.6275,108.7245
2021-04-19 01:00:00+00:00,usdjpy,108.6465,108.7705,108.5985,108.6985
2021-04-19 02:00:00+00:00,usdjpy,108.624,108.661,108.5485,108.646
2021-04-19 03:00:00+00:00,usdjpy,108.6435,108.665,108.6175,108.6235
2021-04-19 04:00:00+00:00,usdjpy,108.6645,108.6855,108.6355,108.644
2021-04-19 05:00:00+00:00,usdjpy,108.519,108.6785,108.5015,108.665
2021-04-19 06:00:00+00:00,usdjpy,108.5625,108.5695,108.4755,108.5185
2021-04-19 07:00:00+00:00,usdjpy,108.2225,108.5635,108.2085,108.563
2021-04-19 08:00:00+00:00,usdjpy,108.0825,108.2355,108.0375,108.223
2021-04-19 09:00:00+00:00,usdjpy,108.0495,108.122,108.0125,108.083
2021-04-19 10:00:00+00:00,usdjpy,108.1215,108.1905,108.0275,108.05
2021-04-19 11:00:00+00:00,usdjpy,108.1205,108.1815,108.1005,108.122
2021-04-19 12:00:00+00:00,usdjpy,108.0865,108.1605,108.066,108.1215
2021-04-19 13:00:00+00:00,usdjpy,108.2495,108.3105,108.0765,108.091
2021-04-19 14:00:00+00:00,usdjpy,108.0315,108.2625,108.0165,108.2505
2021-04-19 15:00:00+00:00,usdjpy,108.0985,108.0985,108.0105,108.032
2021-04-19 16:00:00+00:00,usdjpy,108.0655,108.107,108.0555,108.0975
2021-04-19 17:00:00+00:00,usdjpy,108.1155,108.1345,108.0645,108.066
2021-04-19 18:00:00+00:00,usdjpy,108.0985,108.1295,108.0895,108.116
2021-04-19 19:00:00+00:00,usdjpy,108.1815,108.1825,108.0975,108.099
2021-04-19 20:00:00+00:00,usdjpy,108.1475,108.1895,108.1365,108.182
2021-04-19 21:00:00+00:00,usdjpy,108.1535,108.1745,108.1435,108.1585
2021-04-19 22:00:00+00:00,usdjpy,108.1525,108.173,108.1315,108.154
2021-04-19 23:00:00+00:00,usdjpy,108.1095,108.1705,108.0815,108.152
2021-04-20 00:00:00+00:00,usdjpy,108.1785,108.2035,107.9735,108.109
2021-04-20 01:00:00+00:00,usdjpy,108.2595,108.3185,108.1765,108.179
2021-04-20 02:00:00+00:00,usdjpy,108.1815,108.2685,108.178,108.259
2021-04-20 03:00:00+00:00,usdjpy,108.1185,108.1945,108.098,108.182
2021-04-20 04:00:00+00:00,usdjpy,108.1585,108.1865,108.1,108.118
2021-04-20 05:00:00+00:00,usdjpy,108.1975,108.2355,108.1495,108.159
2021-04-20 06:00:00+00:00,usdjpy,108.4225,108.4695,108.1825,108.197
2021-04-20 07:00:00+00:00,usdjpy,108.3995,108.546,108.3115,108.4165
2021-04-20 08:00:00+00:00,usdjpy,108.4795,108.5025,108.374,108.4005
2021-04-20 09:00:00+00:00,usdjpy,108.4625,108.5205,108.4305,108.4785
2021-04-20 10:00:00+00:00,usdjpy,108.405,108.4645,108.3535,108.4615
2021-04-20 11:00:00+00:00,usdjpy,108.4115,108.4265,108.3205,108.4045
2021-04-20 12:00:00+00:00,usdjpy,108.453,108.5155,108.3645,108.412
2021-04-20 13:00:00+00:00,usdjpy,108.2945,108.4985,108.2505,108.4535
2021-04-20 14:00:00+00:00,usdjpy,108.1305,108.2905,108.1065,108.2745
2021-04-20 15:00:00+00:00,usdjpy,108.0755,108.1565,108.0275,108.1275
2021-04-20 16:00:00+00:00,usdjpy,108.1315,108.1505,108.0635,108.0745
2021-04-20 17:00:00+00:00,usdjpy,108.138,108.1525,108.1035,108.1325
2021-04-20 18:00:00+00:00,usdjpy,108.1105,108.153,108.1095,108.1385
2021-04-20 19:00:00+00:00,usdjpy,108.08,108.1145,108.0515,108.11
2021-04-20 20:00:00+00:00,usdjpy,108.0945,108.1115,108.079,108.0805
2021-04-20 21:00:00+00:00,usdjpy,108.0805,108.1425,108.063,108.0965
2021-04-20 22:00:00+00:00,usdjpy,108.1125,108.1275,108.071,108.081
2021-04-20 23:00:00+00:00,usdjpy,108.1335,108.1345,108.0845,108.112
2021-04-21 00:00:00+00:00,usdjpy,108.0895,108.1455,107.8775,108.133
2021-04-21 01:00:00+00:00,usdjpy,107.9385,108.1105,107.9105,108.089
2021-04-21 02:00:00+00:00,usdjpy,107.9455,107.9855,107.883,107.939
2021-04-21 03:00:00+00:00,usdjpy,107.9805,107.994,107.9405,107.9465
2021-04-21 04:00:00+00:00,usdjpy,108.0595,108.1145,107.9735,107.981
2021-04-21 05:00:00+00:00,usdjpy,108.0035,108.079,107.9655,108.059
2021-04-21 06:00:00+00:00,usdjpy,108.0255,108.0545,107.962,108.003
2021-04-21 07:00:00+00:00,usdjpy,108.227,108.2825,108.0085,108.0265
2021-04-21 08:00:00+00:00,usdjpy,108.213,108.2675,108.1455,108.2265
2021-04-21 09:00:00+00:00,usdjpy,108.0825,108.222,108.0655,108.2125
2021-04-21 10:00:00+00:00,usdjpy,108.145,108.1475,108.0625,108.082
2021-04-21 11:00:00+00:00,usdjpy,108.1295,108.17,108.0765,108.1445
2021-04-21 12:00:00+00:00,usdjpy,108.056,108.1355,107.9765,108.129
2021-04-21 13:00:00+00:00,usdjpy,108.0655,108.1185,107.9795,108.0555
2021-04-21 14:00:00+00:00,usdjpy,108.1615,108.1955,108.0665,108.0665
2021-04-21 15:00:00+00:00,usdjpy,108.0985,108.1785,108.0685,108.1615
2021-04-21 16:00:00+00:00,usdjpy,108.1025,108.146,108.0775,108.0975
2021-04-21 17:00:00+00:00,usdjpy,108.1125,108.1235,108.0675,108.1035
2021-04-21 18:00:00+00:00,usdjpy,108.0975,108.133,108.0935,108.113
2021-04-21 19:00:00+00:00,usdjpy,108.0595,108.1165,108.0545,108.0965
2021-04-21 20:00:00+00:00,usdjpy,108.0705,108.0845,108.0485,108.059
2021-04-21 21:00:00+00:00,usdjpy,108.071,108.0885,108.062,108.0835
2021-04-21 22:00:00+00:00,usdjpy,108.0335,108.0715,108.0305,108.0715
2021-04-21 23:00:00+00:00,usdjpy,108.0445,108.0495,108.0165,108.0345
2021-04-22 00:00:00+00:00,usdjpy,108.0255,108.1425,107.9535,108.045
2021-04-22 01:00:00+00:00,usdjpy,108.0095,108.0645,107.9865,108.0245
2021-04-22 02:00:00+00:00,usdjpy,108.0015,108.0205,107.9745,108.009
2021-04-22 03:00:00+00:00,usdjpy,108.007,108.0265,107.9875,108.0005
2021-04-22 04:00:00+00:00,usdjpy,107.9695,108.0085,107.9165,108.0075
2021-04-22 05:00:00+00:00,usdjpy,108.0345,108.0395,107.955,107.97
2021-04-22 06:00:00+00:00,usdjpy,107.8995,108.0525,107.8605,108.034
2021-04-22 07:00:00+00:00,usdjpy,107.8935,107.905,107.8145,107.9
2021-04-22 08:00:00+00:00,usdjpy,108.0405,108.1115,107.894,107.894
2021-04-22 09:00:00+00:00,usdjpy,108.0695,108.0975,108.0175,108.0395
2021-04-22 10:00:00+00:00,usdjpy,108.0265,108.069,107.9835,108.069
2021-04-22 11:00:00+00:00,usdjpy,108.0745,108.1135,107.961,108.0255
2021-04-22 12:00:00+00:00,usdjpy,108.1265,108.2055,108.0705,108.0755
2021-04-22 13:00:00+00:00,usdjpy,108.0555,108.1255,108.0295,108.1255
2021-04-22 14:00:00+00:00,usdjpy,108.0,108.1085,107.9505,108.0585
2021-04-22 15:00:00+00:00,usdjpy,108.1645,108.1655,107.9925,107.998
2021-04-22 16:00:00+00:00,usdjpy,108.205,108.2335,108.1115,108.165
2021-04-22 17:00:00+00:00,usdjpy,108.064,108.234,108.0505,108.2055
2021-04-22 18:00:00+00:00,usdjpy,108.0885,108.1435,108.034,108.0635
2021-04-22 19:00:00+00:00,usdjpy,108.0305,108.1095,108.0095,108.089
2021-04-22 20:00:00+00:00,usdjpy,107.972,108.031,107.964,108.031
2021-04-22 21:00:00+00:00,usdjpy,107.961,107.9795,107.9375,107.9535
2021-04-22 22:00:00+00:00,usdjpy,108.0035,108.0035,107.9385,107.9615
2021-04-22 23:00:00+00:00,usdjpy,107.9885,108.0045,107.9455,108.004
2021-04-23 00:00:00+00:00,usdjpy,107.8795,107.9915,107.861,107.988
2021-04-23 01:00:00+00:00,usdjpy,107.923,107.9655,107.8045,107.8805
2021-04-23 02:00:00+00:00,usdjpy,107.9565,107.973,107.914,107.9235
2021-04-23 03:00:00+00:00,usdjpy,107.9255,107.97,107.924,107.9575
2021-04-23 04:00:00+00:00,usdjpy,107.9025,107.9325,107.8795,107.9265
2021-04-23 05:00:00+00:00,usdjpy,107.8915,107.9065,107.866,107.9015
2021-04-23 06:00:00+00:00,usdjpy,107.881,107.9605,107.862,107.891
2021-04-23 07:00:00+00:00,usdjpy,107.9135,107.9835,107.8545,107.8805
2021-04-23 08:00:00+00:00,usdjpy,107.9135,107.9665,107.8755,107.9145
2021-04-23 09:00:00+00:00,usdjpy,107.9025,107.9365,107.8835,107.914
2021-04-23 10:00:00+00:00,usdjpy,107.8535,107.9075,107.8465,107.903
2021-04-23 11:00:00+00:00,usdjpy,107.7805,107.8845,107.7575,107.8545
2021-04-23 12:00:00+00:00,usdjpy,107.5165,107.7945,107.479,107.7815
2021-04-23 13:00:00+00:00,usdjpy,107.7965,107.8135,107.511,107.516
2021-04-23 14:00:00+00:00,usdjpy,108.1115,108.1475,107.7965,107.797
2021-04-23 15:00:00+00:00,usdjpy,107.9495,108.0925,107.927,108.0885
2021-04-23 16:00:00+00:00,usdjpy,107.977,107.9835,107.9205,107.9485
2021-04-23 17:00:00+00:00,usdjpy,107.9465,107.9785,107.9375,107.9775
2021-04-23 18:00:00+00:00,usdjpy,107.9295,107.9665,107.9275,107.946
2021-04-23 19:00:00+00:00,usdjpy,107.8955,107.9505,107.861,107.93
2021-04-23 20:00:00+00:00,usdjpy,107.9165,107.9165,107.8675,107.896
2021-04-25 21:00:00+00:00,usdjpy,107.9445,107.9635,107.9135,107.9505
2021-04-25 22:00:00+00:00,usdjpy,107.8945,107.9635,107.8665,107.9435
2021-04-25 23:00:00+00:00,usdjpy,107.8845,107.9025,107.8675,107.894
2021-04-26 00:00:00+00:00,usdjpy,107.882,107.9425,107.8125,107.8835
2021-04-26 01:00:00+00:00,usdjpy,107.7745,107.8815,107.7495,107.8815
2021-04-26 02:00:00+00:00,usdjpy,107.7265,107.7805,107.7095,107.775
2021-04-26 03:00:00+00:00,usdjpy,107.7165,107.7625,107.6835,107.7275
2021-04-26 04:00:00+00:00,usdjpy,107.7185,107.7205,107.6525,107.716
2021-04-26 05:00:00+00:00,usdjpy,107.7985,107.8165,107.6895,107.719
2021-04-26 06:00:00+00:00,usdjpy,107.8375,107.8545,107.7575,107.798
2021-04-26 07:00:00+00:00,usdjpy,107.719,107.8445,107.693,107.8385
2021-04-26 08:00:00+00:00,usdjpy,107.7125,107.7705,107.6435,107.7185
2021-04-26 09:00:00+00:00,usdjpy,107.7355,107.743,107.665,107.7115
2021-04-26 10:00:00+00:00,usdjpy,107.7755,107.7865,107.7105,107.7345
2021-04-26 11:00:00+00:00,usdjpy,108.0125,108.042,107.771,107.7745
2021-04-26 12:00:00+00:00,usdjpy,108.074,108.1665,107.9915,108.012
2021-04-26 13:00:00+00:00,usdjpy,108.0165,108.0945,107.9715,108.0745
2021-04-26 14:00:00+00:00,usdjpy,108.0835,108.106,107.898,108.016
2021-04-26 15:00:00+00:00,usdjpy,108.1285,108.1985,108.0655,108.077
2021-04-26 16:00:00+00:00,usdjpy,108.1275,108.1825,108.119,108.1275
2021-04-26 17:00:00+00:00,usdjpy,108.128,108.156,108.095,108.128
2021-04-26 18:00:00+00:00,usdjpy,108.1175,108.1365,108.0975,108.1275
2021-04-26 19:00:00+00:00,usdjpy,108.1265,108.1385,108.1045,108.117
2021-04-26 20:00:00+00:00,usdjpy,108.0935,108.1395,108.084,108.127
2021-04-26 21:00:00+00:00,usdjpy,108.0965,108.1335,108.0815,108.082
2021-04-26 22:00:00+00:00,usdjpy,108.1665,108.2045,108.094,108.096
2021-04-26 23:00:00+00:00,usdjpy,108.2015,108.2105,108.1585,108.1675
2021-04-27 00:00:00+00:00,usdjpy,108.1325,108.2235,108.1015,108.2005
2021-04-27 01:00:00+00:00,usdjpy,108.3185,108.3485,108.1295,108.132
2021-04-27 02:00:00+00:00,usdjpy,108.3475,108.3865,108.3155,108.318
2021-04-27 03:00:00+00:00,usdjpy,108.2725,108.3605,108.2355,108.347
2021-04-27 04:00:00+00:00,usdjpy,108.224,108.302,108.2175,108.272
2021-04-27 05:00:00+00:00,usdjpy,108.2185,108.2655,108.1945,108.2235
2021-04-27 06:00:00+00:00,usdjpy,108.2765,108.284,108.1705,108.218
2021-04-27 07:00:00+00:00,usdjpy,108.3305,108.3555,108.2195,108.276
2021-04-27 08:00:00+00:00,usdjpy,108.353,108.3975,108.3175,108.331
2021-04-27 09:00:00+00:00,usdjpy,108.2925,108.4265,108.2655,108.3535
2021-04-27 10:00:00+00:00,usdjpy,108.2845,108.3465,108.2525,108.292
2021-04-27 11:00:00+00:00,usdjpy,108.2315,108.3215,108.2055,108.285
2021-04-27 12:00:00+00:00,usdjpy,108.28,108.3305,108.2245,108.232
2021-04-27 13:00:00+00:00,usdjpy,108.4235,108.4395,108.2545,108.2805
2021-04-27 14:00:00+00:00,usdjpy,108.4645,108.5285,108.3595,108.4225
2021-04-27 15:00:00+00:00,usdjpy,108.5705,108.5805,108.4395,108.4635
2021-04-27 16:00:00+00:00,usdjpy,108.6715,108.6805,108.5645,108.5695
2021-04-27 17:00:00+00:00,usdjpy,108.6985,108.7065,108.621,108.671
2021-04-27 18:00:00+00:00,usdjpy,108.7475,108.7505,108.6845,108.6975
2021-04-27 19:00:00+00:00,usdjpy,108.7375,108.7485,108.7015,108.7465
2021-04-27 20:00:00+00:00,usdjpy,108.7145,108.7765,108.7135,108.738
2021-04-27 21:00:00+00:00,usdjpy,108.7115,108.728,108.683,108.7135
2021-04-27 22:00:00+00:00,usdjpy,108.749,108.7655,108.6995,108.712
2021-04-27 23:00:00+00:00,usdjpy,108.751,108.7785,108.7295,108.7485
2021-04-28 00:00:00+00:00,usdjpy,108.917,108.9225,108.7275,108.7515
2021-04-28 01:00:00+00:00,usdjpy,108.8905,108.9485,108.8595,108.9165
2021-04-28 02:00:00+00:00,usdjpy,108.872,108.9035,108.8085,108.891
2021-04-28 03:00:00+00:00,usdjpy,108.862,108.9005,108.8485,108.8715
2021-04-28 04:00:00+00:00,usdjpy,108.8525,108.8795,108.8325,108.8615
2021-04-28 05:00:00+00:00,usdjpy,108.8715,108.8955,108.8185,108.852
2021-04-28 06:00:00+00:00,usdjpy,109.0555,109.0565,108.8725,108.8725
2021-04-28 07:00:00+00:00,usdjpy,109.0185,109.0785,108.9605,109.056
2021-04-28 08:00:00+00:00,usdjpy,108.9205,109.0255,108.8425,109.0175
2021-04-28 09:00:00+00:00,usdjpy,108.9085,108.9655,108.898,108.9215
2021-04-28 10:00:00+00:00,usdjpy,108.9305,108.9505,108.9025,108.9095
2021-04-28 11:00:00+00:00,usdjpy,108.9015,109.003,108.8485,108.931
2021-04-28 12:00:00+00:00,usdjpy,108.9625,108.9965,108.8365,108.902
2021-04-28 13:00:00+00:00,usdjpy,108.8965,108.9715,108.8925,108.962
2021-04-28 14:00:00+00:00,usdjpy,108.897,108.9505,108.7045,108.8985
2021-04-28 15:00:00+00:00,usdjpy,108.81,108.9075,108.7705,108.8965
2021-04-28 16:00:00+00:00,usdjpy,108.8515,108.8535,108.8025,108.8105
2021-04-28 17:00:00+00:00,usdjpy,108.8955,108.9245,108.8365,108.852
2021-04-28 18:00:00+00:00,usdjpy,108.668,108.9985,108.5825,108.8915
2021-04-28 19:00:00+00:00,usdjpy,108.588,108.7405,108.5845,108.687
2021-04-28 20:00:00+00:00,usdjpy,108.5955,108.6325,108.5735,108.5885
2021-04-28 21:00:00+00:00,usdjpy,108.607,108.6365,108.5765,108.6045
2021-04-28 22:00:00+00:00,usdjpy,108.5315,108.6215,108.5255,108.6075
2021-04-28 23:00:00+00:00,usdjpy,108.5075,108.5735,108.5035,108.532
2021-04-29 00:00:00+00:00,usdjpy,108.4545,108.5235,108.4355,108.508
2021-04-29 01:00:00+00:00,usdjpy,108.4905,108.5405,108.442,108.454
2021-04-29 02:00:00+00:00,usdjpy,108.5975,108.6105,108.4825,108.491
2021-04-29 03:00:00+00:00,usdjpy,108.6305,108.6705,108.5885,108.5985
2021-04-29 04:00:00+00:00,usdjpy,108.5795,108.6585,108.5795,108.6315
2021-04-29 05:00:00+00:00,usdjpy,108.6195,108.6395,108.561,108.58
2021-04-29 06:00:00+00:00,usdjpy,108.7775,108.8065,108.6195,108.6195
2021-04-29 07:00:00+00:00,usdjpy,108.8905,108.8975,108.7595,108.778
2021-04-29 08:00:00+00:00,usdjpy,108.9785,109.001,108.8745,108.8895
2021-04-29 09:00:00+00:00,usdjpy,109.0205,109.0685,108.9365,108.978
2021-04-29 10:00:00+00:00,usdjpy,108.945,109.0495,108.9435,109.021
2021-04-29 11:00:00+00:00,usdjpy,108.9805,108.9955,108.8365,108.9455
2021-04-29 12:00:00+00:00,usdjpy,108.912,109.048,108.8435,108.9795
2021-04-29 13:00:00+00:00,usdjpy,109.1935,109.2245,108.8935,108.9125
2021-04-29 14:00:00+00:00,usdjpy,108.9555,109.2205,108.9225,109.193
2021-04-29 15:00:00+00:00,usdjpy,108.953,108.9645,108.8765,108.946
2021-04-29 16:00:00+00:00,usdjpy,108.897,108.9605,108.8045,108.9525
2021-04-29 17:00:00+00:00,usdjpy,108.902,108.9175,108.8605,108.8975
2021-04-29 18:00:00+00:00,usdjpy,108.87,108.9565,108.8645,108.9015
2021-04-29 19:00:00+00:00,usdjpy,108.8895,108.9005,108.8635,108.8695
2021-04-29 20:00:00+00:00,usdjpy,108.9405,108.9405,108.8735,108.89
2021-04-29 21:00:00+00:00,usdjpy,108.9415,108.9495,108.8945,108.9275
2021-04-29 22:00:00+00:00,usdjpy,108.918,108.9515,108.9055,108.9325
2021-04-29 23:00:00+00:00,usdjpy,108.9065,108.9235,108.8595,108.9185
2021-04-30 00:00:00+00:00,usdjpy,108.9315,109.0585,108.8965,108.9075
2021-04-30 01:00:00+00:00,usdjpy,108.8035,108.9445,108.7775,108.931
2021-04-30 02:00:00+00:00,usdjpy,108.7825,108.8095,108.7145,108.804
2021-04-30 03:00:00+00:00,usdjpy,108.8335,108.862,108.771,108.782
2021-04-30 04:00:00+00:00,usdjpy,108.8075,108.8535,108.7915,108.8315
2021-04-30 05:00:00+00:00,usdjpy,108.836,108.9105,108.7855,108.807
2021-04-30 06:00:00+00:00,usdjpy,108.791,108.861,108.7375,108.8365
2021-04-30 07:00:00+00:00,usdjpy,108.8875,108.8925,108.7735,108.7905
2021-04-30 08:00:00+00:00,usdjpy,108.908,108.9355,108.8435,108.8865
2021-04-30 09:00:00+00:00,usdjpy,108.9235,108.9455,108.8875,108.9075
2021-04-30 10:00:00+00:00,usdjpy,108.8735,108.933,108.826,108.923
2021-04-30 11:00:00+00:00,usdjpy,108.9205,108.9575,108.7685,108.873
2021-04-30 12:00:00+00:00,usdjpy,108.9785,109.01,108.8855,108.92
2021-04-30 13:00:00+00:00,usdjpy,109.0085,109.0505,108.8735,108.9775
2021-04-30 14:00:00+00:00,usdjpy,109.2895,109.3245,108.9855,109.0075
2021-04-30 15:00:00+00:00,usdjpy,109.3345,109.343,109.2395,109.3005
2021-04-30 16:00:00+00:00,usdjpy,109.3045,109.3435,109.2675,109.335
2021-04-30 17:00:00+00:00,usdjpy,109.312,109.3265,109.2675,109.3035
2021-04-30 18:00:00+00:00,usdjpy,109.3065,109.3235,109.2765,109.3115
2021-04-30 19:00:00+00:00,usdjpy,109.2865,109.3385,109.285,109.306
2021-04-30 20:00:00+00:00,usdjpy,109.3435,109.3705,109.2865,109.287
2021-05-02 21:00:00+00:00,usdjpy,109.2925,109.3045,109.2855,109.2855
2021-05-02 22:00:00+00:00,usdjpy,109.3165,109.3555,109.2935,109.2935
2021-05-02 23:00:00+00:00,usdjpy,109.288,109.3255,109.2795,109.317
2021-05-03 00:00:00+00:00,usdjpy,109.346,109.4135,109.289,109.2895
2021-05-03 01:00:00+00:00,usdjpy,109.4325,109.4395,109.3195,109.3455
2021-05-03 02:00:00+00:00,usdjpy,109.4985,109.512,109.425,109.433
2021-05-03 03:00:00+00:00,usdjpy,109.547,109.5655,109.497,109.498
2021-05-03 04:00:00+00:00,usdjpy,109.5845,109.5895,109.546,109.5465
2021-05-03 05:00:00+00:00,usdjpy,109.6295,109.6635,109.5735,109.584
2021-05-03 06:00:00+00:00,usdjpy,109.5385,109.6615,109.532,109.6305
2021-05-03 07:00:00+00:00,usdjpy,109.6525,109.6695,109.515,109.5395
2021-05-03 08:00:00+00:00,usdjpy,109.6335,109.6985,109.6015,109.6535
2021-05-03 09:00:00+00:00,usdjpy,109.5105,109.6435,109.4655,109.634
2021-05-03 10:00:00+00:00,usdjpy,109.4115,109.5415,109.4025,109.5115
2021-05-03 11:00:00+00:00,usdjpy,109.4745,109.4885,109.4115,109.4125
2021-05-03 12:00:00+00:00,usdjpy,109.3775,109.5225,109.301,109.475
2021-05-03 13:00:00+00:00,usdjpy,109.1545,109.3845,109.1255,109.378
2021-05-03 14:00:00+00:00,usdjpy,108.9335,109.1535,108.896,109.1525
2021-05-03 15:00:00+00:00,usdjpy,109.0875,109.1005,108.9045,108.9345
2021-05-03 16:00:00+00:00,usdjpy,109.1345,109.1555,109.0725,109.088
2021-05-03 17:00:00+00:00,usdjpy,109.0945,109.135,109.0605,109.1335
2021-05-03 18:00:00+00:00,usdjpy,109.1035,109.1115,109.051,109.0955
2021-05-03 19:00:00+00:00,usdjpy,109.1115,109.118,109.0795,109.1045
2021-05-03 20:00:00+00:00,usdjpy,109.0895,109.1225,109.0675,109.111
2021-05-03 21:00:00+00:00,usdjpy,109.0705,109.114,109.0525,109.0785
2021-05-03 22:00:00+00:00,usdjpy,109.0795,109.0805,109.0305,109.07
2021-05-03 23:00:00+00:00,usdjpy,109.0885,109.1125,109.0595,109.0785
2021-05-04 00:00:00+00:00,usdjpy,109.1035,109.1785,109.0625,109.089
2021-05-04 01:00:00+00:00,usdjpy,109.228,109.2335,109.098,109.1025
2021-05-04 02:00:00+00:00,usdjpy,109.2285,109.2655,109.2005,109.2275
2021-05-04 03:00:00+00:00,usdjpy,109.2575,109.2575,109.2165,109.229
2021-05-04 04:00:00+00:00,usdjpy,109.2855,109.2975,109.257,109.257
2021-05-04 05:00:00+00:00,usdjpy,109.3055,109.3545,109.2655,109.285
2021-05-04 06:00:00+00:00,usdjpy,109.3775,109.3865,109.2905,109.305
2021-05-04 07:00:00+00:00,usdjpy,109.4055,109.4895,109.3625,109.3765
2021-05-04 08:00:00+00:00,usdjpy,109.4225,109.4275,109.3205,109.405
2021-05-04 09:00:00+00:00,usdjpy,109.4165,109.4345,109.3515,109.422
2021-05-04 10:00:00+00:00,usdjpy,109.4315,109.481,109.3805,109.417
2021-05-04 11:00:00+00:00,usdjpy,109.2965,109.4625,109.1545,109.432
2021-05-04 12:00:00+00:00,usdjpy,109.0945,109.3075,109.069,109.2975
2021-05-04 13:00:00+00:00,usdjpy,109.13,109.2235,109.0445,109.094
2021-05-04 14:00:00+00:00,usdjpy,109.198,109.3075,109.105,109.1295
2021-05-04 15:00:00+00:00,usdjpy,109.349,109.424,109.1795,109.1975
2021-05-04 16:00:00+00:00,usdjpy,109.281,109.3785,109.2535,109.3485
2021-05-04 17:00:00+00:00,usdjpy,109.2695,109.3015,109.2245,109.2805
2021-05-04 18:00:00+00:00,usdjpy,109.3055,109.3055,109.2325,109.269
2021-05-04 19:00:00+00:00,usdjpy,109.3015,109.3395,109.2855,109.3065
2021-05-04 20:00:00+00:00,usdjpy,109.3145,109.33,109.2695,109.3025
2021-05-04 21:00:00+00:00,usdjpy,109.3165,109.3705,109.3035,109.3655
2021-05-04 22:00:00+00:00,usdjpy,109.31,109.3265,109.2875,109.3175
2021-05-04 23:00:00+00:00,usdjpy,109.3345,109.3395,109.3045,109.3095
2021-05-05 00:00:00+00:00,usdjpy,109.333,109.3775,109.3035,109.334
2021-05-05 01:00:00+00:00,usdjpy,109.3295,109.3575,109.3275,109.3325
2021-05-05 02:00:00+00:00,usdjpy,109.2455,109.3425,109.1985,109.329
2021-05-05 03:00:00+00:00,usdjpy,109.2775,109.2855,109.2285,109.246
2021-05-05 04:00:00+00:00,usdjpy,109.3305,109.3345,109.274,109.278
2021-05-05 05:00:00+00:00,usdjpy,109.3725,109.3925,109.3045,109.33
2021-05-05 06:00:00+00:00,usdjpy,109.4295,109.4815,109.3725,109.3735
2021-05-05 07:00:00+00:00,usdjpy,109.3705,109.4645,109.3385,109.43
2021-05-05 08:00:00+00:00,usdjpy,109.3625,109.3925,109.2575,109.371
2021-05-05 09:00:00+00:00,usdjpy,109.351,109.4055,109.3215,109.363
2021-05-05 10:00:00+00:00,usdjpy,109.3055,109.3675,109.2755,109.3505
2021-05-05 11:00:00+00:00,usdjpy,109.3195,109.3195,109.2555,109.3045
2021-05-05 12:00:00+00:00,usdjpy,109.3235,109.3915,109.2445,109.341
2021-05-05 13:00:00+00:00,usdjpy,109.265,109.3345,109.1465,109.323
2021-05-05 14:00:00+00:00,usdjpy,109.2135,109.3235,109.1615,109.2645
2021-05-05 15:00:00+00:00,usdjpy,109.2745,109.2865,109.1945,109.213
2021-05-05 16:00:00+00:00,usdjpy,109.3,109.3125,109.2655,109.2735
2021-05-05 17:00:00+00:00,usdjpy,109.2565,109.3195,109.239,109.3005
2021-05-05 18:00:00+00:00,usdjpy,109.2505,109.3005,109.2425,109.257
2021-05-05 19:00:00+00:00,usdjpy,109.194,109.2685,109.1795,109.2515
2021-05-05 20:00:00+00:00,usdjpy,109.1915,109.2145,109.1795,109.1945
2021-05-05 21:00:00+00:00,usdjpy,109.2015,109.249,109.173,109.1955
2021-05-05 22:00:00+00:00,usdjpy,109.2105,109.2175,109.172,109.2025
2021-05-05 23:00:00+00:00,usdjpy,109.2205,109.2705,109.197,109.2095
2021-05-06 00:00:00+00:00,usdjpy,109.3035,109.3285,109.1885,109.221
2021-05-06 01:00:00+00:00,usdjpy,109.3285,109.385,109.2955,109.304
2021-05-06 02:00:00+00:00,usdjpy,109.3375,109.4295,109.3115,109.328
2021-05-06 03:00:00+00:00,usdjpy,109.3755,109.388,109.3245,109.338
2021-05-06 04:00:00+00:00,usdjpy,109.398,109.4225,109.3635,109.375
2021-05-06 05:00:00+00:00,usdjpy,109.337,109.3995,109.3165,109.3985
2021-05-06 06:00:00+00:00,usdjpy,109.2595,109.3585,109.2475,109.3375
2021-05-06 07:00:00+00:00,usdjpy,109.3385,109.3455,109.2535,109.26
2021-05-06 08:00:00+00:00,usdjpy,109.2265,109.3665,109.1805,109.3375
2021-05-06 09:00:00+00:00,usdjpy,109.1315,109.2515,109.087,109.226
2021-05-06 10:00:00+00:00,usdjpy,109.121,109.1805,109.0635,109.132
2021-05-06 11:00:00+00:00,usdjpy,109.1665,109.186,109.0845,109.1205
2021-05-06 12:00:00+00:00,usdjpy,109.3025,109.3025,109.1435,109.1655
2021-05-06 13:00:00+00:00,usdjpy,109.199,109.4035,109.1835,109.303
2021-05-06 14:00:00+00:00,usdjpy,109.0525,109.2025,109.0445,109.2005
2021-05-06 15:00:00+00:00,usdjpy,109.175,109.1915,109.1585,109.1875
2021-05-06 16:00:00+00:00,usdjpy,109.1055,109.1895,109.07,109.1745
2021-05-06 17:00:00+00:00,usdjpy,109.1095,109.1235,109.092,109.1065
2021-05-06 18:00:00+00:00,usdjpy,109.04,109.1155,109.002,109.1105
2021-05-06 19:00:00+00:00,usdjpy,109.0445,109.0795,109.0325,109.0395
2021-05-06 20:00:00+00:00,usdjpy,109.0875,109.0945,109.0445,109.045
2021-05-06 21:00:00+00:00,usdjpy,109.085,109.162,109.054,109.092
2021-05-06 22:00:00+00:00,usdjpy,109.0795,109.0985,109.0695,109.0845
2021-05-06 23:00:00+00:00,usdjpy,109.0535,109.081,109.0275,109.08
2021-05-07 00:00:00+00:00,usdjpy,109.1225,109.1495,108.9385,109.0525
2021-05-07 01:00:00+00:00,usdjpy,109.1035,109.1875,109.0965,109.123
2021-05-07 02:00:00+00:00,usdjpy,109.1615,109.1895,109.103,109.104
2021-05-07 03:00:00+00:00,usdjpy,109.1095,109.1645,109.0755,109.161
2021-05-07 04:00:00+00:00,usdjpy,109.0725,109.1115,109.0485,109.11
2021-05-07 05:00:00+00:00,usdjpy,109.112,109.1175,109.0575,109.073
2021-05-07 06:00:00+00:00,usdjpy,109.1715,109.1995,109.1085,109.1125
2021-05-07 07:00:00+00:00,usdjpy,109.1365,109.1745,109.0795,109.171
2021-05-07 12:00:00+00:00,usdjpy,108.5235,109.289,108.5235,109.251
2021-05-07 13:00:00+00:00,usdjpy,108.7035,108.8865,108.3385,108.5255
2021-05-07 14:00:00+00:00,usdjpy,108.5665,108.7465,108.4945,108.703
2021-05-07 15:00:00+00:00,usdjpy,108.5215,108.6165,108.467,108.5685
2021-05-07 16:00:00+00:00,usdjpy,108.6625,108.7485,108.5215,108.522
2021-05-07 17:00:00+00:00,usdjpy,108.6765,108.711,108.6335,108.663
2021-05-07 18:00:00+00:00,usdjpy,108.6665,108.705,108.6665,108.677
2021-05-07 20:00:00+00:00,usdjpy,108.6045,108.6255,108.5775,108.619
2021-05-09 21:00:00+00:00,usdjpy,108.6285,108.634,108.583,108.584
2021-05-09 22:00:00+00:00,usdjpy,108.5625,108.6385,108.4695,108.629
2021-05-09 23:00:00+00:00,usdjpy,108.5745,108.5805,108.4845,108.562
2021-05-10 00:00:00+00:00,usdjpy,108.747,108.8155,108.5645,108.575
2021-05-10 01:00:00+00:00,usdjpy,108.8465,108.8775,108.717,108.7465
2021-05-10 02:00:00+00:00,usdjpy,108.8745,108.916,108.8275,108.846
2021-05-10 03:00:00+00:00,usdjpy,108.8895,108.9135,108.86,108.8735
2021-05-10 04:00:00+00:00,usdjpy,108.8605,108.9045,108.842,108.889
2021-05-10 05:00:00+00:00,usdjpy,108.8265,108.8675,108.7965,108.86
2021-05-10 06:00:00+00:00,usdjpy,108.9725,108.9955,108.8115,108.826
2021-05-10 07:00:00+00:00,usdjpy,108.9245,109.058,108.9165,108.9715
2021-05-10 08:00:00+00:00,usdjpy,108.7845,108.973,108.7575,108.9235
2021-05-10 09:00:00+00:00,usdjpy,108.7565,108.8345,108.7165,108.785
2021-05-10 10:00:00+00:00,usdjpy,108.7285,108.7855,108.6825,108.756
2021-05-10 11:00:00+00:00,usdjpy,108.8005,108.8495,108.7175,108.7275
2021-05-10 12:00:00+00:00,usdjpy,108.6935,108.8075,108.6535,108.801
2021-05-10 13:00:00+00:00,usdjpy,108.789,108.8375,108.6595,108.6945
2021-05-10 14:00:00+00:00,usdjpy,108.7345,108.8065,108.6755,108.7795
2021-05-10 15:00:00+00:00,usdjpy,108.707,108.7785,108.6995,108.7335
2021-05-10 16:00:00+00:00,usdjpy,108.812,108.8435,108.7065,108.7065
2021-05-10 17:00:00+00:00,usdjpy,108.844,108.8725,108.799,108.8115
2021-05-10 18:00:00+00:00,usdjpy,108.8125,108.848,108.7625,108.8445
2021-05-10 19:00:00+00:00,usdjpy,108.78,108.8385,108.7585,108.8115
2021-05-10 20:00:00+00:00,usdjpy,108.792,108.8505,108.7365,108.7805
2021-05-10 21:00:00+00:00,usdjpy,108.8525,108.8625,108.783,108.8205
2021-05-10 22:00:00+00:00,usdjpy,108.8135,108.853,108.7805,108.853
2021-05-10 23:00:00+00:00,usdjpy,108.8495,108.8575,108.796,108.813
2021-05-11 00:00:00+00:00,usdjpy,108.9505,108.9845,108.7915,108.849
2021-05-11 01:00:00+00:00,usdjpy,108.8965,108.962,108.8835,108.9515
2021-05-11 02:00:00+00:00,usdjpy,108.8885,108.9195,108.8495,108.896
2021-05-11 03:00:00+00:00,usdjpy,108.8895,108.9055,108.872,108.889
2021-05-11 04:00:00+00:00,usdjpy,108.8135,108.933,108.8095,108.8905
2021-05-11 05:00:00+00:00,usdjpy,108.8605,108.8845,108.807,108.813
2021-05-11 06:00:00+00:00,usdjpy,108.9305,108.9385,108.8385,108.8595
2021-05-11 07:00:00+00:00,usdjpy,108.9395,108.9565,108.8535,108.9295
2021-05-11 08:00:00+00:00,usdjpy,108.8265,108.9795,108.8135,108.939
2021-05-11 09:00:00+00:00,usdjpy,108.8425,108.8915,108.812,108.8255
2021-05-11 10:00:00+00:00,usdjpy,108.7525,108.8555,108.667,108.843
2021-05-11 11:00:00+00:00,usdjpy,108.5945,108.7685,108.5905,108.753
2021-05-11 12:00:00+00:00,usdjpy,108.5715,108.6155,108.5035,108.595
2021-05-11 13:00:00+00:00,usdjpy,108.5395,108.6085,108.3545,108.571
2021-05-11 14:00:00+00:00,usdjpy,108.4915,108.672,108.4655,108.57
2021-05-11 15:00:00+00:00,usdjpy,108.5315,108.5495,108.4575,108.5015
2021-05-11 16:00:00+00:00,usdjpy,108.537,108.5755,108.5135,108.5325
2021-05-11 17:00:00+00:00,usdjpy,108.6155,108.6435,108.5315,108.5375
2021-05-11 18:00:00+00:00,usdjpy,108.6465,108.6745,108.6045,108.615
2021-05-11 19:00:00+00:00,usdjpy,108.6605,108.672,108.6075,108.647
2021-05-11 20:00:00+00:00,usdjpy,108.6225,108.6885,108.6075,108.66
2021-05-11 21:00:00+00:00,usdjpy,108.6155,108.655,108.5875,108.6545
2021-05-11 22:00:00+00:00,usdjpy,108.6505,108.6605,108.6105,108.615
2021-05-11 23:00:00+00:00,usdjpy,108.7175,108.7315,108.6465,108.651
2021-05-12 00:00:00+00:00,usdjpy,108.7775,108.794,108.6765,108.7165
2021-05-12 01:00:00+00:00,usdjpy,108.8455,108.8655,108.7625,108.777
2021-05-12 02:00:00+00:00,usdjpy,108.8975,108.9005,108.8185,108.8465
2021-05-12 03:00:00+00:00,usdjpy,108.853,108.9085,108.8215,108.8985
2021-05-12 04:00:00+00:00,usdjpy,108.8595,108.8945,108.8345,108.8535
2021-05-12 05:00:00+00:00,usdjpy,108.8535,108.867,108.824,108.8585
2021-05-12 06:00:00+00:00,usdjpy,108.7845,108.8855,108.7605,108.854
2021-05-12 07:00:00+00:00,usdjpy,108.7945,108.7995,108.7545,108.7835
2021-05-12 22:00:00+00:00,usdjpy,109.6665,109.6815,109.6355,109.669
2021-05-12 23:00:00+00:00,usdjpy,109.6645,109.6935,109.6525,109.6655
2021-05-13 00:00:00+00:00,usdjpy,109.6105,109.7865,109.543,109.6685
2021-05-13 01:00:00+00:00,usdjpy,109.5715,109.6245,109.5385,109.61
2021-05-13 03:00:00+00:00,usdjpy,109.719,109.7325,109.6595,109.66
2021-05-13 04:00:00+00:00,usdjpy,109.6935,109.753,109.6675,109.7185
2021-05-13 05:00:00+00:00,usdjpy,109.7105,109.7265,109.6475,109.693
2021-05-13 06:00:00+00:00,usdjpy,109.5725,109.7525,109.546,109.7095
2021-05-13 07:00:00+00:00,usdjpy,109.6725,109.6975,109.4845,109.5715
2021-05-13 08:00:00+00:00,usdjpy,109.5725,109.6735,109.498,109.6665
2021-05-13 09:00:00+00:00,usdjpy,109.5995,109.6085,109.5125,109.571
2021-05-13 10:00:00+00:00,usdjpy,109.6525,109.6775,109.5775,109.6005
2021-05-13 11:00:00+00:00,usdjpy,109.6185,109.6525,109.5375,109.652
2021-05-13 12:00:00+00:00,usdjpy,109.5815,109.6825,109.493,109.6175
2021-05-13 13:00:00+00:00,usdjpy,109.5315,109.6555,109.5025,109.582
2021-05-13 14:00:00+00:00,usdjpy,109.5785,109.6185,109.523,109.531
2021-05-13 15:00:00+00:00,usdjpy,109.5735,109.6365,109.5585,109.579
2021-05-13 16:00:00+00:00,usdjpy,109.4665,109.5845,109.454,109.573
2021-05-13 17:00:00+00:00,usdjpy,109.5225,109.5325,109.4435,109.467
2021-05-13 18:00:00+00:00,usdjpy,109.4555,109.533,109.4145,109.523
2021-05-13 19:00:00+00:00,usdjpy,109.4185,109.4885,109.407,109.455
2021-05-13 20:00:00+00:00,usdjpy,109.4555,109.48,109.4145,109.418
2021-05-13 21:00:00+00:00,usdjpy,109.461,109.478,109.4215,109.463
2021-05-13 22:00:00+00:00,usdjpy,109.4845,109.4915,109.4515,109.4615
2021-05-13 23:00:00+00:00,usdjpy,109.5195,109.5295,109.462,109.4855
2021-05-14 00:00:00+00:00,usdjpy,109.5855,109.6425,109.5125,109.519
2021-05-14 01:00:00+00:00,usdjpy,109.6175,109.6565,109.5795,109.5845
2021-05-14 02:00:00+00:00,usdjpy,109.6075,109.6245,109.5875,109.617
2021-05-14 03:00:00+00:00,usdjpy,109.5645,109.613,109.5585,109.607
2021-05-14 04:00:00+00:00,usdjpy,109.5325,109.5665,109.5105,109.5655
2021-05-14 05:00:00+00:00,usdjpy,109.5025,109.5425,109.5025,109.5315
2021-05-14 06:00:00+00:00,usdjpy,109.3875,109.5125,109.3465,109.5035
2021-05-14 07:00:00+00:00,usdjpy,109.3865,109.4415,109.3405,109.3885
2021-05-14 08:00:00+00:00,usdjpy,109.281,109.4045,109.2575,109.3855
2021-05-14 09:00:00+00:00,usdjpy,109.3525,109.3665,109.2495,109.2815
2021-05-14 10:00:00+00:00,usdjpy,109.3605,109.4075,109.3515,109.352
2021-05-14 11:00:00+00:00,usdjpy,109.3225,109.3905,109.278,109.3615
2021-05-14 12:00:00+00:00,usdjpy,109.3285,109.4175,109.2085,109.322
2021-05-14 13:00:00+00:00,usdjpy,109.2845,109.404,109.2615,109.328
2021-05-14 14:00:00+00:00,usdjpy,109.4235,109.4505,109.2835,109.284
2021-05-14 15:00:00+00:00,usdjpy,109.3745,109.448,109.3475,109.4365
2021-05-14 16:00:00+00:00,usdjpy,109.4105,109.4265,109.354,109.375
2021-05-14 17:00:00+00:00,usdjpy,109.4295,109.4425,109.4115,109.4115
2021-05-14 18:00:00+00:00,usdjpy,109.3495,109.4305,109.3475,109.4305
2021-05-14 19:00:00+00:00,usdjpy,109.3415,109.38,109.3385,109.35
2021-05-14 20:00:00+00:00,usdjpy,109.3275,109.3785,109.3275,109.341
2021-05-16 21:00:00+00:00,usdjpy,109.2795,109.339,109.241,109.3125
2021-05-16 22:00:00+00:00,usdjpy,109.407,109.4085,109.2735,109.282
2021-05-16 23:00:00+00:00,usdjpy,109.4205,109.4235,109.3675,109.4065
2021-05-17 00:00:00+00:00,usdjpy,109.4335,109.5035,109.4125,109.4215
2021-05-17 01:00:00+00:00,usdjpy,109.346,109.446,109.323,109.433
2021-05-17 02:00:00+00:00,usdjpy,109.3375,109.3795,109.32,109.3445
2021-05-17 03:00:00+00:00,usdjpy,109.344,109.3525,109.2695,109.338
2021-05-17 04:00:00+00:00,usdjpy,109.3915,109.4015,109.3315,109.3435
2021-05-17 05:00:00+00:00,usdjpy,109.3375,109.398,109.313,109.3925
2021-05-17 06:00:00+00:00,usdjpy,109.2005,109.3385,109.1715,109.3385
2021-05-17 07:00:00+00:00,usdjpy,109.2515,109.2615,109.147,109.201
2021-05-17 08:00:00+00:00,usdjpy,109.2095,109.3285,109.196,109.251
2021-05-17 09:00:00+00:00,usdjpy,109.2015,109.2475,109.1685,109.209
2021-05-17 10:00:00+00:00,usdjpy,109.132,109.2035,109.0755,109.2025
2021-05-17 11:00:00+00:00,usdjpy,109.2055,109.2105,109.0885,109.1315
2021-05-17 12:00:00+00:00,usdjpy,109.2645,109.2915,109.1575,109.206
2021-05-17 13:00:00+00:00,usdjpy,109.1785,109.2825,109.1275,109.265
2021-05-17 14:00:00+00:00,usdjpy,109.1925,109.2545,109.1635,109.1795
2021-05-17 15:00:00+00:00,usdjpy,109.1745,109.2185,109.1645,109.1895
2021-05-17 16:00:00+00:00,usdjpy,109.1185,109.1815,109.1185,109.175
2021-05-17 17:00:00+00:00,usdjpy,109.1265,109.1325,109.1,109.1175
2021-05-17 18:00:00+00:00,usdjpy,109.1735,109.1805,109.1245,109.1275
2021-05-17 19:00:00+00:00,usdjpy,109.1725,109.2115,109.163,109.174
2021-05-17 20:00:00+00:00,usdjpy,109.2175,109.2485,109.1655,109.1715
2021-05-17 21:00:00+00:00,usdjpy,109.2105,109.2275,109.1905,109.2075
2021-05-17 22:00:00+00:00,usdjpy,109.1975,109.2185,109.1805,109.2095
2021-05-17 23:00:00+00:00,usdjpy,109.2415,109.2435,109.168,109.197
2021-05-18 00:00:00+00:00,usdjpy,109.2125,109.2855,109.1835,109.2425
2021-05-18 01:00:00+00:00,usdjpy,109.1695,109.248,109.1175,109.2135
2021-05-18 02:00:00+00:00,usdjpy,109.1985,109.2075,109.1065,109.17
2021-05-18 03:00:00+00:00,usdjpy,109.1865,109.219,109.1715,109.199
2021-05-18 04:00:00+00:00,usdjpy,109.2055,109.2335,109.1575,109.187
2021-05-18 05:00:00+00:00,usdjpy,109.1425,109.2105,109.1285,109.2065
2021-05-18 06:00:00+00:00,usdjpy,109.0675,109.154,109.0365,109.1435
2021-05-18 07:00:00+00:00,usdjpy,108.966,109.0825,108.9435,109.0685
2021-05-18 08:00:00+00:00,usdjpy,108.8585,108.976,108.8515,108.9665
2021-05-18 09:00:00+00:00,usdjpy,108.9215,108.9485,108.8585,108.8595
2021-05-18 10:00:00+00:00,usdjpy,109.0055,109.0085,108.9195,108.921
2021-05-18 11:00:00+00:00,usdjpy,108.9465,109.07,108.9415,109.0045
2021-05-18 12:00:00+00:00,usdjpy,108.9305,108.946,108.8355,108.946
2021-05-18 13:00:00+00:00,usdjpy,108.945,108.969,108.8755,108.931
2021-05-18 14:00:00+00:00,usdjpy,108.8925,108.9595,108.8405,108.947
2021-05-18 15:00:00+00:00,usdjpy,109.0155,109.0215,108.8865,108.889
2021-05-18 16:00:00+00:00,usdjpy,108.9405,109.0155,108.9405,109.0145
2021-05-18 17:00:00+00:00,usdjpy,108.9055,108.9495,108.8865,108.941
2021-05-18 18:00:00+00:00,usdjpy,108.8675,108.9055,108.8605,108.905
2021-05-18 19:00:00+00:00,usdjpy,108.9025,108.9225,108.8575,108.867
2021-05-18 20:00:00+00:00,usdjpy,108.898,108.9355,108.8855,108.903
2021-05-18 21:00:00+00:00,usdjpy,108.9015,108.9035,108.8765,108.8905
2021-05-18 22:00:00+00:00,usdjpy,108.8925,108.9215,108.8795,108.901
2021-05-18 23:00:00+00:00,usdjpy,108.869,108.9335,108.8315,108.8915
2021-05-19 00:00:00+00:00,usdjpy,109.0045,109.0175,108.8605,108.8685
2021-05-19 01:00:00+00:00,usdjpy,109.052,109.0755,108.9985,109.005
2021-05-19 02:00:00+00:00,usdjpy,108.9535,109.0535,108.9505,109.0525
2021-05-19 03:00:00+00:00,usdjpy,108.9305,108.9825,108.9235,108.9545
2021-05-19 04:00:00+00:00,usdjpy,108.9645,108.9755,108.9035,108.9315
2021-05-19 05:00:00+00:00,usdjpy,108.9445,108.9715,108.9095,108.965
2021-05-19 06:00:00+00:00,usdjpy,108.9665,109.01,108.922,108.9455
2021-05-19 07:00:00+00:00,usdjpy,109.0795,109.117,108.9385,108.966
2021-05-19 08:00:00+00:00,usdjpy,109.0545,109.0985,109.0345,109.0785
2021-05-19 09:00:00+00:00,usdjpy,109.1645,109.1745,109.055,109.055
2021-05-19 10:00:00+00:00,usdjpy,109.249,109.2505,109.1435,109.165
2021-05-19 11:00:00+00:00,usdjpy,109.184,109.3365,109.1735,109.2495
2021-05-19 12:00:00+00:00,usdjpy,109.0265,109.2135,109.0145,109.1845
2021-05-19 13:00:00+00:00,usdjpy,108.773,109.0295,108.7355,109.027
2021-05-19 14:00:00+00:00,usdjpy,108.6005,108.8075,108.5845,108.7725
2021-05-19 15:00:00+00:00,usdjpy,108.7625,108.7695,108.5725,108.6055
2021-05-19 16:00:00+00:00,usdjpy,108.815,108.8195,108.7375,108.7615
2021-05-19 17:00:00+00:00,usdjpy,108.9215,108.954,108.8045,108.8145
2021-05-19 18:00:00+00:00,usdjpy,109.211,109.2985,108.9225,108.9225
2021-05-19 19:00:00+00:00,usdjpy,109.2085,109.281,109.1955,109.2125
2021-05-19 20:00:00+00:00,usdjpy,109.2305,109.238,109.1835,109.213
2021-05-19 21:00:00+00:00,usdjpy,109.1945,109.2205,109.1895,109.2155
2021-05-19 22:00:00+00:00,usdjpy,109.2125,109.217,109.186,109.194
2021-05-19 23:00:00+00:00,usdjpy,109.2645,109.3085,109.2115,109.2115
2021-05-20 00:00:00+00:00,usdjpy,109.2015,109.2975,109.1695,109.2635
2021-05-20 01:00:00+00:00,usdjpy,109.1165,109.2055,109.094,109.201
2021-05-20 02:00:00+00:00,usdjpy,109.149,109.1825,109.1085,109.116
2021-05-20 03:00:00+00:00,usdjpy,109.1375,109.1575,109.1165,109.1485
2021-05-20 04:00:00+00:00,usdjpy,109.162,109.173,109.1195,109.1365
2021-05-20 05:00:00+00:00,usdjpy,109.1475,109.1675,109.1305,109.1615
2021-05-20 06:00:00+00:00,usdjpy,109.1075,109.1545,109.0475,109.147
2021-05-20 07:00:00+00:00,usdjpy,108.9825,109.107,108.9625,109.107
2021-05-20 08:00:00+00:00,usdjpy,108.917,108.9975,108.8755,108.982
2021-05-20 09:00:00+00:00,usdjpy,108.9645,109.0075,108.9175,108.9175
2021-05-20 10:00:00+00:00,usdjpy,109.0055,109.0285,108.9375,108.9635
2021-05-20 11:00:00+00:00,usdjpy,108.9175,109.0175,108.8955,109.005
2021-05-20 12:00:00+00:00,usdjpy,108.9865,109.0265,108.8915,108.9185
2021-05-20 13:00:00+00:00,usdjpy,108.8375,108.9865,108.7905,108.986
2021-05-20 14:00:00+00:00,usdjpy,108.8565,108.865,108.7555,108.8355
2021-05-20 15:00:00+00:00,usdjpy,108.7935,108.8675,108.7505,108.8485
2021-05-20 16:00:00+00:00,usdjpy,108.7915,108.8245,108.766,108.794
2021-05-20 17:00:00+00:00,usdjpy,108.8115,108.8375,108.7695,108.7925
2021-05-20 18:00:00+00:00,usdjpy,108.8055,108.8275,108.7855,108.811
2021-05-20 19:00:00+00:00,usdjpy,108.78,108.8125,108.7775,108.806
2021-05-20 20:00:00+00:00,usdjpy,108.7775,108.8,108.7725,108.7795
2021-05-20 21:00:00+00:00,usdjpy,108.7785,108.79,108.7625,108.7775
2021-05-20 22:00:00+00:00,usdjpy,108.8505,108.8515,108.7735,108.7795
2021-05-20 23:00:00+00:00,usdjpy,108.8645,108.8715,108.8045,108.851
2021-05-21 00:00:00+00:00,usdjpy,108.8315,108.8995,108.793,108.8645
2021-05-21 01:00:00+00:00,usdjpy,108.8505,108.8565,108.8065,108.831
2021-05-21 02:00:00+00:00,usdjpy,108.8595,108.8735,108.8335,108.851
2021-05-21 03:00:00+00:00,usdjpy,108.8605,108.8695,108.852,108.859
2021-05-21 04:00:00+00:00,usdjpy,108.7765,108.8655,108.7375,108.86
2021-05-21 05:00:00+00:00,usdjpy,108.7445,108.785,108.7095,108.777
2021-05-21 06:00:00+00:00,usdjpy,108.7695,108.8025,108.68,108.744
2021-05-21 07:00:00+00:00,usdjpy,108.6975,108.8215,108.6805,108.77
2021-05-21 08:00:00+00:00,usdjpy,108.6365,108.7005,108.6275,108.698
2021-05-21 09:00:00+00:00,usdjpy,108.7005,108.711,108.6125,108.6375
2021-05-21 10:00:00+00:00,usdjpy,108.6835,108.7295,108.6455,108.6995
2021-05-21 11:00:00+00:00,usdjpy,108.8315,108.833,108.6555,108.6825
2021-05-21 12:00:00+00:00,usdjpy,108.7145,108.8315,108.697,108.829
2021-05-21 13:00:00+00:00,usdjpy,108.8925,108.94,108.6795,108.714
2021-05-21 14:00:00+00:00,usdjpy,108.9595,108.988,108.8415,108.8715
2021-05-21 15:00:00+00:00,usdjpy,108.9385,108.9635,108.9115,108.96
2021-05-21 16:00:00+00:00,usdjpy,108.9945,109.0035,108.9145,108.939
2021-05-21 17:00:00+00:00,usdjpy,108.9635,109.0055,108.951,108.9935
2021-05-21 18:00:00+00:00,usdjpy,108.921,108.9625,108.914,108.9625
2021-05-21 19:00:00+00:00,usdjpy,108.9055,108.931,108.8785,108.9215
2021-05-21 20:00:00+00:00,usdjpy,108.898,108.9705,108.8835,108.906
2021-05-23 21:00:00+00:00,usdjpy,108.9185,108.9325,108.899,108.926
2021-05-23 22:00:00+00:00,usdjpy,108.9465,108.9965,108.9155,108.919
2021-05-23 23:00:00+00:00,usdjpy,108.9185,108.9495,108.9025,108.947
2021-05-24 00:00:00+00:00,usdjpy,108.9835,108.986,108.8835,108.918
2021-05-24 01:00:00+00:00,usdjpy,108.923,108.9925,108.9195,108.984
2021-05-24 02:00:00+00:00,usdjpy,108.8765,108.9445,108.876,108.9235
2021-05-24 03:00:00+00:00,usdjpy,108.862,108.8895,108.8455,108.8775
2021-05-24 04:00:00+00:00,usdjpy,108.8455,108.8635,108.8165,108.8615
2021-05-24 05:00:00+00:00,usdjpy,108.7925,108.8455,108.7715,108.8445
2021-05-24 06:00:00+00:00,usdjpy,108.7345,108.792,108.7195,108.792
2021-05-24 07:00:00+00:00,usdjpy,108.7605,108.7825,108.6975,108.734
2021-05-24 08:00:00+00:00,usdjpy,108.916,108.984,108.7425,108.761
2021-05-24 09:00:00+00:00,usdjpy,108.8825,108.9655,108.8655,108.9155
2021-05-24 10:00:00+00:00,usdjpy,108.9005,108.9245,108.8485,108.8835
2021-05-24 11:00:00+00:00,usdjpy,108.9305,108.9825,108.8935,108.9
2021-05-24 12:00:00+00:00,usdjpy,108.9035,108.9415,108.8585,108.9295
2021-05-24 13:00:00+00:00,usdjpy,108.7845,108.9415,108.7515,108.9025
2021-05-24 14:00:00+00:00,usdjpy,108.7385,108.7995,108.706,108.784
2021-05-24 15:00:00+00:00,usdjpy,108.8115,108.8155,108.7135,108.743
2021-05-24 16:00:00+00:00,usdjpy,108.7915,108.8315,108.7845,108.8125
2021-05-24 17:00:00+00:00,usdjpy,108.7705,108.8185,108.7695,108.7905
2021-05-24 18:00:00+00:00,usdjpy,108.7835,108.7945,108.7655,108.771
2021-05-24 19:00:00+00:00,usdjpy,108.7765,108.7875,108.7685,108.7835
2021-05-24 20:00:00+00:00,usdjpy,108.7485,108.7825,108.744,108.7755
2021-05-24 21:00:00+00:00,usdjpy,108.7635,108.7705,108.7365,108.7415
2021-05-24 22:00:00+00:00,usdjpy,108.8105,108.8125,108.7555,108.764
2021-05-24 23:00:00+00:00,usdjpy,108.8525,108.865,108.8045,108.811
2021-05-25 00:00:00+00:00,usdjpy,108.79,108.8505,108.74,108.8505
2021-05-25 01:00:00+00:00,usdjpy,108.7515,108.7905,108.6845,108.7905
2021-05-25 02:00:00+00:00,usdjpy,108.7255,108.7695,108.698,108.751
2021-05-25 03:00:00+00:00,usdjpy,108.7095,108.7305,108.7055,108.725
2021-05-25 04:00:00+00:00,usdjpy,108.7165,108.7625,108.6895,108.7105
2021-05-25 05:00:00+00:00,usdjpy,108.75,108.7875,108.7155,108.716
2021-05-25 06:00:00+00:00,usdjpy,108.6705,108.7755,108.6255,108.7505
2021-05-25 07:00:00+00:00,usdjpy,108.7275,108.7295,108.5605,108.67
2021-05-25 08:00:00+00:00,usdjpy,108.7395,108.8415,108.716,108.727
2021-05-25 09:00:00+00:00,usdjpy,108.8085,108.8435,108.7255,108.739
2021-05-25 10:00:00+00:00,usdjpy,108.9275,108.9565,108.8045,108.808
2021-05-25 11:00:00+00:00,usdjpy,108.8715,108.9695,108.8645,108.928
2021-05-25 12:00:00+00:00,usdjpy,108.983,109.052,108.8385,108.8725
2021-05-25 13:00:00+00:00,usdjpy,108.919,109.0725,108.9165,108.9825
2021-05-25 14:00:00+00:00,usdjpy,108.927,108.9965,108.8655,108.9195
2021-05-25 15:00:00+00:00,usdjpy,108.9585,108.998,108.8895,108.928
2021-05-25 16:00:00+00:00,usdjpy,108.8885,109.0165,108.8865,108.959
2021-05-25 17:00:00+00:00,usdjpy,108.7785,108.8955,108.7655,108.8875
2021-05-25 18:00:00+00:00,usdjpy,108.7095,108.779,108.7075,108.778
2021-05-25 19:00:00+00:00,usdjpy,108.7405,108.7485,108.7005,108.709
2021-05-25 20:00:00+00:00,usdjpy,108.7765,108.7845,108.731,108.7415
2021-05-25 21:00:00+00:00,usdjpy,108.7645,108.792,108.757,108.7825
2021-05-25 22:00:00+00:00,usdjpy,108.7865,108.819,108.757,108.7635
2021-05-25 23:00:00+00:00,usdjpy,108.7935,108.8165,108.7685,108.7875
2021-05-26 00:00:00+00:00,usdjpy,108.7675,108.829,108.7355,108.794
2021-05-26 01:00:00+00:00,usdjpy,108.77,108.7795,108.7245,108.768
2021-05-26 02:00:00+00:00,usdjpy,108.7685,108.77,108.7255,108.7695
2021-05-26 03:00:00+00:00,usdjpy,108.8055,108.8135,108.7645,108.7675
2021-05-26 04:00:00+00:00,usdjpy,108.7785,108.8215,108.7565,108.804
2021-05-26 05:00:00+00:00,usdjpy,108.7985,108.8125,108.7605,108.778
2021-05-26 06:00:00+00:00,usdjpy,108.8715,108.8895,108.7885,108.799
2021-05-26 07:00:00+00:00,usdjpy,108.8335,108.9025,108.8275,108.872
2021-05-26 08:00:00+00:00,usdjpy,108.8635,108.8955,108.7995,108.834
2021-05-26 09:00:00+00:00,usdjpy,108.8955,108.9375,108.8595,108.864
2021-05-26 10:00:00+00:00,usdjpy,108.8605,108.9105,108.8575,108.895
2021-05-26 11:00:00+00:00,usdjpy,108.9055,108.9175,108.8525,108.86
2021-05-26 12:00:00+00:00,usdjpy,108.9265,108.9285,108.864,108.906
2021-05-26 13:00:00+00:00,usdjpy,108.9415,109.0585,108.9095,108.926
2021-05-26 14:00:00+00:00,usdjpy,109.0245,109.033,108.8705,108.942
2021-05-26 15:00:00+00:00,usdjpy,109.1065,109.1455,109.0005,109.025
2021-05-26 16:00:00+00:00,usdjpy,109.09,109.1205,109.0625,109.1055
2021-05-26 17:00:00+00:00,usdjpy,109.1505,109.1795,109.0735,109.0905
2021-05-26 18:00:00+00:00,usdjpy,109.1285,109.174,109.124,109.1515
2021-05-26 19:00:00+00:00,usdjpy,109.1435,109.1655,109.109,109.1275
2021-05-26 20:00:00+00:00,usdjpy,109.1515,109.1545,109.1265,109.144
2021-05-26 21:00:00+00:00,usdjpy,109.1355,109.1405,109.1155,109.128
2021-05-26 22:00:00+00:00,usdjpy,109.1245,109.145,109.1165,109.135
2021-05-26 23:00:00+00:00,usdjpy,109.1715,109.1795,109.1235,109.1235
2021-05-27 00:00:00+00:00,usdjpy,109.1615,109.2105,109.1305,109.1725
2021-05-27 01:00:00+00:00,usdjpy,109.1365,109.2075,109.1335,109.1605
2021-05-27 02:00:00+00:00,usdjpy,109.0755,109.1445,109.0505,109.1355
2021-05-27 03:00:00+00:00,usdjpy,109.0585,109.1085,109.0425,109.076
2021-05-27 04:00:00+00:00,usdjpy,109.0965,109.1075,109.0435,109.058
2021-05-27 05:00:00+00:00,usdjpy,109.0775,109.1425,109.074,109.0965
2021-05-27 06:00:00+00:00,usdjpy,109.1305,109.1565,109.0385,109.0765
2021-05-27 07:00:00+00:00,usdjpy,109.1015,109.1385,109.0765,109.1295
2021-05-27 08:00:00+00:00,usdjpy,109.1785,109.1955,109.0545,109.1005
2021-05-27 09:00:00+00:00,usdjpy,109.2035,109.205,109.156,109.1775
2021-05-27 10:00:00+00:00,usdjpy,109.1485,109.2035,109.1325,109.2025
2021-05-27 11:00:00+00:00,usdjpy,109.2315,109.2575,109.0845,109.1475
2021-05-27 12:00:00+00:00,usdjpy,109.3565,109.3995,109.2195,109.231
2021-05-27 13:00:00+00:00,usdjpy,109.4915,109.5475,109.3455,109.357
2021-05-27 14:00:00+00:00,usdjpy,109.6975,109.6975,109.4515,109.4935
2021-05-27 15:00:00+00:00,usdjpy,109.8215,109.8545,109.672,109.6965
2021-05-27 16:00:00+00:00,usdjpy,109.878,109.9245,109.8125,109.821
2021-05-27 17:00:00+00:00,usdjpy,109.8475,109.8835,109.8295,109.8785
2021-05-27 18:00:00+00:00,usdjpy,109.7885,109.8605,109.7585,109.848
2021-05-27 19:00:00+00:00,usdjpy,109.783,109.7995,109.7625,109.7875
2021-05-27 20:00:00+00:00,usdjpy,109.796,109.8455,109.7805,109.7825
2021-05-27 21:00:00+00:00,usdjpy,109.8415,109.843,109.7885,109.7985
2021-05-27 22:00:00+00:00,usdjpy,109.858,109.8655,109.8095,109.841
2021-05-27 23:00:00+00:00,usdjpy,109.8105,109.8625,109.8105,109.8575
2021-05-28 00:00:00+00:00,usdjpy,109.9275,109.9595,109.8125,109.8125
2021-05-28 01:00:00+00:00,usdjpy,109.8985,109.9515,109.8875,109.9265
2021-05-28 02:00:00+00:00,usdjpy,109.8665,109.9265,109.8585,109.8995
2021-05-28 03:00:00+00:00,usdjpy,109.9115,109.9415,109.8665,109.867
2021-05-28 04:00:00+00:00,usdjpy,109.8525,109.9225,109.8185,109.9125
2021-05-28 05:00:00+00:00,usdjpy,109.9045,109.9305,109.8475,109.853
2021-05-28 06:00:00+00:00,usdjpy,109.8935,109.944,109.8555,109.9055
2021-05-28 07:00:00+00:00,usdjpy,109.893,109.9575,109.866,109.893
2021-05-28 08:00:00+00:00,usdjpy,109.8475,109.8965,109.7975,109.8925
2021-05-28 09:00:00+00:00,usdjpy,109.8935,109.9045,109.8205,109.8485
2021-05-28 10:00:00+00:00,usdjpy,109.9265,109.9275,109.8525,109.8945
2021-05-28 11:00:00+00:00,usdjpy,110.0435,110.083,109.9175,109.9255
2021-05-28 12:00:00+00:00,usdjpy,110.1965,110.1995,109.968,110.0475
2021-05-28 13:00:00+00:00,usdjpy,110.0015,110.2005,109.9745,110.197
2021-05-28 14:00:00+00:00,usdjpy,109.9725,110.0445,109.9115,110.0025
2021-05-28 15:00:00+00:00,usdjpy,109.8495,109.9905,109.8145,109.9715
2021-05-28 16:00:00+00:00,usdjpy,109.7785,109.849,109.766,109.849
2021-05-28 17:00:00+00:00,usdjpy,109.7905,109.8015,109.745,109.778
2021-05-28 18:00:00+00:00,usdjpy,109.8095,109.8365,109.7775,109.79
2021-05-28 19:00:00+00:00,usdjpy,109.8465,109.8485,109.7825,109.81
2021-05-28 20:00:00+00:00,usdjpy,109.8545,109.8805,109.826,109.8475
2021-05-30 21:00:00+00:00,usdjpy,109.8355,109.8545,109.8185,109.8285
2021-05-30 22:00:00+00:00,usdjpy,109.87,109.8725,109.8315,109.835
2021-05-30 23:00:00+00:00,usdjpy,109.9105,109.9355,109.8585,109.8695
2021-05-31 00:00:00+00:00,usdjpy,109.7675,109.9355,109.7425,109.911
2021-05-31 01:00:00+00:00,usdjpy,109.715,109.821,109.652,109.768
2021-05-31 02:00:00+00:00,usdjpy,109.652,109.7245,109.6375,109.7155
2021-05-31 03:00:00+00:00,usdjpy,109.6905,109.6925,109.6435,109.6525
2021-05-31 04:00:00+00:00,usdjpy,109.6675,109.6925,109.6435,109.691
2021-05-31 05:00:00+00:00,usdjpy,109.7415,109.7535,109.6485,109.6665
2021-05-31 06:00:00+00:00,usdjpy,109.7585,109.7965,109.7265,109.741
2021-05-31 07:00:00+00:00,usdjpy,109.7145,109.7635,109.6635,109.758
2021-05-31 08:00:00+00:00,usdjpy,109.6645,109.749,109.6635,109.715
2021-05-31 09:00:00+00:00,usdjpy,109.712,109.7165,109.6415,109.665
2021-05-31 10:00:00+00:00,usdjpy,109.6775,109.7305,109.6675,109.7115
2021-05-31 11:00:00+00:00,usdjpy,109.6565,109.693,109.6565,109.6785
2021-06-01 02:00:00+00:00,usdjpy,109.3925,109.4435,109.3785,109.392
2021-06-01 03:00:00+00:00,usdjpy,109.4495,109.467,109.3915,109.3935
2021-06-01 04:00:00+00:00,usdjpy,109.5135,109.5165,109.4435,109.4475
2021-06-01 05:00:00+00:00,usdjpy,109.4725,109.5345,109.4675,109.513
2021-06-01 06:00:00+00:00,usdjpy,109.478,109.4965,109.419,109.473
2021-06-01 07:00:00+00:00,usdjpy,109.488,109.5405,109.4285,109.4775
2021-06-01 08:00:00+00:00,usdjpy,109.577,109.6435,109.4875,109.4885
2021-06-01 09:00:00+00:00,usdjpy,109.6015,109.6145,109.5585,109.5775
2021-06-01 10:00:00+00:00,usdjpy,109.5885,109.6805,109.5605,109.6025
2021-06-01 11:00:00+00:00,usdjpy,109.6315,109.6575,109.5805,109.588
2021-06-01 12:00:00+00:00,usdjpy,109.6445,109.7085,109.6185,109.632
2021-06-01 13:00:00+00:00,usdjpy,109.543,109.6705,109.492,109.6435
2021-06-01 14:00:00+00:00,usdjpy,109.4185,109.5785,109.3415,109.5435
2021-06-01 15:00:00+00:00,usdjpy,109.4325,109.4345,109.3675,109.4175
2021-06-01 16:00:00+00:00,usdjpy,109.4375,109.4765,109.4135,109.433
2021-06-01 17:00:00+00:00,usdjpy,109.408,109.4575,109.402,109.437
2021-06-01 18:00:00+00:00,usdjpy,109.4235,109.4275,109.3905,109.4075
2021-06-01 19:00:00+00:00,usdjpy,109.4865,109.4865,109.4165,109.4245
2021-06-01 20:00:00+00:00,usdjpy,109.4785,109.5035,109.4675,109.486
2021-06-01 21:00:00+00:00,usdjpy,109.4695,109.5015,109.4255,109.479
2021-06-01 22:00:00+00:00,usdjpy,109.4715,109.4935,109.467,109.4705
2021-06-01 23:00:00+00:00,usdjpy,109.497,109.5095,109.4555,109.472
2021-06-02 00:00:00+00:00,usdjpy,109.6275,109.6445,109.4825,109.4965
2021-06-02 01:00:00+00:00,usdjpy,109.6045,109.6585,109.5715,109.627
2021-06-02 02:00:00+00:00,usdjpy,109.6075,109.628,109.5895,109.605
2021-06-02 03:00:00+00:00,usdjpy,109.6225,109.6455,109.5865,109.608
2021-06-02 04:00:00+00:00,usdjpy,109.6935,109.7005,109.6045,109.6215
2021-06-02 05:00:00+00:00,usdjpy,109.7145,109.7285,109.6675,109.693
2021-06-02 06:00:00+00:00,usdjpy,109.7365,109.7765,109.7075,109.715
2021-06-02 07:00:00+00:00,usdjpy,109.7735,109.7855,109.684,109.736
2021-06-02 08:00:00+00:00,usdjpy,109.8565,109.8855,109.7505,109.7725
2021-06-02 09:00:00+00:00,usdjpy,109.7775,109.8755,109.7765,109.8555
2021-06-02 10:00:00+00:00,usdjpy,109.8535,109.8615,109.7665,109.778
2021-06-02 11:00:00+00:00,usdjpy,109.7905,109.8845,109.7885,109.8545
2021-06-02 12:00:00+00:00,usdjpy,109.73,109.7975,109.6865,109.791
2021-06-02 13:00:00+00:00,usdjpy,109.662,109.76,109.6245,109.7295
2021-06-02 14:00:00+00:00,usdjpy,109.6225,109.6985,109.6165,109.662
2021-06-02 15:00:00+00:00,usdjpy,109.6025,109.6415,109.5655,109.6235
2021-06-02 16:00:00+00:00,usdjpy,109.6255,109.6295,109.5785,109.602
2021-06-02 17:00:00+00:00,usdjpy,109.5665,109.6385,109.5645,109.626
2021-06-02 18:00:00+00:00,usdjpy,109.5665,109.5755,109.5295,109.567
2021-06-02 19:00:00+00:00,usdjpy,109.5505,109.5855,109.5325,109.567
2021-06-02 20:00:00+00:00,usdjpy,109.5505,109.5825,109.5455,109.5515
2021-06-02 21:00:00+00:00,usdjpy,109.566,109.575,109.5505,109.5625
2021-06-02 22:00:00+00:00,usdjpy,109.5895,109.6095,109.5545,109.5665
2021-06-02 23:00:00+00:00,usdjpy,109.5975,109.616,109.5785,109.589
2021-06-03 00:00:00+00:00,usdjpy,109.6125,109.6515,109.5695,109.5965
2021-06-03 01:00:00+00:00,usdjpy,109.6525,109.6925,109.6055,109.613
2021-06-03 02:00:00+00:00,usdjpy,109.6805,109.6925,109.6375,109.653
2021-06-03 03:00:00+00:00,usdjpy,109.6795,109.6945,109.6585,109.681
2021-06-03 04:00:00+00:00,usdjpy,109.7175,109.7265,109.677,109.68
2021-06-03 05:00:00+00:00,usdjpy,109.7685,109.7775,109.7165,109.717
2021-06-03 06:00:00+00:00,usdjpy,109.7725,109.7785,109.7555,109.769
2021-06-03 07:00:00+00:00,usdjpy,109.8355,109.84,109.7395,109.7955
2021-06-03 08:00:00+00:00,usdjpy,109.793,109.8465,109.7425,109.836
2021-06-03 09:00:00+00:00,usdjpy,109.7645,109.811,109.7385,109.7935
2021-06-03 10:00:00+00:00,usdjpy,109.7645,109.7695,109.6265,109.765
2021-06-03 11:00:00+00:00,usdjpy,109.7975,109.821,109.7325,109.765
2021-06-03 12:00:00+00:00,usdjpy,109.904,109.983,109.7665,109.7985
2021-06-03 13:00:00+00:00,usdjpy,110.078,110.1095,109.9035,109.905
2021-06-03 14:00:00+00:00,usdjpy,110.1565,110.1745,110.0415,110.0775
2021-06-03 15:00:00+00:00,usdjpy,110.2415,110.25,110.1295,110.157
2021-06-03 16:00:00+00:00,usdjpy,110.2765,110.3165,110.2315,110.232
2021-06-03 17:00:00+00:00,usdjpy,110.2715,110.3035,110.2395,110.277
2021-06-03 18:00:00+00:00,usdjpy,110.3045,110.3045,110.2475,110.2725
2021-06-03 19:00:00+00:00,usdjpy,110.273,110.3105,110.2485,110.3035
2021-06-03 20:00:00+00:00,usdjpy,110.2905,110.323,110.2715,110.2725
2021-06-03 21:00:00+00:00,usdjpy,110.2985,110.3145,110.277,110.2905
2021-06-03 22:00:00+00:00,usdjpy,110.298,110.3305,110.2955,110.2995
2021-06-03 23:00:00+00:00,usdjpy,110.2915,110.3025,110.247,110.2985
2021-06-04 00:00:00+00:00,usdjpy,110.2295,110.3295,110.1975,110.2925
2021-06-04 01:00:00+00:00,usdjpy,110.2175,110.2375,110.143,110.23
2021-06-04 02:00:00+00:00,usdjpy,110.1695,110.2295,110.1495,110.218
2021-06-04 03:00:00+00:00,usdjpy,110.2335,110.234,110.1565,110.169
2021-06-04 04:00:00+00:00,usdjpy,110.2665,110.2735,110.2155,110.234
2021-06-04 05:00:00+00:00,usdjpy,110.2755,110.285,110.234,110.267
2021-06-04 06:00:00+00:00,usdjpy,110.2075,110.2815,110.207,110.2765
2021-06-04 07:00:00+00:00,usdjpy,110.1895,110.2315,110.1635,110.2065
2021-06-04 08:00:00+00:00,usdjpy,110.1435,110.2055,110.136,110.1885
2021-06-04 09:00:00+00:00,usdjpy,110.1165,110.1795,110.1035,110.144
2021-06-04 10:00:00+00:00,usdjpy,110.1425,110.1635,110.1045,110.116
2021-06-04 11:00:00+00:00,usdjpy,110.1025,110.1655,110.091,110.143
2021-06-04 12:00:00+00:00,usdjpy,109.9375,110.1355,109.7645,110.1015
2021-06-04 13:00:00+00:00,usdjpy,109.6965,109.9815,109.6785,109.937
2021-06-04 14:00:00+00:00,usdjpy,109.511,109.7635,109.4715,109.6955
2021-06-04 15:00:00+00:00,usdjpy,109.4935,109.5475,109.3685,109.524
2021-06-04 16:00:00+00:00,usdjpy,109.4955,109.509,109.4245,109.494
2021-06-04 17:00:00+00:00,usdjpy,109.5045,109.5375,109.4915,109.4965
2021-06-04 18:00:00+00:00,usdjpy,109.508,109.537,109.4995,109.5055
2021-06-04 19:00:00+00:00,usdjpy,109.5085,109.5605,109.4975,109.5075
2021-06-04 20:00:00+00:00,usdjpy,109.5095,109.552,109.4745,109.5075
2021-06-07 03:00:00+00:00,usdjpy,109.5675,109.5835,109.5425,109.5765
2021-06-07 04:00:00+00:00,usdjpy,109.428,109.5745,109.3825,109.5665
2021-06-07 05:00:00+00:00,usdjpy,109.5245,109.5265,109.4275,109.4285
2021-06-07 06:00:00+00:00,usdjpy,109.5465,109.5655,109.4455,109.524
2021-06-07 07:00:00+00:00,usdjpy,109.4245,109.5945,109.4205,109.546
2021-06-07 08:00:00+00:00,usdjpy,109.3685,109.4985,109.352,109.4235
2021-06-07 09:00:00+00:00,usdjpy,109.4345,109.4595,109.3675,109.3675
2021-06-07 10:00:00+00:00,usdjpy,109.4165,109.4855,109.3985,109.434
2021-06-07 11:00:00+00:00,usdjpy,109.3035,109.4285,109.2505,109.417
2021-06-07 12:00:00+00:00,usdjpy,109.2845,109.3645,109.2445,109.3025
2021-06-07 13:00:00+00:00,usdjpy,109.2015,109.3,109.1925,109.285
2021-06-07 14:00:00+00:00,usdjpy,109.2905,109.3155,109.1955,109.2025
2021-06-07 15:00:00+00:00,usdjpy,109.2605,109.3065,109.2335,109.2895
2021-06-07 16:00:00+00:00,usdjpy,109.282,109.3015,109.2455,109.261
2021-06-07 17:00:00+00:00,usdjpy,109.2555,109.3015,109.2445,109.2825
2021-06-07 18:00:00+00:00,usdjpy,109.254,109.2665,109.2345,109.256
2021-06-07 19:00:00+00:00,usdjpy,109.2465,109.2685,109.231,109.2545
2021-06-07 20:00:00+00:00,usdjpy,109.2555,109.272,109.2465,109.2475
2021-06-07 21:00:00+00:00,usdjpy,109.2535,109.2705,109.2445,109.251
2021-06-07 22:00:00+00:00,usdjpy,109.2575,109.2715,109.2455,109.2545
2021-06-07 23:00:00+00:00,usdjpy,109.2745,109.2845,109.256,109.2565
2021-06-08 00:00:00+00:00,usdjpy,109.3875,109.4425,109.1995,109.274
2021-06-08 01:00:00+00:00,usdjpy,109.3975,109.425,109.3565,109.3865
2021-06-08 02:00:00+00:00,usdjpy,109.3645,109.4245,109.3405,109.398
2021-06-08 03:00:00+00:00,usdjpy,109.4195,109.4225,109.3625,109.3655
2021-06-08 04:00:00+00:00,usdjpy,109.4135,109.4325,109.3965,109.4205
2021-06-08 05:00:00+00:00,usdjpy,109.483,109.4895,109.4105,109.414
2021-06-08 06:00:00+00:00,usdjpy,109.4525,109.4835,109.4135,109.4835
2021-06-08 07:00:00+00:00,usdjpy,109.5245,109.5385,109.39,109.453
2021-06-08 08:00:00+00:00,usdjpy,109.486,109.5495,109.4805,109.525
2021-06-08 09:00:00+00:00,usdjpy,109.5375,109.5525,109.4755,109.4855
2021-06-08 10:00:00+00:00,usdjpy,109.4715,109.5585,109.3675,109.5385
2021-06-08 11:00:00+00:00,usdjpy,109.4095,109.5015,109.3925,109.4705
2021-06-08 12:00:00+00:00,usdjpy,109.3935,109.4285,109.2755,109.41
2021-06-08 13:00:00+00:00,usdjpy,109.4685,109.5025,109.3265,109.394
2021-06-08 14:00:00+00:00,usdjpy,109.4115,109.513,109.3725,109.4675
2021-06-08 15:00:00+00:00,usdjpy,109.47,109.5035,109.4035,109.411
2021-06-08 16:00:00+00:00,usdjpy,109.495,109.4955,109.466,109.4705
2021-06-08 17:00:00+00:00,usdjpy,109.4925,109.5155,109.4735,109.4955
2021-06-08 18:00:00+00:00,usdjpy,109.5005,109.502,109.4555,109.492
2021-06-08 19:00:00+00:00,usdjpy,109.4715,109.515,109.4635,109.4995
2021-06-08 20:00:00+00:00,usdjpy,109.5015,109.5065,109.4655,109.4725
2021-06-08 21:00:00+00:00,usdjpy,109.4865,109.5205,109.4865,109.4975
2021-06-08 22:00:00+00:00,usdjpy,109.4945,109.513,109.4855,109.487
2021-06-08 23:00:00+00:00,usdjpy,109.4715,109.5065,109.46,109.495
2021-06-09 00:00:00+00:00,usdjpy,109.45,109.4905,109.4125,109.4725
2021-06-09 01:00:00+00:00,usdjpy,109.4345,109.4635,109.4065,109.4505
2021-06-09 02:00:00+00:00,usdjpy,109.4405,109.467,109.4135,109.4355
2021-06-09 03:00:00+00:00,usdjpy,109.4795,109.486,109.423,109.44
2021-06-09 04:00:00+00:00,usdjpy,109.481,109.5065,109.4635,109.4805
2021-06-09 05:00:00+00:00,usdjpy,109.4735,109.4955,109.4545,109.4805
2021-06-09 06:00:00+00:00,usdjpy,109.404,109.483,109.3285,109.4725
2021-06-09 07:00:00+00:00,usdjpy,109.453,109.479,109.395,109.4045
2021-06-09 08:00:00+00:00,usdjpy,109.4815,109.506,109.3815,109.4525
2021-06-09 09:00:00+00:00,usdjpy,109.4545,109.5105,109.4535,109.481
2021-06-09 10:00:00+00:00,usdjpy,109.461,109.4765,109.4295,109.455
2021-06-09 11:00:00+00:00,usdjpy,109.3875,109.4775,109.3555,109.4605
2021-06-09 12:00:00+00:00,usdjpy,109.4035,109.4245,109.3555,109.387
2021-06-09 13:00:00+00:00,usdjpy,109.2975,109.403,109.2265,109.403
2021-06-09 14:00:00+00:00,usdjpy,109.6085,109.6485,109.2785,109.2965
2021-06-09 15:00:00+00:00,usdjpy,109.619,109.627,109.5705,109.6075
2021-06-09 16:00:00+00:00,usdjpy,109.6505,109.6515,109.6175,109.6195
2021-06-09 17:00:00+00:00,usdjpy,109.6035,109.6515,109.5975,109.651
2021-06-09 18:00:00+00:00,usdjpy,109.571,109.616,109.5665,109.604
2021-06-09 19:00:00+00:00,usdjpy,109.6205,109.6595,109.5585,109.5715
2021-06-09 20:00:00+00:00,usdjpy,109.625,109.6455,109.6115,109.621
2021-06-09 21:00:00+00:00,usdjpy,109.6255,109.6365,109.6095,109.6335
2021-06-09 22:00:00+00:00,usdjpy,109.6355,109.6615,109.6115,109.6245
2021-06-09 23:00:00+00:00,usdjpy,109.6145,109.6435,109.609,109.635
2021-06-10 00:00:00+00:00,usdjpy,109.6225,109.6805,109.581,109.614
2021-06-10 01:00:00+00:00,usdjpy,109.5305,109.6285,109.5195,109.6235
2021-06-10 02:00:00+00:00,usdjpy,109.569,109.5835,109.5285,109.53
2021-06-10 03:00:00+00:00,usdjpy,109.5495,109.5775,109.5355,109.5695
2021-06-10 04:00:00+00:00,usdjpy,109.5775,109.5815,109.548,109.5485
2021-06-10 05:00:00+00:00,usdjpy,109.5525,109.5795,109.534,109.578
2021-06-10 06:00:00+00:00,usdjpy,109.4845,109.569,109.4515,109.552
2021-06-10 07:00:00+00:00,usdjpy,109.5535,109.5725,109.4535,109.484
2021-06-10 08:00:00+00:00,usdjpy,109.4885,109.5655,109.4765,109.554
2021-06-10 09:00:00+00:00,usdjpy,109.5125,109.5295,109.4565,109.4875
2021-06-10 10:00:00+00:00,usdjpy,109.4845,109.527,109.4715,109.5135
2021-06-10 11:00:00+00:00,usdjpy,109.5085,109.5495,109.4565,109.4835
2021-06-10 12:00:00+00:00,usdjpy,109.6305,109.735,109.5055,109.509
2021-06-10 13:00:00+00:00,usdjpy,109.6295,109.7665,109.5705,109.631
2021-06-10 14:00:00+00:00,usdjpy,109.6815,109.797,109.6,109.6285
2021-06-10 15:00:00+00:00,usdjpy,109.4525,109.6965,109.426,109.682
2021-06-10 16:00:00+00:00,usdjpy,109.5115,109.6235,109.4225,109.4515
2021-06-10 17:00:00+00:00,usdjpy,109.4325,109.5035,109.4105,109.503
2021-06-10 18:00:00+00:00,usdjpy,109.4265,109.4645,109.4195,109.433
2021-06-10 19:00:00+00:00,usdjpy,109.3205,109.432,109.3185,109.426
2021-06-10 20:00:00+00:00,usdjpy,109.3335,109.3425,109.3085,109.32
2021-06-10 21:00:00+00:00,usdjpy,109.349,109.3715,109.3195,109.3265
2021-06-10 22:00:00+00:00,usdjpy,109.384,109.4025,109.339,109.348
2021-06-10 23:00:00+00:00,usdjpy,109.3945,109.4095,109.3575,109.385
2021-06-11 00:00:00+00:00,usdjpy,109.4185,109.4555,109.348,109.3955
2021-06-11 01:00:00+00:00,usdjpy,109.3895,109.4445,109.3745,109.419
2021-06-11 02:00:00+00:00,usdjpy,109.3955,109.4225,109.382,109.3885
2021-06-11 03:00:00+00:00,usdjpy,109.4025,109.41,109.3815,109.395
2021-06-11 04:00:00+00:00,usdjpy,109.4045,109.4075,109.3815,109.4015
2021-06-11 05:00:00+00:00,usdjpy,109.4185,109.4375,109.389,109.404
2021-06-11 06:00:00+00:00,usdjpy,109.4145,109.4425,109.3755,109.418
2021-06-11 07:00:00+00:00,usdjpy,109.4295,109.486,109.3175,109.414
2021-06-11 08:00:00+00:00,usdjpy,109.547,109.5705,109.4105,109.43
2021-06-11 09:00:00+00:00,usdjpy,109.5365,109.5675,109.487,109.5465
2021-06-11 10:00:00+00:00,usdjpy,109.4695,109.5475,109.4465,109.5355
2021-06-11 11:00:00+00:00,usdjpy,109.569,109.5885,109.4445,109.47
2021-06-11 12:00:00+00:00,usdjpy,109.6315,109.646,109.5595,109.5685
2021-06-11 13:00:00+00:00,usdjpy,109.7045,109.7405,109.5995,109.6325
2021-06-11 14:00:00+00:00,usdjpy,109.7745,109.8415,109.6605,109.705
2021-06-11 15:00:00+00:00,usdjpy,109.7525,109.8335,109.716,109.775
2021-06-11 16:00:00+00:00,usdjpy,109.6875,109.7715,109.6775,109.752
2021-06-11 17:00:00+00:00,usdjpy,109.7125,109.719,109.6875,109.688
2021-06-11 18:00:00+00:00,usdjpy,109.7095,109.7575,109.7075,109.713
2021-06-11 19:00:00+00:00,usdjpy,109.665,109.718,109.6575,109.709
2021-06-11 20:00:00+00:00,usdjpy,109.665,109.6975,109.6475,109.6655
2021-06-13 21:00:00+00:00,usdjpy,109.6485,109.6585,109.6355,109.6515
2021-06-13 22:00:00+00:00,usdjpy,109.7275,109.7355,109.6495,109.6495
2021-06-13 23:00:00+00:00,usdjpy,109.7175,109.7365,109.703,109.728
2021-06-14 00:00:00+00:00,usdjpy,109.8195,109.8235,109.6925,109.7185
2021-06-14 01:00:00+00:00,usdjpy,109.7715,109.8335,109.7625,109.819
2021-06-14 02:00:00+00:00,usdjpy,109.7305,109.7805,109.7305,109.772
2021-06-14 03:00:00+00:00,usdjpy,109.776,109.776,109.776,109.776
2021-06-14 04:00:00+00:00,usdjpy,109.76,109.7825,109.7475,109.77
2021-06-14 05:00:00+00:00,usdjpy,109.7485,109.7815,109.7215,109.7595
2021-06-14 06:00:00+00:00,usdjpy,109.6905,109.7575,109.653,109.7475
2021-06-14 07:00:00+00:00,usdjpy,109.6925,109.7225,109.634,109.691
2021-06-14 08:00:00+00:00,usdjpy,109.6565,109.7045,109.6235,109.693
2021-06-14 09:00:00+00:00,usdjpy,109.6685,109.6745,109.6125,109.656
2021-06-14 10:00:00+00:00,usdjpy,109.6745,109.7175,109.6445,109.668
2021-06-14 11:00:00+00:00,usdjpy,109.756,109.7645,109.6725,109.674
2021-06-14 12:00:00+00:00,usdjpy,109.7565,109.792,109.7155,109.7565
2021-06-14 13:00:00+00:00,usdjpy,109.9115,109.9535,109.7445,109.756
2021-06-14 14:00:00+00:00,usdjpy,109.9855,109.9875,109.8915,109.911
2021-06-14 15:00:00+00:00,usdjpy,109.9885,110.0015,109.956,109.992
2021-06-14 16:00:00+00:00,usdjpy,110.0195,110.0195,109.9825,109.988
2021-06-14 17:00:00+00:00,usdjpy,110.0425,110.0425,110.0085,110.019
2021-06-14 18:00:00+00:00,usdjpy,110.0955,110.0965,110.0415,110.043
2021-06-14 19:00:00+00:00,usdjpy,110.0525,110.0995,110.0525,110.095
2021-06-14 20:00:00+00:00,usdjpy,110.0675,110.0955,110.0505,110.0515
2021-06-14 21:00:00+00:00,usdjpy,110.0755,110.0805,110.0645,110.0675
2021-06-14 22:00:00+00:00,usdjpy,110.0535,110.0775,110.0505,110.076
2021-06-14 23:00:00+00:00,usdjpy,110.0445,110.0705,110.0285,110.054
2021-06-15 00:00:00+00:00,usdjpy,110.0835,110.109,110.0275,110.0435
2021-06-15 01:00:00+00:00,usdjpy,110.123,110.1245,110.0595,110.0845
2021-06-15 02:00:00+00:00,usdjpy,110.114,110.1535,110.0965,110.1235
2021-06-15 03:00:00+00:00,usdjpy,110.0985,110.12,110.0905,110.1135
2021-06-15 04:00:00+00:00,usdjpy,110.0865,110.101,110.0605,110.0975
2021-06-15 05:00:00+00:00,usdjpy,110.035,110.1035,110.0345,110.087
2021-06-15 06:00:00+00:00,usdjpy,110.0895,110.1105,110.031,110.0355
2021-06-15 07:00:00+00:00,usdjpy,110.0475,110.091,109.9885,110.0905
2021-06-15 08:00:00+00:00,usdjpy,110.1205,110.1235,110.0185,110.047
2021-06-15 09:00:00+00:00,usdjpy,110.1545,110.169,110.1065,110.121
2021-06-15 10:00:00+00:00,usdjpy,110.0745,110.1655,110.0125,110.155
2021-06-15 11:00:00+00:00,usdjpy,110.1275,110.1305,110.0535,110.074
2021-06-15 12:00:00+00:00,usdjpy,110.1015,110.146,110.0225,110.127
2021-06-15 13:00:00+00:00,usdjpy,110.104,110.1475,110.042,110.1025
2021-06-15 14:00:00+00:00,usdjpy,110.0745,110.1575,110.0675,110.1045
2021-06-15 15:00:00+00:00,usdjpy,110.1295,110.131,110.0725,110.0865
2021-06-15 16:00:00+00:00,usdjpy,110.1095,110.1585,110.1065,110.129
2021-06-15 17:00:00+00:00,usdjpy,110.091,110.1215,110.0755,110.1085
2021-06-15 18:00:00+00:00,usdjpy,110.0955,110.1015,110.059,110.0915
2021-06-15 19:00:00+00:00,usdjpy,110.0395,110.1015,110.0395,110.096
2021-06-15 20:00:00+00:00,usdjpy,110.0815,110.0815,110.04,110.04
2021-06-15 21:00:00+00:00,usdjpy,110.0575,110.0945,110.0495,110.08
2021-06-15 22:00:00+00:00,usdjpy,110.0545,110.0775,110.0465,110.0565
2021-06-15 23:00:00+00:00,usdjpy,110.0835,110.0965,110.0475,110.055
2021-06-16 00:00:00+00:00,usdjpy,110.1365,110.1425,110.0715,110.0845
2021-06-16 01:00:00+00:00,usdjpy,110.1025,110.1375,110.0835,110.136
2021-06-16 02:00:00+00:00,usdjpy,110.0955,110.1155,110.0865,110.102
2021-06-16 03:00:00+00:00,usdjpy,110.1015,110.1075,110.0945,110.0965
2021-06-16 04:00:00+00:00,usdjpy,110.0655,110.1045,110.0525,110.1045
2021-06-16 05:00:00+00:00,usdjpy,110.0735,110.0825,110.0575,110.065
2021-06-16 06:00:00+00:00,usdjpy,110.0475,110.134,110.028,110.0745
2021-06-16 07:00:00+00:00,usdjpy,109.9405,110.0575,109.8995,110.0485
2021-06-16 08:00:00+00:00,usdjpy,109.9395,109.9595,109.9075,109.941
2021-06-16 09:00:00+00:00,usdjpy,109.9535,109.9765,109.9245,109.939
2021-06-16 10:00:00+00:00,usdjpy,109.9635,109.9835,109.9175,109.953
2021-06-16 11:00:00+00:00,usdjpy,109.9515,109.9745,109.9405,109.9625
2021-06-16 12:00:00+00:00,usdjpy,109.8705,109.9525,109.8055,109.9525
2021-06-16 13:00:00+00:00,usdjpy,109.8865,109.9275,109.8075,109.87
2021-06-16 14:00:00+00:00,usdjpy,109.9395,109.9815,109.8785,109.887
2021-06-16 15:00:00+00:00,usdjpy,109.8765,109.9575,109.8735,109.939
2021-06-16 16:00:00+00:00,usdjpy,109.8895,109.9165,109.8615,109.877
2021-06-16 17:00:00+00:00,usdjpy,109.886,109.9115,109.877,109.8885
2021-06-16 18:00:00+00:00,usdjpy,110.3575,110.4265,109.8805,109.8865
2021-06-16 19:00:00+00:00,usdjpy,110.4955,110.4995,110.3005,110.358
2021-06-16 20:00:00+00:00,usdjpy,110.5665,110.578,110.404,110.499
2021-06-16 21:00:00+00:00,usdjpy,110.6545,110.7205,110.5355,110.568
2021-06-16 22:00:00+00:00,usdjpy,110.6975,110.7125,110.6405,110.655
2021-06-16 23:00:00+00:00,usdjpy,110.7735,110.8025,110.6945,110.697
2021-06-17 00:00:00+00:00,usdjpy,110.7515,110.8255,110.704,110.7745
2021-06-17 01:00:00+00:00,usdjpy,110.6525,110.7565,110.648,110.752
2021-06-17 02:00:00+00:00,usdjpy,110.6195,110.6635,110.6095,110.6535
2021-06-17 03:00:00+00:00,usdjpy,110.7235,110.7315,110.6175,110.62
2021-06-17 04:00:00+00:00,usdjpy,110.6775,110.7305,110.658,110.7225
2021-06-17 05:00:00+00:00,usdjpy,110.6445,110.6965,110.6075,110.6785
2021-06-17 06:00:00+00:00,usdjpy,110.656,110.768,110.6425,110.6455
2021-06-17 07:00:00+00:00,usdjpy,110.6035,110.73,110.603,110.6565
2021-06-17 08:00:00+00:00,usdjpy,110.6495,110.69,110.5465,110.6005
2021-06-17 09:00:00+00:00,usdjpy,110.6925,110.6975,110.6275,110.649
2021-06-17 10:00:00+00:00,usdjpy,110.7215,110.7675,110.6775,110.6915
2021-06-17 11:00:00+00:00,usdjpy,110.7155,110.7515,110.6885,110.7245
2021-06-17 12:00:00+00:00,usdjpy,110.4775,110.7145,110.4555,110.7145
2021-06-17 13:00:00+00:00,usdjpy,110.432,110.503,110.3685,110.4885
2021-06-17 14:00:00+00:00,usdjpy,110.3835,110.4845,110.355,110.446
2021-06-17 15:00:00+00:00,usdjpy,110.31,110.383,110.1885,110.383
2021-06-17 16:00:00+00:00,usdjpy,110.2405,110.3605,110.1685,110.3115
2021-06-17 17:00:00+00:00,usdjpy,110.2185,110.3245,110.199,110.24
2021-06-17 18:00:00+00:00,usdjpy,110.2295,110.2375,110.1955,110.218
2021-06-17 19:00:00+00:00,usdjpy,110.2975,110.2975,110.2775,110.2775
2021-06-17 20:00:00+00:00,usdjpy,110.211,110.2725,110.2085,110.2585
2021-06-17 21:00:00+00:00,usdjpy,110.2575,110.27,110.2055,110.23
2021-06-17 22:00:00+00:00,usdjpy,110.2775,110.2925,110.23,110.2585
2021-06-17 23:00:00+00:00,usdjpy,110.327,110.3315,110.2475,110.2785
2021-06-18 00:00:00+00:00,usdjpy,110.3115,110.3305,110.2415,110.3265
2021-06-18 01:00:00+00:00,usdjpy,110.1885,110.3275,110.1795,110.312
2021-06-18 02:00:00+00:00,usdjpy,110.2075,110.2205,110.1575,110.189
2021-06-18 03:00:00+00:00,usdjpy,110.1955,110.2145,110.1745,110.207
2021-06-18 04:00:00+00:00,usdjpy,110.2185,110.2485,110.1885,110.195
2021-06-18 05:00:00+00:00,usdjpy,110.0425,110.2335,109.9775,110.219
2021-06-18 06:00:00+00:00,usdjpy,110.066,110.1095,110.0035,110.043
2021-06-18 07:00:00+00:00,usdjpy,110.0035,110.1285,109.9445,110.0665
2021-06-18 08:00:00+00:00,usdjpy,110.1385,110.1775,109.9795,110.0045
2021-06-18 09:00:00+00:00,usdjpy,110.1505,110.2295,110.1255,110.138
2021-06-18 10:00:00+00:00,usdjpy,110.0955,110.1565,110.0715,110.1495
2021-06-18 11:00:00+00:00,usdjpy,110.1285,110.1905,110.0925,110.095
2021-06-18 12:00:00+00:00,usdjpy,110.239,110.2545,110.1255,110.129
2021-06-18 13:00:00+00:00,usdjpy,110.2785,110.3295,110.2065,110.241
2021-06-18 14:00:00+00:00,usdjpy,110.484,110.4855,110.2635,110.279
2021-06-18 15:00:00+00:00,usdjpy,110.08,110.4825,110.0425,110.4825
2021-06-18 16:00:00+00:00,usdjpy,110.2975,110.337,110.0695,110.0795
2021-06-18 17:00:00+00:00,usdjpy,110.2245,110.2985,110.1635,110.297
2021-06-18 18:00:00+00:00,usdjpy,110.1575,110.2615,110.1155,110.2195
2021-06-18 19:00:00+00:00,usdjpy,110.135,110.1845,110.1095,110.157
2021-06-18 20:00:00+00:00,usdjpy,110.187,110.2375,110.134,110.1355
2021-06-20 21:00:00+00:00,usdjpy,110.242,110.2985,110.21,110.2625
2021-06-20 22:00:00+00:00,usdjpy,110.1765,110.2425,110.1585,110.2425
2021-06-20 23:00:00+00:00,usdjpy,110.2045,110.2325,110.1665,110.177
2021-06-21 00:00:00+00:00,usdjpy,110.2325,110.2505,110.1495,110.205
2021-06-21 01:00:00+00:00,usdjpy,110.1265,110.2475,110.1165,110.233
2021-06-21 02:00:00+00:00,usdjpy,110.0375,110.126,109.9395,110.126
2021-06-21 03:00:00+00:00,usdjpy,109.8075,110.0445,109.7165,110.0385
2021-06-21 04:00:00+00:00,usdjpy,109.796,109.8535,109.7375,109.807
2021-06-21 05:00:00+00:00,usdjpy,109.8645,109.8725,109.7925,109.7955
2021-06-21 06:00:00+00:00,usdjpy,109.9025,109.977,109.8315,109.865
2021-06-21 07:00:00+00:00,usdjpy,110.0335,110.065,109.8805,109.903
2021-06-21 08:00:00+00:00,usdjpy,109.935,110.064,109.9285,110.034
2021-06-21 09:00:00+00:00,usdjpy,110.113,110.1545,109.9165,109.933
2021-06-21 10:00:00+00:00,usdjpy,110.1265,110.1545,110.072,110.1135
2021-06-21 11:00:00+00:00,usdjpy,110.098,110.1485,110.0835,110.126
2021-06-21 12:00:00+00:00,usdjpy,110.1325,110.1595,110.0765,110.0975
2021-06-21 13:00:00+00:00,usdjpy,110.2125,110.3355,110.1195,110.133
2021-06-21 14:00:00+00:00,usdjpy,110.189,110.2765,110.1465,110.2185
2021-06-21 15:00:00+00:00,usdjpy,110.2185,110.2485,110.1515,110.1955
2021-06-21 16:00:00+00:00,usdjpy,110.1665,110.2205,110.1405,110.219
2021-06-21 17:00:00+00:00,usdjpy,110.2815,110.2885,110.1595,110.166
2021-06-21 18:00:00+00:00,usdjpy,110.2885,110.306,110.2355,110.2805
2021-06-21 19:00:00+00:00,usdjpy,110.2815,110.3095,110.2545,110.288
2021-06-21 20:00:00+00:00,usdjpy,110.2975,110.3535,110.2695,110.282
2021-06-21 21:00:00+00:00,usdjpy,110.3095,110.3245,110.2835,110.3095
2021-06-21 22:00:00+00:00,usdjpy,110.3285,110.3385,110.2775,110.3105
2021-06-21 23:00:00+00:00,usdjpy,110.379,110.3835,110.322,110.328
2021-06-22 00:00:00+00:00,usdjpy,110.263,110.4045,110.2135,110.3795
2021-06-22 01:00:00+00:00,usdjpy,110.314,110.3145,110.2435,110.2635
2021-06-22 02:00:00+00:00,usdjpy,110.36,110.4745,110.3125,110.3135
2021-06-22 03:00:00+00:00,usdjpy,110.4155,110.454,110.3595,110.3595
2021-06-22 04:00:00+00:00,usdjpy,110.4545,110.4545,110.3935,110.416
2021-06-22 05:00:00+00:00,usdjpy,110.4865,110.4875,110.4085,110.454
2021-06-22 06:00:00+00:00,usdjpy,110.406,110.5385,110.3845,110.4875
2021-06-22 07:00:00+00:00,usdjpy,110.4855,110.4905,110.3525,110.4065
2021-06-22 08:00:00+00:00,usdjpy,110.481,110.5295,110.4315,110.4845
2021-06-22 09:00:00+00:00,usdjpy,110.4495,110.52,110.4345,110.4805
2021-06-22 10:00:00+00:00,usdjpy,110.4555,110.4555,110.3865,110.45
2021-06-22 11:00:00+00:00,usdjpy,110.524,110.5295,110.4405,110.455
2021-06-22 12:00:00+00:00,usdjpy,110.6945,110.7005,110.5135,110.5235
2021-06-22 13:00:00+00:00,usdjpy,110.6705,110.7255,110.6435,110.6955
2021-06-22 14:00:00+00:00,usdjpy,110.7275,110.7485,110.6115,110.6695
2021-06-22 15:00:00+00:00,usdjpy,110.75,110.7935,110.6855,110.728
2021-06-22 16:00:00+00:00,usdjpy,110.7035,110.769,110.6775,110.7505
2021-06-22 17:00:00+00:00,usdjpy,110.7085,110.7245,110.6675,110.7045
2021-06-22 18:00:00+00:00,usdjpy,110.6255,110.7115,110.6125,110.7095
2021-06-22 19:00:00+00:00,usdjpy,110.6265,110.6445,110.5895,110.6265
2021-06-22 20:00:00+00:00,usdjpy,110.6505,110.6835,110.628,110.628
2021-06-22 21:00:00+00:00,usdjpy,110.6565,110.6705,110.6335,110.6675
2021-06-22 22:00:00+00:00,usdjpy,110.6505,110.6805,110.6355,110.657
2021-06-22 23:00:00+00:00,usdjpy,110.6565,110.6685,110.6255,110.6495
2021-06-23 00:00:00+00:00,usdjpy,110.7305,110.7675,110.648,110.6555
2021-06-23 01:00:00+00:00,usdjpy,110.832,110.8545,110.7215,110.73
2021-06-23 02:00:00+00:00,usdjpy,110.749,110.8385,110.7475,110.8315
2021-06-23 03:00:00+00:00,usdjpy,110.7665,110.7825,110.7115,110.7495
2021-06-23 04:00:00+00:00,usdjpy,110.7945,110.8115,110.7555,110.7655
2021-06-23 05:00:00+00:00,usdjpy,110.7695,110.8525,110.768,110.795
2021-06-23 06:00:00+00:00,usdjpy,110.8445,110.8835,110.77,110.77
2021-06-23 07:00:00+00:00,usdjpy,110.877,110.9175,110.8375,110.845
2021-06-23 08:00:00+00:00,usdjpy,110.9055,110.9115,110.8415,110.8775
2021-06-23 09:00:00+00:00,usdjpy,110.9645,110.9695,110.8815,110.906
2021-06-23 10:00:00+00:00,usdjpy,111.0395,111.1055,110.961,110.964
2021-06-23 11:00:00+00:00,usdjpy,110.8655,111.0675,110.661,111.04
2021-06-23 12:00:00+00:00,usdjpy,110.8325,110.8665,110.7615,110.8665
2021-06-23 13:00:00+00:00,usdjpy,110.7085,110.9155,110.6975,110.8335
2021-06-23 14:00:00+00:00,usdjpy,110.7985,110.8085,110.6845,110.708
2021-06-23 15:00:00+00:00,usdjpy,110.8585,110.8825,110.7915,110.7935
2021-06-23 16:00:00+00:00,usdjpy,110.96,110.96,110.859,110.859
2021-06-23 17:00:00+00:00,usdjpy,110.9425,110.9995,110.9235,110.9605
2021-06-23 18:00:00+00:00,usdjpy,110.9655,111.0035,110.942,110.943
2021-06-23 19:00:00+00:00,usdjpy,110.9665,111.0125,110.9635,110.965
2021-06-23 20:00:00+00:00,usdjpy,110.9555,111.0005,110.9555,110.966
2021-06-23 21:00:00+00:00,usdjpy,110.975,111.0045,110.96,110.9865
2021-06-23 22:00:00+00:00,usdjpy,110.9655,110.9825,110.951,110.9745
2021-06-23 23:00:00+00:00,usdjpy,111.015,111.0345,110.9555,110.965
2021-06-24 00:00:00+00:00,usdjpy,111.0185,111.117,110.9825,111.0155
2021-06-24 01:00:00+00:00,usdjpy,110.9775,111.0545,110.9675,111.0195
2021-06-24 02:00:00+00:00,usdjpy,111.023,111.0455,110.9615,110.977
2021-06-24 03:00:00+00:00,usdjpy,111.017,111.0475,110.9895,111.0225
2021-06-24 04:00:00+00:00,usdjpy,110.9675,111.0245,110.9525,111.0165
2021-06-24 05:00:00+00:00,usdjpy,110.8585,110.9695,110.8095,110.9685
2021-06-24 06:00:00+00:00,usdjpy,110.8635,110.8765,110.7685,110.859
2021-06-24 07:00:00+00:00,usdjpy,110.8825,110.9205,110.8185,110.864
2021-06-24 08:00:00+00:00,usdjpy,110.8715,110.9185,110.8005,110.882
2021-06-24 09:00:00+00:00,usdjpy,110.8565,110.9105,110.8345,110.871
2021-06-24 10:00:00+00:00,usdjpy,110.8065,110.8725,110.7795,110.8575
2021-06-24 11:00:00+00:00,usdjpy,110.8235,110.838,110.7575,110.8075
2021-06-24 12:00:00+00:00,usdjpy,110.7455,110.8315,110.7335,110.824
2021-06-24 13:00:00+00:00,usdjpy,110.7625,110.8145,110.7175,110.7465
2021-06-24 14:00:00+00:00,usdjpy,110.7895,110.8245,110.7325,110.763
2021-06-24 15:00:00+00:00,usdjpy,110.7765,110.8135,110.6875,110.789
2021-06-24 16:00:00+00:00,usdjpy,110.8585,110.8955,110.7775,110.7775
2021-06-24 17:00:00+00:00,usdjpy,110.885,110.9125,110.8475,110.859
2021-06-24 18:00:00+00:00,usdjpy,110.8475,110.9035,110.8355,110.8855
2021-06-24 19:00:00+00:00,usdjpy,110.855,110.8865,110.8385,110.848
2021-06-24 20:00:00+00:00,usdjpy,110.8725,110.8965,110.833,110.8545
2021-06-24 21:00:00+00:00,usdjpy,110.8625,110.8885,110.8405,110.8715
2021-06-24 22:00:00+00:00,usdjpy,110.8665,110.8815,110.8585,110.863
2021-06-24 23:00:00+00:00,usdjpy,110.922,110.9305,110.8655,110.866
2021-06-25 00:00:00+00:00,usdjpy,110.9285,110.9845,110.9135,110.9225
2021-06-25 01:00:00+00:00,usdjpy,110.9065,110.9355,110.8775,110.9275
2021-06-25 02:00:00+00:00,usdjpy,110.8715,110.9145,110.8465,110.9075
2021-06-25 03:00:00+00:00,usdjpy,110.856,110.884,110.8505,110.8725
2021-06-25 04:00:00+00:00,usdjpy,110.8695,110.8705,110.8085,110.8565
2021-06-25 05:00:00+00:00,usdjpy,110.8355,110.883,110.8125,110.869
2021-06-25 06:00:00+00:00,usdjpy,110.7705,110.865,110.7565,110.836
2021-06-25 07:00:00+00:00,usdjpy,110.748,110.799,110.7425,110.7715
2021-06-25 08:00:00+00:00,usdjpy,110.7275,110.7635,110.7195,110.7485
2021-06-25 09:00:00+00:00,usdjpy,110.7695,110.7705,110.6785,110.727
2021-06-25 10:00:00+00:00,usdjpy,110.7635,110.7955,110.7315,110.7705
2021-06-25 11:00:00+00:00,usdjpy,110.726,110.7805,110.7155,110.7645
2021-06-25 12:00:00+00:00,usdjpy,110.5295,110.7385,110.5025,110.7265
2021-06-25 13:00:00+00:00,usdjpy,110.4985,110.6135,110.484,110.5305
2021-06-25 14:00:00+00:00,usdjpy,110.5725,110.5945,110.4825,110.4995
2021-06-25 15:00:00+00:00,usdjpy,110.6245,110.6465,110.5295,110.573
2021-06-25 16:00:00+00:00,usdjpy,110.7455,110.7505,110.6115,110.625
2021-06-25 17:00:00+00:00,usdjpy,110.7515,110.8005,110.7385,110.745
2021-06-25 18:00:00+00:00,usdjpy,110.8125,110.8365,110.7455,110.752
2021-06-25 19:00:00+00:00,usdjpy,110.8695,110.878,110.81,110.8115
2021-06-25 20:00:00+00:00,usdjpy,110.7765,110.8725,110.748,110.8675
2021-06-25 21:00:00+00:00,usdjpy,110.7665,110.7955,110.7665,110.776
2021-06-27 21:00:00+00:00,usdjpy,110.8005,110.8265,110.7985,110.8065
2021-06-27 22:00:00+00:00,usdjpy,110.794,110.8555,110.7745,110.8055
2021-06-27 23:00:00+00:00,usdjpy,110.8315,110.8395,110.7845,110.7935
2021-06-28 00:00:00+00:00,usdjpy,110.7375,110.8375,110.7065,110.831
2021-06-28 01:00:00+00:00,usdjpy,110.689,110.739,110.6535,110.737
2021-06-28 02:00:00+00:00,usdjpy,110.71,110.717,110.6615,110.6895
2021-06-28 03:00:00+00:00,usdjpy,110.6335,110.7155,110.6315,110.7105
2021-06-28 04:00:00+00:00,usdjpy,110.6535,110.6555,110.6325,110.634
2021-06-28 05:00:00+00:00,usdjpy,110.6615,110.6805,110.619,110.6525
2021-06-28 06:00:00+00:00,usdjpy,110.6995,110.7195,110.6535,110.661
2021-06-28 07:00:00+00:00,usdjpy,110.653,110.7325,110.6225,110.699
2021-06-28 08:00:00+00:00,usdjpy,110.7175,110.7245,110.64,110.6535
2021-06-28 09:00:00+00:00,usdjpy,110.731,110.7395,110.7015,110.718
2021-06-28 10:00:00+00:00,usdjpy,110.737,110.7475,110.6945,110.7315
2021-06-28 11:00:00+00:00,usdjpy,110.9245,110.9295,110.7265,110.7365
2021-06-28 12:00:00+00:00,usdjpy,110.9365,110.978,110.8825,110.925
2021-06-28 13:00:00+00:00,usdjpy,110.8665,110.94,110.8305,110.936
2021-06-28 14:00:00+00:00,usdjpy,110.7505,110.8715,110.7445,110.8655
2021-06-28 15:00:00+00:00,usdjpy,110.7085,110.7675,110.6935,110.7545
2021-06-28 16:00:00+00:00,usdjpy,110.5725,110.734,110.5325,110.708
2021-06-28 17:00:00+00:00,usdjpy,110.5245,110.5835,110.503,110.573
2021-06-28 18:00:00+00:00,usdjpy,110.5245,110.5875,110.4985,110.525
2021-06-28 19:00:00+00:00,usdjpy,110.6065,110.61,110.516,110.525
2021-06-28 20:00:00+00:00,usdjpy,110.6265,110.6335,110.6015,110.6075
2021-06-28 21:00:00+00:00,usdjpy,110.6145,110.6355,110.6035,110.6225
2021-06-28 22:00:00+00:00,usdjpy,110.5995,110.6155,110.5665,110.6135
2021-06-28 23:00:00+00:00,usdjpy,110.6075,110.6135,110.586,110.6005
2021-06-29 00:00:00+00:00,usdjpy,110.5315,110.6415,110.5095,110.6085
2021-06-29 01:00:00+00:00,usdjpy,110.5035,110.5405,110.4545,110.531
2021-06-29 02:00:00+00:00,usdjpy,110.515,110.5185,110.4595,110.504
2021-06-29 03:00:00+00:00,usdjpy,110.5215,110.5345,110.4935,110.5145
2021-06-29 04:00:00+00:00,usdjpy,110.583,110.5925,110.513,110.5205
2021-06-29 05:00:00+00:00,usdjpy,110.5555,110.5845,110.5315,110.5825
2021-06-29 06:00:00+00:00,usdjpy,110.5785,110.631,110.553,110.555
2021-06-29 07:00:00+00:00,usdjpy,110.694,110.696,110.573,110.579
2021-06-29 08:00:00+00:00,usdjpy,110.6015,110.7605,110.592,110.6935
2021-06-29 09:00:00+00:00,usdjpy,110.5645,110.6495,110.5275,110.601
2021-06-29 10:00:00+00:00,usdjpy,110.5785,110.6135,110.5095,110.565
2021-06-29 11:00:00+00:00,usdjpy,110.609,110.6185,110.5195,110.5795
2021-06-29 12:00:00+00:00,usdjpy,110.6875,110.736,110.602,110.6085
2021-06-29 13:00:00+00:00,usdjpy,110.6015,110.7045,110.5065,110.688
2021-06-29 14:00:00+00:00,usdjpy,110.4985,110.6385,110.4325,110.597
2021-06-29 15:00:00+00:00,usdjpy,110.5425,110.5455,110.4435,110.498
2021-06-29 16:00:00+00:00,usdjpy,110.5275,110.548,110.5075,110.5415
2021-06-29 17:00:00+00:00,usdjpy,110.5295,110.5485,110.5225,110.528
2021-06-29 18:00:00+00:00,usdjpy,110.5125,110.5295,110.4875,110.5285
2021-06-29 19:00:00+00:00,usdjpy,110.5415,110.562,110.5105,110.513
2021-06-29 20:00:00+00:00,usdjpy,110.5355,110.5615,110.5055,110.542
2021-06-29 21:00:00+00:00,usdjpy,110.5675,110.5775,110.5115,110.5245
2021-06-29 22:00:00+00:00,usdjpy,110.5255,110.5725,110.503,110.566
2021-06-29 23:00:00+00:00,usdjpy,110.5365,110.5615,110.5225,110.525
2021-06-30 00:00:00+00:00,usdjpy,110.565,110.5975,110.5135,110.5355
2021-06-30 01:00:00+00:00,usdjpy,110.4805,110.5785,110.4425,110.5645
2021-06-30 02:00:00+00:00,usdjpy,110.5055,110.5055,110.4565,110.4795
2021-06-30 03:00:00+00:00,usdjpy,110.4845,110.5435,110.4805,110.505
2021-06-30 04:00:00+00:00,usdjpy,110.5055,110.5125,110.465,110.485
2021-06-30 05:00:00+00:00,usdjpy,110.5005,110.508,110.4525,110.5045
2021-06-30 06:00:00+00:00,usdjpy,110.5325,110.5345,110.4455,110.501
2021-06-30 07:00:00+00:00,usdjpy,110.5465,110.5945,110.483,110.533
2021-06-30 08:00:00+00:00,usdjpy,110.4665,110.5665,110.4205,110.547
2021-06-30 09:00:00+00:00,usdjpy,110.5285,110.542,110.4525,110.467
2021-06-30 10:00:00+00:00,usdjpy,110.492,110.5315,110.474,110.528
2021-06-30 11:00:00+00:00,usdjpy,110.5245,110.5485,110.4725,110.4915
2021-06-30 12:00:00+00:00,usdjpy,110.6455,110.6805,110.5115,110.524
2021-06-30 13:00:00+00:00,usdjpy,110.6825,110.7345,110.6095,110.6465
2021-06-30 14:00:00+00:00,usdjpy,110.9765,111.0285,110.6955,110.6955
2021-06-30 15:00:00+00:00,usdjpy,111.0435,111.0705,110.9085,110.977
2021-06-30 16:00:00+00:00,usdjpy,111.09,111.0995,110.9995,111.0425
2021-06-30 17:00:00+00:00,usdjpy,111.1005,111.1095,111.0415,111.0895
2021-06-30 18:00:00+00:00,usdjpy,111.0875,111.1215,111.0865,111.101
2021-06-30 19:00:00+00:00,usdjpy,111.0835,111.1045,111.0245,111.087
2021-06-30 20:00:00+00:00,usdjpy,111.1065,111.1205,111.0695,111.084
2021-06-30 21:00:00+00:00,usdjpy,111.0995,111.1145,111.0735,111.1075
2021-06-30 22:00:00+00:00,usdjpy,111.1115,111.121,111.0885,111.0985
2021-06-30 23:00:00+00:00,usdjpy,111.1335,111.1395,111.09,111.1105
2021-07-01 00:00:00+00:00,usdjpy,111.083,111.166,111.075,111.1345
2021-07-01 01:00:00+00:00,usdjpy,111.0625,111.0825,111.0285,111.0825
2021-07-01 02:00:00+00:00,usdjpy,111.0655,111.075,111.0305,111.0615
2021-07-01 03:00:00+00:00,usdjpy,111.0925,111.108,111.0615,111.065
2021-07-01 04:00:00+00:00,usdjpy,111.101,111.107,111.089,111.0945
2021-07-01 05:00:00+00:00,usdjpy,111.1215,111.1525,111.1005,111.1015
2021-07-01 06:00:00+00:00,usdjpy,111.2045,111.2435,111.1195,111.121
2021-07-01 07:00:00+00:00,usdjpy,111.2745,111.2775,111.205,111.205
2021-07-01 08:00:00+00:00,usdjpy,111.4055,111.413,111.27,111.274
2021-07-01 09:00:00+00:00,usdjpy,111.4975,111.5105,111.3815,111.405
2021-07-01 10:00:00+00:00,usdjpy,111.4585,111.6285,111.4505,111.4965
2021-07-01 11:00:00+00:00,usdjpy,111.4685,111.4915,111.3545,111.4545
2021-07-01 12:00:00+00:00,usdjpy,111.393,111.4875,111.3595,111.468
2021-07-01 13:00:00+00:00,usdjpy,111.402,111.4795,111.351,111.3935
2021-07-01 14:00:00+00:00,usdjpy,111.5365,111.6015,111.3615,111.4045
2021-07-01 15:00:00+00:00,usdjpy,111.5635,111.6125,111.5185,111.538
2021-07-01 16:00:00+00:00,usdjpy,111.5715,111.5865,111.5345,111.564
2021-07-01 17:00:00+00:00,usdjpy,111.6195,111.6345,111.5635,111.5725
2021-07-01 18:00:00+00:00,usdjpy,111.6235,111.6405,111.6035,111.62
2021-07-01 19:00:00+00:00,usdjpy,111.5535,111.6265,111.546,111.6245
2021-07-01 20:00:00+00:00,usdjpy,111.5195,111.5785,111.5195,111.553
2021-07-01 21:00:00+00:00,usdjpy,111.5385,111.5485,111.5195,111.53
2021-07-01 22:00:00+00:00,usdjpy,111.5465,111.5475,111.5335,111.5375
2021-07-01 23:00:00+00:00,usdjpy,111.5735,111.586,111.5445,111.5455
2021-07-02 00:00:00+00:00,usdjpy,111.6465,111.6525,111.5515,111.573
2021-07-02 01:00:00+00:00,usdjpy,111.5905,111.659,111.5655,111.6455
2021-07-02 02:00:00+00:00,usdjpy,111.5835,111.6255,111.5785,111.5895
2021-07-02 03:00:00+00:00,usdjpy,111.5785,111.6035,111.5675,111.584
2021-07-02 04:00:00+00:00,usdjpy,111.5885,111.5885,111.5575,111.578
2021-07-02 05:00:00+00:00,usdjpy,111.6105,111.6105,111.5675,111.5875
2021-07-02 06:00:00+00:00,usdjpy,111.629,111.6305,111.573,111.61
2021-07-02 07:00:00+00:00,usdjpy,111.5745,111.6595,111.5615,111.6295
2021-07-02 08:00:00+00:00,usdjpy,111.4725,111.5875,111.41,111.5755
2021-07-02 09:00:00+00:00,usdjpy,111.4985,111.5085,111.4095,111.472
2021-07-02 10:00:00+00:00,usdjpy,111.4485,111.5185,111.407,111.498
2021-07-02 11:00:00+00:00,usdjpy,111.4445,111.4585,111.3785,111.4495
2021-07-02 12:00:00+00:00,usdjpy,111.2655,111.608,111.2495,111.4435
2021-07-02 13:00:00+00:00,usdjpy,111.2485,111.3615,111.1575,111.266
2021-07-02 14:00:00+00:00,usdjpy,111.3125,111.3805,111.2265,111.2485
2021-07-02 15:00:00+00:00,usdjpy,111.2935,111.3375,111.2715,111.312
2021-07-02 16:00:00+00:00,usdjpy,111.2205,111.3015,111.2205,111.2945
2021-07-02 17:00:00+00:00,usdjpy,111.0435,111.2425,111.0395,111.221
2021-07-02 18:00:00+00:00,usdjpy,111.0545,111.0605,110.9525,111.0445
2021-07-02 19:00:00+00:00,usdjpy,111.0325,111.0675,111.0245,111.055
2021-07-02 20:00:00+00:00,usdjpy,111.0495,111.0495,111.0105,111.0335
2021-07-05 03:00:00+00:00,usdjpy,111.1215,111.1265,111.0955,111.0965
2021-07-05 04:00:00+00:00,usdjpy,111.1385,111.1445,111.1215,111.1225
2021-07-05 05:00:00+00:00,usdjpy,111.14,111.144,111.1055,111.139
2021-07-05 06:00:00+00:00,usdjpy,110.972,111.1455,110.9665,111.1395
2021-07-05 07:00:00+00:00,usdjpy,110.9125,111.062,110.9005,110.9725
2021-07-05 08:00:00+00:00,usdjpy,110.9015,110.9255,110.8515,110.9115
2021-07-05 09:00:00+00:00,usdjpy,110.8385,110.9145,110.8025,110.902
2021-07-05 10:00:00+00:00,usdjpy,110.8215,110.857,110.805,110.838
2021-07-05 11:00:00+00:00,usdjpy,110.8455,110.8835,110.798,110.8205
2021-07-05 12:00:00+00:00,usdjpy,110.9265,110.9375,110.8455,110.846
2021-07-05 13:00:00+00:00,usdjpy,110.957,110.9765,110.906,110.927
2021-07-05 14:00:00+00:00,usdjpy,110.9425,110.981,110.9345,110.9565
2021-07-05 15:00:00+00:00,usdjpy,110.91,110.9485,110.9045,110.943
2021-07-05 16:00:00+00:00,usdjpy,110.8985,110.9235,110.894,110.9095
2021-07-05 17:00:00+00:00,usdjpy,110.9155,110.928,110.8825,110.8995
2021-07-05 18:00:00+00:00,usdjpy,110.899,110.926,110.8955,110.9145
2021-07-05 19:00:00+00:00,usdjpy,110.9565,110.9715,110.8945,110.8985
2021-07-05 20:00:00+00:00,usdjpy,110.9655,110.9945,110.9565,110.9585
2021-07-05 21:00:00+00:00,usdjpy,110.9745,110.9795,110.9415,110.9605
2021-07-05 22:00:00+00:00,usdjpy,110.9295,110.973,110.9045,110.973
2021-07-05 23:00:00+00:00,usdjpy,110.9195,110.9585,110.9125,110.9285
2021-07-06 00:00:00+00:00,usdjpy,110.8645,110.9315,110.8115,110.9205
2021-07-06 01:00:00+00:00,usdjpy,110.8195,110.8825,110.789,110.864
2021-07-06 02:00:00+00:00,usdjpy,110.8535,110.8625,110.7925,110.819
2021-07-06 03:00:00+00:00,usdjpy,110.8485,110.8735,110.8285,110.8545
2021-07-06 04:00:00+00:00,usdjpy,110.8345,110.8645,110.8325,110.848
2021-07-06 05:00:00+00:00,usdjpy,110.8205,110.845,110.7935,110.835
2021-07-06 06:00:00+00:00,usdjpy,110.8725,110.8805,110.7665,110.8195
2021-07-06 07:00:00+00:00,usdjpy,110.7755,110.918,110.7495,110.872
2021-07-06 08:00:00+00:00,usdjpy,110.7905,110.861,110.749,110.776
2021-07-06 09:00:00+00:00,usdjpy,110.796,110.8505,110.7635,110.791
2021-07-06 10:00:00+00:00,usdjpy,110.7005,110.8055,110.6815,110.7955
2021-07-06 11:00:00+00:00,usdjpy,110.6565,110.7275,110.6095,110.701
2021-07-06 12:00:00+00:00,usdjpy,110.7195,110.742,110.597,110.6555
2021-07-06 13:00:00+00:00,usdjpy,110.7465,110.8055,110.6655,110.7205
2021-07-06 14:00:00+00:00,usdjpy,110.5695,110.733,110.5195,110.711
2021-07-06 15:00:00+00:00,usdjpy,110.657,110.6825,110.5275,110.57
2021-07-06 16:00:00+00:00,usdjpy,110.6315,110.682,110.6015,110.6575
2021-07-06 17:00:00+00:00,usdjpy,110.6545,110.6895,110.6295,110.6325
2021-07-06 18:00:00+00:00,usdjpy,110.6175,110.6715,110.6055,110.655
2021-07-06 19:00:00+00:00,usdjpy,110.6355,110.6685,110.603,110.618
2021-07-06 20:00:00+00:00,usdjpy,110.6415,110.6565,110.6175,110.636
2021-07-06 21:00:00+00:00,usdjpy,110.635,110.64,110.6175,110.626
2021-07-06 22:00:00+00:00,usdjpy,110.642,110.6655,110.6235,110.6345
2021-07-06 23:00:00+00:00,usdjpy,110.6025,110.663,110.5675,110.6425
2021-07-07 00:00:00+00:00,usdjpy,110.4185,110.6095,110.4045,110.6015
2021-07-07 01:00:00+00:00,usdjpy,110.4325,110.4845,110.3985,110.419
2021-07-07 02:00:00+00:00,usdjpy,110.5475,110.5625,110.4155,110.432
2021-07-07 03:00:00+00:00,usdjpy,110.6025,110.6215,110.5265,110.547
2021-07-07 04:00:00+00:00,usdjpy,110.5275,110.6445,110.4835,110.6015
2021-07-07 05:00:00+00:00,usdjpy,110.5955,110.6075,110.5165,110.527
2021-07-07 06:00:00+00:00,usdjpy,110.7085,110.7355,110.5925,110.596
2021-07-07 07:00:00+00:00,usdjpy,110.6365,110.7415,110.6055,110.709
2021-07-07 08:00:00+00:00,usdjpy,110.751,110.7845,110.636,110.636
2021-07-07 09:00:00+00:00,usdjpy,110.7465,110.7935,110.7155,110.7515
2021-07-07 10:00:00+00:00,usdjpy,110.7505,110.8165,110.738,110.746
2021-07-07 11:00:00+00:00,usdjpy,110.6835,110.7615,110.6525,110.7515
2021-07-07 12:00:00+00:00,usdjpy,110.5875,110.6895,110.509,110.683
2021-07-07 13:00:00+00:00,usdjpy,110.6985,110.7985,110.5755,110.587
2021-07-07 14:00:00+00:00,usdjpy,110.6615,110.8145,110.6385,110.6975
2021-07-07 15:00:00+00:00,usdjpy,110.6235,110.7155,110.6055,110.6625
2021-07-07 16:00:00+00:00,usdjpy,110.6725,110.6875,110.6065,110.6225
2021-07-07 17:00:00+00:00,usdjpy,110.6675,110.7275,110.6465,110.673
2021-07-07 18:00:00+00:00,usdjpy,110.6195,110.6925,110.5455,110.668
2021-07-07 19:00:00+00:00,usdjpy,110.6085,110.634,110.5685,110.6205
2021-07-07 20:00:00+00:00,usdjpy,110.659,110.6615,110.6075,110.6075
2021-07-07 21:00:00+00:00,usdjpy,110.6375,110.686,110.6245,110.675
2021-07-07 22:00:00+00:00,usdjpy,110.6085,110.6755,110.5965,110.6385
2021-07-07 23:00:00+00:00,usdjpy,110.6365,110.6375,110.5955,110.609
2021-07-08 00:00:00+00:00,usdjpy,110.5425,110.651,110.511,110.637
2021-07-08 01:00:00+00:00,usdjpy,110.5035,110.5445,110.4615,110.543
2021-07-08 02:00:00+00:00,usdjpy,110.5835,110.6095,110.425,110.503
2021-07-08 03:00:00+00:00,usdjpy,110.5695,110.6235,110.5585,110.5845
2021-07-08 04:00:00+00:00,usdjpy,110.531,110.5675,110.5235,110.5675
2021-07-08 05:00:00+00:00,usdjpy,110.2775,110.5395,110.212,110.5315
2021-07-08 06:00:00+00:00,usdjpy,110.1695,110.337,110.155,110.277
2021-07-08 07:00:00+00:00,usdjpy,109.7955,110.1985,109.775,110.165
2021-07-08 08:00:00+00:00,usdjpy,109.852,109.9025,109.7575,109.7905
2021-07-08 09:00:00+00:00,usdjpy,109.9085,110.05,109.848,109.8525
2021-07-08 10:00:00+00:00,usdjpy,109.7985,109.9585,109.7185,109.909
2021-07-08 11:00:00+00:00,usdjpy,109.7515,109.8535,109.706,109.809
2021-07-08 12:00:00+00:00,usdjpy,109.6725,109.7515,109.6035,109.751
2021-07-08 13:00:00+00:00,usdjpy,109.6715,109.74,109.6275,109.674
2021-07-08 14:00:00+00:00,usdjpy,109.565,109.6735,109.5365,109.6725
2021-07-08 15:00:00+00:00,usdjpy,109.8215,109.8575,109.5535,109.578
2021-07-08 16:00:00+00:00,usdjpy,109.8045,109.869,109.7975,109.821
2021-07-08 17:00:00+00:00,usdjpy,109.8425,109.8705,109.7885,109.804
2021-07-08 18:00:00+00:00,usdjpy,109.8075,109.868,109.7985,109.8435
2021-07-08 19:00:00+00:00,usdjpy,109.7775,109.8445,109.7735,109.8085
2021-07-08 20:00:00+00:00,usdjpy,109.7095,109.789,109.7095,109.7785
2021-07-08 21:00:00+00:00,usdjpy,109.7625,109.785,109.7435,109.744
2021-07-08 22:00:00+00:00,usdjpy,109.7795,109.8005,109.754,109.7615
2021-07-08 23:00:00+00:00,usdjpy,109.8035,109.8455,109.7765,109.78
2021-07-09 00:00:00+00:00,usdjpy,109.875,109.9245,109.7885,109.804
2021-07-09 01:00:00+00:00,usdjpy,109.8035,109.9025,109.7645,109.876
2021-07-09 02:00:00+00:00,usdjpy,109.9185,109.9375,109.798,109.803
2021-07-09 03:00:00+00:00,usdjpy,109.8905,109.9675,109.8865,109.919
2021-07-09 04:00:00+00:00,usdjpy,109.9935,109.996,109.8715,109.89
2021-07-09 05:00:00+00:00,usdjpy,110.0125,110.0875,109.978,109.994
2021-07-09 06:00:00+00:00,usdjpy,110.0915,110.1335,109.9955,110.0115
2021-07-09 07:00:00+00:00,usdjpy,110.0155,110.1355,110.0005,110.096
2021-07-09 08:00:00+00:00,usdjpy,110.0965,110.1005,110.001,110.0145
2021-07-09 09:00:00+00:00,usdjpy,110.0245,110.14,110.0195,110.0975
2021-07-09 10:00:00+00:00,usdjpy,110.0085,110.027,109.9015,110.026
2021-07-09 11:00:00+00:00,usdjpy,110.0575,110.081,109.9205,110.0095
2021-07-09 12:00:00+00:00,usdjpy,109.9835,110.0815,109.9385,110.0565
2021-07-09 13:00:00+00:00,usdjpy,110.1455,110.198,109.9415,109.9825
2021-07-09 14:00:00+00:00,usdjpy,110.1435,110.2605,110.0725,110.146
2021-07-09 15:00:00+00:00,usdjpy,110.184,110.2145,110.121,110.132
2021-07-09 16:00:00+00:00,usdjpy,110.2015,110.2175,110.183,110.1845
2021-07-09 17:00:00+00:00,usdjpy,110.1695,110.2075,110.1665,110.2025
2021-07-09 18:00:00+00:00,usdjpy,110.158,110.1945,110.145,110.17
2021-07-09 19:00:00+00:00,usdjpy,110.1145,110.2,110.1125,110.1575
2021-07-09 20:00:00+00:00,usdjpy,110.1325,110.147,110.0985,110.115
2021-07-11 21:00:00+00:00,usdjpy,110.1465,110.1705,110.1315,110.1685
2021-07-11 22:00:00+00:00,usdjpy,110.2,110.2485,110.124,110.1455
2021-07-11 23:00:00+00:00,usdjpy,110.2195,110.238,110.1445,110.1995
2021-07-12 00:00:00+00:00,usdjpy,110.122,110.249,110.118,110.221
2021-07-12 01:00:00+00:00,usdjpy,110.1355,110.1355,110.013,110.1225
2021-07-12 02:00:00+00:00,usdjpy,110.1765,110.1885,110.1245,110.1365
2021-07-12 03:00:00+00:00,usdjpy,110.1555,110.2,110.1375,110.177
2021-07-12 04:00:00+00:00,usdjpy,110.1825,110.1945,110.1255,110.156
2021-07-12 05:00:00+00:00,usdjpy,110.1715,110.1965,110.1635,110.182
2021-07-12 06:00:00+00:00,usdjpy,110.1825,110.2165,110.1405,110.1725
2021-07-12 07:00:00+00:00,usdjpy,110.0495,110.2795,110.0115,110.183
2021-07-12 08:00:00+00:00,usdjpy,110.0945,110.143,109.9795,110.0505
2021-07-12 09:00:00+00:00,usdjpy,110.1125,110.1385,110.0565,110.0935
2021-07-12 10:00:00+00:00,usdjpy,110.1775,110.1825,110.1015,110.112
2021-07-12 11:00:00+00:00,usdjpy,110.211,110.269,110.1715,110.177
2021-07-12 12:00:00+00:00,usdjpy,110.2085,110.2435,110.1025,110.2115
2021-07-12 13:00:00+00:00,usdjpy,110.337,110.3945,110.171,110.208
2021-07-12 14:00:00+00:00,usdjpy,110.2845,110.388,110.259,110.3365
2021-07-12 15:00:00+00:00,usdjpy,110.363,110.3935,110.268,110.284
2021-07-12 16:00:00+00:00,usdjpy,110.3805,110.4035,110.3615,110.3625
2021-07-12 17:00:00+00:00,usdjpy,110.3305,110.3905,110.3165,110.3795
2021-07-12 18:00:00+00:00,usdjpy,110.3305,110.3495,110.32,110.3295
2021-07-12 19:00:00+00:00,usdjpy,110.3405,110.3755,110.3295,110.331
2021-07-12 20:00:00+00:00,usdjpy,110.372,110.3815,110.3365,110.3415
2021-07-12 21:00:00+00:00,usdjpy,110.3535,110.3925,110.3365,110.379
2021-07-12 22:00:00+00:00,usdjpy,110.3225,110.353,110.3115,110.3525
2021-07-12 23:00:00+00:00,usdjpy,110.3305,110.3705,110.3175,110.3235
2021-07-13 00:00:00+00:00,usdjpy,110.3865,110.4015,110.2895,110.3325
2021-07-13 01:00:00+00:00,usdjpy,110.3555,110.4045,110.3425,110.386
2021-07-13 02:00:00+00:00,usdjpy,110.3655,110.4425,110.3495,110.355
2021-07-13 03:00:00+00:00,usdjpy,110.3735,110.3975,110.3485,110.3645
2021-07-13 04:00:00+00:00,usdjpy,110.428,110.4315,110.3665,110.373
2021-07-13 05:00:00+00:00,usdjpy,110.374,110.4485,110.3675,110.4275
2021-07-13 06:00:00+00:00,usdjpy,110.3845,110.413,110.353,110.3735
2021-07-13 07:00:00+00:00,usdjpy,110.376,110.398,110.316,110.384
2021-07-13 08:00:00+00:00,usdjpy,110.3505,110.422,110.3195,110.375
2021-07-13 09:00:00+00:00,usdjpy,110.2455,110.3745,110.2405,110.35
2021-07-13 10:00:00+00:00,usdjpy,110.2335,110.2915,110.2225,110.2445
2021-07-13 11:00:00+00:00,usdjpy,110.218,110.2935,110.1995,110.233
2021-07-13 12:00:00+00:00,usdjpy,110.5115,110.5445,110.206,110.2175
2021-07-13 13:00:00+00:00,usdjpy,110.4185,110.5585,110.3785,110.5125
2021-07-13 14:00:00+00:00,usdjpy,110.3185,110.4495,110.291,110.4145
2021-07-13 15:00:00+00:00,usdjpy,110.3655,110.3875,110.2895,110.3195
2021-07-13 16:00:00+00:00,usdjpy,110.4215,110.43,110.3655,110.366
2021-07-13 17:00:00+00:00,usdjpy,110.6155,110.6275,110.41,110.4225
2021-07-13 18:00:00+00:00,usdjpy,110.5965,110.6475,110.5645,110.616
2021-07-13 19:00:00+00:00,usdjpy,110.605,110.6165,110.5715,110.597
2021-07-13 20:00:00+00:00,usdjpy,110.6325,110.6485,110.5865,110.6055
2021-07-13 21:00:00+00:00,usdjpy,110.6255,110.6355,110.6065,110.6345
2021-07-13 22:00:00+00:00,usdjpy,110.6035,110.642,110.5905,110.6265
2021-07-13 23:00:00+00:00,usdjpy,110.5985,110.6205,110.5925,110.6025
2021-07-14 00:00:00+00:00,usdjpy,110.6285,110.7005,110.5835,110.5975
2021-07-14 01:00:00+00:00,usdjpy,110.513,110.6305,110.4655,110.6295
2021-07-14 02:00:00+00:00,usdjpy,110.5135,110.5365,110.4835,110.5125
2021-07-14 03:00:00+00:00,usdjpy,110.4995,110.514,110.4805,110.514
2021-07-14 04:00:00+00:00,usdjpy,110.5035,110.5055,110.4465,110.5
2021-07-14 05:00:00+00:00,usdjpy,110.5035,110.5345,110.4855,110.503
2021-07-14 06:00:00+00:00,usdjpy,110.4625,110.5185,110.4175,110.504
2021-07-14 07:00:00+00:00,usdjpy,110.5085,110.5335,110.4515,110.4615
2021-07-14 08:00:00+00:00,usdjpy,110.511,110.5375,110.456,110.508
2021-07-14 09:00:00+00:00,usdjpy,110.4955,110.518,110.455,110.5115
2021-07-14 10:00:00+00:00,usdjpy,110.505,110.5165,110.4625,110.4945
2021-07-14 11:00:00+00:00,usdjpy,110.462,110.5175,110.4485,110.5055
2021-07-14 12:00:00+00:00,usdjpy,110.1825,110.4615,110.1425,110.4615
2021-07-14 13:00:00+00:00,usdjpy,110.0795,110.192,110.062,110.183
2021-07-14 14:00:00+00:00,usdjpy,110.0875,110.1185,109.973,110.08
2021-07-14 15:00:00+00:00,usdjpy,110.0385,110.0895,110.02,110.087
2021-07-14 16:00:00+00:00,usdjpy,109.9845,110.0515,109.9555,110.038
2021-07-14 17:00:00+00:00,usdjpy,110.0155,110.0225,109.9485,109.984
2021-07-14 18:00:00+00:00,usdjpy,110.0045,110.0215,109.9685,110.0165
2021-07-14 19:00:00+00:00,usdjpy,109.9735,110.0145,109.971,110.004
2021-07-14 20:00:00+00:00,usdjpy,109.9505,109.9745,109.9375,109.9735
2021-07-14 21:00:00+00:00,usdjpy,109.9685,109.988,109.9495,109.9705
2021-07-14 22:00:00+00:00,usdjpy,109.9885,109.9915,109.9455,109.9695
2021-07-14 23:00:00+00:00,usdjpy,109.998,110.0285,109.9755,109.9875
2021-07-15 00:00:00+00:00,usdjpy,109.9045,110.0155,109.8365,109.999
2021-07-15 01:00:00+00:00,usdjpy,109.9235,109.9265,109.821,109.904
2021-07-15 02:00:00+00:00,usdjpy,109.8815,109.9905,109.8475,109.9245
2021-07-15 03:00:00+00:00,usdjpy,109.858,109.919,109.848,109.882
2021-07-15 04:00:00+00:00,usdjpy,109.8925,109.8935,109.8305,109.8585
2021-07-15 05:00:00+00:00,usdjpy,109.8425,109.8915,109.8345,109.8915
2021-07-15 06:00:00+00:00,usdjpy,109.8605,109.8705,109.749,109.842
2021-07-15 07:00:00+00:00,usdjpy,109.7705,109.8635,109.7505,109.861
2021-07-15 08:00:00+00:00,usdjpy,109.7505,109.8165,109.7155,109.77
2021-07-15 09:00:00+00:00,usdjpy,109.7975,109.8015,109.73,109.7515
2021-07-15 10:00:00+00:00,usdjpy,109.976,109.9865,109.7945,109.7965
2021-07-15 11:00:00+00:00,usdjpy,109.9955,110.0455,109.9385,109.9765
2021-07-15 12:00:00+00:00,usdjpy,110.068,110.0905,109.9885,109.995
2021-07-15 13:00:00+00:00,usdjpy,109.8995,110.0865,109.8455,110.0675
2021-07-15 14:00:00+00:00,usdjpy,110.0315,110.0495,109.884,109.9
2021-07-15 15:00:00+00:00,usdjpy,110.0585,110.0715,109.9775,110.032
2021-07-15 16:00:00+00:00,usdjpy,110.0445,110.0645,110.0285,110.058
2021-07-15 17:00:00+00:00,usdjpy,109.8785,110.0505,109.8705,110.045
2021-07-15 18:00:00+00:00,usdjpy,109.8225,109.8965,109.8175,109.8795
2021-07-15 19:00:00+00:00,usdjpy,109.7905,109.8375,109.7845,109.8235
2021-07-15 20:00:00+00:00,usdjpy,109.844,109.8545,109.7815,109.7915
2021-07-15 21:00:00+00:00,usdjpy,109.8425,109.8595,109.8215,109.8435
2021-07-15 22:00:00+00:00,usdjpy,109.8215,109.8445,109.7985,109.8435
2021-07-15 23:00:00+00:00,usdjpy,109.781,109.8265,109.7655,109.8205
2021-07-16 00:00:00+00:00,usdjpy,109.8845,109.902,109.7345,109.7805
2021-07-16 01:00:00+00:00,usdjpy,109.9935,110.017,109.8635,109.884
2021-07-16 02:00:00+00:00,usdjpy,109.988,110.074,109.9775,109.9925
2021-07-16 03:00:00+00:00,usdjpy,109.9545,110.0355,109.9415,109.9885
2021-07-16 04:00:00+00:00,usdjpy,110.0105,110.0305,109.9465,109.954
2021-07-16 05:00:00+00:00,usdjpy,109.9905,110.0145,109.9445,110.01
2021-07-16 06:00:00+00:00,usdjpy,109.9825,110.0105,109.951,109.99
2021-07-16 07:00:00+00:00,usdjpy,110.1605,110.222,109.934,109.9835
2021-07-16 08:00:00+00:00,usdjpy,110.087,110.164,110.0795,110.161
2021-07-16 09:00:00+00:00,usdjpy,110.106,110.1335,110.0615,110.0875
2021-07-16 10:00:00+00:00,usdjpy,110.2285,110.2415,110.1055,110.1065
2021-07-16 11:00:00+00:00,usdjpy,110.1995,110.2395,110.1515,110.229
2021-07-16 12:00:00+00:00,usdjpy,110.3175,110.3415,110.1635,110.2005
2021-07-16 13:00:00+00:00,usdjpy,110.2245,110.3425,110.1705,110.318
2021-07-16 14:00:00+00:00,usdjpy,110.1035,110.2295,110.0895,110.224
2021-07-16 15:00:00+00:00,usdjpy,110.1305,110.1785,110.0855,110.1055
2021-07-16 16:00:00+00:00,usdjpy,110.105,110.1455,110.0875,110.131
2021-07-16 17:00:00+00:00,usdjpy,110.0825,110.1065,110.0385,110.1055
2021-07-16 18:00:00+00:00,usdjpy,110.0755,110.1065,110.0405,110.0815
2021-07-16 19:00:00+00:00,usdjpy,110.0565,110.0955,110.051,110.075
2021-07-16 20:00:00+00:00,usdjpy,110.0715,110.0885,110.0365,110.057
2021-07-18 21:00:00+00:00,usdjpy,110.0325,110.09,110.0275,110.0505
2021-07-18 22:00:00+00:00,usdjpy,109.9895,110.1005,109.9825,110.0315
2021-07-18 23:00:00+00:00,usdjpy,109.8785,109.991,109.851,109.99
2021-07-19 00:00:00+00:00,usdjpy,109.8695,109.9385,109.853,109.8795
2021-07-19 01:00:00+00:00,usdjpy,109.9255,109.93,109.8515,109.869
2021-07-19 02:00:00+00:00,usdjpy,109.9275,109.9475,109.9015,109.926
2021-07-19 03:00:00+00:00,usdjpy,109.9555,109.963,109.911,109.927
2021-07-19 04:00:00+00:00,usdjpy,109.9175,109.9645,109.897,109.955
2021-07-19 05:00:00+00:00,usdjpy,109.947,109.9615,109.9035,109.917
2021-07-19 06:00:00+00:00,usdjpy,110.0275,110.0335,109.9335,109.9475
2021-07-19 07:00:00+00:00,usdjpy,109.8455,110.0325,109.7915,110.028
2021-07-19 08:00:00+00:00,usdjpy,109.7345,109.9025,109.7045,109.846
2021-07-19 09:00:00+00:00,usdjpy,109.8015,109.835,109.7255,109.7335
2021-07-19 10:00:00+00:00,usdjpy,109.8165,109.8205,109.7185,109.8025
2021-07-19 11:00:00+00:00,usdjpy,109.6675,109.8305,109.6125,109.816
2021-07-19 12:00:00+00:00,usdjpy,109.4765,109.6745,109.4315,109.667
2021-07-19 13:00:00+00:00,usdjpy,109.2065,109.4775,109.0665,109.4755
2021-07-19 14:00:00+00:00,usdjpy,109.3585,109.443,109.118,109.2055
2021-07-19 15:00:00+00:00,usdjpy,109.4655,109.5785,109.3725,109.375
2021-07-19 16:00:00+00:00,usdjpy,109.3875,109.468,109.3425,109.466
2021-07-19 17:00:00+00:00,usdjpy,109.4435,109.4645,109.3865,109.388
2021-07-19 18:00:00+00:00,usdjpy,109.4725,109.4875,109.4325,109.4445
2021-07-19 19:00:00+00:00,usdjpy,109.4805,109.5125,109.4355,109.473
2021-07-19 20:00:00+00:00,usdjpy,109.4645,109.5005,109.4485,109.4795
2021-07-19 21:00:00+00:00,usdjpy,109.4705,109.4985,109.4225,109.468
2021-07-19 22:00:00+00:00,usdjpy,109.484,109.5085,109.4575,109.4735
2021-07-19 23:00:00+00:00,usdjpy,109.5305,109.562,109.4835,109.4835
2021-07-20 00:00:00+00:00,usdjpy,109.5055,109.5735,109.4775,109.5295
2021-07-20 01:00:00+00:00,usdjpy,109.5035,109.5715,109.4815,109.5045
2021-07-20 02:00:00+00:00,usdjpy,109.5555,109.5695,109.4795,109.5045
2021-07-20 03:00:00+00:00,usdjpy,109.4355,109.6035,109.3735,109.555
2021-07-20 04:00:00+00:00,usdjpy,109.4585,109.4825,109.3715,109.4365
2021-07-20 05:00:00+00:00,usdjpy,109.492,109.5355,109.4525,109.459
2021-07-20 06:00:00+00:00,usdjpy,109.5655,109.566,109.4595,109.4915
2021-07-20 07:00:00+00:00,usdjpy,109.6305,109.7065,109.5475,109.566
2021-07-20 08:00:00+00:00,usdjpy,109.618,109.7465,109.6015,109.631
2021-07-20 09:00:00+00:00,usdjpy,109.4365,109.6215,109.3895,109.6185
2021-07-20 10:00:00+00:00,usdjpy,109.4285,109.4405,109.3305,109.437
2021-07-20 11:00:00+00:00,usdjpy,109.5925,109.606,109.406,109.4225
2021-07-20 12:00:00+00:00,usdjpy,109.527,109.6265,109.4315,109.593
2021-07-20 13:00:00+00:00,usdjpy,109.588,109.6065,109.3675,109.53
2021-07-20 14:00:00+00:00,usdjpy,109.926,109.9515,109.5705,109.5855
2021-07-20 15:00:00+00:00,usdjpy,109.9165,109.957,109.8685,109.9265
2021-07-20 16:00:00+00:00,usdjpy,109.9015,109.9375,109.8335,109.917
2021-07-20 17:00:00+00:00,usdjpy,109.8465,109.925,109.8395,109.902
2021-07-20 18:00:00+00:00,usdjpy,109.8215,109.8635,109.8175,109.8475
2021-07-20 19:00:00+00:00,usdjpy,109.8285,109.8875,109.8165,109.822
2021-07-20 20:00:00+00:00,usdjpy,109.8595,109.87,109.8215,109.8295
2021-07-20 21:00:00+00:00,usdjpy,109.8755,109.8985,109.8335,109.8685
2021-07-20 22:00:00+00:00,usdjpy,109.8695,109.8855,109.8525,109.8785
2021-07-20 23:00:00+00:00,usdjpy,109.9205,109.934,109.865,109.8685
2021-07-21 00:00:00+00:00,usdjpy,109.9635,109.9745,109.8635,109.9195
2021-07-21 01:00:00+00:00,usdjpy,109.9305,109.9825,109.8845,109.963
2021-07-21 02:00:00+00:00,usdjpy,109.8975,109.9345,109.8575,109.9315
2021-07-21 03:00:00+00:00,usdjpy,109.8945,109.9225,109.8635,109.898
2021-07-21 04:00:00+00:00,usdjpy,109.8805,109.9195,109.8715,109.8955
2021-07-21 05:00:00+00:00,usdjpy,109.9055,109.9125,109.8755,109.881
2021-07-21 06:00:00+00:00,usdjpy,109.9295,109.9295,109.803,109.9055
2021-07-21 07:00:00+00:00,usdjpy,110.092,110.1395,109.8945,109.929
2021-07-21 08:00:00+00:00,usdjpy,110.099,110.1755,110.0555,110.0915
2021-07-21 09:00:00+00:00,usdjpy,110.0695,110.117,110.0025,110.0995
2021-07-21 10:00:00+00:00,usdjpy,110.1475,110.157,110.0505,110.0705
2021-07-21 11:00:00+00:00,usdjpy,110.0805,110.1545,110.046,110.1465
2021-07-21 12:00:00+00:00,usdjpy,110.1865,110.2035,110.0765,110.08
2021-07-21 13:00:00+00:00,usdjpy,110.2285,110.3885,110.1845,110.187
2021-07-21 14:00:00+00:00,usdjpy,110.318,110.3705,110.2285,110.2295
2021-07-21 15:00:00+00:00,usdjpy,110.223,110.3555,110.2055,110.3175
2021-07-21 16:00:00+00:00,usdjpy,110.3075,110.3255,110.222,110.2235
2021-07-21 17:00:00+00:00,usdjpy,110.2985,110.3345,110.2805,110.308
2021-07-21 18:00:00+00:00,usdjpy,110.2685,110.3395,110.2625,110.2995
2021-07-21 19:00:00+00:00,usdjpy,110.2645,110.2965,110.2575,110.268
2021-07-21 20:00:00+00:00,usdjpy,110.2895,110.3045,110.2635,110.265
2021-07-21 21:00:00+00:00,usdjpy,110.2865,110.3005,110.2825,110.2925
2021-07-21 22:00:00+00:00,usdjpy,110.278,110.2985,110.2625,110.287
2021-07-21 23:00:00+00:00,usdjpy,110.25,110.2955,110.2475,110.2775
2021-07-22 00:00:00+00:00,usdjpy,110.1885,110.2615,110.1835,110.2495
2021-07-22 01:00:00+00:00,usdjpy,110.133,110.2005,110.0855,110.189
2021-07-22 02:00:00+00:00,usdjpy,110.1485,110.1505,110.099,110.1325
2021-07-22 03:00:00+00:00,usdjpy,110.1255,110.1495,110.118,110.1495
2021-07-22 04:00:00+00:00,usdjpy,110.148,110.1495,110.1235,110.1265
2021-07-22 05:00:00+00:00,usdjpy,110.1675,110.1685,110.1305,110.1485
2021-07-22 06:00:00+00:00,usdjpy,110.1265,110.2025,110.07,110.168
2021-07-22 07:00:00+00:00,usdjpy,110.2335,110.2715,110.1105,110.1275
2021-07-22 08:00:00+00:00,usdjpy,110.2525,110.3595,110.2325,110.233
2021-07-22 09:00:00+00:00,usdjpy,110.2485,110.2785,110.2215,110.2535
2021-07-22 10:00:00+00:00,usdjpy,110.3185,110.3435,110.221,110.248
2021-07-22 11:00:00+00:00,usdjpy,110.2715,110.3205,110.2105,110.318
2021-07-22 12:00:00+00:00,usdjpy,110.072,110.271,110.017,110.2705
2021-07-22 13:00:00+00:00,usdjpy,110.1705,110.1925,110.0435,110.0635
2021-07-22 14:00:00+00:00,usdjpy,110.143,110.2395,110.1035,110.175
2021-07-22 15:00:00+00:00,usdjpy,110.1185,110.1515,110.0755,110.142
2021-07-22 16:00:00+00:00,usdjpy,110.1285,110.146,110.0665,110.1175
2021-07-22 17:00:00+00:00,usdjpy,110.2125,110.2235,110.1005,110.129
2021-07-22 18:00:00+00:00,usdjpy,110.1475,110.2125,110.1455,110.2115
2021-07-22 19:00:00+00:00,usdjpy,110.143,110.1515,110.0865,110.148
2021-07-22 20:00:00+00:00,usdjpy,110.1565,110.203,110.1425,110.1435
2021-07-22 21:00:00+00:00,usdjpy,110.1345,110.1635,110.1045,110.125
2021-07-22 22:00:00+00:00,usdjpy,110.154,110.1655,110.1345,110.1365
2021-07-22 23:00:00+00:00,usdjpy,110.1435,110.1625,110.089,110.1545
2021-07-23 00:00:00+00:00,usdjpy,110.1375,110.1495,110.1165,110.1425
2021-07-23 01:00:00+00:00,usdjpy,110.1675,110.1725,110.1265,110.1365
2021-07-23 02:00:00+00:00,usdjpy,110.2445,110.2845,110.168,110.168
2021-07-23 03:00:00+00:00,usdjpy,110.2715,110.3055,110.23,110.245
2021-07-23 04:00:00+00:00,usdjpy,110.27,110.2735,110.2495,110.272
2021-07-23 05:00:00+00:00,usdjpy,110.2735,110.2795,110.2495,110.2695
2021-07-23 06:00:00+00:00,usdjpy,110.2945,110.3105,110.2645,110.2745
2021-07-23 07:00:00+00:00,usdjpy,110.3375,110.415,110.2785,110.295
2021-07-23 08:00:00+00:00,usdjpy,110.4855,110.4875,110.3125,110.338
2021-07-23 09:00:00+00:00,usdjpy,110.4525,110.4985,110.4355,110.486
2021-07-23 10:00:00+00:00,usdjpy,110.4835,110.4885,110.4175,110.453
2021-07-23 11:00:00+00:00,usdjpy,110.5295,110.5755,110.4555,110.483
2021-07-23 12:00:00+00:00,usdjpy,110.4855,110.589,110.4605,110.53
2021-07-23 13:00:00+00:00,usdjpy,110.4195,110.5475,110.3915,110.4845
2021-07-23 14:00:00+00:00,usdjpy,110.5735,110.5945,110.405,110.4185
2021-07-23 15:00:00+00:00,usdjpy,110.5155,110.5775,110.5075,110.567
2021-07-23 16:00:00+00:00,usdjpy,110.547,110.549,110.492,110.516
2021-07-23 17:00:00+00:00,usdjpy,110.5345,110.5485,110.5145,110.5465
2021-07-23 18:00:00+00:00,usdjpy,110.5575,110.5625,110.5045,110.5355
2021-07-23 19:00:00+00:00,usdjpy,110.5485,110.563,110.5175,110.558
2021-07-23 20:00:00+00:00,usdjpy,110.539,110.565,110.5225,110.549
2021-07-25 21:00:00+00:00,usdjpy,110.5225,110.548,110.4855,110.5055
2021-07-25 22:00:00+00:00,usdjpy,110.5465,110.5655,110.5165,110.5215
2021-07-25 23:00:00+00:00,usdjpy,110.5485,110.569,110.5095,110.547
2021-07-26 00:00:00+00:00,usdjpy,110.455,110.585,110.4525,110.548
2021-07-26 01:00:00+00:00,usdjpy,110.4115,110.4615,110.3435,110.4545
2021-07-26 02:00:00+00:00,usdjpy,110.3665,110.4135,110.3275,110.411
2021-07-26 03:00:00+00:00,usdjpy,110.3295,110.369,110.3195,110.366
2021-07-26 04:00:00+00:00,usdjpy,110.3395,110.3725,110.3285,110.329
2021-07-26 05:00:00+00:00,usdjpy,110.3195,110.3415,110.2685,110.34
2021-07-26 06:00:00+00:00,usdjpy,110.2665,110.336,110.2215,110.3185
2021-07-26 07:00:00+00:00,usdjpy,110.2085,110.3005,110.1185,110.2705
2021-07-26 08:00:00+00:00,usdjpy,110.2255,110.2645,110.144,110.2085
2021-07-26 09:00:00+00:00,usdjpy,110.305,110.3375,110.2255,110.2265
2021-07-26 10:00:00+00:00,usdjpy,110.2985,110.3295,110.2625,110.3055
2021-07-26 11:00:00+00:00,usdjpy,110.2865,110.3195,110.2215,110.298
2021-07-26 12:00:00+00:00,usdjpy,110.3695,110.4265,110.2685,110.286
2021-07-26 13:00:00+00:00,usdjpy,110.313,110.3955,110.2635,110.369
2021-07-26 14:00:00+00:00,usdjpy,110.2895,110.3555,110.1565,110.3135
2021-07-26 15:00:00+00:00,usdjpy,110.3135,110.3185,110.2505,110.289
2021-07-26 16:00:00+00:00,usdjpy,110.3225,110.3425,110.296,110.314
2021-07-26 17:00:00+00:00,usdjpy,110.3335,110.3585,110.3145,110.323
2021-07-26 18:00:00+00:00,usdjpy,110.382,110.389,110.3325,110.333
2021-07-26 19:00:00+00:00,usdjpy,110.3775,110.4115,110.372,110.3815
2021-07-26 20:00:00+00:00,usdjpy,110.3835,110.3965,110.3725,110.378
2021-07-26 21:00:00+00:00,usdjpy,110.382,110.399,110.3785,110.3925
2021-07-26 22:00:00+00:00,usdjpy,110.3815,110.3835,110.3615,110.3825
2021-07-26 23:00:00+00:00,usdjpy,110.3085,110.3895,110.301,110.381
2021-07-27 00:00:00+00:00,usdjpy,110.2235,110.3315,110.2165,110.3095
2021-07-27 01:00:00+00:00,usdjpy,110.2635,110.3105,110.203,110.2245
2021-07-27 02:00:00+00:00,usdjpy,110.2165,110.2655,110.1945,110.2645
2021-07-27 03:00:00+00:00,usdjpy,110.1995,110.2245,110.1695,110.2155
2021-07-27 04:00:00+00:00,usdjpy,110.2095,110.2575,110.1855,110.199
2021-07-27 05:00:00+00:00,usdjpy,110.2055,110.2355,110.1935,110.2105
2021-07-27 06:00:00+00:00,usdjpy,110.1685,110.2225,110.1335,110.206
2021-07-27 07:00:00+00:00,usdjpy,110.0905,110.1815,109.9795,110.1695
2021-07-27 08:00:00+00:00,usdjpy,110.0755,110.1715,110.0575,110.0905
2021-07-27 09:00:00+00:00,usdjpy,110.128,110.1455,110.0255,110.0765
2021-07-27 10:00:00+00:00,usdjpy,110.1195,110.1575,110.0885,110.1285
2021-07-27 11:00:00+00:00,usdjpy,110.1285,110.173,110.113,110.119
2021-07-27 12:00:00+00:00,usdjpy,109.955,110.1295,109.9445,110.128
2021-07-27 13:00:00+00:00,usdjpy,109.905,109.955,109.8415,109.9545
2021-07-27 14:00:00+00:00,usdjpy,109.8005,110.0255,109.7905,109.9055
2021-07-27 15:00:00+00:00,usdjpy,109.6435,109.82,109.6235,109.8015
2021-07-27 16:00:00+00:00,usdjpy,109.6265,109.6525,109.584,109.643
2021-07-27 17:00:00+00:00,usdjpy,109.6515,109.6575,109.6035,109.6275
2021-07-27 18:00:00+00:00,usdjpy,109.7175,109.7215,109.6505,109.651
2021-07-27 19:00:00+00:00,usdjpy,109.713,109.7565,109.7085,109.7185
2021-07-27 20:00:00+00:00,usdjpy,109.7875,109.8145,109.71,109.7125
2021-07-27 21:00:00+00:00,usdjpy,109.772,109.784,109.7365,109.7625
2021-07-27 22:00:00+00:00,usdjpy,109.7905,109.7965,109.7525,109.7725
2021-07-27 23:00:00+00:00,usdjpy,109.8095,109.8165,109.7625,109.7895
2021-07-28 00:00:00+00:00,usdjpy,109.873,109.9115,109.7635,109.8085
2021-07-28 01:00:00+00:00,usdjpy,109.8495,109.9135,109.8185,109.8735
2021-07-28 02:00:00+00:00,usdjpy,109.8025,109.8495,109.7595,109.849
2021-07-28 03:00:00+00:00,usdjpy,109.7955,109.8235,109.7545,109.8035
2021-07-28 04:00:00+00:00,usdjpy,109.7725,109.8145,109.7445,109.7985
2021-07-28 05:00:00+00:00,usdjpy,109.8395,109.8465,109.7565,109.772
2021-07-28 06:00:00+00:00,usdjpy,109.8595,109.8955,109.7955,109.839
2021-07-28 07:00:00+00:00,usdjpy,109.9695,109.9695,109.7915,109.86
2021-07-28 08:00:00+00:00,usdjpy,109.9235,109.9955,109.9105,109.97
2021-07-28 09:00:00+00:00,usdjpy,109.9795,109.988,109.8785,109.924
2021-07-28 10:00:00+00:00,usdjpy,109.9705,109.9975,109.9125,109.979
2021-07-28 11:00:00+00:00,usdjpy,110.0775,110.1065,109.9545,109.97
2021-07-28 12:00:00+00:00,usdjpy,110.1475,110.1635,110.0475,110.0785
2021-07-28 13:00:00+00:00,usdjpy,110.2035,110.2185,110.103,110.148
2021-07-28 14:00:00+00:00,usdjpy,110.106,110.2275,110.0825,110.2095
2021-07-28 15:00:00+00:00,usdjpy,110.0675,110.1225,110.0665,110.1055
2021-07-28 16:00:00+00:00,usdjpy,110.0475,110.0765,110.0285,110.0685
2021-07-28 17:00:00+00:00,usdjpy,110.0905,110.1035,110.0315,110.048
2021-07-28 18:00:00+00:00,usdjpy,109.981,110.2885,109.9305,110.091
2021-07-28 19:00:00+00:00,usdjpy,109.8655,110.0275,109.8435,109.98
2021-07-28 20:00:00+00:00,usdjpy,109.9215,109.9235,109.853,109.866
2021-07-28 21:00:00+00:00,usdjpy,109.933,109.9415,109.91,109.9115
2021-07-28 22:00:00+00:00,usdjpy,109.9115,109.9495,109.8975,109.9325
2021-07-28 23:00:00+00:00,usdjpy,109.8925,109.9125,109.8675,109.911
2021-07-29 00:00:00+00:00,usdjpy,109.749,109.892,109.7215,109.892
2021-07-29 01:00:00+00:00,usdjpy,109.7485,109.7595,109.6865,109.7495
2021-07-29 02:00:00+00:00,usdjpy,109.8055,109.8205,109.7205,109.749
2021-07-29 03:00:00+00:00,usdjpy,109.786,109.814,109.7595,109.8045
2021-07-29 04:00:00+00:00,usdjpy,109.7835,109.832,109.7675,109.7855
2021-07-29 05:00:00+00:00,usdjpy,109.7345,109.791,109.681,109.784
2021-07-29 06:00:00+00:00,usdjpy,109.8345,109.8425,109.7265,109.7355
2021-07-29 07:00:00+00:00,usdjpy,109.8565,109.892,109.7855,109.834
2021-07-29 08:00:00+00:00,usdjpy,109.8115,109.8885,109.7295,109.856
2021-07-29 09:00:00+00:00,usdjpy,109.8405,109.8685,109.8015,109.812
2021-07-29 10:00:00+00:00,usdjpy,109.8655,109.88,109.7785,109.84
2021-07-29 11:00:00+00:00,usdjpy,109.8475,109.8775,109.794,109.865
2021-07-29 12:00:00+00:00,usdjpy,109.7595,109.8485,109.6065,109.847
2021-07-29 13:00:00+00:00,usdjpy,109.7585,109.9125,109.7195,109.759
2021-07-29 14:00:00+00:00,usdjpy,109.6075,109.8165,109.599,109.7565
2021-07-29 15:00:00+00:00,usdjpy,109.5445,109.6455,109.4715,109.6205
2021-07-29 16:00:00+00:00,usdjpy,109.5285,109.5975,109.5255,109.544
2021-07-29 17:00:00+00:00,usdjpy,109.5075,109.566,109.486,109.529
2021-07-29 18:00:00+00:00,usdjpy,109.461,109.5225,109.461,109.5085
2021-07-29 19:00:00+00:00,usdjpy,109.4545,109.4675,109.4225,109.4605
2021-07-29 20:00:00+00:00,usdjpy,109.4805,109.4935,109.4525,109.4555
2021-07-29 21:00:00+00:00,usdjpy,109.4775,109.5075,109.4495,109.4815
2021-07-29 22:00:00+00:00,usdjpy,109.4565,109.4865,109.443,109.4785
2021-07-29 23:00:00+00:00,usdjpy,109.4135,109.457,109.4035,109.457
2021-07-30 00:00:00+00:00,usdjpy,109.5515,109.5535,109.3625,109.4125
2021-07-30 01:00:00+00:00,usdjpy,109.4745,109.608,109.468,109.551
2021-07-30 02:00:00+00:00,usdjpy,109.5315,109.5425,109.4665,109.474
2021-07-30 03:00:00+00:00,usdjpy,109.521,109.562,109.4975,109.532
2021-07-30 04:00:00+00:00,usdjpy,109.5275,109.5375,109.4845,109.5215
2021-07-30 05:00:00+00:00,usdjpy,109.547,109.5575,109.4995,109.528
2021-07-30 06:00:00+00:00,usdjpy,109.6075,109.6295,109.5255,109.5465
2021-07-30 07:00:00+00:00,usdjpy,109.528,109.63,109.4905,109.608
2021-07-30 08:00:00+00:00,usdjpy,109.4975,109.56,109.4815,109.5285
2021-07-30 09:00:00+00:00,usdjpy,109.5565,109.5745,109.4965,109.4965
2021-07-30 10:00:00+00:00,usdjpy,109.5965,109.6255,109.5535,109.557
2021-07-30 11:00:00+00:00,usdjpy,109.659,109.6665,109.5945,109.5975
2021-07-30 12:00:00+00:00,usdjpy,109.7755,109.7975,109.5885,109.66
2021-07-30 13:00:00+00:00,usdjpy,109.7055,109.7915,109.6345,109.7745
2021-07-30 14:00:00+00:00,usdjpy,109.7635,109.8,109.6605,109.706
2021-07-30 15:00:00+00:00,usdjpy,109.723,109.7675,109.7045,109.763
2021-07-30 16:00:00+00:00,usdjpy,109.7895,109.792,109.6985,109.7235
2021-07-30 17:00:00+00:00,usdjpy,109.8025,109.829,109.7785,109.79
2021-07-30 18:00:00+00:00,usdjpy,109.7555,109.8075,109.7545,109.803
2021-07-30 19:00:00+00:00,usdjpy,109.7085,109.7745,109.6935,109.7545
2021-07-30 20:00:00+00:00,usdjpy,109.706,109.733,109.6485,109.7095
2021-08-01 21:00:00+00:00,usdjpy,109.674,109.7315,109.6465,109.7085
2021-08-01 22:00:00+00:00,usdjpy,109.7155,109.7635,109.6725,109.6735
2021-08-01 23:00:00+00:00,usdjpy,109.7155,109.7725,109.7095,109.716
2021-08-02 00:00:00+00:00,usdjpy,109.633,109.7165,109.6025,109.715
2021-08-02 01:00:00+00:00,usdjpy,109.7145,109.7455,109.6125,109.6325
2021-08-02 02:00:00+00:00,usdjpy,109.6855,109.7375,109.6555,109.714
2021-08-02 03:00:00+00:00,usdjpy,109.6715,109.6985,109.6545,109.685
2021-08-02 04:00:00+00:00,usdjpy,109.704,109.7225,109.6675,109.6705
2021-08-02 05:00:00+00:00,usdjpy,109.6785,109.708,109.6505,109.7035
2021-08-02 06:00:00+00:00,usdjpy,109.6575,109.6985,109.6315,109.6775
2021-08-02 07:00:00+00:00,usdjpy,109.6805,109.7475,109.621,109.6625
2021-08-02 08:00:00+00:00,usdjpy,109.6515,109.7065,109.6335,109.6795
2021-08-02 09:00:00+00:00,usdjpy,109.5605,109.6715,109.5565,109.6505
2021-08-02 10:00:00+00:00,usdjpy,109.515,109.593,109.5125,109.56
2021-08-02 11:00:00+00:00,usdjpy,109.5095,109.5775,109.5015,109.5145
2021-08-02 12:00:00+00:00,usdjpy,109.5385,109.5435,109.4775,109.509
2021-08-02 13:00:00+00:00,usdjpy,109.4795,109.5455,109.4245,109.538
2021-08-02 14:00:00+00:00,usdjpy,109.276,109.4695,109.2315,109.4415
2021-08-02 15:00:00+00:00,usdjpy,109.2355,109.309,109.1895,109.2725
2021-08-02 16:00:00+00:00,usdjpy,109.2525,109.2595,109.1885,109.236
2021-08-02 17:00:00+00:00,usdjpy,109.274,109.279,109.2445,109.252
2021-08-02 18:00:00+00:00,usdjpy,109.2465,109.2895,109.2465,109.2745
2021-08-02 19:00:00+00:00,usdjpy,109.3045,109.376,109.2455,109.246
2021-08-02 20:00:00+00:00,usdjpy,109.3165,109.3535,109.2965,109.305
2021-08-02 21:00:00+00:00,usdjpy,109.3235,109.3475,109.2995,109.315
2021-08-02 22:00:00+00:00,usdjpy,109.33,109.3425,109.311,109.3225
2021-08-02 23:00:00+00:00,usdjpy,109.272,109.3375,109.268,109.3295
2021-08-03 00:00:00+00:00,usdjpy,109.3095,109.3175,109.2235,109.273
2021-08-03 01:00:00+00:00,usdjpy,109.2515,109.3355,109.2365,109.309
2021-08-03 02:00:00+00:00,usdjpy,109.2185,109.2525,109.193,109.251
2021-08-03 03:00:00+00:00,usdjpy,109.252,109.2775,109.2185,109.2195
2021-08-03 04:00:00+00:00,usdjpy,109.1845,109.2545,109.1375,109.2515
2021-08-03 05:00:00+00:00,usdjpy,109.1775,109.23,109.1635,109.185
2021-08-03 06:00:00+00:00,usdjpy,109.1355,109.185,109.1125,109.177
2021-08-03 07:00:00+00:00,usdjpy,109.2155,109.2405,109.0995,109.135
2021-08-03 08:00:00+00:00,usdjpy,109.15,109.249,109.1235,109.215
2021-08-03 09:00:00+00:00,usdjpy,109.1655,109.175,109.1295,109.1505
2021-08-03 22:00:00+00:00,usdjpy,109.0205,109.0215,109.0205,109.0205
2021-08-03 23:00:00+00:00,usdjpy,108.9935,109.021,108.9855,109.02
2021-08-04 00:00:00+00:00,usdjpy,109.0195,109.0435,108.949,108.994
2021-08-04 01:00:00+00:00,usdjpy,109.0245,109.0275,108.9275,109.019
2021-08-04 02:00:00+00:00,usdjpy,109.0395,109.1105,109.0025,109.024
2021-08-04 03:00:00+00:00,usdjpy,109.0545,109.0595,109.0135,109.04
2021-08-04 04:00:00+00:00,usdjpy,109.0835,109.0855,109.0445,109.055
2021-08-04 05:00:00+00:00,usdjpy,109.0545,109.084,109.0285,109.084
2021-08-04 06:00:00+00:00,usdjpy,109.0735,109.132,109.0475,109.055
2021-08-04 07:00:00+00:00,usdjpy,109.1035,109.1435,109.0695,109.0745
2021-08-04 08:00:00+00:00,usdjpy,109.193,109.2385,109.097,109.104
2021-08-04 09:00:00+00:00,usdjpy,109.1685,109.2145,109.1605,109.1935
2021-08-04 10:00:00+00:00,usdjpy,109.132,109.2005,109.1235,109.169
2021-08-04 11:00:00+00:00,usdjpy,109.0405,109.1435,109.0145,109.1325
2021-08-04 12:00:00+00:00,usdjpy,108.7695,109.0545,108.7615,109.04
2021-08-04 13:00:00+00:00,usdjpy,108.8355,108.8795,108.7235,108.7685
2021-08-04 14:00:00+00:00,usdjpy,109.5685,109.6275,108.8345,108.835
2021-08-04 15:00:00+00:00,usdjpy,109.4295,109.6765,109.429,109.568
2021-08-04 16:00:00+00:00,usdjpy,109.5205,109.5505,109.4305,109.4305
2021-08-04 17:00:00+00:00,usdjpy,109.5015,109.5195,109.4675,109.5195
2021-08-04 18:00:00+00:00,usdjpy,109.466,109.5155,109.453,109.501
2021-08-04 19:00:00+00:00,usdjpy,109.4685,109.4785,109.436,109.4655
2021-08-04 20:00:00+00:00,usdjpy,109.4855,109.4905,109.4465,109.468
2021-08-04 21:00:00+00:00,usdjpy,109.481,109.49,109.47,109.4865
2021-08-04 22:00:00+00:00,usdjpy,109.4885,109.5255,109.464,109.4815
2021-08-04 23:00:00+00:00,usdjpy,109.5355,109.5395,109.4775,109.4875
2021-08-05 00:00:00+00:00,usdjpy,109.6875,109.6925,109.5165,109.536
2021-08-05 01:00:00+00:00,usdjpy,109.6825,109.6885,109.6365,109.6885
2021-08-05 02:00:00+00:00,usdjpy,109.6735,109.7185,109.6305,109.682
2021-08-05 03:00:00+00:00,usdjpy,109.6775,109.6935,109.6485,109.674
2021-08-05 04:00:00+00:00,usdjpy,109.67,109.7005,109.6595,109.68
2021-08-05 05:00:00+00:00,usdjpy,109.6615,109.693,109.6435,109.6695
2021-08-05 06:00:00+00:00,usdjpy,109.6565,109.7545,109.6355,109.6625
2021-08-05 07:00:00+00:00,usdjpy,109.5715,109.711,109.5505,109.657
2021-08-05 08:00:00+00:00,usdjpy,109.603,109.668,109.5475,109.5725
2021-08-05 09:00:00+00:00,usdjpy,109.5955,109.6405,109.5735,109.6025
2021-08-05 10:00:00+00:00,usdjpy,109.4635,109.5945,109.4345,109.5945
2021-08-05 11:00:00+00:00,usdjpy,109.4285,109.484,109.4055,109.4645
2021-08-05 12:00:00+00:00,usdjpy,109.5945,109.6355,109.423,109.429
2021-08-05 13:00:00+00:00,usdjpy,109.6985,109.7535,109.5595,109.5935
2021-08-05 14:00:00+00:00,usdjpy,109.7015,109.7795,109.65,109.698
2021-08-05 15:00:00+00:00,usdjpy,109.7625,109.7835,109.6725,109.702
2021-08-05 16:00:00+00:00,usdjpy,109.7395,109.7645,109.6945,109.7615
2021-08-05 17:00:00+00:00,usdjpy,109.7685,109.7885,109.7375,109.739
2021-08-05 18:00:00+00:00,usdjpy,109.75,109.7865,109.7425,109.769
2021-08-05 19:00:00+00:00,usdjpy,109.7575,109.7675,109.7265,109.7505
2021-08-05 20:00:00+00:00,usdjpy,109.7745,109.7875,109.7515,109.758
2021-08-05 21:00:00+00:00,usdjpy,109.7635,109.7865,109.761,109.78
2021-08-05 22:00:00+00:00,usdjpy,109.7865,109.7925,109.7615,109.7645
2021-08-05 23:00:00+00:00,usdjpy,109.7545,109.7875,109.7515,109.786
2021-08-06 00:00:00+00:00,usdjpy,109.8655,109.8835,109.7445,109.7555
2021-08-06 01:00:00+00:00,usdjpy,109.8765,109.889,109.8315,109.866
2021-08-06 02:00:00+00:00,usdjpy,109.8645,109.883,109.853,109.876
2021-08-06 03:00:00+00:00,usdjpy,109.8585,109.8765,109.855,109.864
2021-08-06 04:00:00+00:00,usdjpy,109.8185,109.8715,109.8145,109.8595
2021-08-06 05:00:00+00:00,usdjpy,109.816,109.828,109.8045,109.818
2021-08-06 06:00:00+00:00,usdjpy,109.773,109.8465,109.7305,109.8165
2021-08-06 07:00:00+00:00,usdjpy,109.7225,109.797,109.7005,109.7725
2021-08-06 08:00:00+00:00,usdjpy,109.7825,109.7885,109.7145,109.722
2021-08-06 09:00:00+00:00,usdjpy,109.8115,109.8285,109.757,109.7835
2021-08-06 10:00:00+00:00,usdjpy,109.8285,109.8475,109.7825,109.812
2021-08-06 11:00:00+00:00,usdjpy,109.794,109.8485,109.7775,109.828
2021-08-06 12:00:00+00:00,usdjpy,110.1135,110.1185,109.7865,109.7935
2021-08-06 13:00:00+00:00,usdjpy,110.2805,110.285,110.117,110.117
2021-08-06 14:00:00+00:00,usdjpy,110.3235,110.3565,110.2585,110.28
2021-08-06 15:00:00+00:00,usdjpy,110.2365,110.3305,110.1945,110.323
2021-08-06 16:00:00+00:00,usdjpy,110.269,110.2845,110.2335,110.236
2021-08-06 17:00:00+00:00,usdjpy,110.256,110.2705,110.2225,110.2685
2021-08-06 18:00:00+00:00,usdjpy,110.2145,110.256,110.2035,110.2555
2021-08-06 19:00:00+00:00,usdjpy,110.2205,110.2405,110.1965,110.2155
2021-08-06 20:00:00+00:00,usdjpy,110.2305,110.2525,110.214,110.221
2021-08-06 21:00:00+00:00,usdjpy,110.2315,110.2375,110.205,110.231
2021-08-08 21:00:00+00:00,usdjpy,110.2525,110.267,110.2255,110.2645
2021-08-08 22:00:00+00:00,usdjpy,110.2835,110.2915,110.2255,110.253
2021-08-08 23:00:00+00:00,usdjpy,110.2785,110.295,110.25,110.2825
2021-08-09 00:00:00+00:00,usdjpy,110.2805,110.318,110.2495,110.278
2021-08-09 01:00:00+00:00,usdjpy,110.2135,110.2815,110.1905,110.2815
2021-08-09 02:00:00+00:00,usdjpy,110.2095,110.2395,110.2065,110.2145
2021-08-09 03:00:00+00:00,usdjpy,110.2185,110.239,110.202,110.2085
2021-08-09 04:00:00+00:00,usdjpy,110.2145,110.2285,110.2075,110.2195
2021-08-09 05:00:00+00:00,usdjpy,110.1905,110.222,110.1765,110.215
2021-08-09 06:00:00+00:00,usdjpy,110.181,110.1945,110.1085,110.191
2021-08-09 07:00:00+00:00,usdjpy,110.1865,110.24,110.1355,110.1815
2021-08-09 08:00:00+00:00,usdjpy,110.1905,110.237,110.148,110.187
2021-08-09 09:00:00+00:00,usdjpy,110.1365,110.1945,110.1075,110.191
2021-08-09 10:00:00+00:00,usdjpy,110.1495,110.1865,110.1125,110.1375
2021-08-09 11:00:00+00:00,usdjpy,110.0855,110.151,110.0455,110.15
2021-08-09 12:00:00+00:00,usdjpy,110.1435,110.1585,110.0615,110.086
2021-08-09 13:00:00+00:00,usdjpy,110.0875,110.149,110.0275,110.143
2021-08-09 14:00:00+00:00,usdjpy,110.1435,110.177,110.067,110.088
2021-08-09 15:00:00+00:00,usdjpy,110.2745,110.3065,110.1095,110.144
2021-08-09 16:00:00+00:00,usdjpy,110.2795,110.3045,110.2105,110.274
2021-08-09 17:00:00+00:00,usdjpy,110.2725,110.319,110.2595,110.2805
2021-08-09 18:00:00+00:00,usdjpy,110.2835,110.2895,110.2315,110.273
2021-08-09 19:00:00+00:00,usdjpy,110.3325,110.3355,110.2825,110.2845
2021-08-09 20:00:00+00:00,usdjpy,110.3105,110.3535,110.2995,110.3315
2021-08-09 21:00:00+00:00,usdjpy,110.3225,110.3365,110.2945,110.2975
2021-08-09 22:00:00+00:00,usdjpy,110.3015,110.3435,110.279,110.3215
2021-08-09 23:00:00+00:00,usdjpy,110.3225,110.3335,110.3025,110.3025
2021-08-10 00:00:00+00:00,usdjpy,110.3285,110.4065,110.3025,110.3235
2021-08-10 01:00:00+00:00,usdjpy,110.3375,110.3565,110.3125,110.329
2021-08-10 02:00:00+00:00,usdjpy,110.3485,110.3545,110.3085,110.338
2021-08-10 03:00:00+00:00,usdjpy,110.3365,110.3635,110.31,110.348
2021-08-10 04:00:00+00:00,usdjpy,110.3285,110.3545,110.3175,110.3395
2021-08-10 05:00:00+00:00,usdjpy,110.3585,110.3585,110.3185,110.328
2021-08-10 06:00:00+00:00,usdjpy,110.3835,110.4045,110.3495,110.358
2021-08-10 07:00:00+00:00,usdjpy,110.4395,110.468,110.3705,110.3845
2021-08-10 08:00:00+00:00,usdjpy,110.4885,110.5015,110.44,110.44
2021-08-10 09:00:00+00:00,usdjpy,110.508,110.5305,110.4485,110.4875
2021-08-10 10:00:00+00:00,usdjpy,110.4695,110.5485,110.4375,110.5075
2021-08-11 10:00:00+00:00,usdjpy,110.7405,110.7455,110.728,110.736
2021-08-11 11:00:00+00:00,usdjpy,110.6985,110.7605,110.6795,110.741
2021-08-11 12:00:00+00:00,usdjpy,110.4925,110.7065,110.401,110.698
2021-08-11 13:00:00+00:00,usdjpy,110.519,110.5795,110.3825,110.494
2021-08-11 14:00:00+00:00,usdjpy,110.4675,110.5335,110.4345,110.5185
2021-08-11 15:00:00+00:00,usdjpy,110.467,110.503,110.4415,110.4665
2021-08-11 16:00:00+00:00,usdjpy,110.417,110.4945,110.4155,110.4665
2021-08-11 17:00:00+00:00,usdjpy,110.4045,110.4455,110.3095,110.4175
2021-08-11 18:00:00+00:00,usdjpy,110.4585,110.4605,110.3915,110.405
2021-08-11 19:00:00+00:00,usdjpy,110.4175,110.481,110.3895,110.459
2021-08-11 20:00:00+00:00,usdjpy,110.4305,110.4455,110.401,110.418
2021-08-11 21:00:00+00:00,usdjpy,110.4305,110.4455,110.411,110.4215
2021-08-11 22:00:00+00:00,usdjpy,110.423,110.4535,110.4215,110.4295
2021-08-11 23:00:00+00:00,usdjpy,110.3785,110.4275,110.3605,110.4225
2021-08-12 00:00:00+00:00,usdjpy,110.348,110.4075,110.3375,110.378
2021-08-12 01:00:00+00:00,usdjpy,110.3535,110.3675,110.318,110.3475
2021-08-12 02:00:00+00:00,usdjpy,110.404,110.4345,110.3425,110.353
2021-08-12 03:00:00+00:00,usdjpy,110.3525,110.4165,110.3385,110.4035
2021-08-12 04:00:00+00:00,usdjpy,110.4185,110.4215,110.353,110.353
2021-08-12 05:00:00+00:00,usdjpy,110.3905,110.418,110.3785,110.418
2021-08-12 06:00:00+00:00,usdjpy,110.4375,110.449,110.3665,110.391
2021-08-12 07:00:00+00:00,usdjpy,110.3845,110.4755,110.3785,110.437
2021-08-12 08:00:00+00:00,usdjpy,110.359,110.4185,110.3475,110.385
2021-08-12 09:00:00+00:00,usdjpy,110.4245,110.4425,110.3585,110.3595
2021-08-12 10:00:00+00:00,usdjpy,110.4425,110.4485,110.4055,110.424
2021-08-12 11:00:00+00:00,usdjpy,110.4395,110.4635,110.4305,110.4435
2021-08-12 12:00:00+00:00,usdjpy,110.4615,110.5355,110.3965,110.4405
2021-08-12 13:00:00+00:00,usdjpy,110.4855,110.5475,110.4615,110.462
2021-08-12 14:00:00+00:00,usdjpy,110.3545,110.4905,110.3315,110.4865
2021-08-12 15:00:00+00:00,usdjpy,110.3645,110.3735,110.323,110.354
2021-08-12 16:00:00+00:00,usdjpy,110.4035,110.4035,110.3555,110.364
2021-08-12 17:00:00+00:00,usdjpy,110.3955,110.4415,110.3845,110.403
2021-08-12 18:00:00+00:00,usdjpy,110.4635,110.4775,110.3935,110.396
2021-08-12 19:00:00+00:00,usdjpy,110.411,110.4645,110.401,110.4625
2021-08-12 20:00:00+00:00,usdjpy,110.4215,110.4445,110.4105,110.4105
2021-08-12 21:00:00+00:00,usdjpy,110.4285,110.4595,110.3845,110.4035
2021-08-12 22:00:00+00:00,usdjpy,110.3955,110.4285,110.3925,110.4275
2021-08-12 23:00:00+00:00,usdjpy,110.4035,110.4175,110.3715,110.3965
2021-08-13 00:00:00+00:00,usdjpy,110.4235,110.4585,110.3895,110.4045
2021-08-13 01:00:00+00:00,usdjpy,110.4255,110.4275,110.371,110.423
2021-08-13 02:00:00+00:00,usdjpy,110.3955,110.4275,110.3835,110.425
2021-08-13 03:00:00+00:00,usdjpy,110.4125,110.42,110.3825,110.395
2021-08-13 04:00:00+00:00,usdjpy,110.4115,110.4205,110.4005,110.412
2021-08-13 05:00:00+00:00,usdjpy,110.4075,110.4155,110.3925,110.4125
2021-08-13 06:00:00+00:00,usdjpy,110.3745,110.4175,110.3485,110.408
2021-08-13 07:00:00+00:00,usdjpy,110.2945,110.3755,110.2495,110.3755
2021-08-13 08:00:00+00:00,usdjpy,110.274,110.3075,110.2355,110.2955
2021-08-13 09:00:00+00:00,usdjpy,110.3025,110.3325,110.2735,110.2745
2021-08-13 10:00:00+00:00,usdjpy,110.2745,110.3045,110.2555,110.3015
2021-08-13 11:00:00+00:00,usdjpy,110.2375,110.2745,110.2025,110.274
2021-08-13 12:00:00+00:00,usdjpy,110.1965,110.2455,110.1835,110.237
2021-08-13 13:00:00+00:00,usdjpy,110.1095,110.2045,110.0965,110.196
2021-08-13 14:00:00+00:00,usdjpy,109.8675,110.1095,109.8525,110.109
2021-08-13 15:00:00+00:00,usdjpy,109.7575,109.8775,109.7345,109.8685
2021-08-13 16:00:00+00:00,usdjpy,109.6725,109.7765,109.6465,109.7565
2021-08-13 17:00:00+00:00,usdjpy,109.6375,109.6745,109.5935,109.673
2021-08-13 18:00:00+00:00,usdjpy,109.5865,109.637,109.5865,109.637
2021-08-13 19:00:00+00:00,usdjpy,109.559,109.6135,109.5475,109.5875
2021-08-13 20:00:00+00:00,usdjpy,109.6115,109.6145,109.5575,109.5595
2021-08-15 21:00:00+00:00,usdjpy,109.6585,109.6695,109.6045,109.652
2021-08-15 22:00:00+00:00,usdjpy,109.6655,109.7525,109.5625,109.6535
2021-08-15 23:00:00+00:00,usdjpy,109.6285,109.6665,109.6035,109.665
2021-08-16 00:00:00+00:00,usdjpy,109.5025,109.6285,109.4425,109.628
2021-08-16 01:00:00+00:00,usdjpy,109.4435,109.5325,109.4065,109.5015
2021-08-16 02:00:00+00:00,usdjpy,109.3835,109.4435,109.3295,109.4425
2021-08-16 03:00:00+00:00,usdjpy,109.383,109.4045,109.3485,109.383
2021-08-16 04:00:00+00:00,usdjpy,109.4365,109.4445,109.3775,109.384
2021-08-16 05:00:00+00:00,usdjpy,109.4245,109.4535,109.4105,109.437
2021-08-16 06:00:00+00:00,usdjpy,109.3535,109.4345,109.3465,109.4235
2021-08-16 07:00:00+00:00,usdjpy,109.4135,109.4245,109.299,109.3525
2021-08-16 08:00:00+00:00,usdjpy,109.316,109.4535,109.3065,109.4125
2021-08-16 09:00:00+00:00,usdjpy,109.3395,109.429,109.3075,109.3165
2021-08-16 10:00:00+00:00,usdjpy,109.3265,109.3535,109.2585,109.3405
2021-08-16 11:00:00+00:00,usdjpy,109.3875,109.4285,109.3215,109.327
2021-08-16 12:00:00+00:00,usdjpy,109.315,109.44,109.2715,109.387
2021-08-16 13:00:00+00:00,usdjpy,109.173,109.3285,109.1155,109.3145
2021-08-16 14:00:00+00:00,usdjpy,109.1395,109.2935,109.1205,109.1725
2021-08-16 15:00:00+00:00,usdjpy,109.2695,109.2815,109.137,109.139
2021-08-16 16:00:00+00:00,usdjpy,109.239,109.2795,109.229,109.269
2021-08-16 17:00:00+00:00,usdjpy,109.2225,109.2485,109.2105,109.2395
2021-08-16 18:00:00+00:00,usdjpy,109.239,109.2595,109.2005,109.2215
2021-08-16 19:00:00+00:00,usdjpy,109.2355,109.2575,109.2275,109.2385
2021-08-16 20:00:00+00:00,usdjpy,109.2525,109.2755,109.2345,109.2365
2021-08-16 21:00:00+00:00,usdjpy,109.2815,109.3035,109.2555,109.2765
2021-08-16 22:00:00+00:00,usdjpy,109.2585,109.281,109.2325,109.281
2021-08-16 23:00:00+00:00,usdjpy,109.3025,109.3315,109.2305,109.2595
2021-08-17 00:00:00+00:00,usdjpy,109.239,109.3195,109.2225,109.302
2021-08-17 01:00:00+00:00,usdjpy,109.2325,109.281,109.2045,109.2385
2021-08-17 02:00:00+00:00,usdjpy,109.273,109.3415,109.2095,109.2315
2021-08-17 03:00:00+00:00,usdjpy,109.3085,109.3285,109.2675,109.2725
2021-08-17 04:00:00+00:00,usdjpy,109.3445,109.3555,109.3045,109.308
2021-08-17 05:00:00+00:00,usdjpy,109.345,109.3455,109.291,109.3455
2021-08-17 06:00:00+00:00,usdjpy,109.2935,109.3475,109.2445,109.3435
2021-08-17 07:00:00+00:00,usdjpy,109.3275,109.3715,109.1185,109.293
2021-08-17 08:00:00+00:00,usdjpy,109.3055,109.432,109.2865,109.327
2021-08-17 09:00:00+00:00,usdjpy,109.3105,109.3555,109.2915,109.3045
2021-08-17 10:00:00+00:00,usdjpy,109.2845,109.3285,109.2565,109.31
2021-08-17 11:00:00+00:00,usdjpy,109.2975,109.307,109.2095,109.285
2021-08-17 12:00:00+00:00,usdjpy,109.5345,109.5595,109.1765,109.2965
2021-08-17 13:00:00+00:00,usdjpy,109.4405,109.567,109.4125,109.5335
2021-08-17 14:00:00+00:00,usdjpy,109.594,109.6325,109.4265,109.4395
2021-08-17 15:00:00+00:00,usdjpy,109.607,109.6565,109.5735,109.5945
2021-08-17 16:00:00+00:00,usdjpy,109.5475,109.609,109.5335,109.6085
2021-08-17 17:00:00+00:00,usdjpy,109.5275,109.5585,109.5095,109.5465
2021-08-17 18:00:00+00:00,usdjpy,109.5615,109.5795,109.5275,109.528
2021-08-17 19:00:00+00:00,usdjpy,109.5855,109.6035,109.5595,109.561
2021-08-17 20:00:00+00:00,usdjpy,109.5965,109.6125,109.5725,109.586
2021-08-17 21:00:00+00:00,usdjpy,109.5805,109.6105,109.5385,109.576
2021-08-17 22:00:00+00:00,usdjpy,109.5965,109.6115,109.5765,109.5795
2021-08-17 23:00:00+00:00,usdjpy,109.5405,109.6175,109.5405,109.596
2021-08-18 00:00:00+00:00,usdjpy,109.5155,109.593,109.5105,109.541
2021-08-18 01:00:00+00:00,usdjpy,109.5025,109.5535,109.4795,109.516
2021-08-18 02:00:00+00:00,usdjpy,109.566,109.5785,109.4915,109.503
2021-08-18 03:00:00+00:00,usdjpy,109.6455,109.649,109.5515,109.567
2021-08-18 04:00:00+00:00,usdjpy,109.618,109.6855,109.6095,109.6445
2021-08-18 05:00:00+00:00,usdjpy,109.6075,109.6565,109.6055,109.6175
2021-08-18 06:00:00+00:00,usdjpy,109.605,109.6385,109.5635,109.607
2021-08-18 07:00:00+00:00,usdjpy,109.6165,109.6205,109.5375,109.6045
2021-08-18 08:00:00+00:00,usdjpy,109.626,109.673,109.582,109.6155
2021-08-18 09:00:00+00:00,usdjpy,109.6635,109.667,109.6085,109.6255
2021-08-18 10:00:00+00:00,usdjpy,109.7485,109.754,109.6325,109.663
2021-08-18 11:00:00+00:00,usdjpy,109.7465,109.8205,109.7455,109.749
2021-08-18 12:00:00+00:00,usdjpy,109.8675,109.8805,109.717,109.746
2021-08-18 13:00:00+00:00,usdjpy,109.7995,109.8765,109.779,109.868
2021-08-18 14:00:00+00:00,usdjpy,109.8875,109.899,109.7775,109.8
2021-08-18 15:00:00+00:00,usdjpy,109.9225,109.9475,109.8785,109.887
2021-08-18 16:00:00+00:00,usdjpy,109.9845,110.001,109.9215,109.922
2021-08-18 17:00:00+00:00,usdjpy,110.04,110.0515,109.957,109.9855
2021-08-18 18:00:00+00:00,usdjpy,109.8875,110.0685,109.7945,110.0395
2021-08-18 19:00:00+00:00,usdjpy,109.7735,109.8975,109.7705,109.887
2021-08-18 20:00:00+00:00,usdjpy,109.7685,109.8095,109.7555,109.774
2021-08-18 21:00:00+00:00,usdjpy,109.7905,109.845,109.774,109.8315
2021-08-18 22:00:00+00:00,usdjpy,109.8035,109.8185,109.7805,109.7895
2021-08-18 23:00:00+00:00,usdjpy,109.8425,109.8495,109.7865,109.803
2021-08-19 00:00:00+00:00,usdjpy,109.9855,109.997,109.841,109.8415
2021-08-19 01:00:00+00:00,usdjpy,110.1095,110.12,109.9645,109.9845
2021-08-19 02:00:00+00:00,usdjpy,110.1515,110.1945,110.0695,110.1085
2021-08-19 03:00:00+00:00,usdjpy,110.1735,110.2295,110.1475,110.152
2021-08-19 04:00:00+00:00,usdjpy,110.1735,110.1885,110.1445,110.174
2021-08-19 05:00:00+00:00,usdjpy,110.1375,110.1995,110.1235,110.174
2021-08-19 06:00:00+00:00,usdjpy,109.9315,110.156,109.9265,110.137
2021-08-19 07:00:00+00:00,usdjpy,109.794,109.9425,109.7465,109.932
2021-08-19 08:00:00+00:00,usdjpy,109.606,109.7945,109.4985,109.7945
2021-08-19 09:00:00+00:00,usdjpy,109.6605,109.6905,109.4845,109.6055
2021-08-19 10:00:00+00:00,usdjpy,109.6605,109.7455,109.636,109.6615
2021-08-19 11:00:00+00:00,usdjpy,109.5735,109.6845,109.5475,109.6595
2021-08-19 12:00:00+00:00,usdjpy,109.6845,109.7695,109.515,109.573
2021-08-19 13:00:00+00:00,usdjpy,109.738,109.836,109.6665,109.684
2021-08-19 14:00:00+00:00,usdjpy,109.7235,109.839,109.66,109.7375
2021-08-19 15:00:00+00:00,usdjpy,109.7505,109.7685,109.7055,109.7225
2021-08-19 16:00:00+00:00,usdjpy,109.7775,109.8055,109.7515,109.7515
2021-08-19 17:00:00+00:00,usdjpy,109.7855,109.8335,109.762,109.7785
2021-08-19 18:00:00+00:00,usdjpy,109.7915,109.821,109.7715,109.785
2021-08-19 19:00:00+00:00,usdjpy,109.7865,109.8215,109.7785,109.7925
2021-08-19 20:00:00+00:00,usdjpy,109.7545,109.7965,109.75,109.786
2021-08-19 21:00:00+00:00,usdjpy,109.7615,109.7925,109.7445,109.7695
2021-08-19 22:00:00+00:00,usdjpy,109.7605,109.7785,109.7425,109.7625
2021-08-19 23:00:00+00:00,usdjpy,109.771,109.7845,109.7505,109.761
2021-08-20 00:00:00+00:00,usdjpy,109.8455,109.887,109.7715,109.7715
2021-08-20 01:00:00+00:00,usdjpy,109.7005,109.8475,109.634,109.8465
2021-08-20 02:00:00+00:00,usdjpy,109.7135,109.7565,109.6885,109.7
2021-08-20 03:00:00+00:00,usdjpy,109.7545,109.7745,109.7055,109.714
2021-08-20 04:00:00+00:00,usdjpy,109.748,109.7675,109.7085,109.755
2021-08-20 05:00:00+00:00,usdjpy,109.6965,109.749,109.6225,109.7475
2021-08-20 06:00:00+00:00,usdjpy,109.665,109.742,109.614,109.696
2021-08-20 07:00:00+00:00,usdjpy,109.6165,109.7165,109.5715,109.6645
2021-08-20 08:00:00+00:00,usdjpy,109.6815,109.715,109.5965,109.6185
2021-08-20 09:00:00+00:00,usdjpy,109.6465,109.6955,109.6245,109.682
2021-08-20 10:00:00+00:00,usdjpy,109.629,109.6495,109.5885,109.647
2021-08-20 11:00:00+00:00,usdjpy,109.6965,109.7515,109.6055,109.6285
2021-08-20 12:00:00+00:00,usdjpy,109.7785,109.7795,109.6545,109.697
2021-08-20 13:00:00+00:00,usdjpy,109.8285,109.861,109.7345,109.778
2021-08-20 14:00:00+00:00,usdjpy,109.8045,109.8795,109.7895,109.829
2021-08-20 15:00:00+00:00,usdjpy,109.7685,109.8405,109.7605,109.805
2021-08-20 16:00:00+00:00,usdjpy,109.813,109.8215,109.7515,109.769
2021-08-20 17:00:00+00:00,usdjpy,109.8305,109.8505,109.8085,109.8135
2021-08-20 18:00:00+00:00,usdjpy,109.8075,109.8475,109.8035,109.831
2021-08-20 19:00:00+00:00,usdjpy,109.782,109.8225,109.782,109.807
2021-08-20 20:00:00+00:00,usdjpy,109.7975,109.8075,109.763,109.7825
2021-08-22 21:00:00+00:00,usdjpy,109.775,109.7955,109.7445,109.7925
2021-08-22 22:00:00+00:00,usdjpy,109.8425,109.8555,109.75,109.779
2021-08-22 23:00:00+00:00,usdjpy,109.8425,109.8845,109.8295,109.842
2021-08-23 00:00:00+00:00,usdjpy,109.8695,109.9355,109.8355,109.8415
2021-08-23 01:00:00+00:00,usdjpy,109.852,109.885,109.8195,109.869
2021-08-23 02:00:00+00:00,usdjpy,109.8205,109.8635,109.818,109.8515
2021-08-23 03:00:00+00:00,usdjpy,109.8695,109.8745,109.8095,109.82
2021-08-23 04:00:00+00:00,usdjpy,109.8635,109.888,109.8515,109.87
2021-08-23 05:00:00+00:00,usdjpy,109.9495,109.9535,109.8475,109.863
2021-08-23 06:00:00+00:00,usdjpy,109.9405,109.9845,109.9125,109.9485
2021-08-23 07:00:00+00:00,usdjpy,109.9025,109.9905,109.8395,109.94
2021-08-23 08:00:00+00:00,usdjpy,109.9355,109.9885,109.8975,109.9015
2021-08-23 09:00:00+00:00,usdjpy,110.0475,110.1005,109.9355,109.936
2021-08-23 10:00:00+00:00,usdjpy,110.068,110.0975,110.0195,110.047
2021-08-23 11:00:00+00:00,usdjpy,110.133,110.1485,110.0575,110.0675
2021-08-23 12:00:00+00:00,usdjpy,110.0415,110.1415,110.032,110.1325
2021-08-23 13:00:00+00:00,usdjpy,109.8475,110.0425,109.7415,110.042
2021-08-23 14:00:00+00:00,usdjpy,109.7435,109.889,109.7225,109.848
2021-08-23 15:00:00+00:00,usdjpy,109.7835,109.8435,109.7305,109.743
2021-08-23 16:00:00+00:00,usdjpy,109.7735,109.8105,109.7735,109.7845
2021-08-23 17:00:00+00:00,usdjpy,109.7375,109.7745,109.7355,109.774
2021-08-23 18:00:00+00:00,usdjpy,109.6875,109.7415,109.6865,109.738
2021-08-23 19:00:00+00:00,usdjpy,109.6715,109.6965,109.6545,109.688
2021-08-23 20:00:00+00:00,usdjpy,109.6975,109.7185,109.6635,109.671
2021-08-23 21:00:00+00:00,usdjpy,109.6825,109.7075,109.6645,109.678
2021-08-23 22:00:00+00:00,usdjpy,109.7055,109.7155,109.6675,109.6805
2021-08-23 23:00:00+00:00,usdjpy,109.6785,109.7085,109.67,109.7045
2021-08-24 00:00:00+00:00,usdjpy,109.7625,109.767,109.6425,109.679
2021-08-24 01:00:00+00:00,usdjpy,109.7415,109.7785,109.7025,109.762
2021-08-24 02:00:00+00:00,usdjpy,109.7315,109.769,109.7085,109.741
2021-08-24 03:00:00+00:00,usdjpy,109.7605,109.7645,109.7245,109.7305
2021-08-24 04:00:00+00:00,usdjpy,109.7735,109.7895,109.747,109.7615
2021-08-24 05:00:00+00:00,usdjpy,109.827,109.8395,109.7725,109.773
2021-08-24 06:00:00+00:00,usdjpy,109.8785,109.883,109.7745,109.8275
2021-08-24 07:00:00+00:00,usdjpy,109.7725,109.8795,109.729,109.879
2021-08-24 08:00:00+00:00,usdjpy,109.7955,109.7985,109.7115,109.772
2021-08-24 09:00:00+00:00,usdjpy,109.698,109.795,109.649,109.7945
2021-08-24 10:00:00+00:00,usdjpy,109.7155,109.7535,109.6945,109.6975
2021-08-24 11:00:00+00:00,usdjpy,109.702,109.7175,109.6535,109.715
2021-08-24 12:00:00+00:00,usdjpy,109.5325,109.7225,109.5135,109.7025
2021-08-24 13:00:00+00:00,usdjpy,109.6275,109.753,109.414,109.5335
2021-08-24 14:00:00+00:00,usdjpy,109.6865,109.697,109.5115,109.627
2021-08-24 15:00:00+00:00,usdjpy,109.6875,109.7105,109.6495,109.687
2021-08-24 16:00:00+00:00,usdjpy,109.7065,109.7405,109.6855,109.6865
2021-08-24 17:00:00+00:00,usdjpy,109.693,109.713,109.6485,109.707
2021-08-24 18:00:00+00:00,usdjpy,109.6935,109.7055,109.6625,109.6935
2021-08-24 19:00:00+00:00,usdjpy,109.6555,109.6975,109.642,109.6945
2021-08-24 20:00:00+00:00,usdjpy,109.6605,109.7035,109.651,109.656
2021-08-24 21:00:00+00:00,usdjpy,109.6555,109.699,109.6425,109.6745
2021-08-24 22:00:00+00:00,usdjpy,109.6885,109.702,109.6525,109.6545
2021-08-24 23:00:00+00:00,usdjpy,109.7325,109.7345,109.6815,109.688
2021-08-25 00:00:00+00:00,usdjpy,109.8205,109.8465,109.7255,109.7315
2021-08-25 01:00:00+00:00,usdjpy,109.8425,109.8685,109.7795,109.821
2021-08-25 02:00:00+00:00,usdjpy,109.7965,109.857,109.7855,109.8435
2021-08-25 03:00:00+00:00,usdjpy,109.7785,109.8235,109.7615,109.797
2021-08-25 04:00:00+00:00,usdjpy,109.7505,109.7945,109.7455,109.779
2021-08-25 05:00:00+00:00,usdjpy,109.7125,109.7625,109.692,109.751
2021-08-25 06:00:00+00:00,usdjpy,109.7825,109.789,109.686,109.712
2021-08-25 07:00:00+00:00,usdjpy,109.7505,109.8275,109.7215,109.7815
2021-08-25 08:00:00+00:00,usdjpy,109.7455,109.8415,109.7325,109.75
2021-08-25 09:00:00+00:00,usdjpy,109.8085,109.8155,109.7445,109.746
2021-08-25 10:00:00+00:00,usdjpy,109.8295,109.8495,109.7805,109.808
2021-08-25 11:00:00+00:00,usdjpy,109.889,109.9405,109.8285,109.8305
2021-08-25 12:00:00+00:00,usdjpy,109.9845,109.9965,109.8715,109.8885
2021-08-25 13:00:00+00:00,usdjpy,109.9835,110.0505,109.8895,109.985
2021-08-25 14:00:00+00:00,usdjpy,110.0955,110.1055,109.9375,109.983
2021-08-25 15:00:00+00:00,usdjpy,110.0395,110.0955,110.022,110.095
2021-08-25 16:00:00+00:00,usdjpy,110.0545,110.0585,110.0095,110.04
2021-08-25 17:00:00+00:00,usdjpy,110.0755,110.1255,110.0465,110.055
2021-08-25 18:00:00+00:00,usdjpy,109.9865,110.0755,109.9675,110.075
2021-08-25 19:00:00+00:00,usdjpy,109.9905,110.042,109.9735,109.986
2021-08-25 20:00:00+00:00,usdjpy,109.9945,110.0135,109.9795,109.9895
2021-08-25 21:00:00+00:00,usdjpy,110.007,110.0395,109.9875,109.992
2021-08-25 22:00:00+00:00,usdjpy,110.0065,110.0515,109.99,110.0075
2021-08-25 23:00:00+00:00,usdjpy,109.9795,110.0285,109.9765,110.0075
2021-08-26 00:00:00+00:00,usdjpy,110.0475,110.0635,109.9665,109.9825
2021-08-26 01:00:00+00:00,usdjpy,110.032,110.115,109.9885,110.048
2021-08-26 02:00:00+00:00,usdjpy,109.9915,110.0315,109.972,110.0315
2021-08-26 03:00:00+00:00,usdjpy,109.9365,110.0025,109.9285,109.991
2021-08-26 04:00:00+00:00,usdjpy,109.992,109.9935,109.9355,109.9355
2021-08-26 05:00:00+00:00,usdjpy,109.9965,110.0045,109.9545,109.9925
2021-08-26 06:00:00+00:00,usdjpy,110.1435,110.1595,109.978,109.997
2021-08-26 07:00:00+00:00,usdjpy,110.1645,110.2255,110.092,110.1445
2021-08-26 08:00:00+00:00,usdjpy,110.183,110.2275,110.1625,110.165
2021-08-26 09:00:00+00:00,usdjpy,110.1435,110.195,110.1065,110.1825
2021-08-26 10:00:00+00:00,usdjpy,110.0955,110.1615,110.048,110.143
2021-08-26 11:00:00+00:00,usdjpy,110.1155,110.1235,110.023,110.095
2021-08-26 12:00:00+00:00,usdjpy,110.1325,110.1985,109.9745,110.1145
2021-08-26 13:00:00+00:00,usdjpy,110.1705,110.23,110.1095,110.1335
2021-08-26 14:00:00+00:00,usdjpy,110.0515,110.202,110.0475,110.1715
2021-08-26 15:00:00+00:00,usdjpy,110.0825,110.1015,109.9375,110.0525
2021-08-26 16:00:00+00:00,usdjpy,110.1385,110.1645,110.083,110.083
2021-08-26 17:00:00+00:00,usdjpy,110.0675,110.1595,110.0325,110.138
2021-08-26 18:00:00+00:00,usdjpy,110.0305,110.0685,110.003,110.068
2021-08-26 19:00:00+00:00,usdjpy,110.0235,110.0485,110.0175,110.031
2021-08-26 20:00:00+00:00,usdjpy,110.0885,110.091,110.0235,110.024
2021-08-26 21:00:00+00:00,usdjpy,110.064,110.087,110.022,110.024
2021-08-26 22:00:00+00:00,usdjpy,110.0495,110.075,110.0455,110.063
2021-08-26 23:00:00+00:00,usdjpy,110.0525,110.072,110.042,110.049
2021-08-27 00:00:00+00:00,usdjpy,110.058,110.0715,109.9665,110.0515
2021-08-27 01:00:00+00:00,usdjpy,110.0025,110.086,109.9575,110.0585
2021-08-27 02:00:00+00:00,usdjpy,110.0035,110.0235,109.968,110.0015
2021-08-27 03:00:00+00:00,usdjpy,109.9815,110.0065,109.9685,110.004
2021-08-27 04:00:00+00:00,usdjpy,109.925,110.0085,109.8865,109.981
2021-08-27 05:00:00+00:00,usdjpy,109.9895,109.9925,109.9245,109.9245
2021-08-27 06:00:00+00:00,usdjpy,110.014,110.0325,109.976,109.9905
2021-08-27 07:00:00+00:00,usdjpy,110.1055,110.1225,109.9895,110.0145
2021-08-27 08:00:00+00:00,usdjpy,110.1145,110.155,110.0985,110.1065
2021-08-27 09:00:00+00:00,usdjpy,110.1015,110.1415,110.075,110.115
2021-08-27 10:00:00+00:00,usdjpy,110.147,110.159,110.0945,110.1025
2021-08-27 11:00:00+00:00,usdjpy,110.1465,110.1925,110.1405,110.1475
2021-08-27 12:00:00+00:00,usdjpy,110.0835,110.2125,110.0275,110.146
2021-08-27 13:00:00+00:00,usdjpy,110.1555,110.2685,110.0695,110.083
2021-08-27 14:00:00+00:00,usdjpy,109.9825,110.2625,109.8685,110.1545
2021-08-27 15:00:00+00:00,usdjpy,109.8415,109.9835,109.8375,109.9835
2021-08-27 16:00:00+00:00,usdjpy,109.8045,109.8705,109.8005,109.841
2021-08-27 17:00:00+00:00,usdjpy,109.8415,109.8425,109.7975,109.805
2021-08-27 18:00:00+00:00,usdjpy,109.8285,109.863,109.827,109.8405
2021-08-27 19:00:00+00:00,usdjpy,109.821,109.85,109.7805,109.829
2021-08-27 20:00:00+00:00,usdjpy,109.8425,109.863,109.8095,109.8215
2021-08-29 21:00:00+00:00,usdjpy,109.8565,109.874,109.844,109.8655
2021-08-29 22:00:00+00:00,usdjpy,109.8595,109.863,109.7765,109.8555
2021-08-29 23:00:00+00:00,usdjpy,109.8655,109.8775,109.8385,109.859
2021-08-30 00:00:00+00:00,usdjpy,109.7275,109.8795,109.7135,109.866
2021-08-30 01:00:00+00:00,usdjpy,109.7685,109.77,109.7045,109.7265
2021-08-30 02:00:00+00:00,usdjpy,109.796,109.8005,109.7325,109.7675
2021-08-30 03:00:00+00:00,usdjpy,109.767,109.804,109.748,109.7965
2021-08-30 04:00:00+00:00,usdjpy,109.7525,109.7795,109.7305,109.7675
2021-08-30 05:00:00+00:00,usdjpy,109.7545,109.7665,109.7385,109.752
2021-08-30 06:00:00+00:00,usdjpy,109.7755,109.7985,109.7495,109.754
2021-08-30 07:00:00+00:00,usdjpy,109.808,109.8485,109.7605,109.776
2021-08-30 08:00:00+00:00,usdjpy,109.8455,109.8705,109.8075,109.8075
2021-08-30 09:00:00+00:00,usdjpy,109.8295,109.8515,109.8195,109.846
2021-08-30 10:00:00+00:00,usdjpy,109.8385,109.8495,109.803,109.83
2021-08-30 11:00:00+00:00,usdjpy,109.8755,109.8925,109.8295,109.838
2021-08-30 12:00:00+00:00,usdjpy,109.9425,109.9465,109.841,109.875
2021-08-30 13:00:00+00:00,usdjpy,109.9455,109.9635,109.903,109.9415
2021-08-30 14:00:00+00:00,usdjpy,109.8935,109.9545,109.8475,109.945
2021-08-30 15:00:00+00:00,usdjpy,109.9065,109.9145,109.8615,109.893
2021-08-30 16:00:00+00:00,usdjpy,109.9035,109.9295,109.8985,109.9075
2021-08-30 17:00:00+00:00,usdjpy,109.9045,109.9115,109.884,109.904
2021-08-30 18:00:00+00:00,usdjpy,109.8885,109.907,109.8795,109.905
2021-08-30 19:00:00+00:00,usdjpy,109.8865,109.9115,109.8705,109.889
2021-08-30 20:00:00+00:00,usdjpy,109.9235,109.9425,109.887,109.887
2021-08-30 21:00:00+00:00,usdjpy,109.9055,109.9455,109.8945,109.9375
2021-08-30 22:00:00+00:00,usdjpy,109.9805,109.9835,109.906,109.906
2021-08-30 23:00:00+00:00,usdjpy,109.9465,109.9845,109.9445,109.9795
2021-08-31 00:00:00+00:00,usdjpy,109.8795,109.9645,109.8565,109.9475
2021-08-31 01:00:00+00:00,usdjpy,109.8675,109.8985,109.8485,109.879
2021-08-31 02:00:00+00:00,usdjpy,109.8575,109.8825,109.8355,109.8685
2021-08-31 03:00:00+00:00,usdjpy,109.8695,109.8955,109.8385,109.8565
2021-08-31 04:00:00+00:00,usdjpy,109.9085,109.9085,109.8485,109.8685
2021-08-31 05:00:00+00:00,usdjpy,109.8115,109.9105,109.7995,109.908
2021-08-31 06:00:00+00:00,usdjpy,109.8805,109.8875,109.809,109.811
2021-08-31 07:00:00+00:00,usdjpy,109.8155,109.8795,109.7795,109.8795
2021-08-31 08:00:00+00:00,usdjpy,109.9025,109.9205,109.816,109.816
2021-08-31 09:00:00+00:00,usdjpy,109.9045,109.958,109.8845,109.903
2021-08-31 10:00:00+00:00,usdjpy,109.9385,109.9575,109.8755,109.905
2021-08-31 11:00:00+00:00,usdjpy,109.8545,109.946,109.8455,109.938
2021-08-31 12:00:00+00:00,usdjpy,109.7145,109.8575,109.6495,109.854
2021-08-31 13:00:00+00:00,usdjpy,109.7155,109.885,109.6835,109.715
2021-08-31 14:00:00+00:00,usdjpy,109.83,109.854,109.588,109.716
2021-08-31 15:00:00+00:00,usdjpy,110.0535,110.0815,109.8185,109.828
2021-08-31 16:00:00+00:00,usdjpy,109.9695,110.0665,109.9685,110.0525
2021-08-31 17:00:00+00:00,usdjpy,109.9925,110.0115,109.9345,109.9705
2021-08-31 18:00:00+00:00,usdjpy,109.9975,109.998,109.9565,109.993
2021-08-31 19:00:00+00:00,usdjpy,110.0135,110.0245,109.9855,109.9965
2021-08-31 20:00:00+00:00,usdjpy,110.0165,110.0365,109.9905,110.013
2021-08-31 21:00:00+00:00,usdjpy,110.0015,110.0225,110.0005,110.0125
2021-08-31 22:00:00+00:00,usdjpy,109.9925,110.0015,109.988,110.0005
2021-08-31 23:00:00+00:00,usdjpy,110.0585,110.068,109.9875,109.9915
2021-09-01 00:00:00+00:00,usdjpy,110.1835,110.2045,110.0545,110.059
2021-09-01 01:00:00+00:00,usdjpy,110.2045,110.2385,110.1675,110.184
2021-09-01 02:00:00+00:00,usdjpy,110.2205,110.2365,110.1895,110.2055
2021-09-01 03:00:00+00:00,usdjpy,110.1825,110.2195,110.1565,110.2195
2021-09-01 04:00:00+00:00,usdjpy,110.2345,110.2355,110.1725,110.1805
2021-09-01 05:00:00+00:00,usdjpy,110.2225,110.2575,110.221,110.234
2021-09-01 06:00:00+00:00,usdjpy,110.216,110.2585,110.1685,110.2235
2021-09-01 07:00:00+00:00,usdjpy,110.4015,110.4205,110.2045,110.2165
2021-09-01 08:00:00+00:00,usdjpy,110.3735,110.4015,110.3305,110.401
2021-09-01 09:00:00+00:00,usdjpy,110.2915,110.3735,110.2815,110.373
2021-09-01 10:00:00+00:00,usdjpy,110.2875,110.3385,110.2725,110.292
2021-09-01 11:00:00+00:00,usdjpy,110.3725,110.38,110.2845,110.2865
2021-09-01 12:00:00+00:00,usdjpy,110.0285,110.3925,110.0185,110.372
2021-09-01 13:00:00+00:00,usdjpy,109.9325,110.0485,109.8815,110.0275
2021-09-01 14:00:00+00:00,usdjpy,110.016,110.1295,109.9335,109.9335
2021-09-01 15:00:00+00:00,usdjpy,110.0305,110.0675,110.0005,110.01
2021-09-01 16:00:00+00:00,usdjpy,110.0415,110.0465,109.9725,110.031
2021-09-01 17:00:00+00:00,usdjpy,110.018,110.0555,110.0115,110.041
2021-09-01 18:00:00+00:00,usdjpy,109.9285,110.0175,109.9285,110.0175
2021-09-01 19:00:00+00:00,usdjpy,110.0145,110.0165,109.928,109.928
2021-09-01 20:00:00+00:00,usdjpy,110.0215,110.0785,110.0125,110.0155
2021-09-01 21:00:00+00:00,usdjpy,110.0235,110.051,110.0125,110.0295
2021-09-01 22:00:00+00:00,usdjpy,110.0415,110.0525,110.0175,110.0225
2021-09-01 23:00:00+00:00,usdjpy,110.0955,110.1035,110.0375,110.041
2021-09-02 00:00:00+00:00,usdjpy,109.978,110.1225,109.9185,110.0945
2021-09-02 01:00:00+00:00,usdjpy,109.9625,109.9945,109.9285,109.9775
2021-09-02 02:00:00+00:00,usdjpy,109.9685,109.9805,109.9455,109.9615
2021-09-02 03:00:00+00:00,usdjpy,110.0105,110.016,109.9585,109.969
2021-09-02 04:00:00+00:00,usdjpy,110.0285,110.0295,109.9985,110.01
2021-09-02 05:00:00+00:00,usdjpy,109.9745,110.03,109.9735,110.029
2021-09-02 06:00:00+00:00,usdjpy,110.0665,110.071,109.9465,109.975
2021-09-02 07:00:00+00:00,usdjpy,110.0095,110.0785,110.0005,110.066
2021-09-02 08:00:00+00:00,usdjpy,110.0035,110.0445,109.985,110.0085
2021-09-02 09:00:00+00:00,usdjpy,109.9665,110.0155,109.9525,110.0045
2021-09-02 10:00:00+00:00,usdjpy,109.9845,110.0165,109.9665,109.9675
2021-09-02 11:00:00+00:00,usdjpy,109.9975,110.0175,109.9705,109.984
2021-09-02 12:00:00+00:00,usdjpy,110.024,110.061,109.9695,109.997
2021-09-02 13:00:00+00:00,usdjpy,109.9985,110.0615,109.9535,110.0235
2021-09-02 14:00:00+00:00,usdjpy,109.973,110.093,109.9685,109.998
2021-09-02 15:00:00+00:00,usdjpy,110.0155,110.0255,109.9565,109.9725
2021-09-02 16:00:00+00:00,usdjpy,110.008,110.0285,110.0025,110.015
2021-09-02 17:00:00+00:00,usdjpy,110.0055,110.013,109.994,110.0085
2021-09-02 18:00:00+00:00,usdjpy,109.9685,110.0065,109.9645,110.0065
2021-09-02 19:00:00+00:00,usdjpy,109.9365,109.9805,109.9295,109.968
2021-09-02 20:00:00+00:00,usdjpy,109.9355,109.9555,109.9305,109.9355
2021-09-02 21:00:00+00:00,usdjpy,109.9435,109.9725,109.9265,109.9525
2021-09-02 22:00:00+00:00,usdjpy,109.9605,109.9615,109.9285,109.9425
2021-09-02 23:00:00+00:00,usdjpy,109.9485,109.9665,109.9385,109.96
2021-09-03 00:00:00+00:00,usdjpy,109.8885,109.9785,109.884,109.9495
2021-09-03 01:00:00+00:00,usdjpy,109.8935,109.8995,109.8435,109.889
2021-09-03 02:00:00+00:00,usdjpy,110.0565,110.0575,109.7945,109.894
2021-09-03 03:00:00+00:00,usdjpy,110.0155,110.0745,109.9785,110.0575
2021-09-03 04:00:00+00:00,usdjpy,110.0325,110.047,109.994,110.015
2021-09-03 05:00:00+00:00,usdjpy,110.0075,110.0545,110.0075,110.032
2021-09-03 06:00:00+00:00,usdjpy,110.0245,110.0395,109.9995,110.0065
2021-09-03 07:00:00+00:00,usdjpy,110.0305,110.0545,109.9295,110.025
2021-09-03 08:00:00+00:00,usdjpy,109.9725,110.0365,109.9425,110.0315
2021-09-03 09:00:00+00:00,usdjpy,109.9205,109.9895,109.9105,109.973
2021-09-03 10:00:00+00:00,usdjpy,109.924,109.9565,109.9035,109.921
2021-09-03 11:00:00+00:00,usdjpy,109.9495,109.9505,109.905,109.9245
2021-09-03 12:00:00+00:00,usdjpy,109.8695,109.9715,109.63,109.9505
2021-09-03 13:00:00+00:00,usdjpy,109.691,109.8995,109.6235,109.8765
2021-09-03 14:00:00+00:00,usdjpy,109.6615,109.7775,109.5935,109.6945
2021-09-03 15:00:00+00:00,usdjpy,109.6485,109.686,109.619,109.6625
2021-09-03 16:00:00+00:00,usdjpy,109.637,109.6545,109.5975,109.6475
2021-09-03 17:00:00+00:00,usdjpy,109.6385,109.663,109.626,109.6375
2021-09-03 18:00:00+00:00,usdjpy,109.6305,109.6575,109.6095,109.6395
2021-09-03 19:00:00+00:00,usdjpy,109.691,109.6925,109.6225,109.631
2021-09-03 20:00:00+00:00,usdjpy,109.702,109.7455,109.69,109.6915
2021-09-05 21:00:00+00:00,usdjpy,109.7695,109.805,109.7285,109.7475
2021-09-05 22:00:00+00:00,usdjpy,109.7695,109.7735,109.7055,109.7705
2021-09-05 23:00:00+00:00,usdjpy,109.7825,109.785,109.731,109.7685
2021-09-06 00:00:00+00:00,usdjpy,109.8115,109.84,109.7485,109.7805
2021-09-06 01:00:00+00:00,usdjpy,109.812,109.833,109.8015,109.8125
2021-09-06 02:00:00+00:00,usdjpy,109.7905,109.8225,109.7655,109.8115
2021-09-06 03:00:00+00:00,usdjpy,109.8285,109.84,109.7795,109.79
2021-09-06 04:00:00+00:00,usdjpy,109.807,109.8445,109.7875,109.829
2021-09-06 05:00:00+00:00,usdjpy,109.7835,109.8085,109.7775,109.8075
2021-09-06 06:00:00+00:00,usdjpy,109.8285,109.8305,109.7835,109.7845
2021-09-06 07:00:00+00:00,usdjpy,109.8975,109.9485,109.8205,109.829
2021-09-06 08:00:00+00:00,usdjpy,109.8925,109.906,109.8725,109.898
2021-09-06 09:00:00+00:00,usdjpy,109.9035,109.9345,109.8685,109.892
2021-09-06 10:00:00+00:00,usdjpy,109.867,109.9175,109.862,109.9025
2021-09-06 11:00:00+00:00,usdjpy,109.854,109.8905,109.8455,109.8675
2021-09-06 12:00:00+00:00,usdjpy,109.8375,109.8775,109.826,109.8535
2021-09-06 13:00:00+00:00,usdjpy,109.853,109.8655,109.8295,109.838
2021-09-06 14:00:00+00:00,usdjpy,109.8485,109.8615,109.8265,109.8535
2021-09-06 15:00:00+00:00,usdjpy,109.8485,109.869,109.828,109.848
2021-09-06 16:00:00+00:00,usdjpy,109.8635,109.8645,109.8455,109.849
2021-09-06 17:00:00+00:00,usdjpy,109.8545,109.8635,109.8485,109.863
2021-09-06 18:00:00+00:00,usdjpy,109.8445,109.8645,109.8425,109.854
2021-09-06 19:00:00+00:00,usdjpy,109.8495,109.8605,109.84,109.845
2021-09-06 20:00:00+00:00,usdjpy,109.8515,109.8695,109.8385,109.849
2021-09-06 21:00:00+00:00,usdjpy,109.8475,109.8755,109.8325,109.8565
2021-09-06 22:00:00+00:00,usdjpy,109.8315,109.856,109.8285,109.848
2021-09-06 23:00:00+00:00,usdjpy,109.8255,109.8445,109.8165,109.8305
2021-09-07 00:00:00+00:00,usdjpy,109.7835,109.8285,109.7485,109.8245
2021-09-07 01:00:00+00:00,usdjpy,109.7935,109.7955,109.7505,109.784
2021-09-07 02:00:00+00:00,usdjpy,109.7395,109.8425,109.6865,109.793
2021-09-07 03:00:00+00:00,usdjpy,109.805,109.8455,109.7345,109.739
2021-09-07 04:00:00+00:00,usdjpy,109.8165,109.8255,109.7785,109.8055
2021-09-07 05:00:00+00:00,usdjpy,109.8295,109.8375,109.7845,109.8155
2021-09-07 06:00:00+00:00,usdjpy,109.9205,109.951,109.8255,109.829
2021-09-07 07:00:00+00:00,usdjpy,109.9045,109.9645,109.8755,109.921
2021-09-07 08:00:00+00:00,usdjpy,109.9255,109.9985,109.8995,109.904
2021-09-07 09:00:00+00:00,usdjpy,109.9645,109.9735,109.9165,109.926
2021-09-07 10:00:00+00:00,usdjpy,109.9425,109.9835,109.9385,109.964
2021-09-07 11:00:00+00:00,usdjpy,110.0275,110.05,109.9365,109.943
2021-09-07 12:00:00+00:00,usdjpy,110.087,110.104,110.024,110.027
2021-09-07 13:00:00+00:00,usdjpy,110.1215,110.1785,110.0695,110.0875
2021-09-07 14:00:00+00:00,usdjpy,110.217,110.2445,110.1195,110.1225
2021-09-07 15:00:00+00:00,usdjpy,110.1755,110.2555,110.153,110.2175
2021-09-07 16:00:00+00:00,usdjpy,110.218,110.2245,110.149,110.1765
2021-09-07 17:00:00+00:00,usdjpy,110.217,110.2445,110.1885,110.2185
2021-09-07 18:00:00+00:00,usdjpy,110.2895,110.2895,110.2095,110.2165
2021-09-07 19:00:00+00:00,usdjpy,110.2895,110.32,110.2805,110.289
2021-09-07 20:00:00+00:00,usdjpy,110.2885,110.3195,110.2805,110.2885
2021-09-07 21:00:00+00:00,usdjpy,110.2735,110.2945,110.27,110.2875
2021-09-07 22:00:00+00:00,usdjpy,110.2925,110.2945,110.2635,110.2725
2021-09-07 23:00:00+00:00,usdjpy,110.2985,110.3255,110.2825,110.2915
2021-09-08 00:00:00+00:00,usdjpy,110.2585,110.3355,110.2575,110.299
2021-09-08 01:00:00+00:00,usdjpy,110.2955,110.3075,110.2595,110.2595
2021-09-08 02:00:00+00:00,usdjpy,110.277,110.297,110.2575,110.296
2021-09-08 03:00:00+00:00,usdjpy,110.2925,110.309,110.2695,110.2765
2021-09-08 04:00:00+00:00,usdjpy,110.3075,110.3125,110.2785,110.2915
2021-09-08 05:00:00+00:00,usdjpy,110.4015,110.413,110.3065,110.3085
2021-09-08 06:00:00+00:00,usdjpy,110.4045,110.4485,110.3755,110.4025
2021-09-08 07:00:00+00:00,usdjpy,110.245,110.4075,110.1745,110.405
2021-09-08 08:00:00+00:00,usdjpy,110.1605,110.2655,110.1435,110.2445
2021-09-08 09:00:00+00:00,usdjpy,110.2345,110.243,110.1595,110.161
2021-09-08 10:00:00+00:00,usdjpy,110.2415,110.2595,110.1805,110.2355
2021-09-08 11:00:00+00:00,usdjpy,110.2985,110.3185,110.222,110.2405
2021-09-08 12:00:00+00:00,usdjpy,110.243,110.2995,110.1495,110.299
2021-09-08 13:00:00+00:00,usdjpy,110.319,110.3735,110.2215,110.2425
2021-09-08 14:00:00+00:00,usdjpy,110.318,110.3945,110.3045,110.3185
2021-09-08 15:00:00+00:00,usdjpy,110.324,110.3735,110.2955,110.316
2021-09-08 16:00:00+00:00,usdjpy,110.2825,110.3425,110.239,110.3235
2021-09-08 17:00:00+00:00,usdjpy,110.2385,110.292,110.2225,110.2835
2021-09-08 18:00:00+00:00,usdjpy,110.2265,110.2385,110.1735,110.2375
2021-09-08 19:00:00+00:00,usdjpy,110.2585,110.2585,110.2225,110.227
2021-09-08 20:00:00+00:00,usdjpy,110.2695,110.2745,110.2535,110.2595
2021-09-08 21:00:00+00:00,usdjpy,110.2855,110.2875,110.2425,110.251
2021-09-08 22:00:00+00:00,usdjpy,110.2465,110.2835,110.2265,110.2835
2021-09-08 23:00:00+00:00,usdjpy,110.2225,110.266,110.2225,110.247
2021-09-09 00:00:00+00:00,usdjpy,110.2125,110.2745,110.1955,110.2215
2021-09-09 01:00:00+00:00,usdjpy,110.16,110.2125,110.1525,110.2115
2021-09-09 02:00:00+00:00,usdjpy,110.1415,110.1645,110.0995,110.161
2021-09-09 03:00:00+00:00,usdjpy,110.1975,110.2095,110.1355,110.141
2021-09-09 04:00:00+00:00,usdjpy,110.1535,110.2055,110.1395,110.197
2021-09-09 05:00:00+00:00,usdjpy,110.1255,110.1675,110.1105,110.153
2021-09-09 06:00:00+00:00,usdjpy,110.089,110.1445,110.0595,110.1265
2021-09-09 07:00:00+00:00,usdjpy,109.9515,110.0925,109.8965,110.0895
2021-09-09 08:00:00+00:00,usdjpy,109.8905,109.957,109.8755,109.952
2021-09-09 09:00:00+00:00,usdjpy,109.9145,109.9205,109.8645,109.891
2021-09-09 10:00:00+00:00,usdjpy,109.905,109.9205,109.888,109.915
2021-09-09 11:00:00+00:00,usdjpy,109.8625,109.955,109.8525,109.9045
2021-09-09 12:00:00+00:00,usdjpy,109.8995,109.9615,109.849,109.862
2021-09-09 13:00:00+00:00,usdjpy,109.8635,109.9215,109.8,109.899
2021-09-09 14:00:00+00:00,usdjpy,109.8365,109.8895,109.7835,109.864
2021-09-09 15:00:00+00:00,usdjpy,109.7645,109.849,109.7525,109.82
2021-09-09 16:00:00+00:00,usdjpy,109.7035,109.7845,109.6975,109.7635
2021-09-09 17:00:00+00:00,usdjpy,109.6355,109.7055,109.6225,109.703
2021-09-09 18:00:00+00:00,usdjpy,109.6935,109.7115,109.6345,109.636
2021-09-09 19:00:00+00:00,usdjpy,109.6955,109.741,109.6875,109.693
2021-09-09 20:00:00+00:00,usdjpy,109.7275,109.745,109.6945,109.6945
2021-09-09 21:00:00+00:00,usdjpy,109.7385,109.746,109.7135,109.73
2021-09-09 22:00:00+00:00,usdjpy,109.8055,109.8095,109.738,109.738
2021-09-09 23:00:00+00:00,usdjpy,109.7745,109.8085,109.7745,109.805
2021-09-10 00:00:00+00:00,usdjpy,109.7055,109.7915,109.7015,109.774
2021-09-10 01:00:00+00:00,usdjpy,109.757,109.765,109.6985,109.705
2021-09-10 02:00:00+00:00,usdjpy,109.773,109.7975,109.7425,109.758
2021-09-10 03:00:00+00:00,usdjpy,109.8715,109.8745,109.7735,109.7735
2021-09-10 04:00:00+00:00,usdjpy,109.8815,109.887,109.8575,109.871
2021-09-10 05:00:00+00:00,usdjpy,109.9065,109.9065,109.8465,109.882
2021-09-10 06:00:00+00:00,usdjpy,109.9335,109.961,109.8865,109.9075
2021-09-10 07:00:00+00:00,usdjpy,109.9485,109.9925,109.9175,109.934
2021-09-10 08:00:00+00:00,usdjpy,109.8955,109.9575,109.8575,109.948
2021-09-10 09:00:00+00:00,usdjpy,109.9645,109.9765,109.8665,109.896
2021-09-10 10:00:00+00:00,usdjpy,109.9525,109.9795,109.9395,109.9655
2021-09-10 11:00:00+00:00,usdjpy,109.8705,109.9555,109.8695,109.953
2021-09-10 12:00:00+00:00,usdjpy,109.8905,109.9115,109.7835,109.8715
2021-09-10 13:00:00+00:00,usdjpy,109.8775,109.9305,109.8385,109.8915
2021-09-10 14:00:00+00:00,usdjpy,109.8395,109.8955,109.8105,109.8785
2021-09-10 15:00:00+00:00,usdjpy,109.9345,109.9555,109.829,109.8385
2021-09-10 16:00:00+00:00,usdjpy,109.9295,109.9465,109.9085,109.9355
2021-09-10 17:00:00+00:00,usdjpy,109.9365,109.9415,109.9055,109.9305
2021-09-10 18:00:00+00:00,usdjpy,109.9055,109.9465,109.8915,109.9355
2021-09-10 19:00:00+00:00,usdjpy,109.861,109.9055,109.8595,109.9045
2021-09-10 20:00:00+00:00,usdjpy,109.92,109.934,109.8545,109.862
2021-09-12 21:00:00+00:00,usdjpy,109.8675,109.9005,109.841,109.8905
2021-09-12 22:00:00+00:00,usdjpy,109.8745,109.9255,109.8655,109.87
2021-09-12 23:00:00+00:00,usdjpy,109.9195,109.9295,109.8595,109.8755
2021-09-13 00:00:00+00:00,usdjpy,109.9695,109.9795,109.9065,109.92
2021-09-13 01:00:00+00:00,usdjpy,109.943,109.978,109.9205,109.97
2021-09-13 02:00:00+00:00,usdjpy,109.9475,109.9725,109.8915,109.9435
2021-09-13 03:00:00+00:00,usdjpy,109.9535,109.9555,109.9,109.9485
2021-09-13 04:00:00+00:00,usdjpy,109.9745,109.9815,109.9185,109.954
2021-09-13 05:00:00+00:00,usdjpy,110.0345,110.0375,109.9555,109.975
2021-09-13 06:00:00+00:00,usdjpy,110.1095,110.1225,110.0325,110.0355
2021-09-13 07:00:00+00:00,usdjpy,110.0835,110.1605,110.0685,110.1085
2021-09-13 08:00:00+00:00,usdjpy,110.1185,110.1405,110.0835,110.0845
2021-09-13 09:00:00+00:00,usdjpy,110.0925,110.1405,110.0925,110.118
2021-09-13 10:00:00+00:00,usdjpy,110.1105,110.127,110.0925,110.093
2021-09-13 11:00:00+00:00,usdjpy,110.1085,110.1265,110.1025,110.11
2021-09-13 13:00:00+00:00,usdjpy,109.9525,110.061,109.9475,110.061
2021-09-13 14:00:00+00:00,usdjpy,109.9275,109.9825,109.8995,109.953
2021-09-13 15:00:00+00:00,usdjpy,109.956,109.9685,109.9185,109.928
2021-09-13 16:00:00+00:00,usdjpy,110.0015,110.0045,109.9435,109.9565
2021-09-13 17:00:00+00:00,usdjpy,110.0125,110.0365,109.9985,110.0025
2021-09-13 18:00:00+00:00,usdjpy,110.0135,110.0195,109.9835,110.013
2021-09-13 19:00:00+00:00,usdjpy,110.0115,110.0295,109.9965,110.014
2021-09-13 20:00:00+00:00,usdjpy,110.0025,110.022,109.999,110.012
2021-09-13 21:00:00+00:00,usdjpy,110.0055,110.0185,109.9795,109.9975
2021-09-13 22:00:00+00:00,usdjpy,110.0255,110.0325,110.0025,110.0065
2021-09-13 23:00:00+00:00,usdjpy,109.9965,110.032,109.9845,110.0265
2021-09-14 00:00:00+00:00,usdjpy,110.0375,110.053,109.965,109.996
2021-09-14 01:00:00+00:00,usdjpy,110.0805,110.0885,110.0365,110.037
2021-09-14 02:00:00+00:00,usdjpy,110.074,110.0925,110.0405,110.081
2021-09-14 03:00:00+00:00,usdjpy,110.0635,110.1105,110.0525,110.0735
2021-09-14 04:00:00+00:00,usdjpy,110.0625,110.0805,110.0535,110.064
2021-09-14 05:00:00+00:00,usdjpy,110.0815,110.0905,110.0565,110.0635
2021-09-14 06:00:00+00:00,usdjpy,110.0395,110.0955,109.997,110.082
2021-09-14 07:00:00+00:00,usdjpy,110.0055,110.058,109.956,110.039
2021-09-14 08:00:00+00:00,usdjpy,110.04,110.0555,109.9945,110.006
2021-09-14 09:00:00+00:00,usdjpy,110.059,110.0665,110.0245,110.0405
2021-09-14 10:00:00+00:00,usdjpy,110.135,110.143,110.0515,110.0585
2021-09-14 11:00:00+00:00,usdjpy,110.1165,110.1635,110.1025,110.1345
2021-09-14 12:00:00+00:00,usdjpy,109.8785,110.1485,109.865,110.1175
2021-09-14 13:00:00+00:00,usdjpy,109.8185,109.9095,109.7905,109.8775
2021-09-14 14:00:00+00:00,usdjpy,109.661,109.838,109.648,109.8175
2021-09-14 15:00:00+00:00,usdjpy,109.6635,109.7035,109.599,109.6605
2021-09-14 16:00:00+00:00,usdjpy,109.6335,109.7015,109.6315,109.664
2021-09-14 17:00:00+00:00,usdjpy,109.6095,109.642,109.5295,109.6345
2021-09-14 18:00:00+00:00,usdjpy,109.6285,109.643,109.5965,109.609
2021-09-14 19:00:00+00:00,usdjpy,109.6555,109.6555,109.6145,109.6275
2021-09-14 20:00:00+00:00,usdjpy,109.6925,109.6945,109.6495,109.6565
2021-09-14 21:00:00+00:00,usdjpy,109.703,109.7095,109.658,109.6705
2021-09-14 22:00:00+00:00,usdjpy,109.7355,109.7435,109.6845,109.7035
2021-09-14 23:00:00+00:00,usdjpy,109.7165,109.7375,109.7085,109.736
2021-09-15 00:00:00+00:00,usdjpy,109.5725,109.7455,109.56,109.716
2021-09-15 01:00:00+00:00,usdjpy,109.5745,109.6155,109.547,109.5735
2021-09-15 02:00:00+00:00,usdjpy,109.627,109.6595,109.5685,109.574
2021-09-15 03:00:00+00:00,usdjpy,109.6155,109.6345,109.5815,109.6275
2021-09-15 04:00:00+00:00,usdjpy,109.6225,109.6435,109.5975,109.6165
2021-09-15 05:00:00+00:00,usdjpy,109.587,109.6235,109.5495,109.623
2021-09-15 06:00:00+00:00,usdjpy,109.5045,109.5925,109.4685,109.5875
2021-09-15 07:00:00+00:00,usdjpy,109.4385,109.5635,109.4235,109.504
2021-09-15 08:00:00+00:00,usdjpy,109.3275,109.4655,109.3085,109.439
2021-09-15 09:00:00+00:00,usdjpy,109.3435,109.3675,109.2645,109.327
2021-09-15 10:00:00+00:00,usdjpy,109.2565,109.3475,109.2255,109.343
2021-09-15 11:00:00+00:00,usdjpy,109.2405,109.3015,109.2235,109.256
2021-09-15 12:00:00+00:00,usdjpy,109.3805,109.4315,109.1145,109.24
2021-09-15 13:00:00+00:00,usdjpy,109.3075,109.4035,109.2055,109.3795
2021-09-15 14:00:00+00:00,usdjpy,109.2925,109.3635,109.211,109.308
2021-09-15 15:00:00+00:00,usdjpy,109.404,109.4115,109.2855,109.2935
2021-09-15 16:00:00+00:00,usdjpy,109.393,109.4075,109.3805,109.4035
2021-09-15 17:00:00+00:00,usdjpy,109.4165,109.427,109.3615,109.3935
2021-09-15 18:00:00+00:00,usdjpy,109.3945,109.4545,109.3945,109.416
2021-09-15 19:00:00+00:00,usdjpy,109.3615,109.4275,109.3565,109.3955
2021-09-15 20:00:00+00:00,usdjpy,109.375,109.3825,109.3485,109.361
2021-09-15 21:00:00+00:00,usdjpy,109.3685,109.3855,109.3585,109.3725
2021-09-15 22:00:00+00:00,usdjpy,109.3565,109.3715,109.3375,109.369
2021-09-15 23:00:00+00:00,usdjpy,109.3845,109.3845,109.3165,109.3555
2021-09-16 00:00:00+00:00,usdjpy,109.3865,109.4645,109.3815,109.3855
2021-09-16 01:00:00+00:00,usdjpy,109.2655,109.3875,109.2505,109.386
2021-09-16 02:00:00+00:00,usdjpy,109.2705,109.3115,109.2245,109.266
2021-09-16 03:00:00+00:00,usdjpy,109.2945,109.3125,109.2705,109.271
2021-09-16 04:00:00+00:00,usdjpy,109.2855,109.3255,109.2745,109.2925
2021-09-16 05:00:00+00:00,usdjpy,109.236,109.2865,109.2155,109.286
2021-09-16 06:00:00+00:00,usdjpy,109.3575,109.3645,109.2295,109.2355
2021-09-16 07:00:00+00:00,usdjpy,109.3575,109.376,109.2735,109.358
2021-09-16 08:00:00+00:00,usdjpy,109.3855,109.395,109.3155,109.3565
2021-09-16 09:00:00+00:00,usdjpy,109.4145,109.4345,109.376,109.385
2021-09-16 10:00:00+00:00,usdjpy,109.3625,109.4265,109.3275,109.4135
2021-09-16 11:00:00+00:00,usdjpy,109.3995,109.4235,109.3625,109.363
2021-09-16 12:00:00+00:00,usdjpy,109.6925,109.7035,109.3675,109.4
2021-09-16 13:00:00+00:00,usdjpy,109.6705,109.829,109.6565,109.693
2021-09-16 14:00:00+00:00,usdjpy,109.6555,109.7135,109.609,109.6715
2021-09-16 15:00:00+00:00,usdjpy,109.6725,109.707,109.6135,109.656
2021-09-16 16:00:00+00:00,usdjpy,109.7355,109.7385,109.6645,109.672
2021-09-16 17:00:00+00:00,usdjpy,109.7085,109.737,109.696,109.7345
2021-09-16 18:00:00+00:00,usdjpy,109.6995,109.7195,109.6955,109.7095
2021-09-16 19:00:00+00:00,usdjpy,109.7065,109.7315,109.689,109.6995
2021-09-16 20:00:00+00:00,usdjpy,109.7265,109.7515,109.6915,109.707
2021-09-16 21:00:00+00:00,usdjpy,109.7325,109.7465,109.7145,109.7245
2021-09-16 22:00:00+00:00,usdjpy,109.7325,109.7475,109.7125,109.7335
2021-09-16 23:00:00+00:00,usdjpy,109.6985,109.7445,109.6955,109.7315
2021-09-17 00:00:00+00:00,usdjpy,109.8005,109.8185,109.6685,109.6995
2021-09-17 01:00:00+00:00,usdjpy,109.8935,109.9015,109.7785,109.801
2021-09-17 02:00:00+00:00,usdjpy,109.8565,109.9195,109.854,109.893
2021-09-17 03:00:00+00:00,usdjpy,109.8445,109.8665,109.8285,109.857
2021-09-17 04:00:00+00:00,usdjpy,109.8335,109.8545,109.8135,109.844
2021-09-17 05:00:00+00:00,usdjpy,109.8805,109.8955,109.8315,109.8325
2021-09-17 06:00:00+00:00,usdjpy,109.8765,109.9105,109.8515,109.881
2021-09-17 07:00:00+00:00,usdjpy,109.9475,109.9535,109.8175,109.877
2021-09-17 08:00:00+00:00,usdjpy,109.9785,109.9815,109.9095,109.9465
2021-09-17 09:00:00+00:00,usdjpy,109.9805,109.9915,109.9235,109.9795
2021-09-17 10:00:00+00:00,usdjpy,109.9895,109.9985,109.94,109.9795
2021-09-17 11:00:00+00:00,usdjpy,109.9895,110.0045,109.9615,109.989
2021-09-17 12:00:00+00:00,usdjpy,110.0225,110.0335,109.948,109.9885
2021-09-17 13:00:00+00:00,usdjpy,110.0135,110.0815,109.9295,110.0235
2021-09-17 14:00:00+00:00,usdjpy,109.972,110.0485,109.9265,110.0125
2021-09-17 15:00:00+00:00,usdjpy,109.9465,109.9815,109.8735,109.9715
2021-09-17 16:00:00+00:00,usdjpy,109.9805,110.004,109.945,109.946
2021-09-17 17:00:00+00:00,usdjpy,109.9355,109.9805,109.9215,109.98
2021-09-17 18:00:00+00:00,usdjpy,109.9215,109.96,109.92,109.935
2021-09-17 19:00:00+00:00,usdjpy,109.9465,109.976,109.912,109.922
2021-09-17 20:00:00+00:00,usdjpy,109.959,109.9865,109.926,109.9455
2021-09-19 21:00:00+00:00,usdjpy,109.9645,109.9725,109.9095,109.9595
2021-09-19 22:00:00+00:00,usdjpy,109.968,110.0015,109.929,109.961
2021-09-19 23:00:00+00:00,usdjpy,109.9815,109.9945,109.9585,109.9675
2021-09-20 00:00:00+00:00,usdjpy,110.016,110.039,109.972,109.981
2021-09-20 01:00:00+00:00,usdjpy,109.9245,110.0195,109.9175,110.0165
2021-09-20 02:00:00+00:00,usdjpy,109.8805,109.9495,109.8595,109.924
2021-09-20 03:00:00+00:00,usdjpy,109.9335,109.9645,109.8755,109.88
2021-09-20 04:00:00+00:00,usdjpy,109.919,109.9375,109.9035,109.933
2021-09-20 05:00:00+00:00,usdjpy,109.9075,109.927,109.8965,109.9185
2021-09-20 06:00:00+00:00,usdjpy,109.8335,109.9295,109.805,109.907
2021-09-20 07:00:00+00:00,usdjpy,109.7635,109.8495,109.7285,109.833
2021-09-20 08:00:00+00:00,usdjpy,109.6815,109.775,109.6585,109.7645
2021-09-20 09:00:00+00:00,usdjpy,109.6735,109.715,109.6245,109.682
2021-09-20 10:00:00+00:00,usdjpy,109.5115,109.6775,109.4945,109.673
2021-09-20 11:00:00+00:00,usdjpy,109.5265,109.5945,109.5025,109.5125
2021-09-20 12:00:00+00:00,usdjpy,109.4995,109.5725,109.432,109.527
2021-09-20 13:00:00+00:00,usdjpy,109.626,109.6465,109.495,109.4985
2021-09-20 14:00:00+00:00,usdjpy,109.5195,109.6495,109.5055,109.6265
2021-09-20 15:00:00+00:00,usdjpy,109.4745,109.5335,109.4525,109.5205
2021-09-20 16:00:00+00:00,usdjpy,109.4075,109.4735,109.3975,109.4735
2021-09-20 17:00:00+00:00,usdjpy,109.4045,109.4155,109.3445,109.4065
2021-09-20 18:00:00+00:00,usdjpy,109.3685,109.4165,109.3235,109.4055
2021-09-20 19:00:00+00:00,usdjpy,109.374,109.4295,109.355,109.368
2021-09-20 20:00:00+00:00,usdjpy,109.4125,109.4385,109.3685,109.3745
2021-09-20 21:00:00+00:00,usdjpy,109.4055,109.4205,109.3715,109.3805
2021-09-20 22:00:00+00:00,usdjpy,109.4165,109.435,109.3825,109.4065
2021-09-20 23:00:00+00:00,usdjpy,109.4395,109.4575,109.349,109.416
2021-09-21 00:00:00+00:00,usdjpy,109.5525,109.5825,109.4005,109.4385
2021-09-21 01:00:00+00:00,usdjpy,109.518,109.5995,109.5135,109.5535
2021-09-21 02:00:00+00:00,usdjpy,109.5855,109.5895,109.4785,109.5185
2021-09-21 03:00:00+00:00,usdjpy,109.6275,109.6335,109.558,109.586
2021-09-21 04:00:00+00:00,usdjpy,109.5765,109.6335,109.5585,109.6285
2021-09-21 05:00:00+00:00,usdjpy,109.5185,109.588,109.507,109.5775
2021-09-21 06:00:00+00:00,usdjpy,109.5785,109.6105,109.5005,109.519
2021-09-21 07:00:00+00:00,usdjpy,109.6375,109.7075,109.5745,109.5775
2021-09-21 08:00:00+00:00,usdjpy,109.5555,109.6875,109.5465,109.638
2021-09-21 09:00:00+00:00,usdjpy,109.5655,109.5845,109.5315,109.555
2021-09-21 10:00:00+00:00,usdjpy,109.5125,109.5775,109.5075,109.565
2021-09-21 11:00:00+00:00,usdjpy,109.3985,109.5165,109.362,109.513
2021-09-21 12:00:00+00:00,usdjpy,109.285,109.4715,109.264,109.398
2021-09-21 13:00:00+00:00,usdjpy,109.3115,109.3645,109.214,109.286
2021-09-21 14:00:00+00:00,usdjpy,109.2145,109.3375,109.1885,109.312
2021-09-21 15:00:00+00:00,usdjpy,109.3335,109.3375,109.1885,109.2135
2021-09-21 16:00:00+00:00,usdjpy,109.2555,109.355,109.2475,109.334
2021-09-21 17:00:00+00:00,usdjpy,109.2545,109.3015,109.2335,109.255
2021-09-21 18:00:00+00:00,usdjpy,109.2225,109.2635,109.2215,109.254
2021-09-21 19:00:00+00:00,usdjpy,109.201,109.2375,109.1855,109.223
2021-09-21 20:00:00+00:00,usdjpy,109.225,109.225,109.1885,109.2005
2021-09-21 21:00:00+00:00,usdjpy,109.219,109.2415,109.2095,109.2225
2021-09-21 22:00:00+00:00,usdjpy,109.2395,109.2595,109.2075,109.2195
2021-09-21 23:00:00+00:00,usdjpy,109.155,109.24,109.136,109.239
2021-09-22 00:00:00+00:00,usdjpy,109.2475,109.2865,109.1215,109.1555
2021-09-22 01:00:00+00:00,usdjpy,109.3785,109.4875,109.1845,109.248
2021-09-22 02:00:00+00:00,usdjpy,109.4325,109.4435,109.3375,109.378
2021-09-22 03:00:00+00:00,usdjpy,109.474,109.4795,109.4185,109.4335
2021-09-22 04:00:00+00:00,usdjpy,109.5195,109.5235,109.4485,109.4735
2021-09-22 05:00:00+00:00,usdjpy,109.5215,109.5555,109.4995,109.519
2021-09-22 06:00:00+00:00,usdjpy,109.5705,109.6025,109.5205,109.5205
2021-09-22 07:00:00+00:00,usdjpy,109.4425,109.6075,109.411,109.57
2021-09-22 08:00:00+00:00,usdjpy,109.5085,109.5375,109.4435,109.4435
2021-09-22 09:00:00+00:00,usdjpy,109.5095,109.5565,109.4755,109.508
2021-09-22 10:00:00+00:00,usdjpy,109.5145,109.5595,109.5055,109.5085
2021-09-22 11:00:00+00:00,usdjpy,109.5315,109.5445,109.4805,109.514
2021-09-22 12:00:00+00:00,usdjpy,109.6015,109.6155,109.5045,109.531
2021-09-22 13:00:00+00:00,usdjpy,109.5575,109.6225,109.5475,109.601
2021-09-22 14:00:00+00:00,usdjpy,109.6165,109.646,109.4975,109.5585
2021-09-22 15:00:00+00:00,usdjpy,109.6045,109.637,109.5615,109.6175
2021-09-22 16:00:00+00:00,usdjpy,109.6015,109.6305,109.5935,109.605
2021-09-22 17:00:00+00:00,usdjpy,109.5965,109.6415,109.5885,109.601
2021-09-22 18:00:00+00:00,usdjpy,109.8755,109.8945,109.5175,109.597
2021-09-22 19:00:00+00:00,usdjpy,109.7775,109.9005,109.7265,109.875
2021-09-22 20:00:00+00:00,usdjpy,109.791,109.8145,109.7725,109.7765
2021-09-22 21:00:00+00:00,usdjpy,109.7955,109.8065,109.758,109.7635
2021-09-22 22:00:00+00:00,usdjpy,109.7865,109.8155,109.7765,109.795
2021-09-22 23:00:00+00:00,usdjpy,109.8255,109.8385,109.7775,109.7855
2021-09-23 00:00:00+00:00,usdjpy,109.852,109.8895,109.8065,109.8245
2021-09-23 01:00:00+00:00,usdjpy,109.8865,109.904,109.8385,109.8525
2021-09-23 02:00:00+00:00,usdjpy,109.8705,109.9255,109.8645,109.8875
2021-09-23 03:00:00+00:00,usdjpy,109.8155,109.8715,109.7985,109.8715
2021-09-23 04:00:00+00:00,usdjpy,109.8115,109.829,109.803,109.8165
2021-09-23 05:00:00+00:00,usdjpy,109.8385,109.8425,109.8,109.811
2021-09-23 06:00:00+00:00,usdjpy,109.8845,109.9035,109.8265,109.839
2021-09-23 07:00:00+00:00,usdjpy,109.9515,109.9915,109.8545,109.884
2021-09-23 08:00:00+00:00,usdjpy,109.9435,109.9645,109.9075,109.9525
2021-09-23 09:00:00+00:00,usdjpy,109.959,110.004,109.9415,109.9445
2021-09-23 10:00:00+00:00,usdjpy,109.8425,109.9695,109.7625,109.9595
2021-09-23 11:00:00+00:00,usdjpy,110.0285,110.0475,109.8195,109.8415
2021-09-23 12:00:00+00:00,usdjpy,110.078,110.1015,109.9355,110.029
2021-09-23 13:00:00+00:00,usdjpy,110.062,110.1345,110.0545,110.0785
2021-09-23 14:00:00+00:00,usdjpy,110.1275,110.1485,110.0535,110.0615
2021-09-23 15:00:00+00:00,usdjpy,110.1765,110.2015,110.125,110.128
2021-09-23 16:00:00+00:00,usdjpy,110.177,110.1995,110.1365,110.176
2021-09-23 17:00:00+00:00,usdjpy,110.1805,110.1885,110.1565,110.1775
2021-09-23 18:00:00+00:00,usdjpy,110.2435,110.2435,110.1805,110.1815
2021-09-23 19:00:00+00:00,usdjpy,110.2675,110.291,110.236,110.243
2021-09-23 20:00:00+00:00,usdjpy,110.3315,110.3505,110.2625,110.268
2021-09-23 21:00:00+00:00,usdjpy,110.315,110.318,110.2975,110.3055
2021-09-23 22:00:00+00:00,usdjpy,110.2905,110.3195,110.2565,110.3155
2021-09-23 23:00:00+00:00,usdjpy,110.3295,110.3435,110.2745,110.2895
2021-09-24 00:00:00+00:00,usdjpy,110.3725,110.4205,110.3135,110.33
2021-09-24 01:00:00+00:00,usdjpy,110.3205,110.4145,110.317,110.373
2021-09-24 02:00:00+00:00,usdjpy,110.3965,110.3965,110.3205,110.321
2021-09-24 03:00:00+00:00,usdjpy,110.4225,110.4485,110.3895,110.396
2021-09-24 04:00:00+00:00,usdjpy,110.4405,110.444,110.3905,110.4235
2021-09-24 05:00:00+00:00,usdjpy,110.4775,110.489,110.4165,110.441
2021-09-24 06:00:00+00:00,usdjpy,110.5695,110.5705,110.4745,110.4785
2021-09-24 07:00:00+00:00,usdjpy,110.4695,110.5695,110.4655,110.5685
2021-09-24 08:00:00+00:00,usdjpy,110.4225,110.4845,110.315,110.4705
2021-09-24 09:00:00+00:00,usdjpy,110.3855,110.4415,110.3535,110.4215
2021-09-24 10:00:00+00:00,usdjpy,110.4335,110.4555,110.3695,110.3845
2021-09-24 11:00:00+00:00,usdjpy,110.536,110.5615,110.4165,110.433
2021-09-24 12:00:00+00:00,usdjpy,110.555,110.5885,110.4755,110.5365
2021-09-24 13:00:00+00:00,usdjpy,110.6855,110.6965,110.5425,110.5555
2021-09-24 14:00:00+00:00,usdjpy,110.7195,110.7445,110.6185,110.685
2021-09-24 15:00:00+00:00,usdjpy,110.7115,110.7415,110.622,110.72
2021-09-24 16:00:00+00:00,usdjpy,110.755,110.766,110.6725,110.7125
2021-09-24 17:00:00+00:00,usdjpy,110.7535,110.7655,110.7335,110.7555
2021-09-24 18:00:00+00:00,usdjpy,110.7935,110.7935,110.7405,110.7545
2021-09-24 19:00:00+00:00,usdjpy,110.7495,110.7935,110.7495,110.793
2021-09-24 20:00:00+00:00,usdjpy,110.72,110.7775,110.72,110.749
2021-09-26 21:00:00+00:00,usdjpy,110.707,110.746,110.6855,110.7085
2021-09-26 22:00:00+00:00,usdjpy,110.7935,110.7985,110.7065,110.7065
2021-09-26 23:00:00+00:00,usdjpy,110.7685,110.7995,110.741,110.7925
2021-09-27 00:00:00+00:00,usdjpy,110.7375,110.8065,110.6525,110.7675
2021-09-27 01:00:00+00:00,usdjpy,110.6585,110.7435,110.6295,110.738
2021-09-27 02:00:00+00:00,usdjpy,110.628,110.6735,110.6115,110.6595
2021-09-27 03:00:00+00:00,usdjpy,110.5765,110.6295,110.5365,110.6275
2021-09-27 04:00:00+00:00,usdjpy,110.5515,110.5805,110.5485,110.576
2021-09-27 05:00:00+00:00,usdjpy,110.6305,110.6375,110.5505,110.552
2021-09-27 06:00:00+00:00,usdjpy,110.7095,110.7165,110.631,110.6315
2021-09-27 07:00:00+00:00,usdjpy,110.7785,110.7805,110.6165,110.71
2021-09-27 08:00:00+00:00,usdjpy,110.9115,110.9485,110.721,110.7795
2021-09-27 09:00:00+00:00,usdjpy,110.9485,110.971,110.8815,110.9125
2021-09-27 10:00:00+00:00,usdjpy,110.9085,110.988,110.8795,110.9475
2021-09-27 11:00:00+00:00,usdjpy,111.0315,111.0665,110.9065,110.9075
2021-09-27 12:00:00+00:00,usdjpy,110.8705,111.034,110.8135,111.0325
2021-09-27 13:00:00+00:00,usdjpy,110.8425,110.9515,110.8415,110.871
2021-09-27 14:00:00+00:00,usdjpy,110.9865,110.9905,110.7825,110.8285
2021-09-27 15:00:00+00:00,usdjpy,110.9675,111.0245,110.9185,110.9855
2021-09-27 16:00:00+00:00,usdjpy,110.9975,111.0045,110.9235,110.967
2021-09-27 17:00:00+00:00,usdjpy,110.9845,111.0005,110.9585,110.998
2021-09-27 18:00:00+00:00,usdjpy,111.0145,111.0205,110.9545,110.984
2021-09-27 19:00:00+00:00,usdjpy,111.001,111.0345,110.9945,111.014
2021-09-27 20:00:00+00:00,usdjpy,110.999,111.0205,110.9965,111.002
2021-09-27 21:00:00+00:00,usdjpy,110.989,111.0045,110.9785,111.003
2021-09-27 22:00:00+00:00,usdjpy,110.9885,111.012,110.9745,110.9885
2021-09-27 23:00:00+00:00,usdjpy,110.966,111.0075,110.948,110.988
2021-09-28 00:00:00+00:00,usdjpy,111.0355,111.043,110.936,110.9665
2021-09-28 01:00:00+00:00,usdjpy,111.0945,111.1355,111.0065,111.035
2021-09-28 02:00:00+00:00,usdjpy,111.1815,111.191,111.059,111.094
2021-09-28 03:00:00+00:00,usdjpy,111.2255,111.242,111.155,111.181
2021-09-28 04:00:00+00:00,usdjpy,111.1585,111.2345,111.1575,111.226
2021-09-28 05:00:00+00:00,usdjpy,111.2185,111.2315,111.1215,111.159
2021-09-28 06:00:00+00:00,usdjpy,111.3535,111.3815,111.2065,111.218
2021-09-28 07:00:00+00:00,usdjpy,111.247,111.4245,111.2335,111.354
2021-09-28 08:00:00+00:00,usdjpy,111.2885,111.3265,111.165,111.2465
2021-09-28 09:00:00+00:00,usdjpy,111.3095,111.346,111.245,111.2875
2021-09-28 10:00:00+00:00,usdjpy,111.4465,111.4475,111.3035,111.3085
2021-09-28 11:00:00+00:00,usdjpy,111.4395,111.4675,111.3745,111.446
2021-09-28 12:00:00+00:00,usdjpy,111.5565,111.6385,111.431,111.44
2021-09-28 13:00:00+00:00,usdjpy,111.5375,111.6315,111.4175,111.562
2021-09-28 14:00:00+00:00,usdjpy,111.4525,111.5605,111.2345,111.537
2021-09-28 15:00:00+00:00,usdjpy,111.337,111.4585,111.2485,111.4525
2021-09-28 16:00:00+00:00,usdjpy,111.4205,111.424,111.3215,111.3375
2021-09-28 17:00:00+00:00,usdjpy,111.5265,111.5375,111.4165,111.42
2021-09-28 18:00:00+00:00,usdjpy,111.5965,111.598,111.5095,111.527
2021-09-28 19:00:00+00:00,usdjpy,111.4685,111.6225,111.457,111.597
2021-09-28 20:00:00+00:00,usdjpy,111.4965,111.5605,111.4545,111.4695
2021-09-28 21:00:00+00:00,usdjpy,111.5115,111.5185,111.4775,111.5035
2021-09-28 22:00:00+00:00,usdjpy,111.5415,111.5465,111.5015,111.511
2021-09-28 23:00:00+00:00,usdjpy,111.5305,111.5845,111.5275,111.542
2021-09-29 00:00:00+00:00,usdjpy,111.6505,111.6835,111.4945,111.5295
2021-09-29 01:00:00+00:00,usdjpy,111.562,111.6845,111.548,111.6515
2021-09-29 02:00:00+00:00,usdjpy,111.4165,111.5975,111.414,111.5635
2021-09-29 03:00:00+00:00,usdjpy,111.424,111.4685,111.3445,111.416
2021-09-29 04:00:00+00:00,usdjpy,111.4985,111.5515,111.4185,111.4235
2021-09-29 05:00:00+00:00,usdjpy,111.4865,111.5435,111.3755,111.498
2021-09-29 06:00:00+00:00,usdjpy,111.4325,111.5655,111.3675,111.487
2021-09-29 07:00:00+00:00,usdjpy,111.2995,111.5025,111.282,111.432
2021-09-29 08:00:00+00:00,usdjpy,111.323,111.3335,111.2065,111.3
2021-09-29 09:00:00+00:00,usdjpy,111.2935,111.3385,111.242,111.3225
2021-09-29 10:00:00+00:00,usdjpy,111.342,111.3825,111.2785,111.294
2021-09-29 11:00:00+00:00,usdjpy,111.4025,111.4565,111.3305,111.3415
2021-09-29 12:00:00+00:00,usdjpy,111.5775,111.5865,111.3925,111.4035
2021-09-29 13:00:00+00:00,usdjpy,111.5905,111.6075,111.5015,111.5785
2021-09-29 14:00:00+00:00,usdjpy,111.9145,111.9285,111.5605,111.597
2021-09-29 15:00:00+00:00,usdjpy,111.8305,111.9185,111.8225,111.9155
2021-09-29 16:00:00+00:00,usdjpy,111.9485,111.9495,111.8215,111.8315
2021-09-29 17:00:00+00:00,usdjpy,112.0165,112.0495,111.93,111.9475
2021-09-29 18:00:00+00:00,usdjpy,111.9825,112.0335,111.9655,112.0155
2021-09-29 19:00:00+00:00,usdjpy,111.9965,112.0015,111.9725,111.982
2021-09-29 23:00:00+00:00,usdjpy,111.9395,111.9765,111.934,111.9685
2021-09-30 00:00:00+00:00,usdjpy,111.8855,111.9465,111.8575,111.9385
2021-09-30 01:00:00+00:00,usdjpy,111.8455,111.9385,111.7985,111.885
2021-09-30 02:00:00+00:00,usdjpy,111.8555,111.8705,111.8075,111.845
2021-09-30 03:00:00+00:00,usdjpy,111.9035,111.9035,111.8185,111.855
2021-09-30 04:00:00+00:00,usdjpy,111.9335,111.9885,111.8995,111.904
2021-09-30 05:00:00+00:00,usdjpy,111.8535,111.956,111.8375,111.933
2021-09-30 06:00:00+00:00,usdjpy,111.9735,111.9845,111.8535,111.854
2021-09-30 07:00:00+00:00,usdjpy,111.8745,112.0625,111.8735,111.9745
2021-09-30 08:00:00+00:00,usdjpy,111.9515,111.9525,111.817,111.8735
2021-09-30 09:00:00+00:00,usdjpy,111.92,111.9685,111.8645,111.951
2021-09-30 10:00:00+00:00,usdjpy,112.0395,112.0425,111.8765,111.9205
2021-09-30 11:00:00+00:00,usdjpy,111.99,112.08,111.9745,112.0385
2021-09-30 12:00:00+00:00,usdjpy,111.8785,112.0135,111.8635,111.9905
2021-09-30 13:00:00+00:00,usdjpy,111.7895,111.968,111.7075,111.878
2021-09-30 14:00:00+00:00,usdjpy,111.5805,111.8785,111.5455,111.792
2021-09-30 15:00:00+00:00,usdjpy,111.517,111.6015,111.413,111.576
2021-09-30 16:00:00+00:00,usdjpy,111.436,111.5265,111.4165,111.5085
2021-09-30 17:00:00+00:00,usdjpy,111.4085,111.454,111.3215,111.4355
2021-09-30 18:00:00+00:00,usdjpy,111.403,111.4865,111.3945,111.408
2021-09-30 19:00:00+00:00,usdjpy,111.2905,111.403,111.2875,111.4025
2021-09-30 20:00:00+00:00,usdjpy,111.2875,111.3055,111.2405,111.2915
2021-09-30 21:00:00+00:00,usdjpy,111.2935,111.3045,111.2565,111.275
2021-09-30 22:00:00+00:00,usdjpy,111.3555,111.3785,111.2925,111.294
2021-09-30 23:00:00+00:00,usdjpy,111.465,111.4725,111.346,111.355
2021-10-01 00:00:00+00:00,usdjpy,111.3995,111.4895,111.3585,111.4645
2021-10-01 01:00:00+00:00,usdjpy,111.3015,111.4185,111.2475,111.399
2021-10-01 02:00:00+00:00,usdjpy,111.262,111.3255,111.2335,111.302
2021-10-01 03:00:00+00:00,usdjpy,111.1585,111.3055,111.151,111.2625
2021-10-01 04:00:00+00:00,usdjpy,111.1745,111.1865,111.1185,111.159
2021-10-01 05:00:00+00:00,usdjpy,111.1905,111.2205,111.1325,111.174
2021-10-01 06:00:00+00:00,usdjpy,111.1155,111.2635,111.0615,111.191
2021-10-01 07:00:00+00:00,usdjpy,111.2585,111.2975,111.051,111.1165
2021-10-01 08:00:00+00:00,usdjpy,111.1125,111.283,111.078,111.258
2021-10-01 09:00:00+00:00,usdjpy,111.1285,111.1585,111.0495,111.113
2021-10-01 10:00:00+00:00,usdjpy,111.1875,111.1935,111.0825,111.129
2021-10-01 11:00:00+00:00,usdjpy,111.1615,111.2605,111.0875,111.187
2021-10-01 12:00:00+00:00,usdjpy,110.9905,111.208,110.9635,111.1625
2021-10-01 13:00:00+00:00,usdjpy,110.9525,111.1145,110.9075,110.9895
2021-10-01 14:00:00+00:00,usdjpy,110.9565,111.1375,110.911,111.036
2021-10-01 15:00:00+00:00,usdjpy,110.9845,111.1085,110.957,110.957
2021-10-01 16:00:00+00:00,usdjpy,111.0015,111.0215,110.9525,110.9835
2021-10-01 17:00:00+00:00,usdjpy,111.0185,111.0395,110.988,111.001
2021-10-01 18:00:00+00:00,usdjpy,111.0545,111.064,111.0135,111.018
2021-10-01 19:00:00+00:00,usdjpy,111.0255,111.1215,111.0235,111.0555
2021-10-01 20:00:00+00:00,usdjpy,111.0485,111.0765,111.018,111.025
2021-10-03 21:00:00+00:00,usdjpy,110.9465,110.981,110.9155,110.946
2021-10-03 22:00:00+00:00,usdjpy,111.001,111.0305,110.9035,110.948
2021-10-03 23:00:00+00:00,usdjpy,110.9505,111.0065,110.9285,111.0005
2021-10-04 00:00:00+00:00,usdjpy,110.9535,111.002,110.8875,110.951
2021-10-04 01:00:00+00:00,usdjpy,110.9935,111.0525,110.9295,110.9515
2021-10-04 02:00:00+00:00,usdjpy,111.0845,111.1045,110.98,110.993
2021-10-04 03:00:00+00:00,usdjpy,111.0625,111.1155,111.0385,111.084
2021-10-04 04:00:00+00:00,usdjpy,111.0465,111.0705,111.0185,111.0615
2021-10-04 05:00:00+00:00,usdjpy,111.0625,111.0815,111.021,111.046
2021-10-04 06:00:00+00:00,usdjpy,111.0165,111.0835,110.9675,111.063
2021-10-04 07:00:00+00:00,usdjpy,111.167,111.1985,111.0065,111.017
2021-10-04 08:00:00+00:00,usdjpy,111.2055,111.2485,111.124,111.1665
2021-10-04 09:00:00+00:00,usdjpy,111.2415,111.2615,111.1895,111.2065
2021-10-04 10:00:00+00:00,usdjpy,111.294,111.3025,111.2205,111.2425
2021-10-04 11:00:00+00:00,usdjpy,111.0835,111.294,111.0655,111.2935
2021-10-04 12:00:00+00:00,usdjpy,111.068,111.121,110.9115,111.0825
2021-10-04 13:00:00+00:00,usdjpy,111.1465,111.2345,111.067,111.0675
2021-10-04 14:00:00+00:00,usdjpy,110.8995,111.177,110.8235,111.147
2021-10-04 15:00:00+00:00,usdjpy,110.9435,110.9825,110.8395,110.8795
2021-10-04 16:00:00+00:00,usdjpy,110.8695,110.9585,110.8355,110.943
2021-10-04 17:00:00+00:00,usdjpy,110.9005,110.9255,110.8675,110.869
2021-10-04 18:00:00+00:00,usdjpy,110.9045,110.9125,110.8525,110.901
2021-10-04 19:00:00+00:00,usdjpy,110.9215,111.0015,110.9005,110.904
2021-10-04 20:00:00+00:00,usdjpy,110.9225,110.941,110.914,110.9225
2021-10-04 21:00:00+00:00,usdjpy,110.9205,110.9475,110.918,110.9315
2021-10-04 22:00:00+00:00,usdjpy,110.9795,111.0015,110.91,110.9195
2021-10-04 23:00:00+00:00,usdjpy,110.9705,110.9855,110.9265,110.98
2021-10-05 00:00:00+00:00,usdjpy,110.9325,110.985,110.8725,110.97
2021-10-05 01:00:00+00:00,usdjpy,111.0925,111.1225,110.9275,110.932
2021-10-05 02:00:00+00:00,usdjpy,111.109,111.1195,111.059,111.0915
2021-10-05 03:00:00+00:00,usdjpy,111.1715,111.1935,111.0875,111.1095
2021-10-05 04:00:00+00:00,usdjpy,111.1915,111.204,111.1655,111.171
2021-10-05 05:00:00+00:00,usdjpy,111.188,111.2265,111.1535,111.191
2021-10-05 06:00:00+00:00,usdjpy,111.1655,111.2275,111.1145,111.1885
2021-10-05 07:00:00+00:00,usdjpy,111.0945,111.2595,111.0875,111.165
2021-10-05 08:00:00+00:00,usdjpy,111.1705,111.199,111.0765,111.095
2021-10-05 09:00:00+00:00,usdjpy,111.1695,111.1885,111.1165,111.1715
2021-10-05 10:00:00+00:00,usdjpy,111.2285,111.2365,111.1575,111.1685
2021-10-05 11:00:00+00:00,usdjpy,111.2195,111.3165,111.1975,111.2295
2021-10-05 12:00:00+00:00,usdjpy,111.2685,111.2865,111.1335,111.22
2021-10-05 13:00:00+00:00,usdjpy,111.3675,111.424,111.2385,111.2675
2021-10-05 14:00:00+00:00,usdjpy,111.5455,111.5635,111.3795,111.4005
2021-10-05 15:00:00+00:00,usdjpy,111.3925,111.5555,111.3535,111.545
2021-10-05 16:00:00+00:00,usdjpy,111.458,111.464,111.3915,111.392
2021-10-05 17:00:00+00:00,usdjpy,111.4245,111.479,111.4165,111.4575
2021-10-05 18:00:00+00:00,usdjpy,111.4895,111.4895,111.4095,111.425
2021-10-05 19:00:00+00:00,usdjpy,111.4665,111.5245,111.459,111.4905
2021-10-05 20:00:00+00:00,usdjpy,111.469,111.5205,111.4555,111.4675
2021-10-05 21:00:00+00:00,usdjpy,111.493,111.5035,111.4405,111.4665
2021-10-05 22:00:00+00:00,usdjpy,111.4955,111.52,111.4615,111.4925
2021-10-05 23:00:00+00:00,usdjpy,111.4885,111.5165,111.4795,111.496
2021-10-06 00:00:00+00:00,usdjpy,111.6405,111.6425,111.489,111.489
2021-10-06 01:00:00+00:00,usdjpy,111.5885,111.649,111.5515,111.6415
2021-10-06 02:00:00+00:00,usdjpy,111.6135,111.6325,111.5485,111.588
2021-10-06 03:00:00+00:00,usdjpy,111.6295,111.6645,111.5875,111.6125
2021-10-06 04:00:00+00:00,usdjpy,111.7585,111.769,111.6285,111.6305
2021-10-06 05:00:00+00:00,usdjpy,111.7685,111.78,111.7235,111.759
2021-10-06 06:00:00+00:00,usdjpy,111.7085,111.7895,111.6685,111.769
2021-10-06 07:00:00+00:00,usdjpy,111.6745,111.7365,111.5915,111.708
2021-10-06 08:00:00+00:00,usdjpy,111.5785,111.6805,111.4865,111.6735
2021-10-06 09:00:00+00:00,usdjpy,111.5305,111.5915,111.449,111.578
2021-10-06 10:00:00+00:00,usdjpy,111.4185,111.5325,111.3645,111.5295
2021-10-06 11:00:00+00:00,usdjpy,111.3715,111.4945,111.3495,111.4195
2021-10-06 12:00:00+00:00,usdjpy,111.3485,111.424,111.294,111.3705
2021-10-06 13:00:00+00:00,usdjpy,111.3185,111.432,111.3015,111.349
2021-10-06 14:00:00+00:00,usdjpy,111.2505,111.3215,111.2015,111.2775
2021-10-06 15:00:00+00:00,usdjpy,111.3435,111.393,111.2375,111.2495
2021-10-06 16:00:00+00:00,usdjpy,111.3885,111.4075,111.3175,111.343
2021-10-06 17:00:00+00:00,usdjpy,111.4495,111.4745,111.3505,111.3875
2021-10-06 18:00:00+00:00,usdjpy,111.4345,111.4985,111.4275,111.449
2021-10-06 19:00:00+00:00,usdjpy,111.3905,111.442,111.3815,111.4355
2021-10-06 20:00:00+00:00,usdjpy,111.4125,111.4385,111.3875,111.3895
2021-10-06 21:00:00+00:00,usdjpy,111.4205,111.436,111.397,111.3995
2021-10-06 22:00:00+00:00,usdjpy,111.4365,111.4425,111.4175,111.42
2021-10-06 23:00:00+00:00,usdjpy,111.4085,111.4405,111.377,111.437
2021-10-07 00:00:00+00:00,usdjpy,111.3835,111.4425,111.3145,111.409
2021-10-07 01:00:00+00:00,usdjpy,111.47,111.471,111.368,111.384
2021-10-07 02:00:00+00:00,usdjpy,111.4865,111.511,111.4675,111.471
2021-10-07 03:00:00+00:00,usdjpy,111.424,111.4865,111.4205,111.4855
2021-10-07 04:00:00+00:00,usdjpy,111.4165,111.4405,111.3945,111.4245
2021-10-07 05:00:00+00:00,usdjpy,111.4815,111.4855,111.3975,111.417
2021-10-07 06:00:00+00:00,usdjpy,111.3575,111.5135,111.3455,111.4815
2021-10-07 07:00:00+00:00,usdjpy,111.2935,111.4265,111.2375,111.357
2021-10-07 08:00:00+00:00,usdjpy,111.4175,111.441,111.271,111.294
2021-10-07 09:00:00+00:00,usdjpy,111.4655,111.5305,111.4145,111.4185
2021-10-07 10:00:00+00:00,usdjpy,111.3995,111.4835,111.3975,111.466
2021-10-07 11:00:00+00:00,usdjpy,111.352,111.4095,111.2865,111.4
2021-10-07 12:00:00+00:00,usdjpy,111.4545,111.4705,111.3195,111.3515
2021-10-07 13:00:00+00:00,usdjpy,111.4425,111.5535,111.4175,111.455
2021-10-07 14:00:00+00:00,usdjpy,111.5215,111.542,111.394,111.443
2021-10-07 15:00:00+00:00,usdjpy,111.501,111.528,111.4475,111.5225
2021-10-07 16:00:00+00:00,usdjpy,111.6255,111.626,111.4825,111.5015
2021-10-07 17:00:00+00:00,usdjpy,111.5975,111.6305,111.5625,111.6245
2021-10-07 18:00:00+00:00,usdjpy,111.6245,111.643,111.5955,111.5965
2021-10-07 19:00:00+00:00,usdjpy,111.5965,111.6365,111.5955,111.625
2021-10-07 20:00:00+00:00,usdjpy,111.6265,111.652,111.5975,111.5975
2021-10-07 21:00:00+00:00,usdjpy,111.6225,111.6355,111.5975,111.6225
2021-10-07 22:00:00+00:00,usdjpy,111.6625,111.6645,111.6205,111.6245
2021-10-07 23:00:00+00:00,usdjpy,111.664,111.6775,111.6395,111.662
2021-10-08 00:00:00+00:00,usdjpy,111.7195,111.7605,111.6585,111.6625
2021-10-08 01:00:00+00:00,usdjpy,111.8485,111.8755,111.7165,111.719
2021-10-08 02:00:00+00:00,usdjpy,111.8315,111.8955,111.8215,111.849
2021-10-08 03:00:00+00:00,usdjpy,111.8395,111.8765,111.8085,111.8305
2021-10-08 04:00:00+00:00,usdjpy,111.927,111.9285,111.8365,111.839
2021-10-08 05:00:00+00:00,usdjpy,111.9185,111.9305,111.8815,111.9265
2021-10-08 06:00:00+00:00,usdjpy,111.9035,111.9395,111.8655,111.919
2021-10-08 07:00:00+00:00,usdjpy,111.957,111.994,111.888,111.904
2021-10-08 08:00:00+00:00,usdjpy,111.9605,111.9995,111.9365,111.9565
2021-10-08 09:00:00+00:00,usdjpy,111.8695,111.961,111.8305,111.9595
2021-10-08 10:00:00+00:00,usdjpy,111.8015,111.8935,111.7945,111.869
2021-10-08 11:00:00+00:00,usdjpy,111.75,111.8225,111.6975,111.8025
2021-10-08 12:00:00+00:00,usdjpy,111.5965,111.8565,111.5135,111.7495
2021-10-08 13:00:00+00:00,usdjpy,111.8575,111.9515,111.553,111.5955
2021-10-08 14:00:00+00:00,usdjpy,112.0355,112.0455,111.8345,111.858
2021-10-08 15:00:00+00:00,usdjpy,112.156,112.179,111.983,112.037
2021-10-08 16:00:00+00:00,usdjpy,112.1985,112.2145,112.1355,112.1565
2021-10-08 17:00:00+00:00,usdjpy,112.175,112.2485,112.1655,112.198
2021-10-08 18:00:00+00:00,usdjpy,112.1965,112.201,112.1375,112.1755
2021-10-08 19:00:00+00:00,usdjpy,112.213,112.247,112.1875,112.196
2021-10-08 20:00:00+00:00,usdjpy,112.246,112.256,112.2105,112.2125
2021-10-10 21:00:00+00:00,usdjpy,112.2345,112.2445,112.1645,112.185
2021-10-10 22:00:00+00:00,usdjpy,112.2735,112.3295,112.2355,112.2355
2021-10-10 23:00:00+00:00,usdjpy,112.2755,112.3125,112.244,112.273
2021-10-11 00:00:00+00:00,usdjpy,112.302,112.307,112.177,112.275
2021-10-11 01:00:00+00:00,usdjpy,112.3705,112.4145,112.2975,112.3015
2021-10-11 02:00:00+00:00,usdjpy,112.5385,112.556,112.37,112.37
2021-10-11 03:00:00+00:00,usdjpy,112.694,112.7245,112.529,112.538
2021-10-11 04:00:00+00:00,usdjpy,112.6795,112.7215,112.6185,112.6945
2021-10-11 05:00:00+00:00,usdjpy,112.7305,112.7515,112.645,112.6785
2021-10-11 06:00:00+00:00,usdjpy,112.7085,112.7415,112.6415,112.73
2021-10-11 07:00:00+00:00,usdjpy,112.7925,112.8455,112.6705,112.709
2021-10-11 08:00:00+00:00,usdjpy,112.9125,112.954,112.7915,112.792
2021-10-11 09:00:00+00:00,usdjpy,112.9645,113.0375,112.9055,112.9115
2021-10-11 10:00:00+00:00,usdjpy,112.9295,112.9885,112.875,112.965
2021-10-11 11:00:00+00:00,usdjpy,112.9325,112.9655,112.8735,112.929
2021-10-11 12:00:00+00:00,usdjpy,113.1925,113.2415,112.8865,112.932
2021-10-11 13:00:00+00:00,usdjpy,113.1025,113.1935,113.0505,113.1935
2021-10-11 14:00:00+00:00,usdjpy,113.295,113.3435,113.1005,113.1015
2021-10-11 15:00:00+00:00,usdjpy,113.367,113.379,113.2315,113.2945
2021-10-11 16:00:00+00:00,usdjpy,113.4075,113.4125,113.3505,113.3675
2021-10-11 17:00:00+00:00,usdjpy,113.32,113.407,113.277,113.407
2021-10-11 18:00:00+00:00,usdjpy,113.3385,113.34,113.2925,113.3195
2021-10-11 19:00:00+00:00,usdjpy,113.3675,113.3735,113.3265,113.3375
2021-10-11 20:00:00+00:00,usdjpy,113.3195,113.4015,113.2885,113.367
2021-10-11 21:00:00+00:00,usdjpy,113.3335,113.348,113.2375,113.327
2021-10-11 22:00:00+00:00,usdjpy,113.3925,113.4155,113.3315,113.3345
2021-10-11 23:00:00+00:00,usdjpy,113.3915,113.3995,113.3295,113.393
2021-10-12 00:00:00+00:00,usdjpy,113.4525,113.4875,113.363,113.391
2021-10-12 01:00:00+00:00,usdjpy,113.354,113.489,113.3095,113.453
2021-10-12 02:00:00+00:00,usdjpy,113.2695,113.393,113.249,113.3545
2021-10-12 03:00:00+00:00,usdjpy,113.2975,113.3075,113.2105,113.27
2021-10-12 04:00:00+00:00,usdjpy,113.3415,113.3505,113.2795,113.2955
2021-10-12 05:00:00+00:00,usdjpy,113.3135,113.3455,113.2435,113.341
2021-10-12 06:00:00+00:00,usdjpy,113.0745,113.3195,113.0035,113.314
2021-10-12 07:00:00+00:00,usdjpy,113.2965,113.3055,113.0515,113.0755
2021-10-12 08:00:00+00:00,usdjpy,113.3765,113.4285,113.2665,113.296
2021-10-12 09:00:00+00:00,usdjpy,113.2775,113.4315,113.235,113.3775
2021-10-12 10:00:00+00:00,usdjpy,113.3595,113.3665,113.2705,113.2765
2021-10-12 11:00:00+00:00,usdjpy,113.3955,113.4045,113.2655,113.359
2021-10-12 12:00:00+00:00,usdjpy,113.6635,113.7885,113.357,113.3945
2021-10-12 13:00:00+00:00,usdjpy,113.492,113.729,113.4655,113.663
2021-10-12 14:00:00+00:00,usdjpy,113.6145,113.7135,113.4555,113.536
2021-10-12 15:00:00+00:00,usdjpy,113.6905,113.7265,113.5845,113.6155
2021-10-12 16:00:00+00:00,usdjpy,113.6415,113.7025,113.5705,113.691
2021-10-12 17:00:00+00:00,usdjpy,113.6415,113.6865,113.6015,113.6405
2021-10-12 18:00:00+00:00,usdjpy,113.666,113.6715,113.5925,113.642
2021-10-12 19:00:00+00:00,usdjpy,113.5965,113.669,113.5615,113.6665
2021-10-12 20:00:00+00:00,usdjpy,113.6145,113.6475,113.596,113.596
2021-10-12 21:00:00+00:00,usdjpy,113.6115,113.6225,113.578,113.585
2021-10-12 22:00:00+00:00,usdjpy,113.578,113.6185,113.5695,113.6125
2021-10-12 23:00:00+00:00,usdjpy,113.5395,113.5815,113.5155,113.579
2021-10-13 00:00:00+00:00,usdjpy,113.4415,113.5895,113.4415,113.539
2021-10-13 01:00:00+00:00,usdjpy,113.4,113.4585,113.3875,113.4405
2021-10-13 02:00:00+00:00,usdjpy,113.3995,113.4555,113.3495,113.4005
2021-10-13 03:00:00+00:00,usdjpy,113.4655,113.495,113.3975,113.4
2021-10-13 04:00:00+00:00,usdjpy,113.4665,113.483,113.4435,113.465
2021-10-13 05:00:00+00:00,usdjpy,113.4725,113.5395,113.4585,113.4675
2021-10-13 06:00:00+00:00,usdjpy,113.511,113.5175,113.4055,113.4735
2021-10-13 07:00:00+00:00,usdjpy,113.5745,113.6095,113.5055,113.5105
2021-10-13 08:00:00+00:00,usdjpy,113.5565,113.588,113.4825,113.574
2021-10-13 09:00:00+00:00,usdjpy,113.5815,113.5965,113.5305,113.556
2021-10-13 10:00:00+00:00,usdjpy,113.5455,113.6125,113.5285,113.582
2021-10-13 11:00:00+00:00,usdjpy,113.5465,113.6125,113.5075,113.5445
2021-10-13 12:00:00+00:00,usdjpy,113.6625,113.8055,113.5175,113.5455
2021-10-13 13:00:00+00:00,usdjpy,113.4265,113.721,113.3445,113.6615
2021-10-13 14:00:00+00:00,usdjpy,113.345,113.483,113.2305,113.4255
2021-10-13 15:00:00+00:00,usdjpy,113.489,113.4935,113.3415,113.3455
2021-10-13 16:00:00+00:00,usdjpy,113.4525,113.5035,113.3885,113.4895
2021-10-13 17:00:00+00:00,usdjpy,113.3795,113.4525,113.324,113.452
2021-10-13 18:00:00+00:00,usdjpy,113.3545,113.49,113.3545,113.3785
2021-10-13 19:00:00+00:00,usdjpy,113.2645,113.3645,113.2465,113.355
2021-10-13 20:00:00+00:00,usdjpy,113.2535,113.3195,113.2495,113.265
2021-10-13 21:00:00+00:00,usdjpy,113.2605,113.2835,113.229,113.2745
2021-10-13 22:00:00+00:00,usdjpy,113.2405,113.2615,113.2125,113.2615
2021-10-13 23:00:00+00:00,usdjpy,113.3105,113.3125,113.241,113.2415
2021-10-14 00:00:00+00:00,usdjpy,113.3695,113.3925,113.2785,113.3085
2021-10-14 01:00:00+00:00,usdjpy,113.536,113.5445,113.3635,113.369
2021-10-14 02:00:00+00:00,usdjpy,113.4885,113.5355,113.479,113.5355
2021-10-14 03:00:00+00:00,usdjpy,113.5475,113.5825,113.4875,113.488
2021-10-14 04:00:00+00:00,usdjpy,113.545,113.5795,113.5285,113.5485
2021-10-14 05:00:00+00:00,usdjpy,113.5335,113.5945,113.5075,113.5455
2021-10-14 06:00:00+00:00,usdjpy,113.446,113.572,113.4325,113.534
2021-10-14 07:00:00+00:00,usdjpy,113.3715,113.4915,113.344,113.4465
2021-10-14 08:00:00+00:00,usdjpy,113.4235,113.4485,113.3125,113.3725
2021-10-14 09:00:00+00:00,usdjpy,113.3325,113.4425,113.3005,113.424
2021-10-14 10:00:00+00:00,usdjpy,113.4245,113.4365,113.2875,113.332
2021-10-14 11:00:00+00:00,usdjpy,113.4225,113.4465,113.3245,113.424
2021-10-14 12:00:00+00:00,usdjpy,113.5125,113.5505,113.389,113.423
2021-10-14 13:00:00+00:00,usdjpy,113.5655,113.659,113.4725,113.5115
2021-10-14 14:00:00+00:00,usdjpy,113.6975,113.7185,113.5415,113.567
2021-10-14 15:00:00+00:00,usdjpy,113.5825,113.7135,113.5385,113.6985
2021-10-14 16:00:00+00:00,usdjpy,113.639,113.6715,113.4885,113.583
2021-10-14 17:00:00+00:00,usdjpy,113.6835,113.7045,113.6395,113.6395
2021-10-14 18:00:00+00:00,usdjpy,113.6625,113.6905,113.6405,113.683
2021-10-14 19:00:00+00:00,usdjpy,113.6465,113.6765,113.5955,113.6615
2021-10-14 20:00:00+00:00,usdjpy,113.6795,113.7015,113.6465,113.647
2021-10-14 21:00:00+00:00,usdjpy,113.6715,113.7005,113.657,113.6695
2021-10-14 22:00:00+00:00,usdjpy,113.7355,113.7615,113.6605,113.6705
2021-10-14 23:00:00+00:00,usdjpy,113.8345,113.8875,113.7205,113.735
2021-10-15 00:00:00+00:00,usdjpy,113.886,113.927,113.814,113.835
2021-10-15 01:00:00+00:00,usdjpy,113.9245,113.9275,113.8185,113.8855
2021-10-15 02:00:00+00:00,usdjpy,113.9175,113.949,113.841,113.925
2021-10-15 03:00:00+00:00,usdjpy,113.9355,113.9545,113.9035,113.9185
2021-10-15 04:00:00+00:00,usdjpy,113.9685,113.979,113.9285,113.936
2021-10-15 05:00:00+00:00,usdjpy,114.153,114.166,113.9585,113.968
2021-10-15 06:00:00+00:00,usdjpy,114.0405,114.1685,113.9585,114.1535
2021-10-15 07:00:00+00:00,usdjpy,114.0995,114.18,114.0215,114.0395
2021-10-15 08:00:00+00:00,usdjpy,114.3,114.3145,114.0945,114.099
2021-10-15 09:00:00+00:00,usdjpy,114.3675,114.4045,114.2465,114.2995
2021-10-15 10:00:00+00:00,usdjpy,114.3395,114.3915,114.2515,114.368
2021-10-15 11:00:00+00:00,usdjpy,114.3295,114.375,114.2775,114.34
2021-10-15 12:00:00+00:00,usdjpy,114.4515,114.4645,114.2665,114.33
2021-10-15 13:00:00+00:00,usdjpy,114.3895,114.4635,114.361,114.4505
2021-10-15 14:00:00+00:00,usdjpy,114.0625,114.4265,113.9905,114.3885
2021-10-15 15:00:00+00:00,usdjpy,114.3095,114.3185,114.0565,114.0615
2021-10-15 16:00:00+00:00,usdjpy,114.2825,114.3345,114.2055,114.309
2021-10-15 17:00:00+00:00,usdjpy,114.3115,114.3205,114.2565,114.2835
2021-10-15 18:00:00+00:00,usdjpy,114.2605,114.3315,114.2455,114.3105
2021-10-15 19:00:00+00:00,usdjpy,114.2095,114.2675,114.1905,114.2615
2021-10-15 20:00:00+00:00,usdjpy,114.225,114.2885,114.2105,114.2105
2021-10-17 21:00:00+00:00,usdjpy,114.28,114.298,114.1795,114.2405
2021-10-17 22:00:00+00:00,usdjpy,114.3395,114.3665,114.2255,114.2825
2021-10-17 23:00:00+00:00,usdjpy,114.3345,114.3555,114.2825,114.3405
2021-10-18 00:00:00+00:00,usdjpy,114.2525,114.3405,114.218,114.335
2021-10-18 01:00:00+00:00,usdjpy,114.12,114.253,114.0245,114.252
2021-10-18 02:00:00+00:00,usdjpy,114.1545,114.1685,114.0175,114.121
2021-10-18 03:00:00+00:00,usdjpy,114.3935,114.4515,114.1435,114.155
2021-10-18 04:00:00+00:00,usdjpy,114.3435,114.4045,114.299,114.394
2021-10-18 05:00:00+00:00,usdjpy,114.325,114.3685,114.278,114.344
2021-10-18 06:00:00+00:00,usdjpy,114.3285,114.3515,114.2235,114.3255
2021-10-18 07:00:00+00:00,usdjpy,114.2955,114.4535,114.2485,114.329
2021-10-18 08:00:00+00:00,usdjpy,114.369,114.4025,114.2305,114.2965
2021-10-18 09:00:00+00:00,usdjpy,114.383,114.4155,114.3135,114.3685
2021-10-18 10:00:00+00:00,usdjpy,114.3405,114.4345,114.3295,114.3835
2021-10-18 11:00:00+00:00,usdjpy,114.3745,114.405,114.2895,114.3415
2021-10-18 12:00:00+00:00,usdjpy,114.2755,114.3745,114.1215,114.374
2021-10-18 13:00:00+00:00,usdjpy,114.2115,114.3135,114.1725,114.2745
2021-10-18 14:00:00+00:00,usdjpy,114.241,114.2925,114.1395,114.2185
2021-10-18 15:00:00+00:00,usdjpy,114.2235,114.3015,114.2235,114.2405
2021-10-18 16:00:00+00:00,usdjpy,114.2245,114.2735,114.223,114.223
2021-10-18 17:00:00+00:00,usdjpy,114.2145,114.2635,114.1835,114.224
2021-10-18 18:00:00+00:00,usdjpy,114.2705,114.2705,114.1835,114.214
2021-10-18 19:00:00+00:00,usdjpy,114.3205,114.3215,114.2555,114.2695
2021-10-18 20:00:00+00:00,usdjpy,114.3265,114.3475,114.295,114.3215
2021-10-18 21:00:00+00:00,usdjpy,114.3205,114.3325,114.3085,114.3125
2021-10-18 22:00:00+00:00,usdjpy,114.283,114.3235,114.2555,114.3215
2021-10-18 23:00:00+00:00,usdjpy,114.2905,114.322,114.2735,114.2835
2021-10-19 00:00:00+00:00,usdjpy,114.1235,114.355,114.109,114.2895
2021-10-19 01:00:00+00:00,usdjpy,114.2165,114.2195,114.083,114.123
2021-10-19 02:00:00+00:00,usdjpy,114.1795,114.2415,114.1665,114.217
2021-10-19 03:00:00+00:00,usdjpy,114.148,114.2025,114.123,114.18
2021-10-19 04:00:00+00:00,usdjpy,114.1895,114.1905,114.1015,114.1475
2021-10-19 05:00:00+00:00,usdjpy,114.1115,114.1995,114.0885,114.189
2021-10-19 06:00:00+00:00,usdjpy,113.9545,114.1475,113.9535,114.112
2021-10-19 07:00:00+00:00,usdjpy,114.0315,114.0745,113.8805,113.954
2021-10-19 08:00:00+00:00,usdjpy,113.948,114.0555,113.9155,114.032
2021-10-19 09:00:00+00:00,usdjpy,114.0885,114.1785,113.9225,113.9485
2021-10-19 10:00:00+00:00,usdjpy,114.1625,114.1735,114.0795,114.089
2021-10-19 11:00:00+00:00,usdjpy,114.2025,114.2155,114.1535,114.1615
2021-10-19 12:00:00+00:00,usdjpy,114.2765,114.3365,114.2015,114.2035
2021-10-19 13:00:00+00:00,usdjpy,114.1725,114.2865,114.168,114.277
2021-10-19 14:00:00+00:00,usdjpy,114.2615,114.2965,114.1675,114.173
2021-10-19 15:00:00+00:00,usdjpy,114.2815,114.2945,114.203,114.262
2021-10-19 16:00:00+00:00,usdjpy,114.2895,114.3005,114.2335,114.282
2021-10-19 17:00:00+00:00,usdjpy,114.2755,114.299,114.2335,114.2905
2021-10-19 18:00:00+00:00,usdjpy,114.2965,114.3095,114.2645,114.2765
2021-10-19 19:00:00+00:00,usdjpy,114.3375,114.3425,114.2915,114.296
2021-10-19 20:00:00+00:00,usdjpy,114.3705,114.3995,114.337,114.3385
2021-10-19 21:00:00+00:00,usdjpy,114.3715,114.3755,114.3465,114.3525
2021-10-19 22:00:00+00:00,usdjpy,114.3885,114.3935,114.3525,114.3705
2021-10-19 23:00:00+00:00,usdjpy,114.5475,114.5845,114.389,114.389
2021-10-20 00:00:00+00:00,usdjpy,114.6245,114.7005,114.5175,114.5465
2021-10-20 01:00:00+00:00,usdjpy,114.4595,114.64,114.4445,114.624
2021-10-20 02:00:00+00:00,usdjpy,114.5135,114.5655,114.4525,114.459
2021-10-20 03:00:00+00:00,usdjpy,114.515,114.5155,114.4645,114.513
2021-10-20 04:00:00+00:00,usdjpy,114.535,114.572,114.4785,114.5145
2021-10-20 05:00:00+00:00,usdjpy,114.5585,114.5845,114.5275,114.5355
2021-10-20 06:00:00+00:00,usdjpy,114.4345,114.563,114.4285,114.5595
2021-10-20 07:00:00+00:00,usdjpy,114.3485,114.4705,114.2925,114.434
2021-10-20 08:00:00+00:00,usdjpy,114.4295,114.4325,114.3205,114.349
2021-10-20 09:00:00+00:00,usdjpy,114.4545,114.4755,114.397,114.43
2021-10-20 10:00:00+00:00,usdjpy,114.438,114.5325,114.4205,114.454
2021-10-20 11:00:00+00:00,usdjpy,114.4015,114.4385,114.3715,114.4385
2021-10-20 12:00:00+00:00,usdjpy,114.204,114.403,114.147,114.402
2021-10-20 13:00:00+00:00,usdjpy,114.2585,114.3595,114.1255,114.2035
2021-10-20 14:00:00+00:00,usdjpy,114.3015,114.3395,114.2095,114.258
2021-10-20 15:00:00+00:00,usdjpy,114.244,114.3325,114.1975,114.3005
2021-10-20 16:00:00+00:00,usdjpy,114.0985,114.27,114.0885,114.2435
2021-10-20 17:00:00+00:00,usdjpy,114.2145,114.2395,114.0805,114.098
2021-10-20 18:00:00+00:00,usdjpy,114.1955,114.2515,114.1745,114.2135
2021-10-20 19:00:00+00:00,usdjpy,114.2695,114.2885,114.196,114.1965
2021-10-20 20:00:00+00:00,usdjpy,114.3105,114.3655,114.2705,114.2705
2021-10-20 21:00:00+00:00,usdjpy,114.3385,114.3525,114.2745,114.2745
2021-10-20 22:00:00+00:00,usdjpy,114.3945,114.4155,114.328,114.3375
2021-10-20 23:00:00+00:00,usdjpy,114.3895,114.4095,114.3195,114.395
2021-10-21 00:00:00+00:00,usdjpy,114.2815,114.409,114.2265,114.39
2021-10-21 01:00:00+00:00,usdjpy,114.3535,114.4085,114.2725,114.281
2021-10-21 02:00:00+00:00,usdjpy,114.3125,114.3625,114.2925,114.353
2021-10-21 03:00:00+00:00,usdjpy,114.2145,114.3215,114.1925,114.3115
2021-10-21 04:00:00+00:00,usdjpy,114.0905,114.2125,113.9475,114.2125
2021-10-21 05:00:00+00:00,usdjpy,114.0225,114.128,113.982,114.09
2021-10-21 06:00:00+00:00,usdjpy,113.9765,114.1025,113.9115,114.0235
2021-10-21 07:00:00+00:00,usdjpy,114.1285,114.1365,113.9645,113.9775
2021-10-21 08:00:00+00:00,usdjpy,114.0125,114.1305,113.9825,114.128
2021-10-21 09:00:00+00:00,usdjpy,114.0525,114.09,114.0125,114.013
2021-10-21 10:00:00+00:00,usdjpy,114.0145,114.0645,113.9795,114.053
2021-10-21 11:00:00+00:00,usdjpy,114.172,114.185,113.9745,114.014
2021-10-21 12:00:00+00:00,usdjpy,113.9475,114.21,113.847,114.1715
2021-10-21 13:00:00+00:00,usdjpy,113.7765,113.9505,113.652,113.94
2021-10-21 14:00:00+00:00,usdjpy,113.8755,113.9595,113.7675,113.7775
2021-10-21 15:00:00+00:00,usdjpy,113.746,113.9305,113.7265,113.8775
2021-10-21 16:00:00+00:00,usdjpy,113.6795,113.8295,113.679,113.7465
2021-10-21 17:00:00+00:00,usdjpy,113.8395,113.8415,113.6795,113.68
2021-10-21 18:00:00+00:00,usdjpy,113.9245,113.9445,113.8385,113.84
2021-10-21 19:00:00+00:00,usdjpy,114.0235,114.0265,113.9135,113.924
2021-10-21 20:00:00+00:00,usdjpy,113.9935,114.049,113.988,114.024
2021-10-21 21:00:00+00:00,usdjpy,114.008,114.0175,113.952,113.9965
2021-10-21 22:00:00+00:00,usdjpy,113.975,114.0245,113.9635,114.0085
2021-10-21 23:00:00+00:00,usdjpy,113.8515,113.9935,113.8195,113.9745
2021-10-22 00:00:00+00:00,usdjpy,114.1075,114.1345,113.8465,113.8505
2021-10-22 01:00:00+00:00,usdjpy,114.1595,114.2085,114.0695,114.107
2021-10-22 02:00:00+00:00,usdjpy,114.0525,114.1685,114.0065,114.16
2021-10-22 03:00:00+00:00,usdjpy,114.0705,114.1085,114.028,114.0515
2021-10-22 04:00:00+00:00,usdjpy,114.0405,114.0795,114.0035,114.0715
2021-10-22 05:00:00+00:00,usdjpy,114.0095,114.0495,113.9405,114.04
2021-10-22 06:00:00+00:00,usdjpy,113.9625,114.0175,113.9105,114.01
2021-10-22 07:00:00+00:00,usdjpy,113.8895,114.079,113.8475,113.9635
2021-10-22 08:00:00+00:00,usdjpy,113.9405,113.9635,113.888,113.8905
2021-10-22 09:00:00+00:00,usdjpy,113.8495,113.9885,113.8395,113.941
2021-10-22 10:00:00+00:00,usdjpy,113.81,113.872,113.7515,113.849
2021-10-22 11:00:00+00:00,usdjpy,113.8815,113.8815,113.7395,113.8095
2021-10-22 12:00:00+00:00,usdjpy,113.7485,113.9165,113.7435,113.882
2021-10-22 13:00:00+00:00,usdjpy,113.7505,113.844,113.7115,113.7495
2021-10-22 14:00:00+00:00,usdjpy,113.5885,113.7865,113.5725,113.7525
2021-10-22 15:00:00+00:00,usdjpy,113.5595,113.873,113.5065,113.597
2021-10-22 16:00:00+00:00,usdjpy,113.4655,113.6405,113.437,113.5605
2021-10-22 17:00:00+00:00,usdjpy,113.5245,113.5745,113.4545,113.466
2021-10-22 18:00:00+00:00,usdjpy,113.4255,113.5315,113.4165,113.524
2021-10-22 19:00:00+00:00,usdjpy,113.4435,113.4735,113.4145,113.426
2021-10-22 20:00:00+00:00,usdjpy,113.5115,113.5115,113.4205,113.4425
2021-10-24 21:00:00+00:00,usdjpy,113.554,113.5675,113.5205,113.5635
2021-10-24 22:00:00+00:00,usdjpy,113.5595,113.5645,113.4635,113.5525
2021-10-24 23:00:00+00:00,usdjpy,113.6705,113.6955,113.5265,113.559
2021-10-25 00:00:00+00:00,usdjpy,113.69,113.7345,113.5365,113.6715
2021-10-25 01:00:00+00:00,usdjpy,113.6435,113.8295,113.6365,113.6895
2021-10-25 02:00:00+00:00,usdjpy,113.7635,113.8035,113.5975,113.644
2021-10-25 03:00:00+00:00,usdjpy,113.6325,113.7655,113.6255,113.7625
2021-10-25 04:00:00+00:00,usdjpy,113.6555,113.6825,113.5855,113.6315
2021-10-25 05:00:00+00:00,usdjpy,113.5995,113.6605,113.5615,113.655
2021-10-25 06:00:00+00:00,usdjpy,113.7315,113.74,113.5185,113.599
2021-10-25 07:00:00+00:00,usdjpy,113.6345,113.7375,113.608,113.732
2021-10-25 08:00:00+00:00,usdjpy,113.588,113.675,113.5625,113.635
2021-10-25 09:00:00+00:00,usdjpy,113.6225,113.6915,113.5625,113.5885
2021-10-25 10:00:00+00:00,usdjpy,113.7035,113.7325,113.6165,113.623
2021-10-25 11:00:00+00:00,usdjpy,113.6995,113.7125,113.6285,113.703
2021-10-25 12:00:00+00:00,usdjpy,113.8805,113.9255,113.6485,113.7
2021-10-25 13:00:00+00:00,usdjpy,113.6935,113.8985,113.594,113.881
2021-10-25 14:00:00+00:00,usdjpy,113.6195,113.7385,113.5955,113.6945
2021-10-25 15:00:00+00:00,usdjpy,113.7015,113.7125,113.6195,113.6205
2021-10-25 16:00:00+00:00,usdjpy,113.7285,113.7385,113.681,113.7025
2021-10-25 17:00:00+00:00,usdjpy,113.7125,113.7475,113.6885,113.728
2021-10-25 18:00:00+00:00,usdjpy,113.713,113.7145,113.6265,113.713
2021-10-25 19:00:00+00:00,usdjpy,113.7025,113.729,113.675,113.7135
2021-10-25 20:00:00+00:00,usdjpy,113.7115,113.7315,113.6975,113.7035
2021-10-25 21:00:00+00:00,usdjpy,113.7165,113.7245,113.6825,113.7135
2021-10-25 22:00:00+00:00,usdjpy,113.7355,113.7475,113.6955,113.7175
2021-10-25 23:00:00+00:00,usdjpy,113.767,113.7905,113.7155,113.7345
2021-10-26 00:00:00+00:00,usdjpy,113.8475,113.859,113.7215,113.7665
2021-10-26 01:00:00+00:00,usdjpy,113.8395,113.9055,113.8195,113.848
2021-10-26 02:00:00+00:00,usdjpy,113.9265,113.9435,113.8185,113.8385
2021-10-26 03:00:00+00:00,usdjpy,113.9115,113.9505,113.8995,113.927
2021-10-26 04:00:00+00:00,usdjpy,113.9425,113.9655,113.8825,113.913
2021-10-26 05:00:00+00:00,usdjpy,113.9775,113.9845,113.9325,113.943
2021-10-26 06:00:00+00:00,usdjpy,113.9085,113.9785,113.872,113.978
2021-10-26 07:00:00+00:00,usdjpy,114.0485,114.0815,113.8745,113.9075
2021-10-26 08:00:00+00:00,usdjpy,114.0005,114.0535,113.9575,114.048
2021-10-26 09:00:00+00:00,usdjpy,114.0205,114.0365,113.9515,114.0
2021-10-26 10:00:00+00:00,usdjpy,114.017,114.048,113.9595,114.0195
2021-10-26 11:00:00+00:00,usdjpy,113.9475,114.018,113.9085,114.0175
2021-10-26 12:00:00+00:00,usdjpy,114.1405,114.1855,113.9405,113.947
2021-10-26 13:00:00+00:00,usdjpy,114.1515,114.2065,114.0755,114.1395
2021-10-26 14:00:00+00:00,usdjpy,114.2515,114.3135,114.1525,114.1525
2021-10-26 15:00:00+00:00,usdjpy,114.2035,114.276,114.1665,114.2505
2021-10-26 16:00:00+00:00,usdjpy,114.1765,114.2375,114.1355,114.204
2021-10-26 17:00:00+00:00,usdjpy,114.1615,114.1835,114.0905,114.1775
2021-10-26 18:00:00+00:00,usdjpy,114.1615,114.1685,114.1215,114.161
2021-10-26 19:00:00+00:00,usdjpy,114.1195,114.1645,114.1105,114.1635
2021-10-26 20:00:00+00:00,usdjpy,114.1515,114.163,114.1155,114.1205
2021-10-26 21:00:00+00:00,usdjpy,114.1535,114.1585,114.1275,114.1465
2021-10-26 22:00:00+00:00,usdjpy,114.1695,114.2195,114.1445,114.151
2021-10-26 23:00:00+00:00,usdjpy,114.1875,114.2085,114.154,114.1705
2021-10-27 00:00:00+00:00,usdjpy,114.1695,114.2225,114.0725,114.1865
2021-10-27 01:00:00+00:00,usdjpy,114.0655,114.211,114.0525,114.1705
2021-10-27 02:00:00+00:00,usdjpy,114.0275,114.1365,114.0255,114.0665
2021-10-27 03:00:00+00:00,usdjpy,113.99,114.0595,113.9625,114.028
2021-10-27 04:00:00+00:00,usdjpy,114.0035,114.0095,113.9345,113.9895
2021-10-27 05:00:00+00:00,usdjpy,114.0945,114.098,114.0015,114.0025
2021-10-27 06:00:00+00:00,usdjpy,114.027,114.0995,113.9965,114.0955
2021-10-27 07:00:00+00:00,usdjpy,113.7425,114.0485,113.6705,114.0275
2021-10-27 08:00:00+00:00,usdjpy,113.7005,113.7865,113.6435,113.7415
2021-10-27 09:00:00+00:00,usdjpy,113.6495,113.7035,113.5395,113.7
2021-10-27 10:00:00+00:00,usdjpy,113.7605,113.7995,113.6365,113.649
2021-10-27 11:00:00+00:00,usdjpy,113.659,113.8075,113.653,113.76
2021-10-27 12:00:00+00:00,usdjpy,113.704,113.7465,113.6165,113.6585
2021-10-27 13:00:00+00:00,usdjpy,113.4975,113.7535,113.3895,113.7045
2021-10-27 14:00:00+00:00,usdjpy,113.7275,113.831,113.498,113.498
2021-10-27 15:00:00+00:00,usdjpy,113.7545,113.8415,113.7045,113.728
2021-10-27 16:00:00+00:00,usdjpy,113.7285,113.7565,113.6525,113.7535
2021-10-27 17:00:00+00:00,usdjpy,113.7905,113.7995,113.6395,113.729
2021-10-27 18:00:00+00:00,usdjpy,113.7725,113.8195,113.7665,113.791
2021-10-27 19:00:00+00:00,usdjpy,113.8305,113.8355,113.7565,113.7715
2021-10-27 20:00:00+00:00,usdjpy,113.8295,113.8715,113.8095,113.8315
2021-10-27 21:00:00+00:00,usdjpy,113.8205,113.8495,113.8045,113.8405
2021-10-27 22:00:00+00:00,usdjpy,113.8025,113.8525,113.7805,113.8225
2021-10-27 23:00:00+00:00,usdjpy,113.7745,113.8275,113.7325,113.8015
2021-10-28 00:00:00+00:00,usdjpy,113.7985,113.8685,113.7535,113.774
2021-10-28 01:00:00+00:00,usdjpy,113.6815,113.8155,113.6735,113.799
2021-10-28 02:00:00+00:00,usdjpy,113.6075,113.681,113.5485,113.681
2021-10-28 03:00:00+00:00,usdjpy,113.6275,113.644,113.563,113.608
2021-10-28 04:00:00+00:00,usdjpy,113.5625,113.6365,113.5055,113.6265
2021-10-28 05:00:00+00:00,usdjpy,113.5785,113.5875,113.5145,113.563
2021-10-28 06:00:00+00:00,usdjpy,113.6845,113.6955,113.5025,113.5785
2021-10-28 07:00:00+00:00,usdjpy,113.6035,113.7475,113.5925,113.684
2021-10-28 08:00:00+00:00,usdjpy,113.65,113.6625,113.5265,113.604
2021-10-28 09:00:00+00:00,usdjpy,113.6685,113.724,113.6125,113.6505
2021-10-28 10:00:00+00:00,usdjpy,113.587,113.6745,113.5695,113.668
2021-10-28 11:00:00+00:00,usdjpy,113.6115,113.6335,113.5165,113.5865
2021-10-28 12:00:00+00:00,usdjpy,113.6895,113.7065,113.5535,113.612
2021-10-28 13:00:00+00:00,usdjpy,113.4205,113.7215,113.3565,113.6905
2021-10-28 14:00:00+00:00,usdjpy,113.3845,113.4895,113.3175,113.4665
2021-10-28 15:00:00+00:00,usdjpy,113.3875,113.4155,113.2565,113.398
2021-10-28 16:00:00+00:00,usdjpy,113.4505,113.454,113.3605,113.387
2021-10-28 17:00:00+00:00,usdjpy,113.4735,113.5595,113.4395,113.4495
2021-10-28 18:00:00+00:00,usdjpy,113.4565,113.5085,113.4375,113.474
2021-10-28 19:00:00+00:00,usdjpy,113.5685,113.5805,113.448,113.457
2021-10-28 20:00:00+00:00,usdjpy,113.571,113.598,113.5505,113.568
2021-10-28 21:00:00+00:00,usdjpy,113.5725,113.5805,113.5685,113.5765
2021-10-28 22:00:00+00:00,usdjpy,113.5655,113.588,113.5475,113.5695
2021-10-28 23:00:00+00:00,usdjpy,113.6195,113.6195,113.5595,113.565
2021-10-29 00:00:00+00:00,usdjpy,113.5495,113.7135,113.5215,113.62
2021-10-29 01:00:00+00:00,usdjpy,113.5825,113.6065,113.3955,113.5485
2021-10-29 02:00:00+00:00,usdjpy,113.6135,113.6145,113.5315,113.582
2021-10-29 03:00:00+00:00,usdjpy,113.6065,113.6705,113.5965,113.6145
2021-10-29 04:00:00+00:00,usdjpy,113.6295,113.6885,113.6045,113.6055
2021-10-29 05:00:00+00:00,usdjpy,113.6715,113.6895,113.5775,113.629
2021-10-29 06:00:00+00:00,usdjpy,113.6245,113.677,113.5225,113.671
2021-10-29 07:00:00+00:00,usdjpy,113.6085,113.6365,113.5065,113.6235
2021-10-29 08:00:00+00:00,usdjpy,113.7095,113.7445,113.5785,113.608
2021-10-29 09:00:00+00:00,usdjpy,113.7075,113.7845,113.686,113.7085
2021-10-29 10:00:00+00:00,usdjpy,113.7445,113.761,113.6935,113.707
2021-10-29 11:00:00+00:00,usdjpy,113.8695,113.8905,113.7405,113.744
2021-10-29 12:00:00+00:00,usdjpy,113.8785,113.9375,113.753,113.87
2021-10-29 13:00:00+00:00,usdjpy,113.9445,113.9805,113.8635,113.878
2021-10-29 14:00:00+00:00,usdjpy,114.0365,114.0475,113.7245,113.945
2021-10-29 15:00:00+00:00,usdjpy,114.0555,114.0905,113.9975,114.0285
2021-10-29 16:00:00+00:00,usdjpy,114.0915,114.0975,114.0365,114.055
2021-10-29 17:00:00+00:00,usdjpy,113.9985,114.091,113.9335,114.0905
2021-10-29 18:00:00+00:00,usdjpy,113.9215,114.0005,113.8955,113.9975
2021-10-29 19:00:00+00:00,usdjpy,113.9805,113.9815,113.8755,113.922
2021-10-29 20:00:00+00:00,usdjpy,113.9795,114.0415,113.906,113.981
2021-10-31 21:00:00+00:00,usdjpy,114.1135,114.123,114.0485,114.0655
2021-10-31 22:00:00+00:00,usdjpy,114.1525,114.1795,114.0985,114.1125
2021-10-31 23:00:00+00:00,usdjpy,114.24,114.258,114.1015,114.1515
2021-11-01 00:00:00+00:00,usdjpy,114.0725,114.2455,114.0635,114.2395
2021-11-01 01:00:00+00:00,usdjpy,114.1565,114.1715,114.026,114.072
2021-11-01 02:00:00+00:00,usdjpy,114.0945,114.1585,114.062,114.157
2021-11-01 03:00:00+00:00,usdjpy,114.2025,114.2185,114.0945,114.0955
2021-11-01 04:00:00+00:00,usdjpy,114.258,114.3045,114.2005,114.203
2021-11-01 05:00:00+00:00,usdjpy,114.237,114.3145,114.2315,114.2585
2021-11-01 06:00:00+00:00,usdjpy,114.3525,114.355,114.2075,114.2375
2021-11-01 07:00:00+00:00,usdjpy,114.42,114.4275,114.3035,114.3535
2021-11-01 08:00:00+00:00,usdjpy,114.228,114.4445,114.1975,114.4205
2021-11-01 09:00:00+00:00,usdjpy,114.2465,114.2805,114.2035,114.2285
2021-11-01 10:00:00+00:00,usdjpy,114.247,114.2685,114.1575,114.247
2021-11-01 11:00:00+00:00,usdjpy,114.24,114.313,114.1585,114.2465
2021-11-01 12:00:00+00:00,usdjpy,114.1785,114.2905,114.1275,114.2405
2021-11-01 13:00:00+00:00,usdjpy,114.1845,114.2635,114.1635,114.178
2021-11-01 14:00:00+00:00,usdjpy,114.1755,114.2415,114.1065,114.1835
2021-11-01 15:00:00+00:00,usdjpy,114.2015,114.2625,114.144,114.1745
2021-11-01 16:00:00+00:00,usdjpy,114.1785,114.2115,114.1305,114.202
2021-11-01 17:00:00+00:00,usdjpy,114.0875,114.1815,114.0785,114.179
2021-11-01 18:00:00+00:00,usdjpy,113.9825,114.0945,113.9405,114.0885
2021-11-01 19:00:00+00:00,usdjpy,114.0205,114.0545,113.9825,113.9835
2021-11-01 20:00:00+00:00,usdjpy,113.9985,114.033,113.9635,114.0215
2021-11-01 21:00:00+00:00,usdjpy,114.0115,114.0355,113.9755,113.9885
2021-11-01 22:00:00+00:00,usdjpy,114.0455,114.0975,113.99,114.0095
2021-11-01 23:00:00+00:00,usdjpy,114.0935,114.1355,114.0245,114.0445
2021-11-02 00:00:00+00:00,usdjpy,114.1015,114.1345,114.0155,114.0925
2021-11-02 01:00:00+00:00,usdjpy,113.9615,114.135,113.9385,114.1025
2021-11-02 02:00:00+00:00,usdjpy,113.9385,114.0055,113.9215,113.961
2021-11-02 03:00:00+00:00,usdjpy,113.9505,113.9645,113.8735,113.939
2021-11-02 04:00:00+00:00,usdjpy,113.6505,113.9705,113.5975,113.9495
2021-11-02 05:00:00+00:00,usdjpy,113.6885,113.7685,113.6495,113.65
2021-11-02 06:00:00+00:00,usdjpy,113.6655,113.7105,113.6215,113.689
2021-11-02 07:00:00+00:00,usdjpy,113.6575,113.6905,113.5835,113.6665
2021-11-02 08:00:00+00:00,usdjpy,113.5095,113.7305,113.5055,113.6585
2021-11-02 09:00:00+00:00,usdjpy,113.5435,113.5575,113.4635,113.509
2021-11-02 10:00:00+00:00,usdjpy,113.5705,113.5815,113.5215,113.5815
2021-11-02 11:00:00+00:00,usdjpy,113.6965,113.7025,113.5695,113.57
2021-11-02 12:00:00+00:00,usdjpy,113.7775,113.8675,113.6555,113.6975
2021-11-02 13:00:00+00:00,usdjpy,113.762,113.8465,113.7385,113.7785
2021-11-02 14:00:00+00:00,usdjpy,113.8005,113.861,113.7075,113.761
2021-11-02 15:00:00+00:00,usdjpy,113.7985,113.807,113.6795,113.8
2021-11-02 16:00:00+00:00,usdjpy,113.8825,113.9405,113.7675,113.7975
2021-11-02 17:00:00+00:00,usdjpy,113.8695,113.9455,113.8625,113.883
2021-11-02 18:00:00+00:00,usdjpy,113.955,113.9685,113.87,113.87
2021-11-02 19:00:00+00:00,usdjpy,113.9555,113.9855,113.9095,113.9555
2021-11-02 20:00:00+00:00,usdjpy,113.9675,113.9895,113.9355,113.9555
2021-11-02 21:00:00+00:00,usdjpy,113.9505,113.9845,113.934,113.983
2021-11-02 22:00:00+00:00,usdjpy,113.9665,113.9995,113.946,113.95
2021-11-02 23:00:00+00:00,usdjpy,113.9675,114.0115,113.959,113.967
2021-11-03 00:00:00+00:00,usdjpy,113.8685,113.9725,113.865,113.9665
2021-11-03 01:00:00+00:00,usdjpy,113.8785,113.9325,113.845,113.8675
2021-11-03 02:00:00+00:00,usdjpy,113.8575,113.8915,113.85,113.878
2021-11-03 03:00:00+00:00,usdjpy,113.8085,113.857,113.7445,113.8565
2021-11-03 04:00:00+00:00,usdjpy,113.8425,113.8425,113.7895,113.8095
2021-11-03 05:00:00+00:00,usdjpy,113.8635,113.8735,113.8315,113.8435
2021-11-03 06:00:00+00:00,usdjpy,113.8315,113.8675,113.8155,113.8645
2021-11-03 07:00:00+00:00,usdjpy,113.9135,113.9465,113.8205,113.831
2021-11-03 08:00:00+00:00,usdjpy,113.8875,113.9465,113.842,113.913
2021-11-03 09:00:00+00:00,usdjpy,113.8535,113.8855,113.823,113.8855
2021-11-03 10:00:00+00:00,usdjpy,113.855,113.8905,113.8285,113.853
2021-11-03 11:00:00+00:00,usdjpy,113.7755,113.857,113.7585,113.8555
2021-11-03 12:00:00+00:00,usdjpy,113.8745,113.8775,113.7225,113.7745
2021-11-03 13:00:00+00:00,usdjpy,113.9535,113.994,113.8665,113.875
2021-11-03 14:00:00+00:00,usdjpy,114.0755,114.151,113.9535,113.9535
2021-11-03 15:00:00+00:00,usdjpy,114.0635,114.1265,113.9675,114.075
2021-11-03 16:00:00+00:00,usdjpy,114.0685,114.0965,114.0415,114.064
2021-11-03 17:00:00+00:00,usdjpy,113.9665,114.0845,113.9345,114.0695
2021-11-03 18:00:00+00:00,usdjpy,113.9245,114.221,113.7835,113.966
2021-11-03 19:00:00+00:00,usdjpy,113.9995,114.0785,113.8935,113.929
2021-11-03 20:00:00+00:00,usdjpy,114.0065,114.0275,113.983,114.0005
2021-11-03 21:00:00+00:00,usdjpy,113.9795,114.0275,113.9685,113.9965
2021-11-03 22:00:00+00:00,usdjpy,113.9875,114.0235,113.9675,113.9785
2021-11-03 23:00:00+00:00,usdjpy,114.0715,114.088,113.9855,113.9865
2021-11-04 00:00:00+00:00,usdjpy,114.1395,114.1465,114.038,114.071
2021-11-04 01:00:00+00:00,usdjpy,114.212,114.2425,114.1155,114.1385
2021-11-04 02:00:00+00:00,usdjpy,114.1665,114.246,114.1465,114.2125
2021-11-04 03:00:00+00:00,usdjpy,114.2125,114.2375,114.1495,114.1655
2021-11-04 04:00:00+00:00,usdjpy,114.1845,114.2255,114.165,114.2095
2021-11-04 05:00:00+00:00,usdjpy,114.1605,114.1995,114.1245,114.185
2021-11-04 06:00:00+00:00,usdjpy,114.2245,114.2255,114.1555,114.16
2021-11-04 07:00:00+00:00,usdjpy,114.2135,114.2785,114.207,114.2235
2021-11-04 08:00:00+00:00,usdjpy,114.0105,114.265,113.9195,114.214
2021-11-04 09:00:00+00:00,usdjpy,114.0415,114.0895,114.0005,114.0095
2021-11-04 10:00:00+00:00,usdjpy,113.9385,114.051,113.9125,114.042
2021-11-04 11:00:00+00:00,usdjpy,113.8175,113.9465,113.7915,113.9375
2021-11-04 12:00:00+00:00,usdjpy,113.9135,114.0265,113.7595,113.8165
2021-11-04 13:00:00+00:00,usdjpy,113.8155,113.9485,113.803,113.914
2021-11-04 14:00:00+00:00,usdjpy,113.5975,113.8495,113.5095,113.8145
2021-11-04 15:00:00+00:00,usdjpy,113.6385,113.7355,113.5365,113.5985
2021-11-04 16:00:00+00:00,usdjpy,113.751,113.769,113.6165,113.6395
2021-11-04 17:00:00+00:00,usdjpy,113.6815,113.7525,113.6525,113.7505
2021-11-04 18:00:00+00:00,usdjpy,113.7415,113.7425,113.6745,113.682
2021-11-04 19:00:00+00:00,usdjpy,113.7035,113.7875,113.7015,113.741
2021-11-04 20:00:00+00:00,usdjpy,113.7515,113.78,113.7005,113.704
2021-11-04 21:00:00+00:00,usdjpy,113.7595,113.772,113.731,113.74
2021-11-04 22:00:00+00:00,usdjpy,113.8235,113.862,113.752,113.759
2021-11-04 23:00:00+00:00,usdjpy,113.836,113.8575,113.8065,113.8245
2021-11-05 00:00:00+00:00,usdjpy,113.7335,113.8405,113.7075,113.8355
2021-11-05 01:00:00+00:00,usdjpy,113.5935,113.7355,113.5865,113.7345
2021-11-05 02:00:00+00:00,usdjpy,113.7075,113.739,113.5585,113.595
2021-11-05 03:00:00+00:00,usdjpy,113.7025,113.7425,113.6715,113.7085
2021-11-05 04:00:00+00:00,usdjpy,113.6795,113.7025,113.6215,113.702
2021-11-05 05:00:00+00:00,usdjpy,113.6525,113.7085,113.6495,113.679
2021-11-05 06:00:00+00:00,usdjpy,113.6465,113.6855,113.6015,113.652
2021-11-05 07:00:00+00:00,usdjpy,113.7635,113.7885,113.6435,113.646
2021-11-05 08:00:00+00:00,usdjpy,113.7795,113.8405,113.7345,113.7625
2021-11-05 09:00:00+00:00,usdjpy,113.8175,113.831,113.7195,113.78
2021-11-05 10:00:00+00:00,usdjpy,113.8555,113.8735,113.818,113.818
2021-11-05 11:00:00+00:00,usdjpy,113.834,113.9205,113.823,113.8565
2021-11-05 12:00:00+00:00,usdjpy,113.9155,114.0345,113.773,113.8345
2021-11-05 13:00:00+00:00,usdjpy,113.6395,113.9185,113.5015,113.916
2021-11-05 14:00:00+00:00,usdjpy,113.55,113.7215,113.5405,113.639
2021-11-05 15:00:00+00:00,usdjpy,113.4575,113.6205,113.421,113.5495
2021-11-05 16:00:00+00:00,usdjpy,113.3735,113.516,113.3595,113.4565
2021-11-05 17:00:00+00:00,usdjpy,113.3745,113.3935,113.3015,113.374
2021-11-05 18:00:00+00:00,usdjpy,113.3995,113.4005,113.3365,113.374
2021-11-05 19:00:00+00:00,usdjpy,113.3335,113.4185,113.3205,113.4005
2021-11-05 20:00:00+00:00,usdjpy,113.3775,113.4045,113.3285,113.3325
2021-11-07 22:00:00+00:00,usdjpy,113.4335,113.4425,113.37,113.3785
2021-11-07 23:00:00+00:00,usdjpy,113.4785,113.53,113.4315,113.4325
2021-11-08 00:00:00+00:00,usdjpy,113.6105,113.6195,113.4475,113.4775
2021-11-08 01:00:00+00:00,usdjpy,113.599,113.6375,113.5545,113.611
2021-11-08 02:00:00+00:00,usdjpy,113.6125,113.6285,113.564,113.5995
2021-11-08 03:00:00+00:00,usdjpy,113.6535,113.6685,113.5995,113.6135
2021-11-08 04:00:00+00:00,usdjpy,113.5815,113.6565,113.563,113.653
2021-11-08 05:00:00+00:00,usdjpy,113.5725,113.5915,113.551,113.582
2021-11-08 06:00:00+00:00,usdjpy,113.5945,113.6385,113.5595,113.5715
2021-11-08 07:00:00+00:00,usdjpy,113.5675,113.615,113.5275,113.5935
2021-11-08 08:00:00+00:00,usdjpy,113.48,113.5775,113.4465,113.568
2021-11-08 09:00:00+00:00,usdjpy,113.3925,113.5065,113.3615,113.4795
2021-11-08 10:00:00+00:00,usdjpy,113.4245,113.4615,113.3895,113.3935
2021-11-08 11:00:00+00:00,usdjpy,113.481,113.5075,113.41,113.425
2021-11-08 12:00:00+00:00,usdjpy,113.4305,113.4895,113.3755,113.4805
2021-11-08 13:00:00+00:00,usdjpy,113.3585,113.43,113.3165,113.43
2021-11-08 14:00:00+00:00,usdjpy,113.1165,113.4265,113.0875,113.359
2021-11-08 15:00:00+00:00,usdjpy,113.192,113.2105,113.0805,113.116
2021-11-08 16:00:00+00:00,usdjpy,113.153,113.2475,113.1385,113.1925
2021-11-08 17:00:00+00:00,usdjpy,113.2385,113.2535,113.1535,113.1535
2021-11-08 18:00:00+00:00,usdjpy,113.2115,113.2765,113.211,113.239
2021-11-08 19:00:00+00:00,usdjpy,113.2325,113.2425,113.1945,113.212
2021-11-08 20:00:00+00:00,usdjpy,113.229,113.2945,113.2255,113.2315
2021-11-08 21:00:00+00:00,usdjpy,113.232,113.2445,113.2025,113.2295
2021-11-08 22:00:00+00:00,usdjpy,113.2605,113.2615,113.2275,113.2445
2021-11-08 23:00:00+00:00,usdjpy,113.2565,113.274,113.2255,113.26
2021-11-09 00:00:00+00:00,usdjpy,113.224,113.2635,113.1825,113.256
2021-11-09 01:00:00+00:00,usdjpy,113.1395,113.2195,113.0855,113.2175
2021-11-10 01:00:00+00:00,usdjpy,112.9115,112.9275,112.8675,112.87
2021-11-10 02:00:00+00:00,usdjpy,112.8565,112.9175,112.8205,112.9125
2021-11-10 03:00:00+00:00,usdjpy,112.8475,112.8925,112.777,112.8555
2021-11-10 04:00:00+00:00,usdjpy,112.8545,112.8705,112.7905,112.848
2021-11-10 05:00:00+00:00,usdjpy,112.8815,112.8975,112.8285,112.8535
2021-11-10 06:00:00+00:00,usdjpy,112.9265,112.943,112.8645,112.8825
2021-11-10 07:00:00+00:00,usdjpy,113.0985,113.1395,112.9125,112.926
2021-11-10 08:00:00+00:00,usdjpy,113.1455,113.1865,113.0655,113.099
2021-11-10 09:00:00+00:00,usdjpy,113.2175,113.2375,113.1265,113.146
2021-11-10 10:00:00+00:00,usdjpy,113.2,113.2205,113.166,113.218
2021-11-10 11:00:00+00:00,usdjpy,113.2295,113.2525,113.1425,113.2005
2021-11-10 12:00:00+00:00,usdjpy,113.2685,113.3405,113.1895,113.229
2021-11-10 13:00:00+00:00,usdjpy,113.4625,113.482,113.2415,113.2695
2021-11-10 14:00:00+00:00,usdjpy,113.6605,113.6615,113.348,113.445
2021-11-10 15:00:00+00:00,usdjpy,113.8975,113.9405,113.65,113.6505
2021-11-10 16:00:00+00:00,usdjpy,113.8845,113.912,113.8105,113.8985
2021-11-10 17:00:00+00:00,usdjpy,113.9315,113.9795,113.884,113.884
2021-11-10 18:00:00+00:00,usdjpy,113.8245,114.009,113.8135,113.931
2021-11-10 19:00:00+00:00,usdjpy,113.8175,113.8605,113.7345,113.825
2021-11-10 20:00:00+00:00,usdjpy,113.8975,113.9035,113.7705,113.8165
2021-11-10 21:00:00+00:00,usdjpy,113.906,113.9545,113.8965,113.898
2021-11-10 22:00:00+00:00,usdjpy,113.8885,113.936,113.8665,113.9115
2021-11-10 23:00:00+00:00,usdjpy,113.9085,113.9085,113.8565,113.888
2021-11-11 00:00:00+00:00,usdjpy,113.9575,113.9905,113.9075,113.9085
2021-11-11 01:00:00+00:00,usdjpy,114.0665,114.0895,113.9485,113.957
2021-11-11 02:00:00+00:00,usdjpy,114.093,114.1585,114.0425,114.0655
2021-11-11 03:00:00+00:00,usdjpy,114.003,114.0995,113.9745,114.0925
2021-11-11 04:00:00+00:00,usdjpy,113.9705,114.0035,113.9235,114.0035
2021-11-11 05:00:00+00:00,usdjpy,113.9455,113.9815,113.9215,113.97
2021-11-11 06:00:00+00:00,usdjpy,113.9325,113.9835,113.8905,113.946
2021-11-11 07:00:00+00:00,usdjpy,114.0825,114.0925,113.8775,113.9315
2021-11-11 08:00:00+00:00,usdjpy,114.0445,114.1355,113.9985,114.083
2021-11-11 09:00:00+00:00,usdjpy,114.0805,114.0925,114.0185,114.045
2021-11-11 10:00:00+00:00,usdjpy,113.985,114.0825,113.9645,114.08
2021-11-11 11:00:00+00:00,usdjpy,113.9585,114.0105,113.936,113.9845
2021-11-11 12:00:00+00:00,usdjpy,113.9525,113.9725,113.8955,113.958
2021-11-11 13:00:00+00:00,usdjpy,113.8755,113.9915,113.8095,113.952
2021-11-11 14:00:00+00:00,usdjpy,113.966,113.9685,113.8075,113.876
2021-11-11 15:00:00+00:00,usdjpy,113.9685,114.005,113.8985,113.9665
2021-11-11 16:00:00+00:00,usdjpy,114.0175,114.0475,113.9435,113.973
2021-11-11 17:00:00+00:00,usdjpy,114.0885,114.0895,113.9905,114.0165
2021-11-11 18:00:00+00:00,usdjpy,114.0865,114.0945,114.0455,114.0895
2021-11-11 19:00:00+00:00,usdjpy,114.0995,114.0995,114.0485,114.087
2021-11-11 20:00:00+00:00,usdjpy,114.0735,114.1095,114.0545,114.099
2021-11-11 21:00:00+00:00,usdjpy,114.0555,114.092,114.0555,114.074
2021-11-11 22:00:00+00:00,usdjpy,114.0645,114.0765,114.0545,114.0755
2021-11-11 23:00:00+00:00,usdjpy,114.0465,114.0785,114.0345,114.064
2021-11-12 00:00:00+00:00,usdjpy,114.2515,114.2535,114.0425,114.0455
2021-11-12 01:00:00+00:00,usdjpy,114.2565,114.3025,114.2155,114.2505
2021-11-12 02:00:00+00:00,usdjpy,114.2425,114.2775,114.2195,114.263
2021-11-12 03:00:00+00:00,usdjpy,114.2575,114.2765,114.2275,114.242
2021-11-12 04:00:00+00:00,usdjpy,114.2625,114.2685,114.2385,114.257
2021-11-12 05:00:00+00:00,usdjpy,114.2075,114.2845,114.1655,114.262
2021-11-12 06:00:00+00:00,usdjpy,114.2235,114.2485,114.1875,114.207
2021-11-12 07:00:00+00:00,usdjpy,114.0535,114.2535,114.0255,114.223
2021-11-12 08:00:00+00:00,usdjpy,114.008,114.0965,113.9525,114.0485
2021-11-12 09:00:00+00:00,usdjpy,114.0335,114.0755,113.967,114.006
2021-11-12 10:00:00+00:00,usdjpy,114.0875,114.0955,114.013,114.033
2021-11-12 11:00:00+00:00,usdjpy,114.0595,114.1315,114.0325,114.087
2021-11-12 12:00:00+00:00,usdjpy,114.0025,114.0645,113.9375,114.059
2021-11-12 13:00:00+00:00,usdjpy,113.9605,114.0365,113.9245,114.002
2021-11-12 14:00:00+00:00,usdjpy,114.0065,114.0095,113.9005,113.961
2021-11-12 15:00:00+00:00,usdjpy,113.9415,114.0045,113.7625,114.0035
2021-11-12 16:00:00+00:00,usdjpy,113.9035,113.9675,113.8565,113.945
2021-11-12 17:00:00+00:00,usdjpy,113.9105,113.9485,113.879,113.9025
2021-11-12 18:00:00+00:00,usdjpy,113.8475,113.9115,113.8235,113.911
2021-11-12 19:00:00+00:00,usdjpy,113.9585,113.959,113.829,113.848
2021-11-12 20:00:00+00:00,usdjpy,113.8795,113.959,113.8625,113.958
2021-11-12 21:00:00+00:00,usdjpy,113.8925,113.9405,113.8735,113.88
2021-11-14 22:00:00+00:00,usdjpy,113.9735,113.9765,113.9475,113.9585
2021-11-14 23:00:00+00:00,usdjpy,113.9855,114.0475,113.9265,113.9725
2021-11-15 00:00:00+00:00,usdjpy,113.9995,114.0085,113.912,113.9865
2021-11-15 01:00:00+00:00,usdjpy,113.7825,114.0085,113.753,113.999
2021-11-15 02:00:00+00:00,usdjpy,113.8425,113.8825,113.774,113.7835
2021-11-15 03:00:00+00:00,usdjpy,113.8565,113.8835,113.8285,113.843
2021-11-15 04:00:00+00:00,usdjpy,113.8635,113.8775,113.8415,113.8575
2021-11-15 05:00:00+00:00,usdjpy,113.8225,113.8645,113.8065,113.8645
2021-11-15 06:00:00+00:00,usdjpy,113.9485,113.9595,113.8115,113.8235
2021-11-15 07:00:00+00:00,usdjpy,113.9505,113.9985,113.9175,113.949
2021-11-15 08:00:00+00:00,usdjpy,113.9605,114.0155,113.8755,113.95
2021-11-15 09:00:00+00:00,usdjpy,113.8225,113.9695,113.8075,113.96
2021-11-15 10:00:00+00:00,usdjpy,113.8815,113.8925,113.8235,113.8235
2021-11-15 11:00:00+00:00,usdjpy,113.8255,113.8915,113.8095,113.8805
2021-11-15 12:00:00+00:00,usdjpy,113.8845,113.8985,113.8185,113.825
2021-11-15 13:00:00+00:00,usdjpy,113.8735,113.8985,113.8335,113.884
2021-11-15 14:00:00+00:00,usdjpy,113.9725,114.0145,113.8715,113.8745
2021-11-15 15:00:00+00:00,usdjpy,113.967,114.0515,113.9465,113.973
2021-11-15 16:00:00+00:00,usdjpy,113.9675,114.006,113.9215,113.9675
2021-11-15 17:00:00+00:00,usdjpy,114.0725,114.0875,113.9525,113.9685
2021-11-15 18:00:00+00:00,usdjpy,114.065,114.0915,114.0395,114.072
2021-11-15 19:00:00+00:00,usdjpy,114.0875,114.0885,114.0395,114.0655
2021-11-15 20:00:00+00:00,usdjpy,114.1695,114.2165,114.0785,114.088
2021-11-15 21:00:00+00:00,usdjpy,114.1245,114.1705,114.1215,114.1705
2021-11-15 22:00:00+00:00,usdjpy,114.1395,114.1615,114.1165,114.1305
2021-11-15 23:00:00+00:00,usdjpy,114.1335,114.2115,114.1125,114.139
2021-11-16 00:00:00+00:00,usdjpy,114.1885,114.2045,114.1165,114.133
2021-11-16 01:00:00+00:00,usdjpy,114.2925,114.3085,114.1375,114.188
2021-11-16 02:00:00+00:00,usdjpy,114.1535,114.3145,114.1365,114.293
2021-11-16 03:00:00+00:00,usdjpy,114.1805,114.2025,114.152,114.1545
2021-11-16 04:00:00+00:00,usdjpy,114.153,114.182,114.1035,114.1795
2021-11-16 05:00:00+00:00,usdjpy,114.1445,114.1615,114.1175,114.1525
2021-11-16 06:00:00+00:00,usdjpy,114.1935,114.2035,114.1175,114.1455
2021-11-16 07:00:00+00:00,usdjpy,114.2645,114.2745,114.1615,114.1945
2021-11-16 08:00:00+00:00,usdjpy,114.1775,114.2935,114.1295,114.2655
2021-11-16 09:00:00+00:00,usdjpy,114.1935,114.2085,114.1435,114.177
2021-11-16 10:00:00+00:00,usdjpy,114.2375,114.2615,114.192,114.1925
2021-11-16 11:00:00+00:00,usdjpy,114.234,114.2885,114.2165,114.2365
2021-11-16 12:00:00+00:00,usdjpy,114.3285,114.3545,114.233,114.2335
2021-11-16 13:00:00+00:00,usdjpy,114.4265,114.4395,114.2445,114.329
2021-11-16 14:00:00+00:00,usdjpy,114.6135,114.6245,114.414,114.4275
2021-11-16 15:00:00+00:00,usdjpy,114.5795,114.6385,114.424,114.614
2021-11-16 16:00:00+00:00,usdjpy,114.6235,114.6335,114.5025,114.58
2021-11-16 17:00:00+00:00,usdjpy,114.6215,114.6555,114.572,114.6225
2021-11-16 18:00:00+00:00,usdjpy,114.6315,114.6595,114.5715,114.621
2021-11-16 19:00:00+00:00,usdjpy,114.6985,114.6985,114.6165,114.6305
2021-11-16 20:00:00+00:00,usdjpy,114.826,114.8445,114.6305,114.698
2021-11-16 21:00:00+00:00,usdjpy,114.8215,114.8505,114.76,114.8265
2021-11-16 22:00:00+00:00,usdjpy,114.8335,114.8435,114.7885,114.7985
2021-11-16 23:00:00+00:00,usdjpy,114.9065,114.9715,114.8325,114.833
2021-11-17 00:00:00+00:00,usdjpy,114.815,114.9375,114.7795,114.9055
2021-11-17 01:00:00+00:00,usdjpy,114.8015,114.8465,114.6995,114.8145
2021-11-17 02:00:00+00:00,usdjpy,114.8015,114.8675,114.7785,114.8005
2021-11-17 03:00:00+00:00,usdjpy,114.889,114.9395,114.7985,114.8025
2021-11-17 04:00:00+00:00,usdjpy,114.858,114.9205,114.8415,114.8895
2021-11-17 05:00:00+00:00,usdjpy,114.9135,114.9135,114.8465,114.8585
2021-11-17 06:00:00+00:00,usdjpy,114.8695,114.9135,114.8235,114.9125
2021-11-17 07:00:00+00:00,usdjpy,114.8905,114.9385,114.8455,114.87
2021-11-17 08:00:00+00:00,usdjpy,114.8305,114.9475,114.7975,114.907
2021-11-17 09:00:00+00:00,usdjpy,114.8355,114.9125,114.7985,114.8295
2021-11-17 10:00:00+00:00,usdjpy,114.7975,114.8415,114.748,114.8345
2021-11-17 11:00:00+00:00,usdjpy,114.7435,114.8315,114.7105,114.797
2021-11-17 12:00:00+00:00,usdjpy,114.704,114.7445,114.6185,114.744
2021-11-17 13:00:00+00:00,usdjpy,114.7325,114.747,114.556,114.7035
2021-11-17 14:00:00+00:00,usdjpy,114.5475,114.767,114.5335,114.732
2021-11-17 15:00:00+00:00,usdjpy,114.525,114.5945,114.434,114.547
2021-11-17 16:00:00+00:00,usdjpy,114.3455,114.554,114.3325,114.5255
2021-11-17 17:00:00+00:00,usdjpy,114.0765,114.3795,113.9975,114.345
2021-11-17 18:00:00+00:00,usdjpy,114.0615,114.1185,113.935,114.0755
2021-11-17 19:00:00+00:00,usdjpy,114.1335,114.1335,114.0255,114.0625
2021-11-17 20:00:00+00:00,usdjpy,114.1085,114.1985,114.1065,114.1345
2021-11-17 21:00:00+00:00,usdjpy,114.1075,114.1595,114.0845,114.1095
2021-11-17 22:00:00+00:00,usdjpy,114.1605,114.1655,114.0735,114.0925
2021-11-17 23:00:00+00:00,usdjpy,114.1925,114.2355,114.144,114.1595
2021-11-18 00:00:00+00:00,usdjpy,114.2095,114.2425,114.1075,114.195
2021-11-18 01:00:00+00:00,usdjpy,114.0525,114.209,114.008,114.209
2021-11-18 02:00:00+00:00,usdjpy,114.0465,114.0905,113.8785,114.052
2021-11-18 03:00:00+00:00,usdjpy,114.1035,114.1175,114.0185,114.0475
2021-11-18 04:00:00+00:00,usdjpy,114.0715,114.1215,114.0385,114.103
2021-11-18 05:00:00+00:00,usdjpy,114.1815,114.2745,114.0685,114.0705
2021-11-18 06:00:00+00:00,usdjpy,114.173,114.2545,114.1555,114.1825
2021-11-18 07:00:00+00:00,usdjpy,114.0195,114.177,113.9785,114.1735
2021-11-18 08:00:00+00:00,usdjpy,114.1715,114.2285,114.0125,114.0205
2021-11-18 09:00:00+00:00,usdjpy,114.1855,114.2285,114.149,114.171
2021-11-18 10:00:00+00:00,usdjpy,114.1745,114.2255,114.1685,114.185
2021-11-18 11:00:00+00:00,usdjpy,114.1835,114.1925,114.126,114.1755
2021-11-18 12:00:00+00:00,usdjpy,114.179,114.243,114.1325,114.1845
2021-11-18 13:00:00+00:00,usdjpy,114.3585,114.3925,114.1655,114.1785
2021-11-18 14:00:00+00:00,usdjpy,114.4155,114.4495,114.2645,114.3725
2021-11-18 15:00:00+00:00,usdjpy,114.2835,114.485,114.1775,114.415
2021-11-18 16:00:00+00:00,usdjpy,114.2175,114.3175,114.2095,114.2775
2021-11-18 17:00:00+00:00,usdjpy,114.2405,114.269,114.1635,114.2185
2021-11-18 18:00:00+00:00,usdjpy,114.2315,114.2805,114.192,114.2405
2021-11-18 19:00:00+00:00,usdjpy,114.2635,114.2715,114.2205,114.232
2021-11-18 20:00:00+00:00,usdjpy,114.2285,114.2785,114.227,114.2645
2021-11-18 21:00:00+00:00,usdjpy,114.2615,114.2625,114.2275,114.2295
2021-11-18 22:00:00+00:00,usdjpy,114.2615,114.28,114.2325,114.28
2021-11-18 23:00:00+00:00,usdjpy,114.2855,114.296,114.2345,114.261
2021-11-19 00:00:00+00:00,usdjpy,114.332,114.3625,114.2805,114.2865
2021-11-19 01:00:00+00:00,usdjpy,114.3215,114.3685,114.2465,114.3315
2021-11-19 02:00:00+00:00,usdjpy,114.3705,114.3775,114.31,114.322
2021-11-19 03:00:00+00:00,usdjpy,114.3675,114.3995,114.3505,114.371
2021-11-19 04:00:00+00:00,usdjpy,114.3685,114.3775,114.3445,114.3685
2021-11-19 05:00:00+00:00,usdjpy,114.3535,114.3755,114.3165,114.368
2021-11-19 06:00:00+00:00,usdjpy,114.3045,114.3665,114.295,114.353
2021-11-19 07:00:00+00:00,usdjpy,114.3625,114.3755,114.3025,114.3055
2021-11-19 08:00:00+00:00,usdjpy,114.4565,114.4685,114.3355,114.3615
2021-11-19 09:00:00+00:00,usdjpy,114.01,114.541,113.8985,114.457
2021-11-19 10:00:00+00:00,usdjpy,113.9655,114.0445,113.819,114.0005
2021-11-19 11:00:00+00:00,usdjpy,113.8435,113.9945,113.8385,113.965
2021-11-19 12:00:00+00:00,usdjpy,113.7555,113.846,113.5875,113.8355
2021-11-19 13:00:00+00:00,usdjpy,113.8145,113.9225,113.7215,113.7605
2021-11-19 14:00:00+00:00,usdjpy,113.8835,114.063,113.6765,113.8135
2021-11-19 15:00:00+00:00,usdjpy,113.869,114.0435,113.758,113.8825
2021-11-19 16:00:00+00:00,usdjpy,113.7965,113.9005,113.7295,113.8695
2021-11-19 17:00:00+00:00,usdjpy,113.9805,114.0705,113.7885,113.797
2021-11-19 18:00:00+00:00,usdjpy,113.945,114.059,113.886,113.981
2021-11-19 19:00:00+00:00,usdjpy,113.9355,113.9595,113.9085,113.9455
2021-11-19 20:00:00+00:00,usdjpy,113.9945,114.0325,113.936,113.936
2021-11-19 21:00:00+00:00,usdjpy,113.9985,114.0365,113.9675,113.995
2021-11-21 22:00:00+00:00,usdjpy,114.0325,114.041,113.9465,113.9645
2021-11-21 23:00:00+00:00,usdjpy,114.1445,114.1455,114.0255,114.0315
2021-11-22 00:00:00+00:00,usdjpy,114.068,114.1465,114.0225,114.145
2021-11-22 01:00:00+00:00,usdjpy,114.1655,114.1855,114.0475,114.0675
2021-11-22 02:00:00+00:00,usdjpy,114.1365,114.2165,114.1315,114.1645
2021-11-22 03:00:00+00:00,usdjpy,114.114,114.189,114.1065,114.137
2021-11-22 04:00:00+00:00,usdjpy,114.1425,114.1795,114.113,114.1145
2021-11-22 05:00:00+00:00,usdjpy,114.134,114.1675,114.1245,114.143
2021-11-22 06:00:00+00:00,usdjpy,114.191,114.1975,114.1305,114.1335
2021-11-22 07:00:00+00:00,usdjpy,114.225,114.2695,114.1625,114.1905
2021-11-22 08:00:00+00:00,usdjpy,114.1485,114.2555,114.0945,114.2245
2021-11-22 09:00:00+00:00,usdjpy,114.1335,114.1685,114.0685,114.1485
2021-11-22 10:00:00+00:00,usdjpy,114.162,114.1965,114.095,114.133
2021-11-22 11:00:00+00:00,usdjpy,114.118,114.2385,114.0675,114.1615
2021-11-22 12:00:00+00:00,usdjpy,114.1345,114.165,114.0845,114.1175
2021-11-22 13:00:00+00:00,usdjpy,114.1535,114.1825,114.0685,114.1335
2021-11-22 14:00:00+00:00,usdjpy,114.6115,114.7435,114.1505,114.154
2021-11-22 15:00:00+00:00,usdjpy,114.7435,114.753,114.6105,114.611
2021-11-22 16:00:00+00:00,usdjpy,114.6875,114.8175,114.6105,114.7385
2021-11-22 17:00:00+00:00,usdjpy,114.8325,114.847,114.6865,114.687
2021-11-22 18:00:00+00:00,usdjpy,114.9165,114.9375,114.813,114.832
2021-11-22 19:00:00+00:00,usdjpy,114.9495,114.9525,114.8595,114.916
2021-11-22 20:00:00+00:00,usdjpy,114.85,114.9625,114.8355,114.9505
2021-11-22 21:00:00+00:00,usdjpy,114.8795,114.8935,114.8455,114.8505
2021-11-22 22:00:00+00:00,usdjpy,114.8455,114.9135,114.8415,114.881
2021-11-22 23:00:00+00:00,usdjpy,114.7935,114.874,114.7905,114.845
2021-11-23 00:00:00+00:00,usdjpy,114.775,114.8255,114.7405,114.793
2021-11-23 01:00:00+00:00,usdjpy,114.8315,114.847,114.7505,114.7745
2021-11-23 02:00:00+00:00,usdjpy,115.0855,115.1015,114.8275,114.8305
2021-11-23 03:00:00+00:00,usdjpy,115.082,115.1405,115.0595,115.0865
2021-11-23 04:00:00+00:00,usdjpy,115.1035,115.1365,115.078,115.0825
2021-11-23 05:00:00+00:00,usdjpy,115.1145,115.1405,115.0525,115.1015
2021-11-23 06:00:00+00:00,usdjpy,115.0755,115.1235,115.0445,115.114
2021-11-23 07:00:00+00:00,usdjpy,114.7055,115.1545,114.4975,115.075
2021-11-23 08:00:00+00:00,usdjpy,114.6115,114.8475,114.5265,114.7265
2021-11-23 09:00:00+00:00,usdjpy,114.7665,114.8045,114.6125,114.6125
2021-11-23 10:00:00+00:00,usdjpy,114.84,114.8605,114.7145,114.766
2021-11-23 11:00:00+00:00,usdjpy,114.9625,115.011,114.7955,114.8395
2021-11-23 12:00:00+00:00,usdjpy,115.0115,115.0425,114.9195,114.9635
2021-11-23 13:00:00+00:00,usdjpy,114.9835,115.0315,114.8385,115.0105
2021-11-23 14:00:00+00:00,usdjpy,115.0325,115.0825,114.9115,114.9845
2021-11-23 15:00:00+00:00,usdjpy,114.976,115.0985,114.9165,115.0365
2021-11-23 16:00:00+00:00,usdjpy,114.9995,115.0215,114.9025,114.9765
2021-11-23 17:00:00+00:00,usdjpy,114.9975,115.0075,114.9305,115.0
2021-11-23 18:00:00+00:00,usdjpy,115.0695,115.0855,114.9315,114.998
2021-11-23 19:00:00+00:00,usdjpy,115.0775,115.0855,114.9995,115.0685
2021-11-23 20:00:00+00:00,usdjpy,115.1545,115.1565,115.0415,115.0765
2021-11-23 21:00:00+00:00,usdjpy,115.144,115.1955,115.1105,115.1555
2021-11-23 22:00:00+00:00,usdjpy,115.1105,115.1545,115.0725,115.1475
2021-11-23 23:00:00+00:00,usdjpy,115.1455,115.2215,115.1025,115.1095
2021-11-24 00:00:00+00:00,usdjpy,115.2015,115.227,115.0975,115.145
2021-11-24 01:00:00+00:00,usdjpy,115.1585,115.238,115.1165,115.202
2021-11-24 02:00:00+00:00,usdjpy,115.0685,115.1625,115.0055,115.159
2021-11-24 03:00:00+00:00,usdjpy,115.072,115.0925,115.0245,115.0695
2021-11-24 04:00:00+00:00,usdjpy,114.9585,115.0765,114.919,115.0715
2021-11-24 05:00:00+00:00,usdjpy,114.9295,115.0135,114.9125,114.958
2021-11-24 06:00:00+00:00,usdjpy,114.929,115.0045,114.8695,114.93
2021-11-24 07:00:00+00:00,usdjpy,114.8975,114.9505,114.8555,114.9295
2021-11-24 08:00:00+00:00,usdjpy,115.069,115.076,114.8265,114.8985
2021-11-24 09:00:00+00:00,usdjpy,114.9735,115.115,114.839,115.085
2021-11-24 10:00:00+00:00,usdjpy,115.0535,115.0745,114.9515,114.974
2021-11-24 11:00:00+00:00,usdjpy,115.0045,115.065,114.9815,115.0525
2021-11-24 12:00:00+00:00,usdjpy,115.1245,115.1645,114.9835,115.0055
2021-11-24 13:00:00+00:00,usdjpy,115.1635,115.2555,115.0985,115.125
2021-11-24 14:00:00+00:00,usdjpy,115.323,115.3785,115.121,115.164
2021-11-24 15:00:00+00:00,usdjpy,115.4425,115.4695,115.2665,115.3245
2021-11-24 16:00:00+00:00,usdjpy,115.3465,115.4805,115.2825,115.4425
2021-11-24 17:00:00+00:00,usdjpy,115.4505,115.4805,115.3115,115.3455
2021-11-24 18:00:00+00:00,usdjpy,115.4835,115.4895,115.402,115.45
2021-11-24 19:00:00+00:00,usdjpy,115.4695,115.5235,115.399,115.483
2021-11-24 20:00:00+00:00,usdjpy,115.3745,115.4705,115.3675,115.4695
2021-11-24 21:00:00+00:00,usdjpy,115.4265,115.428,115.3745,115.3755
2021-11-24 22:00:00+00:00,usdjpy,115.4265,115.443,115.4075,115.4275
2021-11-24 23:00:00+00:00,usdjpy,115.41,115.46,115.41,115.4255
2021-11-25 00:00:00+00:00,usdjpy,115.3285,115.4485,115.3065,115.4105
2021-11-25 01:00:00+00:00,usdjpy,115.3925,115.4025,115.3095,115.329
2021-11-25 02:00:00+00:00,usdjpy,115.374,115.4035,115.3655,115.393
2021-11-25 03:00:00+00:00,usdjpy,115.372,115.3825,115.3625,115.3745
2021-11-25 04:00:00+00:00,usdjpy,115.3695,115.3795,115.3525,115.3715
2021-11-25 05:00:00+00:00,usdjpy,115.3865,115.3925,115.367,115.3675
2021-11-25 06:00:00+00:00,usdjpy,115.4075,115.4075,115.3715,115.387
2021-11-25 07:00:00+00:00,usdjpy,115.38,115.4335,115.3075,115.408
2021-11-25 08:00:00+00:00,usdjpy,115.3465,115.3875,115.3085,115.3805
2021-11-25 09:00:00+00:00,usdjpy,115.3615,115.3715,115.3355,115.3475
2021-11-25 10:00:00+00:00,usdjpy,115.3495,115.3625,115.335,115.3605
2021-11-25 11:00:00+00:00,usdjpy,115.342,115.3605,115.3355,115.35
2021-11-25 12:00:00+00:00,usdjpy,115.33,115.3435,115.2425,115.3415
2021-11-25 13:00:00+00:00,usdjpy,115.3285,115.3475,115.2895,115.3295
2021-11-25 14:00:00+00:00,usdjpy,115.3205,115.3345,115.3055,115.328
2021-11-25 15:00:00+00:00,usdjpy,115.348,115.3895,115.3185,115.32
2021-11-25 16:00:00+00:00,usdjpy,115.3525,115.3595,115.3325,115.358
2021-11-25 17:00:00+00:00,usdjpy,115.3545,115.394,115.3355,115.353
2021-11-25 18:00:00+00:00,usdjpy,115.3775,115.389,115.3455,115.355
2021-11-25 19:00:00+00:00,usdjpy,115.3795,115.3915,115.36,115.3885
2021-11-25 20:00:00+00:00,usdjpy,115.3675,115.382,115.3595,115.3815
2021-11-25 21:00:00+00:00,usdjpy,115.3645,115.3805,115.3565,115.3775
2021-11-25 22:00:00+00:00,usdjpy,115.376,115.376,115.3305,115.3535
2021-11-25 23:00:00+00:00,usdjpy,115.0785,115.3795,115.0325,115.3755
2021-11-26 00:00:00+00:00,usdjpy,114.948,115.1125,114.6805,115.0775
2021-11-26 01:00:00+00:00,usdjpy,114.873,115.0405,114.846,114.9485
2021-11-26 02:00:00+00:00,usdjpy,114.6975,114.9595,114.6375,114.8735
2021-11-26 03:00:00+00:00,usdjpy,114.6935,114.7315,114.5945,114.6965
2021-11-26 04:00:00+00:00,usdjpy,114.7335,114.7855,114.6005,114.6925
2021-11-26 05:00:00+00:00,usdjpy,114.6555,114.7345,114.6295,114.7315
2021-11-26 06:00:00+00:00,usdjpy,114.5775,114.6555,114.4535,114.655
2021-11-26 07:00:00+00:00,usdjpy,114.1645,114.588,114.1465,114.578
2021-11-26 08:00:00+00:00,usdjpy,114.3615,114.4215,113.6535,114.1655
2021-11-26 09:00:00+00:00,usdjpy,113.9685,114.3655,113.9035,114.361
2021-11-26 10:00:00+00:00,usdjpy,113.9945,114.1625,113.9315,113.963
2021-11-26 11:00:00+00:00,usdjpy,113.9105,114.0625,113.835,113.995
2021-11-26 12:00:00+00:00,usdjpy,114.0075,114.0305,113.8565,113.91
2021-11-26 13:00:00+00:00,usdjpy,113.8655,114.2105,113.7925,114.008
2021-11-26 14:00:00+00:00,usdjpy,113.5595,113.9245,113.527,113.866
2021-11-26 15:00:00+00:00,usdjpy,113.1835,113.5645,113.0545,113.558
2021-11-26 16:00:00+00:00,usdjpy,113.4455,113.565,113.1495,113.1825
2021-11-26 17:00:00+00:00,usdjpy,113.0675,113.491,113.0545,113.4445
2021-11-26 18:00:00+00:00,usdjpy,113.2705,113.2765,113.0675,113.068
2021-11-26 19:00:00+00:00,usdjpy,113.1355,113.273,113.0745,113.271
2021-11-26 20:00:00+00:00,usdjpy,113.1755,113.2415,113.1335,113.2245
2021-11-26 21:00:00+00:00,usdjpy,113.299,113.5265,113.15,113.15
2021-11-28 22:00:00+00:00,usdjpy,113.5075,113.5385,113.3415,113.3915
2021-11-28 23:00:00+00:00,usdjpy,113.7255,113.857,113.4015,113.5065
2021-11-29 00:00:00+00:00,usdjpy,113.7025,113.8405,113.68,113.725
2021-11-29 01:00:00+00:00,usdjpy,113.6675,113.7515,113.4345,113.702
2021-11-29 02:00:00+00:00,usdjpy,113.4835,113.7155,113.452,113.6665
2021-11-29 03:00:00+00:00,usdjpy,113.6785,113.7095,113.478,113.484
2021-11-29 04:00:00+00:00,usdjpy,113.602,113.748,113.5565,113.679
2021-11-29 05:00:00+00:00,usdjpy,113.2845,113.6195,113.2515,113.6025
2021-11-29 06:00:00+00:00,usdjpy,113.3195,113.322,112.9935,113.285
2021-11-29 07:00:00+00:00,usdjpy,113.5775,113.608,113.3135,113.319
2021-11-29 08:00:00+00:00,usdjpy,113.3085,113.6295,113.2715,113.5765
2021-11-29 09:00:00+00:00,usdjpy,113.3385,113.4425,113.2425,113.3095
2021-11-29 10:00:00+00:00,usdjpy,113.4455,113.4745,113.3155,113.339
2021-11-29 11:00:00+00:00,usdjpy,113.4475,113.5475,113.4305,113.4465
2021-11-29 12:00:00+00:00,usdjpy,113.6155,113.644,113.4105,113.447
2021-11-29 13:00:00+00:00,usdjpy,113.7815,113.796,113.5965,113.615
2021-11-29 14:00:00+00:00,usdjpy,113.8615,113.9465,113.7105,113.781
2021-11-29 15:00:00+00:00,usdjpy,113.6195,113.9285,113.5605,113.9195
2021-11-29 16:00:00+00:00,usdjpy,113.7575,113.7875,113.6125,113.6205
2021-11-29 17:00:00+00:00,usdjpy,113.7715,113.8305,113.7165,113.758
2021-11-29 18:00:00+00:00,usdjpy,113.772,113.778,113.6875,113.772
2021-11-29 19:00:00+00:00,usdjpy,113.711,113.804,113.711,113.7725
2021-11-29 20:00:00+00:00,usdjpy,113.6585,113.735,113.643,113.7105
2021-11-29 21:00:00+00:00,usdjpy,113.5295,113.6775,113.5245,113.657
2021-11-29 22:00:00+00:00,usdjpy,113.6335,113.6385,113.5395,113.57
2021-11-29 23:00:00+00:00,usdjpy,113.807,113.8415,113.6235,113.6325
2021-11-30 00:00:00+00:00,usdjpy,113.7775,113.8945,113.7285,113.8075
2021-11-30 01:00:00+00:00,usdjpy,113.7235,113.8415,113.7075,113.778
2021-11-30 02:00:00+00:00,usdjpy,113.7315,113.7345,113.6255,113.723
2021-11-30 03:00:00+00:00,usdjpy,113.663,113.7475,113.6235,113.7325
2021-11-30 04:00:00+00:00,usdjpy,113.5805,113.6695,113.5645,113.6625
2021-11-30 05:00:00+00:00,usdjpy,113.0815,113.585,113.0365,113.5785
2021-11-30 06:00:00+00:00,usdjpy,113.1975,113.237,112.9565,113.082
2021-11-30 07:00:00+00:00,usdjpy,113.1935,113.2425,113.0795,113.1525
2021-11-30 08:00:00+00:00,usdjpy,112.8945,113.1945,112.8595,113.1845
2021-11-30 09:00:00+00:00,usdjpy,112.8495,112.9195,112.6865,112.8695
2021-11-30 10:00:00+00:00,usdjpy,112.8405,112.9235,112.7715,112.849
2021-11-30 11:00:00+00:00,usdjpy,113.0775,113.1195,112.7455,112.8415
2021-11-30 12:00:00+00:00,usdjpy,112.9525,113.1185,112.8985,113.077
2021-11-30 13:00:00+00:00,usdjpy,112.8065,112.9585,112.6965,112.9535
2021-11-30 14:00:00+00:00,usdjpy,112.6335,112.8545,112.5365,112.8075
2021-11-30 15:00:00+00:00,usdjpy,113.4625,113.5985,112.546,112.6265
2021-11-30 16:00:00+00:00,usdjpy,113.2045,113.7005,113.1195,113.474
2021-11-30 17:00:00+00:00,usdjpy,113.1095,113.253,113.0845,113.204
2021-11-30 18:00:00+00:00,usdjpy,113.1055,113.129,112.999,113.109
2021-11-30 19:00:00+00:00,usdjpy,113.1065,113.2075,113.0985,113.105
2021-11-30 20:00:00+00:00,usdjpy,113.0275,113.1395,113.0115,113.107
2021-11-30 21:00:00+00:00,usdjpy,113.1595,113.1695,113.006,113.026
2021-11-30 22:00:00+00:00,usdjpy,113.1875,113.1935,113.0905,113.1015
2021-11-30 23:00:00+00:00,usdjpy,113.304,113.3315,113.1835,113.1855
2021-12-01 00:00:00+00:00,usdjpy,113.246,113.3235,113.1055,113.3045
2021-12-01 01:00:00+00:00,usdjpy,113.4905,113.5525,113.2165,113.2465
2021-12-01 02:00:00+00:00,usdjpy,113.4685,113.5325,113.3875,113.49
2021-12-01 03:00:00+00:00,usdjpy,113.4295,113.4725,113.3375,113.469
2021-12-01 04:00:00+00:00,usdjpy,113.4985,113.515,113.3965,113.43
2021-12-01 05:00:00+00:00,usdjpy,113.447,113.513,113.4205,113.5015
2021-12-01 06:00:00+00:00,usdjpy,113.5625,113.6295,113.4355,113.4465
2021-12-01 07:00:00+00:00,usdjpy,113.423,113.5815,113.3755,113.5615
2021-12-01 08:00:00+00:00,usdjpy,113.5105,113.571,113.288,113.42
2021-12-01 09:00:00+00:00,usdjpy,113.4665,113.59,113.4255,113.5095
2021-12-01 10:00:00+00:00,usdjpy,113.4285,113.4785,113.3665,113.4655
2021-12-01 11:00:00+00:00,usdjpy,113.3835,113.437,113.325,113.429
2021-12-01 12:00:00+00:00,usdjpy,113.399,113.4285,113.3105,113.3825
2021-12-01 13:00:00+00:00,usdjpy,113.1425,113.399,113.113,113.3985
2021-12-01 14:00:00+00:00,usdjpy,112.8445,113.155,112.8395,113.1285
2021-12-01 15:00:00+00:00,usdjpy,112.9795,113.0965,112.7525,112.8375
2021-12-01 16:00:00+00:00,usdjpy,112.8265,113.088,112.7825,112.9805
2021-12-01 17:00:00+00:00,usdjpy,112.761,112.9495,112.709,112.8275
2021-12-01 18:00:00+00:00,usdjpy,112.7855,112.8355,112.671,112.761
2021-12-01 19:00:00+00:00,usdjpy,112.7895,112.8695,112.7265,112.785
2021-12-01 20:00:00+00:00,usdjpy,112.8085,112.887,112.7825,112.7885
2021-12-01 21:00:00+00:00,usdjpy,112.7775,112.8435,112.7615,112.809
2021-12-01 22:00:00+00:00,usdjpy,112.8315,112.8335,112.729,112.7735
2021-12-01 23:00:00+00:00,usdjpy,112.8845,112.9255,112.8065,112.8305
2021-12-02 00:00:00+00:00,usdjpy,112.982,113.0145,112.8185,112.884
2021-12-02 01:00:00+00:00,usdjpy,113.0615,113.0795,112.8395,112.9815
2021-12-02 02:00:00+00:00,usdjpy,113.0675,113.1045,112.9375,113.061
2021-12-02 03:00:00+00:00,usdjpy,113.0615,113.0685,112.9675,113.067
2021-12-02 04:00:00+00:00,usdjpy,113.0605,113.0915,112.9855,113.062
2021-12-02 05:00:00+00:00,usdjpy,113.1155,113.1335,113.0485,113.0625
2021-12-02 06:00:00+00:00,usdjpy,113.177,113.182,113.0165,113.116
2021-12-02 07:00:00+00:00,usdjpy,113.279,113.3295,113.1465,113.1775
2021-12-02 08:00:00+00:00,usdjpy,113.2085,113.29,113.1485,113.2785
2021-12-02 09:00:00+00:00,usdjpy,113.1495,113.304,113.1435,113.2075
2021-12-02 10:00:00+00:00,usdjpy,113.0775,113.1645,112.9175,113.1505
2021-12-02 11:00:00+00:00,usdjpy,112.9365,113.0855,112.8835,113.0785
2021-12-02 12:00:00+00:00,usdjpy,112.8235,112.99,112.7065,112.9355
2021-12-02 13:00:00+00:00,usdjpy,112.848,112.9095,112.7535,112.8225
2021-12-02 14:00:00+00:00,usdjpy,112.9755,113.0065,112.7345,112.833
2021-12-02 15:00:00+00:00,usdjpy,112.9605,112.9785,112.8165,112.9625
2021-12-02 16:00:00+00:00,usdjpy,113.0545,113.1155,112.9315,112.9595
2021-12-02 17:00:00+00:00,usdjpy,113.1985,113.2435,113.1065,113.1155
2021-12-02 18:00:00+00:00,usdjpy,113.1475,113.2005,113.111,113.1995
2021-12-02 19:00:00+00:00,usdjpy,113.1675,113.209,113.1075,113.148
2021-12-02 20:00:00+00:00,usdjpy,113.1795,113.1865,113.1035,113.1665
2021-12-02 21:00:00+00:00,usdjpy,113.1835,113.1985,113.1375,113.1785
2021-12-02 22:00:00+00:00,usdjpy,113.1995,113.2325,113.1205,113.164
2021-12-02 23:00:00+00:00,usdjpy,113.0245,113.2225,113.0035,113.1985
2021-12-03 00:00:00+00:00,usdjpy,113.1295,113.1485,112.9605,113.024
2021-12-03 01:00:00+00:00,usdjpy,113.0755,113.212,112.9895,113.1285
2021-12-03 02:00:00+00:00,usdjpy,113.1195,113.1625,113.0755,113.076
2021-12-03 03:00:00+00:00,usdjpy,113.1875,113.1955,113.085,113.119
2021-12-03 04:00:00+00:00,usdjpy,113.2135,113.2405,113.1355,113.188
2021-12-03 05:00:00+00:00,usdjpy,113.214,113.2585,113.187,113.214
2021-12-03 06:00:00+00:00,usdjpy,113.35,113.3605,113.1875,113.2145
2021-12-03 07:00:00+00:00,usdjpy,113.381,113.4085,113.2955,113.3495
2021-12-03 08:00:00+00:00,usdjpy,113.3685,113.4885,113.3315,113.3805
2021-12-03 09:00:00+00:00,usdjpy,113.3165,113.3885,113.3135,113.3675
2021-12-03 10:00:00+00:00,usdjpy,113.2565,113.3425,113.2215,113.3175
2021-12-03 11:00:00+00:00,usdjpy,113.3295,113.3655,113.2275,113.256
2021-12-03 12:00:00+00:00,usdjpy,113.33,113.3835,113.3075,113.3305
2021-12-03 13:00:00+00:00,usdjpy,113.4195,113.4595,112.9955,113.3295
2021-12-03 14:00:00+00:00,usdjpy,113.393,113.6135,113.3045,113.42
2021-12-03 15:00:00+00:00,usdjpy,113.2235,113.4955,113.1295,113.4355
2021-12-03 16:00:00+00:00,usdjpy,112.8615,113.2565,112.8555,113.223
2021-12-03 17:00:00+00:00,usdjpy,112.8325,112.954,112.8015,112.8805
2021-12-03 18:00:00+00:00,usdjpy,112.5985,112.866,112.5665,112.833
2021-12-03 19:00:00+00:00,usdjpy,112.6195,112.686,112.5595,112.5995
2021-12-03 20:00:00+00:00,usdjpy,112.7715,112.84,112.6055,112.6195
2021-12-03 21:00:00+00:00,usdjpy,112.783,112.847,112.7275,112.771
2021-12-05 22:00:00+00:00,usdjpy,112.9035,112.948,112.8645,112.8645
2021-12-05 23:00:00+00:00,usdjpy,113.0455,113.0835,112.8695,112.9045
2021-12-06 00:00:00+00:00,usdjpy,113.0345,113.0745,112.8515,113.0465
2021-12-06 01:00:00+00:00,usdjpy,113.0185,113.0595,112.99,113.034
2021-12-06 02:00:00+00:00,usdjpy,112.9915,113.0555,112.9575,113.0165
2021-12-06 03:00:00+00:00,usdjpy,113.0005,113.013,112.9635,112.9925
2021-12-06 04:00:00+00:00,usdjpy,113.0075,113.02,112.9845,113.001
2021-12-06 05:00:00+00:00,usdjpy,113.0435,113.0695,113.007,113.0085
2021-12-06 06:00:00+00:00,usdjpy,113.1105,113.1455,113.0145,113.0425
2021-12-06 07:00:00+00:00,usdjpy,113.1475,113.1885,113.0345,113.11
2021-12-06 08:00:00+00:00,usdjpy,113.162,113.2055,113.1155,113.1465
2021-12-06 09:00:00+00:00,usdjpy,113.2535,113.3735,113.1535,113.1615
2021-12-06 10:00:00+00:00,usdjpy,113.2315,113.2655,113.1535,113.254
2021-12-06 11:00:00+00:00,usdjpy,113.2075,113.2615,113.1555,113.231
2021-12-06 12:00:00+00:00,usdjpy,113.125,113.2155,113.0725,113.2085
2021-12-06 13:00:00+00:00,usdjpy,113.2225,113.2565,113.1145,113.1245
2021-12-06 14:00:00+00:00,usdjpy,113.2325,113.2415,113.0875,113.223
2021-12-06 15:00:00+00:00,usdjpy,113.4505,113.485,113.17,113.232
2021-12-06 16:00:00+00:00,usdjpy,113.3155,113.4885,113.306,113.451
2021-12-06 17:00:00+00:00,usdjpy,113.4615,113.4635,113.3035,113.3165
2021-12-06 18:00:00+00:00,usdjpy,113.5055,113.5535,113.4535,113.4625
2021-12-06 19:00:00+00:00,usdjpy,113.496,113.5315,113.4705,113.5055
2021-12-06 20:00:00+00:00,usdjpy,113.4835,113.504,113.4395,113.4965
2021-12-06 21:00:00+00:00,usdjpy,113.4745,113.5155,113.4715,113.483
2021-12-06 22:00:00+00:00,usdjpy,113.4995,113.503,113.4795,113.4805
2021-12-06 23:00:00+00:00,usdjpy,113.4685,113.5075,113.4465,113.4975
2021-12-07 00:00:00+00:00,usdjpy,113.4905,113.5105,113.4015,113.4695
2021-12-07 01:00:00+00:00,usdjpy,113.558,113.5905,113.484,113.4895
2021-12-07 02:00:00+00:00,usdjpy,113.482,113.5585,113.4575,113.5575
2021-12-07 03:00:00+00:00,usdjpy,113.5565,113.5735,113.4755,113.4825
2021-12-07 04:00:00+00:00,usdjpy,113.6455,113.6825,113.557,113.557
2021-12-07 05:00:00+00:00,usdjpy,113.7275,113.7335,113.6245,113.6465
2021-12-07 06:00:00+00:00,usdjpy,113.7065,113.7375,113.6585,113.728
2021-12-07 07:00:00+00:00,usdjpy,113.6425,113.7425,113.5895,113.706
2021-12-07 08:00:00+00:00,usdjpy,113.6955,113.7295,113.6295,113.642
2021-12-07 09:00:00+00:00,usdjpy,113.6595,113.7365,113.6485,113.696
2021-12-07 10:00:00+00:00,usdjpy,113.5905,113.7015,113.5665,113.659
2021-12-07 11:00:00+00:00,usdjpy,113.5585,113.6185,113.503,113.59
2021-12-07 12:00:00+00:00,usdjpy,113.5215,113.5575,113.4585,113.5575
2021-12-07 13:00:00+00:00,usdjpy,113.7675,113.7805,113.5125,113.5225
2021-12-07 14:00:00+00:00,usdjpy,113.6515,113.7715,113.6205,113.767
2021-12-07 15:00:00+00:00,usdjpy,113.6635,113.693,113.5275,113.652
2021-12-07 16:00:00+00:00,usdjpy,113.6245,113.6665,113.553,113.6625
2021-12-07 17:00:00+00:00,usdjpy,113.7315,113.746,113.6015,113.624
2021-12-07 18:00:00+00:00,usdjpy,113.5925,113.7325,113.5325,113.7305
2021-12-07 19:00:00+00:00,usdjpy,113.6285,113.6335,113.5435,113.592
2021-12-07 20:00:00+00:00,usdjpy,113.4865,113.6485,113.467,113.628
2021-12-07 21:00:00+00:00,usdjpy,113.5675,113.5815,113.4855,113.4855
2021-12-07 22:00:00+00:00,usdjpy,113.5695,113.617,113.5225,113.5915
2021-12-07 23:00:00+00:00,usdjpy,113.5275,113.5695,113.4755,113.5685
2021-12-08 00:00:00+00:00,usdjpy,113.5465,113.5755,113.3585,113.5225
2021-12-08 01:00:00+00:00,usdjpy,113.483,113.546,113.4155,113.546
2021-12-08 02:00:00+00:00,usdjpy,113.5135,113.5555,113.4325,113.4835
2021-12-08 03:00:00+00:00,usdjpy,113.4755,113.515,113.439,113.514
2021-12-08 04:00:00+00:00,usdjpy,113.5265,113.5365,113.4745,113.475
2021-12-08 05:00:00+00:00,usdjpy,113.5025,113.5295,113.4845,113.526
2021-12-08 06:00:00+00:00,usdjpy,113.4955,113.5405,113.4845,113.503
2021-12-08 07:00:00+00:00,usdjpy,113.4155,113.4985,113.3265,113.4965
2021-12-08 08:00:00+00:00,usdjpy,113.5705,113.6325,113.3905,113.415
2021-12-08 09:00:00+00:00,usdjpy,113.5085,113.6055,113.4795,113.57
2021-12-08 10:00:00+00:00,usdjpy,113.3945,113.5745,113.3535,113.5095
2021-12-08 11:00:00+00:00,usdjpy,113.6965,113.802,113.3125,113.3935
2021-12-08 12:00:00+00:00,usdjpy,113.7615,113.8535,113.6545,113.6975
2021-12-08 13:00:00+00:00,usdjpy,113.8715,113.9295,113.7135,113.7615
2021-12-08 14:00:00+00:00,usdjpy,113.8745,113.9575,113.805,113.88
2021-12-08 15:00:00+00:00,usdjpy,113.884,113.9245,113.7645,113.8765
2021-12-08 16:00:00+00:00,usdjpy,113.8375,113.9245,113.7905,113.8835
2021-12-08 17:00:00+00:00,usdjpy,113.6625,113.8515,113.6545,113.838
2021-12-08 18:00:00+00:00,usdjpy,113.6815,113.7035,113.5975,113.663
2021-12-08 19:00:00+00:00,usdjpy,113.6675,113.6905,113.6115,113.682
2021-12-08 20:00:00+00:00,usdjpy,113.6705,113.6765,113.6195,113.667
2021-12-08 21:00:00+00:00,usdjpy,113.691,113.732,113.6605,113.6675
2021-12-08 22:00:00+00:00,usdjpy,113.7465,113.7525,113.678,113.6805
2021-12-08 23:00:00+00:00,usdjpy,113.6855,113.7485,113.6845,113.7475
2021-12-09 00:00:00+00:00,usdjpy,113.7835,113.8105,113.6865,113.6865
2021-12-09 01:00:00+00:00,usdjpy,113.7275,113.8125,113.714,113.7825
2021-12-09 02:00:00+00:00,usdjpy,113.7325,113.7745,113.7205,113.724
2021-12-09 03:00:00+00:00,usdjpy,113.6605,113.7675,113.6415,113.733
2021-12-09 04:00:00+00:00,usdjpy,113.6045,113.689,113.587,113.66
2021-12-09 05:00:00+00:00,usdjpy,113.6335,113.6695,113.6005,113.605
2021-12-09 06:00:00+00:00,usdjpy,113.6605,113.6715,113.5975,113.634
2021-12-09 07:00:00+00:00,usdjpy,113.4915,113.6625,113.462,113.661
2021-12-09 08:00:00+00:00,usdjpy,113.4505,113.4975,113.3485,113.491
2021-12-09 09:00:00+00:00,usdjpy,113.56,113.588,113.4475,113.45
2021-12-09 10:00:00+00:00,usdjpy,113.5325,113.5685,113.4715,113.5595
2021-12-09 11:00:00+00:00,usdjpy,113.501,113.5605,113.4555,113.5315
2021-12-09 12:00:00+00:00,usdjpy,113.4335,113.5525,113.3705,113.5005
2021-12-09 13:00:00+00:00,usdjpy,113.3465,113.4625,113.2745,113.434
2021-12-09 14:00:00+00:00,usdjpy,113.4995,113.5325,113.344,113.347
2021-12-09 15:00:00+00:00,usdjpy,113.4425,113.55,113.407,113.5005
2021-12-09 16:00:00+00:00,usdjpy,113.5385,113.5655,113.4095,113.4435
2021-12-09 17:00:00+00:00,usdjpy,113.545,113.565,113.5075,113.539
2021-12-09 18:00:00+00:00,usdjpy,113.4945,113.654,113.489,113.5455
2021-12-09 19:00:00+00:00,usdjpy,113.4775,113.5535,113.4475,113.494
2021-12-09 20:00:00+00:00,usdjpy,113.4465,113.477,113.3845,113.477
2021-12-09 21:00:00+00:00,usdjpy,113.483,113.4965,113.4415,113.447
2021-12-09 22:00:00+00:00,usdjpy,113.4755,113.5025,113.4265,113.4675
2021-12-09 23:00:00+00:00,usdjpy,113.4415,113.478,113.4,113.4745
2021-12-10 00:00:00+00:00,usdjpy,113.413,113.4945,113.3835,113.442
2021-12-10 01:00:00+00:00,usdjpy,113.3945,113.421,113.3345,113.4125
2021-12-10 02:00:00+00:00,usdjpy,113.4865,113.519,113.3915,113.3955
2021-12-10 03:00:00+00:00,usdjpy,113.5315,113.5755,113.4715,113.486
2021-12-10 04:00:00+00:00,usdjpy,113.5215,113.573,113.5125,113.531
2021-12-10 05:00:00+00:00,usdjpy,113.4625,113.5375,113.4285,113.5225
2021-12-10 06:00:00+00:00,usdjpy,113.5525,113.5685,113.4475,113.462
2021-12-10 07:00:00+00:00,usdjpy,113.5825,113.6245,113.5455,113.5515
2021-12-10 08:00:00+00:00,usdjpy,113.6805,113.6995,113.5585,113.583
2021-12-10 09:00:00+00:00,usdjpy,113.6765,113.683,113.61,113.6815
2021-12-10 10:00:00+00:00,usdjpy,113.7325,113.7455,113.6625,113.677
2021-12-10 11:00:00+00:00,usdjpy,113.7665,113.7955,113.725,113.733
2021-12-10 12:00:00+00:00,usdjpy,113.6895,113.769,113.6755,113.766
2021-12-10 13:00:00+00:00,usdjpy,113.5125,113.7795,113.483,113.69
2021-12-10 14:00:00+00:00,usdjpy,113.3965,113.5375,113.3555,113.5135
2021-12-10 15:00:00+00:00,usdjpy,113.4265,113.4405,113.2885,113.3975
2021-12-10 16:00:00+00:00,usdjpy,113.3695,113.4385,113.2255,113.4215
2021-12-10 17:00:00+00:00,usdjpy,113.3425,113.3705,113.2945,113.3685
2021-12-10 18:00:00+00:00,usdjpy,113.3965,113.4,113.3305,113.343
2021-12-10 19:00:00+00:00,usdjpy,113.4315,113.4665,113.3845,113.396
2021-12-10 20:00:00+00:00,usdjpy,113.4205,113.4575,113.4105,113.432
2021-12-10 21:00:00+00:00,usdjpy,113.4205,113.446,113.3765,113.421
2021-12-12 22:00:00+00:00,usdjpy,113.4315,113.4385,113.3475,113.3665
2021-12-12 23:00:00+00:00,usdjpy,113.5135,113.5205,113.4105,113.4305
2021-12-13 00:00:00+00:00,usdjpy,113.5335,113.5465,113.484,113.5145
2021-12-13 01:00:00+00:00,usdjpy,113.532,113.558,113.5005,113.533
2021-12-13 02:00:00+00:00,usdjpy,113.5525,113.5665,113.5155,113.5315
2021-12-13 03:00:00+00:00,usdjpy,113.5535,113.5725,113.5325,113.5535
2021-12-13 04:00:00+00:00,usdjpy,113.511,113.5725,113.4925,113.5545
2021-12-13 05:00:00+00:00,usdjpy,113.5015,113.5305,113.4465,113.5105
2021-12-13 06:00:00+00:00,usdjpy,113.555,113.5625,113.4945,113.501
2021-12-13 07:00:00+00:00,usdjpy,113.5465,113.5925,113.51,113.5545
2021-12-13 08:00:00+00:00,usdjpy,113.646,113.674,113.5405,113.5455
2021-12-13 09:00:00+00:00,usdjpy,113.7065,113.7265,113.645,113.6455
2021-12-13 10:00:00+00:00,usdjpy,113.6605,113.7285,113.6485,113.707
2021-12-13 11:00:00+00:00,usdjpy,113.6405,113.7085,113.6175,113.66
2021-12-13 12:00:00+00:00,usdjpy,113.6075,113.6405,113.5585,113.64
2021-12-13 13:00:00+00:00,usdjpy,113.6445,113.6815,113.5885,113.607
2021-12-13 14:00:00+00:00,usdjpy,113.5195,113.6545,113.5055,113.6455
2021-12-13 15:00:00+00:00,usdjpy,113.5775,113.5985,113.4525,113.519
2021-12-13 16:00:00+00:00,usdjpy,113.4315,113.591,113.3715,113.5705
2021-12-13 17:00:00+00:00,usdjpy,113.4695,113.472,113.3925,113.4305
2021-12-13 18:00:00+00:00,usdjpy,113.465,113.485,113.4185,113.4705
2021-12-13 19:00:00+00:00,usdjpy,113.5285,113.5355,113.4645,113.4645
2021-12-13 20:00:00+00:00,usdjpy,113.5995,113.6075,113.496,113.5275
2021-12-13 21:00:00+00:00,usdjpy,113.578,113.6055,113.5475,113.6005
2021-12-13 22:00:00+00:00,usdjpy,113.5745,113.5975,113.563,113.5655
2021-12-13 23:00:00+00:00,usdjpy,113.58,113.5985,113.5665,113.574
2021-12-14 00:00:00+00:00,usdjpy,113.6325,113.6665,113.5285,113.5795
2021-12-14 01:00:00+00:00,usdjpy,113.6195,113.6675,113.5885,113.6335
2021-12-14 02:00:00+00:00,usdjpy,113.6465,113.6485,113.6025,113.619
2021-12-14 03:00:00+00:00,usdjpy,113.6045,113.6485,113.4725,113.646
2021-12-14 04:00:00+00:00,usdjpy,113.5905,113.624,113.5665,113.6055
2021-12-14 05:00:00+00:00,usdjpy,113.593,113.6065,113.5515,113.59
2021-12-14 06:00:00+00:00,usdjpy,113.6325,113.659,113.5435,113.5935
2021-12-14 07:00:00+00:00,usdjpy,113.713,113.7455,113.6035,113.6315
2021-12-14 08:00:00+00:00,usdjpy,113.6685,113.7565,113.6505,113.7135
2021-12-14 09:00:00+00:00,usdjpy,113.603,113.7425,113.5235,113.669
2021-12-14 10:00:00+00:00,usdjpy,113.5705,113.617,113.515,113.6035
2021-12-14 11:00:00+00:00,usdjpy,113.5365,113.5995,113.4755,113.57
2021-12-14 12:00:00+00:00,usdjpy,113.5455,113.6035,113.5265,113.537
2021-12-14 13:00:00+00:00,usdjpy,113.5575,113.589,113.4295,113.545
2021-12-14 14:00:00+00:00,usdjpy,113.653,113.7165,113.5445,113.5565
2021-12-14 15:00:00+00:00,usdjpy,113.7245,113.7425,113.652,113.6525
2021-12-14 16:00:00+00:00,usdjpy,113.6385,113.7335,113.6345,113.7245
2021-12-14 17:00:00+00:00,usdjpy,113.6635,113.7065,113.607,113.638
2021-12-14 18:00:00+00:00,usdjpy,113.7245,113.7305,113.6625,113.664
2021-12-14 19:00:00+00:00,usdjpy,113.7455,113.754,113.7125,113.725
2021-12-14 20:00:00+00:00,usdjpy,113.7445,113.76,113.729,113.7465
2021-12-14 21:00:00+00:00,usdjpy,113.7305,113.7565,113.7275,113.744
2021-12-14 22:00:00+00:00,usdjpy,113.746,113.7575,113.707,113.7265
2021-12-14 23:00:00+00:00,usdjpy,113.7435,113.7555,113.7145,113.7465
2021-12-15 00:00:00+00:00,usdjpy,113.7575,113.8005,113.7395,113.7425
2021-12-15 01:00:00+00:00,usdjpy,113.731,113.757,113.6795,113.757
2021-12-15 02:00:00+00:00,usdjpy,113.7275,113.7475,113.6855,113.7305
2021-12-15 03:00:00+00:00,usdjpy,113.7755,113.7765,113.713,113.7265
2021-12-15 04:00:00+00:00,usdjpy,113.7685,113.7745,113.7335,113.7745
2021-12-15 05:00:00+00:00,usdjpy,113.7285,113.7725,113.7145,113.7725
2021-12-15 06:00:00+00:00,usdjpy,113.6715,113.745,113.6305,113.728
2021-12-15 07:00:00+00:00,usdjpy,113.7255,113.7445,113.647,113.6705
2021-12-15 08:00:00+00:00,usdjpy,113.6985,113.7575,113.6545,113.7245
2021-12-15 09:00:00+00:00,usdjpy,113.7445,113.7505,113.6665,113.698
2021-12-15 10:00:00+00:00,usdjpy,113.8255,113.8325,113.7235,113.744
2021-12-15 11:00:00+00:00,usdjpy,113.8005,113.8395,113.7835,113.826
2021-12-15 12:00:00+00:00,usdjpy,113.8845,113.8855,113.7705,113.8015
2021-12-15 13:00:00+00:00,usdjpy,113.8425,113.898,113.7985,113.8835
2021-12-15 14:00:00+00:00,usdjpy,113.7885,113.9005,113.7505,113.8415
2021-12-15 15:00:00+00:00,usdjpy,113.8425,113.8855,113.7705,113.7875
2021-12-15 16:00:00+00:00,usdjpy,113.8345,113.8385,113.7715,113.835
2021-12-15 17:00:00+00:00,usdjpy,113.9095,113.916,113.8235,113.8335
2021-12-15 18:00:00+00:00,usdjpy,113.9105,113.9885,113.8845,113.91
2021-12-15 19:00:00+00:00,usdjpy,114.0165,114.2685,113.914,113.914
2021-12-15 20:00:00+00:00,usdjpy,114.0485,114.1225,113.9535,114.0215
2021-12-15 21:00:00+00:00,usdjpy,114.0555,114.0705,114.0145,114.048
2021-12-15 22:00:00+00:00,usdjpy,114.0445,114.085,114.01,114.0465
2021-12-15 23:00:00+00:00,usdjpy,114.1455,114.183,114.0415,114.0435
2021-12-16 00:00:00+00:00,usdjpy,114.1705,114.2495,114.142,114.1445
2021-12-16 01:00:00+00:00,usdjpy,114.1015,114.17,114.0385,114.17
2021-12-16 02:00:00+00:00,usdjpy,114.127,114.1325,114.0735,114.1005
2021-12-16 03:00:00+00:00,usdjpy,114.1335,114.1455,114.1055,114.1265
2021-12-16 04:00:00+00:00,usdjpy,114.0755,114.1635,114.04,114.134
2021-12-16 05:00:00+00:00,usdjpy,114.153,114.1655,114.0725,114.075
2021-12-16 06:00:00+00:00,usdjpy,114.1655,114.2165,114.1485,114.1525
2021-12-16 07:00:00+00:00,usdjpy,114.118,114.1855,114.102,114.1665
2021-12-16 08:00:00+00:00,usdjpy,114.092,114.1565,114.0895,114.1175
2021-12-16 09:00:00+00:00,usdjpy,114.1475,114.1555,114.0555,114.0925
2021-12-16 10:00:00+00:00,usdjpy,114.1685,114.1705,114.1225,114.1465
2021-12-16 11:00:00+00:00,usdjpy,114.1795,114.1975,114.1415,114.1675
2021-12-16 12:00:00+00:00,usdjpy,114.168,114.1995,114.1095,114.1805
2021-12-16 13:00:00+00:00,usdjpy,114.1245,114.1935,114.0825,114.1685
2021-12-16 14:00:00+00:00,usdjpy,113.6755,114.124,113.656,114.124
2021-12-16 15:00:00+00:00,usdjpy,113.7485,113.7785,113.5615,113.6735
2021-12-16 16:00:00+00:00,usdjpy,113.6775,113.7585,113.5985,113.7515
2021-12-16 17:00:00+00:00,usdjpy,113.6365,113.6945,113.611,113.6765
2021-12-16 18:00:00+00:00,usdjpy,113.6845,113.708,113.6005,113.6375
2021-12-16 19:00:00+00:00,usdjpy,113.6025,113.6915,113.5875,113.685
2021-12-16 20:00:00+00:00,usdjpy,113.6415,113.6635,113.5755,113.6015
2021-12-16 21:00:00+00:00,usdjpy,113.662,113.7405,113.6425,113.6425
2021-12-16 22:00:00+00:00,usdjpy,113.7155,113.7325,113.6695,113.6915
2021-12-16 23:00:00+00:00,usdjpy,113.668,113.717,113.6575,113.715
2021-12-17 00:00:00+00:00,usdjpy,113.8175,113.8595,113.666,113.6685
2021-12-17 01:00:00+00:00,usdjpy,113.679,113.8305,113.6085,113.817
2021-12-17 02:00:00+00:00,usdjpy,113.6165,113.7275,113.5955,113.6795
2021-12-17 03:00:00+00:00,usdjpy,113.5275,113.6575,113.4725,113.6155
2021-12-17 04:00:00+00:00,usdjpy,113.5955,113.6085,113.4445,113.527
2021-12-17 05:00:00+00:00,usdjpy,113.5785,113.6115,113.508,113.5975
2021-12-17 06:00:00+00:00,usdjpy,113.5465,113.6005,113.4925,113.579
2021-12-17 07:00:00+00:00,usdjpy,113.6685,113.6775,113.5345,113.5475
2021-12-17 08:00:00+00:00,usdjpy,113.5625,113.7005,113.5475,113.668
2021-12-17 09:00:00+00:00,usdjpy,113.5875,113.6025,113.488,113.5615
2021-12-17 10:00:00+00:00,usdjpy,113.5115,113.6035,113.4985,113.588
2021-12-17 11:00:00+00:00,usdjpy,113.478,113.5445,113.42,113.512
2021-12-17 12:00:00+00:00,usdjpy,113.2385,113.4945,113.205,113.4775
2021-12-17 13:00:00+00:00,usdjpy,113.3375,113.3845,113.1415,113.2375
2021-12-17 14:00:00+00:00,usdjpy,113.3665,113.4095,113.2845,113.3365
2021-12-17 15:00:00+00:00,usdjpy,113.6365,113.6485,113.335,113.366
2021-12-17 16:00:00+00:00,usdjpy,113.5655,113.65,113.5355,113.6375
2021-12-17 17:00:00+00:00,usdjpy,113.6415,113.6445,113.558,113.5645
2021-12-17 18:00:00+00:00,usdjpy,113.7345,113.7605,113.601,113.6425
2021-12-17 19:00:00+00:00,usdjpy,113.7,113.7415,113.6735,113.7335
2021-12-17 20:00:00+00:00,usdjpy,113.7445,113.7495,113.6805,113.7005
2021-12-17 21:00:00+00:00,usdjpy,113.6945,113.7665,113.6945,113.7435
2021-12-19 22:00:00+00:00,usdjpy,113.6955,113.7295,113.6475,113.6555
2021-12-19 23:00:00+00:00,usdjpy,113.5205,113.7015,113.5145,113.6945
2021-12-20 00:00:00+00:00,usdjpy,113.5815,113.6335,113.503,113.5195
2021-12-20 01:00:00+00:00,usdjpy,113.5255,113.7085,113.5165,113.582
2021-12-20 02:00:00+00:00,usdjpy,113.5955,113.6045,113.4665,113.526
2021-12-20 03:00:00+00:00,usdjpy,113.5135,113.6045,113.4765,113.595
2021-12-20 04:00:00+00:00,usdjpy,113.5235,113.5425,113.4845,113.5125
2021-12-20 05:00:00+00:00,usdjpy,113.4545,113.522,113.4135,113.522
2021-12-20 06:00:00+00:00,usdjpy,113.4315,113.4895,113.4295,113.4555
2021-12-20 07:00:00+00:00,usdjpy,113.4575,113.4685,113.3445,113.432
2021-12-20 08:00:00+00:00,usdjpy,113.4175,113.55,113.4025,113.457
2021-12-20 09:00:00+00:00,usdjpy,113.4995,113.5475,113.3675,113.4165
2021-12-20 10:00:00+00:00,usdjpy,113.6085,113.642,113.4985,113.4985
2021-12-20 11:00:00+00:00,usdjpy,113.6855,113.6935,113.5525,113.6095
2021-12-20 12:00:00+00:00,usdjpy,113.5215,113.6925,113.5005,113.6865
2021-12-20 13:00:00+00:00,usdjpy,113.5295,113.6195,113.4975,113.522
2021-12-20 14:00:00+00:00,usdjpy,113.5135,113.579,113.4065,113.53
2021-12-20 15:00:00+00:00,usdjpy,113.4085,113.5285,113.3785,113.514
2021-12-20 16:00:00+00:00,usdjpy,113.4585,113.4645,113.3285,113.409
2021-12-20 17:00:00+00:00,usdjpy,113.5225,113.5635,113.4555,113.458
2021-12-20 18:00:00+00:00,usdjpy,113.648,113.652,113.5135,113.523
2021-12-20 19:00:00+00:00,usdjpy,113.7145,113.719,113.634,113.6475
2021-12-20 20:00:00+00:00,usdjpy,113.6655,113.7325,113.6625,113.714
2021-12-20 21:00:00+00:00,usdjpy,113.6245,113.6745,113.6165,113.6665
2021-12-20 22:00:00+00:00,usdjpy,113.6325,113.6625,113.5925,113.6305
2021-12-20 23:00:00+00:00,usdjpy,113.666,113.6815,113.6225,113.632
2021-12-21 00:00:00+00:00,usdjpy,113.6175,113.677,113.611,113.6665
2021-12-21 01:00:00+00:00,usdjpy,113.6695,113.7095,113.5545,113.6165
2021-12-21 02:00:00+00:00,usdjpy,113.6535,113.7045,113.6335,113.6685
2021-12-21 03:00:00+00:00,usdjpy,113.6645,113.6985,113.642,113.653
2021-12-21 04:00:00+00:00,usdjpy,113.6805,113.6905,113.634,113.6635
2021-12-21 05:00:00+00:00,usdjpy,113.7295,113.7485,113.668,113.6815
2021-12-21 06:00:00+00:00,usdjpy,113.7435,113.7765,113.7235,113.7305
2021-12-21 07:00:00+00:00,usdjpy,113.6665,113.7755,113.6275,113.743
2021-12-21 08:00:00+00:00,usdjpy,113.6135,113.6905,113.5565,113.666
2021-12-21 09:00:00+00:00,usdjpy,113.6405,113.6765,113.5895,113.613
2021-12-21 10:00:00+00:00,usdjpy,113.7055,113.7265,113.6215,113.64
2021-12-21 11:00:00+00:00,usdjpy,113.6975,113.7235,113.68,113.7065
2021-12-21 12:00:00+00:00,usdjpy,113.7105,113.7545,113.69,113.6985
2021-12-21 13:00:00+00:00,usdjpy,113.7675,113.7805,113.6665,113.7095
2021-12-21 14:00:00+00:00,usdjpy,113.864,113.8945,113.7665,113.7665
2021-12-21 15:00:00+00:00,usdjpy,114.0855,114.0935,113.864,113.8645
2021-12-21 16:00:00+00:00,usdjpy,114.1345,114.1715,114.0715,114.085
2021-12-21 17:00:00+00:00,usdjpy,114.2105,114.2225,114.1185,114.136
2021-12-21 18:00:00+00:00,usdjpy,114.1585,114.2095,114.1325,114.2095
2021-12-21 19:00:00+00:00,usdjpy,114.1085,114.1655,114.1075,114.158
2021-12-21 20:00:00+00:00,usdjpy,114.0895,114.1165,114.0755,114.108
2021-12-21 21:00:00+00:00,usdjpy,114.087,114.1185,114.0805,114.0905
2021-12-21 22:00:00+00:00,usdjpy,114.0815,114.1305,114.0645,114.119
2021-12-21 23:00:00+00:00,usdjpy,113.9955,114.0875,113.9515,114.0805
2021-12-22 00:00:00+00:00,usdjpy,114.1475,114.1755,113.9955,113.9975
2021-12-22 01:00:00+00:00,usdjpy,114.1095,114.178,114.07,114.147
2021-12-22 02:00:00+00:00,usdjpy,114.076,114.1305,114.0405,114.11
2021-12-22 03:00:00+00:00,usdjpy,114.1165,114.1205,114.0635,114.0755
2021-12-22 04:00:00+00:00,usdjpy,114.1385,114.1475,114.0845,114.117
2021-12-22 05:00:00+00:00,usdjpy,114.1275,114.154,114.0895,114.1375
2021-12-22 06:00:00+00:00,usdjpy,114.1655,114.1665,114.1205,114.1285
2021-12-22 07:00:00+00:00,usdjpy,114.1545,114.1955,114.1295,114.1645
2021-12-22 08:00:00+00:00,usdjpy,114.2985,114.3205,114.1475,114.155
2021-12-22 09:00:00+00:00,usdjpy,114.2955,114.3185,114.261,114.299
2021-12-22 10:00:00+00:00,usdjpy,114.2825,114.3365,114.2465,114.295
2021-12-22 11:00:00+00:00,usdjpy,114.2245,114.296,114.1965,114.283
2021-12-22 12:00:00+00:00,usdjpy,114.2245,114.2665,114.1665,114.225
2021-12-22 13:00:00+00:00,usdjpy,114.1815,114.2495,114.177,114.2255
2021-12-22 14:00:00+00:00,usdjpy,114.217,114.2905,114.1245,114.182
2021-12-22 15:00:00+00:00,usdjpy,114.3145,114.3715,114.2165,114.2165
2021-12-22 16:00:00+00:00,usdjpy,114.2235,114.3225,114.1565,114.314
2021-12-22 17:00:00+00:00,usdjpy,114.2135,114.246,114.1955,114.225
2021-12-22 18:00:00+00:00,usdjpy,114.2055,114.251,114.1965,114.214
2021-12-22 19:00:00+00:00,usdjpy,114.175,114.2095,114.1685,114.205
2021-12-22 20:00:00+00:00,usdjpy,114.082,114.1765,114.0785,114.1755
2021-12-22 21:00:00+00:00,usdjpy,114.1085,114.129,114.0825,114.0825
2021-12-22 22:00:00+00:00,usdjpy,114.1185,114.1345,114.0785,114.0955
2021-12-22 23:00:00+00:00,usdjpy,114.1285,114.1495,114.098,114.1175
2021-12-23 00:00:00+00:00,usdjpy,114.1825,114.2125,114.1125,114.129
2021-12-23 01:00:00+00:00,usdjpy,114.1205,114.1855,114.1205,114.182
2021-12-23 02:00:00+00:00,usdjpy,114.1345,114.1635,114.1165,114.1195
2021-12-23 03:00:00+00:00,usdjpy,114.1275,114.14,114.107,114.1335
2021-12-23 04:00:00+00:00,usdjpy,114.1455,114.1485,114.1135,114.1265
2021-12-23 05:00:00+00:00,usdjpy,114.1785,114.1805,114.1445,114.1465
2021-12-23 06:00:00+00:00,usdjpy,114.2325,114.2675,114.1625,114.179
2021-12-23 07:00:00+00:00,usdjpy,114.252,114.2885,114.1905,114.232
2021-12-23 08:00:00+00:00,usdjpy,114.3275,114.3425,114.25,114.2525
2021-12-23 09:00:00+00:00,usdjpy,114.308,114.3305,114.2715,114.327
2021-12-23 10:00:00+00:00,usdjpy,114.3065,114.3355,114.2895,114.3075
2021-12-23 11:00:00+00:00,usdjpy,114.2945,114.3145,114.2505,114.307
2021-12-23 12:00:00+00:00,usdjpy,114.362,114.3955,114.29,114.295
2021-12-23 13:00:00+00:00,usdjpy,114.3035,114.4175,114.2855,114.3625
2021-12-23 14:00:00+00:00,usdjpy,114.3705,114.4355,114.2425,114.3045
2021-12-23 15:00:00+00:00,usdjpy,114.3995,114.4515,114.3455,114.37
2021-12-23 16:00:00+00:00,usdjpy,114.4175,114.4375,114.3395,114.4005
2021-12-23 17:00:00+00:00,usdjpy,114.4185,114.4495,114.4035,114.4165
2021-12-23 18:00:00+00:00,usdjpy,114.4485,114.4685,114.4155,114.4175
2021-12-23 19:00:00+00:00,usdjpy,114.4475,114.4595,114.4405,114.448
2021-12-23 20:00:00+00:00,usdjpy,114.3895,114.4485,114.3855,114.447
2021-12-23 21:00:00+00:00,usdjpy,114.3965,114.4285,114.3885,114.39
2021-12-23 22:00:00+00:00,usdjpy,114.4335,114.4495,114.3895,114.3935
2021-12-23 23:00:00+00:00,usdjpy,114.4655,114.4775,114.434,114.4345
2021-12-24 00:00:00+00:00,usdjpy,114.3675,114.5155,114.3625,114.466
2021-12-24 01:00:00+00:00,usdjpy,114.3545,114.4235,114.3505,114.3665
2021-12-24 02:00:00+00:00,usdjpy,114.3825,114.395,114.3415,114.3535
2021-12-24 03:00:00+00:00,usdjpy,114.33,114.3905,114.3235,114.382
2021-12-24 04:00:00+00:00,usdjpy,114.3205,114.342,114.3055,114.3295
2021-12-24 05:00:00+00:00,usdjpy,114.3945,114.4495,114.316,114.3215
2021-12-24 06:00:00+00:00,usdjpy,114.3905,114.4165,114.381,114.3935
2021-12-24 07:00:00+00:00,usdjpy,114.3655,114.3965,114.3435,114.391
2021-12-24 08:00:00+00:00,usdjpy,114.387,114.3965,114.36,114.366
2021-12-24 09:00:00+00:00,usdjpy,114.4015,114.4105,114.3775,114.3865
2021-12-24 10:00:00+00:00,usdjpy,114.3715,114.4025,114.341,114.4025
2021-12-24 11:00:00+00:00,usdjpy,114.3845,114.3935,114.3485,114.3725
2021-12-24 12:00:00+00:00,usdjpy,114.395,114.4035,114.3705,114.3845
2021-12-24 13:00:00+00:00,usdjpy,114.3705,114.399,114.3575,114.3955
2021-12-24 14:00:00+00:00,usdjpy,114.366,114.3875,114.348,114.371
2021-12-24 15:00:00+00:00,usdjpy,114.386,114.3935,114.3475,114.3695
2021-12-24 16:00:00+00:00,usdjpy,114.3665,114.3875,114.3565,114.3865
2021-12-24 17:00:00+00:00,usdjpy,114.3525,114.372,114.3455,114.367
2021-12-24 18:00:00+00:00,usdjpy,114.3505,114.367,114.3385,114.3535
2021-12-24 19:00:00+00:00,usdjpy,114.3605,114.3625,114.3465,114.35
2021-12-24 20:00:00+00:00,usdjpy,114.3735,114.3735,114.3555,114.3595
2021-12-24 21:00:00+00:00,usdjpy,114.3885,114.4445,114.3525,114.374
2021-12-26 22:00:00+00:00,usdjpy,114.3745,114.399,114.343,114.3575
2021-12-26 23:00:00+00:00,usdjpy,114.3415,114.4045,114.313,114.3735
2021-12-27 00:00:00+00:00,usdjpy,114.4145,114.426,114.3215,114.3455
2021-12-27 01:00:00+00:00,usdjpy,114.4045,114.4155,114.3495,114.415
2021-12-27 02:00:00+00:00,usdjpy,114.404,114.4315,114.3895,114.4055
2021-12-27 03:00:00+00:00,usdjpy,114.4275,114.4325,114.3795,114.4045
2021-12-27 04:00:00+00:00,usdjpy,114.4585,114.4745,114.4035,114.427
2021-12-27 05:00:00+00:00,usdjpy,114.43,114.47,114.4295,114.459
2021-12-27 06:00:00+00:00,usdjpy,114.4725,114.4865,114.4095,114.4305
2021-12-27 07:00:00+00:00,usdjpy,114.4675,114.4905,114.452,114.4715
2021-12-27 08:00:00+00:00,usdjpy,114.631,114.6545,114.465,114.468
2021-12-27 09:00:00+00:00,usdjpy,114.671,114.6985,114.6075,114.6305
2021-12-27 10:00:00+00:00,usdjpy,114.6785,114.6805,114.6115,114.6715
2021-12-27 11:00:00+00:00,usdjpy,114.6655,114.6875,114.6295,114.679
2021-12-27 12:00:00+00:00,usdjpy,114.7305,114.7455,114.6645,114.6665
2021-12-27 13:00:00+00:00,usdjpy,114.7435,114.7525,114.7175,114.7315
2021-12-27 14:00:00+00:00,usdjpy,114.729,114.7805,114.6835,114.743
2021-12-27 15:00:00+00:00,usdjpy,114.8855,114.8965,114.722,114.7295
2021-12-27 16:00:00+00:00,usdjpy,114.8515,114.9125,114.8285,114.8855
2021-12-27 17:00:00+00:00,usdjpy,114.8945,114.9145,114.8475,114.852
2021-12-27 18:00:00+00:00,usdjpy,114.9035,114.916,114.8625,114.8955
2021-12-27 19:00:00+00:00,usdjpy,114.9095,114.9135,114.8885,114.9025
2021-12-27 20:00:00+00:00,usdjpy,114.8825,114.9115,114.8695,114.9105
2021-12-27 21:00:00+00:00,usdjpy,114.8825,114.9125,114.8645,114.8835
2021-12-27 22:00:00+00:00,usdjpy,114.8815,114.905,114.862,114.8745
2021-12-27 23:00:00+00:00,usdjpy,114.7945,114.896,114.7905,114.881
2021-12-28 00:00:00+00:00,usdjpy,114.9035,114.9505,114.7625,114.794
2021-12-28 01:00:00+00:00,usdjpy,114.8835,114.9045,114.84,114.8905
2021-12-28 02:00:00+00:00,usdjpy,114.8585,114.9005,114.8505,114.883
2021-12-28 03:00:00+00:00,usdjpy,114.8955,114.9285,114.857,114.8575
2021-12-28 04:00:00+00:00,usdjpy,114.8585,114.8945,114.8405,114.8945
2021-12-28 05:00:00+00:00,usdjpy,114.8765,114.8885,114.8085,114.858
2021-12-28 06:00:00+00:00,usdjpy,114.91,114.9105,114.86,114.877
2021-12-28 07:00:00+00:00,usdjpy,114.8475,114.9115,114.8325,114.9105
2021-12-28 08:00:00+00:00,usdjpy,114.811,114.8705,114.8035,114.847
2021-12-28 09:00:00+00:00,usdjpy,114.7875,114.8255,114.7475,114.8115
2021-12-28 10:00:00+00:00,usdjpy,114.8275,114.8355,114.7585,114.788
2021-12-28 11:00:00+00:00,usdjpy,114.8475,114.8825,114.8135,114.827
2021-12-28 12:00:00+00:00,usdjpy,114.8615,114.8975,114.8475,114.848
2021-12-28 13:00:00+00:00,usdjpy,114.7275,114.885,114.7125,114.8605
2021-12-28 14:00:00+00:00,usdjpy,114.8105,114.8765,114.7075,114.727
2021-12-28 15:00:00+00:00,usdjpy,114.7685,114.8635,114.7515,114.811
2021-12-28 16:00:00+00:00,usdjpy,114.7585,114.7685,114.7085,114.7675
2021-12-28 17:00:00+00:00,usdjpy,114.7525,114.7635,114.7155,114.7575
2021-12-28 18:00:00+00:00,usdjpy,114.8075,114.8295,114.7525,114.7535
2021-12-28 19:00:00+00:00,usdjpy,114.829,114.841,114.7855,114.808
2021-12-28 20:00:00+00:00,usdjpy,114.8175,114.8315,114.8045,114.8285
2021-12-28 21:00:00+00:00,usdjpy,114.8215,114.8305,114.8025,114.818
2021-12-28 22:00:00+00:00,usdjpy,114.8115,114.8185,114.8045,114.817
2021-12-28 23:00:00+00:00,usdjpy,114.7715,114.8165,114.7435,114.811
2021-12-29 00:00:00+00:00,usdjpy,114.844,114.8605,114.7685,114.7695
2021-12-29 01:00:00+00:00,usdjpy,114.798,114.839,114.7655,114.8255
2021-12-29 02:00:00+00:00,usdjpy,114.8165,114.8215,114.7485,114.7985
2021-12-29 03:00:00+00:00,usdjpy,114.832,114.8485,114.788,114.816
2021-12-29 04:00:00+00:00,usdjpy,114.8465,114.85,114.8225,114.8315
2021-12-29 05:00:00+00:00,usdjpy,114.8735,114.8895,114.8415,114.8475
2021-12-29 06:00:00+00:00,usdjpy,114.9225,114.927,114.871,114.8745
2021-12-29 07:00:00+00:00,usdjpy,114.8875,114.93,114.879,114.923
2021-12-29 08:00:00+00:00,usdjpy,114.992,114.9945,114.8865,114.8865
2021-12-29 09:00:00+00:00,usdjpy,115.0005,115.0095,114.9665,114.9915
2021-12-29 10:00:00+00:00,usdjpy,114.9985,115.0285,114.9855,115.0
2021-12-29 11:00:00+00:00,usdjpy,114.8825,115.0395,114.8325,114.998
2021-12-29 12:00:00+00:00,usdjpy,114.9475,114.9585,114.8615,114.8835
2021-12-29 13:00:00+00:00,usdjpy,114.9505,115.0195,114.8725,114.9465
2021-12-29 14:00:00+00:00,usdjpy,114.813,114.9605,114.7105,114.95
2021-12-29 15:00:00+00:00,usdjpy,114.9395,114.9525,114.6695,114.8135
2021-12-29 16:00:00+00:00,usdjpy,114.979,114.9865,114.8925,114.94
2021-12-29 17:00:00+00:00,usdjpy,114.9615,114.9795,114.905,114.9795
2021-12-29 18:00:00+00:00,usdjpy,114.9655,115.0045,114.9455,114.9605
2021-12-29 19:00:00+00:00,usdjpy,114.956,115.0055,114.9505,114.966
2021-12-29 20:00:00+00:00,usdjpy,114.9755,114.9845,114.9295,114.9555
2021-12-29 21:00:00+00:00,usdjpy,114.9635,115.0005,114.9625,114.976
2021-12-29 22:00:00+00:00,usdjpy,114.9905,114.9915,114.9315,114.957
2021-12-29 23:00:00+00:00,usdjpy,114.9505,114.9895,114.9435,114.9885
2021-12-30 00:00:00+00:00,usdjpy,114.9955,115.0035,114.947,114.95
2021-12-30 01:00:00+00:00,usdjpy,115.0325,115.0625,114.987,114.996
2021-12-30 02:00:00+00:00,usdjpy,115.034,115.0485,115.0065,115.0335
2021-12-30 03:00:00+00:00,usdjpy,115.0505,115.0505,114.983,115.0335
2021-12-30 04:00:00+00:00,usdjpy,115.043,115.0565,115.0295,115.05
2021-12-30 05:00:00+00:00,usdjpy,115.1165,115.1265,115.0435,115.0435
2021-12-30 06:00:00+00:00,usdjpy,115.1855,115.2265,115.0925,115.116
2021-12-30 07:00:00+00:00,usdjpy,115.1205,115.2095,115.1095,115.186
2021-12-30 08:00:00+00:00,usdjpy,115.1655,115.2025,115.117,115.12
2021-12-30 09:00:00+00:00,usdjpy,115.1685,115.1975,115.1285,115.1665
2021-12-30 10:00:00+00:00,usdjpy,115.1335,115.1735,115.1315,115.169
2021-12-30 11:00:00+00:00,usdjpy,115.1105,115.1605,115.0985,115.1345
2021-12-30 12:00:00+00:00,usdjpy,115.0335,115.1485,115.0215,115.114
2021-12-30 13:00:00+00:00,usdjpy,115.1795,115.1905,115.0315,115.033
2021-12-30 14:00:00+00:00,usdjpy,115.084,115.1965,115.0565,115.179
2021-12-30 15:00:00+00:00,usdjpy,115.1505,115.1885,115.0595,115.0835
2021-12-30 16:00:00+00:00,usdjpy,115.1805,115.1975,115.1155,115.1515
2021-12-30 17:00:00+00:00,usdjpy,115.1825,115.202,115.155,115.18
2021-12-30 18:00:00+00:00,usdjpy,115.1495,115.1815,115.1495,115.1815
2021-12-30 19:00:00+00:00,usdjpy,115.066,115.1595,115.0645,115.15
2021-12-30 20:00:00+00:00,usdjpy,115.077,115.0885,115.0375,115.0655
2021-12-30 21:00:00+00:00,usdjpy,115.0555,115.0855,115.0375,115.0775
2021-12-30 22:00:00+00:00,usdjpy,115.0705,115.0825,115.0395,115.0755
2021-12-30 23:00:00+00:00,usdjpy,115.0675,115.086,115.044,115.0715
2021-12-31 00:00:00+00:00,usdjpy,115.0585,115.077,115.0325,115.0665
2021-12-31 01:00:00+00:00,usdjpy,115.0625,115.0685,115.0255,115.0595
2021-12-31 02:00:00+00:00,usdjpy,115.0715,115.099,115.0515,115.062
2021-12-31 03:00:00+00:00,usdjpy,115.0905,115.1065,115.0585,115.072
2021-12-31 04:00:00+00:00,usdjpy,115.0935,115.1065,115.0805,115.0915
2021-12-31 05:00:00+00:00,usdjpy,115.0975,115.1115,115.0845,115.094
2021-12-31 06:00:00+00:00,usdjpy,115.1195,115.1325,115.098,115.098
2021-12-31 07:00:00+00:00,usdjpy,115.1515,115.1595,115.108,115.119
2021-12-31 08:00:00+00:00,usdjpy,115.0925,115.159,115.0795,115.151
2021-12-31 09:00:00+00:00,usdjpy,115.1185,115.1265,115.0065,115.0935
2021-12-31 10:00:00+00:00,usdjpy,115.1135,115.1265,115.0845,115.1175
2021-12-31 11:00:00+00:00,usdjpy,115.1295,115.1385,115.0835,115.113
2021-12-31 12:00:00+00:00,usdjpy,115.145,115.158,115.0855,115.1305
2021-12-31 13:00:00+00:00,usdjpy,115.1075,115.1565,115.0855,115.1455
2021-12-31 14:00:00+00:00,usdjpy,115.0875,115.1295,115.0215,115.108
2021-12-31 15:00:00+00:00,usdjpy,115.1575,115.1575,115.0135,115.087
2021-12-31 16:00:00+00:00,usdjpy,115.096,115.198,115.095,115.157
2021-12-31 17:00:00+00:00,usdjpy,115.0275,115.1115,115.0205,115.0955
2021-12-31 18:00:00+00:00,usdjpy,115.0585,115.1065,115.0235,115.027
2021-12-31 19:00:00+00:00,usdjpy,115.0855,115.0995,115.0375,115.058
2021-12-31 20:00:00+00:00,usdjpy,115.0985,115.1165,115.038,115.085
2021-12-31 21:00:00+00:00,usdjpy,115.0985,115.1245,115.0515,115.097
2022-01-02 22:00:00+00:00,usdjpy,115.1135,115.1465,115.0615,115.1025
2022-01-02 23:00:00+00:00,usdjpy,115.1445,115.158,115.0995,115.1125
2022-01-03 00:00:00+00:00,usdjpy,115.2825,115.294,115.1245,115.144
2022-01-03 01:00:00+00:00,usdjpy,115.2155,115.282,115.185,115.2815
2022-01-03 02:00:00+00:00,usdjpy,115.2785,115.28,115.2085,115.216
2022-01-03 03:00:00+00:00,usdjpy,115.2795,115.3045,115.2515,115.278
2022-01-03 04:00:00+00:00,usdjpy,115.272,115.307,115.2695,115.279
2022-01-03 05:00:00+00:00,usdjpy,115.3105,115.3165,115.2725,115.2725
2022-01-03 06:00:00+00:00,usdjpy,115.3375,115.3645,115.3105,115.3115
2022-01-03 07:00:00+00:00,usdjpy,115.2925,115.3445,115.2685,115.3365
2022-01-03 08:00:00+00:00,usdjpy,115.2605,115.3085,115.2405,115.2915
2022-01-03 09:00:00+00:00,usdjpy,115.1775,115.2735,115.1505,115.2615
2022-01-03 10:00:00+00:00,usdjpy,115.0815,115.1775,115.0615,115.177
2022-01-03 11:00:00+00:00,usdjpy,115.068,115.0955,114.9955,115.081
2022-01-03 12:00:00+00:00,usdjpy,115.0675,115.145,115.0515,115.0675
2022-01-03 13:00:00+00:00,usdjpy,115.1505,115.1675,114.9495,115.068
2022-01-03 14:00:00+00:00,usdjpy,115.3065,115.3365,115.1395,115.151
2022-01-03 15:00:00+00:00,usdjpy,115.2945,115.3695,115.2625,115.306
2022-01-03 16:00:00+00:00,usdjpy,115.2675,115.339,115.2435,115.2925
2022-01-03 17:00:00+00:00,usdjpy,115.3185,115.3395,115.2585,115.2665
2022-01-03 18:00:00+00:00,usdjpy,115.2795,115.3245,115.269,115.319
2022-01-03 19:00:00+00:00,usdjpy,115.3365,115.3365,115.2625,115.2785
2022-01-03 20:00:00+00:00,usdjpy,115.3455,115.3505,115.2655,115.336
2022-01-03 21:00:00+00:00,usdjpy,115.3305,115.358,115.3255,115.3465
2022-01-03 22:00:00+00:00,usdjpy,115.3345,115.3635,115.3055,115.3215
2022-01-03 23:00:00+00:00,usdjpy,115.3335,115.3595,115.2945,115.3335
2022-01-04 00:00:00+00:00,usdjpy,115.387,115.4355,115.2935,115.3345
2022-01-04 01:00:00+00:00,usdjpy,115.42,115.4835,115.3435,115.3865
2022-01-04 02:00:00+00:00,usdjpy,115.5985,115.6295,115.4055,115.4195
2022-01-04 03:00:00+00:00,usdjpy,115.7115,115.8175,115.5625,115.598
2022-01-04 04:00:00+00:00,usdjpy,115.7915,115.8145,115.707,115.712
2022-01-04 05:00:00+00:00,usdjpy,115.7515,115.8035,115.7465,115.7905
2022-01-04 06:00:00+00:00,usdjpy,115.805,115.8055,115.7095,115.7505
2022-01-04 07:00:00+00:00,usdjpy,115.7395,115.8045,115.6565,115.8045
2022-01-04 08:00:00+00:00,usdjpy,115.8435,115.8555,115.7145,115.739
2022-01-04 09:00:00+00:00,usdjpy,115.8315,115.8905,115.7955,115.844
2022-01-04 10:00:00+00:00,usdjpy,115.8965,115.8985,115.812,115.831
2022-01-04 11:00:00+00:00,usdjpy,116.1485,116.1775,115.8955,115.8975
2022-01-04 12:00:00+00:00,usdjpy,116.3055,116.3555,116.129,116.148
2022-01-04 13:00:00+00:00,usdjpy,116.263,116.345,116.241,116.306
2022-01-04 14:00:00+00:00,usdjpy,116.241,116.3385,116.2325,116.2625
2022-01-04 15:00:00+00:00,usdjpy,116.1425,116.2595,116.0405,116.2385
2022-01-04 16:00:00+00:00,usdjpy,116.142,116.169,115.9575,116.1145
2022-01-04 17:00:00+00:00,usdjpy,116.1745,116.1995,116.1325,116.1415
2022-01-04 18:00:00+00:00,usdjpy,116.1625,116.1865,116.0905,116.174
2022-01-04 19:00:00+00:00,usdjpy,116.1135,116.1815,116.081,116.162
2022-01-04 20:00:00+00:00,usdjpy,116.1015,116.15,116.0875,116.1145
2022-01-04 21:00:00+00:00,usdjpy,116.1435,116.1495,116.1005,116.101
2022-01-04 22:00:00+00:00,usdjpy,116.146,116.1635,116.1055,116.1255
2022-01-04 23:00:00+00:00,usdjpy,116.1765,116.2385,116.1305,116.1455
2022-01-05 00:00:00+00:00,usdjpy,116.2015,116.2445,116.1215,116.177
2022-01-05 01:00:00+00:00,usdjpy,116.0125,116.2045,115.9075,116.2005
2022-01-05 02:00:00+00:00,usdjpy,115.9905,116.06,115.9575,116.013
2022-01-05 03:00:00+00:00,usdjpy,116.0105,116.014,115.9025,115.991
2022-01-05 04:00:00+00:00,usdjpy,116.0545,116.0805,115.9555,116.0095
2022-01-05 05:00:00+00:00,usdjpy,116.003,116.1025,115.9935,116.0575
2022-01-05 06:00:00+00:00,usdjpy,115.9845,116.0315,115.9705,116.0035
2022-01-05 07:00:00+00:00,usdjpy,116.0355,116.046,115.9115,115.9855
2022-01-05 08:00:00+00:00,usdjpy,115.9215,116.0455,115.8675,116.0365
2022-01-05 09:00:00+00:00,usdjpy,115.8595,115.956,115.7835,115.922
2022-01-05 10:00:00+00:00,usdjpy,115.7675,115.8715,115.731,115.859
2022-01-05 11:00:00+00:00,usdjpy,115.6755,115.7965,115.6225,115.768
2022-01-05 12:00:00+00:00,usdjpy,115.8005,115.8105,115.6485,115.675
2022-01-05 13:00:00+00:00,usdjpy,115.8045,115.9355,115.7385,115.8
2022-01-05 14:00:00+00:00,usdjpy,115.7335,115.8355,115.675,115.804
2022-01-05 15:00:00+00:00,usdjpy,115.7825,115.8495,115.714,115.733
2022-01-05 16:00:00+00:00,usdjpy,115.9145,115.9775,115.7655,115.7855
2022-01-05 17:00:00+00:00,usdjpy,115.9715,116.0035,115.9095,115.914
2022-01-05 18:00:00+00:00,usdjpy,116.0265,116.0435,115.9525,115.9705
2022-01-05 19:00:00+00:00,usdjpy,116.1585,116.1865,116.0065,116.027
2022-01-05 20:00:00+00:00,usdjpy,116.1215,116.164,116.0975,116.1385
2022-01-05 21:00:00+00:00,usdjpy,116.1245,116.1295,116.0795,116.122
2022-01-05 22:00:00+00:00,usdjpy,116.1315,116.1415,116.0755,116.107
2022-01-05 23:00:00+00:00,usdjpy,116.1295,116.1375,116.088,116.1305
2022-01-06 00:00:00+00:00,usdjpy,116.0955,116.1875,116.0075,116.1285
2022-01-06 01:00:00+00:00,usdjpy,115.9275,116.099,115.911,116.0965
2022-01-06 02:00:00+00:00,usdjpy,115.9495,115.9565,115.8235,115.9285
2022-01-06 03:00:00+00:00,usdjpy,115.8595,115.9645,115.8525,115.949
2022-01-06 04:00:00+00:00,usdjpy,115.8855,115.9015,115.8285,115.86
2022-01-06 05:00:00+00:00,usdjpy,115.8665,115.9755,115.8415,115.8845
2022-01-06 06:00:00+00:00,usdjpy,115.8875,115.9015,115.7885,115.867
2022-01-06 07:00:00+00:00,usdjpy,115.8715,115.9555,115.8535,115.8885
2022-01-06 08:00:00+00:00,usdjpy,115.7915,115.9145,115.6725,115.8705
2022-01-06 09:00:00+00:00,usdjpy,115.749,115.8025,115.6585,115.792
2022-01-06 10:00:00+00:00,usdjpy,115.8675,115.8925,115.733,115.7485
2022-01-06 11:00:00+00:00,usdjpy,115.8005,115.8815,115.758,115.8685
2022-01-06 12:00:00+00:00,usdjpy,115.8155,115.8815,115.7775,115.7995
2022-01-06 13:00:00+00:00,usdjpy,115.7435,115.8545,115.697,115.815
2022-01-06 14:00:00+00:00,usdjpy,115.7725,115.8685,115.7225,115.75
2022-01-06 15:00:00+00:00,usdjpy,115.7375,115.8075,115.628,115.7745
2022-01-06 16:00:00+00:00,usdjpy,115.781,115.8205,115.6895,115.7495
2022-01-06 17:00:00+00:00,usdjpy,115.8125,115.8355,115.7615,115.7815
2022-01-06 18:00:00+00:00,usdjpy,115.8515,115.8915,115.7615,115.8135
2022-01-06 19:00:00+00:00,usdjpy,115.9495,115.9535,115.814,115.8535
2022-01-06 20:00:00+00:00,usdjpy,115.9045,115.9545,115.8675,115.9505
2022-01-06 21:00:00+00:00,usdjpy,115.8295,115.9385,115.8295,115.905
2022-01-06 22:00:00+00:00,usdjpy,115.857,115.8625,115.828,115.8535
2022-01-06 23:00:00+00:00,usdjpy,115.8675,115.8955,115.8465,115.8565
2022-01-07 00:00:00+00:00,usdjpy,115.956,116.0485,115.867,115.8685
2022-01-07 01:00:00+00:00,usdjpy,115.9,115.9755,115.8725,115.9555
2022-01-07 02:00:00+00:00,usdjpy,115.8745,115.9385,115.8325,115.9005
2022-01-07 03:00:00+00:00,usdjpy,115.8685,115.9,115.8605,115.875
2022-01-07 04:00:00+00:00,usdjpy,115.9135,115.9175,115.861,115.8695
2022-01-07 05:00:00+00:00,usdjpy,115.9135,115.9305,115.8865,115.9175
2022-01-07 06:00:00+00:00,usdjpy,115.9415,115.9485,115.894,115.9125
2022-01-07 07:00:00+00:00,usdjpy,115.8775,115.9475,115.8455,115.941
2022-01-07 08:00:00+00:00,usdjpy,115.7855,115.9345,115.7535,115.8795
2022-01-07 09:00:00+00:00,usdjpy,115.847,115.8645,115.7815,115.786
2022-01-07 10:00:00+00:00,usdjpy,115.839,115.855,115.8015,115.8475
2022-01-07 11:00:00+00:00,usdjpy,115.7995,115.8435,115.7775,115.8395
2022-01-07 12:00:00+00:00,usdjpy,115.8555,115.8585,115.7665,115.8005
2022-01-07 13:00:00+00:00,usdjpy,115.8535,115.9295,115.6935,115.8565
2022-01-07 14:00:00+00:00,usdjpy,115.6925,115.8845,115.6695,115.8545
2022-01-07 15:00:00+00:00,usdjpy,115.6395,115.7895,115.5925,115.6935
2022-01-07 16:00:00+00:00,usdjpy,115.604,115.7175,115.583,115.6385
2022-01-07 17:00:00+00:00,usdjpy,115.6245,115.6685,115.5975,115.614
2022-01-07 18:00:00+00:00,usdjpy,115.5875,115.6415,115.5525,115.6235
2022-01-07 19:00:00+00:00,usdjpy,115.5575,115.603,115.5495,115.5865
2022-01-07 20:00:00+00:00,usdjpy,115.559,115.6185,115.551,115.557
2022-01-07 21:00:00+00:00,usdjpy,115.5675,115.6055,115.5235,115.56
2022-01-09 22:00:00+00:00,usdjpy,115.6105,115.6605,115.5675,115.6555
2022-01-09 23:00:00+00:00,usdjpy,115.6225,115.6685,115.5855,115.6115
2022-01-10 00:00:00+00:00,usdjpy,115.5935,115.6665,115.5775,115.6235
2022-01-10 01:00:00+00:00,usdjpy,115.6425,115.6645,115.546,115.5925
2022-01-10 02:00:00+00:00,usdjpy,115.7785,115.7915,115.641,115.6415
2022-01-10 03:00:00+00:00,usdjpy,115.803,115.8535,115.7485,115.7775
2022-01-10 04:00:00+00:00,usdjpy,115.811,115.8145,115.7715,115.8025
2022-01-10 05:00:00+00:00,usdjpy,115.8125,115.8255,115.7895,115.8115
2022-01-10 06:00:00+00:00,usdjpy,115.7785,115.8275,115.7635,115.812
2022-01-10 07:00:00+00:00,usdjpy,115.7975,115.8055,115.7425,115.778
2022-01-10 08:00:00+00:00,usdjpy,115.6525,115.8165,115.6525,115.797
2022-01-10 09:00:00+00:00,usdjpy,115.6695,115.6895,115.6205,115.653
2022-01-10 10:00:00+00:00,usdjpy,115.5735,115.6805,115.5625,115.67
2022-01-10 11:00:00+00:00,usdjpy,115.3135,115.586,115.2995,115.573
2022-01-10 12:00:00+00:00,usdjpy,115.2425,115.3275,115.18,115.314
2022-01-10 13:00:00+00:00,usdjpy,115.3925,115.4215,115.2115,115.2435
2022-01-10 14:00:00+00:00,usdjpy,115.3595,115.461,115.2425,115.3915
2022-01-10 15:00:00+00:00,usdjpy,115.1135,115.3855,115.0855,115.359
2022-01-10 16:00:00+00:00,usdjpy,115.1475,115.1635,115.0435,115.113
2022-01-10 17:00:00+00:00,usdjpy,115.0905,115.1645,115.0525,115.1485
2022-01-10 18:00:00+00:00,usdjpy,115.2245,115.2425,115.0885,115.091
2022-01-10 19:00:00+00:00,usdjpy,115.2165,115.2495,115.1655,115.224
2022-01-10 20:00:00+00:00,usdjpy,115.2515,115.2525,115.194,115.2175
2022-01-10 21:00:00+00:00,usdjpy,115.21,115.269,115.1915,115.2515
2022-01-10 22:00:00+00:00,usdjpy,115.2245,115.2385,115.1785,115.1945
2022-01-10 23:00:00+00:00,usdjpy,115.2805,115.3055,115.2165,115.2265
2022-01-11 00:00:00+00:00,usdjpy,115.3195,115.3365,115.1755,115.281
2022-01-11 01:00:00+00:00,usdjpy,115.3405,115.3655,115.2495,115.319
2022-01-11 02:00:00+00:00,usdjpy,115.348,115.3885,115.3085,115.341
2022-01-11 03:00:00+00:00,usdjpy,115.3735,115.3885,115.3325,115.3475
2022-01-11 04:00:00+00:00,usdjpy,115.2485,115.373,115.2455,115.373
2022-01-11 05:00:00+00:00,usdjpy,115.2735,115.2935,115.2275,115.248
2022-01-11 06:00:00+00:00,usdjpy,115.2235,115.281,115.2015,115.274
2022-01-11 07:00:00+00:00,usdjpy,115.2595,115.2875,115.126,115.2225
2022-01-11 08:00:00+00:00,usdjpy,115.3175,115.3205,115.224,115.259
2022-01-11 09:00:00+00:00,usdjpy,115.3775,115.4195,115.3035,115.317
2022-01-11 10:00:00+00:00,usdjpy,115.4455,115.4635,115.357,115.3785
2022-01-11 11:00:00+00:00,usdjpy,115.4035,115.4785,115.3535,115.445
2022-01-11 12:00:00+00:00,usdjpy,115.4975,115.502,115.3925,115.4025
2022-01-11 13:00:00+00:00,usdjpy,115.6125,115.6475,115.4935,115.498
2022-01-11 14:00:00+00:00,usdjpy,115.5475,115.6825,115.5175,115.6115
2022-01-11 15:00:00+00:00,usdjpy,115.4745,115.5805,115.388,115.5535
2022-01-11 16:00:00+00:00,usdjpy,115.3985,115.4925,115.357,115.468
2022-01-11 17:00:00+00:00,usdjpy,115.4585,115.4845,115.3855,115.398
2022-01-11 18:00:00+00:00,usdjpy,115.3685,115.4605,115.363,115.458
2022-01-11 19:00:00+00:00,usdjpy,115.3495,115.4245,115.3255,115.368
2022-01-11 20:00:00+00:00,usdjpy,115.296,115.374,115.2745,115.3505
2022-01-11 21:00:00+00:00,usdjpy,115.295,115.3065,115.271,115.2955
2022-01-11 22:00:00+00:00,usdjpy,115.3295,115.3315,115.2925,115.293
2022-01-11 23:00:00+00:00,usdjpy,115.335,115.355,115.295,115.3305
2022-01-12 00:00:00+00:00,usdjpy,115.252,115.3565,115.2515,115.3345
2022-01-12 01:00:00+00:00,usdjpy,115.2935,115.3295,115.2325,115.2525
2022-01-12 02:00:00+00:00,usdjpy,115.3515,115.4005,115.2545,115.2945
2022-01-12 03:00:00+00:00,usdjpy,115.3765,115.377,115.3115,115.351
2022-01-12 04:00:00+00:00,usdjpy,115.3855,115.4045,115.355,115.376
2022-01-12 05:00:00+00:00,usdjpy,115.3565,115.3875,115.3145,115.3875
2022-01-12 06:00:00+00:00,usdjpy,115.3385,115.356,115.3105,115.356
2022-01-12 07:00:00+00:00,usdjpy,115.4015,115.4315,115.2875,115.338
2022-01-12 08:00:00+00:00,usdjpy,115.3575,115.449,115.356,115.402
2022-01-12 09:00:00+00:00,usdjpy,115.3605,115.3775,115.2925,115.358
2022-01-12 10:00:00+00:00,usdjpy,115.4585,115.4675,115.3275,115.3615
2022-01-12 11:00:00+00:00,usdjpy,115.4,115.4625,115.3775,115.4595
2022-01-12 12:00:00+00:00,usdjpy,115.4285,115.446,115.3555,115.3995
2022-01-12 13:00:00+00:00,usdjpy,115.2095,115.479,115.117,115.429
2022-01-12 14:00:00+00:00,usdjpy,115.097,115.3135,115.0475,115.2095
2022-01-12 15:00:00+00:00,usdjpy,114.8505,115.128,114.8355,115.092
2022-01-12 16:00:00+00:00,usdjpy,114.7285,114.896,114.7175,114.8495
2022-01-12 17:00:00+00:00,usdjpy,114.5235,114.7515,114.521,114.729
2022-01-12 18:00:00+00:00,usdjpy,114.6005,114.6415,114.5235,114.5235
2022-01-12 19:00:00+00:00,usdjpy,114.3855,114.6095,114.3825,114.6015
2022-01-12 20:00:00+00:00,usdjpy,114.532,114.5635,114.384,114.386
2022-01-12 21:00:00+00:00,usdjpy,114.64,114.643,114.4975,114.5325
2022-01-12 22:00:00+00:00,usdjpy,114.6855,114.6885,114.636,114.6445
2022-01-12 23:00:00+00:00,usdjpy,114.6755,114.7055,114.632,114.686
2022-01-13 00:00:00+00:00,usdjpy,114.6455,114.7025,114.575,114.6765
2022-01-13 01:00:00+00:00,usdjpy,114.5685,114.6555,114.4985,114.6445
2022-01-13 02:00:00+00:00,usdjpy,114.6385,114.6595,114.5675,114.5675
2022-01-13 03:00:00+00:00,usdjpy,114.5405,114.6385,114.525,114.638
2022-01-13 04:00:00+00:00,usdjpy,114.5665,114.6005,114.5385,114.54
2022-01-13 05:00:00+00:00,usdjpy,114.5625,114.5745,114.4975,114.5675
2022-01-13 06:00:00+00:00,usdjpy,114.6215,114.6505,114.5535,114.5615
2022-01-13 07:00:00+00:00,usdjpy,114.413,114.6495,114.4115,114.6225
2022-01-13 08:00:00+00:00,usdjpy,114.4905,114.5065,114.3645,114.412
2022-01-13 09:00:00+00:00,usdjpy,114.538,114.5975,114.487,114.4895
2022-01-13 10:00:00+00:00,usdjpy,114.5225,114.5765,114.4645,114.5375
2022-01-13 11:00:00+00:00,usdjpy,114.5085,114.5265,114.4375,114.523
2022-01-13 12:00:00+00:00,usdjpy,114.3535,114.5435,114.2425,114.5075
2022-01-13 13:00:00+00:00,usdjpy,114.2805,114.3865,114.2135,114.3545
2022-01-13 14:00:00+00:00,usdjpy,114.3095,114.3285,114.1635,114.28
2022-01-13 15:00:00+00:00,usdjpy,114.122,114.3675,114.073,114.313
2022-01-13 16:00:00+00:00,usdjpy,114.0545,114.1385,114.0115,114.122
2022-01-13 17:00:00+00:00,usdjpy,114.0615,114.0895,114.001,114.056
2022-01-13 18:00:00+00:00,usdjpy,114.1375,114.157,114.0605,114.061
2022-01-13 19:00:00+00:00,usdjpy,114.069,114.1525,114.0675,114.138
2022-01-13 20:00:00+00:00,usdjpy,114.1415,114.1445,114.0525,114.0695
2022-01-13 21:00:00+00:00,usdjpy,114.186,114.1865,114.1085,114.141
2022-01-13 22:00:00+00:00,usdjpy,114.186,114.1965,114.158,114.176
2022-01-13 23:00:00+00:00,usdjpy,114.1195,114.2295,114.1035,114.1855
2022-01-14 00:00:00+00:00,usdjpy,113.9255,114.1785,113.9115,114.118
2022-01-14 01:00:00+00:00,usdjpy,113.8405,114.0275,113.802,113.925
2022-01-14 02:00:00+00:00,usdjpy,113.8225,113.8985,113.7475,113.841
2022-01-14 03:00:00+00:00,usdjpy,113.7255,113.8345,113.6395,113.823
2022-01-14 04:00:00+00:00,usdjpy,113.7425,113.8355,113.724,113.7265
2022-01-14 05:00:00+00:00,usdjpy,113.723,113.745,113.6555,113.743
2022-01-14 06:00:00+00:00,usdjpy,113.782,113.8005,113.6905,113.7235
2022-01-14 07:00:00+00:00,usdjpy,113.7995,113.868,113.7125,113.7825
2022-01-14 08:00:00+00:00,usdjpy,113.8425,113.8475,113.6995,113.799
2022-01-14 09:00:00+00:00,usdjpy,113.9125,113.9315,113.8105,113.843
2022-01-14 10:00:00+00:00,usdjpy,113.8885,113.9925,113.8725,113.912
2022-01-14 11:00:00+00:00,usdjpy,113.8875,113.9865,113.8785,113.8895
2022-01-14 12:00:00+00:00,usdjpy,113.7085,113.908,113.6825,113.887
2022-01-14 13:00:00+00:00,usdjpy,113.5755,113.7665,113.4825,113.709
2022-01-14 14:00:00+00:00,usdjpy,113.7025,113.8005,113.5025,113.575
2022-01-14 15:00:00+00:00,usdjpy,113.7935,113.8805,113.641,113.7115
2022-01-14 16:00:00+00:00,usdjpy,113.9105,113.959,113.7275,113.794
2022-01-14 17:00:00+00:00,usdjpy,114.1285,114.1445,113.9015,113.91
2022-01-14 18:00:00+00:00,usdjpy,114.1175,114.1435,114.0195,114.1295
2022-01-14 19:00:00+00:00,usdjpy,114.1425,114.1495,114.1085,114.1185
2022-01-14 20:00:00+00:00,usdjpy,114.1905,114.1945,114.123,114.143
2022-01-14 21:00:00+00:00,usdjpy,114.1935,114.2675,114.1825,114.1905
2022-01-16 22:00:00+00:00,usdjpy,114.233,114.265,114.156,114.169
2022-01-16 23:00:00+00:00,usdjpy,114.309,114.3415,114.2295,114.2325
2022-01-17 00:00:00+00:00,usdjpy,114.3325,114.4275,114.2775,114.3095
2022-01-17 01:00:00+00:00,usdjpy,114.4765,114.5165,114.2845,114.333
2022-01-17 02:00:00+00:00,usdjpy,114.4145,114.4885,114.3885,114.4795
2022-01-17 03:00:00+00:00,usdjpy,114.4275,114.4535,114.4005,114.415
2022-01-17 04:00:00+00:00,usdjpy,114.4105,114.445,114.4065,114.428
2022-01-17 05:00:00+00:00,usdjpy,114.4945,114.5005,114.4095,114.4095
2022-01-17 06:00:00+00:00,usdjpy,114.5125,114.5485,114.46,114.495
2022-01-17 07:00:00+00:00,usdjpy,114.4035,114.5135,114.3995,114.513
2022-01-17 08:00:00+00:00,usdjpy,114.3995,114.4125,114.3125,114.403
2022-01-17 09:00:00+00:00,usdjpy,114.5025,114.526,114.3845,114.399
2022-01-17 10:00:00+00:00,usdjpy,114.4565,114.5235,114.4505,114.502
2022-01-17 11:00:00+00:00,usdjpy,114.4805,114.5275,114.452,114.4565
2022-01-17 12:00:00+00:00,usdjpy,114.586,114.5905,114.4505,114.4815
2022-01-17 13:00:00+00:00,usdjpy,114.5375,114.5985,114.5285,114.5855
2022-01-17 14:00:00+00:00,usdjpy,114.5415,114.567,114.5275,114.5385
2022-01-17 15:00:00+00:00,usdjpy,114.6125,114.6515,114.5325,114.542
2022-01-17 16:00:00+00:00,usdjpy,114.5585,114.6275,114.5535,114.6135
2022-01-17 17:00:00+00:00,usdjpy,114.6265,114.6355,114.5545,114.559
2022-01-17 18:00:00+00:00,usdjpy,114.6,114.633,114.5875,114.626
2022-01-17 19:00:00+00:00,usdjpy,114.588,114.6025,114.5775,114.5995
2022-01-17 20:00:00+00:00,usdjpy,114.6215,114.6215,114.5855,114.587
2022-01-17 21:00:00+00:00,usdjpy,114.627,114.6275,114.5905,114.6205
2022-01-17 22:00:00+00:00,usdjpy,114.6075,114.6405,114.5935,114.6215
2022-01-17 23:00:00+00:00,usdjpy,114.5755,114.6415,114.569,114.608
2022-01-18 00:00:00+00:00,usdjpy,114.533,114.6035,114.4505,114.571
2022-01-18 01:00:00+00:00,usdjpy,114.4755,114.5745,114.473,114.5335
2022-01-18 02:00:00+00:00,usdjpy,114.7575,114.8325,114.4695,114.475
2022-01-18 03:00:00+00:00,usdjpy,114.979,115.0595,114.7065,114.758
2022-01-18 04:00:00+00:00,usdjpy,114.8575,115.0075,114.8195,114.9785
2022-01-18 05:00:00+00:00,usdjpy,114.817,114.898,114.758,114.8565
2022-01-18 06:00:00+00:00,usdjpy,114.8715,114.9425,114.8,114.8165
2022-01-18 07:00:00+00:00,usdjpy,114.877,114.9895,114.776,114.872
2022-01-18 08:00:00+00:00,usdjpy,114.7095,114.9005,114.6675,114.8765
2022-01-18 09:00:00+00:00,usdjpy,114.6655,114.7225,114.5145,114.71
2022-01-18 10:00:00+00:00,usdjpy,114.746,114.7525,114.5765,114.6645
2022-01-18 11:00:00+00:00,usdjpy,114.6915,114.747,114.6535,114.7465
2022-01-18 12:00:00+00:00,usdjpy,114.6335,114.7085,114.5515,114.691
2022-01-18 13:00:00+00:00,usdjpy,114.6265,114.7335,114.534,114.6325
2022-01-18 14:00:00+00:00,usdjpy,114.5285,114.7045,114.4565,114.627
2022-01-18 15:00:00+00:00,usdjpy,114.55,114.684,114.499,114.4995
2022-01-18 16:00:00+00:00,usdjpy,114.5985,114.646,114.5285,114.5495
2022-01-18 17:00:00+00:00,usdjpy,114.5925,114.6375,114.5465,114.599
2022-01-18 18:00:00+00:00,usdjpy,114.6145,114.635,114.57,114.5915
2022-01-18 19:00:00+00:00,usdjpy,114.6255,114.626,114.5095,114.614
2022-01-18 20:00:00+00:00,usdjpy,114.6245,114.647,114.5925,114.6265
2022-01-18 21:00:00+00:00,usdjpy,114.61,114.641,114.568,114.6235
2022-01-18 22:00:00+00:00,usdjpy,114.6005,114.635,114.589,114.62
2022-01-18 23:00:00+00:00,usdjpy,114.5585,114.6165,114.5585,114.6
2022-01-19 00:00:00+00:00,usdjpy,114.7035,114.7155,114.5425,114.5555
2022-01-19 01:00:00+00:00,usdjpy,114.6575,114.79,114.6385,114.704
2022-01-19 02:00:00+00:00,usdjpy,114.6485,114.725,114.648,114.658
2022-01-19 03:00:00+00:00,usdjpy,114.5575,114.6625,114.49,114.6495
2022-01-19 04:00:00+00:00,usdjpy,114.3845,114.5785,114.3765,114.5585
2022-01-19 05:00:00+00:00,usdjpy,114.2545,114.387,114.2085,114.385
2022-01-19 06:00:00+00:00,usdjpy,114.262,114.3135,114.2315,114.2555
2022-01-19 07:00:00+00:00,usdjpy,114.4245,114.4375,114.2305,114.2615
2022-01-19 08:00:00+00:00,usdjpy,114.4585,114.4755,114.3585,114.4255
2022-01-19 09:00:00+00:00,usdjpy,114.5225,114.5415,114.4385,114.459
2022-01-19 10:00:00+00:00,usdjpy,114.4855,114.5535,114.4735,114.5215
2022-01-19 11:00:00+00:00,usdjpy,114.5025,114.5375,114.4135,114.485
2022-01-19 12:00:00+00:00,usdjpy,114.5465,114.5485,114.4185,114.502
2022-01-19 13:00:00+00:00,usdjpy,114.5175,114.548,114.4225,114.5455
2022-01-19 14:00:00+00:00,usdjpy,114.3515,114.536,114.3145,114.518
2022-01-19 15:00:00+00:00,usdjpy,114.348,114.3875,114.2225,114.3525
2022-01-19 16:00:00+00:00,usdjpy,114.2865,114.368,114.2145,114.3485
2022-01-19 17:00:00+00:00,usdjpy,114.3125,114.3545,114.275,114.285
2022-01-19 18:00:00+00:00,usdjpy,114.279,114.3255,114.2375,114.3135
2022-01-19 19:00:00+00:00,usdjpy,114.2405,114.2995,114.2335,114.2795
2022-01-19 20:00:00+00:00,usdjpy,114.2855,114.2885,114.2095,114.241
2022-01-19 21:00:00+00:00,usdjpy,114.3335,114.3345,114.2595,114.2865
2022-01-19 22:00:00+00:00,usdjpy,114.3625,114.367,114.313,114.3345
2022-01-19 23:00:00+00:00,usdjpy,114.3495,114.4185,114.3345,114.3615
2022-01-20 00:00:00+00:00,usdjpy,114.2685,114.4125,114.2515,114.35
2022-01-20 01:00:00+00:00,usdjpy,114.2035,114.2975,114.0265,114.2675
2022-01-20 02:00:00+00:00,usdjpy,114.2905,114.3465,114.1875,114.2025
2022-01-20 03:00:00+00:00,usdjpy,114.3915,114.456,114.2565,114.29
2022-01-20 04:00:00+00:00,usdjpy,114.428,114.4425,114.3765,114.392
2022-01-20 05:00:00+00:00,usdjpy,114.4725,114.549,114.422,114.4275
2022-01-20 06:00:00+00:00,usdjpy,114.4465,114.5175,114.4385,114.473
2022-01-20 07:00:00+00:00,usdjpy,114.3965,114.4955,114.3455,114.4465
2022-01-20 08:00:00+00:00,usdjpy,114.2905,114.3985,114.2825,114.396
2022-01-20 09:00:00+00:00,usdjpy,114.2905,114.2995,114.1865,114.291
2022-01-20 10:00:00+00:00,usdjpy,114.2555,114.3295,114.2405,114.29
2022-01-20 11:00:00+00:00,usdjpy,114.281,114.3485,114.256,114.256
2022-01-20 12:00:00+00:00,usdjpy,114.2485,114.3375,114.2255,114.2815
2022-01-20 13:00:00+00:00,usdjpy,114.0555,114.2705,114.0385,114.248
2022-01-20 14:00:00+00:00,usdjpy,114.1035,114.1915,114.0035,114.0545
2022-01-20 15:00:00+00:00,usdjpy,113.9855,114.1495,113.9635,114.0995
2022-01-20 16:00:00+00:00,usdjpy,114.0885,114.1005,113.9805,113.986
2022-01-20 17:00:00+00:00,usdjpy,114.1325,114.15,114.0545,114.0875
2022-01-20 18:00:00+00:00,usdjpy,114.1755,114.1925,114.1145,114.132
2022-01-20 19:00:00+00:00,usdjpy,114.177,114.197,114.1345,114.1745
2022-01-20 20:00:00+00:00,usdjpy,114.2,114.2115,114.1045,114.1775
2022-01-20 21:00:00+00:00,usdjpy,114.099,114.2335,114.081,114.1995
2022-01-20 22:00:00+00:00,usdjpy,114.1105,114.1545,114.0895,114.101
2022-01-20 23:00:00+00:00,usdjpy,113.9945,114.123,113.8615,114.111
2022-01-21 00:00:00+00:00,usdjpy,113.8055,113.998,113.7745,113.9935
2022-01-21 01:00:00+00:00,usdjpy,113.807,113.8685,113.7385,113.8045
2022-01-21 02:00:00+00:00,usdjpy,113.658,113.9005,113.6455,113.8065
2022-01-21 03:00:00+00:00,usdjpy,113.7485,113.753,113.6275,113.6585
2022-01-21 04:00:00+00:00,usdjpy,113.7705,113.7925,113.7205,113.748
2022-01-21 05:00:00+00:00,usdjpy,113.8575,113.8735,113.7695,113.771
2022-01-21 06:00:00+00:00,usdjpy,113.8355,113.8935,113.7985,113.858
2022-01-21 07:00:00+00:00,usdjpy,113.8595,113.8855,113.7985,113.835
2022-01-21 08:00:00+00:00,usdjpy,114.009,114.0345,113.842,113.859
2022-01-21 09:00:00+00:00,usdjpy,113.9685,114.014,113.8955,114.0095
2022-01-21 10:00:00+00:00,usdjpy,113.8975,113.9795,113.8785,113.9675
2022-01-21 11:00:00+00:00,usdjpy,113.846,113.9005,113.8025,113.898
2022-01-21 12:00:00+00:00,usdjpy,113.7625,113.8675,113.6965,113.8455
2022-01-21 13:00:00+00:00,usdjpy,113.68,113.8535,113.6645,113.762
2022-01-21 14:00:00+00:00,usdjpy,113.6745,113.812,113.615,113.6805
2022-01-21 15:00:00+00:00,usdjpy,113.6755,113.7615,113.6055,113.677
2022-01-21 16:00:00+00:00,usdjpy,113.7335,113.819,113.6385,113.6685
2022-01-21 17:00:00+00:00,usdjpy,113.644,113.7505,113.6315,113.7325
2022-01-21 18:00:00+00:00,usdjpy,113.6815,113.7205,113.635,113.6435
2022-01-21 19:00:00+00:00,usdjpy,113.6625,113.6985,113.6425,113.681
2022-01-21 20:00:00+00:00,usdjpy,113.6475,113.7,113.6285,113.6635
2022-01-21 21:00:00+00:00,usdjpy,113.6835,113.7105,113.6305,113.6475
2022-01-23 22:00:00+00:00,usdjpy,113.6725,113.702,113.653,113.6845
2022-01-23 23:00:00+00:00,usdjpy,113.7895,113.8035,113.666,113.672
2022-01-24 00:00:00+00:00,usdjpy,113.8435,113.8585,113.714,113.7925
2022-01-24 01:00:00+00:00,usdjpy,113.894,113.9465,113.8315,113.844
2022-01-24 02:00:00+00:00,usdjpy,113.8235,113.9095,113.817,113.8945
2022-01-24 03:00:00+00:00,usdjpy,113.8635,113.8735,113.7995,113.8225
2022-01-24 04:00:00+00:00,usdjpy,113.914,113.922,113.8575,113.863
2022-01-24 05:00:00+00:00,usdjpy,113.7995,113.9775,113.7585,113.9145
2022-01-24 06:00:00+00:00,usdjpy,113.793,113.8625,113.7735,113.799
2022-01-24 07:00:00+00:00,usdjpy,113.7565,113.8085,113.7135,113.7935
2022-01-24 08:00:00+00:00,usdjpy,113.5875,113.804,113.5565,113.757
2022-01-24 09:00:00+00:00,usdjpy,113.6085,113.6125,113.5015,113.587
2022-01-24 10:00:00+00:00,usdjpy,113.7255,113.739,113.4705,113.6075
2022-01-24 11:00:00+00:00,usdjpy,113.816,113.818,113.6785,113.725
2022-01-24 12:00:00+00:00,usdjpy,113.8115,113.8225,113.7485,113.8155
2022-01-24 13:00:00+00:00,usdjpy,113.754,113.8325,113.684,113.801
2022-01-24 14:00:00+00:00,usdjpy,113.8415,113.9375,113.6525,113.7425
2022-01-24 15:00:00+00:00,usdjpy,113.9395,113.998,113.816,113.8335
2022-01-24 16:00:00+00:00,usdjpy,113.8275,113.9495,113.787,113.9355
2022-01-24 17:00:00+00:00,usdjpy,113.747,113.8345,113.7265,113.8285
2022-01-24 18:00:00+00:00,usdjpy,113.7595,113.7595,113.6555,113.7435
2022-01-24 19:00:00+00:00,usdjpy,113.7875,113.7975,113.6815,113.759
2022-01-24 20:00:00+00:00,usdjpy,113.9825,113.9865,113.7785,113.792
2022-01-24 21:00:00+00:00,usdjpy,113.957,114.0005,113.9475,113.983
2022-01-24 22:00:00+00:00,usdjpy,113.976,113.9815,113.9495,113.953
2022-01-24 23:00:00+00:00,usdjpy,114.0165,114.098,113.966,113.9755
2022-01-25 00:00:00+00:00,usdjpy,113.9985,114.0515,113.9185,114.016
2022-01-25 01:00:00+00:00,usdjpy,113.8435,114.0025,113.808,113.999
2022-01-25 02:00:00+00:00,usdjpy,113.8095,113.8455,113.752,113.843
2022-01-25 03:00:00+00:00,usdjpy,113.7775,113.824,113.7535,113.8085
2022-01-25 04:00:00+00:00,usdjpy,113.7245,113.7775,113.671,113.777
2022-01-25 05:00:00+00:00,usdjpy,113.8035,113.8195,113.6735,113.724
2022-01-25 06:00:00+00:00,usdjpy,113.8685,113.8945,113.7775,113.8045
2022-01-25 07:00:00+00:00,usdjpy,113.8895,113.8925,113.7475,113.868
2022-01-25 08:00:00+00:00,usdjpy,113.9005,113.9565,113.8105,113.89
2022-01-25 09:00:00+00:00,usdjpy,114.0555,114.1085,113.9005,113.9015
2022-01-25 10:00:00+00:00,usdjpy,114.1095,114.1515,114.0415,114.0565
2022-01-25 11:00:00+00:00,usdjpy,114.0075,114.1575,113.9785,114.1105
2022-01-25 12:00:00+00:00,usdjpy,114.0515,114.0685,113.945,114.0085
2022-01-25 13:00:00+00:00,usdjpy,113.8995,114.0615,113.8745,114.0505
2022-01-25 14:00:00+00:00,usdjpy,113.884,113.9485,113.8185,113.899
2022-01-25 15:00:00+00:00,usdjpy,113.954,113.9935,113.7815,113.883
2022-01-25 16:00:00+00:00,usdjpy,113.8725,113.958,113.8605,113.953
2022-01-25 17:00:00+00:00,usdjpy,113.8445,113.9115,113.8295,113.8735
2022-01-25 18:00:00+00:00,usdjpy,113.8725,113.9265,113.8045,113.845
2022-01-25 19:00:00+00:00,usdjpy,113.9225,113.94,113.8535,113.873
2022-01-25 20:00:00+00:00,usdjpy,113.9025,113.9465,113.8865,113.923
2022-01-25 21:00:00+00:00,usdjpy,113.869,113.9045,113.8425,113.902
2022-01-25 22:00:00+00:00,usdjpy,113.8605,113.902,113.8585,113.896
2022-01-25 23:00:00+00:00,usdjpy,113.8955,113.929,113.8525,113.8595
2022-01-26 00:00:00+00:00,usdjpy,113.8265,113.9005,113.7865,113.8965
2022-01-26 01:00:00+00:00,usdjpy,113.8685,113.8755,113.7795,113.827
2022-01-26 02:00:00+00:00,usdjpy,113.8645,113.8965,113.8315,113.869
2022-01-26 03:00:00+00:00,usdjpy,113.868,113.8905,113.8555,113.864
2022-01-26 04:00:00+00:00,usdjpy,113.923,113.9295,113.8615,113.8685
2022-01-26 05:00:00+00:00,usdjpy,113.8975,113.924,113.8765,113.9235
2022-01-26 06:00:00+00:00,usdjpy,113.9695,113.9715,113.8735,113.897
2022-01-26 07:00:00+00:00,usdjpy,113.987,113.9885,113.926,113.9705
2022-01-26 08:00:00+00:00,usdjpy,114.1465,114.1545,113.9755,113.9865
2022-01-26 09:00:00+00:00,usdjpy,114.1275,114.1825,114.0755,114.146
2022-01-26 10:00:00+00:00,usdjpy,114.1645,114.2365,114.1025,114.1285
2022-01-26 11:00:00+00:00,usdjpy,114.1995,114.2005,114.1315,114.165
2022-01-26 12:00:00+00:00,usdjpy,114.1885,114.2115,114.1565,114.2
2022-01-26 13:00:00+00:00,usdjpy,114.3045,114.3165,114.1835,114.188
2022-01-26 14:00:00+00:00,usdjpy,114.352,114.3645,114.2285,114.305
2022-01-26 15:00:00+00:00,usdjpy,114.322,114.3865,114.2205,114.3515
2022-01-26 16:00:00+00:00,usdjpy,114.3345,114.3625,114.2715,114.3215
2022-01-26 17:00:00+00:00,usdjpy,114.3505,114.3765,114.3205,114.335
2022-01-26 18:00:00+00:00,usdjpy,114.3385,114.3645,114.2835,114.35
2022-01-26 19:00:00+00:00,usdjpy,114.5295,114.6955,114.211,114.3375
2022-01-26 20:00:00+00:00,usdjpy,114.5915,114.6245,114.4055,114.5455
2022-01-26 21:00:00+00:00,usdjpy,114.6645,114.6955,114.582,114.598
2022-01-26 22:00:00+00:00,usdjpy,114.6795,114.6815,114.632,114.655
2022-01-26 23:00:00+00:00,usdjpy,114.7235,114.7445,114.6685,114.6805
2022-01-27 00:00:00+00:00,usdjpy,114.6735,114.7865,114.6395,114.723
2022-01-27 01:00:00+00:00,usdjpy,114.6065,114.6925,114.5475,114.6725
2022-01-27 02:00:00+00:00,usdjpy,114.5555,114.6475,114.4765,114.607
2022-01-27 03:00:00+00:00,usdjpy,114.6575,114.6905,114.521,114.5545
2022-01-27 04:00:00+00:00,usdjpy,114.6575,114.6745,114.596,114.658
2022-01-27 05:00:00+00:00,usdjpy,114.6695,114.679,114.6055,114.655
2022-01-27 06:00:00+00:00,usdjpy,114.6675,114.7475,114.6495,114.669
2022-01-27 07:00:00+00:00,usdjpy,114.7665,114.7955,114.628,114.6685
2022-01-27 08:00:00+00:00,usdjpy,114.926,114.9525,114.7275,114.766
2022-01-27 09:00:00+00:00,usdjpy,115.0085,115.0625,114.8955,114.9255
2022-01-27 10:00:00+00:00,usdjpy,115.1605,115.2085,114.9995,115.009
2022-01-27 11:00:00+00:00,usdjpy,115.2025,115.2505,115.1395,115.161
2022-01-27 12:00:00+00:00,usdjpy,115.323,115.3485,115.1535,115.203
2022-01-27 13:00:00+00:00,usdjpy,115.379,115.4395,115.2795,115.3285
2022-01-27 14:00:00+00:00,usdjpy,115.3085,115.4695,115.238,115.3795
2022-01-27 15:00:00+00:00,usdjpy,115.4435,115.4545,115.2955,115.309
2022-01-27 16:00:00+00:00,usdjpy,115.4805,115.4905,115.3325,115.444
2022-01-27 17:00:00+00:00,usdjpy,115.3845,115.4905,115.3075,115.4815
2022-01-27 18:00:00+00:00,usdjpy,115.2125,115.383,115.1825,115.383
2022-01-27 19:00:00+00:00,usdjpy,115.309,115.312,115.1615,115.212
2022-01-27 20:00:00+00:00,usdjpy,115.3575,115.3675,115.2595,115.308
2022-01-27 21:00:00+00:00,usdjpy,115.3655,115.3755,115.3335,115.357
2022-01-27 22:00:00+00:00,usdjpy,115.3145,115.3685,115.296,115.352
2022-01-27 23:00:00+00:00,usdjpy,115.354,115.401,115.2725,115.314
2022-01-28 00:00:00+00:00,usdjpy,115.452,115.4695,115.3495,115.3545
2022-01-28 01:00:00+00:00,usdjpy,115.4465,115.478,115.4095,115.4525
2022-01-28 02:00:00+00:00,usdjpy,115.4405,115.4605,115.4105,115.4475
2022-01-28 03:00:00+00:00,usdjpy,115.3585,115.4505,115.335,115.4415
2022-01-28 04:00:00+00:00,usdjpy,115.4155,115.4445,115.3585,115.359
2022-01-28 05:00:00+00:00,usdjpy,115.4335,115.5195,115.3185,115.4165
2022-01-28 06:00:00+00:00,usdjpy,115.483,115.4885,115.3395,115.433
2022-01-28 07:00:00+00:00,usdjpy,115.6545,115.6755,115.4565,115.482
2022-01-28 08:00:00+00:00,usdjpy,115.5315,115.6875,115.5005,115.654
2022-01-28 09:00:00+00:00,usdjpy,115.6165,115.6385,115.4475,115.5335
2022-01-28 10:00:00+00:00,usdjpy,115.5775,115.6515,115.5575,115.6155
2022-01-28 11:00:00+00:00,usdjpy,115.6455,115.6495,115.5675,115.5755
2022-01-28 12:00:00+00:00,usdjpy,115.6475,115.6705,115.563,115.646
2022-01-28 13:00:00+00:00,usdjpy,115.3295,115.6655,115.2545,115.6485
2022-01-28 14:00:00+00:00,usdjpy,115.2265,115.461,115.1535,115.3405
2022-01-28 15:00:00+00:00,usdjpy,115.1905,115.3885,115.1255,115.228
2022-01-28 16:00:00+00:00,usdjpy,115.2095,115.2315,115.1285,115.1885
2022-01-28 17:00:00+00:00,usdjpy,115.2405,115.2635,115.1835,115.2085
2022-01-28 18:00:00+00:00,usdjpy,115.2975,115.3325,115.2385,115.2415
2022-01-28 19:00:00+00:00,usdjpy,115.22,115.3035,115.2095,115.295
2022-01-28 20:00:00+00:00,usdjpy,115.2415,115.253,115.1905,115.2205
2022-01-28 21:00:00+00:00,usdjpy,115.22,115.2795,115.2035,115.242
2022-01-30 22:00:00+00:00,usdjpy,115.3185,115.351,115.2835,115.2935
2022-01-30 23:00:00+00:00,usdjpy,115.2655,115.3785,115.243,115.3195
2022-01-31 00:00:00+00:00,usdjpy,115.4505,115.454,115.238,115.265
2022-01-31 01:00:00+00:00,usdjpy,115.442,115.489,115.3965,115.45
2022-01-31 02:00:00+00:00,usdjpy,115.5805,115.5935,115.4285,115.4425
2022-01-31 03:00:00+00:00,usdjpy,115.5375,115.5905,115.4795,115.5805
2022-01-31 04:00:00+00:00,usdjpy,115.4865,115.5395,115.4325,115.537
2022-01-31 05:00:00+00:00,usdjpy,115.4265,115.495,115.4045,115.487
2022-01-31 06:00:00+00:00,usdjpy,115.4385,115.5305,115.4175,115.425
2022-01-31 07:00:00+00:00,usdjpy,115.4365,115.4995,115.3805,115.438
2022-01-31 08:00:00+00:00,usdjpy,115.4675,115.4945,115.35,115.436
2022-01-31 09:00:00+00:00,usdjpy,115.4285,115.4855,115.3895,115.467
2022-01-31 10:00:00+00:00,usdjpy,115.4845,115.5305,115.4165,115.429
2022-01-31 11:00:00+00:00,usdjpy,115.5155,115.526,115.437,115.484
2022-01-31 12:00:00+00:00,usdjpy,115.4465,115.518,115.3965,115.5165
2022-01-31 13:00:00+00:00,usdjpy,115.2695,115.485,115.244,115.447
2022-01-31 14:00:00+00:00,usdjpy,115.3355,115.4235,115.2405,115.2835
2022-01-31 15:00:00+00:00,usdjpy,115.2275,115.4435,115.194,115.3665
2022-01-31 16:00:00+00:00,usdjpy,115.2585,115.3085,115.1635,115.23
2022-01-31 17:00:00+00:00,usdjpy,115.1295,115.258,115.1135,115.2575
2022-01-31 18:00:00+00:00,usdjpy,114.9835,115.1475,114.976,115.13
2022-01-31 19:00:00+00:00,usdjpy,114.9965,115.0195,114.9255,114.9825
2022-01-31 20:00:00+00:00,usdjpy,115.0815,115.117,114.9895,114.997
2022-01-31 21:00:00+00:00,usdjpy,115.1265,115.1535,115.052,115.081
2022-01-31 22:00:00+00:00,usdjpy,115.1175,115.15,115.1025,115.135
2022-01-31 23:00:00+00:00,usdjpy,115.1225,115.146,115.0915,115.118
2022-02-01 00:00:00+00:00,usdjpy,115.156,115.1885,115.1115,115.1235
2022-02-01 01:00:00+00:00,usdjpy,115.0545,115.1945,115.0215,115.1555
2022-02-01 02:00:00+00:00,usdjpy,115.0575,115.1385,115.0075,115.054
2022-02-01 03:00:00+00:00,usdjpy,114.9875,115.0715,114.972,115.0565
2022-02-01 04:00:00+00:00,usdjpy,114.9265,114.9925,114.8895,114.987
2022-02-01 05:00:00+00:00,usdjpy,114.9975,115.0225,114.9215,114.927
2022-02-01 06:00:00+00:00,usdjpy,115.0445,115.0545,114.9695,114.9985
2022-02-01 07:00:00+00:00,usdjpy,114.9445,115.0715,114.9235,115.0435
2022-02-01 08:00:00+00:00,usdjpy,114.9065,115.028,114.9015,114.945
2022-02-01 09:00:00+00:00,usdjpy,114.6895,114.906,114.6445,114.906
2022-02-01 10:00:00+00:00,usdjpy,114.7205,114.7475,114.655,114.6885
2022-02-01 11:00:00+00:00,usdjpy,114.6275,114.7655,114.6075,114.7215
2022-02-01 12:00:00+00:00,usdjpy,114.679,114.6905,114.568,114.628
2022-02-01 13:00:00+00:00,usdjpy,114.6935,114.7665,114.6365,114.6795
2022-02-01 14:00:00+00:00,usdjpy,114.776,114.8245,114.655,114.694
2022-02-01 15:00:00+00:00,usdjpy,114.7975,114.8925,114.7205,114.764
2022-02-01 16:00:00+00:00,usdjpy,114.7765,114.8145,114.7355,114.798
2022-02-01 17:00:00+00:00,usdjpy,114.6865,114.7765,114.6465,114.7755
2022-02-01 18:00:00+00:00,usdjpy,114.6535,114.7065,114.638,114.687
2022-02-01 19:00:00+00:00,usdjpy,114.6985,114.7405,114.6385,114.653
2022-02-01 20:00:00+00:00,usdjpy,114.6915,114.7815,114.6855,114.6995
2022-02-01 21:00:00+00:00,usdjpy,114.687,114.7215,114.668,114.692
2022-02-01 22:00:00+00:00,usdjpy,114.6955,114.7025,114.6585,114.6865
2022-02-01 23:00:00+00:00,usdjpy,114.7365,114.7455,114.6895,114.6955
2022-02-02 00:00:00+00:00,usdjpy,114.6855,114.787,114.6675,114.736
2022-02-02 01:00:00+00:00,usdjpy,114.7025,114.7025,114.6495,114.6845
2022-02-02 02:00:00+00:00,usdjpy,114.7145,114.7475,114.6935,114.7015
2022-02-02 03:00:00+00:00,usdjpy,114.7975,114.8035,114.7095,114.714
2022-02-02 04:00:00+00:00,usdjpy,114.7635,114.804,114.7385,114.7985
2022-02-02 05:00:00+00:00,usdjpy,114.7565,114.7775,114.7365,114.7625
2022-02-02 06:00:00+00:00,usdjpy,114.7075,114.7655,114.6855,114.757
2022-02-02 07:00:00+00:00,usdjpy,114.6305,114.7085,114.5975,114.708
2022-02-02 08:00:00+00:00,usdjpy,114.5365,114.6355,114.508,114.63
2022-02-02 09:00:00+00:00,usdjpy,114.4055,114.6075,114.4015,114.5355
2022-02-02 10:00:00+00:00,usdjpy,114.4065,114.4415,114.3225,114.405
2022-02-02 11:00:00+00:00,usdjpy,114.3435,114.4235,114.3355,114.407
2022-02-02 12:00:00+00:00,usdjpy,114.2405,114.3515,114.2395,114.343
2022-02-02 13:00:00+00:00,usdjpy,114.4265,114.4295,114.159,114.24
2022-02-02 14:00:00+00:00,usdjpy,114.2445,114.4445,114.2005,114.4255
2022-02-02 15:00:00+00:00,usdjpy,114.3785,114.4075,114.1975,114.2445
2022-02-02 16:00:00+00:00,usdjpy,114.373,114.4075,114.321,114.3785
2022-02-02 17:00:00+00:00,usdjpy,114.328,114.3755,114.2965,114.3725
2022-02-02 18:00:00+00:00,usdjpy,114.3935,114.4095,114.3085,114.3275
2022-02-02 19:00:00+00:00,usdjpy,114.3815,114.4225,114.3735,114.394
2022-02-02 20:00:00+00:00,usdjpy,114.4585,114.4685,114.3735,114.382
2022-02-02 21:00:00+00:00,usdjpy,114.464,114.466,114.408,114.459
2022-02-02 22:00:00+00:00,usdjpy,114.455,114.469,114.4015,114.421
2022-02-02 23:00:00+00:00,usdjpy,114.3835,114.458,114.3475,114.456
2022-02-03 00:00:00+00:00,usdjpy,114.4525,114.471,114.3395,114.383
2022-02-03 01:00:00+00:00,usdjpy,114.3825,114.4725,114.3735,114.453
2022-02-03 02:00:00+00:00,usdjpy,114.4435,114.4585,114.3285,114.382
2022-02-03 03:00:00+00:00,usdjpy,114.4235,114.453,114.3985,114.443
2022-02-03 04:00:00+00:00,usdjpy,114.5025,114.5345,114.4225,114.4225
2022-02-03 05:00:00+00:00,usdjpy,114.5255,114.5355,114.4905,114.5015
2022-02-03 06:00:00+00:00,usdjpy,114.5465,114.5545,114.4925,114.525
2022-02-03 07:00:00+00:00,usdjpy,114.5815,114.6065,114.503,114.546
2022-02-03 08:00:00+00:00,usdjpy,114.6765,114.7015,114.5795,114.5805
2022-02-03 09:00:00+00:00,usdjpy,114.7485,114.7815,114.6525,114.676
2022-02-03 10:00:00+00:00,usdjpy,114.7755,114.7895,114.7405,114.7475
2022-02-03 11:00:00+00:00,usdjpy,114.8375,114.8505,114.7595,114.775
2022-02-03 12:00:00+00:00,usdjpy,114.8395,114.976,114.7505,114.836
2022-02-03 13:00:00+00:00,usdjpy,114.859,114.9235,114.7855,114.845
2022-02-03 14:00:00+00:00,usdjpy,114.8495,114.9305,114.7355,114.856
2022-02-03 15:00:00+00:00,usdjpy,114.891,114.9495,114.8305,114.8495
2022-02-03 16:00:00+00:00,usdjpy,114.8795,114.9385,114.8115,114.8935
2022-02-03 17:00:00+00:00,usdjpy,114.8505,114.909,114.7895,114.8835
2022-02-03 18:00:00+00:00,usdjpy,114.9125,114.9395,114.8455,114.851
2022-02-03 19:00:00+00:00,usdjpy,114.939,114.9445,114.8655,114.912
2022-02-03 20:00:00+00:00,usdjpy,114.941,114.9605,114.8925,114.9385
2022-02-03 21:00:00+00:00,usdjpy,114.972,114.991,114.9275,114.9415
2022-02-03 22:00:00+00:00,usdjpy,114.9725,114.9855,114.945,114.949
2022-02-03 23:00:00+00:00,usdjpy,114.9605,114.9775,114.95,114.9735
2022-02-04 00:00:00+00:00,usdjpy,114.9645,115.0525,114.9295,114.9615
2022-02-04 01:00:00+00:00,usdjpy,114.849,114.9685,114.8195,114.9625
2022-02-04 02:00:00+00:00,usdjpy,114.9345,114.9545,114.816,114.8495
2022-02-04 03:00:00+00:00,usdjpy,114.9105,114.9705,114.9025,114.935
2022-02-04 04:00:00+00:00,usdjpy,114.888,114.9175,114.8695,114.9115
2022-02-04 05:00:00+00:00,usdjpy,114.9345,114.9465,114.8735,114.8885
2022-02-04 06:00:00+00:00,usdjpy,114.9905,115.014,114.9065,114.935
2022-02-04 07:00:00+00:00,usdjpy,115.1035,115.1225,114.9325,114.99
2022-02-04 08:00:00+00:00,usdjpy,115.0835,115.1525,115.038,115.1175
2022-02-04 09:00:00+00:00,usdjpy,114.9455,115.098,114.9095,115.084
2022-02-04 10:00:00+00:00,usdjpy,114.9555,114.9735,114.8995,114.946
2022-02-04 11:00:00+00:00,usdjpy,114.8745,114.9625,114.85,114.956
2022-02-04 12:00:00+00:00,usdjpy,114.9145,114.9195,114.7755,114.874
2022-02-04 13:00:00+00:00,usdjpy,115.3625,115.394,114.8655,114.9155
2022-02-04 14:00:00+00:00,usdjpy,115.3465,115.3615,115.1375,115.3495
2022-02-04 15:00:00+00:00,usdjpy,115.2735,115.431,115.2275,115.3415
2022-02-04 16:00:00+00:00,usdjpy,115.2285,115.2855,115.2035,115.274
2022-02-04 17:00:00+00:00,usdjpy,115.2495,115.253,115.1645,115.2285
2022-02-04 18:00:00+00:00,usdjpy,115.2345,115.258,115.1885,115.25
2022-02-04 19:00:00+00:00,usdjpy,115.2615,115.263,115.1775,115.235
2022-02-04 20:00:00+00:00,usdjpy,115.1925,115.267,115.178,115.262
2022-02-04 21:00:00+00:00,usdjpy,115.222,115.222,115.1815,115.193
2022-02-06 22:00:00+00:00,usdjpy,115.2775,115.315,115.225,115.2695
2022-02-06 23:00:00+00:00,usdjpy,115.2275,115.3225,115.2205,115.2785
2022-02-07 00:00:00+00:00,usdjpy,115.2455,115.26,115.139,115.2285
2022-02-07 01:00:00+00:00,usdjpy,115.2975,115.339,115.237,115.2455
2022-02-07 02:00:00+00:00,usdjpy,115.2975,115.3455,115.255,115.297
2022-02-07 03:00:00+00:00,usdjpy,115.3035,115.3225,115.2685,115.2975
2022-02-07 04:00:00+00:00,usdjpy,115.2745,115.3075,115.2685,115.3025
2022-02-07 05:00:00+00:00,usdjpy,115.3475,115.3795,115.2635,115.2755
2022-02-07 06:00:00+00:00,usdjpy,115.3455,115.3485,115.2935,115.348
2022-02-07 07:00:00+00:00,usdjpy,115.2565,115.3555,115.1995,115.346
2022-02-07 08:00:00+00:00,usdjpy,115.1015,115.2575,115.037,115.2565
2022-02-07 09:00:00+00:00,usdjpy,115.0235,115.152,114.9705,115.102
2022-02-07 10:00:00+00:00,usdjpy,115.0165,115.0865,114.981,115.024
2022-02-07 11:00:00+00:00,usdjpy,114.9475,115.0465,114.9175,115.0155
2022-02-07 12:00:00+00:00,usdjpy,114.968,115.0245,114.9175,114.9485
2022-02-07 13:00:00+00:00,usdjpy,115.0945,115.1245,114.9215,114.9675
2022-02-07 14:00:00+00:00,usdjpy,115.0655,115.1425,115.052,115.0945
2022-02-07 15:00:00+00:00,usdjpy,115.0575,115.0785,114.9775,115.073
2022-02-07 16:00:00+00:00,usdjpy,115.0995,115.1165,115.006,115.0565
2022-02-07 17:00:00+00:00,usdjpy,115.1655,115.1805,115.0925,115.099
2022-02-07 18:00:00+00:00,usdjpy,115.1165,115.1665,115.1155,115.165
2022-02-07 19:00:00+00:00,usdjpy,115.0725,115.1365,115.0645,115.117
2022-02-07 20:00:00+00:00,usdjpy,115.106,115.1065,115.0555,115.0715
2022-02-07 21:00:00+00:00,usdjpy,115.1,115.1085,115.0675,115.1065
2022-02-07 22:00:00+00:00,usdjpy,115.0965,115.131,115.0775,115.11
2022-02-07 23:00:00+00:00,usdjpy,115.0655,115.0975,115.0565,115.0955
2022-02-08 00:00:00+00:00,usdjpy,115.2935,115.3135,115.0625,115.066
2022-02-08 01:00:00+00:00,usdjpy,115.2975,115.348,115.2505,115.293
2022-02-08 02:00:00+00:00,usdjpy,115.3865,115.4185,115.2935,115.298
2022-02-08 03:00:00+00:00,usdjpy,115.3505,115.386,115.3195,115.386
2022-02-08 04:00:00+00:00,usdjpy,115.4065,115.4195,115.346,115.3515
2022-02-08 05:00:00+00:00,usdjpy,115.464,115.4815,115.4035,115.407
2022-02-08 06:00:00+00:00,usdjpy,115.4865,115.5285,115.443,115.4635
2022-02-08 07:00:00+00:00,usdjpy,115.484,115.5475,115.4475,115.4865
2022-02-08 08:00:00+00:00,usdjpy,115.3715,115.4945,115.3305,115.4845
2022-02-08 09:00:00+00:00,usdjpy,115.3815,115.4155,115.3115,115.372
2022-02-08 10:00:00+00:00,usdjpy,115.2485,115.3835,115.2335,115.3805
2022-02-08 11:00:00+00:00,usdjpy,115.3125,115.3355,115.2345,115.249
2022-02-08 12:00:00+00:00,usdjpy,115.375,115.375,115.3025,115.312
2022-02-08 13:00:00+00:00,usdjpy,115.4255,115.4775,115.3745,115.3745
2022-02-08 14:00:00+00:00,usdjpy,115.4745,115.498,115.3855,115.4245
2022-02-08 15:00:00+00:00,usdjpy,115.5945,115.6075,115.4385,115.475
2022-02-08 16:00:00+00:00,usdjpy,115.6255,115.6285,115.5715,115.5935
2022-02-08 17:00:00+00:00,usdjpy,115.5925,115.626,115.544,115.626
2022-02-08 18:00:00+00:00,usdjpy,115.5285,115.6045,115.5135,115.5925
2022-02-08 19:00:00+00:00,usdjpy,115.541,115.5445,115.4725,115.5285
2022-02-08 20:00:00+00:00,usdjpy,115.5445,115.5445,115.4935,115.5405
2022-02-08 21:00:00+00:00,usdjpy,115.543,115.5495,115.5235,115.545
2022-02-08 22:00:00+00:00,usdjpy,115.5525,115.5585,115.534,115.5355
2022-02-08 23:00:00+00:00,usdjpy,115.5365,115.685,115.5355,115.553
2022-02-09 00:00:00+00:00,usdjpy,115.5255,115.596,115.4375,115.5355
2022-02-09 01:00:00+00:00,usdjpy,115.4425,115.525,115.4015,115.525
2022-02-09 02:00:00+00:00,usdjpy,115.3335,115.4425,115.3235,115.4415
2022-02-09 03:00:00+00:00,usdjpy,115.4025,115.434,115.3235,115.3345
2022-02-09 04:00:00+00:00,usdjpy,115.4655,115.4765,115.3715,115.403
2022-02-09 05:00:00+00:00,usdjpy,115.4795,115.4905,115.4275,115.4665
2022-02-09 06:00:00+00:00,usdjpy,115.5185,115.5415,115.4235,115.4785
2022-02-09 07:00:00+00:00,usdjpy,115.4045,115.5225,115.4035,115.519
2022-02-09 08:00:00+00:00,usdjpy,115.4025,115.4245,115.3375,115.405
2022-02-09 09:00:00+00:00,usdjpy,115.363,115.4465,115.3435,115.4015
2022-02-09 10:00:00+00:00,usdjpy,115.4315,115.4645,115.3585,115.3625
2022-02-09 11:00:00+00:00,usdjpy,115.4375,115.479,115.3925,115.432
2022-02-09 12:00:00+00:00,usdjpy,115.4435,115.471,115.4155,115.437
2022-02-09 13:00:00+00:00,usdjpy,115.464,115.5185,115.4275,115.4425
2022-02-09 14:00:00+00:00,usdjpy,115.457,115.5115,115.3815,115.4635
2022-02-09 15:00:00+00:00,usdjpy,115.462,115.4805,115.3915,115.4575
2022-02-09 16:00:00+00:00,usdjpy,115.4565,115.4695,115.412,115.456
2022-02-09 17:00:00+00:00,usdjpy,115.4395,115.4595,115.376,115.457
2022-02-09 18:00:00+00:00,usdjpy,115.4905,115.4985,115.3835,115.439
2022-02-09 19:00:00+00:00,usdjpy,115.4815,115.5095,115.4735,115.49
2022-02-09 20:00:00+00:00,usdjpy,115.525,115.5655,115.466,115.482
2022-02-09 21:00:00+00:00,usdjpy,115.5315,115.551,115.5175,115.5255
2022-02-09 22:00:00+00:00,usdjpy,115.5485,115.561,115.522,115.523
2022-02-09 23:00:00+00:00,usdjpy,115.6025,115.6045,115.5265,115.549
2022-02-10 00:00:00+00:00,usdjpy,115.576,115.6365,115.5545,115.602
2022-02-10 01:00:00+00:00,usdjpy,115.504,115.5845,115.4835,115.5755
2022-02-10 02:00:00+00:00,usdjpy,115.5055,115.5595,115.4945,115.5045
2022-02-10 03:00:00+00:00,usdjpy,115.5465,115.5485,115.4895,115.506
2022-02-10 04:00:00+00:00,usdjpy,115.6425,115.6545,115.5275,115.5475
2022-02-10 05:00:00+00:00,usdjpy,115.6175,115.6425,115.5835,115.642
2022-02-10 06:00:00+00:00,usdjpy,115.6695,115.7075,115.5995,115.618
2022-02-10 07:00:00+00:00,usdjpy,115.5945,115.6745,115.565,115.67
2022-02-10 08:00:00+00:00,usdjpy,115.5635,115.6435,115.5595,115.595
2022-02-10 09:00:00+00:00,usdjpy,115.7905,115.8795,115.5425,115.564
2022-02-10 10:00:00+00:00,usdjpy,115.8325,115.8455,115.7475,115.79
2022-02-10 11:00:00+00:00,usdjpy,115.8175,115.8555,115.775,115.833
2022-02-10 12:00:00+00:00,usdjpy,115.7785,115.8285,115.7635,115.818
2022-02-10 13:00:00+00:00,usdjpy,116.174,116.1945,115.7465,115.7795
2022-02-10 14:00:00+00:00,usdjpy,116.1725,116.3325,116.1355,116.1715
2022-02-10 15:00:00+00:00,usdjpy,115.9535,116.1735,115.822,116.173
2022-02-10 16:00:00+00:00,usdjpy,115.832,115.9545,115.7315,115.9545
2022-02-10 17:00:00+00:00,usdjpy,116.0165,116.1125,115.8325,115.8325
2022-02-10 18:00:00+00:00,usdjpy,115.8605,116.0335,115.8445,116.0155
2022-02-10 19:00:00+00:00,usdjpy,115.9115,115.9405,115.8275,115.861
2022-02-10 20:00:00+00:00,usdjpy,116.047,116.0475,115.908,115.911
2022-02-10 21:00:00+00:00,usdjpy,116.0055,116.1215,115.9865,116.0465
2022-02-10 22:00:00+00:00,usdjpy,116.0495,116.055,115.9985,116.0035
2022-02-10 23:00:00+00:00,usdjpy,116.0545,116.0775,116.0155,116.0485
2022-02-11 00:00:00+00:00,usdjpy,116.069,116.177,116.0375,116.0555
2022-02-11 01:00:00+00:00,usdjpy,115.9865,116.087,115.9585,116.0695
2022-02-11 02:00:00+00:00,usdjpy,116.0525,116.0535,115.9755,115.986
2022-02-11 03:00:00+00:00,usdjpy,116.133,116.1335,116.043,116.053
2022-02-11 04:00:00+00:00,usdjpy,116.134,116.1705,116.0795,116.1335
2022-02-11 05:00:00+00:00,usdjpy,116.0845,116.1345,116.0675,116.1335
2022-02-11 06:00:00+00:00,usdjpy,116.0445,116.1115,116.0395,116.084
2022-02-11 07:00:00+00:00,usdjpy,116.013,116.0935,115.988,116.0455
2022-02-11 08:00:00+00:00,usdjpy,116.0495,116.0985,115.8835,116.0125
2022-02-11 09:00:00+00:00,usdjpy,116.0555,116.088,116.019,116.049
2022-02-11 10:00:00+00:00,usdjpy,116.0175,116.0695,115.9895,116.055
2022-02-11 11:00:00+00:00,usdjpy,116.0025,116.0335,115.9695,116.018
2022-02-11 12:00:00+00:00,usdjpy,115.9465,116.0255,115.8955,116.0035
2022-02-11 13:00:00+00:00,usdjpy,115.9345,115.9705,115.8255,115.9455
2022-02-11 14:00:00+00:00,usdjpy,115.9155,115.9595,115.8515,115.935
2022-02-11 15:00:00+00:00,usdjpy,115.8815,115.9185,115.7725,115.916
2022-02-11 16:00:00+00:00,usdjpy,115.9105,115.9935,115.8615,115.881
2022-02-11 17:00:00+00:00,usdjpy,115.8865,115.9455,115.8845,115.9115
2022-02-11 18:00:00+00:00,usdjpy,115.3755,115.9275,115.2825,115.887
2022-02-11 19:00:00+00:00,usdjpy,115.2525,115.4025,115.0155,115.375
2022-02-11 20:00:00+00:00,usdjpy,115.2925,115.3265,115.1575,115.253
2022-02-11 21:00:00+00:00,usdjpy,115.44,115.5555,115.2775,115.292
2022-02-13 22:00:00+00:00,usdjpy,115.4265,115.4315,115.3585,115.383
2022-02-14 01:00:00+00:00,usdjpy,115.3365,115.5745,115.2855,115.555
2022-02-14 02:00:00+00:00,usdjpy,115.4735,115.4945,115.3355,115.3375
2022-02-14 03:00:00+00:00,usdjpy,115.5065,115.5525,115.447,115.473
2022-02-14 04:00:00+00:00,usdjpy,115.5085,115.5525,115.4845,115.507
2022-02-14 05:00:00+00:00,usdjpy,115.4355,115.5245,115.4075,115.508
2022-02-14 06:00:00+00:00,usdjpy,115.3505,115.4535,115.3055,115.4365
2022-02-14 07:00:00+00:00,usdjpy,115.4105,115.4245,115.2985,115.35
2022-02-14 08:00:00+00:00,usdjpy,115.1205,115.4115,115.0745,115.4095
2022-02-14 09:00:00+00:00,usdjpy,115.0475,115.233,115.0345,115.1195
2022-02-14 10:00:00+00:00,usdjpy,115.1495,115.2115,115.0125,115.0485
2022-02-14 11:00:00+00:00,usdjpy,115.1785,115.2225,115.1175,115.149
2022-02-14 12:00:00+00:00,usdjpy,115.4585,115.4705,115.1185,115.1795
2022-02-14 13:00:00+00:00,usdjpy,115.4995,115.5295,115.4035,115.459
2022-02-14 14:00:00+00:00,usdjpy,115.527,115.5625,115.4625,115.4985
2022-02-14 15:00:00+00:00,usdjpy,115.5875,115.6485,115.4685,115.5275
2022-02-14 16:00:00+00:00,usdjpy,115.7245,115.7285,115.5465,115.588
2022-02-14 17:00:00+00:00,usdjpy,115.6365,115.7495,115.6265,115.7255
2022-02-14 18:00:00+00:00,usdjpy,115.4345,115.636,115.4345,115.636
2022-02-14 19:00:00+00:00,usdjpy,115.6615,115.6665,115.3705,115.435
2022-02-14 20:00:00+00:00,usdjpy,115.6185,115.6645,115.533,115.6625
2022-02-14 21:00:00+00:00,usdjpy,115.5445,115.6195,115.535,115.6185
2022-02-14 22:00:00+00:00,usdjpy,115.5435,115.5595,115.5105,115.544
2022-02-14 23:00:00+00:00,usdjpy,115.5395,115.5605,115.5175,115.5445
2022-02-15 00:00:00+00:00,usdjpy,115.3715,115.5575,115.3595,115.54
2022-02-15 01:00:00+00:00,usdjpy,115.3785,115.4025,115.3085,115.3715
2022-02-15 02:00:00+00:00,usdjpy,115.4045,115.4525,115.3765,115.378
2022-02-15 03:00:00+00:00,usdjpy,115.4255,115.4325,115.3375,115.405
2022-02-15 04:00:00+00:00,usdjpy,115.395,115.4345,115.354,115.426
2022-02-15 05:00:00+00:00,usdjpy,115.3295,115.3985,115.2825,115.3945
2022-02-15 06:00:00+00:00,usdjpy,115.2985,115.375,115.259,115.3305
2022-02-15 07:00:00+00:00,usdjpy,115.3485,115.361,115.2665,115.2995
2022-02-15 08:00:00+00:00,usdjpy,115.5845,115.6485,115.3245,115.349
2022-02-15 09:00:00+00:00,usdjpy,115.6045,115.6475,115.545,115.5835
2022-02-15 10:00:00+00:00,usdjpy,115.641,115.6465,115.4825,115.605
2022-02-15 11:00:00+00:00,usdjpy,115.6595,115.7095,115.6265,115.6405
2022-02-15 12:00:00+00:00,usdjpy,115.651,115.6995,115.615,115.659
2022-02-15 13:00:00+00:00,usdjpy,115.6545,115.72,115.5695,115.6505
2022-02-15 14:00:00+00:00,usdjpy,115.8175,115.8435,115.5785,115.655
2022-02-15 15:00:00+00:00,usdjpy,115.7465,115.876,115.72,115.8165
2022-02-15 16:00:00+00:00,usdjpy,115.636,115.7465,115.6345,115.7455
2022-02-15 17:00:00+00:00,usdjpy,115.6715,115.7285,115.6295,115.6365
2022-02-15 18:00:00+00:00,usdjpy,115.6445,115.6735,115.608,115.672
2022-02-15 19:00:00+00:00,usdjpy,115.6335,115.6695,115.5875,115.645
2022-02-15 20:00:00+00:00,usdjpy,115.6275,115.6515,115.5965,115.6325
2022-02-15 21:00:00+00:00,usdjpy,115.608,115.6495,115.589,115.6275
2022-02-15 22:00:00+00:00,usdjpy,115.6265,115.6375,115.5905,115.6075
2022-02-15 23:00:00+00:00,usdjpy,115.6415,115.6555,115.6055,115.6285
2022-02-16 00:00:00+00:00,usdjpy,115.6855,115.7045,115.6215,115.6425
2022-02-16 01:00:00+00:00,usdjpy,115.6735,115.744,115.644,115.685
2022-02-16 02:00:00+00:00,usdjpy,115.6925,115.7135,115.6635,115.673
2022-02-16 03:00:00+00:00,usdjpy,115.6985,115.7285,115.6785,115.6915
2022-02-16 04:00:00+00:00,usdjpy,115.6815,115.7045,115.6585,115.7
2022-02-16 05:00:00+00:00,usdjpy,115.6945,115.7045,115.6625,115.681
2022-02-16 06:00:00+00:00,usdjpy,115.6405,115.7095,115.638,115.6945
2022-02-16 07:00:00+00:00,usdjpy,115.6405,115.7045,115.6235,115.641
2022-02-16 08:00:00+00:00,usdjpy,115.7245,115.7915,115.6065,115.641
2022-02-16 09:00:00+00:00,usdjpy,115.658,115.7675,115.6455,115.7255
2022-02-16 10:00:00+00:00,usdjpy,115.6945,115.729,115.637,115.6585
2022-02-16 11:00:00+00:00,usdjpy,115.6785,115.7085,115.6555,115.6955
2022-02-16 12:00:00+00:00,usdjpy,115.6895,115.7285,115.6545,115.678
2022-02-16 13:00:00+00:00,usdjpy,115.4845,115.7845,115.4565,115.69
2022-02-16 14:00:00+00:00,usdjpy,115.4415,115.5525,115.3825,115.484
2022-02-16 15:00:00+00:00,usdjpy,115.435,115.5455,115.4085,115.442
2022-02-16 16:00:00+00:00,usdjpy,115.4185,115.5035,115.407,115.4365
2022-02-16 17:00:00+00:00,usdjpy,115.4525,115.479,115.3975,115.418
2022-02-16 18:00:00+00:00,usdjpy,115.53,115.5625,115.4405,115.453
2022-02-16 19:00:00+00:00,usdjpy,115.4015,115.5615,115.3575,115.5295
2022-02-16 20:00:00+00:00,usdjpy,115.4255,115.4705,115.391,115.401
2022-02-16 21:00:00+00:00,usdjpy,115.5135,115.5145,115.4225,115.426
2022-02-16 22:00:00+00:00,usdjpy,115.4715,115.516,115.445,115.506
2022-02-16 23:00:00+00:00,usdjpy,115.3945,115.4755,115.34,115.4705
2022-02-17 00:00:00+00:00,usdjpy,115.4605,115.4795,115.3325,115.3925
2022-02-17 01:00:00+00:00,usdjpy,115.4725,115.5395,115.4535,115.46
2022-02-17 02:00:00+00:00,usdjpy,115.4715,115.5305,115.4385,115.472
2022-02-17 03:00:00+00:00,usdjpy,115.168,115.5005,115.1165,115.4705
2022-02-17 04:00:00+00:00,usdjpy,115.2585,115.306,115.135,115.1675
2022-02-17 05:00:00+00:00,usdjpy,115.2395,115.3465,115.2135,115.2635
2022-02-17 06:00:00+00:00,usdjpy,115.2925,115.4075,115.168,115.239
2022-02-17 07:00:00+00:00,usdjpy,115.2985,115.3345,115.2435,115.292
2022-02-17 08:00:00+00:00,usdjpy,115.0875,115.3545,115.0065,115.298
2022-02-17 09:00:00+00:00,usdjpy,115.094,115.1035,114.9515,115.087
2022-02-17 10:00:00+00:00,usdjpy,115.0405,115.188,115.0395,115.0945
2022-02-17 11:00:00+00:00,usdjpy,115.063,115.0905,115.0035,115.041
2022-02-17 12:00:00+00:00,usdjpy,115.0005,115.1115,114.9895,115.0635
2022-02-17 13:00:00+00:00,usdjpy,114.886,115.1135,114.8475,115.001
2022-02-17 14:00:00+00:00,usdjpy,114.944,115.1495,114.8725,114.8865
2022-02-17 15:00:00+00:00,usdjpy,114.9665,115.052,114.8705,114.9445
2022-02-17 16:00:00+00:00,usdjpy,115.0385,115.0445,114.9375,114.9665
2022-02-17 17:00:00+00:00,usdjpy,115.0535,115.0645,115.0095,115.0395
2022-02-17 18:00:00+00:00,usdjpy,115.0125,115.0835,114.9995,115.054
2022-02-17 19:00:00+00:00,usdjpy,114.8775,115.0625,114.8765,115.0115
2022-02-17 20:00:00+00:00,usdjpy,114.9115,114.9825,114.8755,114.878
2022-02-17 21:00:00+00:00,usdjpy,114.934,114.9615,114.9105,114.911
2022-02-17 22:00:00+00:00,usdjpy,114.9575,114.9645,114.9125,114.9195
2022-02-17 23:00:00+00:00,usdjpy,114.8645,114.9565,114.7975,114.9565
2022-02-18 00:00:00+00:00,usdjpy,114.9195,114.9455,114.7915,114.8625
2022-02-18 01:00:00+00:00,usdjpy,115.1385,115.2795,114.9195,114.9195
2022-02-18 02:00:00+00:00,usdjpy,115.2025,115.2285,115.1255,115.139
2022-02-18 03:00:00+00:00,usdjpy,115.1355,115.2035,115.1295,115.203
2022-02-18 04:00:00+00:00,usdjpy,115.1835,115.2035,115.1275,115.135
2022-02-18 05:00:00+00:00,usdjpy,115.2115,115.2305,115.1645,115.184
2022-02-18 06:00:00+00:00,usdjpy,115.1715,115.2175,115.1575,115.211
2022-02-18 07:00:00+00:00,usdjpy,115.122,115.1955,115.0575,115.1725
2022-02-18 08:00:00+00:00,usdjpy,115.1955,115.2995,115.1075,115.1215
2022-02-18 09:00:00+00:00,usdjpy,115.1545,115.2125,115.126,115.195
2022-02-18 10:00:00+00:00,usdjpy,115.1845,115.1985,115.137,115.1535
2022-02-18 11:00:00+00:00,usdjpy,115.163,115.243,115.1575,115.185
2022-02-18 12:00:00+00:00,usdjpy,115.1305,115.1745,115.1045,115.1625
2022-02-18 13:00:00+00:00,usdjpy,115.0795,115.1505,115.014,115.13
2022-02-18 14:00:00+00:00,usdjpy,115.0345,115.127,114.972,115.079
2022-02-18 15:00:00+00:00,usdjpy,115.154,115.1775,115.0025,115.0335
2022-02-18 16:00:00+00:00,usdjpy,115.0815,115.1585,115.0625,115.1535
2022-02-18 17:00:00+00:00,usdjpy,115.0735,115.1205,115.0415,115.0805
2022-02-18 18:00:00+00:00,usdjpy,115.0275,115.0765,115.0,115.074
2022-02-18 19:00:00+00:00,usdjpy,115.0815,115.0845,115.0105,115.028
2022-02-18 20:00:00+00:00,usdjpy,115.0875,115.0975,115.025,115.081
2022-02-18 21:00:00+00:00,usdjpy,115.0005,115.1215,115.0005,115.088
2022-02-20 22:00:00+00:00,usdjpy,114.982,115.067,114.97,115.051
2022-02-20 23:00:00+00:00,usdjpy,114.9675,115.0015,114.873,114.9825
2022-02-21 00:00:00+00:00,usdjpy,115.0765,115.1125,114.8775,114.9645
2022-02-21 01:00:00+00:00,usdjpy,115.0145,115.1265,114.9825,115.076
2022-02-21 02:00:00+00:00,usdjpy,114.9775,115.0545,114.975,115.0145
2022-02-21 03:00:00+00:00,usdjpy,114.9535,114.9785,114.8865,114.978
2022-02-21 04:00:00+00:00,usdjpy,114.9855,114.9975,114.926,114.953
2022-02-21 05:00:00+00:00,usdjpy,114.9765,115.0325,114.9545,114.985
2022-02-21 06:00:00+00:00,usdjpy,114.9605,114.978,114.939,114.976
2022-02-21 07:00:00+00:00,usdjpy,114.9305,115.017,114.9235,114.961
2022-02-21 08:00:00+00:00,usdjpy,114.9395,114.9665,114.8095,114.93
2022-02-21 09:00:00+00:00,usdjpy,114.8655,114.9425,114.8415,114.94
2022-02-21 10:00:00+00:00,usdjpy,114.8545,114.8645,114.8035,114.8645
2022-02-21 11:00:00+00:00,usdjpy,114.8745,114.8805,114.8075,114.8555
2022-02-21 12:00:00+00:00,usdjpy,114.8705,114.9505,114.8405,114.874
2022-02-21 13:00:00+00:00,usdjpy,114.8605,114.9075,114.8195,114.87
2022-02-21 14:00:00+00:00,usdjpy,114.8685,114.8935,114.8275,114.8595
2022-02-21 15:00:00+00:00,usdjpy,114.845,114.9005,114.8245,114.8695
2022-02-21 16:00:00+00:00,usdjpy,114.8005,114.8535,114.7985,114.8445
2022-02-21 17:00:00+00:00,usdjpy,114.808,114.833,114.7835,114.7995
2022-02-21 18:00:00+00:00,usdjpy,114.7735,114.8305,114.7635,114.8075
2022-02-21 19:00:00+00:00,usdjpy,114.7725,114.809,114.7565,114.774
2022-02-21 20:00:00+00:00,usdjpy,114.8,114.8025,114.748,114.773
2022-02-21 21:00:00+00:00,usdjpy,114.741,114.8475,114.7205,114.8005
2022-02-21 22:00:00+00:00,usdjpy,114.7025,114.7505,114.6775,114.742
2022-02-21 23:00:00+00:00,usdjpy,114.6105,114.7055,114.5015,114.7015
2022-02-22 00:00:00+00:00,usdjpy,114.734,114.7975,114.5235,114.6115
2022-02-22 01:00:00+00:00,usdjpy,114.7205,114.7945,114.6345,114.7345
2022-02-22 02:00:00+00:00,usdjpy,114.672,114.7235,114.6165,114.7195
2022-02-22 03:00:00+00:00,usdjpy,114.6145,114.678,114.5725,114.6725
2022-02-22 04:00:00+00:00,usdjpy,114.6925,114.708,114.6135,114.615
2022-02-22 05:00:00+00:00,usdjpy,114.7305,114.7425,114.6575,114.693
2022-02-22 06:00:00+00:00,usdjpy,114.6815,114.7825,114.6635,114.73
2022-02-22 07:00:00+00:00,usdjpy,114.7415,114.7855,114.6245,114.682
2022-02-22 08:00:00+00:00,usdjpy,114.883,114.9075,114.7195,114.7405
2022-02-22 09:00:00+00:00,usdjpy,114.7755,114.887,114.7555,114.8825
2022-02-22 10:00:00+00:00,usdjpy,114.931,114.9735,114.7745,114.7745
2022-02-22 11:00:00+00:00,usdjpy,115.0815,115.0965,114.8995,114.9315
2022-02-22 12:00:00+00:00,usdjpy,115.0865,115.1185,115.025,115.082
2022-02-22 13:00:00+00:00,usdjpy,115.1215,115.1635,115.0305,115.086
2022-02-22 14:00:00+00:00,usdjpy,115.2355,115.24,115.0995,115.1205
2022-02-22 15:00:00+00:00,usdjpy,115.0525,115.2435,115.0525,115.2355
2022-02-22 16:00:00+00:00,usdjpy,114.941,115.088,114.9285,115.0535
2022-02-22 17:00:00+00:00,usdjpy,114.9275,114.9925,114.9205,114.9415
2022-02-22 18:00:00+00:00,usdjpy,114.9495,114.9545,114.876,114.928
2022-02-22 19:00:00+00:00,usdjpy,115.0695,115.1115,114.9405,114.9485
2022-02-22 20:00:00+00:00,usdjpy,115.0265,115.112,115.0115,115.07
2022-02-22 21:00:00+00:00,usdjpy,115.083,115.085,115.0225,115.026
2022-02-22 22:00:00+00:00,usdjpy,115.0615,115.084,115.0345,115.0805
2022-02-22 23:00:00+00:00,usdjpy,115.1005,115.1155,115.0485,115.0645
2022-02-23 00:00:00+00:00,usdjpy,115.0255,115.1275,115.0065,115.1
2022-02-23 01:00:00+00:00,usdjpy,115.042,115.0575,114.9915,115.026
2022-02-23 02:00:00+00:00,usdjpy,115.079,115.0975,115.0325,115.0425
2022-02-23 03:00:00+00:00,usdjpy,115.0255,115.083,114.9995,115.0795
2022-02-23 04:00:00+00:00,usdjpy,115.0435,115.0525,115.0085,115.0245
2022-02-23 05:00:00+00:00,usdjpy,115.051,115.0735,115.0395,115.0415
2022-02-23 06:00:00+00:00,usdjpy,115.06,115.062,115.0255,115.0515
2022-02-23 07:00:00+00:00,usdjpy,115.0725,115.092,114.9955,115.0605
2022-02-23 08:00:00+00:00,usdjpy,115.1435,115.1485,114.9935,115.073
2022-02-23 09:00:00+00:00,usdjpy,115.0725,115.1695,115.0575,115.143
2022-02-23 10:00:00+00:00,usdjpy,115.064,115.0855,115.0215,115.073
2022-02-23 11:00:00+00:00,usdjpy,115.0935,115.11,115.058,115.0635
2022-02-23 12:00:00+00:00,usdjpy,115.0965,115.127,115.057,115.0955
2022-02-23 13:00:00+00:00,usdjpy,115.0145,115.1345,114.9635,115.097
2022-02-23 14:00:00+00:00,usdjpy,115.1465,115.2025,114.9995,115.015
2022-02-23 15:00:00+00:00,usdjpy,115.0365,115.1495,115.0275,115.147
2022-02-23 16:00:00+00:00,usdjpy,115.1255,115.1325,115.02,115.0355
2022-02-23 17:00:00+00:00,usdjpy,115.0785,115.128,115.071,115.1265
2022-02-23 18:00:00+00:00,usdjpy,114.9295,115.0915,114.9265,115.079
2022-02-23 19:00:00+00:00,usdjpy,114.9665,114.9995,114.927,114.9285
2022-02-23 20:00:00+00:00,usdjpy,115.0035,115.0275,114.9285,114.967
2022-02-23 21:00:00+00:00,usdjpy,115.001,115.029,114.9755,115.0045
2022-02-23 22:00:00+00:00,usdjpy,114.986,115.0165,114.9815,115.002
2022-02-23 23:00:00+00:00,usdjpy,114.9005,114.9965,114.8745,114.9865
2022-02-24 00:00:00+00:00,usdjpy,114.9065,114.9425,114.831,114.8995
2022-02-24 01:00:00+00:00,usdjpy,115.0825,115.1195,114.8845,114.907
2022-02-24 02:00:00+00:00,usdjpy,115.0235,115.106,114.976,115.082
2022-02-24 03:00:00+00:00,usdjpy,114.6995,115.0775,114.654,115.0225
2022-02-24 04:00:00+00:00,usdjpy,114.6665,114.7345,114.514,114.7005
2022-02-24 05:00:00+00:00,usdjpy,114.5635,114.6795,114.4925,114.6645
2022-02-24 06:00:00+00:00,usdjpy,114.4335,114.6245,114.414,114.5625
2022-02-24 07:00:00+00:00,usdjpy,114.6275,114.6575,114.4095,114.4315
2022-02-24 08:00:00+00:00,usdjpy,114.6685,114.7865,114.5945,114.627
2022-02-24 09:00:00+00:00,usdjpy,114.737,114.7815,114.6405,114.6675
2022-02-24 10:00:00+00:00,usdjpy,114.666,114.784,114.6285,114.7365
2022-02-24 11:00:00+00:00,usdjpy,114.7875,114.8275,114.5755,114.6655
2022-02-24 12:00:00+00:00,usdjpy,114.7935,114.7955,114.6085,114.787
2022-02-24 13:00:00+00:00,usdjpy,114.9045,115.0015,114.7875,114.793
2022-02-24 14:00:00+00:00,usdjpy,115.172,115.186,114.9005,114.905
2022-02-24 15:00:00+00:00,usdjpy,115.605,115.6225,115.1695,115.1725
2022-02-24 16:00:00+00:00,usdjpy,115.4675,115.6535,115.3645,115.604
2022-02-24 17:00:00+00:00,usdjpy,115.3425,115.481,115.2675,115.467
2022-02-24 18:00:00+00:00,usdjpy,115.3615,115.4265,115.3185,115.343
2022-02-24 19:00:00+00:00,usdjpy,115.689,115.696,115.362,115.362
2022-02-24 20:00:00+00:00,usdjpy,115.5925,115.6955,115.5765,115.6885
2022-02-24 21:00:00+00:00,usdjpy,115.5395,115.6255,115.5265,115.5925
2022-02-24 22:00:00+00:00,usdjpy,115.507,115.557,115.4845,115.536
2022-02-24 23:00:00+00:00,usdjpy,115.5525,115.6005,115.447,115.5075
2022-02-25 00:00:00+00:00,usdjpy,115.494,115.6145,115.4335,115.551
2022-02-25 01:00:00+00:00,usdjpy,115.4405,115.6265,115.3845,115.4935
2022-02-25 02:00:00+00:00,usdjpy,115.2745,115.4455,115.259,115.4425
2022-02-25 03:00:00+00:00,usdjpy,115.2445,115.3365,115.1805,115.2735
2022-02-25 04:00:00+00:00,usdjpy,115.1925,115.2905,115.1485,115.245
2022-02-25 05:00:00+00:00,usdjpy,115.1805,115.2375,115.1635,115.1945
2022-02-25 06:00:00+00:00,usdjpy,115.2355,115.2795,115.181,115.181
2022-02-25 07:00:00+00:00,usdjpy,115.2885,115.3525,115.2095,115.2365
2022-02-25 08:00:00+00:00,usdjpy,115.3065,115.3375,115.188,115.2875
2022-02-25 09:00:00+00:00,usdjpy,115.323,115.3785,115.264,115.307
2022-02-25 10:00:00+00:00,usdjpy,115.3865,115.3995,115.2985,115.3235
2022-02-25 11:00:00+00:00,usdjpy,115.4725,115.5015,115.3655,115.3855
2022-02-25 12:00:00+00:00,usdjpy,115.5695,115.595,115.4475,115.473
2022-02-25 13:00:00+00:00,usdjpy,115.5605,115.6105,115.5025,115.57
2022-02-25 14:00:00+00:00,usdjpy,115.6295,115.631,115.4725,115.5595
2022-02-25 15:00:00+00:00,usdjpy,115.5745,115.63,115.4675,115.63
2022-02-25 16:00:00+00:00,usdjpy,115.6325,115.6355,115.523,115.5735
2022-02-25 17:00:00+00:00,usdjpy,115.7535,115.7625,115.6055,115.6335
2022-02-25 18:00:00+00:00,usdjpy,115.6895,115.7545,115.6795,115.7545
2022-02-25 19:00:00+00:00,usdjpy,115.5985,115.6905,115.5915,115.6905
2022-02-25 20:00:00+00:00,usdjpy,115.5335,115.6075,115.5225,115.598
2022-02-25 21:00:00+00:00,usdjpy,115.585,115.585,115.5075,115.534
2022-02-27 22:00:00+00:00,usdjpy,115.5425,115.781,115.4735,115.5185
2022-02-27 23:00:00+00:00,usdjpy,115.5905,115.7435,115.384,115.5445
2022-02-28 00:00:00+00:00,usdjpy,115.579,115.6695,115.4585,115.5895
2022-02-28 01:00:00+00:00,usdjpy,115.52,115.6045,115.4955,115.579
2022-02-28 02:00:00+00:00,usdjpy,115.4965,115.524,115.4465,115.5195
2022-02-28 03:00:00+00:00,usdjpy,115.5255,115.557,115.4495,115.497
2022-02-28 04:00:00+00:00,usdjpy,115.5755,115.6935,115.4995,115.526
2022-02-28 05:00:00+00:00,usdjpy,115.5455,115.5805,115.5105,115.5765
2022-02-28 06:00:00+00:00,usdjpy,115.5415,115.5635,115.4865,115.545
2022-02-28 07:00:00+00:00,usdjpy,115.5005,115.5855,115.4865,115.541
2022-02-28 08:00:00+00:00,usdjpy,115.5665,115.6255,115.4585,115.5015
2022-02-28 09:00:00+00:00,usdjpy,115.5505,115.5965,115.5085,115.566
2022-02-28 10:00:00+00:00,usdjpy,115.5565,115.6435,115.5425,115.5515
2022-02-28 11:00:00+00:00,usdjpy,115.545,115.5845,115.5175,115.5555
2022-02-28 12:00:00+00:00,usdjpy,115.5125,115.5685,115.5025,115.5455
2022-02-28 13:00:00+00:00,usdjpy,115.3265,115.5195,115.3185,115.5135
2022-02-28 14:00:00+00:00,usdjpy,115.2805,115.3885,115.1595,115.326
2022-02-28 15:00:00+00:00,usdjpy,115.165,115.4285,115.1485,115.282
2022-02-28 16:00:00+00:00,usdjpy,115.122,115.3045,115.12,115.1655
2022-02-28 17:00:00+00:00,usdjpy,115.1145,115.1365,114.9885,115.1225
2022-02-28 18:00:00+00:00,usdjpy,114.9595,115.1215,114.9585,115.114
2022-02-28 19:00:00+00:00,usdjpy,114.8645,114.9835,114.864,114.959
2022-02-28 20:00:00+00:00,usdjpy,114.9575,115.0115,114.8625,114.8635
2022-02-28 21:00:00+00:00,usdjpy,115.0,115.004,114.9085,114.958
2022-02-28 22:00:00+00:00,usdjpy,115.0025,115.0095,114.9745,114.9935
2022-02-28 23:00:00+00:00,usdjpy,115.0875,115.0875,114.9935,115.0025
2022-03-01 00:00:00+00:00,usdjpy,115.2615,115.2915,114.9965,115.0865
2022-03-01 01:00:00+00:00,usdjpy,115.1965,115.2715,115.1725,115.2625
2022-03-01 02:00:00+00:00,usdjpy,115.1865,115.2225,115.139,115.1955
2022-03-01 03:00:00+00:00,usdjpy,115.1515,115.1935,115.1345,115.186
2022-03-01 04:00:00+00:00,usdjpy,115.137,115.1825,115.1175,115.152
2022-03-01 05:00:00+00:00,usdjpy,115.0585,115.1615,115.0185,115.1365
2022-03-01 06:00:00+00:00,usdjpy,115.0575,115.1245,115.0445,115.059
2022-03-01 07:00:00+00:00,usdjpy,115.036,115.0765,114.9945,115.057
2022-03-01 08:00:00+00:00,usdjpy,114.928,115.067,114.923,115.0365
2022-03-01 09:00:00+00:00,usdjpy,114.78,114.9585,114.7485,114.9275
2022-03-01 10:00:00+00:00,usdjpy,114.861,114.8905,114.7735,114.7795
2022-03-01 11:00:00+00:00,usdjpy,114.8085,114.8645,114.7465,114.8605
2022-03-01 12:00:00+00:00,usdjpy,114.8265,114.879,114.7145,114.809
2022-03-01 13:00:00+00:00,usdjpy,114.9145,114.953,114.7635,114.827
2022-03-01 14:00:00+00:00,usdjpy,114.884,114.9295,114.8215,114.9145
2022-03-01 15:00:00+00:00,usdjpy,114.8045,114.947,114.7545,114.8835
2022-03-01 16:00:00+00:00,usdjpy,114.8935,114.9255,114.7925,114.805
2022-03-01 17:00:00+00:00,usdjpy,114.8305,114.9135,114.7715,114.893
2022-03-01 18:00:00+00:00,usdjpy,114.7275,114.8595,114.7005,114.83
2022-03-01 19:00:00+00:00,usdjpy,114.8575,114.911,114.7225,114.728
2022-03-01 20:00:00+00:00,usdjpy,114.825,114.9125,114.8205,114.8565
2022-03-01 21:00:00+00:00,usdjpy,114.9195,114.9265,114.8105,114.8245
2022-03-01 22:00:00+00:00,usdjpy,114.907,114.913,114.8855,114.9095
2022-03-01 23:00:00+00:00,usdjpy,114.8425,114.914,114.7985,114.9065
2022-03-02 00:00:00+00:00,usdjpy,114.993,115.0255,114.7935,114.843
2022-03-02 01:00:00+00:00,usdjpy,115.005,115.085,114.9825,114.9935
2022-03-02 02:00:00+00:00,usdjpy,114.9975,115.0635,114.9695,115.0045
2022-03-02 03:00:00+00:00,usdjpy,115.043,115.062,114.9885,114.9985
2022-03-02 04:00:00+00:00,usdjpy,115.0445,115.0685,115.0165,115.0435
2022-03-02 05:00:00+00:00,usdjpy,115.062,115.11,115.035,115.0455
2022-03-02 06:00:00+00:00,usdjpy,115.1485,115.1775,115.028,115.0615
2022-03-02 07:00:00+00:00,usdjpy,115.157,115.1745,115.1,115.149
2022-03-02 08:00:00+00:00,usdjpy,115.1935,115.268,115.1495,115.1575
2022-03-02 09:00:00+00:00,usdjpy,115.1995,115.2475,115.0895,115.193
2022-03-02 10:00:00+00:00,usdjpy,115.2785,115.2925,115.2,115.2005
2022-03-02 11:00:00+00:00,usdjpy,115.2515,115.2825,115.2115,115.278
2022-03-02 12:00:00+00:00,usdjpy,115.2865,115.395,115.2385,115.2525
2022-03-02 13:00:00+00:00,usdjpy,115.3995,115.4315,115.2625,115.2855
2022-03-02 14:00:00+00:00,usdjpy,115.4745,115.5295,115.3675,115.4
2022-03-02 15:00:00+00:00,usdjpy,115.567,115.5735,115.2495,115.474
2022-03-02 16:00:00+00:00,usdjpy,115.6045,115.6885,115.5325,115.5665
2022-03-02 17:00:00+00:00,usdjpy,115.6015,115.6495,115.5935,115.6035
2022-03-02 18:00:00+00:00,usdjpy,115.583,115.6185,115.5275,115.6005
2022-03-02 19:00:00+00:00,usdjpy,115.5805,115.5955,115.5345,115.586
2022-03-02 20:00:00+00:00,usdjpy,115.5225,115.5925,115.5015,115.58
2022-03-02 21:00:00+00:00,usdjpy,115.5245,115.566,115.4995,115.5215
2022-03-02 22:00:00+00:00,usdjpy,115.5205,115.542,115.5195,115.5295
2022-03-02 23:00:00+00:00,usdjpy,115.5185,115.5245,115.447,115.5225
2022-03-03 00:00:00+00:00,usdjpy,115.602,115.617,115.4945,115.519
2022-03-03 01:00:00+00:00,usdjpy,115.5985,115.67,115.5365,115.6015
2022-03-03 02:00:00+00:00,usdjpy,115.6345,115.6675,115.5785,115.5995
2022-03-03 03:00:00+00:00,usdjpy,115.6295,115.663,115.6215,115.634
2022-03-03 04:00:00+00:00,usdjpy,115.6715,115.7195,115.6285,115.629
2022-03-03 05:00:00+00:00,usdjpy,115.6575,115.6755,115.6275,115.672
2022-03-03 06:00:00+00:00,usdjpy,115.6995,115.7135,115.6495,115.657
2022-03-03 07:00:00+00:00,usdjpy,115.7265,115.74,115.6755,115.7005
2022-03-03 08:00:00+00:00,usdjpy,115.7015,115.7935,115.6555,115.726
2022-03-03 09:00:00+00:00,usdjpy,115.7865,115.8085,115.6835,115.702
2022-03-03 10:00:00+00:00,usdjpy,115.7355,115.7855,115.712,115.7855
2022-03-03 11:00:00+00:00,usdjpy,115.7655,115.7835,115.7125,115.735
2022-03-03 12:00:00+00:00,usdjpy,115.7165,115.7645,115.6435,115.7645
2022-03-03 13:00:00+00:00,usdjpy,115.663,115.7325,115.6445,115.716
2022-03-03 14:00:00+00:00,usdjpy,115.6025,115.701,115.5885,115.6635
2022-03-03 15:00:00+00:00,usdjpy,115.6405,115.6445,115.5135,115.603
2022-03-03 16:00:00+00:00,usdjpy,115.663,115.67,115.5775,115.6395
2022-03-03 17:00:00+00:00,usdjpy,115.5635,115.6835,115.5575,115.663
2022-03-03 18:00:00+00:00,usdjpy,115.4435,115.5645,115.4295,115.563
2022-03-03 19:00:00+00:00,usdjpy,115.4245,115.4735,115.4225,115.4445
2022-03-03 20:00:00+00:00,usdjpy,115.4405,115.4565,115.3855,115.424
2022-03-03 21:00:00+00:00,usdjpy,115.461,115.4685,115.4305,115.4395
2022-03-03 22:00:00+00:00,usdjpy,115.4675,115.4765,115.461,115.4685
2022-03-03 23:00:00+00:00,usdjpy,115.4825,115.501,115.4645,115.4665
2022-03-04 00:00:00+00:00,usdjpy,115.4125,115.488,115.2545,115.4835
2022-03-04 01:00:00+00:00,usdjpy,115.4725,115.5585,115.3485,115.4125
2022-03-04 02:00:00+00:00,usdjpy,115.3735,115.4835,115.3225,115.4735
2022-03-04 03:00:00+00:00,usdjpy,115.358,115.399,115.319,115.3725
2022-03-04 04:00:00+00:00,usdjpy,115.4385,115.4485,115.3485,115.3585
2022-03-04 05:00:00+00:00,usdjpy,115.4495,115.4985,115.4105,115.4405
2022-03-04 06:00:00+00:00,usdjpy,115.4915,115.53,115.4395,115.4485
2022-03-04 07:00:00+00:00,usdjpy,115.4535,115.5365,115.4245,115.4925
2022-03-04 08:00:00+00:00,usdjpy,115.3955,115.4755,115.358,115.4525
2022-03-04 09:00:00+00:00,usdjpy,115.4165,115.4225,115.3235,115.3965
2022-03-04 10:00:00+00:00,usdjpy,115.3455,115.4615,115.343,115.4155
2022-03-04 11:00:00+00:00,usdjpy,115.3805,115.407,115.3095,115.345
2022-03-04 12:00:00+00:00,usdjpy,115.4335,115.4475,115.3355,115.3795
2022-03-04 13:00:00+00:00,usdjpy,115.4215,115.4655,115.3045,115.4325
2022-03-04 14:00:00+00:00,usdjpy,115.1745,115.4225,115.1635,115.4205
2022-03-04 15:00:00+00:00,usdjpy,114.8255,115.1955,114.7985,115.174
2022-03-04 16:00:00+00:00,usdjpy,114.6565,114.87,114.6505,114.825
2022-03-04 17:00:00+00:00,usdjpy,114.7705,114.8955,114.6525,114.6575
2022-03-04 18:00:00+00:00,usdjpy,114.794,114.8645,114.7295,114.771
2022-03-04 19:00:00+00:00,usdjpy,114.7505,114.8185,114.7025,114.7945
2022-03-04 20:00:00+00:00,usdjpy,114.8145,114.889,114.7505,114.751
2022-03-04 21:00:00+00:00,usdjpy,114.794,114.8805,114.792,114.8145
2022-03-06 22:00:00+00:00,usdjpy,114.916,114.96,114.869,114.939
2022-03-06 23:00:00+00:00,usdjpy,114.9545,114.9605,114.8245,114.9165
2022-03-07 00:00:00+00:00,usdjpy,115.036,115.065,114.896,114.9535
2022-03-07 01:00:00+00:00,usdjpy,114.904,115.0485,114.8355,115.0355
2022-03-07 02:00:00+00:00,usdjpy,114.929,114.9655,114.873,114.9045
2022-03-07 03:00:00+00:00,usdjpy,114.8925,114.9475,114.8795,114.9295
2022-03-07 04:00:00+00:00,usdjpy,114.8995,114.9295,114.8645,114.8915
2022-03-07 05:00:00+00:00,usdjpy,114.9275,114.9685,114.8895,114.8985
2022-03-07 06:00:00+00:00,usdjpy,114.9755,115.004,114.9135,114.9285
2022-03-07 07:00:00+00:00,usdjpy,115.0115,115.1295,114.9735,114.9745
2022-03-07 08:00:00+00:00,usdjpy,114.9655,115.0555,114.9085,115.012
2022-03-07 09:00:00+00:00,usdjpy,115.0725,115.0805,114.9485,114.965
2022-03-07 10:00:00+00:00,usdjpy,115.0795,115.1415,115.0535,115.072
2022-03-07 11:00:00+00:00,usdjpy,115.084,115.1075,115.0225,115.079
2022-03-07 12:00:00+00:00,usdjpy,115.2715,115.2905,115.0845,115.0845
2022-03-07 13:00:00+00:00,usdjpy,115.3005,115.3285,115.2185,115.2705
2022-03-07 14:00:00+00:00,usdjpy,115.3335,115.3545,115.2075,115.3
2022-03-07 15:00:00+00:00,usdjpy,115.3885,115.4345,115.2585,115.333
2022-03-07 16:00:00+00:00,usdjpy,115.4205,115.4735,115.3575,115.3875
2022-03-07 17:00:00+00:00,usdjpy,115.4025,115.4215,115.3095,115.4215
2022-03-07 18:00:00+00:00,usdjpy,115.3885,115.423,115.2955,115.402
2022-03-07 19:00:00+00:00,usdjpy,115.3025,115.4145,115.2595,115.389
2022-03-07 20:00:00+00:00,usdjpy,115.2715,115.3575,115.2595,115.302
2022-03-07 21:00:00+00:00,usdjpy,115.3235,115.3355,115.242,115.2705
2022-03-07 22:00:00+00:00,usdjpy,115.3335,115.3365,115.27,115.318
2022-03-07 23:00:00+00:00,usdjpy,115.3695,115.3785,115.2785,115.3345
2022-03-08 00:00:00+00:00,usdjpy,115.4475,115.4755,115.3245,115.3685
2022-03-08 01:00:00+00:00,usdjpy,115.4805,115.5175,115.439,115.448
2022-03-08 02:00:00+00:00,usdjpy,115.3835,115.4845,115.356,115.4815
2022-03-08 03:00:00+00:00,usdjpy,115.451,115.47,115.3725,115.3845
2022-03-08 04:00:00+00:00,usdjpy,115.4525,115.4655,115.3955,115.4505
2022-03-08 05:00:00+00:00,usdjpy,115.4935,115.5075,115.4285,115.4535
2022-03-08 06:00:00+00:00,usdjpy,115.4815,115.5385,115.433,115.4945
2022-03-08 07:00:00+00:00,usdjpy,115.4485,115.4875,115.365,115.4805
2022-03-08 08:00:00+00:00,usdjpy,115.5525,115.5805,115.3835,115.4505
2022-03-08 09:00:00+00:00,usdjpy,115.5955,115.6365,115.5475,115.552
2022-03-08 10:00:00+00:00,usdjpy,115.5925,115.6375,115.5525,115.596
2022-03-08 11:00:00+00:00,usdjpy,115.6365,115.7045,115.5875,115.592
2022-03-08 12:00:00+00:00,usdjpy,115.7225,115.7505,115.5955,115.6355
2022-03-08 13:00:00+00:00,usdjpy,115.6985,115.793,115.6725,115.722
2022-03-08 14:00:00+00:00,usdjpy,115.5375,115.7215,115.5085,115.698
2022-03-08 15:00:00+00:00,usdjpy,115.5885,115.5995,115.4205,115.538
2022-03-08 16:00:00+00:00,usdjpy,115.6425,115.7085,115.5885,115.589
2022-03-08 17:00:00+00:00,usdjpy,115.6005,115.7035,115.5745,115.6435
2022-03-08 18:00:00+00:00,usdjpy,115.7045,115.7385,115.5925,115.6015
2022-03-08 19:00:00+00:00,usdjpy,115.7435,115.7505,115.6895,115.7045
2022-03-08 20:00:00+00:00,usdjpy,115.643,115.743,115.6195,115.7425
2022-03-08 21:00:00+00:00,usdjpy,115.6735,115.6795,115.6235,115.6435
2022-03-08 22:00:00+00:00,usdjpy,115.6765,115.717,115.652,115.6695
2022-03-08 23:00:00+00:00,usdjpy,115.7265,115.7495,115.677,115.6775
2022-03-09 00:00:00+00:00,usdjpy,115.8325,115.8755,115.7275,115.7275
2022-03-09 01:00:00+00:00,usdjpy,115.8915,115.9245,115.832,115.832
2022-03-09 02:00:00+00:00,usdjpy,115.8535,115.902,115.8275,115.891
2022-03-09 03:00:00+00:00,usdjpy,115.8375,115.8645,115.8045,115.854
2022-03-09 04:00:00+00:00,usdjpy,115.8225,115.8625,115.8105,115.838
2022-03-09 05:00:00+00:00,usdjpy,115.7855,115.8255,115.7585,115.823
2022-03-09 06:00:00+00:00,usdjpy,115.7785,115.797,115.7085,115.786
2022-03-09 07:00:00+00:00,usdjpy,115.8805,115.8815,115.7595,115.7775
2022-03-09 08:00:00+00:00,usdjpy,115.8185,115.8875,115.7395,115.8815
2022-03-09 09:00:00+00:00,usdjpy,115.8575,115.8905,115.779,115.8175
2022-03-09 10:00:00+00:00,usdjpy,115.8695,115.8885,115.7975,115.857
2022-03-09 11:00:00+00:00,usdjpy,115.9175,115.944,115.8545,115.8705
2022-03-09 12:00:00+00:00,usdjpy,115.8455,115.936,115.8315,115.918
2022-03-09 13:00:00+00:00,usdjpy,115.7695,115.8625,115.7265,115.845
2022-03-09 14:00:00+00:00,usdjpy,115.7595,115.827,115.5585,115.769
2022-03-09 15:00:00+00:00,usdjpy,115.8125,115.8375,115.6775,115.76
2022-03-09 16:00:00+00:00,usdjpy,115.8725,115.8755,115.6965,115.8135
2022-03-09 17:00:00+00:00,usdjpy,115.794,115.8875,115.7605,115.8715
2022-03-09 18:00:00+00:00,usdjpy,115.8825,115.8995,115.7725,115.7935
2022-03-09 19:00:00+00:00,usdjpy,115.85,115.8935,115.8215,115.8835
2022-03-09 20:00:00+00:00,usdjpy,115.8065,115.8695,115.7905,115.8495
2022-03-09 21:00:00+00:00,usdjpy,115.8575,115.8775,115.8045,115.8075
2022-03-09 22:00:00+00:00,usdjpy,115.877,115.8775,115.826,115.851
2022-03-09 23:00:00+00:00,usdjpy,115.9115,115.95,115.8445,115.877
2022-03-10 00:00:00+00:00,usdjpy,115.9695,116.0135,115.8845,115.911
2022-03-10 01:00:00+00:00,usdjpy,116.0515,116.1155,115.9535,115.97
2022-03-10 02:00:00+00:00,usdjpy,116.0745,116.1035,116.0425,116.051
2022-03-10 03:00:00+00:00,usdjpy,116.17,116.1965,116.0735,116.0755
2022-03-10 04:00:00+00:00,usdjpy,116.1465,116.171,116.104,116.1705
2022-03-10 05:00:00+00:00,usdjpy,116.0925,116.1575,116.0795,116.1485
2022-03-10 06:00:00+00:00,usdjpy,116.0295,116.103,116.01,116.093
2022-03-10 07:00:00+00:00,usdjpy,115.9235,116.029,115.9205,116.029
2022-03-10 08:00:00+00:00,usdjpy,115.8885,115.9425,115.8155,115.9245
2022-03-10 09:00:00+00:00,usdjpy,115.9405,115.9965,115.8485,115.8895
2022-03-10 10:00:00+00:00,usdjpy,115.9885,116.037,115.9085,115.9405
2022-03-10 11:00:00+00:00,usdjpy,115.9435,115.9985,115.913,115.988
2022-03-10 12:00:00+00:00,usdjpy,115.9195,115.98,115.8495,115.944
2022-03-10 13:00:00+00:00,usdjpy,116.0805,116.0875,115.8535,115.919
2022-03-10 14:00:00+00:00,usdjpy,116.1825,116.1955,116.0625,116.081
2022-03-10 15:00:00+00:00,usdjpy,115.9775,116.1905,115.9285,116.1835
2022-03-10 16:00:00+00:00,usdjpy,116.0515,116.0745,115.9495,115.977
2022-03-10 17:00:00+00:00,usdjpy,116.1195,116.1385,116.0325,116.0505
2022-03-10 18:00:00+00:00,usdjpy,116.1085,116.1515,116.0855,116.1185
2022-03-10 19:00:00+00:00,usdjpy,116.1045,116.1105,116.0635,116.1095
2022-03-10 20:00:00+00:00,usdjpy,116.1165,116.128,116.0485,116.1055
2022-03-10 21:00:00+00:00,usdjpy,116.136,116.1465,116.1085,116.1175
2022-03-10 22:00:00+00:00,usdjpy,116.1335,116.1405,116.1105,116.1165
2022-03-10 23:00:00+00:00,usdjpy,116.1825,116.2225,116.13,116.133
2022-03-11 00:00:00+00:00,usdjpy,116.321,116.3845,116.146,116.183
2022-03-11 01:00:00+00:00,usdjpy,116.294,116.3485,116.2255,116.3205
2022-03-11 02:00:00+00:00,usdjpy,116.2595,116.2955,116.2325,116.2945
2022-03-11 03:00:00+00:00,usdjpy,116.4515,116.4795,116.2575,116.26
2022-03-11 04:00:00+00:00,usdjpy,116.5565,116.568,116.4295,116.452
2022-03-11 05:00:00+00:00,usdjpy,116.6935,116.7475,116.5165,116.563
2022-03-11 06:00:00+00:00,usdjpy,116.7195,116.7285,116.5825,116.6925
2022-03-11 07:00:00+00:00,usdjpy,116.72,116.8005,116.6775,116.7205
2022-03-11 08:00:00+00:00,usdjpy,116.9625,116.9825,116.7035,116.7205
2022-03-11 09:00:00+00:00,usdjpy,116.9505,117.061,116.915,116.9615
2022-03-11 10:00:00+00:00,usdjpy,116.8935,116.9585,116.8,116.95
2022-03-11 11:00:00+00:00,usdjpy,116.893,116.9985,116.7995,116.8935
2022-03-11 12:00:00+00:00,usdjpy,116.8825,116.9635,116.8225,116.892
2022-03-11 13:00:00+00:00,usdjpy,116.9185,116.9705,116.8225,116.882
2022-03-11 14:00:00+00:00,usdjpy,116.903,116.9585,116.8605,116.9175
2022-03-11 15:00:00+00:00,usdjpy,116.9945,117.0005,116.8725,116.9025
2022-03-11 16:00:00+00:00,usdjpy,117.0935,117.1845,116.9785,116.994
2022-03-11 17:00:00+00:00,usdjpy,117.2005,117.216,117.0765,117.093
2022-03-11 18:00:00+00:00,usdjpy,117.2525,117.31,117.1555,117.2
2022-03-11 19:00:00+00:00,usdjpy,117.3555,117.3585,117.2365,117.252
2022-03-11 20:00:00+00:00,usdjpy,117.2505,117.3555,117.2485,117.3555
2022-03-11 21:00:00+00:00,usdjpy,117.3265,117.3265,117.2425,117.2515
2022-03-13 21:00:00+00:00,usdjpy,117.346,117.3705,117.3445,117.361
2022-03-13 22:00:00+00:00,usdjpy,117.5215,117.5605,117.3165,117.3455
2022-03-13 23:00:00+00:00,usdjpy,117.5355,117.604,117.4645,117.521
2022-03-14 00:00:00+00:00,usdjpy,117.532,117.614,117.4595,117.535
2022-03-14 01:00:00+00:00,usdjpy,117.7205,117.7385,117.4695,117.5325
2022-03-14 02:00:00+00:00,usdjpy,117.8375,117.8805,117.6935,117.72
2022-03-14 03:00:00+00:00,usdjpy,117.8225,117.8465,117.7935,117.838
2022-03-14 04:00:00+00:00,usdjpy,117.6445,117.8395,117.6255,117.8215
2022-03-14 05:00:00+00:00,usdjpy,117.8095,117.8145,117.645,117.645
2022-03-14 06:00:00+00:00,usdjpy,117.8185,117.8355,117.7665,117.809
2022-03-14 07:00:00+00:00,usdjpy,117.7245,117.8235,117.6865,117.819
2022-03-14 08:00:00+00:00,usdjpy,117.7385,117.8335,117.7015,117.724
2022-03-14 09:00:00+00:00,usdjpy,117.9175,117.925,117.739,117.739
2022-03-14 10:00:00+00:00,usdjpy,118.0515,118.0625,117.878,117.917
2022-03-14 11:00:00+00:00,usdjpy,117.9565,118.0515,117.9285,118.0505
2022-03-14 12:00:00+00:00,usdjpy,117.9085,117.9635,117.8315,117.957
2022-03-14 13:00:00+00:00,usdjpy,118.0095,118.027,117.8725,117.909
2022-03-14 14:00:00+00:00,usdjpy,117.9045,118.0155,117.8525,118.0105
2022-03-14 15:00:00+00:00,usdjpy,118.0005,118.003,117.8975,117.9055
2022-03-14 16:00:00+00:00,usdjpy,117.9735,118.0315,117.94,118.001
2022-03-14 17:00:00+00:00,usdjpy,117.9725,117.9805,117.9055,117.974
2022-03-14 18:00:00+00:00,usdjpy,118.1005,118.1015,117.9575,117.972
2022-03-14 19:00:00+00:00,usdjpy,118.1885,118.1925,118.077,118.0995
2022-03-14 20:00:00+00:00,usdjpy,118.188,118.2195,118.1235,118.189
2022-03-14 21:00:00+00:00,usdjpy,118.1925,118.2095,118.1545,118.1715
2022-03-14 22:00:00+00:00,usdjpy,118.2855,118.3035,118.1915,118.1915
2022-03-14 23:00:00+00:00,usdjpy,118.2205,118.2985,118.2185,118.2855
2022-03-15 00:00:00+00:00,usdjpy,118.203,118.2635,118.1115,118.2195
2022-03-15 01:00:00+00:00,usdjpy,118.3275,118.4505,118.1915,118.2035
2022-03-15 02:00:00+00:00,usdjpy,118.3095,118.3855,118.2535,118.3265
2022-03-15 03:00:00+00:00,usdjpy,118.3365,118.3775,118.2335,118.3085
2022-03-15 04:00:00+00:00,usdjpy,118.3675,118.3705,118.2975,118.336
2022-03-15 05:00:00+00:00,usdjpy,118.334,118.3945,118.3305,118.368
2022-03-15 06:00:00+00:00,usdjpy,118.3445,118.3615,118.286,118.3335
2022-03-15 07:00:00+00:00,usdjpy,117.9805,118.3585,117.8475,118.345
2022-03-15 08:00:00+00:00,usdjpy,117.7945,118.0595,117.6995,117.981
2022-03-15 09:00:00+00:00,usdjpy,117.9755,118.009,117.7945,117.7945
2022-03-15 10:00:00+00:00,usdjpy,118.0185,118.05,117.9265,117.9765
2022-03-15 11:00:00+00:00,usdjpy,117.9015,118.1025,117.9015,118.018
2022-03-15 12:00:00+00:00,usdjpy,117.9805,117.9875,117.7915,117.902
2022-03-15 13:00:00+00:00,usdjpy,117.877,118.0455,117.864,117.981
2022-03-15 14:00:00+00:00,usdjpy,118.1205,118.2005,117.8575,117.8775
2022-03-15 15:00:00+00:00,usdjpy,118.1995,118.259,118.1145,118.1215
2022-03-15 16:00:00+00:00,usdjpy,118.312,118.3405,118.1885,118.198
2022-03-15 17:00:00+00:00,usdjpy,118.3415,118.342,118.2375,118.3115
2022-03-15 18:00:00+00:00,usdjpy,118.3215,118.3995,118.2925,118.342
2022-03-15 19:00:00+00:00,usdjpy,118.2985,118.3265,118.2605,118.322
2022-03-15 20:00:00+00:00,usdjpy,118.295,118.3365,118.2655,118.2985
2022-03-15 21:00:00+00:00,usdjpy,118.3105,118.3425,118.2965,118.3055
2022-03-15 22:00:00+00:00,usdjpy,118.3205,118.3545,118.3045,118.3115
2022-03-15 23:00:00+00:00,usdjpy,118.3145,118.3215,118.2755,118.3185
2022-03-16 00:00:00+00:00,usdjpy,118.422,118.4305,118.3065,118.3155
2022-03-16 01:00:00+00:00,usdjpy,118.2715,118.4265,118.2485,118.4225
2022-03-16 02:00:00+00:00,usdjpy,118.231,118.2875,118.206,118.272
2022-03-16 03:00:00+00:00,usdjpy,118.2285,118.276,118.2005,118.2305
2022-03-16 04:00:00+00:00,usdjpy,118.23,118.2455,118.177,118.229
2022-03-16 05:00:00+00:00,usdjpy,118.2015,118.2655,118.2015,118.2305
2022-03-16 06:00:00+00:00,usdjpy,118.2455,118.3355,118.1975,118.2015
2022-03-16 07:00:00+00:00,usdjpy,118.3695,118.382,118.2225,118.2465
2022-03-16 08:00:00+00:00,usdjpy,118.3215,118.3745,118.2635,118.37
2022-03-16 09:00:00+00:00,usdjpy,118.3275,118.3585,118.2935,118.322
2022-03-16 10:00:00+00:00,usdjpy,118.3205,118.3575,118.2715,118.3285
2022-03-16 17:00:00+00:00,usdjpy,118.5965,118.638,118.5785,118.5965
2022-03-16 18:00:00+00:00,usdjpy,118.6695,119.1225,118.5805,118.603
2022-03-16 19:00:00+00:00,usdjpy,118.6115,118.7745,118.575,118.67
2022-03-16 20:00:00+00:00,usdjpy,118.7315,118.7695,118.5835,118.6105
2022-03-16 21:00:00+00:00,usdjpy,118.768,118.7725,118.7345,118.7405
2022-03-16 22:00:00+00:00,usdjpy,118.8525,118.9995,118.7545,118.7685
2022-03-16 23:00:00+00:00,usdjpy,118.8715,118.8885,118.7875,118.8525
2022-03-17 00:00:00+00:00,usdjpy,118.888,119.027,118.8335,118.8705
2022-03-17 01:00:00+00:00,usdjpy,118.749,118.9165,118.7045,118.8885
2022-03-17 02:00:00+00:00,usdjpy,118.7455,118.8635,118.7265,118.7485
2022-03-17 03:00:00+00:00,usdjpy,118.7015,118.7445,118.5985,118.7445
2022-03-17 04:00:00+00:00,usdjpy,118.752,118.789,118.6855,118.702
2022-03-17 05:00:00+00:00,usdjpy,118.8205,118.8235,118.7395,118.7525
2022-03-17 06:00:00+00:00,usdjpy,118.8095,118.8545,118.726,118.8195
2022-03-17 07:00:00+00:00,usdjpy,118.6715,118.8555,118.6665,118.8105
2022-03-17 08:00:00+00:00,usdjpy,118.6825,118.7685,118.6335,118.672
2022-03-17 09:00:00+00:00,usdjpy,118.6265,118.7365,118.5985,118.6815
2022-03-17 10:00:00+00:00,usdjpy,118.5905,118.6475,118.4945,118.627
2022-03-17 11:00:00+00:00,usdjpy,118.6325,118.6515,118.5735,118.591
2022-03-17 12:00:00+00:00,usdjpy,118.7855,118.8155,118.5975,118.6315
2022-03-17 13:00:00+00:00,usdjpy,118.7525,118.8425,118.729,118.785
2022-03-17 14:00:00+00:00,usdjpy,118.7015,118.8205,118.6275,118.7535
2022-03-17 15:00:00+00:00,usdjpy,118.4395,118.707,118.3995,118.7005
2022-03-17 16:00:00+00:00,usdjpy,118.4115,118.512,118.3975,118.4405
2022-03-17 17:00:00+00:00,usdjpy,118.4795,118.4905,118.3695,118.411
2022-03-17 18:00:00+00:00,usdjpy,118.5825,118.6015,118.4785,118.48
2022-03-17 19:00:00+00:00,usdjpy,118.6455,118.6655,118.5705,118.5835
2022-03-17 20:00:00+00:00,usdjpy,118.597,118.6705,118.5635,118.6445
2022-03-17 21:00:00+00:00,usdjpy,118.6185,118.6295,118.6085,118.6115
2022-03-17 22:00:00+00:00,usdjpy,118.5585,118.62,118.552,118.619
2022-03-17 23:00:00+00:00,usdjpy,118.4885,118.5965,118.4745,118.5585
2022-03-18 00:00:00+00:00,usdjpy,118.6985,118.7145,118.4735,118.4935
2022-03-18 01:00:00+00:00,usdjpy,118.7135,118.7445,118.6575,118.698
2022-03-18 02:00:00+00:00,usdjpy,118.7425,118.8035,118.7085,118.7145
2022-03-18 03:00:00+00:00,usdjpy,118.7765,118.7785,118.702,118.743
2022-03-18 04:00:00+00:00,usdjpy,118.7715,118.78,118.7415,118.776
2022-03-18 05:00:00+00:00,usdjpy,118.754,118.788,118.7165,118.771
2022-03-18 06:00:00+00:00,usdjpy,118.86,118.8865,118.7535,118.7535
2022-03-18 07:00:00+00:00,usdjpy,118.8675,119.0085,118.8345,118.8595
2022-03-18 08:00:00+00:00,usdjpy,118.8695,118.9295,118.784,118.8665
2022-03-18 09:00:00+00:00,usdjpy,118.9295,118.9665,118.8575,118.8685
2022-03-18 10:00:00+00:00,usdjpy,119.0435,119.0495,118.914,118.929
2022-03-18 11:00:00+00:00,usdjpy,119.0415,119.0825,119.0075,119.0705
2022-03-18 12:00:00+00:00,usdjpy,119.187,119.2375,119.0295,119.0425
2022-03-18 13:00:00+00:00,usdjpy,119.2055,119.4005,119.168,119.1865
2022-03-18 14:00:00+00:00,usdjpy,119.2165,119.307,119.1285,119.205
2022-03-18 15:00:00+00:00,usdjpy,119.1895,119.258,119.125,119.216
2022-03-18 16:00:00+00:00,usdjpy,119.1505,119.1905,119.1225,119.189
2022-03-18 17:00:00+00:00,usdjpy,119.1645,119.178,119.1365,119.151
2022-03-18 18:00:00+00:00,usdjpy,119.1305,119.2035,119.129,119.1635
2022-03-18 19:00:00+00:00,usdjpy,119.133,119.1555,119.0855,119.1295
2022-03-18 20:00:00+00:00,usdjpy,119.1525,119.1685,119.1075,119.1315
2022-03-20 21:00:00+00:00,usdjpy,119.139,119.145,119.1035,119.1325
2022-03-20 22:00:00+00:00,usdjpy,119.2815,119.309,119.115,119.138
2022-03-20 23:00:00+00:00,usdjpy,119.2675,119.2945,119.2375,119.282
2022-03-21 00:00:00+00:00,usdjpy,119.183,119.2805,119.1465,119.267
2022-03-21 01:00:00+00:00,usdjpy,119.196,119.2255,119.1515,119.1835
2022-03-21 02:00:00+00:00,usdjpy,119.1655,119.1975,119.1375,119.197
2022-03-21 03:00:00+00:00,usdjpy,119.1985,119.2005,119.159,119.1665
2022-03-21 04:00:00+00:00,usdjpy,119.2485,119.2485,119.1805,119.198
2022-03-21 05:00:00+00:00,usdjpy,119.2775,119.2915,119.2405,119.2495
2022-03-21 06:00:00+00:00,usdjpy,119.2625,119.296,119.245,119.2785
2022-03-21 07:00:00+00:00,usdjpy,119.2115,119.2915,119.1975,119.2615
2022-03-21 08:00:00+00:00,usdjpy,119.2085,119.2415,119.1675,119.2095
2022-03-21 09:00:00+00:00,usdjpy,119.244,119.2815,119.2045,119.2075
2022-03-21 10:00:00+00:00,usdjpy,119.221,119.2455,119.1725,119.2445
2022-03-21 11:00:00+00:00,usdjpy,119.1745,119.2335,119.1055,119.2215
2022-03-21 12:00:00+00:00,usdjpy,119.2235,119.2785,119.159,119.1755
2022-03-21 13:00:00+00:00,usdjpy,119.1675,119.235,119.1165,119.2245
2022-03-21 14:00:00+00:00,usdjpy,119.1405,119.2095,119.1145,119.1685
2022-03-21 15:00:00+00:00,usdjpy,119.1645,119.2445,119.116,119.14
2022-03-21 16:00:00+00:00,usdjpy,119.266,119.294,119.1165,119.165
2022-03-21 17:00:00+00:00,usdjpy,119.3725,119.4675,119.2655,119.2665
2022-03-21 18:00:00+00:00,usdjpy,119.4755,119.4785,119.359,119.373
2022-03-21 19:00:00+00:00,usdjpy,119.4865,119.4875,119.4475,119.475
2022-03-21 20:00:00+00:00,usdjpy,119.475,119.5005,119.447,119.4875
2022-03-21 21:00:00+00:00,usdjpy,119.4745,119.4795,119.4655,119.467
2022-03-21 22:00:00+00:00,usdjpy,119.476,119.4795,119.4375,119.475
2022-03-21 23:00:00+00:00,usdjpy,119.595,119.6285,119.473,119.4765
2022-03-22 00:00:00+00:00,usdjpy,119.9465,120.08,119.5825,119.5945
2022-03-22 01:00:00+00:00,usdjpy,119.8595,119.988,119.8275,119.946
2022-03-22 02:00:00+00:00,usdjpy,119.8795,119.9265,119.8555,119.859
2022-03-22 03:00:00+00:00,usdjpy,119.9135,119.9395,119.867,119.88
2022-03-22 04:00:00+00:00,usdjpy,120.3795,120.466,119.9095,119.9095
2022-03-22 05:00:00+00:00,usdjpy,120.3285,120.4125,120.281,120.38
2022-03-22 06:00:00+00:00,usdjpy,120.473,120.484,120.313,120.3295
2022-03-22 07:00:00+00:00,usdjpy,120.4695,120.4935,120.4075,120.4735
2022-03-22 08:00:00+00:00,usdjpy,120.4605,120.494,120.3265,120.47
2022-03-22 09:00:00+00:00,usdjpy,120.8375,120.8845,120.4345,120.461
2022-03-22 10:00:00+00:00,usdjpy,120.8815,121.0335,120.8175,120.838
2022-03-22 11:00:00+00:00,usdjpy,120.779,120.9355,120.5825,120.881
2022-03-22 12:00:00+00:00,usdjpy,120.5505,120.9095,120.383,120.7795
2022-03-22 13:00:00+00:00,usdjpy,120.6205,120.6815,120.4975,120.5495
2022-03-22 14:00:00+00:00,usdjpy,120.7655,120.7855,120.6025,120.6195
2022-03-22 15:00:00+00:00,usdjpy,120.6675,120.8155,120.6345,120.766
2022-03-22 16:00:00+00:00,usdjpy,120.6785,120.6955,120.5265,120.668
2022-03-22 17:00:00+00:00,usdjpy,120.8205,120.8235,120.6485,120.678
2022-03-22 18:00:00+00:00,usdjpy,120.7295,120.8255,120.7005,120.82
2022-03-22 19:00:00+00:00,usdjpy,120.7675,120.7845,120.713,120.729
2022-03-22 20:00:00+00:00,usdjpy,120.7955,120.8365,120.7645,120.7665
2022-03-22 21:00:00+00:00,usdjpy,120.8325,120.8395,120.782,120.782
2022-03-22 22:00:00+00:00,usdjpy,121.193,121.2905,120.8085,120.8325
2022-03-22 23:00:00+00:00,usdjpy,121.3425,121.4165,121.0755,121.1925
2022-03-23 00:00:00+00:00,usdjpy,121.1195,121.3455,121.1035,121.342
2022-03-23 01:00:00+00:00,usdjpy,121.1615,121.1905,120.7935,121.1185
2022-03-23 02:00:00+00:00,usdjpy,121.0325,121.1785,120.9305,121.1625
2022-03-23 03:00:00+00:00,usdjpy,121.0835,121.1295,120.9815,121.032
2022-03-23 04:00:00+00:00,usdjpy,121.0735,121.159,121.067,121.084
2022-03-23 05:00:00+00:00,usdjpy,121.0335,121.1045,120.9865,121.0745
2022-03-23 06:00:00+00:00,usdjpy,121.1465,121.1665,121.0345,121.0345
2022-03-23 07:00:00+00:00,usdjpy,121.0595,121.147,121.009,121.147
2022-03-23 08:00:00+00:00,usdjpy,120.9025,121.09,120.8535,121.059
2022-03-23 09:00:00+00:00,usdjpy,121.0035,121.0315,120.8925,120.9015
2022-03-23 10:00:00+00:00,usdjpy,120.995,121.0535,120.9575,121.0045
2022-03-23 11:00:00+00:00,usdjpy,120.7945,121.0105,120.7915,120.9945
2022-03-23 12:00:00+00:00,usdjpy,120.7195,120.8865,120.5945,120.7955
2022-03-23 13:00:00+00:00,usdjpy,120.7405,120.7895,120.6375,120.719
2022-03-23 14:00:00+00:00,usdjpy,120.9745,121.0065,120.6585,120.7415
2022-03-23 15:00:00+00:00,usdjpy,121.0335,121.1435,120.9175,120.973
2022-03-23 16:00:00+00:00,usdjpy,121.069,121.071,120.9885,121.034
2022-03-23 17:00:00+00:00,usdjpy,121.0685,121.0975,121.0165,121.0695
2022-03-23 18:00:00+00:00,usdjpy,121.1275,121.1325,121.0265,121.0675
2022-03-23 19:00:00+00:00,usdjpy,121.1235,121.1615,121.0855,121.1285
2022-03-23 20:00:00+00:00,usdjpy,121.156,121.1575,121.0905,121.124
2022-03-23 21:00:00+00:00,usdjpy,121.1355,121.1485,121.1345,121.147
2022-03-23 22:00:00+00:00,usdjpy,121.1055,121.1355,121.0475,121.1355
2022-03-23 23:00:00+00:00,usdjpy,121.1245,121.1785,121.0665,121.1035
2022-03-24 00:00:00+00:00,usdjpy,120.982,121.2025,120.9665,121.1255
2022-03-24 01:00:00+00:00,usdjpy,121.2245,121.3045,120.955,120.9825
2022-03-24 02:00:00+00:00,usdjpy,121.2135,121.2655,121.165,121.225
2022-03-24 03:00:00+00:00,usdjpy,121.2245,121.2395,121.1715,121.214
2022-03-24 04:00:00+00:00,usdjpy,121.2245,121.259,121.1875,121.225
2022-03-24 05:00:00+00:00,usdjpy,121.4415,121.4895,121.2225,121.225
2022-03-24 06:00:00+00:00,usdjpy,121.5845,121.6105,121.365,121.442
2022-03-24 07:00:00+00:00,usdjpy,121.6335,121.7485,121.5435,121.585
2022-03-24 08:00:00+00:00,usdjpy,121.6265,121.6825,121.4705,121.634
2022-03-24 09:00:00+00:00,usdjpy,121.6735,121.7345,121.6025,121.6275
2022-03-24 10:00:00+00:00,usdjpy,121.6545,121.7185,121.6105,121.673
2022-03-24 11:00:00+00:00,usdjpy,121.5815,121.6795,121.542,121.654
2022-03-24 12:00:00+00:00,usdjpy,121.658,121.7315,121.5665,121.581
2022-03-24 13:00:00+00:00,usdjpy,121.9765,121.9945,121.6575,121.6575
2022-03-24 14:00:00+00:00,usdjpy,121.9275,122.0,121.8445,121.9745
2022-03-24 15:00:00+00:00,usdjpy,122.0525,122.1265,121.8345,121.9285
2022-03-24 16:00:00+00:00,usdjpy,122.382,122.4085,122.0415,122.0535
2022-03-24 17:00:00+00:00,usdjpy,122.3005,122.3835,122.2775,122.3815
2022-03-24 18:00:00+00:00,usdjpy,122.2405,122.3595,122.2335,122.301
2022-03-24 19:00:00+00:00,usdjpy,122.3145,122.3265,122.225,122.2415
2022-03-24 20:00:00+00:00,usdjpy,122.369,122.4115,122.3035,122.316
2022-03-24 21:00:00+00:00,usdjpy,122.3735,122.3745,122.3235,122.3445
2022-03-24 22:00:00+00:00,usdjpy,122.3865,122.423,122.312,122.3575
2022-03-24 23:00:00+00:00,usdjpy,122.3535,122.4365,122.31,122.3855
2022-03-25 00:00:00+00:00,usdjpy,122.0575,122.3565,121.966,122.3525
2022-03-25 01:00:00+00:00,usdjpy,121.933,122.0955,121.7125,122.058
2022-03-25 02:00:00+00:00,usdjpy,121.806,121.9405,121.7375,121.9335
2022-03-25 03:00:00+00:00,usdjpy,121.5965,121.8265,121.5045,121.8055
2022-03-25 04:00:00+00:00,usdjpy,121.4695,121.6275,121.1815,121.5955
2022-03-25 05:00:00+00:00,usdjpy,121.706,121.7235,121.4275,121.4685
2022-03-25 06:00:00+00:00,usdjpy,121.7915,121.9555,121.6955,121.7055
2022-03-25 07:00:00+00:00,usdjpy,121.7425,121.8695,121.6575,121.791
2022-03-25 08:00:00+00:00,usdjpy,121.5125,121.8085,121.4215,121.7415
2022-03-25 09:00:00+00:00,usdjpy,121.6325,121.6735,121.456,121.5135
2022-03-25 10:00:00+00:00,usdjpy,121.7275,121.7335,121.5465,121.6315
2022-03-25 11:00:00+00:00,usdjpy,121.6665,121.782,121.6035,121.728
2022-03-25 12:00:00+00:00,usdjpy,121.7515,121.7965,121.633,121.666
2022-03-25 13:00:00+00:00,usdjpy,122.1475,122.239,121.7325,121.752
2022-03-25 14:00:00+00:00,usdjpy,122.0205,122.195,121.8755,122.148
2022-03-25 15:00:00+00:00,usdjpy,121.9965,122.0595,121.7765,122.0205
2022-03-25 16:00:00+00:00,usdjpy,122.0295,122.078,121.9595,121.9975
2022-03-25 17:00:00+00:00,usdjpy,122.104,122.1255,121.9555,122.03
2022-03-25 18:00:00+00:00,usdjpy,122.1335,122.1575,122.0125,122.1045
2022-03-25 19:00:00+00:00,usdjpy,122.1505,122.192,122.0885,122.133
2022-03-25 20:00:00+00:00,usdjpy,122.0975,122.2105,122.0775,122.1515
2022-03-27 21:00:00+00:00,usdjpy,122.04,122.072,122.0175,122.0465
2022-03-27 22:00:00+00:00,usdjpy,122.277,122.2985,122.0315,122.039
2022-03-27 23:00:00+00:00,usdjpy,122.2725,122.3665,122.2265,122.2765
2022-03-28 00:00:00+00:00,usdjpy,122.2335,122.3175,122.143,122.272
2022-03-28 01:00:00+00:00,usdjpy,122.9725,122.9805,122.1745,122.233
2022-03-28 02:00:00+00:00,usdjpy,122.9045,123.1115,122.7615,122.973
2022-03-28 03:00:00+00:00,usdjpy,123.082,123.1665,122.858,122.905
2022-03-28 04:00:00+00:00,usdjpy,123.0535,123.1125,122.9675,123.0815
2022-03-28 05:00:00+00:00,usdjpy,123.235,123.26,123.045,123.0545
2022-03-28 06:00:00+00:00,usdjpy,123.3395,123.3475,123.0305,123.2345
2022-03-28 07:00:00+00:00,usdjpy,123.9265,124.0185,123.2785,123.339
2022-03-28 08:00:00+00:00,usdjpy,124.6875,125.1035,123.865,123.927
2022-03-28 09:00:00+00:00,usdjpy,124.294,124.712,124.0535,124.6875
2022-03-28 10:00:00+00:00,usdjpy,124.2735,124.3955,123.6725,124.2945
2022-03-28 11:00:00+00:00,usdjpy,124.0555,124.2725,123.914,124.2725
2022-03-28 12:00:00+00:00,usdjpy,123.6555,124.1265,123.3825,124.0545
2022-03-28 13:00:00+00:00,usdjpy,123.8195,123.8775,123.5145,123.6555
2022-03-28 14:00:00+00:00,usdjpy,123.5505,123.862,123.4045,123.8175
2022-03-28 15:00:00+00:00,usdjpy,123.2795,123.5645,123.2515,123.5495
2022-03-28 16:00:00+00:00,usdjpy,123.4045,123.415,123.1495,123.2795
2022-03-28 17:00:00+00:00,usdjpy,123.487,123.4875,123.2585,123.404
2022-03-28 18:00:00+00:00,usdjpy,123.5635,123.699,123.4515,123.4865
2022-03-28 19:00:00+00:00,usdjpy,123.8355,123.899,123.5635,123.5645
2022-03-28 20:00:00+00:00,usdjpy,123.866,123.9375,123.8355,123.8365
2022-03-28 21:00:00+00:00,usdjpy,123.898,123.9025,123.809,123.809
2022-03-28 22:00:00+00:00,usdjpy,124.1525,124.189,123.7445,123.8955
2022-03-28 23:00:00+00:00,usdjpy,123.607,124.152,123.5455,124.152
2022-03-29 00:00:00+00:00,usdjpy,124.1435,124.3075,123.3135,123.6075
2022-03-29 01:00:00+00:00,usdjpy,123.692,124.1825,123.5235,124.1425
2022-03-29 02:00:00+00:00,usdjpy,123.3595,123.7805,123.251,123.6925
2022-03-29 03:00:00+00:00,usdjpy,123.17,123.4925,123.1185,123.359
2022-03-29 04:00:00+00:00,usdjpy,123.3685,123.4195,123.1545,123.1695
2022-03-29 05:00:00+00:00,usdjpy,123.6005,123.6795,123.2995,123.368
2022-03-29 06:00:00+00:00,usdjpy,123.5095,123.619,123.3075,123.601
2022-03-29 07:00:00+00:00,usdjpy,123.5755,123.779,123.435,123.509
2022-03-29 08:00:00+00:00,usdjpy,123.7275,123.7825,123.4025,123.575
2022-03-29 09:00:00+00:00,usdjpy,123.7535,123.794,123.5915,123.727
2022-03-29 10:00:00+00:00,usdjpy,123.5115,123.7525,123.442,123.7525
2022-03-29 11:00:00+00:00,usdjpy,123.5845,123.7555,123.5085,123.511
2022-03-29 12:00:00+00:00,usdjpy,122.859,123.5865,122.4965,123.584
2022-03-29 13:00:00+00:00,usdjpy,122.2785,123.027,122.195,122.8595
2022-03-29 14:00:00+00:00,usdjpy,122.719,122.7975,121.98,122.2775
2022-03-29 15:00:00+00:00,usdjpy,122.595,122.8365,122.5435,122.7185
2022-03-29 16:00:00+00:00,usdjpy,122.6615,122.7295,122.5555,122.5955
2022-03-29 17:00:00+00:00,usdjpy,122.8285,122.8555,122.6545,122.6615
2022-03-29 18:00:00+00:00,usdjpy,122.9345,122.9425,122.7815,122.828
2022-03-29 19:00:00+00:00,usdjpy,122.8755,122.9545,122.8655,122.9335
2022-03-29 20:00:00+00:00,usdjpy,122.8795,122.9095,122.8535,122.876
2022-03-29 21:00:00+00:00,usdjpy,122.8865,122.8915,122.873,122.8875
2022-03-29 22:00:00+00:00,usdjpy,122.9875,122.996,122.85,122.8875
2022-03-29 23:00:00+00:00,usdjpy,123.1285,123.207,122.8425,122.9865
2022-03-30 00:00:00+00:00,usdjpy,122.491,123.1275,122.4185,123.1275
2022-03-30 01:00:00+00:00,usdjpy,122.3445,122.5335,121.9755,122.4915
2022-03-30 02:00:00+00:00,usdjpy,121.91,122.3535,121.7885,122.3445
2022-03-30 03:00:00+00:00,usdjpy,121.658,121.9645,121.3145,121.9105
2022-03-30 04:00:00+00:00,usdjpy,121.9005,121.9145,121.54,121.6585
2022-03-30 05:00:00+00:00,usdjpy,122.0045,122.019,121.7845,121.901
2022-03-30 06:00:00+00:00,usdjpy,121.9415,122.0825,121.6225,122.0035
2022-03-30 07:00:00+00:00,usdjpy,121.883,122.0075,121.6125,121.9405
2022-03-30 08:00:00+00:00,usdjpy,121.6145,121.8905,121.5265,121.8825
2022-03-30 09:00:00+00:00,usdjpy,121.8835,121.9685,121.5735,121.615
2022-03-30 10:00:00+00:00,usdjpy,121.9295,122.0455,121.7475,121.8835
2022-03-30 11:00:00+00:00,usdjpy,121.7305,121.953,121.6315,121.9295
2022-03-30 12:00:00+00:00,usdjpy,121.852,121.8975,121.6635,121.731
2022-03-30 13:00:00+00:00,usdjpy,121.9095,122.2455,121.6455,121.8525
2022-03-30 14:00:00+00:00,usdjpy,122.016,122.0305,121.731,121.9105
2022-03-30 15:00:00+00:00,usdjpy,121.9545,122.0525,121.8395,122.0145
2022-03-30 16:00:00+00:00,usdjpy,121.8985,121.9815,121.8765,121.953
2022-03-30 17:00:00+00:00,usdjpy,121.9235,121.9255,121.8685,121.8995
2022-03-30 18:00:00+00:00,usdjpy,121.7425,121.9275,121.7385,121.924
2022-03-30 19:00:00+00:00,usdjpy,121.8235,121.8665,121.7435,121.744
2022-03-30 20:00:00+00:00,usdjpy,121.832,121.8525,121.7885,121.824
2022-03-30 21:00:00+00:00,usdjpy,121.8755,121.892,121.8355,121.8695
2022-03-30 22:00:00+00:00,usdjpy,121.912,121.9925,121.8445,121.876
2022-03-30 23:00:00+00:00,usdjpy,122.0245,122.1675,121.9075,121.9125
2022-03-31 00:00:00+00:00,usdjpy,122.2925,122.4565,121.9065,122.025
2022-03-31 01:00:00+00:00,usdjpy,122.1415,122.456,122.0955,122.292
2022-03-31 02:00:00+00:00,usdjpy,122.1785,122.1925,121.9695,122.1405
2022-03-31 03:00:00+00:00,usdjpy,122.3385,122.391,122.1535,122.178
2022-03-31 04:00:00+00:00,usdjpy,122.2275,122.3575,122.1915,122.3395
2022-03-31 05:00:00+00:00,usdjpy,122.0635,122.2805,122.0585,122.228
2022-03-31 06:00:00+00:00,usdjpy,121.5715,122.0605,121.5395,122.0605
2022-03-31 07:00:00+00:00,usdjpy,121.6425,121.692,121.3445,121.571
2022-03-31 08:00:00+00:00,usdjpy,122.181,122.23,121.6405,121.6415
2022-03-31 09:00:00+00:00,usdjpy,121.9475,122.1825,121.922,122.1805
2022-03-31 10:00:00+00:00,usdjpy,121.6745,121.9755,121.6695,121.947
2022-03-31 11:00:00+00:00,usdjpy,121.6305,121.8055,121.5955,121.6755
2022-03-31 12:00:00+00:00,usdjpy,121.6205,121.854,121.5465,121.6305
2022-03-31 13:00:00+00:00,usdjpy,121.5085,121.7635,121.5075,121.621
2022-03-31 14:00:00+00:00,usdjpy,121.379,121.8255,121.3015,121.5075
2022-03-31 15:00:00+00:00,usdjpy,121.4255,121.5165,121.2825,121.3795
2022-03-31 16:00:00+00:00,usdjpy,121.5605,121.6765,121.4235,121.425
2022-03-31 17:00:00+00:00,usdjpy,121.5625,121.6355,121.5305,121.5615
2022-03-31 18:00:00+00:00,usdjpy,121.6085,121.6135,121.5265,121.562
2022-03-31 19:00:00+00:00,usdjpy,121.7235,121.7715,121.5675,121.6075
2022-03-31 20:00:00+00:00,usdjpy,121.694,121.7805,121.672,121.7235
2022-03-31 21:00:00+00:00,usdjpy,121.6865,121.7285,121.6795,121.7065
2022-03-31 22:00:00+00:00,usdjpy,121.7585,121.8245,121.6815,121.685
2022-03-31 23:00:00+00:00,usdjpy,121.7485,121.9105,121.7445,121.759
2022-04-01 00:00:00+00:00,usdjpy,122.12,122.1985,121.7475,121.7485
2022-04-01 01:00:00+00:00,usdjpy,122.3375,122.3795,122.0765,122.1195
2022-04-01 02:00:00+00:00,usdjpy,122.6595,122.6935,122.2755,122.338
2022-04-01 03:00:00+00:00,usdjpy,122.6325,122.7355,122.5835,122.6595
2022-04-01 04:00:00+00:00,usdjpy,122.6035,122.6365,122.4495,122.6315
2022-04-01 05:00:00+00:00,usdjpy,122.3955,122.6565,122.339,122.603
2022-04-01 06:00:00+00:00,usdjpy,122.4705,122.4955,122.2455,122.3945
2022-04-01 07:00:00+00:00,usdjpy,122.6325,122.6505,122.4285,122.4695
2022-04-01 08:00:00+00:00,usdjpy,122.573,122.7665,122.483,122.6315
2022-04-01 09:00:00+00:00,usdjpy,122.4595,122.5735,122.3625,122.5725
2022-04-01 10:00:00+00:00,usdjpy,122.435,122.5015,122.3375,122.4585
2022-04-01 11:00:00+00:00,usdjpy,122.4555,122.5005,122.3865,122.4355
2022-04-01 12:00:00+00:00,usdjpy,122.8005,122.8225,122.4455,122.4565
2022-04-01 13:00:00+00:00,usdjpy,122.9485,123.0015,122.6215,122.8005
2022-04-01 14:00:00+00:00,usdjpy,122.8375,123.0375,122.8015,122.9475
2022-04-01 15:00:00+00:00,usdjpy,122.6005,122.944,122.5535,122.838
2022-04-01 16:00:00+00:00,usdjpy,122.5735,122.6335,122.5185,122.601
2022-04-01 17:00:00+00:00,usdjpy,122.5765,122.5975,122.4815,122.5725
2022-04-01 18:00:00+00:00,usdjpy,122.6225,122.6575,122.5635,122.577
2022-04-01 19:00:00+00:00,usdjpy,122.5415,122.623,122.4635,122.623
2022-04-01 20:00:00+00:00,usdjpy,122.5555,122.5825,122.4615,122.541
2022-04-03 21:00:00+00:00,usdjpy,122.5515,122.6265,122.5435,122.624
2022-04-03 22:00:00+00:00,usdjpy,122.664,122.7345,122.549,122.5525
2022-04-03 23:00:00+00:00,usdjpy,122.6365,122.6935,122.5845,122.6635
2022-04-04 00:00:00+00:00,usdjpy,122.6365,122.6365,122.6365,122.6365
2022-04-04 01:00:00+00:00,usdjpy,122.576,122.5825,122.3955,122.4325
2022-04-04 02:00:00+00:00,usdjpy,122.655,122.706,122.567,122.5755
2022-04-04 03:00:00+00:00,usdjpy,122.7355,122.7795,122.6145,122.6555
2022-04-04 04:00:00+00:00,usdjpy,122.595,122.7615,122.5695,122.735
2022-04-04 05:00:00+00:00,usdjpy,122.6665,122.6905,122.5555,122.5955
2022-04-04 06:00:00+00:00,usdjpy,122.6455,122.7995,122.631,122.6675
2022-04-04 07:00:00+00:00,usdjpy,122.6525,122.697,122.5025,122.646
2022-04-04 08:00:00+00:00,usdjpy,122.6295,122.654,122.5125,122.653
2022-04-04 09:00:00+00:00,usdjpy,122.571,122.6445,122.5625,122.6285
2022-04-04 10:00:00+00:00,usdjpy,122.811,122.8355,122.5695,122.5715
2022-04-04 11:00:00+00:00,usdjpy,122.7855,122.8165,122.7095,122.8115
2022-04-04 12:00:00+00:00,usdjpy,122.6355,122.7905,122.6045,122.7845
2022-04-04 13:00:00+00:00,usdjpy,122.757,122.781,122.625,122.636
2022-04-04 14:00:00+00:00,usdjpy,122.7395,122.9595,122.7025,122.7565
2022-04-04 15:00:00+00:00,usdjpy,122.7235,122.7815,122.6735,122.7385
2022-04-04 16:00:00+00:00,usdjpy,122.7465,122.8265,122.7035,122.7245
2022-04-04 17:00:00+00:00,usdjpy,122.7905,122.7955,122.6795,122.7455
2022-04-04 18:00:00+00:00,usdjpy,122.8105,122.817,122.7425,122.791
2022-04-04 19:00:00+00:00,usdjpy,122.7675,122.8355,122.7545,122.811
2022-04-04 20:00:00+00:00,usdjpy,122.7895,122.7945,122.7355,122.766
2022-04-04 21:00:00+00:00,usdjpy,122.7945,122.818,122.767,122.7815
2022-04-04 22:00:00+00:00,usdjpy,122.7425,122.8045,122.725,122.7935
2022-04-04 23:00:00+00:00,usdjpy,122.802,122.815,122.7425,122.7425
2022-04-05 00:00:00+00:00,usdjpy,122.5675,122.8635,122.3755,122.8015
2022-04-05 01:00:00+00:00,usdjpy,122.555,122.6365,122.4715,122.5665
2022-04-05 02:00:00+00:00,usdjpy,122.5865,122.589,122.4915,122.5545
2022-04-05 03:00:00+00:00,usdjpy,122.5275,122.5975,122.4835,122.5875
2022-04-05 04:00:00+00:00,usdjpy,122.5505,122.6205,122.4915,122.528
2022-04-05 05:00:00+00:00,usdjpy,122.506,122.5845,122.4325,122.5495
2022-04-05 06:00:00+00:00,usdjpy,122.5835,122.6005,122.494,122.5065
2022-04-05 07:00:00+00:00,usdjpy,122.9095,122.999,122.5735,122.579
2022-04-05 08:00:00+00:00,usdjpy,122.8265,122.955,122.7885,122.909
2022-04-05 09:00:00+00:00,usdjpy,122.8255,122.845,122.6965,122.826
2022-04-05 10:00:00+00:00,usdjpy,122.8955,122.9895,122.8225,122.825
2022-04-05 11:00:00+00:00,usdjpy,122.9275,122.977,122.8175,122.896
2022-04-05 12:00:00+00:00,usdjpy,122.8355,123.0035,122.7885,122.9265
2022-04-05 13:00:00+00:00,usdjpy,122.8425,122.8885,122.7515,122.835
2022-04-05 14:00:00+00:00,usdjpy,123.3045,123.4455,122.8035,122.8415
2022-04-05 15:00:00+00:00,usdjpy,123.4915,123.4945,123.2645,123.3055
2022-04-05 16:00:00+00:00,usdjpy,123.588,123.599,123.4845,123.492
2022-04-05 17:00:00+00:00,usdjpy,123.6475,123.6725,123.5535,123.5885
2022-04-05 18:00:00+00:00,usdjpy,123.6045,123.6565,123.5665,123.6485
2022-04-05 19:00:00+00:00,usdjpy,123.611,123.651,123.5675,123.6035
2022-04-05 20:00:00+00:00,usdjpy,123.596,123.6465,123.5885,123.6115
2022-04-05 21:00:00+00:00,usdjpy,123.6055,123.6195,123.5635,123.578
2022-04-05 22:00:00+00:00,usdjpy,123.608,123.6885,123.5695,123.6055
2022-04-05 23:00:00+00:00,usdjpy,123.6595,123.7155,123.5405,123.609
2022-04-06 00:00:00+00:00,usdjpy,123.8335,123.8925,123.5775,123.6605
2022-04-06 01:00:00+00:00,usdjpy,123.939,123.9975,123.82,123.8325
2022-04-06 02:00:00+00:00,usdjpy,123.8935,124.0535,123.646,123.9395
2022-04-06 03:00:00+00:00,usdjpy,123.7505,123.9115,123.727,123.893
2022-04-06 04:00:00+00:00,usdjpy,123.8855,123.9275,123.7435,123.7565
2022-04-06 05:00:00+00:00,usdjpy,123.9565,123.966,123.8365,123.885
2022-04-06 06:00:00+00:00,usdjpy,123.9325,124.0055,123.8835,123.956
2022-04-06 07:00:00+00:00,usdjpy,123.8855,124.029,123.8365,123.931
2022-04-06 08:00:00+00:00,usdjpy,123.7915,123.9705,123.7335,123.8865
2022-04-06 09:00:00+00:00,usdjpy,123.8445,123.8675,123.615,123.791
2022-04-06 10:00:00+00:00,usdjpy,123.9615,123.9995,123.8325,123.844
2022-04-06 11:00:00+00:00,usdjpy,123.8725,123.985,123.8625,123.962
2022-04-06 12:00:00+00:00,usdjpy,123.8175,123.8865,123.7165,123.8735
2022-04-06 13:00:00+00:00,usdjpy,123.8625,123.9475,123.8005,123.8185
2022-04-06 14:00:00+00:00,usdjpy,123.766,123.9195,123.7145,123.8625
2022-04-06 15:00:00+00:00,usdjpy,123.7235,123.8255,123.687,123.7685
2022-04-06 16:00:00+00:00,usdjpy,123.7485,123.8025,123.7075,123.724
2022-04-06 17:00:00+00:00,usdjpy,123.7995,123.8315,123.7355,123.7495
2022-04-06 18:00:00+00:00,usdjpy,123.7725,123.9355,123.4585,123.799
2022-04-06 19:00:00+00:00,usdjpy,123.787,123.8275,123.753,123.772
2022-04-06 20:00:00+00:00,usdjpy,123.795,123.8085,123.7465,123.7885
2022-04-06 21:00:00+00:00,usdjpy,123.7965,123.8085,123.75,123.806
2022-04-06 22:00:00+00:00,usdjpy,123.8655,123.9385,123.774,123.7975
2022-04-06 23:00:00+00:00,usdjpy,123.7275,123.89,123.6975,123.8655
2022-04-07 00:00:00+00:00,usdjpy,123.6035,123.7285,123.4715,123.7275
2022-04-07 01:00:00+00:00,usdjpy,123.6255,123.7345,123.5875,123.603
2022-04-07 02:00:00+00:00,usdjpy,123.6785,123.7465,123.6255,123.6265
2022-04-07 03:00:00+00:00,usdjpy,123.7095,123.7505,123.6705,123.678
2022-04-07 04:00:00+00:00,usdjpy,123.6875,123.7125,123.6165,123.7075
2022-04-07 05:00:00+00:00,usdjpy,123.6565,123.7375,123.6375,123.687
2022-04-07 06:00:00+00:00,usdjpy,123.8465,123.848,123.5915,123.6555
2022-04-07 07:00:00+00:00,usdjpy,123.7655,123.846,123.7405,123.846
2022-04-07 08:00:00+00:00,usdjpy,123.7415,123.7835,123.6115,123.766
2022-04-07 09:00:00+00:00,usdjpy,123.7225,123.7735,123.669,123.7425
2022-04-07 10:00:00+00:00,usdjpy,123.818,123.8665,123.691,123.722
2022-04-07 11:00:00+00:00,usdjpy,123.9435,123.9575,123.8105,123.8185
2022-04-07 12:00:00+00:00,usdjpy,123.9865,123.9995,123.9205,123.943
2022-04-07 13:00:00+00:00,usdjpy,123.9445,124.0025,123.8255,123.9875
2022-04-07 14:00:00+00:00,usdjpy,123.9195,124.0,123.8815,123.9455
2022-04-07 15:00:00+00:00,usdjpy,123.8055,123.9645,123.7575,123.9185
2022-04-07 16:00:00+00:00,usdjpy,123.9195,123.9475,123.8015,123.806
2022-04-07 17:00:00+00:00,usdjpy,123.9645,123.9705,123.8725,123.9185
2022-04-07 18:00:00+00:00,usdjpy,123.9625,124.0035,123.9425,123.9655
2022-04-07 19:00:00+00:00,usdjpy,123.9495,124.0035,123.947,123.9635
2022-04-07 20:00:00+00:00,usdjpy,123.948,123.9985,123.9315,123.949
2022-04-07 21:00:00+00:00,usdjpy,123.9585,123.991,123.957,123.984
2022-04-07 22:00:00+00:00,usdjpy,124.1315,124.232,123.9535,123.959
2022-04-07 23:00:00+00:00,usdjpy,124.0995,124.1805,124.0825,124.132
2022-04-08 00:00:00+00:00,usdjpy,123.8025,124.158,123.7225,124.0995
2022-04-08 01:00:00+00:00,usdjpy,123.8195,123.8365,123.6685,123.802
2022-04-08 02:00:00+00:00,usdjpy,123.928,123.947,123.7955,123.819
2022-04-08 03:00:00+00:00,usdjpy,123.949,123.9895,123.8995,123.9275
2022-04-08 04:00:00+00:00,usdjpy,123.9805,123.9945,123.9115,123.9495
2022-04-08 05:00:00+00:00,usdjpy,123.9565,124.0345,123.9265,123.981
2022-04-08 06:00:00+00:00,usdjpy,124.0715,124.1005,123.9555,123.956
2022-04-08 07:00:00+00:00,usdjpy,124.048,124.1495,124.0125,124.072
2022-04-08 08:00:00+00:00,usdjpy,124.1035,124.121,124.0355,124.0465
2022-04-08 09:00:00+00:00,usdjpy,124.0885,124.1235,124.0415,124.1045
2022-04-08 10:00:00+00:00,usdjpy,124.0975,124.1125,124.0545,124.088
2022-04-08 11:00:00+00:00,usdjpy,124.175,124.1965,124.097,124.098
2022-04-08 12:00:00+00:00,usdjpy,124.4005,124.405,124.1595,124.1755
2022-04-08 13:00:00+00:00,usdjpy,124.584,124.6785,124.3695,124.401
2022-04-08 14:00:00+00:00,usdjpy,124.4025,124.6225,124.3545,124.584
2022-04-08 15:00:00+00:00,usdjpy,124.3135,124.4115,124.2705,124.4035
2022-04-08 16:00:00+00:00,usdjpy,124.39,124.394,124.2785,124.314
2022-04-08 17:00:00+00:00,usdjpy,124.419,124.4325,124.3575,124.3905
2022-04-08 18:00:00+00:00,usdjpy,124.3705,124.4195,124.3475,124.418
2022-04-08 19:00:00+00:00,usdjpy,124.3505,124.403,124.3325,124.37
2022-04-08 20:00:00+00:00,usdjpy,124.2865,124.3595,124.2805,124.35
2022-04-10 21:00:00+00:00,usdjpy,124.233,124.2505,124.137,124.1585
2022-04-10 22:00:00+00:00,usdjpy,124.3485,124.3765,124.196,124.2305
2022-04-10 23:00:00+00:00,usdjpy,124.4025,124.4325,124.3455,124.347
2022-04-11 00:00:00+00:00,usdjpy,124.5975,124.6455,124.2865,124.402
2022-04-11 01:00:00+00:00,usdjpy,124.7535,124.96,124.5225,124.597
2022-04-11 02:00:00+00:00,usdjpy,124.881,125.003,124.7455,124.753
2022-04-11 03:00:00+00:00,usdjpy,124.8695,124.9435,124.8165,124.88
2022-04-11 04:00:00+00:00,usdjpy,124.9235,124.9445,124.8375,124.87
2022-04-11 05:00:00+00:00,usdjpy,125.0005,125.06,124.8955,124.9245
2022-04-11 06:00:00+00:00,usdjpy,125.4305,125.4385,124.9755,125.002
2022-04-11 07:00:00+00:00,usdjpy,125.2475,125.4325,125.129,125.43
2022-04-11 08:00:00+00:00,usdjpy,125.3315,125.367,125.162,125.248
2022-04-11 09:00:00+00:00,usdjpy,125.3415,125.4425,125.2985,125.3305
2022-04-11 10:00:00+00:00,usdjpy,125.4765,125.5415,125.2465,125.3425
2022-04-11 11:00:00+00:00,usdjpy,125.7045,125.7055,125.4495,125.4755
2022-04-11 12:00:00+00:00,usdjpy,125.5605,125.7715,125.5145,125.704
2022-04-11 13:00:00+00:00,usdjpy,125.549,125.6025,125.4095,125.5615
2022-04-11 14:00:00+00:00,usdjpy,125.529,125.6155,125.4715,125.5495
2022-04-11 15:00:00+00:00,usdjpy,125.5525,125.5695,125.4105,125.5295
2022-04-11 16:00:00+00:00,usdjpy,125.5145,125.586,125.4825,125.552
2022-04-11 17:00:00+00:00,usdjpy,125.5745,125.6105,125.4975,125.514
2022-04-11 18:00:00+00:00,usdjpy,125.4535,125.5735,125.4515,125.5735
2022-04-11 19:00:00+00:00,usdjpy,125.406,125.4755,125.3985,125.4545
2022-04-11 20:00:00+00:00,usdjpy,125.3745,125.4205,125.3505,125.4065
2022-04-11 21:00:00+00:00,usdjpy,125.423,125.431,125.3815,125.3875
2022-04-11 22:00:00+00:00,usdjpy,125.4755,125.4895,125.3645,125.422
2022-04-11 23:00:00+00:00,usdjpy,125.4845,125.5565,125.4455,125.476
2022-04-12 00:00:00+00:00,usdjpy,125.4725,125.565,125.109,125.484
2022-04-12 01:00:00+00:00,usdjpy,125.4,125.5665,125.3465,125.472
2022-04-12 02:00:00+00:00,usdjpy,125.4395,125.484,125.3505,125.4005
2022-04-12 03:00:00+00:00,usdjpy,125.4215,125.4645,125.4065,125.44
2022-04-12 04:00:00+00:00,usdjpy,125.356,125.4235,125.2015,125.4205
2022-04-12 05:00:00+00:00,usdjpy,125.5035,125.5435,125.3415,125.3555
2022-04-12 06:00:00+00:00,usdjpy,125.7015,125.7585,125.444,125.504
2022-04-12 07:00:00+00:00,usdjpy,125.5185,125.7185,125.46,125.702
2022-04-12 08:00:00+00:00,usdjpy,125.6325,125.7265,125.506,125.519
2022-04-12 09:00:00+00:00,usdjpy,125.6225,125.716,125.5675,125.6325
2022-04-12 10:00:00+00:00,usdjpy,125.5945,125.6295,125.5425,125.622
2022-04-12 11:00:00+00:00,usdjpy,125.4795,125.5965,125.4785,125.5955
2022-04-12 12:00:00+00:00,usdjpy,124.9355,125.604,124.7695,125.479
2022-04-12 13:00:00+00:00,usdjpy,125.2775,125.3425,124.905,124.9365
2022-04-12 14:00:00+00:00,usdjpy,125.178,125.2825,125.117,125.278
2022-04-12 15:00:00+00:00,usdjpy,125.2425,125.2595,125.1225,125.1795
2022-04-12 16:00:00+00:00,usdjpy,125.2385,125.2985,125.0545,125.2405
2022-04-12 17:00:00+00:00,usdjpy,125.2375,125.328,125.158,125.2395
2022-04-12 18:00:00+00:00,usdjpy,125.2845,125.3205,125.2155,125.238
2022-04-12 19:00:00+00:00,usdjpy,125.3365,125.3465,125.2595,125.285
2022-04-12 20:00:00+00:00,usdjpy,125.375,125.4055,125.3095,125.337
2022-04-12 21:00:00+00:00,usdjpy,125.3895,125.4075,125.359,125.3735
2022-04-12 22:00:00+00:00,usdjpy,125.3955,125.4075,125.3505,125.389
2022-04-12 23:00:00+00:00,usdjpy,125.4295,125.4985,125.3835,125.396
2022-04-13 00:00:00+00:00,usdjpy,125.5945,125.6415,125.3515,125.43
2022-04-13 01:00:00+00:00,usdjpy,125.5965,125.6405,125.5275,125.595
2022-04-13 02:00:00+00:00,usdjpy,125.5845,125.654,125.5535,125.596
2022-04-13 03:00:00+00:00,usdjpy,125.5065,125.5865,125.4665,125.584
2022-04-13 04:00:00+00:00,usdjpy,125.6075,125.6145,125.4915,125.507
2022-04-13 05:00:00+00:00,usdjpy,125.5985,125.7305,125.5625,125.6065
2022-04-13 06:00:00+00:00,usdjpy,126.1375,126.2275,125.5725,125.599
2022-04-13 07:00:00+00:00,usdjpy,126.0395,126.3185,126.0095,126.1365
2022-04-13 08:00:00+00:00,usdjpy,126.046,126.1595,125.9515,126.0405
2022-04-13 09:00:00+00:00,usdjpy,126.057,126.2145,126.0425,126.0455
2022-04-13 10:00:00+00:00,usdjpy,126.0455,126.1175,126.0095,126.0575
2022-04-13 11:00:00+00:00,usdjpy,125.8345,126.0715,125.62,126.0465
2022-04-13 12:00:00+00:00,usdjpy,125.9035,126.0015,125.7815,125.8335
2022-04-13 13:00:00+00:00,usdjpy,125.8375,125.9645,125.687,125.904
2022-04-13 14:00:00+00:00,usdjpy,125.7265,125.9165,125.7055,125.838
2022-04-13 15:00:00+00:00,usdjpy,125.5375,125.7645,125.49,125.7255
2022-04-13 16:00:00+00:00,usdjpy,125.597,125.6055,125.3735,125.538
2022-04-13 17:00:00+00:00,usdjpy,125.6015,125.6305,125.4915,125.5965
2022-04-13 18:00:00+00:00,usdjpy,125.616,125.6295,125.5325,125.602
2022-04-13 19:00:00+00:00,usdjpy,125.6815,125.7115,125.603,125.6155
2022-04-13 20:00:00+00:00,usdjpy,125.6285,125.6845,125.6285,125.6805
2022-04-13 21:00:00+00:00,usdjpy,125.6925,125.702,125.629,125.6645
2022-04-13 22:00:00+00:00,usdjpy,125.5955,125.6965,125.577,125.693
2022-04-13 23:00:00+00:00,usdjpy,125.3665,125.6085,125.3585,125.597
2022-04-14 00:00:00+00:00,usdjpy,125.5095,125.5945,125.2125,125.3665
2022-04-14 01:00:00+00:00,usdjpy,125.2795,125.5455,125.2325,125.51
2022-04-14 02:00:00+00:00,usdjpy,125.3425,125.3975,125.2555,125.2785
2022-04-14 03:00:00+00:00,usdjpy,125.2225,125.352,125.1035,125.342
2022-04-14 04:00:00+00:00,usdjpy,125.276,125.358,125.2225,125.2255
2022-04-14 05:00:00+00:00,usdjpy,125.4185,125.437,125.1835,125.2775
2022-04-14 06:00:00+00:00,usdjpy,125.2805,125.4685,125.275,125.4195
2022-04-14 07:00:00+00:00,usdjpy,125.3375,125.3455,125.0855,125.2795
2022-04-14 08:00:00+00:00,usdjpy,125.3895,125.4275,125.3265,125.3365
2022-04-14 09:00:00+00:00,usdjpy,125.3755,125.4475,125.326,125.39
2022-04-14 10:00:00+00:00,usdjpy,125.2575,125.4295,125.253,125.3745
2022-04-14 11:00:00+00:00,usdjpy,125.3505,125.3605,125.1995,125.258
2022-04-14 12:00:00+00:00,usdjpy,125.5355,125.5925,125.2775,125.35
2022-04-14 13:00:00+00:00,usdjpy,125.9525,126.017,125.4755,125.536
2022-04-14 14:00:00+00:00,usdjpy,125.8925,125.9815,125.7245,125.9515
2022-04-14 15:00:00+00:00,usdjpy,125.928,125.9935,125.8175,125.892
2022-04-14 16:00:00+00:00,usdjpy,125.9355,125.968,125.8305,125.9275
2022-04-14 17:00:00+00:00,usdjpy,125.968,125.9905,125.886,125.9365
2022-04-14 18:00:00+00:00,usdjpy,125.9925,125.9935,125.9325,125.9675
2022-04-14 19:00:00+00:00,usdjpy,125.9635,125.992,125.9625,125.992
2022-04-15 01:00:00+00:00,usdjpy,126.431,126.4825,126.2475,126.2515
2022-04-15 02:00:00+00:00,usdjpy,126.4475,126.4735,126.346,126.4305
2022-04-15 03:00:00+00:00,usdjpy,126.3775,126.4495,126.3685,126.4485
2022-04-15 04:00:00+00:00,usdjpy,126.385,126.4335,126.3665,126.3785
2022-04-15 05:00:00+00:00,usdjpy,126.429,126.47,126.3335,126.3845
2022-04-15 06:00:00+00:00,usdjpy,126.5775,126.6845,126.4245,126.4285
2022-04-15 07:00:00+00:00,usdjpy,126.4685,126.6065,126.4345,126.577
2022-04-15 08:00:00+00:00,usdjpy,126.4905,126.498,126.418,126.468
2022-04-15 09:00:00+00:00,usdjpy,126.4815,126.4975,126.4545,126.49
2022-04-15 10:00:00+00:00,usdjpy,126.4395,126.483,126.4315,126.4825
2022-04-15 11:00:00+00:00,usdjpy,126.48,126.5105,126.431,126.4405
2022-04-15 12:00:00+00:00,usdjpy,126.4795,126.5385,126.4645,126.4795
2022-04-15 13:00:00+00:00,usdjpy,126.5045,126.5325,126.4625,126.4805
2022-04-15 14:00:00+00:00,usdjpy,126.4775,126.5115,126.461,126.505
2022-04-15 15:00:00+00:00,usdjpy,126.3315,126.488,126.3135,126.4765
2022-04-15 16:00:00+00:00,usdjpy,126.394,126.413,126.331,126.332
2022-04-15 17:00:00+00:00,usdjpy,126.4055,126.419,126.375,126.3945
2022-04-15 18:00:00+00:00,usdjpy,126.368,126.418,126.365,126.406
2022-04-15 19:00:00+00:00,usdjpy,126.377,126.41,126.3325,126.367
2022-04-15 20:00:00+00:00,usdjpy,126.468,126.4945,126.3615,126.3775
2022-04-17 21:00:00+00:00,usdjpy,126.4425,126.4755,126.3805,126.425
2022-04-17 22:00:00+00:00,usdjpy,126.5375,126.734,126.3465,126.4435
2022-04-17 23:00:00+00:00,usdjpy,126.6155,126.693,126.509,126.538
2022-04-18 00:00:00+00:00,usdjpy,126.567,126.7955,126.56,126.6155
2022-04-18 01:00:00+00:00,usdjpy,126.4665,126.642,126.2425,126.5665
2022-04-18 02:00:00+00:00,usdjpy,126.5965,126.6195,126.4485,126.4655
2022-04-18 03:00:00+00:00,usdjpy,126.6715,126.6975,126.566,126.596
2022-04-18 04:00:00+00:00,usdjpy,126.6455,126.6875,126.6055,126.6725
2022-04-18 05:00:00+00:00,usdjpy,126.6495,126.6745,126.5855,126.646
2022-04-18 06:00:00+00:00,usdjpy,126.6255,126.6745,126.6045,126.6505
2022-04-18 07:00:00+00:00,usdjpy,126.6405,126.6575,126.4505,126.625
2022-04-18 08:00:00+00:00,usdjpy,126.6315,126.6925,126.578,126.6415
2022-04-18 09:00:00+00:00,usdjpy,126.623,126.6425,126.5725,126.632
2022-04-18 10:00:00+00:00,usdjpy,126.6155,126.6335,126.6025,126.6225
2022-04-18 11:00:00+00:00,usdjpy,126.5505,126.6235,126.5385,126.6145
2022-04-18 12:00:00+00:00,usdjpy,126.5255,126.6695,126.437,126.55
2022-04-18 13:00:00+00:00,usdjpy,126.5905,126.5985,126.4675,126.5265
2022-04-18 14:00:00+00:00,usdjpy,126.6555,126.6755,126.5455,126.5895
2022-04-18 15:00:00+00:00,usdjpy,126.7785,126.8135,126.6445,126.656
2022-04-18 16:00:00+00:00,usdjpy,126.9685,126.9705,126.7635,126.7795
2022-04-18 17:00:00+00:00,usdjpy,126.946,126.9685,126.8655,126.9675
2022-04-18 18:00:00+00:00,usdjpy,126.9805,126.984,126.8935,126.9485
2022-04-18 19:00:00+00:00,usdjpy,126.9455,126.9815,126.9235,126.9815
2022-04-18 20:00:00+00:00,usdjpy,126.9935,127.0005,126.9395,126.9445
2022-04-18 21:00:00+00:00,usdjpy,127.0935,127.1045,126.9885,126.989
2022-04-18 22:00:00+00:00,usdjpy,127.09,127.128,127.018,127.091
2022-04-18 23:00:00+00:00,usdjpy,127.146,127.2265,127.07,127.089
2022-04-19 00:00:00+00:00,usdjpy,127.3145,127.3605,126.9905,127.1465
2022-04-19 01:00:00+00:00,usdjpy,127.5135,127.5505,127.262,127.314
2022-04-19 02:00:00+00:00,usdjpy,127.7375,127.8095,127.4625,127.5155
2022-04-19 03:00:00+00:00,usdjpy,127.9265,127.9745,127.616,127.737
2022-04-19 04:00:00+00:00,usdjpy,128.1475,128.238,127.8425,127.9235
2022-04-19 05:00:00+00:00,usdjpy,128.169,128.219,128.0665,128.1485
2022-04-19 06:00:00+00:00,usdjpy,128.2225,128.3265,128.1215,128.169
2022-04-19 07:00:00+00:00,usdjpy,128.067,128.229,127.7835,128.222
2022-04-19 08:00:00+00:00,usdjpy,128.3095,128.4635,128.0485,128.0675
2022-04-19 09:00:00+00:00,usdjpy,128.3455,128.4455,128.2875,128.3095
2022-04-19 10:00:00+00:00,usdjpy,128.3445,128.3905,128.2095,128.346
2022-04-19 11:00:00+00:00,usdjpy,128.2005,128.4075,128.1515,128.3435
2022-04-19 12:00:00+00:00,usdjpy,128.4645,128.4995,128.0725,128.2005
2022-04-19 13:00:00+00:00,usdjpy,128.6785,128.7515,128.454,128.4635
2022-04-19 14:00:00+00:00,usdjpy,128.833,128.8485,128.5795,128.6775
2022-04-19 15:00:00+00:00,usdjpy,128.5495,128.918,128.5065,128.8325
2022-04-19 16:00:00+00:00,usdjpy,128.7555,128.8035,128.549,128.549
2022-04-19 17:00:00+00:00,usdjpy,128.8065,128.8065,128.7055,128.756
2022-04-19 18:00:00+00:00,usdjpy,128.7565,128.8235,128.7065,128.807
2022-04-19 19:00:00+00:00,usdjpy,128.8635,128.9775,128.726,128.7555
2022-04-19 20:00:00+00:00,usdjpy,128.897,128.9065,128.856,128.8645
2022-04-19 21:00:00+00:00,usdjpy,128.9355,128.948,128.8805,128.898
2022-04-19 22:00:00+00:00,usdjpy,129.305,129.406,128.916,128.9365
2022-04-19 23:00:00+00:00,usdjpy,129.3325,129.3605,129.094,129.3045
2022-04-20 00:00:00+00:00,usdjpy,129.2945,129.4065,129.099,129.3325
2022-04-20 01:00:00+00:00,usdjpy,129.0065,129.3795,128.873,129.2935
2022-04-20 02:00:00+00:00,usdjpy,128.7745,129.1825,128.5495,129.007
2022-04-20 03:00:00+00:00,usdjpy,128.355,128.774,128.0635,128.774
2022-04-20 04:00:00+00:00,usdjpy,128.558,128.6655,128.3545,128.3545
2022-04-20 05:00:00+00:00,usdjpy,128.7025,128.7365,128.4895,128.5585
2022-04-20 06:00:00+00:00,usdjpy,128.6665,128.748,128.5815,128.7035
2022-04-20 07:00:00+00:00,usdjpy,128.6735,128.7005,128.446,128.6655
2022-04-20 08:00:00+00:00,usdjpy,128.4065,128.7085,128.3535,128.6725
2022-04-20 09:00:00+00:00,usdjpy,128.0625,128.4615,127.845,128.4065
2022-04-20 10:00:00+00:00,usdjpy,127.7745,128.0645,127.6065,128.0635
2022-04-20 11:00:00+00:00,usdjpy,127.8815,128.0715,127.6795,127.7745
2022-04-20 12:00:00+00:00,usdjpy,128.1065,128.2815,127.8105,127.881
2022-04-20 13:00:00+00:00,usdjpy,127.9035,128.156,127.791,128.106
2022-04-20 14:00:00+00:00,usdjpy,127.6835,127.9215,127.4615,127.9045
2022-04-20 15:00:00+00:00,usdjpy,127.768,127.8365,127.6215,127.683
2022-04-20 16:00:00+00:00,usdjpy,127.8865,127.9015,127.7075,127.7685
2022-04-20 17:00:00+00:00,usdjpy,127.7365,127.9185,127.6825,127.8875
2022-04-20 18:00:00+00:00,usdjpy,127.7815,127.8455,127.662,127.737
2022-04-20 19:00:00+00:00,usdjpy,127.7185,127.8185,127.7135,127.782
2022-04-20 20:00:00+00:00,usdjpy,127.8355,127.8935,127.7195,127.7195
2022-04-20 21:00:00+00:00,usdjpy,127.9645,127.9925,127.8825,127.937
2022-04-20 22:00:00+00:00,usdjpy,127.9675,128.229,127.83,127.9635
2022-04-20 23:00:00+00:00,usdjpy,127.984,128.1195,127.8665,127.967
2022-04-21 00:00:00+00:00,usdjpy,128.1575,128.4795,127.9795,127.9835
2022-04-21 01:00:00+00:00,usdjpy,128.3865,128.4535,128.1135,128.157
2022-04-21 02:00:00+00:00,usdjpy,128.6135,128.6165,128.3305,128.386
2022-04-21 03:00:00+00:00,usdjpy,128.3295,128.6405,128.312,128.6135
2022-04-21 04:00:00+00:00,usdjpy,128.3665,128.4425,128.2485,128.3135
2022-04-21 05:00:00+00:00,usdjpy,128.2035,128.3845,128.0595,128.367
2022-04-21 06:00:00+00:00,usdjpy,128.0115,128.2115,127.9135,128.203
2022-04-21 07:00:00+00:00,usdjpy,128.023,128.1105,127.8715,128.0105
2022-04-21 08:00:00+00:00,usdjpy,128.065,128.2745,128.0215,128.0225
2022-04-21 09:00:00+00:00,usdjpy,128.0775,128.1685,128.0115,128.0645
2022-04-21 10:00:00+00:00,usdjpy,128.0575,128.077,127.8065,128.077
2022-04-21 11:00:00+00:00,usdjpy,128.2345,128.2745,128.0515,128.0565
2022-04-21 12:00:00+00:00,usdjpy,128.131,128.3835,128.0395,128.235
2022-04-21 13:00:00+00:00,usdjpy,128.433,128.4485,128.083,128.1315
2022-04-21 14:00:00+00:00,usdjpy,128.5225,128.5815,128.2835,128.4365
2022-04-21 15:00:00+00:00,usdjpy,128.6035,128.7065,128.3825,128.523
2022-04-21 16:00:00+00:00,usdjpy,128.6005,128.6925,128.5145,128.6055
2022-04-21 17:00:00+00:00,usdjpy,128.1445,128.6,128.0695,128.6
2022-04-21 18:00:00+00:00,usdjpy,128.2575,128.3535,128.1075,128.145
2022-04-21 19:00:00+00:00,usdjpy,128.285,128.3315,128.1995,128.2565
2022-04-21 20:00:00+00:00,usdjpy,128.3825,128.4045,128.2425,128.286
2022-04-21 21:00:00+00:00,usdjpy,128.4205,128.476,128.357,128.3685
2022-04-21 22:00:00+00:00,usdjpy,128.3315,128.4865,128.316,128.421
2022-04-21 23:00:00+00:00,usdjpy,128.4415,128.4745,128.2645,128.3315
2022-04-22 00:00:00+00:00,usdjpy,128.6255,128.6655,128.3755,128.4415
2022-04-22 01:00:00+00:00,usdjpy,128.657,128.6935,128.4775,128.6255
2022-04-22 02:00:00+00:00,usdjpy,128.6085,128.6565,128.545,128.6565
2022-04-22 03:00:00+00:00,usdjpy,128.465,128.6835,128.3275,128.608
2022-04-22 04:00:00+00:00,usdjpy,128.194,128.5255,128.0565,128.4655
2022-04-22 05:00:00+00:00,usdjpy,127.9125,128.2135,127.9065,128.1935
2022-04-22 06:00:00+00:00,usdjpy,127.922,128.0315,127.739,127.9135
2022-04-22 07:00:00+00:00,usdjpy,128.0765,128.1665,127.8655,127.921
2022-04-22 08:00:00+00:00,usdjpy,128.2655,128.3315,128.064,128.0755
2022-04-22 09:00:00+00:00,usdjpy,128.4295,128.5245,128.2095,128.2665
2022-04-22 10:00:00+00:00,usdjpy,128.4555,128.5305,128.3235,128.4305
2022-04-22 11:00:00+00:00,usdjpy,128.269,128.468,128.2635,128.4545
2022-04-22 12:00:00+00:00,usdjpy,128.4435,128.4885,128.2665,128.2695
2022-04-22 13:00:00+00:00,usdjpy,128.4265,128.597,128.202,128.444
2022-04-22 14:00:00+00:00,usdjpy,128.3825,128.431,128.1365,128.4265
2022-04-22 15:00:00+00:00,usdjpy,128.792,129.1105,128.3655,128.3805
2022-04-22 16:00:00+00:00,usdjpy,128.8915,128.9385,128.751,128.7915
2022-04-22 17:00:00+00:00,usdjpy,128.5375,128.891,128.4375,128.8905
2022-04-22 18:00:00+00:00,usdjpy,128.5875,128.6345,128.505,128.5365
2022-04-22 19:00:00+00:00,usdjpy,128.54,128.5965,128.4895,128.588
2022-04-22 20:00:00+00:00,usdjpy,128.5495,128.5725,128.4695,128.5395
2022-04-24 21:00:00+00:00,usdjpy,128.528,128.5625,128.466,128.5625
2022-04-24 22:00:00+00:00,usdjpy,128.7435,128.8565,128.525,128.526
2022-04-24 23:00:00+00:00,usdjpy,128.6105,128.77,128.587,128.743
2022-04-25 00:00:00+00:00,usdjpy,128.7595,128.8115,128.4835,128.6105
2022-04-25 01:00:00+00:00,usdjpy,128.5795,128.8725,128.51,128.76
2022-04-25 02:00:00+00:00,usdjpy,128.321,128.6125,128.2415,128.579
2022-04-25 03:00:00+00:00,usdjpy,128.3665,128.4705,128.321,128.3215
2022-04-25 04:00:00+00:00,usdjpy,128.5255,128.5495,128.2795,128.3655
2022-04-25 05:00:00+00:00,usdjpy,128.4885,128.5965,128.4845,128.5255
2022-04-25 06:00:00+00:00,usdjpy,128.0935,128.535,128.018,128.4895
2022-04-25 07:00:00+00:00,usdjpy,128.203,128.2705,127.977,128.0925
2022-04-25 08:00:00+00:00,usdjpy,128.1245,128.3415,127.8835,128.2025
2022-04-25 09:00:00+00:00,usdjpy,128.2135,128.2285,127.9935,128.1245
2022-04-25 10:00:00+00:00,usdjpy,128.1695,128.2695,128.0315,128.2125
2022-04-25 11:00:00+00:00,usdjpy,128.1685,128.5045,128.1485,128.1675
2022-04-25 12:00:00+00:00,usdjpy,128.162,128.272,128.006,128.1695
2022-04-25 13:00:00+00:00,usdjpy,127.6615,128.282,127.6115,128.1615
2022-04-25 14:00:00+00:00,usdjpy,127.8635,128.017,127.6305,127.664
2022-04-25 15:00:00+00:00,usdjpy,127.674,127.9025,127.524,127.8625
2022-04-25 16:00:00+00:00,usdjpy,127.696,127.7595,127.5585,127.6735
2022-04-25 17:00:00+00:00,usdjpy,127.8545,127.865,127.6925,127.6955
2022-04-25 18:00:00+00:00,usdjpy,128.0315,128.032,127.8315,127.8555
2022-04-25 19:00:00+00:00,usdjpy,128.02,128.1035,127.8945,128.032
2022-04-25 20:00:00+00:00,usdjpy,128.1275,128.138,128.019,128.0195
2022-04-25 21:00:00+00:00,usdjpy,128.158,128.1985,128.124,128.127
2022-04-25 22:00:00+00:00,usdjpy,127.9885,128.2305,127.941,128.159
2022-04-25 23:00:00+00:00,usdjpy,127.7765,128.068,127.741,127.988
2022-04-26 00:00:00+00:00,usdjpy,127.6005,127.8305,127.3495,127.777
2022-04-26 01:00:00+00:00,usdjpy,127.5385,127.6785,127.3875,127.6005
2022-04-26 02:00:00+00:00,usdjpy,127.8065,127.8255,127.458,127.538
2022-04-26 03:00:00+00:00,usdjpy,128.0245,128.0915,127.7715,127.8065
2022-04-26 04:00:00+00:00,usdjpy,128.1085,128.1835,128.0035,128.0245
2022-04-26 05:00:00+00:00,usdjpy,127.9705,128.2025,127.8935,128.1085
2022-04-26 06:00:00+00:00,usdjpy,127.88,128.0085,127.7255,127.9705
2022-04-26 07:00:00+00:00,usdjpy,127.893,128.0215,127.717,127.8835
2022-04-26 08:00:00+00:00,usdjpy,127.8725,128.0575,127.8035,127.8935
2022-04-26 09:00:00+00:00,usdjpy,127.8245,127.9325,127.6835,127.872
2022-04-26 10:00:00+00:00,usdjpy,127.7195,127.8735,127.7,127.8235
2022-04-26 11:00:00+00:00,usdjpy,127.5455,127.7305,127.4885,127.72
2022-04-26 12:00:00+00:00,usdjpy,127.216,127.606,127.184,127.5455
2022-04-26 13:00:00+00:00,usdjpy,127.1655,127.3755,127.0265,127.2165
2022-04-26 14:00:00+00:00,usdjpy,127.1765,127.3495,127.1395,127.1675
2022-04-26 15:00:00+00:00,usdjpy,127.3735,127.4605,127.1235,127.1755
2022-04-26 16:00:00+00:00,usdjpy,127.5275,127.5455,127.354,127.374
2022-04-26 17:00:00+00:00,usdjpy,127.5825,127.5905,127.4235,127.528
2022-04-26 18:00:00+00:00,usdjpy,127.5825,127.6395,127.543,127.5835
2022-04-26 19:00:00+00:00,usdjpy,127.4285,127.6865,127.4175,127.582
2022-04-26 20:00:00+00:00,usdjpy,127.2255,127.4565,127.205,127.428
2022-04-26 21:00:00+00:00,usdjpy,127.224,127.278,127.195,127.247
2022-04-26 22:00:00+00:00,usdjpy,127.1065,127.2245,126.9515,127.2245
2022-04-26 23:00:00+00:00,usdjpy,127.2685,127.3045,127.107,127.107
2022-04-27 00:00:00+00:00,usdjpy,127.5495,127.6285,127.2585,127.2685
2022-04-27 01:00:00+00:00,usdjpy,127.4805,127.6295,127.4675,127.5475
2022-04-27 02:00:00+00:00,usdjpy,127.7925,127.7925,127.3635,127.4795
2022-04-27 03:00:00+00:00,usdjpy,127.7255,127.8295,127.6805,127.793
2022-04-27 04:00:00+00:00,usdjpy,127.6535,127.7985,127.6065,127.726
2022-04-27 05:00:00+00:00,usdjpy,127.7175,127.767,127.4875,127.6545
2022-04-27 06:00:00+00:00,usdjpy,127.9415,128.1055,127.6995,127.7165
2022-04-27 07:00:00+00:00,usdjpy,127.9925,128.008,127.733,127.941
2022-04-27 08:00:00+00:00,usdjpy,127.9635,128.0075,127.7895,127.992
2022-04-27 09:00:00+00:00,usdjpy,127.919,127.9895,127.8005,127.964
2022-04-27 10:00:00+00:00,usdjpy,127.9235,127.9995,127.7975,127.9195
2022-04-27 11:00:00+00:00,usdjpy,128.0615,128.1985,127.8975,127.9235
2022-04-27 12:00:00+00:00,usdjpy,128.072,128.1595,127.928,128.061
2022-04-27 13:00:00+00:00,usdjpy,128.1315,128.2365,128.0375,128.0725
2022-04-27 14:00:00+00:00,usdjpy,128.318,128.3285,127.913,128.131
2022-04-27 15:00:00+00:00,usdjpy,128.4515,128.5935,128.3095,128.3185
2022-04-27 16:00:00+00:00,usdjpy,128.2745,128.4555,128.224,128.452
2022-04-27 17:00:00+00:00,usdjpy,128.2505,128.3345,128.2305,128.275
2022-04-27 18:00:00+00:00,usdjpy,128.341,128.3605,128.2025,128.2505
2022-04-27 19:00:00+00:00,usdjpy,128.3115,128.3775,128.2405,128.3415
2022-04-27 20:00:00+00:00,usdjpy,128.4275,128.448,128.3115,128.3125
2022-04-27 21:00:00+00:00,usdjpy,128.4725,128.4925,128.425,128.43
2022-04-27 22:00:00+00:00,usdjpy,128.524,128.5545,128.3395,128.4725
2022-04-27 23:00:00+00:00,usdjpy,128.4445,128.5545,128.3905,128.5235
2022-04-28 00:00:00+00:00,usdjpy,128.8205,128.8465,128.3555,128.444
2022-04-28 01:00:00+00:00,usdjpy,128.7055,128.8945,128.6655,128.8215
2022-04-28 02:00:00+00:00,usdjpy,128.6885,128.7865,128.6465,128.705
2022-04-28 03:00:00+00:00,usdjpy,129.709,129.874,128.6265,128.6885
2022-04-28 04:00:00+00:00,usdjpy,129.8495,129.906,129.5555,129.706
2022-04-28 05:00:00+00:00,usdjpy,130.031,130.2755,129.7855,129.849
2022-04-28 06:00:00+00:00,usdjpy,130.537,130.6675,129.9605,130.0305
2022-04-28 07:00:00+00:00,usdjpy,130.596,130.707,129.9505,130.5375
2022-04-28 08:00:00+00:00,usdjpy,130.9305,130.9585,130.5525,130.5965
2022-04-28 09:00:00+00:00,usdjpy,130.5945,131.0115,130.1875,130.9295
2022-04-28 10:00:00+00:00,usdjpy,130.3955,130.605,130.179,130.595
2022-04-28 11:00:00+00:00,usdjpy,130.921,130.9405,130.371,130.3965
2022-04-28 12:00:00+00:00,usdjpy,130.812,130.9245,130.283,130.921
2022-04-28 13:00:00+00:00,usdjpy,130.9015,130.9055,130.5825,130.8115
2022-04-28 14:00:00+00:00,usdjpy,131.026,131.255,130.8135,130.8985
2022-04-28 15:00:00+00:00,usdjpy,130.9375,131.0835,130.7125,131.025
2022-04-28 16:00:00+00:00,usdjpy,130.9655,131.127,130.8845,130.936
2022-04-28 17:00:00+00:00,usdjpy,131.1095,131.135,130.9505,130.9665
2022-04-28 18:00:00+00:00,usdjpy,130.8985,131.1175,130.8135,131.1105
2022-04-28 19:00:00+00:00,usdjpy,130.885,130.9465,130.82,130.899
2022-04-28 20:00:00+00:00,usdjpy,130.834,130.914,130.7855,130.885
2022-04-28 21:00:00+00:00,usdjpy,130.859,130.894,130.8515,130.8605
2022-04-28 22:00:00+00:00,usdjpy,130.8965,130.955,130.8005,130.8585
2022-04-28 23:00:00+00:00,usdjpy,130.7885,130.907,130.776,130.898
2022-04-29 00:00:00+00:00,usdjpy,130.5775,130.825,130.5445,130.7885
2022-04-29 01:00:00+00:00,usdjpy,130.678,130.6915,130.3725,130.5785
2022-04-29 02:00:00+00:00,usdjpy,130.744,130.8025,130.6355,130.6775
2022-04-29 03:00:00+00:00,usdjpy,130.645,130.751,130.5805,130.7435
2022-04-29 04:00:00+00:00,usdjpy,130.5385,130.669,130.4655,130.6445
2022-04-29 05:00:00+00:00,usdjpy,130.387,130.5695,130.3635,130.5395
2022-04-29 06:00:00+00:00,usdjpy,130.2485,130.4825,130.1745,130.3865
2022-04-29 07:00:00+00:00,usdjpy,130.0145,130.3655,129.9855,130.2485
2022-04-29 08:00:00+00:00,usdjpy,130.1075,130.2045,129.772,130.0155
2022-04-29 09:00:00+00:00,usdjpy,130.3075,130.498,130.1065,130.1085
2022-04-29 10:00:00+00:00,usdjpy,130.0995,130.4255,130.0515,130.3075
2022-04-29 11:00:00+00:00,usdjpy,130.0095,130.1005,129.8395,130.0995
2022-04-29 12:00:00+00:00,usdjpy,130.0875,130.3755,129.9515,130.0085
2022-04-29 13:00:00+00:00,usdjpy,130.0705,130.3835,130.0595,130.0885
2022-04-29 14:00:00+00:00,usdjpy,129.6485,130.1955,129.4615,130.0715
2022-04-29 15:00:00+00:00,usdjpy,129.818,129.87,129.365,129.648
2022-04-29 16:00:00+00:00,usdjpy,129.677,129.8755,129.631,129.8185
2022-04-29 17:00:00+00:00,usdjpy,129.5035,129.6995,129.3185,129.6765
2022-04-29 18:00:00+00:00,usdjpy,129.4445,129.5485,129.3605,129.503
2022-04-29 19:00:00+00:00,usdjpy,129.764,129.8125,129.4335,129.444
2022-04-29 20:00:00+00:00,usdjpy,129.8585,129.9235,129.76,129.7645
2022-05-01 21:00:00+00:00,usdjpy,129.885,129.9065,129.77,129.77
2022-05-01 22:00:00+00:00,usdjpy,130.142,130.2965,129.8295,129.886
2022-05-01 23:00:00+00:00,usdjpy,130.002,130.154,129.854,130.1435
2022-05-02 00:00:00+00:00,usdjpy,130.063,130.115,129.6155,130.0025
2022-05-02 01:00:00+00:00,usdjpy,130.186,130.241,129.9565,130.0635
2022-05-02 02:00:00+00:00,usdjpy,130.1475,130.203,130.0155,130.1865
2022-05-02 03:00:00+00:00,usdjpy,130.2865,130.3735,130.123,130.148
2022-05-02 04:00:00+00:00,usdjpy,130.387,130.4005,130.2575,130.287
2022-05-02 05:00:00+00:00,usdjpy,130.41,130.4285,130.3465,130.3875
2022-05-02 06:00:00+00:00,usdjpy,130.3085,130.4795,130.251,130.4095
2022-05-02 07:00:00+00:00,usdjpy,130.108,130.3175,130.0755,130.309
2022-05-02 08:00:00+00:00,usdjpy,130.0465,130.1685,129.9235,130.101
2022-05-02 09:00:00+00:00,usdjpy,129.8725,130.1155,129.8265,130.046
2022-05-02 10:00:00+00:00,usdjpy,129.8815,130.0365,129.8705,129.872
2022-05-02 11:00:00+00:00,usdjpy,129.8955,130.0065,129.8495,129.882
2022-05-02 12:00:00+00:00,usdjpy,130.1215,130.1595,129.7015,129.896
2022-05-02 13:00:00+00:00,usdjpy,130.1495,130.1665,129.9875,130.1215
2022-05-02 14:00:00+00:00,usdjpy,130.2325,130.2435,129.9615,130.1395
2022-05-02 15:00:00+00:00,usdjpy,130.203,130.3525,130.1805,130.232
2022-05-02 16:00:00+00:00,usdjpy,130.1755,130.2065,130.0785,130.2035
2022-05-02 17:00:00+00:00,usdjpy,130.1735,130.2365,130.1225,130.1765
2022-05-02 18:00:00+00:00,usdjpy,130.1425,130.1745,130.082,130.174
2022-05-02 19:00:00+00:00,usdjpy,130.2125,130.2585,130.1265,130.142
2022-05-02 20:00:00+00:00,usdjpy,130.1605,130.2125,130.132,130.2125
2022-05-02 21:00:00+00:00,usdjpy,130.2125,130.2155,130.143,130.1535
2022-05-02 22:00:00+00:00,usdjpy,130.15,130.213,130.088,130.213
2022-05-02 23:00:00+00:00,usdjpy,130.1045,130.2165,130.0965,130.1495
2022-05-03 00:00:00+00:00,usdjpy,129.9145,130.1045,129.8575,130.1045
2022-05-03 01:00:00+00:00,usdjpy,129.9425,130.0485,129.9015,129.915
2022-05-03 02:00:00+00:00,usdjpy,129.9965,130.058,129.931,129.9435
2022-05-03 03:00:00+00:00,usdjpy,129.9865,130.0385,129.9775,129.9975
2022-05-03 04:00:00+00:00,usdjpy,130.1365,130.1695,129.9645,129.9875
2022-05-03 05:00:00+00:00,usdjpy,130.1545,130.2275,130.1035,130.1355
2022-05-03 06:00:00+00:00,usdjpy,130.1355,130.1905,130.0605,130.1395
2022-05-03 07:00:00+00:00,usdjpy,130.1935,130.291,130.1235,130.1355
2022-05-03 08:00:00+00:00,usdjpy,130.1165,130.2095,130.046,130.193
2022-05-03 09:00:00+00:00,usdjpy,130.1325,130.1905,130.0795,130.1155
2022-05-03 10:00:00+00:00,usdjpy,130.0835,130.138,130.0495,130.133
2022-05-03 11:00:00+00:00,usdjpy,129.9135,130.1265,129.9105,130.0835
2022-05-03 12:00:00+00:00,usdjpy,129.8865,129.9485,129.7415,129.9125
2022-05-03 13:00:00+00:00,usdjpy,129.86,129.926,129.7005,129.8865
2022-05-03 14:00:00+00:00,usdjpy,129.93,130.042,129.8365,129.8625
2022-05-03 15:00:00+00:00,usdjpy,130.0765,130.0845,129.8595,129.9285
2022-05-03 16:00:00+00:00,usdjpy,130.1705,130.1985,130.0765,130.0775
2022-05-03 17:00:00+00:00,usdjpy,130.1065,130.1805,130.061,130.171
2022-05-03 18:00:00+00:00,usdjpy,130.189,130.2065,130.0805,130.1055
2022-05-03 19:00:00+00:00,usdjpy,130.1245,130.1965,130.1165,130.19
2022-05-03 20:00:00+00:00,usdjpy,130.137,130.1715,130.118,130.124
2022-05-03 21:00:00+00:00,usdjpy,130.1315,130.1385,130.12,130.1365
2022-05-03 22:00:00+00:00,usdjpy,130.1135,130.1635,130.0425,130.132
2022-05-03 23:00:00+00:00,usdjpy,130.1275,130.1645,130.0965,130.113
2022-05-04 00:00:00+00:00,usdjpy,130.1465,130.2065,130.075,130.1285
2022-05-04 01:00:00+00:00,usdjpy,130.1105,130.1735,130.0775,130.1455
2022-05-04 02:00:00+00:00,usdjpy,130.1055,130.1305,130.0795,130.11
2022-05-04 03:00:00+00:00,usdjpy,130.1345,130.1385,130.0925,130.106
2022-05-04 04:00:00+00:00,usdjpy,130.1515,130.1615,130.1065,130.135
2022-05-04 05:00:00+00:00,usdjpy,130.145,130.1565,130.1205,130.1525
2022-05-04 06:00:00+00:00,usdjpy,130.1375,130.188,130.1205,130.1455
2022-05-04 07:00:00+00:00,usdjpy,130.1015,130.176,130.0785,130.1365
2022-05-04 08:00:00+00:00,usdjpy,130.0515,130.1035,129.9825,130.102
2022-05-04 09:00:00+00:00,usdjpy,130.0155,130.0965,129.9975,130.051
2022-05-04 10:00:00+00:00,usdjpy,129.973,130.0355,129.9635,130.015
2022-05-04 11:00:00+00:00,usdjpy,129.9475,130.0245,129.8935,129.9725
2022-05-04 12:00:00+00:00,usdjpy,129.875,130.0435,129.7905,129.9485
2022-05-04 13:00:00+00:00,usdjpy,130.0695,130.1105,129.8015,129.8755
2022-05-04 14:00:00+00:00,usdjpy,130.0,130.13,129.963,130.07
2022-05-04 15:00:00+00:00,usdjpy,129.9775,130.008,129.8875,129.9995
2022-05-04 16:00:00+00:00,usdjpy,130.008,130.061,129.9735,129.977
2022-05-04 17:00:00+00:00,usdjpy,130.012,130.1265,129.9725,130.0075
2022-05-04 18:00:00+00:00,usdjpy,128.78,130.3825,128.6295,130.011
2022-05-04 19:00:00+00:00,usdjpy,129.136,129.301,128.6695,128.7815
2022-05-04 20:00:00+00:00,usdjpy,129.09,129.191,129.077,129.1355
2022-05-04 21:00:00+00:00,usdjpy,129.1815,129.1985,129.0905,129.0905
2022-05-04 22:00:00+00:00,usdjpy,129.5335,129.554,129.1195,129.181
2022-05-04 23:00:00+00:00,usdjpy,129.2385,129.5435,129.137,129.534
2022-05-05 00:00:00+00:00,usdjpy,129.1015,129.305,129.0575,129.2385
2022-05-05 01:00:00+00:00,usdjpy,128.9065,129.1785,128.7565,129.1015
2022-05-05 02:00:00+00:00,usdjpy,129.0685,129.085,128.881,128.9055
2022-05-05 03:00:00+00:00,usdjpy,129.1065,129.1975,129.0705,129.0705
2022-05-05 04:00:00+00:00,usdjpy,129.259,129.2885,129.0985,129.0995
2022-05-05 05:00:00+00:00,usdjpy,129.356,129.425,129.2375,129.2595
2022-05-05 06:00:00+00:00,usdjpy,129.6285,129.6475,129.2785,129.3555
2022-05-05 07:00:00+00:00,usdjpy,129.6965,129.7665,129.4665,129.6245
2022-05-05 08:00:00+00:00,usdjpy,129.7025,129.83,129.6465,129.6965
2022-05-05 09:00:00+00:00,usdjpy,129.68,129.7675,129.609,129.703
2022-05-05 10:00:00+00:00,usdjpy,129.7215,129.7585,129.5415,129.6805
2022-05-05 11:00:00+00:00,usdjpy,129.9975,130.0075,129.6815,129.7215
2022-05-05 12:00:00+00:00,usdjpy,129.9045,129.9975,129.7235,129.997
2022-05-05 13:00:00+00:00,usdjpy,130.2535,130.3375,129.861,129.9045
2022-05-05 14:00:00+00:00,usdjpy,130.2445,130.2945,130.1085,130.253
2022-05-05 15:00:00+00:00,usdjpy,130.4085,130.4445,130.215,130.244
2022-05-05 16:00:00+00:00,usdjpy,130.4185,130.5605,130.35,130.4095
2022-05-05 17:00:00+00:00,usdjpy,130.5055,130.5495,130.3375,130.419
2022-05-05 18:00:00+00:00,usdjpy,130.398,130.5185,130.3675,130.5055
2022-05-05 19:00:00+00:00,usdjpy,130.018,130.398,129.986,130.3975
2022-05-05 20:00:00+00:00,usdjpy,130.217,130.221,130.018,130.0185
2022-05-05 21:00:00+00:00,usdjpy,130.2005,130.2185,130.1905,130.2015
2022-05-05 22:00:00+00:00,usdjpy,130.1055,130.2885,130.1,130.2035
2022-05-05 23:00:00+00:00,usdjpy,130.3245,130.359,130.096,130.106
2022-05-06 00:00:00+00:00,usdjpy,130.4845,130.539,130.2145,130.324
2022-05-06 01:00:00+00:00,usdjpy,130.7605,130.7935,130.3675,130.4835
2022-05-06 02:00:00+00:00,usdjpy,130.6345,130.81,130.554,130.7605
2022-05-06 03:00:00+00:00,usdjpy,130.6075,130.6355,130.42,130.634
2022-05-06 04:00:00+00:00,usdjpy,130.5675,130.6565,130.505,130.6085
2022-05-06 05:00:00+00:00,usdjpy,130.6895,130.6995,130.5635,130.5665
2022-05-06 06:00:00+00:00,usdjpy,130.6265,130.6925,130.4985,130.69
2022-05-06 07:00:00+00:00,usdjpy,130.525,130.6305,130.3305,130.6255
2022-05-06 08:00:00+00:00,usdjpy,130.4455,130.5755,130.4,130.5245
2022-05-06 09:00:00+00:00,usdjpy,130.4975,130.5415,130.395,130.445
2022-05-06 10:00:00+00:00,usdjpy,130.2585,130.5005,130.2425,130.4985
2022-05-06 11:00:00+00:00,usdjpy,130.4235,130.4465,130.25,130.2595
2022-05-06 12:00:00+00:00,usdjpy,130.662,130.7115,130.154,130.423
2022-05-06 13:00:00+00:00,usdjpy,130.3275,130.667,130.1985,130.6615
2022-05-06 14:00:00+00:00,usdjpy,130.411,130.532,130.2615,130.3275
2022-05-06 15:00:00+00:00,usdjpy,130.3665,130.4295,130.2155,130.411
2022-05-06 16:00:00+00:00,usdjpy,130.4315,130.4355,130.2895,130.3665
2022-05-06 17:00:00+00:00,usdjpy,130.58,130.5875,130.4155,130.432
2022-05-06 18:00:00+00:00,usdjpy,130.5865,130.5895,130.5105,130.5805
2022-05-06 19:00:00+00:00,usdjpy,130.5475,130.6375,130.5015,130.587
2022-05-06 20:00:00+00:00,usdjpy,130.544,130.607,130.538,130.549
2022-05-08 21:00:00+00:00,usdjpy,130.597,130.618,130.5105,130.5585
2022-05-08 22:00:00+00:00,usdjpy,130.685,130.7915,130.57,130.593
2022-05-08 23:00:00+00:00,usdjpy,130.7415,130.784,130.6415,130.6855
2022-05-09 00:00:00+00:00,usdjpy,130.8495,130.959,130.7225,130.7405
2022-05-09 01:00:00+00:00,usdjpy,130.7835,130.8865,130.68,130.85
2022-05-09 02:00:00+00:00,usdjpy,130.8675,130.949,130.776,130.7845
2022-05-09 03:00:00+00:00,usdjpy,130.9655,131.0715,130.8565,130.8685
2022-05-09 04:00:00+00:00,usdjpy,130.9995,131.001,130.8875,130.965
2022-05-09 05:00:00+00:00,usdjpy,131.011,131.111,130.999,131.0
2022-05-09 06:00:00+00:00,usdjpy,131.2755,131.35,131.0055,131.0105
2022-05-09 07:00:00+00:00,usdjpy,131.205,131.281,131.1235,131.276
2022-05-09 08:00:00+00:00,usdjpy,131.1955,131.215,131.0405,131.204
2022-05-09 09:00:00+00:00,usdjpy,131.1815,131.247,131.077,131.196
2022-05-09 10:00:00+00:00,usdjpy,131.1105,131.2085,131.062,131.1815
2022-05-09 11:00:00+00:00,usdjpy,131.0235,131.1635,130.9935,131.1115
2022-05-09 12:00:00+00:00,usdjpy,130.7215,131.0275,130.4895,131.0245
2022-05-09 13:00:00+00:00,usdjpy,130.8305,130.8955,130.595,130.722
2022-05-09 14:00:00+00:00,usdjpy,130.5365,130.8575,130.4805,130.83
2022-05-09 15:00:00+00:00,usdjpy,130.396,130.5495,130.1155,130.5355
2022-05-09 16:00:00+00:00,usdjpy,130.2965,130.4295,130.1265,130.3955
2022-05-09 17:00:00+00:00,usdjpy,130.3945,130.4385,130.2415,130.296
2022-05-09 18:00:00+00:00,usdjpy,130.3115,130.4065,130.2875,130.395
2022-05-09 19:00:00+00:00,usdjpy,130.2145,130.3395,130.179,130.311
2022-05-09 20:00:00+00:00,usdjpy,130.297,130.3525,130.213,130.214
2022-05-09 21:00:00+00:00,usdjpy,130.366,130.3875,130.348,130.3615
2022-05-09 22:00:00+00:00,usdjpy,130.4745,130.5805,130.351,130.365
2022-05-09 23:00:00+00:00,usdjpy,130.3815,130.4795,130.299,130.476
2022-05-10 00:00:00+00:00,usdjpy,130.0385,130.4295,129.9465,130.3805
2022-05-10 01:00:00+00:00,usdjpy,130.2725,130.2865,129.7965,130.039
2022-05-10 02:00:00+00:00,usdjpy,130.3935,130.474,130.2615,130.272
2022-05-10 03:00:00+00:00,usdjpy,130.2575,130.4105,130.1785,130.3935
2022-05-10 04:00:00+00:00,usdjpy,130.4665,130.502,130.2165,130.257
2022-05-10 05:00:00+00:00,usdjpy,130.354,130.553,130.3425,130.4665
2022-05-10 06:00:00+00:00,usdjpy,130.458,130.5035,130.3085,130.3545
2022-05-10 07:00:00+00:00,usdjpy,130.3565,130.465,130.228,130.4575
2022-05-10 08:00:00+00:00,usdjpy,130.079,130.363,129.9715,130.357
2022-05-10 09:00:00+00:00,usdjpy,130.2175,130.263,130.038,130.0785
2022-05-10 10:00:00+00:00,usdjpy,130.087,130.2205,130.039,130.2185
2022-05-10 11:00:00+00:00,usdjpy,130.076,130.1125,129.8635,130.0865
2022-05-10 12:00:00+00:00,usdjpy,129.976,130.2835,129.9175,130.0765
2022-05-10 13:00:00+00:00,usdjpy,130.093,130.1755,129.944,129.9765
2022-05-10 14:00:00+00:00,usdjpy,130.2215,130.238,130.04,130.0945
2022-05-10 15:00:00+00:00,usdjpy,130.2215,130.46,130.1425,130.2225
2022-05-10 16:00:00+00:00,usdjpy,130.249,130.252,130.0885,130.2225
2022-05-10 17:00:00+00:00,usdjpy,130.3315,130.3965,130.208,130.249
2022-05-10 18:00:00+00:00,usdjpy,130.4155,130.4425,130.2985,130.332
2022-05-10 19:00:00+00:00,usdjpy,130.3745,130.4335,130.3665,130.4165
2022-05-10 20:00:00+00:00,usdjpy,130.446,130.4605,130.3585,130.3745
2022-05-10 21:00:00+00:00,usdjpy,130.4405,130.4555,130.4225,130.444
2022-05-10 22:00:00+00:00,usdjpy,130.3595,130.4455,130.2825,130.441
2022-05-10 23:00:00+00:00,usdjpy,130.3705,130.3895,130.3105,130.36
2022-05-11 00:00:00+00:00,usdjpy,130.346,130.4715,130.2295,130.371
2022-05-11 01:00:00+00:00,usdjpy,130.3905,130.4365,130.3295,130.3465
2022-05-11 02:00:00+00:00,usdjpy,130.3555,130.426,130.3285,130.3895
2022-05-11 03:00:00+00:00,usdjpy,130.3945,130.4025,130.352,130.3555
2022-05-11 04:00:00+00:00,usdjpy,130.3405,130.495,130.3145,130.3945
2022-05-11 05:00:00+00:00,usdjpy,130.3645,130.3895,130.2765,130.3415
2022-05-11 06:00:00+00:00,usdjpy,130.2265,130.3845,130.198,130.3645
2022-05-11 07:00:00+00:00,usdjpy,129.9745,130.2275,129.8945,130.2265
2022-05-11 08:00:00+00:00,usdjpy,129.8635,130.08,129.8105,129.9745
2022-05-11 09:00:00+00:00,usdjpy,129.752,129.873,129.5895,129.864
2022-05-11 10:00:00+00:00,usdjpy,129.8465,129.9045,129.7395,129.7515
2022-05-11 11:00:00+00:00,usdjpy,129.8145,129.8595,129.638,129.846
2022-05-11 12:00:00+00:00,usdjpy,130.7535,130.8055,129.7725,129.8135
2022-05-11 13:00:00+00:00,usdjpy,130.2575,130.816,129.9515,130.756
2022-05-11 14:00:00+00:00,usdjpy,130.2535,130.3145,130.0495,130.2565
2022-05-11 15:00:00+00:00,usdjpy,130.2035,130.3185,130.1475,130.253
2022-05-11 16:00:00+00:00,usdjpy,129.935,130.2325,129.8915,130.203
2022-05-11 17:00:00+00:00,usdjpy,129.5605,129.9345,129.4475,129.9345
2022-05-11 18:00:00+00:00,usdjpy,129.7595,129.9355,129.5235,129.5565
2022-05-11 19:00:00+00:00,usdjpy,129.946,129.9775,129.7465,129.7605
2022-05-11 20:00:00+00:00,usdjpy,129.9785,130.0675,129.925,129.9455
2022-05-11 21:00:00+00:00,usdjpy,129.975,129.984,129.941,129.981
2022-05-11 22:00:00+00:00,usdjpy,129.913,130.0585,129.83,129.9745
2022-05-11 23:00:00+00:00,usdjpy,129.8485,129.9535,129.82,129.914
2022-05-12 00:00:00+00:00,usdjpy,129.7415,129.8515,129.51,129.8495
2022-05-12 01:00:00+00:00,usdjpy,129.8615,129.9025,129.6735,129.7425
2022-05-12 02:00:00+00:00,usdjpy,129.7855,129.9115,129.6945,129.8625
2022-05-12 03:00:00+00:00,usdjpy,129.8295,129.857,129.69,129.786
2022-05-12 04:00:00+00:00,usdjpy,129.7855,129.8525,129.7575,129.83
2022-05-12 05:00:00+00:00,usdjpy,129.6145,129.7995,129.5865,129.7865
2022-05-12 06:00:00+00:00,usdjpy,129.301,129.6625,129.2,129.6145
2022-05-12 07:00:00+00:00,usdjpy,128.841,129.3165,128.588,129.311
2022-05-12 08:00:00+00:00,usdjpy,128.5545,128.8785,128.406,128.84
2022-05-12 09:00:00+00:00,usdjpy,128.733,128.854,128.5045,128.5545
2022-05-12 10:00:00+00:00,usdjpy,128.6875,128.8295,128.636,128.7325
2022-05-12 11:00:00+00:00,usdjpy,128.529,128.726,128.4335,128.688
2022-05-12 12:00:00+00:00,usdjpy,128.1175,128.7435,127.969,128.5285
2022-05-12 13:00:00+00:00,usdjpy,127.953,128.25,127.522,128.117
2022-05-12 14:00:00+00:00,usdjpy,128.1215,128.2545,127.762,127.9535
2022-05-12 15:00:00+00:00,usdjpy,128.1045,128.3435,128.089,128.121
2022-05-12 16:00:00+00:00,usdjpy,128.4055,128.412,128.098,128.104
2022-05-12 17:00:00+00:00,usdjpy,128.3015,128.4045,128.182,128.4045
2022-05-12 18:00:00+00:00,usdjpy,128.1015,128.3685,128.076,128.301
2022-05-12 19:00:00+00:00,usdjpy,128.4455,128.4485,128.1005,128.102
2022-05-12 20:00:00+00:00,usdjpy,128.3345,128.456,128.3015,128.4455
2022-05-12 21:00:00+00:00,usdjpy,128.4385,128.4455,128.3625,128.3645
2022-05-12 22:00:00+00:00,usdjpy,128.4955,128.6005,128.405,128.4375
2022-05-12 23:00:00+00:00,usdjpy,128.606,128.64,128.446,128.496
2022-05-13 00:00:00+00:00,usdjpy,128.8235,128.9275,128.349,128.6065
2022-05-13 01:00:00+00:00,usdjpy,129.073,129.3615,128.7885,128.823
2022-05-13 02:00:00+00:00,usdjpy,128.8285,129.1655,128.819,129.0725
2022-05-13 03:00:00+00:00,usdjpy,129.089,129.154,128.8165,128.8295
2022-05-13 04:00:00+00:00,usdjpy,128.9485,129.136,128.8755,129.0885
2022-05-13 05:00:00+00:00,usdjpy,128.8985,128.9845,128.797,128.9495
2022-05-13 06:00:00+00:00,usdjpy,128.6755,128.9045,128.5875,128.898
2022-05-13 07:00:00+00:00,usdjpy,128.8045,128.9275,128.4955,128.6775
2022-05-13 08:00:00+00:00,usdjpy,128.8075,128.888,128.7085,128.8045
2022-05-13 09:00:00+00:00,usdjpy,128.842,128.979,128.7395,128.8065
2022-05-13 10:00:00+00:00,usdjpy,128.965,129.0005,128.8125,128.8425
2022-05-13 11:00:00+00:00,usdjpy,129.058,129.0985,128.904,128.9645
2022-05-13 12:00:00+00:00,usdjpy,129.017,129.1145,128.868,129.0575
2022-05-13 13:00:00+00:00,usdjpy,129.326,129.393,128.9315,129.017
2022-05-13 14:00:00+00:00,usdjpy,129.3565,129.4555,129.135,129.327
2022-05-13 15:00:00+00:00,usdjpy,129.2345,129.3655,129.1575,129.357
2022-05-13 16:00:00+00:00,usdjpy,129.3725,129.388,129.2225,129.2375
2022-05-13 17:00:00+00:00,usdjpy,129.364,129.432,129.2025,129.3735
2022-05-13 18:00:00+00:00,usdjpy,129.345,129.3765,129.2785,129.364
2022-05-13 19:00:00+00:00,usdjpy,129.3275,129.3615,129.2765,129.3445
2022-05-13 20:00:00+00:00,usdjpy,129.252,129.353,129.2505,129.3265
2022-05-16 00:00:00+00:00,usdjpy,129.486,129.6375,129.3355,129.4095
2022-05-16 01:00:00+00:00,usdjpy,129.103,129.548,129.0005,129.4855
2022-05-16 02:00:00+00:00,usdjpy,128.9885,129.11,128.7015,129.1025
2022-05-16 03:00:00+00:00,usdjpy,128.9085,129.0415,128.7255,128.988
2022-05-16 04:00:00+00:00,usdjpy,129.0195,129.0435,128.865,128.9085
2022-05-16 05:00:00+00:00,usdjpy,128.9935,129.0825,128.8675,129.0195
2022-05-16 06:00:00+00:00,usdjpy,128.887,129.0755,128.8575,128.9925
2022-05-16 07:00:00+00:00,usdjpy,129.3635,129.402,128.7975,128.8875
2022-05-16 08:00:00+00:00,usdjpy,129.3805,129.4715,129.259,129.364
2022-05-16 09:00:00+00:00,usdjpy,129.3285,129.4225,129.297,129.381
2022-05-16 10:00:00+00:00,usdjpy,129.313,129.3985,129.2325,129.3285
2022-05-16 11:00:00+00:00,usdjpy,129.4875,129.4975,129.2765,129.3125
2022-05-16 12:00:00+00:00,usdjpy,129.3005,129.6175,129.1685,129.488
2022-05-16 13:00:00+00:00,usdjpy,129.0915,129.333,128.986,129.2995
2022-05-16 14:00:00+00:00,usdjpy,129.0745,129.1735,129.036,129.092
2022-05-16 15:00:00+00:00,usdjpy,129.1395,129.153,129.0525,129.0755
2022-05-16 16:00:00+00:00,usdjpy,129.0475,129.17,129.0235,129.14
2022-05-16 17:00:00+00:00,usdjpy,129.2705,129.2825,129.042,129.048
2022-05-16 18:00:00+00:00,usdjpy,129.106,129.406,129.0865,129.27
2022-05-16 19:00:00+00:00,usdjpy,129.1105,129.1325,129.0155,129.105
2022-05-16 20:00:00+00:00,usdjpy,129.15,129.15,129.0655,129.111
2022-05-16 21:00:00+00:00,usdjpy,129.077,129.142,129.051,129.1375
2022-05-16 22:00:00+00:00,usdjpy,129.0225,129.095,128.956,129.0785
2022-05-16 23:00:00+00:00,usdjpy,128.951,129.0535,128.864,129.0225
2022-05-17 00:00:00+00:00,usdjpy,129.2075,129.288,128.8345,128.952
2022-05-17 01:00:00+00:00,usdjpy,129.2985,129.356,129.1045,129.2055
2022-05-17 02:00:00+00:00,usdjpy,129.2535,129.3575,129.1695,129.2995
2022-05-17 03:00:00+00:00,usdjpy,129.3415,129.4515,129.244,129.2535
2022-05-17 04:00:00+00:00,usdjpy,129.397,129.436,129.2985,129.3425
2022-05-17 05:00:00+00:00,usdjpy,129.3425,129.4165,129.2955,129.3965
2022-05-17 06:00:00+00:00,usdjpy,129.2655,129.3715,129.2035,129.342
2022-05-17 07:00:00+00:00,usdjpy,129.3935,129.4235,129.2545,129.265
2022-05-17 08:00:00+00:00,usdjpy,129.374,129.56,129.3325,129.3945
2022-05-17 09:00:00+00:00,usdjpy,129.286,129.3775,129.25,129.3735
2022-05-17 10:00:00+00:00,usdjpy,129.337,129.3445,129.2125,129.2855
2022-05-17 11:00:00+00:00,usdjpy,129.3255,129.4055,129.19,129.3355
2022-05-17 12:00:00+00:00,usdjpy,129.581,129.5975,129.281,129.3245
2022-05-17 13:00:00+00:00,usdjpy,129.5955,129.7845,129.4935,129.5815
2022-05-17 14:00:00+00:00,usdjpy,129.2935,129.6625,129.073,129.5945
2022-05-17 15:00:00+00:00,usdjpy,129.3185,129.3635,129.2325,129.294
2022-05-17 16:00:00+00:00,usdjpy,129.3575,129.3855,129.2415,129.3175
2022-05-17 17:00:00+00:00,usdjpy,129.289,129.387,129.2665,129.358
2022-05-17 18:00:00+00:00,usdjpy,129.4185,129.4525,129.187,129.2895
2022-05-17 19:00:00+00:00,usdjpy,129.3825,129.4705,129.3625,129.4185
2022-05-17 20:00:00+00:00,usdjpy,129.3655,129.404,129.344,129.382
2022-05-17 21:00:00+00:00,usdjpy,129.3655,129.3855,129.3645,129.379
2022-05-17 22:00:00+00:00,usdjpy,129.4165,129.4445,129.341,129.366
2022-05-17 23:00:00+00:00,usdjpy,129.426,129.537,129.3875,129.416
2022-05-18 00:00:00+00:00,usdjpy,129.2385,129.4605,129.228,129.425
2022-05-18 01:00:00+00:00,usdjpy,129.2265,129.3445,129.0875,129.2395
2022-05-18 02:00:00+00:00,usdjpy,129.1745,129.2515,129.1035,129.227
2022-05-18 03:00:00+00:00,usdjpy,129.1275,129.1905,129.079,129.174
2022-05-18 04:00:00+00:00,usdjpy,129.097,129.1715,128.9475,129.128
2022-05-18 05:00:00+00:00,usdjpy,129.1445,129.2295,129.076,129.0965
2022-05-18 06:00:00+00:00,usdjpy,129.234,129.2835,129.0235,129.144
2022-05-18 07:00:00+00:00,usdjpy,129.326,129.3435,129.1405,129.2345
2022-05-18 08:00:00+00:00,usdjpy,129.2225,129.3495,129.162,129.3265
2022-05-18 09:00:00+00:00,usdjpy,129.161,129.2445,129.1175,129.222
2022-05-18 10:00:00+00:00,usdjpy,129.1645,129.1895,129.0645,129.1605
2022-05-18 11:00:00+00:00,usdjpy,129.108,129.246,129.093,129.1635
2022-05-18 12:00:00+00:00,usdjpy,128.902,129.1325,128.8665,129.1075
2022-05-18 13:00:00+00:00,usdjpy,128.5765,128.9235,128.5085,128.9015
2022-05-18 14:00:00+00:00,usdjpy,128.4835,128.6905,128.4655,128.5775
2022-05-18 15:00:00+00:00,usdjpy,128.2145,128.499,128.1245,128.4845
2022-05-18 16:00:00+00:00,usdjpy,128.3395,128.352,128.2145,128.2155
2022-05-18 17:00:00+00:00,usdjpy,128.0705,128.3405,128.0125,128.3385
2022-05-18 18:00:00+00:00,usdjpy,128.1025,128.193,128.066,128.071
2022-05-18 19:00:00+00:00,usdjpy,128.254,128.263,128.0825,128.1035
2022-05-18 20:00:00+00:00,usdjpy,128.2285,128.279,128.172,128.252
2022-05-18 21:00:00+00:00,usdjpy,128.308,128.3675,128.217,128.2255
2022-05-18 22:00:00+00:00,usdjpy,128.3,128.4795,128.2875,128.31
2022-05-18 23:00:00+00:00,usdjpy,127.9325,128.3985,127.912,128.2995
2022-05-19 00:00:00+00:00,usdjpy,128.3735,128.4825,127.8985,127.933
2022-05-19 01:00:00+00:00,usdjpy,128.4665,128.6305,128.3745,128.3765
2022-05-19 02:00:00+00:00,usdjpy,128.6935,128.7215,128.4265,128.4665
2022-05-19 03:00:00+00:00,usdjpy,128.7535,128.866,128.6875,128.6945
2022-05-19 04:00:00+00:00,usdjpy,128.8375,128.946,128.7415,128.754
2022-05-19 05:00:00+00:00,usdjpy,128.61,128.8895,128.599,128.8385
2022-05-19 06:00:00+00:00,usdjpy,128.5745,128.683,128.4585,128.6105
2022-05-19 07:00:00+00:00,usdjpy,128.2335,128.6255,127.9825,128.575
2022-05-19 08:00:00+00:00,usdjpy,127.8585,128.235,127.8105,128.2335
2022-05-19 09:00:00+00:00,usdjpy,127.6195,127.9555,127.5845,127.858
2022-05-19 10:00:00+00:00,usdjpy,127.733,127.815,127.578,127.62
2022-05-19 11:00:00+00:00,usdjpy,127.9375,127.9555,127.6165,127.7335
2022-05-19 12:00:00+00:00,usdjpy,127.19,127.9745,127.0885,127.938
2022-05-19 13:00:00+00:00,usdjpy,127.2095,127.4665,127.0255,127.189
2022-05-19 14:00:00+00:00,usdjpy,127.3715,127.4195,127.1655,127.21
2022-05-19 15:00:00+00:00,usdjpy,127.6335,127.7375,127.3455,127.3725
2022-05-19 16:00:00+00:00,usdjpy,127.601,127.7095,127.5115,127.633
2022-05-19 17:00:00+00:00,usdjpy,127.6345,127.7035,127.559,127.6005
2022-05-19 18:00:00+00:00,usdjpy,127.728,127.7335,127.5615,127.635
2022-05-19 19:00:00+00:00,usdjpy,127.716,127.7515,127.6705,127.7285
2022-05-19 20:00:00+00:00,usdjpy,127.795,127.845,127.71,127.7165
2022-05-19 21:00:00+00:00,usdjpy,127.756,127.8385,127.756,127.828
2022-05-19 22:00:00+00:00,usdjpy,127.7425,127.804,127.6765,127.774
2022-05-19 23:00:00+00:00,usdjpy,127.8535,127.955,127.672,127.742
2022-05-20 00:00:00+00:00,usdjpy,127.7745,128.0035,127.669,127.855
2022-05-20 01:00:00+00:00,usdjpy,128.1135,128.1775,127.6945,127.774
2022-05-20 02:00:00+00:00,usdjpy,128.061,128.2155,127.9545,128.1125
2022-05-20 03:00:00+00:00,usdjpy,127.615,128.064,127.5315,128.0615
2022-05-20 04:00:00+00:00,usdjpy,127.7705,127.7875,127.5665,127.6155
2022-05-20 05:00:00+00:00,usdjpy,127.7425,127.8465,127.6445,127.77
2022-05-20 06:00:00+00:00,usdjpy,127.7545,127.968,127.6895,127.7425
2022-05-20 07:00:00+00:00,usdjpy,127.9425,128.1095,127.73,127.7565
2022-05-20 08:00:00+00:00,usdjpy,128.0905,128.1005,127.8725,127.9415
2022-05-20 09:00:00+00:00,usdjpy,128.126,128.2985,128.0525,128.0915
2022-05-20 10:00:00+00:00,usdjpy,128.0285,128.1805,127.9925,128.126
2022-05-20 11:00:00+00:00,usdjpy,128.051,128.089,127.8545,128.028
2022-05-20 12:00:00+00:00,usdjpy,127.7885,128.105,127.733,128.0515
2022-05-20 13:00:00+00:00,usdjpy,127.8475,127.8605,127.785,127.7875
2022-05-20 15:00:00+00:00,usdjpy,127.8665,127.9075,127.8195,127.894
2022-05-20 16:00:00+00:00,usdjpy,127.704,127.8745,127.6145,127.867
2022-05-20 17:00:00+00:00,usdjpy,127.855,127.8925,127.592,127.7045
2022-05-20 18:00:00+00:00,usdjpy,127.7975,127.888,127.7975,127.8555
2022-05-20 19:00:00+00:00,usdjpy,127.858,127.8605,127.7035,127.798
2022-05-20 20:00:00+00:00,usdjpy,127.9205,127.9725,127.815,127.8585
2022-05-22 21:00:00+00:00,usdjpy,127.874,127.9145,127.8295,127.8945
2022-05-22 22:00:00+00:00,usdjpy,127.967,128.0655,127.813,127.8695
2022-05-22 23:00:00+00:00,usdjpy,127.895,127.9645,127.844,127.9635
2022-05-23 00:00:00+00:00,usdjpy,127.7135,127.9575,127.6375,127.8955
2022-05-23 01:00:00+00:00,usdjpy,127.3735,127.7955,127.323,127.7135
2022-05-23 02:00:00+00:00,usdjpy,127.3515,127.414,127.156,127.3725
2022-05-23 03:00:00+00:00,usdjpy,127.378,127.404,127.2035,127.3495
2022-05-23 04:00:00+00:00,usdjpy,127.4305,127.4665,127.3085,127.3785
2022-05-23 05:00:00+00:00,usdjpy,127.793,127.8625,127.426,127.43
2022-05-23 06:00:00+00:00,usdjpy,127.767,127.9345,127.7285,127.7935
2022-05-23 07:00:00+00:00,usdjpy,127.5945,127.7785,127.5035,127.7675
2022-05-23 08:00:00+00:00,usdjpy,127.5605,127.6645,127.4165,127.5945
2022-05-23 09:00:00+00:00,usdjpy,127.5175,127.5875,127.449,127.561
2022-05-23 10:00:00+00:00,usdjpy,127.5355,127.538,127.364,127.518
2022-05-23 11:00:00+00:00,usdjpy,127.6155,127.617,127.4535,127.5355
2022-05-23 12:00:00+00:00,usdjpy,127.8285,127.8875,127.601,127.6155
2022-05-23 13:00:00+00:00,usdjpy,127.5705,127.8455,127.5495,127.828
2022-05-23 14:00:00+00:00,usdjpy,127.662,127.6885,127.479,127.5705
2022-05-23 15:00:00+00:00,usdjpy,127.8105,127.893,127.644,127.6625
2022-05-23 16:00:00+00:00,usdjpy,127.8485,127.945,127.7725,127.811
2022-05-23 17:00:00+00:00,usdjpy,127.8365,127.857,127.7415,127.8495
2022-05-23 18:00:00+00:00,usdjpy,127.8985,127.92,127.798,127.8375
2022-05-23 19:00:00+00:00,usdjpy,127.9,127.9465,127.8285,127.898
2022-05-23 20:00:00+00:00,usdjpy,127.893,127.9365,127.8875,127.9005
2022-05-23 21:00:00+00:00,usdjpy,127.897,127.9145,127.887,127.892
2022-05-23 22:00:00+00:00,usdjpy,127.856,127.898,127.7855,127.898
2022-05-23 23:00:00+00:00,usdjpy,127.8235,127.8655,127.745,127.8565
2022-05-24 00:00:00+00:00,usdjpy,127.804,127.8785,127.6315,127.823
2022-05-24 01:00:00+00:00,usdjpy,127.963,128.0885,127.661,127.8045
2022-05-24 02:00:00+00:00,usdjpy,127.7805,127.9855,127.7525,127.9625
2022-05-24 03:00:00+00:00,usdjpy,127.7855,127.8105,127.672,127.781
2022-05-24 04:00:00+00:00,usdjpy,127.658,127.7855,127.56,127.785
2022-05-24 05:00:00+00:00,usdjpy,127.614,127.6895,127.5355,127.6585
2022-05-24 06:00:00+00:00,usdjpy,127.604,127.747,127.4865,127.6125
2022-05-24 07:00:00+00:00,usdjpy,127.2895,127.639,127.244,127.6045
2022-05-24 08:00:00+00:00,usdjpy,127.4345,127.4765,127.189,127.289
2022-05-24 09:00:00+00:00,usdjpy,127.3575,127.449,127.0835,127.434
2022-05-24 10:00:00+00:00,usdjpy,127.4585,127.5275,127.3305,127.357
2022-05-24 11:00:00+00:00,usdjpy,127.3935,127.526,127.3395,127.4575
2022-05-24 12:00:00+00:00,usdjpy,127.2355,127.4845,127.1985,127.3915
2022-05-24 13:00:00+00:00,usdjpy,126.7005,127.2775,126.4845,127.235
2022-05-24 14:00:00+00:00,usdjpy,126.5175,126.7075,126.3625,126.701
2022-05-24 15:00:00+00:00,usdjpy,126.5615,126.6965,126.4825,126.518
2022-05-24 16:00:00+00:00,usdjpy,126.5675,126.6675,126.4845,126.561
2022-05-24 17:00:00+00:00,usdjpy,126.7625,126.7745,126.5235,126.568
2022-05-24 18:00:00+00:00,usdjpy,126.8135,126.8775,126.707,126.7625
2022-05-24 19:00:00+00:00,usdjpy,126.8815,126.893,126.7715,126.8125
2022-05-24 20:00:00+00:00,usdjpy,126.823,126.899,126.8035,126.8815
2022-05-24 21:00:00+00:00,usdjpy,126.85,126.876,126.8365,126.839
2022-05-24 22:00:00+00:00,usdjpy,126.8155,126.894,126.784,126.851
2022-05-24 23:00:00+00:00,usdjpy,126.741,126.9235,126.7205,126.815
